side,price,size,timestamp,outcome,tx_hash
BUY,0.001,700,1730813609,Yes,0x953852f04a53107e892ec27b99f6325360f666166dfadc77290e0ef6750131c4
BUY,0.001,1000,1730813447,Yes,0x482ddc013d851866dec315f4cedcc21915cb165ee91a6d83e1979175f917a725
BUY,0.001,22,1730813231,Yes,0xd276b8e63eed7d12f539f459d94de26008d049a7b82a2dd3e2d064c6224237e1
BUY,0.001,1000,1730813097,Yes,0x5c25b27ad4145f43d0ab67911b188c28d7bbbafb3f5341ff514853db46a65afd
BUY,0.001,1110,1730813011,Yes,0x655a49d42d559d71f03750116664d5c20ee47f4ae297e82686c95a1da4465ee8
BUY,0.001,1000,1730807224,Yes,0xd909b3662bb8894b1d6ae9d419f1daca870306616fe4ab256f4b5f512064edf7
BUY,0.001,1100,1730805130,Yes,0x18ff42e028fa4ec8bbe8235bd37a81d599673a0ca99dacb92800fb8c860f0c4b
SELL,0.999,15.03,1730803027,No,0xd5066aa1bee885179839ee60a1bf8c45940c6314ce6875534d2c7cf7dc9b8af8
BUY,0.001,5,1730796264,Yes,0x02cbf9d90a9c94cf3b30791f39858fc8d0f924663393ec6bb4480800f7f8cdbe
BUY,0.001,5,1730786498,Yes,0x86bdcb0ae82f65d5401f166767af0c3dfff2baf51ed9af5718790b6c8ab12841
SELL,0.001,115014.92,1730769972,Yes,0x61e0d53e9c88152973f544b7bc5d7366c191ce4745c9ccb44ffb6a2fb7ef2d12
BUY,0.001,657615.7,1730769874,Yes,0xe2f81ecb0c0ae3833c99270255022c60c5d448886a07289536fefb17deffaad5
BUY,0.001,110,1730761158,Yes,0xecc7ad0724c661adc67b8f27b921203fd00186c36f07c779b3a0ebd5b001fab0
SELL,0.999,1.5,1730732904,No,0x7757305ff8d42fb492d65a6141a2b1897c2c3dccd4708ebe81d34327a2f0d077
SELL,0.999,0.5,1730732084,No,0x4e72c8034da18f59d8d6985f80f56fc2311b2679a2b6a530e1801832e0a27c71
SELL,0.999,0.5,1730731796,No,0xd3b07b766c15c5e17298ce90c85a83db81babe65943a3707a448ef03f0a13438
SELL,0.999,1,1730731534,No,0xc572dc96243d8bac8f24dead4081a60a0fe8b0c5fa03417795b43b4151d39bb8
SELL,0.999,0.5,1730731270,No,0x5785e16371d49957bba04cbaca7a5892e003690cd99059c7f3ceb1bb912b71c5
SELL,0.999,1,1730728732,No,0x547ee59910a2f2140049c148fd120607f17df1d61de0e2535072c945c81ae568
SELL,0.999,1,1730728598,No,0x30526c6fde41186758524f056d53de54070201c838b4f63b370242006d87fc59
SELL,0.999,2,1730728248,No,0x3123423a34aa724ddfc807abc65c31cdd2e2e148d7cd01851238374b7b30b699
SELL,0.999,1,1730728136,No,0x5c871538d208c154cc4b64529721390edeacfc7edc9e938236b3b63709c138e6
SELL,0.999,3,1730727612,No,0xb7bffc735643046f7452cfa9d79eddbf91ae8d50bf7c8f82926504e6807237f1
SELL,0.999,1.5,1730727392,No,0xd5e97520ed93067b215d63fd0c1e64cb9b3c1c0ae18e3fa438e98d509008c631
SELL,0.999,1,1730727280,No,0xb6da455533bdf95d02af8325192e74796415b8cd4132b7e66eb4121396618b5a
SELL,0.999,2,1730727052,No,0xf43af5fb53409b30ce35077335524dd1bca2154d85796d618996bbec9f80bafc
SELL,0.999,3,1730726942,No,0xaf2b04c031b9c4721435281bba01df10e9758498bb95515d874fc54a2480c990
SELL,0.999,3,1730726826,No,0x5d3d801519aaa2240cc56ea01797deeb3cf04c8a4d557a57743970ffb30d5dbd
SELL,0.999,2,1730726740,No,0x1464528be0ab743b1e311b1d4058af65ffb5bb2fc4d3ed12a69f0512e2276bc3
SELL,0.999,2,1730726640,No,0x5f1ce1ee4ba5ea55b11ba90334dcf5bcab0fc096c58b459983b445cf4e8fbc29
SELL,0.999,1,1730726522,No,0xb0af68554a36cfdfd0b68d09d2ffb035a793a9f1818434a90261fbaeb5d0d078
SELL,0.999,2,1730726408,No,0xea1575b006ab359996cf854a0e8891048f4967a07ab3de49faabeed841482e98
SELL,0.999,1,1730726190,No,0xc8fc2f547dd190ec78abd2760feca4673664cde3c0789fcc4f55ad2ba6d12293
SELL,0.999,3,1730726058,No,0x3e5ab49abc49acfa04bacef02f2c4e6f49571105c256fb08830740262872d79d
SELL,0.999,2,1730725842,No,0x1a1249c1c650913296e03c6d5074d723f748d3910f42875e70291d28273e725b
SELL,0.999,3,1730725724,No,0x127a2afdc48b645c022df8cf1d04205c7322207aa6770bf9babbb9cd7b519721
SELL,0.999,2,1730725536,No,0x5193ecfd6ce230e5cefb224121e5284482a40fc27ac846129c00faf471c544ba
SELL,0.999,2,1730725380,No,0x807a836b858a970ebf06b0195d5cd07d71d4849ff51937630d3980f2091cd988
SELL,0.999,2,1730725128,No,0xe30a2a4446b0ae6f2bc19745fc902cc253bb95cef783e82898a240b3af741a6d
SELL,0.999,2,1730724816,No,0x73c0970bafa95ecaf613189cfa3986f261bcc4a9e374456b7d096c4397b7c0d9
SELL,0.999,2,1730724734,No,0xd38b8e153d868f5881bbb82bea880686343c01136f4038032d1b61594e8fdbfc
SELL,0.999,1,1730724200,No,0xfba348e2c337858f2bbb0bff81b221cd7ab653709759c1d79e33f79fcc9ef8aa
SELL,0.999,2,1730722950,No,0xbd440d36e271929777140f1b3d20d52f2a08dbc497ff35fd252b1f9323d1f2ff
SELL,0.999,3,1730722016,No,0xb9ac4240fb769b87c382da260b59539d629837d51ca6be33aae0220398d7bdcf
SELL,0.999,1,1730721644,No,0x6b12a81489220907e66ac31095fc9ed54e2e682b994fa0be7bd303a6eb457270
SELL,0.999,5,1730721374,No,0x6aad69be5fe9e6f7358a1dfaf57d6d0bfd018fb5709cbc683d163b1c636fe458
SELL,0.999,2,1730720788,No,0x7d83c3999dae2726a21cfb485d34fcf8d41ff7ef6a86caf4ee93ceb304545588
SELL,0.999,3,1730719515,No,0xc5e7c84c761562af29e9265fc004caf096bc2e04790a46d8d6ac7def9066b191
BUY,0.001,120,1730717337,Yes,0xd064a5373b1e6efa6d401366b58bd391a66aeaa4109e37fd2c40eb9f7934470c
BUY,0.001,5,1730711717,Yes,0x828d4dea17e43ddd48583bbb6b2070856590bbb7da66d73cf49794c4401455e9
BUY,0.001,930,1730680655,Yes,0x16a9de1669734de25af917fc9740c35d6dc8dd5c9e6d0daff7b7c3a4c61c458e
BUY,0.001,220,1730667477,Yes,0x2d411db92b4a08bf338af721a79ac471bdb612ad53f4635e6cf8803aee5845e5
SELL,0.999,0.4,1730633673,No,0xa0b47de70492c9fb7f265ed39e618f69544fca3fc432bfc86ccbd90bae5c2684
SELL,0.999,2,1730632492,No,0xaf525e87437b2565774a647cef80545d7724288673b7060497e31e0e6434d318
SELL,0.999,1,1730631296,No,0x8c1279e38aa665487b2d56d47b6b9b7bfa860df945eca317a57cd5b026a697fc
SELL,0.999,1,1730631162,No,0x2982c7b75c4214c2ff7688e828a8e70b138e3d8718e0bf13600bde085ebd8130
SELL,0.999,2,1730630904,No,0xe2cf164d5976abafe590a71f6a0632fd9c5c12edea6b3115f306b4413e7c1d15
SELL,0.999,1,1730630444,No,0xbe4ae3f7134059aaeeb7fee0f169c54a371a7c6de3f6ab9c9a33b19f2d075e9d
SELL,0.999,1.5,1730630252,No,0xf63ee57f0728ddfb4f960a78f97e99d507aabb76ed65c919b6879d78939a8b2a
SELL,0.999,2,1730630028,No,0xe77c87011bb97ec774a8f7bcec0a8791c646745d58e5cd447197c927d99bf5b7
SELL,0.999,2,1730629886,No,0x88b2ab90f08f64f3a73ffab8f31e585f6fe521868b437bdc3f0de21c6817b1d9
SELL,0.999,3,1730629578,No,0xd1256d9b2114ec4d5a9fa30fb937c263d3498f459ddb6e75b7e5d855e0328508
SELL,0.999,2,1730629072,No,0x166dfbe0a3ff8d3f013c30e5aae5290a9e08baf44e6460eeffd1e2f40e9bb0a2
SELL,0.999,2,1730628944,No,0x71489482052c52bfd9e40fb4d1ea530cf6f78e87e8d9ad015d5b07fd1cd502d0
SELL,0.999,5,1730628660,No,0x5484b658bbb44ab9d011519ec44bd4c222746ebab3cf1d585ed74dd7fea40152
SELL,0.999,3,1730628548,No,0xfc3807901eff2a440c36e84dd4c0feccbfe4cbc7a5ce8278d8e92ddca4696fe6
SELL,0.999,5,1730628378,No,0xb35cca0a0f348c138bbba3d646959da9654541368cca23d5d0d1dd1ca3ad1838
SELL,0.999,3,1730628266,No,0xaf6c5b05a6686cb7f48b8c2c1d5e1d7f110e2b8c0d4f38fc3eb7a76bbc143297
SELL,0.999,3,1730627972,No,0xf2575754b125060aabc421a7e6a227dca11fde672143cff650c00932c3e16bcd
SELL,0.999,3,1730627490,No,0x15e6e893a1caf4341a952828985404cc0210e70ad790077f5b62dc0a93f2195a
SELL,0.999,2,1730627342,No,0x03d87a66796d79a0c21fa7e1c97a74c070e55e66dbc559be86da3bc6fa62fc9e
SELL,0.999,3,1730627070,No,0x6397f94ac050493d276b6319c22938024102c9ed905ae391923c84eeeb787ac5
SELL,0.999,2,1730626800,No,0x47ea3eb7738b6040ffea79f03a6944c82d94cde959bbe7e9a241d91be450b3a6
SELL,0.999,3,1730626392,No,0xb2127d44b5427837167cd79d25c400c6ff553eac8cdaa2dc6455bab20c80fcae
SELL,0.999,1,1730625352,No,0x649e5a1434725f0c61f81d665cb68332f81bebef5b25e5e612aec7ce9f4a618b
SELL,0.999,0.4,1730625098,No,0xe427dd9000049d190da802bb98dcbe70614cf84e984666ba32a9fe02161ee3b3
SELL,0.999,1,1730624848,No,0x547ad515e252b6bd1174940242ba1e1a5a8a75237e1607f98c74eed38789ec45
SELL,0.999,1,1730624722,No,0x136858570d8de5337a611901df4a3dc9a4d4496b3e2c2b6e264ad99dc3300d90
SELL,0.999,4,1730624219,No,0x2a1af4fd33041221c28d281aa55a80d4e5f80eb33332989f3068367813f09390
SELL,0.999,1,1730623919,No,0x13b6596204e3c4b5b1285986a834245272c29cab0b70a354e76b9b8447a4e072
BUY,0.001,5000,1730620349,Yes,0x8db3eeb098ad29802d32105e50b012dc1e4f87fdb319d5c1ed7b326c24ee6661
BUY,0.001,1230,1730563382,Yes,0x6f2df884b1474e7ea2c283a4f65886cfad80b8251c556fee538837425b790c5f
SELL,0.999,2,1730562300,No,0xc0cb73d7470bdfd7a565dd01ac14580a64fc138235266f6a492c10fcc15cadca
BUY,0.001,1000,1730551988,Yes,0x505b6284611fa9945300ff2d95499e3b25aa31b4cd5349cbee3327b7f5f8b351
BUY,0.001,5,1730478072,Yes,0x047eb0e90e9cfdaa3c4f402ce9502682da10294311cef689a40ef54f3f28bd1a
BUY,0.001,5,1730418834,Yes,0x211bccfea5c6c1880e832994d3ff8f43669a52b46c05bf0a56fa62040992f7c8
BUY,0.001,1160,1730417988,Yes,0x8bb477a3537631a38171492f4b0dd190806ccafeb73e7794f19c3262eb1693a2
BUY,0.001,1000,1730396420,Yes,0x221751da8410a50019dfa99b7a6819a89db8644ef07042a713683bff10bfb441
BUY,0.001,1000,1730396420,Yes,0x8e495374985e1b780ae7fb49fb4f2592462f5a776bedf734a4b7eb8e8b4e1c61
BUY,0.001,1000,1730395392,Yes,0x38ecd2788812b86e9d68079d040580f213f547f8a6cc53e8a7dde12ec374a6ee
BUY,0.001,5,1730395178,Yes,0x217a36d3dc3e71c4986cb47d3ddd085e479b1aa8dbf454e4b9e31875536b83a1
BUY,0.001,10,1730394811,Yes,0x6cebe453ee92a6303621b03df848fcbb8f9b7da36c773f2e1dbc23498c687c8c
BUY,0.001,230,1730394431,Yes,0x64f0f5ccb5b9405136ad101a2bb335a8cb2aa44317b70e5d610fda21de0b95b1
BUY,0.001,20,1730390550,Yes,0x6f92ddfcd3a72a7bba627bbf6832f9d4d06f36ed7cdd41e809be841df95a59bf
BUY,0.001,1030,1730382868,Yes,0xc7ffa85feecda5b2b462fcd82d51f3c0f13a6866d6851144fef76e5e533786be
BUY,0.001,20,1730379450,Yes,0x30672111aaf13b7174f2bcb6808cd9cb11bd5ea436a037b6ced731f17c2dc63c
BUY,0.001,1000,1730379050,Yes,0x0a71e97a59e4f1191bcfe3867af5ac878651c3c5561146876ca46bbc5309bb86
BUY,0.001,1000,1730361760,Yes,0x69a34ee7365dab42a8a5f8a1c24a98f54de2fbdeb1cfa7a9452c4fb8aab422d6
BUY,0.001,5,1730359470,Yes,0xf0039dd0668cbd2181e74a70e8d8c6bede96f03e863800276d6a5993e98fb2ef
BUY,0.001,661573.74,1730347158,Yes,0x52812290582f457fc7ca6275b25061186acc2be6983322fae596536faa142e2b
BUY,0.001,661573.74,1730347142,Yes,0x372505c105eb9578e07c00c9c5a0d07e3c1b4593eee35261e64ac9403d9d34d5
BUY,0.001,661573.74,1730347128,Yes,0xca7e6bc6c357c8075f1ed743c490cd32c4fbe07a47a6ff20022dccec1421e507
BUY,0.001,661573.74,1730347108,Yes,0x19d76f98e815f6b272c0f6c5925a48d386b6c7913b6916c7581f173f360d30a2
BUY,0.001,661573.74,1730347094,Yes,0x303c25064a15c70e7fee0645e74455462cc3a4b5538afc2b78d7fe7dc2b249da
BUY,0.001,661573.74,1730347078,Yes,0xf2e6ad1fac1eb23b27dfc079fb4886c98ecc4f014e8ee367f11d595a038bf818
BUY,0.001,661573.74,1730347066,Yes,0x8c441244749a3a069f85af9bfc1927fe6e325c02cdf4820296ec591bbcba7af6
BUY,0.001,661573.74,1730347050,Yes,0x7217e9ec85a762498c830bae314fed7138dd5816fe4d0451e6362d3f37a05e28
BUY,0.001,661573.74,1730347038,Yes,0x3ca42d27a40913303eb3e73227fa70b71eba08f8fe39cbeca206d12aacb56a48
BUY,0.001,661573.74,1730347020,Yes,0x08bb6045edfae4c6c882d33451777f1250da6ced481711f524318da65f95a15a
BUY,0.001,661573.74,1730347006,Yes,0x688f3634d0596ea574e43dd480b9bda5fb4ce7e01dcc204eb6e37abba530b2d0
BUY,0.001,661573.74,1730346986,Yes,0x43eaf29e0ec894d0138b033a18f81fd9a7d196bf3ce1f26988ba13013e20a6cb
BUY,0.001,661573.74,1730346970,Yes,0x72bf8510eb25616380c5c5bbf51f3e485b664cba5ffe5ef51bb9968cc540062f
BUY,0.001,661573.74,1730346952,Yes,0x9c699839a1b02372fd95f0ac591e20e7e3b54346fde02921d9f6bcc001052877
BUY,0.001,661573.74,1730346938,Yes,0xf2bbc7e2267d7c7257f6dd026052cc75d4818c1bf42cc95148a0add640afa5da
BUY,0.001,661573.74,1730346920,Yes,0xf70e794f8c48a8e8555ae323408149eb826e1e6bf6ba2582665344a273199959
BUY,0.001,661573.74,1730346906,Yes,0x17cb18549ce14db035dd9488797038cfa9a3fa79a51d52ce098b9c082ea31276
BUY,0.001,661573.74,1730346888,Yes,0x6c266d5c01b2fb633585bd1ee9d71c8f3a3a252e210f7f9824cc235c23a2e990
BUY,0.001,661573.74,1730346872,Yes,0x20a599c2e26b737e58d29b8509655db193c69a7c385060a33da4fb52452a0769
BUY,0.001,661573.74,1730346856,Yes,0x43b8ee63d6121ecb5fdecb56e8c13f59820da88ae735371467af447947bb83f0
BUY,0.001,661573.74,1730346842,Yes,0x9e46021e0da08bc3610cd05e529884c5484e484f7a8ce3ecd1a75b0016a63a62
BUY,0.001,661573.74,1730346830,Yes,0xa5856646265f0cbeeb83a258fd6a270ba03f7f053699d3f50296bf667760a4da
BUY,0.001,661573.74,1730346816,Yes,0xc9fcf4e4b8408bf5c9844680fa5f94079e76ca2d99b01a8dffef8a45ecaa498a
BUY,0.001,661573.74,1730346802,Yes,0x644aa29671029bd84862842bfa997a364c7343741235c01de2b4890938a3ee78
BUY,0.001,661573.74,1730346784,Yes,0xfdfaef87cc4092afc4dec296ed03d01e142d750b27d5315cacdf82fd69947373
BUY,0.001,661573.74,1730346772,Yes,0x9ed0ec44113187f7232eb9c779ad1228bf10c3a0ef61afc398c2238b2234dc5c
BUY,0.001,661573.74,1730346758,Yes,0x9f4353a622372b250ac4b40fe607fde6ddb68337d0cef5abb15c04001f9e1e59
BUY,0.001,661573.74,1730346742,Yes,0x46bfe65595d6ef74b6e5a336cdd209feb0bff2625089e691976e92ebf43bcfc7
BUY,0.001,661573.74,1730346728,Yes,0x3abddf146e7b0ff93ed67a20feaada2563ebb758e0a21c0e40e2b82c68596704
BUY,0.001,661573.74,1730346716,Yes,0x52e0dd5d6d7b42a088fca8ce2f62bc0f77598b4293147d570a7c9e6e68259569
SELL,0.001,661573.74,1730346700,Yes,0x900dc7faa0cfab146bfa9526b5670146e15ec2f86cf9207614283bd47fd10659
BUY,0.001,661573.74,1730346664,Yes,0x4ad8ea5875e925139f19048360b030ab22e4f211545f9f69f732a24186c32187
BUY,0.001,661573.74,1730346652,Yes,0xe2e0af9a4094dc1dbe19b7fa2a415549897390fbae410c2dfd1f92ab5f009412
BUY,0.001,661573.74,1730346638,Yes,0x38c2dcc70b7c3fa402e4033b12d02acdde4aa701fe49d2636329d19e962b3a74
BUY,0.001,661573.74,1730346626,Yes,0x95ae2d527dfa1eed1d98068154cf715cafbcb470b69c7dcc2377f8c90c8dbdd5
BUY,0.001,661573.74,1730346606,Yes,0x16c2aa173bf26f27ec263b6d21ec4e41b684d3e6c90ac40bcec235b626972ec9
BUY,0.001,661573.74,1730346590,Yes,0xb3acea1100789979e2f24486e01b721ad945dd6b2f396a40e43a6e207952801c
BUY,0.001,661573.74,1730346578,Yes,0xf5a00c0f6126a1ae095665aa059eeb12c53738a32eb3027674f028a05fe74286
BUY,0.001,661573.74,1730346564,Yes,0x433a7e4106214e4fababdb54fa5a882baffc40cbdf48f1539466357e750e5a07
BUY,0.001,661573.74,1730346550,Yes,0xe5eb7b584dfb3cd94b5be0a133ede0c36b19dc844738bf2bb581c203a470764c
BUY,0.001,661573.74,1730346536,Yes,0x17ce07a06278143bd07e369686d7eb9b129bed27ba89dce838ca66e78911d120
BUY,0.001,661573.74,1730346520,Yes,0xf6856557621d7bc23106f8901acbd8718db497cd079d391c0369e3882f9475ac
BUY,0.001,661573.74,1730346498,Yes,0x5d0b0cdcf247f421f9dc0ac25a7ee6ad2862ced7bd387290bd5cec2aa8dac97b
BUY,0.001,661573.74,1730346442,Yes,0x5af01a8c6e4f76eb58043d901975cac2f36e16cd2ea4421de8dd973f54698caf
BUY,0.001,661573.74,1730346422,Yes,0x3d585dadeaca528e3a08f2dd6eac21d36cfaef13a04ab657a2658f4f0a110478
BUY,0.001,661573.74,1730346406,Yes,0x35d5c33d30306819e5635e203c3c4f3ff6fcf291c2fa319b2c74a8ffc39a509f
BUY,0.001,661573.74,1730346394,Yes,0x83134f56b0cccecfb076a86b48d6ec2a74ec25b467d976c7cae3fe4b161713cc
BUY,0.001,661573.74,1730346372,Yes,0x349e1321fa16a5526c4f5a073a347f34590bbc9f20c7f300d9ceae470e536bc5
BUY,0.001,661573.74,1730346358,Yes,0x45b0e65e3325c324d0ecb2bd9e7425630a990befd3b887e7adb154dfed7fbc89
BUY,0.001,661573.74,1730346340,Yes,0x6e0692dd3d6d2d4c50048121b5a1d87d47b86075b25e2407c6311fcc36a3a376
BUY,0.001,661573.74,1730346326,Yes,0xc4c10d6289384b0940bfbd5690f76f0b62421ef20dd01c39a548906dcd29ec7a
BUY,0.001,661573.74,1730346312,Yes,0x89a32639f4438e1a67406d23f188f966af431f0bb504bba8618b52cf562bf6a8
SELL,0.001,661573.74,1730346290,Yes,0x2e731aec616de93b292305c555426b1294b28c7a446b5a8310a3befad5f02805
BUY,0.001,661573.74,1730346270,Yes,0xcaab1201c652d722bbe51147ace5db125590a88d44251bbcd901fd486bf60341
BUY,0.001,661573.74,1730346258,Yes,0x11f1c6e949c4311b80f11c4e069f790c7758ac28a226f34073d835cae270aa42
BUY,0.001,661573.74,1730346218,Yes,0x3eac00dc76cfd8329a6ec53f70289cf84d681138684f47423b70e99a5f32e664
BUY,0.001,661573.74,1730346184,Yes,0x214b0b4090582a6f5e1f81c2355e0220ef7441e881d5b00598383fd6f9cd230b
BUY,0.001,661573.74,1730346168,Yes,0x26ad1af5e26e5839a8d2a3e352786b53e4b4098599676101825761a17a983ae2
BUY,0.001,661573.74,1730346144,Yes,0xeda0c24bbf045a013434a5bfcde53111a5b074347003718ea4984cd42a8de3d8
BUY,0.001,661573.74,1730346124,Yes,0xdbf7790ef437e82766a3385a8cdef511887b2f6ee2ac6614def6744994884591
BUY,0.001,661573.74,1730346104,Yes,0xff312fd650981d738e7d8671a3a6c512d25326d864f1122b36a57c8e04eeb718
BUY,0.001,661573.74,1730346088,Yes,0x1977d89ee5db976e2bf89d677485f6d75a3454af4896fb0d55babbf4a7516cc8
BUY,0.001,661573.74,1730346068,Yes,0xf5911c37f77093644c6de45c2f2d613158af89bc9e0b44f6cc35d0da6897ed0c
BUY,0.001,661573.74,1730346048,Yes,0xf6540416074ab8941bc6ea335bf1d4766f8f825dcc4c9c87ceffb3f811ef8d3c
BUY,0.001,661573.74,1730346034,Yes,0x94cde0dbd4a90d761b50ae2010dd954c039d0f95bcfd8683049cf0deb03da8ea
BUY,0.001,661573.74,1730346016,Yes,0xaeb6957d9cfc76993797e8712c9546293519109e3f8407c2ffbc0b62c9f72a44
BUY,0.001,661573.74,1730346002,Yes,0x39c749763fca4cfd01d027c3acef85d72df9c2b2b85e094496aeaf3fa49c8909
BUY,0.001,661573.74,1730345852,Yes,0x5c4a43eb660ec01a83b208bc84121d63cb2ff09915e809992c267158ae4829f0
BUY,0.001,661573.74,1730345808,Yes,0x5b35c291e1b48bf4175a0ee5453cdbcb1e82b2c4bec84a0a588fd7ee678ff7ac
BUY,0.001,661573.74,1730345788,Yes,0x960cabcd2fba63109adf142b20ba3279f7709dc9270a0aa02a4dc1dba26939ac
SELL,0.001,661573.74,1730345770,Yes,0xba694ba1c3dca04d26acc1f414223a80b80fcfa08170b6256bd166e7913fb0b0
BUY,0.001,661573.74,1730345750,Yes,0x6169e068aadca2a98a5dd7b4d6bf9c3de580bcb4aa59c269f812853b51974778
BUY,0.001,661573.74,1730345730,Yes,0x6eb5fc332d7bed7bd2bf9a89b3b067208c29ebc0982fbc21d54697332dba8771
BUY,0.001,661573.74,1730345710,Yes,0x2a3309a659d9e965154b6dd8fb40d449d3a8cb926c673ea95681617709651bd6
BUY,0.001,661573.74,1730345692,Yes,0x2fe864e6fe820f453de0f5a79b815fabd197f3fc2027f1aa14a16e13c78142e4
BUY,0.001,661573.74,1730345620,Yes,0x89207f7b31882a35f98a4d7d085cf5a0b2cb4622de6662538462764cd29ad0d4
BUY,0.001,661573.74,1730345552,Yes,0xc529f6b236b290363e87945c707ca6618a77bfd5b75e7c0d224e5b4caa97c6ba
BUY,0.001,661573.74,1730345534,Yes,0x5af076ccde0cc27b9f1cc55a73092ffa5e15924dde13e6d0379e25888d2588f3
BUY,0.001,661573.74,1730345522,Yes,0xec023fc50007203a99290b08a6cd74ec72ca66534be290e4d5414dedc4cc6da1
BUY,0.001,661573.74,1730345508,Yes,0x562bc24321cfa286134a49fb4f5fe4241a77e048769cbdc3fdb5950c98decea1
BUY,0.001,661573.74,1730345488,Yes,0x2ffdcdbdb2e93e2429fe442959c8ea8a3339cf58a5f2b6b4f88b1cb635246301
BUY,0.001,661573.74,1730345470,Yes,0x3744e5893c5b2f38eb0baa937074388862d0fe250e28637f2362747bad9fabbd
BUY,0.001,661573.74,1730345458,Yes,0x375642dbe747815fa6c7fcd0011203fa02b7b780aa2d970ca46ddc397fa6e58f
BUY,0.001,661573.74,1730345440,Yes,0xa5fcf944d2396b0cef27ba788000309a201a1a8988a50aa2fadd59d6500ec585
BUY,0.001,661573.74,1730345424,Yes,0x3b6b204568dccc6bb271d6f8729ae10444947c992602851258980fe0e21e2cf1
BUY,0.001,661573.74,1730345406,Yes,0xe3c33a12217e25b60b60100c845e3dd9b439d068713c192b3114be1518c6e6cf
BUY,0.001,661573.74,1730345386,Yes,0x43a0cf266dc343209aedd767935fff54a35b85ada900c874205dc305e345ccf4
BUY,0.001,661573.74,1730345372,Yes,0xcfd779e33259266f6dab507b1029890e7f7b0a64c7badf15cd97b32f4678fbb8
BUY,0.001,661573.74,1730345356,Yes,0x938228e80e240c81f217eb869d72c68fd3a17cf0da4ab008645ed0b214e08acd
BUY,0.001,661573.74,1730345332,Yes,0x4d51fb0602f565f422e5ac8b39dee475dc2706c47a8848cc2d7c9916a89c2c5f
BUY,0.001,661573.74,1730345306,Yes,0x4fdbb3701187a3a61922d67107062ca1806f9097bea1839f9ff27253e696b1ab
BUY,0.001,661573.74,1730345290,Yes,0x551fd5db2a2a363ac45e72a0cf159844fc9fb55a780911657e0c209a1408bb3f
BUY,0.001,661573.74,1730345274,Yes,0x6f9d47b0248f241cac846defed13311f70d98c5624a9e0774a33b10fd2f7d856
BUY,0.001,661573.74,1730345172,Yes,0x65386e50994f604f97ae6cfdfe92ef1caf16f53500feb6a5cf78a097b3f7ca21
BUY,0.001,661573.74,1730345110,Yes,0x3490b9ac3c1f9dc2455a7e44718f102df137738a90fc2ee6e56477e1bb66309f
BUY,0.001,661573.74,1730345084,Yes,0xa112467744c6378c5f704f9a5ca39c4fd7055752ca8544272b8b7130fce7795d
BUY,0.001,661573.74,1730345066,Yes,0xa46e3d7baf9e16163950008f6f645b50432a6901c365503b5053764ebc634be6
BUY,0.001,661573.74,1730345050,Yes,0x5af27d7c303adfdcff83be02abb6dccd29e02951874efbeb60c24bad42863e34
BUY,0.001,661573.74,1730345034,Yes,0x36a760ae0da92d203e6ba98ea1e94f971734b6cf83bbf5c20fe8050b0edf9217
BUY,0.001,661573.74,1730345020,Yes,0xc1dae984d50024a681f037a92233600d3f14592af73da858c53ab9f12c269746
BUY,0.001,661573.74,1730345006,Yes,0x7e424aa81b6ce5830a3bd870f5589a8af96126a87c2e0be38a19dbbd20779bdd
BUY,0.001,661573.74,1730344978,Yes,0x694f70a26acab345da8160360513fda7eb2a7ad99fe85ead8746448d7501685e
BUY,0.001,661573.74,1730344962,Yes,0xd31c9f1e517aeef4e0cbe85f192fbf998fe66b16837e66cab9aec4f595f2ab89
BUY,0.001,661573.74,1730344946,Yes,0x5966b6bdfe5372d81b5d4738a776f155040878fffd678c1879d5dac1b9966ded
BUY,0.001,661573.74,1730344932,Yes,0x2b64d312c08e107704590f162a53a654d856ee4c581c896cc1c7555f5e06f9a1
BUY,0.001,661573.74,1730344906,Yes,0xf2611022ee35a674083ef3dee93b971a07c4a78710bd1a6f470a19a213a05616
BUY,0.001,661573.74,1730344892,Yes,0x3a881f63722b1019ecf8ce79cc6e682246ba29a6436c56334f31627c21815d19
BUY,0.001,661573.74,1730344872,Yes,0x3be8cfe49075d99369a6840fb980682f00b290d63314476f9d40bc38b91ae5c5
BUY,0.001,661573.74,1730344853,Yes,0x866b910817fd139ebb3df15188af2d9939a417c8bdfdff5d5453336a46c4ed2d
BUY,0.001,661573.74,1730344825,Yes,0xc024e8590ad75567b3e58ec303fbfc349cd2046ec0a65e6d61d365ad6d230105
BUY,0.001,661573.74,1730344809,Yes,0x6a3ebf94236d73aed078a9d07946de9f47f38284c194085bb66b91bd83ab93e8
BUY,0.001,661573.74,1730344793,Yes,0x90f91198fb4b5479f97bda63eaf3c0fbeb33ec2a6a6bafb7a47ea609b45cccc6
BUY,0.001,661573.74,1730344771,Yes,0x20b8da730cbeb66938c226d990681c91a219457e6aa0d6bcfe3ea507d6680755
BUY,0.001,661573.74,1730344759,Yes,0x97d17029a8be98768c8f9abaeeff75d38b9ec8f681db781eeedde042ccaa726b
BUY,0.001,661573.74,1730344745,Yes,0xb72ac77cdc017dcb4f482fc4704fb88344395fcb9c06a7d1eb7d2f412cf1a51e
BUY,0.001,661573.74,1730344731,Yes,0x33288b69c341bb459a37e6c009b003ebcafc318aa65b16aefa3c9064c278fdc1
BUY,0.001,661573.74,1730344713,Yes,0xa7d426754a9f5100f66efc96f554901d00555b586b2b360b45c8e049511795ff
BUY,0.001,661578.74,1730344685,Yes,0xd759f3bab14b508dd323c135ec6c8b2b0fb3b7eefa05d7675e09952acd4c1919
BUY,0.001,661578.74,1730344665,Yes,0x2056590a996d54afb02f12e2c6a626ec6fef8602e73873f87ae1a92b7ebf7c1c
BUY,0.001,661578.74,1730344651,Yes,0x720674e5ebba98d06019e5649b4bda2f3535ed7788232a8eaba534d52070d00f
BUY,0.001,661578.74,1730344587,Yes,0x02784732f72027b0bdf8d88ed963bae086ae4e120f1345dd480c3513a612367a
BUY,0.001,661578.74,1730344569,Yes,0xa6b4bec5737086aad87e6751b5644bb30c5a0e91c4c2d1ae6795371b9db185db
BUY,0.001,661578.74,1730344527,Yes,0xe5a69cf6b03c00d6b70f5b5c46513c5b211f1583c566fd36ef881028712ed3d9
BUY,0.001,661578.74,1730344509,Yes,0xc03f671febdc4cf6804b66fc165841e635d3e407238c1a876d8e158c6eb8c84c
BUY,0.001,661583.74,1730344463,Yes,0x85add1a181389bdff961c228289b7c5bdf944014328ef0ae8a6a46ccabee1480
BUY,0.001,661578.74,1730344449,Yes,0xbd458cd66a45633f9e6783f6a10b392dd3295e0a32c315cf0e3a010dc0dd3ca1
BUY,0.001,661578.74,1730344433,Yes,0xf3d1dbbcc02bee6c82d14b85183e80afd0c374dd1727ec0b51dfbdd966d41957
BUY,0.001,661578.74,1730344415,Yes,0x9d59d5da5013ee9a38aff62ce987783c465d3694e0bb639be43ce166b8fca758
BUY,0.001,661578.74,1730344397,Yes,0x89dd5bf573186ecacb589fe3bc8ab8077302289b38a7030bf8d430ba881d7c3c
BUY,0.001,661578.74,1730344379,Yes,0xab1e93ea4bff69e78bfd08ef8336c1dd88fcdc383cc33e194be909ec955687b0
BUY,0.001,661578.74,1730344361,Yes,0x6263a77c328ecd3963c0199d420f4e14dce084303b90816261cb62a6ac4abfa9
BUY,0.001,661578.74,1730344311,Yes,0xdfe628aa4fad5b83b684b66ee37bbf9ef4e8dfc2415b3b7dae3cc48105a4af55
BUY,0.001,113643.4,1730344272,Yes,0x876539db81bfe7dfd7e796187e6b5ad2a707117c4ecdc20e14712b7841ca132c
BUY,0.001,547935.34,1730344272,Yes,0x65f0b864c9f5af36c7a675b64bd00c704472ce24429fac4d9bbf674090105fe7
BUY,0.001,1000,1730301324,Yes,0x7019eab23ff24bcb0d5e66f48e22a25a0028f59634c68c6e32cdd7992b1caaed
BUY,0.001,3340,1730285214,Yes,0x93364b852e4a67abf64995dc475bb504d8b12aad0b26c31a09791f544f44fa95
BUY,0.001,1000,1730222441,Yes,0x8f66a6688d92a3a3c98b6624bfac89c8ca2fec916b5c021646fd934317a18479
SELL,0.999,22.04,1730221299,No,0xa1a093ae1a3c2a29a1fcc4d6bcfb74dabe47655ef92eb13c50ddb97a4edc701a
SELL,0.999,4,1730210946,No,0xc53fa769a0eed721b69e2f8847e7cc6361ee5b02cc926710918537351e58e0cf
SELL,0.999,2,1730210702,No,0xcee82ca6e36918837ca4c643185551fc1fc92c1e67661b2d48d7a8b148321c83
SELL,0.999,1,1730210290,No,0x56bf54890e533530064bb15940b2b6151808174a77219776adc0616111ac472c
SELL,0.999,2,1730209584,No,0x928978b9dc3bfb2f216ee4d81abd397af73a9a1cbc9a750a8684d8c122f44e2d
SELL,0.999,2,1730208690,No,0xa3bf1ce2b9181ce9df31a40f730cf4eca101682c937e7be73bdafd3e2be10a50
BUY,0.001,500,1730201829,Yes,0xe5463cf1c0bf5f668bdb2a4b0ba64c979cb19283a1c0af7870908605c9914c29
BUY,0.001,500,1730200608,Yes,0x5334e26ecb8936de957bd676d6bdc88def42877573e04b85e102637157c251eb
BUY,0.001,1250,1730183511,Yes,0xd991c1858e3b9140c3b824498a92e88edcd94c865459c945b610e0130f161a1a
BUY,0.001,930,1730125734,Yes,0xd4863f8de5eb79f2e5d5005381b9f26130e2247b72a255aa43a263128586e38d
BUY,0.001,1000,1730124527,Yes,0x72f4458dcc318e7ccc9c00a06cde0934e803d5ca36f7b89ac4b650e8b85eee92
SELL,0.999,1,1730117502,No,0x09500d670be6281242fc675c96448bbb3b1984d4996f5153da1bd208087af7eb
BUY,0.001,1000,1730113976,Yes,0x5bf2e000a12b0cace1e23087b3090d690e48e8eb0e1538b10f47f48e0f54f8d3
BUY,0.001,7000,1730106087,Yes,0x99679fd2cefd8df0bb46073cfebca5e916db5cd2764d2f013770a4dbfa76b2a0
SELL,0.999,3,1730038159,No,0xa7d6875ecac3f09c29b442a590ae3e0a51a43a76101398c2f0a9fc8e6ca1cf0b
SELL,0.999,3,1730037887,No,0xa7da6ee9112b9e167fb61c2ec0bade63794833c70549d559b364da60f08878d6
BUY,0.001,1470,1730036366,Yes,0xa71e98e3d1075b795edfb7a88d3105d90e9214fb6688d79390959dd1fc1438fc
BUY,0.001,10,1729967105,Yes,0x484b76775f770572aaee8d90a0cfe511e3c3afe5359f7e250cdbf4323c4af7d5
BUY,0.001,1000,1729964686,Yes,0xc92addb01b0dcc92b043985c5b383dea5709bd51fff2527ae18f6b3a39b7d552
BUY,0.001,1000,1729945300,Yes,0x2a202e6c5bfba8ae832498c50dcc826911cfb47f764ac7723389daddafbf049e
BUY,0.001,1000,1729934795,Yes,0x387ba016b9a3f2a75d0e1751d4379eb37d36278d425b9516756ca75b5791a162
BUY,0.001,5,1729913205,Yes,0xe1503ab0fad22d975ae2e95d76d6ef3840be52ead512416a159896f79ce5ea36
BUY,0.001,9390,1729899408,Yes,0x4792cf6f062076c4f45d0f86f66c3c3bad77a72842ff46a0213c5a66846e19f4
BUY,0.001,1030,1729890492,Yes,0x91983216e1da0ed87ebd6106cdbc3c966a7ba5294c52bad118e6dcf212358ba1
BUY,0.001,410,1729882215,Yes,0xc8db9f1c8361b95a8796114425db10162dde273acce8915b6504ef881c26f882
BUY,0.001,670,1729882101,Yes,0x315319487ebae2b17b4730a7a4c3dee89596c64d2ddd1555f10c290e7b7aad33
BUY,0.001,330,1729881857,Yes,0x862b01ad096c767d65d88e114aaa03ba2a914cd26b8439e3f14e8a7fac2aecf0
BUY,0.001,999,1729870192,Yes,0xac9c95443f165c48793cfc05b3400aadcf532d29ccafa4294fad45ba6e33e7b3
SELL,0.999,1,1729869888,No,0x28814b06254b8623a87e462d840094143cfb5e5af679a475ca608638df7b3b03
SELL,0.999,3,1729869278,No,0x80859e632489bd1937527ad33579378ed17bcaf46a637c2c391d55d4b44c5d2c
SELL,0.999,2,1729864363,No,0xfbb8fee42bcd82baf27e28d148321923eed2d81a75ef1f3d8f8dd3b3478466a9
SELL,0.999,2,1729863932,No,0x8645a22c1c0654d8135b3e052c970115c0c9eb49efa82a4db6d6eb68854f0d68
SELL,0.999,2,1729863129,No,0xdd96b6d13503705fc7e7aebbd8db521f634c7534fca87bfcf079f0972452a392
BUY,0.001,500,1729862591,Yes,0xb9dfdded4ad63e2264a7a5d52c005a9b77709802d1b1a4bc4d7cd1e6621561be
BUY,0.001,3300,1729861275,Yes,0xf9eb629fe0720bdaa5aeef5f2192ba4b6fea1d081ceaa24017ed8674ef2f4550
BUY,0.001,2140,1729804715,Yes,0xc602c1d576808aeee2a7a7cfcb56efa81d24fe6f5112eabeb66d606b3f98aa34
BUY,0.001,800,1729798530,Yes,0xcd9433d04026b152cf43415027a2dfdb7d44224d0a16ababdbc4a62c5e8929d3
BUY,0.001,700,1729798480,Yes,0x249ce6c2cef990b294e2dcbe8e9f05b7da7ebed8b98184d5677574637debadf6
BUY,0.001,1000,1729798276,Yes,0x3d6371ef73da6ed4ed59c71be62e4c8bed7e065faadd51467a07f70c6cde5429
BUY,0.001,9000,1729794705,Yes,0xa4f4c0bc89891980368a1481ed9374ce9bfca47052375d0afcecdab0e86d2e40
BUY,0.001,1000,1729787461,Yes,0x75a3b0143ca44c398f1138ec874e4e6064dbbcda20ca3cd41a70a7fd73e523b8
BUY,0.001,1000,1729786037,Yes,0x3ad7682cedf3a07a9ed0d7939601a43e326d937ed54a9172b378ae1580248bb4
BUY,0.001,1000,1729786021,Yes,0x351048c004e5ec026c36d5e4eb76d8e06e8369db758fb82e390fbece9c351368
BUY,0.001,1060,1729778741,Yes,0x66acf22d25c2bcceb03e9d42796dc98b64a405798150ccbb4d37298adee480a6
BUY,0.001,400,1729772903,Yes,0x0e13d25d6fcf1de76aa5b4192d6cf569754c2eae8569d61f055e6fea3eb1177a
BUY,0.001,1000,1729772141,Yes,0x8cef5af25141aa3749c6aeee70e458a8ee86cdc2576cd33f52f98ce3b335997a
BUY,0.001,1000,1729772031,Yes,0x4bac914ffd6cd82a63ca98d2057dd1805b812f500048fb96ca228020a84f7218
BUY,0.001,2000,1729759819,Yes,0xda9ff16f0e1dfd1cdeeda9073d7445370ce3a48ab50425bcdba8a590731a7539
SELL,0.999,12.01,1729733044,No,0xadb960dd7981f9e135cb3af904f02ebd64e2ca55c42a63634ce7d8843be886e1
BUY,0.001,600,1729697413,Yes,0xb83c450d6386fdf815a7223d3f69a6319abb67a46f43ed8da357694fc6317626
BUY,0.001,700,1729696559,Yes,0xa988ca00df5b9ad69e844e51a5b7b9d086296c3a872d5f468eac19c2278844b8
BUY,0.001,210,1729695716,Yes,0xbd0cba4aed91b0f03945c0f23b9849509eb629baddc07489175ede816b69a8f5
BUY,0.001,1000,1729695406,Yes,0x344ea9ac58a08ce62dc9f89765a1230b367a5325bb587e4e38355152bbe7a6aa
BUY,0.001,500,1729695402,Yes,0x4d0b645f55817259557bba099fda2d19bbee87e6949c93d5a377581c286911dd
BUY,0.001,1000,1729695234,Yes,0xf5ea01eb0ccdb941b7b7d98ae14f10ffa040a28ad6915e2a6fea6d98230df7c2
BUY,0.001,680,1729692594,Yes,0xa3c635de740fe35290589bf121a0b68a5bc43f85d0ce4ab379babbee3ca104f1
SELL,0.999,1,1729689140,No,0x64817395e9c2a52bdf80336154d3010c8f610cf4b550c65d6ace5ac318dc50b3
SELL,0.999,2,1729687976,No,0xdf107cdc8f328823ced0712730112b87dae0bccc31ac5a6d1741897549529210
SELL,0.999,3,1729686518,No,0xe41db8b4b19e9d524e6ea43937bc25506c6b931659cd241fc1a3d49c5809c45c
BUY,0.001,1000,1729685874,Yes,0x656ff7ef3d9bde3a9bb97af2175102314230de99987df14d76f5b934e08a090a
SELL,0.999,3,1729685540,No,0x624e267a8c376a3ef16a36204ae6adb08a51d962c086471da9022c093cddecc9
BUY,0.001,1000,1729670639,Yes,0x9b1e28b8237d34dba451698f9f1dfe3a9aa8ba791771c946dbc24d9afaf13c56
BUY,0.001,1000,1729670639,Yes,0xbcfa3f38e6e177db4c05793bd7c4aa275a69174232e7b19da6840cc0afa8180b
BUY,0.001,70,1729598056,Yes,0xc0377969f5de6595a1108bc1d53b63564a84c0b2ac714f2334ea6adfcbf47eae
BUY,0.001,20,1729573813,Yes,0x9a6df8fb17b5a959a9a9d3774714d268c93de2d12df1fb23ad5a579003d57c8a
BUY,0.001,2000,1729556006,Yes,0x981a1328e608b4639ed1921eb6e7937eb160fa382457887bb55e8b269f99fa6c
BUY,0.001,1000,1729539639,Yes,0xeb926cc2d592035084879ed9f3c0c78fb78c54059f44938f6c0eee606ada24fb
BUY,0.001,1000,1729533371,Yes,0x29b5e459ee70cf60b03556c81d4b86b3b650ac2c5dd2d5d65b5781a1fd27d6fc
BUY,0.001,1000,1729533361,Yes,0xdfc907e5a116097097ff4743a65cc32e4d550665a841bf7e35e69ab608d6b9ff
BUY,0.001,1000,1729527332,Yes,0x68afae649f78936611f413736c4c5997bfc94ef7271bb25339eaa52e76b5d634
BUY,0.001,1000,1729521336,Yes,0x8b98eb15680a98d1ad279d4f6f7b4564aab529124cf511362dae4bd7bab535de
BUY,0.001,1000,1729521214,Yes,0xad32d4bc1cabeb08ea5a0ae75538fd2c2ea1c1b9971e84981486d901e513750e
BUY,0.001,5700,1729518197,Yes,0x8e2b63bf9ce383549cee27a5c140528f8e10ee736ab137d8508bb1bc484e5005
BUY,0.001,1000,1729513792,Yes,0xc774336a6d9ec8981d28865dbe4953a93ab5109811f04c885f0b457ad4ae61fc
BUY,0.001,1000,1729492562,Yes,0xf99bd72aedc32077bc187b68dd3d27d9866549703bd6594c22729e0860a11b0f
BUY,0.001,20,1729479536,Yes,0x1d9f2cfce25524116f02a8b5a2f809c53f51e05a333c983d1ed0b101b4097303
BUY,0.001,10,1729477823,Yes,0x723d85bf8932c103bfc262079c26a7eb33402e36848ad09a83e0c30898931c1e
BUY,0.001,10,1729473536,Yes,0xeec2ad9a1fbb4916e9ae8a51044d11ab0ffd9e0fbb1ab9d4939b96205a6457f0
BUY,0.001,10,1729473530,Yes,0x17f69a6613a8e96aed31f48ddbc00bcf69385a9688fe59b3a6b8fb4b37380e5b
BUY,0.001,1000,1729464220,Yes,0x14927159ce12d2bdd723641bda69255d6c7c6d62cf9bd4a4183007041b7fc2a1
BUY,0.001,1800,1729457259,Yes,0xf1669c5a1dd5bd68f7c3bf5fa5fb8985432093fe0e578db8ab97e35f8196c8e3
BUY,0.001,10,1729444432,Yes,0x348b062e4a6227e62f4a47a1c31ca147d4252aeb5f8344810c6c578e2cbc28ef
BUY,0.001,13089,1729444278,Yes,0x65c3f58ced1257be7d3d7b02d6e706911991d0927e063a20d34198d36b7854a0
BUY,0.001,660,1729428136,Yes,0xf0aebaa4ea17e621f74dbdcd83e2a0404efb2fcd05f15cb5f9331d3b70c8c55a
BUY,0.001,1000,1729427928,Yes,0xae6df9a1079f392097c563846eca9e83bf94a08cb7b2210f6dc5b9db4b80e0be
BUY,0.001,800,1729427880,Yes,0x8c02f7679d35bce2381a425ead852790ffd15f32ce5213081260d7136a06f0bd
BUY,0.001,1000,1729427866,Yes,0x843ab26277063534d8747d1f8caf3eceda598d1e09d108fd80f79d83a90dd8ee
BUY,0.001,1000,1729426444,Yes,0x6105e64418e4ac87a8ac1616d27c6bc71ccb97b8e448f263aa44e6ce7e5c43a0
BUY,0.001,1000,1729426307,Yes,0xfc819019f009f8800f205db5fdee9d6c564bc22e6b0c64887edbc7629a5bf264
BUY,0.001,690,1729419713,Yes,0x4be20ee7b58262bb5d0587a784099af8042daa0367a249b0d836f8ecfc47592e
BUY,0.001,34,1729405721,Yes,0x0b0191ffe6af832f0630d65d65c16d4b34c596c2193d6c8e52f2d0c91914c3ee
BUY,0.001,33.55,1729405209,Yes,0x89abd812f75722d66dba7aa4a4b6b1db477400301227f8fe65e9468729206a3c
BUY,0.001,450,1729374451,Yes,0x6b1ad00d49c3fa0fdcd8496a142c9fee2a297470379b2b699b0bdedd3ec20d5f
BUY,0.001,800,1729372182,Yes,0x31fd090ca148469016c73583b4e673febcc6525b14f61e6137a5379ffe6dd787
BUY,0.001,730,1729368786,Yes,0x9c5718adb8a37b8bf6a753d9ed07a058bf2887b819672eb646918c9d1fba28c5
BUY,0.001,20,1729365224,Yes,0x5cc98704425d8f8e7c43c01b3f80ed8b5f0aa0080485f64664f4f5f1a75bbb36
BUY,0.001,13500,1729364167,Yes,0xb22378444d775bf35a2c400fda18347ab1d99b88ae6e0ded4607e083157a8d79
BUY,0.001,1000,1729349944,Yes,0x5d62f7cc07240e012df2c7e1e34b84c9cf345d07df49b12939c1f741601394e3
BUY,0.001,1250,1729345116,Yes,0x966a29c14d7bddb9cea827821dc0df662d1af972f48bd0381b68cd8871fbeb0e
BUY,0.001,6000,1729342536,Yes,0xc3d4cf7658bb51ffc21cdb06ac8a4fcc6ec9f2a3381649de2b42c7663bfc06c5
BUY,0.001,2000,1729317330,Yes,0x21c080131721a03eb368f9ca139437dbe378148437b756b08b118b526da84ec1
SELL,0.999,3.48,1729310235,No,0x93f3ebbb459486aea7dab61e6bc0d04bd0fa0829577122f8dba1cbccf914ff77
SELL,0.999,1.47,1729309430,No,0xa7c794bdc606730f38eb911b7d1eceb395cad37df8b49b964fead7317bd4d654
SELL,0.999,3.3,1729308148,No,0xf0e49a040fe2d72d203ec3132a180f9b22032933ca311d6d41af8466e801c922
SELL,0.999,2.79,1729307854,No,0xa0b9b7cfe995afcc968408f7a14cb09a0577419dc145540dae94955b4b26b903
SELL,0.999,1.5899999999999999,1729307434,No,0xbbf560d6beeb8309b9bed685f430d1e90864902f2cc7bd7e424eb74776e45bed
SELL,0.999,1.77,1729305687,No,0x4ef56fa548593940e87dfec1c6aac0c85326a3595b4aa58cd33a12da755068e8
SELL,0.999,9.91,1729302567,No,0xd21e4d1d2f796111a36ecdefd1a949a78f1b9c4a3d31d09e898c20401eb90e96
BUY,0.001,100,1729294900,Yes,0x9d9b2e48b439f702801a9c876496233a033d746b6247f987a4775dc6cbfb3591
BUY,0.001,1420,1729284073,Yes,0x052e8b08f4adf84d2b56a4d9496747ecef58c199567ea17523a31f4df44b9319
BUY,0.001,820,1729270381,Yes,0x313e42421d9ac5e02fee453d13c77b9b4daaad0116a69f726e30ec6f8415e286
BUY,0.001,200,1729265760,Yes,0x027147c5a6f8a4be076e3830c0d8e23eb3fd35bcda3b1314589f2f692fc9a6b6
BUY,0.001,1000,1729261802,Yes,0x7bdbbb508fcdd2a25879deec3f704def13bf39ad68f9559991c533bccb903d57
BUY,0.001,950,1729261168,Yes,0x229a7578b8de97f329db89af8e084bc6b325f184e98caca431ec1a6c2f64bd05
BUY,0.001,1220,1729259408,Yes,0xf4afbbd7a1f38a73151244af7de63cdf16590c66d272bf05f9c69a3fb9259800
SELL,0.999,4,1729257802,No,0x9b8a18ee6f3112fbc7b619995f9cfd4b9845760fd3769c2ff6391eb2803dd54e
SELL,0.999,10.32,1729254652,No,0xe735c69ed6a00e906a17cde7bc4de7159d07f4b54b94a4d14e74bcad86620cb4
BUY,0.001,5860,1729249192,Yes,0x5317eaab364e0bd24920e653280c09a187cb48f21f7dde032482f345cf14774b
SELL,0.999,10.27,1729242570,No,0x96e4d8503590ec565407d89a65de049cbb1845764faabe3b887f39a4c927c45a
SELL,0.999,8.32,1729241656,No,0x42cca80446bd9d701cec45b782c7b06fac04c9719eff3f959bcc9f7ed2a12e36
BUY,0.001,200,1729240438,Yes,0x3ae56d6495f8079ec9da1f0896f71e544bd3890693c517a3d03b6d46534007b1
SELL,0.999,11.12,1729239394,No,0xb1a335e11f851dcd45b8bd59c5b78c3d54e8641b52116fd0f36a611b9b570cb9
SELL,0.999,10.63,1729237381,No,0x42b7ae4b86dbb3aa6cf77906a201f92f536f147f3473632f2656e3d77408c0fe
SELL,0.999,8.03,1729234932,No,0xb70b09ff8c305d540d3dbddc722f4c978f253f90912574a289a335a9b69fe68b
SELL,0.999,5.02,1729233868,No,0xcfca4e69b5fb27dfc5afbca3bfb3af0f9b601f3df97a0406d25bf1791c4b777e
BUY,0.001,200,1729184007,Yes,0xf19849f2911ead070414362ff2dcea65886d4fb420f5d60ce471abdbf161517d
SELL,0.999,29.84,1729174775,No,0x99cc34d0d044940cfe9dc91f3bba2151ce6bc4515c9126447183fda9383c8902
BUY,0.001,100,1729165450,Yes,0x247c5c23055ca682853661ed9972f3a3cc7a9fdaaab881b49cdb6686d9d8b711
BUY,0.001,5,1729161646,Yes,0x6d1069a4788a5802394e7c79bcd0953bd162765a54897db7925c057f49101537
BUY,0.001,200,1729157902,Yes,0x8b6b82a528d9a4e7714bd4a94f567ca87677ec827fd0a50691eaba09d6790691
BUY,0.001,6000,1729157540,Yes,0x8e9f95417e246196a0b849fb244af776df99143caf8cd0b673b8a4aa18eb1e12
BUY,0.001,30,1729150161,Yes,0x809733dc1f4b030d0f26e8480f373adc3f8bc5eb09be96a871213fd3413d9980
SELL,0.999,5.61,1729147945,No,0xe45fba65822f15eb9f75fbfa2c3ac87f4f7342a9bd9eef8d4ae1442dd38e00b7
BUY,0.001,191,1729146885,Yes,0x48f2e43ad7b23c4c5d406e21dc26c91022f71421067f51f05123d52a1564208c
BUY,0.001,255,1729146571,Yes,0xe40c95b264f9a9e7c44fed1af3adc66dd28afa697650e12c8ed86f46eb3cc84e
SELL,0.999,2.21,1729145453,No,0x79449cb55af70f675574709510a12eac48ce5b6a130343ad197c0072b946431e
SELL,0.999,1.41,1729143921,No,0xcd08e44571e15c67487b49463a09fb279de059bd2fa532a45bf3745bd245d8fd
BUY,0.001,10,1729132496,Yes,0x3dafdd23ca76d42620e2331bca50ca3786424d9101c704f3b6870bee045af879
BUY,0.001,1400,1729131468,Yes,0xe300daf3cdf7b6da02ca6a538890ccab312e246a6bbca74b1acfe931ca581242
SELL,0.999,9.01,1729129401,No,0x760d94696ad6b9dacfc033dc5fc23ec5aa137465a0d3852b2d1b4d70937f6a89
BUY,0.001,50000,1729122251,Yes,0x93c7d987ac2cb63486e72ad647ed03f3360b61744f896c511278638808319962
BUY,0.001,1626,1729109204,Yes,0x48567223173cc6448f2174bfcc7f7a85116b2663ac4d95d7ab0fba4d586e43b0
BUY,0.001,1000,1729106552,Yes,0x93cee9197eb8716d35401db38d3450b9d3a8e27161b37579703f708cd0476679
BUY,0.001,1000,1729089321,Yes,0x800610bb45eb8c64375e8446fb747f128d05341a0bd53c5a11bf365ef6c8a3b4
SELL,0.999,14.61,1729083606,No,0x623244f2817870a53ecdcea9c3227af23e0aeadade4e5d76ef185a9a61e90872
BUY,0.001,22,1729074272,Yes,0x2de4243abd3b53519730b42b34a18a0c04f9eefa6d3641f94f30964681f364be
BUY,0.001,100000,1729073608,Yes,0xb5474b74942212aad343757ed7e1c9e6e9415f4d8e14b20b3901c02aeaa82739
SELL,0.999,1.6,1729069222,No,0x2de1ae9246a2c64f87dd40dca9c3ab1d41d3b9458016cab587b84cab25d86da5
BUY,0.001,5,1729067768,Yes,0xb931bded349722951b6da200ac2bfb6e0aae3a341d7bc9e69c16d8837d720da9
SELL,0.999,3.9,1729064090,No,0x9a163529d8ededab91b4e4f1aca39fc976eff78f1d130e7f99b149f92700210f
BUY,0.001,6,1729062584,Yes,0xb6ed636e4375225e9328fc67d81f93603ccfc77d2d7134e8750a0ca1971d133d
SELL,0.999,11.94,1729055108,No,0xc925c7e8caf8f384cc83feb93acf56ea05298fa5bc688e632fc1540d0d8a9bb5
BUY,0.001,5420,1729053416,Yes,0xcf60c1d78fcba635d3fe14cc056534bee093d79858e50ffa510621aa3b2e358b
SELL,0.999,7.22,1729052950,No,0x36a9d07ddbca4080c2fc09b0ca82479b5d27c41b245f0950c3b8ef9cd057a1b4
BUY,0.001,10,1729021117,Yes,0x512884b1f0ab2748a725daa58b245907f59b51d97204cde5bc3bae0d2f56b00d
BUY,0.001,10,1729021021,Yes,0xc9e68e7e8f996269a7ba4f854f5350e8ebf1c0dccd743e27d1484bfe863e9aa6
BUY,0.001,10,1729020941,Yes,0x9fa47e924202e290ecb07c354a0140d38fb29b297cfdf5b2ae0fcb38ff23c292
BUY,0.001,10,1729020745,Yes,0xa50fc8e0d97ec0cba63e1c1c9f828e8321dcafefc4ccc762731e8ef4de34d8b6
BUY,0.001,10,1729020639,Yes,0x4c5b67b32cf14c57d777fc4d2895bb55f924d0875f6d394dff0676f45761be95
BUY,0.001,10,1729020517,Yes,0x35531a69209b802ab769096c0b2ab7b526349b80ac0b282721d731696d89f015
BUY,0.001,10,1729020431,Yes,0x071eec7114234cab7ce6f7c07c4d4b4570f017e0e176701a9a753ec40e8176e7
SELL,0.999,7.86,1728999084,No,0x3c61f13990f149338097369bd0ae15f091bbe00874f570c93ec78ddbb8588ded
BUY,0.001,100,1728997628,Yes,0xfd4602d61d53d4ac12a7b4012ab64a6f462ad7164d30e590001f9ef98068dd1b
BUY,0.001,5760,1728995832,Yes,0x6ef77c3fdcd3c5fd7c8d5949c4021a9a4e2c5dcd76b9129356c0c41d013b36ff
SELL,0.999,1.8,1728995474,No,0x11875df9f4edb8a0f5751c001511e8152602057dd54aa5444a1ba6c18c0ec87e
BUY,0.001,5,1728994826,Yes,0xfc1eabfaafa5cc733654892769652f033781d514bf2010970d0bb7a1e858fd35
BUY,0.001,250,1728993456,Yes,0x92780f23d6bfa85eb277cbd3aa555633f4e1a6eb6aa3d91c3d76e20f937bcb29
BUY,0.001,200,1728986086,Yes,0xe778b3a20e57caf3681ac128ff8c2ef9ada5b27fe6bebd4aa4cff6500f5ef3c6
SELL,0.999,2.5,1728983580,No,0xda31c989cf3433bc0eaa60904fc112a32ecd114d1c546c345540fa0b1ccf0cbe
SELL,0.999,1.8399999999999999,1728975459,No,0x5478cf8eb2242451ab6453f2b2ffe9007db1ef5a5cd3a3e2ea0b2bd1461c6fbf
SELL,0.999,5.44,1728973042,No,0xb44e7db2b087f39b4cdc400b6185fe872d91890586d6731b7e818c0ca5fde0d4
SELL,0.999,7.32,1728972657,No,0x7a59cf2ed6f16aee06c54514a99a3975814dd17f90b3a747d2bec8f3739f4ed1
BUY,0.001,34.66,1728970934,Yes,0x1b7aec777154b9f96171248224ba7fc075002c846c379e188b5676afad3a190e
BUY,0.001,6640,1728965839,Yes,0x3724c1523c623f855d5d98ff4dfaa18ea7893c923ee8760e5982c5171902ff8e
BUY,0.001,17830,1728935197,Yes,0x2941d0fdb0d58942ed2e5ff5f2ef9a7a58908419982ff487ed1d1598dfe53d44
BUY,0.001,20780,1728935197,Yes,0xadfbb88807bdce7d02ce00049a09ffc93bfdeab8615e4010e87a09791637f9b5
BUY,0.001,14070,1728934563,Yes,0x3d321e0a6dcb48d0977f2a513d996f0d48fdb0f7d0e83da3fe8ca356312c3e1d
BUY,0.001,16970,1728934563,Yes,0xfc96b24b99bad6a9d9e413a900ab4d8b2fb5c9b6a44f3949aa984bec5da6d7d5
BUY,0.001,14810,1728933889,Yes,0xf1391208a00d135ed6e79f238150c545bcd53e39e0b5312c0fbb0d7570813867
BUY,0.001,11140,1728933023,Yes,0x45481aae789be83e2d48da235585bc715ef3df8f3b46d4810afad057f9dfef58
BUY,0.001,17240,1728932453,Yes,0xc44e0d0b136229d051956b35880fc33635fcbc755871ba636304effba3f5d9a8
BUY,0.001,15690,1728931694,Yes,0x516018e8c99d9ad3d8475ad0543332d2a1d291f081ab5143d75ee9eea1fcbd63
BUY,0.001,18020,1728931690,Yes,0x4bf299213a060b524a5f41e91e6a0cfa0969ec0b4a5b694dcec7d19b44d64129
BUY,0.001,120,1728931402,Yes,0x66cc5f941b47535c6af7f8ba1f428ce20289a93bbce2ec27bb47b0b1eb33ef03
BUY,0.001,13242.99,1728930627,Yes,0x6267cfa1a23ecbd0368219bf1a6a0664587aea8909645133002e5cc5ebbe9fcb
BUY,0.001,10,1728930529,Yes,0xf8f861c903a7526617dc5cda6e355354a0125ce6e6303407c5d875de713621a4
BUY,0.001,22840,1728930471,Yes,0xf7175177497bdc9b2cd10fa8b1df2ade5caaa693c918a762becd47ae6abd2984
BUY,0.001,14060,1728930469,Yes,0xfe2c9a87ec5a53ae9cb348e59f338d7ea1ac240b9f0930af220a5af856b39363
BUY,0.001,18920,1728930469,Yes,0xd2af55323d077e301897e88145acef0adc9ae90049d4081adf5f7994596c2061
BUY,0.001,16480,1728930469,Yes,0xafaa450fe0c6857ba36e551d51b62a1908f723946161b0ac987686b5e6693e1f
BUY,0.001,11190,1728929501,Yes,0xd22037a3a4bf2d631f4c5307516cc58841393746cb2a82470340ecee81a84fc6
BUY,0.001,10,1728927946,Yes,0x8ee9a6cac2ba1f80bb38341742bb14debdb0f6b32493b3db0b42160e5e53527d
BUY,0.001,10470,1728927466,Yes,0x3099a83d012b97e6c27a3275523d65b3492ef3c027877510124ef9cc573b5bb2
BUY,0.001,11220,1728926844,Yes,0xb691a37b74584433b5cbd23135504ae977bce4ae8a7b99f13ecf1415e5fa25d4
BUY,0.001,19030,1728926834,Yes,0xf42743040eabb593ac6dc8d716025dad652f1145fda3f1dd5e7fbbc12bd1b1ff
BUY,0.001,1000,1728925637,Yes,0xc9f2ca02db00262ea35d486982cb896164ce8ec1c19f80c739b71a6408f179f2
BUY,0.001,10,1728925117,Yes,0x65819c6eda0eb3877e43c73c3fd6376a9204f3bc1e69925d86207c5420f8d42c
BUY,0.001,15490,1728924625,Yes,0x142e188f2b5bcaed7ef254d2f55d550bc22296c3bb9b0206be1dc42b636eff7f
BUY,0.001,13380,1728924623,Yes,0xefd28a51e53322acf5c9ba817eb501078e2a7380195c7ec86f753753f42ec1f2
BUY,0.001,17130,1728924623,Yes,0x5e9fa58d1c0dcf43ca643ef39245e43b8b8f0115226fe1fd40f8967ee028669e
BUY,0.001,10,1728923714,Yes,0x0eac53b532edcf3de93d0ec39ed852a7829c0b5df166eaaf1feafd3bf4d4292c
BUY,0.001,17550,1728923074,Yes,0x7ffc436d331f13e88f753e304d4cfdf9afc06b3629ec0a9801cff81a0354daf9
BUY,0.001,15880,1728923074,Yes,0xc58e8c7faaa36f9593acddfd3abb20711acddd3f2c39a3e21e4edf9697149fd2
BUY,0.001,14500,1728923074,Yes,0x2e555dfcfc46a964b11a3b256d2e15f02fb187dae8e5cf9c3aa21d24e05387af
BUY,0.001,10740,1728920322,Yes,0xed0a1d1e8232f86461a7efe39594aff687d85918fd726ebb53cf893f835cf1cc
BUY,0.001,750,1728919750,Yes,0x13812eb95ad0c57002a00d45a7637394dcfec1be70f63cbef63205559e8d3099
BUY,0.001,850,1728919736,Yes,0xa457ab6383fc130c4d5eb4ad3a906bc1d66e1dcbde315104f84c224d93a66423
BUY,0.001,24610,1728919368,Yes,0xe79aac9d379ec6ec616cd2f5421394e4a605721e6c6e92f73cc78d65b1a7d24a
BUY,0.001,11500,1728919038,Yes,0xb406768177608a3e7a20afd8df46245eb75e464429895505bc636618ab618614
SELL,0.999,2.1,1728917796,No,0xea615f5a7ee7a704416a636c7d001972f9880be85bdd638fb48af7a7b4f4ed37
SELL,0.999,20,1728914114,No,0x19679f5d8fc8474e344f5f0b3f4c1527c50b149ac97c04a7c796fc36165806c7
SELL,0.999,2.65,1728912838,No,0x6e78c0c67e15e0410ccf130526b0c02626b8e7ff3b1e2e428bb94a2868d2468a
BUY,0.001,455,1728912438,Yes,0x1043d190fbcb076b895c8c6947b298dfa197a06782b1d325cd98155163f74c6a
BUY,0.001,1000,1728909668,Yes,0xb2cde01e3c1a66cdbde00196102b8ab365dd75bb25ddb28f4cbd84857e8e03f3
BUY,0.001,1000,1728908492,Yes,0x732608d41691b3cd7417c8426420511f602c099bee9137f99fdc5bf8e38d5d46
BUY,0.001,6040,1728908220,Yes,0xf6b7d1bf5b2a5bd2c32a557810e7bb53298d72d7fed20c98ccfc9fe9bdbb3edb
BUY,0.001,2100,1728903688,Yes,0x5ea6c68be98244867c5d27aa1f44b3ce2d2de3c60f7cee9318289fd0ec7980e4
BUY,0.001,1000,1728901346,Yes,0xc8c32b4d864b757b0075e06ee3b7c4eec6a9a4a4cbb5580e7e4ffcfef8fd1dd1
SELL,0.999,10.01,1728896028,No,0xd6f02e7dfb0e03f58fd725233dd96717a76722e79369363a00d8770c397af000
BUY,0.001,12,1728888767,Yes,0x610a85a970f608204e900898be8101a5faf5d294fa732d1aad94c00c10fe9e14
SELL,0.999,15.95,1728887927,No,0x37517db72d07552bd6450b034f9204c580c90d25c1aed34549e8f469193c7c02
BUY,0.001,2000,1728887899,Yes,0x9be9d192b771aeaef4379683e3f13d16b26f3f3c5fc44ab2973a2f3ec40f9b77
BUY,0.001,100,1728879010,Yes,0xc97e3cf39664c0d6075b39b361a8b798d1244e2cfa91ba72e9c4be20d95a3792
BUY,0.001,5770,1728877772,Yes,0x1c58f7a2a5f180a6ad45697802270cc990ac9098581a6132c2d2cb0b01082e49
BUY,0.001,25000,1728877126,Yes,0xb9518a9f42f8db1ce00eed2bee92d8f22ecd3790e5ab4045858ca3550d11df07
SELL,0.999,5.02,1728868311,No,0x6b38ccd88fcc8d99dd26a30c8678022b65f46f763559ef52dd8f1e65dce256e3
BUY,0.001,1000,1728861193,Yes,0x42f0f97edb3ef2969adde61c0baae9d556187c5689a8cd482044522bccf66a36
BUY,0.001,5,1728859289,Yes,0xea1a212f1b339003f116845422fbfdb19d627a3144e06fd4c4d16f87680b0ac5
BUY,0.001,5,1728857895,Yes,0xabe11a4e5cc7c7aad56d222a03b2db610a33946ffbb4e9b58461631199360e3f
BUY,0.001,10,1728851700,Yes,0x98ab8087bd72146232155f13664d6def9c58391f45a272564ee7cb243e24dd0b
BUY,0.001,10,1728846236,Yes,0x4089b90e08a216b36419433fcf8a0fa56756fffde3f968dee7968b0910cad9bf
BUY,0.001,10,1728845391,Yes,0x8f6adf4b4d7c9f43b66caa0a75a2178bc81b47b55d4fa3608c1cf3effce5ebff
BUY,0.001,10,1728845081,Yes,0xf77711a0920621e5c5a3f69b102c515936414e2d26645c3525521dc58ab06e21
SELL,0.999,13.02,1728825714,No,0x484a1018b51f830d1c2a67b9b24501a8cd47d92be428fc7a903cb08b19493b4c
BUY,0.001,1000,1728824042,Yes,0x36fe4904ada0e6a477628c08909d4ee650fe146dd0a7db41ab1a730c67d9be03
BUY,0.001,10,1728822674,Yes,0x2f00cdc89db19077e65bec0ba523334cd6d7204de19dad86aad8cbfed9f4fd88
BUY,0.001,5,1728818964,Yes,0xcf8e7e43e659970a77f3ba075f9800a9884c443c3c3d08e7550bc0a51f8cf737
BUY,0.001,500,1728818052,Yes,0xd81cbb5008f2fae4a378b6abd96b431cf53a92328324a6427a5159f2dfb0a692
BUY,0.001,123,1728808592,Yes,0xa88463fecddf3202ddb794a0aeae88c07788ef1e97ed7ddb9edb4f4733d0cad8
SELL,0.999,8.08,1728807656,No,0x96c4c30ac0f30e441dd1789ce792014068fbfea64ef5796478a57f9e30f50632
BUY,0.001,41,1728802914,Yes,0x01ea0dd426792c831b42c030e35f8c10bf42ce54b9f6294cc9c7b8aa6898fa70
BUY,0.001,132,1728802378,Yes,0xb17db1c1382a321c8b7654942bc9b5481f496a19872bf94cc0c7fd1cfdfd1472
BUY,0.001,2000,1728790987,Yes,0x370774e18acc7b5874830b16c7fd62712d48de579c73b3fea890b3de968268fd
BUY,0.001,2500,1728782743,Yes,0x675fa91dbe04e5f777e40b45c95e79d68962dc3fa41e1c00060aeb419d80a6eb
BUY,0.001,100,1728762175,Yes,0x9a2b22e5ed4218578678bd4809c7c50148cdd4b38168f6f6e228f562b312c01d
BUY,0.001,5,1728760239,Yes,0x0d7c1a8adc66ca414c5a679ae8fa186d587b2fffc7fa04ef176d4c84c747d056
BUY,0.001,10,1728752373,Yes,0x5d1237296375ed6a096c36230beef3fe6ce477daa566ff6c7f49dd73b60f1fb4
BUY,0.001,10,1728750131,Yes,0x0f2399506fc039dd5e73a057c32e6c43e11fce02fdbf93a1d3f5ba14a921d01d
BUY,0.001,10,1728748877,Yes,0xe7d25bd2f1577cf88aee33fc9ea32b718000708b100375486cff5438a4372e86
BUY,0.001,10,1728744580,Yes,0x9714a3f1088cdf7f700e2ac680d6b0b98552c315a5f9f71b195c7c004082bbb7
BUY,0.001,10,1728743774,Yes,0x0f5a996ca6f8ee019f02c3eb656c090fae82a75bb165ae7b50207b10e68f82fd
SELL,0.999,2.41,1728743280,No,0x1ba52d5a73bf4d9fc5411008b503f6276839c7d1ec36d122fda6a0f04b659471
BUY,0.001,750,1728736779,Yes,0x278f69a37a58db3dce1cf115696ba158b3227903dc53d25f3a07f270ce853c2c
BUY,0.001,10,1728735446,Yes,0x29da1362f1d40665fb6b79639bdf3deda4c0ba8a13058cfad527476f1c10da96
BUY,0.001,10,1728735222,Yes,0x1d06dbbdb51dd548ef59f5b707ef93aaa17306ee0e3cafdfc20221283a70cfeb
BUY,0.001,10,1728734738,Yes,0xbcb288264a84640f42b78cb5496032cbf7b49e5840adbc24946d581e458a8b46
BUY,0.001,10,1728728830,Yes,0x390052665ca8f936f13d16c4ac100a60189ecf9f3c97e809856886390643827e
BUY,0.001,10,1728727192,Yes,0x0d4abdee43ec3f813d24f5cd7566cbe4951f29e16b4df3487c8deedcde3411fc
SELL,0.999,6.1,1728723546,No,0xf44093407ffb4b8fa443f11cbe3cce69b45bbecd9e6ad4122b727d75e37ad670
BUY,0.001,225,1728708773,Yes,0x26fa8c67471e5b07ddc19ad132f5e06905ee179b400e2880ff80431e7b86b928
BUY,0.001,223,1728708553,Yes,0x9b8eac6d57e751206645da83887cbb05280b0a947675d19e2f711fd929157687
BUY,0.001,6290,1728704300,Yes,0xbc181c73e70274ef30db3c69aa19a6a20c096414db2f235b547be22aa3bd7887
SELL,0.001,38479.63,1728692773,Yes,0x56ba2c625297463ccecd5ac364a1c72c278f145836d8e2dfeead4dfccbe5562b
SELL,0.001,642.28,1728692769,Yes,0x0ff0729cf3fabfb1d88c49e5fee56dd7b48eaec89098103de78dabde7986d4b8
SELL,0.001,1500,1728692753,Yes,0xceafaa04171de3588bd163998881e5b9eadda9052061219ca792d50fea4567d0
BUY,0.999,12359.79,1728692745,No,0x2e20a07f015ef7b81ecaf4f29ba26f1d3eb4be1ad4e712730958b29f399534c2
SELL,0.001,1500,1728692737,Yes,0x59527f97f09b22ffae449436f22edfce69a70a8f7ea2a1684003ee990a19b73a
SELL,0.001,140331.6,1728692711,Yes,0xdf917818e0630e1dae3822a81edf11fdb09fa618208a29d09991b7afd8866b7b
SELL,0.001,1500,1728692701,Yes,0xc2595eea4a3720504f9ce962daba3294bb140925d169f68bc88a59ca17432adc
SELL,0.998,733.73,1728692115,No,0x83299032f38c6858dedae6f5036e1b278b7e56219c548a2925bbdcbcca8a2eef
SELL,0.001,98500,1728691809,Yes,0x4694e0ba8eca0f2bb3bd7d0d07427aafa1d724ec56d7d563b2c7920c0f1814f3
SELL,0.001,1500,1728691797,Yes,0x36dcaeb3c8f0e111687baf7389aee26487b749a6623eac3d50f101e26b7efd7d
BUY,0.999,733.733,1728691685,No,0x4de9080c63a132eaa3fb83b155db85db96bf892b0e650a64448670958f8b1155
SELL,0.001,415237.58,1728691479,Yes,0xe487f9852093a118a66b10c79187cc6a26fb782406aaabaf629114c6cdaed0bd
SELL,0.001,917.05,1728691463,Yes,0x7fd84460e29f6a4336e50853dc32845a2097b83be975bfdcb85b15526b9654a8
SELL,0.001,11024.87,1728691461,Yes,0x1bdebb461c65cfed78345ad7ce89dbb45fbd1c40fa51785301e8aeb71caa8d03
SELL,0.001,582.95,1728691449,Yes,0xb0b1588628fcb192d5acb84cecdb256bccc4529138ae2022c6c81a01cca61c27
SELL,0.001,582.95,1728691443,Yes,0x45ba443dbeba3b121fa5ed2f3a99f8c5625db8091b8d82fd37e93952e90ae6a6
SELL,0.001,11381.3,1728691439,Yes,0x090bd34bd805c4920a158ad92632fbf1f74c7ff865d2ecebdd46439174dd768d
SELL,0.001,917.05,1728691431,Yes,0x824fc3f12a38a7e5eefcf54dc9cad743c4afae6623e3ab28f55c2ee40e1b66be
SELL,0.001,11358.89,1728691425,Yes,0x073e8a89173a74da5e9cac69179528cbdf92caa7454753d69a7b890af653c417
SELL,0.001,576.52,1728691421,Yes,0x52cfffb3b1a32f94001d4137834957c8ed25cce5bba68b06ede7bc52d2199757
SELL,0.001,576.52,1728691413,Yes,0x293d041b23f6ce13684b8067a861fb8f9620c308254f7f7053d6463db0b0caf9
SELL,0.001,11481.38,1728691409,Yes,0x6648b5075ff1599e7993f861f032d31f6ebede922ec4d28d1127e658008bdfec
SELL,0.001,743.27,1728691407,Yes,0x5b7134ca6da4a587750835272c44c0356fe560aba1eb4c721ba6342dfb15b173
SELL,0.001,756.73,1728691399,Yes,0xee91086694eaf2f48f310018e3f703174e9d45041d79de8c888acf0fa9f38b40
SELL,0.001,11984.66,1728691393,Yes,0x42372ae9d02b5f74e7c081b2f44fc5329d03c294780f1c4d4faf566c7cf8e260
SELL,0.001,166.71,1728691385,Yes,0xfad954c5b6c544f4e28c97134e625fefded28108f0dbb8f26d05fe8f37863e54
SELL,0.001,1333.29,1728691375,Yes,0xe6d8dea9c138de0c13066727b9c4344283e4c15d7179d2d42d78d62289366e79
SELL,0.001,166.71,1728691371,Yes,0x4a1c5775f35e170a106408dc59fb12581d344868b5d85a10e6a88f0741319224
SELL,0.998,45.72,1728691353,No,0xd271b27800bde07b19f0e53f91687985e4958ede153c8cc775fa3cc97b5aeeeb
BUY,0.999,45.72,1728691321,No,0xd92c769489ea21f81ffc462b2de6f685862b0c53ba77ba0219cc320d74a9cd02
SELL,0.001,20000,1728686220,Yes,0x4017330218f0a7f8eb6810d7038566b150f9a672b355d46f25bf61307c5335d3
SELL,0.998,44.85,1728685824,No,0xba41e9fa23cc480fbee2ba2033831fd08c1302084273aef34cd3b215dd66da12
BUY,0.999,44.85,1728685792,No,0xd925035c03671e3cb17f49b20e9102da09bb92abd4cb9f355d27bec11c8121fb
BUY,0.999,20.49,1728684726,No,0x472104773ccb186fcf51648e83e49070a16e002430a3dbe9a10ce613aad0fbcf
SELL,0.001,9894,1728683898,Yes,0xe2987b9353de7cfae0f05ce76bacf01ddca0947f1466107a43d684e9c3ab58a7
BUY,0.002,9894,1728683888,Yes,0x476f9869ba7f250d3072e8c68aebfd8a1b3e0e7a541f21ce032b99290c2ac6d9
SELL,0.998,51.2,1728683502,No,0xa55c849f2b08511b277b563350eda5c4676405915704fd789215883d35455968
BUY,0.999,51.2,1728683472,No,0xdef8ccb9c71337ea91756637a8df7acd386d6469ac05cb1e471fc633156ea428
BUY,0.999,134,1728680814,No,0x753087c94da44c7967bd73dc73cba50cc22fb4fa0670dc5e5507b3752d374b5c
SELL,0.001,338.2,1728680800,Yes,0x5a7dd4bfa833aeb9c3851a352201c4dbb1688ff272dbc9fea09191314e0914fb
BUY,0.002,3589,1728678504,Yes,0x3aa741e09e28d1fb670bee1af9de63e6e863ae4e41f50c47e36cea9608f08e46
SELL,0.998,53.51,1728678464,No,0xff0fbd658d8300226bf4fe8658f8005e121ce2df92eacd1b0f80f10dcdabe73f
BUY,0.999,53.51,1728678438,No,0xf4ab406158f69068fab0c8a6869572e9ebfdc026b9e86138c3036ab70a6089eb
BUY,0.999,21,1728673915,No,0x1db5df0054a3762074c786c1d879b748d3170745b17855137b62a5c284e5f301
SELL,0.998,1982.68,1728667877,No,0x53e51a092c35a66f695f6a2d14c8d65bd10948f26b85a6f43c132baaafcab634
SELL,0.998,1979.26,1728667871,No,0x1d993f9f9117d279acb734c259ae0f0ec5cc41709dba66615576582ad232cc41
BUY,0.999,1982.68,1728667154,No,0xbdb524e166fbc7a6ca95c251829dd7d210d4415564501fd6ecae8299fca0e150
BUY,0.999,1979.26,1728667146,No,0x436e7bbf9b13b4a61cc16ba6bbc89eb99736adfd56afb7cfa54f6f66300ac030
BUY,0.002,5,1728665764,Yes,0x23567d2db91dd68ecbc061255eb5fad9d5244f3d452598e552c503227264faab
SELL,0.998,2087.11,1728665626,No,0x85c9d389769129a87cf3f050f19647d33fefbfd5981fc142baafee8193b575ac
BUY,0.999,2087.11,1728664629,No,0x0a4984ff4dfe1402398e8dfdd04987683fa7f4177d055e91b27168d8ed342d74
SELL,0.001,654,1728662848,Yes,0xe9d3d8363268791f9a6166aabb92e51eedad60aa99412ada6c216df094076b9e
BUY,0.002,670,1728662834,Yes,0x3e2ca700bcc5f289ca93399b44b8761773906398f95c4863106087e345c42319
BUY,0.002,1550,1728661766,Yes,0x55da9fc45ed8333380085d80543d4bdcdac5a93be416c358c4c6fd3c2cbdea63
BUY,0.999,0.1,1728661178,No,0x7bcc1038275a5ab1f1d8a7411e21ca74a1c64d674a02861a2e7dbc9984bf505b
BUY,0.002,1000,1728660148,Yes,0xd9a5c66ff05203e5bc97d0cdd65d52b0d4ca655190cdc08fe002e91be5fb3117
BUY,0.999,134,1728659742,No,0xd096f586be79fe02f58ec9acffbecb321f3c127a70b3cb34d2a701cba0d8158b
BUY,0.999,20.3,1728659192,No,0xed08950e403f5f7cb5f7ea17c851865a4aefc169cab0362c3941a472138c7f27
BUY,0.999,0.1,1728659184,No,0x478e504c05ba97b39379ac03abb4d8d7f15478f52a8314625928807abf951763
BUY,0.999,10.27,1728658918,No,0x815971311c763a06e6a4d0f197a76b19a854e68e863dee1e0ff1b93f650a22f7
BUY,0.999,117.24,1728658297,No,0xcb8adb51542005b95dc1a6345c3d1f1294713301eca0f5d8c1cac06ae080d7f9
SELL,0.998,1,1728658087,No,0xeb2293ba4992e94a485228c5d7b967d78908e6a7b001b4e37d59a191ee620119
BUY,0.999,1.001,1728658077,No,0x3a5c9eed3916fb7255c73ab985d963441c0e26fe8c71399ddb29dbd27ac9fa60
BUY,0.999,0.1,1728657685,No,0xfc907fe50ff7de5f8b1599e14187c62e9fdce701d7cfbe05c92220d547144a85
BUY,0.999,34.65,1728657497,No,0x027711be7097d81fe7de7fe813a0aaf6177d5c9bf56ada3147ffaf1af6b45160
BUY,0.999,1.31,1728657305,No,0xae34b64d5eedbd97b39000711c7e2835382cb8e29c5c3be46fb0f1b9c62cb465
SELL,0.998,14.27,1728657267,No,0xa2b1308719f26c48b17bf25bef283d97b97839106e77cf7fb64d647de999f687
BUY,0.999,1.01,1728657257,No,0x12be732fe5de99dbc7dcb2387920be146c1be347f52ac152fed6b5dfa1a4f271
BUY,0.999,14.274000000000001,1728657233,No,0x06b75b3432f01add5f81cc38de5e1c875ce8625b808053423f868f4e1c358abd
BUY,0.999,116.71,1728657135,No,0xdf61523b2793e79d5f35544d9522ace06462fcc924f7ee5dcd6a08e117d1b727
SELL,0.998,2000.88,1728657051,No,0x417f6223875c8bd14000951ba7f462c58aa4ef9ed13157ec22469fb649f2b062
BUY,0.999,26.58,1728656961,No,0xc7b0a3d1f61e6c23d13e727bf854a03c6d5ac051cae8c28c5add5e2143f5aeea
BUY,0.999,1.41,1728656723,No,0xa84e9d1250ed36e4f12d1e830e14619e8fa5c0342ec6441ff8f9b0946dca8336
BUY,0.002,5,1728656531,Yes,0xfd06035cf66c6e246119f3e5b7dc15541d61b8b17e60b31a45f74355bfe77801
BUY,0.999,3.85,1728655767,No,0x752fe9ea47d631aa79f3fc3d78be89d6a4e30aaa69980c416d90108a27217e62
BUY,0.999,0.1,1728655697,No,0x967156f3adc538c9914c3a41210ba6b5b19f0a711af0626a7c4443b03c0e97ae
BUY,0.999,2000.88,1728655607,No,0x3ceeb3aa4703f6e2fe820dce37db124bb8b7088afb884608c73012bfbea83133
SELL,0.998,48.29,1728655021,No,0x63702f6a6b61d019b8bfce3962a20259dc217df686185875dfbaafbc837760d1
BUY,0.999,5.17,1728655001,No,0x189565f2bae5fa03745848c22b6af0ae55ebf18ede14d29ad8ab74e5d13ef364
BUY,0.999,48.29,1728654991,No,0x0ad9c6326220bcbe0186cc2f1ec47c008488c94442d94f5f0ad6482268cd92f4
SELL,0.998,44.73,1728654915,No,0x8e2052656273e87e0f3e3c31e5c8ff4b79d126964fd577c64a0542d2c71efd88
BUY,0.999,44.73,1728654885,No,0xa4db5504d791087f00faa228ceed32f2c24ee5a052b96ccf7682b981e0fe9f04
SELL,0.998,2025.04,1728654243,No,0xbfb1167a058e0b1e6c9ddfbcc0468572ac467130d0b7a51dfd97a80cb273d8ec
SELL,0.998,1999.18,1728654183,No,0xc0e35499275a7858ff1990367b33db8cdc42ced1b8b90a09c331a828179adae5
BUY,0.999,0.1,1728654153,No,0x82544d8e5ab6ab708f3573d7cb686c1a25b2a330d0f5085cbfc85aee8dc76a42
BUY,0.999,6.006,1728654099,No,0x62090c803e5ad9679794dfe96cf238009434e533abb95c3082ba8d0032f3c6b0
BUY,0.999,2025.04,1728653521,No,0x741f542598be51cc44b1d6ac38e849ccd5a267be84d08c07734a7c79f3fc2d12
SELL,0.998,51.09,1728651845,No,0xfbb6b78b89a2fb371ff729fd8161bcb05fd030891dbee91d294c3f9ea4d969ca
BUY,0.999,51.09,1728651811,No,0x1f3c50b48a9b78cd64d511ba2215f9f0ca4cfd3b86f9d99eedf14d5a42e8afda
SELL,0.001,2100,1728651733,Yes,0xa9170e5222795ccceb372b55ac3960f53473be7f665100f341e8aad92e114788
BUY,0.002,2100,1728651705,Yes,0xdb7387b109f27b1fa1b753ae1fbb056bc3c5f7b1b1cc9f4bb796ec690308d43e
SELL,0.998,20.49,1728650201,No,0xcb83ce870be81c4c101ee09b9cb3f8337f99ca5f5d669cd94776d3e5cc556e22
BUY,0.999,20.49,1728650169,No,0x062c35ba8a716319c97e909f66293086d7d296540917d8a626a3ba32036e9f2c
BUY,0.999,1999.189,1728650127,No,0x335ef5541db07b589727a7d4272d9953b34096dd8993f21d28f8ffb8ff522d31
SELL,0.998,33.64,1728650015,No,0x041cd0c3a427d86e58611c0951c3e6339f75cda3f79bc2a0b9631ebe8d8fe5fe
BUY,0.999,33.633,1728649983,No,0x8df937d67559ef2c6d2e597de57b0cedafd83d9d430247657e6a61dee4b6a71a
SELL,0.998,3.99,1728648881,No,0xe445f0f8a25ea3e205989ed9335e5745a26816cbc54866006285fd121f72ff76
BUY,0.002,5,1728647655,Yes,0xee847dd9a169d6548817fab3c995112a49d339d3deed9744abde380b54da94b5
SELL,0.998,164.16,1728647453,No,0x3bc51067d1cc813e179e321ca6b0f95acae0dbcff1f450f41149a5d9cf9edfa1
BUY,0.999,164.164,1728647437,No,0xe39624ef83f6df2d7948a2b906094510f03650cb38e3602d6ad17630002cc6a4
SELL,0.998,29.53,1728647365,No,0xa14f64927d737a9fac3d75d60c2e38c67034996429d447fcc46bdf526efc6481
BUY,0.999,29.539,1728647333,No,0xc65f851b860e04962eaacaa45ff1016cc10d5f27e2c4aa433723ec2fdb3e9e31
BUY,0.999,6.506,1728647187,No,0x1347c391b6b60a1772837c8b41f4109c955361c05400e4bf34a48058312413c4
SELL,0.998,46.83,1728646709,No,0x389a89145bb6e1bccac48297c7570b780e59ec17708f9cad55f2b8d1000ed407
BUY,0.999,46.83,1728646677,No,0x5b035d07248fed8ae174f7bb6a991e5335fc9c5f8892362b42ccb40384db71ca
SELL,0.998,28.69,1728640781,No,0x4fc8ee0e7ef1c60c66d469af6ca25aaf3a1351ba5653187079044115eea0f6d4
BUY,0.999,28.688,1728640769,No,0x4ae834e4ba684fbf2a8369b60430026c3ac0606e72a93a93f00ac58b43c78e3f
SELL,0.998,27.55,1728640645,No,0x853060077624c13ee30eb3a493af458f430c18364f3cd8578992792185006332
BUY,0.999,27.557,1728640633,No,0x9590f2d8f9065085c4ffcaa27009a7e43f595ea329d7389f35c9d96677c6412b
SELL,0.998,2295.51,1728639247,No,0x0860bd1d55ec337f435d436caaf73ab6398e62b84dc59ef59b6f8198e5fffc8c
SELL,0.998,47.66,1728639023,No,0xc064f0e070ae509f00379d38585ec26497d604f4ce0db05b8b7e3eefcd5fa2bf
BUY,0.999,47.66,1728638993,No,0x31c4b686ad21618b47026087eafd07c9604815a9e791bfa60909014c72d3ac71
SELL,0.998,27.93,1728638869,No,0xae5f1272458547fb177617ddc1e34fbf59a33b1c4964bfe22dd135b277bb3ab8
BUY,0.999,27.927,1728638835,No,0xd4006714363acf5e1e728679a67c0be4c5c8ac1ea27a72a76c46ac325750d999
BUY,0.999,11.941,1728637869,No,0x4af47c2fae6e67551376a88501e88d314d05000d6d1c25cc628e47ea2b5c2664
BUY,0.999,2295.515,1728637275,No,0xa38afeaf7697805881bc711c6f92123353d95660ae47edcc609ac4f284f978bc
SELL,0.998,28.59,1728637091,No,0x7fe191b1350b8ebc921a9c7b76577be47ae05ff4ac5a5eaff607a579ca44b86f
BUY,0.999,28.598,1728637077,No,0x8d816e641b6f98066f558f6856b81bf60ba3a69b00b0f6bcea45055d07565930
SELL,0.998,27.75,1728636939,No,0x8c637cf6e2dbb7d553351512612c621ab1537a2ae8d80785d099a761fa26f3ad
BUY,0.999,27.757,1728636337,No,0xf29629182150c406d5572ba0dcacf0a8ea6b556ab8ea8596994cc403f8954671
SELL,0.998,1062.33,1728636163,No,0x7ea469418c8cffd99f76ff9f8eb055cb4c06a53de5bf6284a1e08d6f4599e29f
BUY,0.999,1062.332,1728636123,No,0xf90e31e82e923fb5edf2ef0eaae51c3cd6a3feab99267bf304d5dac0f8fd7ed4
BUY,0.002,1600,1728635523,Yes,0xa30820130be1e3fd264486c7f5c0410512ed60e7fb5b09c959948a44ede08026
SELL,0.998,30.03,1728635339,No,0x41fad4f04b595ae361c49350a05ec90f0843aeeab9b440b58603ec8e437168e4
BUY,0.999,30.03,1728635307,No,0xeada4bceb6b4c3f7f8213903fd802cd48d1360761291e398c7286eafd255d47e
BUY,0.002,1000,1728635085,Yes,0xe6357aef1a5850a0a61dfdc470889319be38a9afa52b61f0cb06d15261b3d56f
SELL,0.998,27.26,1728635061,No,0x61d8a34adecf90db2544106e23ed145bf22c25f878f1b1288847a80aaf24b208
BUY,0.999,27.257,1728635051,No,0x6d22d34b1044dd24c515330ee9a1190d66662e059c635660de555eff12f88550
BUY,0.999,5.005,1728634355,No,0x3b437b4c402423532cef8e95dc93950af4eb1f8adcdd0946a9f4187b9a9e299d
SELL,0.998,30.03,1728633995,No,0x9c44fbb27e3505d7b726464674e4f560f8b1d37ea365be0492723f4102bf885f
BUY,0.999,30.03,1728633961,No,0xb5f37f2b17f73ba4f0315e55be59d2b49211069b3ef557d990a0edcf0ed8989b
SELL,0.998,11.76,1728633479,No,0x81c40570d2a26ed24096799367f7e417a85b7672ce8fe6666c2f9b20ef3522d9
BUY,0.999,11.761,1728633447,No,0x4249f6f1b2c3d87d0b8ce3da7c09e2b8c1fc832b91f6aecdab227ab8769826d2
SELL,0.998,29.49,1728632797,No,0x2843fbff5bc1e05efc23381992eb97e90103cb1efe86551eb23cadc848cc88f4
BUY,0.002,2000,1728632743,Yes,0x9002a0867d93a8f6d9bb221c390d0d2f834f74ff2544a304a87ccf92f155bffd
BUY,0.999,29.489,1728632453,No,0x586db7ff9b5aa644ddf6525ae9772cc8cfb23ba2af1fee7e5b34bf90921366a4
SELL,0.998,2458.45,1728632109,No,0x19c8daff634c3b0dbf2811e4d5efeb5152b8212bf02b18f7d5f524830d8dde73
SELL,0.998,25.1,1728631733,No,0x9af350f5a4a2c76fa9b1a5316bd5ea7fb7f8fdb8183f5d4c962fe072911012ff
BUY,0.999,25.105,1728631717,No,0x2abc8275bc3917f120b0c766a5e842f7dcc729e33a1fca0558d4046c021a7f2b
SELL,0.998,47.71,1728631619,No,0x6fd75f830b49d4a0d59dccd122e66d6fd64ef50d07d963460c1ad4045d9c0f08
BUY,0.999,47.71,1728631589,No,0x61be575df2b7a803e54ec54adc72a2e13660c29f4498cc6d92c82e431f6e2239
BUY,0.002,2000,1728630375,Yes,0xd3a4a846743ba240dcdf711c02611b4c13ec3fedbf7d18c23f43e46b2c5cf87b
BUY,0.002,1500,1728630249,Yes,0x164e4e021c8e4056beb26c4b62807076f102a486e58c23e79273d883aaec5d42
BUY,0.999,2458.458,1728630109,No,0xf2f7b1b8da320e4107360c166ab8bf6026861c6988a48e5493641f20b04f2fb5
SELL,0.998,201.2,1728629953,No,0x4bb44314813c2aabeec9dbcf7264a833db22a90390c08dade9b8be2cf0876550
BUY,0.999,201.201,1728629633,No,0xc6d23bcf0efc0203eefb97b1be90f4edceb1b90ba9158f1990be36d29828f084
SELL,0.998,29.16,1728629311,No,0xa1cfaefd986ef6de4ed3668e20615143ed0b203c993d8bdb351ee1147db5ef5e
BUY,0.999,29.159,1728629279,No,0x91a89f1f59d8f55945be804975379e2bd02dc5c6022491a7bb3b3ea95e94f3d1
SELL,0.998,25.61,1728626523,No,0xd4d3f8c03f09cac52ad4cc094f0c343625e2d02b8207e2be7a3587ddde2266ca
BUY,0.999,25.605,1728626491,No,0xbb6cda3b826707465900374f61deed179beaba1bc69f4e01779ee2f71c07cac4
BUY,0.002,1750,1728624175,Yes,0xc7b57469a1773dbe6a581e189b7da8c61d2227f4a5c20b02f9bf17bb72843548
SELL,0.998,46.72,1728623773,No,0x42ee047438859c92547502ceae850fb076bd4df449a41a069a25b743c88c2a64
BUY,0.999,46.72,1728623743,No,0x6d45cccef819fd4deb2fc43197f88de0373ba3bb4e1c665f1fb876bee0809369
BUY,0.002,1500,1728623613,Yes,0xa799da3d031417444c808d432330e13eca180789874eac8d5f036d7af1179306
SELL,0.001,1100,1728623351,Yes,0x04836b5e46e7a1b61ccc853e93372aa55b59390287a050d094e02dd190893286
BUY,0.002,1100,1728623293,Yes,0xc29a98545d98f85fdbf146d6bf670598094eae67bd7e8c21f454f254950c8375
SELL,0.998,795.5,1728621292,No,0xc9ea7c535b04f0adc09bec0595c5a5d6f6958b351241ffa85dc5d8123e93d611
BUY,0.999,7.227,1728621208,No,0x4edb2be04283d33f706227e5dcf114c7df45f43fe68be17ac16692a874a22990
SELL,0.998,48.75,1728620716,No,0xa8b9e7d4c03564d7cc41c8b7f12224db3a23fe859966c8d00d8b2225077ef96d
BUY,0.999,48.75,1728620688,No,0xb21d58b1ed27652367ba88187497726a0310434a8c6706adac93d863ae20391d
SELL,0.998,5,1728620307,No,0x243e5f29aac8c8d31ff9ce2618534ac7d25e80673379b61ef58594c401d7f593
BUY,0.999,1.321,1728620271,No,0x0d523d6e108f022d9d48331a597568401eaabb11f3875e3442635a8a29587ac0
BUY,0.999,0.64,1728620271,No,0x5655119148a6ca57af4793152096e2c1365a60b53848d5bae15b38c5af93bab3
BUY,0.999,3.043,1728620269,No,0xa4fc0a11270ee107fe5d95b651bf0cda1e5e4a299df41507fc66dc2471bac0e1
SELL,0.998,26.42,1728618884,No,0x615ff7e6968e48c3c5ee7e5aeb6103dda49823f8d2630c44d4da9b18a3de88e9
BUY,0.999,26.426,1728618870,No,0xc067745080df8a125962e315766e8e54a6140f1b303d61276e81559e8ea2d504
SELL,0.998,59.12,1728618723,No,0xf9905247ad4094f23cff56cef9b524ef6dd34b08ed838ff577865aada5b4461b
SELL,0.998,57.48,1728618723,No,0x2f2207da9cafaf45ae5fb0b98e1785944595fdf9f9164c71eaba9ca608e7ce80
BUY,0.999,59.129,1728618645,No,0x19756f8f51973cd02ad7ee71c88d23a99d1041a099536e5aed5e12a7b5061951
BUY,0.999,57.487,1728618645,No,0xf39d6fd24a6cdebe75e0ab5089176e30fb519d7bde9f78e15dfdc6ccbd1a04b9
BUY,0.999,795.505,1728618473,No,0x0d894fc79441788ea63bb13386760bcfa62205dd38b6567d482661fea119bf19
SELL,0.998,2350.82,1728616608,No,0x7c411c9c0ccab73538b40f84f052293cd7f6ea6462db873b76bb654fb2adc98e
SELL,0.998,53.34,1728615430,No,0xf2acf48193a8343034cc6075f62f220097e0e1746bd0333a60fb857cc8fd4f9d
BUY,0.999,53.34,1728615400,No,0x930653b0ac0eca5074d0f01565ad35c7908495ce0b0c217bb0db3133b0389712
BUY,0.999,2350.82,1728614789,No,0x4a3bcd602f5c11253187b39e56625e5b9b26faf8254f6fcf2e424eb45dbba3ef
SELL,0.998,2542.48,1728614233,No,0x637a93358d88336424dc5b7ff59309c4d8a9da2290c6c8395860e450a784337f
BUY,0.999,2542.482,1728613507,No,0x65ababe40f86c0c4cf36a0c9806a91ca3e3fa2e49bda11373e291c60e1982a0b
SELL,0.998,19,1728609952,No,0x43c740bdf90dbca898add825db51eee77eb345cd4a6f2a1a0f578843adfdd033
SELL,0.998,45.39,1728604722,No,0xc3184aa21a52b54cbbb927222b5b390089c57ec2d06e4e5bb6a2976b89da3f4e
BUY,0.999,45.39,1728604694,No,0x2921a3585ebd2f685b2306d01d6fa60f0fb933cf705c9dee2586780427ca6fc3
BUY,0.999,58.38,1728600926,No,0x3ebf9148c22924666471c4f43f01a9a4f62e203111ae23c1ad41f3686ecdcbc8
BUY,0.999,21.29,1728599666,No,0x6d41930e7e64677b8ff035f7eb73378252c672a5b5f3a7773efff26e6f674477
BUY,0.999,54.32,1728599508,No,0x4568a37945ee5e009de0963e1362094a5c32e68be8a9493b907137352f0ce8e1
SELL,0.001,1111,1728599414,Yes,0xc25de5bb7c0dd4831edf89eb84094b2abd3da26926cc5bbfe9fd00ba7b18ceb1
BUY,0.002,60,1728598726,Yes,0xb073fa27fcc542c5c7929fd002fb5f539a5c06ac87ae7850e095c6caea9ce728
BUY,0.999,20.47,1728598058,No,0x6b27b8a08ccc6b292b9346ce7c591259b7460784b686391c43c63837291c239d
BUY,0.999,2.02,1728597762,No,0x6be54e30d44f8b7f53266291504513baf9d7d5e5687e4c5f644083dabb139849
BUY,0.999,4.34,1728597220,No,0x5354b5def8146a8ea08f85af0589c52a3b6f6f1050df42972820655a60d0f95f
BUY,0.999,10.14,1728595904,No,0x8a5880294310049edf8a061871289d8f210cd2850082136c00241b92a1e492fb
BUY,0.999,117.31,1728594404,No,0xdcc385cc775ee9252cc3bb0b1ea6936b31655de856eaca401300e1ebe9a2495d
BUY,0.999,10.38,1728593038,No,0x5944cb375802f7cccb47118250aa8d706aa9478461a655ac608ab809bd8d7016
BUY,0.999,21.29,1728592752,No,0x91bf4f013243a20de2268a2529ab9048958b970d9a75927ae7a1164d089aa75b
BUY,0.999,5.82,1728592232,No,0xc9264e5a0d1246abc9a4d34efd42483aab1d80e1bea7c748e53d901855e68571
SELL,0.998,50.18,1728592028,No,0x252f4bdc0621087a73ac76e3636474a85390cc7948f777cf6031a1b537b2ac16
BUY,0.999,50.18,1728591996,No,0xdfcbc085e466efb9de4625aaec1feeec8cbd84d7a017b9d19015ddff76e45f1e
BUY,0.999,48.19,1728591818,No,0x707765d50a1999f9b722acaf68be1ec894ac75bdf331b4f5babf3bf9ae49cd3e
BUY,0.999,1.01,1728590448,No,0x9bfb1c356087d7617a0ad3729d1aa5c2d3c49a3eff33f708f511a379e9e845dd
SELL,0.998,14.16,1728588944,No,0x0ba4c5ae0f15e78399030e4657c9ed72abc34b265ed70e930ac35a33215c1f9d
BUY,0.999,14.16,1728588914,No,0xd8543cd3e7f80e4a3dfe230d6b83fbeb0820fd548e023d3803565dfd46016277
BUY,0.999,10.14,1728587212,No,0x0447e4eb7e415115f553ebdb5a7da498e67c5c29fd3303cde559eb152935cad0
BUY,0.999,78.29,1728587020,No,0x68a889723c0e04be4303bab08d1a9ed70243802ec08318382808ef6729aae0a2
SELL,0.998,52.62,1728585568,No,0x563a11a8ac7ebb18f0b7d60cc9450b9896e9384e2cad15995e0ba05f195ca8eb
BUY,0.999,52.62,1728585538,No,0xc46525aec91e4d481c4dd61c589aa8762a3057c07c303b49335a51b259b6bea1
BUY,0.999,5.45,1728584948,No,0x930135383fe8fd8e9dd73b102cc6542cdc9224ccab837fcac70fd28cc116204e
BUY,0.999,62.88,1728583520,No,0xd7f3ec7340c943398215df2c22fd29b743349ac5ba2e9c3ca8eb26bd0e287c12
BUY,0.999,1.01,1728583484,No,0x45a012cb569bcc773193ccfc570e1d122dc19c2bc44d9f735b4f72c7c1a84f2d
BUY,0.999,1.01,1728583176,No,0x1ba4ca37f22857dc87e0523653f8f87885b903625a35ee00f048afdd8a35276e
SELL,0.998,47.36,1728583162,No,0x4fd199c455c52adbd27c0ac13fb0091ea0330cacc81d126e8675352b11069acb
BUY,0.999,5.07,1728583142,No,0x390da10eb5010b1f42d1f3695744cad18c4910977bb9a0164cd42316e79b1950
BUY,0.999,47.36,1728583124,No,0xd5ace0e84c54b6b0995ba314696cb9823c601d8715bb0d2b0e4e651b779a7832
BUY,0.999,84.93,1728581258,No,0x7c21865c662762618f3d82ded564b5e435654aaf0f2e243546cde56641b54cf7
BUY,0.999,52.08,1728579980,No,0x0e279a77d6d7e9029846b949e8bc2ee9f826c6ebb180c4f32390e51984d9a80e
BUY,0.999,5,1728579824,No,0x5a8631f77aa917216efff5b392f7f860716ab7241618a8605dba5d09021a54d1
BUY,0.999,11.97,1728578460,No,0x586bbb8c4acbf44ff5f6b605530dc8ba5a5471e7cc80484bf0c0eb8542fcad9a
BUY,0.999,1471.55,1728577438,No,0x68c0862b814a55717ce0c5eaa8249d2810c9996ef2ef72ccbff25d3e186ea3f7
SELL,0.001,1000,1728577430,Yes,0x82630944965064e1c9138fdd33b5f960c02f8f6a7708fec253be34ebd0650020
SELL,0.001,11780,1728577048,Yes,0x152d2e75484b22871866dce98bc46cb6c475a01200e1e1d097a62caf0d61dac3
BUY,0.002,11780,1728576892,Yes,0x7a2969d430261808077c003f522b6d33b592414ab07a7e1fe67405541fc0807d
BUY,0.999,389.47,1728576744,No,0xf69de1c7ade835357e66b88952648509876837c79f7f942ec48916b331e33da3
SELL,0.001,1000,1728576738,Yes,0x1221edd678f18eb99cf43a583296cbab0d1e70c47c352be502da4b0bb50451bc
BUY,0.999,1.01,1728576406,No,0xcf8d4d947c8696ad00aa9224cc23e2467ba9ff92ca8f26a4c88a88235cbd559e
BUY,0.999,1.01,1728576372,No,0x227d04c77a58b633758575759b30b5d5f09a37f3774364418ae5d21dbd091935
SELL,0.001,44.41,1728575866,Yes,0xc50335fd42ba97d4778ac4f8ebee471e3226d17ac89b6104c3d4979986911b24
BUY,0.999,47.79,1728575732,No,0xaa960fc1ea25528354dc5cef45c839176dca8ee0897671feacc43f85d4b3a1d4
BUY,0.999,20.27,1728575576,No,0x072c317703354ef87aa1b32ba3e8b51ea3bc7411f1b98f37419160143cdea2d3
BUY,0.999,15.21,1728575534,No,0x2224b86076a22ac86516d8e2dba8f18b1bc449d4eb93b3061580cc878f530a07
BUY,0.002,5,1728575482,Yes,0xfc42a516288ddba3b7c998d36e2be702ab7c643ad52f90ec610443ed64b51ead
BUY,0.999,30.41,1728575154,No,0x34e801e215ac4e4c1de156e62708d6a2a710f4b2104236aa0387c35fe1ea8a6e
BUY,0.999,10.69,1728574964,No,0x15b95741720254008833cf147914e9703edd90f490e08bc67b556efad5d6e8c0
SELL,0.001,966.95,1728574952,Yes,0x8d58aab9c2a6a8b88b35a55a0976843a0e17ef8287f475283c876d99a949bc18
SELL,0.001,1000,1728574940,Yes,0xfa3f3dc6b47c972eb25aade5be8266f1a5fdb4282a88c9fcc5bc145f3ad189f7
SELL,0.001,1000,1728574922,Yes,0xc57b25a6f428b7ef7b5af7e9c4589559cee400555b86f934db31443e9f14a3ad
SELL,0.001,977.97,1728574576,Yes,0xc77fbd9ec9fa5c1e4d8ca1697afa09d15251e4dc2e4caa97095794fbe416c87f
SELL,0.001,1000,1728574564,Yes,0x55acad328a5c5925a3ed3eb46bac7940316b42b7760c38d6657e2f22509c494a
BUY,0.999,3.69,1728574564,No,0x5ab6d5a7655eac369e507c2c9e1741ce8b922c75be93d8b7949e3337cd3f3f96
BUY,0.999,25.32,1728574532,No,0x0df94db8b4638ff021a4dcb37a20aa5436baf8ff17b1cbd0b94e9bef28f28c9c
BUY,0.002,5,1728574522,Yes,0xce5d34e8e9aaf8c24143e4a5d03f8165b720fc26656baffbdd2c563d80be3729
BUY,0.999,10.82,1728574360,No,0xeaeb432ce65eaf402ef4041911dbefe3475e9dd8accd4dc951a688f504620f04
BUY,0.999,18.22,1728574138,No,0x3a1a808c4c3293bcb6293fc98961e618909db3a655d4f05f73ee400aa43ae8f8
BUY,0.999,30.43,1728573814,No,0x2bdb6b14b66912e68546b243890c9e05d8fb49bb0d1021cff3ca61c66a3f9e20
BUY,0.999,18.23,1728573726,No,0x45b83b1eda3ddca351d40724cdf6e9b615d8ebfd423077364c2f79fd97763563
SELL,0.001,33.67,1728573688,Yes,0x8ab102697719e555870070e68d58993104845e1c9b0e2eec54a5b440d0467694
BUY,0.002,7,1728573514,Yes,0x8e9537b49a0b59df8c001c1cf22a62b508dce487d31cd139624f8ecb6d4ca5d1
BUY,0.999,8,1728573478,No,0x698fe0296959175e11178db0b804e4a33e2f0091016f53f614259560962cb388
BUY,0.002,5,1728573260,Yes,0x16d51e6b114385fe61abe599e80765a0a9c065771e749ba619f5358a2c8a08f2
BUY,0.999,16.21,1728573096,No,0x49cbaf1ea5b34e684a2f5fe911ef2f1e0c349611dca9c1692725e6ebf0c5304a
BUY,0.002,12,1728573066,Yes,0x80e9c8027aee557f167364987d98bed528396da7239af7613bb1b6effcec64a7
BUY,0.999,13.17,1728573026,No,0xcb92c67c91ac583ea43a166f3fbb973495a8ef258dfa424912edad609bab7fe2
SELL,0.001,91.2,1728572988,Yes,0x15ca7f7e3c858e735f80db31129eb0e50d8f67b7fc046ff5b4cd0c29225d1575
SELL,0.001,1000,1728572974,Yes,0xedc92839de919da5fb4cca476e7d628490786211de3d1e1bd3b9f93efcfaa6f6
BUY,0.999,10.16,1728572932,No,0xb423ce615c0ad6176d94bf998b9629fa9da490219e9a9669caddecbffbea563d
BUY,0.002,5,1728572720,Yes,0xfcf129a6ebfa573a189398f0799ce476db47daea250fe4ff9079a82435b80161
SELL,0.998,2194.77,1728571886,No,0x1a4c4c74d95fa3d64b351343ac558f6fe5f01c7b924fe617a2706809c58c37b0
BUY,0.999,1.001,1728571296,No,0x79f92ef7cd8aa641654be725cd7833825596bfe5d313f4a7f1438f4d333e4aac
SELL,0.998,4.08,1728570956,No,0x827c378bcd43e4918937c628e13dc84a2ec15a86a7bf63518e3c73432eb8a7cd
BUY,0.002,5,1728570946,Yes,0x7ad35c3acd503654e0f78cd7ae7dd85bfbd8a3df54d661bbed523c2bfa70841f
SELL,0.998,479.1,1728570596,No,0x4f8cb359a80895aeae61862033d81edf134a5a78f22ba4b16791469e44e48887
BUY,0.999,2194.774,1728570221,No,0x5c800ed31e45d7ea5981579d11343d5a8c77e6945f38bc564c000a52d19b633e
BUY,0.002,5,1728570021,Yes,0xf9b1a055108731f4b382a1f245f6130632ff4363a3591f4d3b1d050676e911a4
BUY,0.999,479.109,1728569633,No,0x23ff4c3bda1d87c0b896db9ab71d7f3c7913c66c0e62ba8b9964e1d5ff10a94c
BUY,0.999,4.004,1728569625,No,0x5ea19002f25e9308867b84353a295875f7a619510f63cfb14bc2541da5500fc0
BUY,0.999,3.003,1728569357,No,0xaedaf055d39a674a640f73157383f0b228765c1010cbe0dea89f2d2614bf34ff
BUY,0.002,5,1728568950,Yes,0x41ca40cc5e48953a61c1467481e1a2cde6440be243052ada3abe699fbde3b543
BUY,0.999,1.001,1728568828,No,0x5660acd0b8697faaaf75bf2d33a1c22e6075906e71b04026f7e1ee9cae8038c3
BUY,0.999,4.084,1728568608,No,0xe14fe20e77adb682a29b210eabeaddff483a532f482d9bf5d34a6737def3175c
BUY,0.999,7.867,1728568563,No,0x251e7957e04c9c1823f2ac381986a5ab1636c65643988e9b7b66a3c09e8b1836
BUY,0.002,5,1728568543,Yes,0xb0f4c2df8a3d841164f4a68dc361fe4c44817e56f68c48f5c3fc83ebdcf3809e
BUY,0.999,2.002,1728568537,No,0xa691636feecf51bd3520bbea693cda6200b1eb7c0493c056f9cdb60017b251e0
BUY,0.002,5,1728567795,Yes,0xa7e1019363c9e7798f413c299df32b8883cc46b23a63a6f899ccad322480d76e
BUY,0.999,1.001,1728567507,No,0xcf19844dff1666217c97b649bc68a1f553119d404e568f61556a2e1be6ae2cc9
BUY,0.002,5,1728567493,Yes,0x677ee09d6d719248d8115aaf3af91b7334764b35257de9df4001f99dc5fe067b
BUY,0.999,155,1728566973,No,0x6451e3fdf9ff5c5bc3e0a9f9a8bb04ec84f737df277f62837f381ebac210a6be
BUY,0.999,1.001,1728566891,No,0x83121f9866a2ed68c3aaa99fce2a8f4a7de10156772b934dd0ebffb2b1bf2fc6
BUY,0.999,2.002,1728566777,No,0x086ca3bbc7e9936d17763d26490d12e954384f8b8e29db84ba29fa349b1a5dd1
SELL,0.998,19.01,1728566761,No,0x814a266a84c98761d98e371f35ed86a040be414265ed74c570e2a6a638fbca03
BUY,0.999,19.019,1728566749,No,0xaccc48a1a2bc3eadf9e211eaa979973c11e54fb17700effc549fd7d83738ebb4
BUY,0.999,2.002,1728566369,No,0xd1f8783b079e0530b98132e514a76f7d6a419fcb72c58c3732c32793e7485e9b
BUY,0.999,2.002,1728565397,No,0x87ecdb41b1da808529bdfcdece026106f73cb963377f5fd66201608644d3e417
SELL,0.998,25.02,1728564941,No,0x454a365e652913fe2ba4b0578f9e963dce10955fad8e71d195f35bfc3dccf618
BUY,0.999,25.025,1728564923,No,0xe582ed573942b834e6303b09bd0fb106cd6ab7786000400e399e0c52d94ac4d8
BUY,0.999,3.003,1728564533,No,0x5de2f55ace0fe5c9c2ab5087067c32ad1d808c296fec9298f0f4ee690c570ddd
BUY,0.999,3.003,1728564307,No,0xc59137aa81430580793951dc8442f7a0615c26b0fe8f72466affb1da0f1900d4
BUY,0.999,3.003,1728564109,No,0x7b9d18753c4e7f794c1fdcb04e700699e57e79d16e60d992f7ea51ced7b2558f
BUY,0.999,6.456,1728564105,No,0x1c7600f4fb5b6b98ac7b25a63a1b3c7f6293c1a4818f1d3f7bb0be78fe894306
SELL,0.998,191.89,1728564015,No,0x10af6b358c59823e9f2969e2fea259b971f9148372e2579dca151d07ea85754a
BUY,0.999,191.891,1728563899,No,0x48f71120fb70544202707b6546d2eaf288cc293ecc36bd65f1ce22998ed13a0e
SELL,0.998,193.51,1728563893,No,0x38865c21cd7ba68014b1fd39f6460f1b47127737bcd58043e3decabb02bcbf4d
BUY,0.999,3.003,1728563855,No,0x49f290721b397085371f59b4c9f0fb9e4e8f935092e9bafa410b022c226ac898
BUY,0.999,193.513,1728563821,No,0x34ce638cb2c6c089728be95ae9d8f1cc1551d4f1c6f2afc161cc826f4061cfc6
BUY,0.999,2.002,1728563054,No,0x14bb35f74238f351fa2039c60d030fe0b0c47275f8a1f1c3bba5f44b0ffa0f1b
SELL,0.001,406.09,1728562038,Yes,0x9c1bf92a539744715c2ae403e79d78ac14ba01d0e5e1b77abfe4bc146b96b4f8
BUY,0.999,124.11,1728562034,No,0xc919488ff95d55a68d6a31b9ac729c8f95b009a99e7ac5e5572f12ca54467abe
SELL,0.001,124.11,1728562034,Yes,0xb3279d20281edcc47f26f0489b99a4c0107f4a235153155db51faec7bd6dff4d
BUY,0.999,38.46,1728562030,No,0xbf2f3763ba028029e2fec001011b93c3daa5ca727d4ba9a72a9acfaecfab9245
SELL,0.001,343,1728562030,Yes,0x92715627619729b92a101496401b0349456eedeef8ee4a683246709ddb54283f
SELL,0.001,657,1728562022,Yes,0xf7f440844b002183fbffa804177aeb7f0458498af5295eaca8c3232cc7985f58
BUY,0.002,5,1728561636,Yes,0xfb5fc76a024b8c3a88d60158a72f68b66fd95b98fa1dc6d5fe81443fd88bef6d
SELL,0.998,196.19,1728561360,No,0x1771d8bf28ab8679ac80eacb4479a4105a584efbcfab9e46754021b9a740a67c
BUY,0.999,93,1728560780,No,0xf1373a4474e5b6ee79c35bef5d5e16524cd9c67f99aa7d1960f9cb710de6b800
BUY,0.999,196.196,1728560370,No,0x06f3e30b97f0792a04b0135f3d93481d06ae1602dd30ce34c73d03636b268663
SELL,0.998,45.7,1728560070,No,0x1b26fe2fb999b089e52481da2043d89c9606513de6dcedbfc09ea6dcab4fbfa0
BUY,0.999,45.7,1728560034,No,0xcd5026c6d195d8a28488f4b6f4e02bd22ef17b2ee6d51832316963ae4efd1a03
SELL,0.998,47.14,1728559932,No,0x68b18bc3c32337b468ca4229cd54c94044826ffc160b2d866b594a19acc86590
BUY,0.999,47.14,1728559902,No,0x81f31df35d443c26dd5f03b76dc2b3c9d1114db304f3c7d7a60a03a6d0ab9200
BUY,0.002,2000,1728559858,Yes,0x83d9a50df5234bdbcb38d6c3eb50f1058c2b14420fa30b417bec8ad2836046c3
BUY,0.999,6.106,1728557456,No,0x5d2bf5cbf23aa1bcc9091d6fbec9bd41259817d1c8d8e03a1b08363b7a836ae6
SELL,0.998,269.17,1728556926,No,0xa493498ff00aab0a4602d99fab506eb2325917dad9bdf3197e97b98e511c820b
SELL,0.998,6,1728556650,No,0x5dd4be62f3fda96823648a53b714a7910c3d7f9756a5944a0a8ba9eb3bebac91
BUY,0.002,2111,1728556140,Yes,0xc68eb81f2f05699d720f1b20d0f547d8ce6c984493b2f7ce3ce84290847000a6
BUY,0.999,288.178,1728555815,No,0x35738e18bc2f532e6f55c035acfe7248284b7b5d7da40855ea79a5548dbdead0
SELL,0.998,2070.21,1728555475,No,0xc83b95b63c112b12f500e4f8031a907230651945380ede2d33617e3dd33aa413
BUY,0.999,2070.21,1728554510,No,0x742410c0d9c7cf349bb2048870202e53ddffa464c1daaac86042908c0b41124f
SELL,0.998,1058.88,1728554502,No,0x9a8182e7e1cc7fe0279b6d585079b3c37505ceb65701526979d9aa8963511dc7
BUY,0.999,1058.888,1728553944,No,0xfbab30e52041ff82db84caaa8d913650e63d3d812739cf7857416b45af9365b4
SELL,0.998,2425.58,1728553458,No,0x596d743b8d6632c349fa03396b7741cd5664a757fdc2b17fe8aec7af16baa244
BUY,0.999,2425.585,1728552872,No,0x6cfac1aa48c88ab0a60c3625e27eec15d05c162ab6057f6cf8b01becda5f13ea
SELL,0.998,48.85,1728552360,No,0xbdd58e7eb5d5cf5362a77bffc5984cda56c3c4eda1eaf56fb00c7bf1e6d7a916
SELL,0.001,1020,1728552360,Yes,0x42efb45b7d3e7847ed8390e3627ed10c4d86ea5da76fb01190fb39defd8a0be7
BUY,0.999,48.85,1728552328,No,0x88983ff8121f125943558fa718b1d6b993d0cb9d8c12de170640aab2a47cc120
SELL,0.001,920,1728552326,Yes,0x7ada624de2136b0e85624fa0c1bd85c981f8f56fd1f713b718a3616e81c183d5
BUY,0.002,420,1728552178,Yes,0x390e2b12fce1aad3fc995a78eb697217e67b8bc150ecf3af1686fc6fcbeb71a9
BUY,0.002,1521,1728552144,Yes,0xddfecce01fe08a9cfe94d05290b221e8de760f80b372f82458e65c409df007b4
BUY,0.999,20,1728551108,No,0x13ceb50a624f322b4be955f9868898e33e8671c6f9392a022561a283bd5d2c02
BUY,0.999,3.84,1728550644,No,0x1775048959e13a0e675d976b777edc0c0dd3cba7f7443ba4df5cc89dcd08d9b1
SELL,0.998,30.49,1728549576,No,0x6cec0a887614582bbf601bfbc23a93a66e46ac84f7fdd58be35294f38b1e4bf2
BUY,0.999,30.49,1728549072,No,0x1cd8446b85a578742edede747114e5244ee32216b174d02d144672f2caf30582
SELL,0.998,190.19,1728548318,No,0x353d5b48da3a940b05d4c5a2192d2168568d5003b904a9a14a610987eb38e429
BUY,0.999,190.19,1728548302,No,0xc21b256fd012f022f7a4a18911f3ef75de2cfd0d91f3cd0a3708ee559f2ad574
SELL,0.001,10000,1728548010,Yes,0x09ae450a824e19de25ef35402c0ec291f140a5987a1ac7f3a0dfa1163fa2d477
BUY,0.999,154,1728547890,No,0x6c71e6744837b927fdd894a2a048cb8dccb4f13c075d09a2ea69c6d3a97919d0
BUY,0.999,154,1728546936,No,0x769a82b2932e6c8c721da9ed2eed2d6e2c45f56c277bfa60fc50d768781b7a40
SELL,0.001,750,1728545120,Yes,0x27c4b06c7e2f93eca88b68e577561cb7df881565b150ae4798e6d560423693c7
BUY,0.002,750,1728544901,Yes,0xdfae93315c9b212de445745dec4d49078a5fdbced6bd804538997e52ba73c0b6
SELL,0.998,53.43,1728544681,No,0x2c4d8992bfb45e90c664a9595ecb695d4603fbe5ed17fc612deb9889891abeae
BUY,0.999,53.43,1728544655,No,0x1aebe28564be7a45e00a2f286aa07307f863a318bf11df836a96a6a67078058f
SELL,0.001,12.25,1728543425,Yes,0xf0e887a7f611215885dd2f805534567caa3f486abc3a23c2e744d5a759adff92
SELL,0.998,14.51,1728539475,No,0x251a0719f41fe03710901739b17faebbea022a0c99814e0a4ccc4de15a8ba9a4
SELL,0.998,20.52,1728539453,No,0x58892ea98339ae680d266ec0102092b81f60f6fb5348dbb1f638c69a021e1a5a
BUY,0.999,14.514,1728539441,No,0x6ebdd9fce59e06dad53538df8fd4f560b3498bf2bbbe818069fd6e79ddec61f8
BUY,0.999,20.52,1728539439,No,0x8a2802c95c1475cff29dfd5780078aed3e8f09667aebce947b5c73fcdc0c8f97
SELL,0.998,59.77,1728536688,No,0x720fd81ca78a768b4d1644ab23e438d60c02bc802743f8b69b82243f97855a7c
BUY,0.999,59.77,1728536656,No,0x5d128646c6601234a1ff03a90a6b187a499666601c5d0714838da207a3285dd1
SELL,0.998,186.18,1728535522,No,0x20e028d84f0d56855774284927edbb461a96d398dc619da77f8fc9db0b2cab2d
BUY,0.999,186.186,1728535508,No,0x717b30d0f1a0307ddcd7defd55cf83e3c75b968f4c565d0636f627bc1b287c5d
SELL,0.001,750,1728533526,Yes,0xd260034006cc15b9493c4489ee590ef7a41ba35c7adab65cbe52ec59da24e0b1
BUY,0.002,750,1728533474,Yes,0x9627808f7654495d26d93e2d2a6440a9ab3e1caa84f231804ea88517c6f16818
SELL,0.001,5,1728533440,Yes,0x09b8f6c491f4be0c1aadd47d6fb494d20ba13d3235a1be2cabaeb28cd1fc75b1
BUY,0.002,5,1728533414,Yes,0x61c89cd99f2004689dfdb1c53deb08621c03d48269dbf23ee097126d6de84854
SELL,0.998,48.67,1728533088,No,0x549f5fb66a6ec59ab9958fe41538c608bbd17549e8e544330a5937231ff78b83
BUY,0.999,48.67,1728533060,No,0x1e3652b72efe0a7fbdbf93b7d6666e2a896ab2abd00ca2f94583c15bfe3b5a28
SELL,0.998,51.6,1728532904,No,0x0a787ffba88143704d490abe46b0b7dc1929e4c94c60bf422868cb212da125d3
BUY,0.999,51.6,1728532868,No,0x341c13720c40589af64d8a7f9bd595d5f324b327d6f0bb423a0a40bf29cb44b0
SELL,0.998,48.97,1728531815,No,0x669c547ff16b3e1e91dc279b51236cd67b8c43288e2bd1b6101229cc81877963
BUY,0.999,48.97,1728531785,No,0x3548b838a78414e851c75cddc5437f0334e3d9d586f6b1a8ce0829f8de5c2b54
BUY,0.999,10.18,1728531447,No,0x1ddeb2ec1407ab6e84ff82549e5e278f19e9b656dd38e711494399d03898ab0f
BUY,0.999,15.27,1728531347,No,0xfdc70c1e62ead7a48c739532563d1ba91c6ba55a9db2c16c135c626ca66c20f0
SELL,0.998,51.64,1728531289,No,0xb8aa84b91948259a0101fc96ba0b9f9e7af6982a6e2ccf681afda4f06193fb1f
BUY,0.999,51.64,1728531259,No,0x6c71ed9de6277a3ae2d097f7e872d250c684de2a1f31fe1ab1f7573b314abb36
BUY,0.999,15.27,1728531185,No,0x5a0d17ba1db6152a92c0b3aee06aaf336a36abcdf4e3ff93043f3dcd0d19edbd
BUY,0.999,2.03,1728531177,No,0xfcf883143dc80949a5d06e89ca5c1a05bee8021bb1d8e0fc1e616ec6b48d8e90
SELL,0.998,49.77,1728528703,No,0x9425b520830661ee5de21c1a13dfdf310cde70b9589e2d0984c652f35de388a1
BUY,0.999,49.77,1728528671,No,0x0f83576d55936e43386256c7d1a7843f63e1f32d83ffe05a873518332409b9d0
SELL,0.998,51.02,1728528545,No,0xe47285af044d13b16f54559b1789456cbaae07a49523ba1710fdec37ca7799c8
BUY,0.999,51.02,1728528513,No,0xb77f50e7da79acb607de0eb1ddf2abea553ddce94f816bb3c95091cf79aa20e6
SELL,0.001,1080,1728527735,Yes,0x6f3c8ae4cd57420ba8cb48f789c70e03b856ac4408160236ab54e12be22c6085
SELL,0.001,450,1728527597,Yes,0xb0d44c2f1fc5ad8c189fa65241c6ce9195d7f571607ca65dad34ade927b7b59e
BUY,0.002,46.61,1728527581,Yes,0x443c62d3d8366865f4e24b3c97565079b6876edf92246da4a882a14b41bd6e7d
BUY,0.002,21.41,1728527461,Yes,0xac328fa1d80a7f2f2738d22c0fcffcb3966a3b028b6e289c27564cf850d2f77e
BUY,0.002,27.49,1728527347,Yes,0xfcfe784d81cbb248ac52793c4e9ef30b3b9382193f68de7f1a1e092e30ae1507
BUY,0.002,1530,1728527199,Yes,0x8cd7573ca212a848c4d7930cca92baab39170ce81be7d6f57beccaca15c1e910
SELL,0.998,59.26,1728526885,No,0x3b5458d61989eb3e86ffeceda61d9a8e3cbde1bfd4e7be95f89175bb64ebee93
BUY,0.999,59.26,1728526853,No,0x5968dba9f64798c3a777e76041f1d6586e0b55104c2f0a91627c45e5a9531d96
SELL,0.998,51.83,1728525821,No,0x12b30a6b80fdfaa9fe986bdcfe9efc08f5768fe929ac3d24d2d64b4e5b3801f7
BUY,0.999,51.83,1728525791,No,0x3be5ae8b1d7b43f1a800a8d26dbf3d3ac336352343970163b8fcac69bd897a2d
SELL,0.001,1490,1728525715,Yes,0x1278eb876585f6f8251b3ae1c4fdb1561ff5491560535a15df88d8ac2ea83ab0
SELL,0.001,169,1728525683,Yes,0x87d1c79fbf083cf55955c6847c2d79239f6a89dcad1a9214b162202d6cb07916
BUY,0.002,1660,1728525417,Yes,0x678a134c54a8075a38cedbc57dab3241c78234cf862af4600f114059272b9860
SELL,0.998,672,1728524041,No,0x078f8e31a68acbf6439c9c12053e4e76ec524e9dda230469c6f399fb22e62f16
SELL,0.998,20.02,1728520439,No,0x608d1f9f2abe5305822baf854d42e7706a0ebda25e66b5965ecab0ed99ef730c
BUY,0.999,20.02,1728520429,No,0x7d94b05f98fa3e94dbc39514d261ef0f2ffc19d196b8bcfa0768bf9a9e397570
BUY,0.002,10,1728517279,Yes,0x3d4bd76a8869806e3e8ea8b524a65f26c58c7727030b1c0b28a280a91c9d3a04
BUY,0.002,22,1728513818,Yes,0x0889d5d324305207fa4378d61a30562b3f3fffe813ac0b3e4543f50ffd88e086
SELL,0.998,30.03,1728506534,No,0x0385d17a117d9becded288478b3db2e86555e710814baee5571b0ba685315ddb
BUY,0.999,30.03,1728506528,No,0xfac39a87dd918bcf739ba58aed70d163a98b38a309d07f604ec2bcffa8d7b340
BUY,0.999,6.28,1728506260,No,0x4a932bedf067c99cc1f2f9d157195da349b0a9a6b585234c5a143e8d9ba07420
BUY,0.999,6.31,1728506126,No,0x78ea7871e1bb29fc328a619f185f185db73caa2097e5358e2d35cf19dd64dafd
BUY,0.999,19.8,1728505276,No,0x0961a6af57125dda194d6ad79f5e8e4c187c65ec1f6c4197a74e007ff87f6d40
BUY,0.999,1.7610000000000001,1728502250,No,0x821b75697a5b9adef834cae9ddc530869e60d7f521b06cc4364bd10129adcbc6
BUY,0.999,5,1728500666,No,0x6b231d5cbe4133eac48e8de8b808a25f1fc1319be31c7e166c202d0f73157ff4
BUY,0.999,11,1728500522,No,0x9476925062364ae75cf059fc7f05c488a51301271972474d5a020516d317c5f0
BUY,0.002,5,1728499422,Yes,0x42f5365af3f976210a262a627630ebaa69b5c58d5728f615df4303b5f3b2b5b1
BUY,0.002,5,1728498864,Yes,0x9dfcf350c4d6a01f50a4052b36faeea9aa13555f16006939cb85f57f9bdd91ab
BUY,0.002,5,1728498436,Yes,0x9309b45fd81e3b7208ae762013f3451b65e97f9c6b65b3008609343330b34139
BUY,0.999,43,1728498170,No,0x80826ff7782f151394d208c240b92b8182d139f93cbad0310815c863cc401bb5
BUY,0.999,111.01,1728497552,No,0x6e6ef90a67a8c76169e2ef54f60c4901a1f334aa4645c7664f02d29ab52cb035
BUY,0.002,5,1728497158,Yes,0x9f739ef6dc26ce5ad791b0a736ae20a53076cb6f96316797f653d377626cd4dd
BUY,0.999,154,1728495748,No,0x98f2c7b24e6e236baa8d4c2bf576b51d403e377e3461ca485651592ebf43b60f
BUY,0.002,5,1728495160,Yes,0x1d003b8596e246465dc47b4c14a179bc9f4bdfb81ad0f343a36cfae98cc5e4f3
SELL,0.001,9500,1728495130,Yes,0x408aca9294281dd614d6658994b741f83d6e330be727c0c266b1359faede64ac
BUY,0.002,9500,1728494932,Yes,0x277be855255f0d2d7a5f4c27ab68ecfba20edacc83e8534d22af32d2ac7cb50f
BUY,0.002,5,1728493342,Yes,0xae3782022412ea3aa9d84e62f80c40812d8f2f2d1a5bb8e386c1b23d9a1ed997
SELL,0.998,1001,1728491912,No,0x12841c149c12b4225286704c3843944295f157e9d536eb32c72b1d884d870928
BUY,0.999,1001.001,1728491902,No,0xec7172bf5ebcf4b1b74a6ac11d71913cce52249c8a7cf02134bb16468fab4ec3
BUY,0.002,5,1728491142,Yes,0xc2120078c55e74dabb3401a7521c22b0cb627002e6e100504d4f5ca690662690
BUY,0.999,151,1728490060,No,0x621c110e622c136e49f30bcff06e95f46021d2072f1edda804b9665a7d4e5c46
BUY,0.999,3.12,1728489592,No,0x0e2e1eda6d82b5f959d59622e9da2dab3348475b8464cf5791353557e4ddc0be
BUY,0.999,150.88,1728489346,No,0x649296b443146704acc941d4d4f68368c458123e9a9bc77a8ef00c0e845cc87a
BUY,0.999,17,1728489154,No,0x8775d838c36cfd1754ee531cc6ab6b95aed3b7cba0d7bf7f23fbd8ff6f0d878e
BUY,0.999,107.19,1728488944,No,0xa7cd602d9a14c2eabaa8f6225623bc7f97b4e19dcd86ba7159e483c8d3e4071e
BUY,0.999,30.24,1728488814,No,0xa56ad47ea4e4b2fc1df90ce72a45fa6059422ed3e1a82f3867044bd08bf0586a
BUY,0.002,5735,1728488810,Yes,0x47f0ffdbb9d835917565a06c0338ee176607aab31382c86eebd3e9b1be7e991f
SELL,0.998,277.33,1728488682,No,0x1edf3d30f72b3db51a29c1fee78ee054ce7218e9af93bddc39ffd02ee1402c50
BUY,0.999,277.337,1728488594,No,0xc03f6f1820033ee5bda587cea897a39bfe10680c1be31fce6bef241e0f81afa7
SELL,0.001,503.18,1728488182,Yes,0xbc0218a9e20fc78a7899ed26f24519c04e5a91d4bc94a663084c37d9ff6e4ee2
BUY,0.002,515,1728488120,Yes,0x116de37b381d21a8c15523d3596a8ea43a355f776c35fa8a2aba9313c0118a7a
BUY,0.002,5,1728487610,Yes,0x16381286c5e69f42f16c8613bf148cd832bff78dc3a88725e7646db6da669796
SELL,0.998,630,1728486882,No,0x34c52ab0c2da5382c4ad7624ac7858843addf662d0d0500d8e177d6eadc73f47
BUY,0.002,5,1728486536,Yes,0xfff761940dda9afb81fb68ca415400fff3a1de271dc458405745d004b51447fc
BUY,0.999,0.13,1728485788,No,0x95e03c84ccc5674bb28eaa5c3d20a55bbae18f6e9d1761e2827496e2f09a848b
BUY,0.002,5,1728485698,Yes,0xec5b2d22b9d6ed1ecb5537fcdf38b07650e5159861d85104ea4603e5e213284a
BUY,0.999,0.1,1728485520,No,0x58f75176d554436d76497dbd93285144733e616fb42f110b40337c5b66303a33
SELL,0.001,100,1728484115,Yes,0x35869f8048ff9e80cb8c055921d6505d0ac78baac61d2a5f4d567e1b118c8356
BUY,0.999,0.1,1728483371,No,0x21c4604d5ad53e6f329b7c92259671b4f5883b05fc52c46fdee02ca971b36ce9
SELL,0.998,227.87,1728481857,No,0x6b7fd4fcd418650a848793e46404c34c427ea42b39b3c524fcb75ce2737855bc
BUY,0.999,227.877,1728481839,No,0x8eae045b08d8cf1f35ddde0b6b8bf5cacd15ae3ebeb8b86f45f75485514b2826
BUY,0.999,0.1,1728481655,No,0x5eb8b5b7fe0fe6dfd40be713293e465376b129c0f074fe42148a31d5251aa20d
BUY,0.002,211,1728481585,Yes,0x692af6ac89ac5917975a2557e0e1feaca2bbd641fccaa0f1f52366ed8be913c7
BUY,0.999,0.1,1728481471,No,0xf60f1c7153782856488414e437590d1b569a2b6d016911e3468d3d618e605c84
BUY,0.002,7287.28,1728481471,Yes,0xd5489c0ae982c39ddb91989968528a0575a84317ae4cfae792edb536ca5e0d06
BUY,0.002,21391.39,1728481165,Yes,0xcc55fb77d75110ecb4efa068b9bf00e66e2160e1f7ab15b66a477091906b3378
SELL,0.002,35.9,1728481143,Yes,0x27a19eb96e62ee1e43a683a13766b091445a73e3dd5c99c0574c37cbe447c10a
SELL,0.998,8.78,1728481085,No,0xc019d4b04839ebe02440e0882ce64509171723658acb19fad4ace376986e9908
BUY,0.002,21427.29,1728481073,Yes,0x46f44dfc6debba6cd978bfdd4941757dcc6c55e62cb4177ce6bc1d88c0bb8b51
BUY,0.999,44.68,1728481053,No,0xbe2f4407e217deeb512484c07b7e1fcd89588dfe84a4693c18a5eda4a8fe3d57
SELL,0.997,44.5,1728479605,No,0x67f1d12a805789bc4addeddfbd3eb10884247a9f95a911745c5a7fa5a7bba49b
BUY,0.999,44.5,1728479571,No,0x4493a786a39284c54d50ae4638d3252a2ba6c5731fbd456a8da6b7f80ffe2af1
SELL,0.0018790293333333333,7500,1728479509,Yes,0xc9bc3cbe987b589ad4848d2f7b7ab3916a49ad177d8db5ad08736573d8fa409d
BUY,0.998,3.05,1728479283,No,0x55a890b3eb62106e96941ff08a5b73634ac66768eb10888381964eadeb233f22
SELL,0.997,15.7,1728479279,No,0x5b065307bf3b1f8097f5d053e681c5e5da9e0fef5d622444d75bd83434c61c79
BUY,0.998,15.71,1728479219,No,0x480202a93be48e74395263c39a22d8e29c3fb64c50af2043bc90441a5461f482
BUY,0.998,4.55,1728479205,No,0xd783a8e862a3e11c0523de6072b9b12bf222c8cc0a9575fdbd2982bf71a47fc0
BUY,0.998,30,1728479003,No,0xb91564b784b93563d8d410a7c64965c146bb4de012178e951294beea374f917c
BUY,0.998,16.85,1728479001,No,0xd9bbf7fcf05dbbd94a74c6136c78198066aa5d6461ce30a504b44971346b38f5
BUY,0.998,2.004,1728478109,No,0xcf5faf47e59e789b26e3dbdd125aea4dc53bf9f112ce22159a59daafcb9254f2
SELL,0.002,9397.59,1728477015,Yes,0x708ae48fc1b21ad797c416b40cadca687bb883e0b08a35ae6ee58eeaf82b90dd
BUY,0.998,137,1728476841,No,0x1f46a831beab3a783db56ab5a35d85e5b53b0cc441bd1600174f4332dd201051
BUY,0.998,17.5,1728476743,No,0xd970a3f5510cffef9a05cbae61ac5e967d5e6c2318348734124cbd7c693a669e
BUY,0.998,131.6,1728476635,No,0x132e578845ae8c4e083f513fad7a3ffeb941e54ee27c9d42a8599c25a1b87bd5
BUY,0.998,1.01,1728476569,No,0x47360a87f9cdf4b1dc65848e0a897d17e991a8670daf4245820b0bdc2c2dd00d
BUY,0.998,4.87,1728476233,No,0x4a852c3a16bedd9b756762064e5d0fe5c3803b71361aa8dbe354c3b9ea16e0f8
BUY,0.003,70,1728476209,Yes,0xa0de87999b9af9d3a7fd5bde387887e4bfac2eec4d810a435c215817946ae152
BUY,0.998,2.004,1728476035,No,0xe3d8d1eb8dee4ff835294c7401d41c261924c95d48ec4c607d748ac8cc5fe492
SELL,0.002,150.25,1728475469,Yes,0x84c740367a4ecbce0b944092bb70aae732c4c62337a7409a6b3273f0eebc166b
SELL,0.002,822.68,1728475381,Yes,0x352765f96bcf6d84d30d9eefde651f5b2643e59fa942724edaf9a4d75efb034f
SELL,0.002,1000,1728475355,Yes,0x78b6138dcbbc103dfaae06542977a1de2975f8004b81551b5beb4b88bc69be6e
SELL,0.002,1000,1728475333,Yes,0x79d58ce537ddbb0845258bef257bc6118ffd0cd79fcabfdbe5fb6093ca6f368e
SELL,0.002,1000,1728475321,Yes,0x25f4239ab8405448e2b6639ad3882c4aae0ba93ae6c01c5cd40fae3e9643175d
BUY,0.998,3.006,1728474773,No,0xd0c39a65c3514657c79b3e15db1243847678ebf0ad488bbb52b78753a7827ddc
SELL,0.002,34.06,1728471267,Yes,0x1b1f12b638fd7d4d255988d71bf6136c4637cc2392960102b04f6d112ed2bcf0
SELL,0.002,310.47,1728470565,Yes,0x74a3ac674a99bde2ce06cc1773f60d993de405ac88e50a4009ee541a181514b8
BUY,0.998,69.98,1728469987,No,0xa94ce1df56289439b10a29429a1bf34d13b8124aadd4af393d3a656d901854d7
BUY,0.998,1.01,1728469955,No,0x7f9fdd394890a6e0be37e480378d9c8d7d6717b7d88c980f0159b9a18b90ad6b
BUY,0.998,3.59,1728469815,No,0x3ab1da7f5de4ebb0ea7d223e31c2b06f0d7932d7b66f0f5d5310129938bf44eb
BUY,0.998,57.43,1728469777,No,0xe61a87fcbd4657d389e2a3139725cb9101d2239d18fd5b7c9768ac931973b28a
BUY,0.998,20.36,1728469715,No,0xb01c65917c9e1457f116159fa9e6c29af06c3451c45832ccb48f77120abb1435
BUY,0.998,2.12,1728469711,No,0xf6429c64233221ba8d2d82232c5d25d838779d0a9b4ccbeca06652e2d396ac58
BUY,0.999,5.445,1728467049,No,0x2c884777d67fcd660407130922dc3fb54abd2f7d917a6d4daad8772df3a5a44c
SELL,0.001,27.25,1728467039,Yes,0x9228b0c94f0964242c6c420ca3ddb5653beb823ba940b1cfa644c4d51e1851ce
BUY,0.999,7.327,1728466937,No,0xf16cbe65e4590d9b2e914e7a51c0416db69a22bd9630bf0fc25b5981ebad6a47
BUY,0.999,6.9399999999999995,1728466877,No,0xacfabeb2e91c99f2884aa776dd4d11a08bde173a0fafec642e1e6dc5c3893299
BUY,0.999,8.33,1728466875,No,0x23b5420420e44cef50844f1eacbe5f671f12d5013985bc1fa68227279a4079bb
BUY,0.999,45.75,1728466873,No,0x8b64e04be70337a6c445918a0425e4cc09ffd3a38ea9c674ae78ad6f0da58c8f
BUY,0.999,19.89,1728466753,No,0xe537b6398b3cd50bbca10c6ae3a60d9130091c3e88373b4308df70927f82d891
BUY,0.999,134,1728466375,No,0x257205369af1742d53eedcc0403fb8587e3009f5a0eda56a98663da420a1f1de
BUY,0.999,20,1728466017,No,0x7af78ed6c2ffe10b5daaad8732231e34bd832b13412cc96e830c23e0f5b5702f
BUY,0.999,6.006,1728464471,No,0x3780e5cc86b0d9b1c3bf1bce16862a1ff281461b513af79088cfd58f3748e188
BUY,0.999,146.88,1728464209,No,0x97f73cadace05c5b6ef880d17f9cc05ca106189838653497b828e12f23404948
BUY,0.999,5.09,1728464205,No,0xbf2666b8666ab1b5368a230faed98b7b0f9ab64e31ccd07963ee31f3c25e9a3a
SELL,0.997,50.78,1728464087,No,0x2d2a702c1a477cc906064528a2d67456836f019a6612f2d02e9f80a38dd94b63
BUY,0.999,50.78,1728464055,No,0x4b48916fdbb32ee1a8de32856722f475326c367d77569a6a99caad2b40190f5f
BUY,0.999,2.03,1728463953,No,0x84909291b5efcc67c5c4a990039e62df9385a7bf2f9d5ab3d95ca28090079f4e
SELL,0.001,600,1728463725,Yes,0x2fb22a9188a072ed3330ab8f1c05a23c6507476fd121c31f17c6aeea6ad0853f
SELL,0.997,22.02,1728461061,No,0x0315ff9074ab9df4cd527b8f06a030a068e2af6c10fbaf7d34d6ebd7db743298
BUY,0.999,22.022,1728461049,No,0xdd79922616b0aad80d9157e24350e7eedd6b06755dbf14e0eb056c43bce47f0b
SELL,0.997,23.02,1728460183,No,0xa1af3ca10f815bc38ebe913c6f67a24b4817e0edbb5522f56738a94e4c5f17d0
BUY,0.999,23.023,1728460177,No,0xc6c118fe8487da8e2ec11971bae6f7863431b0aeeac4d5832aa1158326685cd1
SELL,0.997,26.79,1728459635,No,0xd3a31426cdf7fff5c3505e1e5f8403e5500984e9b3cc0d269d322d54603d7cdf
BUY,0.999,26.796,1728459279,No,0x13a84eccd37e040c4074900d0c6ff7093c5c08ed65766d90af3b7a000c072caa
BUY,0.999,672.642,1728455045,No,0xffacbc65eb6840dd9e25181afe236cde1b23d47639bba022777eb0e6e1b0a6e2
SELL,0.997,2,1728453760,No,0x82df6ceae1d0e653635755fa811047f17a92591ad94e2c688d77a1abae3b4fa0
BUY,0.999,2.002,1728453740,No,0x7ab8095e26a5ad6576a5be114ff8dc4e667aacbe14962a8815fbb7fe81b8471a
SELL,0.001,9000,1728450271,Yes,0xbc2470954b1f9343b835fb9a805a1084150a748b6d8396311bd636aa48d1f2f6
SELL,0.001,9000,1728450265,Yes,0xb29952e9fb384586c1a2b9e2ce85c7a32936bf394b577310e0f001251c9170d9
SELL,0.001,9000,1728450263,Yes,0xfe618ef6d006300e8c6f38bf74f3883ab9b0bd702ccd168bc09460ebcd0f024d
SELL,0.998,48.47,1728448138,No,0x5266bcfdfaa468696b1ed0bf9a5aa5b6fc0e4ce7a10f85cdfc2f24bfb358bb49
BUY,0.999,48.47,1728448106,No,0x9c420e3111d42ce38f4e0585957df501d7bf084f85179a6aab1b6a0931f79715
BUY,0.999,4.804,1728446068,No,0x5e746071b7fdda8d2270602722d7806401bfc91411156018ea479806eebbe35e
SELL,0.997,102.09,1728442903,No,0xa95fb5b25b94c92d74d4d12e3453b6ca007e300c8d917809fd1bcb49dc18133a
SELL,0.9970576250257255,242.95,1728438081,No,0xde23a21a6d97abc4a826b40c6cdcc1edc4ed40878b03be9ca6ed45e24d7a5a8d
BUY,0.999,242.952,1728437943,No,0x7a8e73b7fc952ed3f9ab4d372da5b40e70733777d7e0975894eb7c1a4f2778b7
BUY,0.002,35.03,1728434586,Yes,0xc226373d33e744bd5f0dcb5f3fede081ea478d9ade14af1e66e3790e85248d0b
SELL,0.997,52.89,1728433816,No,0x21aaeed41aa7cbfdd6d7b3b9743f4de7c7643a5965c0cf5a6a9435c2c89863bd
BUY,0.999,52.89,1728433786,No,0x6ce209fe02b9fd378795887eeac409d035fa3b1f65a056cffa7bafd9c35fec85
BUY,0.003,10,1728431072,Yes,0xe5dba5e97b904e070389b1dc3229e0122681f69b9042396600d50d7da3c62f50
SELL,0.997,48.48,1728428477,No,0xcf32727bb9a2b1966e2966f6ca607ca9811b080a2eb7a0a835057fc0b7fc9d8d
BUY,0.999,48.48,1728428447,No,0xfb94a04d0683054b48068764912539294f6d3f1e610c327d194a8e4cea99ea9a
SELL,0.997,53.06,1728427832,No,0xab1db3d9a93590e097d923e8286be02563a3228590c92c34b1bc5ee34d6c2842
BUY,0.999,53.06,1728427806,No,0xf0283766f06ba05773d2e5c091e596f01546ad2a256dbeb62f3218f4ce6d371e
SELL,0.997,45.47,1728425548,No,0xefcc399cb50e0bbee3cf2c576722d98da424c1490d4428366264a939ac235f80
BUY,0.999,45.47,1728425522,No,0xd6d7f54b2c7051e77fd76743a9298429d04115f6d7ccb88d19b6df1291798dfa
BUY,0.003,23.78,1728422850,Yes,0xd7ad506ae522164ed72c3a17fa5581dc0c50541c6d200130953adb602789648d
SELL,0.001,48261.65,1728415560,Yes,0x8b549771f895b15eb1b6e0f094703a915b4b554e2f57ded1ecf2ffa95fc2959f
SELL,0.997,44.88,1728414162,No,0x66674186ddaafb41e403852ce05696251cf8c09709f4f2cffaacf020b2350f3a
BUY,0.999,44.88,1728414130,No,0x8ae7cfe428e5b74209b90613fa8ce515012c7d6d5e522abd830f9e8104e222a4
SELL,0.997,674,1728413856,No,0x695f26a08c0f6e379a467444b0d8bc22f60599dcb2750415ce741a7e7da5d82a
BUY,0.002,48261.65,1728413674,Yes,0x8b44090f1e883dc2dd8c5d61116811e332ff3ff38bf1ce293c42fa0334cdec52
BUY,0.999,630.37,1728413644,No,0x5cc26057317a68320cddf706fc81b76abd8bf8fb40036a0c46a34414623bec89
SELL,0.001,4561,1728413112,Yes,0x64540fa6305c28bd343f8dbb36c4c868bef2e9561d2551f1d924e47bbde018e3
BUY,0.002,4561,1728413098,Yes,0x792e0d9634a5e290c53ee0495ccb6a2366aa2d00e2562af5ccf6e364b4143bc1
SELL,0.001,250,1728412668,Yes,0x3932c08371dc3630b17a089ef11df2a35561dbc41dc29e8faf85ec57f098b128
SELL,0.998,1,1728410848,No,0x5616147609ec4e6595bd553dc276bad87a1b19a0012da7cc5f8f6f69782ae5b3
BUY,0.999,1.001,1728410840,No,0xba7b4ac7a39617232bf1ae24c89a8676d4443462b71e614bddaf1644c62eb52d
BUY,0.002,52523.65,1728410470,Yes,0x272455c3ecab8d9ee4aae7c00fbd3c77451393017bde47027d25ab46e0f7a013
SELL,0.998,3,1728410042,No,0x57412d02b9d3e4da01e4155906cb9b6401b6b94a46995d4575d0f45fcb766937
BUY,0.002,52226.65,1728409250,Yes,0x09bea3b13a94dd4b27b2b6c8ce0779b0a79bc682eeb631965800c0b6b921d6e4
BUY,0.002,44926.63,1728408141,Yes,0xfbaeb6ca08b98c11ee043d0ddc8427ac06acd583c5d9ca7895a43e2aa39f608e
BUY,0.999,674.324,1728407555,No,0x9683d0cfbf5f842562120fbb1446ac3142cf4c541c35bb28a361c1f5ec06b40d
SELL,0.001,3500,1728406979,Yes,0x15b5997acf5374566de91f1851559e57131ef2b28423b842d2e394596daab17a
BUY,0.002,3500,1728406465,Yes,0x3014c7944bc40e66c6411c6bf721eaa5cdec703224b4abe8cdb52bcbf905ce68
SELL,0.001,7000,1728405953,Yes,0xba3caee187fa13c2353e3586cafa94fddf9afd19698a82f72f20c2761e6b7922
BUY,0.002,7000,1728405437,Yes,0xc7ecc9b782cff72681f71439fa3c94c2ba73d1a4c2fe0fa32b475ca2b0d54ca0
BUY,0.002,17804.5,1728404521,Yes,0x7b17617bfdf33019d961cdd31ea738eaa06c9cd7d789a695de74e094a1e343fc
SELL,0.998,197.58,1728404209,No,0xdd955a867f4e13b44ebb8e4e72a16387d77d2a0872ccaab04506a5e2e7584d9b
BUY,0.999,197.587,1728404131,No,0x7cbdeff401ed348356beb95e7627f19b00273df864177a3a171a066ffc0962ec
SELL,0.001,89,1728403903,Yes,0xf694d62d46e85b4ad6d8716feb459b6e9d01411e1e9cda9d92cf63f9182b471a
BUY,0.002,5,1728403879,Yes,0xbd2aa9c77fc379421db2ad6e5719fdf5ad6f12163818112b667d62edbfeac5d1
BUY,0.002,3039.37,1728403512,Yes,0xa8eb9d735e7963a57bc15079b9807a9f754d5a90e1354106bf4c2dd89e936f1a
BUY,0.002,7500,1728402108,Yes,0xf089b47d5773f4d14d97941bac46b082c56912ceb215c477c3ab56ab845eacbe
BUY,0.002,1790.88,1728400428,Yes,0x466d405f5747d7fab095c53a07409021cf7acbe11673df6dc7e0f6c62b2df743
SELL,0.998,46.04,1728395652,No,0x1d14b59726aa2344ba060f32d6a6580b2a65cb6cf7b3610d8796e68acec4f62e
BUY,0.999,46.04,1728395622,No,0x768a1a2af843dacb25282f4e9bdf0c77ead30d42cb2c3efa3e7759ede4f22db4
SELL,0.001,135,1728392568,Yes,0xbdfbb20627c71f21b55bd9fd6889dcc52ec3726b17ba23f0faf9997acd18d57b
BUY,0.002,135,1728392502,Yes,0x5d23f11fd35134c7e54677fed86de7e970bf46b599561b97118c794e543e0d61
BUY,0.999,1.501,1728391364,No,0x31aafb901951940656fd13a856d0c369a3d7adc70b2f2afc5befb9f9d12b44f9
SELL,0.998,51.65,1728391322,No,0xee51b6388f5c173594556b980f6c32df87cfc346a455839e53e17616263b23ca
BUY,0.999,51.65,1728391288,No,0x59b10de9ee273243e9f05e5cea79c07616572686eafd9967c490a07c9c22cc5a
SELL,0.998,201,1728389150,No,0x6c9a259a1c817055d75ccfa9d373a808c3616962f8f22a9bca89735393bbd898
SELL,0.998,201.01,1728389150,No,0x5d943a7b3ad9d437fb18846ebe4ed5b5da90ea7cb18767770ae0497e9212a068
SELL,0.998,197.79,1728389150,No,0xa15ee8926a72f02aeccc83a74bfcecb50f0050f086e347cde991778223870b12
SELL,0.998,201.01,1728389150,No,0x35c2dc316dd7f313e56836b55df73e20f9eb0718a6fdd425e4b37c2805383ad4
SELL,0.998,195.41,1728389150,No,0xd69cdf466e954ee7e1c2946ec4e496b8c6388c9612be3e06f8e63241cd26ffef
SELL,0.998,197.79,1728389150,No,0x98abaf2d3488422a7086680721329741a8a8b982ba511277330579e6bb7bdda8
SELL,0.998,201.01,1728389150,No,0x7691506bf779121ddf1ed8d21fb770c0c28262f05793380fc263fdb1ff77780f
SELL,0.998,197.79,1728389150,No,0x6984505cb8ba9494640157efb5f6d30e36936a5b4bb855536c577ca770e24a79
SELL,0.998,197.79,1728389150,No,0x92d5e43f2fb0aed04f2564206c5f5d376193016558d6f56f541bd12120e362db
SELL,0.998,201.01,1728389150,No,0x9f01a95cc5bb52bd96893a72065d51c05380a5f36ad77743c6fdc2e66cff8506
BUY,0.999,201.01,1728389090,No,0x8fae1e0e7a4805dcea8dc695085dc7ba0b53afeb68acfb6d9437cc8bce23c77c
BUY,0.999,201.01,1728389090,No,0xb86331d840ec2def1456bcf62cbf0c900951d6ffa8f7ef4bc9cd312a3b64ab4a
BUY,0.999,197.79,1728389090,No,0x46021c4e11b238dcbfa7b97107ceb12a2cd3546448635cfd6b1bc7468a5fbe07
BUY,0.999,197.79,1728389090,No,0x7c0c0eccf47280c45834b9f51dd466c9d4b13337b577c935f9f347be38eb6833
BUY,0.999,197.79,1728389088,No,0x41a8317aa0048292dbacce46929d2acea2c0506ce5108069e6a25d8f99173dbe
BUY,0.999,201.01,1728389088,No,0x5adb5cfef666d1d3c9aea53740843f544f901e9718ea160ec3f0fe1ae08183f5
BUY,0.999,201.01,1728389088,No,0x1a8ad522b1b7ac389b029875e7e9863be597e054367e8cc5197a0f6bd7e71ac7
BUY,0.999,195.41,1728389088,No,0xf2c8852163023c6338409893847da5fff77e82bec13cfa1d2655bb87edde06eb
BUY,0.999,197.79,1728389088,No,0x2a74a7cf195a938eb07b4ff7b42322e3b908d441981fbce98eb9da33b1dd8243
BUY,0.999,201,1728389088,No,0xddc42e6096991b72e25ca20cb0201ab263e7cd2b7750f647e2100f325ea7e488
BUY,0.002,5,1728388754,Yes,0xd8796c4df45f28ee78e18f8c65bb961a28a3ee37e3ef2395d59dc36e1e71cea3
SELL,0.998,494.38,1728385139,No,0x262f1dbe532a002295e712f83770a05e6b26c8167851b88770f502f540c9ec8c
SELL,0.998,494.38,1728385137,No,0xfe5fb25a9a29648a28e0cb1762da8dd9bc52cca1aa3c139957fd0eba99b52c03
SELL,0.998,494.38,1728385137,No,0x5ad1471e029fd83bec3fd9bf1b51c277d805cecdafdded8e856af8fec92dac34
SELL,0.998,494.34,1728385137,No,0x12bd7e8b37b405ddd39b74fe5819f0d6da2e6354cd8018c89193f05d203c26e8
BUY,0.999,494.38,1728385119,No,0x1fff23ad5b702f1c3cd1e50cca42b247a6a4b9adc4f4ea89cf904a78543619c3
BUY,0.999,494.38,1728385119,No,0xe059cc75d610b1e0ef05ca2708eefc1758e1357f43332db2ae24a3349f7c355f
BUY,0.999,494.38,1728385119,No,0xcce92b28637ebe946c776bb3f1f501d7be5b84b01d70716233dc6f5135557f36
BUY,0.999,494.34,1728385119,No,0xf6bf51c40e8091d6fa17d7db3ab78c5103496d04dd5b1ee08365678de7b4fcd9
SELL,0.001,95,1728385059,Yes,0xa269f34e9dcab08805feca9edb0d84bd8e232d8cd8db3480568d19ba316e0069
BUY,0.002,95,1728384995,Yes,0x207850a1adda41f14bd1f818c4763266367abbe99ef956ffa2cc637f03337e7e
SELL,0.998,885,1728382713,No,0x7acaa5c8baed03b0d51c87e1223d6f7512c40860197480af104b189ffb9b2a15
BUY,0.002,100,1728381164,Yes,0x52baf3f48d46cbfd7598a6ae68a8c3d85f54df4267f3bae69a151d717b1d73e4
SELL,0.998,51.75,1728380010,No,0x78dc1b9fc3d5b01622c795065f1acfd0ef106898d8f6a8c4e5fc577d3dc49725
BUY,0.999,51.75,1728379980,No,0x67e55d9476f8bed9f2a6a6894ecafd786975f8e0fe1d4f4ab95a9014b815fcd4
SELL,0.001,120,1728376806,Yes,0x440a19211d1955e37ceebea46238200bc93b1b8beba22f385be627c4dade9123
BUY,0.002,120,1728376740,Yes,0x4f0b6cf615dd8e6bceeb3a65c2f6ccc441a19d2b84601f9e45aaf867004a1fa0
SELL,0.998,50.81,1728375986,No,0x25cc44dce3c294c8945fcfcfbd1ead7fc0029f273c45d8b30f096646d87194d8
BUY,0.999,50.81,1728375952,No,0xa24f1812bbf54ed84a0aaac1bb0bde8cdc046e3baf322beeb001817586ae14b7
SELL,0.001,283.06,1728369484,Yes,0xc993037e3cb0d7f8d4d05e4538d60fd9736cb326472d7c784b7c085b1f153dee
SELL,0.001,750,1728369468,Yes,0x0073411475fe46dfee987b5e9e5e44f78f1e2e64cff1359252b506272493c9af
SELL,0.001,750,1728369452,Yes,0xa6ec94d566d581a2e7c36ab8b389cea971b0270c97054fec74ed3f0e13dc9f0c
SELL,0.001,398.86,1728368154,Yes,0x3ce89fcabfa696ba1c9a82a6dd3d555f5ef3c1fad9aa73caea4fa68942f5985e
SELL,0.001,750,1728368138,Yes,0x3429d3fbbf054b07beab8c2da882c239b9903ed779a86e77fdc0b6493e269003
SELL,0.001,750,1728368122,Yes,0x5345d47767cfdbb064725310610869325acd2edcd402d7e9dc8bac393776e409
SELL,0.001,750,1728368110,Yes,0x566175819a45a22011468c9d60ff20007501306bae3340ca41063788efe60c65
SELL,0.001,750,1728368094,Yes,0xf8c1fe77b07bbeb71adcbba43ca2b5c504440b202dc2d0c66a30e4efb506a997
SELL,0.001,750,1728368084,Yes,0xf741826f6ae9405d1f70d58707f93fab707686b5180217da27fdb96d270f1ae1
SELL,0.001,750,1728368072,Yes,0x0565ce42db6fa3e1d765b24fdf1100f38aa04674ff2963b101f69d0f8a4c19f7
SELL,0.001,269.95,1728367932,Yes,0x03d46b2d9c69dc455879960d2ae56fa4a20445032b84eb939a31170f02625f86
SELL,0.001,300,1728367130,Yes,0x2a8700cec3defbab7fb31f61762216f9dd9b0d7aa38d5591c15e474c9e15c493
SELL,0.998,8999,1728366660,No,0x483b8f6486262eb7218109dcd0fabf4d372e17b8222af702a6ca194f93844a86
BUY,0.999,9000,1728365986,No,0xa187493a4e84a4c8b2010b3fcce749b9bb29bb3762a9a3a53af5f2cc1580ea0a
SELL,0.998,45.63,1728365024,No,0x53505e86deda2b63003a80b89c6840ce3d385576c4442f9f7d6005ab85f96c5c
BUY,0.999,45.63,1728364992,No,0x83db7a8804bd25878c34dd1e6b2a8159cae0f9f267f2ff061a38910f33cb1907
BUY,0.002,150,1728363670,Yes,0x688dc1fb9e3ae31f4bc7eb33cf971483074729e583764a8e0128e68082d94d41
SELL,0.998,49.67,1728360150,No,0x8403ba65030be9c938fb585b554d345e68bc078bf5426b3f2a53cb797396e2a0
BUY,0.999,49.67,1728360116,No,0xc8902c832c4b0d41b11bde4acfbb3153b9336c5c9745c859d432acf4db103359
SELL,0.998,48.57,1728359958,No,0x8155e4248b674a601f170610ef615785c94b49c932a0df6b946e23ac718d443a
BUY,0.999,48.57,1728359926,No,0x91b31fa18d7c249c8d407d05488cc7a67bbd264c5db636b280028af10179d569
SELL,0.998,137.84,1728356018,No,0x1142e0c0f8a889fdc485a428c2bffd37ca7faa688cad13053e29c95d9c42760b
SELL,0.998,11.01,1728355170,No,0xfd06ad48fdd2b83cb81e49b3b0a4c9b51854a9e91d858394aaf32aa5025fd567
SELL,0.998,44.5,1728355154,No,0x5aa338dc23b04fda9bfeba28b53cede04d2820ad07246c4b7d0ca98cd9bd1f16
BUY,0.999,44.5,1728355124,No,0x01f0d70578cdd97e49dddba16dc9d34a92f7cf3662ef61460e8f0fdd9bea3fc0
BUY,0.999,885.075,1728354906,No,0x22932dc688bb1732a379175b29aeaf75fab1f41c0df12adad9a1ce0c1248d9b3
BUY,0.999,1.601,1728354006,No,0x5817b54a741a9ed777827aaa62bd810a9db787308e40e3318a6bf0715b638b63
SELL,0.001,36899.28,1728353390,Yes,0x26049e2c5bf0ae1d9c9729f37f171673fcab5de6e294d4ab5cef97fd7bd3cc5a
BUY,0.002,34.64,1728353152,Yes,0xf368d59236e860ca32505860b532949676a03ca8deb4e72921d5931729cdf23f
SELL,0.998,13.93,1728352792,No,0x4695e122a6c58fee2cd5717a515c31287f88b32f652f4b69b8ee54a4609fdd56
BUY,0.999,13.933,1728352778,No,0x413a756df3a4e214d00703e02ddefe9860c22109aee8eb720fa04c86a4ae2a95
BUY,0.999,2.03,1728352396,No,0x2be4883ed04a257c8122d11fb42e282b08dc0f117bef946d001266d771a395bf
BUY,0.999,3.05,1728352128,No,0x46fcaea9174cf18d5322076d229257b13ca2d21cf9c34e65524d9492c544ad4b
BUY,0.002,2000,1728350740,Yes,0x748612905611bdf090ba6b3d5a6baedcac5bbdfe4004d409478376e6daa7183c
BUY,0.999,1.02,1728350144,No,0x83de84ee90d34f900b6e57ca52f11d610e9515cc1b9e9fab93b72a122554e184
SELL,0.001,8159.46,1728345824,Yes,0xaf3f7fb9776b68124ee295d8a638d2d1952e1094205e7745d9574bba0fd6dafe
BUY,0.002,5,1728345240,Yes,0xb82576460a22324e8aca2fd9528ecdb5e9a767fb4992a4545e73e021d71ad83a
BUY,0.999,0.5,1728340062,No,0x17bd8bcdff3fea0d773795a819768d1de7f6b8aa5864203d91b41a4a0f874eb0
SELL,0.001,212.61,1728339914,Yes,0x79f79c805bd95fdeaf406d27dea3b3a402bbc13c92d7b3d8c36e9c9ebb421f9f
BUY,0.002,10,1728339222,Yes,0xb23a50b811c36ebc5e2ea449624a7206c2576b7b5c06498e1e8986d6dab5274d
BUY,0.999,102.092,1728338686,No,0x1ea2a107bd14a8eb23a40a7be5704dfcdc885ca6bd6a4075182c8326967f7de7
SELL,0.001,33.64,1728338152,Yes,0xc9cc88593d0ca5491da7aa66ca4c58f75ca714ee477ce13867d1412ecaefd550
BUY,0.999,3.14,1728337410,No,0xb6270e1fdf7b1734fb3a7b9c2ce24f17715fdeb999df6857e1459d0516f34db2
SELL,0.001,5,1728337336,Yes,0xf49a7b94ff7f4b932b79a476fd08b5d53c6a5aff069722eccaa1290d16ad14ce
BUY,0.002,5,1728337314,Yes,0xcfe0284ad0c3c12bb7037002bd603b2f99bff37c674b52648413c4160dd8738e
SELL,0.001,5,1728337094,Yes,0xfb0819ab945c7957481cdf5aeece12ffd92beadd3158321390714fa03374d0b0
BUY,0.002,5,1728337068,Yes,0x2592635d3c7e26b6c621227fb33bebfc06ebbc5b00f20c92b573a56b4802327d
SELL,0.001,3,1728336934,Yes,0x323ab755b4d93eb89297b24f0439ff870b14ec07b29805ec049fe1e9886888c9
BUY,0.002,5,1728336908,Yes,0x3699adf9fd108d3a45723ae24ab220d4289b9e91d5f21e8c373715b58f683871
BUY,0.002,60,1728336852,Yes,0xfaf12a7894004185c8f5a70411a59a1b1ebeb2322dbf9ec6f3c2eb477c6c988d
SELL,0.001,5,1728336748,Yes,0x261a6f0ac336b4705b68f74043660182ae6c28c6a058b85cb49efed9a81ad5c6
BUY,0.002,5,1728336712,Yes,0xc6fd2c7411c1b36f9d1147df4ef3e6d0b2f13d76b6ecc48c0880916d760850b5
BUY,0.999,0.01,1728336596,No,0x7612d687fa6e48ec0514f3041c5996747f072008f8e20ee9c12b03bc67b11581
SELL,0.001,1,1728336560,Yes,0xa5e59711bf2071132aa071b6eae827c5e23a49bf7709c8a6aab709dcea803d04
BUY,0.002,5,1728336536,Yes,0x4fe03201b320ee65c08cffd5595337bf617374090ea1707c260e4df737e1a2f4
SELL,0.001,50,1728336300,Yes,0x64c7795b16e2e16ddbfd61d3d2b4c97043c26a34e3e758a36cabcdb4819fa56b
BUY,0.002,50,1728336236,Yes,0x33cef1cee48254f6642861c04fbe61bb5d27e70ddf5905bc25f0e1af0742b552
SELL,0.001,50,1728336082,Yes,0xc20aca04798cbedc71dd0ec8eac64219f14b0d2404e5c35c146963df7e3b8455
BUY,0.002,50,1728336042,Yes,0xa8ad85ad9167e9e119eac8991a4b6671e5947689f4d8f39e627d89fc70c3ee92
SELL,0.001,11.11,1728335982,Yes,0x595a0d418485507093ee5097c6e3042bde952bf629fe4a209710bf70795e94b1
SELL,0.998,48.57,1728335776,No,0xd07660ce99c98776766a164f2d2184f9ebf4d90a5a760fd5aa47d019e9910a72
BUY,0.999,48.57,1728335746,No,0x2c6cf2e39e9c72f393bb6f96d43b622ec661337eeeb9083ab7bc39143537a8f0
SELL,0.001,50,1728335658,Yes,0xfafe18a75ba458b9e8182142875544d4bf29a5423e15a25a878adfc3180a5097
BUY,0.002,50,1728335634,Yes,0x73c561b635121c80694d264f83db4dfd081a92b6c7c8d778739c48448e4e2926
SELL,0.998,357.25,1728335482,No,0x7efa0035c9ab8fa5e6f218bbf51ed7fe61e36f991924430da3876c698eeffbe3
SELL,0.001,50,1728335396,Yes,0x60b2dc73467bfd8ad66c99c7cf3bf7eabb25a056c68c90ea6f76732672c6ffc2
BUY,0.002,50,1728335348,Yes,0xf56b2727a0f5ab1a9758c6716f4f758f3d668059add196c052de2df97e3bd4a3
SELL,0.001,89.13,1728333994,Yes,0x6ecd55720329121053cfa7158f311c58dc89ce1582a7678a068472b1f4159bea
BUY,0.999,1.001,1728332890,No,0xb4eac850ea9f3197af0fc069e5184eca898fd962a12a65c723ebfc6ed80b41a9
BUY,0.999,1.001,1728332534,No,0x9d071e0ebf9aaaf550d9a550a97f98ebfd61dc04ac9343452536f93f91258d2f
BUY,0.999,357.257,1728331812,No,0x3b55580e8e7249bb1ee3cd638082f881696bdd42bb605057c3f87098af5991b8
SELL,0.001,57.5,1728328324,Yes,0x2883b764a3f7092a45590b0f1f8c1f18b7ef5294fa1e46ee78caa0f7f3212051
SELL,0.001,5.29,1728327712,Yes,0xdba380783bad0899f2aacd55bc9fa73373f2108ef1afa77727fde36eb584d883
BUY,0.999,1.01,1728327454,No,0x2c8feb2d65c7b2b6979ff347d7fc2436aa3622e90357eeb99ee82428a4825913
SELL,0.001,112.62,1728326666,Yes,0x7eef99b1acbcc03c4ef51d8a31081d100e3a3844626368b0224a80f8047d5cc0
BUY,0.002,112.62,1728326650,Yes,0xacc3d684a4deed3b907923cbc12086b6c6ad700d4395086099b052374ec9105c
BUY,0.999,0.01,1728326090,No,0xfef1877880324b74f8aca624060892b290dea97450bfc242342f11fa89abdcd3
BUY,0.999,2.03,1728325812,No,0x8741ef29a9e6975ca182841e147d14a13da85cf79d6c138dcf405bfa0e188601
SELL,0.001,154.02,1728325336,Yes,0xe2ffdd2dc3293f6b31717d1b133870d3a480091c562a0acfbaa97d2c2e2c3e07
BUY,0.999,190,1728325232,No,0xdae794125835500aa44cc588715e34b36f04175d51a75c176b62bd1c44fa4315
BUY,0.999,18.75,1728324898,No,0xb0ca0fdfc79872ad252580749ca162f4a56d5781a5f5eebfa91eefcdcd5ba347
BUY,0.999,14.014,1728324760,No,0x09c3447887cfa27fb657b86344a659596b2768ddd61f25293f46b075783a8f7b
SELL,0.001,48,1728324380,Yes,0xfecc50cec1ba377222652186b672b7278d7c53ca06805c9d1cc694253c20bb8b
BUY,0.999,10,1728324284,No,0x8251ec32da33fcc99e6de4536896bea85ebccc8180404260c8c9f2de544d62a7
BUY,0.002,55,1728323080,Yes,0x6822d1a03e772de79e9646500d13d4cbfccd25a861d49ec9c88b9d743473fd3a
SELL,0.001,151.76,1728322002,Yes,0x9203bddd6c1ce4ac8a76fd92c341f529649c08816c2df9ff7b1851cc8513c2f9
BUY,0.999,1.6400000000000001,1728321834,No,0xa578a6bfdb8f45097dad2deabfb1536fbda1683e207eed88c65956fb7a7cbb85
BUY,0.999,160,1728321822,No,0xd93bd86e9d70cb8187591f860b886b76ceb9d6a9fb9b09e33b02e863a6bdee1b
SELL,0.001,0.1,1728321686,Yes,0x5d51b997029fbd21426f9eed3238b814bf2ae323e3b2d802668ca8256fb33cd9
BUY,0.999,0.01,1728321598,No,0xaa8601f8ddda663c8bfd64d81c43ac5a0ad5af3cafa975aca56a5a6751e73b18
BUY,0.999,0.01,1728321276,No,0x0660bffc25117b9d74d3ba7781bbc4cccdbe7888f6c67b1e3d107ad29ab1315b
BUY,0.999,0.01,1728321130,No,0x22f147734a7de69cc5a908958587d4774bcb5461efc715469b5f6f1044cce86f
BUY,0.999,1.52,1728321024,No,0x21232aa6d793d934c9828386b25ebdb7d59995737b1b548f7198fd0af00dde92
SELL,0.998,52.44,1728320506,No,0xef06f54c3b9cd958a2d2d0c3e9e6452245dc285559ba431514c8acdab78e7f10
BUY,0.999,52.44,1728320480,No,0xb51fea0e9117c173fc74dc4da5de825e104fd8fce521377e416e080fd665f69b
BUY,0.999,0.01,1728320356,No,0x6f6bd40aa57c8626f1a4103022320f39f04a74a883bffbce716751b1fef820a8
BUY,0.999,160,1728320248,No,0xe0b5aa3de25ca5d0e582ce69886ca990438f8bb21a6987ae7a04280b3618fcb7
BUY,0.999,111.11,1728318389,No,0x8295a95776bda24fe7eb852c002b8e6858aa7328d6acc4d834f73338c0ac517d
SELL,0.001,10649.27,1728317685,Yes,0x8432190f30fde2f2cb84ecf128f345a8e9280c2eefddfc974c164eff9bc00047
BUY,0.002,65,1728317445,Yes,0x52edbfbd4ae9141ac119de706c2e5e09a33831d6cfb3d62ffab5522a5cbc9fb6
BUY,0.999,190,1728317073,No,0xc47f9f33965a97f39d1a9291d64ad86e721b914b5cd1e3a3576894ddeec0db73
BUY,0.999,190,1728316903,No,0x6f4dc945ddced4a3c06df73ab61ad20e68a9dfbba2cf4105155d7ae2ad09d3a4
SELL,0.001,155,1728316031,Yes,0xde7ec4928a4d5ba01f837980c3be8d3d3a6b75e8c85e11f737a66848eecc9ad4
SELL,0.998,20.02,1728316029,No,0x00fa376d49e1d781cdb1d85b925207978fa5a61f76ae9ff7e13e0ea43c089a36
BUY,0.999,20.02,1728316021,No,0x8242b8e35cff7ddcd1e16bb8bf7ec32d228554cf822753dc92c6e1c8a82dadfd
BUY,0.999,190,1728315935,No,0x3cbb735e995ea347a42ae18910e23a70db313213df0196a5b1d1e866bdff481e
BUY,0.999,269,1728315933,No,0x28b0f0cc0d1be7c090dbe1057ba8df6071c34a1deeed4cfb178d2b0e7a09ee61
BUY,0.002,2500,1728315891,Yes,0x6fe5087c43cf69ba9fed74514bd0ed2f14979639062b2c6cbec97278e984b031
SELL,0.998,12.01,1728314897,No,0xd7cf15d1cd9b4ab850c87b07b69b6ae1f68b2ca6abff7b65711ec32fd8ae5751
BUY,0.999,12.012,1728314885,No,0xd1ecdce2f5bd3c4edfb801f63f39224c61b6613baa52d68cc8fd736cae5cbcd7
SELL,0.998,22.02,1728314767,No,0x9ffd5247ae7bf27f78e54bc4f829fbb63be7ed75b69a1bdb994d971eeca8d250
BUY,0.999,22.022,1728314759,No,0xb7f7804e7bbe359e08723faf725231698d58493052a54054eb1efd949ed6aa12
BUY,0.999,0.5,1728312965,No,0x76e4afd48f08fdfa02cfc293f1aad7b2627815d31a39f4d988ef02572d15aa46
BUY,0.999,0.5,1728311943,No,0xf40dc9be99f67e5a56bfa5214ec659ce00af92f4323ee0ec57b1664932360f84
BUY,0.999,1.001,1728311487,No,0x78d24e0aa0afb76405b09e6e4209b74df2d2efff295cef864b1811a9529134ac
SELL,0.998,3,1728311421,No,0x3b5f9dfa57f6dee58179b1ac7d7353191c478ea3ad7fe761ebddcc354ab88d04
BUY,0.999,3.003,1728311403,No,0xa61249f1d0fc23c52ed370db5bcf65b462c846bcca1eb7b6666b1d753275f4e6
BUY,0.999,0.5,1728310881,No,0xa4a06548f4d3cfa6d5a17282f9a32412024f42b222f35f5c62d5a8090c69b366
BUY,0.002,2000,1728310831,Yes,0x741e95608f6ada2b4379edd4ba692fb1e1cccfae8a9def3f50014424e630a097
SELL,0.998,16.01,1728310173,No,0x74d1f8a2b91fbf4027e82320e7d84e98e4c79caa95379fdd95bf2634fcdec4c2
BUY,0.999,16.016,1728310161,No,0xe6eba4841659861c4393be7c01d4fe37818a0ca137ca19c5889446079a6a62c6
SELL,0.998,37.89,1728309259,No,0xe113a632196298cb8d1301f82f280badecbe94a25d51a0916f3d8331481fb205
BUY,0.999,37.89,1728309149,No,0x6c6e9b6875ea15922955ac7a2030356cb1a8c2228e5d6ed7907d9cfcdd80ea53
SELL,0.998,26.4,1728308981,No,0x068115616b12422971cc160c5ddb2e1af400c8135942b446f5865f19ff257963
BUY,0.999,26.4,1728308895,No,0x8c980e8f4dc1d4e9a5d277a45973f42faf5fd33df78ebe83197fcfe954e161ba
BUY,0.002,2000,1728308013,Yes,0x514c8867180bf8a8e75d16fba0cdd4e4996b0ba4b4438fd14125e2a84948a904
BUY,0.999,1.02,1728306244,No,0xbf2f259a82d7adca1c404596a52812aac5f3fb7e757f3747ed52636a6025a472
BUY,0.999,2.03,1728306044,No,0x277773847f092f13b8623542b5029cf12adccc2bdab1200bcc8b294b5cfad474
BUY,0.999,0.4,1728305842,No,0x9b21c0ef12915ec264f1ff43eb90913a5e4ffe6cebff4816abbc70e736625be2
BUY,0.999,1.02,1728305494,No,0x098a82b785022cf6067b98b8bd11746604eb2039aeafa822a2397c5dd71a1b2d
BUY,0.999,4.06,1728304924,No,0x2f78f9c61571cb14b7fa4980a335e2bd8756de164069551c50622f8b2bcaac41
BUY,0.999,0.01,1728304732,No,0x72a979298c6229d770b417a4df3c695a7fe2741fa522376c7abc7d41dd5238c2
BUY,0.999,20.3,1728304426,No,0xb651afab2d310ad4bb39e93b163f59f76c12347facbe3859fd4d76c22e63eb33
SELL,0.998,49.65,1728304350,No,0x9c7fa879a858c60fc4012ec729194886926d0b131511d00cecc2713992857212
BUY,0.999,49.65,1728304322,No,0x1e9625f296309fea0afdfeeee5619df196a20b10c3da4b34a0f5c7f244c289dc
BUY,0.999,0.01,1728304014,No,0x0ffcbf230af4de236f4e8224554c237c2e91b9dc9c1469a726bd09c933485b7e
SELL,0.998,56.22,1728303602,No,0x12db2e453f969867849b25a43712aee8a66be42a71ed713292481b1e1bff1bb3
BUY,0.999,1.01,1728303474,No,0x7067a40f316b3a677cbb9f41116dd6af0dc4b033fc1ee1ca33447f044cf9ed3f
SELL,0.001,885.74,1728302888,Yes,0xb2209d5c01b287de7b191a5e0bd4219f8e8b053fa8736d764393c1daf5766036
SELL,0.001,6.09,1728302684,Yes,0x98c82b909d4c50703b995cc4598d842fadf68d4aa2d25bf1faffbc395323d01e
SELL,0.001,8.12,1728302374,Yes,0x0c97c71898945b5357ee1651711784f5f8ce02e59be8c4068c9c450e9a8af3a7
SELL,0.001,85.32,1728302314,Yes,0x79a98f4e1b0b55deed38f54ec1a134c52c64f5334e76ae433b56f65b768e0f18
SELL,0.998,197.19,1728302086,No,0x3e2895d4561dea8c82abf837c230a129216746a7625612f72a09527aa5432f9d
BUY,0.999,197.197,1728301746,No,0x85feaa1f721222b1aa5b09b878ecee4d73a36f303333ae3315c4a086476c7f78
SELL,0.998,46.44,1728299716,No,0xd0f57c17df402043f2dbc184e78ae57ce810ac84fdcf47ba3d782a49e1911c60
BUY,0.999,46.44,1728299688,No,0x07f49fcc8e0a0a690bfe7c9c78220b33f08181228f224bb96beac9bc024531c9
BUY,0.999,0.01,1728299166,No,0xce1936f176f88e37e5c730d7cd15d99d748d1788b25a944ae984ca04852ef859
SELL,0.001,155,1728299018,Yes,0x41800167dc7b0f914ea332c7f12eba46605af2c9df9592511b82f5c77f4e01d1
BUY,0.999,189.18,1728298912,No,0x2af2f804b6ad5eb3f8e1d24ca9f42a36be13701a4ff80866b8e2c7e98cc423d9
SELL,0.998,51044,1728298476,No,0xcf07706ffbf6684b9b782aa79c9cd47548d3ca3d8327ef7cdc13b0e40ee6e033
BUY,0.999,170.81,1728298458,No,0x39519e986a6b1038fd62ee1c556c0feaf61479ff04d4ae5d34577574ae88ec31
SELL,0.001,20000,1728298180,Yes,0xc8e5c9eaca1b549f9f7a303e99a89cc405db83023df83588708625d27b028831
SELL,0.998,1269.87,1728298126,No,0xd69b4a5059d8ce98a3d3b70ed1f2b179930c5c84109017e7f3af292e2078fae2
BUY,0.999,1269.879,1728298084,No,0x44d0c3ccb09e85702915e7fd6cbe88da8b54eb05ce9fffbd8e6db22391858e0a
BUY,0.999,160,1728297924,No,0xaae6bd377635e9e36a07dd58e6752855807b46ec944f8d6fa7ab73def0457c5d
SELL,0.001,400,1728297330,Yes,0xd81dac8cee6be57f2f16015fc93e581757c177f01a3a1318f13848b65c21c05e
SELL,0.998,52602,1728297200,No,0xfce0875a514675d9ae1fd3d106b520e6bc82194e5db97e2f5450ca124d4642e5
SELL,0.998,45.18,1728296790,No,0xf3ba7e2bdc2e5af200b7613d9c965942064b54905273db3a408b95f1f118db1e
BUY,0.999,45.18,1728296752,No,0x1db4acf7a2d40c69c1fb6fd1bfdcce7872043f33386eda58be65336d8d73060a
BUY,0.999,5,1728296272,No,0x7935194a219f0787b19d7dceb2c2e3e7101d66f6f8a91e59dc77aa6ac412f80e
BUY,0.002,5,1728296270,Yes,0xc15df440f94f9109d6a4026f24922c743d56b573918d04fbf3970849032c758a
SELL,0.001,16.16,1728296144,Yes,0x92a1fbd788615e27e43c0c0c18beba4ff90f7448367fe80610df765aa2831c57
BUY,0.999,1.001,1728294804,No,0x30ab51b39045957c462a2a88c674cbf14165bdf2f0fafbd7d099351dda605119
SELL,0.001,418.09,1728294384,Yes,0x9b663fe21d4b24ba2c7f47a894ef16a478d5e3fe993b56fd916182bd6839fe4a
BUY,0.999,190,1728294306,No,0x5ff900954f6965d277c9b161dc5a0fbc33d058c93e9f38add5aabe2f0f763617
BUY,0.999,190,1728294288,No,0x39d387e55ca90ec262d647503ee4ec021e86a9eafd0b8df07d2625bfefbb3b15
BUY,0.999,1.001,1728294250,No,0x9c5ae1768ebcb13bfd7b313cfed92c63f8cac30cc40d2dff5010a5f70b65beaa
BUY,0.999,190,1728294180,No,0x6b287610e131a8da8bc841103abb36bf490cf3e0246b1f6f905e330f14a542ca
BUY,0.999,2.002,1728294018,No,0x9dfc153269b8acd32b7b774e26f76b9f6ba56ef12f3a495617f42c327dc26dc0
BUY,0.999,190,1728293368,No,0xa4e9f8acd97570311ae77183083eca9427e43c99fc4e4c75d9807072b5ea552f
BUY,0.999,190,1728293340,No,0x49ce59691130fbc9515c8950440ec995a68ad57c140bc47d4e95c98308269677
BUY,0.999,16.23,1728293328,No,0xc09981e0e50e0b085505f17202942546e3fa5777207bd07c57e8a9004ee07c47
SELL,0.998,101.77,1728293314,No,0x6165ec30a482f731133c5c696104af76e7a6faeccab72a09dcc26cf25d328315
BUY,0.999,190,1728293312,No,0x8d2b7b2d76be2a1fd0cc60f5af4ecd95c383833b5e6e42e1612f00a19e6459bc
BUY,0.999,101.771,1728293306,No,0x0c55a6506753ffae1a8a4186899e87254346ad70c2b83b834acbe5c5240d619a
BUY,0.999,190,1728293282,No,0x95ecbba4a0b3ac2082a04ac26d487d514dd2c1d4a115b1d56d6eee819f76a5bf
BUY,0.999,190,1728293260,No,0x680adff8b411f7c990740ddb7b2a20d16ad7cc7fc09de586720d5cac38443749
BUY,0.999,5,1728293124,No,0xcb8445438b51a90b2a2c99f81c0176a39444dba41690d64a69258d586270121c
BUY,0.999,0.23,1728293100,No,0x4414cd5a38a96b8eeea5b0e9542d93367f1ba6ea93e7a35eaf1be0330fd3e7cd
SELL,0.998,21.02,1728292856,No,0x16449951c0781ba3c4b3d41d7226f65df812527bc7c9719b18d243ed120041e6
BUY,0.999,21.021,1728292846,No,0x5120ef3511113f9eed1a9122e5fa7dd15aed387b9053c80df92b716fab085a9b
BUY,0.999,2.002,1728292654,No,0x8c1948db40bd4d9b0edc25dc2010e39abdf4b16fb54060d7c2bf9e435236ea52
BUY,0.999,1.001,1728292432,No,0x474c0f74e095fb26289a4d0c66d7787a515c00bb6efacbbbca4430614fd36959
BUY,0.999,1.001,1728292238,No,0x9c5c9de72dd216aa7b7eb4a427dd6a9387720bec85b08e9c62b4c32f641b7ab8
BUY,0.999,1.001,1728292008,No,0x8fb0cafd37fbff91bc14c3b37f185c0c26d461cbe36930f91fc1408e4b862ef7
BUY,0.999,45.66,1728291892,No,0x6838d4946ef4289e715ebec1056551f1d152f3a04469801f62b9e106c15d8cc1
BUY,0.999,190,1728291778,No,0xfb3e79da1f011ba68da366a18563664b3e5cdc92cb29ac35152eb68848d7c6e6
SELL,0.001,2000,1728291764,Yes,0x2f1152656490021e73075fba004fe19386a05adedb312b4386d4d1b67d5eaed5
SELL,0.001,155,1728291722,Yes,0xdc5b48224cdde9318ba4f1ad15a405e161b7823e570dc39c35b95fa0093fdb63
BUY,0.999,190,1728291710,No,0xf8e97c50941983676d1b7aa25e09956accfe42b022ee2656f3a9541eac851b90
SELL,0.001,10000,1728291682,Yes,0x388e36c795ee1ff215cbe5cb2d28840538a8889816d7ad5ab1d8d52b24a145f6
BUY,0.999,190,1728291662,No,0x835fe7694057a525972a761c7827d35feb8268d03e6dfee67551a10df9da85ed
BUY,0.999,190,1728291642,No,0x74a09c050e97c09e85f96e82808efa49bb31f1d450ad71636e77de3c720d9921
BUY,0.999,2.002,1728291586,No,0x819ee8a521b4fed98040ddc43111b029766d8f02c2313d989876ae5b748a044a
SELL,0.001,155,1728291572,Yes,0xb33aeea20aba03513ef09efdfa38f4177b52651cc54eafc0e8f689e20edfe5e4
SELL,0.001,486.35,1728291490,Yes,0xe277f85bec2570d0a7e7bf97c251c76e182e36dcaf6634b6e8c2871864b4971f
BUY,0.999,60,1728291484,No,0xd9bb22ec371ea415c048b084862ca82ca1fe4aeb1e25b27cb2ac70a5be66a6eb
SELL,0.001,65.3,1728291484,Yes,0x2e58227bee8a50c458543a697024dd1a3b990d5cd4ef2dc66e079e29bbfb1310
BUY,0.999,2.002,1728291176,No,0x327f3d72d4a232622897f198c7bdb919a39a140fac64033ba804c4cefd751c1f
BUY,0.999,0.01,1728290920,No,0xb64729c4d5120d0273eac75ddd013ad41a165cab330e1330fdd71fa229175fc4
BUY,0.999,3.003,1728290484,No,0xfaa2ba0693a242ff4e4d0a429ffe50fe7ec0d4ecfb8c7c54a620451c73815909
BUY,0.002,2000,1728290406,Yes,0xb586d799edbc6584da3f5f96727865b1f9ccdd1241324803fab4760f5a840c28
SELL,0.001,155,1728290198,Yes,0x7e48744e4dff8adc49769e53feb76a0bf1094da3ee206f8d0594c2957671ac09
BUY,0.999,189.78,1728290092,No,0x080b5428d7ff7ddde982decaaef2a351ad067ca2da97e70f3658afca2069cbd2
BUY,0.002,4500,1728289466,Yes,0x182486952b8ec5d7cb5696db58a577912b0254bc3467c4b3ed525887943c0b31
SELL,0.001,155,1728289250,Yes,0xbd4971e58f76665724773385b7810f463ac9628ce37bcd7b1877df7311e70067
BUY,0.999,13.69,1728289182,No,0x97759f165ed168d168d2f8136529aaef9aa5f501231a9933221f1bd97385c674
BUY,0.999,36.51,1728289180,No,0x840a0eda6de2f86faf8dd19fb46d13ea0b743a6ec1e53be064e401eb5455ba20
BUY,0.999,20,1728289170,No,0x6bbddf2d0dfa126c66c751d05afec069fba4f02453378b28f684259a3c91e737
SELL,0.001,155,1728288760,Yes,0x3bc606d0ecfa3bf815ab107fbe69661fa0699df7ef43fb27477bbe3f1a5c26aa
BUY,0.999,190,1728288654,No,0xb41c5b5e5b85f7326dfc8c02e158744f83c008c7d6c83c9fa1fb8c62f3d1e25f
BUY,0.999,25.75,1728286964,No,0xea603397152fd0216b26937a25629cb7c7e3e40fca941f38d5645234571671ce
BUY,0.002,1500,1728286740,Yes,0x12b518245ec5fd39cc421f77861068bfedd370e5433739487702efc6d022e5eb
SELL,0.001,136,1728286300,Yes,0xf2a8c310b8b806591580e69f168bbcc79e127610058d17cdaeefbc4f41e0f45c
BUY,0.999,190,1728286234,No,0xa559ada1f3867d048d3319369cb7cc0412e4037032fa21bab83b7c930d243e2d
SELL,0.998,47.55,1728284728,No,0x5f6a553ee68c6966b27c7a0745caa4726159500092bd3025436672346cf433d9
BUY,0.999,47.55,1728284692,No,0x256c5cbad69da265965bb916920a35f80386cf250f9c3372279b0cbced9fe571
SELL,0.998,50.07,1728284554,No,0xb4b148063ed56fc11b9121f9eec96944305c869f7e434fd41cd6b48ec277247f
BUY,0.999,50.07,1728284522,No,0x9b0daa9b2cb1d075f506be78a87426dac9f659c56d1b82f2bfd368664064be0a
SELL,0.001,18.55,1728281952,Yes,0xd7fea38b2863575c0d0436c5f830e1d3153cde1a844747b1776da32b0231c6df
BUY,0.999,86.9,1728281856,No,0x050781f97e82d43c3d49c64e275488f94e7a836f9d693043d6daf27b225cad94
BUY,0.999,103.08,1728281776,No,0x74003d64f15353c0689f9bf9ed18806d51379447fc4844b9e99af02a6cf5a5a5
SELL,0.001,115.76,1728281588,Yes,0x7d6cdd89c948a755d700eddc72a5f0cd8138247a806cd3a23f79b216ac3514f7
BUY,0.999,0.01,1728281542,No,0xf55f16fe7612d2dc8de72eae24d27b4dfdae03e5db3b21963126772f79b373bd
BUY,0.999,190,1728281498,No,0x78a8ed1bca272b1a89ebb00f1d33ba4e02e85bb5c97bbdb72c47e422bd0707d6
SELL,0.001,24.69,1728280934,Yes,0x5c456e375caf4cc9754bf44cced759f258d847627b16e6714cafd00576b28ae9
SELL,0.001,5070,1728280782,Yes,0xfb3a724f7f3431433d8324a84d990bce47682e349b3e7a2c1981b5f5c0787991
BUY,0.999,0.55,1728280748,No,0x657cc74b79fee330b364e556cbde4f0ed7726289c0b40d82c544913bb2242f6e
BUY,0.999,79.82,1728280734,No,0x4e03f15a64bb9939e85d6c9e474aa7af875ed535d94e763735d42b3e39e98783
BUY,0.002,5070,1728280228,Yes,0x68ee6964225eca67b7f49f2c1a85408a302402bf299a44a2c5d7523f5733694e
BUY,0.999,100,1728279792,No,0x7fdc213a9be71ec2395af2e46e84697365ccdc1ebbcf54a81b16e02159c95ae1
BUY,0.999,0.99,1728279746,No,0xf75a0a2622755a334119c42c36826938aacf9cd24f45132fd719c31638a7ed7f
BUY,0.999,9.75,1728279740,No,0x8311e83a1961f10ab8964c7d3e24314b49f0c87960510916ca17afbb150eb2c4
SELL,0.001,119.13,1728279134,Yes,0x395fa2950103cbf59c4ede006a88c4bc29dc5001e79466ffe95201aa044143df
BUY,0.002,119.13,1728279120,Yes,0x2bc29b029109883559b9c62bb7a82709123fbd0aaaccf86142f14157ea41eeda
SELL,0.998,1076.94,1728278746,No,0x622fd6d3205085b43caad62915a5380a10540953cebfaa6d8a98668b276a0d67
BUY,0.999,1076.946,1728278708,No,0x574364f1b4a49e9d4f1e98c47e5fe60812ee7f0e9177dd2adef54a297f0b5b96
BUY,0.002,2000,1728278172,Yes,0x10e804c08287bb71e754c624cbd8f9ed058623bf1da3c9363bdc8bfdf41e6513
SELL,0.001,13.76,1728277314,Yes,0xe84592f59034fdc7d766e5d762b494bec94fc8378d2ee0f498cd1cf7fc83f818
BUY,0.999,89.43,1728277242,No,0x0005a2a78777bb9da74b836c30aa2e97bb502b512dc0ed7009f3c18d53757811
SELL,0.001,105.57,1728277174,Yes,0xd4a7ef27c9395a0bf0b51062287379b42f7b9d3e97b9e3a80016eef9d9ce337c
SELL,0.001,15.68,1728277116,Yes,0x77e8c43f2b9b4fff691e17bd20f842629f52b5f334aef2f908ec168c386a3b1a
SELL,0.001,19,1728274022,Yes,0x8f65848a38c3d34e04caf739bb7ee5a117925341ac25a19908f1561e2afd141b
BUY,0.999,90,1728273778,No,0xe7be2bb2393843cc46215f7d38a471546fc59036d9e850cf8e5c3604aa7d0eb9
SELL,0.001,10.15,1728273752,Yes,0xbae59eea160707e454d016427bc0f07de41c480182bba8b1c0f88df50b6d0028
BUY,0.999,1.001,1728271832,No,0xfcf9ca0870009bef36c3a21f893963aacbc2bd0a98836a7d8d2e2d0ca541bd03
BUY,0.999,1.501,1728271610,No,0xf223c16b57a2b90c9bab10c684bb0d343c70ca032502dcd72d04cf26a0b3785c
BUY,0.999,1.501,1728271420,No,0x4a2cbe20e0c598a4570e57a9c2f5bd4664f29ebe07f4d44217005b87041342cb
BUY,0.999,1.001,1728271188,No,0xa2469abd3db4a8e9cf6f5746101dfb80609f27266575e0bef5a6331c5ae041f6
BUY,0.999,2.002,1728270210,No,0x278bb22736074bbb239a08aefcecc44dbe9733b93f48369b64dc3ebd6639128c
BUY,0.999,2.002,1728269934,No,0x5c633d110864cbd6ad9fa58ba0f17f5103e60140488f1ade70b6c036f1c467f6
BUY,0.999,2.002,1728269692,No,0xd91e3247e2f7836175735abdf7033cb483daeb125dfe4ce252bfb7eb7283cabc
BUY,0.999,3.003,1728269512,No,0x932f925d0030c472f823f19091fdb01515708eda0c2449bb653383da0ed79281
BUY,0.999,3.003,1728269138,No,0x2a267f73389fbc42c644f5db6eec5d288ded0e131fa5315387843dc2ad103ac3
BUY,0.999,3.003,1728268954,No,0x67fdacc51a2c917e9fd5ee2bba55b6f0b461fcecc3727b6b6aa420e4420c92d6
BUY,0.999,2.002,1728268730,No,0xc6517b5e86114870e8172b76ffe12dbd364e51d584e5f29d218068fd8820ab37
BUY,0.999,2.002,1728268294,No,0x339954050ddbf84d41de8b3e74e7463e97fffca457f406966c935c4425f51e1f
BUY,0.999,1.001,1728267695,No,0xdea7546d6233dd6ef592291d9a0392372ad1108c41b876a0b718ce54888dea51
BUY,0.999,2.002,1728267465,No,0x4abaa507310a132ffb1e731f702def210b4a8696192842285ef78c00a552a7a3
BUY,0.999,2.002,1728267243,No,0x158c664c1572ea370dfacda38046396265dc71eaa6a83a226b11dc6cb881142c
BUY,0.999,2.002,1728266981,No,0xe611cb699795423b098b08fd5a0dbaf7cc9b06e2c62a67a70ddcb0d28c3b79cc
BUY,0.999,1.001,1728266285,No,0x956b810ebfa661c834b0492e799ae53757311b0950ca503c1e45e6a04c36da6d
BUY,0.999,5.005,1728266073,No,0xd71581721f3459c1b3f312806c905d568bbeef2f85630cc4e063c13cb24fe361
BUY,0.999,3.003,1728265883,No,0x22a30964807d467316cbfeb639d2adb0b97af9121efec89c1b05e56951ed5ca1
BUY,0.999,3.003,1728264943,No,0x7422cd27e769f742de37036174a5c2d875cabdb182b2b9f8d8d4c0fba7e6f85d
BUY,0.999,2.002,1728264739,No,0x87b643935acf8657f134dd9a654ecd0ee0d87bd5fb54b73aec9668a22efbd4e7
BUY,0.999,5.005,1728264447,No,0x065162b270000311b85819e342174469b0e214ddd48b9afa0219d1978b6d1d1a
BUY,0.999,3.003,1728264277,No,0xddac2c625f2c7760032c2fccad4085b0c4639a6a7456f36728aa8e9272a5df45
BUY,0.999,3.003,1728264079,No,0x1e4025d118a315047d416908ff173b8b9904381a766cff36719582255dcaf167
BUY,0.999,2.002,1728263565,No,0x9d9a50f7680b32b5c3ef57f9f6fb8ed2ddcb7e9b3eec673ecabef5962d1932a1
BUY,0.999,3.003,1728263381,No,0xf154d7c16ed1676874fd653f155719e5f2284e72cad7c6143cbba3b7b57c248c
BUY,0.999,2.002,1728263171,No,0xe6b0ea8a17e39ae3863571616149eaf4afee32688234b7869412ab8401d5daf4
BUY,0.999,2.002,1728262451,No,0xd31758fe7ba6ce8ad08b39b10716c2fe919a893dd35e7bfaa532ec18ce3f1a7a
BUY,0.999,3.003,1728261763,No,0xff904089f58a67b72415ffab43a63b501df691b352d2b4bd365da1ab3e44b024
BUY,0.999,2.002,1728261135,No,0x9878ddaeb047abcc50f7775ddf6db51b26610da50c0c9cb48c1387d81b4b3af4
BUY,0.999,2.002,1728260945,No,0x4acca080b25a51095448dc4c57e3c10fdac450c1d6ed86afe28d431ea6d5646e
SELL,0.998,46.48,1728260881,No,0x754f8d334588ef6c4f33a71f1434412aa2cecb455ff3cd4fee411c697eee5a9d
BUY,0.999,46.48,1728260851,No,0x70814b659f520b2790cc2c265a894172798b4b37792e1f52812371d79607f954
BUY,0.999,2.002,1728260501,No,0xc305b5283dad21abbc337b13bd42916926ccfed3b9a9141ab205c48f6cffd970
BUY,0.999,3.003,1728260205,No,0x3f34cd0ea413682994aeccde1ab4ce817c17fa59d67bfdef86792842c477189a
SELL,0.001,500,1728260071,Yes,0xe7e359ca28f40c3c125eba2fcf13c4368533a94c6b50b4bf787ba980c7096d34
BUY,0.999,0.03,1728259446,No,0xab13baa5ac0284d30867ed3c73f46fe0ec5a367ae40ce2b8e5fd0242885507f0
SELL,0.998,46.33,1728259228,No,0x895539049e07c9f5647f8bbadc11150e50c56a8ac91fc80e84b0c21fc847bb1a
BUY,0.999,46.33,1728259196,No,0x5cbd840678470d94b211460da0fb873d97db96504b47609b67db9cc376e710f6
BUY,0.999,2.002,1728258766,No,0x1ecdb2ed131786e044fdbcf8be0d5d91cf7644eb6a16e9a993b6c6100b8211cd
BUY,0.999,1.31,1728258106,No,0x1b153deb7e406c84cff3bac7a71dbc7e98a35e35f097fabf4b981af44f417e57
BUY,0.999,1.001,1728258044,No,0x91daae92c9059aa4ae9a36d83dca5f0ce979fbcd3bb14913d1fb81d42ebb5058
SELL,0.001,40.89,1728257724,Yes,0x8da364cc7f9ed4210d61d409d26131e6f81d70b68e41f7b564564df5700928ed
BUY,0.999,3.003,1728256738,No,0x98838a393301c08f76619eb107136811452968dfb96b370e1d0fa15b11a3d6b4
SELL,0.001,30,1728256182,Yes,0x38a0ef75914746f9f4ea8374495a629ac508bace4512cc622c7fe85cb35c94cd
SELL,0.001,125,1728256090,Yes,0x729360c798d2347f6ecd0346667654d7915ce3b1a36549ba427fbfdbc60a477b
BUY,0.999,190,1728256084,No,0x3236e24eb00432d9d8415eda41d77f119df5c8d1644fedb4b1d7a5fd59b9017e
BUY,0.999,190,1728256056,No,0x81c7d5c7e712e417c9f68f5608dda77c1191b4d186fe46d770eb725cbca5d85e
BUY,0.999,190,1728256044,No,0x39234c3a9c53782b7afb907f331e8ef98d787dd34120b798d5f688e02ee597b9
SELL,0.001,30,1728256022,Yes,0x1a04958e66a27653517257bf9fcb04f5fe9280730eb6cecd6099ca425873307b
BUY,0.999,190,1728256004,No,0xeac73c42eba4a6570b4fd52c2496d43cb980dde6fdf01484d0f51860506067c9
BUY,0.999,190,1728255954,No,0xab12565b809e07c974b2fa5a9ca30b89722e8afef6799a110ec256943a4d361d
BUY,0.999,190,1728255942,No,0x2962d69af3b1fa228ba20e7d864770eca2695f358119e99cfde115123f26b295
SELL,0.001,124.75,1728255742,Yes,0xc5874685dd7d921795e2a780af115e2be14ec12f866a7ffacf0314c6224ba19c
SELL,0.001,155,1728255230,Yes,0x339727ea6e92fb7ad63630708889eaba1e569f74ee94cce50e10dcb664bc3344
SELL,0.001,155.01,1728254850,Yes,0xebd313058c150ac40c75b12fba23d64ceda3614a2bf8373eb39a3af3f7247309
BUY,0.999,190,1728254754,No,0x6155f7a6a3061a9d496e2d9e8e19b2ea272d3270126920c9c2517ef4b822c1ed
BUY,0.999,190,1728254742,No,0x150513a2a4abfffd83919dc29a25ee85ea2a71174cf0238f563a8f42cc02f6ba
BUY,0.999,182.09,1728254730,No,0x363af28d1ef6e313ea8b0f540fce90c0e7051b217548f202777d6861504fdbb3
BUY,0.999,17.19,1728254450,No,0x58ffbc9b37b5cb1d1c4a5e6e69d34bb55850ae59f331c24c7df9ce38a9028180
BUY,0.999,15.3,1728254420,No,0x9ba60a9748054445b66e0980fafba23853718c89bcad9715dd6d345aa6364c6f
BUY,0.999,13.94,1728254218,No,0x2ee97ffedf6a01ac6abafa747da8eff7d9706b1edd13ab542a3856c2a74a2130
SELL,0.001,22,1728254210,Yes,0xd7078b429b4ef0c433d1dc810f10ed4669657bb5faebbc2e0c2b18644ba09a75
BUY,0.002,50,1728254180,Yes,0x02972f98b3388aec58a73d3af91a34f71670189dc8ebd4fea34f15d2ab48ee87
BUY,0.999,16.34,1728254178,No,0x680059de925e8c201f6be3847a901283f04981dd6af4a80a32c48e4f6006256f
BUY,0.999,50,1728254142,No,0x63f19efe58e14bf0424e22e5c98655733bc61aeead63a46609f2715b832c7895
SELL,0.001,44,1728254006,Yes,0xf018ba3e29051b42c8a31308ec6f8463833544690389b853e4bc69409d1af8cc
BUY,0.002,50,1728253992,Yes,0x7a127e984d44177b2310ccbf654bfdcb4c09b6e1f88a3aa43d3551beb3b8dddc
BUY,0.999,50,1728253956,No,0x351f0f82ea5007f6b0018dcf9f5fab2577d0a49bb480dbea82c811ed3df0a131
BUY,0.999,26.63,1728253858,No,0xa84778d934ebf47887132e66df0a5fe90f4bdce79fff128e8a1312c26833a766
BUY,0.999,17.73,1728253836,No,0x32221191c98c317431635e3bfb9906fe5bf63f0a4029b20c827e4a7f75537aba
SELL,0.001,50,1728253610,Yes,0x1a1598230ac450c1fc90001b9a7413a2d727bf959deb3de0600ff05563720fd3
BUY,0.002,50,1728253602,Yes,0xf5dd178cd973aa9f94eca1d7bb579b1624b00fce359e441b4363e356254506e6
SELL,0.001,155,1728253324,Yes,0x5526736ee0a638f6f00cf661b65d74fa2f475ffdfa3b22a1eea9f25e4e28dcd1
BUY,0.999,190,1728253316,No,0xd2bfa6bc4cc1e41d87e92b3584c4224e9aaec187bc1904f408d3acb237da9d69
BUY,0.999,190,1728253304,No,0xc7593c74be77805fc3c96efdd89bd1f3ce2418ce7b5a689ccde877c215387b3e
BUY,0.999,190,1728253292,No,0xdfb8e765007364f49ded7c9acfe45430a3095cf7e794782afdc9589b11b2f872
BUY,0.999,190,1728253264,No,0x0aed03a7e83ed4ccf352f26e5909c609b726a24698eaa823b8f569ce3e224804
SELL,0.001,50,1728253244,Yes,0xeedeaf01e110fffc370bcbc7b2acb49e12e2e94374d892639dd710394d7c853f
BUY,0.999,190,1728253240,No,0x30a14f5641c5a3df8e98f7f162c73ff3939731b8f4137f4af995bd71aca1a8ba
BUY,0.999,50,1728253230,No,0x25a814982804370ebd0fe4c0e3b3dfc6864cb4a596d1621780ffff4a49ad52f3
BUY,0.002,50,1728253214,Yes,0x59f17ba42366fe9d0d6216bb94ad58a40b538fa9d557167bce128c5053b2542f
SELL,0.001,13.76,1728252926,Yes,0x4c9e1ff57b2d6e59f048f3fec0e1722bd32ee9b7034ba5ef4e82e004dc52b8d6
SELL,0.001,50,1728252762,Yes,0x948289892025caeca8dea9a8e564593831f3e75778b65410f016a26106d11e2e
BUY,0.002,50,1728252714,Yes,0x57e067f1c27c8f7a7b6bdefecf30e7cfbdd982cf5799f306dc930ba8a90155fb
SELL,0.001,33,1728252292,Yes,0x59fcfee914a7b75863d236051372582ce00d1a2bc6ed36f7180154b48bc08d35
BUY,0.002,50,1728252204,Yes,0x5d7ba0ca8b69d288c142cb4d60c75af3a9e8c80440b8211d02706f31b6fe8af8
SELL,0.001,50,1728251398,Yes,0x44664964b7f4d7f07167b58839819b5ebe09753ec9d18899c02882ba16199375
SELL,0.001,56,1728251166,Yes,0x970cbb5767a8ab27b8d961fffd0ceba69d4185332847e9cad8d17d179f32fcab
BUY,0.999,190,1728251086,No,0xe417dd321b173c40d38634d6d79398e703551a275f5ae02811fa2e282303b6a6
BUY,0.999,190,1728251072,No,0xb7fec22d53f15475680111d8435f71eabf911ee6ced67cd449c916353ba50add
SELL,0.001,98.95,1728251050,Yes,0xfff61340118288802600cafb178e80d283a7aa62812d72f614992d69f09f6b29
BUY,0.999,190,1728251022,No,0x482b7330e6807bb924a0f246d0aba004fb9fe1c0ddc266758b55e5c8a0cc02b4
BUY,0.999,190,1728250980,No,0xf746c3c9a76fcf4e8e273512162d7ebe59226242d685ca3625e7806f0ebe0993
BUY,0.999,190,1728250966,No,0x5978d2a511dd9ba4f254737e3e4c3cf91df61462276bfd956d58cd42957df1b8
BUY,0.999,190,1728250950,No,0x6d5178aad40cca0d22dc14af11a170e715a299bb286e1a36e7c9b408f45f4b7f
SELL,0.001,600,1728250934,Yes,0x7254bfeb9520aedcfef6871f0e0e87d990fbfa5528955464db09b06ea7746e7b
BUY,0.002,50,1728250266,Yes,0x04e370040cc67fbe7c8c5f8812f1b6f209e4f660a8365556b8bc8e5e365dd3bb
SELL,0.001,11,1728249112,Yes,0x5aa26e6bfa6122687433594864856eca0d9777dc6f29e0366e40e20e6a7b1f54
BUY,0.002,50,1728248902,Yes,0x7517574b85b772d1168da6af67036fe51f4978c67c6618158271d04834e791a8
BUY,0.999,1,1728248880,No,0x0485ba857294d91d19d3bc7ed2d85342269820f522a75f02eea7b9fe171207c2
BUY,0.999,9,1728248868,No,0x9dba53a2bd32618010ee373f38ce925f802144cb065452f2d232e075bb0f82b7
SELL,0.001,50,1728248598,Yes,0xea18dcec580e134b47c9e4366dfc9689268d76df2f0f41e7c8a96ce41ed70529
BUY,0.999,3.04,1728248544,No,0xa57c5c58abcb9421c7f5428a66cc602a5ff53d050ce64008703099ac06ca30d4
BUY,0.002,50,1728248458,Yes,0x9e59e694ca8df0ef5cf0e1b008b67fb231f96de404a16778616aa9f46ec5ceab
SELL,0.001,53.01,1728247688,Yes,0xdb3e45db04ec3d64642b5fe42c61d70cf18aa16f5256d79840d12d7108d1ef31
BUY,0.999,3.04,1728247502,No,0xa4b632abf923b9f695cde51c4c7ba389accaa777f916338e012c8ad73d1f592f
BUY,0.999,2.82,1728247382,No,0xf06432e870a7830ea31dc42a738b4f9a31c5653bb8436a38a6d5f6f3e9fea998
SELL,0.998,113.5,1728247160,No,0x72681743970b12e6e3d79a228e6c3fa0901103ce1f92ae9163fe85fffd425422
BUY,0.999,7.18,1728246942,No,0x1bb19c0ed508b89c53b21e7b616aefcd0f7f6db2e56dc098fbb6c45e8eb9aa55
BUY,0.999,51068.068,1728246788,No,0x00fe7de286feb097da8369fbf8a55e5692ab8019d2e7a09dea44d7cc169aa5bc
SELL,0.001,6,1728246422,Yes,0xf9e8954ff08e28911d36cf403fb4bef67728ebb923edd42dc34d2ec741fa29b1
BUY,0.999,3.04,1728246346,No,0x2ce024a86ae22d4ea4a49abf12dab05d910fee84a3662df6b9555943cc18b63f
BUY,0.999,119,1728245666,No,0xe460e32818195def220da42ce86a009235f230134c0fdcf5f62775d2859a8782
SELL,0.001,45.76,1728245384,Yes,0x3f659c1bd801d3f166ed0818107bb95f838040165acd16614e2344874455c290
BUY,0.999,52616.616,1728245136,No,0x9180eef459ba537cc1bf0144d6df5b572ae0131220b5bd25793a406f8a3ee611
SELL,0.001,36.53,1728244882,Yes,0x523c85ae913ecbf4534299cead3cc2491416d206ef3bdf30bed6d18cf65a3243
BUY,0.999,0.63,1728244474,No,0xfcb1ad72fe4537ac9518622b7e5cb72f5ebba1a0967e37b1ee331086f63b2468
BUY,0.999,120,1728242954,No,0x0b601b7d30e84c96a9bad202bbe3b00d0dca6980a05c68f0ba75270819e4d8b3
SELL,0.001,8.66,1728242954,Yes,0x89c930f8bf738874d071a19edae12eb07061ee376b84d0a99bc306eb7d3c379b
SELL,0.998,395.39,1728242674,No,0x4f2b17bf8ce3d82761d12dbc72c1d796e0c1f05cffa41d2e120465a509db9108
BUY,0.999,13.04,1728242674,No,0x3539ccc424de56e90a420585a9d6b0cba3569b61bf74fc375eca169dea26a324
SELL,0.998,1,1728240860,No,0x2fbded35da5fd6fee4549312efecb03af8017d7735799d5ea2392e9f9164ea7b
BUY,0.999,1.001,1728239988,No,0x3e374e913330d859dc3af6d967b6f663bb1edd0d8efc0a1101f3b5fc3e06cf0e
BUY,0.002,1200,1728237616,Yes,0xa94bcff7ead89206ae7095f80f22ad91b39b3798e33473be58368a5fc2a026d0
SELL,0.001,25,1728234210,Yes,0xe322b79652d5f06804e9f59ea1c1db9176f09026a18ecbbad6f78bf83d3a05af
BUY,0.002,25,1728234146,Yes,0x1c83e1e3c096c51dfaca46115d8feb4874c167997d0f1b5d36d6c66d5b08df59
BUY,0.999,395.395,1728232415,No,0xaccbf5b29bc4c3031d9db1d1d1da1c8823fb8c8a1ba647bd8fcb0a96c79da63e
BUY,0.002,55,1728230175,Yes,0x195aac6106f0fa874e406bfd958dd65c8d83877df24fc2052d9854783b72236c
BUY,0.002,2000,1728229221,Yes,0xfb9e69befe9d57c98d47a30f13ee483bfb6e5b738c1b5f2f0bd53c8fa00ff8fd
SELL,0.001,140.11,1728228800,Yes,0x51b885253515ae2f2528c027532126de50c814a108cb3d375d81247b4c04c551
BUY,0.999,1.52,1728228638,No,0xa5a162c3b1bf65a9884bc5627c763935e927ee9740044577b8b37b6fd16a281a
BUY,0.999,1.01,1728227696,No,0x8efe74e5422756963524f4f46ba539631e0784ed3468018f2a9cd049d6927faf
BUY,0.002,65,1728227488,Yes,0x8333a65fd6ba6942ceaa491d6d15ca072ef9f3e0a24b67cdede1ab3b7e2ec956
SELL,0.998,17,1728227154,No,0xf37b3a9591895dec3b93502033c8e6198c4f1c60d9e60f02bdf0338a8608bd7c
BUY,0.999,17,1728227144,No,0x10584cc4e65092591c530a4b3e1ae9124f664926321953633cefee4e7884e81f
BUY,0.999,1.001,1728226710,No,0x00079534ad86cda2e300df8c91b05fa94349686bfeaad26be9037ac2153a17d0
BUY,0.999,2.002,1728226148,No,0xd49e5e5a4efe7ac3a1b65615f79620701317e017a8a971bff70f8b35ce7be892
BUY,0.999,0.4,1728225958,No,0x055b2ac9518ff58b8b932423a3c60c1b8a44798bf4fac8fe0bd2b65401e6005c
BUY,0.002,5,1728225732,Yes,0x585e92f350b62e177719b94e5a87c5408fede810ecd0001b3ee52ca06c8f271d
BUY,0.999,1.001,1728224928,No,0x3d6755d3e08e9153616f59ad17eb84a90df4a9a06ec6e731ea059d1f2536f4a0
SELL,0.001,2500,1728224700,Yes,0xa8ba8da386c08bd3ae6f056f9d9e3f88fbd771bcdc964e2ac12907aa62839e85
BUY,0.002,2500,1728224692,Yes,0x8d0b80926d05c9e46632dc58fdf4609a968448acc2337f5290e89f686d0e6d59
BUY,0.999,1.001,1728224494,No,0xc2783a1dc16902c2bb2566f6a481d6f3d96bf3afdfa1a3c85535a4dfb94529fc
BUY,0.999,1.01,1728224300,No,0x7a03a63de72aad66cdf123c3e5bc3e7bdf9e415372707a4585466c36be46294d
BUY,0.999,1.01,1728224102,No,0x1142c1e206bdb6ceadcc0487e0ef9100a1a8f8186644b6d24176805f73911440
BUY,0.999,12.322,1728224008,No,0x9635b1d87003187af20a788b21626a3260c705721c5349d854f653c3445a9cd3
SELL,0.001,5.32,1728223608,Yes,0x84af36e9b5ba07adc5ec32910f6436fd0c862cccce57ed59024ce5aa7705a95c
BUY,0.999,4.004,1728223276,No,0xd7290e784201732e8e3a1372f3373b0910a22435c422d3f48eed12fb73a63bb1
BUY,0.999,3.003,1728222606,No,0xa62233e50ba8a31586bd4868f35b5624de487286385cec6d4c364961fd0c145c
BUY,0.999,1.001,1728222324,No,0x541c3d1ddc6426e0460a34338f86efff47b00c28440fedb6974b601cde35a5b8
BUY,0.999,7.11,1728222316,No,0x2d0165e679abe0479ad7b57696b31db548efe6096b6d6db7b81cc194aafd3f4d
BUY,0.999,1.01,1728222252,No,0x1988456bd49e4d317c8cbea43d635bf34fbab6403a685dd3dcc0032a4281af5b
BUY,0.999,1.001,1728222102,No,0xd12b56e580886137ccddcedb6a9f20617fc1c85650415591e373f585ce03d7e6
BUY,0.002,5,1728221684,Yes,0xd6382c655fabc6deb3222a628a946abc79d28c5dcb60ff14e23226864887e660
BUY,0.999,3.303,1728221524,No,0x8d69efe268a766047eb84f9969e710e375c46b0fef700b97b252aca6c3589d5c
SELL,0.001,153.97,1728221492,Yes,0xbd6b2a39902688d2025fa0c308596e9b81006ddad63ba945ae5b55b13090238d
SELL,0.998,45.5,1728221364,No,0xb79db5fda1ea501f4cd5432cd28fb954acd47fd94221da94f45ab84f266ed121
BUY,0.999,45.5,1728221334,No,0x301de17d13bc5fc3da84fc4617667a382f380dae051f785a6a89a11a7e6ee23c
BUY,0.002,5,1728221316,Yes,0x73a688de2329105a53a15fa6dc6cc357b7d284dadd5477b525335b9a12552a0e
BUY,0.999,1.01,1728221268,No,0x2d38e0b9137a06b9e0d0e93356c6df8cfff06b9b301f2f39909099094da77c8e
BUY,0.999,5.005,1728221158,No,0x5076070c7a15e52da88335227490403053aa4e430e2aecd7fd04eb300d9f52a6
SELL,0.998,0.66,1728220864,No,0x60309c4048a3dde18c2fe0913f1d2b1f9d087ea3d5c5798036c19e0d6f984c8a
BUY,0.999,0.66,1728220786,No,0x9932cca3c37b170e64acc7a37026c11e96a575750963f95ac5263568bf5ad9dc
SELL,0.001,571.37,1728219984,Yes,0x4e89c1d5057355e83bc7c3ff4dfbeabc0c30a2f93ab3e6967524c6e9279c8046
BUY,0.999,1.01,1728219920,No,0xfddd175d3e66beeb48685ab2441b28cfc429e0f9af31a185db30b29569d6e645
SELL,0.001,108,1728219888,Yes,0xf69b38a092793b7d127700fa1bb25455b78951df76e7371cfe9cbba32b8cd102
SELL,0.001,46.26,1728219694,Yes,0x4c0b873146246df89db56c539e92b812518a4abbde6b1f4fd0b499d0603ffe75
BUY,0.999,1.01,1728218778,No,0xe89fb751e938ab9cc4e01c43447112dd8173c176c5b449dd89180055562361b0
BUY,0.999,1.01,1728218738,No,0xcbd100d91b10da6894a7c468597748153a5eb9707f705e6eb376a340974b485c
SELL,0.001,47.15,1728218364,Yes,0xbede607b128d178a036a4ea8b468e3307ab3bdad69386b4254e3b417f58fbc0c
BUY,0.999,1.52,1728218048,No,0xc2c30fa2192611aadc4789ad7cc0ff33c76da76074ac7e69074503e57a36b7a9
SELL,0.998,48.72,1728217994,No,0x5640e767b6d9b269a0ee7222d5190391192cd93c23ea3b59b44f89583b24588e
BUY,0.999,48.72,1728217966,No,0x967f7ee610cda53e5cc35770c62349d5a7551eb47f014043effd37d178339b8a
BUY,0.999,1.01,1728217668,No,0x35c8fab2c14027c7979a033d72bbb8cf06274c5c2b609e7f06b04e87616759b6
SELL,0.001,200,1728217528,Yes,0x7e7972fb3f581506c74929047856bb93b10f352d3b541ace7ae8b380595fafd8
BUY,0.002,75,1728217432,Yes,0xc95812fe82dfbad9924e8b6074c5df1987f2289f31e31e3d0549b290d72b339e
BUY,0.002,125,1728217374,Yes,0x2868168288e591bf364fc8cb447c29de3f9331794aeac924c5c0301fb8febcc0
SELL,0.001,56.98,1728216982,Yes,0xf774c14fd397bd61a38fdf22ebf108dc472f1c60c02e239112b2cff533b59823
BUY,0.999,2.02,1728216322,No,0x65e4f7f22704b426cfcae3b02008848f65e9b839d4f7e6825b03f89eea384cff
SELL,0.001,95.86,1728216242,Yes,0x169bb855b8cb01c4b4b30ad07a3a8c4a53f9acaf965dd1a217658fb3492b3b7c
BUY,0.999,0.5,1728215880,No,0xdef6988e00e1eb03279ca6e5dc2a2da284fa9201099d12a95a06e9453c736cf4
SELL,0.001,265,1728215566,Yes,0x0808f7bbd63bd556681eb5a87c63d9b189adec3d81aadec8a494abdfa002bd86
BUY,0.002,265,1728215458,Yes,0xacc3af81ed43fe34f70c84cd1ed058fa1093fdcee3cc21925adbf1e633900239
BUY,0.999,3.04,1728215290,No,0xf9097b3bbaceca1557bc4c0cd752a9d7bed1cabbc51dbd49ac6bcff65cf78963
SELL,0.001,1.01,1728214950,Yes,0x4ddc16b52c29f13fb79e02ffb8cfe2829dad19c3903f3f9b1ece50c7858342b1
SELL,0.001,453,1728214895,Yes,0xd0a873511191d90a194036234f327814c51eb60c4aa95cd4b2caa8b2ec9bf40b
SELL,0.001,123,1728214857,Yes,0x746c8fd7dddcc201485d99a6cc16d3b642814bc521be575dadc23e9da57daa21
BUY,0.999,1.01,1728214797,No,0xec2dac8ccfa9a0db96febff98f02c664b5033e24c3dfe0c7c72e524cb52b5cd4
BUY,0.002,422,1728214765,Yes,0x7fcdb63cef9e0f52e46ce3345b4bc98785acaef6db2b9f5da86dfec709a15106
BUY,0.002,154,1728214691,Yes,0x33c6f93fe1931b480c9ce67b0e8ac0d2427d4e63ec75ca996d0a80bde4cdb94c
SELL,0.998,52.92,1728213763,No,0x7a13373fe0f7f16d9f6138c5f1ba28a8ef1a94313ef14724262bb54066f89259
BUY,0.999,52.92,1728213735,No,0x3bbacb3604b3a45d00a7f9c12f310b6b1854fcf1617883cc89eb4999ba5682aa
BUY,0.999,3.04,1728213257,No,0x6613c3c02785cc03c44db40850283095f43c067e420a6e69b31d617ae1a83770
SELL,0.001,37.63,1728213185,Yes,0xabac1f769c4e2f6df12ef832c31bb0db1c93bab7a8ed39eacb2cefe567c9327b
BUY,0.999,2.39,1728212589,No,0x5385fa36e902a4df2225f822ca5d8cae45150035c20c0707e49e4c52d08b7626
BUY,0.999,0.5,1728212581,No,0x663b1f91baba9886bd43186a295437fdeab0afcf5d455b015535a8f0117473ed
SELL,0.001,9.08,1728212037,Yes,0xd318d2f05af7baddaa79ab8c98e864aa27ec5d9e887820fbc6167f4563317419
BUY,0.999,1.01,1728211889,No,0xbcfc7efa2e1db8fd74efc02205ac284f6c8cd185b881b41457b94b67fc939519
SELL,0.001,41.88,1728211857,Yes,0x35f913095bfa1aec109d451bb7de413d6e58b6c1e96a3d3ee420c76d3f0ecf6a
SELL,0.001,9000,1728211173,Yes,0xecf3764c8b03a71dfe1f3cba6f0b4898371b096fc30d55dfc23579b518376f34
SELL,0.001,102.81,1728211043,Yes,0x49412d7536c7481924965e887f93149b35515e7a4847d9bf8560ce593c17e5f6
BUY,0.002,9000,1728210621,Yes,0x19708bc00f18d0181f89c246b31f3de3ba0046b58f7f661f5a4e82e37d7428bc
SELL,0.001,5.07,1728210019,Yes,0xed7585282b2af07d218b8b47941dedea67f80ea602de118a39d37f460750bbed
SELL,0.001,45.23,1728209160,Yes,0x79ee0f13425465a32ea852d96690f848ab470cd50e2f07ee4f53c67dfc4c8217
BUY,0.999,2.002,1728208678,No,0xa3a92a2a2d1b77acb3734e74d44b7fedd90add6030fac80acc34be61fc4fa7d8
SELL,0.001,7555,1728207554,Yes,0xcaf1d53e69b9d8b27c401eb58e6537caf3d0a4d86c08062c9b5208071f73f7a3
BUY,0.002,7555,1728207166,Yes,0x1288d2f7ec0ae4b0157a97290ccd4715e6669fcc81b3a40809ff79a3e274f97f
BUY,0.999,1.83,1728206694,No,0xfda8ae39f98ce6066df3687059148c3ff7531d425e7a8ff9d6cc2b777267457a
BUY,0.999,0.01,1728205600,No,0x23902f0bbcbb2f314ff50ff65c071aea71c4c8905760b3209ce00bb936bdf11e
BUY,0.999,3.003,1728205174,No,0x164df2c21f091e29c3ab09e2e805ef51aced51ae130ecdcdce9f55d33a9674e3
SELL,0.998,75.07,1728204582,No,0x46cc3ea24d5751afbd0e80862bcc5cff44dc85459d0966b63e24c1f084515c19
BUY,0.999,75.075,1728204566,No,0xb4d270de51e2d3298b65a09923dc052d68ce3e1898adbbc73220c98bc273bec5
BUY,0.999,137.847,1728203157,No,0x81accc44109e00a898dc1735c8939080576f00bbb1e1ada39c9255ad95bcfe48
SELL,0.998,47.55,1728201753,No,0xe18b3a445881633ff7cc6ad37d42cac9071cfa411bbd04862772b0660e8fbc79
BUY,0.999,47.55,1728201721,No,0x022824802731f0d984fe87409b298e15e9e90a381fbc24f85f85803b87023ce5
SELL,0.001,2500,1728201269,Yes,0x87ca28491ed674ec9d4448df43e7a85b7f014ac09e378c19e3b8c21bef83c3db
BUY,0.002,2500,1728201261,Yes,0x9ff263d747d4f7bfd7df275764158dab7d40dc8f718e2f16401faac6de721817
SELL,0.998,150.15,1728200709,No,0x8f15fbc905d0f1929a7f9e7513190a81a3aa908c131cbab62e596007a5aa5645
BUY,0.999,150.15,1728200699,No,0x5544e579c926e06211d5bb5d27332811e22bbf7e8b02e6362799339f0eb045b5
SELL,0.998,200.2,1728200635,No,0xed3d0a2682a32910738854616d25bbc063774a8e1d8356b7fcf55d29704f33f6
BUY,0.999,200.2,1728200627,No,0xc2517b49369274bbacbbfcbfefe0684b9564dab915f388312c33658b17c2519f
SELL,0.001,2000,1728200599,Yes,0x783b7953f6232b49ae15314fd57c0a23c73f3d69a4069a30254a999dc162c4a9
BUY,0.002,2000,1728200591,Yes,0xaf7d650aa7dd856c25fc5a029efc3d59f835e30d08c31ea107049dabb130e668
SELL,0.998,53.36,1728199296,No,0x832717589a963d15713cd9a7f67df27bc19632c9a5ecf18191032809912efe59
BUY,0.999,53.36,1728199268,No,0x56572ef27bc1a1f7bad585d8e222197ad6c0543b9bd62ed0e3d8fdc2e3d3c8fb
SELL,0.001,154.88,1728195249,Yes,0x4b2f20b27e75240899554901fa6e2b26e0c6c9beda437e3f2870c949e38d3c53
SELL,0.001,12,1728194183,Yes,0xbf55d8fec4f2b3de7d4b7030c73fcbb6c8d1e1f93336ec6436427efd0cf38ce2
SELL,0.001,8.12,1728193977,Yes,0xef60c00263be7c9614f927790b638b8956b4b4abf67deee433453c00168150ce
BUY,0.999,2.03,1728193061,No,0x056a7a9cddc1881e9988f6f40004d530210c5798ce9584a04fa52f58b89cf2e7
BUY,0.999,15.21,1728192963,No,0xe5520ca1f8eaaa783d927d8f54f17227770b2f2ec2ae0419f4386c00343404ae
BUY,0.999,15.21,1728192913,No,0x6c4cd5444f1f4d09164aad28dc214ccc67c830153483b1acd112b7536e3121be
BUY,0.999,13.18,1728192843,No,0x759524cb500a423fdd34a5520382f504a989d7cdb1f2c59fb2c1fad47b4ea8df
BUY,0.999,8.11,1728192745,No,0xb6cf866f0006168bd014849643cd98814d87218aa20434295469d457dea3ec39
BUY,0.999,8.11,1728192487,No,0xd427ba5a2fe3cd39e886794c0881b34ccf2ea8742700a5cf8028a89847207e53
BUY,0.999,9.13,1728192397,No,0xda2f746d90d5798e34b17aa1958039a88aa2c52507bd7a40f4a1a5ca1987871d
BUY,0.999,12.17,1728192257,No,0xc1e229418e3509de62cb385294700b8390c373681e665693e7ed8004919c4d36
SELL,0.001,155,1728192239,Yes,0x9b9a8e73e27ec6b1ead4488ccf09d0db496b159e7d41da522da3ba78893082b5
BUY,0.999,182.07,1728192149,No,0xe23a23cf1f7cefbe1a35b1b07918d37a949cad6db9f4568990a36c17eb7f2774
BUY,0.999,157.92,1728192139,No,0x64ff83d218cc8c28b24e4a330414ef9ca3d21f3d33da309f955cd13a7f318754
BUY,0.999,190,1728192089,No,0x61fbea4c611b0cfdd40c36bcc4686aa50568f0b9ea92106a5801aa82039c0d1d
SELL,0.001,155,1728192087,Yes,0xed78b094a8ebe6a75684b3fe6b076a75306ffcbbd722595b2fd26bf1be5dbd20
BUY,0.999,190,1728192001,No,0x779f93d48868a30d1c9352dd3b8520d8e5abf36973eaf35aa44a7b36c5313506
SELL,0.998,53.95,1728191821,No,0xe03c4376ff969f0ff5bf3cb4e3296405c5357e641da7c340d16c8e498040a29a
BUY,0.999,53.95,1728191791,No,0x7d709995760b76b284fb2aeda97a986a760b9961073618ddd3725c743015f3a1
SELL,0.001,2500,1728189922,Yes,0x62613b76c2f2682d4ab2cc72cb9d8af9a53cac9d080ed7405f4d6f9372f0c638
BUY,0.002,2500,1728189914,Yes,0x92fa0f6ed5257290344a57b9a51c219e6f0f4dfe7cb476ba4a30f3d2f219678e
BUY,0.999,120,1728188138,No,0xd22b5d09477be6ad7b1163bee8262d45f20de32044f827a7cb0c79bdebb8e22d
BUY,0.999,10,1728187930,No,0x1c2f5f5fdda1024e492fc59364c94a675e17917aa7870d73a3b4c074a5361bb7
BUY,0.999,24.39,1728187864,No,0x4063ee4a54603ecf017c60652d0516cd1490753ac37fb0a1e83b9fcf9f47cc2b
SELL,0.998,15.03,1728176450,No,0xca10374b034f9339b26832a0777339b4a9c23f1ae38723f778f991f935864e13
SELL,0.001,102.99,1728173576,Yes,0xa7aa58920858cc93532d63dd8c42fac92d822e181398c548a72b265421475589
BUY,0.999,190,1728173500,No,0x85186f97d21dd91615e9b81c32378af48a4da1efc065706053d65f753609c375
SELL,0.001,22.56,1728172263,Yes,0x69b984fa572f3d202d0b437ca075be480549285d26672ed25a816ec49bdc37d3
SELL,0.001,29.43,1728172215,Yes,0x7f8a06bdbf48706c91846c86cd2975562231fb14bd3b1e587c68990d5cece93f
BUY,0.002,440,1728169901,Yes,0x3d1fdbf12ca5de474aa9a4e626e91f1059f2dcf0717fce8a8116ff25a099f597
SELL,0.998,104.63,1728167905,No,0xaa3980d5d57aafcb2f1eedd82408fe4e803e769381b65b8b944ace636388897a
BUY,0.999,104.634,1728167859,No,0x8b5c1db51638ac46b33830dbbcc57d6ae9919a5538149587c2bf1a24db8e97b6
SELL,0.998,47.16,1728162423,No,0x35ce690ba9490e3935b53c391c14020a4f684fdc3cd5ffd8c7d896571c4dd4f8
BUY,0.999,47.16,1728162393,No,0x649b3400ff4da48dc7bcf14140f93c31ead0e385776505c6f4a07bbc8ddfd111
BUY,0.002,7000,1728159006,Yes,0xfc29786d4835949e723501bdd7ebf35dca9340ac7028dfef5f31282262319f1d
SELL,0.997,49.87,1728157998,No,0xcdc28b44da1213fb05ddee5233cb41bad093c715f847eb3f56c5edc1d36f2820
BUY,0.999,49.87,1728157968,No,0xaa97ec1e406c81e5c55c5f3ad2fb46bc908d310331f1f6efdb2b759f328a2fb2
BUY,0.00300000030000003,3.333333,1728154251,Yes,0x1cd0d4101fd5148dc939b2a5a6c555edf7c1b8a79c78845acdf09cda23313001
BUY,0.0030000000300000004,33.333333,1728153027,Yes,0x1d4fbc97a6d9e7b0157404e9e2d8fba11b76c560bdde94dbb16a0177b6ce0ec0
SELL,0.997,22314,1728144772,No,0x93870436db2a9f0d0f1b5455732a84b49a2df7511cb7d4e1d5a3c058ecaca419
BUY,0.998,0.77,1728142716,No,0xa234038c968b1af2f29af296193fa256696c26f1388cd0ee3c708e2862b1b153
BUY,0.998,40,1728142716,No,0x0652653009bc4502e30fdf01e9988f2a7933a8c884126a6962676b6aef2fc46f
SELL,0.002,10.56,1728142716,Yes,0x6e9787c791722b3653f3c7f943991c66af627290aa19bf3925616b03ba30c7dc
BUY,0.003,6,1728140918,Yes,0x683d6a63067118bdbd76e70d7acc5608c453d30ed1d0703c09be432afef8372c
SELL,0.002,205,1728140832,Yes,0xcee2e0514955406b6892eebc7307b08f2b28c9a665a83982eaa84bb54c14dc16
BUY,0.998,191.2,1728140724,No,0xed255b1e868e144510bddf949bed754ba7192a1c06e9ae3876304c4d27c093b9
BUY,0.998,6.71,1728140592,No,0xc2b7602e9528f3e8d516c03c664b65663c4b6f9645b758b6e0f4671098f96262
SELL,0.997,16.51,1728140464,No,0xb4d5a90bce7101aefc3bd777afe284f2953bfa3895c78d761464513a7fae02d1
SELL,0.002,65.19,1728140108,Yes,0x74e6cfcdad492cb5bd6b670e9aff277a2dc3b2ff8622600f0067352f12c5aa15
BUY,0.998,72.09,1728139968,No,0x9b772f7df9da0911c8c521e335ee265060bac4cedd20a11d60adb62e3f18925a
BUY,0.9979999424696565,16.513025,1728139832,No,0x73825de112d4fc73ee17fa882d2a9a54716ad6ba61e6e34f50fcfa4a579553f3
SELL,0.002,91.46,1728139480,Yes,0x0ec760bb53ad58ddb4870e6255414333b2410e88934d7d37cfd1f6bda65682d6
SELL,0.002,48.34,1728139250,Yes,0x3c4552608f353efe429b23da51437261e6fe12c1f93d5dd4c1f12fe886e4d7f7
BUY,0.998,8.8,1728139135,No,0x05e2f0dec8b72c97b86721868ec0c648d69d6223f7b89965e6efa49fbfd9a475
BUY,0.998,88.23,1728138903,No,0xd6d162dfdc5b14ef4cd2880f7c81e0c9b2a6c76493c9f29246e5cba78911c353
BUY,0.998,10.16,1728138284,No,0xa7246901185499d82f04dc227a0248bdb1387dc47b09221ea0d109fa22185422
BUY,0.998,1.02,1728136954,No,0xe22408b79c3b2cafad8d35e321c1f9e9f1871df236ca2122896ef6b1caa0af81
BUY,0.998,11.09,1728136808,No,0x86c3f50a5875ce0bad2c0efe63793470c29c1c721278dd5d073e45518af55052
BUY,0.998,60.6,1728136596,No,0xc03ed898170833537213b860c9816eff649f452816f538ca47c6851ef224a5f6
BUY,0.998,5,1728136568,No,0xeb3193d338233d5a538d86bb38177bf9307a26f82779cccb78283ea56835e322
BUY,0.998,5.08,1728136562,No,0x95a91c0be750f8b183fb159b9102fef5739f8ca3eb9d18d23b36d84a7bf69665
BUY,0.997989706154921,0.070139,1728136436,No,0x2ffb6f22388977fba01907fa1251dfd7bfadd2db0c0c2395ac8efc8477a2bad9
SELL,0.002,205,1728136254,Yes,0xb40842ada1abe45342b239f2980eb0b526d6fbb85b3cec9a4ffa13b726487704
BUY,0.998,186.95,1728136132,No,0xa033b1445cf976cc60a379241418e0b6708a63e2e7e07a0ebd280debc4ccfead
BUY,0.998,3.05,1728135852,No,0x0de03bcc1c896a2dd95d5a590c668fe0cd956bc2cea214c6e61eb5849e89e24a
SELL,0.002,205,1728135360,Yes,0xdfa370f80e65a626d65e38117d364bd05fc8f84b8a6c95ade523f8789f50cdd1
BUY,0.003,10,1728135300,Yes,0x78662152ac71b37d26ce54fda9777576ebeb4320773e4d5bb5d656e287a57a27
BUY,0.998,190,1728135274,No,0xe171de35ae3fb59fcea5bd06759b301b99f741256d0352364c6520d9b518f1bc
SELL,0.997,1.44,1728135150,No,0x67dd20e73c2db4ea8272d3cba712498c1dc21f6dabc83d5bd5ec5557e4260bac
SELL,0.002,151,1728135062,Yes,0xb1991da1c2a6e089271bce0c99fa5138df3c6d065b4aa5cf9c44091e1eaa920e
BUY,0.998,190,1728135062,No,0x63fd8260eba8d0eab746a1c8be4b534ebcb32426d017372bf0a9d36710c6ba67
BUY,0.9979998392109137,1.442884,1728134782,No,0xc1f46ed7af7f71b0ac1dda909ac60c7ff9477d3d26fd182a23eedeae3aec7e9c
BUY,0.003,488,1728134656,Yes,0xcf8d0030a10c37588d13b59300f249f74378041357b7226ca83633c777379f59
SELL,0.002,205,1728134648,Yes,0xcafb038b48755c7cdeab35b0eb41dd0b665fef610c3cdb062fbd169cb8604274
SELL,0.002,30,1728134560,Yes,0xc39801ce634d4142b3605237e93430b5394ff8022b3a4f87d0d2af5a823587c0
BUY,0.998,184.8,1728134556,No,0xc87aa9567b8bd51ccaee629d18050630521c502c510913076251ef104373987f
SELL,0.997,1.58,1728134336,No,0xbaff01ff87f45484bbdb34f5fe883bcffee34ad18e082a457c6c275cb00f5a68
BUY,0.998,5.2,1728134202,No,0x228bd3905c76840bb68172faf71c18d2245dded21a1f3e687772a82175868aed
BUY,0.998,52.57,1728134190,No,0x7a032c19b4d7dac97fbd1c873627e8de2744d33b98d51b27effb522aa969f87f
SELL,0.002,110,1728134190,Yes,0xf063ed6adc9732958f1a52b12e51f180bf08cc5673c727779689c5cd518c9668
SELL,0.002,9000,1728134182,Yes,0x49eb988f3dc6e75b5a20e5a0c66f07eeacd83d9001461c4596bc5b927cf6440d
SELL,0.002,205,1728134176,Yes,0x954b0dcdbabf9c40c85c60894bbaca70d9b273a517119ba831fda084cad4d801
SELL,0.002,310,1728134140,Yes,0xaaaec9065b4d5d84af996901d03900d446464b145a5531035f83d31bbd3d9b3c
SELL,0.002,395,1728134042,Yes,0x202732408f374fd6f4481e2228afb2c831d5b31da3498d04ad55206cb702a980
BUY,0.998,190,1728134040,No,0x241683334abe99b8b222cd6b2c8a5cf8a2b59920a4468cb1ad76d37f9797ad0e
BUY,0.003,162,1728133936,Yes,0x4acef04e86e8c96fd4b53ffff665096ed7c2b8ab624a4072b2168555605fd531
BUY,0.9979995767971122,1.5831650000000002,1728133908,No,0xd58c591b4f383e418d9142daa4eadfe950fcfbbcd58e477d2f0bdfa1a785c65d
BUY,0.003,258,1728133892,Yes,0x0593dbd84a95931b45d16de66dc89e1455b94182e09787517290ac98e5eb6302
SELL,0.002,10,1728133816,Yes,0x2c40c77eedc3e90f4acae38f6368a7bcf1fd22af9a84920b923a6c90cf2f25f2
BUY,0.998,20.58,1728133738,No,0xac167b5f590ff23908621ce6bf6c3bc247457d71e562248b3ff7be0930b5d7b9
BUY,0.998,190,1728133450,No,0x62e2f1403bf2a7d6e29b630e615eb5bd0e1d602d66cd5bddc0d28904ed3c4f45
SELL,0.002,110,1728133450,Yes,0xa4dd461d5370a4cc70ab7c82c68ee4457644c2865ae5a21ea1e5eaea648333aa
BUY,0.998,0.77,1728133448,No,0x54a274020172baea00e611f850ef8f69adf7e17a37c4e74b50e749687629caa7
SELL,0.002,320,1728133438,Yes,0xabd223e7ba628f574502318bd4d595f6036135d29baec849f76fe8fa59b816e2
BUY,0.998,0.77,1728133438,No,0x46349119e26ccf4f5cee2d21204bea51d00158e323dcac5aaf11c4b6d190de4b
BUY,0.998,190,1728133438,No,0xd08f3d1227089032a4b09db2a25c6eb2db3a4c9e3eea489ba9a8cbeb5c60f70a
BUY,0.998,0.77,1728133398,No,0xab4177f573820ca058d718410419967de26048c2c11b89a2c3d2efdef3d6fbd1
BUY,0.998,189.55,1728133398,No,0x688f44b7063722e659f3709527fa7de0eec563027a9bba42788f90b3f0eaf359
SELL,0.002,76.45,1728133398,Yes,0xaf03afecc6ab8f58075114171c549731b413b15d10a0162cda5e6e925f821b34
BUY,0.998,0.45,1728133214,No,0xafa5268a4fcd469c7c85a9b28ddf147639683a222ef7f297e3879b5a4f42b1b2
SELL,0.002,470,1728133184,Yes,0x51f4d168331b2fc7f8ef119fb84b994175326ddc2aab2364c4a3d0ba8518f4f9
BUY,0.003,200,1728133122,Yes,0xac8265ddafb599778457ca0924fe472bec0dc1b80bb58d194a237a325fb892e7
SELL,0.002,230,1728133094,Yes,0xca7d84e7bb5868cbeda0894928f496d54d53b83fca28c8e1af46a486c02fb280
BUY,0.003,500,1728133034,Yes,0x71ceb3a74282935e323fde7042555ddfea10377e74111c9b9df8bbf8a06f862a
SELL,0.002,520,1728132680,Yes,0x696cacb0946eb7bcdfc85fea1b2daf743fcbbc30fdf0ff70e96dd5780f368298
SELL,0.002,41,1728132400,Yes,0x21f5dedc3b508c7472c6b60b3a76f2cb5e9e9da9e0bc54f8035de1580e2f86c0
BUY,0.998,190,1728132398,No,0xbe8757696eef30d1bd97a3eae4c279cd1c6981db8afaea5827c7c62c2e920010
BUY,0.003,520,1728132396,Yes,0x68f2c61a29c6f22e2a9d3a0333a6e83d0b8d3803e95ab9f018d5b811431d5b05
SELL,0.002,175,1728132304,Yes,0x7f8b88c98f9211ad5f7a5246120f0f30889d7f8733637d10ca6e4d865dba8b0d
BUY,0.998,190,1728132304,No,0x7fa188f74c96293f871411b840e4fbb40853f7c75253c4573d2d8efd81463bec
BUY,0.998,189.89,1728132286,No,0x59384753ba8306728e09b6542297d93d9638662fc853e95f04619e8af94ab9ef
SELL,0.002,79.11,1728132284,Yes,0xafbd20854e68f7082af96cbe47493369c72b966e987633000b9f6c99f6e1d676
BUY,0.9979996746518892,3.006011,1728131186,No,0xdb37647913baf909a232c2a56190a99dab665ecd2587c5c32235d7128eecde8e
BUY,0.998,46.9,1728131170,No,0x248ac7c902843376311004d9f79e3f5eb496c5e443faf39afe951af53ea4c7db
SELL,0.002,500,1728130994,Yes,0x75a82e11ba04c39364f2544830c13ba7148c5be69107d34d071e4b8aff517a06
BUY,0.003,500,1728130988,Yes,0x8e881866a639d5b4c1c183284c9226978028953d92e157aea65c397c4a9ae6b9
SELL,0.002,145,1728130270,Yes,0x7c323ef7ed260643eea24134ac8674e39a8d8e11c67c43b5e47d9bdf0f717c97
BUY,0.998,109.32,1728130184,No,0xdce37137c5ced010318d970b938cdbeabe30b4a80b51d4897a04e815f5069ae9
BUY,0.998,30.11,1728130016,No,0x5aa6fc343757a7ee0968362f634acc4088034a642829c9da7d72098b7549e15e
BUY,0.998,190,1728129820,No,0x9c9170e820a67eb67ea798a648730c16cc8711098da2f4bd45cff2f85e5d763b
BUY,0.998,44.76,1728129680,No,0x4ad75368c26f00145e500d6834d49c48cd82093d1e531368799b5519c9946992
BUY,0.998,64.09,1728129106,No,0x4ad944b7f3ab8c81e202945c9662287902672c79156e7aa6eaf550687cf598b2
SELL,0.002,9.61,1728129082,Yes,0x486bf3a2ea83f0373bb462d1e04c5d14324194e9a2292e476587b974f48c4b22
BUY,0.998,9.82,1728128982,No,0x55a3e8440503d9a8ec532aa80b0b9cf99958a3ce3ace57cee7437d9faf190504
SELL,0.998,10550.27,1728127936,No,0xaef52eda9572001bc905fb327e1f863150502d72d05485adc6043c07f7a79033
SELL,0.001,148,1728126944,Yes,0x8268c9a0a82054c2fa5f823bd24ac73dbb23e9deabd8b3d50530422634a6a985
SELL,0.001,352,1728126872,Yes,0x5f3b4cea4ebacb15d7f6f3ab74714803b88f3cee6ba5baa6a224d9d4f33bb790
BUY,0.002,500,1728126784,Yes,0x43433cef6341015fa9c1cdb19f81fc79f1c9f1776d817554a6f8d9ddc50fd283
BUY,0.002,10,1728126586,Yes,0x328f908bc826b782d530d72207c5d74ac0af16c0d9dc3f1f0912f24e9a9218e8
SELL,0.001,400,1728126486,Yes,0x15ed02229ffb3a62b06be7bb4367eb102d7c01792382d199425f63f8158d4f26
BUY,0.002,116,1728126424,Yes,0x9f068e0c0f1203f72269f0cec7d11fbdb49f75081a5e97fa0003751fa30ef56d
BUY,0.002,284,1728126298,Yes,0x40a2aceb70a93eef7428afad1b95961a1a4dc1b2c9886d7c192104cd3c289cde
SELL,0.001,300,1728125726,Yes,0x83bd397b3c616b0b3175c6e06cd8fd77205caef10621020c4226d33cdbca67c0
SELL,0.001,181,1728125692,Yes,0x402646f4e87fb5bbcdff29d681f159f9d9956dcab9e9fc90a1116a5e62eb8f05
BUY,0.999,172.59,1728125638,No,0xb89b9a6e7b5bb4dd604deb1f620d6601046f38412d7b1f4e49e2dce815c4dd76
BUY,0.002,112,1728125608,Yes,0x23a119fc69b7ee685be60affda87e0127169046c6c313904148aca3b898cab3c
BUY,0.002,369,1728125564,Yes,0xb21b474109b65dabf9f3a5bc3bcf83b0240902d6d7ead1a51e5aad8b806de592
SELL,0.001,121,1728125446,Yes,0x7d049f14a863f37072eecb37227fbef0c1f4f9794e39292b00eea8ab8746a4e4
BUY,0.999,17.59,1728125358,No,0xbd89e471cddff97ed9f68416fa0d35a4ed00dd0d9458c9b4b105aa2fc0582bca
SELL,0.001,33.51,1728124958,Yes,0x3b8f89ffc5e007c58c709ad39ed212cd7e21c432813305328589b7aef959b52e
BUY,0.999,1.04,1728124850,No,0xc4ee8b4932f7f098fd6395bc8e48a3c15ce58c734c4e66b4c2887b7554198c54
BUY,0.999,10.16,1728124848,No,0x2b504e7f6036a691d2b592f88acec5a23e0a295453edf1589b3b12e874bb9c1b
BUY,0.999,12.2,1728124838,No,0xa81a80eed3e248ec35f8d40f7fa559e7498bcc86eb3f1c20f97905f8643491b1
BUY,0.999,11.18,1728124836,No,0xad237060fe8190f4261eb64765533f27c93a02d15bac02a2186e7bbe5384b393
BUY,0.999,14.23,1728124832,No,0x32b31ba276aeeeba1fb811441836252965b749d7b7bc1e4cee9cde0ae7ecb7e3
BUY,0.999,11.18,1728124828,No,0x058fc5648aa5f5af824ba1a40bb96a507e5d0c22d6990ab682e3e82534a9cf85
SELL,0.001,77.83,1728124646,Yes,0x9c8932fb02640212f65065a13c836d91069d005b2de959798635940d4eccd8fa
BUY,0.999,190,1728124568,No,0x947ede50a322e67a7f76fbeff8ef560c7574406ffc2fa8d8f85696b77d253ada
BUY,0.002,70,1728124498,Yes,0xf5360eed0c9a939d6dd4b5ab87e8e47b3b393ca782b0b0adaced561c6ca009dd
SELL,0.001,76.15,1728121844,Yes,0x3e90fe6ecb5ff5858810d126e95f4e9b9a770572921c15025dca33cbe58f8dbe
BUY,0.999,1.01,1728121652,No,0x218b604ec5081ecbdeafecc17984922d412a325ac5b0a9539a4fba6c0c6c6c89
BUY,0.002,11831.27,1728121488,Yes,0x830b4f413e737a653b1ef6072af5d98e7f468f6eabf7e96f2391a73acecfdf63
BUY,0.002,10,1728120576,Yes,0xb233cb58f61846593a2d3c80e70a242c94ab68d18b6f53908bf2945fd60d0e0a
BUY,0.002,11821.27,1728120510,Yes,0x3d4fcff89621ab30c3299a63731601e58f7cc1981bba4e8d8d6fee7928aeeace
BUY,0.999,10.01,1728120158,No,0x8ac6f37a78cb697b3b58b1f580c1b9bed63385d4e41a504ee1092fc62eeacb55
BUY,0.002,10,1728119164,Yes,0x3daee8dedad8ac96c643860140696f1e0efa2c7230370224dcca673623980406
BUY,0.999,5.505,1728117891,No,0x9d063836f83e92257a1e72f77f0d5da50b98f7cc2a0a63bd378b5626a0b72994
SELL,0.001,6.1,1728117693,Yes,0x18fbed8fc42cb9b06e028e2435b75c055d0ec9248dfc0d29cc6853b6d6c69abf
BUY,0.002,10,1728117691,Yes,0x8d267458ca0b31e135c399257847c9da4dc712917d83deb928067432ad8f7f63
BUY,0.999,6.006,1728116899,No,0xcf8f8fc454782e47fcbb258a3a319955348dcd0b2ea0b6a6140eae2adee76565
SELL,0.001,14.2,1728116725,Yes,0x1c9bf94d074059854ec70de12c74dfabc33798ff83193f5cacc8f86fc2cccf85
BUY,0.999,3.04,1728116279,No,0x08f5efea5d6d1824be859a5d77e076f17ef1cb982963a06aeb5a953eba782c7e
BUY,0.002,11831.27,1728113824,Yes,0x330865df0940a2a0f52fadd9ca9d7579a62931484d292a18a407abbb5ff433ea
SELL,0.001,28.46,1728113146,Yes,0xde3de97dad887aeeb31ba824f968a892b84ee46da03ddaf42b76aadf5e94663b
BUY,0.999,2,1728112876,No,0xfa4a1b466cf296419ecec15e57b725fbb7eff1b15e4ae1661e22123b293b5873
SELL,0.001,12.19,1728112736,Yes,0x4bf1323038962c88cba387ea6c8e922a945d9eb05f250e910307c85f279d7863
SELL,0.001,15.25,1728112668,Yes,0xcab315603386ed771805498d611b14276edb412df50fc6ff85d672277b3f4e0a
SELL,0.998,47.34,1728112520,No,0x2df234d5dc9a6c872edb9dd8ae32338e44063ebd909c02f9a140dde3f5d1d075
BUY,0.999,47.34,1728112490,No,0xaa9a811787931b24d37ec21fe3de666627a8a36bbd860036230684453b6467b9
BUY,0.999,2.03,1728112478,No,0xa9da500fbae5ccfd415c1c67bd09ec89a380b485d135ac9a1bb68382a99c3941
SELL,0.001,14.23,1728112158,Yes,0x85c55e20f9a4eee862a9b7dabef526dd8f167c7dd951ad788b806504d8b21475
SELL,0.001,21.34,1728111912,Yes,0xae691ed44ba7fb4944f7276569b14a0214de7def1de8d26f910f4061d5950840
SELL,0.001,15.24,1728111808,Yes,0x68b0934163646e1100da964669145215ae717ffafa65a9b87712bc1661289d69
SELL,0.001,16.26,1728111670,Yes,0x49cfcabdd1da7ea9c8935535a4d038858f04ed355712a92792b3807bee4dc4f1
SELL,0.001,155,1728111455,Yes,0x71e999cffb1401683962d3ab8870856c2a43bba0a71e671cf4834c3e2490669c
SELL,0.001,155,1728111251,Yes,0x344085b38aaf52c41d55c39e458af45fc9ded047231cf8bf211b988b6fc915bb
SELL,0.001,30,1728111185,Yes,0xcf9c705acd5f64cd6b4f259d76aecf0ac92a82753e80bacc5ef028fa4680cee6
SELL,0.998,49.17,1728110562,No,0x244ab1a507dcf5a9e67f66008dd822da0901967466ffd623a1f6431e7126253c
BUY,0.999,49.17,1728110532,No,0xb91d588a0788d8c0b0e1b96ad123b203a306700512b9652281c38cfb00013923
SELL,0.001,155,1728109069,Yes,0xdb5adcf238c792c70d729160a08ac22aada390faf62466a6efc01330282726d1
SELL,0.001,155,1728108076,Yes,0x8a6c84e11120e32814b7611db988305dcbfd264104bda634d182ba1aef877d56
SELL,0.001,155.01,1728107572,Yes,0x936237875cc7fa6256593821af32cc51af1a9780ca1b617f1945b42613dbd229
BUY,0.002,8250,1728099514,Yes,0x72f2f78713b2e24820f432a9a55461dfba96d4123fd24cee57aa920385ea44ed
BUY,0.002,8200,1728099498,Yes,0xbd31fb20fc16226e404f85fb5b8d3ff07b7035d8ec8ad4ae46c9b01b4c9f6c3d
BUY,0.002,8150,1728099474,Yes,0x077a2e15b6ee0e2225523a151c69447a874d9f267921f5643ba4d284884ddf32
BUY,0.002,8100,1728099452,Yes,0x8796924a08d2bc3c53cfa18e9b1d0e8c49a73c8d0576a1a8bf7e76c84a92ade9
BUY,0.002,8100,1728099436,Yes,0x865847114d6f6b1561af0800e62d64876df577c3ef2e71b56aa2e3e241208596
BUY,0.002,8250,1728098576,Yes,0x7c1d016d86bbfd85e98374852ae4dd7988a81d0673e0622cb3c7a569223e933c
BUY,0.002,8200,1728098560,Yes,0x7dda10aea4b68306b588b5b6493fa6378b872c6f01752bd4e985091931001c24
BUY,0.002,8150,1728098542,Yes,0x2a904d13163291ba6328921e3a0a9c5c6d034aec26d9ab8c797384d71d00acfe
BUY,0.002,8100,1728098524,Yes,0xcb34dd3c949431ec8c00f1db96040ede318a690d47de468cac2bf14354f5ee27
BUY,0.002,8050,1728098504,Yes,0x10e1ac5c343fb338536e735b4a9bf3f2ac6752ce5427e5d49034a41863543d41
BUY,0.999,12.012,1728098138,No,0x9edddb16654ec94cdda6258d294832bd3c00d9ab859c97aa8a5e2736c8d45059
BUY,0.002,8400,1728097664,Yes,0x0da71032c28f81b24480278548192f5149bf0869fecda1e27e9eff9a2d4dcd4a
BUY,0.002,8250,1728097638,Yes,0x6b81c2444f5d6843d2ef2665ffbacd0fb52a6d67825d6ad28fd8a2d799d4e5d8
BUY,0.002,7500,1728097596,Yes,0x323e839301f31a3e6a1445e11cf2fb6d1ca778c970bdb319490be95c821b8383
BUY,0.002,7500,1728097530,Yes,0x630efc496ee71017f0ed7841069f7185f99fa2246af8a9abf9c1a7ea560f84f2
BUY,0.002,8000,1728097510,Yes,0x3fae8ffe812a8667b269378ae5190345dc0b0f78f925891da22b89b3ba944508
SELL,0.998,8.81,1728095354,No,0xf3e04cf8a433305c83c690e123eee978d8435a5814a2b24a680946f1303c8621
BUY,0.999,8.81,1728095308,No,0x07ec3951f32283120ab776457503a47732369411ed9c62cf693f7ba6ec9e7fe5
SELL,0.998,6.76,1728092963,No,0xac6a74f325482a6837e9a0e87a28a4492f5464a8fb4da3502747a36b4239eeff
BUY,0.999,6.76,1728092839,No,0x8f73efe1de84c5bab1b331f6a20f31f0c23e38deef00321e29aeac07a4b4a1e7
SELL,0.001,3460,1728092137,Yes,0x230ff8850e26759ebcc08c392f42a133f40d9b6e969c85ae74aa743eaea26c19
BUY,0.002,3500,1728092129,Yes,0xcf97b89b2b191b53c99573a1292fa69300dd54c671f9aaab69ab9f569e44a8dd
SELL,0.001,3000,1728090520,Yes,0xe000c5f9d3685caad9d316747fc5a87191319a7140ab85bb9f2b0b885d29c0e3
BUY,0.002,3000,1728090514,Yes,0x84172f7fef62e9fab4a53347a9ce0b2bb567fb42ae1d097d0eaf192f1a1b34a5
BUY,0.999,2.502,1728089289,No,0x0d9a102474b51afa2b0dad6afc9d2a8bcaf0c3ef1cc0f283cf61d21bb9fce849
SELL,0.998,49.28,1728084152,No,0x87fe654a994103eacee6b00ae497b3ef5824eeff308071b930591a00fc4dbc9d
BUY,0.999,49.28,1728084122,No,0x38662cc642535957285c8df6727d0d982c7153c8360bbbd235f3ffc18716fe1d
BUY,0.999,3.04,1728082328,No,0x596d50a5699bad510cd9479441abce2375f54570e916d4b818bec087c3c3655c
SELL,0.001,140.67,1728079016,Yes,0x97b20bddb018b161ba4a63dc5f229654b2edd7e71e036ea4ad1b52621c0246d5
BUY,0.002,85000,1728078894,Yes,0x76c9e92f4a07e25abd4a6fee8635f220206fe02b21cefcf7b6d51990afa53196
BUY,0.999,16.85,1728078872,No,0xd0597397b92160980205dea61dbde29c0b206b939fd8d9de06746d55307b346e
SELL,0.001,5.08,1728078518,Yes,0x6e93cca441a548c0d0f2a0ae27409666a036c87f3a54c5fc9862fddf36f2b6ba
SELL,0.001,9.23,1728078010,Yes,0x9160191bb99a160f37a22727560607e6ba9005a42c0a75ba8efd6b2ab00ed879
BUY,0.999,153.37,1728077922,No,0x9a9da48d684848c9b106d45a565a7974fbede1d2de8ec26628887c04e243d273
BUY,0.999,3.05,1728077888,No,0x4ce41fb74f81d71452e52109afd836296c05c019cd9f180a9f03f680ac876168
BUY,0.999,33.57,1728076852,No,0x68b232026e4b33584fc9f0095ef00436e47187d0b8b877b7beae02eb33c081a6
BUY,0.999,44.4,1728074107,No,0x00da4100b73729ecc4e19a4bf783050570e82141a573ce86a05136152bc45ddc
BUY,0.999,42.55,1728073674,No,0x4c71c1fab9ba44db265e4370523e7eff5ae187317d87164775619efcf2f3acb9
SELL,0.998,44.79,1728073540,No,0x5bcbaf0cc3920d9a285919016521360fe64b636e4b8b3e13264587910c26f24d
BUY,0.999,44.79,1728073499,No,0x6c856d334ccb0011ab072ce6c862706a895cd99ec8a4b4baa5410ae635adefcd
BUY,0.999,48.05,1728073296,No,0xcecd6affa5dc8e3631dfb007d31521a8944b2acb6b4ac322eebb3f35890e8266
BUY,0.999,43.4,1728073222,No,0x1af2f2c1e5d6721ced69dc53448b8230a0f55ed66811321981de917545b0f986
BUY,0.999,41.83,1728072546,No,0x660d6122e9682d0558c79841f890241fb52ca2cdd6b542c0cba209d12618c444
BUY,0.999,39.77,1728072182,No,0x3d6f9689f03f48618e66af8cc99252ac53c1133e83a776ff43d85187fb9a34f1
SELL,0.001,51.98,1728070634,Yes,0xe01058c8eeed4f777696fc1b6e181c918a0a1f37ebf9dea365bb4b7b2c95d875
SELL,0.001,263.26,1728069915,Yes,0x3d80b29df0ae4db3eef0278382b35ddc7e91a25e852f1539a841375654b6d68f
BUY,0.999,190,1728069915,No,0xf1427f23b3bb3b42ce26ea963e1ce064995b7ac234cf8ae672f31baf749890dc
SELL,0.001,24.59,1728069841,Yes,0x568ad849e0803fade7d267af1fb131fe97b42208f5a521bfcdd7b23ea133d5ee
SELL,0.001,64.42,1728069421,Yes,0xd221f915d71a6879b25f2b40cb3faf3e62363199ba7d4f7bb258d088435618d8
BUY,0.999,39.51,1728068515,No,0x518329a505e2952a45a82e066ab13c68791a87278b84ab84cbf80ecf46c91736
BUY,0.999,48.62,1728068386,No,0xfde71e6b4d172a881d841bd728323f598428c926a9630010022b59fa74f15362
BUY,0.999,49.86,1728068120,No,0x897235fc85bb6617ceea8a784a5b4a10da14d0f9e85170d314aac75a01e5c81a
BUY,0.002,199,1728068002,Yes,0xf5798baf2a73445796549522eaff1c7b30d99c23164a34e1d4cafbf2eba16c11
BUY,0.999,39.09,1728067854,No,0x6905e9a1e1949f9f82a1ac93bf5b7835521ffa1df3d9c8de3b37733b28db5eef
BUY,0.999,47.64,1728067626,No,0xe068f78ed12511d5f1f74ae8ecf4d8d9a6486e330849411ec9ca275639072a63
BUY,0.999,46,1728067079,No,0x74be4a35a79fb8453df78ca851ab15199205256f5c40d10ed85213d331c00d5e
SELL,0.001,274.5,1728066935,Yes,0x7995119516b9f7ce50420dff0675beb69fd8cea2fafe5061f94ffd0eb48de26a
BUY,0.999,45.51,1728066921,No,0x245e1da1307ee73aefd8934623b945bbb58a5d77ba2e9f2911f83b5f9c17070f
SELL,0.001,750,1728066919,Yes,0x5ad6545965be5a5ba725b3fe80d69fc33f08fc748f2200d7146d25d5bb35b8a6
BUY,0.999,190,1728066917,No,0x3317b6287c082aabf476fd826254edf22a88e111f4ce3ea33e4580d03fb5ebaa
SELL,0.001,60,1728066881,Yes,0x0f2c69ef73a440d6ec656ba73504c20f7993bb1cf6b142d80669f9523f94e76c
SELL,0.001,29.99,1728066791,Yes,0x088723ee80dd2d8bc2f388aafef889d6977fa03eb7f397b0421f6cec34aea010
BUY,0.999,190,1728066791,No,0x28d058bfe1e9d2a38ac2b560770903d0d2cdaa6307cddb169e096db67a600cda
BUY,0.002,215,1728065780,Yes,0xe54f97b3550c41f4760a5d694afc00fb43eb4f21672487987127903411165417
SELL,0.001,94.08,1728065680,Yes,0x05c0c71e81b3f873b31e7aa929669bb07a518a72bca9f8a0af8e7e8155592f7a
BUY,0.999,190,1728065544,No,0x2fa008234e8a6f6beac06de07b262c8f3e4445304b6b3a7353811f2a3da39acb
SELL,0.001,60.92,1728065086,Yes,0xc25775e18a1a56adb5c45e7314bb8febc20be5b70cf440f8693b69f07ee4ba0a
SELL,0.001,8,1728064871,Yes,0x2b1da31341ae5d36c59121e003d2b1f8acb3dc6719c09ca1e51b0083d7239741
SELL,0.001,153.98,1728064468,Yes,0x787fd9636102e462ec89d93fe11cc4cd2e50efa8eca727c81f2c69ed54bf7d26
BUY,0.999,48.86,1728064376,No,0x971039141db2a5528a5e74487b2281f391327b5be260fa3c3bb0292049186ccd
BUY,0.999,1.01,1728063754,No,0xec45ab1d79700241e9ba07cab47315fb7f52a42edeb05db5a46afae3057743d9
BUY,0.002,341,1728063710,Yes,0xb5c794df57eb550f7b0b36ad98469698f566c6a6685c5e4c09133e084301f59b
BUY,0.002,370,1728063486,Yes,0x09eef099979d32846f5a93239ece9e381ac8993e8ccfe88ff3bef212e493d451
SELL,0.001,155,1728063452,Yes,0x1ff152c9ba9a739d3e44940420bf86ec6da31af086cf8b0e7ab62b90d02bc07f
SELL,0.001,5.08,1728062282,Yes,0xd02a48db3d3463ae3bb309c81e81cc56585e68c5746f07f7491bbb70cc9bf957
SELL,0.001,119.01,1728062246,Yes,0xc76ef916cccd5e8f2047b604923b5a53d03cea04b8d8c2b69e887074c5261231
BUY,0.002,345,1728062224,Yes,0xecbc9c8acbda7ba56839c3700741fcc8cbc4447fe99fb25be40ee4e16d875f88
BUY,0.999,182.16,1728062154,No,0x2392dda12911ff10ba20d26fe7593943e314efa8e62da9ea0c64efe35a71bbec
SELL,0.998,5.1,1728061732,No,0x38248922eab5aff4be7d7ea40ee3440a0f662e20ce605f170970e3c8f265a059
BUY,0.002,5,1728061550,Yes,0x32bccebe2fd014700fd8106425814036f353a3042a81f8438ebf9c3a581bf94e
BUY,0.999,5,1728061542,No,0x4f7fa470b0950f628aa4b370d645e23569a83d5d5a9801b54683738bba4099fe
SELL,0.998,5.11,1728061434,No,0x18c0d8403779f509e336d6a66eca15c527ac43f364797fe3b2b8308207dd5245
BUY,0.999,5.105,1728061244,No,0x7fad312a02b0e751352886ca0588bffa6bc9a8668986dad7ee0e24ba81dd2987
BUY,0.999,5.115,1728061198,No,0x0aa3fc3f89c76f35f5235fbfe6e8c5449bbe334320c0d33fb1dad6d4a9b98cab
SELL,0.001,155,1728061138,Yes,0x548737ee8c4ed68f928039a9620ff4dd474f3760879f01b448b6c25bf6df0584
BUY,0.999,47.84,1728061054,No,0x4ef51fcb5e94f1272bddf76b14446d42f6ad112c01778bd4109218ff69960843
BUY,0.002,163,1728060988,Yes,0x3675b56fc1f23a9194e8b2bda7a3ecb1331b2b987fc5c7ad23b87a27ec6c7a6b
SELL,0.001,74,1728060882,Yes,0xfd1f4591ababf62a012ed630b7eb6ced222781a5ae64e47923c8a20e9e3c0057
BUY,0.002,172,1728059852,Yes,0xc3e1124c1a5c144223824ede862951a7d17cdd69bf6441bd6ac9f056e9907180
SELL,0.998,202.3,1728058926,No,0x48798a7e30be035e8dd3f7e0c48439af528b7af5b10d092f91ae19d42988ab5f
SELL,0.001,10.14,1728058764,Yes,0x263f15f69e4274369efd83b89c8251d83b844f153598f9cf92e2c3d5f04e424f
BUY,0.999,1.27,1728058598,No,0x8cb08bef18ffe6c53b1c560a3bd6412d689b63c766bea38b0f4b7d068d1400c5
BUY,0.999,202.302,1728058356,No,0xdae913b0d34da06ed142143a9babcfb2187c8ffc874dfd6a0ac1d8c441d1de23
BUY,0.002,304,1728058236,Yes,0x56b56ffd5294ed141a14982eaa3e5ad3547a6cfe85f85de692f6c9f8d952a017
BUY,0.999,100,1728057298,No,0xe1cfc246b13e5d255c20bd81eb9a3ce2ca23135d92e7094e3fdd9621aa24e793
BUY,0.999,49979.979,1728056446,No,0xab2654979ad5db55b5dafcc07fb63facdf6667e1317226e9f2c3147274c10b71
SELL,0.001,32.22,1728055940,Yes,0x05d0657ae05d8a18afe4464a7d868b3ddaef1103cccbcbc8cddbba42a18b4d3b
BUY,0.999,33.94,1728055910,No,0x5223576e3630eb4b5e450af20dcb3d6d716e79a6c65d94cabcddc2cc913027a7
SELL,0.001,79.28,1728055646,Yes,0x900f5756dd4a28f027bbefe7f68c07aca065f59b01c5bbd497e4564e1b485947
BUY,0.999,49.84,1728055500,No,0x8059437b022faf5c8917fecb8999aed63d0d6b7c009adadd18c4bb7457c572e1
SELL,0.998,46.88,1728055160,No,0xe2058805939475bd65bb45aaf57d4450219d0b840a712af0ed09e0e5e48f51c0
BUY,0.999,46.88,1728055130,No,0x33e7d1e9df8510bbf1098843daad2fe0df5ba2588d8e3ce1f5389248cd83e70c
BUY,0.999,18.79,1728053768,No,0xbdaa53ff83144007f133a740142deafacba250ee1d488fc2f23dee4d14928079
BUY,0.999,21.19,1728053748,No,0x1c417d98dbd642c0b62af6b063831f2a065e34d89d12361d65110c884f54b3bb
BUY,0.999,20.38,1728053022,No,0xa3fbebe7812adba434600bd4dcd984c1359eb8ba3c25fbd92dfcc52b3c4fce4e
BUY,0.999,50.03,1728052454,No,0x35198ca37634ae9dd891818aa81db206201e52ba4ca0d0c1853caa2093831816
BUY,0.999,20.88,1728052108,No,0x25139a7f2618f7bc835da77a65e8960ce7911f34485c5d14c95d7734f5fd21d0
BUY,0.999,21.87,1728051894,No,0xb02df07181bf41cd4f7f2099448a025c49468a1501cd5876ee0672c02537f006
SELL,0.001,31.91,1728051688,Yes,0xf57cac5132eaf40764771106220604dcb2647dfe5e903f2d707c5d8f71d56570
BUY,0.002,170,1728051390,Yes,0x4cd547ee4054d6aa8c0ffc0cb13a544ffd90f5ec866b33f8fdcba67653c52cca
SELL,0.001,0.37,1728051364,Yes,0x3ae1a33cf6bf01bda9cbf42eac08a7bae45aee03a38a8866eef39627e06290e0
BUY,0.999,0.1,1728051280,No,0x7d65d7dd9db568c93a1a98788b9d2af0d2b4b3fd04a358e13cf728f94c634760
SELL,0.001,110.01,1728051260,Yes,0x7b6982c63da20549ee12ba04900f2e9c824f291191cc133275e06151d6d56b7f
BUY,0.999,98,1728051246,No,0x0bfd2f934b210a5ca14ed136825d9a8dac374eddb8502cab3867e50ceba0e71a
BUY,0.999,12.08,1728051190,No,0x096db3c3009cae9895c93e8079a89b20b606009f955b607077c2570990b86f3e
SELL,0.001,400,1728051012,Yes,0x276feac7bd322947d496ddcb18154135d22f208bda7f808f270a26cc9abd0537
BUY,0.999,3.03,1728050896,No,0xb168954ac27251f3324fdcec9ce23d5a8934964d62291230a87c1e6d69864181
BUY,0.999,16.2,1728050770,No,0xc70dc3f4c00fbda0f92d39a300d8c983a3641e5685354d7b3151d00c97f8dbbd
BUY,0.999,2.03,1728050770,No,0x43c0ae4f41645a5449765bb5a105aa7fea79c0e02140096d2523f4beea5d8a53
BUY,0.999,40.12,1728050728,No,0x5ccf9bf4f44346ca12ea0b0eb7dffce3d0b9d06b3dd27e4ddd570bac29e78834
BUY,0.999,245.2,1728050722,No,0x04c7dc1af0cede3b4267882d5d3048abc41d6c3bea9b94caa12ba662f7ff2270
SELL,0.001,312.57,1728050718,Yes,0xf6ef778086939f2d0d83962b9b4f7ea049c0748185157ef4b28353a651728711
BUY,0.999,187.43,1728050716,No,0x7f65ad4424a813ec485f1d794dcafa38a95afe7cd9204c2015ec5b42b021f4b2
BUY,0.999,15.2,1728050702,No,0x2ec1a5660fbca69f25a329fb5f2397b0e0a965414d232d4ed36ac4d3a3af7eaa
SELL,0.001,200,1728050534,Yes,0x4851f4bc46dd6655ed6a1854834777e5ce9e062467a35981aee2cb787ad7e9fe
SELL,0.001,169,1728050462,Yes,0x5486b8265e2768b895634c596cc52982675351730208e6dcde1580a634ffa940
BUY,0.999,30.42,1728050444,No,0x7ea00ee83ac6f5d46d126f639b28e1c742e50052859c9aed30b56f708c22a391
BUY,0.999,42.39,1728050374,No,0xa187013e7d8f4e07f6506fab6c334580afc157563a06f8f0c660c56d47da7005
BUY,0.002,369,1728050336,Yes,0xb43ad067b53e766db2f2fc1a3c4dceb7677e24163b482f182fa3a0e731a50910
BUY,0.999,48.26,1728050298,No,0xdd0fff4fc428bdafeb17f1038805616a7d7d718f474556b1fe73424ab6c7986b
BUY,0.999,43.51,1728050232,No,0xdb1dc66b26525e90d2abefd2caaf59424b9b3138dd30bbe6ba411eb25c52b66b
BUY,0.999,19.25,1728050214,No,0xed2adf1b9eef0df24bcf2de9c4c2637e60ec7cfed17252922735e86e44feccb0
SELL,0.001,557,1728050166,Yes,0xa4a1b329ba36e0c3b698471e30a3b35e0ed7ef5b71725cbdf2953bf2179d7c46
BUY,0.002,400,1728050146,Yes,0x21438edf94d89a0e268c853106b849d2765362ac683de51c9ffa9c53c984f7e8
BUY,0.999,48.63,1728049968,No,0xbc7beb0aa4c5b0f2de1cd261df8b0a0ce521a80eb2298e2303181fedd6d241ec
BUY,0.999,14.18,1728049874,No,0x34073e46a02137b02e30e24fc683b8b1007deb478233c9dbdd63ea3a38b8f7ca
SELL,0.001,154,1728049858,Yes,0x5330e1828faec82dc8a43f74308d9a1b1676b5231f4d90c667477cb7f668a625
SELL,0.001,200,1728049840,Yes,0x2208e2a7b9f4d5a09be780990e639e09118d673bf117f87f8c63981bfc6f9588
BUY,0.002,354,1728049770,Yes,0x4bbaa7726ad7fe516beef0d14808d787fb40ab9e148e5e878495b3ab178c2c3c
BUY,0.999,2.96,1728049568,No,0x95e58425613f99a6a98a769b484cbc2ea1d223b6c47a3cf04ab947a4104f96c9
SELL,0.001,7.73,1728049446,Yes,0x490d5487bb1736a6f152c5293270d3823533ab3efe7abe7b0eca85f73be29d44
BUY,0.999,18.23,1728049436,No,0x002db66195207e2badee4a4818aab346436062f220961d645b17eee6d1bc4731
BUY,0.999,20.72,1728049388,No,0x51977976ca5fe71d2cfc00b979678ebfb6f1d48ab22c4e97a254b0eb484a5bd3
SELL,0.001,147.27,1728049336,Yes,0x4225c2ffe14e3e300ab7a237d70b2813c38778ea40cbb936dfb250f032a5bd2f
BUY,0.999,21.14,1728049296,No,0x613e30a56bb2d2580d51129ae526b9bc041debbf48ac9b22f7d91f198bdec9d5
BUY,0.999,46.78,1728049276,No,0x5a3c8ab843aacd2b691eef114177f1fab1dfcf6e56a57edef6b8f111e6b75a7d
BUY,0.999,110,1728049242,No,0xb15d87ce5d68fcbab5a059127bf345d065b236ac4381201ffcdff59c919a4ea4
BUY,0.999,22.48,1728049230,No,0xb799057dd4992d34971295e7ae311105ee29d70486e40fd225cea026cbe19cc1
BUY,0.999,81.88,1728049086,No,0x58cba4eb20c6cf00cb0e4db4e6edd599fe7efb7e70abe9898f85aa0cea37417f
SELL,0.001,400,1728049040,Yes,0xfd3a98aa6ebd3335115678a3394b5bc547270e4586af28e76211b231945b553e
SELL,0.001,137,1728048996,Yes,0x64673b2d6658603b896ef4ed3d82faa92c4c6479a3289aeafa40bac555d030e5
BUY,0.999,190,1728048938,No,0xaab8d8e3d179dffc8073d608c1d7587f0514b9a78d0f9d1bfb8bf2510771ccb7
SELL,0.001,77,1728048840,Yes,0xa48bf13aae10806de7bc1ad61ec5697a078211bffe43ac5dac87661baade704e
BUY,0.999,101.87,1728048838,No,0xabb52be607b66cd1a990483a5436e1619eecfbe0e8267b24dcd5676bccccd17c
BUY,0.999,106.25,1728048788,No,0x30fb8eb77e08520ba8271afe99cec1ba120b9cd2886f30ecad91d864c150e608
BUY,0.999,169.25,1728048746,No,0xafb0dc37f8e951817374ec08ad0bbd3dcdec00eea6f10730b5325b0a1160a78d
SELL,0.001,16.22,1728048744,Yes,0x54e31442f00f2484ef009a2eaad2d6d5b01d42640419b9aadb4b62c5ce96c075
BUY,0.999,16.21,1728048744,No,0xa500188f1af98a4ad402ee53f4a7ef02b28a37fb7fbe5aa33b27f8515895a590
BUY,0.999,47.84,1728048688,No,0x4092a4110ca49e5db45959ee5dfe97e2ee762c99457fb20bba33a2a01e4d7d95
BUY,0.999,79.65,1728048684,No,0x22643584442b8c0026af56796cd1ad290e0229ede4ba2e20bcb1aedaebdbd13d
BUY,0.999,47.46,1728048600,No,0x6584ec6257382d2c7dcbc7c9a01f465a4fabce4a78ce82e0b136ffed9382d1aa
SELL,0.001,78,1728048476,Yes,0x36484a807e0a70be437414a03b95776a7b3dc141fb01588f96230757220c324d
BUY,0.999,27.03,1728048396,No,0xd9203bb659fce2f168c28043630c171466fc4e546823c85a43bc9f5e9153349c
BUY,0.002,313,1728048346,Yes,0x8a261653870eb5182e25d9714f0ccc3b465f93f2696479eaa26c6a68ee325da5
SELL,0.001,76.55,1728048254,Yes,0x3100ebe6dced11227de9051522e5c910d78e7606a18d2fc2ab1699b44a8f1fa5
SELL,0.001,28.88,1728048172,Yes,0xa149612f79d4dd172a6a0375675ecedd0a83464b4064231baa4519d3cf33b904
BUY,0.002,136,1728047792,Yes,0x6e4e20ec3c3969438c645615173cd1d820ca083fd946c341e799baa940ad667e
SELL,0.001,17.22,1728047704,Yes,0x411774a2b50c6d27a2b597d76785bc0aeca620bd7a6b0cfa8b2bedbab94a77ef
BUY,0.999,1.01,1728047688,No,0x095e8375fa21cb8ade22bb1eb9024fe2e382dba2dffa81b12849a3bff3b6c9d5
SELL,0.001,250,1728047592,Yes,0x957233f214e949bf8647a8dc4bbf12d963486e6fe3a2a257dda1cf6c2ee5617f
SELL,0.001,310,1728047586,Yes,0x00f838d319282f9c1703aad13e9a3e4f8908725c05a705bc99b30383c0f96a6e
SELL,0.001,440,1728047576,Yes,0xa314fac341558ef129a8b7e99601634e0372246a7cadcbbed89278e2e4ae3866
SELL,0.001,310,1728047572,Yes,0x118e9809166cb94b00a0db9c8b8887787a30a476e74094ade8cd0fb269db565f
BUY,0.999,190,1728047572,No,0x2f3a62f985bf9bc07cb9e07230d85b3025aa44359089bdef6e8ad3218b24929c
BUY,0.999,17.87,1728047540,No,0x8931fa3895abce503644acb368ea6320f0c506ee1f072869c75dc9ab850ee97b
BUY,0.999,187.26,1728047494,No,0x45d56d91bb3b49aa46fba02db57406bcf0fc46a7af9d477215243deeca549052
SELL,0.001,312.74,1728047494,Yes,0x883ef764a173901e66ec9f113155d0ceec552cf9c05b0f8965164a6b5f1b8cc7
BUY,0.999,47.44,1728047350,No,0x2858f7da97a8f746d7e03cded1c8e558cac5f99fd4110ca79be66e1984a4fcf3
BUY,0.999,45.3,1728047320,No,0x71a1dcad68cac02d5af28face69aa354f5ec045ad7755920beb53b9ff9eb000d
BUY,0.999,53.52,1728047308,No,0x38ea0367efe13184911ef5e737603a15b9f2da4b6480e50cd5785669886995eb
SELL,0.001,15.2,1728047218,Yes,0x7c9d7923c45a94ecf3f40fc3b74f6cad0ef565f4a4ff92bb77cbfd911345a155
SELL,0.001,45,1728047062,Yes,0xdeff851d1d06a72c000884b53a520995412d58b57115638ced01c7d5aa7213ea
BUY,0.999,190,1728046930,No,0xa2c0b827f99c275b952f48a0970d217206238baead6edfe16fde52536afa973f
BUY,0.999,101.32,1728046368,No,0x008459e770a0be1a2eff59fa2e88ccf0616fe8456763502913b849159c377367
BUY,0.002,500,1728046230,Yes,0xc92327d1ea1c09f9fcd9b03886637e9e275909f51d2917af4f2ffd480f1469ad
SELL,0.001,15.19,1728045888,Yes,0x43fe6c75c07a22f86a5980206d2a72831d346d9fe90ae42a79a3038881634654
BUY,0.999,4.29,1728045878,No,0xa36b0398c274c555a04689fa5591db3ff04125d3c7272e0eb3fd0acb531946ed
BUY,0.002,200,1728045758,Yes,0x8c248a438bc658aeb4358d53b8705c286c139e3a8dea0edd008275d908bc2fad
BUY,0.002,357,1728045716,Yes,0x6a97a07e4cd965003c1ae999b15e9cc715317477adbfe605b347d780c19b943b
SELL,0.001,101,1728045538,Yes,0x1d370a39e951b8ed7cd0698f1b6401c2a9b6b6dbecb19e3f0878895bc3127311
BUY,0.999,22.7,1728045260,No,0xa48f50ac7a86739bf7056d1b9cb63b9ed6c1892f9fdda0882688d1ba58d326a4
BUY,0.999,22.6,1728045216,No,0x4ac25e5d07412b25cceed495d6d30e6de72f84281cbd429c855196a4fc45f89f
BUY,0.999,48.8,1728045200,No,0x1e7699eba559a65ba044914eef3a96778bac13baa8776194949d7dc755830757
BUY,0.999,19.12,1728045116,No,0x31d789c9bff39e2b1b38f749b7345c7d402738a34753fae61e3680ba8f267849
BUY,0.002,537,1728044684,Yes,0x6d00a0a046cbeb4846e16920fbfd70951d303dc43b593b90af240d592ced9982
SELL,0.001,34.56,1728044648,Yes,0x1576ca9c7ce8377b5419488196955ca792514cb23996fbbab45580155532fa73
BUY,0.999,47.15,1728044556,No,0x944bedbca23427b0319966fd8eb16398f00173452a9a541481c5477f2f757b3d
BUY,0.999,111,1728044470,No,0x2482f6d2a1afb6758c4bc1872704945c2b212ea24f1762abf9fff5e42eac90c9
BUY,0.999,122,1728044438,No,0x9c3bfa97b008ac5c783dbd5ce8af2a987ed075db420869af12e0852acb404457
BUY,0.999,190,1728044358,No,0x4197d749bb2f3b43b92ae4e0a4bd7fd7eb691326439e292955933aba1d87ab01
SELL,0.001,68,1728044356,Yes,0x0b3c4f539d1920e3bde348d6a708ca7cf00106dfaa6b442aa5a65009bf31bf73
BUY,0.999,190,1728044332,No,0xce9b730401e7bf80df98699d7585093153dcdaf45bf5f06e6761fe0d539ee418
SELL,0.001,167,1728044330,Yes,0x09bba6e43188c051c8bfb7d83ef2cf2dbd22e21fc539196d90b054f5033d0b6b
BUY,0.999,190,1728043938,No,0xecdee7f83f0a91eab43ae19a3b96bc7cdf0905b075a440d1688b01dd94d8a80d
SELL,0.001,161,1728043938,Yes,0xea765a85bed2faf068b6c58c6c40b4a02c1eda0519341cccc1b26284b3d44ca3
BUY,0.999,190,1728043918,No,0xdaa69a3bcfd6a09caf06898aee2341e46f3977dc5993e1abd6c98990e888de00
SELL,0.001,167,1728043918,Yes,0x05c2a91424e3b5e86fd10e1f8de9278b98eb59f2201175756e6881f64ff0fe36
SELL,0.001,147,1728043554,Yes,0xb9a3a98f7c7fa09479346f9c8a837966562b4c25e1028d4982730f17abd5a8ff
BUY,0.002,147,1728043414,Yes,0x7e0bb3ef1d0a61857b3048d73ace75b2d03ed089fa6a2af1bf11df2dabdbfeec
SELL,0.001,453,1728042907,Yes,0xf92ff6f1323f31b2931526d5fbfdd6c2e8f97d6ecb73cf528daeff2d75a84d9b
BUY,0.002,453,1728042837,Yes,0x4ed1489bef9ad8c8a578a981017d6ced58872d093b585fd48c81d0a119f0ddf5
BUY,0.999,0.05,1728042661,No,0xbf5a4e4b8994f9a2a1be05961f46ccfc41f60fed2080a19a71f4224d4e95a480
SELL,0.001,35.71,1728041873,Yes,0x0f01ed9b88214e66cde77c7c7563ec867de6d8bd543cf9d597d54d693d0054a4
SELL,0.001,16.78,1728041777,Yes,0x7f56c0eb3e41fa5d2d35eed9c0973bc552f8f8e7aa99ca917901f672fdbaa4c9
SELL,0.001,258,1728041721,Yes,0x4dc8b079491c1f01b59c2b92efc8460937aeef74dbc3ce25f71321268e0db809
SELL,0.001,78.29,1728041715,Yes,0x7f20762d6581abba58b8035b1cdbfb9046efa954f1cd1efc02cc7295d4e391ff
SELL,0.001,40.51,1728041611,Yes,0x09d3455739f37a964df3d146801a401d171e60de27930f26784511e5e0e58b83
SELL,0.001,250,1728041521,Yes,0xf3fceaf8eb9d2e19495bc2954fceebd18202a8c8d94429e8d12005f28646e51e
SELL,0.001,750,1728041513,Yes,0x7967bfca583f3e138817b587e4a0b75acb23ac5805ef86295bab782cafbd2916
SELL,0.001,750,1728041497,Yes,0x9d37b2ba5b72418440647ac28ea521a95cbac8732146ad34edd1d5cd25d382b5
SELL,0.001,750,1728041485,Yes,0xb1e3efe757829ef82a1d309445264ed0c3136ce1a63b60c9580733134d7ffa35
BUY,0.002,258,1728041437,Yes,0xd7f61078e9aca7d3ee1f5920a97da4ac7c2ce2109a1a8028f76d6714c8fa2522
SELL,0.998,1000.8,1728041383,No,0xab83605c6f5a0da81ad91c1f508ed26ad536663f26ca5c0912e5a03fffe302ce
BUY,0.999,1000.8,1728041375,No,0x24cb8a1943e8fc47a264b8eaa34e07e0770e62e50bb58ec98c6c514b2eb04df0
SELL,0.001,113.48,1728041037,Yes,0x68bb6a73331de22a655213e3e3ae754613d9aa63f72eb016b1a8fb0f3796eb62
BUY,0.999,0.47,1728040609,No,0x6e278eca176fbde8f992214db6461d43c6cbf52d02812d2e7e25de0925226bae
SELL,0.001,505,1728039745,Yes,0x960430bff80b745cadc4b107800fc22d2c3e7e24122a8fd65397be4e7c7d3c49
BUY,0.002,347,1728039663,Yes,0x2108c2878ea1be94332d5b4febd648c6b93437096587865293972144ec345552
BUY,0.002,158,1728039599,Yes,0xbb40abc91466a79e7e4393e9e6d902e1e32cf4a885f28993f3a86b6647af1458
SELL,0.001,10,1728039381,Yes,0x306f5a45bdb9160d64ae391c2a4d9081cbee04f8119da35ef9f64157ef5a157e
SELL,0.001,47.78,1728039291,Yes,0xc75f55a35145dcbff938b8e9078a2196db2642db7396c291ea56ddaa12254ea8
BUY,0.999,0.1,1728039137,No,0xefe5837936227f1f775222afbd7b20015ac85d3af2ce4d10db786068b7c27cf1
SELL,0.001,5.06,1728039069,Yes,0xd2ef9f2c42e194e2eb9208ae57f3c5318a51a7a81d52022bfbd71713d9968905
SELL,0.001,499,1728038281,Yes,0xa417bcf7eedfd4e28dc90107c63a2a62da209bb31862fa26d569043487b49a57
BUY,0.002,300,1728038239,Yes,0x9b5bd8dbeb199f18b0a4d68df8a1635c9b2ce63f6c77137474b969c5298b8719
BUY,0.002,199,1728038187,Yes,0x942417a286d6457198449291c502919203f5265a4b8ebac41ea1f36d145012b4
SELL,0.001,6.07,1728038161,Yes,0x1c6eb102d5fa743e6ead56773849980014d5f793f7db3104beae73b0213440bf
SELL,0.001,10.22,1728037871,Yes,0x6e14e3a51a7001d4b4c6d9a5a10bf8973fe5233a4722ae7641f3ef2784168231
BUY,0.999,0.1,1728037755,No,0x0da3950c27f2c8b5e7854cc55e06f72842e3c138b2018ecd998529f03fd85501
SELL,0.001,26.32,1728037683,Yes,0x28cf9c145ad7379bb307216d3262bff1b2b1e07e73899079ba7d026a3c09cd13
SELL,0.001,49.02,1728037273,Yes,0x3e0f7ac5688bbdabdc9f718852892842a5ff9e79b6a4ae5d4afbf4116aa569f3
SELL,0.001,210.01,1728037071,Yes,0x3d459e951c5a44cfde248524f524a08201e0bb39a1a8965580036ed3bd704b2a
SELL,0.001,750,1728037051,Yes,0x90f6f7c40e007cad18a5ee1cbad99459cc1c79edeb58f8ba6ebc4731b33dd62b
SELL,0.998,45.64,1728037043,No,0xd032670ea55b015a7f54497023be8406b150c109aa9270dbf4f7a70fb7ab4072
SELL,0.998,49.86,1728037043,No,0x66053ad78b56c99c33a7ff0c79e13fb3aa85fcb5061a0ff20ca589b577bfd589
SELL,0.001,44.75,1728037031,Yes,0xab9e9fa645ab9486b6cf224e5f3e22958f0950a189dbf83f33514ceeac8556cc
BUY,0.999,49.86,1728037001,No,0xbf68eb8ff8b09cdd60b414157f0fe64ef030498747f7374cfee9e561b5557bcc
BUY,0.999,45.64,1728036995,No,0xe8b8b50dcc10487e54fe70d6287164295773478eaef325f783bb10d7367f5d40
SELL,0.001,10.13,1728036921,Yes,0x5e25147c2ffd1d2b4b8b362bc6ef0583a4f74bc7afa813252a81d82dd266363b
SELL,0.001,8.1,1728036835,Yes,0x9fe75c82d1debe8baa76372f01d7de1f904dc44eb9ccb938f22b7eba24fc5c72
BUY,0.999,190,1728036649,No,0xfa3da82820047cab6730c5e25560e2cefa3e33645bcbd637e27c72c13ec3eb43
BUY,0.999,190,1728036633,No,0xb35001d76c826660b51fbb599eee6648c8ac7da3c2e98d872a09783cb78abcd9
BUY,0.999,60.67,1728036627,No,0x52458240c072b758bf5cdd57f8d98705f12dff542eb8da206bb4875388918b35
BUY,0.999,0.1,1728036467,No,0x02770a0192b4b5d969ed60d9d07ff34290f05f8a7b96a4156ecd2ebbef4692dc
BUY,0.999,20.26,1728036253,No,0x748ff52647539716d007649661feafedbd3e4c3de5dee1143a60e2c2206815e3
BUY,0.999,18.24,1728036145,No,0x8fe64c139ece1f9f7500d586f451bf1dcfa5bad4dd1a5ae116713aac9475ca76
BUY,0.999,20.26,1728036017,No,0xcd6b4eeea1f0d232cc79ee1fc2a23fed3fbd4da8680d96bb71920521063585af
BUY,0.999,13.17,1728035985,No,0xf9ed80b05b4af46f011a33409a5900b997e0b186eff3f547f6b07eeb9713fa22
SELL,0.001,91.21,1728035983,Yes,0x7d0fecb1ca9adc35c7e7f224ff6f9b18a8c342938a97d50c03a452680345a33b
BUY,0.999,11.14,1728035983,No,0x4c0b73d31f92bb2d5ec3b1dee2d025ba87059db568b46bb8b93c88722d60e9d8
BUY,0.999,12.16,1728035981,No,0x2d33fca5844298424fe46f2a6f16679bf98b01b75174c54a9ea62e8501d5f1c4
BUY,0.999,14.18,1728035977,No,0x0f6a08cef917bc864d48e43a31ea7c80b45e12827ff97c0044735325fab9f2e9
BUY,0.999,16.21,1728035971,No,0x5e7b282f99b92f11abcd2bfabc770e053ff69dc4beaedb774f91c97c321c465a
BUY,0.999,14.18,1728035969,No,0xff143743d7792ebf1295790c77311902de53a69ad77a7e564cfc848715c11ee6
