side,price,size,timestamp,outcome,tx_hash
BUY,0.001,36200,1775694583,No,0x07482b1f7d3da8dc87600f7b3487a3f20a65aee804e9a8c4ea07f618aa07ede4
BUY,0.001,1000,1775694583,No,0xa27706685c80c147a4ea52af2b216ea646fe30f092f9375571d531832e04d8e1
BUY,0.001,1000,1775694531,No,0x2bbaa9da825478ac078ce953236b382c0af4d7578ddc9c1321a70e9bcb47da02
SELL,0.999,114.99,1775694529,Yes,0x5994f652a0608e6c306ee9a7aebee542a491d646f328d42c7ce1d9bfaa6c80ee
SELL,0.999,14.47,1775694523,Yes,0xab5852dd80be619f14bba1510ab7ce68630b43b10d5e93fe5cc9f15384442f7c
BUY,0.001,10000,1775694491,No,0xcb8e95e60190f236a1eb9b52bbcfe96dff969f5353e048f0754aa2144966da26
BUY,0.001,1910,1775694473,No,0x0a1b91e4c8a7e67c93767caad86e1403b6f1a76e6366f8bb7d7e920edb9c7d3f
BUY,0.001,15000,1775694451,No,0x0bdb0f29d11578812ca52125652a55eab6ba463aacc8aebe61d1147d16f9d60d
BUY,0.001,11440,1775694417,No,0x7fa998fecbcc3a271c711539149c7887cda2e000ceaf05e81e7b2fbdf5a979f3
SELL,0.999,12500,1775694417,Yes,0x91147511b5e9630f7e27b9890ed97ae20d7dfb8537f877e04c983eb453c47ef6
BUY,0.001,48250,1775694401,No,0x8d91903389cbd113435aee3551caaab3b06e8ca5ec07e7174460222ac7b988e7
SELL,0.999,22.67,1775694365,Yes,0xb0a2bf41fdb81e04013956d34bb17236fe0bf5c34572c2114d1e78713126fee6
BUY,0.001,1000,1775694361,No,0x25e519ec00b390ff8b1dd018f1e06235cd44e548b4772d1488986f6419e3ca57
SELL,0.999,0.59,1775694353,Yes,0x0017ee4c9fbfa2793900fba73d827edc851d01f173fd4a506aabca0ddf8f5983
SELL,0.999,590.09,1775694351,Yes,0xb7aea68806f2d2f8fdd2e2b4f1716fbd83dfabdb79625b7fd43bd662be7bedae
SELL,0.999,590.07,1775694351,Yes,0x4a97ef479e6702f3df586c310957d6c3832e7a0d8bc5ba5e82bba8e9a0048a7b
SELL,0.999,885.2,1775694351,Yes,0x61e5e1264601023b7c1be85bec66ebf6f82511af60e1c45d7bd7102ca82083ff
SELL,0.999,50000,1775694349,Yes,0x96fd37a33e413cde6cd18a8c5e57180106831c5ecb1e30b7dd6ca3ce249fa44a
SELL,0.999,0.36,1775694349,Yes,0x27987ce390d4f16f42e0838c965fbbbcc0472a3cd0b5923068b6d1a9d23522f8
SELL,0.999,1.71,1775694349,Yes,0x318b558fc65db607c78f3602ab32c229c5e47adfc1e43f352a21590ddbd33fe9
BUY,0.001,1000,1775694337,No,0xa05e0dbee416b3fd7dad853f1ea2267645480a721c6d541684f5ca0978a8f900
BUY,0.001,4000,1775694131,No,0xb8bb232b1017df54b3cfb26924b86b5169b068bb344c42ef850a8ca13a43bad4
BUY,0.001,10000,1775694103,No,0xfafed046d144cde6c8e20ab8759d14cf77ba0645275283df34baefd22b6f8450
BUY,0.001,1000,1775694045,No,0xc96e43e081c0a9e92f4474ef693b1025fc9241a28d7648156c2b02f84111f021
BUY,0.001,2000,1775694019,No,0x1487ef3436d9b0d895d73202fc7d3f2386c3f1dba441a28117dae75f088cabd2
BUY,0.001,10000,1775694017,No,0xfa80df383ee1a7281c847054b85e81fe0ef95b1c986752279d9092ef32c0437d
BUY,0.001,4000,1775693933,No,0x7d63486798e0a9600b450bdeda87c66c28f1a97c74ef00741e167c9706a29603
BUY,0.001,1000,1775693879,No,0xa8cf8a783d55c252b6d04aafa108cc8bb74e61f9414df789a1ca26f6bd8c0853
BUY,0.001,10000,1775693875,No,0xe677a1d36b97895a958b8fe2b8a4e8f3cb9d11e17bb7505a55bfdbb7fb8b211e
BUY,0.001,14970,1775693843,No,0xefe005387ea65c535c051d8494677cceb8446912579c048ce805fe28863fe2a7
BUY,0.001,100000,1775693809,No,0xb9b4a2423a1d076b642d7f4b30b18e92d0883545ff214ea54a8100376866437d
BUY,0.001,5000,1775693795,No,0x6129bfe692ce5718319c58969dcbdbd8bdf9f08838b1712a177eb195fbab231a
BUY,0.001,5000,1775693699,No,0x1b29a9a522d64b076db08f9be815d6eb003cd133c3f38915226ccd4297974dd3
SELL,0.999,16.01,1775693675,Yes,0x0fc40974d5e918fa6fb78cac7816413d19efa6f754f62b9c1e330993885870f5
BUY,0.001,10000,1775693665,No,0x1effd5f471fd33f3c5c180429fdd85dbac4ae97b4a1d6735bf6e4e8923004cdd
BUY,0.001,6770,1775693649,No,0x2ca2506652f902dd0c79893f1d8859fb22dd316d960a40a8d65ec4fbb6bb9d98
BUY,0.001,5950,1775693643,No,0x94962591126547b3117b6758125289f101d25a123a23b18b63baad437673976a
SELL,0.999,94.59,1775693633,Yes,0x545702dcfac48b675d0637b9b70c4f856b40f86d33b39f63b66c11d530bf89e7
SELL,0.999,38991.49,1775693629,Yes,0x5fb0bd1e44103702f193f7f6abd313ddc9c086b5f57a13f7b2ab5d668800215e
SELL,0.999,871053.24,1775693627,Yes,0xea7980bfad20a33a83ac4653cac936d8f7e0ab1e20a1652fe5d38b9774ec8332
BUY,0.001,1000,1775693603,No,0x8d80054083f10c011160b49f0c8597e0439e1a0b498b7127fc6a8ab00dc9600a
BUY,0.001,5000,1775693593,No,0x8107ed160c2961ef0ab59d76989848f8d7f33850c08b99772a19bc2c6da33852
SELL,0.999,100000,1775693593,Yes,0x5ea20c8eaecbcd79e7c1b633da78ae1b466cc55953e2b947fa7910af756fd5fe
BUY,0.001,17860,1775693581,No,0x290148711e4247331f5cbe1e438ff410d07aa35bdfd12d1fe097acd6ad44787a
BUY,0.001,10000,1775693577,No,0x501ca1569312ba2c8dfe99274c87d731a5add20d655602b9877ebd7cec76c819
BUY,0.001,5700,1775693535,No,0x7e5663161fa0f15a6877fef690366de1a0ad3f9a198d0ea13d043a4692e09c7f
BUY,0.001,7000,1775693505,No,0xb1ca1c4dee1482a342dcdd962e86c5c4fcfa0e9429d8be3524e8f75df2baf504
BUY,0.001,10000,1775693481,No,0x5bee34eaed40a2175cb92d940c336a75c81618f853da2a35c5fc4197952db755
BUY,0.001,10000,1775693477,No,0x82630955529acea0e2b5b92106945d127862ddca9048944ebc2bc3dd65971874
BUY,0.001,1000,1775693429,No,0x6b789299e8413f9501cc1def5a53ff31b1a20527af7f9a038d4bc9d7cd2a2905
BUY,0.001,5000,1775693415,No,0x72b3c2a62c4d459ef987bbe1a6ddf93b1209f280114286a566d72a1a62efe336
SELL,0.999,150,1775693385,Yes,0x7163fc6d4197763050256f74c840b633841c4bf394e8a8f7e1d01518de2fc0f8
BUY,0.001,10820,1775693369,No,0xe1ac81e7771bb75e952537c49238eb0bbe3d10a42a69ff0cd662fdf14093d010
BUY,0.001,10000,1775693335,No,0x80581a25496ad09ccad27677f1eaa1e8fcebe8031b1f2d4f79be63dcceb5b3ae
BUY,0.001,6000,1775693309,No,0xd3b3c44f68e441e3d0d6690290401b09b55ea36f665a7509626fcf09d16f5c58
BUY,0.001,20000,1775693301,No,0x3e80e69c627d9cdabf6ffcf013bf4200064e0d1ef902a9b1d81cfe6ce4bdb798
SELL,0.999,47.51,1775693281,Yes,0x8683bcaa7b3370971dfe93b3d75a4efd6dea8420aa39f4f4ac10c05c721aeee2
SELL,0.999,15.64,1775693271,Yes,0x4ba47b92f835f37f80b21ac985a9d7154c90f99c2f11eddaeed8ce201ce9429a
SELL,0.999,100000,1775693255,Yes,0xf22ede988e8525cb9faca07f57acb37640d674f2f24ae97be3e945d49f11ab49
BUY,0.001,1000,1775693205,No,0xcc444b02f78599a077328e8d822e04eabfdad342a767fa057e97ee681aa03cc2
SELL,0.999,4.54,1775693201,Yes,0xf09658c07e9c22ac31b515246efff3c628ecac088d39d267c412465f1b3e4090
SELL,0.999,50000,1775693197,Yes,0x4d3df7b51aac8691262781e9b5c52433c90377f8a7ce08f6ed92cc83e48350b1
SELL,0.999,87.8,1775693095,Yes,0xb5e91fb3431bc35aa2b16d6c26368a58a2064320c8f2f60ce7d4150009cf58d0
BUY,0.001,3000,1775693071,No,0x433f90cd4e2ae3a9885eb8b3c38f1be507db59120ba3ce94ef01fea0de615a45
BUY,0.001,5000,1775693051,No,0x6c3100342ea5f9df0d51ffc25a8f98817cd99c16c01c8e99e55a5b7dde79df11
BUY,0.001,10000,1775693031,No,0xc980cc3468ecbdad44d768bf064fa458713a2c9a3ada2198e13b0840dffebd52
BUY,0.001,11300,1775692999,No,0x00e8798cf2c565ea764b9c1cdce754520d5bf68ad2dacc5c38812ce5987a80d9
BUY,0.001,5000,1775692995,No,0x844e2609b80e6fab18d83b90f7d829ff67d5fceee474a1fa87152b8037f5b55d
BUY,0.001,10000,1775692893,No,0x95275c8e00a8ea894e49aa783a9c504f0045f33e61121a61bd18a348424d17c6
BUY,0.001,3000,1775692883,No,0x5a033cd6d5bae01fc5c7eaf96e6f11ecd70a8ae7fc898cf76b56a1863d7f4fc0
BUY,0.001,10000,1775692867,No,0x1bb49c66449168145b831b1ba046c6f27336687eb3a9d2b3321536a06ecd6d37
BUY,0.001,1000,1775692861,No,0xbc830f736576b3de39f8fad0ba7415fa172d21da06621cf03249d77f2808a3b6
BUY,0.001,34390,1775692843,No,0xe26cb8d8e5da4f112e505a265aaeffaafb0a5a35d6ac7edf47207d85d524db88
BUY,0.001,1000,1775692841,No,0x1ebc8a0a86ab93918e5b45ef3017540d748a0910eeb034f8eaf721afd177e717
BUY,0.001,1000,1775692823,No,0xbbc3bc8cf4fa29ecc54cb4f113e9dfb6c7605f928d8d37db8fdb51e85dd3515d
BUY,0.001,1000,1775692817,No,0x20c4d94da8a1a7764a7805b6953abe7ee315a26414896427105a181297eb5d25
BUY,0.001,1000,1775692759,No,0xa8244dfb7eca34b4c7311f19fe196df41772e1ba3eb40dc8c5d0edadf8f3b2f6
BUY,0.001,100000,1775692721,No,0xd30c955f9db54c9a41d0085d4ca4e9db14ce8ef4722b20d1c808a546fbb27362
BUY,0.001,20000,1775692705,No,0x0d131245699324ef9f31f49792951dbc3dafedff2d283fc87b897f625f7a1324
BUY,0.001,17840,1775692609,No,0xea362a8ba17dafab5521e68be3e20367a5753292d5c6583d4933c0ebb1d4c7d3
BUY,0.001,3000,1775692565,No,0xfc7bcf973e2d254d6be8b5ff1d81af4774edf864fad47f423fd6fbb02073506e
BUY,0.001,5000,1775692563,No,0x492cfc334511ab936648b0e15a4e88478a5eb343b6f38d653761f30dea4abec9
BUY,0.001,1000,1775692551,No,0x7ab5dbd5cd90752157389c1c2fa6a3007cd6ff8b0666a30949833655acec7fc1
BUY,0.001,1000,1775692521,No,0x5e6357a4f4c25743f273b541431d8b649db6c2b3648ddc0f416dc2228ca3625e
BUY,0.001,3000,1775692445,No,0x2cce56182d10f612d2538e2560d93200ce3f1521ccb38e5436ab1be6172826bf
BUY,0.001,5000,1775692411,No,0x44360f45b50b8234523c7c3bdd98c74854d782b62f081424d4e4969ab4c0b14a
BUY,0.001,6050,1775692403,No,0x6d9e3bd4ff25fcb13a001c4e232ac579be6f1cf544e6ac26e4869aef50069031
BUY,0.001,15000,1775692387,No,0xa187ad069bd25902a96610f7b29317a741908c92ebe3d4e3a79d60659a2c9200
SELL,0.999,1,1775692355,Yes,0x6973fc94edd3ee2b79672a36cfdcb7823e13f3e1d966dc607be3df5eb8ce8744
BUY,0.001,13330,1775692219,No,0xc8fa6be71fedc8d894940f73ae637e110a822c9be3dd969f368ba2a6919a6c27
BUY,0.001,9770,1775692159,No,0x9c94b8778376bf36c7d3bb8ee321854b77d71534b66ca1302d8fcdd1493ca869
BUY,0.001,8940,1775692119,No,0x2f2250af0c7566cf5c7437d8ded94d0588664145494877fa26d313336f52dbd8
SELL,0.999,4999.99,1775692041,Yes,0x92680f69df0803683e0511d6c2e57429560b7b143b29e8295d3ce265587d089b
BUY,0.001,10100,1775692015,No,0x318e20b9b6b580c45c85f6073fde4ad9f56f9c04aaa8582c058bcbc24558c0db
BUY,0.001,1000,1775691967,No,0x9b7f088a2314a1b2ee7aeb1431e9ba33c8aa258c479c760ee95bf1772084b7cd
SELL,0.999,9.25,1775691965,Yes,0xcd16381b50a9ca41a9fe911299a0348a9f29253b9e5911893bee87f371029ed3
BUY,0.001,49820,1775691937,No,0x5f0329dad1290d92377340e828cb5f4764bbb16ec3fbdd3786ab72c84d167288
BUY,0.001,4850,1775691883,No,0xe30cec23e4d9f4f2ae08dc6db8751c010c932d21ee9e7a117628d3450c4bb31a
BUY,0.001,14170,1775691871,No,0xc39b6160f605a9ad0f7b982d12baa1071b626271c0ee9e2f497804af11a6e783
BUY,0.001,3000,1775691855,No,0x1f754b6b064d2781ddd4a3ec31bdc89016419421d650068a8946b20899ebe45a
BUY,0.001,1000,1775691825,No,0x4b97dfffeefae695cc319e463285ee6bea63fc5f1c063850b4d5b7754e0dc88e
BUY,0.001,18000,1775691793,No,0x11fc1749e884d4a30d31a0f9092f52d28720c9ff03506a14775a1f733b31aecc
BUY,0.001,28000,1775691765,No,0xc9de84339c98a2246c9f860da1357222343da9b190ad67b8a6e514e80e337b79
BUY,0.001,1000,1775691619,No,0x811f2d9aa687f92b8d65ae39094463313db01de8b69111dfb7d899ea71f1af8f
BUY,0.001,10000,1775691601,No,0xdac47eb69d7b7c6c7dc3deae782e15eecec7632320f1a5324e25369ce0431fdd
BUY,0.001,15000,1775691593,No,0x1ca75d0d53e343082860d2436d9ef6095bbb652039103e15267800d69d23f03e
BUY,0.001,4460,1775691561,No,0xc9d20107f2863dc430ec32e43df29df67121ab03c9c058e9e5ee4d5dfebea730
SELL,0.999,4667.16,1775691559,Yes,0x51746b775f59bf4775d941153df1c7a4b8d0f24ddd65f4db93e984a6f64482bd
BUY,0.001,10000,1775691539,No,0x2a252383cd7ffaa3962594d3c642b460590fbff335c006acd36a53d1ad11619d
BUY,0.001,2000,1775691525,No,0x5408b81bdf3ff07bf6b2cd80942a32cf3b8f0c54491f5d0d47be39dbe934e9bd
BUY,0.001,20000,1775691485,No,0xf2ca5bac56ea4e11b65be5809868ead85d5a1bd1bd6f202069b5e438197c6cbb
BUY,0.001,32420,1775691443,No,0xc199095564f5a2fdc2c9a2ce176da13e0dd2e098153a459ea26490e436f8aa62
BUY,0.001,30530,1775691417,No,0xd7f47028f80947ecf64c83063dbdcdc8858d230f42624de566e6290162a51ee4
BUY,0.001,3000,1775691411,No,0x9708a4c443e7d93eba1f778958099b18c2481cb002974c1118a13fc6ae4f0c4e
BUY,0.001,10000,1775691385,No,0xb9ae54748cc971145ea77f43955b24074f190abe1baf912aefbf670bedde964e
BUY,0.001,1000,1775691365,No,0xa073f220714ac13e0934c53cb1f016910621a864568de29083b006aa6ae9bb0f
BUY,0.001,17000,1775691311,No,0xa0a315431bf0d85cccdaabe22477ecfc46af59312a2e4ab43f08588b602d67af
BUY,0.001,5000,1775691301,No,0x1a9a966fe5701cb3ad94168494253c0d2234f61926de50187f3cf719de9cd4f7
BUY,0.001,1300,1775691295,No,0xfdd300684deac4808f9d9e30f601a5115d5a04da156fbc7584cce6ca82daee33
BUY,0.001,2000,1775691281,No,0xa03b64922fbacf0e0f48252ee3354e159f28ea8b4177b4c535a3edb97506cb5f
BUY,0.001,10000,1775691263,No,0x0c6ebf12d0b784071192d2378b135c5a2ddbe0be4b1e9c69bc57644bf8e7252c
BUY,0.001,5000,1775691127,No,0xc90547b04bdbbc9457367668871e66c499b1cfb45322b66db10e26b1ebe3c5cd
BUY,0.001,20000,1775691101,No,0x56bcc1e51f1917aef41b4ee758909f4814eefdecff376ed710e804cffc00888c
BUY,0.001,109570,1775691097,No,0x13cdcfac379a689bb626118a37c77fd664cba96b040cf53905c92ff1f1aca363
BUY,0.001,17910,1775691047,No,0x7afa8cfb891ca47f2eaa8abb83729027f369330862167a0a7a276541d8865ee2
BUY,0.001,3000,1775691021,No,0x80ac7f53778b07f4bc1050ceed4359d099ccb40b61c622c1e8c84af97cb2b495
BUY,0.999,1128797.8,1775690979,Yes,0xf28ad3898bb33c1920504097b1a7d1683c1864e3e261e16bbde70f0fbff51d6d
BUY,0.002,5000,1775690965,No,0xeb78bdcefae67e619aa749a010df74b48ade439f8e8c85531799ebd560964650
BUY,0.002,31080,1775690957,No,0x6ff25e1b574d73b2c78b0edb0ae6932627b97f1f20f2e7586e3aef80620918da
BUY,0.002,21500,1775690933,No,0x82f32dedc04e1ce00f77f42e6d4fde933b4baf9dc8e4daf6a2381079149fac68
BUY,0.002,50000,1775690885,No,0x3494c105be21cf29c75c39bc05bd26d597e2b4f433856f6f22cc0a90e32340b1
BUY,0.002,7500,1775690877,No,0xee6fc74ccaddb5e69871fae53deba3fadb4ae5627ebe756dad755263a780e94c
BUY,0.002,2000,1775690743,No,0xacfee7d306d9bdd63504eae6ffb80d549aa47e566e52d710528a19b43f900ee1
BUY,0.002,10000,1775690739,No,0xf50d0fcb32c78b4ad2dfbe7399cc3fc8b4c325fa36fe2f2d558225a7c99f08ca
BUY,0.999,21.83,1775690573,Yes,0x93de72cdb133e9ee24ebdd189bc87ac2b29b6eb684330ed2497b6a7cdb114977
BUY,0.999,2.002,1775690565,Yes,0x3af0ca58a1e960bda9798437a75ae54cef85096171fa12240f65b7368b349703
BUY,0.999,48000,1775690529,Yes,0x3e3727653b75acbaf4996c037162cda3f8cfc0cd37f805674f13fc36c191fea6
BUY,0.002,150000,1775690523,No,0xf21b0564c8aadd9c388c3f80ac96009456e27d76d76ba93a6d1467c2030991c2
BUY,0.002,3725,1775690455,No,0x9661e382848c5aa122e7ee6fa9f446a6597ee0dbae5f4062baf089d6de8c943d
BUY,0.002,7500,1775690437,No,0xdea0d68f9c95feab251420353d28b63913d82af3df6a03d80fd5252046774382
BUY,0.002,5000,1775690369,No,0x998fbb79249ef33cce7a1830b06859dc67ae9084db31a21348751b805c95bd67
BUY,0.002,5000,1775690355,No,0x45c8185c86e652289bb928012c495958d65f1fc5b4bc5397e5b1423fcb0323e6
BUY,0.002,10115,1775690313,No,0x20668fc2073ef6e4cde4df5e5b92b5c0febc8e6bd356201b9f050efa3da80199
BUY,0.002,150000,1775690253,No,0xa84c3f1cb1eb6178373ff022626ed082a2f0179399f6b2ba8764597140ddf18e
BUY,0.002,500,1775690217,No,0x7bb14aa23417a01cd37864af053e843bfc710ea322a2e69336ce70e847111b5e
BUY,0.002,5410,1775690195,No,0x6ce737d87f4bc3e1aa61c49b40474d8dd5346816df1e985541506f28203044eb
BUY,0.002,2500,1775690115,No,0x3c8f76c974c2b270dde0bca86ddf3280b8a40c0dbc89257490a2d6900ef8fc0a
SELL,0.001,25000,1775690111,No,0x5a619bc0b4d041834be3eca2f034dba2bd560552291cdca9090673f1ddf635a9
BUY,0.002,915,1775690103,No,0xed83c28f9562e806b7ac6de780cbd36eb32ebd6a5405cea26bafa661c2d635b9
BUY,0.002,159000,1775690059,No,0x18d0f8669743474d5af548637d49b9d7a2a3900d3cee3654e813e8dd9378b4f1
BUY,0.002,99500,1775690033,No,0xf4e1efd49ec43e883bb1340b8743dda3960c348c883fb0f1c5120058fc77eda8
BUY,0.002,500,1775689979,No,0xa666649ea5e6827c0a82333feb03e9be458abdaead77a9df88eba3d2dc37d68a
BUY,0.002,4500,1775689959,No,0x1253afb10184416d8ddd6c7913f6d4df2aa1d6489855bc2a65dac69351dbde43
BUY,0.002,1050,1775689959,No,0x7c64033023cae7265f8cd9c3ff983844bab8936251256662b7a5dc26b09cd98e
BUY,0.002,1000,1775689903,No,0xc45a9109977518d9e5ae993259d0ec26ed0a445c2ccf1fe494f065a065abb418
BUY,0.002,1245,1775689895,No,0xaaf7a034d7fb0fadac124b3c373d1bbe3963e2d538801a52fb676b5b88d163fd
BUY,0.002,1000,1775689861,No,0xe18d1f1afbaebf46777e88cafc88aeb4056713004c04a835b4f27e20917159bc
BUY,0.002,1000,1775689861,No,0x7038128b25d0b37e60bc5d3945f870f2dfbcd3213d8d09847ffd98d9b5e9dce6
SELL,0.998,46.64,1775689835,Yes,0x1ab561c144bc425b20f42616d72a60211d2f0ec61b98d0f604b4718452ee145e
BUY,0.002,500,1775689823,No,0xeaf356517a9400334a7a00bbbf691108058e497ee74ffd9b4479ed61806b6525
BUY,0.002,22360,1775689793,No,0xeb446fc70b22bf637af21cfed9f88b63cbf56301a9434d38a402f2a43aea235f
SELL,0.998,1.78,1775689775,Yes,0xb22b94ec3b55cff067b77509e580fca7273338e2673588347983e684317940f9
BUY,0.002,4845,1775689677,No,0x91243e166fb57a2ef86cd2492d2524e3f96f73dd6efedc9ef6233217a326965a
SELL,0.001,9999.86,1775689669,No,0x00b4983a2c21a8897b554b65179859975e3304e8a7150bf4773a685a6f598d8a
SELL,0.998,250,1775689655,Yes,0x27eb12c910eff3d9bf5303f4effcb876e0365a1b770041db178b9ce88255962a
BUY,0.002,500,1775689639,No,0x1f61c0196c8741b538c0bad738bf3b22bb7461ec3dc1f3ed239d5ec5e65c07af
BUY,0.002,16000,1775689633,No,0xc1d8606407f00c18905ff90660c8e89289280a5eb9f4a9a290edaa144e2a8114
BUY,0.002,500,1775689503,No,0x66d434b3213bcbca8dc70e680c36a137b66e6fee86e114fd51ac45d55e655a20
BUY,0.002,750,1775689419,No,0xa930209e26393f7a8c1253ee6be0e90567282cdf55be2c5132da4b2c9ff1061b
BUY,0.002,1000,1775689405,No,0x416dde9e2e2848d5356b93686812f55e1efb304f1e56002f936efdc1a9a5f121
SELL,0.001,1000,1775689401,No,0x25f2502361af33e06a500edb8a6e8320e7b97171cfc35cf0e1e3f34fda15b78f
BUY,0.002,15000,1775689399,No,0xfeb0049306be55f35ababd78e367fd1e7da8be03a93a1cccab6ffa1063f1f14a
BUY,0.002,715,1775689391,No,0x508a732072b0219c9bed33e1b19a58f7891861d059acd0c12bc16536de0d975a
SELL,0.001,36000,1775689369,No,0xd04866f823d70415402314ecbd40454fe0292b72a1c2605078e9dfefb5eaa5ce
BUY,0.002,500,1775689333,No,0x98258daf435cda0f0617b4b47ed71e5ef76e01a810e4998b0ceddf56d5ce8888
BUY,0.002,25000,1775689323,No,0x3c238ffc9338f9247b86b9df33f25c4eeec2ae06ee92777deb97b7d264bceaf7
BUY,0.002,1000,1775689261,No,0xf0eb2857cdd27ddf6867469f3a521f30a0bd676b2aeef9d185b2e4890ccb4793
BUY,0.002,2500,1775689225,No,0xb146a7a38f0f052854533a8a3b34064e2fc32bccb3118b6dee1c70a42e0eb569
SELL,0.001,1470,1775689197,No,0xda80ca805cc4cfbbc85cc7ad149ae922eb68fe2b2f812680ecd556b2fdbae2b5
BUY,0.002,41500,1775689089,No,0x2731347a2ff39cb5de67e5c5618994961135cf0abafd15ad5fc9f4829608ebf5
BUY,0.002,2500,1775689063,No,0xbb5a57c3e3ded0448ae9c439c1a6ae97eb684ab7f7066de3f96b8a5ba83ebcdb
SELL,0.998,21.96,1775689045,Yes,0x786ac38f956083b837ef629986694df846707e3685ddbe4ba8dcfd960d23760d
BUY,0.002,25000,1775689033,No,0x036043971dda16de672fa2912fc67813e2d07f4b29015fd0f6162a838344480e
BUY,0.002,500,1775689025,No,0xae6ea8ab58a0ff8f1f3ec541c5e3ab2382dcf0a0b333c77e18b534c31a1a0ea8
SELL,0.998,50.05,1775688973,Yes,0x23cbc7b7be04bae864a4cf09cd500acf841bce1cf3418c4aeba33491c6f2827a
BUY,0.002,2000,1775688961,No,0x0af4b9ce1a2d1e94da639210d4cec701defc0c20b9b08a59fe4a979526485572
BUY,0.002,9500,1775688961,No,0x6dd71019d543707a2b31d7a69f95410d91211014e7a612a3942308a2c5f3e720
BUY,0.002,1000,1775688927,No,0xcb65a49d7bea3a4da0cb1fe353e5406cee3168fc2c81da112b45d0bb479a97ec
BUY,0.002,4440,1775688911,No,0xa1bb4451206fbbc6dbc4c972861c48cf650f5c65dacc9120248f3be417ae8821
BUY,0.002,2500,1775688911,No,0xf1d7533d63191da7896e970d8609eb47f0dbbac26147c8a87279b6e920922851
SELL,0.998,23.21,1775688911,Yes,0xadcbd2a9aff649942be8cc4ad7f40b9d5ae41178f74275efd1d17b7e173a41e1
BUY,0.002,4000,1775688909,No,0x30d68cd3b96dc88ea29e1cc4d724c504248e8abefff733269bf3b1b63c58180e
BUY,0.002,5000,1775688889,No,0x2cf404ab03ec2a092cdf48c2231cc8caaf260a0a6d816f51ada61499b92344c4
BUY,0.002,5000,1775688863,No,0xe9768a9ae5be1eacff0ef5c70b70b99f0db2218373ed3c0d55fa6d72e83959aa
BUY,0.002,6000,1775688841,No,0x15cefebfce2c72b972513ad005a6c73e3120a54bad307ea0e1f29d574ad37812
BUY,0.002,6000,1775688831,No,0x00ab6697e8c0309934813710ddc8bd8fafd346ab45e4dd6561e1ef055ca89057
SELL,0.001,990,1775688741,No,0xf77b342c46a075054c808ff1c824306acddb295c15eb9e25c7eef0c1ce5da2f0
SELL,0.001,31500,1775688641,No,0x3929ebb2e79bdcbdafd9aab6fc26c39aed14f9c1d9e713061772cfda12dd8f11
BUY,0.999,4.004,1775688621,Yes,0x23ca8ccb9272ba844d7810b85e48de0c535012fafa36b76ce6ba5cf468d59c33
SELL,0.998,1,1775688595,Yes,0xe5348d2330a854288dd1ebe4180ad82dabfe76107855eb38101ff411097f6d12
BUY,0.002,2500,1775688589,No,0xd90206eccd7d33365dc8d8f9e743940c7da444b47ec6c4adada286303e6cfbcc
BUY,0.999,1.001,1775688379,Yes,0xbcd8257a17f1d0009e1a75c0ea9f2698233ccc5efc5746cdf1d9e29695120b1b
BUY,0.999,72898.63,1775688347,Yes,0xf29a5ad56747192c9c3a2b9621129bc1f515e569cbaf480bda5bc5eab4652d87
BUY,0.999,4.994,1775688345,Yes,0xca76dbc606d767584d4600c13f69421f6dc8c2287c60420a3c985e925fca35fc
BUY,0.999,4.994,1775688345,Yes,0xff310ba7b77f51bc44af5ef241597d1da31ddff6759fe2aaae3afbed75577c7e
BUY,0.999,4.994,1775688345,Yes,0xd906e44b7b37a0c14e4ac7c91681f9f0c238b396513fbf53e9a0e06b3413f95a
BUY,0.999,76570.01,1775688339,Yes,0xacd91830051ae3a16940dd19279f28b9099619a0b90ddc027bd128b15995c1e9
BUY,0.999,66920.23,1775688333,Yes,0xcc77c1e848ecff163f7faf19ac1f5e217f5610086bd78b2e217287c6e464feca
SELL,0.001,833.34,1775688327,No,0x27f6305dafe7484079122919c5bca5e55cc08ee8db4b7e1118d5b6366da15f1d
SELL,0.998,8.62,1775688285,Yes,0x540d8defcb82c78ba888140c11569a1dc0fe51647a6cdfe047b18af5147837c6
BUY,0.002,1000,1775688245,No,0x27294686a3aeb1881ead0c90dd5ad3caca68685ed53f627a546d6cd621d463b2
BUY,0.002,50000,1775688233,No,0x179bd6949ffa8671b515a3a8323a2c85c28e2a70e3e69ec92687fd7e312bf391
BUY,0.002,500,1775688203,No,0xca13e561a7848e2ededec6ae8adcca997bbf0f6f81da9997c385d4391a52c1c8
SELL,0.998,3.1,1775688115,Yes,0x3ba77ee11318864b0fd85ab9f30744952be1f644c316cc5e9784fdfa2ecf490a
BUY,0.002,50000,1775688097,No,0xacdea39b33b242138f3d93560e56127a2f74b94bff17dcc9c2449a5841040d21
SELL,0.001,765,1775687945,No,0x69d5d7cf9998b184b32a584a94236145ea848b4b46ecf3749b67c97b3934a879
BUY,0.002,500,1775687889,No,0x25e5efbbe90424110d1dc9660ebc237045480018cca30df66117ed1402071197
BUY,0.002,24000,1775687869,No,0x8ab7b5eadf1712caa79628f6ec9403fced1eaef002fbd81620ad6bebae7b1f9c
BUY,0.002,5000,1775687847,No,0x62f085df406d872c135602b2285499868a37f1a002a7ec4b713967aa3b76dd7b
BUY,0.002,5500,1775687845,No,0x62404db4aafc6cb9ce29e04f69ee0ef3b43627783d1bf41eede972446535ffe6
BUY,0.002,4985,1775687831,No,0xda53c9ac714657b5b0897a9c688dc27910803818c552a8181a80392d9cf82f93
BUY,0.002,1000,1775687827,No,0xb07f5cf20aef68bb8575bda6c76d96a7ee096d4e3203f16b17d5e993cb935808
SELL,0.001,33333.33,1775687789,No,0xb56334cdd80495d77bead7e5976328a579fdd2b64811a081e7ce711f707b8ebe
BUY,0.002,12000,1775687773,No,0x3500d0facbdd29ba6089751dfb26c2064da134ec16ed7f7a8cd275adff32b3f6
BUY,0.002,7500,1775687719,No,0xc0a4b46d4e0bb653a75a410643024d4fca47c1d7bac233c441fbec8fadecf28f
BUY,0.002,52000,1775687649,No,0x5df45d27fbb12d1a1c29411645a46d21174e8fbdc4a7317d1f05844416c7c126
BUY,0.002,500,1775687587,No,0x11b76de140102d854e3b04bce26a01259a80350d00226b59b4c5173a94033863
BUY,0.002,20000,1775687475,No,0xd41a5502f159ef6b6862650b1bf2971b4405bb78891d2b20d10c7240e61fca84
BUY,0.002,48000,1775687445,No,0xab72a88d4c15e2599f8d28198c3d7c73474d919cf6840d726c3c0f22dc80418e
BUY,0.002,500,1775687331,No,0x3c007b4d0f834e6e1b1bcdc011df1b5280ee8e9e92d7a91e2abedf4020c9177c
SELL,0.998,27,1775687247,Yes,0x9faf0b0e304e7c7fa79e443d017f03df9a00dc00723e41492264f642f555eb7f
BUY,0.002,19915,1775687199,No,0x50bca3871148c1ad8b7d4e6ce16aa268edf71da7ab094185ed851f1f1b586a6a
BUY,0.002,1000,1775687187,No,0x8e70f0a73c6a93bb3e7e8e6a569269b887138fdbfbc0790aa81ed7e77138a16a
BUY,0.002,500,1775687041,No,0xc000f15597bff6a91b18d884894411ea636c516fd75098f89df7b20f70e006d4
SELL,0.998,1886.79,1775687019,Yes,0x22b06115ed20f6d3022e91bde343ace6ba4d7904f1843527c3fbc87c74b060e3
BUY,0.002,2595,1775687011,No,0x260bcce07c8eaceef0e3b2f452eebcfe67d57b4ad8be8e13d038ec26271580eb
BUY,0.002,12725,1775686993,No,0xf5f44087cb991f5018a4af3cbfd4b63e88c8bf8f145162a5e5b7a5dca6f31c7e
BUY,0.002,100000,1775686991,No,0x0e872859bb1dc690ed944a6de973cd1d26711cdd9a804ee47714f0e3b6d80e9e
BUY,0.002,12500,1775686987,No,0x524d9bccce05c4028b107eaa6b35f7c78311b3b213a50c320965e98adf35465a
BUY,0.002,500,1775686953,No,0x11638d875c9a57986bba21c8942ae47d258f6d174f06f2c16685a7a959d0fca5
SELL,0.998,1000,1775686931,Yes,0x376c46b3cfeb81432872cb51298319e829067e620fdd1816f75c9a8b8bb5680f
BUY,0.002,600,1775686919,No,0x36d8d6dcf0d48db7996297067ef6dee703ad23b22036d6935d53022eb10afffc
BUY,0.002,1000,1775686917,No,0x5a2287dd9289afb0c4a2a15bba24423e4ab19b01e17350c7646a995f6f2c6462
BUY,0.002,5500,1775686905,No,0x3c1275c30e2957d0f765aa0e549463966a08a3c2c7b893c8691ac77dbcfc7ac3
BUY,0.002,4000,1775686901,No,0x1f3859b364ace859f4ae946cb6ef11cfd683b5091d9092410731a8008b0fca63
BUY,0.002,1500,1775686881,No,0x76a2ebf051a5bae265a779ed94ceae6fbe96ce6eacf04cf94ad9d8dde23cbaf5
BUY,0.002,2425,1775686657,No,0xa0d59deb7670600dfa6204742add23d218937d3dd138358d7106599ffb308f43
BUY,0.002,69500,1775686657,No,0xbf57281e927d2f83b2d3e71750cb6278c769c371340059de118379ecbe467443
BUY,0.002,7000,1775686583,No,0x6cf700a9d0123f07f41d9954659a989724ad3e2097c2132fc43daa0c92a5d840
SELL,0.998,16.94,1775686541,Yes,0x729a7fccdbd286144122926c97ffa10442fc35b66ba6786032e8d6278b5d0996
BUY,0.002,5000,1775686465,No,0x2820e6cdbf7790f84bb37c1bf8b9ce5d09eb9a0359b9b02b49aa7a933a891c86
BUY,0.002,1000,1775686353,No,0x0746724bfc41d0b66adfaccc77cf64b1ed92d1881dd0612806782a7f9020f142
BUY,0.002,1000,1775686353,No,0x439c8dc42a3b0a5878db8cbc873f98a61bb28f7596458ec14a9468de08ca3fe4
BUY,0.002,1000,1775686353,No,0x562099fc74ed5d054ba2652262f553cbb283ab8f78b99102e742c22429ac626f
BUY,0.002,10000,1775686307,No,0xae8dfb9fd6ae11e6150bb408cbeacf68353e19edda95697ebda5ebb06d113cc1
BUY,0.002,3000,1775686307,No,0x346dd9e9c7a9805e384c652a9787b00211289231ab4e89fa54163334e08b1312
SELL,0.998,29.41,1775686281,Yes,0x5f434c75501a5d87bcca0c0e0a99e8d1cb57753ab1b8b914bc95be1baf2005cc
SELL,0.998,5000,1775686255,Yes,0x7a0aa238b3fdaedebab9c0e1e5fe77fa68866e976a6b4adf7c5fb939acb32140
SELL,0.998,16.09,1775686203,Yes,0xbdd31485b02d4f106fc33707e66809370ddd879c9f04d531f17e652fd601400c
BUY,0.002,5000,1775686189,No,0xeb8c2cc0339c937954609e4fbd5797da834d8a3f6e6e4d295dc75000dc9a5eb1
SELL,0.001,2000,1775686167,No,0x40d420bd9fc46299f26809f7207b6e101389643981bf2feaa23565e4642edfee
BUY,0.002,2500,1775686159,No,0xac1926d2ccf5ac356205192b4f58669d065c8c6751619b26c660b8982a4fb66d
SELL,0.001,6119.83,1775686119,No,0x830d25676c4308e24588e061f0b2f425dd59cd4a247be34f21bf250158bd5bac
BUY,0.002,4500,1775686065,No,0x382fc79c68d00208b7a19df68ae93031af66a8733eb694dc5fee19dda208060a
BUY,0.002,25000,1775686055,No,0xa2a752cdcf61ecfbf22149164c5bce6be921706452bf9f9dad9673dc6ca42bd6
BUY,0.002,500,1775685991,No,0x7705f8533b6115046e687b07e18bd2f0f3d7b63d59d3c81c8dfd768e43a2e4e1
SELL,0.998,7.93,1775685977,Yes,0x1673243264e5e29b2d637c33c7cca13e6c34bf8bf92d2318e31dbb401705f7c7
SELL,0.001,108.69,1775685945,No,0xa15ca61f995034d1990788ec316d16550b6f3aa6d02c415c3dbc09c4613dc925
BUY,0.002,5000,1775685923,No,0xa9d702df92fade323491ed527acf2cd5c8c8964d6b6a0a4baf50f4fb24a0d37f
BUY,0.002,59500,1775685919,No,0xbc596aece74ed81c0702c695e627d594264cf373c2c6404629d1cbe2f073b9f4
SELL,0.998,16.94,1775685855,Yes,0xe969bc62b7c7df8aa96b35e055df27d473a75cbf25de31a6c6ac2a5ffa9b62d7
BUY,0.002,1500,1775685833,No,0x9129b1816db4cec69f2ef9a3d95bb9535181bbf48f281f9751dc293243ad7231
BUY,0.002,6000,1775685793,No,0x216b2ae6c803891f9408353827127904804591e49075434677cac89acf22cf4a
BUY,0.002,5000,1775685695,No,0x68570e68920cc061f4d22a8c0154233b1c607db425bc40580596ca3d105a4f6e
SELL,0.998,500,1775685695,Yes,0x4142943cc6335162f758aab0a9df90b17450b3ba53b606d2030f30f0ce16b2ec
BUY,0.002,1575,1775685683,No,0x4d5cb24a34abf5f9e5efd81f16c5c561d2121013735f5726078755579730b0b3
BUY,0.002,39995,1775685635,No,0x48256132cbc93afd7b18b8dd7a58a7543f3c9f910b7a5f4e6351b66f2cef9018
BUY,0.002,25000,1775685625,No,0x5c6e26a42432f26fe8a665c82fe96f11531e6cbcaf87d8b5a2763618ae160591
BUY,0.002,500,1775685615,No,0x2432793287215aa4ebe550adafc74f5fd0b60d93f1ef9f5f050ef893374b4946
BUY,0.002,2500,1775685545,No,0x361cf2b775d5cbd8596dd11eb70afaef13ec93b780308c4254758a1b027285d2
SELL,0.998,375,1775685515,Yes,0xff9b1f1e7c2479626877f5015419733e47bda89195c22ef77d336667ad634e4a
BUY,0.002,50000,1775685491,No,0x67be24d08b9574ff18817f460e8f8fdce3b64f273416301ddb81103ccbfe2c3f
BUY,0.002,5000,1775685491,No,0xcfd37f7e8f6de8d0ba9014a889fd8e835b887a30d325cbe7f01b207a8d144352
BUY,0.002,250000,1775685485,No,0x150115492b3222f87ce4bac94e06cc3d31d24e4d1daeea31585306e5217e0a50
BUY,0.002,500,1775685477,No,0xa6bc3fc469ae4b3fe48260dec53bdcf653a01dc01d70a955a26f4490b353e00c
BUY,0.002,6500,1775685423,No,0x7e0499321a5259afdfe49827065fe78848cd79bc5dea51aaf97abd3c319bc6d7
BUY,0.002,1000,1775685421,No,0xaf9fc5b61ecfde06a98a282629497a81d40a18cf64f37e8c0c008529c4cda8a2
SELL,0.001,1500,1775685395,No,0x881b13eee0d4fe6aab1711423fb8a4b36e834a6073bc2ae7af48e0d2b164cdaa
BUY,0.002,1500,1775685329,No,0xdc1997b786c1c96ac67acd5c2853d14b0872459bd15625f8cf68a5ae4abc6272
BUY,0.002,110850,1775685241,No,0xa7fed0de5e08c32b8e97b30ad0657d57fc0f1aa0a99238c6324a4fda42d13d61
BUY,0.002,1500,1775685235,No,0x7b3b97afddbe68d0a3e8001ac1db411a2529374898d8cbe109c526d5f65b7125
BUY,0.999,1500,1775685113,Yes,0x665a735510a139401daad214c9be718dfba11aef2c09714f5ed533cddb4fdd14
BUY,0.002,500,1775685067,No,0x15a196105ce5b38c2977921c2742979ff1ebf758ff778acac1e4c3e30f343336
BUY,0.002,1500,1775685055,No,0x85774e0ccc268f9f8b797b80b8a6175764c487f72d3ab448d9e28aad07a34354
BUY,0.002,6000,1775685007,No,0xbb7d92f3fd8e818a0314adb5a5382bde1a64c12e757498ef3816bd61841a5110
SELL,0.998,5000,1775684993,Yes,0x9111e803702262ec3b03d396cc4abdbec870f17d427caf47f165091f7b68f2fb
BUY,0.002,2430,1775684981,No,0x13c308fe3bdb1180a06f6d23d55996f34b7432691d29370f22bb65c6b8198d18
BUY,0.002,1000,1775684979,No,0x3c5d6c972d1f42a46230b9144d06e9d89265dc9ea83b35ebe59b383bcdafdee1
BUY,0.002,500,1775684965,No,0x6dddf32e3a9f5d212d6a29f4df38d495010c3d7764fe45e4ba019f45dc68a129
BUY,0.002,2000,1775684861,No,0x047a19e54056fed4d3d3013903ddc795162d0c7eca9099e60785388a72550635
SELL,0.998,20501.98,1775684851,Yes,0x02588ff8f0ce8805f4c7f2a2e79f6fd4e666c0950ca659c79d673949bc256110
BUY,0.002,500,1775684845,No,0xb1cbab663bcab3c6e0558b1b95430a1814f468228d8fd8ef4239cd3bb8092597
BUY,0.002,1000,1775684845,No,0xff30a4b7b0eb736963914987293fca9169c22fcf4c8d4430c7d48105bcc868fc
SELL,0.998,29.85,1775684839,Yes,0x69dcd80c6e01b38c198696a91a09e52cb67f018557019aa542a98e2c0b0a1e78
BUY,0.002,187500,1775684709,No,0x08d696da0902b67b30e87cb46078105c44e29396223769355833fb8c444a818c
SELL,0.998,4.38,1775684613,Yes,0xd1ebb2e81d5afb8d1c286bc22fc50d95fd213131661cc25768c368d85d040db7
SELL,0.998,48.58,1775684603,Yes,0xfc84dd7a570562a3eaa56a5db34d19d3006dacffce5d88a1f0945108082914b2
BUY,0.002,20000,1775684597,No,0x319101dce6119c64fea3dbef8a19fbbc3c5f2fab2f3dc94878f95bb8d5092340
BUY,0.002,100000,1775684573,No,0x6db2dd967785d6f8467691b403030d46d184b671534684b640be43aee9661fb5
BUY,0.002,10000,1775684567,No,0xf726f20089f5b0f4fb77badfaa61105110fa395fb8b937b4fcc58916998d460d
BUY,0.002,56010,1775684541,No,0x326ece7e658612cd67abae019a266cba51300fac66605bc7eaa3feb05e15d780
BUY,0.002,750,1775684523,No,0x92e05c37def47bac4bbf03d32976b3da5fcd504f8e2e79a22e693a630c922872
SELL,0.998,16.55,1775684497,Yes,0x4c288380efeea25a1f4daa4804850fbbb8244e657339156764ba070b2ed8b878
BUY,0.002,585,1775684477,No,0xd55d16ea7fc4b00235144fa472764e74cd6665564884db392acb79f0062c2957
BUY,0.002,4800,1775684469,No,0x29e25d682972ba839e5f0ba6579a8783f9bd68fa6b04b04fc28ec0e29446923c
SELL,0.998,12.03,1775684469,Yes,0xdf6b1d7865fafd68a5fb0ec94cca15e073864613303f450a011d7a5dd6c1ae15
BUY,0.002,500,1775684457,No,0x34a761f2ccff165dfafe036ed6eca461072929ff75e2b7bd4a6a3bae906e737c
BUY,0.002,10000,1775684457,No,0xe2aeb483283d43f29d0f170707bd2351c6e31de3688d06b442603dec03cfd065
SELL,0.998,42071.04,1775684441,Yes,0x2c68efaaf8b46b34c6e1c1565142b60b1476ba51b9238b9ccf50f6bd3e8c32da
SELL,0.998,5000,1775684435,Yes,0xc556e13333e1e726366df887b55b2cc8258b34adabbdeb9037b1f1aae65de733
SELL,0.998,2.98,1775684423,Yes,0xf2b258bbc4755bd68bac70a8ec0ea8bb4997952661fb2b8dc30f09123599a931
SELL,0.001,100,1775684411,No,0xa787e9a872c65f5f5da43b8d2c28ad3b48c9fd5f07372727a21bf0e77e15a748
SELL,0.001,4787.68,1775684403,No,0x7a4991b577f4a5ce56adfaf111468f81ec6bbaab39b1f73d73581eacee904b4a
BUY,0.002,500,1775684399,No,0x5a9e835d086578ba075c6fb00dabb6d0c301490417ada636716c1daab21cd3d2
BUY,0.002,1500,1775684383,No,0xb8a83830c7bfddfab08155fc834032736062aed13c43795c4aea68cbd733949e
BUY,0.002,500,1775684379,No,0x2ac84d1a1c796705c2a0e48839b05fc5815ee1fe0664228d3f4cee924cf12ef2
BUY,0.002,500,1775684333,No,0xb5ad16d816dae81bdd060744a82453f2cafd401056c3a57554200813beb00e2f
BUY,0.002,500,1775684325,No,0xb8017123f2ec2d83c7f851c4498123ec1f56307fc562f9ff3616988f3038f201
BUY,0.002,500,1775684309,No,0x917a00c654804775d8a18b2b7802d9f0643103b1ef7efbeaa2488be0dbf3b121
BUY,0.002,8000,1775684297,No,0x5aedb90e4ca34d0add91c0fb2b9cbc92b31f8b9edb8224e8b9d3e518949edc5b
BUY,0.002,5000,1775684281,No,0xda32fbf1ef73cbc0eb2f1ed24b632ec5667548413251b6a271007da57eb2d65a
BUY,0.002,5390,1775684269,No,0x37e5ac91875af99c503efdb3eb397b365ae5106f775437bd895e62790b3e461b
BUY,0.002,1000,1775684107,No,0xd00a1d30460ad8aa58bd0b6f629f69fdbc523b442606aba3df829f942608e4bf
BUY,0.002,1000,1775684101,No,0x40db747e3b83a8d099fa22be74b944411ceb329fe46de5797548c005cdb546fb
BUY,0.002,1000,1775684093,No,0xa21bdb092cc534beec3e63c6faaef8b7b98d42712a6c3217d87fdca11953bb23
BUY,0.002,1000,1775684087,No,0x1b7d3c244ee435e6514fc52af604dabdd3ea7eea0ef9ddca7b79ded347d63354
BUY,0.002,1000,1775684083,No,0xaeb6d4278676b7692183aa00408e3db85417acccd5b82b25de7e7cff046f12fc
BUY,0.002,2500,1775684055,No,0x7633bbe93b3a4946b898a69bbb783521aaba9d3eeda53ce28a323fb7b8860cc7
BUY,0.002,4000,1775684029,No,0x0a00c4785b455e02dde0e22f09b4b683551c1a921c5f78f81885f9a722b21410
SELL,0.001,6666.66,1775683997,No,0x0236b988ee0f0d45e0120b9e54cedb13a15796171509b0828107d0a1beed47a0
BUY,0.002,8000,1775683981,No,0x82ca7f311d1cbea9240f569f9d25e00bd85a914b14408089e962704f8a5db963
BUY,0.002,500,1775683955,No,0x103d6b98c42dc87b1b274de0776138d3dd06bc4f85921a9aa51281d75bb284db
BUY,0.002,500,1775683955,No,0xe793bf94ae6602fcfb3f1f94726c7f386933643a288089e79221d0e39ac36106
BUY,0.002,10000,1775683941,No,0x59fda42f6d4d3a82a5d90c89f1fa3032bb03c461219df4dcb00327a2727b062a
BUY,0.002,10000,1775683937,No,0x5b6c329d11f4a57e2488427717223069cae768c46119147d654a860e9aed2a5e
BUY,0.002,13195,1775683931,No,0x7909d3912d8fd2c0b815bc5c6be76f205edd53be911e1ae5ba6519bad13ae3ca
BUY,0.002,50000,1775683929,No,0x00c6d79beb673ab7feca69e1bdb3acde30ac11b3cd7dfb1de9e4734d43a9d9d3
BUY,0.002,13530,1775683893,No,0x66d4a9546882e7ba488c42da9e33cc3d79f359401a7c5388d167a850eea7dad6
BUY,0.002,5000,1775683875,No,0xd6470267821cf43545c80b526a034cd4c597d08ea2c8c67bfc830b302eff4f99
BUY,0.002,4440,1775683875,No,0x079a154c3d3b16b0132589300dac552d1cd7f3679a75a70cdc013c455f586b48
BUY,0.002,100,1775683865,No,0x4830760c7d6fdeb877cef36f295df4774f92af94b3beb5e569e7ac0815a822f2
BUY,0.002,1000,1775683851,No,0xcf26de04e45427a621eaf8ffcf06ae0b1eccce555ff6412624925bff8409dac7
SELL,0.998,79.79,1775683823,Yes,0x080efa2f475754f8072fe92b5d31a5542bdc5ef3cccb2ca6ed2686197f07c6ac
SELL,0.001,16.66,1775683799,No,0xb29a0fc8b201dc745f291afac6e7d1b239005b096d7f284ea26b537188412d7c
BUY,0.002,13333.33,1775683787,No,0x65909de8f921dc192bbdd08cb123a67b0cb3d9763c1efc8f44e34eb114157539
SELL,0.998,9.67,1775683759,Yes,0x91c210154574841f307d68c5efb0f0b0b46075f9d9f599c21398873637c42209
BUY,0.002,7500,1775683757,No,0xfafe539fc05635f8c6d4c9218ca3b71d1ebd6486fc11377e52b5c5c353ef5372
BUY,0.002,30000,1775683755,No,0x9490626f3e69d9215ade31af24b11e283293b36b58035629287fa02ebddb6bb0
BUY,0.002,10000,1775683747,No,0x91ec4b56afb009e53668668444672a0f053b35a359557f38c6dedbd91f7112e6
BUY,0.002,1500,1775683715,No,0x4ea79bda7af486705a2a7d88548aa1319ecce0f42b2f1e800d84bb84337ac148
BUY,0.002,500,1775683687,No,0x55d846d930c674a6de29537a29a1723c2d523bc0cd75a8330a41d6eb064c8a15
BUY,0.002,15000,1775683681,No,0xb34cf8a71a49f5f9eba4ebbdd17ccf3a9f808984564dee29b6beaddcce7ffd40
BUY,0.002,41375,1775683647,No,0x05e55390aff6f4f234c6a0210560ba8317acc405ed60da47d83ca33ec40c813b
BUY,0.002,955,1775683591,No,0xa6eaa734ee2fafb38ae7028164fbe6f7dd5d352b61e115664ddbfda80125623e
BUY,0.002,5000,1775683577,No,0x4d65389f329b88d3b32ff97c375ffc6b3b39b48e53672f890c4d938c74f4197d
BUY,0.002,13000,1775683551,No,0xb4200af874a395c6fd7a8dc66a782349488f969e9a60da60f606aa98d927184b
BUY,0.002,5000,1775683527,No,0x70b1628ea3f8f1855dd362ba20e9757b0493cf47b5dca1295ba771bdf753131a
BUY,0.999,100.1,1775683507,Yes,0x1f772dd888e08f6f135b077cee4a8a1631953856aba7dbff1179c8c98e39c8a0
BUY,0.002,6000,1775683495,No,0x333188760293896d5b2f507a2d7c113615f179d868a51354f12f37a31145217e
SELL,0.001,19000,1775683483,No,0xf8839fdc6aa64299e44970fdca74f5816de534c5277fadd9c5fe652c4f2737b3
BUY,0.002,590,1775683457,No,0xd0edcc2414722dc970c01051c043a9fe6b3de95f16a1e53d68ec6c5a07e6cee9
SELL,0.998,3000,1775683437,Yes,0x219ee1f950c1cf5d84a8fe0a4c43bcd2f77968ae5f16698307623f5343d09e8d
BUY,0.002,500,1775683425,No,0x793519a6501856abe3ae0f7bb78c017d6ca3b33374ee77299fac64bf891c98c1
BUY,0.002,50000,1775683411,No,0x6bf8cb59ce12d0f821bc9416f4772bea39d7955c8925130e176d63befa0d238f
BUY,0.002,5000,1775683401,No,0x4487973880dd046adc8d6b4e5ac84eddef03565de1bd5cf5cf13547bb17eb6c0
BUY,0.002,2000,1775683349,No,0x524ed9c8701b6f333db497115e718e8a6f85e813f3518e3ea8d1cf748052dbbd
SELL,0.001,166.66,1775683323,No,0xfec64aecc0a1b7d8681b6d848414874cf65f2aebfd34749ab55b0bc08b308ee7
BUY,0.002,50000,1775683319,No,0xbf8a91e34ba0557a0b291fea50a54edccf7072c82ac4bd4c15ffa9c124b03ed5
BUY,0.002,500,1775683309,No,0x7369695cc3fa8913c0c2d4b4441cce9705c6a13f288b580454837eca402cbb94
BUY,0.002,500,1775683299,No,0x96ef2e751bd7221906696f1c161cbfdac8359e826af64d063665d03d9f202be3
BUY,0.002,1000,1775683285,No,0xc7666d20e3962e3e22ba64c583b3919d94bcf394c26ef5229f358fec2cced803
BUY,0.002,2500,1775683269,No,0x9174fcca931046de8f72975ed18d833745ff8d371d32413b94bf5ea302284e9d
SELL,0.998,5000,1775683251,Yes,0x5433dde174c94cf6ae97550e06f058a1d36263ec6c38a25b8e7bbb20e933af49
BUY,0.002,500,1775683245,No,0x2a7275a669fd9cb4324f569f23cb649d96925cfb4e3f57c8d3f86ee9fdf70eea
BUY,0.002,500,1775683217,No,0x3cb71f6f7fd0e0d418d3162d510d47b787df9b3d354e021c9a26e8367ba9d2b5
BUY,0.002,500,1775683215,No,0x79952c3a8f3ae6416d547be405deefbd459a342dba05abb8dcd90365f7404092
SELL,0.998,882.2,1775683195,Yes,0xd1bb1db66fad84ff50b9aa35a8a2b28976a26760e5ec81b01ff1da8186497642
BUY,0.002,1495,1775683195,No,0xf0cdbcfed1712fcefa3d191b18ff2cfdaf3b7d779bae56ceac8589681c041f49
BUY,0.002,7050,1775683161,No,0x785a96fc1e2a974799c693ac9b77e9d4331b633cee9e40d0e747c296a9271ca2
BUY,0.002,7500,1775683149,No,0xd75d12f96883df33d4827d252b52158f5e304713707be48e0a685c76bfeda645
BUY,0.002,10385,1775683127,No,0xe4a624a683a349c51c8c8c41d9bec9aaabb84ce3b89275def1fe9fb9fe9c6cf6
BUY,0.002,500,1775683107,No,0x4886178bcb6049f185e16f5537b6638314eb99f2ab5442d17079303f6533c3d6
BUY,0.002,25000,1775683095,No,0xae6c3f1a5ec513c1e37b23e580777b8520d0624af927da35044b921c5bd62c4c
BUY,0.002,5000,1775683089,No,0xc40d85b1f6f604688780de92716f4c9af8ecc53100ba6be31f38fb6686818267
BUY,0.002,4990,1775683089,No,0xfc2e688a1d8a6f88672c17d7d6100b2f749e9bfcd18e08e0cdff4acefc2304d0
BUY,0.002,5000,1775683085,No,0x3a1aed7aa18b43107a11fec79be29d3de9bde10eb9d29fb775f12cb9adf64326
SELL,0.998,120.48,1775683081,Yes,0x16cae4cd35d787342a676ab9cb07f59e1502523f9fd470f07b8f87ce370832f1
BUY,0.002,15000,1775683081,No,0xe5b81b74067263f60e687c5a6a3d107c5792fe57c7aeabc4039e228cbb11c407
BUY,0.002,5000,1775683067,No,0xbef3f8f4d1939c3144311be7c8e0759438e36670928f3f59e8e0148f4de5781d
BUY,0.002,1000,1775683065,No,0x53766839779d618e86642681b67741706fa98d965051f2bd013b013127c10a5a
SELL,0.998,200000,1775683063,Yes,0xc8bf6e360164b8f463e5f27ec36dc22b9300661bd257180899535507c1f88cea
BUY,0.002,46000,1775682895,No,0xede43b2211a956b585a7c88efa1ab410617e40da436811ffe224f87168427dbf
SELL,0.998,250,1775682893,Yes,0x470cfe6eabad66246acaddf309d83e8cc15e83d8c237de717381e2c8e2063785
BUY,0.002,55000,1775682889,No,0x6c906f2215358f6e55e79756421f406981815fd3d58c9927af8199f654c1a707
BUY,0.002,1500,1775682883,No,0x429cd0e3582382cee6ea6233ebd8bb346b863715b80aa3cfa5f2ff9c71f62b02
SELL,0.998,6000,1775682881,Yes,0xfd9e71806ffc0ae5447ac95d541b3a2643528a1f602ddf9470d11793ef79999b
SELL,0.998,2100,1775682871,Yes,0x6565ec6fe6dfe856d456859dc55afa0db2442143a16a54dc0b4d48e15a228119
SELL,0.998,2.27,1775682845,Yes,0x91b36eef75ce7c9bc7928ce2837827aca8ad88def6ccef94c2a90c762bf8b12e
BUY,0.998,120017.27,1775682837,Yes,0x6f4ce531dee9b162a30a2bf98ace595745e611ece396f6329d08224e87fc2836
BUY,0.003,5000,1775682799,No,0x9ab85dfd7a32cabff5d93280861bba750d9fd6c095051955b1c99f4cf47321de
BUY,0.0020448314581778385,1000082.423332,1775682797,No,0x2e6c7aee162bed1ac400234ea20a9d89a3c5d254c9934487d6d136e4fe409a0a
SELL,0.998,33396.06,1775682767,Yes,0x370cb27a05cdd4ea34deb617d9318048d19fb1d8fde6331302e3ff5e8ae7b81b
SELL,0.998,49.23,1775682753,Yes,0x66d60dc65fda08d2086541a832ca3920cddaede4468e6b00e4056289caeb38a3
BUY,0.002,2500,1775682725,No,0x1fabdc3fdbec7c783a2da82a1e47cb5f55cb04b4a10ed5118b5a06ac9549271c
SELL,0.998,3000,1775682701,Yes,0x6440cbe48a6812ff22927c05d359ad208e7419753a7c2ed8d25a831a632271af
BUY,0.002,15000,1775682669,No,0x0b83ae600bded5a527ae6ce5b8e423e62c5d2b7dc052e1c730c66f10ae4340a4
BUY,0.002,5000,1775682667,No,0x6349d4bd49eed5d8b3577b3cab41b490e6311e06a66893b177c208ba66cfb03c
BUY,0.002,5000,1775682639,No,0x539eb69c01584c665e4d4c66b300004c0bfad76de58a4c8b62ac82bd08ef6f1d
BUY,0.002,10000,1775682635,No,0xd356e56995e8de8af7eca266756becd54267f955f20dc3b8f95f47bc9c75b268
SELL,0.998,2,1775682631,Yes,0x3b575474b272b77e238c1e2b3dcb187deffe772da67b808c162b34517fb8b86f
BUY,0.002,5655,1775682603,No,0x6a37f3f1620897760ad08b1882db0872bc98dfd8ba228d2ce168e2fee46bc790
SELL,0.998,0.58,1775682569,Yes,0xc046bf7029cdae361203be962ca0d895cf7e0ead2890f8e8c66410e7642d405d
BUY,0.998,315927.65,1775682569,Yes,0xf1b72711577b78eee41a47580ab21b89741d5444bf34b047eb4c36ad481bd338
BUY,0.0030000000012386455,4036.666665,1775682483,No,0xdd6c0149be0dfdd54f01dae47e0f491a137c4f216597fee8bffa74daae554944
BUY,0.0030000000000669643,74666.666665,1775682445,No,0x2ca22adf40327166c2b90ab2cd987a2c2daaa310b42124a2719707e32c6251c7
BUY,0.003000000012,333.333332,1775682443,No,0x941578521369946acfceaf96e6c62118922fb35ba6afea0567684c6375ab886f
BUY,0.003000000003,1666.666665,1775682415,No,0xf6e0b003035cef78113bf0ed151d3b6af0ee02f02f51dcad0d224a5c9770891d
BUY,0.003,3000,1775682383,No,0x9a39650adf967caa945a00a734278a79c48a677e1f5d68e555045c148ebdd223
SELL,0.002,5,1775682359,No,0x222f8ab14c6783d41e971f5865a70e34e6f3ae8e0a2488067d0896e9edb91948
BUY,0.0030000000003,13333.333332,1775682307,No,0x2bd9a192ab7196bb8893f36e69cb2836ad1afa051edbb7a2eac3928cbdbbdc7a
BUY,0.00300000000048,8333.333332,1775682231,No,0x8f6dcb05233910a82d2a9b45ed6e47c27599ab41c62ba68feb9398ab87e470ac
BUY,0.003000000003,1333.333332,1775682189,No,0xe2ec2a1f1226267b801e46f0cf16bf2f8565e5d76aed5eb200d58e56d94eedd3
BUY,0.0030000000023076923,2166.666665,1775682167,No,0x033706706d52cf34520514d5dd07c91d98fa34ff5bceea2278cc2ef029b6fdfb
BUY,0.0030000000075,666.666665,1775682131,No,0x46adc5b955d53087644dcce671b2ada1af9751bcc5f241b4cca525e75aeff7d4
BUY,0.0030000000012,3333.333332,1775682119,No,0xcdc3a645d63ec119fcde33d5e5392f543ef64743e1d182c823df2cda2722bcd9
BUY,0.0030000000075,666.666665,1775682089,No,0xa47f42729bf682e84d0b1b5b18c98f30318f8a72e2ca468b7c269f9d44f94b6f
BUY,0.003,6000,1775682061,No,0xf0f69e37db1acce0c10003f91b8782d6127a9c1d1aaa9d6757c0a65dfc59d6e4
SELL,0.002,500,1775682055,No,0xdd38429a3f4ab246ab5757fda824adab16ec0e97e04a18b5073bd68ec02a6737
BUY,0.0030000000075,666.666665,1775682009,No,0xa90ea31460b2512c2ef3b676450c3f80200e62ea74b596fbe80291fb338f2be8
SELL,0.997,136.87,1775681995,Yes,0x500e5411a4d7ef3b6cd7c4b7d015fc7845dce1564b41f703de33f84c695921f7
BUY,0.003000000010714286,466.666665,1775681971,No,0x2e189a7a3ea4fc3201564d28f6f6ba43b883ff9edb8edca6d6c4c5de26d504d7
SELL,0.997,20000,1775681969,Yes,0x3cd692e135deabe8e5d812ec4482b2b88dcee0431d915c4fdafa3bf6f919320c
SELL,0.997,120.61,1775681951,Yes,0x2853ec0c9333a3bca7123fc76b6eb84874f4afa8e66652353985734830212382
SELL,0.997,2,1775681945,Yes,0xa1486bed9405ec7313a871b727c69918792c9d228bf9e119fc348ce98838d439
BUY,0.003000000001807229,2213.333332,1775681907,No,0x29c69d10b29388626b1dac9e8c8f9f8a950b4c53643c20e5cf1f234134ed0406
BUY,0.0030000000003,16666.666665,1775681907,No,0xd7e5f15709f9fadfa94ded164eee4f5d73b97d42a2f3af2f43a5ec8137b07cf9
BUY,0.0030000000003,16666.666665,1775681845,No,0x156f2d0fed2459c3703096a6195ded1f27a358ffe7d26a42f6dfaf1bc1546c51
BUY,0.003,1000,1775681819,No,0x472ee7e4950c0ac7667d6dd8122bce4519f56d2a4e1cd22ab5c9ac998f42be30
SELL,0.997,4600,1775681771,Yes,0xb4b4347d5cfb764db15c802734427fd13ba869141a280071d2d3c11da0ca4c49
BUY,0.003000000012,333.333332,1775681771,No,0xab430893cddb5279f05cde95466fce9f6e1a1cb57043c0f5eb752b6dd7606a75
BUY,0.003000000003833866,1043.333332,1775681761,No,0xc10b3b6f28675326e7ef854e0c2be48142df02628742e7ae1e9049838606df17
BUY,0.00300000000075,6666.666665,1775681747,No,0x5477e937b550b713d2b5429abe6f8a8e0a5e4130e723e29733ac1c84e99849a9
BUY,0.0030000000005454544,7333.333332,1775681743,No,0xbd6bba9cc6caa93af358ae2904f5149125053ab1242c009d493a549584b94ee2
BUY,0.00300000000048,8333.333332,1775681735,No,0xa9f02642e965bcc4a1f0beb33e4ce3777202aa83f113a87dcd891881d2fc9ab5
BUY,0.998,3000,1775681697,Yes,0xe0dcfa6aa65ab1a5f6db5186b0362dbef7fd23a0cda00662f227721aaf5f8adf
SELL,0.002,500,1775681677,No,0x810d4a61e4500ab0a13c1fa3c74730ffb41f1df5faa14b0175897709feeea6b7
BUY,0.0030000000012,3333.333332,1775681673,No,0xde6d4377049b1e93825ca93b5baedea10a40d347b126c4ef016a8a49c3c9091f
BUY,0.0030000000018750002,2666.666665,1775681637,No,0xdc5acff324471c2e14cb4ea85d43717229a6762a0f6e3ce32e73c8d3156d55e7
BUY,0.003,5000,1775681629,No,0xc7217ab93df68420ee418e652edb39316c2df003725864574a698ae914ac256b
BUY,0.0030000000012,3333.333332,1775681603,No,0xade92f30baeb70c42d79274a2df77670a17784e346e64926b42e80feff4216c8
SELL,0.997,139.3,1775681597,Yes,0xc0b7712db1f325d86175b1ba0953ea7755300dbfd54392cbe45a551a867e095a
BUY,0.0030000000012,3333.333332,1775681593,No,0x99e853268bc542ea55072915b840598987c5d4aa1b62eb7222fc15d5cec7001c
BUY,0.997999999015972,1002.004007,1775681591,Yes,0x2a504646f776a662802f152ffde8767ceffcb5cd90dff1748cb349352b0bc58e
BUY,0.003000000003,1333.333332,1775681579,No,0xb5c4b814a843609027c2e72351fe445a3c9d407c8caecb531b05f0aa3583b281
SELL,0.997,10000,1775681579,Yes,0xaea122f67cbef9c7b0b6b90fe9eae91825b2ad84d6b8921f26205021754fa23d
SELL,0.002,25000,1775681577,No,0x50568b8394417bdac3492e6ce9dcf48028fc83d68eb34b18bc548db3120b5238
BUY,0.003,3300,1775681567,No,0x8fd9461e22761e4dad7b04406f72e5d43cf9baca0eeb6060afba1aa16fb7373d
BUY,0.9979999829840994,40.080159,1775681561,Yes,0x79c4cb0dbebb226a107a34a39142e420f6682422391b9984449283860a01cba8
BUY,0.0030000000003409092,14666.666665,1775681549,No,0xc3dfdd7f79b1626fee2d22dc71823eb8805ccb762f9f20b1cf02f4cb753f90d0
BUY,0.003000000003,1333.333332,1775681517,No,0x599ce06637781ff95e1593c082e839274412c9b75ce0bd98a75810903b354baf
SELL,0.997,1.49,1775681511,Yes,0x3b5ad9a58027fd36f5f04143c259e32de7efb68944aca26c48306d09b3207230
BUY,0.0030000000003,16666.666665,1775681511,No,0x307bc8761a2fb1375f9120bd5d717ac9efc6ac535995403519f6d3241656b4cc
BUY,0.0030000000012,3333.333332,1775681471,No,0xe3923771af9e730bc109819dce559eb1ff88c88a4858056d09d8353cda6680e2
SELL,0.997,0.02,1775681457,Yes,0x93b14891f52c736030962d68fc69fd58f3b0013e9036a44b02002f5b50d1b9a5
SELL,0.997,0.76,1775681455,Yes,0x01a3da0748d80f753bdf0f70d1907b84a096c33147dbbba9250c006679fcdd9b
BUY,0.998,6000,1775681455,Yes,0xe82374d290b9897b4c52dddaf8299e070e617bbe3ecdebf5a72ae32b6cebb5c0
SELL,0.997,0.02,1775681453,Yes,0x7d8b9a94041eb2975d42f2e8cd15d00752dfb9d04c7d0a09cff0f4e5b3c79d08
SELL,0.997,0.02,1775681453,Yes,0xc3069a34d0b83adbe045d9a47c1b95be3686dabd4acda396d7b39b5092d9adb6
SELL,0.002,49.92,1775681429,No,0xcdecbe06c4e88894f5a96e38bc5c0d07ec3f38fda58efdd7d824b4aad118c94b
BUY,0.003000000012,333.333332,1775681417,No,0x8be2f32de90ee42f3e86449cda7115ac7c099d694a30d33b1e71040d41bfb45b
SELL,0.002,55.55,1775681417,No,0x1369ec9a823e26d58657bb4a0542780bf8625629b3ec1986a3a75a472a6101f4
SELL,0.997,0.03,1775681409,Yes,0x1fc537624ff3dacc5cd34c04762d634243f2a150e44f51980eba73e98bd945b9
SELL,0.997,0.01,1775681401,Yes,0x437e24e2a0b69f6dd6ee50398d5e0a072bd9dfc3006e5b1b031acb68058a6557
BUY,0.998,1500,1775681399,Yes,0x88c6e9c0f5f706f3fd0915ef6edcd4c01567bcd90db965877effe8cb4749064f
BUY,0.003,1000,1775681393,No,0x9ff3171a8332676481cd179e6a2cf3af34e6775b0579a00e89624b5dcc9b4d0d
SELL,0.997,1.09,1775681389,Yes,0xc0b8a49214b921566eee546465ac45b50cb4ff5da86e3742e59bfaf39a7e9561
SELL,0.002,70,1775681383,No,0xcfc306aa5789f0cad593125d25f5b8d156089ac6fcc51a006cec53c7371f90e3
SELL,0.997,0.01,1775681357,Yes,0x81607e1daf251981b4d39f817083fd74f03594c43d8d70972fb1c79c8bfce6a0
BUY,0.998,2133.66,1775681355,Yes,0x242af63f39ee525bea2bf650a25442dd83dafa3de33501d5d2404baa7f90a7a2
BUY,0.003,1000,1775681347,No,0xb3617de34f292706560151575fcf0464d102e59678aa706f222fa48a97f4bc9a
SELL,0.997,23.9,1775681331,Yes,0x34d5ed42f394c79782e7b6e8e35a8e43de9930fc3d2275e18ba1fd7cd20a7fcc
BUY,0.003,2000,1775681317,No,0xe51f3f7e7e091f811aaea563b5c50396dbf79eb6f836326239448d6fbcf64e4b
BUY,0.003,9230,1775681313,No,0xee0856eb0199c70644857231351b9d9583f8462af27f66306eec8476dc0c9250
SELL,0.997,0.33,1775681295,Yes,0x814130b99496c0443dfa45be5a557eecc43f0e3646b6378810c7da88be6f3662
SELL,0.997,0.53,1775681295,Yes,0x0af0152c54246205044a65869d40fe3a81b5da798b63b9c3ea4da91966f8cd9e
SELL,0.997,1.55,1775681293,Yes,0x8e98c06ada60e288c01906f8b516bbd5376dedd5c351983e44bc2c545396266c
SELL,0.997,1.58,1775681291,Yes,0x5fa1b11f5e770fe5d0168a0e36fc77363c8841a9cb4b273f633a901081bdf831
SELL,0.002,46179.81,1775681291,No,0x7c7fc26b105ec2410066eaf91acedbbeadb10c7d1a7174621dd418a4022037af
SELL,0.997,8.9,1775681263,Yes,0x8f67d4bdd632e21b9e9a67cee54e34df0cb3e0745c010e2443b523e2346582cf
SELL,0.997,0.02,1775681259,Yes,0x0248f1910fe88248adc701db2aabfe43f0a0410087f75e8f5d897a1289b26efd
BUY,0.998,4800,1775681259,Yes,0x204fd98988ce282a417453e53d25ae9427719f5fd615d78503a2e8f82533eb3a
SELL,0.002,500,1775681255,No,0xb2b0b48f1668ddd265d6654452a825def1d851ab6248b22c58fed23392a19db7
SELL,0.002,1000,1775681253,No,0x2af560eba32051da3d0c6ca159281dda3379e31ca9369a0eaf060f21f991d312
SELL,0.997,50,1775681251,Yes,0xa62291e1286f5617440c2d2b223711cc410c2850839a02d934e6b7f7f7c86b98
SELL,0.997,8000,1775681247,Yes,0x7f8f8272226ce94b35c9f63583a8b87a543609e75b15c8ed67a95ea91e80faa4
SELL,0.997,0.49,1775681247,Yes,0x4cbf1765b915695d7b16caad7b5c9191638ab3b9926f3ae29b1e16b7603c0c5f
BUY,0.0030000000075,666.666665,1775681235,No,0x537d46ae8c959311a2c6edabd79bc6473f85ebbd4800db9c62f19fd75151bfa8
BUY,0.003000000012,333.333332,1775681189,No,0x9657e6a724da9618305826376a05874181c2446e8b65143f2315266db2f76a2d
BUY,0.003000000003,1333.333332,1775681181,No,0x8dd4a21046777dee95ad5ca7a6eb5d892307eddb852fc0635be12f4ca93ba55c
SELL,0.997,250,1775681159,Yes,0xf6bc8d40b8d9a7d57bb91b8024486e9982ee3481f0fdc6f16ee81edbf5df1c4e
SELL,0.998,126.99,1775681139,Yes,0x6570799987a683f462b0912dd8f55a400f7c0e4a274866d479ab0166eda867af
BUY,0.002,4000,1775681137,No,0x0eef52fe573945e22a4bde4f974c0b83ed25f4b996a4fe1a39e87ef2c01549b4
BUY,0.002,10000,1775681113,No,0xd7796c5d1420cced87249b4f72fe7d6ecb4623617187efb3c005046296e68505
SELL,0.998,15.84,1775681111,Yes,0x11a13bce713618940c9bf633ccac2f750d10ad80091f97dc0d4e074056175e29
BUY,0.998,25873.76,1775681103,Yes,0x571d5349fcdfffea2101643876de67251b5af961f49d0c7f3b30b66f472a90fa
SELL,0.998,5714.24,1775681089,Yes,0xb86ccc681b734ee926ed4a53ace679cf41c5485ea9b0ce35b9cbaa54dc3e7ae0
BUY,0.002,5000,1775681087,No,0x1e5e1e5678e0663e814ad3d6a0842aa18025559449c76011f7ea35313a03a3f4
BUY,0.002,50000,1775681071,No,0xd2e8ddab4a098f339294bd63ff339aa593ed959f199d997f02088dc5fbb8344b
BUY,0.002,7395,1775681063,No,0x32b1ae9880626afed61752115dc72894da4fe3dd9dead7dcdf5966f616256c52
SELL,0.998,2,1775681061,Yes,0x2df8f22d87ee2494dcf3889b69c4a411eeeb2d89ed672d617215319297ca0a3f
BUY,0.002,1500,1775681055,No,0x3ce87858ba34f609e6329e4cc72b539b7746f83b36c6c3c742859f3eaea463df
BUY,0.998,80654,1775681049,Yes,0x7e13ee46dcaf3e6a09c62461c77609b7f3f6550b4db14efc01864eb5a6965469
BUY,0.003000000003,1666.666665,1775681005,No,0x72ffbb74fb0769995238049615ee612467c9a15d181be8c062f0e58f7df4dbb8
SELL,0.997,5.26,1775680977,Yes,0xd907df826fae7bae01b901180c59c08c46ea366e4af179a0d684533b3d7eb199
SELL,0.002,10000,1775680911,No,0xf795cc301373a5ec262f1da0228c898b3719e3076dbf4ca28383ff436c101e61
SELL,0.997,10517.76,1775680909,Yes,0x313dc5e54e144ff3ec9ce6a7f6f3f5e911df409b6cfdb236e898379cc2dcf9a3
SELL,0.997,100000,1775680893,Yes,0xf177fed638b59e4ce9a2eba3b1ff256eee12ef7ea729c8cf2ad783c32dcd1193
SELL,0.002,29999.99,1775680879,No,0x1ad9fcf16697b56a3c585848c626bd4ba58a405d5bd58a2f1a5af2206be96b0e
BUY,0.9979999079843901,10.020039,1775680825,Yes,0xb4503082bd3c6daa61b487f395e51d7490107e35e35f4252afdcce8827ada4ea
SELL,0.997,18.75,1775680819,Yes,0xa9199b524d543711e7997c0c9e7510e77228cafb579f23e68dd545924a95cf90
BUY,0.9979998079847602,5.010019,1775680809,Yes,0xa6408562112762197cec6671c2e793b59be98a60e3e42e26c4ff44b78c248de5
SELL,0.997,430.35,1775680795,Yes,0x3155ed04be5d6201ad942fdc18cc3cfe8500f6bc719a36cc1e0e08042715d0fd
SELL,0.002,5,1775680787,No,0xfb6d4694ea9fa888124695bf487f3aeae31a8e1042783af691bc7cc1c72451bd
SELL,0.998,791.14,1775680785,Yes,0xdf51fffbd56bf72afd0ecc89ed6918f8ccb9b76acbf42a51cbd2b763aadfa083
BUY,0.002,500,1775680779,No,0x554b9d13ce051527723e2b7333de15a42e05cd746335e78c6e4388d99b5bddea
BUY,0.002,3725,1775680779,No,0xe8da710e3834d195d66d1d555ee42a189f8556ced9682855e4ef0d48c254676f
SELL,0.998,111603.91,1775680759,Yes,0xb6a2c0e67a83cbbe0de3e1d59deccca92c85f77dbf0cb9f2444a65d25202e436
SELL,0.998,20,1775680751,Yes,0x9899f56e68fa0eca4039ef27d39668a9739bdfcd3dab5819d5a63f8dd6466cfe
SELL,0.998,15.83,1775680747,Yes,0x8591c18b438fc2ab69b28ff011a562107f360d1609e6fd331097a98aee7799cb
SELL,0.998,3,1775680741,Yes,0x3355df7b08c8504ed593ff775e24afc25e96d04fc2d9c3efb1b7dc7063215f11
SELL,0.998,3.01,1775680741,Yes,0x8185b3d93b0098a7af564d10f8f0743935166b0553baffe412686d301df5658e
SELL,0.998,100,1775680741,Yes,0x4f334e9118ccd7e262a083a7edd72bcdd1bf4d7ff82d78503fb0725a62992907
SELL,0.998,2,1775680741,Yes,0xc6080aeab05de9167a59ac1e7dbae4819cd6eb2d050097176f4976b3321859ef
SELL,0.998,1,1775680741,Yes,0x5cfa01cb4814850b89f851a463c8eed6661463aefc0b3e962b9e6dcbbe6605ad
BUY,0.999,97.597,1775680737,Yes,0xb0b22fabd259ab713659ce54fae3a551640da8022ca7beaf168efce96b20d7a7
SELL,0.998,2222,1775680735,Yes,0xb3ee17cafcda1d512de9811bc19167efe9830b54f958c6c1d61418d1a1fc8b85
SELL,0.998,1,1775680735,Yes,0x59082c3b4fea016360821e468953994b500be5e1d3aac10ffd95200081536a3e
BUY,0.999,5.005,1775680735,Yes,0x33b042d37b01d75938387601bbc0b752f30ec69f2edb5d6582e33d0bad929dc8
SELL,0.998,8.73,1775680733,Yes,0x1c9e628477fd849143bfcacdab24df9de17c3f46a5c89cf35b4ac525aaa6ccab
SELL,0.998,150000,1775680733,Yes,0xe847af0a022aac2d180b333299120d14994ff8f7c9b06ce1566f20d1dadb6591
BUY,0.999,8.02,1775680733,Yes,0x4ae558b83a85dd55c8ad3a4b8084ccfd03edee0975e4e8e905d6bec89f90a840
SELL,0.998,2,1775680731,Yes,0x4a8dd5fa76fd9fa2cd78a367efc72576358882d4b3c40b90ee0bfcd125993356
SELL,0.998,1,1775680731,Yes,0x5b2b5eb9360168b9e03ddb96f3c7093f3f7d89463483f3215c2841a0ba53f427
SELL,0.998,42497.85,1775680731,Yes,0x18f01e93142e7c0d61159fe53bb0367d6941a99fd96b9d3c94814f402c32a59b
SELL,0.998,44.59,1775680731,Yes,0xbe589a432b6dc3c7ebd59a2797bfaea55e1ee90a47fabaf84b3daef296d43718
BUY,0.002,500,1775680729,No,0x0fff7b48ce0a74cdf16f29f4c2190539b5fa88f91a86e4782e7c5288b471c7c5
SELL,0.998,2222,1775680719,Yes,0xa7d3fd96b87d483077c5ff6f74b7da71bef96d3913f0ee12fac13f3b8a3dee96
SELL,0.998,89.98,1775680713,Yes,0x359790eccd97a74056c5752ccce7ff1e7a9577e25f2c585630ba5adfc26e6336
BUY,0.002,500,1775680711,No,0x1ba27e1c2033e79623b59a73aaac2f626b16708f03d40585b4da36c45e60f222
BUY,0.002,2000,1775680705,No,0x3a4590e4a84d4c93193c8fb470b53a3b0e8c5dbad8f7fcfc00393bcfeab690b0
BUY,0.002,3000,1775680697,No,0x9d579f937ce677efa1a22e9d4650eb42afd7bbc73ecd357d423970ac00cf58c3
BUY,0.002,500,1775680669,No,0xcda2f0673f4df45c0f7d6feebbd9d23124dfdc1b106533817b52937592cb70b3
BUY,0.002,500,1775680647,No,0xa033831c5b78ecf544a89db77d70d6eb09e47d6f34a9c04f90c83036640139a9
SELL,0.998,2222,1775680645,Yes,0x14e661bb56488997e77b87ffe746f59b274f6004749f0c57678fb7390ff7e94e
BUY,0.002,26750,1775680625,No,0x8f2d396ad0ccc4cf1b5de71cb79c98c6cd0ddad53ffccf3196b17c9b32511dd1
SELL,0.998,48.67,1775680613,Yes,0xdde248092934b947c66663f0499c9e835593ca15dced0895e35ab2c73c499015
SELL,0.998,10.17,1775680611,Yes,0x314c49703c1b84c7354ed27a07f585985982cf85c74732cb1d2a40392f1ec23e
SELL,0.998,620990.25,1775680609,Yes,0x2eb156f1174a73a63e32da57b3a7258a36215112c619b12164012d55505707ff
SELL,0.001,15.52,1775680523,No,0x16e99f517d77be0c51c4fcc5593ca78a84a55aaede71a223ac8f83e8b3a4fda8
BUY,0.002,2500,1775680469,No,0x8a7db313dcc2cc099150e4dd5eb91e3c6a7d5fd5c264335aa6ca791ac3bec68c
BUY,0.002,1000,1775680467,No,0xd008585fe2805882b58779d3a7c2127b6af3e4afb1bafbd24009853b92240e4a
SELL,0.998,16.39,1775680429,Yes,0xb491c7e3a7de654b3328184ffa64ea8417637f93ee4e6bd2aa2a33608c73ebcb
SELL,0.998,200,1775680423,Yes,0x3d8538992a2990385c25788a6a4a4f6b9bf64bbf80e077a79301a79d795e60db
BUY,0.002,3500,1775680343,No,0x15e6f33f755a27104d09ad7dae45ca5a39bb966a437e12b8fd758534c4290c18
BUY,0.002,700,1775680341,No,0x5c33a3aa40584260a2b0f93d3ee5036be2fc10379fce1e52514143eb94dab5e9
BUY,0.002,15.13,1775680327,No,0xd1b3f8d5f29546ae1d580bb13022ef16063999b1fa02329ced63d7eecd91d028
SELL,0.001,56055,1775680319,No,0x7baa2c279edf2613c3269a418539c727deff9ef25122fc4a5c56152084531a71
BUY,0.002,2500,1775680301,No,0xd5202ec3fe762459341dbd5739d8f24a2f81f41fafcea3f738b2056765ac667c
SELL,0.998,33,1775680287,Yes,0x277cef81ab7333c7056dec96ba07762f41ed561cf36b44afeeb1b77e831fd8cf
SELL,0.998,517.27,1775680237,Yes,0x8fe99960cbea57aff9465f86f6c81183e53238bd0cc63b32824018dfa093151b
SELL,0.998,74999.99,1775680181,Yes,0x8d62953d2645ffeb6569ca27700c69dacc7eb239180618918a7a2251ed1a94c9
BUY,0.002,5000,1775680137,No,0x375e88b8c9d81102e5f2f15b25752d3a0c9425cb49affb0439c5be48e9ed17c3
BUY,0.002,5000,1775680133,No,0x0693879686a95d1db833dd515a9b048b6069bffe63172bf9add7a947aa64c66c
SELL,0.998,94945.44,1775680113,Yes,0x5f048bdcea0ded038c906bff379049dd69855e798f4f605a796597e4043eb308
SELL,0.998,82,1775680113,Yes,0x53d2475840adf6a74f696fdc262b11c898066cb032ed7325b21c027c2f8828b8
BUY,0.002,2000,1775680085,No,0x04f9c03e188ec914c0fa5a1ccf2d39b3f6b4d6d7e8b4a41bbf268f5437776e3d
BUY,0.999,100,1775680071,Yes,0x8b79e815b359744c27f41697949a19f468cfa847ef3bb0a3d81ae38a44b771a6
BUY,0.002,15.13,1775680065,No,0x634adef3b70a5b7ce9949d7391d4402387bb10db7e84f8d073e8fd0a560d7c70
BUY,0.002,10000,1775680019,No,0x318676a98ad8912fe4ea299ad920026deab31cee85ed799d97ba9da8968d6b76
BUY,0.002,5000,1775680017,No,0xc65ea1143692be31e95e88a668eb3caacd29694fee791b3abac56dbeaba1b669
BUY,0.002,15000,1775680005,No,0x070185bcc66271fc18b2bd190e5a78ced37c1d17c81eb71f15b98fc3860f251d
SELL,0.001,2500,1775679979,No,0x175736fafe92ed3adc0df2ef3e32d91a7caaff4951456aca0b589f8b5aebe7f2
SELL,0.001,4250,1775679961,No,0x32afef1a5785c9204af215719a54c49ea79c1172d9bf34f2daffef71c986eafe
BUY,0.002,2000,1775679951,No,0x29d9587c06dccb20a4d179f1c6f8c0642791f35f8b61d9e7fb520826dac9423d
BUY,0.002,500,1775679949,No,0x3c288a0db8abe6a2ebee6541b061b3b01f745c4fb1b8f1d718d1b89682e57880
BUY,0.002,2000,1775679919,No,0x2eff117ffd4abcd6f528ee5c75eb4c459a38e4c17656d190c68c50ec9c62e3ce
SELL,0.001,1005.01,1775679859,No,0xf1ee864b7cc80eb59f3977817ebc989d622e2b1cf4f8f0e4ee426a6aeda65a71
BUY,0.002,5000,1775679791,No,0x1f0517ee00f4c3bb9c65352632f8a46ea1dd2a17e6d038be8a46c5fb2d4c495c
BUY,0.002,5000,1775679777,No,0x57821f76a5708839c0c1f2eb5c8762610576fac48f23455a54bd5282880ee4b9
BUY,0.002,500,1775679765,No,0x77e30f8d85c186c7cb1bce909c13894808271c288d72f85f2c163e32da3fb473
BUY,0.002,15.14,1775679763,No,0xe0b4ebfe72813a4b2bb9211fa9211374527050735accd826adab1555f8e270f4
BUY,0.002,500,1775679729,No,0x65ef0de686cfc0da33a0748c17d0e93a8125c213a6d9d90cb1805fcd50a1cb6f
BUY,0.002,16650,1775679697,No,0x19abe5bef0df581cc16e186c81ee854425eb265241de8a55d3f99c431d332e2c
BUY,0.002,1340,1775679677,No,0xa2462c24f4c0aa6efddf0c4d3b8b24569d6fc9770470aa53813158e91c13c067
BUY,0.002,7500,1775679659,No,0xba86497356275bfc59b3d4bd5144fb200523e0908d734580a4b17b7b7e8b5c62
BUY,0.002,5000,1775679613,No,0x71d0d62da40f1b8e7ee454af2562141fec13797f2b4cace06fc7e6ec5c41e21e
BUY,0.002,15.14,1775679589,No,0x8872857fed24b36b71eda9514353f2663e7b4b8c3f2f5b83410267314d9ee6d1
SELL,0.998,13.75,1775679581,Yes,0x9a33f0631d2605037f2d83e1542467480281efe4326004f917b1d875ed20496a
BUY,0.002,500,1775679539,No,0x0abbb02582f73bae8dcfa389035a6e49be3470ae61840a300174979c2bff1633
BUY,0.002,30000,1775679515,No,0xfb245dc70e0fb20a93c99db4c795b61136a176fc000883a80fe3147d88253c94
BUY,0.002,12500,1775679505,No,0x4f5c1148657bcc964a8debffa826e8ca90441fa2930cbd123473077c0d7ea7cb
BUY,0.002,67610,1775679497,No,0x33ef68a3356e62aefbcaf2fc06281eb7b8de3b927741dc1b272c063c64d1abf7
BUY,0.002,37410,1775679493,No,0xb0a73adca71df5c2e82028fda2b15bc522099159af992bd7636c6afb5232238d
BUY,0.002,500,1775679489,No,0x91fccce9f806973c23ed4b770637bdd640dde23e608ba9371cd819bf72a5e2d6
BUY,0.002,500,1775679471,No,0x86633b3fbb700882ba62c7299f51845e7ed69c21523b605cefbde15fd85d27b0
SELL,0.998,250,1775679425,Yes,0x0fb3860e85f24575b106d93fcef75f0807d2e75b6eb78e6b40aa7a4f17baf9f2
SELL,0.998,5.56,1775679373,Yes,0xe32feb3800792c6c6d7ff7821ad227e3aacac29ca881414e270631a75f1aefe7
SELL,0.998,5.56,1775679373,Yes,0x8fb7bcd10d625bd8b1d9e40f81f4094d686b5c199b027295977f050fa56f63c0
SELL,0.998,5.56,1775679373,Yes,0xc69c7adcec2739abbdd1b62c2eee797bfce39fc25b4961af702cf00876786b1d
BUY,0.002,250000,1775679363,No,0xc9b8e5852f6e1c7c3bc24832bc325fe42975c5ee4ddd3f33b797212be2ef3ed8
BUY,0.002,5000,1775679327,No,0xe428c04783f3981cda45b14f37e4f38a4f974aee521f9b212a71e7ffc16a2d1e
BUY,0.002,1000,1775679323,No,0x7b91234b45b7801a606f6bc9c945b779281d9d712854602a9715dc96502c898d
BUY,0.002,235000,1775679295,No,0xa7378e093d31e900bdc36e6a084f967c4cbd7c35e912fc03d5ed90a1dfd61fd9
BUY,0.002,15.15,1775679287,No,0x7e7a6a7d532ab0f811aa6ce8683828a9af79fd202c10301995cd5d02819d233e
SELL,0.998,100,1775679267,Yes,0x11e19123f2d3173ad742c7f208b9d51c9e3f8f2c322f221e891353533f0a5062
BUY,0.002,1500,1775679255,No,0x8a859b47b606f6d2fd86abe9b3eac7f5d7571a88aee0465d5ae33e4556e5321c
BUY,0.002,1000,1775679227,No,0x8fbe0e0b0845f385b982059b3abd1848e4a96eb4b8d38b95e81d575e4b6788a4
BUY,0.002,2260,1775679205,No,0xf9bc499bb54b7e98a03a7d30746699518c889d9fbfbf2cb1994ca26d958d75a1
BUY,0.002,1000,1775679195,No,0xd118e72c39ce2d9c57687dab4bf330440b5119fe383ba6ff341cac0bc54c91ec
BUY,0.002,1500,1775679177,No,0xec48b482c467e76a908566bcde23eeb149962335131ba1c94099a34b8f555c0f
BUY,0.002,14840,1775679177,No,0xf05203b63549cc8b05ce042a8cbbc1344299dc8d1fb632ff42137ca2f4ad5c98
BUY,0.002,5000,1775679163,No,0x2e730a12491a87419ff1e8a4245eeae06be69b7595d14dab47ffe52ad26adbe2
SELL,0.998,1,1775679147,Yes,0x0ce446749ed6d6c2e46de3b721275bade5c69c4c9b0b3b199d184969511d7681
SELL,0.001,97938.99,1775679143,No,0xec49bab1cda556b6ee288e6b6ce56ceb95d11b47cf5896a73db3560112df95f0
BUY,0.002,15214,1775679117,No,0xeb12081b4598eaca5e71401dc9f55621040e6156c81469ac6934319fe1428dde
BUY,0.002,48820,1775679109,No,0xcaf74b724dbc43525907efea7ddbda9ffff081fe8832afbcb7417b4e61a14f2b
BUY,0.002,100000,1775679097,No,0x1dd65b7b7dcf03e3581b7a2b3aeb791306486a941c676190bcc2b0eecaf0e29a
SELL,0.998,3.33,1775679093,Yes,0x9dd3a963a718e044191e14039f293357570f0aff1e61b6c2d03a54286187ea10
BUY,0.002,1000,1775679087,No,0x3b533f5658d7d1b00263fe25d7ac43ba0577052ebc075332caa85e054171944c
SELL,0.998,133000,1775679071,Yes,0x2c0e302c0c5fb740174222f839c54d81f433f15e0684c31e6593c083ec3e8d9b
BUY,0.002,18600,1775679071,No,0xec99580c998d7caccd6b29120590832436aeec9681f385ee9de02ba191e008fa
BUY,0.002,3000,1775679065,No,0xaeda4a0a6277913d8726c0c492f7d7b7a041ae3df069f33f36de1f336947f1e3
BUY,0.002,29500,1775679065,No,0x6922b8981fb00d3f120a89771473f427a45c58a8a8df63a6c01f08b6a051dc36
SELL,0.001,7333.33,1775679023,No,0xf013e3724ff11ee394d01d409746d3e79316e5f0421def8058395175464afa26
BUY,0.002,5000,1775679019,No,0xd458b6dc7b6898ad1861d2c36c34fc7f08d25f4c1808a7b88444606237a3f4f3
BUY,0.999,1.001,1775678995,Yes,0xfe43c8f81448ca3e3b3a714e54f6326304dcaf52732d3d9071fdcb2f5f753c37
BUY,0.002,500,1775678989,No,0xc9a625d53c8ae58fea0b8141184241d802627e7a99482366dfbb94e52d3cd5df
BUY,0.002,15.16,1775678985,No,0x0a26a7ca73a50690b088bb7752671ade2fabe7a8ca5a9173faa09ad610f4afa8
SELL,0.998,100,1775678959,Yes,0xa79969e897a5ff514661c73b7833bca7d9f472b498553e681cf2c99f8885a137
BUY,0.002,37415,1775678957,No,0x8c81e70b2ddc943ef78b702a171c71ef92f6c582dc093723bf570559eff58c0b
BUY,0.002,1525,1775678925,No,0x9184671e0b05e4f0223f310fd2ee914b0e20e41d1f974e4e6aa6bdb22ddddd2e
BUY,0.002,1000,1775678877,No,0xf9724a4e4e298bbb7db2572445178a89c7a934cfb778294c99e77421d2df65ca
SELL,0.998,1.88,1775678847,Yes,0x7b932347d175b10d2ec692744a60d1ff57fa30b3319d1e3aeda9588a6a2318ff
BUY,0.002,500,1775678821,No,0x17034e4ee1a5e5a0df8d72649fc6187fd0b508903d3c15340a1aa8331f38e7ea
BUY,0.002,500,1775678819,No,0xd3353547e965653d1dbd4f76863eb5e42e8db1d48e0acc5b0ec622880ad2669e
BUY,0.002,12500,1775678807,No,0x7ea136fc74992cca48e75ccc42289ae2e78312993da193d6f20232ee906e0052
BUY,0.002,14500,1775678731,No,0xed0f9d5e33cd43b24ff028f8eb48c14a0e32dc343b83a3b389f3b59a5bb43c1e
BUY,0.999,40000,1775678697,Yes,0x1c61c0465f515946347764b7f4b99ff88bc401ac884d2f5edc2246260e7e4b9d
BUY,0.002,10000,1775678693,No,0xc0657bbe05f1a5879ef4ca21fddd0122e861fcc15f70093154f179339331e54c
BUY,0.002,15.16,1775678683,No,0x1b25c65e63d0c81db52b90e9cb826bf04fa61c73fee7e1fc55b7064d8d48c80f
BUY,0.002,15000,1775678637,No,0xb2c3b9c9e25a317bc233d96757caa16e9405103cd1096872051b5b148685c6c2
BUY,0.002,10000,1775678623,No,0xb85c015c5a70742e0e6bc321a307bd465987ea140fa61ef9ff1b5c83855bf4dc
BUY,0.002,1000,1775678621,No,0x6a314b51e50063b35bf98c7732d3c5b3797c1a77de8b12867ccea6214ce75c96
BUY,0.002,5750,1775678605,No,0x157c0fe76932cac6bca87ed0ebf2436723d092878b51f9e91a622404544ff8e3
SELL,0.001,3857.5,1775678601,No,0xd5d65f27ef76d612b68a75a6dbc92f3b53a7e9593d5e93f626d12923d3bb846e
BUY,0.002,6000,1775678591,No,0x4454b5f9549b4816eacc71717cb62ec583a0503b087cb9cad149472b822606bf
BUY,0.002,5000,1775678555,No,0x0b8fba30ab4d991c9d75d72657910d2434431cfd4b9cd62ebe224945b0d258a4
BUY,0.002,500,1775678539,No,0x3c0f75da1bf1d050d79d31b0ca327fa081ca9ac42016f948b2d0b1eaae70265b
BUY,0.002,500,1775678433,No,0x6582ce98a60bd1ce2220b43e328a0719b5e42628c02b99d74cbb306b75ee9324
SELL,0.001,3021.1,1775678431,No,0x87a477ee4911c0cb8d168c45361e4e889be80e2b42593d07f563817812c2afd8
BUY,0.002,49470,1775678431,No,0xcb1f1c384a21cc6b4e27a5d243dcf5c570af160ea484eb72c3eb81c9ed08d548
SELL,0.001,2142.85,1775678407,No,0x495e8ae2958f3571ed4be48fdc9f08fda21d9ce9718820e107b78127aef34bca
BUY,0.002,15.17,1775678381,No,0xd7e216b3004e74fb6befa71b238e1927fe379562e805a5e9a47e6aed1f1317ac
BUY,0.002,500,1775678375,No,0xfaa80f03dc20725dd9f345137416881c63fef8f750c94814ea8c5374005791be
BUY,0.002,7030,1775678341,No,0x5326b7a4338a0753bbb714ec83ffd98f9b7ac2685404df88d4283307030c6f8d
SELL,0.001,5210,1775678267,No,0x2f8c214057f7326b858eb8ac4a38f4cb5a84eaea18cea95ab1a40917ea6d21ee
BUY,0.002,5210,1775678251,No,0xe36fc2398f9c48305db1d4528ff35b2a948b58daec2425cf6e503063536fa3b1
BUY,0.002,1800,1775678211,No,0xfa7b62fadc0a17c785ca5a424cba3912100e3cb3735fd013747e42ee13f0562f
BUY,0.002,500,1775678189,No,0x1615b8e3b4997118018d6e17337f2e0988903a8619d9e33f3d1910a46e34dab0
SELL,0.998,327.85,1775678181,Yes,0xadfc89ade85fa261df24d3b8d54fcabd16cab3322109c62455a70512b023f0f3
BUY,0.002,5000,1775678177,No,0xc9fec9f7077ae3b9d509add54bcf0756caca379e6ecf43d89607be1168ef8c9c
BUY,0.002,10000,1775678175,No,0x9707987f6ec36712ba2dfeb4f7cdaa5668856fd4908f4ddc9f5de428bae268bd
BUY,0.002,1500,1775678155,No,0x878f81ca0dc2acf1c3cabe2d71ef4f335e6dcf3d79725c85f68b680ddfd65bf9
SELL,0.998,79999.96,1775678143,Yes,0x45d35ecba3ed2a07092ba8bbf11ca4450cfea5315842521aaa618fe949b48219
BUY,0.002,55500,1775678123,No,0xcf1f9498bc110f55791842b4b448f6a7c612aee5597c7be099e73cdc788757f6
BUY,0.002,570,1775678113,No,0x6d77ef1d6adfbec7871a51ecd9fb0f9a18f85dcdfee0318199ffa82e43069bea
SELL,0.998,8.77,1775678091,Yes,0x41dd8fd8b497a3e45d890c8c7734ef3c16b37b81f726b4396b904978a63a291b
SELL,0.998,5000,1775678085,Yes,0x4d238afb96c410a095ec1e256d5a773244de955de081b8123577d0788819394b
BUY,0.002,15.17,1775678079,No,0xf9398d08cd6032b2ca10a4b3e43e447caf9ce464e926dba4dd5b684041ade1d4
SELL,0.001,11055,1775678077,No,0xaa5a8499c4eb2bb2d99354ba6a4f9487de011cd230d08b5fff3e44e42611875c
SELL,0.998,27091.2,1775678075,Yes,0xd5583812b23d6f2c652ce874f4ecf1aa6bef69a91ecbdb0dc269367940cb0e48
SELL,0.001,150,1775678039,No,0xa9ddd6d57cd49367ffb1e6e2ad0fca9f1755545c2df053cbf53ff88ce76d72bd
BUY,0.002,500,1775678019,No,0xfe755fea6d8e6ded16c0b40ba0529c55d676086989065c209632e86d6ddab898
BUY,0.002,4500,1775677995,No,0x2f702521d11a7926aeace610530d661610b2153a4f9e547303da7129b45ccb48
BUY,0.002,565,1775677977,No,0xfa465c6a5adb18dcd8fb4d6f68876ba4b3e82d32bff4bd197e64147402ae9436
BUY,0.002,840,1775677963,No,0x4ae5bb1dc72e121b86b129240a4cec614a9ce4c6315197a631fd607d5052f514
BUY,0.002,500,1775677911,No,0xdea13cf3ab66813959037074bd5633ec2dbbf8bdd1b13a2737967622632108bd
BUY,0.002,5860,1775677905,No,0x43e084d50aa4ed30c11766e9ebe0beb12abc490d36678f915b82d6f8f3930567
BUY,0.002,900,1775677875,No,0x38faf9d3a2de7e68fed635caa4bfd383d3450a138ca8d11be78f490fe36d9551
BUY,0.002,1305,1775677867,No,0x6790b46c5b9cc611573242eb31e6c76bd2612491d113565f097c9f8b9d220be1
BUY,0.002,1000,1775677833,No,0xaac9115d1728f3e623de51e3118e5e9edcf38267a5af79349136144c7a453b80
SELL,0.998,1.47,1775677815,Yes,0x91049c5080f97971ca0636ceaa754572a3126d8efbcd69e5797ce3d8ecb396a4
SELL,0.998,39.54,1775677795,Yes,0x88d40d64a8f60e38767a52fbf78b27ead2acb657c59945e4bb508bc39a137983
BUY,0.999,1.001,1775677779,Yes,0x511030cf9f756b7b69f93509b04c2358fe17abdd0b986874ba48bdbfb75fcf97
BUY,0.002,15.18,1775677777,No,0x045a062e332bc68bb33fd7d2816d43d6870905d223a3d67d4a962c4782cf4a21
BUY,0.002,2500,1775677773,No,0xb769a8d20e617d74b3a9e455f8c686c78bfc33cfd527554c677222b7103bd679
BUY,0.002,17500,1775677733,No,0xb31b4d115aa19d65c85fee3d1461faebbea8435e4a2acb9bb346d0de0f8bdbcf
BUY,0.002,7450,1775677727,No,0x3ebef806a295151e6be7263f208afdf6e173f270e0e48fbb995af5efeb753d13
SELL,0.001,72598.58,1775677711,No,0x6bd0320892d8b49fea995ddffb90ad9485d03fb7e853956e1eee470b9b9034d2
BUY,0.002,40000,1775677707,No,0x8b19c73c2088df424dd7efa4aa806e339a7065b0e4ff74a61a5609a035e4e797
BUY,0.002,10000,1775677707,No,0xc5c1b93511e0bdf9a7a205c6fa8f35b7dea346e4930641f938c7b78b37195f57
BUY,0.002,59500,1775677669,No,0xdddd14b5ad790ffb83d99d573208ee232c9dc8ac9c33c9d182149aaa2c7b7f9c
BUY,0.002,5000,1775677649,No,0xe29999067f8cbef1a407149d5bb49a84655482d22c1b002d78d7bf6ecbe5be34
BUY,0.002,500,1775677641,No,0xe34ba8fcea700d6795fc1e385a9a75b209adddbe5f35d7bb219df4211382b9a8
BUY,0.002,1000,1775677619,No,0x77295e5417447304fbd70532842221c6297aeb6b62af54e9332a9c4c0a59d44b
BUY,0.999,1.301,1775677597,Yes,0x20a0a6ad81ccc9a91f6a1190f4a99cfd2bd31d8c646d2a535aaf9fd6a10a2d38
BUY,0.999,5,1775677593,Yes,0x88c63946205da0246180a6aceeba0e37ca0cc56fc368027a8394f17896467e07
BUY,0.002,4610,1775677591,No,0x2a71347ab807bf143d8d0cda2b94fc7940f3cd5dae12e8a107d6341ae861c378
BUY,0.002,500,1775677571,No,0xa1682bb2fc23d786a7fa8830adeb416a2ca22fb7e5aae44b8f0c2252a861a251
BUY,0.002,10000,1775677565,No,0xb309045556e0745ebadc79870ca6197699dd50098591c891a880c64ee2d702e5
SELL,0.001,2456.66,1775677551,No,0xfffaa34b36a0daaf9734db2de591a779e02ef49defe31ddd25fd60a28271ffa6
BUY,0.002,17145,1775677547,No,0xfbce18b8227b1399a5fd424db354d9d3187936444eaf52c7c6b40793854e5a54
BUY,0.002,10000,1775677501,No,0x3c065626845aa2bd2c118a82be726e5db5210593e69207a3c5c0e1c8574c0115
BUY,0.002,15.19,1775677475,No,0xfa81ffff7459ed5e877e323750a528f558818bb6c51ef3e7ac5b7f1a5370918f
BUY,0.002,25000,1775677473,No,0xb7043ed8a7c95eca840eca46019df85e86ad5bdb502eaaa144c869134db4033d
BUY,0.002,30415,1775677463,No,0xe13cf9e920684d4d2ebcb3fd1e0bb9d02ab58947a99c9c466b74a74195f41427
BUY,0.002,10000,1775677407,No,0xce413025231285584bd227fb0a90a840da807118d27aac707bbc58cbb5d6448d
SELL,0.001,24483.33,1775677403,No,0xf24a49911b847b1fe72f43693efaa1ba4530bd9fdb011fd34f2463975720d984
SELL,0.998,100000,1775677385,Yes,0x2bd5d68fceb3f92587aded93c7cc56d298282627cc7b052411b65b7e700b9253
BUY,0.002,2500,1775677311,No,0x3bd50c8c3a6c9893e54b6fef71da5b46d9dd4cc8aac8f783a6846aff37583522
BUY,0.002,3500,1775677293,No,0xdac922ca91c72d1a9206ef49ee0b2ca5385046baebb83347bb62e8fcd40a4ab0
SELL,0.998,3750,1775677255,Yes,0x90a34e58b5586ed75e9ee47f248a0adef5ee30872de0afb2ec4b117a10a1ea53
BUY,0.002,2500,1775677235,No,0x004c9b09a6d54425b0c14a65e121c91c181b12c351ef9f85edd1d086eb3ad20c
SELL,0.001,1300,1775677231,No,0x4ef067d6612b04b2bec2bdb8e57cbd2d34ba9d029bcac87cec901a169255a14e
BUY,0.002,7500,1775677229,No,0xe723a5c183ca4d952660f4fb4bd8cebabbba5ce30ed6799160209f85f1c36c4b
BUY,0.002,500,1775677221,No,0x10492da3538a0f9078754944c55646e955d3531b5724be5cc39a66148903310a
BUY,0.002,2500,1775677201,No,0x0ccb7702f2e790bf0b3f61eef9df5b57418d1fb1aa230e3b2416cb4e7a9190e4
SELL,0.001,1500,1775677201,No,0xc32aeafd2525facdf77b81d3dcba6e9d86a35f2cdc9128b6c0978db4aa581ba9
SELL,0.001,100,1775677197,No,0x5704cf9861b1f94721f13e0a65270cd8f5e2d7a003a695b4f6a2ef8c9a696683
SELL,0.998,30.59,1775677131,Yes,0xdffde7f716f347e8a97e81e33d02812747398895389e90f757e71afa1c8a9b94
SELL,0.998,29.85,1775677127,Yes,0xb7a41152965924ed143025788a0143744491cf4a1ba20cc4fe70b5d10c0cea5d
BUY,0.002,2500,1775677065,No,0x562817848a8890f8ffb03330d6fbabf064a6beaa4a79e5c5252bece259534cb9
BUY,0.002,500,1775677043,No,0x2b2227373cc9edfca7d26e3dbd315b0d7ae65960526b64f09eee73810a0d510c
BUY,0.002,1000,1775677039,No,0xdd0b55c50594462584788c42da488ffa29f00909e71f99ea01056979737441fc
SELL,0.998,179.8,1775677025,Yes,0x1697f79752bc2aef4d4a4157b4b75774a52e1af94319c04f20393305ff51b085
SELL,0.001,2011.99,1775677019,No,0xb520017bf40d68d1c32306d7dbf8538dc08e547943b79b3a170926f94412c4bb
BUY,0.002,1000,1775676881,No,0x215908dcdd0d0b2acc4394834beed5f619a2a80e928562bc36f2bfa139d7f403
BUY,0.002,1510,1775676849,No,0x4b2a4f811ae3583653c17b2456d41cbb83c4cdbd1abc05453395e586cacb6bed
BUY,0.002,500,1775676835,No,0x378308f3abf4ea31dfd024c45ab1c8a13856d84d6e6344296050b49c0a75c319
BUY,0.002,500,1775676825,No,0x571a64cdfa2d3bc12d136ca642bd17806ad235268ec3798b7fc1c6d9e5372a5e
SELL,0.001,935,1775676731,No,0x56b26edace7c6b493ec5025b6e5b420e9d0e907171facbd57b406fe0db4716ac
BUY,0.002,4440,1775676723,No,0x06e72fcc34d454cc116fbdce3f9c84bcd2a0a0970743e7effbf648fdae107209
BUY,0.002,7500,1775676707,No,0x500c6a37993fdd68244661184edacb3fb299a6142b3af9685c4718cd92326924
BUY,0.002,95000,1775676683,No,0xe9e2045ac1ff50f43ae12620dd3b6c6de8c451ad12f58cf4ac51f1d48468d964
BUY,0.002,5650,1775676675,No,0x651c05ff439d58361c17901f57897207f3f12da0950828a22f10159562b47b8c
BUY,0.002,50000,1775676651,No,0x08d7d69c7a4f222d6098ca9ab2649a1ca11574c2f9abb5995e6e84c8458f9baf
BUY,0.002,27500,1775676649,No,0x4dd61b30e0f1043781f7e9ff3a49c1a9dcb5c35ae654a29a6eea86204614ae21
SELL,0.001,20167.17,1775676637,No,0x0f578055a9fe5ca76aa81d632489136966d4736eaf18d01e731dfa09e71dc3d4
BUY,0.002,5000,1775676615,No,0xae947d2f25fe1f55e959d0a8d17b7dc3e6f8564e918ab609cb281984659c6f22
BUY,0.002,5000,1775676597,No,0x3073a4d5d3ec6d41105038b5ddfe6b2ed7ee213ac4efc348495997f7ac210af5
SELL,0.001,25100,1775676571,No,0x5abdbaefd03e35925a1c5513b45011014c857c6a65ff00170b3e389447e0fda6
BUY,0.002,2500,1775676569,No,0x0ed38346a38cbc91c314ac3b3daf10fe5aeb08d5949ef479534f77eb500471ad
BUY,0.002,1000,1775676551,No,0x97c17dd68b4d5cff94d2fe526595ba41d464ae9fcbd81a8b7a3e7235ad5ecf6f
BUY,0.002,25000,1775676483,No,0x8bfd80b2ae1d98fff04491b1acac48df381aac378b4bfa3a550c79b09c80f602
SELL,0.998,5000,1775676451,Yes,0xcb6621a0e5452c31f584dec4d7dbc6184b40a8fc4bb486aa573ca8473c286674
SELL,0.001,51980.21,1775676427,No,0xcd62b7d95baf35bbe850f5015f15a368c90571c4cf43352c42eacaf182f1d024
BUY,0.002,5000,1775676393,No,0x95fd16c8de35bec983e6d37c81e4d4e8bf1e85eba68d48eae9704ca7249b42cc
BUY,0.9989999998908595,6276.316315,1775676383,Yes,0xdc413dff4ab2a97c5a251a0c35e0a1376982dd0184787e472bdf808a30925dea
SELL,0.998,238.42,1775676347,Yes,0x644ef69d866abc88b8dacd8cd1f22fd245cd512bd3fa6d70870ec5a4b11f6294
SELL,0.001,1292.2,1775676335,No,0x9e38fe6a5f87e923febfacbac580e87006cb55d22628b8dfda18c383a935ecb1
BUY,0.002,20000,1775676325,No,0xc2876ab5414973c6282be8ccd698ce21cf7d8f6c99a32eb8f9292741b4db5ffc
SELL,0.001,10000,1775676299,No,0x76fbce0f74d9f950326716af8e3c7304ce4acf502e509c8ab4f3374c18661e7b
BUY,0.002,30000,1775676297,No,0x54202be02780cbae3d26dad097ba7c1d9d0364f000355033dde21a5ac91e5909
SELL,0.001,700,1775676251,No,0xafc0ce5c74de275ada165e8ff4b2f2af07e5ee4d7a885f11048063e694259283
BUY,0.002,500,1775676243,No,0x25810ced0985ed61f9cd6adfeffc706f635b7fb7eaea4c099e2d881d01d2332b
BUY,0.002,28395,1775676243,No,0xf79e6b9f9c780ea0f8034e4f95f23fd6bff37de8c1c7849d30af99d2bd15c01b
BUY,0.002,1500,1775676227,No,0xcb586479d003912efc4a9b519b31e81dc11399c35869cbb43afbee7b3a47e6e2
SELL,0.001,20000,1775676225,No,0x345ca1052521a739cc9ec890cd1fbef11879003b9c8774dea9760b181b4890f3
BUY,0.002,150500,1775676215,No,0x00ae6230f9d43a11a34eaddec42ae917eb773d5281fa39a028750911d66ec71d
BUY,0.002,970,1775676213,No,0xad604e9e6ca9e6b2889f7c09bf6a127163dcd395c4443ad9d39674052a2ec51e
SELL,0.001,1192.8,1775676181,No,0x40fcd045a1b5aec260b12b32045b2247c988208ab4c12f275db66e5e0e592a34
BUY,0.002,500,1775676141,No,0x326d1260985e790a839fd1b8a148cb45b22fb4ad01d5bfc2945a38cf17f60f28
BUY,0.999000000999,1.001001,1775676131,Yes,0x3ce7275481d9aa8480991c1a7e0eef946709a3fa97c82c968fd10dff3bdf52bc
SELL,0.998,588.7,1775676121,Yes,0xac0d38f295da45cee79153ea0b2cea81ebca9a5e56688ee27768032073af29cc
SELL,0.001,2000,1775676117,No,0xa3e952b8205ffb3aac32449a68861bc86dfa27f4d9580ebac25bb0831e8626c3
BUY,0.002,18765,1775676077,No,0x6f4a37ebfc218b75e6b86395d6cfdc8ab506676a197cba9be7d75a171322fe00
BUY,0.9989999894239366,14.844843,1775676065,Yes,0x03b7a44867156dd39d6c01d08243734b1f48bd8a192fe7d6a51a4b7facc84c64
BUY,0.999000000999,1.001001,1775676045,Yes,0x7f1991e3e6883bacf6e7cdb1b34756743bb9e3a998e2b78d7830df83e5d6eaee
SELL,0.001,1015,1775676041,No,0xb8ed2ecf687befa0719820189ef795f658c551ccda15c3266b5482e19ddd990d
BUY,0.002,5000,1775676037,No,0x52a65ed8a5110fe6c2c934d9002eb06b570bbfb14e9a000f038d20784a03e211
BUY,0.999000000999,1.001001,1775676031,Yes,0x734af7c81ef26d2e0f8c53e93d5dd3b578e9f12d30aadd8434a83aac9b8c47cd
BUY,0.002,500,1775675951,No,0xa65f124f221a6954a851fc9c4522735e536a37ea1d919190b62fc6e25fd3f5a8
BUY,0.002,2475,1775675929,No,0x8b36d453f220839ed637493b2e4fe3dc07af90974f73a79fed915476f53169cf
BUY,0.002,500,1775675919,No,0x697268f16823fc3af128d682d7c1e9d73637120ebcdb075ee64a816e60f20756
BUY,0.002,2000,1775675907,No,0xfec4abaa1f03697bc548808eccb9ce672fa3a9d8ccba4c308376d14f1fddff2a
BUY,0.002,1000,1775675903,No,0x326e5c5b11b6aa2392c76e8f517e102a13684c57e9a45130c2fea37570754382
SELL,0.001,30,1775675903,No,0xb31a756fdc2289008a80eaf318b7ca56cf5d4cd342ed430c0e5519f28af6371c
SELL,0.001,2286.25,1775675873,No,0xa67e4e71cdb95993074c2fed3cc1855d76a62b415557e8ad5ce1db47fe3b7847
BUY,0.999,1034.25,1775675871,Yes,0xa5b3bcd0c5d718263946e0a7a399d5f8795143b5f49dca845c597d6700a31190
BUY,0.002,4500,1775675847,No,0x747c40c8e8412bef0a7d6037a649cd06255c95384f57299af713f7d82c16e17f
SELL,0.001,103228.54,1775675833,No,0xd6fb0bde6c623182465325bc8c792bd4efe9373aaff05cab0b1ffc6f66ab1abb
BUY,0.002,3500,1775675827,No,0x4a7f3ed437dfef87a269d92d8f00e4e18a6daf83a7810779000db3f94238d6ee
SELL,0.998,2.89,1775675811,Yes,0x0322fe018fcb7c7a3c283a4cce99b20e28d6300014274ac7a71f98792461efac
BUY,0.002,2500,1775675807,No,0x201b2b53b46867fbd0c89363ca7e6410230eb17b9991aec238cfb268e47ba92a
BUY,0.002,3000,1775675803,No,0x04a7e6420c3d7d289a061eb6bce51f47b1756bacd7cac2c7d306ef75d49af461
SELL,0.001,50000,1775675775,No,0x2982fa5472be74a5d2d9d1635355f37d5900575ab1cb3b1ecacfca551898e7e7
BUY,0.002,500,1775675745,No,0x3d123dae79b1abf7448ae744fbfd8d59edf40562f12e1012a68dbfcb660cb3e9
SELL,0.998,77.09,1775675685,Yes,0xd15104ac851cffd4c7d5c7474fc9b8c788ffd7d5720396fa333f0ffbc8a1dbfd
BUY,0.9989999999444014,1384.924923,1775675565,Yes,0xee94ecb3e0d90385fe7e1581b2ccd50f242847c6e5bef1f589def4a6e09ace2b
SELL,0.998,209.03,1775675541,Yes,0xfc1e87276ebfe2ffd4f720ae5eee7af1f59a6850291ed8ca8f97a080cdc7d04c
BUY,0.002,5000,1775675525,No,0x6d155230b727786b2fa1ecdb8f4e642ad1be11759e4f901828317d4bdc126234
BUY,0.002,72500,1775675475,No,0x974e91b452618ca38503fb2f7d69ca03e0b78e3fe4fdbe7ffdee1993f745b738
BUY,0.002,3000,1775675403,No,0x380f5265fcfa085b7f02879ef4a74e75e8f4d9b9932d8d73af27243b65b4ceb7
BUY,0.002,72500,1775675397,No,0xaf8c5bc29eef61517d1d9359815a8dac75ba77bb4912703c19aa33dc983d7770
SELL,0.001,2000,1775675389,No,0xcf5116c231c904d6fa57961c26df6b09ec2d021eb6cb4a5f1166ce3e4fef1202
BUY,0.002,1500,1775675347,No,0xd3f3d4566607d1b9ec69cf5ee47802b89097ee8ef59e2efa9a2d6eac62e14322
BUY,0.002,7500,1775675339,No,0xa7a22904cd93fc227856bcd2d5804984e85e243f21e151cde81263ca1be63a2d
SELL,0.001,1150,1775675321,No,0x348282901cd8b27e7731fe9a47d768476f7688eb8372e48071850bdf56c70d52
BUY,0.998999999904909,8539.189188,1775675319,Yes,0xa17f938c99eaa05ca6c5135f4f11250a696085ba1f6268bb108f45d4039acd71
BUY,0.002,28390,1775675305,No,0x736f6753e73cc25e21a371332d832f0de1277b2c9461c94e8b8add542aa45717
BUY,0.002,14800,1775675267,No,0x53a333a862077308ae09e5eadcd5db903005cf67799e4a8d02628fac1b022775
BUY,0.002,5000,1775675243,No,0x6a505bfb9dc24b1575bb6b67c1d16afc3622b0ccbd0b240eb86013b0a0c950c1
SELL,0.998,2,1775675237,Yes,0x6e8b89c22ab7a801039e2020a379cd6cb408ae0862825de91044880f025fd03d
BUY,0.002,1027.27,1775675233,No,0x80cddb90cd57aa5d8acdc3890145c7fcb58e3fd4d552fdb8625a693e62d9dc74
SELL,0.001,80325,1775675233,No,0x8dfb143396c2446c25c3125dd079809794a815c7db359f13cc29154d37121f80
BUY,0.002,277705,1775675173,No,0x5332d717286f31f010cf3b72bc456df03bf4bc16e32ddf0b70fc91045d07ea92
BUY,0.002,2500,1775675155,No,0x348dd25ec4e6c760c21bd28ac6f9871ad170ec168321b3b098cbba57d5285ea3
SELL,0.998,355.45,1775675145,Yes,0x8a15adf3d3b1ad9faf2b785e693033619067181cf38e95ad47ee8cdfc842d01f
BUY,0.002,1000,1775675139,No,0x6089cce24afb5f2f8c88c5ec34e38fd1ce878af5697366fe70df45188d86f77b
BUY,0.002,75000,1775675135,No,0x36df41005cff932e2aa4e0b6c37daa88e69e22df20820656b0bd9f00c6faac1a
BUY,0.002,10000,1775675133,No,0x2efca0cca22e073f949f1c5a0c18be268752fcd54b6a5d5fcf807169bb1abc1d
BUY,0.002,3935,1775675113,No,0xcd6f5a82d41d1a64479360ce74d0714832aa7ebe15655886178ce2f1d79d8373
SELL,0.998,2,1775675113,Yes,0x23cc18bea1b119f1f5c0989ef061207bece9ef5f66ef46f706f86c3cce0b2bbb
BUY,0.002,1320,1775675015,No,0x635ded22d1284d5cdf3ed90ce1db066d7f732db24b195eea2d763b28d6ab196f
BUY,0.002,2500,1775675015,No,0x808c069743e95ed41932009df24157a50cee4ba72ef4e63fd7946e0c27169a0c
SELL,0.998,98.03,1775675001,Yes,0xb54f125bad09e82c8934ca000d5b08034e5e84795202f9ed6f1a8b8ebde01708
BUY,0.999,5,1775674997,Yes,0x2896901ebe0671ba401ad109e7ea6d7f01cfb336302fb12f58832b2ecf4e8a47
BUY,0.002,500,1775674995,No,0xb65766a863489d043021ff009a3deb8f726f92c00553a5bd3b945385354bd810
SELL,0.998,296.29,1775674973,Yes,0x310d6681b964c344657e8d777127a066878f3c0fea4b7e69897c1238ff8e1c9f
BUY,0.002,5000,1775674941,No,0x770696d965ba21af18152540eb8bad7b67d3b885dee3ab2a338333d86fec6c13
BUY,0.999,2.002,1775674937,Yes,0x72b9888da7419981991a5fd33ddb5a279f965c79dc22a48494137981966e6561
BUY,0.002,50000,1775674915,No,0x34d5abb9d5f62bdc4b9b895e114894498d3b3ef50ac98e8f95ffb6ecadc4fc4f
SELL,0.001,21,1775674911,No,0xba6fa451d8cf788e110ffb670ba830286cbf5d9cb463b3717238a0daacc03999
BUY,0.002,500,1775674901,No,0x3663aeaa169065c3d08ff534d851ee03fe7818ff8b6a71168cbec3e6e1c2e537
BUY,0.002,8000,1775674883,No,0x8b42d910211bd39d4f573e90f8e5f3d1063bf44a88a163a91346b0a7fdc32eda
BUY,0.999,12301.531,1775674863,Yes,0xce76234c0d81a506a26c31585cc3f94cfcafeb61c34390f3d0d8da09d9df9091
BUY,0.002,500,1775674853,No,0x5113fd55d500931ed1ceca38c494bbd62bae76e3061ad85dc38919a3579a02c7
BUY,0.999,3000,1775674811,Yes,0xd6ac568d1b7535d3298490125a4cf4c76c8ac97e367058ff6f735e680df68b72
BUY,0.999,500,1775674793,Yes,0x546871e53825be4060e55e79669fa07ce834879b73e2adf8525c7b4710302d33
BUY,0.002,1500,1775674773,No,0xf534c98b1d744f24166c39a502a945afd79f736bfbaa57ff89935b425c029c50
BUY,0.002,2500,1775674771,No,0xa5684f12d6885f67e32a06c364bf85277a37f00648685a8eeafc4fee1f24f13e
BUY,0.002,5000,1775674755,No,0x468bf6aad95acc7f343be93b8daf1ada2222eaab7ab254374d49125e0daa18d6
BUY,0.002,1500,1775674695,No,0x1332c0e790a37a55f42ce555f8db6de1077bf21e3d16d6510c85a974ea3eb15b
BUY,0.999,14858.528,1775674663,Yes,0x8a15c6fc49f1ce5e958f5436fc5c8d13cf7d167b359f402d75d0e41ea24d2474
SELL,0.998,2,1775674651,Yes,0xcd0322de5290254992c75aa4866117de319f00ace0afb10d45ad6de2b9132d7e
SELL,0.998,1.47,1775674641,Yes,0x9859e94b7c709dc616c6e24f20e2b1806ff919b84fdd21e93d07c1855357e233
BUY,0.002,500,1775674617,No,0xc1e08afbab7a110b294300e5866bc53e485a1f9e1a810c0f8ae92b2d478a7199
BUY,0.002,500,1775674613,No,0xda4ea4c2dd0d8246009c685893bedab51950335073b21c88707c4b0288f092fc
SELL,0.998,21.73,1775674597,Yes,0x483880227eebc245a9a0353e5094f4b970337fdf78aa9beafe0003ff2f92df97
BUY,0.002,500,1775674561,No,0x49558b2fb78ff6fcd1f409bee096115d6621fe78e1d0185d426874afe24fd9d7
SELL,0.998,16320,1775674537,Yes,0xda4f1a0e47d812e9807c1b17d6a1a7485ecbe4ef2e7b2abccb46a20b448270a1
SELL,0.998,1000,1775674497,Yes,0x3c9d7f9cf091c2cf203f176cc94c693e70677c2670681d47969911ecc1953b57
BUY,0.999,2.002,1775674469,Yes,0x57a7256bed355de8ce253a3327cd1f7cfbb9b06cc9474bc8fa40f1e6af392cee
SELL,0.998,5.74,1775674467,Yes,0xb893d0b798c20a5ebb75266c71151c91cdd458a7535f0940b79ac43d291b61fc
BUY,0.002,12000,1775674439,No,0xad05494d5298b8d4122b798bf47def9b6ca1c3893094b62bc723dbc57a67c603
SELL,0.001,500,1775674415,No,0x65f322ce5bf291832dd49d00596841cc0c0fc284c6133c14da81fd794eb9eda7
SELL,0.001,29999.99,1775674409,No,0xb6d3c15540ba1f0c1b01e1f9996168f7b17dd4c4adf1c036901e0aa6dea91cd1
SELL,0.998,9.6,1775674403,Yes,0xa74253a97e377a9a832a8ab22e9d6b9aa5f3c17359c188580cf287f3259ae5d7
BUY,0.002,1000,1775674399,No,0x2c71fc32ac16e7c866fdb717c51058346f31bce55f2219fd3a83cd002df09709
BUY,0.002,4500,1775674389,No,0x1a31f65c1e1b6215d010857d6d7a1f16a13aacfcba57208f93f6f67028a07379
BUY,0.999,259.269,1775674363,Yes,0x40f1cd02555cfe55c09b80ff2de7e49af6f2b85d8682d25778dcd37f77aae963
BUY,0.002,500,1775674307,No,0x6ec8fcb6106d17a3cbff105763c90c7d0535691d8d5c8b72499c9edfcccb7218
BUY,0.002,1500,1775674283,No,0xd2ef1a6b1b127336c5f7d0df44939719bea301493addfd6f8c4e53f16ee67379
BUY,0.999,4.994,1775674269,Yes,0x1df1887be13736ed628ce9822166a5996f7dea4ce3462d5f198271e084b46413
BUY,0.999,2.602,1775674269,Yes,0xfda3b4d4ec2df1ac4aece06f65ce52068d315b3f69ae52cdaa9191e4baa87e6b
BUY,0.002,2500,1775674261,No,0x2a728879e960b27910f197065329d1f8749fe306f5a4508066624bb3dc86099a
SELL,0.998,5.56,1775674215,Yes,0xa8b230cce772ca2006054c4d6d2cecf17e017bc65d9a138614f98e4eaef99a44
SELL,0.998,5.56,1775674215,Yes,0x076206c098296d1cdba963e42a865823bfeaecb55a65db3c41248ed7ec8276cb
BUY,0.002,500,1775674205,No,0x1a317cfb5174466fa47a217b18c18a4e4d2cb3d4d97386097a6a02a05be481f4
BUY,0.002,31500,1775674177,No,0x7c8fe64b6244ad6f3bea5d2146a4149e8f6fc470a162c042c0d892176b6e508a
BUY,0.999,13.753,1775674163,Yes,0x86ec4ead07e5e549c47b767cb5edbc1e1e21ad8b9f65a155f94f712f167fc2bd
BUY,0.002,500,1775674159,No,0xb55e1a7cb563ce41f75463848c5c124fbb87d004d8aff767ac16855827c01d50
BUY,0.002,5000,1775674133,No,0x73eff935af8f24e83384b8cd80f55aefc11ca99c6893fbd509d1067d092a7f28
BUY,0.999,1.001,1775674123,Yes,0xc64dcb9285379a6b8be614501d36a123e8da91289c8d50865e74acc1f5bef88a
BUY,0.999,1.001,1775674123,Yes,0x32545a339340c7d0664d206f0773a19fcdc38b866b8550b0c97f427797ccbc94
BUY,0.002,1190000,1775674119,No,0x21fc5c5c4cb3ee71ae0ab65a4f02844244e6a843237df9254d7f6fbb43ae85b3
BUY,0.999,3.703,1775674119,Yes,0x324d8e687edbe06c978ff2711e17d7e8ed05c199b12db8c24dd390174ac52247
SELL,0.998,1.69,1775674109,Yes,0x8d2782979360c09c689113a76bf2e8ce9fe4789e4f6c447632b6db28299b2ed9
BUY,0.999,64.66,1775674097,Yes,0x32b62f2364ede85f3f04fc5bd262e60164f59eafb5b647410291c3d86b7e743d
BUY,0.002,20000,1775674095,No,0xd6906cca59035d115631710abbf3802a963611797d7bbf6399c856423d3dabc9
BUY,0.002,2000,1775674065,No,0x6590d66a9acbdbbdff14985f0654d8d6204026fc073f0753624272088488f4f0
SELL,0.998,10.25,1775673967,Yes,0x9d8297412a2d2c3e0438ea70c5f2c1e22021f2f0188d0d0c4453570aa5f8a004
SELL,0.998,2.1,1775673953,Yes,0x208df899df2f17e3c91318204ad2a0c81ec6da5b31664569263c834e5b658d7d
BUY,0.00183441361525689,303132.29,1775673949,No,0x66edde7302a6487c0ea6718ad0a223c580cb535abda919143287f654d45e412b
BUY,0.001,100000,1775673947,No,0x113a9babf08dd0af7c66d2b138b12d7891fac566dea840c0d2a5d329ea784812
SELL,0.999,0.85,1775673945,Yes,0x8e7551f1cc035e790f4f575d6679fcfd3f340ffec6c93f04b2540cd5b30a8e14
SELL,0.999,1.07,1775673945,Yes,0x6f92b2b67d598ef82a08a94571ab0523f6b579bfaa116c972ec7ace64fc6231e
SELL,0.999,16.84,1775673943,Yes,0xac13f5bd3abd132d7a013b68c7d6a4dfb92cb9424a4710cbbb0fa7d6021de1d6
SELL,0.999,1.4,1775673943,Yes,0x32db1684f68e8012bf65cc9e82c123a1c2e151307402f842a7d6afba701e6b96
SELL,0.999,4.25,1775673943,Yes,0xed0133cb895ac13838f4ff76a5d3020cab33573e45b973acb093994567914316
SELL,0.999,1.4,1775673943,Yes,0x08e584a5298dee393729ef9d8e546808818644b8d921410017a6673a6a88cdd5
SELL,0.999,2.83,1775673943,Yes,0x1ddeb73972085619c98a2e76aa701e28864aec9b1ef2dfbd691e638061290052
SELL,0.999,9.35,1775673941,Yes,0xb757a200eb8163ea1e071fcea43c3a16f7ba0536eab9eb79e8e4eeb5abb83414
SELL,0.999,60.24,1775673941,Yes,0x8499693fb90ca7ed47ded885b27503091c0ae8b8306b4a910227687d37d5604c
SELL,0.999,2,1775673941,Yes,0x8b032ac426606e37ea75a9b5837a1484a34480403e2b8c05eec69a46ffe2099a
SELL,0.999,52.71,1775673941,Yes,0xea76e81710c8a2927be4f68ec17b5082a29e5bf041e5052dde4003c376214768
SELL,0.999,5.35,1775673941,Yes,0xe3f8cf321725b8fdb310354edc46a0cf1416e660ae2e820e8c88eb744ba62c87
SELL,0.999,150000,1775673941,Yes,0x87ce0b8d22f31b601e6abf63c75fb512d9bee806947d7b69e901f5b865dc9731
BUY,0.001,700,1775673941,No,0xdba984865a9a9567c247ce6ae7ae238384d56e59f088efab8cc70025dfc690d9
SELL,0.999,1841.16,1775673927,Yes,0x90c36e53797edc05759ea430339c6a4a767779c5b215ce6361224bb32b0d0c63
BUY,0.001,20000,1775673885,No,0xeacbfbc3a41051d7333074e55ed45dcb0891da3686e2147482c25e4c0490c83d
SELL,0.999,5,1775673789,Yes,0xfa7c4d6c1c8dcc58697e84b6dd2fbabdb3bbd046da65309388cafca9f65b9ae8
BUY,0.001,5000,1775673787,No,0xb57e68bca4bf657ace3f99ce0e4de5141c27f821d9a76925d85f6fe05b13efba
BUY,0.001,1312.09,1775673759,No,0x6775342bc764cdbc92009f8165ccd6a8dbda367a82e180a82d29a4b34257218d
BUY,0.001,1968,1775673759,No,0xa4edcea1ced13b78c7c9646dd68c4777380c249fbb8fcc64cfca82f0934f01e4
BUY,0.001,1311.47,1775673759,No,0x52932037c2b411710061222895523350308dfeb3362b419cbb40b7ec61e800bc
SELL,0.001,745107.33,1775673757,No,0x1a5f09aac37c24acf0c12eb9207b3d24673619fc59bec0a4c71c559399e26eb8
BUY,0.002,5000,1775673727,No,0xaa777f99ff25eefb2c8266243e20768254c13ce3d8459022b896643db0eed8d8
SELL,0.998,1.42,1775673717,Yes,0xe4ec2e22623f50a7eb67d84f4ec0d02b4759a370674e26121e8d051e3187b4a1
BUY,0.002,12730,1775673699,No,0x6bf0b8ca8d99349d1d7c9930e0511cc929922b84ec1ddcd18c308dc32d8eae57
BUY,0.002,3000,1775673693,No,0x1e50f6e41ba544e2d4d20366f58bd8a8d10225c2c8ac08fab0d7918cb24514bd
SELL,0.998,3007,1775673681,Yes,0x6fef77addf2b5146b795767b4b03bfe610faf1840c8141769bec8c19d0b81dfb
SELL,0.001,18500,1775673663,No,0xb5ddaa49f9f0e3961d518e821164b36df2a5656286841cd0bbd5804b317e52dc
SELL,0.001,100,1775673655,No,0x5e1b3f04e5f7a759815654c4d60f8a5560b2925a6eb1edd6f392fc6332723423
BUY,0.002,15000,1775673647,No,0xefdf006bca3b56daa62c93f8f40e5d883097d05b9caf4cfe58fe95d7bddf216f
BUY,0.999,2.002,1775673641,Yes,0x86b2df70a90fbadf12073e98c20db7d7b107df2e922a148f77e3f70838b6d919
BUY,0.002,1000,1775673611,No,0xb327923ff83572f61ca582d8c9728a8f38952f4ffa1453bb972e43ce26a56560
BUY,0.002,500,1775673607,No,0x8cff9332cec09e3328ac630d58e1266b675f2d0b52c7b3308ff3bb863d649e8f
BUY,0.002,500,1775673585,No,0xee641d61fbdcaf2f19f50ad2e8a6d8b21948677e4d89668f6377e96ff12de0fb
BUY,0.002,500,1775673575,No,0x0d4291daa9459e6d599ac66cfae1a5595580fdbaeacba6d3df9811dcec6d0ac6
SELL,0.001,1116.67,1775673517,No,0xc4759520d57f5b4c8981be886902feafaa7804e0bdd48c4cfd7f0b25e7d67d89
BUY,0.999,50000,1775673511,Yes,0x1730f99fcb261b897ae46f1081082c6cd6852d405b49161178c1f8d39cbd59d8
BUY,0.002,2500,1775673493,No,0x92dc71c4e98b6267d71e820c2635d6526813f4ae4dbfd6e48c758e6b0439b025
SELL,0.998,1.85,1775673489,Yes,0xeb1d70286594634979a8bb0ddb4f4b97a83f467718e4edb1e9ca68c4b8369528
SELL,0.001,500,1775673463,No,0x5df6935ee1347e9cd7aa978922a1bbf562f816467fa582fdbda7e2c65fea0050
BUY,0.002,100000,1775673453,No,0xefcea904ef234e915bda54c1d918dc02406deb5bd974b9afe8219e95fd6fd910
BUY,0.002,3000,1775673415,No,0x3f4c01a15d25f43a144657b22f779fa9d87d85d352add5dfc41142b3567dd45e
BUY,0.002,125000,1775673413,No,0x614633fae9bfe9e9a961887b2ce14c9ba8ecdd3d023753ad7a281cec261a74bf
BUY,0.002,1500,1775673395,No,0x4f9039621b067c48aae71bddf0423d6d5f282f73ced616e518af3bec6170cf91
SELL,0.998,16.12,1775673389,Yes,0x4f186d39e69afe6def6ab11598ca49af5f18dbf13a05c6645d61daab84dff652
BUY,0.002,5000,1775673375,No,0x251202549ba598a2327d22322865c882b9713658a685d3912115dd476a576fcd
BUY,0.002,5000,1775673351,No,0x74ae9faf0942438fbae10ac1f5dadd5d204cb6f01811b3d49025842ce6c7aeed
BUY,0.999,3.003,1775673347,Yes,0xc6d8bc433bd18cf74f511235246023ff84b067c9731e835e48bd04f91f4b6073
BUY,0.002,5000,1775673343,No,0xb4060df9329625a7df7c9e34db1adbeb4df410e7f4e6f091ca33c2eb2e1d142b
BUY,0.002,5000,1775673325,No,0x9017d94af3ccd75ebee6ec6738dee17f529f7d1cc69b16a8af67d088d9fa3dee
BUY,0.002,1000,1775673289,No,0x5830b2923bc3c02f9f959832e12d43419c133e5f031aef2d18530c35964f087b
SELL,0.998,5,1775673241,Yes,0x511364361f304664d62f76eb211dafffac16c319beaee70c86423ec8ab650e12
BUY,0.002,10000,1775673229,No,0x3abeb57b489fef4d6b2b927fef4f58978232443d3267b32af42b78ca2b227584
BUY,0.999,5.005,1775673211,Yes,0xc07c347f047109cbb054a38a0b2a9b8367b4a1fa4ef7b404a39e105926221dcb
BUY,0.002,5455,1775673201,No,0x6d665f399c4967f94cb384d1c6aad5d247b3142e2b3dd03b1dd5cec718d354c2
BUY,0.999,200,1775673195,Yes,0xe2236afc7605dced514cecfa26738221dfc91567a924997b8a55348daae0552d
BUY,0.002,500,1775673185,No,0x97b51d4cedf218b8b43a4841039a09a230bbbed54d297e88e8cd1272ec699567
SELL,0.998,16.94,1775673167,Yes,0xb20d2378b9683e049eb89c0e68244557dac6629b4b56498e762da4a2ce79bf27
BUY,0.002,11300,1775673161,No,0x8e39991319a7e124bce1169ab0c0fb2fb04a373de345fdca516039655af5bd2a
BUY,0.002,1500,1775673113,No,0x9408aaa03272609d229f837eae5a6d216ddedbdb63d382f005ca3c02b05ea7b0
BUY,0.002,500,1775673093,No,0x407bcebb7924b96156256c1c19ae36c8e33055591ebf36bd449a41235e4b7705
SELL,0.998,1991,1775673077,Yes,0x4b12359be9bb866e1b35f5fe110da2eb59694f2958de08213abec1b987e8b909
SELL,0.998,3000,1775673069,Yes,0xe7d001f38f96f779bc9f1f74c31c270be5236ee5884cd9e922e24556e76cbbea
SELL,0.998,3000,1775673057,Yes,0x9640ed5450368d140a530d1fa23867e0297cfe853a10cb9280fdeeeea978eaa4
BUY,0.002,1000,1775673039,No,0xeb628d36c1eee61c0d51c4727299e8819a09737ee29e4058f0a32cebb078af99
BUY,0.002,1000,1775673025,No,0xd1ee2523ebd6b19e1da524092cc6b533d9759e8934a589f67691cab0d6e7b4f0
BUY,0.002,500,1775672981,No,0xafcfa96cb4df74c9007d834978e1288f8099db0f5abf3957cf4da1631b807545
BUY,0.002,500,1775672965,No,0x51026b263949b013e806a62d3863d49f6738eac6ccd8249237b87853702f6f18
BUY,0.002,500,1775672939,No,0x297f9df7a8f0684e53442d1fde9dbe722bfe6f971ce04aa25df9dd08c38a652f
BUY,0.002,1000,1775672919,No,0x615992f279439c99c2657a69287f067c5213dfda50892b170a7070e018d2789e
BUY,0.002,5000,1775672909,No,0x1ba37d23208322a9a113a2b225063b4d9a5371b085f775b64faa6ccfd6b430ab
BUY,0.002,500,1775672889,No,0x7c50a2343374970d2eabdd28078497bf31e8990fa0427c635e463f54c3eb64f6
BUY,0.002,5000,1775672889,No,0xd9bedfac93c085f521f9a7b12c83f76f8d848a61b7012e8cc217bd2ce2dddf77
BUY,0.002,15000,1775672885,No,0x9e586a4cea7af2b88f51f0be5181d6a23ace021709d8f1e973ea51cad35bab2a
BUY,0.002,2500,1775672825,No,0xceb602ea4cb3207a00d8ca9b4af696f64c0505718afea39b2da28ed8d1ba9036
BUY,0.002,2500,1775672819,No,0x271d51ee78bc4506b4d58e55c3e075eaead6eb08b8889e939994565dd7ce5bca
SELL,0.001,9475,1775672811,No,0x6e535059d855403661e72c5a3af04349e5d69cd6f5756c1eb3034a5d295d3086
BUY,0.002,25000,1775672807,No,0x1a32a6f8374e7282db2bf548257a91b33d090ebd5002e6765cd96e46aa9bd348
BUY,0.002,500,1775672785,No,0x8e36484ff9c9012a459a39a331991f5646ff7138f41e4eaded8e3c7ae3984e63
BUY,0.002,5000,1775672761,No,0x6933b2083fc41c7f14ab55b4a60a312839118e894fece532e423a93b160b8e3e
BUY,0.002,935,1775672757,No,0xb7f43d7c8885c136138f019415d466c9967e11b96aa1da2089b0a371c5a40b63
BUY,0.002,1000,1775672709,No,0x703a6c33224b9f4a185cc460e005eff54181b5307fb5917ddf9145cfd65e8f63
BUY,0.002,5000,1775672707,No,0x8150c8e01530e9c46b560b1e53eac4d9825c564f5501126556074c7238e4a401
SELL,0.998,1210.07,1775672681,Yes,0x8fead73ccf31cf940ac432150a249224a9b5061ce22279808669e524ff00e006
BUY,0.002,4000,1775672645,No,0xd597a443471b4d4e930b91dc4344b4943143dba6b0f65bceb04b306a861dcb64
SELL,0.998,5,1775672637,Yes,0xaf955883eba0fcf689647bfd1a4b61c9cf292522054f4b2ad687526a5696e031
BUY,0.002,500,1775672621,No,0x619d46c814b20eaa2bf3e4d2558111209008a089f0c65b82d8bde0acce2d8f55
BUY,0.999,5.005,1775672609,Yes,0x1456d167bf6fa363f4c18bfdacc11f46e67908dbd80460661d9a8403e2e9ca90
BUY,0.002,1485,1775672551,No,0xf974f015f7a4807391156babede7ee523bb466ce706b40ef87f71ee18d582e67
BUY,0.002,112000,1775672537,No,0xad52754066f88135478ea65c56414daea7becaec659e549b5555f519c77058ef
BUY,0.999,500,1775672509,Yes,0x6c7b3fffd5bd8947c2062786241197e24c2bf067d6134881cb5295bc5f6b4808
BUY,0.002,900,1775672499,No,0x19e469f0bad03d8c2eaa3fc0fa3562ef5b5f86531ca34ebd69c8f27ac37ee98e
SELL,0.998,805,1775672497,Yes,0x337796a2ed78bc2aa4f0afda2477fab02de245f0c854af48adca28aeb84095a5
BUY,0.999,7,1775672455,Yes,0x1d26b6fe726c52e1ccafdcba3d19a8bd5d4255e4fee851dfe8cca2ca955673dc
BUY,0.002,2500,1775672425,No,0xba25a58cae710dda3afb9ef51d5e965cb56f48adceaec3877aeb8e3d81015b96
SELL,0.998,5,1775672417,Yes,0x868281a351e9b01874c644c8871007363e7a21fd37278800206249a145155462
SELL,0.998,4791.12,1775672353,Yes,0xa94e3b08291ded4e8b310211da70fe93ab1934245fedc48ab78e0e688875c4e1
SELL,0.998,11.76,1775672353,Yes,0x22d57a5808248361648c32ad12d3288bad04bd0c90d1b4d324f58dac7627b514
BUY,0.002,2500,1775672351,No,0x5ddc3875de2c9baea5887a901c8af2eb6f694e425976533c3630cfa57a1fcf7f
BUY,0.002,1000000,1775672319,No,0xdf76f9ceb4b287c351108bcdeb86535d272bb96195eec4c3537c13ca2c615ff7
BUY,0.002,500,1775672303,No,0xff2f908d2414d6b07a2838b9e7fb4f252904038b2e03fdc28f6f70e99e46d6a0
SELL,0.001,20886.5,1775672301,No,0x964cc8848d70dad4b6de9a1eee895c35834dab111807988de0c8a0035db62a8b
BUY,0.002,5000,1775672301,No,0x449f9396b2d99689eaf52c853cd3b6922f02bda751cb6b1f6f8b60dc083e4417
SELL,0.998,5000,1775672289,Yes,0x8d36b5380fd76faf64f3cc3227e8bcc4b3fd563867c01548a681e675dcd8d894
BUY,0.002,2500,1775672257,No,0x5d30635fc051859960670c2b8b5d39306c27685f67eed9a6c61fe567eb63459f
BUY,0.002,2500,1775672223,No,0x582c177ffc80a4338fa87875fa35f8f94d0820bd99c0ff4d80fc91e28b47d6a7
SELL,0.001,42357.5,1775672213,No,0x75f4cee04641de0c834312754ed1a9a6d3a1a652cb32371ec0ba246152995529
BUY,0.002,2500,1775672149,No,0xc297e07c70ce120083c357d8268ebfc07fca9c76e1b171bcd08bac8d628ae422
BUY,0.002,2500,1775672139,No,0xc282f4e62838e3fab568c10a8017b736c444cf690b1cf6a2dec36d26fb9b487b
BUY,0.002,15000,1775672137,No,0x8f28ccda2cc14c92a3f630aa2f1e7864b625a691c23452e60c4eaa8adee72729
SELL,0.998,3000,1775672113,Yes,0x84a589ae9c3ef89003cbf2fd5cba90905dd85db276f23a1a3da88f848585808f
SELL,0.998,15,1775672051,Yes,0x2bb4355aace6ecfaf40421918bc2a08d80cb7576452fb4aecfa7eaa3d41585a7
BUY,0.002,10000,1775671973,No,0x58c37b9f01e0216dc994936247f6065fb8869ec91febc2480b28fc70763fe663
BUY,0.002,100,1775671973,No,0xaa607bbbbf783b20eaae5df8e4bd2efaf588aae085db8b2e4fc3247504449b2c
BUY,0.002,2000,1775671929,No,0x98417083b2cb4236e95125826e128dbe8f2b1747e8b93d0d59da4558fffeb614
SELL,0.998,24.56,1775671921,Yes,0xf096cadca924a1477e18fb72a153283db080902c605d35e2017a8205ff168068
SELL,0.998,250,1775671891,Yes,0x1c68c4cae6bdd129f69526d2c6b1f970b406a373114114ec3781b18409fbec4e
BUY,0.002,7500,1775671885,No,0x1712f291852e3d8eda40282d9d5be1bd2d05b7186db0b97263b54da81449c229
BUY,0.002,12320,1775671883,No,0xa3b405b3b22a38751cd5b1468698ac17a1859eaad16818e6b43d9e41ab23fc63
SELL,0.001,47.61,1775671855,No,0x31a4963507e021c74615f12b30126c3800ccf8957ee0da58acbb5d8735dff51a
BUY,0.002,2500,1775671847,No,0x5ec88743d2deb130650a0d1f9509cfee9ab6f069672a2041d4e75a850b31a3a8
BUY,0.002,556835,1775671773,No,0xb8a403a57f9b737be87c347a757b1f746db384f5ca5578131ed91bf56cf2c5ef
BUY,0.002,3500,1775671771,No,0x6224b3682aa9208a12ee33959db4e7afc9383acf0653917402c829360cb77378
BUY,0.002,2600,1775671761,No,0x9a74e9f14f5c432635802903dc321989bedd9e679d8041ac63165aeabddeb133
SELL,0.001,3000,1775671743,No,0x5e717a58e47b67cdebf6e4974f9686182a346fee07e249e797e5b9aee50848ce
BUY,0.002,12500,1775671719,No,0x26670a6290cc0edce8eda2764ac7d5378876b039b00b0730153bd6b6234c889a
BUY,0.999,6000,1775671683,Yes,0x648216271f5e1aa8e3c565bac69482b989fcd18eec9fcca34f3e81ffe2b8ae66
BUY,0.999,5,1775671661,Yes,0xffa3e2749aeda2be90d8ad1cf9808f7b64f3be877af07e5e2f26cc2a82dfc367
BUY,0.002,550,1775671659,No,0x4e8022ce4012d2622d83d202d8571af476354988cb0c02df3fc0a6e024db7844
BUY,0.002,2480,1775671653,No,0x48a3b7a88d7e10280208c28d459f11cb26b21da64dfd44596f2fc1ca21ea7332
SELL,0.998,10.96,1775671647,Yes,0xde734e8f6d0a9c5ed8128b269f2fff03df29e6a5d58b9d325d5dc6e208773bd7
BUY,0.002,1000,1775671619,No,0x2f66bace2819dd373bf4f9cebcb28c5f41396b5f4ab4df5f9374eb1b79b34356
BUY,0.002,32215,1775671603,No,0x7867e1d239166de87cf58269932fd62edfbfc717c6b317b60d16476acbf150e4
SELL,0.998,15.54,1775671579,Yes,0x9fb7ae8c2afdb08e4f287cb2247b1a53cba5054b947b7cf474e0a0d13a67aea4
BUY,0.002,50000,1775671561,No,0x3f06af26c98a87a87e5df5273364a35f800e1747730d2b6ec7e7eb9154eece6e
BUY,0.002,1000,1775671555,No,0x4d95871e8c67fffb926eb30de581f99b413c73f4d8abbca6ea9762d9f7abec09
BUY,0.002,10000,1775671511,No,0xe90f487598f118e2ec47c08546f5ecc09f9534f4ff33670b4aada80c839c57bb
BUY,0.002,5975,1775671491,No,0xac6d9c348452d6716d5cc57652b3b420742d609bc32b9b960feab2b267f3b854
BUY,0.999,3859.859,1775671479,Yes,0x808c894278993cecd67b3b84a43f23e647ba95ed7c6b62772c97ee9465c339cf
BUY,0.002,2345,1775671475,No,0x7d516aed69892e981af6c09979f605e1613f38fdde0266455ae231f22b352aeb
BUY,0.002,4000,1775671447,No,0x0d3d49264c674517e7e3aa5e77bf79fd4dfcc618d1283709c205ab36ce59817e
SELL,0.998,47003.35,1775671375,Yes,0x453507841ded207ee462798d9f5843549318d73ad84e57d7c0f5c2c0f454b2cf
BUY,0.002,5000,1775671307,No,0x46249d122ac927613f5e6c2f708ed9a055fc8c3dd47a762e8791be23019ed0f5
SELL,0.998,15,1775671289,Yes,0xf86843e833f1c8032bb4634aa7fa855a4179738082041fdce52dcecb2915c5e2
BUY,0.002,20000,1775671285,No,0x6ec024e022b0a742bcaabbdd6c79ee0107f70d1ef00f67bfe652ff7334dbcef1
BUY,0.002,10000,1775671285,No,0xd59a32b4fa9164882fca01c09c454025e50f9516b26fcc359b94da77b036492e
BUY,0.002,9780,1775671281,No,0xe9ebb35b7725355a9988f63d675094eeb3560fd786738930d8e8e4278076ebca
BUY,0.002,12200,1775671257,No,0x78d4ce21e25797c1231d69da6f227f63cc677a3d7bf99e3a6dabfa8b3a4a90f7
BUY,0.002,5000,1775671253,No,0x7ac19d5fb11a1460fd9601d9c84b260de44876e00919195b83fee023f0c48ee2
SELL,0.998,20.74,1775671181,Yes,0x1273bd92041a3523a004cc581b7346719246bcab1f7e154fec9a754e7409fd3d
BUY,0.002,2500,1775671159,No,0xbd0414f10a0067e90a6335d20e2868106c3683d4e65256fda6e408ffb0e161fb
SELL,0.998,6,1775671129,Yes,0x457bac37598d04166812ce9a13aabea4b9c627a1d5803c0441b44ec6d90d5c46
BUY,0.002,500,1775671125,No,0xa29c55307409d726acb2bc1fa1d1a5f0fc0cb347ebb892b14ab30b71eeca0727
BUY,0.002,1000,1775671117,No,0x8fc2c052d41081442e7c0e35216bdbb1b7defdddf9f66325b819a1dd562e34e3
BUY,0.002,12015,1775671109,No,0x1e912b16ba5602dbe9ce1a7e5a834c73129648b9c994a3cf9a482567c801c5d4
SELL,0.998,15.62,1775671103,Yes,0xc50164f18cb39c07aadf7b7a8795ce2843c9d21c1eae53fd145b710db23c7fba
BUY,0.002,10000,1775671069,No,0xaca368456ed0709c772f33fe2a6cdf039a6de84ed98be3069365bbcdb2bf1fb8
BUY,0.002,1000,1775671065,No,0x58b7b54d1ed1c0818af8aa07f56d3a1c8c3acf50ffdfb7981b18a95e9e81545a
BUY,0.999,2,1775671061,Yes,0x9084558e5a14de157f0287c3a4b8866ba95762f7808e34f0c21aa22324eef49f
BUY,0.999,8.01,1775671059,Yes,0xb8898e82465370857d706be22070d4bc571d7f5235c89958976248a2953c9cd3
BUY,0.002,5000,1775671057,No,0xbbd2a0f7f385f0c0f6fb3b55b4ce3d97a72e3a04d342c3ebc9885c5a520bd5a2
BUY,0.999,100000,1775671057,Yes,0xa6c6222b071fc6d3a2330c55180b91864830a55ac3d4b8dd822abb6abceb0966
BUY,0.002,500,1775671049,No,0xbea94a6cfb70db37a4bf5c8091730489795ff0aa48a8fa981112360a99362fe9
BUY,0.002,500,1775671043,No,0x0b46238f3be4c7d932149e8895ff48d19ddb9fc3b0b43f05fb8cc704326c501c
SELL,0.001,54944,1775671031,No,0xaa47cf20a49ee0f9de21c21d1313dbef0952522eae7f5346b245cd4b600cc42e
SELL,0.001,649.99,1775670969,No,0x86b014a7e81f0a7e2ed424da93027259dc06f3699d77557906ab45db5e59af28
BUY,0.002,5000,1775670953,No,0xb07224807cbc3a65574eb392af598448ac48b30ad8cfb791a6a87c2c5313d7a6
BUY,0.9989999343323955,15.015014,1775670931,Yes,0x3d6d05b90f9d24c9f687e58989190cbc46ccef2eab821e7a124d0772cd76c150
BUY,0.998999999667,1501.5015,1775670927,Yes,0xc94515340a3d3fefc3699cbcb70e16d4c037757d28669abe697d0db8a884561d
SELL,0.001,666.66,1775670917,No,0x6d72b0e4da6b99767e5d171327f6f8caf22349391a09bbbfb58a989b26540048
SELL,0.001,69202.98,1775670891,No,0x41f3b96e067cb562d850c17d1a7f846eb5e1f5875be64209a5d4f1a9824d3e99
BUY,0.002,1000,1775670883,No,0xdc7f1386538f5ab9e3c3b689bbe3239b9b0bf2b240f50a21ecb8c0dea11dcf16
BUY,0.002,500,1775670867,No,0xe07a1adbb200c80d53494a66a85071b360204e420fe062a7b60976b93840d1f4
SELL,0.998,500,1775670839,Yes,0x5df5f19f34b3caac1d319e76d6a33255269bb7fb9fe511f85bc263f19975adc7
SELL,0.001,16166.66,1775670795,No,0xd561c105f8caef91bf2a49a8827101e7a092083f75de71970fc266ae335f55c1
SELL,0.998,34.48,1775670743,Yes,0x1b3631a317f8a4d19fb26eda3bfdd9cdf05b625a6e5688103d7037d0e2008d5a
BUY,0.002,10000,1775670739,No,0x98ac87c8353f8ab0634499adcd8cad6fbb088706376513559eed2e4d69a3baad
BUY,0.002,55500,1775670731,No,0x484b6985128497a33f5d12a5e211fd8917385071f1982299e858431b77e8acd1
BUY,0.002,1500,1775670639,No,0x2ddf1a8d80d3689eaaffaf56c67fd8a6a06895df5ea0bc088d8a02e96de986ad
BUY,0.002,5415,1775670615,No,0x349cd1e97d97d7d6aae23d4ce76bcfb8b4dcccb95d0f6297a35eb9bacb6f8054
BUY,0.002,15000,1775670583,No,0xc00255aa9e813f3ee54b0f023ca163bed1655a9b17e2553ee68f4f1fa63fcb73
BUY,0.002,500,1775670575,No,0x0ffc1b4a7956107ab5092fee4bda8666476184ab5d21637a0074eec385490271
SELL,0.998,17.54,1775670553,Yes,0xed228c3b6944b83dbf076faa7dd2502377570d2119a8821b52e32c2d9227fe68
BUY,0.002,5000,1775670507,No,0xa997b25391bbb367ba8d4dffc82cb4f5fe617423e52ca0ad62704901753853ad
BUY,0.002,5000,1775670503,No,0x85650e934ef11bf4ffa639c73c7413f016dac1fd92527217f544d38edef84768
BUY,0.002,56055,1775670495,No,0x5ffcbe979b964be28fc38f62b57d229567f3418f38cfe4792f78c3f7bc5d17cc
SELL,0.998,10.76,1775670463,Yes,0x7aae6eee638218a0e85725da96e2bd95f0e3afd40caa951efd37deafdfb91054
BUY,0.002,57195,1775670441,No,0x5053473b0ae792d2ce9e207683ba1be9b37717028c22c424ba4efd691e39fa44
BUY,0.002,1000,1775670439,No,0x568e563d94319db2b988e498176eff72815f25b077cd95a8e2a35433394f0d9f
BUY,0.002,108150,1775670429,No,0xd2e1c678a801fc96e34ea976e8920a741a990dae24738270b5d1b9a36550103f
SELL,0.998,7.35,1775670423,Yes,0x6e20eef545fbbdccf90993c67726f9d6b34b5cc371bb06b860fbc5d0d355615d
BUY,0.002,500,1775670407,No,0x027450efbbb2c2434e509366d6daefdbffdfe92c4bc55a50fe70b7854dd24e52
BUY,0.002,500,1775670405,No,0x6c8b393f0869874a01b1a32c172dab0182a06bb39d31c2e69053c234ddc9ca3c
BUY,0.002,1000,1775670403,No,0x6052b8bc56d3a8934cb2fdc77870f7c70721dbc1d20f649c39c5d3c3975cfd60
BUY,0.002,5000,1775670373,No,0x78be4afdd814b1e6571cc41961abffec4eef837a4c53983d428573828017850b
BUY,0.002,24000,1775670359,No,0xeddbc734f11c159bcad494c138afbdc31706d7ffef2322486615399658351b53
SELL,0.998,1616.05,1775670353,Yes,0x6638546628e2e53b9c6542460658e461f70c646cb3879a2171a22fa7c476cba1
BUY,0.002,3500,1775670341,No,0xbdf81b79bc3975a44f83a035091bb7efbd1c21559eef0018cddcd37594bbd63a
BUY,0.002,500,1775670337,No,0x7c4076a7a1a81ce7817e65e54df726aebe694eedcf4d7eabc19f4035c0788ee7
BUY,0.002,500,1775670327,No,0x950d7d6f2ab20997ffa5061c0eb49b063e18feb7af47a928f717d1aac4a7f365
BUY,0.002,1050,1775670323,No,0xdc4e462d5092a0c8601269abd15b7946ce89acdc57515bc495b0f50f1f7f3415
BUY,0.002,500,1775670311,No,0xc3802141ff83b8857caed710e584e425e5e4d7731dc85c4e7f7c39ef695eb061
BUY,0.002,1000,1775670311,No,0xd4de9b09906719c44f58d4372ad92e7d8dd39d94fae6f5c52a6d60277447e0c9
BUY,0.002,500,1775670281,No,0x438acbedc0fa1883169e5d372feb3079077185b965d19e40ffee76cfe93d3ffc
BUY,0.002,4560,1775670267,No,0xe07417a30b90024a475d66df34380f68da2f0c112f9ccb6bf5333b8b6686878f
BUY,0.002,2500,1775670247,No,0x9ff9958a1fcc49ee2a6cfd44206340c277dc140d103bacc88a06fda710dbf7a0
BUY,0.999,1500,1775670233,Yes,0x9c9994556a3b4232de86f161694049b2a9d74193c233e82529a33a53ae1425ed
BUY,0.999,9500,1775670207,Yes,0xa7f27da293f264d0cd54276267100526da9919cf8a0707fade22932198e4b757
BUY,0.002,1500,1775670153,No,0x1b2ec6016e441f92a3e16fed8ba98a329d83ea8ed9e72edf6bf95549bddc1c11
BUY,0.002,3000,1775670135,No,0xc3ee3607d29f645ed70879046087915c7c5e4f06070e2d3c621b9a330dd444f8
BUY,0.002,500,1775670065,No,0x1201705844dabacd6a6ad6dff73442eb30dddd416d991f1de04f5e3a2417f433
BUY,0.002,27500,1775670045,No,0x765d5022529364f9488d5ccfdf5c55ba59990145502ad64640bd2826a7f1ef15
BUY,0.002,500,1775670011,No,0x6d53a5133f78099bf9756942f6b0929792b0df51002ec9024347eb37d0ec485e
BUY,0.002,4500,1775670007,No,0xd386e94a4c4e7efec7d92dd224d34482f7dad22566f7a99f1014ef3de488ceec
BUY,0.002,15000,1775669973,No,0x50bb01fd2316a6a8405dbce299f8cf7c660121e9f2277368176515cac76558ea
BUY,0.002,920,1775669939,No,0xd55e1bdbd0559310c4783a9e38452411be0ee8821e1ded0800805cb42ef6e444
BUY,0.002,7000,1775669915,No,0x3f890394472f890124931aae98eeb61b5729c34b0d0a00f64c25e7add7e00379
SELL,0.998,14,1775669899,Yes,0x3ef9601356cfc0f84e707b0996e1fb18e7a69cf9af021361b3ee6bbfa3ff2788
BUY,0.002,500,1775669859,No,0xd6832eaa3aa0018a2e376a271a1d5097f2689078256cfb2e3d393ce9234f2343
BUY,0.002,50045,1775669849,No,0x810f763b3f0e18a0242ccf678a75688d1a469a5e8499e769ef151d0ce10e2b7b
SELL,0.998,3.33,1775669825,Yes,0x02d137592391b2e872820f0f77ee9cc612def3274d1c793802147e89d6f3a341
BUY,0.002,500,1775669817,No,0x9302628bca6cd9743d436181311756c950bec59467d7e6717aa02022fe2f6740
BUY,0.002,500,1775669815,No,0x4fe2a5ecbf38ff0ba41e578eceb6d9ed62ac13b2320ff6bb1c7339b585b932e3
BUY,0.999,3100,1775669767,Yes,0x7d23899e221ff7c3c721c4ca046bcd00553dc3f3caf75a462003b01f7a351d95
BUY,0.999,31863,1775669765,Yes,0x6538f0681e504b886e657d64f0c7cc284d3b3f0d2034e78452ed56b00733c479
BUY,0.002,22800,1775669741,No,0x5695c829d85733e4a42fc21302d6e32770897f9e0dc1bf3a72875ffb425f4e1c
BUY,0.002,1000,1775669733,No,0x01d14cf511cc4c23fdad0d730e48a1630c3b93bda944dc849dcc47d0c21eb180
SELL,0.998,5,1775669713,Yes,0xa48a6aa3d86b75cb0ed6f56a1b6c5c8a058f22058fd9f7a1a7f8a8c27ce508e1
BUY,0.002,7500,1775669687,No,0x2d83b45f7ff086f739ca48b0b0e659b599a51f72ff15ca7d45b226e695014cb4
BUY,0.002,4865,1775669675,No,0x7d8b9594f8bc2232648315141ee0156c0b8e117e3789cc112f5b68e7160cd2c4
SELL,0.001,3725,1775669613,No,0x6c0cf63b16fc5314ebf3c3d8a9477d8821a761c35a27717d575d827b3998f61b
BUY,0.002,1000,1775669603,No,0x54fcbe9abc802faf66b303d19cc125626537284a2db98b8ab4d78a5b26632835
BUY,0.002,500,1775669537,No,0x289f9a7f3fb684888a92d819d04a8dce2d8c459fe0467a46c161ec944986c966
SELL,0.998,300,1775669499,Yes,0xea461bab9fd3f5b9e42d4870b88dca73acf1131de72c038154a2a23cb8a4e427
BUY,0.002,500,1775669475,No,0x3b368248ddb2cada5c6f068f9f06feac150eec9a0a84424e5d690cd8bfc299e8
BUY,0.002,5000,1775669461,No,0x4dd3331d2c9cc5d8bb01c80196f6190bedcc815edb0d4c0f7e16ef1407829f65
BUY,0.002,3725,1775669441,No,0xdf5e4cb1e1284898da2349737dd6c5bf18450d0960992ad6368db708104c440c
BUY,0.999,5.955,1775669403,Yes,0xf6f4eee7375a6fcd658150de4f6babb67e49dd1fd6f57e7fc6ce502e11f94631
SELL,0.998,28.16,1775669397,Yes,0x9b58392d2c756342f79f2b3635f4c7038667164b0dff8be4ff708af4938eb4ef
SELL,0.998,3.7,1775669349,Yes,0xae8c7bf12b2c4b80ba3c162d87f233acda71803e0444cb7f502abbede8a8754e
BUY,0.002,5000,1775669349,No,0x1f1b63fd52b2e087e5b8ae7b9d85f9b7a3d45c24a544882781645a354cd16ed5
BUY,0.002,12500,1775669325,No,0x04775a34b2709f778a2172419c7046dfc9b731cf40320f272e539bdf14bfa262
BUY,0.002,1380,1775669315,No,0xd54b4abda2a33eab052c05dd596cdb6524d39f91ace089378ea60aad2537fb37
SELL,0.998,1.88,1775669301,Yes,0x5a1596b2aeb3697d47b3a1083bfe9053b2fa8e02f0eb7babfe394b194a8c22f8
BUY,0.002,2500,1775669297,No,0x9b721b102b4822122876d17dca6fd13101be4c7979f370f60d98aa5305a242a0
BUY,0.002,500,1775669267,No,0x83bd8ec28d08127d24eaa197e6861d4fccbf6c58fcbf14c8a8631480119fe8ea
BUY,0.002,2500,1775669259,No,0x5fc353c47cfcdbc73b7cf1c69a9d5f971c93a87a3aeb44405f5e24bcf8e12b02
BUY,0.002,59820,1775669229,No,0x48c4b51a4fdf8cc61c4f2f3937d5396441fa5c258aa3345a74065217d920468f
BUY,0.999,800,1775669205,Yes,0x97017e33fca69520352a5debec4a7a75334065d703e6bf7da745075aa0a06617
BUY,0.002,4250,1775669195,No,0xd34c15ccc1962defe7cca4aa867f0efb7c8bd3cefbf454c65f68ed8d0c70fab1
SELL,0.998,10000,1775669163,Yes,0xa78c026d5c1125b5c82cadd3432902a5a5918eef6e8a794d6049b669433771ec
BUY,0.002,500,1775669145,No,0x86a0b55e8cdd701b6873c123680d420f27fa2a5bbe19e295e003b1f703f42b48
SELL,0.998,15556,1775669133,Yes,0x1f83527ce628e4693265ce0ddccad86916c0229bf25ebd290c049a9957486c3f
BUY,0.999,1.001,1775669115,Yes,0xb8c1a0bcb077841a94577255b401fb3941eb67a0d02ab361edb98fc59506d71c
BUY,0.999,250,1775669113,Yes,0x2c7265098cb37d2a90cd8f666cde09fea55a6f5ce3c15c504e4f4d9fd628de1c
BUY,0.999,8.01,1775669113,Yes,0x585163edf3f35886c270774335cafacc92fec03e730661e55db58a50d8dff0fd
BUY,0.999,50000,1775669109,Yes,0x307b84bdd49c93dfe3883f5efaab04c0465c26e7dfa11dc7cdb3c6c15153499e
BUY,0.002,500,1775669105,No,0x8f91c81aa19362fe288408772577048f77f370ee80e8cb2e96f951da31076150
SELL,0.998,10,1775669097,Yes,0xedd9ac55870f25cbdc8582d277c8c2e39d700b8a0e1abbdcb8aaade97ffb7d64
BUY,0.002,1000,1775669095,No,0xfb6b111af11c45df3065764b7f52b83c87d433659ec02720b75e693c247aecf0
SELL,0.998,10253,1775669071,Yes,0x6b8705061e762b8fa5e7e9c53704114715936970b5d758dd5b9f9ae7cc5a2e36
BUY,0.002,45250,1775669071,No,0x749f2af4fb9f7368008f34d1e3fdb5e04b2005ea8570268630fb157d6bca2d3e
BUY,0.002,7500,1775669035,No,0x824da47d64e1dd2a32319da21c62981b078944c65598ae4a338ce4fd291a45fc
SELL,0.001,172192.5,1775668981,No,0x25a558505e22fc1222780812de5a0cfb62e3f026c90f9874ae825a54a6993856
BUY,0.002,12500,1775668971,No,0x7f70144c18cf1e75c610ea7c23180bea0f739040ec092efd79f1074695e89aef
SELL,0.998,17.85,1775668899,Yes,0xfa917832a1c2d1846c4bce5be1a7eddc8f70f36af06ca059fb564bcea62a4478
SELL,0.001,22.22,1775668865,No,0xbdb90e7766fbc1df63a5ac60c25b98d6eaeaa7a0542765f75093f67f40384b7a
BUY,0.002,935,1775668817,No,0x9b1ad729bb3aafcb4a74e33ec5de46196ad21dd6d4de9129ebc7b8a5499744f2
SELL,0.001,13010,1775668801,No,0x96f7162e337c45a1f2665df84eeb3eb423cc90a1335a0b175fac7e5c4f6ff9f8
BUY,0.999,5.005,1775668789,Yes,0x9d08e83dc278c09e1cec85573833bbde3d54189c74c868e45fe07d33c6eee34f
BUY,0.002,1560,1775668767,No,0xc8752c676df3db86082d34bba36daa6f5a40206fcfb0d9fc11e84599a52d0eb2
BUY,0.002,30000,1775668741,No,0x00fcb7e853bd67fbafae7c4a31a7659263b6dcc93b6be113db524815bc72273c
BUY,0.002,2500,1775668703,No,0x9ba479ef0bf69d647dbcc24b829f24da5224fbd8056e933c97f53f134f32cac3
BUY,0.002,6000,1775668699,No,0x41d8f19d68b1ec94d1c5feb48b04eeddacec43a89d52b5aa7afda1a8c14008fe
SELL,0.998,8.77,1775668693,Yes,0x734f35fcff3196619477a1c76eb8f52d7728ef966292cf140cf2ec658b08cdad
BUY,0.002,2000,1775668675,No,0x2ee9ae8e2c93cb36ef542d0c1d42f4a2a87bd5230fec57c842360d2184de5e27
BUY,0.002,5475,1775668663,No,0x28df9512c176d67ef71e9117c01abc0d9b92c870a162d33e70711fab93fc5ed9
BUY,0.002,30000,1775668635,No,0xa0aed0e023c54d54aaa08654b9cefacb32afa01b90cf95c3b3ccd03feeacd5f5
BUY,0.002,84000,1775668577,No,0x41b461963f59cbd9f604e3149294ce0c3ec4f295fac297e505a7779742f3282c
SELL,0.998,0.55,1775668535,Yes,0xc6c2bf86b679b698bcd3ed4c7e1a55870c117e9c63b6565d4e41db2c90cd7403
SELL,0.001,400,1775668535,No,0x494320e64f7c03ed79a5e2efcea7b01806e0b95abbc1598fb86a9c729054fca2
BUY,0.999,667.5,1775668527,Yes,0x6941cabbb346e0dd4511454f7fc91a81bbe24289d41110d1f69f4c7b343a20eb
BUY,0.002,5640,1775668513,No,0x7a47a0f220b19da83bd2b85af6e7e0a7fbc4596651d0491b8f3f2361f34b6617
BUY,0.002,700,1775668507,No,0x93e56f1bd81fb8c6ef976c930034c898c983b8b025cecd7dc44c7c12bcc0c84f
SELL,0.001,500,1775668495,No,0xb762623ec999367bb5d17dc076d437ef085cc3d75505f4025366cdf865062710
SELL,0.001,5666.67,1775668475,No,0x8edac9afe18bcde8afe7399be4a802622348a3a0c09231be31fe432be78a40ab
BUY,0.999,20.02,1775668451,Yes,0x58c39539fb5238d96dba7fe4da2bd4a26aa1ca702b4062983e92abaf31be47bb
BUY,0.002,3000,1775668423,No,0xb13c9f45a22339eaecee23f2aa6b17ea6a838c315de0055a7ab179f4b7274be1
BUY,0.002,2000,1775668419,No,0xd4e03101bd9004e5180c4d8567e4fe4fae0a844a7fc5adac26290ccf6a86380d
BUY,0.999,20.02,1775668415,Yes,0xef59949b53d3b4e22f7a39c215bf1cbacc2f70968644658c9a31d33c07e201ec
BUY,0.002,10000,1775668413,No,0x9c247062d20909b043d560f470fd79261815cedb0699aba32d24cd565b256128
SELL,0.001,13,1775668407,No,0x6826381999f2b82f6e39787f6272f143b5ec4d03aa74214bb30de7b8dbe1ac87
SELL,0.998,13.51,1775668405,Yes,0xdb3f47ba95962115143ff579ed969f2a0f3c9a55d4edea1c3696a2ddc86a546b
SELL,0.001,19826.2,1775668367,No,0x7787b6b9f085c3614d8e320b5e4c2f75fe2266659d91b297a6575f238555808e
BUY,0.002,4500,1775668329,No,0xf27e98b7163c097b10fb3256d68597239597fc7279fb2c22007eaf78e5dd571f
BUY,0.002,2015,1775668325,No,0xa736ccda0e304af70f93f9625dd293d9c28e41a174223bfbed7a594a482e7453
SELL,0.998,30000,1775668311,Yes,0xa94e8258b2801ce488ed64b604abf6d4126d057e5d7374afc0df0858701b57a8
BUY,0.002,1250,1775668303,No,0x41e61b17aefc868a75bd99995139c0a74f1343d34c077f8f9748489356cf40df
BUY,0.002,39500,1775668287,No,0x3cc577c6087546c6fc45b62c9bcfee223bff24e47e1013e0025d79b9e057f1ba
BUY,0.002,900,1775668281,No,0x449f105cdd479dd805d1df0fcb96869161bbb254df8bd69bf6d52b89bf18882a
SELL,0.998,25000,1775668243,Yes,0xa8d0941bb0cc16d3deea676389bd8112d4b4dc3266782e50b46457af547bbbf1
SELL,0.998,3.02,1775668209,Yes,0x0a4f3fdb8891f1f137f762d8d9473dbc6bd79470a91b504ea56f157f6805d4d7
BUY,0.002,5000,1775668201,No,0x70f9925ab81a1a75c653fc5763fe6313e6d0e8f9eb190404708f8accb9a63d5f
BUY,0.002,2500,1775668193,No,0x9437ef3f0f083143a4734be2630246aa4900d53c75425fa1da1cf62607c86945
BUY,0.002,500,1775668177,No,0xffdd414d92700c1828748a13ce485ba9d67455a75a4aba0809165af9df100df4
BUY,0.002,10000,1775668167,No,0xd59d25ce9cab6e019e79131c61a7cb7eab76d0e9ffd5054633542e67f90b7a3e
SELL,0.001,2500,1775668161,No,0xd3b16a8af127494696a349f3aa6f219f6486ad7fe14d29a9f1a6ad5355208ea1
BUY,0.002,5000,1775668159,No,0xff9180af1b83a473db9c95fd585e1305e38fb71104caa408663da39e37d26254
BUY,0.002,10000,1775668141,No,0xaf75a0b3828c41a2cb0539c7e3aedec910dc74bd16da34bc26706065cd4d6bcb
BUY,0.002,5125,1775668139,No,0x0705fd2c46c3c60aadf49d2fb2a54e34865997311e099b2c9f82592437af3553
BUY,0.002,7500,1775668103,No,0xeaeb3381cb99912bb9979aad01bffece2b1059e45402b069c9b8fac420c4a324
BUY,0.002,1680,1775668093,No,0x466f4cdd4878f58ff584042fa660ddf09672d778650fc398efa413b106f82d78
BUY,0.002,2500,1775668089,No,0xea04b56eaeb475e39953efbb1ee2170730d73a74215a7fdfa94bd453c36a5699
SELL,0.998,9650,1775668085,Yes,0x8ec26662af58f7e637d526691d18fa3bc0230fd0202d67397e3647d6ab064c05
SELL,0.998,18.03,1775668083,Yes,0xce814be6330954a577325f11ac58ec37c0180aae7c97f8218df6fd842ba34578
BUY,0.002,500,1775668079,No,0x8177cf14253e20f2b4e51b88874d1141019d425926d972b49b890cc204505ede
BUY,0.002,4250,1775668079,No,0x75b2afb4b84c23a286b5f7825b24b78f61c697df5333ef82018ac63695764eed
BUY,0.002,66720,1775668077,No,0xa94d19d63d733ac239cbe27ee810569e58d41f035675502f39b66cf13231fb73
BUY,0.999,10000,1775668021,Yes,0xd76f9af892a393d6275a6384621070526c86ddd1a6022002760b27fa2972de36
BUY,0.002,18000,1775667991,No,0x8540ed89c57f1aacce96a9e5e0d4ab5117e233fe8ea74564dadafce18d34fe2c
BUY,0.002,500,1775667983,No,0x3edff4a29d2db17a9b1c60b424bde8fbc68cb0e4a08f3d03cfa35ce6004e87ac
BUY,0.002,2500,1775667951,No,0xfbbae3024b43dec26f3943858bbee28675b12e209772ec26171c2a785ed582bd
SELL,0.001,4541.92,1775667931,No,0xa270c69c32f1a01d2d6e05148ab7fbab43bc0b4253ec18c36a35308935d1fac1
BUY,0.002,10000,1775667921,No,0xfbfff5e3240f46faf4fd1e7d9c88239a90afb8145c81c0b84e25d3915bdfc9f4
BUY,0.002,15000,1775667899,No,0x022726596584bdd965867cb7328ed7153aa145f0f188a68579d5a4866f568961
BUY,0.002,10000,1775667889,No,0x815d2e5a7d81cf46af101dd21ed630d30060405549c6a6b8d2b8cb42f6759e82
BUY,0.002,2500,1775667859,No,0x13d4503450014a7aad430b85390611bc206edb6c30dd80d1aef9d948daa17fc5
BUY,0.002,500,1775667855,No,0xad46851127dcd80f4d1a138ab6fbe1f2716a40bd57a489f782f64589edea4816
BUY,0.002,500,1775667839,No,0x1fefd528dc736bccccd6f9275c8539bda96b9c90955fe89adaa22193f95d3d39
BUY,0.002,8000,1775667831,No,0x9449d291a5f8747a66f32c7f55f171b9baef4595143375c6537ce499a8e08d5d
SELL,0.998,126.37,1775667827,Yes,0x063542c78de95b5458fa8755da87e01df044600ca6419b2843018756468abadb
BUY,0.002,2500,1775667827,No,0x27ceb3eb93caad2efcca8ddc773fcb2f63cdaef54a757aaf773f3396a911be19
BUY,0.002,5000,1775667823,No,0x91f948dd71e419e35939e3e9fb49a5aa72e573bf0efa155b8ffce15607321ee2
BUY,0.002,15000,1775667821,No,0x7457b1685bcd0a3c19ee87e412a2955e9ee19fcd8940cdd97b8e5929552a5141
BUY,0.002,500,1775667749,No,0xfdc342292d3bea2c952e02a49d373a9c7179e9009126ca5eb208d3ce92af8681
BUY,0.002,7285,1775667731,No,0x6a1078b0e7911cd6496960c2404642744cdc42aac874866a6caf15688ead0df2
BUY,0.002,2500,1775667715,No,0x45f86dc9fe1672ffc4ab87efefda37bfdc8a74dacc81ada2b38879f1922ffe3f
BUY,0.002,5000,1775667703,No,0xd904d8416ddb847a81ce07f8c42d5ad5b4643047a8754c64a9fad459a5eba8a9
BUY,0.002,10970,1775667695,No,0x25dbd0f3ac57e254eca2ec6abb6b4a5f532bdd31bd9b2a35de86ba12c43bfa01
BUY,0.999,1.001,1775667689,Yes,0x148782b236527cf91601d8095060fb9b9f7b6d436f6674d5ece224e197baf527
BUY,0.002,5000,1775667671,No,0x998e4353424f43e5e314ecccbbbf675286c4b067cd535a90984cd85b17cbce0c
BUY,0.999,1.001,1775667643,Yes,0xc2c8e6bd14d19362c53b79b75d4effcb82f801ae81454cac70b3cec917939a2d
SELL,0.998,7250,1775667639,Yes,0x4f3d1a7c1aeeaabef1a3d7789f6397cfe2605a89985f98ec2601ed5b04640549
BUY,0.002,7500,1775667631,No,0xee2605fe1b49dacebe2dec8415fe935c7ec3721c953ccb5a6db1161eb39d84f5
BUY,0.002,10000,1775667589,No,0x001ff33fa371972396eca503e711b67f92bd4412a679f880d776a27766e0aed5
BUY,0.002,33060,1775667581,No,0x6fb4239b91db9e36ebddb9d4fe3721c9aff2de757e36ec2869cda82e3d8069bf
BUY,0.999,1.001,1775667579,Yes,0xf04af1cf9f23c39754d0e0ebdb346168f58e9932a02f57cf25de12a368b1dfd4
BUY,0.002,500,1775667575,No,0xd67804c247847bd3ec07a0445d104139298ca4b0bbfd5aae87556f852ed62e31
BUY,0.002,8150,1775667563,No,0x4d2911938097c771e794032360b0d23b5d3c7eb7797c6f3014714b9cc36d4848
BUY,0.002,5000,1775667549,No,0xe2905592b6acf4001cef256fc148b049f5b0b7b12a4abbbc57bddb54f89afc1c
BUY,0.002,4500,1775667523,No,0x9061cfae00b65d80633fa8e5965ef15460815885dd6184d22760616d7895c0fa
BUY,0.002,6000,1775667501,No,0xb09177adb5922fd9baf2fb2b51e58b93cd921e00f22e8e416ac145952901bb42
BUY,0.002,500,1775667487,No,0x0ff3dc01a0450d98f461642b4fe815cb54801e8a187548e79550241c7ebf6492
BUY,0.002,500,1775667437,No,0xf6fe947135b21fec39d1a5e900063c8aa9dc9e7d6770ecec9c8e94a48edb4874
SELL,0.998,120,1775667295,Yes,0xa33b58679a08943559fce3986aa01bc8113bf11228c4b7c2df1be7e41e2828d2
SELL,0.998,79999.97,1775667283,Yes,0xe3a03b77236ea5cebbedcf8b5d15f9b1cd2e2f67a968b83392ddc336fcb8c1b8
SELL,0.998,5.07,1775667281,Yes,0x6678501518fb7fc00345e973383a6c657370ae3c7cba46c8097c55f50ee958f8
BUY,0.002,2830,1775667261,No,0xbd2026057377a43aa1071e773ed06df085ebda99c3cc46e3975a57a1b062b028
SELL,0.998,3000,1775667257,Yes,0x4252d13e658f817060f06c757ed5b09edf653dddc13b5445010f0317d00a49c3
SELL,0.001,7.11,1775667229,No,0x6f45c7f71db76fddf6f25eec194c11736dcd7a36702793a9d580cf9e82adf8b2
SELL,0.998,80.64,1775667217,Yes,0x03de0dbf006efc4ec0094d924ba465df6d28ff2bd56b4153dba8544481604ec4
BUY,0.002,500,1775667177,No,0x8ac4776276a0c840d2149785f091df891b672518d4f858ea76890ebc51a0379c
BUY,0.002,5370,1775667163,No,0x3d2bf1735052eae49c121cfd62e3a6a7e9a941164e28f2b68729131838713713
BUY,0.002,500,1775667163,No,0x5517be2884b726200f1372eda8a160de8d1eb7e93f58b509508c5d1c7c5869f7
BUY,0.002,500,1775667153,No,0x693d61394e4d3ac88f1bc1e7e79cb63187939b8129f8786504f48f02702a182a
BUY,0.002,75220,1775667147,No,0x8544e3a396c3a5b0884bb0ae0e6de2a92a1a2002ca8929b89e3a9465035b584c
SELL,0.998,24.07,1775667145,Yes,0x7df951113a1a0ab617dc64e5aa8e5d3661f1ac6f73f7223e8fcb897192b06bac
SELL,0.998,16000,1775667141,Yes,0x3447652656de6ea69ba616a184651c2f5f229029e702dc44f54422b90bd35309
SELL,0.998,500000,1775667139,Yes,0x63fb6d4bf9904ebea906936c434ae05a45ae700786f52d0ea7be71d4a91c676d
BUY,0.002,5500,1775667137,No,0x4934afc9f17d848141c67353754742367df17830c53077ef820f76e165c2e29c
BUY,0.002,10500,1775667137,No,0x2c28fa201431ae1e6c72013cdceefef4c31ce60e83c5fb578b18d7ab3e6baeb7
BUY,0.002,14440,1775667123,No,0xee0e3e172323edb247f1f500467295264afdebacf1198ed66a0eb6968cf244b4
BUY,0.002,1000,1775667105,No,0x476ce63ffd0aa9e01064a0e3da6d343db468a87828c08b041e9e6fff095d1fb9
BUY,0.002,500,1775667103,No,0x24ea9611b54245db96afdccb79e32de847a816749fc3fcbc42f35fc39b0c8ae2
BUY,0.002,500,1775667097,No,0x8a89d9c5047e7390aba121f39c310b8a479c2a81a9dfa64607ba695cf0c101bc
BUY,0.002,600,1775667093,No,0xa52d382922e1dbc27250c4cdbf794bd959b5459601629f1deba38b92a9c8dfc8
BUY,0.002,8100,1775667057,No,0xd0af1a0465523a4c375b439bd95c90d7a3044a66726d1bc6cd83995554ffb610
SELL,0.998,33928.86,1775667023,Yes,0x626ca2e84b9f1176228503010c8990fc9e5a325175e94067bfbe0814fc5d97bc
SELL,0.998,800,1775666999,Yes,0xcdb49b472aa481bf66161528728a819e3f5a036a54a4dac75024010e05f520f9
SELL,0.998,7250,1775666951,Yes,0x438e48c43517a2d5757e6f88bf32ed73981f7d9b662eba9df85a03b2e833afc5
BUY,0.002,500,1775666943,No,0x96a8b05a1ab7d8a8b7586dd31772e63f60195ed44c77bc58005a6c4eb9002b5d
BUY,0.002,500,1775666931,No,0xf9b4a392d0a4a1e1d13deb62a0bcb0f6ba718b1136185dd2b3a6a43bddb32cd6
BUY,0.002,20000,1775666931,No,0x785ee4b188b5b32124956b456a4dcb22ed817e6bbd744e7cdfad753dbaa09c9a
BUY,0.002,12000,1775666881,No,0x8f78793e39ee1863237c347dc7256697859986ef522122925bd4e7714d0e996c
SELL,0.998,914.6,1775666867,Yes,0x698c3428e2ec20696d5524e90f2a67c548dc0f63be60a4be71d138c559e0f670
SELL,0.998,377.35,1775666787,Yes,0x4ab85e0b1443643009ac8322c59e84bd03aa91ca71557bf6655a17c5dc44f4af
SELL,0.998,13.11,1775666731,Yes,0x0fbbc0d2b7d7d30a2fc3a45c6165e792ed6810082949122f32f696e2cb540d97
BUY,0.002,5000,1775666717,No,0xe4b56126f0e4e7a06e84da8765766d0c51773be9d1a27a21ad2699979614883e
SELL,0.998,46.47,1775666715,Yes,0xed8a1319559facb3b1c5a6d4e16a1444e6a5711d6ba5810c614f531940c50cc2
SELL,0.001,54575,1775666661,No,0x351b59b8059b052af173bd8aa39b714dc935046d8bd422e259564de1d59e07cb
BUY,0.002,1104000,1775666615,No,0xcdad49aa82b2fde7b442c1fee4c365a0d3a3eb9b23d2b919e7a0719c7efb2247
BUY,0.002,1480,1775666591,No,0xbfbaf151dca55cfa778614bc8296ce06b26920deb140e2eec3778b9983730485
BUY,0.999,10,1775666581,Yes,0xbc5e2338ad6dedfb48fdd035202f04b25c0679d9a98e6a11ed098e07bb0f9cfc
BUY,0.002,5000,1775666579,No,0x5016a4d4eb06f6fc8e56b0516984a31d7d8b8df0e5ee497af10bfaf1992b8220
BUY,0.002,500,1775666577,No,0x4236a765bc439f468a0f2bdf7a2265183e3a6cc1e85e0d24efabd0f11cd1c596
BUY,0.002,1580,1775666557,No,0x8ffeef2766851b5864012725b0c165bebbb8b0594427453337701ae6f0a8792e
BUY,0.002,26260,1775666527,No,0x5dc409d780a0b3ab5fd0960f14b4d90571841b0e89b7a105ab770a7cfd7f69ed
BUY,0.002,10225,1775666511,No,0x33aa66b97c29336b6eb7b34ff68084807581ff1614391a22f5749e2555036f8f
BUY,0.999,4.994,1775666445,Yes,0x961d0d62c6758a932f68d0bb13aecc2ee3e770302ab08f581bc709035f22ae26
BUY,0.999,4.994,1775666445,Yes,0x6e23c12ee23b34487fb36d499b725fef8e7464da8a6034dbd3a647dd6c68fc6f
BUY,0.999,4.994,1775666445,Yes,0x9ae4538b394ea166d943e7ac6852c02fc8f2ca42cece18600121af036149619a
BUY,0.002,2940,1775666411,No,0x873f0a90a40a439999348a52704ad0e0b3de95bd3b79b0caf2ab0d86682f8084
BUY,0.999,6.006,1775666341,Yes,0x718879c031575fdf6bb4a48f6770c40bc5915136da1e92dfb4e41f749cf0aa29
BUY,0.999,20000,1775666333,Yes,0xc8500387eaa71ef1299b44ab9daca6389b2b11b4b9aaf4311a060c8f9178dd1e
SELL,0.001,510,1775666285,No,0xa870bf30cb75090d532bdba061bc87ecda123ff54f59e5a6c0919536f123e019
BUY,0.002,1000,1775666239,No,0xbe36317140a1328e33f06f85a089cd943f9dcd03e5829b917a9d27063c873fd0
BUY,0.002,25000,1775666237,No,0xe5f2d40634b4e40d861bf9ab6414a1e634096f51e69d40b8aacbc4624299801d
BUY,0.002,1000,1775666227,No,0xabaf1d7e9175282a499b895bc10f347a9bab3f30f6cd4cfc8efe1c382456bd82
BUY,0.002,14990,1775666227,No,0x051ec31dc42eb27270af838bc4296314e1efcd42c55f89961cdb1464f95371f2
BUY,0.002,5175,1775666211,No,0x17ae7b10ad1e921b5f50108ad377f4dd1bbe6d6625df42289dd855fb6949de67
BUY,0.002,2500,1775666205,No,0xff2a6fa161326343cf351cc1ba5c292e39b4ff34836fe04c1f67ff40b6816b26
BUY,0.002,112385,1775666189,No,0x4e2f28ee896542d315e4798e949b902f75b684a9a55eb70748b3ba9a791faf6d
BUY,0.002,5000,1775666137,No,0x8996332b270636ee19e0c214003c60bca86b365a0a1dbed48d946c0b304c1e97
SELL,0.998,15,1775666101,Yes,0xab5529e5536b901ad8dee19a2df161ffc73f2e9f416f35325df6ba170daaaa32
BUY,0.002,1485,1775666091,No,0xb3e914c45f157f9f392bdc40fc32b35da2f733ee50c8aaf28475780fe7aad3d2
BUY,0.002,2500,1775666035,No,0xc86b285fb46fc4d68c40359e0147b2366787a0b3d29713da5ed8e7aa8fb766c8
BUY,0.002,5000,1775665993,No,0x868cca6c6ace86135a4ec80706e399f717da93f5fbba8b178ec8ec249e3566ea
BUY,0.002,1000,1775665915,No,0x4a2382a2b694c48a384e6b42e08729ee11d352a1b047a80e8e000d593be81144
SELL,0.001,33333.33,1775665913,No,0xa9a5d632c1c1fb0eba1b566f12328563bedf5f84a369590fa9cec950ae18a987
SELL,0.998,1000,1775665885,Yes,0xa14f737340d16f59f14de4790f2d3b8062c37afc722a85972c330bc6941b2ada
BUY,0.002,5000,1775665861,No,0xee278a488bfb6573437aec31e4b276e9198a4fb8cb4c6ce7caf74a41d20f7268
BUY,0.002,25000,1775665783,No,0x31ffd4ef50e24c3b4f159892abdf5a48d43319640411f0fc9c2cbfe3a2210511
SELL,0.998,1000,1775665769,Yes,0x1e5c4f034f71f87b626b68260440cea6488ee72c460bbec3d2d16619fd6d49e1
BUY,0.002,50000,1775665745,No,0x6849fc1ca3e04822097ea41a424194fb1f6a31445749e9620b7fb3a84ac050d2
BUY,0.002,5815,1775665735,No,0x448812d5cdde366882567db3d5057654dce4404bc33414847b5bf51c9ca8d8e6
BUY,0.002,500,1775665731,No,0x23b0abb8af9199e4ea35344cb2be4e7b0e6e073ee1c2e9b902fe4049e94d80cf
BUY,0.002,500,1775665721,No,0x3e5e1be6508b924afac57e0eebd0cf8a517a48fb82ae01511c5498192905044d
BUY,0.002,15000,1775665721,No,0x6dec63ac25ec1f4e7cb547cbfbb8bf2367809260529f6c753477ad730ed92a70
BUY,0.002,9455,1775665713,No,0x09a5265a22b367ec5049ad18f0ee0b85c43cd76ca77b5e83c7bed5da7cc6f69e
BUY,0.002,1500,1775665699,No,0x02de1aaea4f3692077c1462b2aa16bcb6380ec05ebd34550df80d08961131d5e
BUY,0.002,50000,1775665681,No,0x159e73182722b1c1aaffcc7ef1b711327cfea079eece3a420564024368a9d0ea
BUY,0.002,500,1775665631,No,0x5af350b798083b8eaa919cb223f095d4ab4d9a031b481a0ca9f01841cf6447e4
SELL,0.998,1.65,1775665541,Yes,0x3cbfbc653cddb62e785ea103f9f088e004a9c816ce6bf8906c143492a227f258
SELL,0.998,9147.74,1775665539,Yes,0x81d04396008e3be453964c80cbcab58fc2a48b82266af995062c4ba4d8c3d25d
BUY,0.999,200.82,1775665521,Yes,0x06837fc69eb0b7875d2fe9ff222b8982dcacaffe0b22f7935c42bbbe92e397e8
BUY,0.002,3500,1775665511,No,0xce0541c44a03285c24f3dd6db2d71ea5f3094edeac5d1297f4a5daf9424feef3
SELL,0.001,10000,1775665493,No,0x54f07ed2b8731e63f326893f275cfdd4a364333405bce0e4777962293f9424da
BUY,0.999,1.001,1775665411,Yes,0xceb95359a693a831194aaafa75a96ff2085cc0328226eab49bd2201c6ca664b1
BUY,0.999,713.31,1775665397,Yes,0xef395f67a71931cad0b02a7ef56e0885abf3d5877d74e5e513571dabdea27b92
BUY,0.999,2983.48,1775665363,Yes,0x0886b395d5e981503e93fceaa51f10bb973298bb85294ea79f9c8108a1c38d71
BUY,0.002,5000,1775665253,No,0x6daa88762fb1b06416e898303a819215782720f1439876fdb217ae860ef77073
BUY,0.002,500,1775665245,No,0x6a1bbd34b182f048bacab2cd8753e30edee3e45ac033d32682383c9cc6c30c51
SELL,0.001,66290,1775665219,No,0xfd3393ca90adb6b079325895a9894627e6890c9131412f41493defdcfb96c63f
BUY,0.002,5000,1775665191,No,0x737a6152e505898cad3e96a162bfe1bf76d3161182e2f897fd0abce6664e57e8
BUY,0.002,2460,1775665191,No,0xd02af84906161c10d2b2a6a6ec9b1b588515aa1bc5e445b639c65f130354cd93
BUY,0.002,10000,1775665187,No,0x8c4340b8ebcf95f7429a95f74c10cd6d70e588432979e34a2bbf77e8648ea530
SELL,0.998,12.4,1775665177,Yes,0x8c254e3a2201f965a6c9f5ed71812e0f556b368f0066621fe1f7665bab15bed7
SELL,0.998,100,1775665169,Yes,0xefc4a6866307e23d0a2e3beee7c9ed9d308ccf7e8ca114221177dbbf3f432979
BUY,0.9989991826355463,1.1011,1775665165,Yes,0x29be9061c64aebe7fffa4b095f349aee855138c69b24020c38f9646fca24850a
BUY,0.999,100,1775665155,Yes,0xec1db6565423031c4c51fa998ec95c3a221b82994a02e2c070f3f7d216e12433
BUY,0.002,250000,1775665147,No,0x0136f65a9e47ae0da3aad2bbe9a836014a19c1bfd986e495452d1f23641a15b9
BUY,0.002,10000,1775665125,No,0x17e21aeabdce3d8550e4b1240f589b61a87f2cc5765b41874802231efec7f22d
BUY,0.002,15000,1775665049,No,0x41145ed764e114c1eb1f123d302defefd8870b4ae79846b8aa80a3a1c49d2d17
BUY,0.002,5000,1775665023,No,0x6fc3102469decc970acaa61ee388b401a937a87c4627605808ee8a228007c4ad
BUY,0.002,83035,1775664985,No,0x0ea07e6a409f1e1db695de1cc0289f7a5a8f3698c8de897c806bc7963b73a012
BUY,0.002,125000,1775664967,No,0x7e63141593e6f1d2819b88ca47e3c6acbeee65ba7b3ac980b4a51b88f2523bf2
SELL,0.998,5.56,1775664947,Yes,0x0bc5e317f9700c38a208214363ed7f4ce853f4456f407b93ce8ec91b6140f690
SELL,0.998,5.56,1775664947,Yes,0x01fcfd3faf7796e19e452dc412bb11f5f1e52753cb3d778efc6da07049e903ba
BUY,0.002,100000,1775664919,No,0x5269ea78982c12a8f13ffb9a3504fedb66defb3d315a4282633bf5b2ce5e28e2
SELL,0.998,140.47,1775664897,Yes,0x3fed8f45436486f3a4e4c1261a2ddd6b455c3d8adfaa3a6e3f67d3b727ca22dc
SELL,0.001,4168,1775664887,No,0x8801700e7d4cd39aef3597dceef281a6a57d8bad171cd12604a49b1faee0a8cc
BUY,0.002,12500,1775664873,No,0x3d2e4d713723ccdaf708a2415c0fdfcf3d93741da0e037fc5fd4e75096162623
BUY,0.002,4000,1775664797,No,0x45e5252d86b730a4399ff017a2b80f898f9804ed23a8eade87ac5f5e6dcf951e
BUY,0.002,5000,1775664789,No,0x23cd45dfae43816ed5829105a117c04e8d06a8343a35303856eedcd4c371bdfc
BUY,0.002,4500,1775664783,No,0x71729f428a645ebb0712023b6c1225bea398e998aa61bb239fa5c6772ebc2beb
BUY,0.002,9500,1775664779,No,0xe8647684a8bf400d67fed29545fd5d6bcba02750fe9e16d8f1d4b32916163090
SELL,0.001,6852.16,1775664751,No,0x6d171ac73439761805778376ec3f5448310b5bea302f147b1c356851e2d67c96
SELL,0.998,0.33,1775664747,Yes,0x22fb29b7486593342a7d2e91ad4435c1ef8190d5ee7a253cc2fd8243136bb7b2
SELL,0.998,10.01,1775664745,Yes,0x459e64c1157438cd143e506152d9cb49dbcd2e6d9b609fb5e15ad2aba0846113
BUY,0.002,2500,1775664745,No,0xfa09038062a1ba04959a1920d4516ad96986b7c3cb7bb6ca996a114ca5f7401f
SELL,0.998,25.15,1775664743,Yes,0x7fcb6ba025d8db4771f37b470e9c7a4bb92928aa9abb81ff3ae1eaf866550f09
SELL,0.001,777500,1775664741,No,0x2598ac8acd162254604a0b17be8fcab49a7697bcab566ab06dc14a02a097e4d5
SELL,0.998,0.2,1775664741,Yes,0xfecd37a6578c58a3b6834e4145e5e175121234a0208d66d92d56a65dcd742345
SELL,0.998,13.01,1775664741,Yes,0x1b4a64f64aac94fa6e9050ac9680c4a3a2ebd911e88ad879475043ffe8488e3b
SELL,0.998,5,1775664741,Yes,0x9ef12ecf5190208920fd3c922d53c441bb4ed98d061f0600519209f93c9d4916
SELL,0.998,0.95,1775664741,Yes,0x7d1198cc469b0ded8a962434f05b1e9c133de3075d22352e5801bc137575857e
SELL,0.001,103019.98,1775664699,No,0xfe54f01dce484cfd5b906e9e51dfe9a117932be5c9ec0e256b02d67a8dc48354
BUY,0.002,1500,1775664661,No,0x05820d2b1592052f958cccd6ea32d89f904bb6adb5420a73954c526d7ed2e5e7
SELL,0.998,850.88,1775664651,Yes,0xd94bbd44554683cdeca07fb3ea5b5878317c5851f305cacac83a750a5d52b37b
BUY,0.002,37910,1775664605,No,0x5ec7cd6f1cb4d24b519846e5279c3cf1aad08caa9cadd1a298a8cc41d725d1fe
BUY,0.002,99500,1775664583,No,0x1261b53e7b7f987fad8cd4d4fa84d421cb45db89712da88918cbb1fc1416b993
SELL,0.998,9.25,1775664547,Yes,0xc3f3092d7cad25df35e3a3cce5597eab6ffc4ba9fe268b1889d8b4c313132922
BUY,0.002,4500,1775664513,No,0x320eb65e2a0d778c3d5617140c3c7a136bf7078e13e4332e40bd4c1b00707ab6
BUY,0.002,2000,1775664497,No,0xd6e12d38f21cc8f5ea483baae0ef3d489aa5d269f7f597b696f8e0b23e50ca8a
SELL,0.998,54.16,1775664493,Yes,0xdfc1e4bb5fa59f88de407e399eae18753b6d443a24e6ed1bc6df5fab5b985671
BUY,0.002,99000,1775664443,No,0x55f804bb4b080aeb460439588348ef91a9d1cee7d5bfd2d3ae37ad96b5377a3d
BUY,0.002,1500,1775664405,No,0x567e0a62432536e886818a918239f4381be3ace2dd1fe2a72a08c96be4c8c9f2
BUY,0.002,4495,1775664389,No,0x3f508bb222a534049ce34a4203ec732968b85cd77f10d6e92c397e8cb6e42061
BUY,0.999,19.979,1775664361,Yes,0xd85fce6eb68a80fc412e4fbc03f6eb0d4c6f8fb17dc7b4ac5921579d24c05840
BUY,0.002,100000,1775664357,No,0x00900f63bf1f1b5c3cba89c3c4a26f565bd5fe0ff200c7698807a0b51e275fe9
BUY,0.999,100000,1775664273,Yes,0x5d0c6439cabd824a714852e46e1a36a9c5a4136c24f246587eb86fdbb6ea6844
BUY,0.002,3735,1775664263,No,0xc7a97fac13e05aa913ae2f607126c2c94d9abaff3d65a21640a2a2becf717f91
BUY,0.002,519.6,1775664247,No,0x784637ec195c1d01edea1796d878358d67e735ae586adf1e52c56e267a5d2708
SELL,0.001,3000,1775664229,No,0x9453ba6b099bcd16d43acfbb4a29662e0c2ab4a2fbe51801385d3e9dd8a5c1af
BUY,0.999,4.954,1775664161,Yes,0x1634d9198cc40dd4630885354b7114112aae4bf61dc268bd1390654fc502d746
BUY,0.002,5000,1775664161,No,0xb7dba6094d8c888cc8d95793d621a5ce8b5586359fc01ed708d18567bb5ff612
BUY,0.002,100000,1775664159,No,0x1203828f65c2165c52f7a1667c9892529bf74c08347e60add883a70b89e9e821
BUY,0.999,4.954,1775664123,Yes,0x2d5726d330fd5e59d69f7fbc20cd304c4fc9819e20eb957456f8d719f9f3827d
BUY,0.002,50000,1775664123,No,0x5159bb949e265c35866597652f275167a6927d877da436ace9767b4b27936bc7
SELL,0.998,900,1775664081,Yes,0x1d7ab44d802babc9dad424512fe161e931e8e8601efdf73181bb56bd53ad1e81
SELL,0.001,33333.33,1775664077,No,0xdc4a16857c0091b055e8c52b06dcab3958c49dcca983f89f0f61a3ae84c4198d
BUY,0.999,1.001,1775664037,Yes,0xb3802368b3ec57f6f7d64bf3c3f3997f7fa7b11dc55d9449f045a1b17f6052bc
BUY,0.999,4.954,1775664033,Yes,0x74cb9f94ceadaf7d0d6897ad19e19fc1eaf9607f93b356ac7f81240550c7b7d2
BUY,0.002,3000,1775664031,No,0xa901520d7d702785dd56b00ef66e6dad67b5bb81bc9dd281cd76bed251d25ba4
BUY,0.002,500,1775663987,No,0x9bc48843ffc5d7b7e88bd705cfae02a4f5a515b8bde8af0b6c029a4d3b59d11b
BUY,0.002,500,1775663949,No,0x2f144f0977da3ae5c6b345a022ad390ceb2f9c7f5352d276c82d2aa7858f50df
SELL,0.998,8.93,1775663937,Yes,0xba35f6a19014343aed1bbd777448ad983ec51a7286dc3fccda0af77d408514f0
BUY,0.002,500,1775663931,No,0xe1f4cd77e65bc6ad525f87750a39372442dea04efa570f71da182f420db47041
BUY,0.999,4.954,1775663877,Yes,0xdc628eca73399d32550b47369502bea191ddf00fe9c0a39bef4f2db952117327
BUY,0.002,27195,1775663877,No,0x0e6e5a4013e9393aa74293d4e49f07347c285767533ead520e466158bd1e3533
BUY,0.002,500,1775663829,No,0x35847811cf6f526d359b2b0d6db596c0e626b7b450515a5b5e7b709b4bb1d60d
BUY,0.999,4.954,1775663787,Yes,0x5664ef45ab66200dc0e8a583d4b9c7782352d77d022c90440e6785a37b164d50
BUY,0.002,10000,1775663787,No,0x9bf40d410cad7b18f83168ff232b66957d82ce8c3724156ba240041f7cd8d699
BUY,0.002,500,1775663785,No,0x66745bfb8a5a22b261dcdf89a37a455f191117cccb0d161eead0dc8341dd045a
SELL,0.998,8.43,1775663747,Yes,0x7b04046795f536eb92ceb093bf730259366ad0a4b98f9c92957e89b643eb2f85
BUY,0.002,500,1775663707,No,0xd5e01b26b1b0d9e8e3a14a70b859700018b9d8d66cc50b46214bed4e794602c4
BUY,0.999,4.954,1775663703,Yes,0x4f4d50b6246025d51543157d5749a916f127c609b40f4132304bf1e7a0503fa3
BUY,0.002,50000,1775663703,No,0x1a35643f784aef9353a5ac32679fe432b651ae9e6fc17b7dfeacef5de4c321ae
SELL,0.001,682635.8,1775663699,No,0x4e3357d85f234ee11c317f87d61e69626520695e1f80c2f66a8f604ecb705e2d
BUY,0.998,33282.65,1775663681,Yes,0xda716e0a07d9ea79f80f6e59855a4a456b906e51f8a30f9e3d6b212fbc2d1de0
BUY,0.999,4.954,1775663681,Yes,0x5309433f145f1303f6fdb228528cf6627a5adb72f377d508a0ab8875c2538ca7
BUY,0.998,1.002,1775663661,Yes,0xdd77658eb5a611adac83122b5a916182b89d56ac0901cadeb692711fca57b691
SELL,0.002,250,1775663657,No,0xd8dec93bae25410c33dc4637596346b77bbbd43acc132da17b863b567f751416
BUY,0.0030000000012,3333.333332,1775663643,No,0x62389c5a7cd5ba61252cf76df2074c29b544c14052de79364bf36251f757f8c7
SELL,0.997,181.81,1775663631,Yes,0xbb7f70808c9ea432d3cc72a0186a9e2a7961ffb6c09db5fdcc6bea553a5c9e90
BUY,0.003,15000,1775663621,No,0x51cbc3e7766a85fa7eb1986684fa2998f2beaf415f1e9d631cc501665ad6266a
BUY,0.998,99.93,1775663613,Yes,0x031984b46d897e55828ae30d7170da076ae2decf7935e5ee2a076cda7cb5cbaa
BUY,0.998,5000,1775663561,Yes,0x2648ab7377a146f4df10efebbd8a829b11618076d96f038003318b7154e1d749
BUY,0.0030000000048,833.333332,1775663551,No,0xd650514c31315099f705f51f44634f1b6659ffb4363904f66240eaf1511b0903
SELL,0.002,2143.17,1775663539,No,0x580fb834beeecd682cdf6a99fd9680326671e84a5499e82a635f6a9320765fea
BUY,0.003,75000,1775663487,No,0x9e2be1e30165a692eb4adfaa6a40dd65b670bba4355e9f587860fc2135cbd808
BUY,0.003,1000,1775663459,No,0x1b2b1a0fc22f5a4571c2b3346845ae71211bc61f989e0059725ec31c8d8dab38
BUY,0.00300000000012,33333.333332,1775663439,No,0xb50bdd6483f60a8a881c4787f2992d00cf92e40bb08cb2eaae0c7df90fc8eacf
SELL,0.002,593,1775663437,No,0x1c5cc2bd58f0961ca5286393f13a17367b0f2648f62facb5a39b1f8dd2465175
BUY,0.0030000000012,3333.333332,1775663437,No,0x842fb1b3fb28dc0edada4060baa97fe7c26bdf2394127970d076f9af67f21383
SELL,0.997,149.25,1775663437,Yes,0x57abf27db755e1d3fe3f7faf6021e92e13610fd237b33dc26bfd8be5c38862d9
SELL,0.002,50000,1775663379,No,0x3c8d22e91d66f3b94f08911a2af1c5ee26e54a9a81db0ada66c113b5e96ee376
BUY,0.003000000012,333.333332,1775663377,No,0xfd7088767b903ef5e91caf235ec6594ff63ed9396723922f4ae5b40fab68afba
SELL,0.997,15.7,1775663371,Yes,0x8cf25b934351846dbe8f9d96d84b08ace366db642badb72447c16c860e976b04
BUY,0.003,3400,1775663357,No,0x2436a3efd566f92e4c2d5f3fdc6031b08348f81992f11dde9c907c2af686d96c
BUY,0.00300000000012,33333.333332,1775663339,No,0x0dc201bdf6449507cb2de59e8339d44fd7068a50fe2053fe83e408cc31503f7e
BUY,0.0030000000012,3333.333332,1775663319,No,0x39bc4069c848de0a189f7bd6605175bd5492936cd9eac0fd1d11e5427cbe7a27
SELL,0.002,40.81,1775663257,No,0x5deee593f7e21869d91bdba0699c73bad18d9f850f732bffe654ee66956be9e4
SELL,0.997,0.65,1775663253,Yes,0x3347f39ce15ae9ca737757ac48b38b04b8eaa67768ef89c5d050db8e00b8806b
BUY,0.998,900,1775663233,Yes,0x745832eca24945b8d5f8d8fab392af894386961e1bfa9da2e517fb52778cd1bf
SELL,0.002,3333.33,1775663225,No,0xb022ccfbadd51fe8653afa269b61fa3b20ab3ccd47e613cd175c9f8f4b67d7e6
BUY,0.003,2450,1775663199,No,0xff5347999233f11c5b7e48f1322d93a18f9a83ec439e0fd97bcb2d5482a77362
SELL,0.002,100000.22,1775663187,No,0x8d2830320d0105e534c3c30308c185dff9cec36d541c7a5f5e2b1c28168c3fd9
BUY,0.0030000000009230768,4333.333332,1775663169,No,0x1133abb09faa840bd0887c5ce4f39ccbb367bf537fd13cf9e21fee9fce9a4c9b
BUY,0.003,10000,1775663163,No,0xbb0e1023aa2e3527cd82f367e9ed69bfac7fbebcc9c10ae143acccb8fadee492
SELL,0.997,51.72,1775663093,Yes,0x065df22da16ede4cf875fc90aca2c0d351845548c56cfd406c705ef70aaf8d46
BUY,0.0030000000012,3333.333332,1775663091,No,0x488695a62196e6239364b9e8b62a46c64c9d4be684b163c0324865635fab37f4
BUY,0.003,1000,1775663091,No,0xcb7e8cdd0e42c7966bfcb231f4b4073dfbb35b04b801a33e5e25d6940ab97bb7
BUY,0.00300000000012,33333.333332,1775663047,No,0x8a3e1421b6b6688912745b3495b8c1cf139094a0e41b0ee165931e90156f1166
BUY,0.998,1.2525,1775663039,Yes,0xcc507bd298c6b6aa258ca47efc9577e2fc6633f498440892ec7b4c5a44f0b9f3
BUY,0.002,59354.62,1775663037,No,0xe2560361e2e4f9f16bb882018bd7be4a80da86ab4ca3d686b8df4e3677e72a0b
SELL,0.001,1607.14,1775663015,No,0x86a8646ce8a263950b57a5091eca26cd59c65897b1bd0641ea8afece1a1ee4fa
SELL,0.998,1700,1775663009,Yes,0xc40ffa1330386bada15212dde2dd6785a6e392efe00481e570fa426791bf01e6
SELL,0.001,2665.41,1775662969,No,0x31953ae0e713a815f44b59c75928ba8c8bddc08d9061348597735b8a91f2fc2e
SELL,0.998,177.98,1775662925,Yes,0xd34b4a7af236d1f2064563fd3408d15d66b95285a6cbb02b393e0ce4fcd2f2ff
BUY,0.999,7.987,1775662917,Yes,0x7093c5b99146518eb86f302fac130c344dd4194f5fee26b70089a776776e7628
SELL,0.998,2000,1775662917,Yes,0x559bc5300500c6115bb5ec848d8b574565df69235031e2e891723bd0232cbe4a
BUY,0.999,2.002,1775662897,Yes,0xb78c4cb04a61aeb1aaabf570f3f4547a76a3eec946c23983350be798cd7ab6fa
BUY,0.002,500,1775662895,No,0x37550338aedf7527a0187332bcf4c6cc6f47d1970ffca1d6c5526cbca81309f5
BUY,0.999,1.071,1775662895,Yes,0xb2c112fcdd6c1a0391800b3746167fd4420fa434c9bffa01ca06d42b118acc6f
BUY,0.002,12500,1775662885,No,0xfe64a52c947b868cfe857ac819b4234c3f4b495fe9ab95bb0d1a9ddc622c1c56
BUY,0.999,21.191,1775662885,Yes,0x45de51dbe72a06ef072cfa937343dde533f48a6d8844aa601637073540b863e8
SELL,0.998,12.4,1775662865,Yes,0x1cdbca1e4e833446c91848d3fa7e74d0dd1437405e9f285343dfc0d3c40d665e
BUY,0.999,1.071,1775662839,Yes,0x7552e8dc966ab6ec1ca6cea6a51fdc45ae00e9a7f2247d502222b08a4e10b5b8
BUY,0.002,2790,1775662827,No,0x380070b7e552842a6c470469aa291bdcd77fe7a115a65c034e4ba437d968821f
SELL,0.001,285.71,1775662801,No,0x84684ddf97495b53a164e6e908a04c40d5bc62fb112385e3eb6a02351d28a772
SELL,0.997,10.02,1775662775,Yes,0x74822bc09ad681409402119cb80d6e878fa4bfbb9bab7090f7edcd288d9618ef
SELL,0.997,10.05,1775662773,Yes,0xece221b47b56a789f151a2d109a141628616863c84ff098b5f31d2685961db0b
BUY,0.999,1.001,1775662741,Yes,0x54ab6a49cb56aeac150e99df19f694c18ae9209c5be0c88a3969b13b4d41353e
BUY,0.002,5989.79,1775662731,No,0x851fd8724f3830d17ccad9fc946935d07fda764c49b7d1f9f20b59949d5b926b
SELL,0.998,10.21,1775662693,Yes,0x0cb41e1d20e43fd67a3eec5366088e19b04269faeba981165331ec77549ca853
SELL,0.998,10.21,1775662691,Yes,0x9013754cc7227735388d01db5310753c9c0616d78c5a8a64b68ca7289dc307bb
SELL,0.998,10.21,1775662691,Yes,0x80b7854adab540255751e64b9479157a663be27300ff2cad3733171bb985d463
SELL,0.998,10.21,1775662691,Yes,0xba28f628b85bc6cf5b8ff04996c9c393846353c90e3e2dad7a5806c7cc4f8c21
SELL,0.998,10.2,1775662689,Yes,0x77a5e1e25e378e2db0d429932474b7cee850ea655466899b95138ab6ceb308d7
SELL,0.998,10.21,1775662687,Yes,0xcbbb2b3b28e0fe651a55747d4392e7241a379a7138d9f920a7420d133f234bed
SELL,0.998,20,1775662677,Yes,0x2ce3299a91c9dba8ddd42783559e6d3b9bb6de4ec78e07b55484c5223e754ede
BUY,0.002,1450,1775662665,No,0x1b28d0f2c3202f989260b8791b2380b19043d0497a83620317f9cf092e96b052
SELL,0.998,12.65,1775662665,Yes,0x63b1e2a067c0ca867e29080ab9ea55257a611bfd0fcf2c917a70e0f7090b18e6
BUY,0.002,285.71,1775662661,No,0x7c5645b4bc59652b73507c8c809331627a29528dc2ad7d21e4e59d56d2f97b46
SELL,0.001,40500,1775662653,No,0xdfcb7d4592421669b81e6a2c43005e1d10f09fb588e0e91076cec155488a1260
BUY,0.002,2000,1775662611,No,0xeb3022844a1dc061bf779a1b995f0ef6d6f116df5868e7195d4f07485174e588
BUY,0.002,1700,1775662587,No,0x8d1070d3c6ec8abd54f0085fdaf23726180573d2d40e3d33f9a700f1840b1d43
BUY,0.002,3500,1775662565,No,0x5910435910cf04166df5601c828156ee0899006151f2f14a39e376002bc19318
BUY,0.002,1500,1775662535,No,0x04478e8c6f9417c999ffa17c37ad6832d3436979500f40adf0cd39a66fabe15f
SELL,0.001,50,1775662515,No,0x133756da7a10a049f6fc799222864491d4aa627cc6793d57f0d0afd1b17d1534
SELL,0.002,500,1775662487,No,0xe8ba8db6eced29c7b4a3d5258330d8db4662194a76135a98ef1de408e039e8ab
BUY,0.003,400,1775662481,No,0x3ba89dfb79d112979ca2d46c110bf1828abc22b30e139886a26d91641aba03c1
SELL,0.997,54.12,1775662479,Yes,0xaba2a610628f089af182554a3a671435095d5a9acbf951c9c10dad0b4337bf0e
BUY,0.003000000002181818,1833.333332,1775662459,No,0x7c97e46230770de713e9158bbb11bb5a76579c1643519e9607464519dd093992
BUY,0.003000000001714286,2333.333332,1775662445,No,0x9d661a9a399baff93f8a29c79928534b4b996e5c0f32229f869935a02a0dd5da
BUY,0.003000000000576923,8666.666665,1775662437,No,0xdad94d1cd1bd9b649f3c77a9ff97d543325e0adaae2ca8ebe7fc205e75590af0
BUY,0.003000000003,1666.666665,1775662413,No,0xbe4b97c6a10ef437c0f7cca7a85d654d059bb107a3c0774fd55530f3fbd3da70
BUY,0.002179303144982383,7663,1775662401,No,0x275cd4c870266d5cc4e86bcf29948ebf36527f31e65b01fe54614482503b6daf
SELL,0.998,42,1775662369,Yes,0xa6414b5fb299b95852e841bbcd15e3762d04c4a2e0f2a20a2fae710e5a1403de
SELL,0.998,5.45,1775662359,Yes,0x06d572c656abe612fbb33f92a65094661b29608805827b10f03fed4325f36c6d
BUY,0.002,13090,1775662345,No,0x76555dd7270173f31f252376a7a3e9d58f76f11d4055a2cf8d025b7e6eb50bcc
BUY,0.002,25000,1775662341,No,0xec26f7342e6bfbd82205d01ab75a370b9413bd914ce5d194285e75d22c502c32
BUY,0.998,221573.69,1775662303,Yes,0x541a9b267a03f1da94c23c5528e679ea13af8da9508dd9f4edec631c3e2da276
BUY,0.0030000000003,16666.666665,1775662269,No,0xbc0e9624a3fd7bfff00a9872922421fb579aa2f8cc1862359f93cd4c22703737
SELL,0.002,58.82,1775662265,No,0xeb09b4fb23bfb11c67093fac647dc7d8287f2da26bc616622547c3420a8c8778
BUY,0.998,4000,1775662263,Yes,0x88d0df79c7102539035c0315afe61b9c3946a1acdbbeeb778cd038b4a46c4492
SELL,0.002,107585,1775662241,No,0xfe9eeaf07a7da970cd105aac0e7ccc7c9a6107dbf6af4ba8ac8cadb6466539cf
SELL,0.002,5,1775662225,No,0x867e71d056e904eac05fcb6741df076c7e58b2a5cce5a66c7b3f53cf4ace0617
SELL,0.002,10000,1775662209,No,0xb8dee8babd733f23cb35bd90ae2d2f6cfb2d79d637fcfa0113d5751e823c3f18
BUY,0.0030000000003426613,11673.333332,1775662207,No,0x130b97fb4a689e904ddc4c672748253572e7db6a2f20897928e535d2e57a4a6b
BUY,0.0030000000012,3333.333332,1775662163,No,0x2c305436b039169b551071f0620c44b6f48a4db261c71d88e2a3f22d1e71138a
SELL,0.997,1250,1775662095,Yes,0x53192bb1a732ebe65b3d4f16f57c5c9b12ddc96661796a584165314557813067
BUY,0.003000000000107633,37163.333332,1775662089,No,0xb4a14a3b9d8ece06c1ace53a62f822095ee700e280b70d1860fe70ff3d6a666a
SELL,0.002,2500,1775662065,No,0x6773736052e30877bddb74b3e2cbb8dd5bff11e5c79bbbacf137d29347575bbd
SELL,0.002,7827.27,1775662053,No,0x55792500d03888207cc621438f0b6d0cca663f85545e80b81459a40ad0faa9c6
BUY,0.0030000000012,3333.333332,1775662041,No,0x2c5b72f334d1fa87fe8f27676ae5cda43b81d1defc6e86c74c05a40518386319
BUY,0.003000000012,333.333332,1775662019,No,0xa298467301051b064da04c7e45a135ba6c4f49b5745a5497912d2ae41f666752
BUY,0.0030000000075,666.666665,1775661999,No,0x4eeeff05c38aead09ba1a08cd99c613206a5612ebb38aca5e850dbd98774a833
BUY,0.003,30000,1775661987,No,0x96d7fffd49a18caa20c1ea63d8977658ac10d94e56592a46071de76018319a9f
BUY,0.003000000012,333.333332,1775661985,No,0x6f65dbaebd5e525e5d7f02905dd2d1d578edaca60fad3b9ce0c05c6123a650f7
SELL,0.997,18.18,1775661967,Yes,0x870eab81df4d6bf0ad558ecaa0c741c49fa418f12f4d117e6ced20f56be2ebd2
SELL,0.002,6.52,1775661953,No,0x8cf046eb09a1f8d71ff45c83b714897f7e14b1a7e4eb343b8b6cdef1a037b6e5
SELL,0.002,12435,1775661929,No,0x47373b8581dd4063f920d76c0e433cd34d80451dd50f356a1844f2884fcb48a8
SELL,0.997,3.7,1775661919,Yes,0xbaaeb52476e97161a67ea39abd168c8bc600f523fd897c6e4e3154e8c4671694
SELL,0.002,30000,1775661903,No,0xdcc507550e11710cd4c6b1bf1c288591da3eca8f4a91d3e9dbd5849c8ad51d83
BUY,0.003000000012,333.333332,1775661897,No,0x3d4105c4a482f65a3e29694aa1e4d5f7dd84aa46358cc32be81289960349bab4
SELL,0.997,13.12,1775661879,Yes,0x9f506484bb0f927fbe2e735d232eff661653a42a8fc01454a83d06f5721bbc19
SELL,0.002,20.51,1775661871,No,0xf17c5e49dac332c1dbe58c55ac5571532e0e83461e16f48cfcae894f40541c8e
SELL,0.002,58623.25,1775661859,No,0x4ead5e0f7705828e272cc133e4f9db347dedfca62306cb532da1a5dc5970476f
BUY,0.0030000000004605466,10856.666665,1775661849,No,0xc0dc6e6014fc333672af8b84b51e9e959c3e7515371f44080b7a2b33b7e5fdbf
BUY,0.0030000000032171584,1243.333332,1775661847,No,0x06226b12eeadadeea08a6b66afdb7d8f73214b721fa40cfc76c210526e44a932
BUY,0.0030000000012,3333.333332,1775661843,No,0x650890905fff1ded3cf94263a7fe34e35f3a9742319fe662aa3a5443772135ba
BUY,0.003,3500,1775661785,No,0xe3aec35b224601bd5a5da61db1f9a46b1f35fc13d6a12e68a645b34e8b446d8b
SELL,0.002,1159.09,1775661743,No,0xa212c795d7aad717d63bf59fbdeac2cc75d8282ddfd5756cf9b0c5bc1370ac33
SELL,0.997,14.25,1775661739,Yes,0x35e345856a9f104385fa2066964a1b6f0db41dae7c32cfde9d9b97879520da54
SELL,0.997,67.85,1775661735,Yes,0x57cae8a01fe5388946143550f2371ce5c7c03613d4d82dbc8e17cf1c9e6c5e63
BUY,0.998,30000,1775661733,Yes,0x8c31158707117b60a77cb2f97bca2fc96dada1cd50e6e7bfe0bd61d2f016ecbe
BUY,0.998,1.002,1775661713,Yes,0xbd99fd0e96cbe96a46682e3c52e9dc5cfe5697f7b833386bc48c09ca2e8a3528
SELL,0.002,27463.99,1775661707,No,0x88a731956acfc1740a758de75b9ec882611539c0a80cb14a2f45211ca381434d
SELL,0.997,14.23,1775661695,Yes,0xaba8d52a4179f8d63a3d31ee051000976a2f1782cf1848062d89ba1ab9cc6ee6
SELL,0.997,149.32,1775661693,Yes,0xfce0b88d18db60b6ba361b7d8d8384401a63c9a66812e6ba097919ff0f7919c2
SELL,0.002,50,1775661691,No,0x7ce372df65343aa89c599c280e46b1f9892fdb93110f3447bbeb0ee0ce0a0a94
SELL,0.997,92.59,1775661689,Yes,0xdf5833fb85b2ee49336909910c7b54a2e47bc319bb039229872a3d781489c3d0
SELL,0.997,185,1775661687,Yes,0x0ef92121860d63f1197a9a8ea8dcfeefcdd8e86506f641c930cbb6841b936271
SELL,0.997,0.02,1775661637,Yes,0xbc655b76c4d78ba110d3ecbd270f2a5e479dfae2893437d604b18aca8d7a45bb
BUY,0.003,1000,1775661637,No,0xf16d9cc2c69514c3cc2c5362752cfd4539902bf6323c2b1c33522786ec269a6b
SELL,0.997,63,1775661633,Yes,0xcc4aabc46cc36f910b26e5ed75c5a8369acf09f8dd7fdc9a03f852855cdda211
BUY,0.0030000000012,3333.333332,1775661625,No,0xe93346166ba8b66095bb0bdd3a69a4cbff4606816d3fa50f6c1a198b86d6c2d3
SELL,0.997,1,1775661605,Yes,0x45678de8ac4914362f58676a6a32c3e66192e07ddbbd8c9e43a0b87ae9fdc2c5
SELL,0.002,4280.3,1775661589,No,0xccf7d7cc81876b36330f7c9f3c73555dc80091770ca80d2bc7a56e5b754de8e7
BUY,0.003000000012,333.333332,1775661433,No,0x3cb78750e533f431a06dc5c70934bb6e758e986ec826cec41c977b98383e8338
SELL,0.002,6988,1775661367,No,0x80898e4e959f73fc0937c477ea752ad892ce678f6e21fe824e1a6cc3ea55208e
BUY,0.0030000000005172413,9666.666665,1775661329,No,0xe38403dc328a9b0c0b40cec2440105797a5885a77f3c6a262e1f318a8fc258f0
BUY,0.0030000000012371133,3233.333332,1775661289,No,0x95942a3a6c8b3deb99c922189c2cdf22b0ee4b8f47ec5c9da6a341ca82f2232b
SELL,0.002,55.55,1775661269,No,0x350fd6c736e0661600e7e45d4c87104e966aedfff4aac334ae14b348a21ee59b
BUY,0.003,5000,1775661267,No,0x249bca0c95b71aa823a56a23aec694b81270937c925a76844d473c945f17a2ec
BUY,0.003000000012,333.333332,1775661261,No,0x4b6b7ca154429cb01145d8fffc54d7ff85ef6039a5a5e56253b36e8ff9ab4e34
BUY,0.003000000012,333.333332,1775661247,No,0xea22053a843a6456ba938ea0462d25e3e9ea56ea363924b3bab2703d4260e9ef
SELL,0.998,32000,1775661245,Yes,0x1af4d01b8c66c22e4fd4c3757f9a505dc7052e09a322e38bd1f6777c9c184081
BUY,0.002,49500,1775661243,No,0x4c9c8e8aac4a3fdb45159062f082226298400690822ef877aedfd703190223c0
BUY,0.002,10000,1775661241,No,0xb497f7dab821b0efad8cd1058b23439ac80dfbabb7b02b396b053d4095803ab5
BUY,0.002,36000,1775661237,No,0xb1a50a2aca6e4db2b7be4a95354797497033f7dcc68e6cf2af76fdf2be4ca86a
BUY,0.0030000000075,666.666665,1775661213,No,0xbad8841dbcd7e8b56091435575c31f7079764227a073267bac3f50a3429269f8
SELL,0.002,139448.56,1775661195,No,0x39a63e9399c1f33692de346da110fe28b803d6fcb369a0c55f724418fb4e2ff1
BUY,0.003000000000244898,16333.333332,1775661185,No,0xacc14bb4e0ef65e3164856725846d1f875813b569774b15a32e0860ebc97aa34
BUY,0.003000000012,333.333332,1775661183,No,0xf5b37e0f1ba3f4a001b8eea1270c67ee382a5da71e3a8ab17042bc5efe31d97d
BUY,0.0030000000012,3333.333332,1775661175,No,0x4d87535eae22fdc66bab7a8791e6c9db1dc75ff143469a5be2251a9366ca600a
BUY,0.0030000000007643314,5233.333332,1775661161,No,0x897dd5c6fc938fdbdf6f5b09f24ac97ac6efda19168ba9688bbb133aecbfe5a6
SELL,0.002,4595,1775661139,No,0x79e7121aa1b90c18bbdcf0d9338c78d0fb05997ceea018188b31da1431fdb893
BUY,0.0030000000003803247,13146.666665,1775661137,No,0x8b6e91ff8e0a3d7dba47e842f853cf5977f5f743ef4174e0b99b29905df9508c
BUY,0.998,9000,1775661135,Yes,0x6ba87374e341de90999f46880fbb7602740e3727b01973fa5afc4f423028d7e5
SELL,0.997,44.29,1775661101,Yes,0xb66934afafecf586a252c4416d9b55f3ed8b9d5bebb157a799786f993244d1be
BUY,0.00300000000012,33333.333332,1775661089,No,0x9d7cf021b03d66e7e27551a9ba24da58e8de371da2bc574ab553e2553b1e6cda
BUY,0.003,2750,1775661067,No,0x2150518d3977e871db62dde36e474c1cf00ec9bf4719e177d5a7d39121a90cce
BUY,0.003,500,1775661023,No,0x43687d54e28be31eef1579fcde7857bc3c3bc14d1b668f592cba2fad25e11218
BUY,0.003,400,1775661015,No,0x93d82236b6d48e25db607490675b38de0af1b2b7e3817253e62644c94096d0d0
BUY,0.003,56000,1775661013,No,0x2009b9c066f86568b1a57a2005275193613f21f3c97ed002e5a03c9560fb81d6
BUY,0.003000000000631579,6333.333332,1775660955,No,0x2ea71e91c6794b5d4ed295eb1cb26dead6657edd6b39e30c19866335d6a7dd7e
BUY,0.003000000012,333.333332,1775660941,No,0xb8aa1b6f828298f901ce4a83272bfcd9f7769a8b55edf3a9b930d59438fed565
BUY,0.003,3000,1775660937,No,0xda75c74e42c93c399ed748fbf003eaabbb15e1393c8992000ac4b50b7d371a9d
BUY,0.0030000000003,16666.666665,1775660927,No,0xfa3910911139262f5d19de31b5860000893baabf4b9bc1ac8118628147970cd9
BUY,0.0030000000075,666.666665,1775660923,No,0x9a5c6d42bfc5b2b47b2dbb9384e7293239da3903b3976a6cc4237c4bf9dc0195
BUY,0.0030000000018750002,2666.666665,1775660893,No,0x7ccf1f79a84dd3bc9df27aee5cc688caea030e71ea4f4843fd2c0c9039558833
BUY,0.0030000000075,666.666665,1775660875,No,0x71ebd6dabefecf8078368832762b06429cf95a8c035ed5dc0f0940fa427cdb01
BUY,0.003000000003,1333.333332,1775660865,No,0x0764fe154e10dc5312314f121775217b708a5f8efc330736dc562c873f2d308a
BUY,0.003,5,1775660865,No,0xb50beb6605b77f722dbced1b0bb2300ebe8272041a3356246eeae747530318b4
BUY,0.998,777,1775660857,Yes,0xc0ea4fcbf6b57eeb6f662d1879f7ca750517d96ba7a4fb179bbb62e394d9734b
SELL,0.002,200,1775660851,No,0x4db21ecfa8d346a3d1cbafd59bcdb40f46f3e9a05591d229c43a95d30f990fe3
BUY,0.003000000003,1333.333332,1775660839,No,0x4ad3a35617462d7b78ae8d254e789d19c97d161a8a850a0be44baaa68aa99486
BUY,0.003000000012,333.333332,1775660833,No,0x85827d5e102b23ba72633e583f88d7f0dddf341a31c7b28ca0bb201ed7559c61
BUY,0.002,71115.79,1775660829,No,0x19fa942f59cc7fcfba5e150f9529d9d7d1dab89bc1c9771a623b0983dbb3f7ec
BUY,0.002,3500,1775660629,No,0xbd0df2c3c0bd6f45e9fa70f3311ec41f0557d0bf4719267c75f68f18724fbeef
BUY,0.002,10000,1775660615,No,0x3d1e088e4d27c2b6663cff153cbf00b678b8b5b4b7c852fe70bf6cb89036d34a
BUY,0.002,1505,1775660569,No,0xa916a768f59dce42e98e3aef3877bec3f45fbb0361ed6973e3662e29cd31f0f5
BUY,0.002,36840,1775660557,No,0x8c2360b1d138c932a6408349b871d70d7750475d425381625513c0f763da1342
BUY,0.002,500,1775660541,No,0x9266fc0c0942d91c29855785add8c00c1a1a5a27c227e7cc587256aefa1f4c4e
BUY,0.998,45146.81,1775660533,Yes,0x16a751b341acb3f29af241a87e0dd61a9f32544fcdb229d73e388a105880e9d3
SELL,0.997,478.06,1775660501,Yes,0xf7851116c65357a596fbd0f9f9b0f3b2ae62a53b7d7f71efc2630a83d1667761
SELL,0.002,193.13,1775660485,No,0x001b279b4bace08048acb17707a2a7eb5236156fada9f85ed29fb2a21e42820e
SELL,0.002,5,1775660471,No,0xa4062741d8aa9df1c421d5d9e18195c78744f1f179132c51ff6d3952e4633c2b
SELL,0.002,74,1775660469,No,0x72c7a3d9dcbd677ad5f14f530f026923e86dcead292e01a0fa8f2d9f04fc70a4
BUY,0.003000000001459144,3426.666665,1775660465,No,0x16b1c1c2428088f880f8faec3919ee548330d77986297d127482b0d41951c9a6
BUY,0.0030000000003,13333.333332,1775660443,No,0x89f14b38a6b1f63633a6410d7751e5950a281250c6b87cd527ff60a810e27eea
SELL,0.002,2500,1775660425,No,0x05f8163adc9174e0940ea80c108bfc788aed121a6b710e27985ca0862956ed6c
BUY,0.003,620,1775660423,No,0x940446e623514e7e993df44ac0e0b68ebe4ca2886e11313afb86ac4f1353150b
BUY,0.003,1000,1775660405,No,0xc9be88912c68d96497ca8b1fc21338d44162ebe8174c4a520f5a84dbc6a60bd5
SELL,0.002,200,1775660383,No,0x6a07587501a983b8b24653c98df3361419cd62dd1d3c179fd0a0ca4453f87604
BUY,0.003,1540,1775660381,No,0xee1ce32ea7e9d7b33082d9103c927fa7bc1c01853ed66b9b096ed633b5d72b18
SELL,0.997,100,1775660355,Yes,0xc87bb0f9138a93fb7c6ef9279dd7cd852c8a6df21100728aec1137c6f43a0385
BUY,0.003,510,1775660343,No,0x63576b66934207af11f17d3fc91502612a73219b4c0dc6972afaa0dbaecb10e8
BUY,0.0030000000012,3333.333332,1775660317,No,0x7f23cb74928c569180ecefe5c62ac586988d4e6c570cea55a9e3fc84c06f921e
BUY,0.0030000000096774195,516.666665,1775660293,No,0xa776dfd0f86335adaa0415fae90b2f1d36b40771283e66386638890dd9500bcd
BUY,0.003000000012,333.333332,1775660275,No,0x163cf9ba2067449e17acf7490cd65adcb4ea5f8fdee8de057ffab5e88a6d6053
BUY,0.0030000000016371076,2443.333332,1775660273,No,0x75b20e4a355abb640b718f75ebe043c6b72dc28eb0b1212ef4891d43928269bc
BUY,0.003,400,1775660257,No,0x68172975079c8a429ef1656ba2cf067cda23fde3481fe5f780297b0ae390d5c8
BUY,0.003,5000,1775660245,No,0x407e2cc43bc26e3d557fe12a0b198087d2b4dd1715e689ab33a73c8059340eae
BUY,0.0030000000012,3333.333332,1775660243,No,0xbf886fbc7c3ee3137c9c81717688bb632f5d64d549fd52f4e68961c9ef6d044b
BUY,0.9979999972599713,279.559117,1775660241,Yes,0x385322b3ea422352500d6acf8a340e5d3fd69dccc5944d3cf3da8a41da0d2d9b
SELL,0.002,5,1775660237,No,0x801721d71269fce8940afaa18093485093e4140b2800a36fa36df14b3e2c3986
BUY,0.998,1111,1775660235,Yes,0xdc52d5c48052be75ec2cc777d533a7ff3434fe7c94c5f44c154c36f7a0b1736d
BUY,0.003000000012,333.333332,1775660233,No,0xd5c9407f7d050dfbf6d6646ad744eb74e1c03bb44608e21fd343bc728b12309e
BUY,0.003,5000,1775660231,No,0x059427f50e1abf805941f75bebea62cc5e74da91269a1966d0056556e803e854
SELL,0.997,61.72,1775660231,Yes,0x7ecc38d0a793ec16fb8a842c32aba90a53f49fc4ed14022c001a6aff30496695
BUY,0.0030000000002428167,16473.333332,1775660231,No,0xcf88222b64e3486d35a850ebe705187c110397e77757c8a1cfb12745e7fe8851
SELL,0.997,502.82,1775660229,Yes,0x1d38bb179e71950a8ee277c818c0a2235910afaf0b32083c2c5a5d7ff16d0f43
BUY,0.0030000000012,3333.333332,1775660159,No,0x567da8236c6a6708974cb4cc8ec96108b8012ecd4a01f9a6deab51d7fffd3dd6
BUY,0.0030000000012,3333.333332,1775660145,No,0xb7040b09ba0ae2d55840c2392d6b3d4b07d76488ed2d7d742202b19efdf9f4d6
BUY,0.003000000012,333.333332,1775660107,No,0xab35c5846a21d68e77e651253f0505a7226cf1d3dbf284032bd3286f868e4204
SELL,0.002,333.33,1775660101,No,0xc95eedf71ddcec501951f9c970e8ab52143f3a13ced1a5281617534bb24081f3
SELL,0.002,250.5,1775660091,No,0x741e0df3e99765f5ab0910d919c56b7b51cbff10dbcb293d5d20a7d1db20eaf5
BUY,0.003000000012,333.333332,1775660053,No,0x52faffac9fd42e17a0c7d805f9cc2648e7c870f1d01f218854600f789869d072
BUY,0.00300000000075,6666.666665,1775660047,No,0x95b3a444d1f2c526fbc99165e55332b2ae36a1ec5ed4f4bb284a1dd672909eff
SELL,0.002,827.78,1775660027,No,0x64f7683c744f0a2acaa17a0ff5f75141ff0f1d325ecec167371e13cfeeef06d3
SELL,0.002,1119.74,1775660027,No,0x95b007d02f42d9829e24ca1d1bd053e58a4247090047e840ce7f552b5bf38aab
BUY,0.003,340,1775659985,No,0x148c38a12970026b1158c6c8fa8517d57e8c67fe4590b1309ec963187cb299e5
BUY,0.003,5000,1775659975,No,0xa10ab7f698deeac3ddd7a14ebe6f13edfdae808faca31370509de14d8f332769
SELL,0.997,72.18,1775659959,Yes,0xb0d7f8a60c1a7afb37690d55337b5d6c4eef8d483ca363c941ce6b544578a7d0
BUY,0.0030000000012,3333.333332,1775659937,No,0x1e684f8b3f612c630eede909e6070958fb3f7b8fd3bc98e7b480bbdd591b9d4f
BUY,0.0030000000018750002,2666.666665,1775659921,No,0x8ae94184e86478b615a737392fcc655d9eb2fac756095b0d54679f4abf15ebe6
SELL,0.997,29.56,1775659919,Yes,0x4a3594a59a616dc15b7f5c6c9c4f71274adc3332aca5bb105422b61fda7fef75
BUY,0.003000000012,333.333332,1775659891,No,0xe0eecba57ade52caa2f7c5633b7054beb665d0baf9e605df7ba0d8076fb628d5
SELL,0.002,2500,1775659869,No,0x38035848ba2dbfaa363e053759dba6f5fd62912c9a2f11d7b53858db2a0eafb1
BUY,0.00300000000075,6666.666665,1775659831,No,0xf4cacedf71ea8f903ca071c7f089cfa7ca242525f44d6ef6a36b40becd33b9d0
SELL,0.002,400,1775659815,No,0xa9bd80930f5a7b39b80aed9f07f1789ca6c0898ad7d2ba68eafaba974645c588
BUY,0.0030000000012,3333.333332,1775659813,No,0xc70d1158af7e486b6b579b83fef0bd29a227a5d98e25f2095facb55016bfe69f
BUY,0.003000000012,333.333332,1775659811,No,0x89d393133d8ade7aba993b91a60866d17eac260f4935fee26d7bfe933b9ae3ef
BUY,0.003000000012,333.333332,1775659783,No,0x0f0302c1d2e6960904948b981ab4832dd432526ce16944f4d3a5ac8f75eea6ca
BUY,0.0030000000003,16666.666665,1775659757,No,0xe28f8150ce05a7b9aec0e4f6d88a8bf930ece926fb511789ce81d625f2978b91
BUY,0.998,1500,1775659711,Yes,0x84653afd2453acb28fca8da3b24a7a5c224447fda1b58f3ea77feb02b435b12d
BUY,0.003000000000394737,12666.666665,1775659695,No,0x816ab6e187cda2bf5e5fc1b387e3f8a9b096350451b91cb097b969f66560d7c5
BUY,0.00300000000012,33333.333332,1775659687,No,0x7edf7881bcf9428ed0c0ea9b05bd6408914d6f68e3d247c660724deca386f81e
BUY,0.003000000012,333.333332,1775659667,No,0x3d4eeac5570521f2620485a176d19141509106b3fe86b7b08554da51b1b24d87
BUY,0.0030000000010714286,4666.666665,1775659661,No,0xd31a92a34cfedfc30822a1dc409e09e329ce02d219bdb265d42ca90a5b636047
BUY,0.0030000000075,666.666665,1775659631,No,0x185b9cf9b859f1bff159433038ffb50201edba8d5803580034f2897fb13fecb1
BUY,0.0030000000092307694,433.333332,1775659625,No,0x2334d7bcece841778271c70eaddf6b68b00ce3ccc7848f100ba19bccf2bb5a71
BUY,0.003000000003,1666.666665,1775659567,No,0x0e8ca510943656e96ad7d80ee09e4d3018000eeb51e3555009cc35c55b900cfd
BUY,0.0030000000022970905,2176.666665,1775659563,No,0xcd7dddd04c7d78044240812a1bb2372caaacfddc6212aa24ba1024df72ddf53e
BUY,0.0030000000010714286,4666.666665,1775659561,No,0x0adb99f9072d8fbbca8cb5bb326bcb92b4a114c7ab54f894b0840f3fd2016a10
SELL,0.002,3510,1775659553,No,0xf8837914308696bec6578efa0bf7c9e6829b3e7afd9c1e6f4531583400cb1bdc
SELL,0.997,3.03,1775659547,Yes,0x847d9eec23f3831c72e325e315fa2efc5f819eb9a982bad490cdff4a3792a852
BUY,0.003000000012,333.333332,1775659535,No,0x47c0e5bf02fb8308b9ab6c058b4750fa119e377590b2d80855d451d1059bfe9d
BUY,0.003000000012,333.333332,1775659529,No,0x75ca983ba326a2d4c450ce96910c77d0972cbf34a7d98512d531ea070a82f6aa
BUY,0.003000000012,333.333332,1775659505,No,0x677d1e13c6ab0b91ccd6f3d293dff8cc6584c4fcc8e285b360494e8830a3de20
BUY,0.003,20000,1775659503,No,0x46329ca9d31ce5adce8d530db38de5bede4a034380804f25aacba82cab3163e3
BUY,0.003000000012,333.333332,1775659481,No,0xbeec39e9792cc6a6361121036e1231298153f779a26da138991b4c92f63e307c
BUY,0.998,4103,1775659473,Yes,0xa73defa349ad72c7250037ac26b070288f968f75b4165e45848bedd246d41aaf
BUY,0.003000000003,1333.333332,1775659439,No,0xe33371b1fc8e57b8d717a462658551506690ccc48a4d460f979188dfcdfd188e
BUY,0.003,2000,1775659437,No,0xbb6149fe3061250a9df6c01baa48524c58a60866101d432e36964ed3208f0cc1
BUY,0.0030000000000141177,283333.333332,1775659435,No,0xf5a99b299007a80203bbd175e0a71fa47011c5c5a08b22456804171d4af1f40b
BUY,0.003,5000,1775659415,No,0xac44658a77e9b76e3563655ce31381ce3cfc0856ccdd0d359bb528d6b9dad77c
BUY,0.003,1200,1775659401,No,0x683fa435ccc17032834e69c56000219610bccf5b8f01c19b79b3b6def0b03fa6
BUY,0.0030000000012,3333.333332,1775659389,No,0x3534bf2287a37eb4c180de0a7bfb72a7c9fcc29b014fce1d2c1434e142c1a13d
BUY,0.003,14000,1775659387,No,0x97441a51b4e1f2ba337ee4a7f6e1dcad783f13fc819c3e276b54d6f026df006e
BUY,0.003,2740,1775659365,No,0x8020b0be1a297bbbd3b2a3486e90bf15b7659909a9f446d028c99b3bb40be418
BUY,0.998,169,1775659257,Yes,0xf514f3d072f2e21eaff0c5500820b248a1f1c56787cf2a369d16f323cab4e2d7
BUY,0.003000000002912621,1373.333332,1775659219,No,0xfc44d39e8c27418071e735ff990fdb5e2679c340e16eb49a37ea89039ab69cb8
BUY,0.002868199408214619,73216.666665,1775659199,No,0x319af744b43839f87394c962d2c785398ea9467309516cf480c40815d356fcbe
SELL,0.001,27.78,1775659195,No,0xaff8b913eccd6945c120d38079c83da32f86c6ef14038cc3d822163cf2b6970f
BUY,0.0030000000001791046,22333.333332,1775659189,No,0xdb2abe261c1f839014ca9e8a7a21cd6760fbc1c6a5421895a5f70448b30ebec5
BUY,0.003000000012,333.333332,1775659171,No,0xeb48c975bfcbb21eb8b2082459930181c57a05d6e01da1a35a0f940658046f56
SELL,0.0019157894736842106,9500,1775659147,No,0x992d452f89cfd101d872da1ca8c02917f8dbf1f8fc8c733cbe0f3b8249158d59
SELL,0.998,20003.58,1775659133,Yes,0x5708750a7b88e204497c2919955fedef6cf13cf36f5319faf4ea397218eae67a
BUY,0.002,500,1775659133,No,0x9b0deba6d5f0b594729b899577b7d3fe89b1b25e23e142d8239fd3079885d195
BUY,0.002,500,1775659127,No,0x55658d0ff0cb7a7966a32a743f3b14fbaf6dc6798e2adab63bfde3aa00fe6e42
SELL,0.998,24000,1775659125,Yes,0xfe10c40853d674386e07ce465648156fd51b2b4eddde5e229ff207a579528334
BUY,0.002,4750,1775659123,No,0x95a61666ffd78501518169554d0340939153bebc19da647bb9778ecee998a7e2
BUY,0.002,500,1775659121,No,0x3d3324fc4f1ef2914f75cfdee563fe6264ac22e31e37abaaf1c58cbc4e14e6c4
BUY,0.002,7500,1775659117,No,0xab1d1546b6bce9fc548ff87039536c713445cebe0522153c2a7dd28d940596ec
BUY,0.002,10150,1775659109,No,0x9e441799417891851f71a59589c9889852e0a222c9586447a7aa64a597b9a68b
BUY,0.002,5500,1775659105,No,0x0313967e56d95c68f639a77df9453fb184cf58a8ac7c61697be88c1505e0d861
BUY,0.002,1500,1775659087,No,0xcb80e55c104ccf9dc629bd9be2a4ecf799dd7aa58b3ffe5f117774748d5292e5
BUY,0.998,6296.42,1775659075,Yes,0xd2cf2d979018835de4d4040455c5be1949de6a4b3bd140a188bc74a544c7b2bd
BUY,0.003,400,1775659065,No,0x5761aa7ed1a7a73759be44602e0273de0a5ae6682c3a42c12316a3d5902717bb
SELL,0.002,50000,1775659063,No,0x2e4d297615fe568367067cad8db0ec80878c1e4541c11eef80702a3fad2809e6
SELL,0.997,12.5,1775659009,Yes,0x8071577499066a0cfe1eb300e03029c4906e6c47334b131cc8760a0bd210c025
SELL,0.002,1073.61,1775659003,No,0x9f2fde6036d0f89f481f191d3433fa6eb922b2f0e1358494dd842cd9fc9d0e5c
BUY,0.998,500,1775658995,Yes,0x46629cc2f880507b7614993a8910a477217f42f10c8f04b2dc47ee0e48d0f265
BUY,0.003000000012,333.333332,1775658945,No,0x25fec981c5ea54ed3f06cda570bd625f94f722e3967829f4c126bcff3e2a6475
BUY,0.003,13320,1775658889,No,0x4cfd05c6848014b26e46d53186436f24a419e5c01b469f99f8359a2e9668bc70
BUY,0.0030000000012,3333.333332,1775658887,No,0xc0c08a381cb41441b2f4e84a6ee3e0cbeeac9a55ea087162064f10edd718a463
BUY,0.003000000000218182,18333.333332,1775658857,No,0xa061667046c7bdee6caecd0953850e555ba4849dfd6e6657dddbe57cee811ff7
BUY,0.003,2000,1775658825,No,0x536eccd794362413adb9f25266091ab7f3c93c9ce044802efbcc52a8aaeefbce
BUY,0.003000000012,333.333332,1775658821,No,0xc0672a1939e0121a575f5aff535336a9fe628cd41d5542e5026c373c74dde157
BUY,0.998,30000,1775658811,Yes,0x90b51b54032d04a4b87cc0ae88d366920e1dcf2842916085ed3b7247dd78480a
BUY,0.998,5.88,1775658781,Yes,0xb4351a4c464aef66d0f050c37f7d684cfbd9423cf14fc064cb0b99b01676fbee
BUY,0.003000000000974817,4103.333332,1775658763,No,0xa4fcb39f16772e6dd96f46b4459885de2f6b9366e0149fbb7c670dd31721e22e
SELL,0.997,5.68,1775658733,Yes,0x732aa1919845898d6af983d6ba3e04538161370cd00c1c3a51f2d5710fa8cbaa
BUY,0.003000000003,1666.666665,1775658725,No,0xc8265c5266ffc6348bf5f5261d495e011388bfc4d5d2ba9730b9cc33592a8980
SELL,0.002,3823.33,1775658721,No,0x2ddf3aa7fc2bf293f8c1aaf7e789bf4761271346263920e5073cdd58a3fb4cc5
BUY,0.998,5.68,1775658721,Yes,0x19b5e6d79724a65248461fb0309520d7b76629e733ed69562623c1aeae7c7e54
BUY,0.0030000000003,16666.666665,1775658721,No,0xebe79dbfa24d5c48234bd5f61fd44268c3d9a2e5fd6f94244a6063a71fd66f31
BUY,0.00300000000046875,10666.666665,1775658715,No,0xdc9d05b9b8f8582cf6a32e9b0242f2bc1ef87d3d455001b9e84fbe54d19a294f
BUY,0.0030000000075,666.666665,1775658683,No,0xe02c2bc1f09cb5a334eb277d5d6ef1147032b8017298ba810ddb2be2932879f3
BUY,0.003000000012,333.333332,1775658579,No,0x6679fb1529538bf67b6ac0761d6ba03c66f8e242f8208917b2d2ac76a83074a7
SELL,0.002,0.51,1775658547,No,0xfb393c5eb52d3b2e9333aa2a98e724f3b9557d3db5456983f1c50eb2596d94bd
SELL,0.997,594.03,1775658535,Yes,0xa9d8b205af1ae8cddbaf24ef8fd0dc3d116c08075a10284da37e311efc86508a
SELL,0.997,31.99,1775658527,Yes,0x302008ed2df088d890406d8526df6f10a97fcca69521e7f7a5c26689e6f9354b
SELL,0.997,26.52,1775658499,Yes,0x6566de5579cefe3044e10512a2ca218943ef3fdde4e4bf0ee496588354ba936a
SELL,0.002,1519.99,1775658413,No,0xa0177de6c9c75b9a1886bb1bf20c6e1b02d7fc0293baabd21b135ce8f48c64a4
BUY,0.003,3320,1775658407,No,0xdb0c44cf534e595c18d8cf6df2645372134a0c62709b5187b22ba7e6f7444811
BUY,0.00300000000012,33333.333332,1775658403,No,0xf8ea30989f9f13c919c5370d3f90517ed3082fc3d8d6eb421d2e1fbc8d0e69dc
BUY,0.998,170,1775658397,Yes,0x171e047d405baa015f872b3276e15dcb139f97c71cfa6ddde86d07c5ae7304ef
SELL,0.002,50000,1775658385,No,0xbab9341b42c2c0507786e812a35e795982887dffd74de34d9c806c9ff9423a09
BUY,0.003,64000,1775658365,No,0xc81fbc40fa6aea34caa0057413bfb3b63df03de7f27e0db4a2844652d4370901
SELL,0.997,488.58,1775658337,Yes,0x8ce831e54eacfab9d4033456a6eced4a8e0196428af60ab6796c62eff5e1fb73
BUY,0.003000000012,333.333332,1775658335,No,0xd1324939e3ff367523038c71e8bfca054968df43662dc2f71aa4b21b962cf7f4
BUY,0.998,131,1775658327,Yes,0x045f23d33348ce04ff6797928afdb87e04bad1de8b56bb45db90f4a73b169d44
BUY,0.0030000000062176168,643.333332,1775658327,No,0xce7d3c0b3b2674e07964a124e7ccf4752a51a7b729a76ab9c3e61de1213bba5f
BUY,0.003000000003856041,1296.666665,1775658303,No,0x09c06fe2d05ad4f4010dc4322d90df9d1ac195fa59d028129c3d139102530d2e
SELL,0.002,4000,1775658281,No,0x0ec27367d80993f7413ba76e901f7f7a4be7c6671dde7adf38c98d351c097d81
SELL,0.002,17220.06,1775658267,No,0x81dc97db0c2d909b6827e7b7c3548566d23fe870d4cb287d9556bf6fbf1b71cc
BUY,0.998,200,1775658257,Yes,0x6ebb08a341caec75f4481eed0c4fa7fd0af2abf96dbec39f1b34cd0f485e5cf4
BUY,0.0030000000003,16666.666665,1775658253,No,0xe9bd295b19303a32835246232f5b4f36c2054f1762130e7dcef66719c5c3835f
BUY,0.003000000003,1666.666665,1775658219,No,0xf5de5d8a59740392822da9c0c9250f4abe3887b3252ef7165663212b7979355f
SELL,0.002,23916.66,1775658201,No,0x96111fc43ba5f06360ffa017205182f21afc5690e4654b4375e340ebca23e391
BUY,0.002,32166.92,1775658191,No,0x812538c2231999af567d9044083e215fcdd4d6f67dc32d6e994a2da5865093ea
BUY,0.002,4000,1775658189,No,0xbcf4ec7692ac5cbf89a736a95ed4bc8545bca01967456d62c8d3ac47e948b286
SELL,0.002,358.08,1775658175,No,0x5c8b048fa6f6ae026db46800e5f9505d19132d384611bb0d153af7089047f439
SELL,0.002,666.66,1775658173,No,0x00b350a693f0dbaed3366ba3a0657edd122f1e0b1a67c0e9c90d72d779d99e02
BUY,0.003000000003,1666.666665,1775658145,No,0xadfa7c9a53cc51450580c123a9dcf02fae01983152b2e3f4787a924590c1c401
BUY,0.00300000000012,33333.333332,1775658139,No,0x9825546f75e13ab0c41e24f49780c704dc814b0c5f39d45e50f04d6a6d002ae6
BUY,0.998,109,1775658131,Yes,0x8dcdf6ad677a7fa4a72668afe1312f5727a4a99242788079f04fb087b16a2cd6
BUY,0.003000000012,333.333332,1775658115,No,0x3c434bc8a7fab860aeeb60f106b843fe8afa36ca02301491bdc3a9e7fb77c2d1
BUY,0.0030000000010714286,4666.666665,1775658113,No,0xbc6704aa79bffaf92aef63579c2768a3eed4f6c6f93490b50121ce5c4b26c3f1
BUY,0.998,100,1775658113,Yes,0xb60169172fcedb39359b23b68473887c83e35d4012b25e5bb595756deef1cd55
BUY,0.003000000001268499,3153.333332,1775658097,No,0x11582cd0493ef69553ed45b528a8ab181418f0a31b8fed22d9a10c531cf6e459
BUY,0.00300000000075,6666.666665,1775658093,No,0xddcfa3307e2cd2da288bb1c4654bc600a9f99e634b8efa6ecb4df43c685e4b95
BUY,0.0030000000001363636,36666.666665,1775658083,No,0xfb7750b9d71a070fafea6c8d3b8a0f309df4902a1f43a70997d0db93995715d6
SELL,0.002,20000,1775658077,No,0xdfcad8ac604050664d6105a4b10f39606a038a64cc645b83c73c6d37a70337cd
SELL,0.002,125,1775658069,No,0x6f8db625a39a2b6794594ef23b5c567a9b750f03a1de66bf559d9a7dfda35890
BUY,0.9979999861067266,12.95591,1775658037,Yes,0xabe9d6546991586d262638b8f0f493e6b26d4392b4c0eb685653fe23536875fb
BUY,0.0030000000012,3333.333332,1775658031,No,0xebc987a2982a63e975e948fb894d3172984e97a04da151bf4b99d6ebd5a1d3b8
BUY,0.003,6.25,1775658021,No,0xbed31286d090754bd72d58667ef9fa5271a9e373d40eba34194c47999091c5e2
BUY,0.003,17000,1775658007,No,0x79164e76e6f8288dc23df1fe7fba061d6c68c7ffcc8b07b23781582e78237924
SELL,0.997,29.96,1775657995,Yes,0xd02baf517796de8bd5248ace1b495076962e199867b0e1063827b0e7368c55db
BUY,0.003000000012,333.333332,1775657991,No,0x4bebe33e3d80ebaefa9bb3db200299efe163f369ceac5bd350bbd20cdbf5ef62
BUY,0.003,1010,1775657989,No,0x9e1e7d736cafc4efd0ae325218c2ad12c5fe036cbdcc626495d4df9f0cb338fa
BUY,0.003,1010,1775657985,No,0xaa5767f6f006ea26babdb4c970bab512b145f070a5ee2899760efb69ac7df61c
BUY,0.00300000000008974,55716.666665,1775657969,No,0x9764b3d88a848d61bc82378ebd01665f1acae902302396cc758846b87ca25b2a
BUY,0.0030000000012,3333.333332,1775657965,No,0xf3f25421af69c61303b0115054dd21d203ebe984385e0f75f57a7496789a995c
BUY,0.0030000000015075376,3316.666665,1775657965,No,0x035cac419a66181fe14e3a204963bdcbae33c9569f9f2d773e49e4f8057dff7f
BUY,0.003,30000,1775657953,No,0x6a829b15dd145d0303f1b2fe4f124cd7801b9b8d41351ab194a458f6d86ea7e1
BUY,0.998,4453,1775657949,Yes,0x5cbcacbc71fe6482862d111a828d73e71b6ca9781aa84affe4b9e8030eb376c3
BUY,0.0030000000075,666.666665,1775657945,No,0x744871ed62329f6646ee9c93b92215dd7ba9ecd0b4e4ead1b7b29791a5ce5048
SELL,0.997,75.45,1775657945,Yes,0x22db3ca75bf658c89745601a4f8da70af8029df067bcff24263e62541a990da7
BUY,0.00300000000012,33333.333332,1775657943,No,0x8860d96aa7090f675a8fb5473a4c78072e7f77deb2596810c8591045266509c6
BUY,0.998,7153.5,1775657917,Yes,0x54e59c735b0181d56666471e11c7d0a2774fe2d4c6c56462d12f3e7b8dffd0a3
BUY,0.997999998890661,320.911822,1775657909,Yes,0xd2963e6ae3a90b8be8b489d1de743f3a23d45b6747bf538f85d81464dd3ee1dc
SELL,0.002,1700.88,1775657899,No,0xad5bd0392929d5460fb68e8a2cb395eef13c3c58bdf9867e19c9c164cdab502d
BUY,0.003000000000882353,5666.666665,1775657883,No,0xb383c18179968c3cce890c412af9a7cbc459c849092cd053e99c698bf47e7a22
BUY,0.0030000000088235296,566.666665,1775657871,No,0xbde814b79eac81b2cc89415580cdb4c6ba8c7b65bb70958727c0b97bb1c96faa
BUY,0.002,35000,1775657831,No,0x9bb3ccee2d1ab484d71a0b03c080ca992e5e7aa3e38f89830ea3eaa592ab2b70
SELL,0.997,3.18,1775657817,Yes,0xda147085b2aaa76ed489322f4d8f41bcdbbec79dc16b91a40d0e0786ee8874b1
SELL,0.0014659285630768113,32242.99,1775657803,No,0x175acd467cd11cf3a336b2238a1f2a119934259c375d79b159bb334bc414f724
SELL,0.002,2500,1775657757,No,0x9252306b60f6242debfd6cac69015f5a413dbf610f0c446d38443f13497a0f57
BUY,0.00300000000012,33333.333332,1775657737,No,0x1ec098b1484832caa67b3ef8b3597608c6dcd29ecb9bc0e5f5c41bf3a01e96bf
BUY,0.9979998079847602,5.010019,1775657735,Yes,0x7bd5c7faa6bd5ec31423a06f62ca16b6a5d26fd1791396d4a8b5fe58a3e918d8
BUY,0.003,3340,1775657715,No,0xdc6ad36e19342acd1b73f833d9ad05958cd9137d32c67ace7dc3ab12c46e3624
BUY,0.003000000012,333.333332,1775657709,No,0x11b796bb5bda5555eca917f7b237238147883b82b33e1fb344e042c418c23d8e
BUY,0.003,2000,1775657705,No,0xd2bf8a9d5383c4002c7ea773bc71dda4cd8f3ac4774a7690ca529bbd2a3958c8
SELL,0.997,4.04,1775657691,Yes,0xf4d858146bde43c66e5ad73d23c321ab11ccb8dc592a155428273348ad31832a
BUY,0.003,1000,1775657679,No,0xc04132a6f6e03b442560a5bb0d9c87bfd7443cc4c1311b2f85dcbfc3027b6731
BUY,0.998,2000,1775657671,Yes,0x28f6ce4d97390ad7bc946bbf76e2372b58e917399223aec2da3627b40951225d
BUY,0.9979999579841976,20.040079,1775657671,Yes,0xf8642debd50b97e6ab19fe1c08ecfe8f61be8dae26341db6a6ee6265da6186c7
BUY,0.998,10000,1775657671,Yes,0x5e1bc7fc7a3774f951fb8789098fa3937b23761fecee92c06e427846075d8f3c
BUY,0.003000000003,1666.666665,1775657629,No,0xe7dded0e87cc8f23cc917dc29bbfe81ea70586125df47b4db1c64845595137e3
BUY,0.003000000000882353,5666.666665,1775657619,No,0x898900fa8ed5dfc3f3468f385ae0abc50a62dd8788f6f4a1018ddfd1521dd963
BUY,0.0030000000015592515,3206.666665,1775657593,No,0x220bdbd9f2ead7d0ac521761af5bc58c1989cb899d03310c69d846d8db69c3f5
BUY,0.0030000000012,3333.333332,1775657587,No,0x22916b9b4a8c78fde6cd298fdaf2540346cbeb5067594827a59a373bd505ad6c
BUY,0.003,33000,1775657573,No,0xcacf0518e9cb11d5a6aac3875d7741666a71fa5e475717b42b88e7b423148762
BUY,0.0030000000014371257,2783.333332,1775657567,No,0xec41455f6ff828022ee55273c5e91e7e68212c7bb6c7c7936d9f7ecbe33dc262
BUY,0.003000000012,333.333332,1775657559,No,0xc14fe80cd61c127fd8a6bc85f7159d043b1d029396dca9e13e5b887632fd9a68
BUY,0.003000000012,333.333332,1775657555,No,0xc808e1c0290fa5c9877344aabbc8683ea9c8e29af82bad27d49b94fee76c907e
BUY,0.998,76,1775657537,Yes,0x490e1ffb36ba27df85952cc1c922673623e35656a8e44de14b1e241f26cd15af
BUY,0.002956932896616328,188384.39,1775657523,No,0x514d5dd9d731c32025f3ab16afb76f8e03a19bee861f9addb36662276f76f169
BUY,0.002,5000,1775657509,No,0x2f44ad6f4176303f74c66044bb8bd82cb0ca439edd55c70657f7140bca643ee8
BUY,0.003,1000,1775657449,No,0xd42bc0558881fdf2a6a9c6bec336c0b4bb9d066477640e02655e80788139b76e
SELL,0.9974200210010501,142.85,1775657429,Yes,0x12284f31a7859d8911ec8353a640c209c7207332fcacc1cfc126acae63fde67a
BUY,0.0029997514493798907,23335.266665,1775657391,No,0xbc1e4a1a5b349c81e7fd739d1f09a4356aaf9821ec1d25e45cb8db685ba87c03
BUY,0.003000000000410959,12166.666665,1775657355,No,0x45e134b45f8c0a727254a503f5a810c38525c4dd9fdea5943918091fed78cb79
SELL,0.001,10000,1775657349,No,0xae27a15420dea723d2ebd10b106ba15755d7f8a6d61ade219a6e665c6a24b7e5
SELL,0.001,633.33,1775657329,No,0x41a1bb6b874fae1ea84e9a412ae5f8f7ef3df7f26b5314428d0f3483426f4ef3
BUY,0.003,2730,1775657309,No,0x48bb6c014c2e10a8d0878d54cf74cadfa88f486ffbda3482a842f4ed1465f126
SELL,0.997,5.39,1775657307,Yes,0x17f27085201174afc5b09c853c74540d665969ae46e60ab1fd371565f8d2146b
BUY,0.002,10585,1775657257,No,0x01b05b67122aef94da6d120c0b23851b4b2e495683f57c61a80d7524ab7a8d01
BUY,0.002,915,1775657227,No,0x775674d917f83738c784087700fa7cc0d52e8526d03f5e547f520f8857001a36
SELL,0.001,333.33,1775657223,No,0x0fd5d6fa630d091f5b63fa50865dd876a22abf527d50e0c411ac63ab49ce3a42
BUY,0.002,1000,1775657221,No,0x4bd47e028917bba16a609f179d21df0aa339a03022376a2ddba27e810c536505
BUY,0.998,2500,1775657217,Yes,0x60cd3a50956217048acd4e60ad3984af52312b76a5aead3b0222af185a413210
BUY,0.003000000012,333.333332,1775657213,No,0xd17fdb687b5f39ed8fe30505570f413acc4ccf3de834db1cc88d7b0080467770
BUY,0.003,4.17,1775657205,No,0xa2a8d0818d973a9f942835fb9d0e45a0fc465dee922ec59a64760af08d1a2f08
BUY,0.00300000000075,6666.666665,1775657197,No,0x379d9d654a7b36fea9fb4b275f32462857f42aa9afd358d940261c4c6d20c9ea
SELL,0.997,7.75,1775657175,Yes,0x889b90e75a92bb89c51e278705c6a0ee4c2ee33c002f5a94808a2dceca0554af
BUY,0.0030000000075,666.666665,1775657173,No,0x5479601e9f29dfaa94c8db7af04c91d871b323aa16d0720942e675d4b9a7070c
BUY,0.0030000000075,666.666665,1775657161,No,0xfd7e87edf3e7f0374b7bb4121f3bac374c5dbdfb6e3212c3f7aa34da51788608
BUY,0.0029974057453573673,133448.733332,1775657153,No,0x1edefb7709bdea62dc04a90b7defef1c4f1f8dcb04cdb03fe782b09a1a8db575
BUY,0.002,25000,1775657129,No,0x73a1e3b1a5744dab34cda7f5c89997e2a6d2eb7a2067240f6c2bded5460cbbd2
BUY,0.002,500,1775657105,No,0xa43a1991bb674791f12311de184a0961d8a8a5a9aa37cc6a576c874a814e41ca
BUY,0.002,20000,1775657097,No,0x7277cb2bc0fd1b88ecb78e07ddcd45a699aefdd8bee4c4f126617ba5604de22d
BUY,0.002,5000,1775657089,No,0x53aec53bcc2edbf1b9fc2a9825bf15ec8634cadc0382006891c6511f0d3b95b3
SELL,0.001,720,1775657037,No,0xbfcb9ef8edc6ce3ecef410ebc939d88c72f53bb1f0b360f88ccc7c9d98d743c4
BUY,0.002,14500,1775657029,No,0xbc0871e464aafb75f14d0112e792dfad1b30a83225201cad8ae50fc7c37f9b8f
SELL,0.001,7.14,1775657019,No,0xcb81a281f0e1efbea019d6453dc89fe7f962c6d46da8b83a4799c0535131526b
SELL,0.998,1000,1775657001,Yes,0x319389d28bfbae5ede42da175e0ccab11879dc0e0721b4d579fd6c87ff4261da
BUY,0.999,1.071,1775656983,Yes,0x512d7e69cbe123cf7afa4030b0feee75137d8e957d70651e10152598de362ed9
BUY,0.002,50000,1775656969,No,0x992021f3d274d12141948d335fab49d9e8efb8ff98a6fd1ac7fb7ea74b567793
BUY,0.002,1000,1775656967,No,0x3a66ab8068ce1afcfe4016809d53d3446fd48203c65caf8cede24115939d12d3
SELL,0.998,28955.06,1775656961,Yes,0x4753bcde3fae84b7082d9ebe86c0e750742843c86275071a3c2fd2efe1948b66
SELL,0.998,8.77,1775656949,Yes,0x41e41e0778204b6f84993d465bc72ad8306c84e403c025ab33b434ba9d5a7624
BUY,0.002,50000,1775656933,No,0xab4c5d6b74c052b4722e3cd1aeadcdbf6c360548e343fdd4b7ba61f16670b9b5
BUY,0.002,500,1775656895,No,0xd0e64d0f07abdef61c1feb62b2e12bd931b27f90713c3d3a0efb98c6e8746b89
BUY,0.002,4.17,1775656881,No,0x9a18fbde151aa76f040073c128118be456d09743c87d4d52fdb670c42192a9ec
BUY,0.002,11000,1775656849,No,0x32c37a90792ab560485d30c689decfe138621253219ee18a9ca6ced90e7bd196
BUY,0.002,19000,1775656837,No,0x3f785b47bd8e17d3481527fe4744194241ba54d832902e2f76bb4a1e027a7130
SELL,0.998,7.57,1775656819,Yes,0xdf5ce87a6b0b42513d36199f9082d49ad4228585518c043045c158d4f42913d4
SELL,0.998,100,1775656789,Yes,0xb043fcc7593d0fc7bb8e8f32a661e19a62172a5652e1d1f4856d27b2c4f6780f
BUY,0.002,2500,1775656761,No,0xaf9a4bbefe198b8e52683c1b8071cec57bd5b6d0d3bf503e3cb18f9bf760856e
BUY,0.002,500,1775656753,No,0x27313b075fef280db0b4c093019088d895be07d1ad616bcfee936ab6a14dffdd
BUY,0.002,1000,1775656729,No,0x576abb0129551cbdda8c76018ae004b0696416a36d5b9ea9b8b5a0eeb91bf579
BUY,0.002,800,1775656727,No,0x4d0df0e1d622635cc163344e50d3e51afde5ba42a7c71148dc26668e6ca1e1d4
BUY,0.002,2500,1775656709,No,0x734e0c4f4291e907796b64d2bb55103630684100361f8648386c374f86928fd1
BUY,0.002,500,1775656689,No,0x8d415807b1a6b8837f0c1074ba72578b70833a08b2b64623721830989ae1d3ae
BUY,0.002,2500,1775656687,No,0x420e44d4826b2f51bf03dc5eb353e3f2122c4137f27fe384c23943ba0a598da3
BUY,0.002,1000,1775656679,No,0xc5f55b88c8454ab4ed58310acc1b2287c6b4b9d28199fee5d28f6a2ee6e92904
BUY,0.003000000012,333.333332,1775656661,No,0x366e2e59888e969f7ce99cb29a54a6dde324f73a38bf48ea5a5b89ecbfc5a5cb
SELL,0.997,5,1775656655,Yes,0xf893a37388664d0de584ec37812a7084d303d27628aa709b9fea9ccad4cb2732
BUY,0.999,24.834,1775656651,Yes,0x4a7bd090b8bb7ef99e3a1092b585e6d08780cf4a80f6ba984549922ba0d3d21d
BUY,0.002,106382,1775656651,No,0xc2ace55a4a406ab5c255a79001a04a9a96933a64b583b924519e6c0e84a52175
BUY,0.002,500,1775656633,No,0xa85dee37c256242356ae305c6efb47f26056ab9ee1500f86a30eb92240adc886
BUY,0.002,500,1775656615,No,0xc8ae8e1c8be71a8f3a5aea6a00eb85377eff97a4174cbeb8bb7763a25e8c7231
SELL,0.998,1,1775656615,Yes,0xcb7f2790ac8eef08be85d29ed8993aaebceeb53b6009da65925ebca4422a25e7
BUY,0.002,500,1775656595,No,0x26439783cbbf34830ca10052c16ec5dac7b9276ef82079d4297afa2f3d87cb80
BUY,0.002,2000,1775656577,No,0x6b9a988d6222115e4486f97bfb06e38e05fc657dbc3ae8dce2f832e3f3df68ce
SELL,0.001,100,1775656575,No,0x9b73412b2de63cdf70d4902deeef35f42d71712a07502edcd71b8972c1e377af
BUY,0.002,45175,1775656545,No,0xb463577f45a3887c99f5378b75d1c614bd2e5a1a67117948c3fb6291ba139cb7
BUY,0.0028960044800137833,4488.943332,1775656467,No,0x2937e1981a402992561e415af9b83bea4a62f20f61208c3c78d2670afbcff669
BUY,0.999,1.801,1775656467,Yes,0x09aba189219d7ccd8222a72b9d689353eda63e0e2580e4c691fcc112aa26307b
BUY,0.999,2.002,1775656427,Yes,0xbb96f9edac3d9c453528ad74ed9f21dc006e46a47cee4307712407d41cd818ba
BUY,0.002,500,1775656427,No,0x6d2774e90523680130b48bbf3c021e2e72a7068611872f7c75bd5c6b4eb5924d
BUY,0.002810329020838428,533745.333332,1775656403,No,0x6da0782d23a36f9ea5807167b15c3dc335a91d782e15e5f3a3dc777e854746e1
BUY,0.0022933355020467072,40988.333332,1775656367,No,0x594d1d70b26c99e34356c6da23215589eda6d0509abfb42211114f680ef81420
BUY,0.002,500,1775656343,No,0x107b32f83813f0ecba837500bc30efa44f6e6b71549264bc05440e8f69f62a82
BUY,0.002,500,1775656341,No,0xb2f47b44df77f55257e27eddd8372b10166ced9eb8f4e20d01a62901429dd691
BUY,0.002,44000,1775656329,No,0x34c5cc1c1d7d3fc1ea7fa3539d42427fc1cf9531c6dbfd79ba8031cb0cc1a3c1
BUY,0.002,8035,1775656297,No,0x6424b54de147d7ead25c340903480b17d1ca19e598525fe86b788bc98f31a2fa
BUY,0.002,2000,1775656289,No,0xc3e4f53e7b6b0a05dda9c3844bdcebf6658a253530124c812e3a6628aa801159
BUY,0.002,845,1775656269,No,0xb64b4d880cb833302adb464847f0570a0fb350b1969250966a2529622f23ed27
BUY,0.002,10000,1775656215,No,0xb1a5b69a846073e56595bbafc5dbe506b5c7c548d0e6b1ab2abb56cb0c336916
BUY,0.002,2000,1775656207,No,0xd1b9018479c3ec2cbaecf53bfe9f916cebf0fff5d0f4291121014e49f55ef497
BUY,0.002,2500,1775656169,No,0x623772d356f4e8f3089706a3e5cab769541a805d0b8e24adb0e34e9474cdab68
SELL,0.998,500,1775656153,Yes,0x505c93602aa8885277d6bc1747fd97409ea685a869e104784649c6b159abb80f
BUY,0.002,5000,1775656145,No,0x26a2390b110d77a4b042795377527dcbde5ae8f70469ca7cb9f3479143553385
BUY,0.002,5500,1775656127,No,0x6720aa4090adceac01babb1da7f95cd03ed3cd6eeedadaf5170b5850c6de048f
BUY,0.002,37775,1775656125,No,0x0569c8e51e6966aa5556dbaaf4a302e4a9549fda8a508e7737372f114e2ef0c0
BUY,0.002,5275,1775656113,No,0x89d02be8df35519ddade10605ad3daad311f98c720525b4c64e706e67fae8bd5
BUY,0.002,6280,1775656083,No,0xc15ddc70d8abb9f3c801f0d18a328bc4330d64ab66401dd31438802d07fbe2b7
BUY,0.002,50000,1775656083,No,0x675d00b51284fc5672ba611f07bef27d3f14398e493abffd6e16619a354869ef
BUY,0.002,10065,1775656081,No,0x0cf31c4416d10d00f713bd752f96161d8ef9ca411a0e17bcdbd7b637ef3fcd21
BUY,0.002,75000,1775656077,No,0x1c906c4dcadc26803c41b4dbebc1fa6450c0a7f15c6d52b76f2ddfd9791bc4bb
BUY,0.003000000000238901,16743.333332,1775656053,No,0x1d6f9c389f8fad451664eeade8e2e4a491b08fbeef3bb7b1eda70bf5ffa90a85
BUY,0.00300000000075,6666.666665,1775656049,No,0x8790c3363f075fe97839807af5d58cf16f71efce0870043f62a8eebce2cb7706
BUY,0.002,52.33,1775656035,No,0x2f0d1c6f33011802d2699858aa225a4a0b15813f889967d4e2084b6984bc174c
BUY,0.002,60728.63,1775656033,No,0x6c6b4bc3391c8f96e4f4585813570ee4b6d152489e271bdf0abc95764c4a0553
BUY,0.002,138845,1775656013,No,0x36f5e74cb5d32f33d24077eef1097e8b2332de5efc455181d9174a63eecaf323
SELL,0.998,53.37,1775656007,Yes,0x4a20babc80717a2cefef0365af6c67c1d1e197d2c742301c472ae72a40748b74
BUY,0.002,500,1775655997,No,0x51322572c590539ad63ceb2adf8a7bbd8836847621a3d2aa51883a11463dd52e
BUY,0.002,68457.06,1775655981,No,0x23a5d05a51f06280c8a9abe775696902187221016f9d7d7074f077f2976f10b4
BUY,0.002,500,1775655963,No,0x30ee3e47e5fbd35653eacda2e538f64941a62556767f811e8ae6a49c46a945fc
SELL,0.001,666.66,1775655951,No,0x454f7a8619ae5145bd3513a80f1a5b282673f1901b241a81b08ddde64ecffc4a
BUY,0.002,9750,1775655913,No,0x541ad8eab2ee612f3b1f3b9bd3bbf804559b97d7e744094c8a2a24b68de8a4d6
BUY,0.002,500,1775655899,No,0xbcb1ab3d2ecc94c0b8cc729c428b5fa37e1c2a1f957a3f3a293849d16d3be073
BUY,0.002777777777777778,720,1775655869,No,0xf2e226b88b33b19a665087156412a04856c02794b250e87ff488c51c06b3388d
SELL,0.001,2.32,1775655845,No,0x084350277ea6d0cd1887602ccc2d65fb8704f173eae5e779cfc973b86631b82a
BUY,0.0030000000013824884,3616.666665,1775655807,No,0x4cbe2e29e104d696c75aa84b0aa65016a14d24e71024f46d40048c5e9b7a1d77
SELL,0.001,500,1775655791,No,0x7c66ea79daef3d4da1ad65a62e2a7f2d358ad8ed74701f5174e3399ecea06f58
BUY,0.0025423728835104855,1966.666665,1775655773,No,0x595fcd92a5401b918c78cdf2e7a8e10bf6eed717183b4fd9a60cfe1b768befb4
BUY,0.998,100,1775655769,Yes,0x8e7efc94b42f07fb46b02c2ddea0c27fc13292d9ab5857b8d12ca982cf9cbf7f
BUY,0.002968,500,1775655745,No,0x77fb39537511cb66d95b10c0f9a0fd16a6cfda13648cf47458c0b2f84d456b56
BUY,0.0029850233262783844,30257.72,1775655731,No,0x1b4a88172a3f69ebbbe141f79846f219feb8289a0680ad051f95e57287e7bb10
SELL,0.0014225026773204395,111333.33,1775655725,No,0xf3631ad8013d58474912e575254b07c9bf9b541874cd719aa64e391c4369e12d
BUY,0.998,3786.15,1775655709,Yes,0xf465450318ab4a8c8c030d218ab47f4460722e4ce018babbae83d257f695e884
BUY,0.998,16.37,1775655697,Yes,0xf6b7bc6cbd7c5717cab67d6c450b0578a267112068a17c6ab54c9b847cf12ede
BUY,0.998,40.05,1775655679,Yes,0x584386822fa717c8eeac350201b02b80a05e12d52bea1a629d5b944f79f9ef38
BUY,0.998,43.11,1775655659,Yes,0xaaaeb73a804ab3bf42eebc14bd0a7a65ad60d22fd253770ab579acd2fbe8fc74
BUY,0.0030000000003,16666.666665,1775655653,No,0x4298e956b955b25af67af7e82de3a5a7b19f5ee9be3bdeaec345c523e98e2815
BUY,0.003,9000,1775655651,No,0xffe19f812336a4e193854a96963ca656a66e6828ace3411c7c804639f3a6fe53
BUY,0.003000000001714286,2333.333332,1775655647,No,0xd91f08eab349687d05f03cb1f392d40a4161920aa225844f7e5d8b234c5efe00
BUY,0.998,11292.56,1775655647,Yes,0x661038d527feddf8528fc5baf5aa071cfdc91e7ca0713a4fb11fc6f81310e9ac
BUY,0.003000000012,333.333332,1775655633,No,0x9bc10ec8d742af36c3b58b0f9dff64d22d29aa83494e8d308bd749269aa58e26
BUY,0.998,12200,1775655633,Yes,0x05766e1806d015bd270760e69c9fe2094bb62942260405357da45316a5f202b0
BUY,0.003,500,1775655625,No,0x1bfe1ee4ebcc1f6f096d22ae2b1eb36436cf436fdc141461fabefaaf4457d83d
BUY,0.998,107.555,1775655613,Yes,0xaa3f7832369f21050d5d56c2babbebbe40d7f996d3f4efda1a7ad31070efebe7
SELL,0.997,1.25,1775655609,Yes,0x3553900dcfc44cfe856b89a4d9985fd757b74bde040db389a280687bd6e1aeda
SELL,0.997,26.31,1775655595,Yes,0x67bbdb9a7b93f95d142ae4d0e56b0b0cffea53f538b786cdfb89639551753d92
BUY,0.003000000000050127,99746.666665,1775655595,No,0xd1226739504b885b966a600c11d3e2a1f461c67820cb71b09add4ed08d52a73c
BUY,0.998,20.29,1775655593,Yes,0x6fd88e143fb2f756ce0b81d41f7446c5c77f58c3e0fba5ff21bbdb03bfa41f19
BUY,0.998,49930,1775655571,Yes,0xe1d30bd45ddb258de8279e5e8ee1f37f58c7e255583ecf32bb2cd4430b83e951
BUY,0.00300000000075,5333.333332,1775655557,No,0x2b9bdaefdc0f05c54c447960db742b098871bc7dfe9ed0a6205f8d0835b7ce23
BUY,0.998,153.647,1775655525,Yes,0x487d5a76aadba830f3f3017c77e3cb5bac4cade44b0fd1db7d8082d374248d60
SELL,0.997,177.98,1775655519,Yes,0x196b1aa7b5293b6b8714ff611fe0400ba9502909e2968425e8d439c65caf4211
SELL,0.997,7.5,1775655519,Yes,0x0e81132a0cadd63f09961ad6750b90a8a67eb3124ede754c0b8bfce04e262e9c
BUY,0.0030000000015789475,3166.666665,1775655513,No,0x223fda7be8e2ca9d0769a6d750f45daf5a64605313bbdaadbec4d07927cb42da
BUY,0.998,333.4,1775655513,Yes,0x812c69134b53ce14196fcc3579e18f72fbe9cc153c870957ef56434611bae630
SELL,0.997,12.69,1775655501,Yes,0x25f52453b17f576de852a3c2213671770691bf49e294a9526a41cda8a04c245e
BUY,0.998,27581.46,1775655495,Yes,0x094c8bb3995e4dab6ebed6fcf0765e91d799c31d527f647ca8cca8f3bd50480b
BUY,0.003000000001336303,2993.333332,1775655457,No,0x908efeaee9dedc5b2c1963b9a4f9b13a6bc318ca861931e3b3a07758f58a240c
BUY,0.998,1432,1775655455,Yes,0xd49b85a719cfb2a9fb31e68840afb458fd84dcc28209652190ad8bc542f576ae
BUY,0.998,2000,1775655413,Yes,0x9a1e9cb229138bb506e4d5d20fa37c86c55d3cc92a842d61d2442b07ab25240e
BUY,0.003,1000,1775655405,No,0xb6dcacfe73bdfce609dfcc627ee77e5f7fcee19761253751114ccf97ead51896
BUY,0.0030000000012,3333.333332,1775655367,No,0xb780a3ec286b131cd9d8402316ba9ab92e2902cfa42ca3cf7cb35198d57967f2
BUY,0.003000000012,333.333332,1775655361,No,0xebfeb544b223671fd398470d324b1c5ca6f597d336241ae49525e8417b8fcf1f
BUY,0.0030000000012,3333.333332,1775655349,No,0xecd8123ceae5bf251b8b780a15cb1becdb6afb48d7af05a4474518d3f12c196e
BUY,0.00300000000012,33333.333332,1775655343,No,0x405bb498d27513f47fd70035c653dbe3d4600ed665e751deb1548d6e0b66a654
SELL,0.997,1.25,1775655335,Yes,0x6df7aafacb33fddeeb2d8f4f72dac931bc10783da6d9442289986276e9c91f0f
BUY,0.0030000000003,16666.666665,1775655319,No,0x71ce9afc4bafc4006142da8327f746fdfb472519edf7db0da7e0e7a6472ba3c1
BUY,0.003,1000,1775655319,No,0xa25dee1ce1278ff6ff87345e73f8fa0212fc2db93b5ea04aabd49c2afada8b86
BUY,0.998,24.7695,1775655311,Yes,0x76badfe61009d6c76922189f6fdf551d740d8d9e6f09639aa15504c1f387f189
BUY,0.0030000000003749063,13336.666665,1775655307,No,0xfe0e6283b12a0f18423672c57e62c72116e0394348f23aa6488718635cca9952
BUY,0.003,5000,1775655253,No,0x9227d5990df58a4e8ca214f4d6f26ca386b96983ce694abaa74b0f99ae5b5d27
SELL,0.997,1.25,1775655241,Yes,0xb32672a3ab3cd261527d9cd6275f2985b3eb11b7ca8e5d5195f3f758a3e1f40f
BUY,0.0030000000012,3333.333332,1775655235,No,0x60968f41b638f953a5bf87471b2844e6de649a75a5d9f8aad41f70e201fed632
BUY,0.003,3000,1775655233,No,0x1caf960d0e02e70cc38a0e12a26dfb5ab1d41123cd5fae1dfa71bccd1dd04ae9
BUY,0.003,60000,1775655193,No,0x50ae3f54ad4684d3206a3b9a60d24a6b8e237a540f365b59cfafbcc53f45773b
BUY,0.0023526504895128803,479459.233332,1775655189,No,0x972c417bdba88437517ce943f5b52fa9251c08fb31667435c9958809a862f667
BUY,0.002,15000,1775655175,No,0xa3152b754cce818ce1d284339d5aaf5591c45de8e7b5210a90c2bcb4335c3c9c
BUY,0.002,500,1775655173,No,0x149372e559f935a9aaf333f029a96bfec8dd0e8ca9888ee36989db855c4c42c9
BUY,0.002,500,1775655167,No,0x3ab7f191447a54139c5f60c664b06eab2895a965fc2070269d16ef09ce8d95a9
BUY,0.002,500,1775655163,No,0x78193266fb6d113252688719742d584af9a7b80cb3eeb4b8e199e4bca1284cf4
BUY,0.002,2080,1775655161,No,0x061e4f76ccb1ec67a9167a3444d45eb545ffcaafb548bd1e820e97df1b57593d
BUY,0.999,10,1775655149,Yes,0x52dd7d302d9924334c65f0167947152f85cfa6bbb46d5d015cbdf38bf51fa450
BUY,0.998,249824.96,1775655143,Yes,0xd12c9428c075ac9203e1d65e232cb1c1df5cc93773c3cb38213dbec0e2f898c3
BUY,0.0030000000003,3333.333333,1775655133,No,0xcc8530b02ae63fa01ace5b8aabfb4e9e9466f74be57ff2cccdf3db33679e7df7
BUY,0.003000000003,666.666666,1775655131,No,0xda9fdd90f1be523148ab71ac55402cef721253a97c6aa3ee7913d1cadf8a6e61
BUY,0.0030000000004285713,2333.333333,1775655123,No,0x7ab6cb06e7299806209df01574945faa18f478258c3fe7aec205419bfa4543da
BUY,0.003000000003,333.333333,1775655097,No,0x74c7c6573ba8469aa5bf181e42925cca4c4385df488515a43450378fad764936
BUY,0.002,2675.04,1775655065,No,0x5582d8a88c9a93dc03221eaf0f82a8bfa60e1dded0207207a2092a6960f45034
BUY,0.999,10,1775655057,Yes,0x9c1d7f5ae2b8cfaf96408a759da9c763b7162b540fc0a05fcdbda17dc0c2d8d2
BUY,0.002,6500,1775655053,No,0xbc25d0062a6e1786b4e648a52f523785c4be99ac4326798d42129c921dbdfbf4
BUY,0.002,25500,1775655039,No,0xeb3dda53212a8d4b5845edf52cdd480ea3876568e6ae5e24870da4a00f531d24
BUY,0.002,500,1775655037,No,0x65e41e3d96a59dad15f5ebe2f5a24fa9164a37540044dfa60683232024a153d6
SELL,0.001,255.71,1775655033,No,0xaa270fbc8233ad5cfa8270aab3cc6cf28c6e230bc0bcbb7ce5e8c8de74401e0a
BUY,0.999,1.001,1775655027,Yes,0x7305afa8f4364c528eb738b33cd640f4b0af236fb008cae2431ed5691d83b4a8
BUY,0.999,4245.525,1775655019,Yes,0x11a549079cbe1caed3ddc5ccb9e8ae85845622f6a75a56d8eaab18c6df34c5e4
BUY,0.002,50000,1775655013,No,0x3012a98c558f2f952ca5475260e3470d228b4eb7385ae76092a09a0f27d6d602
BUY,0.002,50000,1775655007,No,0xee8fc876e9500ad045f4178a4a399aab20f6103289721d89b286872df5289ebd
BUY,0.002,500,1775655007,No,0x1c520e34b4551301436d75a39a5cea511e1c67aac89239a92328256e6b6b4073
BUY,0.002,500,1775654997,No,0x5743b9bbe8ac8fc9d5998575b36d03388e408afbfaf1bbf998c525fe0318b2d3
BUY,0.999,20.02,1775654987,Yes,0x693bb3ac4f7bcdc6c97372cb129c487cd40369aea7c504d4ce73cd81e7eb116f
BUY,0.003,75010,1775654979,No,0x782e975e6990f386c9d69b82d260a48ce6f93b9bbed65603db17c7774c8fa4d6
BUY,0.999,11.301,1775654969,Yes,0x73ef8f2a8da91f0d1790f651b051755d81b5f79a7dc7af484152b2007982ec5e
BUY,0.999,3.003,1775654967,Yes,0x6c8b169364fe34b4ed0fac7b688e718b680f1a49767982e3bdfbd36f58740f33
BUY,0.999,2.002,1775654967,Yes,0xad537bd0a1b938e502d90abaaf5fa21d9c438a46a15b04e64b66c5209af2028e
BUY,0.999,10.01,1775654965,Yes,0x606c67c5f8c4d29e039d7c83e3f6378225096fd0dedbd018de61cbe537f2904a
BUY,0.999,2.002,1775654965,Yes,0x3c2eaa0c588655c7bd6bfa73e29e2b520c4e0e7196bffa6f1a86dcb875a2d064
BUY,0.999,3.003,1775654965,Yes,0x14da1f4bedd7993ba3edb0fa83445f4818e148ce67b11a999a4d5fdfbd3cd5d0
BUY,0.999,1.001,1775654965,Yes,0x444c38ef2fbf1823e7a4cf010acdee94751818ecc1bff751d92572d2e1b36327
BUY,0.003000000003,666.666666,1775654965,No,0xcc9832798ce110f9146abd529bc3da351691f5edddbac5dba55146de0fcd7ddd
BUY,0.999,4.954,1775654963,Yes,0x65d8186f48e7903c23242fd055e7e0c577e121de9f32e62fbfb9fe91acc1f604
BUY,0.999,1.001,1775654963,Yes,0x3d563ee4cfb4f2cbd8722c6857209ff94303ac49cd795dac5cbba174b810c376
BUY,0.999,2.002,1775654963,Yes,0x1b40cf50cc946d34f6387809ec0cad9b2ac8910680c8e7f6ea34833bd5b2f02c
BUY,0.998,42497.84,1775654961,Yes,0x06f22963c1fae8d3ae9c99c3b87082769b331d75a0b2af33085b5def53d7d79d
BUY,0.003,8300,1775654939,No,0x2e7b54c6b67b20bf837626d5ef6d7ba6611433226f44e29f0bdfaefc57db1e06
SELL,0.002,4500,1775654907,No,0x1adc49f6711967a7735ec8268b6847a42c141a17b5fb946eeca1886a3032807c
BUY,0.998,2000,1775654895,Yes,0x17a24e7d0a9e507aa93adf58c112a27e8b90e8911b2c45e87954638027154612
BUY,0.998,1.072,1775654893,Yes,0xaa84a5391921d3af6c9ffef598ebddf6caa666038876b85542221dd948d89b72
BUY,0.998,1000,1775654893,Yes,0xdadcc7ec54488fe8f5f9a621a19082a273952d21b747593d3f13bc2deafbb4d2
BUY,0.998,1.072,1775654889,Yes,0x86a10534d6a81279f82f8a26ba10d825adc8c277cfa271c8c4dc9ee9193014cd
BUY,0.003,123000,1775654889,No,0xa9ab9d8896c81f2a755f048003cb2148942d779b157092c84ea3236ef18e04d3
BUY,0.999,1.001,1775654881,Yes,0x1ffc19b9b614e555e71bfd400116e1c37a0a8c2bb9d4f61bd437ea7c9a87f8d5
BUY,0.999,1.071,1775654879,Yes,0xd43bbdff4ac93b066f4c4db7173f7534d8e40b9bedf47a37de5ac528f100702e
BUY,0.002022790101820588,98873.333333,1775654879,No,0x649aaf85f0d59c1c549351a9165846eb6c7399bdbc79c8ca121435d86aa63244
BUY,0.999,5.005,1775654877,Yes,0x1d0abfb9f47b658f0a073f5a132b329bbede5887fc498738ac9030663e65d02a
BUY,0.999,1.001,1775654875,Yes,0x08a539578d64a3e773f0c21922aed0d720b0277ac489ed82a80048687bfd9456
BUY,0.002,4650,1775654875,No,0x7809d76d0185a3b677122e5eea4710689d3df306605f3e5ec0d04fb6a8994e9b
BUY,0.999,1.001,1775654871,Yes,0x4ea3621f6b131b969864fef7a5a1a00250fb7dc3ed5aadc81c8126ce6db044f3
BUY,0.999,1.071,1775654869,Yes,0x5baa18b29c4e1625d8a9bfd4a7db394cc944e47d3cd481464798ef1cd9a5e29a
BUY,0.002,50000,1775654869,No,0xcb3559f8d95ec599a582faafde4337841d59806811da15ff6d2bc81758a21a65
BUY,0.999,1.001,1775654861,Yes,0x198d40227d48a0e4cb29854c6bc303816ec7cc1784bfa4a280379f41603108a4
BUY,0.002,50000,1775654859,No,0x981bbf96101dafa213d5ad1c358053b572542155940b01dc631c64cf61457666
BUY,0.002942733126190711,21130.016666,1775654807,No,0x145ad5ef391ff441ec334a935a66928b4a6cd4dda8d7454a64bf5f33c4dc737b
BUY,0.002,5000,1775654805,No,0x46a8d7714b4e44ed745316c7c43477d6b82f575dbb99b2c67f9242c4bb057790
BUY,0.003000000000008982,111333.333333,1775654795,No,0xe1bec0f702f55e0ec6336cf38f4d72ba466a32c62b193a454d40a29a436a896b
BUY,0.003,50000,1775654781,No,0x30c538e7f74861262cfb238c34319aa745c345060778ada9333e58f543b5ff9b
BUY,0.003000000003,666.666666,1775654777,No,0x0b63a8b16df11f4ab2c1844ae3498a7550e1070955f9e868e0ce10cf39b0325f
BUY,0.00300000000003,33333.333333,1775654777,No,0x56c4a95761b1d52fee3151f8152366f21154bc1f6b95ca0ec1e5b195dc2dafa8
BUY,0.003000000003,333.333333,1775654749,No,0x3a4dbaf02382833385132be55241be4b5ccbab370caf33964cb536b0c2c02ae0
BUY,0.003000000003,333.333333,1775654747,No,0x07da8b4f96a923396e3425a52dad570781981cfb4ae84bccbf7337e372a74c93
SELL,0.997,513.2,1775654739,Yes,0x0c23dd0f6691d07838905253e05cd9c18882189166847a8e8a56b34e8ec3c7ed
BUY,0.0030000000012,1666.666666,1775654733,No,0x5d37b45adf1270a597bafc44fe107738f0fd7d8772f7c8d10308d5c66ee62b31
BUY,0.003000000003,333.333333,1775654727,No,0x6d04b74e9c175be7129189a6c74d523a8b5f1984e0a8e54c2925764861c67620
BUY,0.003000000003,333.333333,1775654719,No,0x430ed6d887e64939612b5cf34c09799f27e107df83aec48ba73b7133331ff01c
BUY,0.003000000003,333.333333,1775654705,No,0xce82d2ddea822d35e81791fce8a6384ec370f3b42559c06271bcf06386c58914
BUY,0.002512628050227875,3979.896666,1775654701,No,0xd491deeb66fec9c65b41d41ab692a5a525fb3e35106fae25df7e3ac4e4ec60b9
BUY,0.999,2.002,1775654695,Yes,0x89ee66a0cf1d7af632aa17211aa1bfd6a21d1757af80aa4c3b7f5654d43863e9
BUY,0.999,2.002,1775654693,Yes,0x130bd0bca7860f25ff78fabc649b714e1a21deabe8562a3bcfe33f5dfc05e164
BUY,0.0020833333333333333,48000,1775654689,No,0x20b57e0a369b566df14259743b9471a55c8d62e8931ae769f31b8a6122e2f501
SELL,0.9975806682151153,223.88,1775654651,Yes,0xfdb603acb4f74d82de57d0518cb92069ce856a8170e270af68813af951c7a1df
BUY,0.003000000003,333.333333,1775654633,No,0xe91003b2c0bf9eebd9119615386c087db38c549f9990428ef4539b95fdfd52c9
SELL,0.001,61.51,1775654629,No,0x9853a83554f0bf501452ccd925bd1082677a2f46c92e06c60fda40dff9c8ece1
BUY,0.003000000000075,13333.333333,1775654623,No,0x40f17da7c3701f91849b6e3b11650827345f22fb0ae2411347403f4c374cefdd
BUY,0.003000000003,333.333333,1775654623,No,0x17331b619fc2252060c032f9d8d2f9036ddc294cc1311a1f96adfcea94438731
BUY,0.002093754852859197,9552.216666,1775654613,No,0x1095535d9290381f69e5f391fcf22aabf2010a56b629dca03ccab31d5236250a
BUY,0.002,5000,1775654599,No,0x4c171b37185d70c4f00cebb02c1317ed671a03f73d5d52f0215d76ad60587990
BUY,0.002,5000,1775654589,No,0x1d9f54b4b65023372fcaa5e0b6c90f4c8e3a568009c045da273d4451cae7d48c
BUY,0.002,5000,1775654585,No,0x47bc7117bd979d2e74986bf26fe77cc61ec76f43f412909c5ee76dda827af730
BUY,0.002,14940,1775654567,No,0xc6716609b7f8ee5d205c77f5c2d93caff72bb6793facf04bb466f63621c205e6
BUY,0.002,50000,1775654545,No,0xc840f17a627973fc4c74c3ccf07837d24c7e3c213dc6699aeeb8e09a66054039
BUY,0.999,1.001,1775654535,Yes,0x52c724e379cad652c14f785cc82914068380e658f0f153c39911a30b4f64f30a
BUY,0.002,25500,1775654535,No,0x42d7a897e94ad5ab0f20b0f41a7a004fe139dea3c04781a19f3e10269357d51a
BUY,0.002,5000,1775654509,No,0xa086be42f8ec416774fe702d2bc726416bfeec998a40becde970c9f5e96f39d3
SELL,0.998,104.98,1775654479,Yes,0x9adccc6bf151218f8f1dd74b1269cb9c89d65126e7d0015e0fd7b2abc4ae4860
BUY,0.002,4000,1775654471,No,0x08ce580a8eb8e41f5a4adedfb4f671054048086d0950a1a8c3f15924ee9dbc53
SELL,0.001,2335,1775654465,No,0xce46e65ca435a2c223994284567093f68f12578b9f76a2084d05f88fcf51a41d
BUY,0.002,14500,1775654463,No,0x2e6894ef508e0a6b673235b2c8425d080cf5c031855783f669fabc3443ca4913
SELL,0.998,71.37,1775654455,Yes,0x5a328f8aade292b4f2da9ba0858c9595d1f4699ee18e123ce2d2637e11c7dac0
SELL,0.001,500,1775654427,No,0x3939fc6943284b15b72c3e44984ace1bcd7d69d8415dee2d8e18b6d037bd2966
SELL,0.998,50,1775654427,Yes,0x5a97c7bf7b963c7f41fafc01a394c09a789aaa841dfbefa5acb1e98ada7fcc7b
BUY,0.002,4210,1775654425,No,0xab07a210ae46ed72eb8980f2666f6b3e87bb9056eb92c42fd430e8c7ac4532f0
BUY,0.0026435838863906476,34422.966666,1775654409,No,0x9b664aa88fc8f05615e4a4b25ad59d407e2ece6f00cdce218afe1cacad3d8c57
BUY,0.002,1500,1775654407,No,0x123508f88da2e68ee2696c2043c55d877e53117f33924da1421e1bfac0a09f3b
BUY,0.002,50000,1775654389,No,0xf8aa06b67e00ccfcb9020a030f37787ae89f28b683003f70350a706314c59cbd
BUY,0.002,15000,1775654361,No,0x36e381be0b6590c4690fe57cbfb623e6b28040412ca94ff23584c211a99cff29
SELL,0.998,40.32,1775654359,Yes,0x822fe77b50db6498d82d7edf458d6256c2a8fbb85f33be7b217dcf4711ee5f19
BUY,0.002,500,1775654359,No,0x4dd187ab5212778b042f98cd2571efc5cd7bf1370f477b52f376ece6838a1ea9
BUY,0.002,10000,1775654349,No,0xb6253382fe1264699947a37517fdc105192661e759483084f2d0d9a3b718e8c4
BUY,0.002,50000,1775654337,No,0x21b63a3359c598ac2cba87bc9012cd540a7a232f53e797c073316edd99642e89
BUY,0.002,50000,1775654321,No,0x0433d284f0264b57737f1fe804350d307e588dd9d9e41d572bedf0baf9ae3dd9
BUY,0.002,50000,1775654307,No,0xff42b60ad9a2e34c02d92b60e5eb1d997d70b8efdc998c2dd6c84e53b7cdbea4
SELL,0.001,5000,1775654253,No,0x7ad51e7914c9f08ca063910444f4fa9eca6993c5bb99c919df538d37bf9987c7
SELL,0.998,28.57,1775654229,Yes,0x7f544d75555159771dfbca7fd784d8c75a42ca75901f5a63a7b0864b663b41c9
SELL,0.998,96.15,1775654221,Yes,0x852c207b0db6cbc4174d2cf934ddc0305510552ff587e73a7d6cabe7dd327af6
BUY,0.999,8946.9,1775654221,Yes,0x6f6958e1d4924fafb65b5e663242e7adb91f334579c086a92adb8630f0b7b340
BUY,0.002,32500,1775654203,No,0x86ae4bb84ddd295734454e8b3f48e62359bed9533ba0404692a6aaa6cacf8029
BUY,0.002,2500,1775654197,No,0x85bbdfec9c24773c41a8fa2b0d86b1bb313000e02a17179aa98ab8ecf4cb9f33
BUY,0.002,140000,1775654163,No,0xa0f40613d4ea4ba7089c48293b0b2c5bba9b658f05ce2f9c3364cb06bfb1d0f7
BUY,0.002,50000,1775654161,No,0x65ad9dd6ac0878c9397aab056275ff121eb07a327b61d2a2172c0939a985adbc
BUY,0.002,2460,1775654153,No,0x4c96bb6fb4f167bc8cfbe6e84b5280277d56b942ff49ce4fe8f156eb863fddd6
SELL,0.0013127958,150000,1775654149,No,0x4f936fd7f65f84f932ffdb4ddfe2f66bc0c80ae4c45bd9b8f07b20a7d72b3039
BUY,0.0030000000003,3333.333333,1775654125,No,0xd89b4d575be33d55a8c3acb6331af325d0be6849f37d74c1ca658ed95f4a4b3e
BUY,0.003000000003,333.333333,1775654121,No,0x4adf72f206450b421ccff200d1ba1a80f848fc630121c74496ad4b39e1c61d1b
BUY,0.003000000003,333.333333,1775654099,No,0xe9a8251f9488003b6b431431a8998782fbb8b4011272917823c78a96991e4e33
BUY,0.0030000000003,3333.333333,1775654081,No,0xf3190d00672d4c4ee80dc8a01c7aa3e6d00b351b31cff2007a0b2f2bf363e17f
BUY,0.002,3069,1775654071,No,0xb5b8a2a14402ae16424ac8e340216105b4def95d49d7cb7e41242d877eea34d0
BUY,0.998,11.623,1775654071,Yes,0xda60c155b37217c905e9282bac6b8cfd74043d984e0cf1f487b9ec6976163b8d
BUY,0.999,18.358,1775654059,Yes,0x1527557d3c3ef15cf03153c1028f7e0437d4e9522dd4aabf6e3d62b90e6b1f3d
BUY,0.002,4595,1775654059,No,0x5a94838e784a26e393016d83a084e4c91d0c037181be9dd201fa339bbcb18386
BUY,0.999,20.02,1775654051,Yes,0x5aa8439244366e432e3b9bfc180e2dab2c479cf89aae482809cf81cb0d1bebd6
BUY,0.999,20.02,1775654049,Yes,0x6fc1bf1f6bd05b9fdd5dde0b26111fc43fe1f25382bee2bacc275d6bafe05d6d
BUY,0.999,20.02,1775654047,Yes,0xd8159daa16e191f476afa44e9f58702f36154830fd0cc6b137aeb647a47307d1
BUY,0.999,1.001,1775654045,Yes,0xf7dbc290997b62cc210779d7e2576e8c56f3148bed771cc560aa0cbd84aa52b7
BUY,0.999,20.02,1775654045,Yes,0x921fc7772d2daeaaf5590507d87a217db52fb85c64b924103e4e07fdbaf47be4
BUY,0.999,4.994,1775654043,Yes,0x2dbb9ab5d081137fe13a18243d7181f0c0f3d13a32d390b95d1704f7cb4dbec7
BUY,0.998,500,1775654041,Yes,0x7420b0239ecf417411bf83ac55aa4ee674e35ccb8f0e9f0e625ea281afacc117
BUY,0.999,2.002,1775654041,Yes,0x0e42bf63087b0d077e23dc62fed692019bb259ebf5c2f7acca6ee4b614cb0c08
BUY,0.003,83000,1775653993,No,0x02f6c4536ab8e58997bf35e5662983ab9ba73c2cd2c023e959a011da18088181
BUY,0.002811646952030177,3663.333333,1775653993,No,0xa0e2472f141ad13ccc52764c7718f6e1dc17408b1a8587ed0430954102d999a5
BUY,0.002977667493796526,4030,1775653917,No,0xbba40691084032fe1ca10aff95b57e5830508167b48983b82c75cc5a10662165
SELL,0.997,81.97,1775653889,Yes,0x812e7a32e9e5261d3737f3752b9c96f9bd37faee4c57878bbe0654f47513ffca
BUY,0.003,340,1775653867,No,0x2f88b29ab3fe7b7643a627c53a39582e002f5bddec067275717aa736d601eb8e
BUY,0.003000000003,666.666666,1775653863,No,0xbb107547ee5b1796c0121c32108bc6edabf52dd145379c65c7bafef2a0ae388e
BUY,0.002,5192.57,1775653847,No,0x7da6841c16b7a840f1753ab87365c1dc1afd16abf7f809a875e5700e4a10479f
BUY,0.002,500,1775653819,No,0xd83a0b551c1dbeed5960e67eaa4d534b15b6c9fb8d4f403752486d4a26cbb984
SELL,0.001,333.33,1775653807,No,0x3a2d1e215e3212f93d0833f5f1bc0138b15fe515a532757cd590745d8dd604cf
SELL,0.001,10000,1775653783,No,0xe4da35e9fd8b1d30fbd83e0656782a322157a561451b6e0c9f3638f3d52ad4b0
BUY,0.002,4000,1775653773,No,0x2013ef05b9bccfb5ddc60fee5b569f6efa4514afa7bef9c5787e6b20674a85eb
BUY,0.999,15.465,1775653741,Yes,0x868394a56b464bf51e6ee88091d88a29d51bb61d17041824f51f2fc1f098e86d
BUY,0.002,49895,1775653735,No,0x820d793b7d7cb879b846013a510763c5bdc1544d730bcd0859e6c351096025d7
BUY,0.999,3.203,1775653669,Yes,0x7240841fac4fecf171815a4fb0456e015e4d8d41f4168451845e117364e061f9
BUY,0.999,19.729,1775653653,Yes,0x63e7b3f929102b5ae943feb7626b998e65fcf6635b182c4271a811b62e8263ca
BUY,0.002,5000,1775653649,No,0xbbb5ee98d6dce36b438c55577fc3cf19a9aa18b58295f0ff111fc4a5a64fdc5e
BUY,0.002,5000,1775653645,No,0xde34b5150ff3cf4da419251d521fc441b98dd2284e6795dfe5fb28ed6ef0aac6
BUY,0.999,19.729,1775653629,Yes,0x3614e767abee683bafc0cacef8a074482802149c27ccb112e5b640b768d16d73
BUY,0.002,2500,1775653621,No,0x9375fa9d3e175f2112f3aef524104cda9c38ea95d2a5e4ac9b7756aa12a4ed84
BUY,0.999,5.215,1775653587,Yes,0x4b79047b9fb1b73ad5e480cf7cf0cce7fba19d97dd063d18432ff426b1b3a89d
BUY,0.002,2500,1775653577,No,0xf7a7e28d31bc2ff0e77be4875ae90e7b71f007f1f4ed8918aae6d7569c8f4d8f
BUY,0.999,3.723,1775653567,Yes,0x387e9cbc0a0e1ec1a0f9c3b7d55acc6053d980b2b593b280ae9d71891fbd0246
BUY,0.002,7000,1775653565,No,0xa69bde54899dbd9bbebca37bc3e7c80b6f9814c5e31d83f06fc0c5a707e9f6be
BUY,0.002,5000,1775653561,No,0x841499c854004067b9c14bab53c3094cf760a33c27d0ac63cf06ee8e3478e066
BUY,0.999,23.373,1775653527,Yes,0x7902891a926f806137a4b87d8c8b707ef77bb47abd8a3a81971fe4c03e9ceb5d
BUY,0.002,500,1775653519,No,0xa87ff9e06e78c5329d30dc7f949fde19de2d75ca7a52eabb6f432945a4b9a690
SELL,0.998,65.46,1775653513,Yes,0xabe1e029dd73741575523c601eaba0083781d693f48aa217656dc4c4352514ca
BUY,0.999,4.154,1775653503,Yes,0x2c92aa7a755208767dd972f4f86b51dacb84ae3b39754714da0409e4afc67980
BUY,0.002,18000,1775653495,No,0x0bb75324eb5e01c19974cedac36b2100a337adb9bc203eb89b80430ae7d43d3f
BUY,0.002,1925,1775653453,No,0x4d6bcf2a7ead47dbce64f745d9ec717b12d2f6bc11a751c048ca0ef7d0833f3a
BUY,0.0030000000003,3333.333333,1775653445,No,0x5bebef68d2b2718a28fb9470bb21e0144060adaeda8334035d23cf4f697b980c
BUY,0.002403089411747743,4161.31,1775653441,No,0xd979e82baf1cec7ffc11ec718a1eeddb797d936e398870d750e2069fb77b39b3
SELL,0.002,9034.78,1775653421,No,0x631e50da41b9ea431be27ef8287af901edbad66382aba6ce36ce328cd571eb64
BUY,0.0030000000012,1666.666666,1775653415,No,0xe0b127b06d18825a34c177ec88c921f2a892ddcfea1f73b47f5d1cd6631ad234
BUY,0.998,2167.41,1775653409,Yes,0x4a4c1eae38d85477a232ac9a183951675c48e242bd14264c3c9b3e81757c1077
BUY,0.003000000003,333.333333,1775653407,No,0xa7705689254ca7254514bcae25fd9d078b5b386c0b9ed1c58050121f944fe5cf
BUY,0.003,350,1775653403,No,0xd0b354f66fedfbb1fc91a269aac5a49ff5b65831b9c7c2d0c5044520eefa91c0
BUY,0.00300000000075,1333.333333,1775653397,No,0x2224e9a5494bf8ec1fb438708e1d3b24d9746f9597e3769466a8f62165ee7d7f
BUY,0.003000000003,666.666666,1775653393,No,0x1d88b4ada0552a4c0f765fbd14de2da7b742161712e2ce04f64dfd717009f67a
BUY,0.0030000000003,3333.333333,1775653391,No,0x803be593a83526ce20c1043e3ca39f4213cbe74eaf7fb9d00f475361c854a830
BUY,0.003000000000120579,8293.333333,1775653383,No,0xbd3f3cc8eb7abd51f0e2827d5ae8069248c3a57dfec337fbcb1b04c2abd43316
BUY,0.003,6700,1775653377,No,0x8c49a3cffa6488e20852d8d824bbf1b1b0048334e6c25fc6b7f690869b8b3430
SELL,0.002,1200,1775653359,No,0x56dc348ad26378fd30bc8012c5578cfdc0fc269e7c6de126409aaedb53bad43d
BUY,0.003,520,1775653353,No,0x93df72487002d134faf225144852305630d93517f2317ad4645bac99ad79dfcc
BUY,0.998,5500,1775653353,Yes,0xa8e1258f07deb7a199ef92e5a170254f05227114c9cadc281757140686cbceb1
BUY,0.0030000000012,1666.666666,1775653345,No,0xa8281d34b9c135a63b46d15392cd30fceebc3ad52f263af7ca821970bb70ebd7
BUY,0.003000000000058916,33946.666666,1775653299,No,0xde6332c8feb5268a5772cba76dd77a97a8a1b13879907916e847d4e466a89b17
BUY,0.0030000000002615517,3823.333333,1775653263,No,0x5be7654ad17a61638a28df7c7674844177ccc57837fe32a52b610a9d77ce0149
BUY,0.00300000000075,2666.666666,1775653251,No,0xfd0e41f04354170894e6165cdc8eb1f0ec313ea29ba65a7a50262187e17b647f
BUY,0.0030000000000130543,76603.333333,1775653245,No,0x06976783b344cc7af3c31eb4c4178ab0d30b6e3a4f75f2a659214716d5672349
SELL,0.002,1000,1775653239,No,0x467c330de34cb51f19873affb43701b0d867bd477a74a6d5de74be9390c36abd
BUY,0.003,1000,1775653237,No,0x97110f2c857191d5721d1edccae03dbce74fd58f066b08f08973684c151ec49e
BUY,0.9979999991248355,31.993986,1775653227,Yes,0x1e6fe2c9884f69c6977287da1d98ce4fe7e8c305c283e12c295673057214770f
SELL,0.002,250,1775653211,No,0x47d9c136c8315f90cffae01efcb463080311572769f886bc0922da683db24d8e
BUY,0.003000000012,333.333332,1775653197,No,0x8ec48889cc3699347f6bc21cc3ed51aaf628a54759f3c891fe82ccf1a308dc1f
BUY,0.003,10000,1775653169,No,0x0b1eb1f584260c73e1b371a517d698aa4319b9838274c13b231d8be8b6f2cfc4
SELL,0.998,105.21,1775653159,Yes,0x5f07754a003d056d646ad6175f4642cd2e897a25bbad5768cfbd4dc5eeb678dd
SELL,0.001,4940,1775653107,No,0xe6f4f4de3e860c96ad5f1d9a4586c7cbc4b1414b4dd84b67dcae9e42766974ec
BUY,0.0023999440708853043,239588.916665,1775653107,No,0x1282d62f186c5db2da6427db1bbd6e9067acf195bb9f22c8a44536e52e7318c8
BUY,0.002,30845,1775653101,No,0xc87295548ddc30b17ceb503bf353c37b41878754104d1d1f3741b74f53cb7614
BUY,0.002,1000,1775653093,No,0x5bcb8c65e73a2de0ed7e4dc64b2e69ceb5a1a3305a78e103cc3b11d5f306270e
BUY,0.002,100000,1775653073,No,0x6bcf5df5cee698009c00634b617cbeebc058259ec647038d7497d9f25edaecff
SELL,0.998,29.41,1775653041,Yes,0x1492dc7d9b15a96231d68d18246c5ef6070726ca6afaa48edfee7113ad47ea54
BUY,0.002,5000,1775653039,No,0xef03c1146567dc3a9760caaeea645753d72d774aa92f8e5a0633e777797fb9a9
BUY,0.002,4500,1775653027,No,0x4b8bf7f4d82431c729f5a4934309eb0e6f8f6419b367bb0f6bef1320d9a0256c
BUY,0.002,100000,1775653011,No,0xf77ae37967581df5de3f0f45af7561f238df9157ffedd611435ca6306b45c112
BUY,0.002,2500,1775653005,No,0xc571158fa993c4d9a53ac1289dfe893c98912b873519af6d4de7222a00a9b41a
BUY,0.002,2500,1775652971,No,0x639ff2ee59f697e8d502b86d35d601ea6b50591bcc30c353ae800080cc645245
SELL,0.998,1500,1775652955,Yes,0x033fc12e8e964377d585474f0aa015ba53aeda1002b5ec10ce52cf1719b7d763
BUY,0.002,56255,1775652931,No,0xd391138a7e8d78ce658efab7d4e7111cc241cfdb73a1bb8015004e9634b6739a
SELL,0.998,17.54,1775652927,Yes,0x843a972bf386c645a24327fe9896f5e14ed211de3367357947adec21ef7bd122
BUY,0.002,1000,1775652917,No,0x0442955bef980ec6a998a7f6f58a5617756ba6b380daf1ea9e366b98240db9f4
BUY,0.002,2500,1775652843,No,0xd6a3a7aed47f6154a1e13a9fd8e2fa09f92ca751548ed6c9f135e6249ab7f587
BUY,0.002,124750,1775652833,No,0xa09c9190d31589db085e1e864ac4476fefd1c4f6cd15b1dbdc158fb2b738857e
BUY,0.002,22500,1775652807,No,0xccd321736f347cfa5bc1864894f514a7118e7cc787bb81c3d15db9716e6b240c
BUY,0.002,2500,1775652789,No,0x9512c506815f36e89f9572372da7e8beec15d39d0ad10f0abf6cf3109aad1824
BUY,0.002,75000,1775652741,No,0xd258f918d7804e74755456bf4f1d3b00aa45631f7f2d681497ab0904be21189a
SELL,0.001,2000,1775652733,No,0x2c2206bf156483c07b94f3527513513a4af957715b25bef0bb39b6000950df26
SELL,0.001,14000,1775652729,No,0x7d0df84b1d42967f0c2a617178062b4a51969021a08c114c1ea307b10f7ba87f
BUY,0.002,645,1775652721,No,0x1b7e293d8511a27f5b4c29a6a7241c816822d9ca520e5958e87bfc98ee2230bd
BUY,0.002,22500,1775652687,No,0x33af207df07b2760095757f63b174b952cfd35c3d45583f06969283e2b9cf78a
BUY,0.002,500,1775652663,No,0x7f874b810483a18e6b9f9055ce9e16472d94696730155232ea869b3935115501
BUY,0.002,500,1775652643,No,0x89c6e325abb89e6f4cecd755abe5fc5f6327435db8f15825985c838c216dddd1
BUY,0.002,12500,1775652633,No,0xeb5e64cedb4f0b153aa2ec1bf0db773947d6ba5f5804264715883243a7afb5d3
BUY,0.002,5000,1775652619,No,0x50d6da66239b37ff363dfea07ec5908fa29aab61ca2490de183712a0ad21c13a
BUY,0.002,5000,1775652587,No,0x2b9e2c31baa9be9a5433c8beb3b7923dcebc27389d8a8e0706874bd71e2501a2
SELL,0.001,1666.66,1775652551,No,0xb876b0bb26ee8c07e9d2574708aa2661ff3e9707003d937b1423dfe016708b42
BUY,0.999000000999,1.001001,1775652509,Yes,0x2bc07c99f5554c5ca249ffae2b42e50fd504a363b8f896b7d817ad4f3f9fb839
BUY,0.002,17500,1775652503,No,0x38a372f1ed26e4e0501b420f9a092afa3d780634ec2b8b43aa47d9a1d3954fe2
SELL,0.998,12.69,1775652483,Yes,0x3af9f31bb67e0dc5bacc5d38768bb0c5af72a62762887752b2e7eafe4be42167
BUY,0.002,31000,1775652469,No,0xcb6b5fe579c270bdc68edcc7db451f7b52956cf2d9458ddabb0d79652831d2d0
SELL,0.001,449.99,1775652441,No,0x702fd851abf781299dddf2cdde95c2e2f0cb81232978d66d48b39e903952dff9
SELL,0.998,0.11,1775652441,Yes,0x0dca2a798a7dc8a38d08f2dc8dc46a70ab3b9da30d7c2d20d12628a6e0810045
SELL,0.998,751.76,1775652435,Yes,0xab73f65fbc8e3a0db161c406a359d338e4a1bf85992b3befb8ee1efe785b7417
BUY,0.999,450,1775652417,Yes,0xc1b8b38755d7422d2dc257555040ad3c2051850f13d1d8b3e6b2dc26c9935b27
BUY,0.002,10000,1775652389,No,0x77157a9eab912f1280149657fef6f3100c527235e14f55ee86d7d344ecf5c177
BUY,0.002,500000,1775652373,No,0x09a4a872d56d9d4ff6e01b5bdb55caf10d74db25dacea9af3a45be2d76bc09bc
BUY,0.002,6130,1775652355,No,0x21e05ac4a607722e834bc0f5b21ea43b0cbba07bd136fed8c7316d8587492efe
BUY,0.002,54225,1775652349,No,0x9c95f494d62fcfe3564678860a9d758b351789f05b9930ceb9985f1002cfb9c5
BUY,0.002,10000,1775652347,No,0xff1b54a7e5547c2de8213fb7b3750cf5db74c2214d3202192ba6b9f7d2c7e7eb
BUY,0.002,2500,1775652325,No,0x01b282c95f57f1e29b24535091bdcf37e504675e9236511c40d5fec023b1a94a
BUY,0.002,1000,1775652309,No,0xc625d95511334d76de172867418ee1cb88384d37d0d3c155997b6796397ad545
BUY,0.002,15000,1775652267,No,0x87b48f3327f12eeb861ad0945e19d209272fd229547c7fdaf81241db5d409958
BUY,0.002,25000,1775652261,No,0xf51650d8822175b84ae94c891e684b8162fcb2956f329bbe3095ea93f48e60d1
SELL,0.001,9654.13,1775652237,No,0x8950d653a0236971e7cdd8474d9136ea76bfe65ca5974723bc8c96489ac529b3
SELL,0.001,6000,1775652229,No,0x6805ce4c79509793839c8ac048e5be8478d2d96d0d79922e0b9cc571f0830d8b
BUY,0.002,1500,1775652209,No,0x60242778f77776beb4c43957cc82a2e8c4489b63edc116adad16d55906eb7cc3
BUY,0.002,500,1775652195,No,0x57cb51c439f86147d5aeb77ebc538b72046a89c2e7729febe913d4850c36d93c
BUY,0.002,30000,1775652173,No,0xc4fd732fd6e3c5ab4a590505c7f74fafac1c1a9eab5c8be3887e432389a86542
BUY,0.002,8255,1775652117,No,0x548d2d754ef3aee23d3811949842f6f1da2787211ba796072c6144c123825739
BUY,0.002,11115,1775652115,No,0x82695fdf81f8a00432cf772557fe0e6724441ee55a715314771640ef45042389
BUY,0.002,10000,1775652107,No,0x7c63c6122bda5cbc6cbf8a3a678a8929a46788ce1cd36ff17b44f0eeca26244b
BUY,0.002,2000,1775652073,No,0x86a5b281ad31ea6de93988d9a3db607ce258553bd7cf6633f026fb9b8398fdcc
BUY,0.002,9500,1775652013,No,0x44a29f55ca235e9f2f0e2ccd2e839661740db975b908d3338552fac6c57a5831
BUY,0.002,4350,1775651999,No,0x55ede7982a41cc35ddef26e1db1b695e95d37e9f791bc9b87b2443855a9bd206
BUY,0.002,6500,1775651997,No,0x83f72e68e8c0436a494659fd6cb963811689b9cf3458a39e69ab0716990a2935
BUY,0.002,1000,1775651975,No,0x8a4457cce95dbefc48908ab3628298dd27788d52d273195e326a3e722529aa92
BUY,0.002,2780,1775651955,No,0x327ce3eb06033d9b9dce719414dc529560aeb4f6222566971fc78bf064e9baf8
SELL,0.998,3.33,1775651943,Yes,0x4a38782fdd4eb42021876494f1b81f0c1f3e4172dbb20d8971b9e0b13abb54eb
BUY,0.002,2500,1775651941,No,0xdcca7a61f159b426338263523cef46d27314477dc5719fa98fb92f4989323090
BUY,0.002,16500,1775651941,No,0xdd69b25cff0eb6238bdbc252fad9864fbbc04786cd96a3fd4a262ae425d34123
BUY,0.002,12500,1775651931,No,0x2b19418a5346463371fd25fc0d3dee21264e2c39c953262a0a96ae6f694e664f
SELL,0.998,9.62,1775651931,Yes,0xc5eef2eeca58982cac7d8ad035d7d54d7500522a022df868f5ecc0020f9bccf9
SELL,0.998,18.07,1775651929,Yes,0x7053662ed7fd7264adec826244fedac0789a83285b6cfc4d1a129c971b720f22
SELL,0.998,25.63,1775651927,Yes,0xb73cb4f311ab9b3747d3b3b4a540d18027d0eff3044abbb39bb8faecd5b7cc19
SELL,0.001,333.33,1775651917,No,0xc2d77ef6ced8874e95f9a8c02d9821095611c272db76bda36eeb4c5fdd5520fc
SELL,0.998,0.02,1775651917,Yes,0x2db36f1734ac7393881d9086d5dafe75a2c40bd7d86dd5befb39b5e85ec6862b
BUY,0.002,5380,1775651889,No,0xc98aed16ddd0f3ce167ab688d7e1c5fc501f2d16613aecbb8b91d87af7491843
BUY,0.002,225000,1775651879,No,0xf162b1ae9efa906b38072278d9e83e111414b4f5adf31374344214b4a2ee911e
BUY,0.002,9600,1775651861,No,0xe552d2b92d55b3342c1ea8bce9c4cbd47c82110d362fa278dbeb53d8c1d331d6
BUY,0.002,1815,1775651823,No,0x5a4c9f8adf41c9d1652331a594c79c2d25baf77b67c6ccab972b97c1d4b14f4e
BUY,0.002,500,1775651725,No,0x7a617e1f1e43357b5deb574af345bdc5d16a8f56e3fa314dd0bddc4a4c8f18af
BUY,0.002,500,1775651723,No,0xc796ea910b6df3deb8be6634f7ee96f60b66467109cade912ed1e756c482037e
BUY,0.002,50000,1775651677,No,0x1bd02add57d570b609d6971841f6f1dfac80c7cd28f59d290f2f8d8c54616ffe
SELL,0.998,5.55,1775651647,Yes,0x4561a7d990dd487223d224ded22d374ae8b60b3d9ee4e47d4b7628e6a81220f4
BUY,0.002,28000,1775651643,No,0xea3a641c18708d032ca8852dc110086c91e55da46281565fdb998ebe6b0f6468
SELL,0.998,0.78,1775651641,Yes,0xde1966f65ff70a54e117794aeaebffe6112605e702941f65849f87b54ef2e35e
SELL,0.998,0.02,1775651641,Yes,0x27d5888d4a1ac774f7acb167b07387fcb82938a7247a0cd6697a0ca1889b274d
SELL,0.998,0.09,1775651641,Yes,0x980f534fc024d7811c23d3666bad143d7d22083590710282fb7fdb238d2404a8
SELL,0.998,0.13,1775651641,Yes,0x4777b9f99e9cd85cd65b19a792db174e00e1091f77cdcf48a21b53e0d3b30e40
SELL,0.998,3.79,1775651641,Yes,0x4221ec7a49261ac01ae3c8adcd966a82d2a9e9a6ab4f9edce76282f5cbf7f332
SELL,0.998,0.84,1775651641,Yes,0xdaa1366a900d04e5b829d97e08fcfccad938358cc62cc6e1c05748f2b993a4a7
SELL,0.998,0.13,1775651639,Yes,0x329255206d412be0fe28f433968b2934edc0b437db35945e66ce79a6327e7719
SELL,0.001,52165,1775651639,No,0x87329db3f89652c5f28b4f7694fdd791351bb4bbd47dfc30bc52ce993d3404ec
BUY,0.002,12500,1775651635,No,0x24ecad2863d428a26e0ff011aa97d2e11969c0988fc6797c625e75073968be36
BUY,0.002,1000,1775651633,No,0x5d2a57d0364a63b31f6cd73f2b74f4f1293ec25ea6f1cd37c8a29a82d8a7e915
SELL,0.998,20,1775651619,Yes,0x96cb1f5e77050dee26318efb3bb319062e27927f1c7b8fadf7983fa917623afe
SELL,0.998,8.66,1775651609,Yes,0x2692485e2e5267242ef5de5db84c5a5ec36c2985161ef2b237c2bf360f3f8c9f
SELL,0.998,5.77,1775651609,Yes,0x61c4a5e3ae6cda640f1043c90818deba2cdaef18c2cac4e02c31f31859649132
SELL,0.998,1.61,1775651603,Yes,0xa101436e04d92b91fad1d864918d60576852e8e35462d8386452fb3b4c775219
SELL,0.998,1.5,1775651603,Yes,0xdee5d751d5eaed5bca67e6a96a9c19215129ff74aa71363fa28d14724b378e35
SELL,0.998,0.26,1775651601,Yes,0x548f5909c71f0be4683899468ae19fdfb22e4e381e2120d54085a0d58a46e26e
SELL,0.998,0.18,1775651601,Yes,0x0f9b843df91e85fd80941d49519a7d170c69c16553d00cd61e7e0d7a2949b1e1
SELL,0.998,7.26,1775651601,Yes,0x8c463f11396bb50f10a0d9c8d7a6a2ab69ccce726d47d9e0aa5cfebcee0768d5
SELL,0.998,0.03,1775651601,Yes,0x77e2f650076d0148a881ea46dc5040d6e38db0d38cbec01de9ee67181974d50b
SELL,0.998,1.38,1775651601,Yes,0xd3040e7d53eb583278e8e7cf1e4d64244e0d4238ba40b48ea0b48e71d8b16883
SELL,0.001,100000,1775651601,No,0x12d5f63fc4b1e92c2e9d38dbbb6d3a6501c9880943078ade5ef701f4a4be5bf0
SELL,0.998,6.15,1775651581,Yes,0x41ab2d17a2a39314f98d0089292226dc04828bff102a970f24b6fd2cbdddc77a
SELL,0.998,0.98,1775651577,Yes,0x8270e5c0190e68e84b9c1a661ebfbd40f0d102d0c33c6ba8ac87bcb509976a1e
SELL,0.998,0.9,1775651577,Yes,0xff4c48d9586d42761566ca9421d0835576ca270f15b729c87aa4bfdcadff2eec
SELL,0.998,4.4,1775651575,Yes,0x87488d8ea82002daee3354358310c1b2c34d4115e66e3c79f41925d38fd7d15d
SELL,0.998,0.02,1775651575,Yes,0xdc346a9f555e3d5d84b014cb32e9c770d1f34d12369b21fa1a64443b54c92121
SELL,0.998,0.15,1775651575,Yes,0xa59ae3c1b1e622c19034b74bbb862a6c1d890486466d36ce8d466cffc7518a6d
SELL,0.998,0.1,1775651575,Yes,0x35b85d1556396f4e62e6ca5d8220bd0fb9acf0c1bac353bdbe2ba30f4ca4312d
SELL,0.001,60682.11,1775651575,No,0x3e96c880a6b888d6eee0c06adb0df99d0ff3b5c705cc8c16401d1b77fd21132e
SELL,0.998,0.93,1775651575,Yes,0xeb0990311b82b0307991cb390fd599bddf7032d2d947b6533ee26b2909271c8e
BUY,0.002,5000,1775651559,No,0x403fceeb488df9307dea99b2dcd0476036edf9ae9ea946f862cbccc3e732ef56
BUY,0.002,2000,1775651525,No,0x9480121544f2b90d16f2610979d1835232d1d3f8e02901da1278ee6810cea176
BUY,0.002,14000,1775651521,No,0x19e005cb5bff9090221761a3f8e3f888b6553b7ea0c62e91dfa88a206cc6ec54
BUY,0.002,10000,1775651495,No,0xb82962e2f20dd0c9e21db305cda0fa940f38c9ad153895affd93d24f29aecef5
SELL,0.998,9.99,1775651487,Yes,0x74b3e6206e2a1a28cf5fdf334562f8235ed9b9a4b32586abeb3dd205e26561f4
BUY,0.002,820,1775651487,No,0xfae0bf463d741817553cbcd42a7b0413cfa04ab7b69211be18c770d3b52c3e07
BUY,0.002,2500,1775651475,No,0x84f901482f81fd7621a4d41cef9c50d810ad55047441ba793032ae7e909ee5e2
SELL,0.998,18.35,1775651451,Yes,0x6bb64b0a4b43f43b7964ee91064670eef860c359143bd456a4259ea3fd71bdbb
BUY,0.002,500,1775651447,No,0x5a03e890b1c32bcd62b1735e2f0b3ce06c2184b62cf278ebfb58fd0ddd561474
SELL,0.998,76.91,1775651439,Yes,0x0597ecebab0297439b6b740e4afd2449dbf879edebab85a4c7bd567c6620b3a9
SELL,0.998,0.07,1775651431,Yes,0xe208ed081163b86077f32d98b1a3749a4367925aa94a3cffd15500f4322e61fc
SELL,0.998,0.01,1775651429,Yes,0x159fd6ee71292c0d40a817da4933bff540f4091a3d354dacb9d1be58d935fbe1
SELL,0.998,0.01,1775651429,Yes,0x040cac06ec732dfd669611d8c59d547e84ebee9a10b66f4493e73f6fd2774e8a
SELL,0.001,1000,1775651429,No,0x09403b4ee2b74fe331d257adfc4d42d0d5bab49b7e604006f93b24600894189f
SELL,0.998,15.87,1775651399,Yes,0x9e862d62929656610463ede5ca18f663b483886cd766d395d41630ea24b536d1
SELL,0.998,6.05,1775651395,Yes,0xfd21a199f359edf05893392503ca3f6b10fab283c129a3c14f5d533003a87865
BUY,0.002,5000,1775651387,No,0xe270ab53214fd74f3ec255afeaf92e59e84e47c27f8383e7fa1dbd27f44e834c
BUY,0.002,21500,1775651381,No,0x0d79a71c915303d3b79e5a9d26af8de575e76a2c877d4d2c062d7d1aa8b77ee5
BUY,0.002,5200,1775651375,No,0x44c2992379a171e2b3fcdf6c7cd8f680ffe360da89ba01ab64a51e9da176c435
BUY,0.002,500,1775651353,No,0x43b3a30c9556219b41babe1db015c67e09fcc13a84d2cba409cdfc9b5d17ebb9
BUY,0.002,1200,1775651321,No,0x6b946db6fb89f84554b386c3f1365de407b6394a851f2c2ae0c4711746348f5f
BUY,0.002,500,1775651315,No,0x19e24676fd35e28a5709526dcd8eb817698f7c871d44a10c27b453bfaf8deacb
BUY,0.002,500,1775651301,No,0x69ca1db1d2383760a1e674a11cf866bef09f5bb8a845f7c6e8856113e94adaa0
BUY,0.002,20000,1775651293,No,0xc882b305a2d5418af2f126f49de25e90173ca271d20c0f6278e289040c87ada8
BUY,0.002,10000,1775651225,No,0x0f14cf52f22b7e482a1ce2b8f3f749d9bf9e1bff90a90e378cf4b8515be2ae4e
BUY,0.002,5000,1775651219,No,0x79ba61ac944b920d0562e5ebf1348e377a9992f2aff57b023db6c616ba7529f8
BUY,0.002,500,1775651215,No,0x2f9d6b8297e6c0002dabfc4ada0b98a498afbab4713f69e48ea66b8b48fc4f0a
BUY,0.002,1000,1775651199,No,0x3c7668ac92c8e2c4f95de2e7be47663d779cad400558074bfaba095c91d05dba
BUY,0.002,500,1775651191,No,0x236fc56322e2f0d1a3b2a36463d51a4289a32743ae63f9c97ed0b6c9c921ffab
BUY,0.002,4360,1775651191,No,0x04fad482707cf41ff9e15e87f1539cb603e5ef0ba3e81315ddd798df14b60169
BUY,0.002,5000,1775651171,No,0x2c4eb5583a71b95f365513562e3be07cf74495b2f98df2c088769f877942872c
SELL,0.998,1,1775651129,Yes,0xecffc9dc6546d992a1208adcbf09dd6277ac7401e20ce6c725b517f72889bfc4
SELL,0.998,2.77,1775651119,Yes,0xeee0fac77bdd5f6283cf2818b4e014c9e40643f5d58d379b853b58f0547d6691
BUY,0.002,1000,1775651117,No,0xa1cdb7b814b0e7e35a912fbd281fa75706555d68264bad15c8c0db1d437773e7
BUY,0.002,2000,1775651103,No,0x7853855d8f04178296313667fb551cac3f58b42b2a05ad1d428f0f726b0b4226
BUY,0.002,500,1775651093,No,0xef75b7aec4e5530c936de94461251edf869c8415b47acd0a85001d155108f1a6
SELL,0.998,0.79,1775651091,Yes,0x05c61f7aac8d60c272739daacb706f6c9746d3cdd3fb2d506e92fad061dafa35
BUY,0.002,500,1775651089,No,0xaa039d549398579b324e71d9a4d9d53d789db4c893346eef13875273f1a54793
SELL,0.998,7.69,1775651075,Yes,0xd71c37b6804a1cf71c44c9507b017df4eb9834017f5fbe024d20126f8e637aa4
SELL,0.001,43.48,1775651065,No,0x73385f5da09ef6a8848fb66a7aafbd3c0a282438088f7140585a5fd7982f1bf1
SELL,0.998,20,1775651061,Yes,0x374b9e71e2865b4ea702d8211ba374a482de63f321f30675ac6648a9552cfa8d
SELL,0.998,248.57,1775651059,Yes,0x6ddbd93f2621914215622d763bd038ae461a21263bdd53a70ec519657715a8c3
SELL,0.998,19.03,1775651045,Yes,0xbd6c677c43f74c32cd15e7346166df9af22e27a7ed8f4cdc3006d49c461b0b2b
SELL,0.998,3000,1775651039,Yes,0x37024ba423fbe5f85421720ed2849434f92ce6b56e79b6e48cb491a45ee48b76
BUY,0.002,2500,1775651035,No,0x3ff56b050c4831ef10ca95e7d9383ca05e25afd398d772167e62b74bde62ec74
SELL,0.998,307.66,1775651027,Yes,0x9a4af4e4c6d03c2114a00e3c9ea19808af2c05a7086b7d2ebe62d3af01aad54e
BUY,0.002,112500,1775651023,No,0xd3f810b3d4a67c0723e7a4daff3d701fa0cd766dd7feea8ca18be3a1107bb24f
SELL,0.998,0.29,1775651019,Yes,0xa898c7ad603736bc1cbe671f3720d6771c895925480a9db96172e8e9ac5e592f
SELL,0.998,0.01,1775651019,Yes,0x1d8c5a81e919014b49e75dd65913c6165ce8c7e1847c643caf5354d9001cc0bc
SELL,0.998,0.05,1775651019,Yes,0x8162b1e81d513db84285f6d3231a80566908c879a7fc35a27f823bb6ac5d2732
SELL,0.998,0.06,1775651017,Yes,0xffbf5e634b03e975993f4ca223e775da73a686db3a1262d4d9ec91a7f2e8cbd3
SELL,0.001,4000,1775651017,No,0x7905de13c4176316018ae991cf75afce987195949e5e6c31db7ff52a8caff7a2
SELL,0.998,210,1775651013,Yes,0x5eb7524bfd8785be3e5e3cef7f4d32d7620c21506b60d64786a0a6cd96629fd0
BUY,0.002,4000,1775650927,No,0x46a1c75fd433893396c923ddd38439d4e58cf31bf4323355616b335b1a51d20f
BUY,0.002,500,1775650925,No,0x865de1fcd316f2de374f08c61ea723dc0632c1dbc85ee175dc7f6f43dfd79eb3
BUY,0.002,44500,1775650893,No,0x6ff854113be03211c133fec5ce77e9cc9a6f2fc7bfb431441a31de7a3ffa5481
BUY,0.002,505,1775650877,No,0xf769de475d57fb8a1374f22c96f82f0e06ab2cd566b47eb8c5bb80e3365413d3
SELL,0.998,20,1775650865,Yes,0x6635ee8389213e8d084d767210e59243ad2b61998edf98f886b207405932010f
BUY,0.002,6945,1775650849,No,0xb28578a99223dabd8137f48b14c7545a3794732b2d9d981a238eb2cee6b54f3e
BUY,0.002,10000,1775650831,No,0xe35eb05d47247471b5b4c61833c1511a2a2ba3c075e0d046d72ecbd6e8303e52
SELL,0.998,610.08,1775650821,Yes,0xf9ad66b887f209c482b1f2fa1c6b0851e481fbf36e3f2e8f33016ce52fa66839
BUY,0.002,12500,1775650817,No,0xc6c5f5765c73e645c022044ee36e9508f097bb93ea2363b089d8406e634e7b31
SELL,0.998,0.12,1775650817,Yes,0xc102a7963039de16d0429cf9ec194fdfdf5b34a0ae1e8fe14a7886b739998778
SELL,0.998,0.11,1775650817,Yes,0x3133ee58b3ed1885af656c2eb9389fbc6ee7d8e39ba0e29e294e8ff51f494d1d
SELL,0.998,0.02,1775650813,Yes,0x2d0704a6f0847e534478d8c8b6d8148042c8a8bd19c7635532db598abd4eeef0
SELL,0.998,0.57,1775650813,Yes,0xec0a9b7a6b9eb6d64910974ef541816578dd2f0757cc4f8f6618fcbb69e5eb66
SELL,0.998,0.01,1775650813,Yes,0xbbe521d7e093d0e56de6d7aacd54ae453dea68e51a6ce8296935511efcc6de8e
SELL,0.998,0.11,1775650811,Yes,0x6cad7d0662d74ddb72907b981d1bbc2a8d6572b2ca241066c99a9c5d001ca7cc
SELL,0.001,7931.66,1775650811,No,0xc8734d89d6d8806a8d96220640888d9067dd7fd67843da8cfe53719bfce8612d
SELL,0.998,92.67,1775650807,Yes,0x86a1fb31d2ab0db401630eb496be95bf8efa8626728a84039f636d64f6978b67
BUY,0.002,9735,1775650787,No,0xddb58d42dc090e2e98c67ed75fb234e5d70b99649befac208d094057d19710da
SELL,0.998,1.01,1775650769,Yes,0xcadc14d0e222352a78b44241c3c097a4e11ef21ed2f105bb23be50c09c4c8b7f
SELL,0.998,20,1775650765,Yes,0x9d74f2a1c784509b468db4581e759654b476d7ccfe8ee21cf92974668234015b
BUY,0.002,6000,1775650765,No,0xdab7a4f0d58012297ea890e7aca7c8dcc7a8e943274437f23eb982cae15c63cb
BUY,0.002,500,1775650759,No,0x18cd25b3125c15d6b55f82c5a7f05d8c7b7149fefbee58bf6f42aaafeb4eda39
SELL,0.998,7.69,1775650749,Yes,0x058360bb55fd437498537f1c89664a6bb51d37f51db50eb550e094ea5d452a10
BUY,0.002,25000,1775650745,No,0xa360dc188d11668c3e0b02dc35f281d312c98d7499ea5833f501b9d53b5b8adc
SELL,0.998,8.62,1775650739,Yes,0x28a03eae96eeb13055b542e8f4768db1625be25135ee3bc8435229ee1cdc20a4
SELL,0.001,57.44,1775650739,No,0x3450b71e735a07f96f6aa0944e437393e2c69b92023ed964ca60c6b36f53a098
SELL,0.998,1811.61,1775650731,Yes,0x92438b4a3982e22d291ebad12ca53e666aac626859917714d10bb08882896a1c
SELL,0.998,797.26,1775650729,Yes,0xcfc34dd8a3c9bd5e71a29519b68b02acd7b0d5dd4cbdfb679d15e4141ee5cae7
SELL,0.998,0.02,1775650721,Yes,0x6fea01581cd005567de940f15ee6addb59ef97741deeea93dfbc2e531cb20968
SELL,0.998,0.15,1775650721,Yes,0x1b590f4e6451c49845a9e98168bdda32d87d811bd49eb9fce35a1675e33330fc
SELL,0.998,0.75,1775650721,Yes,0xcd858a95d15e367c187387b7440709d410e250549b90cf4092c83305b7f8653a
SELL,0.998,0.01,1775650721,Yes,0xab0ea0afb7e7fca3c4a1e5550755529e06237466c41cb9a4405c55776842e721
SELL,0.998,0.16,1775650721,Yes,0xf837d0e7db3c539e5012b002b108f5ce5797e88d61bb96fe25084de3bcda0989
SELL,0.998,0.14,1775650721,Yes,0xa25108a77b38f54ca35b291915f98006a5d94db2b1a86545f83a0c0eb5e3cd95
SELL,0.001,10365.26,1775650719,No,0x243dae3d0fa547b6a34b2ba46337466655f4a3ca4d73a870950a9f1dd99e116f
BUY,0.002,1000,1775650699,No,0x733f16e8eb6ce9e56917510c24dd60e5e9d354ddecd4d2c469a8abb2ccf5a839
BUY,0.002,33000,1775650691,No,0xab0b94368a533505f1c5bf286f31cd8a0e8226337250f2891ef7271a81f23bfb
BUY,0.002,112500,1775650685,No,0xfda0fa443be4f904f4b21b91716113546199849857154b43394a7e852dff6755
SELL,0.998,20.97,1775650671,Yes,0x4266df8d4c6dc8ac4d8c0543eb9b9890e4036d3f7972d70588a083d041e3bdde
SELL,0.998,20,1775650667,Yes,0x3c4e61aacbe4bdee4e259246ce29831a91038797de5921a149da5b37ade26bf2
SELL,0.998,92.3,1775650653,Yes,0xd57e697703f9931288a5892c0c1484209403a1ad1d1c6250fd0ff1182ea32fc1
SELL,0.998,0.01,1775650643,Yes,0x3619c9577a440aa7947ab5ebfa38ceb67e2a0eaadc31e76af06e2f82a00f7a8c
SELL,0.998,0.08,1775650643,Yes,0x0f78a84759633b99655acaa96976df8f73672c1fa4b57c724ff178581f7fdffd
SELL,0.998,0.01,1775650643,Yes,0x5c51689ca83dba3e4a0b7c228eb2e4ed5f46763d8f8382f9f1721e0106de616d
SELL,0.998,0.11,1775650643,Yes,0x193ef95a84fff65bb8a70775b5b0e5ecafad866e6c8b541c304c6cbca6d10da5
SELL,0.001,1200,1775650643,No,0x0022b72fe8f6879cd1e70c8fdd63e345427203a57673d5623d1fc2190f8708cf
BUY,0.002,5000,1775650641,No,0x4730a3a633ce964088e0496f3dfcec390e452b10b07146cefdb731ef63023622
SELL,0.998,522.29,1775650629,Yes,0x8d6e846739d469a11d829ad530c71af64301677abc0fed0029480947f857541d
SELL,0.998,0.49,1775650621,Yes,0x3619231013bf71d4650f47c3fc346c230ba9ead292df3d532a1d3ca9e4b7ad43
SELL,0.998,0.01,1775650621,Yes,0x289f54172894fc34f8641a485ec2d0a830cd6b7d42beed47c4039529828ad299
SELL,0.998,0.1,1775650621,Yes,0xaaca0b99de7457e603a0172bba140b84ab5d0b460090b08333ace407b3074d7e
SELL,0.001,6790.38,1775650619,No,0x6c91b8062fb77fe01a3c0625694c297d8c706244c1c10ccac968efd431541e9f
SELL,0.998,0.01,1775650619,Yes,0x806a30df9e6c85697cdc12442d36277115c155ad37877c6e40cfb4103b976795
SELL,0.998,0.1,1775650619,Yes,0x678bc9fcfb39dba283d60c12cb4fcee157af72dc2279f1e357528e59a7660c53
SELL,0.998,27.46,1775650611,Yes,0x7e317e86acceef10cbc5ae5ee629f308c1694cbbc7a18263c550104ed1586495
BUY,0.002,4000,1775650609,No,0x819a34602d7e94241803f3769552687b8e0fa97c96f778e1155900b79b80593a
SELL,0.998,500,1775650557,Yes,0x3159dd5e55384372b0bb52cf860b182ac27efc39f296d00573216af805f839b0
BUY,0.002,2000,1775650553,No,0xb0acfc621dc8c088e33d61bb11058fbe0602a689ab0a736718ba516bd6e87059
BUY,0.002,500,1775650551,No,0x0a4a5771e841e5dbb5aa18473da6557757f273fa8af751674b4052f0969fae1e
SELL,0.998,1,1775650539,Yes,0xb1aa16bb738f67bf8b76aaadc4d7176edbd83c77d4c6daac09bf790a602f9d41
BUY,0.002,50000,1775650533,No,0xba6f53f04bc4271a7643ea402e8a842469da68d7cbd83429e8addc4dd31328c4
SELL,0.998,0.35,1775650531,Yes,0xd0176e738cff939715499c5514e066e86d952b4519b1fac9dcca8be981d33994
BUY,0.002,100000,1775650523,No,0x4b765ad545654caa74b7aaf37ca0152bfde62aafdfe243d9b389f85d3d9f6d16
BUY,0.002,1000,1775650521,No,0xd2cfbd39bf3628a6a2babbd71d22f40071428c326697beb736b1e5913c04a6d6
SELL,0.998,0.35,1775650509,Yes,0xf1a94ced08fe27775f3a9746503598b8f7e4a315439119f2dec6066532cb1fce
SELL,0.998,7.69,1775650507,Yes,0x651d0db6bf8237afaa12c222a6ce0e848b1b2be4856248d042877b98ef8b152b
BUY,0.002,5000,1775650505,No,0x6b403165e1b91ce1ac20e454414cb0c1fd0e051956493bde28c4adfa2a266f72
BUY,0.002,500,1775650503,No,0x0a59c49545721b046fdbca2fc4837d6e2318b7dc088fe64b1c935fdce2d8f400
SELL,0.998,7.69,1775650501,Yes,0x7a75308461656b6b31e229e3ffec5e88ba1bc490dd2faafacbe1b86431609c3c
BUY,0.002,5000,1775650497,No,0xf0bc4bc165be4ae8bd35ec4e52c460a9fc71487358d880027a4e1f2fec9ff547
BUY,0.9989999509990475,20.020019,1775650493,Yes,0xfe1ad5d761e57bb5a23d292c79ac37109e3aead5052a45519d5ea8ca01ec685a
BUY,0.9989999509990475,20.020019,1775650491,Yes,0x8758cf9c111027318ee2c9cdf61b325a5bb95b3f685f546215680eee85b20d2c
BUY,0.002,1200,1775650483,No,0xeb2407df5175cf49040c3bd4422930950ad4765583fb00ebdd2e348f3ab7ac83
BUY,0.002,10000,1775650437,No,0xd16116271a2309ca8adff2ac516992fc214c5af19cf55e1e51d89ec4a1a7efc5
BUY,0.002,9565,1775650405,No,0x07492c8316795f67c0876fbe90037a6a056c5cc7391153c72db198b0a9762bed
SELL,0.998,14.1,1775650395,Yes,0x463f8d90c912b14aef5ae7f990ff990898ceb712ffed544908ae1ff7307a0204
BUY,0.002,1000,1775650373,No,0xa6976bde602677a66e1b8dbfd48019a6e1615d5036e740cee728ebe9827153de
SELL,0.998,3.19,1775650329,Yes,0x388f9f44ee5666bbb9b61817425e502e78dc6a50a34758cc5c09a578ef1c72b8
BUY,0.002,1500,1775650325,No,0x71e92291eecfe71093e1fba0daf873765aa585d6cc064df1ed239a6e4ebcb936
SELL,0.998,1697.33,1775650315,Yes,0x0bd48681e6a66b9ff320aebd8b1fe498d10c5d55cdd37f3171412a3e0dccff36
SELL,0.998,20,1775650311,Yes,0xce0b87eca40702672e4f8edcbb2f0a79fbe04f4b3d7248033b5e73415fda7538
SELL,0.998,15.38,1775650307,Yes,0xc6e3d6fea16fd8efc52caaa6452fa0989ad1bc20acce84292b7d4ab30ec77832
SELL,0.998,15,1775650303,Yes,0x1b5b0e6c1b3ce3a6b93bdd20aea084975fb615732023feb2d5b9ac5bed2f40b4
SELL,0.998,0.01,1775650299,Yes,0xfc67268cbf1e9bc2ba4a4c02a4e8be7f58cd7e5e2b72e1fcf03dca574b594faf
SELL,0.001,200,1775650297,No,0xd9e72e9e90c0fcf24711101e4aeb81b8183b9cf221c48c72368513b17dfef6ca
BUY,0.002,1000,1775650293,No,0xe29b9a726b8e32ce9e0a0f39006f5534d713f6e3f13202886c090691a9e9de81
SELL,0.998,231.86,1775650289,Yes,0x7d7720032f27e4d42e4ffdcdbf66c66e890e27cbc60b609af2bb2391de81167b
SELL,0.998,17.2,1775650287,Yes,0xd2cc965f2c5aaf33d081ef2717cb385d630aaf3c0defa3a5b285ec907165aed7
SELL,0.998,1.58,1775650287,Yes,0xaec6b12d1337e1fbc03a682107c204cef04ec84242da47f763d8917e8505823f
SELL,0.998,5.66,1775650287,Yes,0x61ca947caf6bd698a6707809086abfbb11b1e360209994e2b219930d990f18b5
BUY,0.002,2500,1775650285,No,0x8eda458839958a898314aeea3492a31787794bbf6df2dfcffab11d18b60f3815
SELL,0.998,45.55,1775650283,Yes,0x26749e22b16db873c2dfaab647689d94d15474d65fb9ae195fe5ebdd9b689cad
SELL,0.998,4.48,1775650283,Yes,0x871b6d778d35a6dfeb323d5cbede7a6b6b78a7c9d40f11a659558d1fb89234d7
SELL,0.998,1.07,1775650283,Yes,0xcecd11f19829908fedcce3700ad512d404bec98a670fec03df705cd5da8f5c4c
SELL,0.998,4.48,1775650283,Yes,0x747282a40ec37391a5bbcc2eb38bc3a8fa40f069a6e212bdff1e8778f4e3db79
SELL,0.998,4.48,1775650281,Yes,0xec406dcaccd94226304222ea9f49333a11f162e6d7329df3b22ec0c1e664a4f9
SELL,0.998,0.93,1775650279,Yes,0x0f9211321468ea0b2e19957421e429a58e5ece601b63122e6082c0f6299f3dc8
SELL,0.998,0.02,1775650279,Yes,0x92bdaf795df0011b8b6c4ceaf710e743d1a5113ae4d1c166e93fc02428bb11b2
SELL,0.998,0.86,1775650279,Yes,0x2634f028b2a9b32b9e020678a6fb008eed806d5bc464bddf9afadbc64b295272
SELL,0.998,0.1,1775650279,Yes,0x50b16853c612d13d43fb84c50d52638a65ad28acb8c2c9f6286a19912e1095b1
SELL,0.998,4.23,1775650279,Yes,0x7442089697e6ccdc8fab157105f66c5be6113bed12ee093afa6ea6d890676641
SELL,0.998,0.86,1775650279,Yes,0x14ff4910631d2a17b7c223d4333dd961a98a266b1b7b4463c4caffad0e4922e4
SELL,0.998,0.15,1775650279,Yes,0x30a83a61010b654b2971f030b88b61311b753fea06dcbde22da44c670b70ae2f
SELL,0.001,71000,1775650279,No,0x5bcd16ec7d367d0d8110d9ab08b11a0cf10f6dee63f4609eb75e84f8cacf5d13
SELL,0.998,1.56,1775650267,Yes,0x092f377297352cf059b7165e820e188a39aa43df0f11a1a4b829e7f4a190ec52
BUY,0.002,6000,1775650263,No,0xee5f4e2399fd54b92f4873a452f2c0eedec92061ad0dea75a9868f791256fdab
BUY,0.002,5000,1775650227,No,0xce9836be1727ab11db617499d6fb70391b4207d412cad47bd8be6013a4c59992
BUY,0.002,5000,1775650205,No,0xa059567f65393e220dbac328b817e5b241e8ad809fa603b48091690905cd00a8
BUY,0.002,60000,1775650199,No,0x5cd75929b2c3c2117569f42936c561f3bb43ef8ef3155657a0b96684ab2aa3c7
BUY,0.002,3000,1775650159,No,0xec37707a3e38d7be40db7fd7b43172732da5467ddd8171440e46d420e63201e4
BUY,0.002,25000,1775650113,No,0x8c04c6708ea6430fe8342c5eb1c865b703be6f11c2d65701b59fa03c737819ac
SELL,0.001,283.33,1775650107,No,0xbfa168f7dcb0fb0b084b61042911b9c094d3cb00f2583ce087721e1a9b9e6308
BUY,0.002,5000,1775650095,No,0x588c47705b32fcead948bcef7da420d6eaa29d769d2d5fbbf01bcec11a64c48e
SELL,0.998,3471.61,1775650083,Yes,0x04329efb6116d204e292828f00f5a3806010829a7e4d15ad4e2ba536d4601306
SELL,0.998,52.23,1775650065,Yes,0x9fe7d578b58f31f674417aa19b7188b6525506c8840d90aed39cdebdb800b63d
BUY,0.002,500,1775650053,No,0xe0643fef63ca20a5284aec8ea11ae914a2e4a6dfba4677bb4b62d52f4e6b3382
SELL,0.998,4.47,1775650027,Yes,0xdd50e36deea75adc213c66ccee9a3a9e58870540bd976064f02739e62549d62c
BUY,0.002,500,1775649953,No,0x8f54ce3cf76a836d6152b677390fe80d4c832a7273cdd5f0dd87bd494d6ed252
BUY,0.002,519.6,1775649919,No,0x7ca9e0c7197c0b2715e28a2d5b73cc9657a8ac6721bcbc6457abe7b6b5381535
BUY,0.999,80,1775649915,Yes,0xe0cbc680e42ae78f5cb051704e0f2d90be7514628295fa7d40ee312aeb037459
BUY,0.002,11590,1775649813,No,0x59a5a20d4d3b9118d7f3b000b803f69468c40bb3daf1cad4ea099df0c2caba40
BUY,0.002,5000,1775649797,No,0x7d2d9356b6108c2f744fb6d1f1f5de042ba47efd3f45107d08fa86861bbbf38c
BUY,0.002,2500,1775649791,No,0x70b51ec0af9e1e4f111dd5854e511ba4dcfc0692def5a2e16d677b22bedfdf79
BUY,0.002,11000,1775649783,No,0x8eeb5989b4c5b27dc2c159c565e57e6e57fc4dd7c9d6f2b3e66e6e5f82fdaec4
SELL,0.998,0.04,1775649733,Yes,0x0a60f81bcda077a2c03790387c7b2e454a967679abcd62beef1dfa5a670d97e7
BUY,0.002,75000,1775649729,No,0xdee00b263a0a36e5ac076d8f0712047f8a509c6bfbb0f16538892b41b2cd8ff5
SELL,0.998,2.51,1775649723,Yes,0xd2103f10f8ec43ae153ff9a5cffb2ae8f121758cb7ea15a6bdcc43a8611e686b
BUY,0.002,500,1775649699,No,0x019aca31683f2f16954ac311df8c8b9b05c98fc214814c8ebc8956a4b0fb8d8d
BUY,0.002,500,1775649683,No,0xd1e8831f5cdf3a3ad008d3a571b45248d2becd93dbbcfe568a40d98048b860e3
BUY,0.002,2500,1775649679,No,0x55fe5efc3de704394598f5b82626bb1b822673e93a9f452793482885aaff1e70
BUY,0.002,7335,1775649657,No,0x049b6551c99d87a5ed00a0aa09b5a62148348ecb738f30fd1a4f6d3bd834fc36
SELL,0.998,8.27,1775649621,Yes,0x33f885f0b2f70857c6bb463b61acfd5c3a6c73a25f136b5444e764c2167614a5
SELL,0.998,25.24,1775649605,Yes,0x2b0d49693612cedecd38149db8af96275cd1ddb54e36e9b2c00357e7ae3563b2
BUY,0.002,3950,1775649595,No,0xe415b49b3c03583c6f1795ad2f2d0c1359fb71e3df24e59b5fd5d053a9313977
BUY,0.002,25000,1775649527,No,0x7839b98d0a867b91f06496255ca6bc8ccce957dd7be56ee5af5ae79ae5a632f9
SELL,0.001,2500,1775649523,No,0x8578f4f52954fccba8b9c1f2d9f7ed7bde937bf51f80ea40755fdb0e0c39c60c
BUY,0.002,4800,1775649515,No,0x7ed657bdae34e3ef5d58d62e8d1d1d655aab995b64d532963b2c195c74688256
SELL,0.998,5,1775649497,Yes,0x57437456b0bcfef7cc8c7afb6e38ca5e30a4f7ec7fc6093eaef842284867a5c7
BUY,0.002,45500,1775649457,No,0xec82bbf300e8677a2363616604bacd8e0e9bd18fb44280339a5743eb198444d1
BUY,0.002,5000,1775649419,No,0x077c698c9d27dc17ed7889692bc482d2238699d5d893def3a830895597958c38
BUY,0.002,75000,1775649385,No,0x4de8a0028d35772e09f551ea9cbe37d55a6816a49993a47831be65e22bd049e0
BUY,0.002,500,1775649355,No,0x2cd6100ba182fe6ac2ff5d5a0ef3c6085b2fa8e7690a550916bf67ab021279c3
BUY,0.002,7500,1775649345,No,0x2da71c03d607195e9778d7c9ec1dbdba5aac243e1e0b371cbb674c35f719f871
BUY,0.002,500,1775649295,No,0x2f794dba6a0feb107e663e6ed253c5f1d49e572d18286aa1a08ae97f0d3b9fe8
BUY,0.002,1000,1775649275,No,0x015746df3ed4f2d045e0c57d68a51a4118d10eb700ae563b472de294894fb967
BUY,0.002,25000,1775649269,No,0xb0fcea522a488c8259ea404e20c8dbb3655ad88c704878fae1c3b782c421e463
BUY,0.002,500,1775649267,No,0x5f8d2af619bc65605ca49bfe2eea4121419380465ad22de19fa1d876c499ae66
BUY,0.999,5.21,1775649223,Yes,0xeb464c68dea72a3093939ab9fa96eed5a8a8c2e4e181a716beef5ae05e9d45ac
SELL,0.001,1200,1775649211,No,0x75af92cae6f9b9c6c3386d5e036e0e87ef4f75c9c790be47557b84c4130ea1df
BUY,0.999,2.002,1775649195,Yes,0x7a1d1ee2fe74e462156e17f11004929eaa50991ed152c0f758473f94123693a4
BUY,0.002,500,1775649191,No,0x8e8cd7663c38785103dcc3857654a79f1fc81ec2c8db9182335c5b4d4f625749
BUY,0.999,2.502,1775649177,Yes,0xafd1503f8fbc9785746bbe30ef0d2573ba6ef18280dcc4e1e4c4146c9c42af5f
BUY,0.999,1.001,1775649177,Yes,0x825fb7aae145bac11839cee991a7b019a4596573a0620444f151ffd6c4d4aacc
BUY,0.999,2.002,1775649175,Yes,0xb2d6659b7fbdce56e72f865b2e0a2f6cf3581be4b8699ec51f97ceff87254a3c
BUY,0.999,5.005,1775649175,Yes,0x6b52c6eb80b05db7b3a525210fee6d35403319573394b5761f10bfeffa4cc8ad
BUY,0.999,16000,1775649173,Yes,0x58ea8a79e6c586dcdeeb176187a629dd47f3147dd6cd10e5b4d9a71509ce7a6f
BUY,0.002,25000,1775649165,No,0x23affdc6e7082868020e47c0b9f05c84b847787eb5d29cec802f7323da15e3b6
BUY,0.002,5000,1775649129,No,0xda4a3c8eef172a667cf4f8d283330fd2606f1ef57537ece09b385a0ef45f6707
SELL,0.998,11.32,1775649127,Yes,0xc773e8d47d100df712044caaecc091e2dbd1311433b2afc7ecbdf8e1ba0c2bb6
BUY,0.002,505000,1775649103,No,0xaf0e5f305447dbcac547aeac0bbf166d0f42ab7c3961e540a258632b08e2772b
BUY,0.002,59895,1775649085,No,0xae6c4e0950c4ba7d88cdc31a55301b5442ff73f6a0294d170e7b5eb094dea28f
BUY,0.002,12500,1775649065,No,0x1f694e45a97fe9182134076f192d1e77e5462a90926935bbc1fb59feefe41a62
BUY,0.002,11070,1775649065,No,0x879cfa0c7dadef0afe00b4562c423bd22eb869325596a6eb1adc982091ba5efc
BUY,0.002,2050,1775649063,No,0x4f10524dd5ed864f5a5670ee5e85502deb591d4afa65f4390044622efa824128
BUY,0.002,5000,1775649045,No,0xdfa349ddbb24d088eab0fd00d7483fdd606a02c374eb48dec85aa2fd51fd3b14
BUY,0.002,2500,1775649043,No,0x50f35a46142c3069701bf352bd84ed3f6c13849e86f245c14e21a3a2641b3a7d
BUY,0.002,58755,1775649035,No,0xd83acde0506522423c2b1369149b8a6bbe1878cf33823814444d73d8bd9f8fd6
BUY,0.002,12195,1775649005,No,0xae70cb3f8783340b479bc969c28e0922a578b31bb44536bb7aee61786d6a5c70
BUY,0.002,50000,1775648967,No,0xd4f2de4a81ef8ddd2ddc9913ae5262ae6e14b082ea5ea3d0984dbf067d37e1e7
BUY,0.002,1400,1775648955,No,0xf6254181ea13f4337288d53aa18f3c204cc661e1f6a61ac6e87207c519343e9b
SELL,0.998,20,1775648951,Yes,0x3f28ef70a1fb60393ab8ffe87f9d9385da384f8c3597b64b793117a4c29f62be
BUY,0.002,5000,1775648897,No,0x561326975557fd54896a95f6b1202f6ec23a8ac0974e8de300a91f47d88f02e3
SELL,0.001,1221.25,1775648879,No,0x9b351fca8a61e63e6458993b8f3561e1ed0b590c3cae07d887120f48114b0938
BUY,0.002,1500,1775648855,No,0x9e45a5fcd3f29bd469daf2a35a6d15dd8249f1e19fd519a3ac65ea04f7dc610a
BUY,0.002,2500,1775648853,No,0xcdcae7558219b6106085f537d43ee08fc1b750fb716cd1d75f668db377ca12d1
BUY,0.002,12305,1775648823,No,0x914283700e01a43d67a47d2d8668dffe2195532e6f4643eda6329a8a9d8ea1dc
BUY,0.002,5000,1775648753,No,0xb52d4ce31468c4ad0bc5ea84a8872bcaaf94c2402c49c9d8f4db0f4a8b4c3865
BUY,0.002,9690,1775648709,No,0x6dad8321dfc3217f4358272afea99962fed19b58bfc172678a3944f339a48da9
BUY,0.002,500,1775648631,No,0xd0dff48fab334357cb90e3d61afc7ccd820c90b60185e5717ab77c5a6ac83093
SELL,0.998,931.79,1775648625,Yes,0xcba9f54d47a36b28a3e58b374f65fc1cd6b0b07cf0e3e711d24286610c7f2b04
BUY,0.002,3940,1775648617,No,0x9030a368a3f48dbf5374397ea7d875e4b5f645c73efff9eda07647b6d90afdb2
BUY,0.002,10000,1775648609,No,0x4312c11765cc7ad59d1d3034748aa25b7ae70f8ffebc60541b745ddea0f5a22f
SELL,0.998,195.16,1775648509,Yes,0x22e8a163f32a7ee854779ba8d4afc25573a94b7b3ed12df60e8fbd17c2ba2ceb
BUY,0.002,1500,1775648489,No,0xcf62e0ae408c4f1d2ec6551782fe437c376bbc7822d8e5bd62b568769b6783ba
BUY,0.002,1000,1775648463,No,0x08abdc009f35908a440a1ff61a12827f118b9d3dcf32ff286b579bad1ff525c3
SELL,0.001,68741.66,1775648429,No,0x268d47f96eb7e803f24892773002f89ba09920f89dc68ab4ac0a4ce30d0dc68b
BUY,0.999000000999,3.003003,1775648425,Yes,0x0474df9888098dc98a7144bf6f72f9c6f4d59fd8863e62e2465a582fc2577cb7
BUY,0.002,500,1775648415,No,0x10dadbe4a0a1a70a36e8086eabb0be7d530bd766f5619f1b63710f9f6b8e3697
BUY,0.002,5000,1775648405,No,0x3dd9cd61f5994a405852c237febc30033bec0121a36a6ca15541d73e3bc5c589
BUY,0.002,10000,1775648399,No,0xc99f77233387f8a46112df164768ad410eb28e2076f467459b0f8eccc8188056
BUY,0.002,1000,1775648377,No,0xedfdd1012c4632a9fa1a9032ded3296caf8be9be3ca3086e2157f124884331dc
SELL,0.998,5,1775648357,Yes,0x6fe5121ab630a8666cb1752874be3155f0dc04dd5c96a4ae42003ac3f5577451
SELL,0.001,4000,1775648331,No,0x1dff0d039a7211570e6fd6386648ee78feba12f45f0dbe82829394454ad24a69
BUY,0.002,500,1775648239,No,0x8812e9dee8aaf0ddb9d1ba312a3e7765fdc28b5dc82df6fb77998ce494fa9590
BUY,0.002,50000,1775648203,No,0x42b4ca9db532e4ec6b118dad82c55cabb54ce2c3a4a4bd20aace8ca15c82b309
BUY,0.002,5000,1775648145,No,0xa8dd80531795e92aafc3ff1c318089a7be253d5bd73fc8b00b550b39c3bcc435
BUY,0.002,2000,1775648135,No,0xb88d815389dd32f97f2a4d2e75223c60fa43a83848085a327536ee7b25a47caa
SELL,0.001,3168.61,1775648135,No,0xc334e7bf5bf7e90ec7e486f1cb13f8710767fa193385ec18ae0e921060addc50
BUY,0.002,500,1775648073,No,0xc82687df04503e3b4087d2fe92e1d31f04f764533483a9f97807f453b246b1bc
BUY,0.002,5000,1775648053,No,0x363f73a8a6da964884fba9fc7f13a153bf75280f6518826a5f5864cd8ba0a978
BUY,0.002,15000,1775648041,No,0x10a23c7b18fca9e663d0dc81cac658b0186589f9f43f9108e5a8bf6f91451ac9
BUY,0.002,49750,1775648027,No,0x56062a2dcd2e4b4a2899aee235d0f2b6a21bbbe0df13168d4d31fd8796aabcec
BUY,0.002,1000,1775648003,No,0x9536949f90b52a36e8538b0a9e77b47510ca695138240d83203e6582bb00bceb
BUY,0.002,5000,1775647997,No,0x15917d67b672146f58c94a29148a108bbd72f20b433c16802c770a34f5dd020d
BUY,0.002,129085,1775647979,No,0x338a066f51aba0384c38a75a336fde3f5484ce17e2c557610ad7b8d396852c03
BUY,0.002,1000,1775647979,No,0xec1eed5af12bf6cdebde66e181bce4baf5e12d5acd4326912765db040e1348e2
BUY,0.002,500,1775647975,No,0x7f28e810b08f9abc049cde7d97289e43227ae2b19110704ddfb10059d86b1cbc
BUY,0.002,6500,1775647959,No,0x50725ae6cc192895bb2217b59106bd425f428ef7431e15d7c0c1a98aa3b37ab0
BUY,0.002,1500,1775647953,No,0x88f5248cb891e538f947f122111f818838349de605d6d90095ebb4879ae46803
BUY,0.002,10000,1775647937,No,0x9828db8c7c34f4d20e5789ee94c11939b6cb2e0c67884b6d7fff8cf4bf6f71eb
BUY,0.002,10000,1775647937,No,0x7de34e728fd5d09db6b6e5dc690dafe3d8d9413c78c0a694421b93e3c18497d6
BUY,0.002,1500,1775647937,No,0xb940c211e0e61a56f2104e4a58ed6bdd610a95d077edca298291187c02f52a24
BUY,0.999000000999,2.002002,1775647933,Yes,0x2c67afc97780ef4230d796aa0cd213d1144749916438b46031776d914035c346
BUY,0.002,1000,1775647933,No,0xd6eca4be43d0b81bd8114df3f13852659752f2d5373cf1495c0186fb62b36d1d
BUY,0.002,10000,1775647929,No,0xab1dd0812c2333bdafedf9a6aebe5225370f205581b7de63c1b681538cb12cd1
BUY,0.999000000999,2.002002,1775647925,Yes,0x96d82001a8700685360efafd0840958570fc93be1ef7a4fc9351400d07077561
BUY,0.999000000999,2.002002,1775647923,Yes,0x5753d2fa7d64b2551005045c93d31019fc474e680b50c7c61bb611c826a5f0ab
BUY,0.002,50000,1775647919,No,0xa2b80b7aa97ff1f2b0480ee9e5ddb780dbd831032eab1af5fc8f0d3f827de256
BUY,0.002,33515,1775647873,No,0xb45f27e7dedf465b1543b05fc5f6217ebbe0fc647be90662088bb745d6132fa1
SELL,0.998,2,1775647839,Yes,0xe17760303d4aa3ad0b3e0704b297486e52d76d3355d96f90112c7b69f6b4fbdc
BUY,0.002,5000,1775647829,No,0x46715c142530837fd70d87d0417d98e28fb00e5765e86c217c7746a1ec16e34e
BUY,0.002,2480,1775647819,No,0x8f29af96552c1f24464b2320edeea3977f9b8cec4493651ce16e0543bd3c1c1c
BUY,0.002,50600,1775647811,No,0xe7905b6c711c90034032494edd9719ce014baea56203ccd276519c5550c122f7
BUY,0.002,2500,1775647807,No,0xfa3f216d12fc7df205a8cfd74dfad77028b3b0c48ad8e96dae018aa1e71db0aa
BUY,0.002,3000,1775647803,No,0x0699e5fcfba01bea1b3bf82886b806ac002872df9d9f4d94574c6038f852e190
SELL,0.001,0.26,1775647789,No,0x76f8a04e2fd66893c4c36010218915d8fa21c32641ab2f40997ed863eaa6fe92
BUY,0.002,5000,1775647769,No,0x22ce6641ec61a3e34feb11e2cf2f3978308f6830429855dd617c4a6bf3453cf8
BUY,0.002,10010,1775647767,No,0x33ad61db423ea352a56a85e29cdc94634421fb1b4ef58752a559d69b6316a17c
BUY,0.002,8805,1775647757,No,0xf6370883a55da54a8f0462eef46e98021299fd4e602646a7c5f8643f3c24fe0a
BUY,0.002,2000,1775647741,No,0x7b3488d24842da2357b4dc3027ae054c227b1eba9ddbc4b1001f0d1564757c44
BUY,0.002,500,1775647721,No,0x66ef44dad42513866563b590eeedc9b932a09bd7e54fa0e53768c29572eb824e
SELL,0.998,32.78,1775647715,Yes,0x037e59ae29acecb24868893fb5afd764258e5eb43c15eabadfe032b8038e861b
BUY,0.002,2000,1775647709,No,0xb1f23454b9c3969b2fb7989991c70cf9839c9d2e26472d61db9b45003c5825a2
BUY,0.002,500,1775647699,No,0x0d717ba535cd3a84cf34b38a8d5b4b0f7b7e5a88b0dab8f68cb29145cc319150
BUY,0.002,500,1775647689,No,0x11c259c0990bfbd9e1794b0e8fb2837a3eb6de95272a2f7a714b85b86de621d2
BUY,0.002,3500,1775647683,No,0xb5a8f78ccf1320745dbdd40119726223c301ebef8efa8a504a454bfabd7f0fd3
BUY,0.002,500,1775647665,No,0xb7e3d5721d864f4c5220df24170efdfa5695db6c03e500e938ced70687511b49
BUY,0.002,54000,1775647653,No,0xae1f260187406010ddf22a518d689b9090b9881eb9848852d80444aaac3cdafa
BUY,0.002,2500,1775647653,No,0x93821cc6f97680d293632feb47ee1c2ff64945d763546c56702fadc358289c7f
BUY,0.002,1250,1775647635,No,0xd2420b4f61b4c312cbe5af2ad8edac09b91ca7979eade1563e12037a09af7507
BUY,0.002,500,1775647609,No,0xe78d8a122b5ddcdecab5064f7e33e1318270b5a59383a8cdb688971d5886b56b
BUY,0.002,4950,1775647569,No,0x66dd511cebeb8ccb8df14b5ae4abb1969f3c06b23a67d98bba2f3eb25703f4b9
BUY,0.002,500,1775647567,No,0x29eace83341a6ac874a61f030e03ee9b28f6b12bc0df2dd4a31ef06d45f1727b
SELL,0.001,9777.88,1775647515,No,0xb9fa68aff38460b34cb004afb02d6bf92ee425757d42461072a31dab0c3d20f2
BUY,0.002,9500,1775647495,No,0x153cedb660e5c28d1865ddf0a47cb942b6d67a409c5ab9ebcc06f1467e7c3fee
BUY,0.002,10000,1775647479,No,0x6b0f9a6ef5cfb1973b5fd6176299b1d73a1e433384b43056c45386f2ee785893
BUY,0.002,5000,1775647463,No,0x929fd609b9e3f1377d44b41328c4b37e42c02200eb1538a3e24c75a292bf0282
SELL,0.001,500,1775647455,No,0x8cd0c49240cceccc9e112ed389478ddb1a904c5fbf197dee62f5fbf0a734fe4d
BUY,0.002,12955,1775647443,No,0xf4e41c611dab557c1ae974c7785ae5ce8f5339c1c8e2a3344ad85b8296c3f5db
BUY,0.002,500,1775647409,No,0xbc0c35f7cba9f477dc279316eeda04b9c7b516b1e756a5727740c26db47e917d
BUY,0.002,9500,1775647381,No,0x1948eeef652d9e367683b0b50b53284200f9d58f75c7e45f227995b1c1f09293
SELL,0.001,5365,1775647373,No,0x1acd43512441df12e8badd18c6dbcdc978ce517fb797f4fccaaf1516252c6115
BUY,0.002,1000,1775647367,No,0x0ad40a9e3937c60bfaedce9f51972d98cc5e4f006d6a3eb46d423b3f840cd346
BUY,0.002,500,1775647365,No,0x604b2eeb51799d469e8543783b19d01b1073ad215ffc505d671e71e7fde35a9f
SELL,0.998,17.24,1775647313,Yes,0x604c30d60ad526f44939ec258edfcf957636d63239969e9719d350e1f9b8d1c3
BUY,0.002,54575,1775647281,No,0x6c6803825eb796668ea0f0da94531457d700380561af345816ceb3f67b7c6dd1
BUY,0.002,5445,1775647251,No,0xc6f7b276a51f489460844eeccae2fb563020adf2d96417c92c3cfc8ba2e31ba7
BUY,0.002,1000,1775647223,No,0x54eb7929eb29677ca75fb6a0282175273ea7873543c8179a71ebeb74a524e637
BUY,0.002,1000,1775647199,No,0xc581bc3c8152a3cf60407e35dad72ef7443ccb5019031905f93f78087a199bca
BUY,0.002,2750,1775647177,No,0xe98d4c2698a77831a24563e42c965151528e16acffa96c0086280ae1451ae607
SELL,0.998,60.19,1775647163,Yes,0x1b64218d15fd50e2482dbf642f9bf7cdb77e5e97e68e0ffec81f75cb5bba0b88
BUY,0.002,5000,1775647149,No,0x6283036e4290bfc33a17adaf2e143dd2b790e14f88ebd6681b73c0dc443ade67
BUY,0.002,500,1775647125,No,0x194329a3f301a227903528cb923f78cbdcec9827619be2dfc10bee340361d069
BUY,0.002,500,1775647113,No,0x72c1da83db6047a4e0b71e71ff4ccb04f4a2416952e7621b6d949cc4018f5c70
BUY,0.002,500,1775647087,No,0x93584415dad1d4f7a0bfacf53c09fe608bc57dc01d12b9704d9a5e125e0f4d1a
BUY,0.002,50000,1775647077,No,0x5f0414a5a2e3107255bfe7b1abd1d3a92aeb8fdfbc8ecf9ad310e3c46f9b29c8
BUY,0.002,2500,1775647071,No,0x2e07525460d2fcfe6a4d9a32acdb9585d3181ddb77470574f4bafa4abc7a50b7
BUY,0.002,7500,1775646997,No,0x93035229c130182dca4de851be5b2fd4fa104dad5f414b092494e7bc6e553745
BUY,0.002,500,1775646991,No,0x33fe019e68d4e62f1dceb852eb26f57a7bcc06195e88cb076b146a8c41373f30
BUY,0.002,1000,1775646943,No,0x1a7d546b0e196d2ac167d43791290cd948d9a37f84e2a00465e9ffb4ed3a13c8
BUY,0.002,10495,1775646911,No,0x88e8ceea009d5a21ed2ecc745c25aa3d7575339efbf497f045613c62f53898d6
SELL,0.998,2.02,1775646901,Yes,0xfdbc7bb0485f4245bf5ac8096c21d78237d5a8bf717f7b2c8e11f56afca6b5e0
SELL,0.998,1,1775646883,Yes,0x38f0ea76b2011c65b6308fa4119717cbda7639d8c6f0c5739255275e5e1ec9c7
BUY,0.002,8500,1775646847,No,0x6f59cfdc1eb2981f79facb5df6b8bb9239b0f10a8ffc8d5a5d288b18e61d677a
BUY,0.002,2885,1775646823,No,0xe4b2fff784294fd9236575d3fb7152e6160fd98ae106ba1adaf5ec54af176d61
BUY,0.002,15000,1775646823,No,0x6fd3a6ecb4a8f5e0789a754859f4101ff651d50e026b928e0294414dcd798e9a
BUY,0.002,100000,1775646807,No,0x15f3cef91d41e59c269ea90bfd306da6cc40a1eaa3e14dd582458bf9543773d9
BUY,0.002,35000,1775646807,No,0x85c50c947d4f3255c2f944c5342482187daaf733aa596fcd3494b4f8274fdd59
BUY,0.002,50000,1775646783,No,0x41cb1ba3d55483c83b09d35a04dad8e296f2bcf5d8bc13bb6c579e929dd13401
BUY,0.002,4995,1775646779,No,0xc44a99f1213d886e269a886c73c336b3bb482c97c195bf69c2c650b3fed4736d
SELL,0.998,27.27,1775646755,Yes,0x61a4adcbe5fcbb7909be35b5b1a4cae4e05af0fcf5b72bf10ec9cf9ef309f73a
BUY,0.002,500,1775646731,No,0x110d0f8a7a02146d7b54c6f52ccb6804de02c1aa944565cc53420e6057611f45
BUY,0.002,10000,1775646721,No,0xe831e2224e7f9b228ac69d0a2a68cf1334614415afd321e07984b5a6a5e53c0b
BUY,0.002,2500,1775646695,No,0x5167778b14188923cd9f0ea66e9d3f0f506f07bea43587e0cd410b1f2ad94b67
SELL,0.998,1.88,1775646665,Yes,0x6be4e1fe3f93e33e70dd0a8f2350f9b1d560e1043a0a924c10e3371f0a5b2025
BUY,0.002,22500,1775646635,No,0xa47eb182776ce1d2738ee7a91ea6e493d2c5a6cdf0bf5ebf2a032563cc16c770
BUY,0.002,5000,1775646631,No,0x0a3920dab88dc38412a852717e9b4aae295c0284b76addc500e011c17c29a94b
SELL,0.998,183.04,1775646599,Yes,0x6b7880ebba2fb8f86e582a4bdf6c0f3dfde67fbf50c88fe8c46080805e4d7b5f
BUY,0.002,75000,1775646539,No,0x033450fbed61af308013fc8c343d264740671a02b80cce527789ee0dabcaa04a
SELL,0.998,1400,1775646515,Yes,0xc2b9391ad1418082b48263fc690017843389b37eecfd28198dfabd6f7a4ff2fd
BUY,0.002,2500,1775646515,No,0x3011433f8ba51b8d8151ae2eb2ca5b9af160c570cf61e99870077a3656530a4d
BUY,0.999,2434.86,1775646497,Yes,0x0a710161156e10808abf6f3c770ac69e5cde910a480ec96a8ddbb73cfc40afd5
BUY,0.002,1000,1775646493,No,0xa018aa5ab5c8aeaad7eb20c6614c9eba69874a1a606cfca4d1649332cbd6d6bc
BUY,0.002,5000,1775646481,No,0x60e3306e1f6d24ef7381f1b0c1fefc1dbddf460c92cc364e4dcd42a36e771147
BUY,0.002,3730,1775646481,No,0x387cb0bd10358f896b6da77e6c2944e35fff27845c2b0b363c5024e9ced31025
BUY,0.002,1500,1775646477,No,0xe244c41c682ed9e69a131d6bb8b0f85c3bb3ef7e943b8cdcde0abd5999f4d129
BUY,0.002,1000,1775646435,No,0xa14c9e60535ccd3c591d86c7d44e7dd3b7a4cdbf99d1c04c1bbe99d80b515df9
BUY,0.999000000999,2.002002,1775646431,Yes,0x3e1fb2dbeb35bf2c4a052a0b47d94fb7ab47cbcf27eb9a606c14aca97cfba85a
BUY,0.999000000999,2.002002,1775646431,Yes,0xb7c0b9033c6dc7760b4b0855776781700eed5331ca5180f1450dc14ac0e80357
BUY,0.002,498655,1775646427,No,0x364c696ace662a91a926cedba3a98c0a17c383e20639da400e929880e7ba4e8d
BUY,0.999,1400,1775646409,Yes,0x090dbe94fd54fbc4eb57b3d842e06c5c8957be8bcb26c39a5bf538b493094a62
BUY,0.002,27390,1775646399,No,0xb96631e51e7bab48b1e083f2bdd480eac93dbcbd4d0c5431f662e314efe0e400
BUY,0.002,4975,1775646399,No,0x864d2488e45b7e5d579db426331a08656d5dfeb79805e5742185b4261d97dcb4
BUY,0.002,5000,1775646385,No,0xe9adb6df8b34e91c64de1b10f601a1739265ca3cb4a986d12e298afe230c2273
BUY,0.002,7500,1775646367,No,0x412a3535e7b46399bc0965f6fb7b21a573ffc39df4a7ee72694c06c1338e383f
BUY,0.002,5000,1775646365,No,0xe11f64c94fe0e08d0f54f9f1ddce78866bc47620080e1e657f21f304425f6b57
BUY,0.002,5000,1775646337,No,0xf6f00bfd35bf6bfa16463065fc83e908b68e82763f013e7bf425c0d7ef8704e3
SELL,0.998,102.94,1775646333,Yes,0x79baeb7d6e3416c5a89de4033eb2951ee135e658097237ce630115147255c494
SELL,0.998,0.77,1775646327,Yes,0x71f9018a8c6dc023fc1ebc2bf52e220c8fe083d9c03a29950d4c4e12b78201dd
SELL,0.998,7.45,1775646323,Yes,0x69ce75ab2bdb7ba1adbc73aa8b962cf71905b1ba6f2b114c15a2b6d770426b2c
SELL,0.998,2.01,1775646323,Yes,0xbd5b9879d20e58c4a51d01334a0fc9f9b57e8d4e3bf8eadb77a4a09ea7b9eede
SELL,0.998,3000,1775646321,Yes,0x521da4c1a43cc73cc15ae8d8004b4ef925ba35988e0f5f42dfec23a81d11033c
BUY,0.002,11235,1775646297,No,0xf302ab80ab4e3413164aa5e9e1d03cf29cbd915153a2de8ed6e6ecbcd98ddcce
BUY,0.002,11255,1775646291,No,0xf4963cf61fae3a443818fe30315ec63968586ffaafa1fe064128afce5f34d849
BUY,0.002,750,1775646257,No,0x5bd128d9e8946db11f0d6daac0a67a629762b4cae182d50aba87b8f9a3e95a2e
BUY,0.002,500,1775646251,No,0x25dd119bfffd5b3dc3f877ce5fef2b37ea2956bace0cdfb84a5325dcdf13a768
SELL,0.998,2.81,1775646251,Yes,0xc71782acbf3121e9d45382e44b98b55b9dabbb9b1f0b48b621cc34dc6124412c
SELL,0.998,25.26,1775646189,Yes,0xd1c3eff0037571dd0781c246026dbe09fb0baae8f0c9f73525bf15d0da59d6ad
BUY,0.002,5000,1775646187,No,0x7c734991604ae7113db41700ce42768e1def2cb759c34691b18800d1d599bf52
BUY,0.002,2000,1775646173,No,0x20f5263a8b0d9bbce0ff4e3f2e819a48d5215beac56a1027fbdd4ceb5f8f6933
BUY,0.002,5000,1775646143,No,0x41d768a08a3fecf2ef0e00e482291198df5bae485875c52a6c2b5aada607d668
BUY,0.002,6000,1775646135,No,0x5a0a632543652234b99e237599db48506fa69c74c94cedd60e5e3fbb4732f912
BUY,0.002,1000,1775646111,No,0xc1948e091f48774951b6ac6d734165b31a87c793006571abd3bd1b43e2be28b5
BUY,0.002,20000,1775646111,No,0xd78992b74e863c0ee791247abb4dc737dd220ed8aeed676abee639b5afa2bf98
BUY,0.002,100000,1775646101,No,0x84f0950373e2312cec83b9dcf33f64149c1fafca39a301efda951f303b0ac598
BUY,0.002,500,1775646085,No,0xeadb3ebe593dfa89e1946bede87c756c2e4e2e9b592330f03175d87db92e0aee
BUY,0.002,10000,1775646081,No,0x7005f5f564889e82bd035ae42ff23f837dea1cde785670f4fa7e445be02a5c81
BUY,0.002,5420,1775646065,No,0xe2cd162e7f4f4d4683097a9297da6ec10a4c1b3955299a08c5510788c882f1b5
BUY,0.002,2500,1775646061,No,0xd878789364b901c4985d0207f592c3bdba8b9e5561ebf5c8f2b856d54088f74d
BUY,0.002,12495,1775646057,No,0x4d6a646d0863965f03da6e383b8c172a6804870b10455fa0a0089aefc70b8308
BUY,0.002,10000,1775646045,No,0x2cc8cb6d47254950e41a0e1452f85279dfcba678e4dea9ef48bd1b9205c0d645
BUY,0.002,5000,1775646021,No,0xb3144fe647e00a035f1c79640d145702546498fda5a89d2a73be9118e8ac4562
BUY,0.002,10000,1775646011,No,0x62865d54f8435a736160ddac27d5efbf6f74ae44e695f74983d9a3004cf2f9b4
BUY,0.002,4000,1775646009,No,0x793a7ba78da48d4badd1c5c56a6e822c3ac413fdbb290b8e3c615edc9d764dfd
BUY,0.002,500,1775646003,No,0xa2fd8c536512239aa49aca50b98cf60d46485dbe6b8eefe4dec0fc521bb6a0a9
SELL,0.998,603.62,1775645981,Yes,0x9f03227ec4582a42afda6793ea3ec345f1c17a12c1d4453cdf4757c6a50aae26
SELL,0.998,1753.49,1775645979,Yes,0xe5cfa048e16e479e43c01d27c91b3a94495aceca200e9b1425dae295a765621e
BUY,0.002,49900,1775645947,No,0xc2c48684737b4e25d77690fa2ae49d32a04ac90f5570e928fb8f8a01431f8e24
BUY,0.002,10000,1775645943,No,0xe82c8e6e821a7669e84bf17de91da2ee2ddad9133c65e0fb8a9a0372a56a294c
BUY,0.002,500,1775645943,No,0x12ee8eece6c460108cc829b614bd65a87a42574a0ba499ec7af7fbe3c2266af4
BUY,0.002,500,1775645915,No,0xb10067157bacc6aeeb09c6344ecc9dab77bbac11b9dfc27de847d659db8165d4
BUY,0.002,1500,1775645909,No,0x3805d1508ba1b6443392d775562feddc3ecfc91b8179ab571943613d5701a990
BUY,0.002,10000,1775645903,No,0x36f2fab37e47f65ecdaf37ebee85a1ebb8f9f613b0c3249279a9667fdf88eff7
BUY,0.002,5000,1775645897,No,0x15dc80fe97a7e9b0ad2b04b54a3d73a5e62ffbe54b24122b2f6d93ddbcd07529
BUY,0.002,22000,1775645869,No,0xa4c9ffa3de3c867e0be715e55a1169a835e1a92ecdf0c5eae00be79a03850b77
BUY,0.002,530,1775645859,No,0x15dedb3f1db54c38ec24d18aa8ba2ec79d39391e3cd7bcea7d37aa6407b8c66a
BUY,0.002,2500,1775645851,No,0xf16f90bc0f7767fe07a957759e63f3814d47985c91d6e8efb0b7dd900764f2bd
BUY,0.002,50000,1775645817,No,0xd99f21008e4501e9357e53a5ecde16419fc9c0bce7be3e241aa203763fe7c556
BUY,0.002,500,1775645813,No,0x8d9fa0fe90118badb44e4c4322ed553503e3b7704f939fe04bc6bacbdaefe78b
BUY,0.002,500,1775645785,No,0x0e32a8802e1fc8d0e774abf7d3ce405202b5c393370614d7d8d6c191a3b7ca9f
BUY,0.002,4195,1775645759,No,0xe1f824e4896a9c2cb9267b25accabf27b708d9f21935f26a86fa37ce0441599d
SELL,0.998,163.93,1775645747,Yes,0xb32991bdd922712b1e81a0557ea12d24e298421739f179162d483b3a5d2d1be8
BUY,0.002,1000,1775645747,No,0x297badd512e6ba985f513270718c76de0b197cddc3a43a065ec2bb59c365a4c5
BUY,0.002,11065,1775645745,No,0x2e1724b2fa5ab4580d843d403eb6ab8c455436b2f494b1112cd4fa437e0120ff
BUY,0.002,500,1775645745,No,0x86ff74528085c1f352920d6b35062d907e0dcb8eade0f1624874e148640ed693
BUY,0.002,10000,1775645703,No,0x8fed0dac7da195cd6d30a654998e923153b149c8262366379ff854a477f45209
BUY,0.002,2565,1775645697,No,0x16ee98be4f9f2cfb6e9b0a8b707f276b4c516292923bf194f9922f565101abbe
BUY,0.002,950,1775645691,No,0x5e162c78e0f378d0f6271157a35994c789dacbc47d0db9368c6c83861bf62607
BUY,0.002,2560,1775645687,No,0xaf5fc469f2be5bf3bb7ef48339098c3d25337d7cf12357cae7bc831588a4373c
SELL,0.998,10.4,1775645659,Yes,0x5c69e7f3a3a38defa8dcfbc076f772a3f212b9f70cd2b1860746ee08b6cf326a
BUY,0.002,2240,1775645645,No,0x2f906273d6641c07f0960d66509a4f7c16a836d3b38b3b93fa6bc44550763519
SELL,0.001,8029.66,1775645631,No,0x57c7a801e1296f331b7a54c3012de3c8ecfe832006038058e61db1a36fd996d4
BUY,0.002,4995,1775645601,No,0x1325b2e6c18a7ca1815a16edc6dc24e1a1bd999643f1eff1ed7ba76c5aea8675
BUY,0.002,500,1775645565,No,0x2237d902a2bb1f8ebf7c631280e04d0962eed0c200ccb4c4976a2388dd6addbf
BUY,0.002,1200,1775645563,No,0x5d7d624bcf6b233fdfd4ebd527e69c1e195da214839eb567252ad1f73dff3de6
BUY,0.002,500,1775645541,No,0xfc6872779e28549c4b007f3e381a9a16f1a5ddc05ec1733e6d812ca7b3c652ff
BUY,0.002,2500,1775645517,No,0xe128b3e32543c068a7d9f03d78c6ac6c5a3bd71f1cc7cb3fc363dafd9dc1e342
BUY,0.002,1008,1775645493,No,0xb38feeaaf9f402e56cd93b1e3aab2089ef4f5b393d431e94fb2e3d8ea4b4a65d
BUY,0.002,13500,1775645471,No,0xc7aa739b61a45b7e1efc7e596798b3e3d5415819b0b789a80bb90137bf650a38
BUY,0.002,50000,1775645461,No,0x57a4111a2742c43a283a65ab16a214453d1fa75270a6e06ef6a9f5d0a0b5d8df
BUY,0.002,2000,1775645457,No,0x3c4580a01e0a0fa46fe4559202029136c6c18d7bddd467cb91638f8ef812b9bb
SELL,0.998,0.05,1775645431,Yes,0xc7378b7a99fee99203afb1bc3a7d8a7698237d8f604a2f50fc690beacc2990b5
SELL,0.998,0.62,1775645431,Yes,0xd4e96393f31a03572f95ec61819c18772c5d98773c4ec8f4fee2656958513806
SELL,0.998,0.05,1775645431,Yes,0xf6cb10a65fbd877fd2ac45e3bb6b2c089e58bfc1543dd3b1936be0f9ade9f1e1
SELL,0.998,145,1775645429,Yes,0xd63bbe31f73a1ad9feac4657e2e0b5bf1768fe2991e25a83f9c66185f6b1a293
BUY,0.002,5004,1775645429,No,0x931e842032300fd2dbaff9301c687c99ba517c2b334a4bed20521c95034bf784
BUY,0.002,500,1775645415,No,0x75f9e823aa0ccb25d125c8dc266bf4bacfeb89b1ef40f6abe39b4c7c79662f21
BUY,0.002,10000,1775645411,No,0xab9d9dadb119415f5638eb28c389de86fcf9b9b725e6939fe0ceee7cb492aa35
BUY,0.002,23000,1775645401,No,0xd0f70efa6644bd0a3fc651c70f8f5e09d7753246564a49671b4a27e4b3abf624
BUY,0.002,1000,1775645381,No,0x96e525c52cdb6d63a1b07194ba452dd202c028552485447394ae82c16e8b9571
BUY,0.002,500,1775645377,No,0x92594e162d53863927cf69c302cf3fa0b01985329168737727d8f67e91508558
SELL,0.001,500,1775645375,No,0x95bf42fccbd347fa2f847022af34617c26aeb39f036f93c55d0d17da7afb5c17
SELL,0.001,1166.66,1775645355,No,0x46fabaff0834b5f38efddb94bf5d739e23a658483d4fd48a836bd163ffac78e9
BUY,0.002,25000,1775645355,No,0xa8477d84dca99a5fb43641294ffca1a43fc9d0a022609a7a211b04b4b1461c08
BUY,0.002,2500,1775645309,No,0xdd7645ff554cf52dfb60eb3bb004dae4541a6ebb741478ea92cf8aa05b869a13
SELL,0.001,1133.91,1775645269,No,0x981d95e8d9a5a831ca7a00a0d4ff1510f194957f1ed2eaa14427efd0a0fa7911
SELL,0.998,5.01,1775645245,Yes,0xb56c6873d250e1ec3967727165c2562d85aef8bf0784df498f5e63478e8e38a6
BUY,0.002,5000,1775645237,No,0x3705ff8523accdbd0b8b741c180b05c958c7e9ffb2cf6bf6e3a124cfbf513b57
BUY,0.002,1500,1775645191,No,0xb3e90ac3f82428132a2786d83870d4f3865742e9bfb1f10d6d7eb02ef52b42be
BUY,0.002,500,1775645175,No,0xa0bf82f2dd894b0886fc56503fa78bf88c18ebe382fbafd9e7206ea7fe971ab6
BUY,0.002,1500,1775645105,No,0xb8c795c27fa57051830f28b3399560aea92697c3b3c3e7bfffc128a37bde6bae
BUY,0.002,12785,1775645099,No,0x589df18e162c68ef10edcd32530c8f1628d4be8a1f1186cfbed0e7c9131f251e
BUY,0.002,1500,1775645089,No,0xe58c93c7036e9ba3c88f82fddebec1dc228d1cfe8a3a98c0934d44cd75f0fa6e
BUY,0.002,5000,1775645073,No,0x1e91aee90a6fcde71c061d0d8177393578f7f34d1a4d29314b6a449902ca6ef5
SELL,0.998,4000,1775645059,Yes,0xfa6362e9ea77e7f9a6f1d9c4b0198e5a77978652c3e514f6110b32b42581779b
BUY,0.002,1000,1775645023,No,0xe2bbcb472b4943f953cb680709e40bf99ee7251c4ea899bfec52a89f5af88d9f
BUY,0.002,2000,1775644993,No,0x3904ec9f66db4dff30cb7a6144cd687cb8b9a2caafe5678c859e29a0b5b74e95
BUY,0.002,1500,1775644991,No,0x47d85a1ec80309d5528ad2b239b6031bada88a39823bd075a65d02ae357a0e88
BUY,0.002,12490,1775644987,No,0x127bb0f5d9b0b8d3fe87eafb022eaef68c76bf5a9acfead7a753fe8081384fc5
SELL,0.998,261,1775644927,Yes,0x2c6ae28a1d17452313c4132747efac541e9c9a421935a65780e5196aee391f2f
SELL,0.998,1.11,1775644927,Yes,0x40c23c834584e897149f3783bd9ad583ee06a009b7ab684518c88e6bb28fc78a
SELL,0.998,0.1,1775644927,Yes,0x77917602bcf72afec95127a70c457414eec69a5c3049da3608b1337d70bb0de7
SELL,0.998,0.1,1775644927,Yes,0x57002c5b1d39a0931b0ca191f31ce8540f98baac028beed6e51e1076d7656163
SELL,0.998,14.92,1775644905,Yes,0xbe72607b9918870071a567d190192557c0a6edf6797ff5ef7b7efd4098a1662f
BUY,0.002,10000,1775644899,No,0x6783a2625c6fbcdbb09f16fcb92e347d131173fdb9ebfc4a58d7add6ec527535
SELL,0.998,3.27,1775644833,Yes,0xa79a2b7b104daae7b53ebc9272849b8b47ea6762c62361277268e44d2c4aec96
BUY,0.002,3000,1775644785,No,0x2bb5c5b9077a545cd21ac07f1594c6c15b7aaf7828caf9cef08b8e00d468cee2
BUY,0.002,15000,1775644767,No,0x7f736a49a77da82694c0136c26675232dc65bfde8affb422cabd4407a8fc48bb
BUY,0.002,5000,1775644733,No,0x84b832e1c982fc83552a6569b886eb2a7111e6f7b23cbe00edcc48b5c4c0e55e
BUY,0.002,500,1775644695,No,0x92693a71ea231075d191348ee4282ab28a5d37a28762ac213663355cc9a901f5
BUY,0.002,4200,1775644691,No,0x092407be46d613b63d423c2a7bf8dbc4baf8edef9ee94c851ba6c870149c07a3
BUY,0.999,1000,1775644649,Yes,0x233cc5888c2c44ddaa696d3b1adbfff181efe1a819d1c2428175543085053bfc
BUY,0.002,20000,1775644635,No,0x50e354f54a3b50865249ae936b3f497c5461fe653d45efb0bd5aed1d545be7bc
BUY,0.002,3730,1775644633,No,0x0909915fa6cef2c39e4d3b25f9d119eae47c93b04bfcec06f74497ffec3747f4
BUY,0.002,500,1775644611,No,0xb645293c65a9fb8e30079be8dd74292e2b3716d6667c591052f38f42d5b81644
BUY,0.002,100000,1775644603,No,0xdeb314cf15438a2847d9598ce9de8ddfa795d1d8b1040d74f800b672273beea4
BUY,0.002,50000,1775644595,No,0xdcac423f6734d794265836f44e7aa88da09043fad5f7f851d1a56b16db584774
BUY,0.002,8525,1775644573,No,0xaed4937f94c5cf7d79312f917d6a1549c257172899315c3f6edc8217859656f2
BUY,0.002,38750,1775644533,No,0xa2a626ba326b9460860bcd883c9396556acd561d11473238db8055872884c2a9
BUY,0.002,500,1775644529,No,0x0984318190564b84c8eeadd52a5a5b658cba58dd6a6c17acf60c8ca159988e7e
BUY,0.002,5000,1775644513,No,0x0c62f0a2556b7e626ef2e242a732c64a4d907a6f9a8d3578678cecbc61d5b895
BUY,0.002,500,1775644457,No,0xf306cb46e6ec8ad4949b59690c24a6445abef10af5f42fd9baf80b7ed28fcf3f
BUY,0.002,2500,1775644455,No,0xbabf9a6d0e7b8eb80f44da5b4aa0a25bab70f1a91a4b460474835eed237d4c84
BUY,0.999,2100,1775644421,Yes,0x1cdb683bcbf940319a90a04ff9d4ee84fcce8af5d399654adf574dcf7dfe7785
SELL,0.998,7.46,1775644421,Yes,0x76e8a6c393b2f8783669a0a5376073b0a4bc951b9c77fbb298783e600d663c2d
BUY,0.002,20000,1775644411,No,0x83d068da6fbc48e2e52b8a6f2c531bf5016532ea6bc170a21b4b3e8f8f3d67a4
SELL,0.998,0.76,1775644397,Yes,0xd57a5f181d5bce4f29b5b115ca062c41d738209eff039ba814f639769f9d55be
BUY,0.002,10000,1775644379,No,0xe6f704d214468113d9e1012242ee44c4970cf1b120035bc80d7d465a8ef24e66
BUY,0.002,1000,1775644375,No,0x2eaed3ea941af8658a170007ef8c496422632d5222ce1d2433d017bec42b3e45
SELL,0.998,53.45,1775644369,Yes,0x89596cf9c9b829a12e4829cf9eac6da626085e01e99b2d593981a270396260a7
BUY,0.002,50000,1775644271,No,0x34b65fe2be0ceea49ad933f7e38fd4ba6fc03fc1880bcfbeb62213778479b9d4
BUY,0.002,7325,1775644271,No,0xeb9f33eab335a6a1c06cf63689bc02e387cc8a7cfe14e5a9a1a8e00397967064
BUY,0.002,900,1775644251,No,0x75cb0719ea55ecee731110e99c90e4ebb5e9227fa2bb1d2eb15587fc001daac6
BUY,0.002,600,1775644245,No,0x10a0947e2e413285cb6de5676399bc0d2be09798e4515efada92e30004316e8f
BUY,0.002,113000,1775644219,No,0xe9a0068f78ee2845450caf67153d61d5f58b24d00a7198a20db558c7385caab1
BUY,0.002,5000,1775644163,No,0xffe29e7119a73cc0f33321bc5dae4f20e2aa0c0ce1a668ac767cd7d14ef097a3
BUY,0.002,4800,1775644123,No,0x99be66ac363a52214ea1b18f144b72f8f9ffee77f9c5de4a247e6a36bee80544
BUY,0.002,4980,1775644119,No,0xc472fd62bdbef03bef9b83483449156d3a7186f6167d61c102a68c91447fbd57
BUY,0.002,7000,1775644115,No,0x05e7215d471e85d4e9dde7a3d211a84d81af456bd2228d7db3f0d43bdbae92c9
BUY,0.002,5000,1775644097,No,0x73fa426583bcb856fd0fef3ae1711d66de698d38f89840e156d2d6eb34cdae66
BUY,0.002,2500,1775644085,No,0x5715d7fa03ba04376f0baae05211bc5f8b8a1c7e2b797780398acdeb5d034be0
BUY,0.002,3600,1775644045,No,0x7d1d2ab20240d3b7a4b286e0e8747a0a81608ded94230a730aa923e0afea2b75
SELL,0.998,162.46,1775643997,Yes,0xea0365554e43b3a551c96324db747ab82d119c32a635d903d3a24de9045c7036
BUY,0.002,1500,1775643969,No,0xe97189e966a1d4b0b82935a6ba787e553fd8dbf533288fb619743e71f073b475
BUY,0.002,20000,1775643965,No,0x16951982f2db5b0f04df78271a033c75cee48901900d1a91d3bf49fd60292791
BUY,0.998999998999002,500.500499,1775643949,Yes,0xab76027ab0a53e455d8793e8f6d3ad0aba9447dcfeaccbf1ffbed54ad9bd99e8
BUY,0.002,1330,1775643945,No,0xa58c5f3aaea485cfdbe34c3c13ce3003541ed69063f0b9e6db9305574103781b
BUY,0.002,50000,1775643911,No,0x76d58b1471de482413ad0378f7b37a5b0b6dc912deb7283295a61d4b45137a08
BUY,0.002,1200,1775643899,No,0x66c3d9c62adc1800b073002a436d25fd76820f7457669008cdb4ae53ab4001ef
BUY,0.002,15000,1775643883,No,0xf191846fc9c62afe0f09e42bd48b46aabbd2777b79378c59ecbc1984a50330bb
BUY,0.002,2445,1775643863,No,0xaf66394f74e8f0b629f82050164d556e8bbc27a4ecd6b67fa69aae2d607ee937
BUY,0.002,25000,1775643863,No,0x7a3730b9ff0db640e084d13d85a496b782fb874156236c94003d3bdbf8d95880
BUY,0.002,12500,1775643799,No,0x1d62e88962e5a8074fa6240eab277d2586a45b44d258d0d2c17a3a152b2db57f
BUY,0.002,4750,1775643777,No,0x6d03962da9615c1b580ddccba3d8987a3c00e7fa5ff4bbe77555dbad3acc7d17
BUY,0.002,1740,1775643749,No,0x0aedcbd4d81d5c4f0064020c01da98d003b2a0e38b73371edebb0071859dc050
BUY,0.002,2500,1775643717,No,0xb6a7d1b06067717cd547dcd651d3910991d8bc84660b5ba7ba78b017f5ed5ed8
BUY,0.002,299185,1775643709,No,0x0541c60f8d3f861b5d43544df32a3b8c3655fa576f43498e571dc401ee5f223b
BUY,0.002,3000,1775643641,No,0xf87da26ce87bd8b68d6b1347966fa56d33ad9d9c2400da216c96824a147fd486
SELL,0.001,5127.5,1775643629,No,0xa44fdf345e1b1813566fb77383155d23d84dc77fce48aa99a59956c29904081f
BUY,0.002,500,1775643617,No,0x3eb0c9b53974a104461b3fcd96ed95f53ca40d0448ca405c26ddf4f1e9f3bb47
SELL,0.998,8.06,1775643521,Yes,0x718cd359fa508c7f013750029024e1c22c37c8aa8c198d598e0beba2ff0082c9
BUY,0.002,750,1775643513,No,0xf17f7d8e6336ac8f7a089d2b2a6b90f541721f6835716fbe5d872abe1ec268bc
BUY,0.002,500,1775643451,No,0xa1fdc30c6232939106cac78f09d59ac9331e605129518e477bfb5ff0def76b48
BUY,0.002,500,1775643449,No,0x6344a9b860ca11a435079eac4f42f8cf35d98998719820e472197de8868df826
BUY,0.002,31325,1775643441,No,0xb586cf630f677a2a37fa2be0a2c918f2440382bce3f52a7abbe6eb96fc04426d
BUY,0.002,2500,1775643439,No,0x7c8b5ce50ae391dc6e02461a0b0d3ac9b94fe2c9bf25b89b248915976a4d5c6c
BUY,0.002,65000,1775643411,No,0xfa1975a0279e1fb70da15b794d5114b85f8f8f204f4c2d7e1fd380dfcf555858
BUY,0.002,10000,1775643405,No,0x0df950c198271d0b1fb310596e95dc0bdd3656bb6e1d62fd66d24154cc7f3c12
BUY,0.002,17000,1775643375,No,0x5fa4be2fd885f6db5d7893786c877ba33dc8fad432fa9a78ae68856f26b62d11
BUY,0.002,5000,1775643369,No,0xec4aa44ab70cba04cbed6abac003ec88efd62fbf3715c03da9cdf068a7e095a5
BUY,0.002,1750,1775643359,No,0x78e5b29071f567b2c4a369e1d381858db8aed7b27044d76763a0b02e94472a1b
BUY,0.002,3000,1775643359,No,0x87f2962587a4b81662257955aed0f86e5d4515abee566e64fb16f07916c2290d
BUY,0.002,176550,1775643339,No,0x37bd3a2130683c9ad63eede567319df0b37edd8a48f1b5860b1d50d626368e81
BUY,0.002,5000,1775643333,No,0x828b0207553fc91a14abeeb536950fbcc8790c650abee9c25a3c640f644bc40d
BUY,0.002,590,1775643319,No,0x5eb0918804fb941712115c25cf3635343dbab4274bdcf0397bf5119a0d3004ca
SELL,0.998,32.78,1775643291,Yes,0xb595dd6d0ae7cc27c64fab41fb299d4472879a6422f7767c25093c2d5484c48e
BUY,0.002,500,1775643291,No,0x8ee39ae9989ef521a2de6f051db5982acceeacc802ffaa1eca944e2e69437d7c
BUY,0.002,19550,1775643255,No,0xdf4577c645ac893c49234eebee4f16f28125f56fecc2d7ca337d7277c45cadc6
BUY,0.002,57575,1775643253,No,0x1e8b16323b50c0ea83bd24edf1332daf3c0f43dc56c2a3a971bc904389818de4
SELL,0.998,9.6,1775643253,Yes,0x8023e8750227342b5bb8e034d8a80d3c4e819ab60d84e4ad385bf03946077120
BUY,0.002,500,1775643209,No,0x335d3c1f280b2870727eb86e3a34e64246a010bdd560bb9cc16ab7acdc3690ff
BUY,0.002,2435,1775643193,No,0xa848a1f9faec67dc69efa0efe4ab42e858b6853ab143d802cf8fada9c60f5daa
BUY,0.002,1000,1775643191,No,0x61d34d008df43de55e28185cb1913503349ae84093f8b2898ea2620aee624c8c
BUY,0.002,2200,1775643157,No,0x7c11eb7e61dacc581868e2f9fae29ca5c7b7d755e70f4f93ae6bc288c332f8b2
BUY,0.002,7935,1775643157,No,0x6097f0ae1671943d0445a594bf738f6cff273a0867dadd0e58f1136f2c0c4b86
BUY,0.002,4330,1775643147,No,0xc47705cecebf6b3d19184c71234573345147acc316e9f7c0f90355b6fd20d142
BUY,0.002,30000,1775643127,No,0x558e78abe5c86c22e24f39f571551d1c0d6ce57699b90531397bef38891fef23
BUY,0.002,50000,1775643111,No,0xd265d05a69949cd185f1aff9d42f6bbbbeb88307ec64c958fd3863203dbb65c8
BUY,0.002,9830,1775643105,No,0xbe28600df02d9acb43e5300312eaedc23dbe4e1c10e54a435071a125518cc481
SELL,0.001,333.33,1775643091,No,0xfcb1eeaceb8634f85cc8a58b8ad3d668f90742454925bcee9cbdea0f3aafd18f
BUY,0.002,75000,1775643083,No,0x4a0b54efa9159c4f78932a7900fc0e6ec8c2418ae2dcbf0f5f1ef905bba9828c
BUY,0.002,100000,1775643071,No,0xd70da075b3bd5a312dc2c54b6bbfdd27f2642b88c04384aa64b89328e611877b
BUY,0.999,900,1775643055,Yes,0x59b39bf979c3eb44f70d362adc70cb378d63a35fd2f780a75095359e2f8843c5
BUY,0.002,5000,1775643049,No,0x12b68bff2b222a03cef638ca614d316573e2adaa57557ef8760111c12525d70e
BUY,0.002,99715,1775643021,No,0xd3c637a1cccb13d8cba7bb12008a3f58748118addf8f4d4895cfdb3f8e50c476
BUY,0.002,355000,1775643003,No,0xb3b5dd85e792ae4289dd68d4a6608857b441878aaf2adee4a1034fc8b205077a
BUY,0.002,500,1775642999,No,0xca78af01faf946e9e60e525f6bf7772c84e49bc3df0392ae1b05a4edf8c7709c
SELL,0.998,339.37,1775642977,Yes,0x07e2d4d155eb112cf46b9e6ed2fbb61060cf995724cac3844a06abbd2208b2a9
BUY,0.002,500,1775642957,No,0x99fc4267e7a1541b8602ea2e6a5be5646a66942229c4d8cf5d4a79e1f5c23327
BUY,0.002,2500,1775642897,No,0xf43cf81836e897dbf0dd694f62dd46562b68c191d4d3f81e23c9992ac79b99d5
BUY,0.002,10000,1775642875,No,0x0503233e815701296b446ad427fa2b468025639e11f7bccca086c78ee7fa0b0d
BUY,0.002,500,1775642873,No,0x9249c41a58ee1e91a73d1ea3619d25de6aba97bfb2ce6af06637e612ee32c154
BUY,0.002,1580,1775642863,No,0x041e342e0a1dc2d94a8cb807e0b3667a0105a4fafd502033a589f5659a205c67
SELL,0.001,8333.33,1775642863,No,0x68b4516e888f4d4676a7d91e4b233bff8f9ad055d3978a452afd5f64a5ef544e
BUY,0.002,5250,1775642833,No,0x89aae487320bf21f14e4f834fb27d22df0eaad4beb1cdcc39ab97143b5f52395
SELL,0.998,790.34,1775642813,Yes,0x9bd52d0e3283903f9262a5ce38cd3e227c404cc91941f444c1c13146110c8455
BUY,0.002,3500,1775642787,No,0x93fd126836a13045e4c30e98521483380ffec57ccda5b079b8db959ba13e4e38
BUY,0.002,1500,1775642779,No,0x47cad8482d83a7e7d3794e5ebf42237d263b6e070997235c39f095a199b6e2a7
BUY,0.002,500,1775642779,No,0x9c48667f0e92c904563e1420204f3afa851c0990bc5fe4f91f0d68ac617b7a6e
BUY,0.002,500,1775642763,No,0x69a39450940010fcf3fe1e93d1c1450390ef934c2452004603db4fddb12d6f44
BUY,0.002,25000,1775642733,No,0x1604a50f972c48ef780796ed41d31ddb32bbda6b88deac6999d2ee9da950bd1b
BUY,0.002,33805,1775642725,No,0xcc35b995fdc3016bb5a80c17c634289a972124027c89c3b3e3e9607110511514
SELL,0.998,1.96,1775642721,Yes,0xe634ed76a5b408ce929ae3d9c34c2e1b93581a96fa305372cac262a6e5d4543a
SELL,0.001,10089.67,1775642707,No,0xc41deb9fe560bfaef52364c5ec1677483b0fb4e73df8539cb72e99a7d0129208
BUY,0.002,150000,1775642707,No,0x5d3762de17f207efec5ba78b4914f6256074754564fb3e1b3b0e07440114040b
SELL,0.998,0.75,1775642687,Yes,0x8978a56d7e71617aad74d268afbef8b4b85b288062501eb2b8d9601e85a254e5
BUY,0.002,2500,1775642685,No,0xc2449a8adac120b806ca4921e56157242f352a7b85a12c33d6ed3d856da0fde1
BUY,0.002,7665,1775642683,No,0x39e6c27c91abf5cec6ef9aabcfe951feab74aa7e6e4867ff02678afc10236211
BUY,0.9989999957927729,115.515514,1775642671,Yes,0x46f362ecee55c4c5cdbde61c577b7705f150abc4537edd73c3cae03d0e45a1cd
BUY,0.002,5000,1775642663,No,0x328a0a15bb551273d6b694f1fc2484eb9e451b480f5da9d32af6cb9d4028d1ac
BUY,0.9989999796122245,1.96196,1775642657,Yes,0x9b8fdb7d7e7abb93112b393555649e4810fbafbf33f3408108c9d3ad23945975
BUY,0.002,10790,1775642649,No,0x9a1528f67f6b988528eb4a9e31e93f461a0cd911e5828f2a03abfb355598f7ef
BUY,0.999000000999,8.008008,1775642585,Yes,0x4c73775c93fe4c52f4ca60815e7e824d10e678eb0bb593d267562e7c362e7276
BUY,0.002,72500,1775642561,No,0x9396bcd59987032f155fe4dae6bc7ed1857c212acc2280582f53948c5e10808c
SELL,0.998,161.29,1775642445,Yes,0x18e1306b0cbfc561aa56dbeeb561832b0963b5f84d745bfc33a5500d8ec91e92
BUY,0.002,2000,1775642437,No,0x9db10a0d13121554a589487fe3f28b62b12c79028dded3ce3c937c1dd377dfd9
BUY,0.002,500,1775642411,No,0xf88ecc3e17ac8fc9df6af9c7b402cf64ff94897dfc88d4f5f218bf2e5526bc91
BUY,0.002,15000,1775642381,No,0xd7e947e835ed89496aa6a569d19e64ff35870da19341ed4d78c93be62e8c0632
BUY,0.002,25750,1775642373,No,0xf9b970d56877e0eaf86b92fede98cc59210ff015f1d40371265abacd77aff51a
SELL,0.998,1.78,1775642353,Yes,0x38666402949388552d45721cb042924bedd2fb2786039ef9dd347dd2811e2e68
SELL,0.001,560,1775642347,No,0xe972d4aab2dc62612a47576180e34ccac0ff98e4169fe7ce79bd7a1e6f0ae271
BUY,0.002,10500,1775642341,No,0x14af13f15b2ed8fd1b8d0a282393e1ac396eb387f39afe6fbe42044e70f582ed
BUY,0.002,14635,1775642341,No,0x84247696fba91f6f68388d099b65d4259f2eab9ad63b04502ad6c7242795c713
BUY,0.002,50000,1775642339,No,0x39ea266f983314379af7e902791759b67721cb1b9b8bf7e700156e4d318e4dbb
BUY,0.002,2000,1775642323,No,0x9df3dff52822d969214f1d147a844654c48c20079c7c589695006beb521b0cd8
BUY,0.002,20000,1775642313,No,0xe325f853472dcacde8659a5f14823580c92b4b4a9d603e08d3283b101e51c16c
BUY,0.002,22395,1775642313,No,0xab4741c0586cfa5002e17ccf8e2a6b08616a6b8bfed3629e7f64cd0377cb48e8
BUY,0.002,4500,1775642295,No,0x5d572dc139e3bccc565f87a1c46590405f61287452595726ce50ccf749b837b5
SELL,0.998,100000,1775642291,Yes,0xeec07f60d54e6d33e93f104e29941ccde443a47c623342c9f578a8437a85688b
BUY,0.999,10411.92,1775642257,Yes,0x472fac5121290f4936f7a22d9c75d352320c15db94e2351374165304bb3f474d
BUY,0.002,5000,1775642249,No,0x4114eccccf9ff16513e265b6b8ff8c2a11471d8f6f6c2c1f21780a28a1341990
BUY,0.002,26800,1775642247,No,0x2e6eca6b66e713084051c8a352f34202ca2fa0e8d95284f3d0dc7aafbb2c696b
BUY,0.002,1000,1775642219,No,0x76ec90fd857ae2ba84c2b202bb64a69b7172f1fad00b52725ba3c6208754cd67
BUY,0.002,115500,1775642219,No,0xc52996e7ecc782119854cdfe003c33da7608bc7f3ea32d64cd42ae8ef8f3f950
BUY,0.002,1495895,1775642205,No,0x69b6c0d5bfeb719f77ae9d03e484605455d0cf87acbd8db7e823142f82989718
BUY,0.002,7495,1775642183,No,0x671dd31bcc5eacd7447ded47a4209055224b51adc87fa533574d95846d58eb37
BUY,0.002,500,1775642165,No,0x2e25b7a48e23eebc89412804e236292688531b0ec0a8139db7c90284dd4ba702
BUY,0.002,12055,1775642145,No,0x087dd9b0cb86c16c37547a52cafafb2b415dbcd2056e9f1096f9469dc4b18de7
BUY,0.999,100,1775642143,Yes,0x6cb45fdded6c00837eebf06aa3d4bbc23cb6dde0a6a74b4290133b7ee0e77537
SELL,0.998,25,1775642141,Yes,0x9fdb2cab3dd848a989e4570e4494421eb9b79f923a9e5a995af91510f4a9ea35
BUY,0.002,950,1775642119,No,0x87a0145de8ac85f4fbc3d39f4a09ff2f3191fc431957d94ab81f8f1e5b19b987
BUY,0.002,500,1775642113,No,0xed4031ef0ca478e49bf73c83ef6dee2d3cf7e983207271649ba67b6a6a827631
BUY,0.002,2500,1775642099,No,0x661aeb1b7e3ad1d7fba3ae8a66f41abede266a54f0b4e3c9e18d60ebe8d7fc04
BUY,0.002,2500,1775642081,No,0x3e5a0a0d8afddc99673cb6bdc86df67e1a0dad8af4f42a5fb8d6589fda50f465
BUY,0.002,5000,1775642037,No,0xee771f390f8e7b5ea21a76f431d8481043f1d2f96e636a859aed247e4918e5bf
BUY,0.002,500,1775642023,No,0x2661dd343920e1e43358c78080e3ba2401dc2c70601d678047a3bc7f0f4996a6
SELL,0.001,1000,1775642021,No,0xadf6d16f70ce446aeba6f321f4c90267ebdf1e7bca61e11ac9654d4f3d0a72c7
BUY,0.002,500,1775642001,No,0x58cd585d1f3aaf012cc4835f29238868c3de89a47b0d82ce6dabd41f03c21f31
BUY,0.002,48000,1775641991,No,0x00a104fdd6ba3dba37df66b3340e359465f2e944da3af60d2243236bcaa2463a
BUY,0.002,1275,1775641983,No,0xefb1eda5349c53dc68f7e96eeec3b90d3ae0ebc50cf498de8e6b4b128ef2f63a
BUY,0.002,500,1775641975,No,0x5c59cc62ffe651665ddbdefd404331a901b71daef0dfb521661135f8a7524509
BUY,0.002,2510,1775641945,No,0xd2c090841eed85bab978956c506e1c144218bff8231bae6b408b2618373fa074
BUY,0.002,25000,1775641939,No,0x5905b0fd725254fce557f91128714e4de2e4c677bf1a032f66a7c7d2e379c76d
SELL,0.001,4500,1775641931,No,0x2054b842ff8be67afd9a9a2a0e166e25863c8d942a6c1730a00bcfaf67b9d781
BUY,0.002,500,1775641929,No,0x4e3b5f26b94cd51a828e12fcbe3d8f81a1308a21d014c320d92b6b849bedc839
BUY,0.002,50000,1775641885,No,0x14ebb1a3369b69a4715663dffd6ce6c92016998a63b93b43fb11c8e328aa1e0c
BUY,0.002,24945,1775641883,No,0x19f9f28f8b395ba3f789bbcc135796bf1c83fe53ebefa0a06a5f5f55dcb5009a
BUY,0.002,7045,1775641877,No,0xaf076238629a22276eb256c1ea2cc917de1a0ca1f463e4434557ed4c4658436e
BUY,0.9989999988284648,46.946945,1775641831,Yes,0x95bd280a280ab1d737a860213d4fb5741661ccca887cb2f7467ad09b56d2cfc0
BUY,0.002,199445,1775641827,No,0xe7c4ff5261f23e52be432bbe7ac8dd1be7b4b7aa28d883f3d0c09b8eea36de70
BUY,0.002,500,1775641807,No,0xf0641ca8459c6e09dcabeb040fccb5a84e389a69cf9eda6dd7c35d17c1297b89
BUY,0.002,500,1775641725,No,0xf1b8e8fa4dbcabb849c3cbb673c8c99fb89d90a7526c97e075cfd3014d5cc0f7
BUY,0.002,500,1775641693,No,0x8efcdcafd0edc4d512de8c4d60e5deba88530a48c4db0339eb011f5dacace318
BUY,0.002,500,1775641685,No,0xbe81477108d7536278b6dd87af2b5aff9261b223b49420c751efac8d6fe35342
BUY,0.002,500,1775641639,No,0x559de862b686529df44ab89d0bf56a8c6da9bca92eae00ec158ddd1de50443dd
SELL,0.998,2.53,1775641637,Yes,0x235ad8359af4260065c36a70fd30b11b773ad14941a4486401b37534bc03efd8
BUY,0.002,14965,1775641603,No,0x9c56d096f16bece86134d7e37b68d17c1d5caa77fe63cc74423afb5fa8b3152e
SELL,0.998,332.33,1775641555,Yes,0x4c4f582eeb5e3df0894dc6202c6aa8c13bd413347f9f420d030d6e874c7e3a1e
SELL,0.998,199.84,1775641547,Yes,0x14bd076a58fafa256191b7f4dd85119ee2802d533576c294ae61dddc54cd04bf
BUY,0.9989999979869548,332.332331,1775641545,Yes,0x9f329455e80b726535a5c79aa589dc1e9d8c85dfb9b5b84e6db8812786373d24
SELL,0.998,42.25,1775641539,Yes,0x15b00bd038eb17cbf3c776f28668361ddaab3375a915912118bd2fcf18211f10
BUY,0.002,2500,1775641527,No,0x75ed48406e5b5e2a789da6071bb7e61dd362f817fef6d485a7bda97519d7b5b0
BUY,0.002,5000,1775641527,No,0x3b6ba0188865b12a7249da1aecb322e000dc7e97d2276830563615bf8648a940
SELL,0.998,15.02,1775641475,Yes,0x859f88a11b9de13fa451f77c84ce8bfb0a4468aa00b5c7a86d9c2c0dc6f0b92f
SELL,0.001,625,1775641467,No,0x330d54dc5634c7324188089e569d5d583e91d7d9e98deab40ea43b18adef3161
BUY,0.002,5000,1775641459,No,0x2e54cbe19e11daf333984ae236c9f245fdfae8bf3869fe2fdc4238e9f41108ff
BUY,0.002,1250,1775641445,No,0x8149d994c290a3971dba143deab807e0884fd11d84834d4a314ac5805672964a
SELL,0.998,237.12,1775641437,Yes,0x77c34718e59c981007b65c81b95963b9b0f7a4f2e92a1a9f3918e6c5a8d2bd71
BUY,0.002,2500,1775641409,No,0x5f12669cfe34cbe576b11adbc2ce86472e43c5d5ca13f3090e67f9223687a90d
SELL,0.998,7.91,1775641361,Yes,0x1d4dfb0c5cc55ab6a94da8c9ec6000b4caa6446911460a6a91f1e273b4533779
BUY,0.002,5000,1775641323,No,0xd1238acca05c3ef27891bdb003a55f0c76bd5613f21e9a099bffab48b4e9d0bb
BUY,0.002,49970,1775641311,No,0x8b6094b6046ce1aa44c2752e2e9035830584d8026b20befdb91e247f4568bffc
BUY,0.999,5000,1775641311,Yes,0xdef09acbb462d6f4f83193370f16fb317d10541ab541c8d3a829842b35d36867
BUY,0.999,270,1775641303,Yes,0x39b0fa73cca36f1713103ee6fca59dffe9784d97ea2039087252c8179acf540e
SELL,0.998,2.17,1775641297,Yes,0xa874f97444738b22d186717a45f87deac969302bf3a7575f95e77c23cb6f6c77
BUY,0.002,1000,1775641291,No,0xc01be258a82c26e7c80dfeefec52934c41520808105cff1bf67b23ef3b10e2b3
SELL,0.001,5.4,1775641283,No,0x8e52367e0c412cd150b2ed41119e52cee2ff05d45b6b203a011fead84232f6c4
BUY,0.002,700,1775641269,No,0x86d5bfadf2e0f104764551e3a6df2025a8279e5468c302aa42deb8eb76deeb8a
BUY,0.002,4920,1775641237,No,0xca0b0b2e8978045eb3629507a0ac9ac36500938cb516e3d07efce187bd1b30de
BUY,0.999,200,1775641235,Yes,0x645a08c037cd8316f2cbd17a836ed260606c3d7e7cb207b450d1fcbeac9773d8
SELL,0.998,2.4,1775641235,Yes,0xce5ad64b435b665f1321e3d942f33cf556de55337d34f46442df46bd40c0103e
SELL,0.998,7000,1775641221,Yes,0xee5a139bdf7f13c552d37d0a9f9625d8ceb5c3e7fe6867846c7e73d7053c95cc
BUY,0.002,260000,1775641205,No,0xcc480393c34509119a1c18b2cfd17f78590628c2d09ed6f4d4b229269fc084ec
BUY,0.002,1000,1775641199,No,0x8c3c5b0f764b4603dcbd67283375f8b8d1b2537f72bc44531409170f42a5f37b
BUY,0.999,144.75,1775641187,Yes,0x1b03a848cc58492433f98144f2b722029669fd46ee308e02f62eb21f4a720415
BUY,0.002,11111,1775641185,No,0x5ab25cd441593c2efeb2e497a5f93dd08b410d0bdf45b7e110ee4e788653aeeb
SELL,0.998,850,1775641179,Yes,0x3404b01d6ea710543bf98add1d8f74daf0d53fc07bbee8d759846a9b94bad19b
BUY,0.002,5000,1775641167,No,0x52739be15bff618c37d1a742c80049d8cc031184ff753b3fc67862939608bd2d
SELL,0.998,28.98,1775641139,Yes,0x39c60664be74757d342d6b537a4c8a7fc1b78bfa736dc55185894ac3b11202c5
BUY,0.999,290,1775641135,Yes,0xfef6b02c841200f024fdf6c3c6d2b253db14bb775d515d594a528bd296dec51a
BUY,0.002,9000,1775641125,No,0x7ee7b5435850cfa8b4a085ef48346cdd23cfc671947539e75686615348898c27
SELL,0.998,21.6,1775641107,Yes,0xae16d4cbf273237776c749639676883757ac210c2151eb529628d046cf81510c
BUY,0.002,500,1775641099,No,0xf51e52f9b5cb62713b4b97dc61adf1829935b86f1bebf017c01269252d074dc9
BUY,0.999,400,1775641089,Yes,0x75b6b064b25ad9ad85e06492f040933e3af66f601721e8b90ba63e8b6e15970b
BUY,0.002,501000,1775641083,No,0xfbbc81824abc722372a571009027afccd0b41936a88c69ab673e9a4c5c778601
BUY,0.002,4920,1775641081,No,0xf54c23155f16dbf48538d237593f3b208dec2f117a686ab379737cba62283164
SELL,0.001,9.89,1775641073,No,0x774369fee34b26b83172f982bd9d9a66e4dd8cf56bbd8afa791ad6f507623505
BUY,0.002,25000,1775641071,No,0x96714d4e1daeb8785e7ff82e75c607a7d059fe5991fb2b495dca7f327e238827
BUY,0.002,2990,1775641071,No,0xeeb5e4cb9c6a801ef65b19c4a6afa83e391a7b9ee93be037510fc15c1bf10076
BUY,0.999,200,1775641057,Yes,0x0288913bc7ef6c49f4b26f92547fcbbf59afc88b75d45d26f64b7d6f45a6b606
BUY,0.002,1000,1775641053,No,0x6b83cce65eac0904fc7d12dcad9bec349302feeeb41699ee02babf3ea5f34688
BUY,0.002,500,1775641053,No,0xd92687d50481421cb21f1ecc7dd798c1a7bf5487e7dcb73426630da9475ae115
BUY,0.002,500,1775641023,No,0x5769fcf04a0fd8d04acb9bc2cfb25d9b7e5c51f4928eb60c4bd2081219d986f3
BUY,0.999,301,1775641021,Yes,0x9d912fe08a5cab301cd3639f0b0f45a7848b31f65779de560ebc7a02c02d7ad6
BUY,0.002,51895,1775640991,No,0xf9fbedbb44734ed1857fb5106dec0c689f4ab8f331ba46cda4dc18ef3ee4011c
BUY,0.002,1650,1775640969,No,0x16e733ceab5a817061589d6e5e40e92645810aa58ae6b773329c572e8336bcc6
BUY,0.002,5000,1775640969,No,0xcc6065cbebe71b2d58f2b09269a4915d5693bf2e6f2f486301a7831c3252aabb
BUY,0.002,3500,1775640967,No,0xec2a4e9f61497d8dd3aa5382706736ce83f70f380496353633f8a169b1d0f8dd
BUY,0.999,400,1775640963,Yes,0xe69b6de238a0bcea4ab9ad31b1d354cda04bee0562c3de8ecfcaaea604d7b323
SELL,0.001,1679,1775640941,No,0x3a64ed67c5aa5d3520916e9ead13b0cc94d2d2be337b0df2d20c831b7e25faf8
BUY,0.999,408.33,1775640927,Yes,0x3c32157c55a6fb58cd010911adf890fb4cf998acf7a596527ee42f60f820c705
BUY,0.002,150000,1775640917,No,0x34147cd609cfe766980ee176d8f5f432d1fbd0a6763043514194ca1b2d261707
SELL,0.001,1500,1775640915,No,0xb0ddffd4546f073e99e70c6c2bfd7c95cd5350c35c7d6150afcb70d374a3844e
SELL,0.001,49230,1775640915,No,0xa2492696a5003be62d6a54553768a9e26a9ec6e66fedd455ede40d09311f7ec8
BUY,0.002,19500,1775640885,No,0xbda796414fd93b665d44e731b96fc7ff0b01e92e17abe12c8603e7de4cbf9374
BUY,0.002,5000,1775640875,No,0x0830a7710e56f69f0ac09da4ec35429663f5b00c880a4ddb307b8b45bc200c12
BUY,0.002,13825,1775640871,No,0x0aa749613ba078299da9454bfa247549a9797ac04c5bf67332cc189e39adb5f4
BUY,0.999,603.9,1775640867,Yes,0x659900b9e2de16f0afca753ca3f2a6d01321ebebf84ce36698c33a2fc6d74a34
BUY,0.002,500,1775640839,No,0x03f1ecedaa9bada70289b19a20c87d1198c9f70a8e82ee1505cb7222a26006aa
BUY,0.999,10000,1775640835,Yes,0x8898ae957c08cc269ea16d2803938c408ff53e9a26fa92d99a5ce347be04b270
BUY,0.002,500,1775640821,No,0xffd5aaa4186efccf3c5491e904b9c6edb2d99f044cbf0b7a03e7ee646e64d579
BUY,0.002,501000,1775640819,No,0x52c73422c91f1af27b59da86a3f9de813efd236d1c9c9aecd236266812295188
BUY,0.002,2500,1775640817,No,0xd23baae8546d06136fc486aace15e7a3ee23dc6ed3a03d494f68a198c239b6ef
BUY,0.002,500,1775640813,No,0xbac0bc3b4084a35f195a6330f45f55478d27e1a2689b8ab78a4e2d4ccd695943
BUY,0.002,3500,1775640811,No,0x64c98884595eddcf0dbc6625b5524b6d806d6d04728668627dd6a133df10654b
BUY,0.002,1500,1775640801,No,0x17c8974e29179ff46f297702499eb362a8b35aa59b12ebde15efe322e0f25550
BUY,0.999,576.86,1775640793,Yes,0x108881358362330fa62b9dda311e67363443e618dbd022e67c10d04f97178001
BUY,0.002,8000,1775640761,No,0x85433ca5238510c1947d55cda81f8ed9e319c9dd27dc1eed945a3af647950f87
SELL,0.998,36.92,1775640725,Yes,0x5c18ddfc2547f221f8708fb3f82a1d2d6c5e1c94f0822be9a51b800a4363af32
BUY,0.999,223.5,1775640723,Yes,0x7460840e2e2563984c0b45083455122d6ca67b9298c3879de98fed13dafbade9
BUY,0.002,20000,1775640701,No,0xf7327462bf873520710877e2416da664d66687594315cbe6356ccce00ce0e9d7
BUY,0.999,1087.02,1775640667,Yes,0x6ab58d2aba00f4e11d7852a5989e97421b9f461f9316115ebb72c4ae12f35639
BUY,0.002,66585,1775640655,No,0x82ef5bbb6246d3e39ad60a4a918e368a7877f772bbd5f1e61c79567f292d90a5
BUY,0.002,500,1775640653,No,0x6c83fb60d1214412c329749ebb9404f5588a5978cf303eb49af64ef03238e32c
SELL,0.998,0.17,1775640609,Yes,0x671e3224e5b1de3e9b8756ca3e0265a619d91e8407bbe9b1b1e1f92344f2b0ec
BUY,0.002,5000,1775640603,No,0xbd125ac2bb62d61d84f07276f61aed8ef913fea9a95856728b6059272c58c2f6
BUY,0.999,410,1775640591,Yes,0x98879acc4b3707f1260e52d91f11943a5924ad02d7c0a03fd62a24797f9f34f9
BUY,0.999,1040000,1775640571,Yes,0x46ca90964238d8d6766579fac48a01447c29954ec39cdc3774e4192474042830
SELL,0.001,55.08,1775640527,No,0x0c24a80ef709dd388e58121fc7901c778270e13012ad2aa36188f9aa605259ef
BUY,0.002,1690,1775640525,No,0xe4065ee59f5540d6383bc2fdbb03caa787b2a7fa5126acbb2427f9efefee71e3
BUY,0.998999917665743,12.012011,1775640525,Yes,0xf222fdd11b6aa0b538041f7506be21d03b12ba27b9339efc03599d98484ebfee
BUY,0.002,1000,1775640511,No,0x417acf081d1e32b01eae0282d32b8c203f3324835cbd65bda1316bff60f5c434
SELL,0.998,3.04,1775640509,Yes,0x46526bc171fef35c2e3ed50057c74ae063eeb9232ebfee27eb10cded4f299757
BUY,0.999,500,1775640497,Yes,0x9da09e8eea9f5e7cf810ab15951866bb3641f9e191a0fda5b8696a39a3c574b8
BUY,0.002,10000,1775640495,No,0x7d8f1262b08263194409cfac2c3a017fc0f9e9283222c07466f24fe5c6ef4728
BUY,0.002,2500,1775640473,No,0xc7cdde14af6d908d591e237097121b927dae64d897af2222ee9443b3051fdeeb
BUY,0.002,35000,1775640453,No,0xd969eaaeddee02e34cccad36e556de524e121d8f4cbaf88bc7bb931223469214
BUY,0.999,330,1775640441,Yes,0x75f72aff4f1cb747cc721c5489b3e0ff7e868b20c5f43b0da0862361debc560a
BUY,0.002,500,1775640433,No,0x0eb7a7d263e170f870295330007f3a5f08a8ae824c17c4f2c34509c0a67b9765
BUY,0.002,500,1775640433,No,0x5e0d61fb1cb0bf6bee1e5b6b5cda274a534650fd8807486435d956f84fe95c0c
SELL,0.001,50000,1775640413,No,0xc676d585f51d7f816a12f6280384c3381ddf7e5410e5f4d4452dd6b7ba7e0500
BUY,0.999,402.21,1775640399,Yes,0x0c3c359d484af58ff3621098ab2e2247562f8d56fd29979e37bae177bc068a64
SELL,0.001,278.57,1775640381,No,0x73790221afa2d62b6712b181b49109d6d168ecd2dc35a69b366c016a73ffdcd8
BUY,0.002,3500,1775640367,No,0x0975f2768f88bad82bd01613304f25528051ca500e33ed1f5431b6e9fdd54b67
SELL,0.998,190.65,1775640311,Yes,0x9d07420374f428913a1c661b0f06dee402fe20b859dc9b5ea336bf3c1cea57fa
BUY,0.999,200,1775640311,Yes,0x567c43b83040210d17efb1f8b0b22ea6bfcafac8ec74a6114876323631632b34
BUY,0.002,500,1775640295,No,0xe9635a77612af26be91a73fa2c40ce39dbdaefc5eb6f997874e3ecf6433ea38b
BUY,0.002,2500,1775640289,No,0xeb0acb927e87d912dcead2d28b58a63d684b4374b6ad1bb79475ac1a1cecf022
BUY,0.002,1000,1775640285,No,0xbba9487d73cd761b25fab4ce064a24f7a8ba0e7363245087e28d853da7ad6ded
BUY,0.002,10000,1775640279,No,0x43f662a27cdb0dfdc2c4a8741d2152fc89a4da72abcafc54e2cf70672f58001e
BUY,0.002,15000,1775640279,No,0xb2c96df1af01de9d552a1507f8901893fc511e35be06104057aa8cb2cdd2e484
BUY,0.999,440,1775640209,Yes,0xc4191860292fb2ca8edd6cd66a56b2e4ead3a22ed41090488a41d2450899acf8
SELL,0.998,1.71,1775640191,Yes,0xe94bb9a54e2be1932bd1389d02d139c63bb71af12ee3350cd41937e9bfd8fd34
SELL,0.998,5000,1775640179,Yes,0x0b0bc08ab63f04d1becddc8d52e4b38e2ab96a73ed6e4091f0bb5faf2eaffe94
BUY,0.999,406.8,1775640157,Yes,0x7086e4fbb51332577b17810379771d817ccc48ee814b5c715444820389dae987
BUY,0.002,1670,1775640127,No,0xbf56eb8afd71ca02cc7ab54b6ba9d0ef79dd668269e389d67eccf5f6189359dd
BUY,0.002,478665,1775640113,No,0x16d7c7fe84276a5bad45313f3c664410011b011692a9973513f57e383922c826
BUY,0.002,1000,1775640103,No,0xb1560d7a1632d759947e781b1e716f695a0f0050b459c05213987b2040c90268
BUY,0.999,400,1775640101,Yes,0x3de0da121fc39be506fc3ec7e705540eaefca96e59c485b3bfbda4fb976cc482
BUY,0.002,500,1775640083,No,0x6f2356c6e5bfa5ece2d718900b64c978836a81b8ee02a88ac0a43aa3ec73a20e
BUY,0.999,250,1775640055,Yes,0xb69671e00349edf8a8e3b6294683c038ba9234447e510e0f4691d41c5b4115e3
SELL,0.998,2800,1775640047,Yes,0xd49f52e3150bfb085783d1f585fb81c2cae8ea691beb713b8513bd071ac1d376
SELL,0.998,7643.98,1775639985,Yes,0xf04645ff17c356b9cfff07584f32f992418bbccdb879f7dd741b425b7152f1c2
BUY,0.999,454.13,1775639973,Yes,0x9677c4dcf54485d7ad9e55aae56db2636388bd13a87c5d327cb4938fd02221e7
BUY,0.002,2500,1775639969,No,0xa049e595fba45f9eca8e97f3a4a9d83b69f39339106fa7321985acbb6ffa6c7a
BUY,0.002,2000,1775639963,No,0xf76f668bdfec775c59694b9a1ebcd345df50f32c139a95339d89c52e7483340e
BUY,0.002,2000,1775639953,No,0x70e1ba566f00d90cf6299f54745e9e353729679714c664d9af5e53dd144e0c95
BUY,0.002,2500,1775639949,No,0xd23b4b664a13b9aa0548a1f28c331810dfd205e11a1f6944c4a3d2ce08216080
BUY,0.002,715,1775639941,No,0xe6093ef268f4354f9cbbe8e42942af57c37825e2977c65cb53ea3c16dbd12727
BUY,0.002,25000,1775639933,No,0x97a7be6f4069e25d3cd307d1dc48473ca0f414a30e5dbd9e218fc403c995aced
SELL,0.998,1.63,1775639923,Yes,0xa5b62dbf58233237f51fbb118e2883ce37f8b0cd00b6d2143932e6a9917a26f0
BUY,0.002,3250,1775639913,No,0x7db4b95cda05e56d01303d320daad07fa17995a320f354de4624cac658567d37
BUY,0.999,553.3,1775639911,Yes,0x60a43372cde97e866757ceb6c5920093ed26670ae74b30dd7323b8f85eba3c35
BUY,0.002,500,1775639901,No,0xfa3ef11e84ff84ca894f51cbacf4492b8d3e7de7c3c800583a263a840c090e28
BUY,0.002,5000,1775639873,No,0xdd5f6709fc56d6c97eabcc93c1edb25471e6f75c56c4333680ecb715b66bd9ad
SELL,0.001,168.7,1775639829,No,0x950931f0ff1a9bf8cf6108a64abe73353158f70dfccc848e34da86f38d25d4e1
BUY,0.002,3000,1775639813,No,0xd720bacf92d5c03a1ce403a7b459c90f31f786eaa9802976752544a0db7f5e11
BUY,0.999,402.1,1775639811,Yes,0x27d21b2300db0ddba01e406f8786f72e738c99efff596c8e9f974dc3b2f473e1
SELL,0.001,24333.33,1775639797,No,0x2080aa27b67e23d2825885abaecfe46ef2195b70dc061633326b16b7ebebd6a3
SELL,0.001,58458.33,1775639781,No,0x6dd170da6c806bbfd7d7102dfe3e5f3e3bb398ef0953e2a70fec6d637f729174
BUY,0.999,400,1775639741,Yes,0xfaa7cb52db1b81c96593392ff34a0de43d7ff9cd43c173a4ae1c3c9b193eab95
