side,price,size,timestamp,outcome,tx_hash
BUY,0.001,1000,1748987170,Yes,0xe8a730f52b6661f65e59adfddbd0ac33586d2d4cc5a0040a655575877113cc7e
SELL,0.999,0.31,1748983878,No,0x039ba52756066b7b6ca66179f603abb16916d95f99c34c38897e82666c92a318
SELL,0.999,27.02,1748982498,No,0x6475dbb2d48742d60cf414694ee3f29ff2862574698297ade1deca02f020ba15
SELL,0.999,10000,1748977202,No,0xa095f6d99761cd936f94003767b7c9ca26e725b8b6e55db194dcf606bc65ff2c
SELL,0.999,10000,1748977056,No,0x4e5d0eb89cc9a1584dd8d314cc5a41d6f239e7c814fb0f7e0297550c9cb0fdfa
SELL,0.999,105.57,1748976498,No,0x2a1b0be3f1276ad1159eecdf3ea235a18806e9bb8d4f3c94b39771431378aa8f
SELL,0.999,750.76,1748975712,No,0xaaf761ca2ce392bdf3ed2cda76a4781b26ceb8f7c7b203fadfada125d0d75505
SELL,0.999,1501.5,1748975508,No,0xd2538ae95c63f6c28de06c2563c4bf94a1b07f999fcefaf69be92c5686a76da8
SELL,0.999,5672.36,1748975236,No,0x248eb079b613fbf1e68519d33229b8f021b9648a692bab97406a97af1fdb28a1
SELL,0.999,6006.01,1748975146,No,0x20e41d108e05f95a3f88d84cbf079ac683dc362377463e4e7e783c16db568da9
SELL,0.999,50000,1748973932,No,0xcd5daddc48c999e380826d1c32a89bd02180fd3bead723d8dfd5fd571dbdfd63
SELL,0.999,4000,1748973172,No,0x5df3f43beecd90303b122e1041979543998abe97eb2840aaeb8d6e8801c6bce4
BUY,0.001,1000,1748972508,Yes,0x4ad91f87e5355db560b99fb1df3804e75ec5ef95c3e3e8b7bd27cc5f6e0fdc2e
SELL,0.999,70800.92,1748972442,No,0x8a2b00b9ea0648961e7ac30a4d3bd78b54a508f79df3568fcb4abd6021210110
SELL,0.999,81691.1,1748972058,No,0x68b0ed90ecca7466522a30211d0eea1c081ccd364acdac3232e9c352d10c7f4d
SELL,0.999,1.07,1748971786,No,0xfe56f2e3d4f46447b768e9a860e612d77a96183d73dc2f53bd2baf953ae95d17
BUY,0.001,3330,1748971514,Yes,0x8bc45da30204c1317d5ddf08aa1170d4bd09a3827ffcd5f4eba92f56ca6b3ff5
SELL,0.999,1151.54,1748971348,No,0xd7c6504ac9faa88718cf0db73fd9be26392dc4ff9791ba913aadf40c8d8c6c16
SELL,0.999,42.11,1748971048,No,0xb741d21e2975bdf47469a0a1680eadacd2345ad0491d0735c1226da0799eb14e
SELL,0.999,200,1748970186,No,0xe0a0d2a9e9408ecb42b4e69ff0240f53d5161552a0efb9a1a215f2c23aea9bf2
SELL,0.999,291,1748970136,No,0xcad7e8cc5e16ed3ddaaede5a44e24e74b86e81d85862a386e6add08f17f67b84
SELL,0.999,2500,1748969914,No,0xe688909c9a4bb478cbf76c4bf4c448e411d576e8cbece28a88e1b671c0f526e4
BUY,0.001,60000,1748969850,Yes,0xfe5bd299437d453e1b3aefa36c2940c9f9719de1fb301f1d21f7047033ced2cf
BUY,0.001,36000,1748969728,Yes,0x8a929f98d970e727e6e2c0214d87162dc5ec72b04804d609eb090ca0694b3e6f
BUY,0.001,100000,1748969218,Yes,0xabe99701d79beb860cd8fe4891cf94197e7d54b28dfc57eeb26c1c5cf404d0ea
BUY,0.001,100000,1748969178,Yes,0x0c3ec1d2212fdc53803abd484d0dd33ddbe156bc9336653c1eb0786201617490
SELL,0.999,9333.35,1748968990,No,0xdc972724166d940c43acdf27758a0f7e53ee0f2e2528b5678f1c036c2003d3c9
BUY,0.001,1000,1748968934,Yes,0xda5ebfdab3a9e60ad38a752d809cec4c0ebe04f0dca359721a30731c539feea4
BUY,0.001,7620,1748968904,Yes,0x52c80f241b72edd9f8c4e107534bda595c5bf5cdf32970a54d23de4fa5eea9d0
BUY,0.001,6050.62,1748968826,Yes,0x7aefbf8bd0d3ed8f527223b4be8d0508020d3462e7416854f4ce88c00b0a9748
SELL,0.001,24202.49,1748968826,Yes,0xd2f3faed704bcd4a9d70f71363404bb0c5befe83861e770fd6c82d2b8bc96eac
BUY,0.001,711.75,1748968814,Yes,0x81013df8f4e583b4f181bd434bca879b0811e4775acb03497f84ea9a4d490943
SELL,0.001,288.25,1748968802,Yes,0x563b81647bdc84455b88be8166dcf343479e33306a810b45bd4e865a80deda10
SELL,0.001,42970.95,1748968780,Yes,0xb400cd8f696258b80eb2bcaece41210a43bd2c1e3746a8a8d3e7fd45c8ed2d04
SELL,0.001,220375.74,1748968778,Yes,0xc2c0f5291f307cea32023c1db7852f5bde964c5d9b65eeeb71f5bcfd364b0c27
SELL,0.001,46913.24,1748968760,Yes,0xcf5b20de2bd16b5fc67ea92848b9ed258f06c836ea4ab3cecc546a4d78b5e896
SELL,0.001,25042.93,1748968760,Yes,0x53eda61fe4f6241c96d4eeaafe28333b5930c6fe682de93788b7715f60317ade
SELL,0.001,277.77,1748968714,Yes,0xbba01701ab5678cb3ae8bc985a2c200ba772212060ea9495dee576a1c52043f8
SELL,0.001,35493.34,1748968714,Yes,0x5e11845f858e52e9020883c6acf32bec3e01d7d93fd36d5f6862ec4033e60eb1
SELL,0.001,15000,1748968704,Yes,0x0ba57935ae7279cebbbc59998ada6424e138ddf6d4f4960ba6054a6b4b435330
SELL,0.001,2378,1748968692,Yes,0x137e326e2835acb396ce0ad39889efa8b0d1db6b1eea959b42befd555338ca2d
SELL,0.001,78371.72,1748968692,Yes,0xe639f30dd237ac993311fc60c8581bd89814563b525beeac9a3b299ed92fbfaf
SELL,0.001,11090.91,1748968682,Yes,0x96530fe9d9563e540f710cd86379686eff6bddc75f0d569ba125731218eac3c0
SELL,0.001,8379.74,1748968680,Yes,0xd49f14b7a6bbbcc06a9d6f930f9bad29b922e45cdef80a41200a1a8fc9dcf47d
SELL,0.001,13311.75,1748968676,Yes,0xc451ce892c24e80b77789b0d06098bafc0756e27139724ad53f2f90c1a8a95f2
SELL,0.001,40000,1748968674,Yes,0xfc975a38fd8b0a447b4cfa4379f7026d383d786ab513d5e85c98c73a7b44a852
SELL,0.001,2273.05,1748968658,Yes,0x520d7da82a608d7e59a3da8a455561b7f9941e1d3437b3edb944a0074a6d4c69
SELL,0.001,26.37,1748968652,Yes,0xb5531eef3889d609897f6c7a7d56ef08a5cb03f988301fedeeb1e67f1ecf7715
SELL,0.001,48026.21,1748968642,Yes,0x0601c9d56f223cfd95f0674d43d91495d6213c0470912d43a1b7bad9001d856c
SELL,0.001,10908.68,1748968638,Yes,0xab7a78ff6ec2c1f4d6e029c47f8714d80cec8346eb430800efff16030b51573c
SELL,0.001,17183.42,1748968624,Yes,0x5d4250bf1ba9ba7dc766099a8626dda8a27e1094b43f6bb731326884a1acb3ef
SELL,0.001,1000,1748968622,Yes,0x3bab28b04581d99da2a9e481085611cb311f69e7611f6c7eadf4a76e6c451e53
SELL,0.001,559719.16,1748968600,Yes,0x3a0341698ed9fd8a554587b657dfdc86bebecb6470b55cdbb6241d3c09590adb
SELL,0.002,164707.54,1748968570,Yes,0x26091be3ddd05db66656955d509a208e3e36f5fac72cb84dc0550296ca416c58
BUY,0.003,1000,1748968532,Yes,0x2c639dd1f35e7f7a0414a6ae43bed0e8ace1a6dcf5f57c6c8d62ebebaed6f782
SELL,0.002,916.07,1748968492,Yes,0xa477228268f6ec1ae143a74b04942b9e468940db2fa310abd58885a825544a99
SELL,0.002,1277.28,1748968488,Yes,0x5ea47f05123092591d95039ae9da02da355ff8fd9e35ef0317553f915e071b63
SELL,0.002,12700,1748968472,Yes,0x96ce4f1a8eb50232e65aa9e225a29a0c8d8de73c4d8fd2e86108a92df43ddb7d
SELL,0.002,3808.57,1748968464,Yes,0xe2851805ff4ecea244a72c60a323545e36bccc16ff3f4f8415dfd572cbd2ed1f
SELL,0.002,35280,1748968458,Yes,0xd8a24c4fffcb7995ac92e8d93d61b479e4a535fe4ce008731ddf774f42e458f4
SELL,0.002,1315.78,1748968414,Yes,0x4221cdc83740af341e1c0da64efbccdad835dc89957778fffbf4a1fb774fe8b4
SELL,0.997,2499.99,1748968318,No,0xb18ea6adad12a7f627295c9086f4b8c80074a8053c700948d81f53ec08af4a2b
SELL,0.002,10089.28,1748968302,Yes,0xe2d80afa16e247675ecdee81dbec852f4ea6966206dd935fce8480fd8f87e3cb
SELL,0.002,110.48,1748968200,Yes,0x051628be8d239c86e701035c0d8d3b9eab3df0f06c1e2e61de15e12732ab37e0
SELL,0.002,2999.99,1748968126,Yes,0x10c66229545302afadd9ddbcb2ba1c9254b6f6d6ea07daab89cf118acc0e8223
BUY,0.003,40000,1748968126,Yes,0xa1950a665979df3d906f629cfa06e50e34917bd5f01b33df6474c66937486dc3
SELL,0.002,20,1748968112,Yes,0xfe4f5b1eba704459aa7dfea87b28bc9c64fc486cdf5830b8a8d36ca714cdd73c
SELL,0.002,8000,1748968108,Yes,0xe3392f59f20e5a66326dd40c88f4b202ab68ac34257d8135f382bbfc6b5e0fee
BUY,0.003,5000,1748968102,Yes,0xaf96b469f07346acc0c826086d193e179d37a6e746fc4d4620e6dc192112cdf3
SELL,0.001,8798.98,1748968070,Yes,0x8d99e9eb370fb66a2a6147fe1046d5457804f05d2a4249297539029aa4d22c3d
SELL,0.001,2297.41,1748968058,Yes,0xb625ed67b8c060dabc9a15cd2fe2485660b627e72ac45037d8880842a58a0273
SELL,0.998,110261.75,1748968004,No,0x54315d3fa1d2273bd80e34ffbfb3f343f04308f8cf0301187788cc6607a2626f
SELL,0.998,364.25,1748967978,No,0x4d1c55504930081ba7d5710234d286eb832c5f1bac9ef8041b2656bd4eb7bbe3
SELL,0.001,156292.94,1748967956,Yes,0x258e7076d9354c8496af9cd06a36a164a26ad0ff9b3b166c6136fe2cd3c80ef1
SELL,0.001,6015,1748967822,Yes,0x0d36f00e2215d3032a2b0edc1fd03ba8f046d3ece0fe2e5e684218022dbe30d1
BUY,0.002,2813,1748967776,Yes,0xa829ad4b03aa96d4265a8408e9c2cc631f80432a8649896a1eccea395ee4a0b9
SELL,0.0015301202085557539,8373.78,1748967758,Yes,0x878e7fd908bc2068c4e7f9dfc87d21dfed31df9faa1bc3a6c591915e40e69b19
SELL,0.002,8373.78,1748967746,Yes,0x595cce82f92ec2a59726072161184c1ab183d776a509a00a79543c9fdcbf055d
SELL,0.998,2813.15,1748967732,No,0x72761566f13ac13dba69cd7fcbb03060a87ea3f5eaebd5ef3669cf655cc7a360
SELL,0.002,28138.05,1748967730,Yes,0x5d624dc7fc6fe5b12548db953714ad3c216172d616b62045bbe6c2f2eda99929
SELL,0.002,93806.29,1748967708,Yes,0x7ad18dfb5ef845be078960ea07c76a2e71ccaf64875ba843cdd962a967c377a1
SELL,0.002,1500,1748967676,Yes,0x9ec8c1ef3c8241c7a08e384f8ebb9ae2acb607ba11191ac3cf85e3a076c1f6a9
BUY,0.003,5000,1748967672,Yes,0x7e36e25fb1eb64e3bb8d33b694796212850e7b985bc95f3b5c94f106bd2d63cb
SELL,0.002,4542.5,1748967658,Yes,0xb2fb86d387d564537c7bde69f64d859e330091eed2dbaa3290e64965d77437c9
SELL,0.002,2500,1748967622,Yes,0x35c494fd988d46b4798fae46a907c2a9c2c25bd1e2a53034e40f17f45205be3b
SELL,0.002,3000,1748967574,Yes,0x166690ca896da0d1cfbff5caf42bbc3c27e4710561a14ef64363ad4c9326a407
SELL,0.002,15032.85,1748967548,Yes,0x34177d658923a9cce613261c71df6ee8afeaccb88d4b0f564d62f36ad677c9c5
SELL,0.002,8399,1748967510,Yes,0x8887ed4a509a31aca45fc1437c8312b838dd156e846fe70c137e5dbeca7c23ac
SELL,0.002,5792.97,1748967506,Yes,0x8cceacdbfb657eb9ddcb09ba2fd689f3bda41759e50b267289696b4e89d1b358
SELL,0.002,5204.68,1748967502,Yes,0xec5e5088f07abe2dcfbffceba24f3a166866ce46c734606dcd3810d247b05a03
SELL,0.002,29416,1748967486,Yes,0x2d32060586379164f6a1bd20423b8878fcedecc1a79d2b21a12faad2ce6557bc
SELL,0.002,1394,1748967476,Yes,0xf94295e62ee9a8a58a985f0998e6e6a389004b17e7ab8ff309865797340d8764
BUY,0.003,12130,1748967450,Yes,0x7ab059e074a230f97887c66bec2fdb6681c70429c17b96b5009bece7ca70a142
BUY,0.002,125024.98,1748967356,Yes,0xbd0e92bc788a308c77162a0ba00c0ab0c0f277691f194a2782936c883ddcd409
BUY,0.002,25000,1748967346,Yes,0x054968f63e4ba7a6f629d127d760277925253b78a52db4d566c96e3bb710122b
BUY,0.002,25000,1748967338,Yes,0x974ba21893ba052f92e9cf63a5ba88ec4e8ad456c04be24508daaae0010c4e89
SELL,0.998,25000,1748967332,No,0xb320b07fc3cf739eedb52b6948b7f7e60dd7161c31cd18441403d8dccd34673f
SELL,0.001,100,1748967312,Yes,0xdcdbaad8d01bf860bb9e482c4f5d98687df8b0452e5a2692cbfbe56a5430c9cf
SELL,0.001,8645,1748967304,Yes,0x7b76f1285a5fe10ca533a8a735f0115a4114b04135a01bbe407e9278513c5d80
SELL,0.001,3847.66,1748967276,Yes,0x36ad713a6bf2721a2a443034977dbe7b5c21ec2dc622aff613f121005f4a83d4
BUY,0.002,50000,1748967268,Yes,0x9c9748904a73642192b52bc8ee403d80fb01b9dd19ea18e424a42098ee56ecb1
BUY,0.002,500,1748967216,Yes,0xd4029b36604ab33cfa2ba37770902c6277c32ba4b026f00331f8747c85d5a242
SELL,0.998,910.37,1748967212,No,0x552ef9ee8a87c38c50d61bd671b998c514ef6d95e3569ddf7d93e75459230d1e
SELL,0.001,500.05,1748967184,Yes,0xa0092a1f876ab4d2068a723f12a4ba17dc53eea5edb3d6c7ba514cb6d338fc5a
SELL,0.001,17515.02,1748967182,Yes,0x096237cf69823f5d65df46a64031153a65bb3aa6d1fcbce7276805699e9ee8d6
BUY,0.002,50000,1748967108,Yes,0x276c0c1f47a5c0644d328de19bd38a6134e57b3b3fcd4e7487f001926b2ce01b
SELL,0.001,6134.17,1748967084,Yes,0x345eba977bbae6c0dd6bb4b3df5be67147e52ce6c578f4b69e677ddcd38d2553
SELL,0.001,2469.7,1748967060,Yes,0xc0eea7ad76da279d9ac7b6c9f27e17e24a76c3433158c11538a5938eb620a306
SELL,0.001,999.66,1748966998,Yes,0x901d860d08cb62c094caf23eb73b3a34459f27d1e2b027fe86f0c08b6b231b11
BUY,0.002,3500,1748966992,Yes,0xb9e47e029ff748006a510596a986dbadf4151922ad45d8cf13181c7477d7d330
SELL,0.001,150.63,1748966914,Yes,0x18cd5f38505ce402ae4ad4469854aba67bf0f0e305b65cb7c1128f41c1a90451
SELL,0.001,71590.39,1748966912,Yes,0x958c7de4ec8720d376e8c331e0dc2e5afa10ed9e0be18707cd26567cf643b0cb
BUY,0.002,2500,1748966864,Yes,0xab6334366e0460e67e536c7b37104cc920b8e6755c131ce2e54ffedd34ce7edf
BUY,0.002,10908.68,1748966746,Yes,0xc16811f7cd37bb6477c2d99db35a3229590c109a11ab0a6fe2ba984d699501b9
SELL,0.998,1734.8,1748966718,No,0xb782873ff4636419168efb8d720cee2cbe55007411d94231f85b445841a1f03c
SELL,0.001,7070.57,1748966662,Yes,0xc968692050c4975106783b03496ce5b27b74fe7e7e6de3461776bcb7efeb5269
SELL,0.001,5016.64,1748966620,Yes,0x452226abcdfa4efa28ddffa8824f432b0e7f1152aa130e570cb228ebd0463b34
SELL,0.001,597.42,1748966588,Yes,0x4a9797063e74eb91e2219a322db39150a7e475358a4e5318b82c93290042b823
SELL,0.001,10000,1748966550,Yes,0x727d2411cfa11838f0655080a0609ec533de93dec5a5823006f214f62d33359e
BUY,0.002,50000,1748966508,Yes,0xba54aac08b98f3cb6a9d060fead39d91b634b417c911c978d3f4f01e9d99e68f
BUY,0.002,25000,1748966244,Yes,0x2880dad1aedf2c04b517b7c88580e0a7c3a97960e989695c5aedacd7d617dd48
SELL,0.001,2539.68,1748966126,Yes,0x64317a9f80abfea6d0ce767ca13f274fcad409e93dbf216fd2a38ecb9b5432a9
SELL,0.998,1500,1748966120,No,0x6c7fcd4cbd1ba8c9bb5a592734182ec815749a738a2716d37bd29e8dc27f21bb
SELL,0.001,1750,1748965988,Yes,0xfd5192c6a94b8013c581f6820755ad7ea7745ae647b0a59eb8a9290a75953cae
SELL,0.001,10250,1748965988,Yes,0x993a11e545bb37b14f255a4358339af2fe122aea144a4983855526d4f4ac1a23
SELL,0.998,3524,1748965950,No,0xe0d51b8379f6023fc9fae7232100104d96e5b139e839baf9e895b29f5b64fb30
BUY,0.002,10000,1748965914,Yes,0xf51ac840c18af80c6033e9ee43982c240b259310d1b2d72b9ccba39bdf619342
SELL,0.001,1604.89,1748965904,Yes,0x2d2cb272877402043302361f52f8526a864fd8d33c570308be69c08a4c151da3
BUY,0.002,12700,1748965898,Yes,0xa48c73581d32132508062d3526c8c707ae77940eec59e46b9cf9888a062c67dd
SELL,0.001,4604.12,1748965892,Yes,0x7461cd9cdd66c6a6fbbd837e6aedfb0ea506be60a5bb81a9a8585914e8dfd63a
SELL,0.001,12657.87,1748965878,Yes,0x155ad4bb949c12f39c87d45fe2781864d7463ac7a59f794d7acac5e55deb9b8b
SELL,0.001,1994.66,1748965862,Yes,0xe830618abf737b9af6d875d393470b67d030d7eef4457dde9b20bf0f60e47a31
SELL,0.001,550.27,1748965804,Yes,0xb81a8da0ecf5881d5cc1ca4af5290bd4fb907c1d0e24e6ff3c31e63155e79905
SELL,0.001,298.75,1748965802,Yes,0x85e5fc4c86020574c61961ee0bb14f117b7adee0047344c0615a3d0b191e6d85
SELL,0.001,2000,1748965788,Yes,0x01e30c25ac2f396a9094d7d1d099b2e614c3a024918c0712cbba4d6b3a079978
BUY,0.002,1995,1748965576,Yes,0xc945b1dcddfc91a109979178d73807a18f641cbf0dc7707dd5809ca88c6ba0b9
SELL,0.001,994.44,1748965568,Yes,0x0d169d479542ec7abfb9eaa099e69001b6af38957b13f9255c8ffa3cf54610a6
SELL,0.001,4965.36,1748965544,Yes,0x7614aa17c34141704cbe6c0e6edf33dbefd868fd84f6a8c50bb91097cdf589b6
SELL,0.998,5526.85,1748965530,No,0x5feb00f14a67eb23ebde31c57ab3c66b8d84681365791719dbd8778aa450d3a0
SELL,0.001,2439.02,1748965524,Yes,0x325056b61339d84dff2359eed72d9979fd51c6d930a538560b700412382a1cda
BUY,0.002,24700,1748965472,Yes,0x98ca82232505b8f13870d047195153a7871acf651365713f4317fbb74de1fa7c
BUY,0.99899999433234,150.150149,1748965444,No,0x9f76000bc647667bf8bca74698badd62261cc9e5f9375414a41b50325769f723
SELL,0.001,2500,1748965442,Yes,0x8f15768895b83bb9f4f055a25b7a8e4d145c9efe0e487be025720523f5733eca
SELL,0.001,240.97,1748965408,Yes,0x9fb4be8b9d65be355378bc771ea006058f166e7e15a58dcb16d35aecb8604600
SELL,0.001,2195.41,1748965384,Yes,0xb714cdf790210f532417517e47b0dfa034711ab26e8544718bef9e5ec359c89d
SELL,0.001,15,1748965352,Yes,0xdc69d297b2f411cb214bc34d50670fde4dc1aacac90e3110faceb0540c684ba8
SELL,0.001,88215.68,1748965338,Yes,0x33f5599c7d1c650a6f1a65cedfa4c2d554636fb9cf356c28fc952389d78051f9
SELL,0.001,9083.33,1748965312,Yes,0xc93037cc551a634507a0577be7b5fee6e45601342426b232209389a022852e79
BUY,0.002,6015,1748965240,Yes,0x2528683b99f4b28d27300801181c4f61f034ff63552a5d0cd165d9d2e0efc610
BUY,0.002,47500,1748965142,Yes,0xe3940a6f3ed0f69b6bd473c46d4c2e8852ed11d64c9c6b85dcfcd2df070da9fb
SELL,0.001,34000,1748965072,Yes,0xb875bd83503faa6c96c30755e333aaf642fc6c7104f62cd125601ec516b4d6dc
SELL,0.001,111.11,1748965044,Yes,0x231d6dab0e29ec7fe7e4530bec1188d9d4c98f54cef889bd670c7283447b4dd4
SELL,0.001,2800,1748964986,Yes,0xe14b20373ed50d7ff221153995243904bbe977f84d9101a3f12ba828a812410c
SELL,0.001,2080.92,1748964978,Yes,0x22d7797406fe37167dd8970a91384cc8fb74f2cf4dc806f197220cac231c879e
SELL,0.001,5075.93,1748964968,Yes,0xc333c38a1e11e27a50d00adc76f13560a23283ffe3a14129575017add029b8f5
SELL,0.001,1483.92,1748964928,Yes,0xd80961d79fcb0c1432b0e6d5bc3013e116d54be9a26372103e7c7e2fcf103231
SELL,0.001,1483.92,1748964926,Yes,0x5bac62e21ed1aeca5a6e6f8fbb150bdbbccc0eed227649cae88b649fc92f4f9e
BUY,0.999,5555,1748964896,No,0x065ea9d5659f60561fc4426afa096d819a53aaaedfff625a36efc84da8fb48ec
BUY,0.002,2690,1748964870,Yes,0x3d29b48af68ce8d1485da08824bbb516ac14df1bc721d003be1ac61033af2017
BUY,0.002,50000,1748964856,Yes,0xf32e741f6ff6eca8811f5ac570ae60d7792dedc148e092edeeb43441ce183968
BUY,0.002,2500,1748964818,Yes,0xf0306908a0eced20e46494e25203e1ee3286812c095cc3c78f3e232e01445683
SELL,0.998,2089.86,1748964808,No,0x10c887d142771fb6b9b3a61a5a13d2b8e79f49723905e89e3545368b4565825b
SELL,0.001,18172.88,1748964800,Yes,0xf9991525d6a432fa233c8f0c23d8d7f410afdf27e8551b90dea04297b23c5a55
SELL,0.001,14000,1748964748,Yes,0x6ddc1fbffe281860c5b65da9bfd3975d754a9e063373af6b53ffd5f902fd1df9
BUY,0.002,500,1748964648,Yes,0xee3fa01a609afdc3f2805b29f24092e96a5a9354639086e900f9ea1faabb8ca5
SELL,0.998,550,1748964626,No,0xf648d24178513e08b6ed9433e3a44ac6575a66de1ab6dbab5375f0048eceffcf
SELL,0.001,1376.17,1748964612,Yes,0xf573333d234666155e1228cf978d49dc58ef9edac71396a28b2e47043aaea949
SELL,0.001,52649.97,1748964546,Yes,0xbc0d3108d8c86a37259cf4dfd8c015d593283d0182907512887b6193ce63baf4
SELL,0.001,4176.66,1748964528,Yes,0x93d1229e5c19ec96caa673636e4fffef4dbc57c42c6e880733765e24124621a2
SELL,0.001,52378.54,1748964522,Yes,0xf6991d90585136d434eaa1303a89a3c60f614a8e023f8d8d6d8232937ec38a4d
SELL,0.998,10000,1748964520,No,0x4c90f607e1eba1ea6a446b0c64126221641dfcd80b3700c8bf0c82e3d527b3f3
SELL,0.001,3989,1748964496,Yes,0x813b755b38bf0db2670f362342f1fb4f574a34bc349158d1958025d694628ba8
SELL,0.998,600,1748964442,No,0x4084372eaea7c2da55e0846d188f14fa0fa352f4f6524aeefc8309e214bdffd1
SELL,0.998,3300,1748964418,No,0x7f4846af5d361f6a85dcf6b70961a88e4c990304728cf6bc877dfb6abcf11ac8
BUY,0.002,2000,1748964408,Yes,0xa8d0a879980d6bfafc520000d5ea7153d3c9262f8e42179cb4f2973183ccaef9
SELL,0.001,4541.47,1748964350,Yes,0x015391e70e0f8d2033b32ac4c19b93a87a9e9290a5276acecbe81de8ee3237ca
SELL,0.001,6109.13,1748964346,Yes,0x23ba7ca621744224fc22ad29525f7e82aa02770b54a7506d8f45766eca1a71bb
SELL,0.001,18103.33,1748964334,Yes,0x50f6804c70c5a4e6c60b3ad5d7d72e9b0df3a3b6d483900ed20e458700d5e88d
SELL,0.001,1415.42,1748964330,Yes,0xdfd2d64a064dce68cd7281925df3b9c3ac1c6eb914d6bc486c1b5ab051183bf2
SELL,0.001,7153.47,1748964296,Yes,0xb8f1cc8f9577a4505605d7de60e969f9165f6af6bed819d239d0b88cd8f50f8d
SELL,0.001,22673.16,1748964286,Yes,0x67a1ab0a40299f5658542126d586a7d6d752deeab79d7595c4de947aed39375a
BUY,0.002,1000,1748964266,Yes,0xa54f20eb1cba5d6dc2f1f3cf9217dcc0bf6f8898d189263d6e2e7a7735c18398
SELL,0.001,8757.63,1748964252,Yes,0x711e5298f0b6b085d4a694923836544ea13b895fdac37404b81d8e27dac36b2d
BUY,0.002,500,1748964244,Yes,0x713a0d9cdfb6bc5287b89b86defec81f723a42873ba22cb4301d3ee14df868b2
BUY,0.002,16760,1748964212,Yes,0x7ab677e30237568779d2b57689eef1afe4bb9e210a5fc9900875362d786c5f98
BUY,0.002,500,1748964208,Yes,0x2203a937267d73445b2a85fdaf91cbe7c0b2dd7e7cd08f7e578e11226054ae99
SELL,0.001,99550.24,1748964196,Yes,0xda7f56b7b5056626730d6cf1a39d87bc45189292d1378277b9d878d7892fc553
BUY,0.999,6400,1748964174,No,0x133972964fa4fe0f205de54613a6a30c624bc7bf2d5e7fc23bdce56ab43bbd56
BUY,0.999,7655,1748964162,No,0x4cb51e8c02df23be05d282a5fbadf917a643106fe4e186e083a1077a8e4eb983
BUY,0.999,6566,1748964152,No,0xadb1eef3af752ffe4c9ebe15ba80a23aaaa21f80b1f56ff5a9777b22a1cf01e8
SELL,0.001,73672.46,1748964138,Yes,0xa0f53f4903443846e19f65cdab374aa912d13a4d4e2b35bdad6405ef8d2b6b54
SELL,0.001,52270.57,1748964074,Yes,0xcc6bd9ea695ab9e1103e20258ed299612c34b2e85f90f224883c2e3c5caa1bbc
BUY,0.999,400,1748964070,No,0x26812312beef15fc8c1d7754b17fe39e2ab5a699b2574204b27b64975f67b3d4
BUY,0.999,7500,1748964060,No,0xc4cda2457a7d244ae80f6d80c07364a6a5d18ae459eb34f8be5ca998ce61ed0a
SELL,0.001,3172,1748964052,Yes,0x0c4961919ffa86c13359f55a622b0d2629977185c218982316074253f2588e4a
BUY,0.999,7550,1748964050,No,0x84ca383380d7ae0d75081e19b4c7d1e4f9703fb43d76e3d39fe1322b7731f413
BUY,0.999,7988,1748964040,No,0xa27f554ef04ee86f51349ab4c86d44776186dc933a3b249b59fced4c9367871a
SELL,0.001,3988.98,1748964040,Yes,0x7705ac89266b5e930393b70514857f6a8ab0fe767be8b268baeb227517fe73ec
BUY,0.999,8989,1748964034,No,0x3607a05b276c04be02fec1c276822001f9185d8a0643bc36aca8f13910e154f3
SELL,0.001,4000,1748964012,Yes,0x889987f1f146c17120f6623b8df9a934defedd2ccd87fdab98df19fb5eb7a217
BUY,0.002,50000,1748964006,Yes,0xa1eb3bb6fdead97ac81d63c9235dd59ba8ac627bf685691e1519663a0847e144
SELL,0.998,10000,1748963966,No,0x1339c4b3204e7dec1ed29a2ff6516d7da0889db19b99132c1053eea6be6b3910
SELL,0.001,5806.66,1748963938,Yes,0x4ccb35be9fbcc8b3044066b05df49393ffc6e6bb42a60af9e5ba6fee89230c10
BUY,0.002,5000,1748963924,Yes,0xd3b22c73a4acf4f27c9f7da1a20543678129662ad4a35b5a01fd156bedd22d9d
SELL,0.001,5128.21,1748963884,Yes,0x1c108b27094a71c39c561e400387fd6699b2656f7d7629ae06f4e7baaad2132a
SELL,0.001,19578.8,1748963830,Yes,0x39b9d8caa007400bf594ecf3f80ecc2eb6662b917c91f2f01b130e3f3ae9337a
SELL,0.001,2539.68,1748963800,Yes,0x940f07f9dd7dbf73135d3d650cd5764315702e12ecf6d92067e16ffb99da6028
BUY,0.0012079485186836719,82784.985,1748963760,Yes,0x2eb492165fc018257e927610aa1dcd2ecf19edb1094e94eeead77f5f0f34abed
BUY,0.001,45830,1748963750,Yes,0x553ebb4d6add8152f635f7226a6cceed52fd24193631efc8a1741a44ee07fedb
BUY,0.001,100000,1748963746,Yes,0x633c774ff2b51efc5390113188d139f72dfa45c0d129a14e3b3d0d0f2a40babe
SELL,0.999,3000,1748963722,No,0x39f3e0297607c759853182dda393cca5af1855f15dc7328297beeb5ea8ab3b0f
SELL,0.999,3000,1748963712,No,0xcb7bbcbedef69efb0fc027a9f80c7a4795c8792deb6124c0373e5a2e85c20f3f
SELL,0.999,600.01,1748963698,No,0x4bcf6ec814d1219efa23eaf0f397f2080c55bc6a3acfe75f6e0cf846da3a3efd
BUY,0.001,1000,1748963676,Yes,0x03248d7aa79f75f62449c2fbea015a72228fffb2e5629a1ba8a94b1948669be4
SELL,0.001,51750,1748963660,Yes,0x093a2fba59547b7ef6f733567cb197936ba10390d8534b47e9f543395ae60bb9
SELL,0.001,1000,1748963648,Yes,0x3b38e1c4ca120eda1efe2501624be149da6d6fb51d59e7c40d089c7d8cc6d7a5
SELL,0.001,34000,1748963634,Yes,0xad95f874ba17e8f236a36e646b5664013ad74c5d8bfa06c7ab6f3b11ce682c21
SELL,0.998,1.04,1748963630,No,0x9c8d7f2fe0b59b582a069770e4c8959c41b391e8cf921c1f5132ae96b0a66c16
BUY,0.001,10000,1748963560,Yes,0xce97794f28d407ca2e29dde4917d3136a0047e9600c61ca598b1906160f258d3
BUY,0.001,145430.23,1748963502,Yes,0x9e2083b63c083b8132c4e4f67010b11a8b19da9285b77aa665885dbc5c74ec8e
BUY,0.001,5000,1748963500,Yes,0xe3b9ee8e324d3157d75ccd7eb19625b6894cc981572f90cdf0e396679f425634
SELL,0.999,3000,1748963416,No,0x4eabddbf4e30316a0f1c72ba54b0dc5800f9c28fc0e8933f2be6f0cc89c22f08
BUY,0.001,21218.77,1748963332,Yes,0xecdc0cb535d134a0c749710fc22c18ab6c6d171a619a3aa6fe131f0f38c742d6
SELL,0.999,5.05,1748963294,No,0xef39b2c1525473548c125cc23e54aeb052862aaaf630438e1236d5eab507f09d
SELL,0.999,4000,1748963286,No,0xb505abdd3eb1210c1842723afdc982f317bbe1c8ea50d0836917971594b65283
SELL,0.999,137.38,1748963278,No,0x50a6193aeb175720a360f8edc246f58237f763ac723be827f10781dd17b1f796
SELL,0.001,32531.25,1748963242,Yes,0xd29558607bd02a64bb79634d9fa8132a560ac4bf00b823086b7f7735f7c1a8a7
SELL,0.001,1747.82,1748963218,Yes,0xf54308d20b3085c70213abc9456151f68ba36435cf39387b8a3c2e9d45b94942
SELL,0.001,200,1748963216,Yes,0xce823dbd2c435ea8a2db62c13db6fd49328656b3069e4c542d16e2b9d3ca1bae
SELL,0.001,1835.74,1748963138,Yes,0xf605c2f5f23e995520f6de311b4bd7bc9b13f64ee6771293aa7e3f79a3abef01
BUY,0.002,3300,1748963114,Yes,0xf74ef4daacbe5fb1ca3570c30304106c829be2346c673ce623f51db76a043af2
SELL,0.998,2000,1748963106,No,0xee7ca54eff413454572d553e0a4997e733ee7793697750cd0ddbf0409ac71617
SELL,0.998,2.92,1748963072,No,0x473818587339975773549eb53376b817ec11f4c7e132d8b787c56b70faaca40a
BUY,0.001,80717.57,1748963040,Yes,0x61a4344612b099e02e4ef61f5dc55aeac9d7be9b2c29bfbe8fdec00f476da04b
SELL,0.999,47549.99,1748963022,No,0x78ccfc89d6fde18309d1dec0bcbda78952a22c6f2bf2f5ec30991eeac2ebfb0c
BUY,0.001,15000,1748962932,Yes,0x087d122a0ab7f47ea20da797041b7aa272cc47ee8583e19047e73dcd075db9c1
SELL,0.999,3165.59,1748962916,No,0xeb1f0419e8f32bb6b341992820a48a314abbd643afde8770f901a77f89095e33
BUY,0.001,4000,1748962894,Yes,0xdb0991051d1e207c498142964d654bc2a13402f3669810c4b00a7fbc14d26ea7
BUY,0.001,1000,1748962870,Yes,0xef8207fe7c6eab8a663db9219b0b974f098621e634895870624df73018dc78e8
BUY,0.001,1000,1748962790,Yes,0x3507967cb58d8bf25df8ad487293b2503bf66517bcbc86ab53912e63b6627696
SELL,0.999,3165.58,1748962784,No,0xb95bd77702f22a34616163aad372d6a69b297ff4b3c081d4663235dd801814ea
SELL,0.999,50000,1748962754,No,0xf4f6f6fe4097c4907b0b3451afde9ce62c75eb48a0ff86cfd1ef0bf87b34abdc
BUY,0.001,105210.75,1748962734,Yes,0xababe820af9fb5deeba08566eab3a09997057ca866ca80b3eb6dafa21b7de4c2
BUY,0.001,50478.93,1748962706,Yes,0x648aae71364d059e74b555b510a4eed2bc57fc5bbe37e9f472543c41947f0e3f
BUY,0.001,1346.75,1748962696,Yes,0x4e652c381494a8336424bda5a7a60fbf08dbb4d45775c7a186facd95d812a676
SELL,0.999,87586.21,1748962678,No,0x62d62cd5a7a967555643281493ffde4c459dfcbe87aada26c6f4b4dd20043d03
BUY,0.001,14250,1748962674,Yes,0x86f7e5468ddbb536c4e3cfbe82a7ee37f6fe4cdc3b06a5e135f0ce634cfab0e2
BUY,0.001,285360,1748962650,Yes,0x05d5a260786ee43e142d465ddf6658f3b1801493b33de8347278bf32e862fa87
BUY,0.001,8570,1748962626,Yes,0x94beb065cc324c80fcbc8f9bf6e927348612bb870d0099cfd99c6214d1646ab6
BUY,0.001,1000,1748962600,Yes,0x7873b8dc823628d06f1ae23d2c6cac698146a7bc8440845cccd2ba8ee6a232e8
SELL,0.999,5000,1748962578,No,0xcadac9658d0eea0e93c4c8d8cf1d4c64fd172d1ec7ef2e4b71a72c34b45fc25c
SELL,0.999,500,1748962556,No,0x52209f255a241cbf26f18d74921c72e1051f4061a0fd7780ad804b17d1d1b6f8
BUY,0.001,5804.85,1748962548,Yes,0x158aa124375b01d882cc1010e98fe319f1df524c959f035b31d55a8d30025465
BUY,0.999,41958.08,1748962548,No,0xe65a2a9bbae956223c8b56c0068a9c5243bdc1dbaa29eba9b33538ed77cbe884
SELL,0.001,2411.76,1748962546,Yes,0x3096ab09f9c1b6799c30c1de4f34a4f38dafa3f9a8795886b00b9c5b8a05e139
SELL,0.001,6000,1748962538,Yes,0xe2cce24a006a197c9808b8d294c953c61b16aadd03f377b078ecc10740e24372
SELL,0.001,8000,1748962536,Yes,0xd4d85c6a7e4437c47df481894af84c4cce883623d638c1c711cc4764b7c8ef0e
SELL,0.001,42974.45,1748962530,Yes,0xf825d8b23de9edec35ecf5d409bf7d8461477ca2d7f534c1fc168da32782e62e
SELL,0.001,2411.76,1748962528,Yes,0x6e83b77681a8875e6c4b2c68893741b0d5350ae52d17ff2b43d5ef4f6d0b0060
SELL,0.998,67.83,1748962498,No,0xe093b04e1ea2e91d39eba148f7ead60e5e0ed8f5e896dba146ab9c89d6b55864
SELL,0.001,142974.45,1748962476,Yes,0x472e8f1307de1d811c75e8c41a8ebc92758a5b65e2e22cb7be8fad17c1a7a169
SELL,0.001,5000,1748962474,Yes,0xe8148e4fd88287efc88f6753fdda3f38967048806ebf5293610052db09654c17
SELL,0.001,763.1,1748962422,Yes,0xd58ac26779ebdf863eb95ef917139e2f733fc9a4b354bac8b01ed89243db1f11
SELL,0.001,87189.43,1748962414,Yes,0x4a8be2abcb1fc0b65cbc09435d7b8df2297d6be3442885730c06a45d5f9a8021
SELL,0.001,2967.83,1748962410,Yes,0x4a56d7aa3212e9ffc5fcc91c3743b1d995a8e99c9d0b88a6292cc12a88287488
SELL,0.001,8564.93,1748962388,Yes,0x179eae13eb7a256c23537548533da38718e13e0ec36036075047c8baafe9f5e2
BUY,0.002,2285,1748962374,Yes,0x53ffd8492aa8854e6e5c9253527ae751944e87123c293e3c92b16b8eebed845a
SELL,0.998,150,1748962366,No,0x6a8f13321324a5d154c6e1376b95d4649dfbfafcbabb390c7c10ddacc2fd48cc
SELL,0.001,8432.06,1748962362,Yes,0x8945bcea9faf1c112685a59d0cdebf9f64f4c99e5261f4a6bffe4093bf7e46fe
SELL,0.001,15001,1748962342,Yes,0x3f3e8ca4f77b1b2931514b4477608d11553c999dd2141d4eeb642449f25d5054
SELL,0.001,4570.93,1748962334,Yes,0xeb06222a5a949dd6ee023846d51ca7e46dd6671c858053adfecee5c722def073
SELL,0.001,7070,1748962284,Yes,0x7d9f605f2615a1f2582615bbf1e984347e070836b51de022cc7e2a753fd70e7e
SELL,0.001,13016.19,1748962256,Yes,0x160fe2323c4f88d385c4f071aa7382dcaf6797db511ab9dc88b543083b26c7e6
SELL,0.998,15404.52,1748962248,No,0x84f84f239e7272ad3b00acd94ceb498edc22a1d870f4428a54363aa4283d5929
SELL,0.001,6955.78,1748962242,Yes,0xe77c4c8e7d42c23f1309cbd7a5db6268e2ab325fa9c123fee09cf70ed8e3c909
SELL,0.001,15000,1748962174,Yes,0xfe5f646f9f1ddb96ef8d2c327655478d121ded465f776f58ef59eb868642532e
SELL,0.998,104.71,1748962172,No,0x0310ad0cd27a4bd028665f6b8ac4f3a0a749c4edeb0fe46ab8e282732e979d67
SELL,0.001,1946.31,1748962124,Yes,0x6855a6573284f15b052b54655b055f257dd7af497355ef4a747ee8768c01a9db
BUY,0.002,49500,1748962108,Yes,0x2331db5d2e70c46a41d8fbdc58b4dc76e8ec2f6879f16f0b647cdd902f01dc41
SELL,0.001,3966.73,1748962074,Yes,0xc020497964290c0bdc341cd2da15be8c3593b2acab13194d4243fe6dce60c4e3
BUY,0.002,3240,1748962072,Yes,0xac0768feb5e8e33325c2f2900b004f0018ef0abaea925dfc3f8b228786985f66
SELL,0.001,1200,1748962072,Yes,0x884cd8c88e4121f8a90cee4bf8a0c453848e670c736e2da9d0f3eeea3850301e
SELL,0.001,41832,1748962046,Yes,0x801aafad10e138275702ade53ca6ea2a0668a70604557cecc022d41fd3defff6
BUY,0.002,25000,1748962030,Yes,0x089cb9eea5dc427f1b340d03aa500f653af270fa5c01e215b44cbced67364ed8
SELL,0.001,10000,1748962022,Yes,0x2242f0a155e7edb77aae21636c2afaf1cfd142047d54aafcff44e19f6171a2a1
SELL,0.001,41844.45,1748962018,Yes,0x480e5399eba16a30da5d5338867150ad23ca7a3173fc2558c134f64c5c7e17e8
SELL,0.001,29440.12,1748962008,Yes,0xa5526772b93b66fc64016360c080398069c989e17e97ad879ec9c0473a78248d
SELL,0.001,477723.12,1748962004,Yes,0x0d69fa9779238133cecd4f1c6b2847ba997d6df03d2e1e7a549bc20d25e1e6b0
SELL,0.001,5069.51,1748962002,Yes,0x060717b8b64eac9a4ba6211c640dd6d7c520f4d3363a36e255f05afd5dd2461e
SELL,0.001,9457.53,1748961994,Yes,0xf27c1846a97142ddb7214f71d2b2a79cf6fbf1a2b0e81e8cf913cc4242d4e94e
BUY,0.002,1500,1748961986,Yes,0x4566adff4a06ede3d3ff41545794d8223791b897203ccbb9a6b085eb4eac262b
SELL,0.001,76402.5,1748961984,Yes,0xc9caf2337a9aa4ed5ff303d607726eaee59c968eb632550e6cc8f13e8092bcb9
SELL,0.001,15265.32,1748961962,Yes,0xc33c33e369599b39c800bd033e71d2d9b6f45fe8169021e8e9518ba182d9bba7
SELL,0.001,1160.14,1748961960,Yes,0x4ce6aada8ad7536cf4d0f3cf8524ed1115f17b18eb6c3ba6b8973a2cb857145f
BUY,0.002,1500,1748961936,Yes,0x7ab18edcf2e7c4f0dcdcdc0037eddcf71484297129f4d981992c95ae443f87f6
BUY,0.002,28980,1748961894,Yes,0x52773f9d583c68b63ac5240c44147ee9e3b418df13782d0e0f62a6e66fcd079f
SELL,0.998,10000,1748961868,No,0x5e41668b13e9d1ab6b992857ab4e3c78b1c31dea97aa605a6255c02f405d1f8d
SELL,0.001,65770.8,1748961866,Yes,0xb3791a1a1629b06e47319d30e55345cc3afe96017b3d9e5fb0779e4743118d3e
SELL,0.001,296.29,1748961830,Yes,0x724596cf85da810eb1178ace4ff974337c09337d5d95f082bb9e292c9aa957b1
SELL,0.002,30438.75,1748961816,Yes,0x2884b624cd5ff9bacf65cc041dc71c73706b368347de08c100c337f8385b84da
BUY,0.002,69561.25,1748961810,Yes,0x19dfafae8d44567cd655042872553b5aef42d3b97b9ed91a5b557d2a3139b2bb
SELL,0.001,251259.9,1748961806,Yes,0x86415ae382ded2795799296daa6482fa43630ae547c6ea694dcaf21e1bcce1ed
SELL,0.001,57959.1,1748961800,Yes,0x8133fdc5c3dfd107317572b39bd870cdb1ec029a3aa5cfac5cc50f8665224fa5
SELL,0.001,5846.28,1748961796,Yes,0x8062cdff05c07e789e080f02eed5a3af6417c1fd3bc74d38e02b44e390722b28
SELL,0.001,26641.77,1748961796,Yes,0xae9f9f7468755ebf722ca727f19ea5943630a1e2bc1aaba3f9c43f06aa2e0134
SELL,0.001,1197.38,1748961794,Yes,0x42439831a98575545ee058d2f64d09d1d0ba0781d2191255805d45a27b549d1a
SELL,0.001,2964.18,1748961780,Yes,0x9a86f0b7bb2972b2e3d2189504b2b7cd3cbc57500fe41955499eeecdbfa4aad9
SELL,0.001,2000,1748961776,Yes,0x9a7844b89042a6d2ad85a996bbdcaefa4c9821f7e2358f08a9c7f31f3a5646e8
BUY,0.0030000000001714285,11666.666666,1748961770,Yes,0xf1464325264214b16a70008bd378cd62aa7c563e8c5db329f656332c8ae89cf2
BUY,0.003,1000,1748961768,Yes,0xf1dacfc29187cc8c96fda4113211c5730da637c1eed57be74f78339e11803b07
SELL,0.001,4333.33,1748961758,Yes,0x98f2341e05287b9a6061f548576a663bb7b0ed5a0ba1bad7d3556fdb2ab2784f
BUY,0.0030000000007100592,2816.666666,1748961750,Yes,0xec20d142c9056a3c51df5cfaaa76dc4ecb5c92792c4bb4f01235cdd52f472c3f
BUY,0.998,610,1748961694,No,0x66a3ea4a8d3438b7222726a3caa73513283131a00da6677d9f9f058b6be4be7c
SELL,0.002,11448.16,1748961682,Yes,0x504cc14814351bbff8950d59be4046f5f647dbd76ec22a2b8b1a731b582decdd
BUY,0.003,54992.03,1748961680,Yes,0x608d70d166e900ac7794184dad59f72675000236f0debc6463bed118009a727d
SELL,0.002,6197.77,1748961680,Yes,0x888d9d9a6de940e88f8458fb84eb14fe6ab6a161b9727ca4509685b511784f3f
SELL,0.997,750,1748961660,No,0x45b16668c2176fde20d685480f79a4c50661f0095ea621652d8d8f0faa02597f
BUY,0.003,5000,1748961658,Yes,0x9fe30de414f37a90d4883d4484572cfbdc9fcb2dc8fb3253c04bc4ea074b51fa
SELL,0.002,1153.84,1748961648,Yes,0xf9e0347fc9b034f61d5dbc46f7570f462c0e8b06dcae75560738d029f6dbaad3
SELL,0.002,7596.66,1748961648,Yes,0x27f5092ee47f7197efbfd03caac395586983759906535ad2403735fa10a4d4ad
BUY,0.998,5000,1748961642,No,0xb52e9c009c6f5ba4b3fb52d09bfd84b6f93c3479cccd1c4cd939f74f46d0fd45
SELL,0.002,603.58,1748961642,Yes,0xa04bed3c6b811e04764ff0db749f8b4bb55a35eec22345bdd93166f329a8cee7
BUY,0.003000000003,333.333333,1748961610,Yes,0x2543bf4de185a7245fd056aa8582a7f3adcc70418edb0e30a02fd835f132abbb
SELL,0.002,8014,1748961602,Yes,0x664fb55eef6f321e652bc88a29b54980c09ad573b272e58d1451b3864089e577
SELL,0.997,167.46,1748961596,No,0x00fa6e9b8b47dce77182065156205a4645e482b3d7ce41e9ce03a51095f74d2b
SELL,0.002,13000,1748961596,Yes,0x32d3887ff1398f8e0f6db6c7f0eff7e11878765d210f4f559fbd751946a0889c
SELL,0.002,20000,1748961572,Yes,0xc52ab6364a930465fcb51c8b34f962018f611cab31af00001d321c591a624645
SELL,0.002,54.91,1748961570,Yes,0x7f0e6f597c56b94f3e0ba70575626cb481342896fae4b7c636b028be8391207b
SELL,0.997,1000,1748961568,No,0x437b718fd8bd96e73cdf79d89f5e8742e865af705ad84ad6ef98c3603b898677
SELL,0.002,483.85,1748961564,Yes,0x83ef372f1990db90746a2651e302e4a5725778478441bf49ad8e32ded29281a0
BUY,0.003,11000,1748961562,Yes,0x44286ad80ec13388b828a1de2c3cb32fa3f20ca35e28c667c5be7ca3e3cbdd42
SELL,0.001,92624.2,1748961516,Yes,0x073f7ea9f802902bb7fec9b193bf2ec2d036270b74aa0f77c4eba2efc6d70c91
SELL,0.001,31204.71,1748961488,Yes,0x37f6bc33adb84ee8dfc0c2f5432da956b100f9179f66de42fad4f522ad0a7baa
SELL,0.0017309935923432557,24658,1748961440,Yes,0x9a0a726491ea05d26ecf6cd3df2eecd0b1f00a1c3f604f050eb8599c66f57b5f
SELL,0.002,1656.28,1748961426,Yes,0x066e38b7e3ccbf377c96caed5a9d520c6fd98e41ec6f523981fe78173c689a8c
SELL,0.002,1796.5,1748961420,Yes,0xb1285e7161d794dcc7bb42d8f1fb878b3a05adb167641a3b5a8254aa9d5e1f20
BUY,0.002,50000,1748961398,Yes,0x6efa8d5006dd28aa085ec0e86ce00ca0d335757b93e9d93fcdb43f2769d202a9
SELL,0.002,125447.33,1748961396,Yes,0x4ff2f521e6fb7da714d0cdc49a9b3bb624258b24029d1ddafdd77df3c8e01bcf
SELL,0.002,117289.52,1748961392,Yes,0x14a4bd6122cd72ef9842a4bc411735eaafdee81919c91a8d9b03fcb33dce2cb2
BUY,0.0030000000001537673,6503.333333,1748961358,Yes,0xf51846a63419034513ae6874cdbfd3abc4276f2ddc470a79a1c1737697b780f6
SELL,0.998,65080.3,1748961290,No,0x0d0faf95af61d2f13c8f42ef4bf0b0d90f96623d0df53dcd8906f8d530f3bfb3
BUY,0.002,14925,1748961260,Yes,0x7697f88fbf0c32e38f7430608a3fcf2ee64608077e4b0996182934f32e837a48
SELL,0.001,2941.17,1748961240,Yes,0x96db9475dbffac7ade61bb0b6c7814eb057307c7c9882c55faa893424df0aa35
BUY,0.002,100000,1748961220,Yes,0xd8d0abaaf6c0bb43e8112afc3c9564aa36a519940fee9920e84a3d13998fa752
SELL,0.001,1470,1748961182,Yes,0x2b1baffd47942ea00e5a775912ff3f4f982e200ca788535b8dca9c6bd74dea09
BUY,0.002,100000,1748961172,Yes,0x72829ebabc5ce21537e669e69f2a04f46aca67c3125a7f318acd33f75c41e85b
SELL,0.001,170,1748961130,Yes,0x7732146dcd90b782fe95db1731bb069aa8c8f93e6c123b5755bb34dc907f8898
SELL,0.001,5943.75,1748961088,Yes,0x590d55a018ac2a06e995355bf42088837c31735574e83fd2a503c6ce888861a5
SELL,0.998,25050.05,1748961070,No,0x7a6cc28774a3d37ea02abec2ae1988857073bb7ac99cbb9e8b5723989d56ee46
SELL,0.998,5,1748961068,No,0xcaf1069c0c05610164c33b183b65aa41dfcf47ee9f7a0319116ed00ce4e5fe5f
SELL,0.001,2300,1748961056,Yes,0xc5ff697c00bb3827efc1511ddb4abd7d181629214061575fd893dbba58a8db41
BUY,0.002,4500,1748961042,Yes,0x77a94f8892bf8a61a6b0501e96f236c2af1e9049cd152bf664aa02625d93e0f0
BUY,0.002,500,1748961000,Yes,0x591e2dcd5466d0e84498109aa557ed4dcc104a4cd81f2d20d2c45c7026706946
BUY,0.002,1500,1748960994,Yes,0xb8e3adff1457a10944e27794c0eed45d579d40ae35139d0636e2df47ca2d2c32
BUY,0.998,264.45,1748960978,No,0x3dcea0a98131496a76242c2da2032568c11f09b6206aa266fcdbee37a918f64c
SELL,0.002,6135.55,1748960954,Yes,0x53513b1c867c0e6488a9532c57dd5e863f1ae8016da13cfc8dcdda54fb61a73d
SELL,0.002,12600,1748960940,Yes,0x1e0af219700e08087e86108d5bb1d8891536508c3afdeb64df9c81f0f3030ac2
SELL,0.002,1000,1748960928,Yes,0xbf676b4155bac4e05bbbeacc65d20bf43992ffbeedac10ba3dd98434260d825f
SELL,0.997,6000,1748960906,No,0xdab65b102df3d83b5375925e1d630142a662e12138fc511629a1ad7da8c923b8
SELL,0.001,8476.39,1748960892,Yes,0x971d7af8ff644f59e90e402edc34b2b343ebe4b7530e3ee3bff618708ad50c72
SELL,0.00174999,1000,1748960876,Yes,0xb880aa95295d22b4bafec63aa4898f6dae5bc796d53b61390527ef61c71cacce
BUY,0.00300000000012,16666.666666,1748960866,Yes,0xa5294f2af63f3d008653bfb58d97849185b2a04e2704b5aab090e6aa80373d9a
SELL,0.001061666728333395,8108.1,1748960838,Yes,0x91ab42aca7df7c6416e17bb1d0cda5180e327d95bf0de6e4e58adcdbaf99e1d3
BUY,0.0025756060572980966,38825.813333,1748960816,Yes,0x6ba28321b91c063fd7e53e28205e25c31484c31a18cb1ed4ea0eaf0950268b3c
SELL,0.001,1000,1748960812,Yes,0xd680826c36f328185ee016fb1836f1350066da676c61e3c20a18c1ede7192bf9
SELL,0.998,5000,1748960802,No,0x333a3f0707687842b48f3b50df0a37fcda0d70ae748fdc48fd5f659dccb0baf5
SELL,0.998,5,1748960794,No,0xb203b909677aa067c6f45f1248b940a7a796ae26bfb65f1475955797bfe00765
SELL,0.001,26641.76,1748960792,Yes,0xc9da5630801628da6dd40bd11c5690a7d56440aa7bf23c1b1e7edd5ea7fab67b
SELL,0.001,1000,1748960782,Yes,0x2db44ee83ffa2908cd8d578651afa47f712cfb99e3b7468642fc519db5a782d3
BUY,0.002,5006.48,1748960770,Yes,0x5a2a71e48ef2228275bc0b2909c4320f2f16a1aa0ca77127fcc9a39a83a16a6c
BUY,0.002,5000,1748960770,Yes,0x0ccfab9001a75d748b10f0108b72f4d2f89b534929160ce1d61abe7eecef6259
SELL,0.001,2105.26,1748960768,Yes,0xfc56b34cae5f7540377d92be3dff773dc54710b420d5601210ce7c47b18a741b
SELL,0.998,158457.3,1748960762,No,0xddfb03d7eccb6ebea7dce33ada817f1774a42c0797371f85695502edd4f4680d
SELL,0.001,10.24,1748960750,Yes,0x209900430de69c2032e4d90285efcb2095be02590933e9c3fa4e460cf68abbf2
BUY,0.002,15000,1748960750,Yes,0x787d362f040835040fcf824816e7f07b99471b1a1751dffc9a5d2c0da68ad536
SELL,0.001,1000,1748960750,Yes,0x49cf39d9142e37b430b374765ef1a573ec9af7e6d667abcac1c49a5d5fa5d9a2
SELL,0.001,60456.93,1748960722,Yes,0x8c57a7e273b4cf582389a8b76b7055b24624c47e98b761705c0e18a34cd92c12
SELL,0.001,9709.75,1748960716,Yes,0x6cd98355b8854c8d6983fd1ceda2e7ce0861edf75325ef64d31ac29d55152572
SELL,0.002,84765.5,1748960692,Yes,0x70d68cd3bb826e2f719bbd7859cd7f1c1148b2d9eb39263c229e4d83d4657a65
SELL,0.002,554.9,1748960674,Yes,0x289f45fdce9a50c1497ee585986762cace16d750fe97e2855e60b2ec072a695d
BUY,0.0030000000003,3333.333333,1748960670,Yes,0x98256199b07c9f91ed6c1c91df3805ff0906d0c6123568173b0e63e869bafa05
SELL,0.002,31491.74,1748960670,Yes,0xb74224d083e4b018fec6b644d9b313d44c3ed280105ed2ee48c77a8c4142c6c2
BUY,0.003000000003,333.333333,1748960644,Yes,0xc49cdba4534268992aeff626515f0aa7324e76e31e99a60c9d5bdbd0fc6984a5
BUY,0.998,11.022,1748960624,No,0x87defb8147e7bd23c1ba5f23822ea06b46a39b2eb96353007316a90095fcdac6
BUY,0.0030000000002608695,7666.666666,1748960618,Yes,0x8c2e56e227436716e822e892ffe4810a4f478967b071f6ab563b3d3bb9bc0daf
SELL,0.002,2074.16,1748960594,Yes,0xcc8e6d375324d404468ccb3411a18b6ec16035a1227bace2fb9c8ba7f0f9cf06
BUY,0.0030000000012,1666.666666,1748960576,Yes,0x07741f043afb3e5a391d72a16a971fd778d5c4d29663dc04df8440ba67be2818
SELL,0.002,41988.99,1748960566,Yes,0x683e178c713570e8965cac14eb52edd85713a695759824ac9b39c91fc33b7b08
SELL,0.002,1000,1748960542,Yes,0x8c8c1ad62b08a8e737ae67e4e956f273ba5a1cb67c69d4cc37c5a78b3478b2e2
BUY,0.0030000000003,3333.333333,1748960518,Yes,0xce3d27bd38789bb136cf0fce129bb18bc8137aa8b354d3a5e72f7e967f8147a8
SELL,0.002,41695.24,1748960514,Yes,0xe7f221a5c339bd8a41ab5ccbc2529267c3e485f97c3c3f1c9fe731d5946c3d62
SELL,0.002,571.42,1748960482,Yes,0xac885dfc1389ee287163b9de4157e8a9bf65526c61d7a5665ce9f5997febe64b
SELL,0.002,4000,1748960470,Yes,0xe335e4b68947afe0b352d03187f1f25772bc631a6774de54a0184195d83ac914
SELL,0.002,8184.91,1748960464,Yes,0x8e64626f891738d90a3b1102164d5d2b4700e47097dfb7b4ca1190849023b269
SELL,0.002,19000,1748960464,Yes,0xd71cd908bf58f176b29d347f48eee05b2742af092b938111bc00c91e6fa01da7
BUY,0.003,1000,1748960456,Yes,0xfdf9747e4f852bb727068a2aa831fb37b86c3856a15a2e7ec27a4a4dbecf4408
BUY,0.003,42000,1748960454,Yes,0x40999182a37264dcb289da641a4e358bc0555d0f5725e72e96eb946790557924
SELL,0.002,10000.04,1748960446,Yes,0xa46238646261af122453de439b0373f26715c26ac6b0ee29caf4642bca135ee2
SELL,0.002,77370.06,1748960436,Yes,0x9b52c9c2614383099db03be362797bd88df0a73cf50c7478e5b172b3db9873d6
SELL,0.002,8525.92,1748960424,Yes,0xe1f24becda33323f5e416a8c25d6bf0c6efac616ebe076f1c8483d5ced46d62e
SELL,0.002,167955.98,1748960420,Yes,0xd452904378378c968ac50455cf9f3f0317137856d26c2a64c1f22305991f6a64
SELL,0.002,6034,1748960378,Yes,0x089a0449d109727d2ce6c7ac486c7d7b9c232bb18c10492a7d5cca406c5bd306
SELL,0.002,132097.51,1748960368,Yes,0xf4887beedf5fd1c9630f26ec5fbe9ebf2e848741ce4a8411a32b1887b1bd6050
SELL,0.003,1815.09,1748960330,Yes,0xb56ab79787c64a78f0c7cff9116b953bdce2e54348c12d01e943a4f40f9e9315
BUY,0.997,133176.68,1748960330,No,0xa4ce6ab38e924907f81fa82c55424bc140a781b4c921044b28f05ea5e83ae3f9
SELL,0.003,16666.66,1748960312,Yes,0x8b52256521aed9a2033ebe042de1a9295e635c685e7a6dc0fadb8502f87ed9d0
SELL,0.996,5000,1748960284,No,0xea12ba77c0400181823e4eeaaaad6fd18b9efe45472e0bd7d4681371e269d6e4
BUY,0.004,25000,1748960272,Yes,0x6164ce16c1c242e694f716eabc056cc4dd4e896a294fb83b5dc25ca0de88ecbd
SELL,0.004,145755.49,1748960262,Yes,0x2871d9dfedb21eb6619b4618528befa2c5ee7fc9cd91419ff448e15542213b31
SELL,0.004,388.01,1748960254,Yes,0xb2ff934f9be70f1492025491165cc3fd6842967430cf3d61353b3aa669fc0b3f
SELL,0.995,4000,1748960250,No,0xc9002ddaf09596905e0c35aca21c3b4f593f2ba45f6994ee7a6dbbd12455838c
SELL,0.004,50,1748960246,Yes,0x4df150a1a65a9a2f12df11d84c485da34cc603cda5c3cf0defc046b14472dcc5
BUY,0.005,6034,1748960244,Yes,0x92121633470a225d242c9ab43d5ff5a7e69b876f1a258934f0ca2838393a713c
SELL,0.004,1363.63,1748960212,Yes,0xfac1ca0d8f850578d2c35de204234d1bb97faacf89ab7086e80a6729c1e164fb
SELL,0.004,27879.3,1748960198,Yes,0x5a64f4445d0d429efae01984ee3cb5f1f1ffd1ced519f7c31cb6f9fcca3d484a
SELL,0.005,19148.42,1748960182,Yes,0x5f495d74f42467fb7bc1e6ed0483df230b88eb30755a8065ab73ab36254f71c1
BUY,0.006000000000433526,18453.333332,1748960176,Yes,0xf4495139dac0d70d206831ab670dfe92a36880530ffcb694548749869d38694c
BUY,0.006,12600,1748960172,Yes,0x140b6e4abb07554e7996a88441a22b41c19324d24c44a43d465f0b154e94bb9f
SELL,0.995,2701.58,1748960170,No,0x3317e463cb219b1fcd7364f87f592501a4d341f9ff72c4328e0916b85bbfdd63
SELL,0.004,35.71,1748960148,Yes,0x5a9c1923113ef3f32a30ff567ed6f59032233d9f5d0f012f9291bd70e731cdcd
SELL,0.004,3980,1748960142,Yes,0xa80824c900a3b499bc8d6f64156c03296092d70666aa2dbc4467327a67313730
SELL,0.004,129.06,1748960142,Yes,0x1101014546367e1947c435c14a2ff25be84e147a25cbf2d4681f0db88dfd3a9c
SELL,0.004,25467.5,1748960124,Yes,0xe6d8b02ef58e7885c1ee221863ddf9c231f8234954432c39d3621be25cc5d03a
SELL,0.004,253.33,1748960102,Yes,0xc5a1a65eafe863f865ed6fde9bc915931e2502351b1ac7428f275ef00137c678
SELL,0.004,3534,1748960090,Yes,0x83ce8fef5644bd86e72cc024727aacfa9a47d25793209b29393dc91e9e6f718d
SELL,0.004,1000,1748960088,Yes,0xaf37246ee515d05ee1faa20b53499cdd412d4de32b952b31bebba705c110386f
BUY,0.005,2056,1748960062,Yes,0x2ee27a0305800cbcfa7aa8554fe2d37587c7e655915dd78177ab36f7bb94d1b1
BUY,0.005,31198,1748960058,Yes,0xda52e58fe3c423093afc585777125b62fc9c004aff9e609bd9f1a956e95424a9
SELL,0.004,960,1748960054,Yes,0xb05eed1d94725f7a9c5767a38045274460924805c3bb11e3dc0262d5e816116f
SELL,0.004,10000,1748960046,Yes,0xfea5620c8e8574c433c836230697ff6c12aed0b99a6f4e42cbc4d99f7f1c2e7e
BUY,0.0060000000005091215,15713.333332,1748960022,Yes,0xa2eb6b604dffef96d5731474cc1c707728ad41666db1077deacc02432b24c606
BUY,0.005978057343650616,45573.333332,1748960022,Yes,0x2ecb2619ae757ab87998e34742db97d2c60a99974d74a0b9f5de269160651cb6
SELL,0.004,94183.01,1748959994,Yes,0x837a862fa774e0887d8ae7fd23e16aca2c0a2cff5a78ad9be61cb3ac153f259c
BUY,0.005,168544.1,1748959922,Yes,0x33aef6763775daba9746e207f6ac91d50ac8cae561b5eafbc4c754b057c4075f
BUY,0.005,600,1748959922,Yes,0x6b61f56401897138dcac4d7f2ec2e92dc25e8a1e1841202e3087300556d382ca
BUY,0.005,2000,1748959892,Yes,0x58d27726014f6e64e716bc17237f06eecf72cab578f0e776809866334595de0b
BUY,0.005,19064,1748959864,Yes,0xbc55084f49665d23f77f5f078d3757f9f3d079d217177e575fdd5d0ed610bf7c
BUY,0.005,1000,1748959862,Yes,0x94afa105c508b74c3640725ebfe58f517a56d6267bb35643aaea82e59f6cbf55
BUY,0.005,2000,1748959844,Yes,0xa84e99f7a52bb0ab23a1f3269185af4fa5a584e4dfb610fce0161a0a7808d4ee
SELL,0.995,20.08,1748959820,No,0x9c2390c1c5949f490b318d85211cff799560b844e145520cd16aafbd362ccfed
SELL,0.004,6204.85,1748959820,Yes,0xc05426174d06053d3aab7f0b26753663df6bebb6ce2b3c40af1b8dfb99f2d5b8
BUY,0.005,200,1748959810,Yes,0x32b20858064f969074c820e55eac06d340e80bd9335adfb2b4680b864022a8e9
SELL,0.004,14144.84,1748959750,Yes,0x9b544b7fd270f264a9d1ac7057934bbae1936723ad8aa568806f21096a40255f
SELL,0.995,5000,1748959748,No,0xffcc7715a89ad869d823306f7773ad4382ae2a439b3093eb464f570160ff5454
BUY,0.005,1918,1748959722,Yes,0xee1f151268b7a574e1a6609733a987a6e425a25ea1e265b465da4bbb2572b165
BUY,0.005,15266,1748959702,Yes,0x6de530b0c0d920e471841bbc70a0a6f3fcdb61c08a530692bf9c89fc868c4527
SELL,0.004,7057.41,1748959668,Yes,0x8eb137ada76d9e4810d1cd49924c59f3b051379aa7f8a41b5e1601cfc1941b5d
BUY,0.0060000000006,16666.666665,1748959666,Yes,0xd8482c27f7171f04dc47abe8739ad24e3efef1fc3c322ed345cf81e686979a0f
BUY,0.006,200,1748959664,Yes,0x03804630f71b940dce4d8231077bc1fe19b2485afa76ed59909e8154797a35d9
SELL,0.004,832.1,1748959654,Yes,0x162af8fd9a52227d3f84a78c21193705558c44b4106e0133913708c77c62b8bd
SELL,0.004,614.61,1748959622,Yes,0x194db8c3986cb3a6fb5c533347b6ffea7ee4f2ecb0b27517519cb01189f629ed
BUY,0.995,52000,1748959614,No,0xaa12754fcb15c0cbe47433fe28c6ac8798cebea841e69723594c2d8a0e63c807
BUY,0.9942147747463088,84817.7,1748959570,No,0x36545e806c3c83ebdcee779d3806425b01cefe7ae72aa2d67835c5325479b80a
BUY,0.007000000091000001,142.857141,1748959528,Yes,0x11bef85b804952b8600be90c651d49c883bf205a39204a49663a9844818583c5
BUY,0.006,53785.1,1748959512,Yes,0x2105a5d1cb6dcf96e96707858d86f75463008bff47cefdbd0a9508a25f69527c
SELL,0.005,1364.8,1748959510,Yes,0xc2e08db4837257338dd7a6dd5a252dbd2d18811e2e8d5ef0b6d4ddcc49c951fc
BUY,0.006,1500,1748959504,Yes,0xc732658e4acdfd94dd26479eacdf63a1c8a4d6af41306c19c37725738b40c9eb
SELL,0.005,11114.5,1748959498,Yes,0x9cfcfdadc40c0ed1cbb7c96e6a6ab28b44a688b9d4394b5f4d4b446d82526db1
BUY,0.006,330,1748959498,Yes,0xd35eb00b2dcfb111cc2d6401bfdfcf1080f89970d886bd00717342e7cf145657
BUY,0.006,20000,1748959420,Yes,0x8defc3ff593a026be6ee2b871be43d6d7bd01b334aedec82d7dd637fca8194ed
BUY,0.996,20.08025,1748959384,No,0x2bbd441640d1ac5ce602b112ce63dd5bf7daf05bc6902cfa06b4c049f9e5f8d2
BUY,0.0060000000018461536,4333.333332,1748959382,Yes,0x1bbdf87ccba37df2b82497cf99d99288a743b20cd098a39c6e04f25fbd0b2c93
SELL,0.004,3206.22,1748959366,Yes,0x29d9addfc9f29c3729980210394ce64f7878046900f78a16b39bee925fe5d04b
BUY,0.006268656717353531,9571.42857,1748959356,Yes,0x8b72ab70abba8fcfb1f9877cb6d5fb283b00ea0d02746eeea3acc11ea759b7df
SELL,0.004,2000,1748959350,Yes,0x7580336fb5c10b3b019c402ff05488f4e4670fb7e83cbb33ae517bb90050eb3b
BUY,0.005918879790831514,168950.88857,1748959350,Yes,0xa7675e5e0d75bbe480850dcbcdd49d263cf0d888d7b82876009d24a77f5d5c8e
SELL,0.995,1000,1748959344,No,0xa704f7da565616258a68e10e3648ed0236272647a8a0b31f8e6426ad3a6de8fb
BUY,0.005,2000,1748959312,Yes,0x429c4528409df87f189e0753ff00112df203120a7b893cdee9d8cbfe491c1b81
BUY,0.005,1900,1748959298,Yes,0xa6fcfd2adcb2c6ca51f37cd3e12e63393ab1ae70360d62a0d5d5cd2ce1be4e11
SELL,0.004,111.11,1748959248,Yes,0x6e91a462e3ea07d05f87b82be6301e0212ab5addd6d65cfcb72a8d3174ad1007
SELL,0.004,1960.51,1748959222,Yes,0x3a0d944d640f55e05f26c604ec72193f4e5df46dec39f78bee2d4f3b533fa19a
BUY,0.005,10000,1748959220,Yes,0x20c80b25c6b5e6dd6c118f6e6bd4ca9e400eddb645c18e68bef42be7bbb9e310
SELL,0.004,3000.23,1748959210,Yes,0xf414f517749f912374a46362b7c0a62a6029ee6b0a108a628b01de92b685f73e
BUY,0.005,20000,1748959206,Yes,0xa836c7569dc04d4c6983f8625909375ad6b54b6dc7e527762431f6b0c4d36b15
BUY,0.005,2000,1748959162,Yes,0xecf4c977a3662a8f0c8d7911fc62c72e48f0a7b2e442cbbb44d6ba8b5167c726
SELL,0.004,2585.7,1748959144,Yes,0x8aac01b05f5a2d58aedd482d3a4e867b3cd280cc5726269e60ee14987af6643d
BUY,0.005,14788,1748959124,Yes,0xb62fd4270d293d2a6c6a2c41fd116b405c4ca29666af5b6b3711fbff7a2dd7b6
SELL,0.004,65404.81,1748959122,Yes,0xefbdac938f5d4666455915af3a057aa9df8f4a2745ede4600b33aa88123e1c41
BUY,0.005,394,1748959110,Yes,0x7b78b95902bdd0eb0a62af8a88f4854f83d1fe6f2f48565e5ba0c2dc073fedb0
BUY,0.005,200,1748959082,Yes,0xf399a130771af865520cce440ea29f77db3e7ffae441d18297e8fde5c07812f0
BUY,0.005,600,1748959062,Yes,0xb31cef5b7fd520e85a68b7b0d1bc2f054883f61b9b8412e5a68acbe994551149
BUY,0.005,234,1748959050,Yes,0xed7fb8b128cf27b3b2c16b2d8a735d53f1ac052e83fcbcd3091dcc010c095ac3
BUY,0.005,2200,1748959048,Yes,0x9ad0d59fe22a6b771f049b98212a9879fdc491b9a08cc58c69734cf63f65f75f
SELL,0.004,11359.87,1748959016,Yes,0x28b840bf6a295acd0bea45588c69e0f1afd959f443a5280cde094915116ae68e
BUY,0.005,9141.6,1748959000,Yes,0x3cddcdcdb3021ffa43904bacb58ef750cba47f09f97b3de08f39720638772ef0
BUY,0.005,3400,1748958968,Yes,0xc24f95c34f3394b1c09373a883a4dd3b0e3b280ce5dfaf90319724e68a0e6c11
BUY,0.005,15000,1748958966,Yes,0x11e57693d8dcabc1cee67630ec87f6c668dcff36b3afb356fab66e7e5958fce6
BUY,0.005,1000,1748958948,Yes,0xfa35923820832ef60a22aa79981cd58ff07f642525783aa35defd9a5a7f9e538
BUY,0.005,4000,1748958948,Yes,0x0f946f9cab8a5a13d5f52c4b7b9255a9075c09bccfe79d970223224a6c868b36
SELL,0.004,2631.57,1748958948,Yes,0x9da98c841007d89907b4736ab9f5627b8c84b6aea1cd4dfe02f5c238d3dc4e20
SELL,0.004,10000,1748958922,Yes,0xd610cbdf6d23ff950c4e3ab619bf28ae37c68db225a9f9e74123bb307d483752
SELL,0.995,10,1748958908,No,0x4ad7b95951b8d823c0eb4e18e7689739040cb1e96b48ae2dccc5dd7c0716136c
BUY,0.005,13812,1748958900,Yes,0x3f16bfb0671d03beec4dbab93fe9409f2d8a392c79e9c8512f85ca20f617cae5
BUY,0.005,13812,1748958838,Yes,0x7b065dc6a69ef89e936e7a6e73bf4936f4d89572dac9f5a43d55b3541b6c8cc4
SELL,0.004,10139.45,1748958808,Yes,0xf747a6b89f097641732d4df5f1eb16f7537a97fc7d51e2d814bf26b27010333f
BUY,0.006,58165,1748958780,Yes,0xee732ba8d09e7401bd6009d7a7281680244a1ebaae023ec84437cefae26826b0
BUY,0.006,3500,1748958774,Yes,0xdf4010848500b58d9755ec0f50c3192ca7f7f115e595426126a1c5350e4db4c1
BUY,0.0060000000006,16666.666665,1748958772,Yes,0x398debc88c94b00f52d43f77a90913a84af42f65ba43b6f3d938d0fbfad00b60
BUY,0.00600000000024,16666.666666,1748958762,Yes,0x2916d9ac0c155335e2c0b5bbad6c8ea88fe1d4cbfff8e05adbb0abb3bf1f6409
BUY,0.00600000000024,8333.333333,1748958754,Yes,0x9bed4c163618627fbf52710fb8bb50f845e74d0c727cc334b6f0cdf1710ffd2c
SELL,0.004,225355.43,1748958754,Yes,0x67b3c6351a6278d8ad376a1f455853c1de923cb1d958cb293f43444a4c58389b
BUY,0.0059994000601139765,16668.333333,1748958752,Yes,0xcf622df2e593e86785791e122b745bcab8f28a990292a91c4220e78bc2085063
BUY,0.005,1990,1748958748,Yes,0x045a75f85b6fb24a73c536a44ce79e9f870cdf62797f14ed802c8f9e5b79c345
BUY,0.005,2000,1748958702,Yes,0xe49ff65f651524a1367a4562b46ca2e3c541c0e2156293c5a8b181850971d488
BUY,0.00600000000006,66666.666666,1748958696,Yes,0xcc7d0ef50a4dcd709d9b944fd362b1d4155841dc17d48a34f8503083d3f8c0a9
BUY,0.00566853960744609,3351.833332,1748958690,Yes,0x6a0a0ae97db1196ad0e0256b2cd991ef7a1295a953cbd5fa8138d9a16fc5b16b
BUY,0.005,1000,1748958652,Yes,0xdd5c7773e2ebebf1a70b360cdc4590f81a1a514bc0f1294e618dbc675f3acdc1
BUY,0.005,28318,1748958634,Yes,0x16012e30ff3174dd5d1bc71d08d799fd813371c1fc9aed2f9f18247add8e1c1e
BUY,0.005,1000,1748958632,Yes,0x4fd954aa1879b6d9fd5ebb82555b0151c392393124c77f14f957508cb6f995c1
BUY,0.005,2138,1748958628,Yes,0x3e1ed15672db649b39a24431b17c7c43ac69c5287e453d2e2c1f4bd0539cb5ab
BUY,0.005,2136,1748958626,Yes,0x5f05acea4a1e31bffd45a8741a185be6baeba21f0b2baa6cea6e31391b74c32c
BUY,0.005,2531,1748958620,Yes,0xed72687b1f2f856284021ce483594cc374387f20eac18c8c790aa471c06bf43f
BUY,0.005,200,1748958610,Yes,0x36f8267a64679a9af8d20f38b497c6add6a7913760335178ba65116f27bc3f41
BUY,0.0052845369371747105,56769.401665,1748958578,Yes,0x4908cdafee66967415e116bf58f9f2515468e4e066967a9495068cd83611d0e6
SELL,0.004,232934.81,1748958564,Yes,0x70be1c66253b4d703f6ca675889581ff435aa6b3392d53dfae0ce46c566c7050
SELL,0.004,1428.57,1748958560,Yes,0x6b227b4a50dfb4af1f706ce680377c127da82deb08157e1d6689b64790831743
SELL,0.004,30262.34,1748958548,Yes,0x2406aaa75fd69356435ba0c8df1e976a1781541d7821bf92b6d7fa6da29e201b
SELL,0.004,3098.58,1748958530,Yes,0xad1027d9dbe2d39a7d9956336a969b98012b3c4e2f6daa3334ffca1f30c72299
SELL,0.004,541.08,1748958528,Yes,0x91f58226e2d32eded81729950dd9fbcd6f64d5d59bcc93322a8b86023157260b
SELL,0.004,526.31,1748958528,Yes,0x2933ded545ae9eafb844d7eda95a9e9fa630c9ddefb01351f011acc6bf7387d3
SELL,0.004,500,1748958516,Yes,0x7c34d54fc45cf84c41449bca5161d253e979f07da5343ee2666f9aca2ba56ae2
SELL,0.005,23208,1748958512,Yes,0xbe06a4fde31be08e9c6ed1df9d612fb86a91247f31ee0de7d848605ea9658e24
BUY,0.005647502916848074,35413.881665,1748958504,Yes,0x28bda515336a32fbd989851cab315ebff16c4455ef9296dc6a69a6ee5fde1dce
BUY,0.005,1000,1748958500,Yes,0xae17206e2606eeeb3e37f96d4339753bf0e3678bfcddabb2f35cde0b905bf8cd
BUY,0.005,4000,1748958496,Yes,0x034884cf1e09d8e2315cbaadcf00768a98f786c4fbf377ffc7d0b293e29ecbc3
SELL,0.995,200,1748958494,No,0xf430ee634f09ca9476f982c1688f7c04110b87fbfff0c496f240c0c25b490a0c
BUY,0.005,2378,1748958492,Yes,0x22a6f9b441d2d9c16386bf2afcf42cc3f484ccee3d2144dc1d58a9db0e1ef76e
BUY,0.005,10000,1748958490,Yes,0xe3c5525e852c5630e58461bd93beb19a8f2ca520357e61a889ffad40355fcb8a
BUY,0.005,10000,1748958484,Yes,0x50afe20d3eaa67c3abafc576849c37039603e8d07d0ba990dc82943a11c1a75e
SELL,0.004,3666.66,1748958480,Yes,0x8a74a1218de2a01d850dec2647631fedb1b66a68843e5eb67d43e87cb9142aec
BUY,0.005,65415.18,1748958480,Yes,0xd1534e39a3dc2772a9a6e5be1342ac5743f3d9e6fc75c721b7ef66a6ff423528
BUY,0.005,1665.96,1748958474,Yes,0x1cf9ebadafbdcdfb75afd658ca797d72c6738a9170435b1880db655ab9a26eea
BUY,0.006,2500,1748958448,Yes,0xf3a807e7d4007ebfb43b4a9f5b67c8f6d964055911cb0795da1f657c5585ca88
BUY,0.005095087350974417,29440.123332,1748958422,Yes,0x969fd240fee632ddf81df10143a52a6482d5243fe5b8d85a05e290481bfdc71c
BUY,0.005,15006,1748958416,Yes,0x69e8cc38bdfc196597a655de5f351bac17123d23f28e1c65671b703f1bddfe9b
BUY,0.005,2020,1748958414,Yes,0xe8ddc40a45376d1b2983d09c61b94db2f54034abe6aab0f127808f493cf8e001
BUY,0.005,2000,1748958406,Yes,0x981542260f6bad0f58f5d0535c73d0c217a8a725b9bbeb002f4d6febe7621b7e
BUY,0.005,11588,1748958372,Yes,0x416eef4cc0c7d2e2e96d9e2a231c8f1cdd9edf4084a4c5fcf9481b422bf4766b
BUY,0.005,3172,1748958370,Yes,0x41d0fbd5936fca29e605845fd35c5c98ca2874798f9e006cf9d83e5f83b7a335
BUY,0.005,2000,1748958368,Yes,0x6aa695710842dbaf92fad8722b94a76ba99e286846c3390e95d51c94760a40c4
BUY,0.005,360,1748958356,Yes,0xe6e06aa51054c418074ea87f2d21c945d2534788e5258140bf2409961fe5a11b
SELL,0.995,247.5,1748958356,No,0x45bd437425d8b70474808b7fb16c0faf11878cc38c2f27bf17d43351e1d1598c
BUY,0.005,2000,1748958356,Yes,0x860a5b03559d1135b4d5a54cf3fa407e4864f05259bb664687dbbb7e7cd802ca
BUY,0.005,4000,1748958350,Yes,0xa11c79f0f238d3601416b6caad6d9043ba0706835d4c46b27d92c53215a19fec
BUY,0.996,1000,1748958346,No,0xa313bfdac7b7458978380eebb44fdedde0381cdaad15de12b9ae2cf24d3b1b14
BUY,0.005,1416,1748958338,Yes,0xe88d092c8443900541af1c492292fb9a0018c9630bc9c1a2af95ade067378772
SELL,0.004,2034.48,1748958336,Yes,0xca28794b08404b52473330160fd35ec20086361dd0af1c483e19eadb9b25e3bb
BUY,0.006000000003356643,2383.333332,1748958322,Yes,0xa7f79647809f3ad1744cf66de22dee0ee206ef71bd313dfc62b8103613ba50ad
SELL,0.004,112018.8,1748958320,Yes,0xc6258d8e5babd912893731995bce2748618fdda1dcb4fba6b1f68e969594990e
BUY,0.006000000060000001,166.666665,1748958316,Yes,0xab98adb864d50f72fdc5f61faac90393a3f59e6aa9dd1efb92d7101c135b0b71
BUY,0.0060000000096,833.333332,1748958312,Yes,0x97a7c34dbcc1502ff3aa9f47da4dd2944df3a8c65833f5897e53d8477b361174
SELL,0.004,4000,1748958298,Yes,0xd2c8b95f238c4fa5b82c5eca4e3b0815442285fce911aaec09282366e5a6c2fd
BUY,0.996,247.5,1748958296,No,0xc504d9e7cf428bdda688a8e04917acbfdbb4ec1d88451d9e93ac148487fce78d
SELL,0.004,2222.22,1748958290,Yes,0x2735ac2d51b406d0c06a96ab9623a1534e573a8f51987fa6ca247276b8346b99
SELL,0.004,10,1748958288,Yes,0x6ca93e49d49b6b10261e27c66442c44cd1f89b583ae2fe75967cb6e4040de3da
SELL,0.004,400,1748958254,Yes,0x1fcd6f79a4e25fe49e3cdddc94341e34922f5ebae37ab7a7f9624ee60d9bb006
BUY,0.0060000000024,3333.333332,1748958254,Yes,0x85c26effd1667839686fb5178cf3470ebda114497b7639de012f66ff89e25dcc
SELL,0.004,1770,1748958236,Yes,0x48bc08a06efb50c0d5075b79847b07896082dd7daabcc2e2170ae124cbe414f0
BUY,0.00600000000113502,7048.333332,1748958228,Yes,0x66bb669a50c9bda222809fa1b5aaa3183d1da418ef55c119f486ac2bfa420807
BUY,0.995409,10000,1748958226,No,0x74d242e42e90fcc13cd16a1f01b1219343bb353fbd5ac9e80483ed382ed59512
BUY,0.005,3800,1748958220,Yes,0x28c891cd10c3538237035b0c89e9fd4be9df242189d3b57450bc6f8d7c9a8f30
BUY,0.005,96200,1748958220,Yes,0xe5a9d6ea18e352de86fafde1953ca4031d684060beb29771701ae14e87811654
BUY,0.005,20418.02,1748958212,Yes,0x8ee0d626a9c2e2e43db682c8e59410b5460aa3802940f0ea8ed45cac100fa775
BUY,0.005,1000,1748958206,Yes,0xbf63ee6fecab045e4bcdaf5535b54afb891e11dafe6a136ab5a920e971bf12e9
BUY,0.005,10968.43,1748958206,Yes,0x9cfa7c285fea71af49b5b3217ba41f056e27741abb0d2c84ce8ba5107011c86f
SELL,0.004,3185.71,1748958202,Yes,0x204c55ad813c560c40ea35a2329f24a32eca5af392d23666eb4fae431f2c6583
BUY,0.005,7070,1748958180,Yes,0x3f99849897e70d3732c63e87d87d2b259855345cd4c190df9ef78586b71dcad5
BUY,0.995,4224.97,1748958164,No,0x2aaeaa6d0ce7edffb1b9b5b84a1a7cc4b39c1dda5bf07732607067cc076b0fad
SELL,0.005,7000,1748958164,Yes,0x791485fcf2bfc2c946c1bfad4579e9caded181f5c35d90c036e532052afce39a
SELL,0.005,5000,1748958164,Yes,0xfdb415b9a53d768ff630d2348de0d29afa00d8f0394a32b9a1378c3f8f1e9ed7
BUY,0.005,35885.03,1748958162,Yes,0x4a9607727574252832849dc3f4d34df38ddc0cfc49454596ec6e558aaba45fca
BUY,0.005,1770,1748958162,Yes,0xb8366f2c1203be73d4a4ab32e02d2bcb31e0f597577f1d3efed2bae0228d83dc
BUY,0.005,4000,1748958156,Yes,0x6b88792b0865299e176b6c6ad8eb50a7c3c7aeee9734f924064ecdbf0336e4cf
BUY,0.005,1000,1748958152,Yes,0x55cc516145c0669d0da149f378a686f61068d6f248f77e82bc02e448bd888b93
SELL,0.004,500,1748958150,Yes,0x8d6898cf945b67b37202963185f89eb350f84365df82c89382d63f950a293623
BUY,0.005,8008,1748958146,Yes,0xca6bbcc94b3e16fbedef1d4e48624ceea8fb2bcd2e7204dc1d52b3a188f29a58
BUY,0.005,6000,1748958138,Yes,0x45bfe219903d87fae395c65f0289cec5c02fc9be093e10aa2a3b71c64e62fdd0
BUY,0.005,3000,1748958136,Yes,0x64d3aaf86305860231a1a4d4d70e87c606e266144207eadf0fb6810099b26fc9
BUY,0.005,200,1748958130,Yes,0xdea9d33f592491dd86f90615a2fe6ce867c4d82c8d835916a88a61a4f135bdcb
BUY,0.005,8000,1748958122,Yes,0x20c9a0aedad21360196277c6c85af4f0a48349ae3b9194f9921af82486550c65
BUY,0.005,4000,1748958118,Yes,0x181d055d64a4ad6986b797d82754f74f7c3bdeef1ff51ed28d63bcfd268611e4
BUY,0.005,2000,1748958110,Yes,0x3927c1d3666224eb10c340ae3dce355eb42e63c582a9bf4f76ad7d54fd372822
SELL,0.004,10,1748958108,Yes,0x62c41dc1062a8a48b7d43bfda899b9acf78bab21b4ccf71111a3d93f93530926
BUY,0.005,2000,1748958108,Yes,0x231f3cd5ad2bdd30dc774f5332307abd01cfd5befec64f9c0ceff246626a3a30
BUY,0.005,3980,1748958108,Yes,0x6e03ee8c1cd424a6ec6215faf104856d2582dba7df1118db894d03e3d73e2a06
BUY,0.005,400,1748958100,Yes,0x7e0dc1344b479edbfa4f7f4ab2bd0a1dffa60d500922f70cbd444fa0b38457f9
BUY,0.005,4000,1748958096,Yes,0x146a439e1cb7fa616db262d2fb1359914d798b7b41030b15ec7cd2d1cc4ce1f6
SELL,0.004,2886.93,1748958096,Yes,0xd2a2f2fcb10b787554ce0e48c580b4c6f364d9f270d264ca61af808db610afdf
BUY,0.005,2000,1748958086,Yes,0x9cb33eccdb94497e34c8a0a4993005f195546362eafd6acba60fea43f55a87f1
SELL,0.995,10000,1748958086,No,0x3207a950a5ec86f618ff895c0e200142eb12173fc7dfc8117dfdb1b29b1e932b
BUY,0.005,41832,1748958086,Yes,0xf398632501383b2f2e39333267f3e1d85cacaf7da5cd04827bbe82c37947a664
BUY,0.005,1000,1748958078,Yes,0x696c5b0d34fd375bcb189caccfe2eb05a0d0db81aca35a9ad3358466f8af9581
BUY,0.005,400,1748958076,Yes,0xdfb5433afd7022993fc3b6c63343d0ea13c815aa4468c6c34a26b1fc90fbf1e9
SELL,0.004,30.37,1748958062,Yes,0x40cd6e6d2701091a117ea4a94e66a47c4f8789378dd531b4e57cf642f8fba267
BUY,0.005,4000,1748958060,Yes,0x353a55b689ec9ab1ca0138648b5c0d4957d5b69d4885be4df738576eaaec7dcd
SELL,0.004,245.95,1748958038,Yes,0x846e0526d15df5f4e76e35adb1f0d2073243938d99dd5d637b3677d7e8ae9254
BUY,0.005,29416,1748958032,Yes,0xd3700fc110862770cb1f1f438c2f1341f759cb0ec5ff459518eadbd73a0832f0
BUY,0.005,16600,1748958028,Yes,0x996a605b00329579d50fcb15175e4ccf7e1bc0364809e3133eac1b651c754c56
BUY,0.005,1260,1748958022,Yes,0x314f8b22581514994b1de21425472903774d5a9c2b71c16bc50bdefbb78f3cde
BUY,0.005,6600,1748958014,Yes,0xf5a8796624a39936fe3ff0777408a4db2e3ed7bffdef4f2e352b0ca677ec4ea8
BUY,0.996,1.004,1748958014,No,0x3d326317bf1cc78a861af86d31f0505da1c745d186f3867ff9dc21c05da8a778
BUY,0.005,7000,1748958004,Yes,0x3f02f51eac9b4342ab60f1a0521540f8913c00b539756026ae3385d06dfd1735
BUY,0.005,200,1748958000,Yes,0xb043e383e5e107842d5fd46de9371de75d64db80b0ea79e3180cd080a27747f3
BUY,0.005,4098,1748957992,Yes,0x809ba5662f599d4693d65060ed4805f5442c97133187300af756004e14cd651f
BUY,0.005,400,1748957988,Yes,0x96aa16712020d21f58edca2743240171610ff64f72e27a8b11391ee7d44e455c
BUY,0.005,2000,1748957984,Yes,0xd9c86419ec59fe10783fbdfe7c6d9decfbc84b8e705dda387247c79aeaef863c
BUY,0.005,4000,1748957982,Yes,0xdd27f1c3b1b870d16c96e3b94d7e7bd260d1a8e22bfcb0cd406b71ad88a07f89
BUY,0.006000000060000001,166.666665,1748957962,Yes,0x1604080a3b4f6712223410eeadd1cfb9086b19ebe77d60c98e63c8408ad7371e
BUY,0.995,42168.41,1748957948,No,0xe09618cbd278d71caca992e5fb5834916dcbc0ad0d635c4e732f6c563b21117d
BUY,0.995,3000,1748957946,No,0xe87d15f27130cf5f08d771a9c1bbec247734921ae9e4d0f16ed1d862c2772397
BUY,0.995,3333,1748957942,No,0x56cdd5a82959822376c8507126efa82574b9ca80658e8bc104d5d3b873860fa5
BUY,0.006000000006,1666.666665,1748957940,Yes,0x73a2bbc3527665629b9cb3f1a603d1afc09bee14838d95cc39271d868f8534bf
BUY,0.006000000006,1666.666665,1748957938,Yes,0xf1b8b683497f86ba0e1dc4b448933ad0478888d23aebcaedde05a35c714b6730
BUY,0.006000000002418136,3308.333332,1748957928,Yes,0x90d312624491fe5e643f835d5519f67f557fd83075ae0bdb36d36c719ff8cc31
BUY,0.006000000060000001,166.666665,1748957916,Yes,0x9cd38f9da990a06ccefaea50b47766eef9f1ca5cdc071b6314c75ba34f0aa700
BUY,0.006000000060000001,166.666665,1748957914,Yes,0x951b37140e408aacbcc75e21794cba463dbca0483d5f92ccd6f87894080b54f4
BUY,0.006,500,1748957914,Yes,0x7e661df807ccbd86859b82c9b1ccc556ee6fb3ccd6adddfb0ef527f5b860b6c3
BUY,0.006000000060000001,166.666665,1748957908,Yes,0x161925c1ee849ca8c855286cee10b56bd69419a95d2333d544149c27dae345c6
BUY,0.006000000004037685,2476.666665,1748957904,Yes,0x93e3decd9bd26a0294162a1ff5e172c26d285346f341ea44fb5a22fb00e7cd64
BUY,0.006000000002998126,2668.333332,1748957900,Yes,0xdabb8966028981f75c013db92c6c75fcd2bfa115055f89392bb114a7527937bf
BUY,0.994,39934.4,1748957896,No,0xdf2a489d3fe67e01232881765e71170b915bdd0acd502161ff33fb036742eb5c
BUY,0.006,10065.6,1748957888,Yes,0x5f607b2b32cf059436c72c435e625dbc7b324840f2ab98ffafd9fc7af6a594f5
SELL,0.005,2777.77,1748957886,Yes,0xe93d726ee30a72e97b63c00f3469b0e49e8fce35cdf670b64fa9b315a2020b83
BUY,0.006631613851164649,15079.285713,1748957880,Yes,0x72aa4df69b58fd22c27ab89e2a8114f793aeebfb9e0f348c8a758e7c8068cad7
BUY,0.0070000000028,2857.142856,1748957874,Yes,0xfc34734df486eeac287dfc2fccf9558b4fdfb620ffd5b4b15117e7196b4707dc
BUY,0.994,30420.71,1748957866,No,0x1db5ddf561fc64d38458417de1bdc06927d2f2a832152bfda82604cc0092ed4f
BUY,0.0070000000012923076,9285.714284,1748957860,Yes,0xee7dbee472c88355548098b8ab4c042796a12d243137bd3ac8e214f68d3640bb
SELL,0.006,32475.63,1748957858,Yes,0x8db5474ea131bcd18b1888b8070a4ca1250ce8d9a1f20f313df02b56c6ba5807
BUY,0.007000000009333334,1285.714284,1748957856,Yes,0x673a9278afe033725232dfe62c814ad1be55c1fc58df27c7897d1bc0003dbeec
BUY,0.007,500,1748957854,Yes,0xced0f4c8e14149093a5195e001bd67bab2681631f70e60185e1c379f74e0b15f
BUY,0.0070000000049674745,2415.714284,1748957852,Yes,0x0427d409155ca78ae511047ea8222ede3a469f7b422c067aab02558f1492d23c
SELL,0.006,3667,1748957846,Yes,0xfe57e65f5636c981bde8bc1376ec823e8709a5d8f493bbe98253883e0a330c2a
SELL,0.006,3456.66,1748957844,Yes,0xd600db19b825355451c89a57501411708df61b510efdceec834fb7b2e7687608
BUY,0.994,3000,1748957832,No,0xe6c3a58bb33b26923c977bffefe1c3dda624c0ee2ab600185d43a45781a57492
BUY,0.0070000000077,1428.571427,1748957830,Yes,0xdee602ae23095ad7d2d79d595a6a338864879dde329f0e231205e1e99147d241
BUY,0.007000000002034227,4424.285713,1748957828,Yes,0xabede229d138c2f100e4af8aec86f7ca267dbcc3c2d1a0b12edad064f146ddea
BUY,0.007,10000,1748957812,Yes,0x598f8ce4f91042255ee270fffc02fc1a81ea857f929843cf4dc26b9c0ca1b92a
BUY,0.994,1279.18,1748957806,No,0xccac411d1e81596ad696828bf320bef4f9bbe2d4dff9308b02175bcb89a3abee
SELL,0.005,8818.82,1748957800,Yes,0xafaf5096148df75915d9c95ed3e95b920c18ba2c633d8d330173ae7dc4de2761
BUY,0.009018362081717142,554424.401537,1748957792,Yes,0x4375418b0a79a52b88514383bead0e9944de82dc43ab722588e5652cf6afcb88
SELL,0.004,1999.58,1748957786,Yes,0x9698d1e473cc3fcf70e074c202f40a54e4779f837102fc605e5ecf5ae67a02d4
BUY,0.006,1500,1748957784,Yes,0x7b828f1514b260b4f48e1a193560ee95d1b0aaf6a7c32147b07ee25ed585ba9e
BUY,0.0060000000024,833.333333,1748957778,Yes,0xef0496e4b9d2d46ce2a072707fbe0c0d9194e098dc83697cbd429ee2f72aaf47
SELL,0.004,384,1748957776,Yes,0x61b98f236d97cbeb401097b67d95c03ca92858568ffd501260d3689cd54c5e66
BUY,0.995,192735.68,1748957770,No,0x30eda43d375f5ef0dbc9111bcd15034f2dda36e15c58033dbe69e2e94b82ab82
BUY,0.006000000024,166.666666,1748957768,Yes,0x2721960d4c34ee691c30609249c9897ea2a06089962d081345556fcc763d4c6b
BUY,0.006000000024,166.666666,1748957760,Yes,0x896845b8acdaa45b03104fba4ce7ee443775855a20dea9a5550df8591aa28896
BUY,0.006,3150,1748957756,Yes,0x45ba6eba4f826c85803b4fb814d4e2696a647c8893f74ff947ead352afd71708
BUY,0.006000000024,166.666666,1748957756,Yes,0x4f8160de675e31f48dea88ec260fa96e4a36196562530502fa052d3c5e3652cd
SELL,0.994,209.86,1748957750,No,0x46fdeeccfe321fd5a1009ef072e6abedd24ca3d5227518073047471d3fdf7ff6
BUY,0.0060000000024,1666.666666,1748957742,Yes,0x009155fbd8fb0331c779c32e0e5ab714b4f6c57c814e3850450664a6c48b5f41
SELL,0.005,50,1748957738,Yes,0x561e82b0e08288683d6beff1198d3022865653681d399d165fbf386dcaed6c89
SELL,0.005,120272.57,1748957734,Yes,0xeb801b025e2270dbeb41d9296b18cafd13db48dcf2923e1c44beb9a1ed76b9fb
SELL,0.005,7612.85,1748957732,Yes,0xa1ee069c660d424cd282acf785d21f398353b28f5bf89865fd801d031f82a2c2
BUY,0.006000000001157184,3456.666666,1748957732,Yes,0xc8fc957dacec96f346bb5be6f53766d0020ab201ea10cd0bf8b9457836665086
BUY,0.00700000000084,14285.714284,1748957728,Yes,0x91edef9bf95614b4b1c3be94be08a158ed4865a1be08e05017629392e8663cba
BUY,0.0070000000077,1428.571427,1748957726,Yes,0xc01344ed8caeae69bcae462627f0ac0a4a0dbf863623945be503971cb7e0d529
BUY,0.007000000029946525,267.142856,1748957726,Yes,0x7450d0c52515793c02ad3c14fd877df0174dab147d436f2fbb8989fb8278a8c9
BUY,0.994,12487.98,1748957726,No,0x69206bb2490787bc69b9d38c0a8539f386d8a42dde67dff9645cd34b8c69a35c
BUY,0.007000000003766816,3185.714284,1748957696,Yes,0xbe94a5162783a24ce377b4fdcbd45960aa94dd1936eca8e3f7eac435cb244518
BUY,0.007000000000400993,7481.428571,1748957692,Yes,0xdd0e2094899924a2c2ee533429aa87d4aa28878e9a61a0133a96e5a5bb0196f9
BUY,0.0070000000028,714.285714,1748957684,Yes,0x700ff31ab537a172cf78b21fe0586888e79966eab266e70a5c22e8f8a020d8ec
BUY,0.0070000000028,1428.571428,1748957680,Yes,0xf483ae115dc1880d4b5b99c9150a91a8d270e2b03fa692b6ab901ec1038c86f3
BUY,0.007000000001166667,857.142857,1748957680,Yes,0xc67c6c1fd3d686647f0278f89858a4a67d4fc6c11e3251adc86f78ecc1d829f7
SELL,0.006,404.44,1748957676,Yes,0xcb1437a772e64382ec1874a102794491313d462d7c60370520e2be7ba8ab098a
BUY,0.007000000000431566,4634.285714,1748957676,Yes,0xf7f0c6936e36753bdbb2d9fca8794602baef99aa63e3faea971fc76b9b7e1119
BUY,0.0070000000175,285.714285,1748957676,Yes,0x47a0188304c080ab35765c33e3cd58131c2efa7bfbc717debe3ac19e714e9010
BUY,0.007000000042,142.857142,1748957674,Yes,0x927da54c8df9432b337f09cecafdeb48308f1062f7cdf2a2ece1eeeb0fb9b47f
BUY,0.0070000000010502625,3808.571428,1748957670,Yes,0x93093ca26515b3a7dcf9205b4a34bdb5c9624d733b42924c457f5f5cf149b584
SELL,0.006,13427.14,1748957650,Yes,0xc5106cea35acf1baf5783387c1894c524825a76c97f77ff3f034b65531a2e0c6
BUY,0.008,1250,1748957642,Yes,0x2ead2638c26b1a30cf8d92d4301a33dca3209e25aa0d3b1d97a8450869e815f1
SELL,0.0061896137895452955,103424.44,1748957642,Yes,0x7087ac3699224b472c079ef58564f7c38c2f6970d83ded7514f6b18d458b6518
SELL,0.007,3808.64,1748957632,Yes,0x7e0959463eda3f0a28630b0b6257bd3879b1394f87da8d701b92a73f93b85309
SELL,0.007,12041.36,1748957628,Yes,0xd50b53c5360db9bd8912c52da0ebc290143b93e643383da599eadb06d25031c8
BUY,0.008,625,1748957622,Yes,0x75c0c528b93d992f73bfcfbf4f4cb34c5d12d2fb1611e45041f38510dbb573f4
BUY,0.008,125,1748957608,Yes,0xf97f96cf42d788cebc43ea2d92700d221b2760eeaa605f86a25ec06c5e78294b
BUY,0.009000000090000002,111.11111,1748957590,Yes,0xa9dd58ace3278b7f66302ebb5dee450d7aeca5e3838400b4160898316e1e6608
BUY,0.008630613022025996,2457.53111,1748957590,Yes,0xd4aadad6b42a924cf8a19999cbe2d37dea13eb095a0ef4bee64c63af54fe53f1
BUY,0.009000000001795894,7795.555554,1748957588,Yes,0x493f54e5cf4a082c4a12540eecc2c6d56616cebe4d63b271ce421845f58e9909
SELL,0.007,50,1748957580,Yes,0x206e537762334ba930e080d42237553ff1d61fcfc68fbe48c81d82b0509be0fc
SELL,0.007,11111.11,1748957580,Yes,0xde064569f5a45d7261536a3b669d65815b09da0f7908801866cea119ebb095c1
SELL,0.007,1542.85,1748957568,Yes,0xddc4f129c1344a5a5a165cc447ef6edce51c10ca1b8675ca9f56c6ff4805c47c
BUY,0.009191561575183077,70717.037,1748957562,Yes,0xb9744aca91dc036e5db6bc1627d8da64e3ab64452eaeb5fb6bdfe7f9846fd27f
SELL,0.992,109.32,1748957558,No,0x2c56f20de4abba245aaf96ed6ae6e84c7852da343f4f1412a8f057fa83a43d4c
BUY,0.0090000000009,3333.333333,1748957548,Yes,0x31fbf41a2e1aa03d54bea0d99de2af0014be194347d57f15392e86d9e99318fd
BUY,0.008171779146117657,362.222222,1748957548,Yes,0x78c1fa94283b56468a8c944d57da62340b0974aca351af735092c5a14a4cbc4a
BUY,0.9929999999451179,109.325142,1748957524,No,0x7a65aa4bd7378e039942e87790b01b29c90fe32015e8a1ab755f51e52fe1a00b
BUY,0.0090000000009,1111.111111,1748957510,Yes,0xb91b4d00d1aa57596f084de723194cf9604c9a5273c397e7fb8d51d9e6a44a10
BUY,0.009,11097.16,1748957510,Yes,0xcf82cab993f16e0bf0050172199d5fb5f566a6be276435e4793541d95c8b2bd0
BUY,0.009000000005155483,1357.777777,1748957510,Yes,0x844bc91d16a270bf47a172575f2545b6a519995df305c8ad24d6a3d20e90ee4d
BUY,0.009000000009,222.222222,1748957504,Yes,0xa704990d8f2aba5d444f530ebbf00d8064b5f388abc9818a064a104be1328bf2
BUY,0.009,16650,1748957496,Yes,0x451140ffa6871734854b94e26326d5e910388020ff0d43e68164dcf61f278375
BUY,0.009000000002813755,2487.777777,1748957490,Yes,0x5e3d1988a22fe217fca7e8e272d32045d1f8191419151eb07cf3b3f0eac2a1ec
BUY,0.00879186088313989,6197.777777,1748957488,Yes,0xd1efcb730d20cdbea6b1c15652e451aa87a16169badf77cccf77aa9bc49e5dcc
BUY,0.008671104988229992,11532.555555,1748957480,Yes,0x212f4e12556d61fc397a6ed33833283788113d65cdbb1ba176f0581367b10ac0
BUY,0.008,3500,1748957474,Yes,0x2f42414b618dce62331d484ffc68e6271951ac0002a5fd0acb2071c1935b08fd
BUY,0.007700201537967176,1688.2675,1748957462,Yes,0x959c0e8725446d1b12db4a15c62bebed1d5873cb051a0a7b578e4621611e09cc
SELL,0.993,500,1748957460,No,0xddea2e44fe097eba7d6dff24916380214d8d9c0f19612dc9dff4654ce86f8b76
BUY,0.007,7080,1748957458,Yes,0xa93e7894ae17c28d9dfdc0dbb5a9c4227cacec872c4400dedb3b27ddeed8ea65
BUY,0.007000000000383561,10428.571428,1748957458,Yes,0x35db7f29424d5d1ab680d264ef27c60b664c9562e5bae4dd3cf090d0ce3c3187
SELL,0.007,2092,1748957456,Yes,0xa1746f62e7b53718b52ec2312311df9c0b1de074b8291828c0985570c3d0061f
BUY,0.008,25000,1748957454,Yes,0x05ab9aa0c30913e79c045aec8c02f979b6b10572b40cb5766e186a772a8e93c7
BUY,0.008,202.5,1748957446,Yes,0x53719a339ac3b2c2127f0a11b222ddf16c02fffef1660310e3e1a81de0d5c410
BUY,0.008,8645,1748957444,Yes,0x9c37cad13dbf027f18efdd0019b02798aa00c4f0c2296e5ba1f1a6ada7016bc7
BUY,0.993,1000,1748957444,No,0x439780abd579f56f6c057f3cbaa34bf62e6d94697afc4d564ec950d9f36e4497
BUY,0.008,625,1748957442,Yes,0x211c2a4cee88fc4b14f27616f45b561ce9cb9b4e350605fbdcc2a8dc9b9cf1d5
BUY,0.993,3555.16,1748957438,No,0x84cb99e7073dd7db490ea762acdc1cd9f1059bca73835003ebffaa2c76b9ec7e
BUY,0.008,2000,1748957424,Yes,0xa83b49d8989793cc55c5720666d2dbd428dfa9186fbd03a6d79bc2667a189027
BUY,0.008,5798.75,1748957422,Yes,0x297f1b47d5285ff1a0c12618e7d21308766cb6264c3701734da35a5e05391f24
BUY,0.008,6243.75,1748957420,Yes,0x9f6b61f1f49793ebf5b8a59b4fed106edfed21e759820d94f132142be1fd3921
SELL,0.007,120,1748957418,Yes,0x7afc7f92d2523d95fbaac81487ce4eaac2e2792705480d6ceddf0e914874d487
BUY,0.008,1750,1748957414,Yes,0xec27dc79f6a25d4243d54f10deb0bc44bb0fc56d8506a7bb0279d94ade83d0d6
BUY,0.008,2500,1748957412,Yes,0x7fcf4911f17f05d669785bf81b2ae47c97bbca5642835b45922bc83c87c6ac96
BUY,0.008,6000,1748957406,Yes,0xbe664678297d1ed71ef9ac37cc195adf755a58f8aabe888eeec7dd22c6b0b282
BUY,0.008,125,1748957406,Yes,0xd60295f14097e5cf23a56851378d2e822b06575440317d0cfe8e39e8f78a76ec
BUY,0.008,625,1748957404,Yes,0xaf4180efc31e8d6d8cf5b1cd0cdcceac5a5c6083406ff5571a07eaf9a087688c
BUY,0.008,2500,1748957398,Yes,0x46704daf8bde11279424f78feb4d22916bad25de7459af76720f8db802f72db9
BUY,0.008,1375,1748957380,Yes,0xe53b41cf860c29cc061961a48d7139d45ef12643902d553ffa40e3848875d0a7
BUY,0.993,10000,1748957380,No,0xcdcdfedfdd3dc3f3ba2757b77bd5589142e1ec0173f04fa646ebeb34ae2ec2f1
BUY,0.008,2500,1748957378,Yes,0x80aa762a80a4230b25bba6060d1da8fd2e83ce56dbc424c039e429120e660507
BUY,0.993,9924.23,1748957378,No,0x96ce51064f5ea729e39a2abdf6e2e53aaa2c142d2371d0e3d647900b2bd4d9b7
BUY,0.009000000000133136,15022.222222,1748957358,Yes,0x7d7903cf167147879919f0caed47ed37c327cc7990ad73ea6273cf0bb31aa5fc
BUY,0.008737583827558317,11432.222222,1748957358,Yes,0xf9faf28b95b246e3e81d905efe72edd651c3e1e304e9fc469f1acccf895db235
SELL,0.006,52640.3,1748957352,Yes,0x6ca58f236a61e07f460f014989670efcdefed148890b3feb417b7cddfef3a030
BUY,0.009000000009,111.111111,1748957348,Yes,0x3a4f8bf16b00cd9899e7ece23924def1ee0a2c9215f296f9f120a8f9452cf75f
SELL,0.00638400482644894,62157.5,1748957346,Yes,0xa46889cce76885c082bb555e7928b85190fe81b06b58cd7fb3dc4e725a05e9ed
BUY,0.0090000000009,2222.222222,1748957344,Yes,0x38da322304fc8b93a6ee7845ff7a5b96e9c92d321f95febcdc6a72c5dfe798aa
SELL,0.008,2592.5,1748957336,Yes,0x9fab9a883c3c87a3444e49df5070f202a3524545e4be796bf4ec508d75c25499
SELL,0.009,48310.06,1748957336,Yes,0xfcadc3854a7a9a80093ea812d610f595dda0e85c6ebd94ae0a58bd7b60b6ec51
SELL,0.009,1689.94,1748957334,Yes,0xd18542098ba1af86e1cd7bc415143d446b766f90bc2835920bf8d04859716b9d
BUY,0.009,2110,1748957326,Yes,0x29922b1a77d56c3fedcbeb5bb1e30ec60c59aec5390930e5d55bc9c8301dc32d
SELL,0.008,1000,1748957324,Yes,0xca083d88f587bdd47658ccc8595e2f011ea30160f8df65c4e37da8edeb294053
BUY,0.0090000000009,7777.777777,1748957320,Yes,0xeb6263de23500163999ad2e3d1d0bf6d275c5082008dc63a15ca8248ffa2e378
BUY,0.01,11000,1748957314,Yes,0xb49d2aad9077f2b6680be60b3f721ab946dfee19effffc1954b638404fa0f5d7
SELL,0.008,2000,1748957302,Yes,0x30c97c87f8f98611d9307ad9d9a439b1f9e71282f1e2a913e2b771aba70269a8
SELL,0.008,6546.33,1748957302,Yes,0x1d9080fdf5e6061ce76572eaf735bd35d126bf6887b1cae65e1cc91e615b3699
BUY,0.010349955552651913,8982.647271,1748957278,Yes,0xa3bd9e3483f62941a8866689f6372f4a7c2d8a0ca5a211fffbd4d27eda5b6b69
SELL,0.007,4138.46,1748957276,Yes,0x59b99f94099bfa578c255ff21d5f41c9ecb228fe467df0d77466e1f0afdb645e
BUY,0.010065856042545859,9922.653332,1748957262,Yes,0xd8786b623d26d59c81927b941895632805785fa0fc08f4997e2774055e25fbee
BUY,0.008,125,1748957256,Yes,0xc26502cedcfaf43650663a88d7d6c9a81819e18343975ed3605361f3c8cc5e9c
BUY,0.008,125,1748957252,Yes,0xf046321387bf5183a74bda2ff356ad1f41b0d08626c31a8240d7a6e808345c89
SELL,0.99,535.78,1748957252,No,0x9c636eefdbf63a0ccd0d774ace0c833f8d4336172042901f1b3fa17e161c3ad0
SELL,0.007375557122851745,17666.66,1748957244,Yes,0x28a3d9d6e2a07ebd5da2a1faf65a182bc516e41aadba39cdd7d573e928bb1d48
BUY,0.01,5000,1748957244,Yes,0xe091facf7c52aece431826e1113f0d96de2225992de3bc9dea77a97e46275485
BUY,0.01,8885,1748957236,Yes,0xf2a718dbbc63ef1a4ed7e28a7ae039545420ce044eed588ea3042ae3aeca0ebd
BUY,0.01,1000,1748957228,Yes,0xd4a4566e77e5a69a65565a964917bd790cc60d02c11ec33af12fb69db3270794
SELL,0.007,1026.96,1748957226,Yes,0xac99ae70e2e6a05a25f4526efb47d68fb93fabf030b89d53729e248b23ae2d26
BUY,0.011000000009166667,545.454545,1748957216,Yes,0x904c039311565c17bcab827879079e69cd8d5b7dab7fa8b4a36af168c1bcf6cb
BUY,0.0110000000132,909.090908,1748957214,Yes,0x3205cb4505c2db7893f52cae53d95587dd955289b875f4187c6329e5ba5b0622
SELL,0.008,300,1748957208,Yes,0x91f54ac457927bdb785b5a5d60159efc0793b32bb5292232a8c06a77700ccdf3
BUY,0.010817390482243892,17447.830908,1748957206,Yes,0x6cdbfcfe3f83e391fd698adabd2d3255649f317210ec1c4f6bf5538513e65ad5
BUY,0.010999999891953447,9060.909089,1748957204,Yes,0xac9da59d03e76dfc44d1bba7293050af1009db537c055e5f22ac5573d8206d79
BUY,0.011581444828294714,25850.833332,1748957200,Yes,0x30ee5ef43ae405834f6aa18fb3fc3ce8b7e241d35dae15d99ade9970c34f57fc
SELL,0.01,1000,1748957198,Yes,0x450b5d0cde61834670c71e326fa905666c6b3a1f0955cfb26a0f539e0f2300c4
SELL,0.007764979955403026,41594.75,1748957194,Yes,0x95f95a18805b2e41c7b2a4c859d0afbe714b80a7bae497e1853c04d7c946cd19
BUY,0.012000000003692307,5416.666665,1748957192,Yes,0x622c807aec3368ef5c2f39bca268dc4636b41c65d690e1cdb7d7cecbbc53583a
BUY,0.01348713673141093,86216.965332,1748957184,Yes,0x0a8447d7b9ac691270c5e8dfd84ca2135d91726d104ef0ef18dc6ae504ab927a
BUY,0.01,700,1748957182,Yes,0x7e143ab7ac2f8f8b04621b8689f8081a48d10c61f2b3da60e25105ec876fbb66
BUY,0.012815079995195277,7070.576152,1748957154,Yes,0x5553f995999751c474401446c74fe7c3470dfe8463ea667aaef36ec9e0c4f411
BUY,0.992,300,1748957154,No,0x546384140b8e22a2490f47d0e89aad1b0c6b33fa1dcac139abadff348bd9bf29
BUY,0.992,19158.03,1748957154,No,0xdb2ef922a4f43813a0397cfb8bbd96416c2f3420364c875bd42c022219b61527
BUY,0.011110827711884532,653.416666,1748957148,Yes,0xddc72ea193f854524e1d3241d49720a361c8cd6d916d8e216b5fbd3ccaea50b1
BUY,0.01,2681,1748957138,Yes,0xd26019762c4df5f6eeb1963b63af7defaca58e8b71a83603f4787dc1c6e142f8
BUY,0.01,500,1748957126,Yes,0x353398a19b3a26d8e1bab47ae330d47bfc75c6a7f15cc8971702f7f22da3ccc2
SELL,0.009,1153.8,1748957120,Yes,0x0686d02840a9e21b9fb6e62c53ec19558d262dce976addf51f04ca2f44a965cf
SELL,0.009,1173.44,1748957120,Yes,0xa4d73f9a2d4a226e1fa6759800de1e900970e6ac2f8f88d9fe84e489f9b9d179
SELL,0.009,1230,1748957116,Yes,0xdf68633eb65bd35a7b3cb2838eb03cb546139d0c1bdfc2d0e24847542d1bb67d
BUY,0.991,899,1748957114,No,0xb537b9fcb8dab5db1a597510d705e311396dd9aac4e0d8aaeac20f3e3cbbc82b
BUY,0.01,2000,1748957114,Yes,0xe9d411d2226b03d30facebade9212f33f17b6d6499bb37cab13eacd21276a100
BUY,0.991,651,1748957104,No,0xf59ef9577a7b938ba0732dfc7a551bcd9f46b1415b020c28f1e1cf3fe63003b6
BUY,0.99,3517,1748957104,No,0x2353c17c1ae785619212a5bff6588168b091ebf2806c5ec81a20b7f2127d8f48
BUY,0.011000000014314315,908.181817,1748957098,Yes,0x1693fae31f31f1b1122ae7b10fc52e829d6224133fc337d4342c68629c9e2278
BUY,0.011000000031040565,515.454544,1748957098,Yes,0x4f97ab178a17d0f05b2c2f55d9d973e6d3dbde6d41510d355ce84a20e0725056
BUY,0.99,1550,1748957092,No,0xbf769ee58841e878b6df7097f40b40abcaf5fa5024309ead01ee93a7ba4461bb
BUY,0.99,400,1748957092,No,0x35b4ebc984b52106742928632ff1746a688fb18d4e2f65abd1c26c3654e64f9c
BUY,0.99,300,1748957088,No,0x236fb78aa5cbb523cffea211e84b148abe9d470cd6207e8c969c540dcc5ec04c
BUY,0.011715833201872009,4754.25,1748957088,Yes,0x1d48981682c1911197467c80c3887f45ba37f48dbbf366eb40616c72e0f57a22
SELL,0.01,300,1748957088,Yes,0xe11259e68ff5e2077bd98e4d495bf0bfe2ab2fdcd1ad02a192263c7fed1a5488
SELL,0.01,1400,1748957088,Yes,0xb1a98d61428578c3a7471b1093d6ff581110ab17b03314c15089b710f2315008
BUY,0.01,3533,1748957086,Yes,0xba6e6ee771b8b0af8f20da06bccdedea5520240904055967d8cf2dc1fa0696ee
BUY,0.011,500,1748957082,Yes,0x5c8db41df9c4b65dd39b5d91e7d4110177c72f719e2334de305bf068346f7607
BUY,0.99,2000.04,1748957080,No,0xdbafb0dcb45d0c9af2fd0922ad588cb5d5317db4fbb3e259c82ec7d2131479c4
BUY,0.01099999989231,9090.909089,1748957076,Yes,0x4555ba57689958e69047f541b91fa06ba7c6ea7dc56ca57c7fbaebbececa4cd0
BUY,0.01100000000151724,13181.81818,1748957076,Yes,0xd47853a110aa21853a12618117f1e91470b03cc214b52e5d56553c7437d563b9
BUY,0.011000000003786575,4753.636362,1748957076,Yes,0x03428f09fd190f659b43070db3c6609f3d550a1e49ad821185b1c00f18033767
BUY,0.011,700,1748957074,Yes,0x066cd0e7ff8a694de5cbfaa47837a5a2ecac37de7b1b26b99c7f2ff3350b0459
BUY,0.989,1619.85,1748957072,No,0x353c85d2a77328c61ecaae6ae177504afc1e709256711516fef5c36f9705bff6
SELL,0.011,1080.15,1748957072,Yes,0x7328a88d332496e90f1e22bcf64f72aee8ce42cdbcffb2b48172bc810a99d445
SELL,0.011,3919.85,1748957070,Yes,0x1f430ad8ab05dada5c37eb2e7d5b759576853c7f6c20de7fb65e2b6230dc6d4a
BUY,0.01399999986364,7142.857141,1748957068,Yes,0x0c766f326c106002522a3ec5c2ce88df053de24664877f5ad33e259e16145b98
SELL,0.010195476061957027,22509.15,1748957066,Yes,0x3a1e8d0fa84ed55dffc53c70bb608fb53d6bc45da1e2791ded71ed68c190f7d9
BUY,0.9875448548812665,3032,1748957058,No,0x12d756af79cbcd5ad60ff67d7aac8a9b904461e1e5672a00d9b9751ed381f582
BUY,0.988,300,1748957052,No,0x6480a5080b052828bfe106d6aa85c1b81cc1939791367fdc9bbb0c5e776f188a
BUY,0.013696948156443426,73008.964375,1748957044,Yes,0x3d9e0700cfc2402cfe002920bed9190cf50b70dd65376106f4aadfc167b3046c
SELL,0.01,714.28,1748957036,Yes,0x58caf4a510f8807ce7235adb9d1ba5017dc5816adf82288dc45a43928af56b1c
BUY,0.012000000120000002,166.666665,1748957036,Yes,0x0ae2d0ae4d7df19b33e81cb0b9c1c61fa55cd575e21ce58dff015c53ffb0459d
BUY,0.012,250,1748957024,Yes,0x8a3f31ab9f12903df2fc50c2d4e907fd6f9d2adebc14cfa46aed9a930498eba6
BUY,0.99,301,1748957014,No,0x853c6a6eaef57410400a620100aef0a39973668bd2a8f76f84ef1f85e3278470
BUY,0.012,2062.5,1748957010,Yes,0x7997ee4474d30ec9b6e4b452d8a65e22afb93365ac0ee561b008a5dcfc4132c1
BUY,0.011399104358561347,6140.833332,1748957010,Yes,0xebb6c18adfdcf3c7b3d4edf92035638ff851df8b351e50d9c38b0c9eed471935
BUY,0.989,1580,1748957002,No,0x56e26ab2d580eccbdba73c750a6215dc229b47ad1e5002dfad9244710e47ca8b
BUY,0.0110000000132,909.090908,1748956996,Yes,0x20fc3a48bbd9c71dbce6a830a84beaf1cf7fb933fa0d0d78835c724a46913ae7
SELL,0.989,4589.86,1748956996,No,0x1bd20351fbedffbf31e717fe9a06c307d612cc35afe6728d7a1c61985371aa6b
BUY,0.013000000054600001,384.615383,1748956970,Yes,0xdd2ac222fc10fdaae5d56b6faf8933af1147cae28c0f3b5bb8721a63251c2c50
BUY,0.01300000003416771,614.615383,1748956970,Yes,0x1c749359a7f3d0924723086c638ecf55fdf57248b27b4910bca01b1167f93a58
SELL,0.012,700,1748956970,Yes,0xd5c70e7050676784aa684fe720a5a152b5f4bf3b9b0235efd3616c3a700ab20f
BUY,0.987,2115,1748956962,No,0xe9b023bd97f7a377815ed03e06ad0850af254ada76a63d124d1baec05b112436
BUY,0.9865044582392777,2658,1748956960,No,0xaef86c80ea7ffff2981d1a08168dafac8b298beb3285aa9b0f40629dfe60acb7
SELL,0.986,2142.85,1748956960,No,0xc7fbf95e9e1fbb8b96fac43b38fda12e4e023d0b2041f22512e58d4b7feadc25
SELL,0.013227121323529411,13600,1748956954,Yes,0x43564ed9ab4a38cb38a3fc0ac42b9173c76f07fd6aa5fb9d157990ae601e8525
BUY,0.986,651,1748956954,No,0x93dddae424ce34f11aa947061ea6d35f4cf50f4a84b52052087ab528d54ecb3f
BUY,0.986,300,1748956954,No,0x87249623beac7b4630d44c3f1fc06c7b49bd7596597f121edfbe0e30353b11a5
BUY,0.986,5825.93,1748956954,No,0x6db15e360ce9b9946134df7b401a2a817e4f3b5e790b69315b4c8999b66801e2
BUY,0.014999985374999634,66.666665,1748956952,Yes,0xd5d17a07cbfdc6ed91e87055471179b282557438382dd854f434a7340125c316
SELL,0.014,74.07,1748956952,Yes,0x89203a4645df66fcd75a91a322afa40b7f4747ced153a10220fb418dcce6b702
SELL,0.014,5000,1748956952,Yes,0x96486e63e7ab04c34804a2c8e82a15ce52778f11c6f09f49c3c06e01482b0568
SELL,0.986,1070,1748956952,No,0xa215e47a8c1ee22281b13d9858b1b9dc3c7c583656c5c2b182d2afb3decc6cb2
SELL,0.014,700,1748956944,Yes,0x2e9535f54df3f0e9d4423138a9132120d02478377022540ac0ea4fc55800ee8c
BUY,0.016999998955253164,929.411763,1748956936,Yes,0x08afb347bd04a4c32645fde62560c2c0ca3c3e27930e9fbd7c5d15367159dbf0
BUY,0.989,651,1748956930,No,0xb4ffb3e6e69408dc96532588f7abd3080ccfb9fde109d30a6fe095b3503577e2
BUY,0.987,369.88,1748956922,No,0xd7299b9e1fdd1fc200f7a7b8570211999acc04ca8fdc117961733c7618a7711e
SELL,0.014,999,1748956920,Yes,0x1c059b959c832b70a7e2acb8ad5d057f72cbb060958d6f68d598a32494e05cef
BUY,0.016,50,1748956918,Yes,0xd97b5b5f135ec19d8ee1fd8b61c40191585237270aaa857fcf9001219918e5b3
BUY,0.01898645480349097,18808.671903,1748956914,Yes,0x697adeb7d4af46337d2e4b475aafc87890e2731ab4f79d1f5d1a2e639137244b
SELL,0.011,45.75,1748956910,Yes,0xa75f791a693fdb706803b8ac706273e1a5343bf2578ad015cc37de5d3c08de68
BUY,0.99,100,1748956904,No,0xf2e4b73f6a1c0a075c906e59e71a9894114aea0ad3afed30555c6bd77b1810ae
BUY,0.015078981968418927,31049.841427,1748956900,Yes,0x6d55d45397660a1e48221be5b669aca80dac160105ae3caa3764accbf5815589
BUY,0.012000000003966942,4033.333332,1748956898,Yes,0x77b3e77ac34f1c0cdd8c2881c2b33abe71fb2b018b3df288d8ced25646d3cfff
BUY,0.014,10000,1748956894,Yes,0x5c2010457c62aa3488359dab0bab91363494bdf82a4df7597978d36ba7f738b0
BUY,0.014000000009655173,2071.42857,1748956894,Yes,0x78be6153db1bc9512a2bf7b0701b24615870c21b26ec7a9692e6c5c7fdac1425
BUY,0.013131343205531746,5422.141428,1748956882,Yes,0xcd11e68a018ece668c7cbb3dcb1c862d1a44ad4a9877da2e43a2797d52f0cebe
SELL,0.011,100,1748956874,Yes,0x5283ec3056649c272a723ea32cae03f1b80c189a0187feb322e1c3c4aa347dce
BUY,0.016429709025898537,146076.841362,1748956870,Yes,0x8379f3d38a3b25c597c9d53a1ce68f9eda11d39725009753f68d497a44abd411
BUY,0.99,5.0505,1748956862,No,0x6f8d1a44ceb09e03e358ce0432d74c17e8fd1bfe49517d21f35ca7480ad61a55
BUY,0.01300000000728,1923.076922,1748956860,Yes,0x360115a59aa9a6b0530e113065c8a3e35b854c300a2cbb2d40f4256022bb4734
BUY,0.012999993655999924,153.846152,1748956860,Yes,0x02ec3f4ddf009c79c8d143a7f6440d8fe5d5f4e509c6edc72b4ef53ef8d3b20d
SELL,0.01,892.85,1748956860,Yes,0x50ea72ff96446d212c10c598d651f2a3e456fbf890edf3f4b71bbfec165e5c62
BUY,0.012967408617110413,7670.769229,1748956850,Yes,0x8edbc0de1527803da3d29c971e79494c3b67557c948bec95e276685f614b3c68
BUY,0.991,5,1748956846,No,0xe4388fe5360061f197fe512959e3aa8433c7aaad5c276407f105059b66e6b618
BUY,0.013977436466085173,101195.952665,1748956846,Yes,0x39c258f3f7b01cd2e308dbf38da6ecc6bb214b4771ae65e3de95c1844fe80889
BUY,0.01,1000,1748956828,Yes,0xb7ae64451e510f58b0e06116781419371c8213412442d39dfa652eff9cbcb576
BUY,0.992,75.53,1748956824,No,0x3081dc21485970e94ec08ad5223dcdafb0651c4fd5f9147cb18b32c2824e6a5a
BUY,0.992,10,1748956824,No,0x1622f88a590c8e3931eddd7615fb21def1de2e81eb011c541005693c066d4c85
BUY,0.01,1000,1748956820,Yes,0x8106dcb135a768476a4d4c8857c2baab2a4a93f1140fb1567b41224a5b8e9667
BUY,0.013995801259622114,7145,1748956812,Yes,0x98ca97ec5f90c99b782bc2f7b2354ffd9e8a427f72b94feface17d19698a9c6d
BUY,0.9929999999925343,535.780428,1748956808,No,0x400815fa18ec6f239eb746b171f1d75819746bb8a7c9a0ed2183d839d6a49417
BUY,0.012450337007658933,53813.804284,1748956802,Yes,0x6dcc0638217c6481222aff74493e830685cbbfbc682b150d28af81bdc6d5ef8b
SELL,0.006,1042.63,1748956796,Yes,0x5adf713ceccb57a3195f3ed82716109708f4ca09747c44d46f4cebaaa1099070
SELL,0.006,200,1748956794,Yes,0x3bb2408828a19fd0c33c6b6fa58767abe6b1f425a646dd824c5e592820a37afd
BUY,0.008921335853471936,33627.251,1748956792,Yes,0xbf460ecf57f558946060b76b23e1f1172bfb0d40075e81dc883421ed1a52ae22
BUY,0.007000000002566452,1558.571428,1748956786,Yes,0x662f59ae7d580eec0e27a5b3e1faedb12aace5fbb8a3848d0e0d3db47fd47186
SELL,0.007,5724,1748956786,Yes,0xe82f4a7c6ddddcff2630432de983f427c5e84091c8f2f3c6f646b45a83b650dc
BUY,0.009000000002925,4444.444443,1748956784,Yes,0x434d0cd47af52f07706f9846ceae74a9cf58eda920e0dcc9442f046530408562
BUY,0.008,625,1748956774,Yes,0x3223debe93125627c5f0c79fdd905830fab583fdda761d6a3aee2981765d61bb
BUY,0.008,13257.5,1748956768,Yes,0x88291f8b73c3e1ca7def82c9a2af29a444bcff784375335ba7622a570bd14bca
BUY,0.007666069352096316,3000.23375,1748956764,Yes,0x8c99cae7c5cf33cfb41305615c6b275b7d476e73b33e307fba8076fab03e1c95
BUY,0.007,1300,1748956760,Yes,0xa2a9c401c2e3a214fde87fb6f57cf63d7e2b38d0996180bc72f615652f3a424f
BUY,0.994,790,1748956758,No,0x692de431d36271e099cca7a8b040f2c076390c0fe1e82f579b7b75607b2dac63
BUY,0.993,796.13,1748956758,No,0x4b78da9b6fe13fbfe32f89f42c7c56fb834363bffee03c7bc63b92658efb8e8a
SELL,0.992,928.79,1748956750,No,0x4c2289d696982192b5a5d22690b1d5744ceb38778095dd1fd87e8c445198b28a
SELL,0.007,200,1748956746,Yes,0xa6f1617dedcdb402614ea7a2f5b79db4a43919ef1c852b037ac1f1edbe35a34c
SELL,0.993,4101.87,1748956742,No,0x8346395eb74ce903d825966a6d24b8b2576298653271a8943a5b9053a1b27b77
SELL,0.007,7898.13,1748956740,Yes,0x65934d07a18c184bb5efc615eb617c8662e1da5b62e2d6f6cd3e7222e005feed
SELL,0.993,1000.01,1748956738,No,0x2d3bac128031ed0551898def720dccb2709f4953c2f706c8852c08ae397772da
BUY,0.008,2592.5,1748956732,Yes,0xe763d43649b995578c2ec35317303ebf9daffadfbf7cf6aec7968e368c0f0eea
BUY,0.994,3333,1748956730,No,0xc26bdaa08de4aaef098b95b639b63a1e598a24405a1642d20cdd85fa03884fad
BUY,0.007844813703013345,127604.05,1748956726,Yes,0x375f2ff133601a3b3ab1d5d98cb225be9bd6560aa8cdeff39e01ff611a4e6652
BUY,0.007000000003003218,3995.714284,1748956724,Yes,0xf232c06e96efa215cbb6942e8e6851d28ba34891baa588234981566aec4406c3
BUY,0.0070000000077,1428.571427,1748956716,Yes,0xb5dfc151de9d7f9ad478b570381c2b86e1a48665f2878f5dc051c48280b16f01
BUY,0.007000000001722724,1741.428571,1748956706,Yes,0x6e75bfd68929cdfd211e4e1b2d0a85250b909bd6d5a384eabc12cf3120e9204f
BUY,0.007000000008425926,1542.857141,1748956690,Yes,0x0bdd749015dc5f2479d7d50414d1246e269125341df46179b337a468b28869ca
BUY,0.0070000000126,714.285713,1748956690,Yes,0x00a710a38a3d58a2118ac7907756ceed47b06b79598a66c711b3a6dae4c9b799
SELL,0.004,7845.35,1748956682,Yes,0x7c7ca50eeeb52bf4de1ba138395ae3da44324dc0718706cbf4732e6666e5a7b0
BUY,0.00700000000084,14285.714284,1748956672,Yes,0xa4fc6514ea89fe44aacc103e43adc4a9c4675e3657a99c51f1faf61ddf331f08
BUY,0.009000000013072626,994.444443,1748956660,Yes,0xfaa78ab0816bfb5b6dac4b76aeb2a2e74a5e27193dfff7f37ca590a5bc82c4ed
BUY,0.009000000001237036,8892.222221,1748956658,Yes,0x6392f91d31cd2a39f2ec8a10c60e33b41ca9c38db28e7c78c6b43627283fff2a
SELL,0.0051650145259469656,8636.27,1748956656,Yes,0xff68bcf944652b7bbd117758021b976022cded205a26fecd0d9db5dcd83bf3f8
BUY,0.991,132,1748956654,No,0x71088a6fa96d65000efdc04079ef814384ab3909e3080cb1e003e601404d6241
BUY,0.01,281.93,1748956650,Yes,0xf1369ead5bc6f03ee3c276c93fce519f417244d1c5e1620e1ef2e817cc45fbd0
SELL,0.99,48.34,1748956646,No,0x8ad52c791020a5238fa36cfda386b0640c4f86cd99f7c18e659b396cd7dd39b1
BUY,0.01,5000,1748956644,Yes,0xc4f0958bcda4c4f4990c1ae5d351855ee031b55274d7cb15c6b779ea42806452
SELL,0.01,1783,1748956644,Yes,0x710c5bf02645b9233f45e391974cb241cec4dcb17e063c32fba0f1c90840f3ad
BUY,0.012100168095535184,41321.74,1748956640,Yes,0x932c95025235ce37bdc580d30a123c8bb85fbc35e8db3aa5b31076a954faf1d1
SELL,0.01,1853.75,1748956640,Yes,0x91ed931e07784afff68a72cb528e60f0ad605a1a5ec63358a6938db6371d0891
BUY,0.01100000000715,1818.181817,1748956640,Yes,0xaec06a9de0f02e6b2d8958f9ad208c212be5a7fd8fb4903fabbc7247e1f7aa94
SELL,0.01,1234.75,1748956636,Yes,0x340d77e84bbca9343284436b2e817a9f2faf1707edd8d3422b68035e0b3eb2d4
BUY,0.012,1001,1748956634,Yes,0x1414ccf406cd2f4870090afbbc83b408ffdfd9e5b075ceca823d2ab7bc5df872
BUY,0.012961573859475032,38575.562306,1748956632,Yes,0xc43dc092ac85a7c42456f9b6e0bab4d934ab7fdf841ac762155849962efdb9f5
BUY,0.0120000000048,833.333333,1748956632,Yes,0xbddd64cb3def6b09a0cbee90a9acfcac006a7f1e4086aa9b1c9e683979a90b9c
SELL,0.01,3000,1748956630,Yes,0x8c67539998ac60a953985fa29967a5d3edcd54ba7113f06570a1b91f61101419
BUY,0.012,845,1748956626,Yes,0x8ca30af88fbee02716bb5856eda68c52a649a68392a9660e776c096d3dd7f503
BUY,0.012,200,1748956626,Yes,0x47ef605bddf764aa1b0c7a7c21e4595d00b86b9a445e10053a8f0a61511e4c85
SELL,0.01,6122.5,1748956620,Yes,0xb4160b60b838157b7906a679b9190409a45361da5011e2ca6facd5139f642d9b
SELL,0.987,21.99,1748956616,No,0xaaf002a6eec7926c7706b59e6cd6f786ba06dd5c02bbb29c4b4c0784ba786369
BUY,0.988,4452.3,1748956616,No,0x2647ab050029a43417e81e61096de5ac1d031b81e5960f42d30f16c134eceaa4
BUY,0.987,738,1748956614,No,0xf0092ec9a4a2d029747b420377f3e54ce473f74f543328ae8f8c124a8ddca160
BUY,0.014932212949125652,6620.586,1748956612,Yes,0x55bd6f92ffcf955442dbac00ac7bbcf0ecadde70ea21cab4e98b213a8146708f
BUY,0.987,1910,1748956612,No,0x7a250a2e383031bfa478d59923282166abe2c037f3493f93d176616bddcfac68
SELL,0.014,2354.44,1748956612,Yes,0x15eb53f413c8c0602b272f84c35950d6d2434d73c28800682cb48f325d278573
BUY,0.9859999971828571,198.78296,1748956612,No,0xb14dfb136e01b8457129647d6e5c6f3665cba988bce05cf8ab0285ee60bf05b7
BUY,0.015,14000,1748956610,Yes,0x5a94074d919538bf2556eae649400254e5adc0844c6101a5efb746a4b00d462d
BUY,0.9859999952379558,101.217037,1748956610,No,0x394d6cd30b589d898b8c947a3b3b80fab876ebb0f33d2ed93548d4cc1b3b2f89
BUY,0.9859999992479647,1151.541581,1748956610,No,0x37fc8bae9b1cf67a852f98512b70906c36a8d0365e252598770b08342b2186ed
BUY,0.016,312.5,1748956596,Yes,0x635f2ee26c97f1a7989ae24c1ced4a6aca58177ef176dd58c87f6c874d39eb1d
BUY,0.016,82.49,1748956594,Yes,0x44a5cd38be7907eaca9b7f4b5cde5ba7b314ee0e398dbcd62e9172c0d18043ce
BUY,0.987,651,1748956592,No,0x3ad362d057796dba826293acfa81312980edcb6cd04207093f8771fa6c5e34dd
SELL,0.012396667988893295,1764.7,1748956588,Yes,0xf3fbacb5afb1ca8df3ab82cdcc10dff4d6d82b7f6d6fa5da9f42ab23f453c256
BUY,0.018423799808073286,2171.104735,1748956586,Yes,0xf0c0bac252b289f6bd09e356cb50352fdea5cc1bdef2e75449b3e2c413ae15e2
BUY,0.986,720,1748956586,No,0x799765146f70dac1bf0d3043f38445db9aa2fdc8f10914087f2fb970d6481802
BUY,0.018,701.16,1748956580,Yes,0x16e284a9abf71996d47bf03d13e7ce0fea4d81b687c9ac6ea97f70b5a9759895
BUY,0.9908007969679439,6931.27,1748956574,No,0x5f94fd68d3666ced2ffb6912237c6cf13554ecbad36f4cabb093e549e4317d0e
BUY,0.019829643345636028,50429.550475,1748956570,Yes,0xfbe1774b349a64428b7d657a37e5e6f11e7a4908e1e0073bf04d4eb6a667474d
BUY,0.018000000018,333.333333,1748956568,Yes,0x317612e382a677e0b1d2dc6da61718152a06a85be89e48f0363b436c9eeda92a
BUY,0.017999998420308246,612.777776,1748956566,Yes,0xbc9c69f70fb7d9220d817d78573eb9823c272203c1f80352794a0854404fdb59
BUY,0.019000000013629843,1834.210525,1748956564,Yes,0x321af6122c3c9d7efa7a5b827cff40b7754e1e9c5a5d992f6686b100f8684560
BUY,0.01823912949117229,18430.6,1748956564,Yes,0x3bca1386e4f8179786614a630bfd14ab1321e3f86e9b2bb977d2a96d31165fd0
SELL,0.983,132.93,1748956564,No,0x06e91ca7fe68db3a6122f379f26e656d93423a9b7025634a0ff53907c983c068
SELL,0.009868479167915317,32535.15,1748956544,Yes,0x93b4eebf350ef97ee682085cc72b00c8023cd35a286b56492d9acc7ba348f30c
BUY,0.006,700,1748956544,Yes,0xb852063cd72c0224bd6025fbb865efd1ea3ac410e46017418f4649e402c3b116
BUY,0.020010016170888063,50186.366189,1748956544,Yes,0x8920113914be2b980fc7d209823f6357a8b1578b801089ca55ad1cb01a1b6892
BUY,0.014102545434376917,815.455554,1748956540,Yes,0x870ec821c94825e3effc87b624fac25e1f32b84ffad647728866cc25b08ef9cd
SELL,0.015,2222.3,1748956536,Yes,0xaa114d99bee6ab0ba490d64de35e4763fb637c70f3a1d833e6261ab76c9eb1a9
SELL,0.015243634285714286,7000,1748956520,Yes,0xdf165efd94ae827dc7c76a9df513a2e92701bda6cacd71458f9270a04110b97b
BUY,0.0190000000532,526.315788,1748956512,Yes,0xd2ff0a3b25ed4c7828727c07d0c93b1fc47fda9dc275cd04fb6dd8285a337354
BUY,0.018999999076375566,1042.631577,1748956510,Yes,0xf65ad83b7a4b3f309c244b8092932e418f0774af1680572230138d9fae8a5313
BUY,0.983,25265.59,1748956508,No,0xb7a5cf1520abef6eb5fcfab8e9455a972ed5dba3aa7956cbcf0857ab12215e70
BUY,0.9829999999581613,143.407882,1748956508,No,0xb3cc575be8d3cb28c9a5f288af2433f412dce1a259e14327520451a75269b74c
BUY,0.0190000000532,526.315788,1748956502,Yes,0xa27a1d5c8a7ce679a08a324a1849372946cfcfc7321523a26495ef11c3ec5134
BUY,0.019,2000,1748956498,Yes,0x14a6ef8ef85b54c9266eb0a306a26aad3d2e8f1db604e0693003a4985eeb1a11
BUY,0.01961866225246766,5097.1875,1748956488,Yes,0x487bb1c087e4b528aa17c015c6268379bad24a8bef40b162794c240b8509f195
BUY,0.01853281423132475,1888.542105,1748956484,Yes,0x1d483df31de6dc5854ae761bd8b80b5f024d731b9193706cf6b62baa5fa3ec72
SELL,0.016,8500,1748956478,Yes,0xe120e9f0045b27ef743c24535032a11548b615c056d08240c3eb2be5178734b5
BUY,0.01899999613626832,251.05263,1748956476,Yes,0xab195c1d3e4b17a587c10f6164a790b11c54cc05a89a13d17ab40d7f05c7b5da
BUY,0.02,3703.5,1748956468,Yes,0x6579f1873eb2fb8a7c1faa24bf4ab5231165213602aa72ed9b3f5a27947c9bc1
BUY,0.02,2500,1748956466,Yes,0xce6c75eee328ba3f651974d07caf6a0c0d55e4a4b060d8fc3a561f489b443849
SELL,0.017304553898413035,18841,1748956458,Yes,0x8d3403954cde624534d0bc5b0433046b03b72a311ce097f519f893ea868148ef
BUY,0.01920102230996694,5502.832,1748956452,Yes,0xf5d81400b39aca4591f5d9f56750d4ea4ef518270144c32e0d9169da9da8bac0
BUY,0.01799998250399951,55.555554,1748956452,Yes,0xa1369be7e02bc108f3efc34acb61c601dff55f6f10e762755c049e966a8c3015
BUY,0.9829999998152689,86.612352,1748956450,No,0x31ad20d49b76dc593c02f4ad118a65dc31445576364e46e773416f0f9e37fe20
BUY,0.01799998250399951,55.555554,1748956450,Yes,0x9acc45158725ecbedbe665c943821d836a99ab808b9784e1f85cb4584d0a7e97
SELL,0.017,833.33,1748956446,Yes,0xab0c528cbc7bf41e3e88299e4d2ffd5f9beb059289195783df651a4004f29a3e
BUY,0.01799998250399951,55.555554,1748956440,Yes,0xa94509bfa4ce47ae0ffe63ccac88272f2b5fa745771c2702d160cef91d0a2b57
BUY,0.983,100,1748956438,No,0xba994d597a4d539e21b714c40fbbc9289c2ee3983a77c6be5cd1139dde356ad5
SELL,0.982,650,1748956438,No,0x2f26a426d22147e8e0331aaaaa7cf04a09bfb64a10c2af83b117d4268085184c
BUY,0.9828089548795582,22193.71,1748956434,No,0xbabf4834c383431d514f925f095e54cc7d709e12785556fb43abce025566ba92
BUY,0.983,1000,1748956426,No,0x9f7df9f6caff2dbbca449ddacdff5be37460ad064f13bc193a3945664701f524
BUY,0.020439401767760507,14084.560951,1748956426,Yes,0x4f7cea8c36836d604e7a5cdbe563261fac9a8c07b1f1baeac1ee666946de952c
SELL,0.018,2094.99,1748956418,Yes,0x90b02e070a1120bc4ebd9e16b0b856273b7b968bf42d9ad90be6d394b7e378b7
BUY,0.01900000002643896,832.105262,1748956412,Yes,0x706a1c2c5344111f5b2011d723ce98b887144792ec3e20748bbed2f40ce1acd9
BUY,0.021999978703999317,45.454544,1748956404,Yes,0x1e8a46c73dafb37f9f5fb827b0dcd13a0df6e25a3835536d66376c44aa4c4c99
BUY,0.02028449375136997,24147.016189,1748956398,Yes,0xd5eed34948de247f5b4549d55989e28d1a388d23636eb7637462ed82768a26e5
BUY,0.0189999995421,2105.263156,1748956396,Yes,0x7459fddf4d7d8658245aaf46094da5e5e0b2da7fae7d4a663d6085f8bd9263a8
BUY,0.018177999333882856,2365.496841,1748956394,Yes,0xbbc83a8b9c6d932e8dfd86928d03c83c3ebf46988a1961a4ee8e6512ca0331b0
BUY,0.01799998250399951,55.555554,1748956390,Yes,0x8bd215e656517ef2bb30e0a0415fc60134f57573fc33b46a2404abb558462020
BUY,0.018,1630,1748956390,Yes,0xa1c030eda74c355a6157907181d2eded1d4a2470209881c75187dcf1d4fe1a8d
SELL,0.017,3871.42,1748956384,Yes,0xc84a1a1f810146b12f8618ba77c16b12b6d4ed0a8e9bbb98e8c1c4d0e0a167f2
BUY,0.02199522560258602,10472.727271,1748956372,Yes,0x231769a3b2f51ce0290230cc7d2d7dae877fdb9d1ee433752d43dec0938c4370
BUY,0.018,500,1748956356,Yes,0x658c7e9dc1ee37965b6bbe9cb6560b472647df7df71a182be94373346d3fe461
BUY,0.018,700,1748956356,Yes,0x95a1fff42f824ab357709496b1c4061c5949cc0c6d5fdddb3b52e3f0a496e7a9
SELL,0.018,6413,1748956354,Yes,0x8f714efde9ceff1f19be9c7262fc18b4da0f3b0558246cabb04da8d98f661ab8
BUY,0.982,95,1748956350,No,0xe3083a5c172e59fbab0e79c61c91d4ae79fc35231d7884c65c892b3f1928fb0b
BUY,0.02,200,1748956350,Yes,0xe5a67a62665d1b13defa81ac77fde36223fdfb8f544134ac1474d9db6cb10b4d
BUY,0.02,503,1748956334,Yes,0xa2bb8ae4981dfb2a9e96e93dc6705e1d685581a34a3ef42332e7ed0e16dc537e
BUY,0.01998128299272607,5004.683635,1748956326,Yes,0x2e593980d4f38c4f66ed3cd3408c41ef0db5f6f4e9e5fb2e2e9b3ed2a81acd09
BUY,0.018000000035643563,617.222221,1748956322,Yes,0x8ae95aef6af3922d006800c9c1bdf1cc6de824e994ce9a36b61b3fa32a3d3e64
BUY,0.021740438114091657,4394.575652,1748956322,Yes,0x62f0fde0a3c13c8256737c2cef690617a5ddc1e075396cf4a6cfca9e4a7748fd
SELL,0.01763429873140254,5000.01,1748956322,Yes,0xf8f8e276f411282659cd31c0dbed32154494bb1e08de5c46d6f55c544c851f5d
BUY,0.02,100,1748956322,Yes,0xf2c4adca92811bd3925e49c8fb3122ff9820977d5cbb0b3e6fd429f1451a4133
BUY,0.018,100,1748956322,Yes,0xf673ca048ab12eba03e187b04d8a781bd0a3a8ee1d094984c5bad618f5244a86
BUY,0.017999996515199977,277.777776,1748956322,Yes,0x31922de1af0c64d411abe66f44e06da6855a06f67612f00dab60687d15d25a9f
BUY,0.9818801144411217,6214.261709,1748956308,No,0xce30160d01f221358b564e7ea4fe50c1e21fad2218433b1ac15afae8d931d02c
SELL,0.98,200,1748956300,No,0x4559846a77d00c3aba43cf51b0fa340017298698255b2f1b80c7c5fa2c267d90
SELL,0.02,1000,1748956298,Yes,0x72aa8d4de50b38b773c142c0f3aa9860a70952d0a8d20e58a29bcafb6dd8c46a
BUY,0.981,100,1748956294,No,0xd29f98d0059e4641ea3b04bb17dcc755f283172aff10791b45d499c30cff110d
BUY,0.0210000000084,238.095238,1748956292,Yes,0x102f698331bdda107f42bb4ae86a6199d2e53d6f2fefaceae70b2a37a12ca5ba
BUY,0.9811223674562528,706.446,1748956290,No,0xdb3ea9f654190d54c2f84aae95e7d991dcc31df3af00b95be5d411085ace843a
BUY,0.0210000000084,238.095238,1748956286,Yes,0x21a1b63df1d14afc0b354e8448a08e79af40b676a650f1d628d96eac698f3884
BUY,0.0210000000084,476.190476,1748956276,Yes,0x469fc83a52080525a45a691c6f9737d3b6cb9a1c61e5ef6c020dbce5cb88e68c
BUY,0.982,300,1748956276,No,0x672663fed0cfc9822db6d69993b85328e77d75bae3a02f4773965025e73d0b92
BUY,0.0220000001232,227.272726,1748956274,Yes,0xfc75a12779ce0d91003a17e954a1ad92331713ed05ab0fb5d12e6512e573dc95
BUY,0.023795795677341348,16261.696152,1748956270,Yes,0x1937050d59a168d17e41313e876f6b373ab7e229d1dba3e11b32d8b7c05c916c
BUY,0.01899999693466665,315.789472,1748956262,Yes,0x03e5f4fde84419ac6499a674dc7658762eb64f1692c9e273bade4f9651a2463b
SELL,0.981,440,1748956262,No,0x3196b0990c68547cbebd727350e453048b4ae5135d57b301844564c45dcee936
BUY,0.019,700,1748956260,Yes,0x9424fff31d02107d51ec75ce50dcab16eff3b22530916ac44e73723aa798783f
BUY,0.982,33000,1748956258,No,0xb6af480a90a39498ef293496f86401057f0d63b07f7dc232ed03b7b3885a2673
SELL,0.018,2192.09,1748956258,Yes,0x5efbc1fa89562b34e19f8d2fd78272ab67f576a8dd236ee5a39b977201ca3e0e
SELL,0.018,3093.72,1748956254,Yes,0x23b61e8bc5003de3fab6536b45bd28555343c23de49d70e1e47ea6ab25bdb565
BUY,0.02021457487335858,4952.367271,1748956252,Yes,0x4ed41a85edf5caa1e53a9936f18aed88b180b4d8d9d0641937b2763a152adf4c
BUY,0.019,700,1748956250,Yes,0xb98baf14e4fff7c7bf2c7c70573b6fcb88b3c3257efe37a337912754d0178586
BUY,0.018999999085149998,1052.631577,1748956248,Yes,0x32ba83048a623675dddf4060eb30e70ff990d8e29e56d8138f09221af54dad8f
BUY,0.981,8886,1748956248,No,0xfc6898eaa3533f7c514114fe890081c94d9e9c83081f5127bb25e2219ff44312
BUY,0.981,1500,1748956248,No,0x2465316330fdb6f204264949ca4246b87665cff357a90ba66b4eda892eb93c45
SELL,0.019,2500,1748956248,Yes,0xa1c2ba81b28551b05c1b39a57182ebf5657d07e0adf5fd579ef386fe65dc82bb
SELL,0.02,10,1748956240,Yes,0x07f76779f9b8ad0ab290c5617d3b30b35f45a30406877ce5f66df19fa3aa2807
BUY,0.024305720659358175,40731.15185,1748956236,Yes,0x46aa5d769d16eaf05af71d07674eeaa9e733dc23ce2ab4dc9cc9f7aa39dbe7a2
BUY,0.982,300,1748956230,No,0x6e4e9db3a4e1b1d8f7c2dbead6bdf4dcb1ce615750e057e83e663a3e84e4e456
BUY,0.02,2891.5,1748956230,Yes,0xef0419693fbf44d42bad673b7db8155846bc0c13de5621cd7e2a1cc657e3b322
BUY,0.02,5376,1748956228,Yes,0x3fe6a7da40235ecf87c1c128b2bf058574f9b54887d01e8d875bc8f298affef8
BUY,0.018,9201.87,1748956226,Yes,0xf21b597d21242fac21fc31e622e480957e0a841d3815ef48c9f7fb07092e71e9
BUY,0.0180000000045,1333.333333,1748956222,Yes,0x03deda37c30bda2fa14d1a0d1e51deab3aa35ad79eba03ef1ae36cc7981c59a4
BUY,0.01799999930448,1388.888887,1748956218,Yes,0xa03e9637dabdb25bb9f7d893a6c6485f6dcc9000831daa39d7c4a8ec34694a2d
BUY,0.01799999965152,2777.777776,1748956216,Yes,0x9ff5e100d8b8ba0fa21a9ee5c37827f0a111f3638c64bf30dd3b93e910b0cb0d
SELL,0.017,55,1748956214,Yes,0x635728a02fd15fbdb0d40385c7c49d67841f221d2340d23cd9e6ee40f46093cb
BUY,0.02022110794518853,3956.261903,1748956214,Yes,0x0500956c2eaf7b2e50944b369e143520b8c1c38086d891d42b0e01cdabf22b6f
SELL,0.017,581.36,1748956212,Yes,0x30c0ad5437191ab1d61654f02d07c08caade381f9a666b4c3a40331938f24dc8
BUY,0.018000000018,111.111111,1748956200,Yes,0x3ed276e9e68d84295248fb3ac5c45ee1fe46a61b76a600dfb80e0788be727bee
SELL,0.018209013448311263,9741,1748956198,Yes,0x7803079975de0f3709683ea375779365ad5d88c37dc6cbab58ea686125cdacf9
SELL,0.020459016393442622,3050,1748956184,Yes,0x97643e427c0650f97bfb29204c3e08ff862ce51e10534c5d505941876d98a616
BUY,0.02,890,1748956184,Yes,0x0d53970f961901bdaa3263d512b0672fa79fd37dfae9959dc5d07f672c2bdab2
BUY,0.02399997695999908,41.666665,1748956184,Yes,0xcfa017d66219f91d7db74e163f7e96ede45b7116e0ca38c7004b285833676ccd
BUY,0.979525,4000,1748956184,No,0x16c83a05c0a5233ce5538a36197bdccbc57aefa17dee5dab37929dca099f4888
SELL,0.024,4000,1748956184,Yes,0x4c2fb1d34cbd50616e7779881eaf67547d9486bb5786bb442a40ac65b3090d9d
SELL,0.974,397.29,1748956184,No,0xdd216b04c74a61f8e5f0498e46d2a261744267eea53945543c32491e28c17415
BUY,0.977,300,1748956180,No,0x554383e053e526a95c4bc0a0d2d6ae3467698391330620e0d299d1d5825ebe68
BUY,0.02599999881638095,807.692306,1748956172,Yes,0x014be35aa053a058c7003ed913cdeb09ee1a388b523164e2e30bc7b53910e256
BUY,0.977,700,1748956172,No,0x0fb0c9def33f18da026a15d49059c6b911ee53de21015e3a268e4f62e27a308b
SELL,0.023,700,1748956172,Yes,0xafabb1e427c5f0b427fa36d5f1fe8415a49335bd959ccaf5d43d6d5d6b2ea175
BUY,0.977,300,1748956170,No,0x6e76fab2a7d4163410f86b73220785032c9ae2620d2be66127394e9a92a64f0d
BUY,0.026000000086666666,346.153845,1748956170,Yes,0x86be9389d05bb66ea1ea7118f5cc2a75e867de80bff6d469c63d31e69721918a
BUY,0.025999999218933416,1218.846152,1748956168,Yes,0x776c634e938b162e05676678292f6e642e09d1b21159a35967c3e4eb56f25f54
BUY,0.026,1000,1748956168,Yes,0x0e45fe573b087d3a9101c4bc7bc5a319368a31e865865b0459931d1996b58503
BUY,0.02699485488270471,1166.148147,1748956162,Yes,0x01b53d3d17fedc97e9cd2ecd60abd549f7f0f094c1804c473647d4e7cd9c462b
BUY,0.976,200,1748956162,No,0x5818b8fa17e80412aafb1e51cf7edbdadf1b093bb02ccc549393caca377b4540
SELL,0.024,200,1748956162,Yes,0xb0e7039fefb1ed9931d9ac3e44412532674867e6cb391d6c5cb5c79264f71e6f
SELL,0.025,700,1748956156,Yes,0x1d40a616974f5f8b8981872e5497c293ffad18dc4b2fc6c44283ea807398cf8a
BUY,0.026669900244853505,37495.453332,1748956156,Yes,0x8553dbf7ae373f6f5eb4e49d27524659b230ab223a38057be165f8ff14e5063c
BUY,0.025,4621.2,1748956156,Yes,0x494d81bff8c4b80f5bc3d61bdf2b53cea10ad240fe98ba2028a570837e47f3ee
BUY,0.025,100,1748956152,Yes,0x1ee1674b09ded3308aa55d035795c3a75083bc694a3dea6815e1be59c80fc70a
BUY,0.025,400,1748956152,Yes,0x1f37164a537b4835f169b2e1f157290a85a7acb395404cc90b43f377d0ea425a
BUY,0.025,200,1748956150,Yes,0xa41b740ee6f86692213f9298ddbc66f227da12b396e23542e04ae393ea3e9b33
BUY,0.976,300,1748956148,No,0x90f9645ae8688b2dfb545be61c74acfc55cc119c2e87df1b89c813aecc121734
BUY,0.025,304.4,1748956146,Yes,0x785ca728404996c4f79ebdd32f7180520826b3201fd59ec45ecc921021b55f74
BUY,0.025,1374.4,1748956146,Yes,0x301fb5312a14c61b51a7a75e919694c3a29e485ee9af97f56bde3592715bbced
BUY,0.976,100,1748956144,No,0xcaa363f952b4f162ed50cef771379025e1671d3bb09ff4da9c3e8fa83a776891
BUY,0.024,400,1748956136,Yes,0x5cd0cfc638abc8b57b6ba38d32ad950e09d7f77da6bdae02691ba77eb3d61d1f
BUY,0.977,100,1748956132,No,0x401309f0aa339c34d9e6720f15bd811ded3f918c0da44b547b0ceda222b1dcc9
SELL,0.976,200,1748956128,No,0x8308d1b5135b475ae2eec87f251a99f2e54e899e98184d6a7a57a5455c24ba40
SELL,0.024,500,1748956124,Yes,0xd8da5a91e9fa40ddd943d027f6ef08a76e1db5e7b738eee102ccc839a2072961
BUY,0.026998666668976688,15000.740739,1748956124,Yes,0x0d5ad56609838e3eb3ba3f4db94f79c0c18b43ecd28694d45a088b252b39775a
BUY,0.976,500,1748956122,No,0x62b700938a5ccef8c28887976a964c236380742cadc7245753151456f9cb4366
BUY,0.979,102.44,1748956112,No,0xf844f4a568a6bda7441868d40c58ff5909689c76e8e7422315a8cfcef3fbf50d
BUY,0.024000000009643394,3318.333332,1748956112,Yes,0x0c3248ceda97028bf4cfada06368b86626db62308a96f2d330fa72dbe83b121e
SELL,0.979,922.46,1748956110,No,0xd75aeef062fe2d24a9e7b0206367e4906cda7168cef800547bafd2dbc70f101a
SELL,0.021,922.46,1748956106,Yes,0xd8f01ea6aacd79af62cd08751bb38bc9055067ff6532db3661abc032b2d2619b
BUY,0.979,777.54,1748956106,No,0xd911d9b20ca333357eeca8acc4dc7b0406d93b5dcd4b12f7b3d21753301d9ae9
BUY,0.02599999917493333,1153.846152,1748956104,Yes,0x077a57497c48799b089715b2237c6d4a8778ab2376d991fdfa1aecdfbd0d3a70
BUY,0.9788,10000,1748956104,No,0xc5192cfb7346c3607df6287a7cbd0755447c4482facb91bc35b5abccdab511a5
BUY,0.979,300,1748956102,No,0xe39c278e03cc9b9d2f76b6397d22d02ded9c1c1e6cfb70f9fcea99958ed8125b
BUY,0.025,2800,1748956102,Yes,0x5e85fac6a31cf8c2581e1da92b33860bc2c4313862ed752b8321d718d7e4600a
SELL,0.021,1000,1748956102,Yes,0xf776afd2278a0e5b0569a15f3ff7320096e829f0b8443d2a565459c08dd064aa
BUY,0.02699999974242,3703.703702,1748956084,Yes,0x8a4dfd7cb9ea67511c7715f50edd63742bf75ad6e7e956419c948157d69b1665
BUY,0.027,2600,1748956080,Yes,0x101361e4b725de34bd62337bca82d033fdf35e77400888323f2086084a0d9892
BUY,0.9832678571428571,560,1748956080,No,0x34558c09a1736d62bc996c71aaab634073b1dc010046c912a6e91866c00401c5
BUY,0.98,50,1748956078,No,0xe3412850293acf1b77ce5927addc7090aa616cbe60d4555f159244744a90ab51
BUY,0.02662244772217073,1866.47,1748956076,Yes,0x2c7a60d113e1f690147c141c8edd30815c06ab3e6d121c27ae0d04add6a0baae
BUY,0.0260000000416,192.307692,1748956072,Yes,0x7fa6166cba367527df65b4d6d00167a11c9cc9924aeac1b73caf11c03172d605
BUY,0.026000000091629956,87.307692,1748956068,Yes,0xc6bb5a1b5bf3aafebd84a3f3851ef25c229be87da618886e784fccaa65676c81
BUY,0.026,3000,1748956068,Yes,0x87dd8ce7c4cc4377924a35e08cd254aa2a2de33e42318c0127af2dba0fb97af6
BUY,0.02579253792157101,2675.192306,1748956066,Yes,0xc6cbcaa0bba20a300932bebf6a4bff52de3e42895b302f8f1bbd57cb9d5cb3f4
BUY,0.02589174682443163,11169.196152,1748956064,Yes,0x530654e715b03603706459da4495b0b1b8266041a8a94f4fbcb3ece3a6b0ffa1
SELL,0.025,100,1748956062,Yes,0xadf564ea51274126dbc136ce84a2054491f926f9bb0ae37591437b9a485acc55
BUY,0.026000000002949518,1356.153846,1748956058,Yes,0xaee6e293a5beb9e664062c683192cf19b52fa140b885122e52dc571501f73e3d
BUY,0.026,50,1748956056,Yes,0x83efec9bdbf4fe7f38c5ae9e55e6203e4728318c24dc0de8408d4582ce71c14f
BUY,0.026,3900,1748956056,Yes,0xbcf9beb2d632c412d7507113197cb896876c06797c9a476dd8ca689a75dbda77
BUY,0.026,1000,1748956056,Yes,0x9759deb6c6e20cd137f6260dda8e373c9ac2d194806bed42b2415d7c567219a7
SELL,0.026,3385.49,1748956054,Yes,0x86bb9e4719c41394b5b8383cb65e152c31fb0c919d94c5d91f84b5cecd1dc440
BUY,0.026999997623901092,404.444443,1748956046,Yes,0x24ca1d62884cd8f21b219d9551613ed5f6a486e523a0be45a326ae0b696a0f1b
BUY,0.027,500,1748956044,Yes,0x0bdf0b3367501a5d29dbfedde13afd209c574e676518c3863c7f59ade2b2ce7c
SELL,0.026,465.51,1748956042,Yes,0xc18190da1e284de1a709a726fbbe979d24ab1ed872f00635c37178998d959b62
SELL,0.029,837.66,1748956022,Yes,0x3e4e44166b40b8284cd913cdadcbe6a70937f15f663c5592b8535b481dbab78e
SELL,0.029,750,1748956022,Yes,0x98ffaabb2f775521a663d051688915b8819a5e0e038944cfcfdffb9c9b62e11e
BUY,0.029,3807.27,1748956022,Yes,0x97cbe54edd143a66750ba0fdcbc76c0a893b2a02826af6affee782e2c4ac4342
SELL,0.027600950058101672,12529.76,1748956022,Yes,0x234fd1c0bdae78dab6af7068c6c7b7a1b51d091cfd95b7fcad591e955bcfd72b
BUY,0.028999998609449996,689.655171,1748956022,Yes,0x3d246faee8761fd212610cfae43ade013802af51916975480382750b922e817d
BUY,0.972,500,1748956016,No,0xf0cc3b777daac54d74299c9f4867d68b0ecbafe6ac389f5c979a0928312ee9a5
BUY,0.028,7077.95,1748956016,Yes,0xd99cc23105f83be1b9c1ec3e90f5fe6c7875e3fe36ec5f0a78dc069869438506
SELL,0.028,60,1748956014,Yes,0x17233c89bb67805458a99554c6f263aa0f21b635b3c00a0b96c9e1961ab4c1ac
BUY,0.02799999464639995,178.571427,1748956014,Yes,0xfdaa2169b2e947e1bdc17c7b0e3035fb5e93dc2e06c715f73b851c70cf33d82d
BUY,0.973,300,1748956012,No,0x71928b5fcc1b35761ceaab709ac68c489bcbffd0c3f629415b1f68f90c715178
BUY,0.973146590909091,880,1748956012,No,0x95435276f0ff98c5ac0f29f1dc20f8a9e73df84895815d8f65cb5cae8e166a5d
BUY,0.028000000001506795,2654.642857,1748956002,Yes,0x4aa111d805aef97a386f71b22d0e06d67906c1addf290c08186de307e64e6afb
SELL,0.028,2069,1748955998,Yes,0x5819430c42ff37ee54f87e78e62039fd5735921d482d4718910e97d410a3e9b0
BUY,0.02899999971981809,3412.068964,1748955998,Yes,0xd77b71d585c3f01bfe8911d0a0ef6e5ae617eab5c18141a02560db525c139248
BUY,0.029990602944410753,3301.034,1748955996,Yes,0x9661363f7383114538c657ebb520b421a9badddcc453a4572a2249b47c3f216b
BUY,0.028999999078766665,1034.482757,1748955988,Yes,0x1cb9ebfae2132d0956d9e1fea57296cd42150141b8b00ac38d0ef2b142656880
SELL,0.028,3787.93,1748955988,Yes,0x0fdfc705cfdb176f1ba6c279d1198f7c40af7a0013f193d3efb2372319481b9d
BUY,0.028999999078766665,1034.482757,1748955986,Yes,0x12a59cc39feab89cec8e3b3504eb1d92085939c4fb9475faa26d7adf9db7ba7e
BUY,0.03,5351.53,1748955986,Yes,0x503806a3233614319e40630acb8e5be452c93f62804c301efbc5d6f5385bbcfa
BUY,0.971,1900,1748955984,No,0x17a1588a46dcaf0d1eb16f82a03aa0cee666d2fdcb94684fb8e07f6e81a1ba30
BUY,0.9689999995779467,928.792568,1748955976,No,0x00e8fb143183e9e17c4bbef7cad44af78e2234a74d65c714145176869a302e7a
SELL,0.030015502347449763,5882.98,1748955976,Yes,0xcdd56f34ea9b6fb1ca77240567a872022df449d67459fa7ccf61e46997683197
BUY,0.9688365158221517,48.346648,1748955966,No,0x1e0444369d18f811f89e8df1db20558db0429497a87155efd267e1f8d833c203
BUY,0.967,150,1748955966,No,0xe5ccd46f90cacbbb599c25e8822d02f981ba08b2587810fe6263239d29406b1a
BUY,0.967,100,1748955964,No,0x35eb8a35335737553ba76c6f91340379b109adebf20dd653107ac7bb1b172eab
SELL,0.033,231.25,1748955964,Yes,0xebf8e8080f7c715aa8cc53a17e0819ba348c4823a3ae7c8ea373720331cfad11
BUY,0.03376974335607334,763.109116,1748955960,Yes,0x871b6f694162d3245dd9fdf570a9d28fa1208cd3e171ec63b231770d38071a8a
BUY,0.97,1310,1748955958,No,0xd1975f81c45d45f530124f536d78feeae1611b36f7bda0e6ef48237f63276555
BUY,0.03299998969299978,90.909089,1748955956,Yes,0xb4ea11ec222c21510168dc3a4b516f83dfeac2a72ea01d31f3e7ea28c8bbfffb
BUY,0.97,700,1748955952,No,0x773a8479394906feab301f8ffa98ae34998f1b10656a7f0134b84271a3888cec
BUY,0.0330000000033,303.030303,1748955948,Yes,0x414270f68e91e8ef2b2bdc625ae93ff81bfefbd0b6a5ca073111aef2a00171d9
BUY,0.97,300,1748955946,No,0xc0bc0612d89288b1e7793c53804e8b3e05b1b96e18491481f02ad1b5fdc7cd01
BUY,0.97,10,1748955942,No,0xcb36dbe4566b4657214c8c3e69f71b4e4536079c0cf11c2c5860027786f0732a
SELL,0.029321775540933563,2424.05,1748955932,Yes,0xc5d2401dc5422697bc284664b28731f030f91f6fc4e7dd312b5d29a366056aab
BUY,0.0339999994594,1764.705881,1748955930,Yes,0x88d6c94dc57bcb98dd9bfabcaa9eb74bf1454b31f52d519197829ea701b893f1
BUY,0.034,10000,1748955928,Yes,0x22affffa85f07cac13b7992dab3f57c70a317f5de2c7ce928615525efd5985c6
SELL,0.03,1350,1748955928,Yes,0x69e4a92d87d50438822bf6244b02084f37dd1d2545cd8248adc00e28496d0904
BUY,0.97,100,1748955926,No,0x17b538b6944093467a0d5f4b3ebc301ffda6c4bd79464c4d3b0db871951fff44
SELL,0.03,1981.25,1748955924,Yes,0x230de999c3e0e8e6ebbca723ef4b9c99f6689baeb4223cf7683cee94d85a8ee1
BUY,0.03400000001047847,3817.35294,1748955918,Yes,0x968502338a6e6f281e99f7623b803bb2de3a4020aaf8b3a5c77cdaabb6aa0503
BUY,0.97,17758.98,1748955908,No,0x1ec2090fcbe9a977023238d2cecb41e109fcb404d85c153c6b3f5f8fa4e941f0
BUY,0.03226047603262396,526.960606,1748955908,Yes,0x2998746e85af193a3cfb2adce399060b573225c158c9b3f0ebff34d210856f27
BUY,0.032,1000,1748955898,Yes,0x79b453fc6d791364a6516538f4f3ff83ffded5c49c2067990de9876fc681f72f
SELL,0.027,416.67,1748955892,Yes,0x16c90072f9fbb9c4fd50453e3d8a2a845de29db6e4f8312282d9c7cc87f3b219
BUY,0.03062318710568065,5859.285625,1748955892,Yes,0x62c008431983bcbb0ebe45cb2ca2cfd93d2d14e05adf068122b7b040c67cd540
BUY,0.03,478,1748955888,Yes,0xfab454384aa0d38f63cbb9fc3f7344e4a4d311762197790ede3407ce636913dd
BUY,0.029999999712,3333.333332,1748955884,Yes,0x3b9f9177b23edc8ef7f57b503247b7855a732354fe198eaa960fc93757cb9e4d
BUY,0.032,1853.75,1748955874,Yes,0x1676616ae8b7af8d617d111815bd400903b710281e024c56e8a2a77b11be8e04
BUY,0.03,2317,1748955866,Yes,0x8a74a87c77445d81dc36df673a29cd2527612d5b5421a8f4340e3cde316ad8eb
SELL,0.03,383,1748955864,Yes,0x7cfead9f7e0da0b6da5fa7f2c0474c5f412d707bc5bd05f3b16ac50b037e4c96
BUY,0.97,1270.28,1748955862,No,0x2e53bffd4e88ebdb3d4caaf15660d0f9cc18350583c6ac4d720c6142432ac052
SELL,0.03,1173.43,1748955862,Yes,0x39039b097c023487a098262f004dec5036e0f9d1301411ef0c0a43edd22f5940
BUY,0.03267796365895402,22357.880302,1748955860,Yes,0xf575e38c3f75bb3bc56770383248b4d7ea2f94354192db7119c7d06f88bb408a
BUY,0.031,6140.95,1748955858,Yes,0x6b7bb0612a259df9ad6be7b96713523110c02b17bd1062e3efd55a0efea2008a
BUY,0.97,200,1748955856,No,0xb47d060f89555d994b2440a0001b39ccc33ac244f655d8ba1b012bbe163b59c2
BUY,0.97,198.43,1748955856,No,0x98e39f92b07b2df13d309128871d2c8226f5b188128b0cf6df6d07549b22f545
SELL,0.03,4818.56,1748955854,Yes,0x755390dfa6b64782f9d24865fa8cb1460d71904addeb4f5a2b5ffac1b9783e8e
BUY,0.97,200,1748955852,No,0xbd57684db3c6750e9f892ba4be317d0e60a519ce510d8794c0f7efe9b8b91e1b
BUY,0.03,641,1748955850,Yes,0x4a2d6eb8a3976038766ec1682534a2c37cfc4ac9dd7f2a818f69fb744f2617ce
BUY,0.03,2392,1748955848,Yes,0xbc38a51dd16a874b443644d6512779e625f95bd7df7db6a575a63fd016a4b8ac
BUY,0.974,441,1748955844,No,0xde9619d5094353d5802fc48c74b0a6440d5506c37cd64dca27aceabec3988991
BUY,0.028970947448403787,14318.88,1748955842,Yes,0x57c0b2b8aa2ad823e6b4cb6a72a08876effbfe9f315b714e26793d10b9094dba
SELL,0.029,383,1748955842,Yes,0xc2e1d542278fc303c9b1c1f1c8d94512e0af2df25b5bafacd625ae351655da86
SELL,0.977,320,1748955842,No,0x50613c2ace8698673c5bbcc2e2bd1c405a36eee423a094da0863826a085ad8d5
SELL,0.02397481403787496,12966.35,1748955842,Yes,0x17ba2ab7f91f6af352376145fd0466110b57d92678cb5a36d4d2a68c065c4c2f
BUY,0.025,834.33,1748955838,Yes,0x52b921fdf0994ff055f0b1b761a6c7f9264ca824e3993598ad301f1bc923dcc9
SELL,0.975,800,1748955834,No,0x5a15442c8703c87fce6741a926ebdc31a12c55f24eefa20bc30509e246fe8abc
SELL,0.024,1951.6,1748955832,Yes,0x42ca67bc49c4b82df1b2f1e2663051cba7c9c9fe913521725b28e97c73926812
BUY,0.025,17801.6,1748955828,Yes,0x3f435cc3380f97fa95dbb93cbbb21d2461d4c2f91c8304e9c31b508ad656a531
BUY,0.025,5000,1748955826,Yes,0xe4ac25a0317eaff2c383a2c9700705573c4a04a54fdbdf9b2ab3be3c4c88cd6f
BUY,0.9759999999766884,343.176208,1748955826,No,0x79a81f4437f2dbd429d2c0346f00b8f1affdaf9a243493e26dbce2e9f364a3ea
BUY,0.025,4300,1748955820,Yes,0xabff4baddf655c59adc44ab6d2b8e9f4dda26187da0bd8915a40731d9f55b391
BUY,0.9759999999597276,397.295041,1748955818,No,0x207abdf04e25564a691abc3076f43653e8a8b604252573751c8c0fb46fd0efef
BUY,0.025,11436,1748955812,Yes,0x724ecd4bff22595f7de8b41dc8324b52e32157b62d1c52b2da08d6e81cccc396
SELL,0.024,120,1748955810,Yes,0x1ecab8d612cc93d119ac2e3bbac29dc775a803d5385cf0bdadf5068de1114504
BUY,0.977,100,1748955808,No,0x1bbea37a162076024613d01e9b51f0c636a060d614553d401b1dcf522285acb9
BUY,0.023999999205243185,1207.916665,1748955806,Yes,0x076aab018ab7a8dc0eabeddd479962dc75522cbdf21b8ce26086a61daf3982e1
BUY,0.977,790,1748955806,No,0x7d2452b5d8ba2138dad0b1076fe9a8a71e92965e2c180601050925257b499b39
BUY,0.977,211.06,1748955806,No,0x75bb026deef3b01601aab3fc4f3580d6e47ab5851e359d0b8829caf755473eeb
BUY,0.02433538541470843,16436.97,1748955806,Yes,0xf59ac9874454d56e40bd7bccbeefbd16a249b8a0ccbec91e46f7e05ed0a03b80
BUY,0.024,1346.54,1748955804,Yes,0xfcd1aa050e0bc2dcc6cc841665ace6c43f74b367d8bcea7c1f0864b8a879e220
BUY,0.977,5000,1748955804,No,0x596b39d724d0556e0898724e38cf6cceb6a1dcbf27ef70f7ad50dc39a27dc46f
SELL,0.023,240,1748955798,Yes,0x22073621170e89307301b4de86ae0c1b9d55aea27e6d7814a9e313444c8cbb86
SELL,0.023,2222.22,1748955798,Yes,0x0e6be9735d87ac73837f036fb8459f1f52d96190ed06ae7ece6a238e4ccdbda2
BUY,0.0239999997696,4166.666665,1748955798,Yes,0xdb5046858fcf9e0a36acc31fcf2c5709baec874dd91f1995f48c62de5a73d0bd
BUY,0.02400000001536,2083.333332,1748955796,Yes,0x66dbdafabfb89043d879f0f3ea8e3c2d5eaf0069cf870c1f7d4894ab5ee0ba4f
BUY,0.024,2000,1748955796,Yes,0x63939c5fe3862c89d779b6b2e00e3ed1114f76df9cf94058685015e30d536fec
BUY,0.023999999343215506,1461.666665,1748955794,Yes,0x7d8ad8dbb611cc981eaa70d6e9a49dc99af64f88177bbe292082c001a55e15f5
BUY,0.024000000051543624,620.833332,1748955792,Yes,0x22f400979ce27b08c10f68ab2773e6a4336b2c6659ea541aa761cc4427366203
SELL,0.023,490,1748955792,Yes,0xa7854342b49f6149fe1b95edbf6b63dced2ab86ba7246aa24d62da5333c04338
BUY,0.977,743,1748955788,No,0x6b9917ea29ad56667b5ea50d0e7ab5ed224b11984c45599dec0ef6f9efbb80a0
BUY,0.02399997695999908,41.666665,1748955788,Yes,0xcb47fb84a8c4f4774cbeafcf3eedfe404d822b3bbdbd0bf0ba2076855244ee6e
BUY,0.024,1000,1748955786,Yes,0xdae2d5470daccfed0b56b788151665c1f9adef9ee0482f626ef3b4ac012be33e
BUY,0.02399997695999908,41.666665,1748955784,Yes,0xf5b6e1483f5865c665e291e583be2b3ef007d3180573b6f0bee31d7c6f736749
BUY,0.024,541.25,1748955778,Yes,0xd2854c19abb24c989f787bfcea8e638ae217bf3818a1bc1741c13eb189aa25e4
BUY,0.023999997695999992,416.666665,1748955774,Yes,0xbb8ddf2a4aa85bb5aefe5274e7b8f3b1ba769bddcd6a0be0b8b59df221bf505e
BUY,0.0240000000384,833.333332,1748955770,Yes,0x1b49bd89b98011204630a2010cb9f7232ee97cf013e851e5e3d1ffd0ddd60898
BUY,0.023999997682092548,414.166665,1748955760,Yes,0x2a9772739cbefe6ca554298582f53209022aee7f4b5c499fecc86a3149b3bcad
BUY,0.024730551156969913,7830.8,1748955758,Yes,0xcf31f4ffbd6ba98fed0f8163d9a2284aeda1b6ece1b7cbbe2dba55794dfbb21d
BUY,0.018,739,1748955754,Yes,0x89a67847d6cf74958f3455254dd128628b6d76fa8ea934a0cb54239733035ebe
SELL,0.018,10,1748955752,Yes,0x9ef79eb1e99f54d43bf14bcba0a7c3c3f2176a7e2e6bb29b6850d13091f4da5f
SELL,0.982,151,1748955752,No,0x68692558220039b4f1fcc16cd1e48ea2eaba825d1c9d40ada5944536c0f8be81
BUY,0.02018074931999649,1139.7,1748955750,Yes,0x31535fed629a67723fe3be8b3e0c1fa31dea13b9a18befa7eaca9480c320a306
SELL,0.019,11,1748955744,Yes,0x02d6a173bd9bfb6f35a0967cb2a5aa5093b0f685b3d659dd284346f068778985
SELL,0.02,199.09,1748955740,Yes,0x1c09b34543dd8a2d290f71ec14fbc1758807f70ac08a36d6eac8e8789bbe7b39
BUY,0.98,903.91,1748955740,No,0x28b89b6dafe6e0015f95f98409f546a30011ea1985cc6c8c5dbfb275f58aa631
SELL,0.02,987,1748955738,Yes,0xf1daaf616361c25b1dd064122c110eac817457fdc16e8880494d37d97653830b
BUY,0.98,4997.53,1748955738,No,0x4ea9437625b5d9ec6c20fca6ef5402d6c1b59bbe15b8f63905036f319e13e0cf
SELL,0.02,5002.47,1748955738,Yes,0x37c129690d5128c108790c9b21948a33984b9dbfd8fd8360f67a78bd2d8dd37f
BUY,0.02099999959722,2380.952379,1748955732,Yes,0xee70db08237b4b71e261a1452a74ea91cf4f84e9a167c492e50df5f76d330b8c
BUY,0.020999999593969143,2376.666665,1748955726,Yes,0xce927146538cd8c9341b6e7a7266b8b842bb92f1a3abafbb1d1898d95539ed03
SELL,0.98,1000,1748955726,No,0x2255f8ea30b61ebab10ec5f71a2337f7032368e79eeb4870500e8defd6ce3400
BUY,0.02,4000,1748955720,Yes,0x7a9dc526098e4d367144e7ebfaa4815c9e672f0bd70c43ee59842152ad48ce52
BUY,0.019,6514.91,1748955716,Yes,0x7591988049483c0ef7426cfab4584c99fb9aac99a6dc8e2c246240e614337cdd
BUY,0.0190000000171,526.315789,1748955716,Yes,0xf1512785dceb40c5e1c55457000babff7dc081935e87ad381e5bb6e771e94916
BUY,0.018999999497849755,1933.684209,1748955710,Yes,0xd45e7c5d073e2796c30342c4960597ace51290b0b02e6f0444166c2b0efd733c
BUY,0.019,7546.64,1748955710,Yes,0xa6fd9de88513b73ad4187cce6b99d8c5658ec31cbea7b25e0f309b32c3351975
BUY,0.982,641,1748955708,No,0x9cccfc81470b24bf51aeab409f209a323141db97f37b9a6b5341fc2ee6f2918d
BUY,0.982,59.002,1748955708,No,0x36aae84fb0cc791696ba995ae123ef5f7866a14a591edb1969037a3207f6a9f1
BUY,0.019,2000,1748955708,Yes,0xd2c75bb18a8fda615dc65c5651068feabf696da52d4161f4023eeb2a2ecb8e7a
SELL,0.9805612859645009,19999.93,1748955706,No,0x196baa5f9b8b62d0e643fd2a2bf7fe5514a56302d6dc2ac2e095ef9cd3f54e0a
BUY,0.018,200,1748955704,Yes,0x4a2b7829f862067afccd3baa74d701bf290bb6c5ffe7feefed874fa727b25c33
BUY,0.983,370,1748955704,No,0xc9ba9e71989ffb4e391c49622713b68bfc4d35f55ba1612c6eb33a2b9e8887ee
BUY,0.0190000000532,526.315788,1748955702,Yes,0xccf2fcafa19785711a3e34456423bd93bba8820177b515eeb6f877d8d4e7c56b
BUY,0.019621901738392518,25042.9345,1748955694,Yes,0x57a2be40b57e2a0504b4cfa4095e5b43386870625e36b05149963cd84d5cf614
SELL,0.017,200,1748955694,Yes,0x964c6f587822ff41672407c6a3f54ea588dbf9e50399c62b3de2408216159073
BUY,0.984,35.69,1748955688,No,0xe68ed600473ac75e7cdc98e85688600fd06a07b77d3e034d38d8b06645e3c0cc
BUY,0.019419088743876226,3098.58,1748955686,Yes,0x2617f8c8df8ad25942b630e1989cec55034ab019e0fc617b5702db567ed1fa2c
BUY,0.984,580.69,1748955680,No,0x65d9fca37367ba576d9c31e8abf8d556b24bf85cad2d3e9b5dfdeba822cab8c7
SELL,0.017,561.39,1748955680,Yes,0xcaded78ca7b332da0e17ebed509c3b38972aa368f646fbc807308dff7266c925
SELL,0.017,19.3,1748955680,Yes,0x050d873e3aaeb246aeb374bd686e59dd253c1ca509f5b0cbc01a768ea67f30bb
BUY,0.983,19.31,1748955680,No,0x4eb1add672755ed178e854dc9f7cc8ebfea81e64488bcf163d5487667f7ff372
BUY,0.017721141920505983,3293.2415,1748955680,Yes,0xd8df149a1ef2de6f2c109b26dc0f71bf2178676583c6769ad6dc0bb03c2fa63f
BUY,0.02,384,1748955670,Yes,0x338622a611e7589a32c0cb96a3c86bbe7d09ca83a25bee727e5cf5267ac6b0da
BUY,0.02,796.5,1748955670,Yes,0xbbac6bc95c80451372cad5eb35460e111e951c20abae4d58ffc353b816ab50a8
BUY,0.02,5000,1748955668,Yes,0xe8b23011683a11c87d4130c0eb03f26745adc6434588359fa893c778677a2862
SELL,0.014200098247583911,4987.4,1748955658,Yes,0x7c8b3d83d8bed702f8601adf4a9d94a095fdd9442a9b15d1a2d229a57c53394d
BUY,0.9849999951235354,1.025333,1748955658,No,0x68638ba5ab654af3f014edfa9b2708db0735f265ad958ce7d670d454d0a3b34d
BUY,0.018607963132891946,67049.2515,1748955658,Yes,0x508a76a4bf0c3e41cbf6fdfa7fb1162b97e93d96c1d7926758db4c3c611c8a7f
BUY,0.016350870285078183,6115.882351,1748955654,Yes,0xf8ebc5def0f94be2ff490249381472ab70835ef2c479df366ddb1f7a510ec9f3
BUY,0.01699999966918,2941.176469,1748955652,Yes,0x01e44945cf41cc10272ffdfa41bb03b3fce13d93621fee06abb070c59bed130b
BUY,0.985,2000,1748955652,No,0x085c40041c48f05107f1a26575f2fc889bd5ef8a55e1a7cba24a760b7c0a9b2b
BUY,0.985,3970,1748955650,No,0x45802cc54e4cab0475c284721e2736010e6c0a1d4f89855774d12f4ce3785b55
SELL,0.015,730,1748955646,Yes,0xc4c20927f6545a261ad83d9ac887f5ecb4f066538045e861bbb48d05b30cd5b6
BUY,0.985,300,1748955646,No,0x800e70acda32a7127d6128da22043c5106c3e64d1443c0498739bbdd014f3d96
SELL,0.015,5000,1748955646,Yes,0xf7ba8789ce6f1289ceed1ffee977f026f06ff39edabb9de8bfc3f2297ca7bd22
BUY,0.017472952956714295,67623.944443,1748955646,Yes,0x60018f8c3b8db5c42932931ada8016b83e4643204702238d474a2d219873a429
BUY,0.016,4312.5,1748955642,Yes,0x48b31ddc57a063a04c0b899e6ef4fae847d6cab8b96ed48efce5be911b98659d
BUY,0.016,682.5,1748955642,Yes,0x1f0c3f1ba02de9a59541b4bbf42b6a50910860de4772a1253b583d64022f2181
BUY,0.016,682.5,1748955640,Yes,0xe7ace87310c876d7938d174d4e3b4c1ba85c4ef4ad9cd69986da1ca45a209e01
BUY,0.0150000000006,33333.333332,1748955638,Yes,0x84b34985e2939f7e4101d03056d4584c0484cb476f02421bb54ac346306d26dc
SELL,0.013,99.5,1748955630,Yes,0x4bd4b9dfd63458b3488c5f2e89bd78d015c4aa1b5f60e7f7a9af7260c16fb36f
BUY,0.01432229588885531,52640.303332,1748955628,Yes,0x294932140f267109868602dca4dccb96432647b4b47cff1733823e560cd59ac2
BUY,0.01399999945344,1785.714284,1748955624,Yes,0x6f6c0ef2c6c5b4c6ec0f974cad7f6565b45fcce989744124f7dbaac2fafb6f3b
BUY,0.014,7142,1748955624,Yes,0xc4969946605cead3247dab9c422cc0f00829fbbb3d765f21f09d19c71667a8ed
BUY,0.0140000000154,1428.571427,1748955622,Yes,0x7600302eed3a7c1e0de20e2bd1a04f9b2c2aef13f149b53bc33e3021fccb50d2
BUY,0.0140000000154,1428.571427,1748955616,Yes,0xcaac92d7d281a1e1ee71b4ddce6160e54cf1b00b03e15e6fe872ffa47b8b6bd3
BUY,0.014,1846.31,1748955616,Yes,0x6fd3bef349b96af9d7511f0d167b04d7f7ca096662aec665cc5a6b3e8b71df27
BUY,0.014,3550,1748955616,Yes,0x0d0eb76d125face19da1be93e7e0730b257908e0964cc4dc8709449fd9696df3
BUY,0.987,2000,1748955610,No,0xaccfbe5f7ce908ba75bd99e9185fc70f477b13c6280cd53bb526df9ffc1afc22
BUY,0.014000000280000006,71.42857,1748955606,Yes,0xb617088c95e87e182f5d66b94f3e2b721b79cd01ce45296c8e138e9fc6f896a7
BUY,0.014000000017445483,917.142856,1748955606,Yes,0xf39b307550321cf593059e4e20bb2694a47faa520d05d5c38c406a1319d0fa92
BUY,0.014,1000,1748955602,Yes,0xcedeeabf455f0ac125f06ee404c7d77dc078da03e7dde2b7d806d5094670e3ea
BUY,0.013999999047765362,1022.857141,1748955600,Yes,0xd7b82655ea3383ed212ca518d44dc25575c6060cb11339a60eb537688f08251f
BUY,0.014000000035,571.42857,1748955600,Yes,0x9a43c5fbd1d1822b97073c09f7a4de4aef55f4a9aaa130a27c24193ae96c5c16
BUY,0.01400000000282429,7081.42857,1748955594,Yes,0x0f5fd1783832cd763e60aebb73776df6cea57c7e464a60ffa7ff74e1a302859f
BUY,0.01399999993520859,15032.857141,1748955586,Yes,0xaf445a58588e3859f9bf314a235e20d682e359fc1722281d1365edcaa7603ec8
BUY,0.01399999986364,7142.857141,1748955584,Yes,0x39ffe6ef2dfb6c38bf792c400d2af40184aedd261e03e17de2eaed0829c6c5dd
BUY,0.013999999872058548,7612.857141,1748955582,Yes,0x0aee978d7f989d4b418074b1c38ae2dd1eee0a9743f8ad280a0cda78e0b7fcab
BUY,0.014,100,1748955582,Yes,0xca5406c8979376a8652a685b5fda25306ffeb5d312398486311820cbddc0f953
SELL,0.012,774.44,1748955580,Yes,0x34d4dc0d1650adb18dd4effe117983e704118f0c20735a6fae5889486d617e41
BUY,0.014000000000848485,7071.428571,1748955578,Yes,0xcf5efb3ef02e12024e1ece1d8bcaeed91540dc18510852ad00821c65ea0832fa
BUY,0.014,5463.38,1748955578,Yes,0x170e6d032f8d3e9dc1479f95f11c3cdbf00a00800c11a371960e537f4ff18959
BUY,0.014,55,1748955578,Yes,0x2246124ea075e59ca1120b693f11a1abdbcce6393be88e3d027a7507d057e962
BUY,0.013999999468326849,1835.714284,1748955560,Yes,0x20e02bda4470b676f5797d8c2e660b4fc1b0e5bddee6cda106767157efdbf4b6
BUY,0.0140000000056,714.285714,1748955554,Yes,0x966a88697ed89d7f089c7f7aa5832837438a45f13c246c3a5fc04366ed8c7710
BUY,0.013999993181999912,142.857141,1748955552,Yes,0xd18ae35955c157ba603ef3f3202cc85de396df1582e8c553b6a6b4906f5d6058
BUY,0.988,502.52,1748955552,No,0x9d332380d0d5217a14b60e06e2966af65687741a5312a7ea9972e45148b1436e
BUY,0.014000000000382618,10454.285714,1748955550,Yes,0x97c9ad888597a410c894bdb47acaa90dce63c89cad6304e9c36829b840fd24e4
BUY,0.988,5000,1748955550,No,0x71e5238ad2cdf3f7d2c3afdd123f02f898c56ef34ab4d49d79e4ebe98ded3574
BUY,0.0140000000056,714.285714,1748955546,Yes,0x2694803412c2c08db5b0be00d8fc6146c6b1d2764e7f1a10210acf3fbba4ea39
BUY,0.0140000000056,714.285714,1748955538,Yes,0x03d4ff4567f6778a95737fe9c54471013c3a543516ca01c5f7d6d48266a59dcb
BUY,0.0140000000056,1428.571428,1748955534,Yes,0xc9645e77dbf0a6c356ad933ab3d41f5015c918e83ff168f7b9ae8a1bf3f69c99
BUY,0.014000000000798518,10018.571428,1748955518,Yes,0x2eeed7fed79f83c5d8d170b3d8546049e3b52b61eb0dc8d8f4b1a0514403584f
BUY,0.014000000000148952,13427.142857,1748955514,Yes,0x82a40fa27b6eddf386123c7d76e1112dd51bd56fb7bb20117504d22dd0f8e3c6
BUY,0.013002016004416722,54846.11,1748955508,Yes,0xbabc4d493080083f64b5b953d7c4ba93d1f558883f38082f1c2cdfd653c54c4c
BUY,0.012999987324999683,76.923075,1748955504,Yes,0xf0986a060d3022cec6a991a41834879ab7f7d6879667becef13051f11dcb2340
BUY,0.012999987324999683,76.923075,1748955502,Yes,0x8164744cda8975f07c8a53f9fb87ad43e0d3862780c9f03bf325254d395f8b50
BUY,0.0130000000039,3846.153845,1748955500,Yes,0x99193f28a6844b32bac86f7dd76d3918d542639ee5a91a76184861314248a548
BUY,0.013000000017652764,793.076922,1748955494,Yes,0x925fdcfd957c45aafbe242fd81651c5d488dbcad3f9319d965be9b5d81251ffe
BUY,0.012170633929753306,2762.386922,1748955486,Yes,0x59fcb56a3bfc26befe6f0c63d4d168462fdfba15ec2ba817227f5771b536e6a5
SELL,0.011,100,1748955478,Yes,0x5a21c4a4e7b8e1080febc973913845ca4b28ee70a420c912312402d31e4c1c86
BUY,0.011,895.22,1748955474,Yes,0x5bcee684ef7b5bffe2125df2c44fbd30e5060ab410f515ee93f9d2b475dd74d2
BUY,0.011,2346.87,1748955466,Yes,0xaf4963545f1772612611df0a2814eb746f36295d9b7132950861d31546c8f1af
BUY,0.010999989230999773,90.909089,1748955466,Yes,0x4235bd528ed2cc09bec49304596237ce429510bb263752d5bdeab15c0df313ab
BUY,0.012,2967.5,1748955458,Yes,0x899c4a3dcd900ec86272d6d9ef7681d46317307e8aa272bb1c87cd3d3fd29c79
BUY,0.012000000192000003,83.333332,1748955456,Yes,0xb2e634bc60f6f26776e74161623a959ebcafb407faaa5d42a5ba0ac6a8ed3b81
BUY,0.012000000002634468,6073.333332,1748955448,Yes,0x61715f982318cd19bb59dd6542d47d96f1b8aa20c1e3f0af93210ae72fa206a5
BUY,0.011881188142338987,841.666665,1748955442,Yes,0x10c6189abf8b25bd91d11b0826119217c1109a2efd265a16ea8842d423adfe6e
SELL,0.01,131.57,1748955432,Yes,0x71888cea6b4de6529f6fdcb4c94ee2cdcf7101770021dc8a358273da3526bb8a
BUY,0.012,1000,1748955430,Yes,0x3a39b410b2ee4bf8b5eb8769aeaececb80c7a3ed08d328b4c481ec3cad9b4e33
BUY,0.012,4147.5,1748955422,Yes,0x7e99e25634eaf0356ea782bb91647186ff6ef349b795a7a7a6188bed33123bd2
BUY,0.012000000005727924,2793.333332,1748955422,Yes,0xf72716b4c456c339c55788a3334c28a229f688f5873b5bb72d714c4d63fc7a57
BUY,0.012,490,1748955420,Yes,0x87ced92d722637c73b2f2d91719f521edf739c89e008dbec931d7ff2af5807a5
BUY,0.012000000014024835,1140.833332,1748955414,Yes,0xae8999868e602645b047031430a686bc5c5e3fc8ca3300e3265c592e7f044462
BUY,0.012000000009942006,2011.666665,1748955408,Yes,0xdbdcb05ad1d80a6e8834841a0cd5c9cf9dc605f541d1e3f5552b97cd693694b9
BUY,0.012,1000,1748955404,Yes,0xc114743488e362d0ade085c3cf110bb0c596389d9990837d8142f50fb5edbc72
BUY,0.012000000012,1666.666665,1748955404,Yes,0x08c3dc481560504a1b109eb1b522df01648256fc85cf95221a8f589e4f7c2e77
BUY,0.012000000001608795,12431.666665,1748955402,Yes,0x556eeb852dae446cae4acd8b83e9adf05ad55e6fb10028bef16ac63ad233b643
BUY,0.01200000000192,8333.333332,1748955400,Yes,0x9998e7508c5aa10ecba4b914c509eee4a170c16ce82eb279a487854cf226b134
BUY,0.99,5,1748955400,No,0x5ddfbfd2eb0ab5c494e5614d6fd2fd3494656be9824f8549eceafcfc1a2d432d
BUY,0.0120000000192,833.333332,1748955396,Yes,0xb47b1516a64aa5fa9ea6ae80f7a2986d6871f3e03ea089801407c6a0cf4c2d70
BUY,0.01155004458546687,27562.664165,1748955388,Yes,0x4caaca7f7b95d17da009767f8ed38d129d1271c9a8831d660e4507721e146b6c
BUY,0.011,1000,1748955374,Yes,0x0df6cea17caec9c8092368c51d20aceac8c5c84b363eddb1a3ccd13af6a3cbaf
BUY,0.9909234102063698,2936.422666,1748955346,No,0x92bd6f9dd2267c9ee4b4d5d2dad8b7aeac77cfeb434c1d348a4e1cf7aba6fa01
BUY,0.010820675652245228,111574.363635,1748955342,Yes,0xdeed07f448364373a0ff5229eae1448aacf7820cc8ddb4c83b428b1740937b38
BUY,0.99,518.24,1748955322,No,0xe78506f879097a4592d569e324434fec4d8c4b7aff00609b02c9a68313cc02e8
BUY,0.010999999839268656,6090.909089,1748955322,Yes,0xfc1004f9f2a93af6a0bfdf73638a59c904f1119067f347c7a2b5be017fe5494d
BUY,0.99,2000,1748955318,No,0xddc3db792504ff0522f37b10810607890552d5e8818de07518804b5c024fc83f
BUY,0.011000000002633547,6075.454544,1748955316,Yes,0xb1e82a6c5b4d733e6fb1026723aae2223775c2e5118730e81c98aadc0009b491
BUY,0.010999989230999773,90.909089,1748955312,Yes,0x46e22494f8c5893be5de24023ef8c85b86a17240dad48f75defea6f77feb4c63
BUY,0.010072759019543681,12409.70818,1748955296,Yes,0xd597857fa019ef96e45797a7fafda40af57b038ca97d8718149835563259d24e
BUY,0.01,2475,1748955290,Yes,0xf42c858eb7faacf2464ab88d03bacb2ff9be68694b20e739f30d3d120ef08ea1
BUY,0.009876543209876543,810,1748955268,Yes,0xa457962f89ced3f813482f28693850ba8c747d7442a8b3edcc1a1ef0d4c99a76
BUY,0.01,1377,1748955254,Yes,0x24fc47b61915b48cbad9dfcd44cf43f50ee40f6ba5bb4b3a71994ff300a7b5ab
BUY,0.01,1000.5,1748955254,Yes,0xda89e8be9489f65fd918978207400ea269b7c64bb5bef38e30df78ec1d358a6d
BUY,0.01,100,1748955240,Yes,0x9d004bcdcc4ca0c51a8fe1b3b3b5670107cd9e4c0b75db436f90ff850bb261d6
BUY,0.01,100,1748955234,Yes,0xbb2526c8e9b045c26d7847483ce1bec349e5c6ef889b16ac55ac283ce23b8143
BUY,0.01,100,1748955232,Yes,0x3b1823a74516941daad3e9a17ce3f8a83a5b6b97321c785d95cee6176b951b83
BUY,0.991,4540,1748955230,No,0x12e3c1cb4fe26825335fe06a1c16bb2ff2b01a5540f6914eea751c973f2618a6
BUY,0.991,520,1748955230,No,0x1dd3245c53dd3074d498911017e0751626e04e38bdfbeb8796aad261e6108bd3
BUY,0.01,100,1748955230,Yes,0x0c96a79f6a268e5ad3cb7ff49acb0f39f544af201bada2feca7c0c9ff4d6a85f
BUY,0.01,24398,1748955220,Yes,0xc1316487e1899f28650807a4690d92760c439361b7cda873b87079da5f9fb44a
BUY,0.01,1000,1748955216,Yes,0xf9565dfaf619b205ebcfa3591992c3717f64590ff0d164fbab08392b12ca9242
BUY,0.01,8014,1748955216,Yes,0x305e606b653ad16043eaa40d9cc80dac6b1c9300f2ba150c5c762411473f6d5d
BUY,0.00907076856709392,15688.858,1748955206,Yes,0xd8ffe52f24b7eba5b8f548d2f702ad593137568bb563d2627245ce3c66146a57
BUY,0.009000000003602543,4718.888887,1748955202,Yes,0x4a1ba0f2c1e9e89187bf25bbe9f5adbaee7733f47dd8c1c464b7749b4e26c5a1
BUY,0.009,120,1748955198,Yes,0xf21b0e9fdb21fdec0e22e6a309c7edf9fd63f130a6631662fca086a589625c5a
SELL,0.992,399,1748955174,No,0x35c4d43008b1d1cba772bd8ad23eaeb367e3117fe492b9bb4bd80ed705c08d05
BUY,0.992,1425.1,1748955170,No,0x89cf6cb381dd7d63892b89bd8d8e8401b5c0947136e42ce228254f64ce60db6d
BUY,0.009,2000,1748955168,Yes,0x4cd28b88dc99220bfebadf395bcc88706f476713ae147a7486e9ad268da0feea
BUY,0.009000000009,1111.11111,1748955166,Yes,0x5e96b3d6f6e23615c78d76d36e773269b618f5e6162fa19f0854387a89f556b4
BUY,0.992,300,1748955166,No,0x6195c5031f1aff4d90df68eebf39e13eaa760068f63fe0682513a650a2ae11dd
BUY,0.009000000004394838,3185.555554,1748955164,Yes,0x5e901f93398b6ebdb38f344aeaf3795a35b209eea18a4aa8da6e3297486506cb
BUY,0.009000000001956521,7666.666665,1748955164,Yes,0xba27c7059304c5d11c6b3862eefa401a162e9d9c78108d578fcfacfa6bdd6fa7
SELL,0.008,4126.66,1748955164,Yes,0xa1d87ec6586f64f0f15fbed6138e4bfec21fe4c6c4a61a496a63ea33fdbe1fdd
BUY,0.009000000090000002,111.11111,1748955160,Yes,0xa9874e1b5cadeb2b426a6bfb607c8dfd12af108e714eeceb016b406988c1260c
BUY,0.992,25,1748955158,No,0x36afac78b12af82f58129a6d47e8feb19c4b8deb5f34eaaae8c2527534a0c52f
BUY,0.009,1000,1748955154,Yes,0xdfe206b06f3aea1b7af941468c422f149c96bb654874ea336b9e0d853b2ff907
BUY,0.009000000090000002,111.11111,1748955150,Yes,0x3623da00577022814a3a396389398d66a5b6f82faadf1bb5093a4e7c16e6c6fe
BUY,0.991,7406.93,1748955150,No,0xc1abf11f76eccec8970ffe0cf35dd1d266dff13f6be75080bf32f30bb4e3e996
BUY,0.01,2513,1748955146,Yes,0xe313302c348dc2f7c56a73b5e7c6cce28905e55111c9fe62c433dbe865cd570b
BUY,0.01,100,1748955144,Yes,0x49963cb96e35142c4edbe8c8e3611a4aeb53d911f54b9e31e8fa8d5484dcd3e2
BUY,0.009612625589781616,66522.928,1748955138,Yes,0x63675b15af8841a998213cf9e27a406a504c479e082021e20216fa2069dec674
BUY,0.992,300,1748955138,No,0x251fb0220cb50474ad951544afc0271311a39a016451201fed88af5859eb122c
BUY,0.00900000000098901,16177.777776,1748955134,Yes,0x02b5416f2eb3cc026cf08c55c3c2d675c3d976a5b20bf928dbe35f32aa9bbcc7
BUY,0.009000000090000002,111.11111,1748955132,Yes,0xd948fcc97947e7bd19bdd651d0e932c053a05fb207b8bd438c3447e3c0ba7179
BUY,0.009000000009,1111.11111,1748955128,Yes,0xd06bde32387e34096466eb7594ad85c263a97db963a3077657489f4d3e38afd2
BUY,0.009,150,1748955128,Yes,0xd494c5b3a686e711f155f00b822d6dfc79c27c318dbb99cb50e39e5102e67f72
BUY,0.009,900,1748955124,Yes,0x8b82c9db36520c4c6187205986b1cb537e8cade8587be831b579fb3389781986
BUY,0.009000000035670731,364.444443,1748955114,Yes,0xa1bd85306b2a38303090e21f0371d61cbbc2592d68126526557831fa01aebbea
BUY,0.009000000009,1111.11111,1748955110,Yes,0x73150ac28d8429aec23ec264e5eae6e623f5d83c0792085139f17ad24fb2f89b
BUY,0.009,150,1748955106,Yes,0x1775b9aa5ebe90b350f15c26687f16dc67a2636a4de969ad7c9af356ed7fdfea
BUY,0.0090000000010551,14216.666665,1748955104,Yes,0x6d8dc2eeb1cd6e02b91a7437d43d621d254812ee7c60181d0f56a6d9067251c4
BUY,0.009,300,1748955098,Yes,0x36f1ebb5954e5f2377b915780ae00c37f870f8413093960a98475015f4f836a8
BUY,0.009000000002899718,5517.777776,1748955094,Yes,0xd4aae7a10682a7b0c0ce9c339a248ac3982f82664bdc1a61f79e4c8da2d27fdb
BUY,0.008,412.24,1748955080,Yes,0x3f757f49b5d1a87764d0758ff8da9f4022822ff795b7857cb2500aac6e42bff9
BUY,0.992,1140.19,1748955078,No,0xd9d8c9120727565b5324b37c5f022aa650e4c54a1d1742dba897ef80552c7e77
SELL,0.992,465.18,1748955078,No,0xdaaefe9c65c4b75a4267eb494b7edea96d040ee360ef50008d04c350514b2c9c
BUY,0.008,1382.5,1748955074,Yes,0x4a48a993c3e1ed29daea1d1c928a1ee765b2002747ae15a9c6581c4a3985f32e
BUY,0.9929999999964461,1125.508428,1748955070,No,0x5e2248c5c35a3c2357543bcca3f198586533ab5eb867c45aad40d92824b68f2a
BUY,0.992,477.75,1748955066,No,0xd9ae3320b061f8a02f76e05ac2dfdfb8b2532ba49cc3c6e6e2f767801f3c6bd6
BUY,0.009000000090000002,111.11111,1748955066,Yes,0x014e1162570738417218fb9280d8e378ea6fded111861c132e4c0fff79e1d1aa
BUY,0.992,334,1748955064,No,0xa2ec898c6905a06f5f05ccfcfb1f08a25760d30578a4c7eec274bf303e96f30c
BUY,0.991,12624.55,1748955056,No,0x307eb746bed8a67ae105a2b360489cdc5744590d0d51c6fca714ef824c261f34
BUY,0.01,100.54,1748955050,Yes,0x9157e2c72d44bae4f01444adc44575f3678b1f6832c9b1be469b31acd0b575a7
SELL,0.009,21,1748955046,Yes,0x4a64ead75808f700ddb60dfe447ce62ba2b439604c86482dad77c27c73daa6a3
BUY,0.01,100,1748955044,Yes,0xcf3e5be4f64c687447a38243cf94f1fcc0781482bca8c6109ef9998743706273
BUY,0.01,100,1748955044,Yes,0x8596467fd5d50ff284d7a902a698dc981c3d7105fba446054c4eedc288bbbcc8
BUY,0.991,500,1748955040,No,0xbf3cb19d41d4a31562d8710e458f77dae1408cd981c6aa2407999c99cd094349
BUY,0.0110000000132,1363.636362,1748955036,Yes,0x52d3daee8d27a2be920a946537fcd8d5a8bded73994fc1ad2418a95166b13611
SELL,0.009,266,1748955034,Yes,0x0aa00e300a2902162818b423751694e7ca46abada8d2fdaaf0281346e85c12d0
SELL,0.009,266,1748955032,Yes,0x03e8a6aca22a33dd6af7dc427c3dd192d7efc24632e1fb6c27fa1d9cbbdf1344
BUY,0.010999989230999773,90.909089,1748955032,Yes,0x3bc87e3bf65f2ec5bcfdc5a54295328c18be3abc87bef77a56993c4bd4fb1687
SELL,0.009,266,1748955030,Yes,0xb832311e7a07fdf72a8079c5f3881d06e904df6aca0fe2737e4783a905501802
BUY,0.991,276.448,1748955030,No,0xfad38db6f3380c53e5294fbae7aaa790d663e6ad92ffe0da4f058c74cb7b2dd7
BUY,0.992,23.5685,1748955026,No,0x81caaa8443e2f04101b6400ad76b82a3154029868abefd4fe0b8c480d9e2c4ef
SELL,0.008,26,1748955026,Yes,0x4cd9137e08a109c045b00caf7d946389fb51b3fb788b4d1f482ec9fb95755bd3
SELL,0.008,150,1748955026,Yes,0x94f946f5053714da59ef1e1442324fbc9d07145debf8d0a09c76f08c5fb88c35
BUY,0.01099999989231,9090.909089,1748955022,Yes,0x1085809c380e3a49b8251c7d9d27396f5861da78a7a78897ff22031f7478c312
SELL,0.008,266,1748955022,Yes,0x5729fdc5df49d3a4cfd9edb27bd5f97c5466b77ee8af30e84b3a2a0f7a5af8c3
SELL,0.008,266,1748955016,Yes,0x64654e900c2237d4e11e5ea0e374d684686e2a4e9e02fd2e52349d1541bbdc56
BUY,0.012000000004409738,1814.166666,1748955014,Yes,0xd6b527d622283644cd214d90dfc8fbb8a2ad67fdf5fc2607bf9d78eb7d6414a6
SELL,0.008,266,1748955014,Yes,0xec0dce8711390cd03319ec2b57e15f309d90ae5a142da513b801d997dca6784e
BUY,0.009828898483728967,25842.163333,1748955012,Yes,0xe82eb4a7d34bcd16c69e87f8b0a0c4c691b52f6dcfcc29ae2b7790944be09cce
BUY,0.009000000090000002,111.11111,1748955008,Yes,0xc2463f3c3cb5670bb3def27c4617bbc0bcfa5e4038f729221c37b5bed1d569bc
BUY,0.009000000009,1111.11111,1748955008,Yes,0x34d966d854fd8d7383c9cb7e03dda11fcedacdea212222ee9a1e020f6f8f9adb
BUY,0.992,300,1748955004,No,0x7e063dbe9f4d8220d45de628c919784d5a70c63640632e751afe49fcb1e4b5d9
BUY,0.992,97.67,1748955004,No,0x2430c0fe2b3529527c932386bc9070fb6af41f4070607cf6893809c7cf1a4145
BUY,0.009000000032801823,487.777776,1748955004,Yes,0xd2143be859637254350331e274037b588f27c5fd7cfdd6b310b38e0f9646ec01
SELL,0.008,29,1748954998,Yes,0xba54c7615100fb284002e4e85c70752e975501be9bbaf4a4879e032e2e005754
SELL,0.008,64,1748954996,Yes,0xc83b7bc05f80a8f49b51d025b76fdb57f1d4a29e3f86eed2eb123d4f5e0aaf00
SELL,0.008,127,1748954994,Yes,0x68e9a36cfe225de59ea53c0f407211cfae6ebcbb7ea64b6b1ef417a49f2adec1
BUY,0.009000000016786226,774.444443,1748954990,Yes,0x86247ee747a5308f070b3e3c70ddaf6a9e7ef859b29e1274397ee147eb95a444
BUY,0.009,1000,1748954990,Yes,0x1b6ff07247819ff74bfad757ec8c038832141e99b69bfd30c88fb4a8708fe215
SELL,0.008,250,1748954990,Yes,0x1783e20e4edc34fef81a94f861f7e335b23c55f7e86ea94c4d4b17fdf93763c5
BUY,0.992,5,1748954984,No,0xd498fbc83ae702d0e2c938fceac3ca5ee3340069e0c4a3b166265d7b86c8c755
BUY,0.009,2000,1748954982,Yes,0x3d6cc6430e19aef94f48b4df5e3e9b1e2966005f22df61ccf37f372b4415a9a1
SELL,0.008,29,1748954974,Yes,0x701190ee48e93ae4c6ba7e760b3ac980614d9c87003be98eea2464a27da4baf8
BUY,0.009000000004147465,964.444444,1748954972,Yes,0x905c8facb04c599107ec6e1e75291b69488a539e1890252db2e2025be592ae23
SELL,0.008,58,1748954970,Yes,0x1c577b8c2808563f7e19c81d30fd84551404483cc6f3076cc8034f6b1bf523ea
SELL,0.008,117,1748954968,Yes,0x7a9d038f3d0506189a1ebc87839f55a36a9d12c97827799913574ee371647097
SELL,0.008,234,1748954966,Yes,0x87c3f9028daf1fce2c7ea7f0dac2f8466d43174df51507e1c0176ff29e2e3f77
SELL,0.008,266,1748954964,Yes,0xa7326f40444a4f1c97f5c754ad9da45bad1238c1cacfb12b57e57bc284f7edc5
BUY,0.009000000036000001,333.333332,1748954962,Yes,0xf985eb4c6f356d54d67a618278e4b1db631ff2d46528bc987c2bae23a745ad02
SELL,0.008,266,1748954960,Yes,0x22685d21003eba5beaef5bf3721fcad4d162f89c243bec34d6052be962d39f17
BUY,0.991,1733,1748954954,No,0x7d3166bfe2da3aefc96d0a39901a2b33ec50a0e3c02d29078593e4320764287e
BUY,0.991,500,1748954954,No,0xb7fbffb28f6be1f34c2dc2b7817da43ab7d6790d343f25baccbfaa70428c50ac
SELL,0.009,266,1748954954,Yes,0xbeec1510bb381ddae4abed2c211abf7da559abc1a9300d65fcde94259aef6fd7
BUY,0.01,1997,1748954944,Yes,0xb67964b1b01ab3041bde004ae54824c0d8f888c097e87083142c08778c2c05fb
SELL,0.99,400,1748954942,No,0xc298cc8e9ee59baaf846bb481ba3dfc037a456243a65410c3f9347ed34275fe3
BUY,0.01,3906,1748954940,Yes,0x09044a3d4280730a40866ebe93f285a2d60bb1e7c4b4b1ae9cba206684bfd31a
BUY,0.01,1000,1748954940,Yes,0x53678c5780b7a185be17637dbb129c3c0af29cf2b5562c48e55fc18df8fa58a6
BUY,0.992,518,1748954934,No,0x973e48bbdb9025394cb219fd842ce5b143ac28c0ed72e14415110aaef6ab8a47
BUY,0.992,276.64,1748954932,No,0x9d6e1568a577b0de2c277205465454934e0dcd202804c6a573be55c45c00f7ca
BUY,0.01,147,1748954928,Yes,0x76739c2a2fc79c381ac60d55db463042bc94ba3c9e24c0f78bcf29c300e8cc71
BUY,0.010469806739935363,286485.708333,1748954916,Yes,0x0d591785ba55aa945a6df795d801ebb1208e725e1ff8c6fb3698e8512d7199b5
BUY,0.009,895.06,1748954914,Yes,0xbd57d9f3315a972b1efcfdffc909f96bf3bb53e46bb09b533bac257f48d15853
SELL,0.009,20,1748954912,Yes,0x7875c453c3c4a1a2f945b9c28ad7cf5af7dff9bd278b1f0e77629a6e68821c69
BUY,0.01,19956,1748954908,Yes,0xe9e40286a62a2a73956fea6d36413128fe570aa39e067d2459801b1ee9415887
BUY,0.01,400,1748954908,Yes,0x4757924ed880d82a9540cf2be491065004cd5cf5d3798125054ca3e60ed55521
BUY,0.992,1000,1748954906,No,0x3759748e1f50c24e07ec3de0c0d3167ee25ef8a6f5f531dfb59eddea6c0eb493
BUY,0.992,300,1748954906,No,0xff4677be486a8b3a77aa9baa68d4169e5816ab64c052e93958984c5cf617ffde
BUY,0.009000000095744682,156.666665,1748954894,Yes,0x7d3a2ad5563a754aa19d9216eb168e6dbfae756efab9ffb115cdb89feee22cd2
SELL,0.008,231,1748954890,Yes,0xbad743fc81ccab291f699e20604d03f0a54572e5975a283483b9d586bb38eb48
BUY,0.009,20000,1748954890,Yes,0xb4067e591b3c25cbb51fb44259bdf00ca877f10a33b5c02a31fb6b4adab4bead
SELL,0.008,266,1748954888,Yes,0x2c151c5baa5e51a64254da2e4dd6b26d4830b04df3b2cd5ef96c3337b257bed3
SELL,0.008,266,1748954882,Yes,0xaff6f895485fada1e24468e3dc1bdf653409241694381bc9f75df58eaaad84cd
BUY,0.009,25770,1748954880,Yes,0x325882fc75bac37600bc130d548e11240de78935ef7837c0966d15410fe567f6
BUY,0.009000000009,1111.11111,1748954880,Yes,0xb9059bde40a55f27958e85c13e8da15583f3ec34b6522869aa4aa11d9b7f6587
BUY,0.008608695653203213,10222.222221,1748954878,Yes,0xad409041681b336123140717380bb794289ea759ab410abbb2399d6b50d5a203
BUY,0.009000000002475443,5655.555554,1748954878,Yes,0x1e3745ffd947ae5ccb4d5ec68a6498d237b4b287a75e93feb23de2ae2487eae1
BUY,0.0090000000019125,8888.888887,1748954872,Yes,0x55e56d0168cd5436a162b1c0c37f39e82a8cc4ec864706a13df828952e87ffa6
BUY,0.008702004684163562,103424.444443,1748954870,Yes,0xf1253bb2c5839434bfdb5fb4f976988141fa759ec05fa57c6b2a07e76660d965
SELL,0.007,266,1748954870,Yes,0xe7931ddd973ea31f1773f8a2463919ed31d520e1cc3e38d8df5cfb0376ca3353
BUY,0.008389353659472293,25454.881111,1748954868,Yes,0xd45eec21a99c6d96b7a7fd847cec5b53702e788cd983d0b8d86147625392a3e4
SELL,0.007,266,1748954868,Yes,0x40f25f3ea239fec15cb81bef29fc6a3dead0c39cd9277123b3398acc9897f900
BUY,0.008,3000,1748954866,Yes,0x7fe1558f71da7299e249139902d9751efeed754e15dc188211493b3b2b601653
SELL,0.007,266,1748954864,Yes,0x123c8589a8dd108c4de32095ae7a76c14a2dc953f4e9744cecece7a4fe58f14d
SELL,0.007,266,1748954862,Yes,0x35d6b44c3cd22930423816a306c9a0ff7c031dc304dab659b3083ae3556dcb42
SELL,0.007,266,1748954860,Yes,0x5020c8a95939b0e59e8b5204db4632991ae15ee7df11b9de65bebf7b1c5858ba
BUY,0.008,12097.07,1748954860,Yes,0x787be5c1941673708347fd5e5fa9e8582b407275118e3c1b06dfe5682a2ff88c
SELL,0.007,266,1748954858,Yes,0x426b3c5fdc1b4f7f36f25e1f23a26f0ccc84a610d3c59a7cd1bd9ce1e71e4253
SELL,0.007,266,1748954856,Yes,0xa5e5e01d9eace88371f1ef411a3bde4232f074efb0a76102f4d16ed7b5fcbbd5
BUY,0.007,6157.34,1748954856,Yes,0x65acb64c7edcb78b785ecac9fbdb83cb5bbebcca9d5a237c773a3f41bfe92bbe
BUY,0.007000000000774908,3871.428571,1748954856,Yes,0xd4e2a6811a9373439d518e2155dabee00af5d17121d080ddb6160e2987743eae
BUY,0.00700000000035,14285.714285,1748954852,Yes,0x3a3d6c540aa3dea1b111ef13e93dfc623d3a4f50cd552d40ec3119c1ea6a5ce6
BUY,0.007000000042,142.857142,1748954844,Yes,0xe131b673862ee8765de77e95173e21c5d10ba3e3984d4b6e96accea4644e354b
BUY,0.007000000009333334,428.571428,1748954842,Yes,0xb032b2305195ea6f5f7f664b122a6a0774a855201eba71207e3dbcf96665b1d3
BUY,0.007000000000352882,8501.428571,1748954840,Yes,0xade64e3e89ce93a863af5f9ad2ea08648442cd4deb752930680680890ee8036c
BUY,0.006211267631878596,202.857142,1748954838,Yes,0x74388a4d413ea2209d065594871bf6cfe8b3dbc3a10ba921ea04be0ab6d06ab5
BUY,0.006623549726152684,99738.06,1748954822,Yes,0x214a0a1b6cce465b4c41f2cf8f4f55e3abeb9ab4281d2ef4dc88f50e6933a5df
BUY,0.006000000024,333.333332,1748954822,Yes,0xfd0d62d5a79aa05b6b0e426246f5af7c51d100d93197751ff771ab600e401044
BUY,0.006,12155,1748954806,Yes,0xc73f59071299601f6b86afec470efdc41771062200d08a9525cd8f3e83bfb123
BUY,0.0060000000096,833.333332,1748954800,Yes,0x29c023829c30f14d922bbddeda8cca287a91223d194bb5df6eb9f24311b175d5
BUY,0.0060000000024,3333.333332,1748954794,Yes,0x79a9b78f1ca627b42492dabf220454af1cee305c966be71bc302bd742e987089
BUY,0.006,170,1748954778,Yes,0x939d968709c5a0910f06345c6534a4cb6c3d93a011a3dc7b835baa7bb23bf540
BUY,0.006000000006,1666.666665,1748954770,Yes,0x67af82ca0dc26168ad8a8c02223d55c66fcf9f9deb5bca686da462c1b84ac651
BUY,0.006,2995,1748954762,Yes,0x3a2c2af9191741a74a10a53ee1deb8e76b9cf3a4aeda8fed52415d5e56091b77
BUY,0.006,8000,1748954750,Yes,0xe885632644cf28de6a9e4d2c1a389f95176934e2e9aaadbc43d6aa38048c2f49
SELL,0.994,6.44,1748954750,No,0xdd9b42145dc9724b445f1d9fde4212f27b6600a6307e35e9176dfff88bb43688
BUY,0.006,1985,1748954744,Yes,0xe506c3c3e43e1c159c3c397b75210690434aacc4903dc73c062748aaf2e07d26
SELL,0.994,18751.69,1748954742,No,0x6d6dcf921a2e5cdf9cbefdc0f0992c4fa89f8a0ee8ca89dcb83c0d745c767b28
BUY,0.005624301286453003,3470.653332,1748954738,Yes,0x9ff9da33c39878f21617961ed191be003fc36b29dea57830f78cdbf41889a86d
BUY,0.006000000002423263,4126.666665,1748954734,Yes,0xcfc52347f2169aa35574c6d43b8ca6c76f03edc3d13250745748206f825436c1
BUY,0.006,200,1748954734,Yes,0x2b362838a224241349804c776ce550a1cb1934c106d32c6e0337187f43b36475
BUY,0.006,20000,1748954726,Yes,0xaf844074c1dba05537dbe775e1e6c87a94291f17550bd7ae846458dd2ac966dc
BUY,0.006000000060000001,166.666665,1748954724,Yes,0xf71c38adfb4b43641c4a6ddefbfe1ade35f22add8dfad4cc3042f407c43a9771
BUY,0.006,3000,1748954722,Yes,0xe833000e21a39fd3e76479173e633a059e1b97a355b11af50bd35ec25513ba89
BUY,0.006000000060000001,166.666665,1748954718,Yes,0x3de40cac60ef7e8af25fe63c2f27aa7f418f4bb8ec229d82c1c238ec11b0aa96
BUY,0.00600000000605449,1651.666665,1748954718,Yes,0x4749f0989a0169ca0ff10d02ed11b4941ffbfa6fe4846de0cb5a88c35959873f
BUY,0.006000000006,1666.666665,1748954718,Yes,0xc2a55bef11e258f7c3f5abb18e97b7c46da711c4818e50981c48b1084426f105
BUY,0.995,1994.09,1748954718,No,0x53fc42575084d037dcafce06d297e738f3e784093669241a29cf24fd4ae0ba20
BUY,0.995,1791.5,1748954716,No,0x44e97838bc8494579e545410ac512f8e3a9e91c6f604c724450bca149b2c0f21
BUY,0.006000000006,1666.666665,1748954712,Yes,0xbf98a79492edd75259f287e7db206dc1758b2eb8e3c9703a13614164d28911f7
SELL,0.005,5307.5,1748954706,Yes,0x0189c70cab7fb0023eb10727880c1fa5ed17e4492c03f07f92b1886d4309d7d1
BUY,0.006367581369730428,15704.55,1748954700,Yes,0x6092d6bd61b068ce10d537a477725162933328e17dee290e0c8adb0010b55dd9
BUY,0.006,2000,1748954694,Yes,0xd1698aa15a72176b854ba73616da2a8bcfba28d99b89452c3ac89fbea416f2be
SELL,0.006,100,1748954692,Yes,0x367e5b7322a71888e347f8fd602ae102aefdc37724609899147046e16bd1ed26
BUY,0.006,1403.82,1748954684,Yes,0xaf1b5555fb0b8f8725e5873360f86b8eca1bc1968e9e31616a934c8db31635b3
BUY,0.005555555555555556,900,1748954670,Yes,0xe3bde106c63439655ce9831822576b70a614791b8281b8ea463c1e202b1b2063
BUY,0.005980254498898696,7596.666665,1748954652,Yes,0x8f88b4dd50a2359806bd0d14b330c7f138f7d2111ba7070b8fac7bd038e85cef
BUY,0.0060000000015,6666.666665,1748954644,Yes,0x05db2d2964a5bd46f2469dea2f40be42ae6daa5dea6da46c5b9498d240b94358
BUY,0.005744925324772003,870.333332,1748954638,Yes,0x9da65c9ddead0a281adafcf51d2af03be6b0fde448c97af5617b4862df5588ea
BUY,0.006,3955,1748954636,Yes,0xece60163154e879076ae84cf356e85e3c060fea15a4e551c46dc0d5a4cb48b5f
BUY,0.006,3000,1748954632,Yes,0x11299a1bac8190dfe4285bca4282299db6358fec854fbd8aeaf589dc8204b384
SELL,0.004,400,1748954628,Yes,0x2f238219c1d7afd359b8e85ca71a6ff5bf89674b6437bd5855ea068d219f5a53
BUY,0.006000000011406844,876.666665,1748954622,Yes,0x3a3a230a3cfc17c9f3413978d17a09724df5079017258d61732d79295c2cf341
BUY,0.995,1901.91,1748954618,No,0xf999626944895667a5230ec977260209ec50a8db2b73bc4ae8ac23b42f816114
SELL,0.005,35,1748954606,Yes,0xa430f380ae72be7b4d36ffce70ce3e3436674ac7065e6597b108bdaa0d00ef33
BUY,0.0060000000024,3333.333332,1748954604,Yes,0xc6ea5180702fc3af76e0a2f5d6c7fcc15705a1a59b70cfb3751b15638712cdc1
SELL,0.9949030977931016,31024.99,1748954596,No,0xd472a21cb2a27167042ac14c8b73b6615d0137aa85958dc7eb293cd4eb615d3f
SELL,0.003,38988.09,1748954584,Yes,0xe709f0485525babc8098cb25e6e7ce89c28f3b655471fe1324dae3d9ce1f7840
SELL,0.003,103.76,1748954572,Yes,0x1641970ba0ef8f9b899a9e8ca39e030ccf5e7bdc10a78baf7efe9df1b335bc5c
BUY,0.005,33640,1748954558,Yes,0x05354cee4b0caedad5aaf180689682f1294fae23feaf58199e03d65624b4de2f
BUY,0.0048121265589285,4987.4,1748954554,Yes,0xc1126f4668a7dee8bda5a23e755d9d331bb44746e86b494a7991abbb8d90d5c3
BUY,0.996,452,1748954550,No,0x4f09b5b504aa7b65f311d4c5d3274a87eba313d68cb80123cd4b05689a7a7074
SELL,0.004,266,1748954550,Yes,0xfce8214f4fc3b83322c0b4a6bc6d04e71751933204738021ff197b90e207ac35
SELL,0.004,266,1748954550,Yes,0xd1dd2d727c5ee1cb10ec009b78a55fac568d7b44f0579cdc9c5ca98e05c027f2
SELL,0.004,266,1748954546,Yes,0xf8890ef33061a033616c23cd34c154de7501eb502312173ddd4dc73b4ebb2c81
BUY,0.996,200,1748954514,No,0xe386c0efcdbda217f1cdc661cffefc17d95a94d5aa06d6e897bccb999e442ec4
BUY,0.005,2512,1748954512,Yes,0xad3e76b83f4516e0f64fbd0a87a6f3e231ae9188818048e33da15732b51604cd
BUY,0.005,9066,1748954506,Yes,0x95cdf37597a9d79b911b89dfefe7a3511098c5c8c638b72c0c6328346730c77e
BUY,0.996,800,1748954504,No,0xa48aefda27d08e0e8e71b4f4e19ca152aaf5a698492e5b71d8a7146858572499
BUY,0.005,1230,1748954494,Yes,0xd2325110fce6a2ec87734aa812814d69ccddbecccd96ed157c5562b56216f097
BUY,0.005,1644,1748954492,Yes,0xdc13058d09ff5f1e931fdf4fd76df42cad409675db765ee0139299ef8730388a
BUY,0.996,1000,1748954492,No,0x8cdcabf918d976d26c031785e68ab2e8fa00109bfdfca36f19b2e68b06db609b
BUY,0.996,4000,1748954492,No,0xdb5e2ec0e664cd3abdafc1c9ca1d074a0d26128255c961bd4c2f6eafc7b556a7
BUY,0.005,1000,1748954484,Yes,0x789bfe5fb77d4948105f3169c78abc01abe07ad9265d91c44b2d66bae461e625
BUY,0.996,737,1748954466,No,0x775643f63dd6665d412343562b30a9458f275d59e300517bd83c23a07e5831f5
BUY,0.005,1000,1748954450,Yes,0x7e7a76ccc91f92fdd577b9780b8d4bf79f968e0c5cc63c85a25614da2ef17d02
BUY,0.005,200,1748954432,Yes,0x94e80e8e316f1c47bf7e9ae0a78afa77d1fe7c576200d3e6e7b8fe8e79665cfe
SELL,0.99509036,2000,1748954426,No,0x51ce7c50635de2c905bfa962cad924625623439b941814701773b568b0b2968f
BUY,0.004,956.65,1748954416,Yes,0x9d9fda520cc739b20852b2a9b51da38cd63c9f1156b142b3ae9ba4e290da5b1c
BUY,0.004,75227.5,1748954410,Yes,0x51071b4029a91dd41c492682000fcf5b77cec704fbffc780a01042844f876bef
BUY,0.004,2475,1748954406,Yes,0xf582acdc25332115581f370163a1e66bd9136fafc37bf0501f8d79a3371b6186
BUY,0.004,12032.5,1748954380,Yes,0x99f899e3316a43285427fd6879e9f43300444b627eabc6d4e38f85ff5e8b66d8
BUY,0.004,500,1748954338,Yes,0x1645210b8eda414d6142e09374bec2b3509f00d3c4a0488e67e52c7161c57aaf
BUY,0.997,557,1748954330,No,0x7701d3029359d27c128427804d889e843fa90c024f739ba86e7640e00f9bffd4
BUY,0.004,2800,1748954328,Yes,0x9009ee98434edbb88e96b05c82482336121e61011b1b7bec0727d8b1319150fb
BUY,0.004,25000,1748954328,Yes,0x854a1847ead295a7e53dc577cfad16cf9a9dd7b95b9edffd8b28bc53b6335295
BUY,0.004,5000,1748954318,Yes,0x678c7bdcba094615d6c655aebef09d0ad01e745725f5d82944638ea8028a6cb7
BUY,0.004,1385.72,1748954318,Yes,0x1d8248e414302e8ba00710a2532c8162d77959bc0d44a8ea0c984d735d9a0015
BUY,0.004,18164.7,1748954310,Yes,0xf3a46dd750215814fa1ff8439378d7b614ced3d40eb9ed560eef74758154c235
BUY,0.004,250,1748954308,Yes,0xfc3cf4d9611e09996904652afaa1fc948a4946d58a6bb0ddde200c524d3b77c8
BUY,0.004,1000,1748954236,Yes,0x0ac8b00940944a627f48d1cc54357150c9bd23b8024ec4ab05a73221b533216a
BUY,0.004,8750,1748954222,Yes,0x7d486272aa4500d8a6b6eafe8addc912cf08aafe966e005556583f1fcf22f610
BUY,0.004,5307.5,1748954200,Yes,0x78f21ae1848b9d8aa3010388e2a47adff3df51b0dba8c30dd32f6b8d826959e9
BUY,0.004,5000,1748954198,Yes,0x660f44c285911b936ff6cdc630c63a0ff2d7442e764143b7d4fd39ff107868be
BUY,0.004,250,1748954144,Yes,0x97ecdfccc7b97ea94ab973861cc0d1b4568f77e567210cd7f1938cdf1de31988
BUY,0.997,1022,1748954134,No,0x03589a506e81b04d0e819500a22bcb4228422f2a504e34ce3fe8b2172b5304bb
BUY,0.004,7420,1748954120,Yes,0x7b8e878a429bc134caec1635528317a2bafe684d94997b86424c7628ed9a0c40
BUY,0.004,2500,1748954120,Yes,0x8b1f9553440e914abcb13fec0dfbd9b34ef85ff0a62bbec2a3e86e86566a591b
BUY,0.005,800,1748954112,Yes,0xa89d3aebfd24cd11f78c40630c0a222207e0c21210f0869dc078f9f3e23227be
BUY,0.996,545,1748954082,No,0x7b9e4654ffd21a24289255f205d05b33be4b333f528cf872f231678906037ac8
BUY,0.996,56739.59,1748954082,No,0x664edac9062578039dce0291af525318b3a94b3c2fe4c9fa0f62900a02c79616
BUY,0.005,1998.77,1748954072,Yes,0xa36507a6b7a006d805dfaaf8abc20d8692030ae1aa3c179e29d3b2217271a144
BUY,0.005,19966,1748954070,Yes,0x99e65e686c0d4fbe3686c57f4ef523ad07789ec2ab3fd5865d60c61766babcbf
BUY,0.005,2396,1748954058,Yes,0xeeba9c5870c6965410cd0638995998985c4089ca4ea3c8e83b4f6981be609f2e
SELL,0.004,75,1748954050,Yes,0xc3efb8fed1258ced48abfe04822147d02942fb3b1a943f9308c5013417b51d44
SELL,0.004,266,1748954040,Yes,0xb88fc36fb06808dfc2c79fd3194d0a12071cf45d8002287a0c18ad3911bf1578
SELL,0.004,266,1748954038,Yes,0xbe46dbf49b50a9fe60a8d2b87d3a88283cca78aee85ab98df585e4640a2c8747
SELL,0.004,266,1748954038,Yes,0x25726af4ce7b5f5c2ef6155726ac8422f29dc247181dd770adf2cc24e6154d84
SELL,0.004,266,1748954032,Yes,0x3ccc0f34457db3df76a540547014ef7161f7da6861895240bf4ac65eb843b592
SELL,0.004,266,1748954030,Yes,0x202776f6cd7fe20e3856390f063d08e101e752557821b9089f752c0905fe013c
SELL,0.004,266,1748954028,Yes,0xc9d1746c2e4e215e65c336f0bed5ba99b15a2b0978644739d91ac093b128eca8
SELL,0.004,266,1748954026,Yes,0x8c3aacaf07a459d8c9028cc03dddc28addaff07ff1e2e3b8317d394e5beb6aa9
SELL,0.004,266,1748954022,Yes,0xadd653302a3c99ee2feaef70bd8935cac93b0d75e5376654cf1aab722b7c5f8f
SELL,0.004,266,1748954020,Yes,0x6dbe14ced808271df28f2f0e06d2512f4ab64d2af1f5267702f0306b1d40ef07
SELL,0.004,266,1748954018,Yes,0x2213181c7a2c82208bb3d0268dc45a2be97758ea5e69afc896285c281a84b64a
SELL,0.995,99,1748954016,No,0x8fa20a3e2d735c8c8bacc3638477142bb15411b11f7f8dd93cb05a225cd63af1
SELL,0.0047931954887218044,266,1748954014,Yes,0x56d4c25adfac4e9433ba60328e2ac5934b4af9363f063a40557ae291a7b75ba5
BUY,0.995,300,1748954014,No,0xf427fe653d2717eab5355619a9d51030ed02a086967962593ce0201dc15cf41c
SELL,0.005,500.01,1748954014,Yes,0x27911b21cdcf44c0c20b891bb9ba3ed261edec5f2a55a4e729b7e630f299356b
BUY,0.995,4650,1748954014,No,0x9a91381377237bda4fb5c393768dcf8a117e143da412d2bb0d593083dbfa5090
SELL,0.005,266,1748954012,Yes,0x461c6b02eeb71e440c21777fb2bfedfd09842f54f01a05399b021188afc89ccf
SELL,0.005,266,1748954010,Yes,0x44290b2e1fed3d78698a680010424f156ff9ed610e2b9c40b595b02f24390640
BUY,0.005,350,1748954008,Yes,0x540f4477f842dbe97243d234dfe3407265f1d7ac8e7bb1fb195ce54ef8ee59b1
BUY,0.006000000001202405,1663.333333,1748953984,Yes,0x0ff82e32b43c1de2203559879ca0dd46de7809b18f317acc46399cdf5634ec30
BUY,0.00600000000006,66666.666666,1748953978,Yes,0x6b76089d1cc7428f5b5227d2fd9b620baa9887daa2a8a864a8bea7f1389cf7a5
BUY,0.006,10930,1748953952,Yes,0xcd8a3aad3164f03bd1cf44828fc31a4006b75b5377cdc3ba3ea818c08f8d0468
BUY,0.005,3000,1748953910,Yes,0xcb34eef1f3bcd08acffb8e280a01fbf50f03b35d654dae26d11e167fc93dfe52
BUY,0.996,545,1748953900,No,0xd88839ff2fb9f2fda1ac4155212793faf4f18b1823035d067b0141867c4535a1
BUY,0.005,4000,1748953892,Yes,0x22b6c1e3cba9e2119dcdef4a8dab3ec048cae9994f85034edc810d0a9a5ff171
BUY,0.005,5924,1748953880,Yes,0xf2c6c4b62e94b427d64d5ca312dea0bafa811517b724f33247b517f96066e58d
SELL,0.004,5306.66,1748953868,Yes,0x4bd1e03688397f77c2b6f3ea6450c026c29ee4a9e78abfcea43e54f33bc6fb37
BUY,0.005,2338,1748953866,Yes,0x1080fa6ce89cc147ed6436914b250151fda9aca7793c52efe087dc327ae56861
BUY,0.005,7000,1748953850,Yes,0x1be3df18c2db51d4118f3d26d893d255980eb4516c3872f8e32d93c7a58c4574
SELL,0.004,225,1748953844,Yes,0xfcd08f968678cd5c33a3854e14303ec19fd29e2b84e956bcafca6c7a9cb7c4df
SELL,0.004,266,1748953836,Yes,0x7cf3197efe148610f1aeb00cc6df033257f6c7570a7007e53b0dd4425aba1a56
SELL,0.004,266,1748953832,Yes,0xe2d3c75b6b7ee120019555f5cb240a2a2333318d89a583a1d7ab68129f547b39
BUY,0.005,200,1748953828,Yes,0x32f755e220d7dd82df0c5ff49cb4d388014759111c4abaca7a8d7751350d7778
SELL,0.004,266,1748953828,Yes,0x4a6ea985b333b6502a3cd7614a82e796dfe2f2eb20a59ad0272e03d8633659ea
SELL,0.004,266,1748953824,Yes,0xb3ae93d718fc557b82ff8ba0d13680f8747c7088cfdc0601270384ebdff1a899
SELL,0.004,266,1748953822,Yes,0xa0c3e710cf07b13ff9d693c7040fb630fda8ae0db9916e285716f1c6491f8fc4
SELL,0.004,266,1748953820,Yes,0xb6155a8536c0a2156dabf55998feaa35404ae4dc1e485c116560dda0e25c79b7
SELL,0.004,266,1748953818,Yes,0xf32c9a3d53dfae62065c01162dd688ad6917120e72bae0c54d9473f7213fbabd
SELL,0.004,266,1748953814,Yes,0x1097c9704bfd903a2d89b1cef1618b5b4aabf0ce27b1b015e9cde55b8b547851
SELL,0.004,266,1748953812,Yes,0x4189c7d3b1857e819ac567cabbb815bb4d1027e39d9c4737d1a0d1e4eeafda54
SELL,0.004,266,1748953810,Yes,0xfbd6a9f8988ae931db4f50fda54382119ae35628f2a029255715aac8cc2e72fa
SELL,0.004,266,1748953806,Yes,0xe4103f8c8d871cfff10d43ce0a784cc9a4e130f7f562da5ce08d3b8bf77fd3b4
SELL,0.004,266,1748953804,Yes,0xd41ec3f2146a50e022032e5672d5c10800d72c27cfe2f4796fb2bf7c0c5d9671
SELL,0.004,41,1748953800,Yes,0x7e4bfcecc5ffcc8e70a17f5154fba50f69f8201680113595cd1e04820133175a
SELL,0.004,41,1748953794,Yes,0x8e548633be2e1003375375985ef283f1c04b1e729e06d8672ec1a3c4ec4696dd
BUY,0.004,701,1748953790,Yes,0xc4f5807247ec496fed413f3a1f258d690b520714e700986f2386df152ebe99e5
BUY,0.005,7114.7,1748953786,Yes,0xe015ed595e0211abe83413df8f352cb4dda6d46f623dce989b26fd862662a11d
BUY,0.004993391742741858,22850.2,1748953768,Yes,0xc5caebcc473495d4e957fcb0638a0f5b25bb4ce63261f7897641e6285ae1de7b
BUY,0.0049001,10000,1748953760,Yes,0xd118e742b008383aa991770731bcac9c08486f9eadad9dbfa8a1eb599b2c5a79
BUY,0.005,1768.23,1748953756,Yes,0x86ab9a967e19860d2c3117229652e7da3b4a20592f394a0c201ea9ffd8b6f611
BUY,0.004,6127.5,1748953750,Yes,0xcfc8ddbe9968fecf701a38aafd747207dfe41dd233b19ccd975e3a4ff55a46b9
SELL,0.003,266,1748953748,Yes,0x2e019312936a7846eba0bb3e8377f8691c8ba49dbd5f0038ecd30fbbbc2bafca
SELL,0.003,266,1748953744,Yes,0xd445b983a2ae3ed6122f9fdba51416f8e31aa05e3fd834b78cff06a583dae2af
SELL,0.003,266,1748953742,Yes,0x1da53cf2bfb5a4237c5c8390c60d1d13c9d8b55fcaf533c2043a6fced1ad21af
SELL,0.003,266,1748953740,Yes,0xfbf380bbb139eed2f50a9e06bef178e15c108587a8f25c22e8c7a3eb1f942016
SELL,0.003,266,1748953736,Yes,0x26b388f0576586992e2620575c1cb4d184f3c55a2a0f4e564268aa0d44951a0f
SELL,0.003,266,1748953734,Yes,0x8b8ba192c9f69158e5595c1293b86af78a9e6c5ad684c0a81d53740912741ad1
SELL,0.003,266,1748953732,Yes,0x784a50d913a8d7aed8fa016411c857af8e3a4ab5c94540532efbaa7b76c43f32
SELL,0.003,266,1748953730,Yes,0x87eae7ad874d1015aaa55ade1d8cfb2b5a276a96d581624cc811ef6ebfad4443
SELL,0.003,266,1748953726,Yes,0xffc1c3129d512c881cda6dbae1fcaa477a1ddc5fa8b9ce91c30d70597aecdf8c
SELL,0.003,266,1748953724,Yes,0xea0fe3bc3ce45f97deb7efcaa50fa7fe6704285f5ff5ed90b7fc02dc528e45a6
SELL,0.003,266,1748953720,Yes,0x7f02918639727d79b25cb23d7ede9923d26deccd10ed91b7b5cfdb098fd05753
SELL,0.003,266,1748953718,Yes,0xff256b759c52fbbd4d28caacb5ebdf82de6c645b6f0055784118a4eca727d6cd
BUY,0.00473138639142107,535980.321666,1748953716,Yes,0xea8a58353bcc49f594e6e44d8ecc85fce62a1edcc31cccd4d7fa9b25b1d389b3
SELL,0.003,266,1748953714,Yes,0x0902e77b1fcacb83701d2ad9fc5c1f0226417c7eb9f04a2da584e575761701aa
BUY,0.003,2000,1748953714,Yes,0x8b437709aaf632d64b67876fe347cae94d0da7194477889006825f316a699cbb
SELL,0.0015992875012320878,31957.95,1748953702,Yes,0x9e14dea49d38f601b0b532412fadec76357803a474721d6eed0fed824a6474f6
BUY,0.0031933406307446373,203382.625,1748953692,Yes,0x40921d2bdc446c41577874968cba4dd2c9b65611b678619274ca8ab9d27e5e18
BUY,0.00300000000018388,10876.666666,1748953676,Yes,0x44051dd3ea7f370dd9b6217444eb4bff8ed69bf3ad222705a525de8cb7fea8d4
BUY,0.998,517,1748953674,No,0x8b8405efd83e7974e88ff722436efa2c7d0ea0ebb06f7b1d7f7002579d0c1be7
SELL,0.002,60000,1748953656,Yes,0x498098b626bea748d343f6cf299b945acae47b764111bb6394664c5933eae4e6
BUY,0.002,12314.97,1748953634,Yes,0x6855c2a494e432363eca752441d8390814f93d623c9534fa627e5a67341ba4a9
BUY,0.002,3730,1748953616,Yes,0xc00f46c6745c42969ba084aebccb19202880b6f00449594572564483eb025c5f
SELL,0.002,3000,1748953604,Yes,0x604c7a1f9172aaa9494bc01b213c91f3295390edfdd1cb3f82a585e8ee0fd803
BUY,0.003000000000230769,4333.333333,1748953600,Yes,0x65678ef0f3d362074f2292c6a834ae710a4ebc4e95a5bcf30f4f757b1e79a71e
BUY,0.0030000000012,1666.666666,1748953582,Yes,0x29a3260412dcd86a6ffa0417058006f9b1c3843455e30531f5518db576d1bb52
SELL,0.0018474626865671643,13400,1748953534,Yes,0x8f1993383e9dc3a35400def13d5dfaf3f6c4489f736ab44428c90921ac4314f1
SELL,0.002,266,1748953530,Yes,0x4ce7b1def581fa9b8217cc4e59d723b3363c901d4bd0920079ae38b696cf13c7
BUY,0.998,532,1748953528,No,0x25ac69fe9a6f92ab2f88cff3b345e48757b865c4152640051eef1d1e984a7146
SELL,0.002,266,1748953528,Yes,0xce2ab74875c8df71c6c6db7224d952bbb3940abd36fdb4ce150dd4bf450fd4a9
SELL,0.002,266,1748953528,Yes,0xa39b7a4567ab1c16bcb26b8c987481e8fa5a11b3fef566910054bf05c620e359
SELL,0.002,266,1748953522,Yes,0x12237d6bf34ef4d0bb3eda8fa251f4bb0160516d3beb171e88ec6c492f2ee547
SELL,0.998,9709.99,1748953522,No,0x18c1b8cce0ecf2dc5dce31e045796a5ac688c3ced890bada84c7f5f623831f18
BUY,0.002,500,1748953494,Yes,0xdee43ec686b7fd5cdb5411202fdb85940e277356f08f2336c6ae6677c63d4561
BUY,0.003000000012,333.333332,1748953478,Yes,0x5a02943e28eeb884155b7f6bdb4fc8298881faae1918348d599de43261452cf2
SELL,0.001,500,1748953478,Yes,0xb86c61fd3af1b26753aefcbc013983ba4432f2d956cd7fd55987c707155e62bb
SELL,0.001,15041.2,1748953426,Yes,0xb2d74b5ef9c894bcd3e1fedcf934fd8faf12367b5bcbd45a625ec91d8c7f7775
BUY,0.0029559859737621355,150937.793332,1748953418,Yes,0x7ef4378bacc29b2596977220fd6e1a5225a8fd5df1564f07f9d19e61aba5062a
BUY,0.002,5000,1748953408,Yes,0x6165be5720c30f63db04ec27367ddaa3d8d8c7c57b31b6c03a07335b0b8ba6fc
BUY,0.003000000000220954,18103.333332,1748953348,Yes,0x88aa3ed6af6cfb7a1fb2bb1f98796391f514a3cb43e349ce63ffcdf8f73fbe94
BUY,0.002577825112605117,45069,1748953342,Yes,0x3cb990d75ea4b4c1ca54a0824cd5b6ee3c3c8d255616140727918dcbbfdf6645
SELL,0.001,498.7,1748953340,Yes,0x013697b0beb20208d714098440e85a31542264c974673544d05dc21e0e13a937
SELL,0.001,266,1748953332,Yes,0x2a557f759c2f942d0fb524850e6717c4c10b0471e9b7d60293f5c1d25af6bb37
BUY,0.998,973,1748953332,No,0x9104c9701b751d3994b4859177f256a68ae0da29eaa4d9a3f2dff4e95368ee87
SELL,0.002,266,1748953330,Yes,0x7b710e9df124ff961b66fb0d59767811ae5823ebf2f94289c43c7ae23ab8fbca
SELL,0.002,40000,1748953330,Yes,0xe68994d284187320dd1cb7ec0217d15ddb9f6b22bbb5c810a235160016e9915a
SELL,0.002,266,1748953328,Yes,0x019e9f7ef47316fffd2c8b22ec12554dd912e13dbef0c6f4e6ec92d7c0d572eb
SELL,0.002,266,1748953326,Yes,0x88d3407c8570686bc3256c169e5be0ce692d69c7195c50ffb125b1e8d7575634
SELL,0.002,266,1748953326,Yes,0x2a18d978b44a9c08c0a72479dced27650678973f867b18e5819b51f71874e853
SELL,0.002,266,1748953322,Yes,0x4c157238e67b370b454a0bfbe00d6a6ab71f054baea0099652f5488c049d5ee5
SELL,0.002,266,1748953318,Yes,0x60585cf991d84f0034bf6438c4cb7cfb8576ee586db73f22f33ee08c01993f87
SELL,0.002,266,1748953316,Yes,0x7e05de39760164215c4439f215699e661e67c33868b8df1c244660c9c37c95dc
BUY,0.998,6623,1748953310,No,0xf52a1d5bfa6ce14277611782c9c57349aa9c2e8aab313edcc43c70e4433641af
BUY,0.002,542,1748953290,Yes,0x89ee5aeeb237fbad9080544d694b619a58a887458667517484085f388e4d0e08
BUY,0.998,542,1748953288,No,0x963e727f79e26133f19e81fbd90913689f0339129f921f496367e6df35c941f2
BUY,0.998,35567.41,1748953288,No,0x084ef7deecf3853ecd5bb198524160d8b26e2cbb7850f78d6221035fe2dd5be6
SELL,0.002,42,1748953256,Yes,0x9e5b4d28c4c5ca07d92c07a34348b7ed2487f61cfc2c8185251cc93d187544d2
BUY,0.998,43376.54,1748953250,No,0x0f4fbd80f483c8efe7e92eb8b5af96853f9e5e6fd953fd56face5d8a3e1ed12b
SELL,0.002,266,1748953244,Yes,0xc7abef5ae13e7efe876a3c4db5c1e41db1159639d8a62678cbf6be87cc96b36a
SELL,0.002,266,1748953242,Yes,0x2d490495a1bc83f08b6f5f94e094c0440f498fa3e9a17f61c4074e80e0c5a62b
SELL,0.002,266,1748953238,Yes,0x564d45608d4dcfff1eef19eb5ea940f8b60c19f3fe7f2ec0f6825df9de0a210b
BUY,0.003,1000,1748953236,Yes,0x3e2ec97a5a055327910e1d8318641708ad0123f1b199e598cad800a6d229a8d6
SELL,0.002,266,1748953236,Yes,0x7247e6ea972139d415c106c2160a3252bcf7449c346f7c9c5622ee683fbab98f
SELL,0.002,266,1748953234,Yes,0xe07995b3cbda380e4592cad5c9b36db6677ec27cd4911c36570cfe46542a0d20
BUY,0.003,1000,1748953234,Yes,0x093d7a76ac3448b4e19db5fff1a036354484ca3321014ad8bd6c122ea90029ae
SELL,0.002,266,1748953230,Yes,0x5ccbb4bfcf650fa64380680e755c5d6d97b4d0a6696f27e2dfea6b35d0b4d645
BUY,0.998,555,1748953230,No,0xb0058c7b2b10ba0c3db196f55c5264689598a9b01d5108d055029dd20c535c59
SELL,0.002,266,1748953228,Yes,0xe459bc2b8cf3467bde941adbb61c1cae50505e8513bc060649334f2eb27339b7
BUY,0.998,16008.26,1748953226,No,0x43b279c5d854d388015f4c933a2238293546d57a55ea7c7e00610f425ff7dea8
SELL,0.002,266,1748953226,Yes,0x327fe1ccfaeb9ddfb6a82d71a9f221b94d4c2413f3d231b76bd276fc416a50b4
SELL,0.002,266,1748953224,Yes,0xe3a7dd6a0794d6fab72a4153a2fd3cbb92d66d442c1c3dbea462697bcc2a3abc
SELL,0.002,266,1748953222,Yes,0x1e5031348cc00c4df1561b983fa345e826a5f38485ecd6b6552588a7edab4c74
BUY,0.998,5000,1748953220,No,0x98e807c9eec81e95e7d0178354f4207f77ee87945094d875cb0cc554fc212e3f
BUY,0.003000000003,1666.666665,1748953214,Yes,0x70ce1093cfc2f1ce8277f4c0d026040701d60435fccb1e5628f9dc6e70d42d41
BUY,0.002674021249860441,11118.086665,1748953214,Yes,0x54647d8981f21052140469f06cd15fa4a63e7a71b2cd564914a04926036fbd54
SELL,0.002,266,1748953210,Yes,0xcc57c9ed4e3696f6d5d22f36b0dceaeb4cf12182511a0eafea774642c3323fdb
SELL,0.002,9075.74,1748953210,Yes,0xd046ec80fd23fdb07971e8d59573d3894d63885fcba5e8566bd3e9b3435222e8
SELL,0.002,266,1748953204,Yes,0x6d9526b7fec0d2ea7ed005736f879f2fff93966f17faf7e1d586f028e1b8a1d6
SELL,0.002,266,1748953202,Yes,0x1d29ed4a68536e8687f0918744132bedab5a07033609a2e8b422a4e6064e04e0
BUY,0.003322392233513278,287115.4075,1748953196,Yes,0xfe63f69cd783eb139b5005c16a1cd192d3032644d7d801241c6e9533a1d6fb99
BUY,0.002,17250,1748953180,Yes,0xa67bead1a82ddb6f1758ca9eb1f78e54ce28d8d6fce34a3f2d776902a6065760
BUY,0.002,44000,1748953176,Yes,0x4bf3c55caf66698a9c269989baf962628a8644981dd32bfdc1d3ef87d76bf384
BUY,0.002,12495,1748953170,Yes,0xebd73349d1c291b5028bc4b86381fa6dca09b2e678f98755020b3451a76619be
SELL,0.998,1075.39,1748953154,No,0xdeea176c66abc00c841057d5392b4b654164c86126d3cadf664def1fb8752aac
BUY,0.998,21047.17,1748953078,No,0x852218030f59d33d882d94dc4c1e601729bc0108db8976dbc9b8fab8bd366fcb
BUY,0.998,1000,1748953076,No,0x355bf0b9a50521198ca7af6ca3babd50749a41c9e3ba9d514137623f3e4a4612
SELL,0.002,25000,1748953070,Yes,0x4e3d8fd88099932bb19a69be8c9eb8001edffabfb398e52dcbd61d3f6466e33d
BUY,0.998,2000,1748953060,No,0x5f068e5daa80cfe1dad2c5a5ca84352299879d29d00ccc4ccf2bca9b02194273
SELL,0.002,134,1748953060,Yes,0xa2e3f258e9f27c630e31b429d8475f60abf3288929ff18980a5f3ed5cdd143d9
SELL,0.002,266,1748953058,Yes,0xd0fa25289d9e83debaa1189e64bfbdae4a51c9b99357cfd8f9029a36ba1c667b
BUY,0.002,552.83,1748953056,Yes,0xd8fd38b229a95bbbd7fffbb9da2e19b7da660303d98d052e8ba1b2e88d0afb62
BUY,0.998,60623.17,1748953054,No,0xf381988a6cb26fdbf63fdd3da23bd0b7f09ee4c10dcb54c4c2e8fc76ca5bab64
SELL,0.002,20.83,1748953054,Yes,0x99024a845ad35cd4a18ccd99fba8086639f2315385b77e8f68682786fb401e73
SELL,0.002,266,1748953052,Yes,0xe46633b16027c0f13a62fddf8d518f1feb3e3f6a01fce94ec7508a6377f53096
SELL,0.002,266,1748953052,Yes,0x28fe90def9546ba7821ce2697d749d66eb854eb3836d94fcb744c0d58cee77ca
SELL,0.002,266,1748953046,Yes,0xa674dab668664bf99f4dc8335c098c604f7e5d0f51e236f6b367acd4136f3e59
BUY,0.002,551,1748953044,Yes,0xf91f3661446dfc347b40aa98842b610b2b9bed6237e2871d217d406982558bef
BUY,0.0025212124846843865,268120.995,1748953012,Yes,0x291a933ccedaa9325c46666cb1725449aea666f74a820929102493b3edd3fe23
BUY,0.002,16890,1748952990,Yes,0x50287c35e03dc23c474d9649f38254ab381080c2f7c64cb8e857005444c2b7fa
BUY,0.002,12500,1748952966,Yes,0x3f605211e0831dd29b4e829266f3f258ecd6f33e8171cf677f1a50ba9df067d1
BUY,0.002,15000,1748952932,Yes,0x61b44796fba094a2ce919f2bea7f5cf7b0b50acce4264dabb2961b2c8d7782b4
BUY,0.999,46.646,1748952892,No,0x256f2dfa349328b1b155e4dd6e3294022e8357c9ef20b7258ccf8e962643a58f
SELL,0.001,2000,1748952882,Yes,0x940171f6e8dddca050bebb3ad1ce4c14f51bf7b90d7eb58075b97c48d0918dd0
SELL,0.001,10000,1748952876,Yes,0xae5195afbf82a3adf083b34897e5d847cf0b516742a767a7b1b67cf9f2161bd9
SELL,0.001,17206.89,1748952850,Yes,0x1bc9a747953bb253ab7b324d9db5d23fd5689c15d06ff0ffbb31001464ef434a
SELL,0.001,240,1748952848,Yes,0xd2e4bbb0259de9d3ab6d4a0e18702ec19e0b0ad05bcaecf23dde30f2202c4539
SELL,0.001,280,1748952820,Yes,0x65bedaf5b6ee2b78812021162cb6efb93ef8770efac2166e8d32c6744bc1348b
SELL,0.001,30000,1748952818,Yes,0xb281afab2c071468f246c8dd3e984bd9d0085defcfd095199f40e470d5956357
BUY,0.002,10000,1748952808,Yes,0xbbbdf539bd5f6310524b74f7c4c2cc6e7ac7572e5b4b5b4426c86fcf511cbfce
SELL,0.001,66,1748952802,Yes,0xf66b728445658e0bd29833cae808ead54a17d5d28a09a63dd07301b4bcb7ab9e
SELL,0.001,133,1748952800,Yes,0x9398cc52ae85b0e078a0643278cd6c5c5a01ef07e8334232c3d9ad8bb5ad78ac
SELL,0.001,266,1748952798,Yes,0x3f6e9fa29b92e0adf7b55722577261969a7e027ea2f474fd1edc0ea2d2cb448a
SELL,0.001,266,1748952796,Yes,0x9e4f67ac0730b781d4c50d4290fa7806d28da1e71a2b435e11aeabb66a81012d
SELL,0.001,266,1748952792,Yes,0xde0ff34d6b50669172d49fd3399d64b7cfeb8f8c32c5adeff152ea06b0b4a221
SELL,0.001,266,1748952790,Yes,0x1096697587f292392a2a7d4742b2ae6ba6610853238752a6c0de811ae3cdfe17
SELL,0.001,266,1748952786,Yes,0x172a4a59ae277fb38df8b9314814093644b2cf137681ae7cbafa5d13f01f3e2f
SELL,0.001,266,1748952784,Yes,0xdd11b267af1b4c9a518cc9af0c871691c3c897f3bafd40418bb6efd9d49a70ed
SELL,0.001,266,1748952782,Yes,0x1f6f7a1005dca7817f43088c57508fc2f3fd5e99e4550906f568163a86514551
BUY,0.999,10,1748952768,No,0xded35d829585d18b2fcd42eabb51b9a66d8caba99c74b2b69ae64e2e4dea40bc
BUY,0.999,1000,1748952766,No,0x275ecccda96849065f2e6141a986f94f439cd57ff9c9dfe778edf40f0a5c2d7b
SELL,0.001,35001,1748952764,Yes,0x1203628025ff84271d0ff19e6f02e7f2717bfe4e0625b29aebea5568cab2be1b
SELL,0.001,19454.74,1748952760,Yes,0x8ba86f40900ba389a7387ce903feee63b335d36c7cbff7e86c0d84c0d15ceed7
BUY,0.002,1500,1748952758,Yes,0xfb52fce1c9852c107aa06639a97072bd2bdd87bd367ddecc153a004eb494aadd
BUY,0.999,10.86,1748952748,No,0x135a783f7ce4cb386f4c59fbcacca2c254a5bf0cd756ae7c47e183773761a9bd
BUY,0.002,935,1748952748,Yes,0xea3356b01e2f85315352d10988acebaf6432386850ea72247a708da98e9d1902
BUY,0.002,22500,1748952694,Yes,0x909cb3e3c0cb040606d44944e6d3d852ef1c0a8123a414b9fc6b16f3bf6b70a4
SELL,0.001,5825.71,1748952686,Yes,0x3d3446f090c93dbe2df91755dbe5dc071424559b24508fdd608a166dd4fb43d5
BUY,0.002,885,1748952670,Yes,0xb2a5c477a54fd5d622de3b3f8565a184711d10434a3dffe869e50d54c3ed90f0
SELL,0.001,1029.41,1748952670,Yes,0xaf4cac9d39f601caac651e2ca4c9fc9dbf85491081ca013a053233283bd421c8
SELL,0.001,23.8,1748952668,Yes,0x6e0f6ea546885ba55e0bc93543e6daee1d287bb68a356b3f1f709fad95b3f2cf
SELL,0.002,6720,1748952620,Yes,0xab47c0b6015fc714e6dde6ec3b51bfe87751d3dbf0e1d30d9051f4ea1aea07e8
BUY,0.998,88913.05,1748952620,No,0x0fd67fe2f2db4b3f0112c51e42393a5e80cf9482b2d51ea545a7d4bb4842381b
SELL,0.002,5000,1748952618,Yes,0xbfe10001ff0759562fd0937c958ff79a2a5c548fabe16d47896a9d9f0d58b086
BUY,0.0030000000018750002,2666.666665,1748952618,Yes,0xb26de6af9ee085b94363fd27b18474d713eea6f5eae861e71f9f50777574f184
SELL,0.002,5000,1748952618,Yes,0xefee88d5d145b94d4625f6afc935fb5f91be1077ed0241a945329dd2a48e9a8d
BUY,0.003000000000131435,30433.333332,1748952614,Yes,0xd54e133fb8708cb4a9f13c5eca96062f59bf0759e6214bfdf9b0aaf6d56a4c18
SELL,0.002,311111,1748952612,Yes,0x237862691835d06e7de4cd1e46ce71606220485461fc83d6aaa926068400488b
BUY,0.003000000000283019,17666.666665,1748952598,Yes,0x78faf4df7e931e9e18919d98abbcdaa834337edf78e8b44fbac68d9349c11a79
BUY,0.998,1720,1748952594,No,0x34822906f356e8ad4609ac6f0275723a1e377df4e7984546d0dc978e90953267
BUY,0.998,10000,1748952590,No,0x50bab95c2f139b1ab601ae3892ceb698c63d0f8a04c44a3489c2373b4a12dc0a
BUY,0.998,48000,1748952582,No,0x1d79c6a6817ee31d6f4e51083d9d88ef2658a666ff24024bc9bbead90112e78c
BUY,0.998,300,1748952582,No,0x21ee0c56581a21364fc48bb1e4780980eae35790aa28953558ae86f681b9b2e5
SELL,0.002,41,1748952576,Yes,0x05b5e0a08fe0478e718186131fddbb1a621c3341d643feea564d0d7a485cd26a
SELL,0.002,41,1748952574,Yes,0x33e3572663fe3e39a91cf14c1557515df442445ec79a894fb7907e606880bb50
BUY,0.998,20000,1748952568,No,0x0d316fe55ef8c8b4dae1bfe99aff7522e8e3d592353061b312490c0d58c75ad2
BUY,0.998,100,1748952564,No,0xb9167cc4145a2dc89cdf8d2897a226f9e5ba84134a0c2eda93a998656ddb8d71
SELL,0.002,266,1748952562,Yes,0xe9096379de3e36f0ad62771912bd03bf0add52aa6fd8c9cc4c4a1ed98ed99e0e
BUY,0.998,100000,1748952560,No,0x7a49936e8b43408aa94bb9aaa901c13643c836ca256e4a4362758b7a5857a567
SELL,0.002,266,1748952560,Yes,0xcc35becc5e635c7f76276b47bb3a4e0b1e866dcab16799e8f44cef76d2eac9ca
SELL,0.002,266,1748952556,Yes,0xd08c3453414cac3757485b153f3fc99d4afb024379763fc5f21da9ea337ca691
SELL,0.002,266,1748952554,Yes,0x92b14e91b33210d0d79dcc3e9574a263884da1232ae34f17ab5ad48b1685263c
SELL,0.002,266,1748952552,Yes,0xc88aee9d948ee79798bfab7a5ba5c39566bffd0d73fd0aae015df7c22b4135d9
SELL,0.002,266,1748952548,Yes,0x958a0f21207c34e90f07b870f3d7f75e78761a203dbad540b7e8d7b6bb5288d2
SELL,0.002,266,1748952546,Yes,0x8f44597d36f71fc60fc88bdfaf4bb7449af90eefcce0de23eb56d721ee670c56
SELL,0.002,266,1748952542,Yes,0x4ec5294c96a5fd446134335117a6ea2a4256a92ef831948eb491d7162d874e2f
BUY,0.998,48000,1748952542,No,0x5bb9d7c78eb1ff113a786b162bce9dbaf9bc6cc4314c85f15a1688e98ab49d3a
BUY,0.998,300,1748952542,No,0xfbfb7a44769fdf4db608c6c6593d19aa424d04701beff96b8364a175bbc9eedc
SELL,0.002,266,1748952542,Yes,0xfede16603b34b58bb1926a70265a69ad318682e9e8d9e959494453d3663ab734
SELL,0.002,266,1748952540,Yes,0xb1e7e40e2c88c139af3a0d7efc13d0438965109e6075a94f8f8730342cf2a47e
SELL,0.002,266,1748952536,Yes,0x2988abad296ca0411533736691032f6f4a183b37381f8a6c28171fca4be430d0
SELL,0.002,266,1748952532,Yes,0xd26c748d96f8b98543207cbda5e77f48ab00c24a9008b9de7e67334990e137f9
SELL,0.002,266,1748952530,Yes,0x06075a1adcd36e98332b3b0f7e97f6e1b47c678ee99e264fafff888643793b82
SELL,0.002,60,1748952502,Yes,0x36555005946c747cbb4379b0ba5da6a0c7a9a2e856040a960ad493caf1e58871
SELL,0.002,2982.14,1748952500,Yes,0x7d5eed702c619019476a246c04d63e12407ca4b37a399e135d317852e6087058
SELL,0.002,41,1748952472,Yes,0x54ca5d25f80eeb99a7f5bb2626ec2186b96f0255e13c374457a60fa325fe5c56
SELL,0.002,41,1748952466,Yes,0xe24426c7401ffb2c6db96b5d8d2361b6dc13c5de4e57bbd3cd530e3ad303df77
BUY,0.998,3000,1748952464,No,0xd3a8909a3ea51a5b7f28a2bdead019df8f77eacd9013689a8d5552574b12e2a4
BUY,0.003,5000,1748952456,Yes,0x6ab74dfd34a1f22c8050a52de0a42fce8d69181665ba235a601622b233cfe6e4
SELL,0.002,266,1748952454,Yes,0x05d492cf45c72e0a07b8910ec819b60d91de748c6139e4b574bc52696d9f63ca
SELL,0.002,266,1748952452,Yes,0xa5b458913894230d3faf49cef011cecf871cda28f29bcca7db20ab065ff9b486
SELL,0.002,266,1748952450,Yes,0xad2e2fe3a0badc163f2696d85739e077c5322ffccddb95352182fcebf7895505
SELL,0.002,266,1748952446,Yes,0x2ef10ca5f4f4bbdcdda27aeed3bbb30a7fdaafe1fbd0f6ed9210630c145df573
SELL,0.002,266,1748952442,Yes,0xe89a9ca60c2a639a608423b84b63a4eefec5d00cabbca82c934e2f09daca85e4
SELL,0.002,266,1748952440,Yes,0x6fe5c925c3a64589f335362d785084ae14783f3d8160413cbd953589772aa89c
SELL,0.002,266,1748952440,Yes,0x532feae0f8169e6bbf4249cd29bbc208d08009f441bcea59a9a363b67835d7a0
SELL,0.002,266,1748952434,Yes,0x8fa1b48329d626b3f75e82603e80edf532ff7a2a125f69ccaf5d0fdd6da08871
SELL,0.002,266,1748952434,Yes,0xad24854b3b7c496812e6754de11e8cbf369be5415f7d06050d85749535fdd3d4
SELL,0.002,266,1748952430,Yes,0x9139e765988f4d86d873c3aa38b3c3ba2c562747958de566cf8f506f51fe22ad
SELL,0.002,266,1748952428,Yes,0x989245b06d9a5f8c282517ed30fe60f6a1eb2ee447a64f90de4fb42c63b60270
SELL,0.002,266,1748952426,Yes,0x4c55703cd94def87adcfb843ecd82f0cc842d1c358fbf3ee7298aa94f40ae116
SELL,0.002,266,1748952422,Yes,0xddce532b72d1f0801631eb917ec88872b8446e99608008f045c5552042af77d9
BUY,0.998,30000,1748952392,No,0xf2f900a310c43cbb85f6567a61c9640da9a8261ea7044388392ba77205f7d5f1
BUY,0.998,200000,1748952390,No,0xb41018c1c5625dfeb0b98f6883f92921c5c5f60ccd532155b0ea7305ee1264f4
BUY,0.998,5000,1748952382,No,0x51c6051cef945b69cd06289cd3170fc9a3441937dbf67e4008a721e7df55d477
BUY,0.998,300,1748952370,No,0xb001e6237ac8503ae6aa03011a6124cfaa09ae9776010fed3ca92333258727f4
SELL,0.997,113.81,1748952370,No,0x758f732e1cd88c6dffd16593e39a34f6c7616cd574beba922ef97a3bcbfbf582
SELL,0.002,116,1748952362,Yes,0xb2b6f145835d03954cd3f38db5285e956fb6d97603f41e0e14a0ee39ae4d46e7
SELL,0.002,266,1748952350,Yes,0xdfac64c9e3f1972b8711738eaa55fed0dd3a87a3a07790f45b01703abd322d48
SELL,0.002,266,1748952348,Yes,0xcd6ece4a71d47b7cce5838de715f4feb5dfb7d8aeb6a56181ab6d8e93fe93209
SELL,0.002,266,1748952344,Yes,0x653e2e2533535235b4d403af278a251dad1e297d825606cb4b19dfd8a5381689
BUY,0.998,300,1748952342,No,0xee2df43982edb4b3e2208e7ad7631a558f312b8e575363d706486d93f385ef0b
BUY,0.998,24000,1748952342,No,0x29b7bf3227c8f6f1dba602fee9d7e0c08927acd02f94818bfdf05bbcc53c949e
SELL,0.002,266,1748952342,Yes,0x3a019d6577fb9b7a869cf68f44b24c198d7227a2eb85d6437473b2354f00b7e3
SELL,0.002,266,1748952340,Yes,0xf275af90190f40d6fba6cf0e25727abf0bf2cb6df64631a7548ba16eabaa31a9
SELL,0.002,266,1748952338,Yes,0x939147ffd0feef659a1a09306b986d1d8b2a8fb87873a1524a7628b4205e9cda
SELL,0.002,266,1748952336,Yes,0x3c341d9bfc1dfa47eb237849c38d02a3711d7a988a17bc9610a2930e94f8a0bd
SELL,0.002,266,1748952332,Yes,0x6a0e91ba7eb29de087578d0ada2b5f5d90fac9788f23970a55810595ef9db489
SELL,0.002,266,1748952328,Yes,0x27cb666b0d1bc66b22cefc6c2d6237abf7095707e1edfeb79f772007e4897d75
SELL,0.002,266,1748952326,Yes,0x09dcb1033941503373b0ace4a9e2aea97b8f79e86f1b3f217ce378a1407ca06c
SELL,0.002,266,1748952324,Yes,0xf44aebef8e6b999746e4d793910aa911e3d8f55ce9865db221635b0ca99aff56
SELL,0.002,266,1748952322,Yes,0x5240c0db14d89c35760b937115bbd24b9e5bc87b1c446f575fb55057c3789a25
SELL,0.002,294.11,1748952308,Yes,0xbcfcc5bd3503a3162bb5ca0cf92fb8783f5e85c5eb68c2954ca6b4eb555673b0
SELL,0.002,191,1748952292,Yes,0x8eace9d43874e0e7def26c4396efbdb7fc9e58b52dd4a5947fed4bfb3973d6cf
BUY,0.002,32724.74,1748952288,Yes,0x897a6a6027afedc4373b2451653ffc4897b017f2a4624e4718799b4501812806
BUY,0.002,500,1748952260,Yes,0x547a998da4a2fa61a1813e1aa1056db1d4e949245a1157db7d717bad55bfaeb0
BUY,0.998,2442.8,1748952260,No,0xcbf1871cdaa392d943fe043874ee47d9faca06277f86cf486b9ae90a74da1b8a
SELL,0.002,266,1748952258,Yes,0x09d963d734e398efe145c5ac8e1c18ae75dffeab81605f789f5c94b747b94d75
SELL,0.002,266,1748952254,Yes,0xb3cd2e7cc1ff348c9fa6dec27aa6890bc8305bd0ea66768846b48b577d41d935
SELL,0.002,266,1748952252,Yes,0x90f212f5b7ec21976abad9b2d3a778cfd72574e7aec93aaeb38f91adf7f2ead0
SELL,0.002,266,1748952248,Yes,0x5b91eb9b650bff6033b778ea828c47ad68f486459c9149283047f8fea60ef5cf
SELL,0.002,266,1748952246,Yes,0xb5942ef13569cc64085ec388c850d199730bf31af97350f2ce8b6e1109acc636
SELL,0.002,266,1748952244,Yes,0x0b40ffe5369d7ea1bdd833588365e878c14656a4ac5d2d5f04352ff22b5ef305
SELL,0.002,266,1748952242,Yes,0x3ae0768b6c06d4a3aca08e9a80aa484166d0bba7575c628896c494fca4eeb82d
SELL,0.002,266,1748952238,Yes,0xa400cf35861ba3cc053105a516316381affca3bd4fd03aabfe156a742b56d70d
SELL,0.002,266,1748952236,Yes,0x0aba2dbd58ebc5b3c34f0a24777d179bca605198dfbd8f06055ce933f16543cc
SELL,0.002,266,1748952236,Yes,0x664848647eb9448b2a8178664a1ddf04c0b991e2b8f2d98e468b750150460124
BUY,0.003,360,1748952224,Yes,0x5db24d6c83dc4d559bbf0924da5b63af99260cffc51488b56c3dd70d60795495
BUY,0.0027976661903504766,178977.75,1748952220,Yes,0xce01d451c9fad625a155644ac8e215db23f9121bcda9d9883f5d89c33ffda77a
SELL,0.998,2000,1748952218,No,0x9a2321964715da3c57783bde5901651819b71438abc022430039be21e93406ac
BUY,0.001,851674.58,1748952208,Yes,0x13289c102d77e1620aeabb21154d4b1abd7e2a847bd7584c5aaba73221864f59
BUY,0.001,16640,1748952200,Yes,0xf63c742b8c032b3ce9c3ae436210598fc8bd8611118ded2db4ced4a0e6e88c19
BUY,0.001,1000,1748952152,Yes,0xc1449f0eb9c504d3c317d25c3d744cec004eeb8ebe801fd265f60c6abd382c83
BUY,0.001,99340,1748952100,Yes,0x90ba2218951f7b445606a5c95573dae765b0c0f4c7470ccd48114c33c41b64c2
BUY,0.001,99550.24,1748952100,Yes,0x0f96522ad2d47dfca27014004841318624b1dfef5f9254c9e00181e01a86ecf2
BUY,0.001,1000,1748952056,Yes,0x5858f9c70c9155303820e2ee7757ed7acf5ba315b4d771249d8097f342dbf168
SELL,0.999,10000,1748952012,No,0x49635ee4101229ddaa04f3e4a9a5d4a681a71606f29af8ee79b07314689dfd4e
BUY,0.001,1000,1748952004,Yes,0x2fbf405651f6e729469df91729059797a384518cfcb4aeb624671964cbdb833d
BUY,0.001,23000,1748951964,Yes,0x8ceb12bd1f57aeb352984bf9e248fda02688f6409ef606f1dca00148b00123d3
SELL,0.999,240.93,1748951878,No,0xdb1f9433685c928d67212e488ad77437d59f2707e930f6a1b716211797096caa
BUY,0.001,1000,1748951832,Yes,0xb1f81384fed013ac2efb4d7fd49bebfa7bd6057f7197f1be49173aa25a1215a8
BUY,0.001,11054,1748951816,Yes,0x3b9ea677baaaa7857f98917a87abb8711a7566cc5310150bfe4fe4224af86bff
BUY,0.001,13600,1748951772,Yes,0xf0f58be6aaac4b86a72cba4bacf4d3c28bc6e4b8d2d2ac0c9ba0dc7cc4f13cc6
BUY,0.001,10140,1748951764,Yes,0xe0072c33f24ffd23f7361c3172dfc8ae19bb4cef5c9e11cf1c7e848c2d764e45
BUY,0.001,5000,1748951744,Yes,0xacf8f48260e490740e2401eb62196c2e96dec5e5e781a37fa4ef61861e7dc822
BUY,0.001,31090,1748951730,Yes,0xa78cdcbe8cc6a1bb8f235af514551b91cdc07ba0c8fa3313538cf6c0a745e074
BUY,0.001,4000,1748951726,Yes,0xe4f9e581166e4ac52521d1d6880e7d0d915e0cd37b7fb59ee130c81a21fdb210
BUY,0.001,30000,1748951706,Yes,0xc6c988506de7461882777025922740180d1c4b8f54157fb7d2869d84a3cb402b
SELL,0.999,2836.51,1748951674,No,0x770ffbfe5fab439276a2954d312d8bf6f964d2402533f187ba328bbee70f635f
BUY,0.001,1000,1748951636,Yes,0x5989760b5f2d31a0e90b3993289fcd1787a3dbba6f5261e2eff72e1fe75a1262
SELL,0.999,4197.97,1748951636,No,0x78c7d933ec89bf02698abe2902ce114892d79579d7707f02ff2beca300d64ff6
BUY,0.001,9000,1748951624,Yes,0xb4d47a269ebf0bdc5d59c604299dcffb1c48600a1da9cacc91243d2543bb2033
BUY,0.001,19000,1748951614,Yes,0x020a850864962bcef8e4d7d7ebb1723d921b3069171892a0e655ec60c89c1747
BUY,0.001,20000,1748951500,Yes,0xb5dcd674fa7a7a852c5a4286996c21cd6a64228e928a4f0c44b08543d919c81d
BUY,0.001,105720,1748951464,Yes,0x3d914e6e4ba01875290a34345d95387e39308ec23ca8123931e95aa4d9661551
BUY,0.001,43140,1748951414,Yes,0x853708434929cef8fc6e47322d0ffbe85aebaeaa53918ecf40f250519f09850b
BUY,0.001,10000,1748951354,Yes,0xc8f7beb496ce35328ed727675411ab33b941ccc892f81713cd26a8002837ba2e
BUY,0.001,205000,1748951350,Yes,0xb4b07b9069cd829d1871e4f41255f1c6892270fd5803da5794f1496711451855
BUY,0.001,101870,1748951350,Yes,0x3e2414bd984dbc0df1d3a2cbb3e92e528b09415cf47a019005d4510c0893be6e
BUY,0.001,10000,1748951306,Yes,0x282db24bffd9de76888c7c5188c589af832031066454777be07d0236a0105c2a
BUY,0.001,3000,1748951292,Yes,0xc8bace2939a11fa564a85df287856341cddad1b64f248a5895446f633ee4b956
BUY,0.001,34000,1748951286,Yes,0x66e4eaf06af9770bbe65cee0a52aefc05731e53da06348eb1afeccfa885af8f5
BUY,0.001,1000000,1748951278,Yes,0x9a297040a68153665162416b5750c8e7a1aa1be0ed59a7f10baa1e6ed5ba3729
BUY,0.001,10000,1748951222,Yes,0xf07c78fdb7712e7b765b1886e68ddb5f5197b9bdad1e5c95d5363a756f2184c7
SELL,0.001,145071.89,1748951216,Yes,0xc7bcd34b15b4f1599473f90a4c95d196784ab32409f98940f1c8c5055ed8f7d5
BUY,0.999,550,1748951208,No,0xfdf869f3dcc6625ebd1bbc2d5c6f85a0341f2648bb83ed369b7534c2bedf6795
SELL,0.001,416.38,1748951200,Yes,0x113b77112f1c3013a4b32e52c048605958698807af0a176f6af108d613679c17
SELL,0.001,2101.7,1748951198,Yes,0xca8a3de24be5955bfe430ced71a23ad162783622666e5dfc6d0cb08946004c1f
BUY,0.002,22370,1748951180,Yes,0x78ee1f36fd5d5d297196c65aed18d312efa9ca46c7d8326b3292c5f7dc4a4f7b
BUY,0.999,10000,1748951176,No,0xf10054190d4117d1a099412745e59858728cc8e770eedc9bfb96be11326d84f9
BUY,0.002,5360,1748951174,Yes,0x85486178df6c995df1426486c3abda7f7659a91da1763c7a8712e374812ba9b8
BUY,0.999,530,1748951160,No,0x2170be43d470fea76c920d1189b0c14075f2322427ba2b5514e745ae94f175c8
BUY,0.002,50000,1748951160,Yes,0x2e1eca30db1b92853f0ac7f928b223e9ceb1d6c1a7e8d5830e61c5d29b69e4bf
BUY,0.999,6,1748951156,No,0xc18fa8de2a35cdb9f99fa0c1a54062a53c72d9b201c4624722aed62594a64c89
BUY,0.999,509077.68,1748951148,No,0x102257757c946e272d11dc5471fedbc7891ac2be421abf11cdbfbb3166ecb7c5
BUY,0.002,50000,1748951130,Yes,0xcceae9c981e53a8cb41bcc0fcbfef7fcbbead9b9ea833c6ce61ecec014ef5f87
BUY,0.999,100,1748951118,No,0x15f8ba8a661fdeda70c8555324919164621a3524a7a0105ebb8dff25d318561d
SELL,0.001,80000,1748951114,Yes,0x9a7accc659df31e49c042993bcbda7d669c4419e7bd3903d6fc46535cb78e0e7
BUY,0.999,682,1748951066,No,0x1b718e2034e03221dff07faac5bbda6d4e7bcb9302144087458015090414b176
BUY,0.002,965,1748951062,Yes,0x4d8e9df60cab6ba216978613848d0597e2d22974855cb085e1121ce6012d903e
BUY,0.999,5000,1748951056,No,0xa40fcf02f6f5cbc2364bbcd6ae7ccdea352816e9fe59d94a0e1d5d5c77e3554d
BUY,0.002,16375,1748951052,Yes,0x82c6dbd952dfec72abde69faac1ce818f0b6d8131605d7891641e7ae8f7b1ad1
SELL,0.001,179880.75,1748951024,Yes,0x7e6fc12e1635c92a7b9443853ed4b3b302d83c13ec1a4ee9b04f721e8ce4acdb
BUY,0.999,140,1748951004,No,0xda7079ed54b1da6df4bf5e7541357d5e6ec501b931aadaf720108c0d2ab58f2f
BUY,0.002,29500,1748950998,Yes,0xee650a057b60ea87f261d82da3ed0ecc4860ed8a313792d7460264e369700e39
BUY,0.002,34640,1748950990,Yes,0xbc4f29156305dc41a8465d789f561e9b10535e387b0bd56bdcd4983682308289
BUY,0.002,10493,1748950982,Yes,0x9b5bd939624fa168d496d9f98f7fb9bae72cfe4b9bc10763a0939ab86505e0c0
BUY,0.002,2055,1748950946,Yes,0x29c586ad56f31d6b0a48fcdf308aae62a5987ae6a9866e5c8f75ad6759685ffd
BUY,0.002,8400,1748950946,Yes,0x3c6d662a59ed3bc85c007009a8f0cbee6e6758db46ec246d2e45ac12cc569a18
BUY,0.999,49,1748950936,No,0xffc9a30f41266ee04bb4f56304c5bd02fc982a72c3cff21be0a1bb90a5bd05c9
BUY,0.002,5000,1748950922,Yes,0x44ed87f2b61400e511d1a8c055620db1ecc1be432eee8f29ff1fe5f7a4e661b7
BUY,0.002,9500,1748950920,Yes,0xef7591b778f868e58d06bb714c52a20c27f0f4752bc2f33c40f5b46d3d92f46f
SELL,0.998,50.35,1748950910,No,0x6d839c53e9ee5e774134bd959ac58588f65dea7efa27b92857d8a113bae1f67d
BUY,0.999,250000,1748950908,No,0x889da5ea33a9e9ca9a49d6dbf632d768e1a3bdeb6ac243e2e7efaaa4206412c8
SELL,0.001,101956.48,1748950888,Yes,0x0f1c384805f73deb6dd1ea567c7d7060975c56a672bf2d2fe86eaf3ef39f211f
BUY,0.999,60,1748950836,No,0x8146b378b5968525bf06cc4e98639d22ecb6ed4b75f7c36aee266ecd7778da5a
SELL,0.001,708.87,1748950810,Yes,0xca2494280c891e81b4e46ee716be0685844ca2ae542681858d6ed710bbfbc8ca
SELL,0.001,666.66,1748950766,Yes,0x593eeeecb3e65df7fe4de2a955a153886f2f73a97be34c52dc425df8d9a42957
SELL,0.998,40000,1748950744,No,0xd9fb46d04ad0222f66876d50e77e49064d3b7fd5a973a0e319cb83a522d8a0ae
BUY,0.0029091877091683496,87653.333333,1748950706,Yes,0xf98f8ce6f6d8b2fedd95d88968c58c0a5d74dc0e9fed589c14eecc4570cc2cf8
SELL,0.001,1981339.02,1748950700,Yes,0xba204d8308877fe62aec8c6db2dae1070d878920541b88e0fd1599f8361064e5
BUY,0.002,12040,1748950696,Yes,0x57b03e2a97f24bf55d8874a69fc15d7d7bf9bc4d02a095603df1151ff1d5ee3d
SELL,0.001,9857.44,1748950688,Yes,0xb0a526312ea5910a5db31e5b3b39d7f3d8d93b7410215c019f218de24d56dd1a
BUY,0.003,1000,1748950686,Yes,0x62547d98d02013778784fcf00def5fbb57f0d04823354702ee6e3d9ed22c76d4
BUY,0.999,520,1748950680,No,0x9bff19ba071b8ec09e0d98b610d525f24d5078f2fbe05772353f6a6cae43d731
BUY,0.002176679318977988,45941.54,1748950660,Yes,0x98db4f63637f7e681225892eda41e823cf7545dd2ea3753bae3093f8b68bb758
BUY,0.002,2500,1748950628,Yes,0xa25890e8a5c54e75a5b9c1262f1ab262865b5e9850ad99aa9c0d503c2706eec5
BUY,0.002,26275,1748950626,Yes,0x845718669084ec630edea5052ade3359bfea26a12e05e90a4b76e3ff90759c5d
BUY,0.002,500,1748950616,Yes,0x191519cad7722b338eed2d56ef923f29d386f8dafb739b8a1e179211becae942
BUY,0.002,27000,1748950586,Yes,0x7c8ea471331775271616d1e050b2bac0803bdf1681398fe43c39db9590b5fa8e
BUY,0.999,4661,1748950582,No,0x60647f6965451bd04ac33519729a0232e964574d574028c137280f46ffdc686a
SELL,0.001,50000,1748950562,Yes,0x816d43cc3863eeb8899514ce3b8ff81e1de836e95cf07c9a4dbcdbb4390d47a8
BUY,0.002,11915,1748950558,Yes,0xf4b2eac02d1984849b67ab9427429c2853076824592c72b3884242ded4b1fce7
SELL,0.001,760,1748950526,Yes,0x40477b957bebb3487483aa570bda7353e8133733059e03bb791c09641b2689b4
BUY,0.002,995,1748950512,Yes,0x46e3349aa35b71e6cd52b2b0d9119df79ae3ab3653cbd4dfbcc6a15c9e3adc6e
BUY,0.002,2500,1748950506,Yes,0xbef7171c2164b4207fef549c273432a38fb1e59b98eb52c8739e07736f8f57cf
BUY,0.002,2950,1748950488,Yes,0x652842175545529414f134afd115e87f2c3b6c4464b62a389d6f3cef0266d610
BUY,0.0029920292460745533,33372,1748950474,Yes,0xf648e261a3fcfc945c147951664c897743997dd774534bc8c1a853bbaa071489
BUY,0.998,41173.56,1748950468,No,0x1d8a5ac12c18fa56d80000545758d2cde8f1c8e8eb9f01e182322785b31f9f60
SELL,0.002,266,1748950466,Yes,0xc5fddd6ec3d1082be35730eddc5fc3b8621df4a2630e096cd29dab32e5ef898a
SELL,0.002,7747.44,1748950460,Yes,0x038ad51ffe611b531dbd5b8f5db9f4ea9fdf5210bb3828181e2ab1159adc99ac
SELL,0.002,266,1748950460,Yes,0x92c52bcde2dcd434561777d53f7b22f2c1503a0affce1180ecbdc60c9ae42e28
BUY,0.998,94.2,1748950458,No,0x2fa471f01df7b5b20ffab7badba0f67e0c5118dc4bcb9fd118f0e7abca0fefc4
BUY,0.002,547,1748950458,Yes,0x7946b4656897fb903eff02e5ba839749c9fed694fe27292c42b3aa94e9bf809a
SELL,0.001,47,1748950458,Yes,0xf28de688fbee762f88befb598d480162a6bb15dbc0ac859651136de679582258
BUY,0.003000000000564706,7083.333332,1748950458,Yes,0x6f13e01c9e3bd69e2f1f12cf075c39d956b05f90d97b026f080b4e6706b8ac05
SELL,0.002,94,1748950448,Yes,0x35de105c89b6e841c81819250d6401191401e21311337f4edb2d9be8a42c5c5b
SELL,0.002,187,1748950444,Yes,0x45b1084e8eea7681355a127ad53465cba9b0c0d38bb07c6a08a0ab1d5fe8758d
SELL,0.002,266,1748950442,Yes,0x1793667b371402edc50a34a63cf45b3360e8696d456d2fff4b89b03de8a2248c
SELL,0.002,266,1748950440,Yes,0x9ff7ea40c208ebba3db1440faaaa2cef21019178f742a02879534550df3cac83
BUY,0.0030000000003994674,10013.333332,1748950438,Yes,0xea33e92a62d422c7c5df20143951905022a097f3d8f7dad337beee3d4c92f6a4
SELL,0.002,266,1748950436,Yes,0x08ea866464af8db72254fa82ff09384cad39ff9b95f2aa12e9e90a30fa5a6628
SELL,0.002,266,1748950434,Yes,0x992f361051de3c5e73e58656ac8ce018e8f2f6570ad154acb0fb48664af56694
SELL,0.002,266,1748950434,Yes,0x5a2d014c4cd98324f06954954e644ada7e4728b6fb7edac850a566dc1c5fc2b6
SELL,0.002,266,1748950428,Yes,0xa2d2fd8b04a7f2843c49c14acfce99db03114bf7132504979c9ac3a922f4be99
SELL,0.002,266,1748950426,Yes,0xeafcc77a6d1a12ca537589f63e52179df207bc170c7c702c805c9b1c12b18b5a
SELL,0.002,266,1748950424,Yes,0xc4fe3d1713a6b8d55c64427fa2be00d92fdbe732b5b3480bfb45e6758e622aa9
SELL,0.002,266,1748950420,Yes,0xdc8c4bb48da0eee1552ae173e89f1101afd6ef4853e8f2d1d247e5601f5f0091
BUY,0.002,4036.13,1748950418,Yes,0x9bed151facebe0ed704d5805d1db0e835d07b1ecdbc3218f1665f1730c66e47d
BUY,0.002,960,1748950412,Yes,0x380b311972696b9f7470139e65e96c586c10fa16dbe0a377d221cbc8e4c4f85d
BUY,0.0029850746268656717,33500,1748950398,Yes,0x5fd8953ef05d1debce7c46db90f9023d7bd879b65e3fd8447e102c1c18b1413e
BUY,0.002,48604.48,1748950390,Yes,0x8bf026d549c71b8bd5751147f48278f41bda5ec3d7312413fa6da43359e41770
SELL,0.001,12565,1748950376,Yes,0xc4e739f4390e9e306e6602c248c92decf9ed48c21ec49f472ff06659e01bef86
BUY,0.002,2000,1748950350,Yes,0x6613c7d20bf9eb932dae183ba23f9aa9f4088903b7a0b8e1c30e99c43360dcea
BUY,0.002,500,1748950312,Yes,0x05fb51165fbbe602391f60c09fcbd8b74d2dee41fcd741a361d772c8fb53b137
BUY,0.002,50000,1748950310,Yes,0x6b7e4eadae1676e28766145bde1ef6658e81aea9220721fa4ea7abe60fc2cb6e
SELL,0.001,178.57,1748950300,Yes,0x2e43567de6cc8c39ce0526af5732723093e210c61422c8bbc84d1ec18d0484ec
BUY,0.999,118,1748950286,No,0x49e13e58b70b91b4e68f630aa54e63ebe996a17b1b45f682fcd786627273334d
SELL,0.001,609.24,1748950284,Yes,0xea825b7e7b998d6f889735bca8f0d09dae918b3ecf894baea40e322f263040d6
BUY,0.002,5075,1748950284,Yes,0xdcf6e5ba4f3824c21bc495813fd5905393523fe2d2db7b9b33004adca2d70f99
BUY,0.002,22840,1748950280,Yes,0x64e8337fa78eecea23087bf064c440c5d89df2a904fc1f6306e0e61fc1c3a96e
SELL,0.998,2271.79,1748950276,No,0xdbf4479de2c91bf47251410ad3b02eab46d0dd6be1a993f5633b16aec2af3388
BUY,0.999,420,1748950248,No,0xc0cd94f36b7b749d7e870241f5d084a8f5ef33e2d75d23bdcedbae4a85be59bd
BUY,0.002,4060.59,1748950242,Yes,0x346a91f5f41c76a522bbb7a87a8dfa76d8470be8c8ca58074dcd02369e14ee1a
SELL,0.001,14224.1,1748950236,Yes,0x88a57bcc5beef136fd91737af8353447c4731968923cf02a5d54a2a0fcb045e8
BUY,0.002,27500,1748950234,Yes,0xe633d7d9b52d925f14b7c2b515ff846f69ec9372387f9786f4797324016792c7
SELL,0.001,653.77,1748950200,Yes,0x5557b76eb1fcaaf18c63b1b6effa9ff496dcd9e51e2348071ab6a5df66ac9251
BUY,0.002,5625,1748950186,Yes,0x3da4d9de09a31f86667da9ee87ef8809d833843ba949cf4cc7a21890c0837777
BUY,0.002,500,1748950162,Yes,0x193d7966d66f7205ea2d7167ff2f018be6c91d9673fa59943c6bd362ac80afaa
BUY,0.002,36675,1748950154,Yes,0x60c6e983c08a4461d41700cfca3180c600b613b4303bbcccce3ce424a1f1744b
BUY,0.002,4235,1748950152,Yes,0x08807b7afaf9717881159ef8a1ff9e069c221a23a191a5ad441cdf8600d98aea
SELL,0.998,1475.35,1748950150,No,0x49039bf6bb54aa79564cfcfe82f11b31a9ed9b9e1261d3e929a1aa73fa7ed09a
BUY,0.002,980,1748950134,Yes,0xfce26e74bdc08d7deda9994c662824f5f7f9d9b227183f2659f24ffae0f447a5
BUY,0.002,1020,1748950134,Yes,0xffa73f50a343c7e8f0c25a6ad1c4858abe94076974494ba7a9e358b5d98c207f
SELL,0.001,256.41,1748950084,Yes,0x57605172e3cac12623737bcbd8a444882e2be638747af345790170ab1056c19e
SELL,0.001,3762.58,1748950058,Yes,0x9ec412712564128d3ef2916c683c621f599608f94ae798254c3bcf77f51f10a3
BUY,0.002,5000,1748950044,Yes,0xc34543bd5952fc572459c0dcce5edc99941d2bd329771e95fc7326a285018d90
BUY,0.999,15000,1748950034,No,0x47d54057eac558348e822f863f3f3208657775cac0bc47369347e4a5ff69640c
SELL,0.001,5386.6,1748950030,Yes,0x4b41b3106c442c2eb48b6033d86a32c2d75cbe6c9e5271b53ecda31d7d49536e
BUY,0.999,5000,1748950006,No,0x313adff2d1160e24617b6c1e1d8ba4d980bf24192d99f398a2f5dbd89f8a5f09
BUY,0.002,10000,1748949994,Yes,0xbb90719bd6d7bc1004207323d1a42bd6350d9179ca714db7c1970ed59d3138bc
BUY,0.0017647058823529412,119000,1748949986,Yes,0xe01ee7d37ba4369dd4048279fcf613c091af676aec2fcd0912ec8b255125277c
SELL,0.999,113.4,1748949952,No,0x68bc7ae73c533de34cee5ef5f93ec5f0e6bcd142150f9c64504ffe9097433653
BUY,0.001,11920,1748949940,Yes,0xbe1167adb16198bb290f8794c0fc086195de6f6d6bd9c4af540217b9bf2c129f
BUY,0.001,10000,1748949940,Yes,0x3ba8918d78ba6f3de987aca4fdd64285a7b39785aacb26d669c5fd5a31aa4c56
BUY,0.999,17609.95,1748949932,No,0xfcee74cac49664b30be992cbe51c82ed12abc0b754df2e2fa1ebec792183f7ae
SELL,0.001,130000,1748949930,Yes,0xff3131c34d2830b37a8f7089b00fa39954f8ea79a72df96846df6471b022a9b0
BUY,0.002,5000,1748949892,Yes,0x46834f7478b8f787d8ebaf6ada0f5ccff7675e70042f8252ccbcdc6b86a4b454
SELL,0.001,110,1748949884,Yes,0xbaafa2cf428925e9b73a48caa15ea08efe94ffa1a82ea36dd944889d7aadb50e
BUY,0.002,29359,1748949874,Yes,0xf6f0b495de5800015ad8f50f5eb35b303706c6b53d00b308e394a1ed4cf7421f
BUY,0.002,500,1748949856,Yes,0x175b687ef79b68553d30a0321ec9b44843d259b969094e7ab767aca683de15d8
SELL,0.001,200,1748949846,Yes,0x4695f9ae7ded7bc82d70891703fe8d8f23cdaaf0167a5a58df211163e36873cc
BUY,0.001,10000,1748949812,Yes,0x357fd70a97e0f3deb4174d651ba06df9aa255d95a848e9c6dade3c565ec736d8
SELL,0.0013519068411804859,664182.74,1748949808,Yes,0xff539ef153617e918a7fff41d3fd5d68bf584188b0ecc2c4407d0b2ed959f0c0
BUY,0.001,7000,1748949806,Yes,0x1f4a4caf44a199066d14f075d4a40af37216628d63523934b1fe03f29c6772a2
BUY,0.003,2000,1748949798,Yes,0x6815518cfee335e76b6f389599301f4b81b95922cd943ac3aff232f0891edf2e
BUY,0.004,250,1748949778,Yes,0xba7482c7e4a570588252255d45715f538d4bd68c58786daea35e32be5f9d518c
SELL,0.0021187107269555285,100923.23,1748949772,Yes,0xeb9c52ad05f1406a0d6b76a883b246b86e1be092623adc0dfb75e20a18018cf3
BUY,0.997,1272.84,1748949762,No,0x9bbae15b1c8bbdadf54d6410d7fd363d44905b7276dc7d991e9dc03a73887627
BUY,0.997,25000,1748949762,No,0x48133b57f2465aff9ad11eb994f2e51c461dadcaca3ee298cd05e29e450068f7
SELL,0.003,5000,1748949762,Yes,0x4446305f049f48659da51f92fa8bcf6eefff8041b757d4130cd683367f90c0b2
BUY,0.997,24000,1748949762,No,0x4e97af1655507fbe735c2a08866093f81179c80387f92e86e665052cfccce866
SELL,0.003,640.51,1748949748,Yes,0x8443e3d4829797c1e733ba9674e5ba0d8a842e2e93e055d6d59705cd99fcb5fb
SELL,0.003,266,1748949734,Yes,0x16f74a25925efe8a36ca4158a2b1e43437f7be5d1a76c57ba1b9bd83c8ae3dc0
SELL,0.003,2325.58,1748949732,Yes,0xa7dc807399369bb010a224113dd2f577e915dc3bf74d36a239a0dcf6f124429e
SELL,0.003,184,1748949730,Yes,0x053a12c3ddd5aa3c4a6d567162e7d1df22889283a7ca6126de5ffc6cd8abb100
SELL,0.003,266,1748949728,Yes,0x3b0aa986ecd7387ff3dbe6eda2d4991780800395919e07d77e0feff911233a09
SELL,0.003,266,1748949722,Yes,0x55519c00285171f06de71402d12eacea06fd888ca1ffed3025be78e9141dabf7
SELL,0.003,266,1748949720,Yes,0xc30e226289934c4199c721f541f507462d2774b23016c714fcd09d1535a49f6d
SELL,0.003,266,1748949720,Yes,0x0ae661c7a7d8f5ecd8b3755a3b65f6a441b8b5e0c4c00cffaf118b3f6852f5fa
SELL,0.003,14705.88,1748949718,Yes,0x141709c10d931a9cec99138a5823f72e8f0438996fbc26e5d8bfdee6b06a2e5e
SELL,0.003,266,1748949718,Yes,0x0ae0b94535f470b623f9eeb02b1d9157af9429fc6f3cf5addfc68f7654a8e161
SELL,0.003,266,1748949712,Yes,0x0b3c5cffe8bcddb7311c204b82b2d3429b8eaeb2c82d55382e0755238e3c025a
BUY,0.997,42847.67,1748949704,No,0x8b26c3881127bf3bd2850b64b80e71236184038c28ac3e66efb618e34389aaa5
SELL,0.003,266,1748949696,Yes,0x4824a8920f855247b6903b79d465850a66f3bb93a4a3ef78fc285477d7020fa8
SELL,0.003,266,1748949694,Yes,0xc6f5ee870b3f5a18a8b3ec16be2e375d988ed1e71879663031f6f17b7ae42c8d
SELL,0.003,266,1748949692,Yes,0xc269fc6a0b1dff5371cbd1cf13de58b9d877d4a4b190ed2326272195e13642ad
SELL,0.003,266,1748949688,Yes,0xba33d65075f60a01667e0a50bd4bda0223c5a9345fec2168296c38385820c203
SELL,0.003,236.36,1748949678,Yes,0x8365d81c24bdde79c26eb0af9be6bbe8532c3e57a869bdf7903d64ea1e7ef692
SELL,0.003,433.47,1748949666,Yes,0x8c38b4038b7025098a50d0d868bad9030220714961fcf95cc3150cc46052d737
SELL,0.003,73372.52,1748949654,Yes,0xa2dfe2e005f967da58ac08caf5d35c13508d1d9e0731057b5881917760d2aadb
BUY,0.004,6985,1748949644,Yes,0xf594d66253b3ac9650e6bf18e094c796f59fe1e44d85187f4267664ae9ed9ace
SELL,0.003,23867.81,1748949638,Yes,0xcd4b77439c16554747d296fc65f18c307820311b6983d2f2f91b97bc6121eea7
BUY,0.004,500,1748949628,Yes,0x0c4cceea62cd6c12cab7c6c055f63bcfe46080a42533b26e2c9114405c116277
BUY,0.004,8407.5,1748949616,Yes,0x8fda0cc360b8a96b0659399ba1a7e55643d40fff690d7a6d72ef05df7e4680b1
BUY,0.997,5000,1748949606,No,0xfe9b5352ae52a4301df98104f10ec7221ee4736eb422612efe32a7507b494e68
BUY,0.004,17952.5,1748949562,Yes,0xbf4672c6c6a287f8c7f3fbab793900d8dca5f868ee385aab55753f07a5729a70
SELL,0.003,10000.01,1748949556,Yes,0x182dda0a172bbaf7c09ada68e6149fea787960c11d4d39ea9e6259715a8ac5da
BUY,0.004,3500,1748949550,Yes,0x7bad5cb6ac39bb7c6196f5a756cb8cfb37c3e2c62c08bda562387f4bb2b0dff9
SELL,0.003,1413.99,1748949542,Yes,0xf70efa01fc4adf9c6b22826880cf5ec15a9d328bf91ef860ec851d2870628741
SELL,0.003,10000,1748949506,Yes,0x07d5c7565147b3613521402ad8bb7e7cb8f6bcddcbfd6749725026c2fbac97cd
SELL,0.003,540,1748949498,Yes,0x75d57597612a6f9a4bd197fe18aa98da4e93edb2ba244c008967f7c5c8caffb5
BUY,0.004,9500,1748949474,Yes,0x2dd4c0cde57dbf86a3c1162052639f4f70deda74282304ef50ee1386e7be72b4
BUY,0.004,3160,1748949468,Yes,0x5ac4e1c61810abc45b0295208de07c1fe222a3fba9bb35b5864a7a31f64870bd
SELL,0.996,70,1748949468,No,0xd52a870794cce82a4b3b50c73d557017f451b6f011109ca4994f2446c5eb98ed
BUY,0.004,25000,1748949450,Yes,0x0a335a4cc001c6ce293774646125b5891fe0e209b9c15342673db0b8f6008790
BUY,0.004,1240,1748949446,Yes,0xfcb612c93f962c00f300304b9e615296436e81d4af6abfbd092c36982add46e5
BUY,0.004,9930,1748949416,Yes,0x97fca73381cd20919243798c770adddf746e9be8d5bb32b34fe88da4438e3d9d
SELL,0.003,1069.72,1748949404,Yes,0x6c8cf8c5df124e4e55d3dc95941b6d5a6315ebabb3a354f39e39da745751270f
BUY,0.004,12500,1748949402,Yes,0x7329beb36f804d1b056491217693bfb593e849a94db5fd0b7f2a4dadfb056d9a
SELL,0.996,350,1748949402,No,0x7c98967a6143edb370decbfba4392340531797e6d0864481c385d69b7252cafa
BUY,0.004,5250,1748949400,Yes,0x8113bd18b55ece2b6ca6f4170739ed5f614c6fbbde276710b2538f359efa32bb
BUY,0.004,2500,1748949398,Yes,0x27ebdbb4e70a0ce5d8eb12ea765e2dc45cd25380eb26bbe1d5f98ab6548883b1
BUY,0.004,1417.5,1748949390,Yes,0xd467498bf2b5dda526928a1163b2004b2e8e824ce7001e16dc780d44e0339154
BUY,0.9969999769194482,20.060179,1748949386,No,0xfe83269e9f515df9a47e7e7139149495997306ce739d7644664788d0254381b6
BUY,0.004,2632.5,1748949384,Yes,0x3542f8fdba728e887a0eedcd6fd9afcad9c4faec0faabcb6148bec7a767eac18
BUY,0.004,2500,1748949380,Yes,0x32c8b983eb31c984ddea3ff32918570ecdef8e2c491cbba70e5cf05ebfbcb2cf
SELL,0.003,29074.83,1748949364,Yes,0x05fcf2d88c7b4762338e0fe3a6b9ca572d826a9770cebd15c6036f02133c13a0
BUY,0.005,200,1748949364,Yes,0x87e27f498c1349e378f713069092bf838012d4e370c0795a9251fabab49851b2
BUY,0.004,750,1748949358,Yes,0x396767c39dd69e3560ae217a9132b95b143c5a30b3ff4dbc24e1341f8c58b8da
BUY,0.005,28218,1748949354,Yes,0x9adafd7ae0ce58362a3c0a0cae5bbf7dd1fd9fdba4fba4d1e49d07a1cfd55dc0
BUY,0.004472271914132379,11180,1748949350,Yes,0x4208796e958dfb64874e9040527fc20f324a5c4772d9c5a4329b3461485f9e76
SELL,0.003,3448.27,1748949332,Yes,0x64533df80938300c2ca0899e924543f8ccce9999517d7046b452d55b98e44941
