side,price,size,timestamp,outcome,tx_hash
BUY,0.001,1000,1747428383,Yes,0xc72212e038944842a7f9d536e07bed98ef9981403cfe37398101d6967d29e42c
BUY,0.001,15000,1747128997,Yes,0x0ebb73ddaee9546d262db0ab1bfa347246cd5e5bf0fb221976c3dfe5d1b50668
BUY,0.001,1000,1746739049,Yes,0xb7dc161bd5c92562f966e38ecf5420a509c40a1e5e3c01b8ab965c467eacbe1e
BUY,0.001,1300,1746528556,Yes,0x3e215f38a42df33c88c3de41ef69db2c2d8d3a6a4444ff9aa012d8d8aa21e6d3
BUY,0.001,1000,1746425382,Yes,0x3390878138d0f32920bf396476253714617d8c2f38d0610018cd931169c1b35c
BUY,0.001,1320,1746419396,Yes,0x7d059fcfb428e894c3523a461d84acf087b7e5e5af05c7aa373b3b1c43bc7531
BUY,0.001,1000,1746414264,Yes,0xb188ad6768bdd92fc5e85e8ce0d97ccd76ce540558646fecaa881046f4077299
BUY,0.001,1370,1746389303,Yes,0xf950579902bb2c7b59445840c22980b10ad1782127f1fcda8e77c2eaa77763a5
BUY,0.001,1140,1746384147,Yes,0xdf5f916211d68cd518884ef23abd96c2976047bd43859258e481143f73dbc487
BUY,0.001,1000,1746378678,Yes,0xb816a24f0de88e68f06b3e9859a721125ca87a20702285c9519a70f0ede13169
BUY,0.001,1000,1746366251,Yes,0x11a69d2881c070b8491c3f8f516db483d9ebb6893b88d51026e3262ac8853641
BUY,0.001,1130,1746365589,Yes,0x6374763f6addc8515c3da991dd25795b41c2158c9956fd55f24eceec08b5cec6
BUY,0.001,1320,1746363275,Yes,0x933aee1b3578b779e716141dfff861ac6efa9d7f0fd3137f745388a516849bfb
BUY,0.001,1040,1746348830,Yes,0x5d7617d947f1b65351773091883210f49bc775ae265523a18198a347fdc9264e
BUY,0.001,1390,1746344859,Yes,0x312de831e14265fa0f481c00de2c731fe6703ca011b274e86779cd5cbef992e9
BUY,0.001,1150,1746102397,Yes,0x12309fdd87a53dc8548de1b807549d79117dbf6a1306dcd9e91ca6a7f5781a44
BUY,0.001,1100,1746094001,Yes,0xc3c3e5dc01bd8f322f634c73c52787e49f795afb5a08b95ed222b00eff424aba
BUY,0.001,1350,1746083013,Yes,0x564a8c85b3d5d27a34f7afa2ee105aa527c35b1bb4b079a40a1446ac81ccbf67
BUY,0.001,1220,1746078609,Yes,0x97c5a777cef6ee4eeccb7f40a332e1795ffbcdd3805172f88ebf4640fe359b11
BUY,0.001,1250,1746078321,Yes,0xe5fd2eb91d22c34a2e6caa9f4cc812393cc77aad9819e8e80f93175b14d6b7a3
BUY,0.001,1100,1746073399,Yes,0x2660661680e44397cfb5a495c5c1e79b46e71f13fa3bcc7f077e3c31cd9563fe
BUY,0.001,1000,1745913777,Yes,0xe7963185b10e761f19707f6d0eb791ca0248b8de2aab23c3bd2ae2098941a46d
BUY,0.001,1320,1745900760,Yes,0x079c85a990ed87b84b5323007defd5da7852416788b9a0833d3c4c1cabc88722
BUY,0.001,1000,1745494351,Yes,0xa3b65e68c2256295630aa4c6276b00117e83971a69e34ed725fa444b76199e29
BUY,0.001,561.25,1745355385,Yes,0x08435ab21848942cee8d588054c105c8cc2c477c3c56a3843c06e0f4cc5f9fe7
BUY,0.001,8628.75,1745355385,Yes,0xdf253e276cea6b812a4bba6f4d252c6554bfc5e6b3342cc58d3e4d8d7d74409b
BUY,0.001,3000,1745323603,Yes,0x5fd09ccd4962bd4330eb90e2c7a61804c18a05191e6898747103636614e1591c
BUY,0.001,1000,1745238789,Yes,0x0e7ebd3cadbac16873331cd69f6741a8ac9663e04d66676d12c0d456bb0b8ce3
BUY,0.001,1000,1744991625,Yes,0xc3dc1f3bcf057974e3eb171375e812b871aa07f7fca12464111371337a0a5563
BUY,0.001,1410,1744971098,Yes,0xf3a870c4f361355afde9115ce78500f95423ab4f46bb5a32bc6a2a94b061ab95
BUY,0.001,100000,1744922017,Yes,0x9269e5a0de9645e63dd6dd40fa0fee93c3a89f5f28e435006b7b376cdb37c7ff
BUY,0.001,1000,1744826642,Yes,0x80f18f0f75aa5ed6908e3942bc872c14f0f56ae3da451d501bc9b8ec6e3c9dd7
BUY,0.001,1000,1744820437,Yes,0x0b303a6958cdb4d04636a7ddc2950c9e2b463b8223e805dab31411f69f7ceb03
BUY,0.001,1000,1744743711,Yes,0x9ec97ea0488e48eeb1ab1f2af7d141fdb463de80be665db59783c6adf1dec16d
BUY,0.001,51820,1744710511,Yes,0x67879ecfcf04a29c54a59c8cdea9a5cec7730054729a4223e0812729e7f2ca88
BUY,0.001,54980,1744710421,Yes,0xe467d79a32731e708a0342f2595df0ac989782de061dfc86c2d3dd38954bee2c
BUY,0.001,21212.14,1744710281,Yes,0xea799305e4ca041475df438bf26a5c7b3719285a921c078ef6ad5f21cce859d2
BUY,0.001,28022.24,1744710277,Yes,0xcb0d290f2d250a96550f7dc673d2f62f190568242088804ae0189aaf0e25b868
BUY,0.001,5625.62,1744710275,Yes,0x45e405886ea0c4153cd1228e5c9f265612fcfb131b43b9bbb2964bfc91b114d0
SELL,0.999,1.42,1744105883,No,0x819cdbeeec5bf98440c76a36fbaa9d93fb7f140b80020c1a2a2010a69e3b8057
SELL,0.999,1.5,1744102687,No,0x8db010229d31fc26950624f6482dccd871f232bfddd22dfc9e62fd1babd70780
BUY,0.001,1060,1744010851,Yes,0x1973a30a578aa592b2cee8a1064253776dc862009dbea8b33f126651ce01b7e3
BUY,0.001,52540,1743987947,Yes,0xcae4b6c493b9a0d7145341253e855c13930c6ee517791b805057592deeb3244f
BUY,0.001,54360,1743987457,Yes,0x62c1131f77c49680e02c8b0c520e71f5098e9f00b93e7c80ce53bc7f150d646c
BUY,0.001,53450,1743987071,Yes,0x35b7631471a072189fa4f2675b30d5dbb83d637b6e837e3c6f1ae884f2783ce3
BUY,0.001,52490,1743985879,Yes,0x71637115fbd31767296ceef4b20ca12cda270f6896d69cabaac4e98749feade2
BUY,0.001,55040,1743985177,Yes,0x6ed64c839a4b0c1c0394ba0bc0e3e8f3dc04f1a314c59ee6b092b03b055caeaf
BUY,0.001,50650,1743984695,Yes,0x19576b3bf9f841981234f39b1b07bbe60c49a77ff98c094cdc0f67638b223139
BUY,0.001,51280,1743984135,Yes,0x69549fe4e0dd5755bfd922ccb24167a4f0286b4a6da1f964bc35815473bd5c7c
BUY,0.001,54180,1743983629,Yes,0x9b3efdaa72dcc254598f6c025bd45770b374341110756b622a3ffc5659390766
BUY,0.001,50860,1743982731,Yes,0x1be52ba3308c432cd360bcd3d15aa6f4137e7a93217b682a823e888663e5523c
BUY,0.001,54620,1743982251,Yes,0x5db28e371e33f253799151f121189c85232b8c7c2593ebe3dd9644867d1a1d7e
BUY,0.001,50820,1743981835,Yes,0xd441f0507313bd5b8b60f59e5b3d93327edb9e1bde7ddca57fd8f95c412afdd7
BUY,0.001,54670,1743981257,Yes,0x03d7ba8e4b11c733ce3fcc912ba8c524ed2bad81c6e8234359056cd881d26586
BUY,0.001,54330,1743980407,Yes,0xab95764ae9100ea012fe7dfc54bbc3fb683f198222cf13306bb4c78719374cec
BUY,0.001,51970,1743979749,Yes,0xa911bb1d132911b3ccbce6dbc80e7454209e6d59230892963253479c87648a6c
BUY,0.001,51700,1743978999,Yes,0xefa614dc9c9f57f7d5c93ee9b49e7ddbae07ec3db684978a6b351d7b56fb8f18
BUY,0.001,51870,1743978609,Yes,0x8cff690f533172920c3f7a8880f08f173c836abdc63622b49a5fb5b5f804c8fb
BUY,0.001,51270,1743978223,Yes,0x0e24e8dfe0a79b88ead4968be54ae40659acd439fe7ce9e4fa7585f423de3d05
BUY,0.001,53220,1743977647,Yes,0x694325eb15daf58639aab830183232017d0fa6b456886e2deeaa37aeef9c4d15
BUY,0.001,51340,1743977095,Yes,0x71fd91e85f88e9a2e7f064d05051467d2b17763f93a350d10aac283a578f3a87
BUY,0.001,52870,1743976785,Yes,0xf22b44564775920726755bd609e5838ecdb2c337d506a33370827b31fe235619
BUY,0.001,52600,1743976181,Yes,0x3d1e984e84733fad84cfc27ce4acc477e5ce98fe1e82852ea3b1d22d847bd825
BUY,0.001,52080,1743975775,Yes,0x14a9a7aeac4f32a9d560bfad228c18325eb3ef00cfd9817f48f1a9ada50e8c15
BUY,0.001,52730,1743975089,Yes,0x7c25f7da1b46e536002b0567dbf8eed3d863f8cb9b4a4b6409cfb8bb409b56c7
BUY,0.001,51210,1743974331,Yes,0x327403942421788b104dc61166aca88160fd86f65fb85608923cbadc9fa5389a
BUY,0.001,51030,1743973567,Yes,0x5158c65b013ca7baf4b73970af10245a2c3c4d8cc14f06262f0d9e7a4d52e7eb
BUY,0.001,50900,1743972461,Yes,0x215d2497994884f835be54ee059352af7325c576918404c13dd6c7512b9dd8e0
BUY,0.001,51160,1743971859,Yes,0x5a3cf5f94bfc5f85a31dfd5e58ebdfef022ff9f7ca3c179395dcf69c3fa666c8
BUY,0.001,50750,1743971317,Yes,0xb18d1ff09f21c07e38195be178934b5e57b6244a07018b11ab1a846f7801c31e
BUY,0.001,54590,1743970509,Yes,0xd24a4aaaec817bde036de95546728b2a3e5455c4552edbdfad185b2ee19712bf
BUY,0.001,53540,1743969977,Yes,0x4216c32ee15e12763909cc56d644c834cdca0db99600d96e3239aef968d0e4d5
BUY,0.001,50680,1743969228,Yes,0xf6a3afe777708dee52af2d5eea43fc978a5f27dd8ed73e259f55eee48fc2c216
BUY,0.001,53750,1743968734,Yes,0xd781ce48436a810e76f0299db606d2c0598c0e70fbb323249ebd6b33b3f1a066
BUY,0.001,53610,1743968086,Yes,0x368d54d107011aa8fa799663526c366361c9601f5fc609079721037258d45a07
BUY,0.001,51070,1743967478,Yes,0x712058632ddf2bc9211c2d798fb425696eed095225b50d10c9b4696da8812b25
BUY,0.001,52080,1743966850,Yes,0xf77c7cc064303f97e20383ef7d907c0f68d80c83cba9539cd3db7736ae28faa7
BUY,0.001,47210,1743966048,Yes,0x492b88bccf70582f77724a2de7bded069e188991cf628c3000e26856d80f82ef
BUY,0.001,50340,1743965334,Yes,0x9724efe9f1b23b8b6ad18abe3c49b18c36a06ceba915f6efa2c0818f4f636a68
BUY,0.001,52380,1743964866,Yes,0xf82717f9aea34ac8cd6dd19f3da3e446a9680b1eb018d99cbe2668111c85656c
BUY,0.001,53550,1743964466,Yes,0x0eb228a4dfeed903abae309323d8a9fabcf8cc870ec01d26eb8c6f8ee253cffb
BUY,0.001,50420,1743963656,Yes,0xaa4dde5cedb80a7874f798ef7dfc1ad1c1f4213551cc0826774a1ae3e851d0b0
BUY,0.001,51430,1743962970,Yes,0x4a8dd52cbbe2d2b3edabaab93b2736495577d6df880cc96e8ec822879f02042e
BUY,0.001,54400,1743962482,Yes,0xbc91c634fbe92aeb41497f02f842f453b2fd8c44f7020ee2e23689cb82afe52f
BUY,0.001,52150,1743961978,Yes,0x3036ab32c52fba9304233cadb441bcbb63f1a6e663238028fd520a00ea4e2e57
BUY,0.001,54030,1743961450,Yes,0x8e399ed94de69a3fd6fababf1ef804904824d227aefba6e0c2df72dc52a71dbf
BUY,0.001,51140,1743960952,Yes,0xb1c01d7daa7b192825bcfaecbe9378d20d6cddfeefcd72028a8578fef301ff5b
BUY,0.001,50690,1743960650,Yes,0x832b9acb9b0c427f98cadb60d5cbac5908966a858d0cb618ec3a8e3c39e0a55f
BUY,0.001,51210,1743960344,Yes,0xe4fab5024fe0ab61d6201760899006bc315d725cb5d30e9e1deb6b06873be2b0
BUY,0.001,54140,1743960000,Yes,0xf69b291b3f092db570567876c64ce71d8bc7b0a7e7438271c62f53b66b988e67
BUY,0.001,50080,1743959112,Yes,0x80f08929c6aba87f5b98a4e42dda88d646196ed9783588166af0a59e4fc142f3
BUY,0.001,53930,1743958648,Yes,0xde43251869c8746ebd699b1d2202f20584fd5dcedc69f4a107837d508fbfc748
BUY,0.001,53580,1743958106,Yes,0xd06fa4abbc527431da965e7e119cd90c874d2362c03e140fb591650b588d0990
BUY,0.001,51000,1743957262,Yes,0x0721d9e958885fb9bbfddb12059ec75133ea33141033e81c184a08a7940ad4bc
BUY,0.001,48480,1743956730,Yes,0xb0314662c72c85116ce5be030fc734179c0be91aae97e002d74e6520bb98daef
BUY,0.001,52270,1743956058,Yes,0x064d5567177e6712ca4f30d7deda16619ce50b7bd74f48040c8abe5da092efc5
BUY,0.001,52500,1743955664,Yes,0x98c7395baeef3af850841cbd82f27b406f614f5d715039fd3b7bc2311f7c2073
BUY,0.001,53260,1743955008,Yes,0x27315ad832fee823ea6b2b734bfc1c7102d7d4072397018ae083ac1b8ed31fc5
BUY,0.001,53290,1743954356,Yes,0x1ad82be3b94bdd2e24aba6afdaceb3db2c1dbcf72234c4679a992a7532349461
BUY,0.001,50290,1743953366,Yes,0x02e4d73bf2bd768808a42d16fefeea51d32ae9e3f13e5708c60239fac69318b5
BUY,0.001,46010,1743952820,Yes,0xeff464c6e21b8fcb601b9537505bfb73c03c582dbc34b4cc866b569fe8f69c9a
BUY,0.001,50330,1743952268,Yes,0x8f88c58795d840be683b0923673ef1d0d4c2a88265de111712dc81c7a654398a
BUY,0.001,50530,1743951746,Yes,0xb839a7100730aa382a7c933cf472f124687f09485bd9715f7a742835eb2dc12c
BUY,0.001,50080,1743951200,Yes,0x800a7b2adfd01850c721a53b30e481b7155a6183ee4212efbcc0750b2a8ee7ee
BUY,0.001,50220,1743950654,Yes,0x17f1a051d9db2f9113130fb13ed4655b848e4a33d14694013f1d10ff5242dfce
BUY,0.001,52380,1743950196,Yes,0x6f76fbff25eb11b7fc17f0f86456a0b85fd78ebbfa2f95bf164b7394977545d1
BUY,0.001,53260,1743949874,Yes,0xc23a8af89ae1951bd4003470cac8be1a40e99a898918e0337c37c60c549347c9
BUY,0.001,53010,1743949480,Yes,0xdabc48fc0ac3e527acd9f0121c365e23459be3ead2e8ca43b783ac37ebe1106a
BUY,0.001,52450,1743948714,Yes,0x5f8621a51cd535afac510b9a564adae20ab3e5d6b4c81fa24eab058d0e0a4f9a
BUY,0.001,50720,1743948062,Yes,0x1cc372793b793311cc61fc7cdddf6f0657047ac24e48b76b7c4017ee99f026ee
BUY,0.001,51590,1743947506,Yes,0x5e3a9117621bf326bec95c1969beea70fc7a8559233a981b0aa98a70fb5b9e68
BUY,0.001,50390,1743946988,Yes,0x7a2ac3d191026bb4b4dfbc17db7a0709ff189de94131c66be1effc02f58f5c5f
BUY,0.001,52570,1743946162,Yes,0x09db00a08dc14cf4d3111184c14fd80ccf5676663fdfc373e50a88e275a608ca
BUY,0.001,52580,1743945632,Yes,0xf61eebdf4bc12b37929abfafe735aa42bf7a5cf69f0c133a66aa499a94caf728
BUY,0.001,51390,1743863051,Yes,0x61772d6f831637e9584ef079f0c2210b464f0564e7902a1844c48e54754920f8
BUY,0.001,51540,1743862643,Yes,0x7401b0010768250c8d7e296fdf8ffc5c6e2df5970e2d452e5ac901fea5191264
BUY,0.001,51690,1743861965,Yes,0x2243a6089d0d68103dfaa53a8e077dd9d2b2297c2ae03a714c1aa48109551bfd
BUY,0.001,49650,1743861341,Yes,0x897c7ef74067190c883af514d0c1cff56deff4000525f957b41aa804111ff252
BUY,0.001,53020,1743860821,Yes,0x5db391c5afed4a720d1b84cf3ab9c92ba58cf1c12ce161a0cb7f19839f357a7d
BUY,0.001,37670,1743860149,Yes,0x5654d5189e8dde6172cd97ac7169e1f4bc0e0137c8e150ad6bf241ce1282d0c8
BUY,0.001,52790,1743859717,Yes,0x130d95bf471d442ea91e24aa92b7aa86d76fe26bb684990df58e68692543bf86
BUY,0.001,51670,1743858891,Yes,0x26b6a139beb8579de84671da9b1181a4b3b117bf32c8501ae1b0faf484c78dc6
BUY,0.001,48810,1743857961,Yes,0x063dbb25362a54c0240089166180edd6303e35f6ff8b00cfb5c996285892fd20
BUY,0.001,50330,1743857537,Yes,0xee0255bb0fce87f72f6d5e38339cecd70b06bdb6d2c99478595f633692466a65
BUY,0.001,50680,1743857069,Yes,0xe3011a13a3a637f643ee6442479c60273894e4f3775bfa6adb2e25c754c971da
BUY,0.001,50950,1743856159,Yes,0xe1063bd5c1efa89c7662ed36939d80dcc6f363d95be3849a2645d6323e0ab0f7
BUY,0.001,52000,1743855641,Yes,0xee118a96f4242f4beed2c6a90342aac5f3f63dd1350e06a36846f3e25c7d88fb
BUY,0.001,51350,1743854667,Yes,0x90ec605b1c0df01c713bcf48a5ec378e17a95f2c712b4dae512db2feec642b8b
BUY,0.001,50840,1743854243,Yes,0x246c141c8b9f26c77ab968a7af8f3efb38b2c34c356acc795fa5b33c323e3fe7
BUY,0.001,44630,1743853525,Yes,0x693fa8aa7f0433ac0a2e38e16f1401e8d36faa77cd2dd10cc074612c3c5afe3f
BUY,0.001,50710,1743852887,Yes,0x3efbb226a7380c0aedb322ec7efcf7aaf3867f512fab32050bf3c7a95aa15235
BUY,0.001,49970,1743852047,Yes,0xd1ff1585569dcd23eced742810b276a4cb370bc9b66c07a72ea621c9916073c2
BUY,0.001,52860,1743851468,Yes,0x080acf9ec5ed5e5e1022fe6e0bedb44ac5275efbf1e7bcba0160441ea8379c2c
BUY,0.001,53000,1743851174,Yes,0x2271320a91ea958aee6652731b80bdd17e26985551a75f6bce06c77e3fa66c19
BUY,0.001,50740,1743850482,Yes,0x2e677b14e2396d420b1b3ac1dc9ca68fcc3687fb5c5122703b550078785258aa
BUY,0.001,49530,1743850136,Yes,0xd996b76da89ea4f01f5359bdc070bfc234162e5f0dae73b29d44c5a390bdf8bc
BUY,0.001,52910,1743849783,Yes,0x1d5f73407d8320c482edb4a718c26cfe0a743490c3c37c5c21790ba8a401e955
BUY,0.001,49250,1743849185,Yes,0xa212d81d17f70b2720274172d14a79a1c0a73849ea685dca33dd513c33b40b83
BUY,0.001,49510,1743848925,Yes,0x6fe90c52f5bcd5ba864bb812f6423b14d6aaaca1df08c5681326e2a8068e708b
BUY,0.001,49120,1743848411,Yes,0x193afb5e60568f3380d2438571ae35dcc755326019030fcc8d427be3a80f0f8e
BUY,0.001,50480,1743847895,Yes,0x7114c6853148e66eb9c65045b78aed896d0c3a241e8435871d312f78d240eb4b
BUY,0.001,51890,1743847351,Yes,0x1e36404b9cbcaf5371928689b38b3241a05cf29236ea6e66ade36c054c74126f
BUY,0.001,50640,1743846302,Yes,0x19c9e30297eea4760f5d7aac986596450bb1ddd6cda79f4038419f3428a3f6de
BUY,0.001,50260,1743845986,Yes,0x634ba305aee31c516b5cd6a3b15bd3c647d60afbb5b6829771de70fdfe126b95
BUY,0.001,52710,1743845524,Yes,0x6a2b89a24ff5292edfb3cd2c22be5b92fa45830d8030cef07e6d2d8a410a5579
BUY,0.001,49340,1743845050,Yes,0xd9f4236a143fd6156875a7e80b6543c48f881437745d20e9a98dd199b8c6c01b
BUY,0.001,50610,1743844704,Yes,0x8165f0801e0b30fab8093ce4184e3d53f413c897f4c00a34b9168e8fe4dfb0b5
BUY,0.001,52070,1743844121,Yes,0xb1b115d42a80b235c674eb5e3b85a74a1a21665006a0e042ce416ab8d2bcd5fe
BUY,0.001,51240,1743842805,Yes,0x7ee6785d186586f6e85c669f95ed1a6c20f87b0a459c54bb8ac3d74019cd0cd4
BUY,0.001,52440,1743841863,Yes,0xa72076c8ffc9b33137d9cbe91426691023be388bd13baf24cbdf954527f27d13
BUY,0.001,35270,1743841451,Yes,0x7218392af869decd071be41d16998ad05a1b485c5e3b1f025e4013ff95ac36a8
BUY,0.001,49860,1743841023,Yes,0x6d2529a926557242e613577d70ca60214e658808072f1e3099fc3745eef8d5a2
BUY,0.001,51160,1743840513,Yes,0xe97cb970c44202676884bb9d5665e685a6c1f39489ec270b3bc5f94750209fb5
BUY,0.001,50430,1743839759,Yes,0xe20bb3cad80371535ed7f91ff38a2f92e98b30b962ec8851068618bd3fb3f0c1
BUY,0.001,51220,1743839373,Yes,0x21a77b224bec70e7669919215d73bf4036ebc4f77acff464c155d90ea567b9d0
BUY,0.001,50880,1743838937,Yes,0x5e906071c5b5a690182bbc953390a68729ff0036da327c5e534caae475023c44
BUY,0.001,52160,1743838239,Yes,0xa566c9c70d5adb23deb08b189235c76c1ac3dbea50393afc0ef027447c305031
BUY,0.001,49800,1743837737,Yes,0xe11b91f3c553187d83acfdcf8c8c17809a46f5aef36a75e6a6646d4a20f6c65e
BUY,0.001,52280,1743837223,Yes,0x0461b1a47dfbbe0a421d172836eecffc399519f853518e42160803021bccdc6f
BUY,0.001,50100,1743836783,Yes,0xcf99585797aa6b0518f3d27f975faad6989c5789625d18b06ef142e8f6fd4eb4
BUY,0.001,49450,1743835975,Yes,0xf3056319c771a6237d40a1a339baaa8dbe570d85f98d690b10ae2680de9a7556
BUY,0.001,50100,1743835424,Yes,0xe73c9397012e4f8cc286e7997300f91d47bb0985078fa75eaf8e72723a658ce2
BUY,0.001,49320,1743835040,Yes,0xc67a45bb79b357abb5b7d9f17d596b653b0a0b1252ab6b231348e74e9230aea3
BUY,0.001,50230,1743834218,Yes,0x6e7f53d90b3d494e1bd32e98ce28f01ab7c0e1cff65ee0d4c077c913152b0805
BUY,0.001,50360,1743833772,Yes,0xccffae40aa466e2501003d26022c3752a52523c89b8486885269f7057b669309
BUY,0.001,49300,1743833034,Yes,0x216e0d9910395ff43f5f3889499802037a9679ff7ebbefe5d796e41d4b158162
BUY,0.001,50210,1743832607,Yes,0x34fe5370bc1f23268ea7333cd9736dbcf5768c9ef180e84d9e42b1262e6ec610
BUY,0.001,50680,1743831462,Yes,0x5c8fc1459e7897485d6b23fe00d79ca94d1a65a4fd29341212476b79143e03c8
BUY,0.001,50710,1743830990,Yes,0x6e3c6d644098a9e6589c1857f0563108599c03827640b571eac49dbad8c2cf58
BUY,0.001,52280,1743830430,Yes,0xe92f48876bdad1a4115211d622ea86556a12f9161a0c09d552de282f8c38c06f
BUY,0.001,49910,1743829846,Yes,0xeb7d0e979b621ccc67344ba3f50d886b751f9b551200bf40190569c88538a404
BUY,0.001,50730,1743829358,Yes,0x6f4237149621431165e6ab41dce01e9c2d0c2a96377d813adfff02f39e529c71
BUY,0.001,49660,1743828240,Yes,0x5d5bc6901acc16363060b7a28adec17c404431e87e04d77bdf374fbac0ee91b9
BUY,0.001,51080,1743827470,Yes,0x91c11688707d84839abb58963e2f6f618e0a735efe9fa12544b183a9db7ed7db
BUY,0.001,51040,1743826938,Yes,0xe71d751f3bfa681b2041a2183812b63b308871c055cf09d271318b45e5ba5c16
BUY,0.001,52030,1743826438,Yes,0xf2cc94bde899d0bb16a100a882bf2828662c6a993067f4220b941e488cd6d9de
BUY,0.001,46650,1743825884,Yes,0x71a5accd2f9b42eab617a2ab298ee3694e1dc142ef5f7f6a9b4ec4fdfe08f658
BUY,0.001,52580,1743825409,Yes,0x65667952ffc2a68e01bb113f407b9bb255a94c7cfa229b3a336149646276bb2c
BUY,0.001,50010,1743824907,Yes,0x17b5598b20b62a7fedce3270bd37db2ea5aef613a4f107f6427a697b0ffe80a1
BUY,0.001,50420,1743824527,Yes,0x3f2d7520a7cca87b708deb9eeefb81758eac4ef87e401324e3e3a825a3e4119a
BUY,0.001,51700,1743823936,Yes,0xef6c4ccd98b333472de7dc022e6865f27bb1740c535f62b4a6c94eeb7ef27f9e
BUY,0.001,50290,1743823680,Yes,0xd72bfbacb23ad689fcfd4657168aa52d3ba422b566d6495334b0ad0bc8f0b7c4
BUY,0.001,51080,1743823162,Yes,0x6a538aa3859a57e3dfe59b6c474e74a8712a482977308c4bd9477490410d32cb
BUY,0.001,50630,1743822726,Yes,0xc16bde6ba46e6ccc4f610cb9f1b0252b9f0e9063a3d3fc468025bd44a44ab4ba
BUY,0.001,50020,1743822184,Yes,0xabdb8d3a2cdb888af3f254f16a95005ef863de987fa300d94f516b16b2be7677
BUY,0.001,48980,1743821626,Yes,0x2f8569952d8dcdf1500305f346aadc1bf3d44c937ec3c5b3584cd2ffe6a9e91e
BUY,0.001,50530,1743820670,Yes,0xc587e344891137951b021659c799ce5bee3cb58ead4542f2559852c4319c0ed1
BUY,0.001,52600,1743820145,Yes,0x23461e9999e0ab513ca362f309a632f927edb9d2d8a9aad596b2268f35bb7b3f
BUY,0.001,49170,1743819661,Yes,0x101b7dda9ba5da18706b53ed8be92cffe2066b24dab56e74d5e1c56110dfa086
BUY,0.001,50290,1743818961,Yes,0x2e670d874d71b2f8af289c8feea14964b1b5d80f929884418d9cbc0fab878dd3
BUY,0.001,50420,1743818505,Yes,0x63f60c2510fe6a79786f04cf166cbd2fa8a7c157aa11d2d21c5718d15139961c
BUY,0.001,50750,1743817473,Yes,0x0aed31ef8eb75a961b3486b79da4ec22076c265e6764ee351d3d4bd71cae2f12
BUY,0.001,50970,1743816999,Yes,0x0699e252bb574302a324d3664767572ffaeb3e7c74a8830159e4ca41bf185451
BUY,0.001,51270,1743816455,Yes,0x29388c3bc387a7b9ccd9446fd022cf1aa79a28baf0bcbf116e109621f0580b0d
BUY,0.001,51350,1743815925,Yes,0xc098aa5abfc7ec9b016bc3e1acb5326c121f4633e505f07b8d52001f957a9ec2
BUY,0.001,52000,1743815543,Yes,0x983194a6eecb823c656b6bd5d743ea00dfdda828a5e52cfe00b277d259ce05f3
BUY,0.001,49400,1743815081,Yes,0xec28b2a50048fcd25710427ac3a7db554765b400e544714b5034f4520cb60ca0
BUY,0.001,50660,1743814465,Yes,0xfdc31f81c1def18825943a98c05e511b79792101dde014383c0471bd6868d946
BUY,0.001,51720,1743813927,Yes,0x2051299fe809edbb935b2b8e51ca14fe3111966bbf12ad3db89ccf00c84b3c07
BUY,0.001,51160,1743813465,Yes,0xc90ee6633e9ef75670f67169a13e348b363739db3788d29062abbefd5ffd612a
BUY,0.001,52760,1743812861,Yes,0xae424744d2b29e2626e2467ed4d2ff3937306ac65b28b68626c804d2e8ed9baf
BUY,0.001,51770,1743812340,Yes,0x4864a04389fcc68425951b9a6a6689b32a01dd51d023cc46f920d173bd85e08c
BUY,0.001,49100,1743811820,Yes,0x612094a37a17b62b2b1e8ba8a87bb140ecd14e93e9806421d7cded533f757909
BUY,0.001,52800,1743811190,Yes,0xdb246173cbf090bdb1a9c3fc605146df0dd05f8d342fcc7683f602ddea291b60
BUY,0.001,52410,1743810557,Yes,0xf45065918da8aa9f601b3558b43854cb8840024a713be044ab74b20f2d6fc3d9
BUY,0.001,50140,1743810113,Yes,0x94ab876b336ce1978a3102dedab0d88f5e2fc2ffd199b7d6d84471158d5c9d0e
BUY,0.001,51630,1743809033,Yes,0xc98c493fa00e319fd91ecb44415046ea37a719b810bf0a162b72c3b4aa64e130
BUY,0.001,53030,1743808531,Yes,0xa5e3084492936471c65517c72b98eeb8836519b79f0c05ed7504cf3198dd92cf
BUY,0.001,49440,1743807983,Yes,0xb7ab8289ecb7ba9fb81af4071196d0c3edc2ea3742db091057acc7489093b1c2
BUY,0.001,48720,1743807451,Yes,0x86f0b4f1ea1d1d4abcd92be5c19cbbd4a2eb847b10787e377a872952355c82ac
BUY,0.001,52820,1743806805,Yes,0x4c0486c6cf0fe7d30dcd4c7ef2fafcd49876ab2250468448778e753df92d2e19
BUY,0.001,50430,1743806189,Yes,0x57b09346d8d5b35c78be75e75f7801b8a36cb90c8c6cb030b813d4cf288f0f26
BUY,0.001,51780,1743805731,Yes,0x7e8f334651fadb9c700404d3957089204c521cfe1751970c1e02a129a8a83b7f
BUY,0.001,52520,1743805115,Yes,0xb3f5201b48c8c861a42188653fcee9cc90393518f672687992d5da03baf591f4
BUY,0.001,47450,1743804573,Yes,0x083e3e327a8e7c2db49e8c191ce66cc027478d69bb6e86ac49979f307f835996
BUY,0.001,50720,1743803923,Yes,0x85f0c03e58ad7886a3839d8391efa54c6707c4edd4bdfbb7619ffb60e6ae4f46
BUY,0.001,50420,1743803243,Yes,0x2fac8d02f3e5693661f99fbd081b878f7a8ebf6b48d9d19fbef4a36618f1b00d
BUY,0.001,51990,1743802435,Yes,0x10ffea29d9b9b8483a11cc8732ccc032b35688af37c992dc9960df96ccea3d57
BUY,0.001,51850,1743801983,Yes,0x758cd1d29c07f0ed5c0ecb625a2893e254e7736a7f44f27d155e6f1e08915df9
BUY,0.001,50930,1743801514,Yes,0x00edb5200b91d2a242307688caa14a19dd9dc04865b1bda941aa60fd9cd79a26
BUY,0.001,49840,1743800742,Yes,0x36d11cac539b67878ee90c11abcca09e72604976cb0b2fe51a39b134d62145b6
BUY,0.001,50450,1743800152,Yes,0xadfbbc62ff9ca5bfd5601dbdf8037a335eebe0d0e2dbe12a8dbcf390ba1793a0
BUY,0.001,49590,1743799696,Yes,0xcd6ff0ed5ab05a83370c996a40b41f28ec52148d80c6015566540e7b9489d5ad
BUY,0.001,50400,1743799116,Yes,0xe47410b871cef259cb9993c0623a59a2f9e44e16f7efa6958c606bcaa6276f73
BUY,0.001,50840,1743798574,Yes,0x962eacdbc857465fce6d42c572488eede8f8e0b4b3713c9b992f366e174dbd49
BUY,0.001,49630,1743798234,Yes,0xb04f2997a89b9db24a9e9876dc30790ac617e63db6fa5e13592c5d68723f7a49
BUY,0.001,50130,1743797808,Yes,0xa184cd376abab77b490d0f91087ae073496561e18943223a298c5b16b67bf066
BUY,0.001,49020,1743797260,Yes,0x2da95b92279a6383803811f4a338c3b68f31f6409ab8a1a7da587a42ae25bfcf
BUY,0.001,52790,1743796666,Yes,0x3a2a32fc1a781770ce82c71d7d47895e14e269e461021cc9fac80fcad1f722d0
BUY,0.001,49370,1743796124,Yes,0x23b4438d526271e3f9920b7822666da983e73ea4b880191c40f0ccf40f98951b
BUY,0.001,52570,1743795554,Yes,0x9a4d5fd7067d38287c8cf1fea4194cd6d2c1028fcca56ee4264caf9c72b16310
BUY,0.001,49680,1743794966,Yes,0x67f9ff43404d34abc546c99561321a7dd7f8a7d0e2a77040f2d78a96e44894c6
BUY,0.001,52920,1743794340,Yes,0x795a24876d8f93f434fc111171b8b43dc20eef73abfbc20a954bf7334c3dc925
BUY,0.001,48980,1743793769,Yes,0x5e2d11cb1f24831c51fa89835fb62a2a5c1844d0c19c1beae8b21e74d70c7a7e
BUY,0.001,50140,1743793081,Yes,0xd5689eccb5619c656c961f895007e8d25230eb24d8fbfac3a853ea2f31bb421a
BUY,0.001,48990,1743792555,Yes,0xffde3e409a675b63f3216ca3ed028f85599386e2bad014a5e7041fc1fa2ed5c9
BUY,0.001,51710,1743791995,Yes,0x85d60375d515ce4022668c994c0e52634e8a96555e94b1b7fe461135d7f03ccc
BUY,0.001,49570,1743791249,Yes,0x93386a1e1f1dd04d4185cd989b97f6de8805ec8616c346ad6fb8846ddc5419c6
BUY,0.001,49760,1743790865,Yes,0xf348f5739b52a6e442209d47600e81fe46bf4bf52c93ead8392a1368d0d20ca6
BUY,0.001,48850,1743790563,Yes,0xbea7ef7f437e9e6175acfaf4626ecbb2fc2cbdb4d9e96cec7813f3853cf227f5
BUY,0.001,50880,1743790271,Yes,0xfd6e201c4a5150e92167d38230a6e67cef905c535093c451d4414482c881f384
BUY,0.001,51950,1743789995,Yes,0x7177e27fc7e119869f9ac72b1af58dbbb297407fc7af0a2fad478dbd70561b80
BUY,0.001,49890,1743789665,Yes,0x7898623acec8b74598afb78b8fc0337603bddee9181a5b11c92744b72798982a
BUY,0.001,52780,1743789091,Yes,0xdd09af79d10753d034410980a9c871a72156eedc9e264f079f6e1ce1c5638329
BUY,0.001,52740,1743788699,Yes,0x788eca66f60d9c85e5e357df4fae971d0f817bdff13b275d5201a41a91be389d
BUY,0.001,50250,1743787999,Yes,0xf521ca539683b01e28b3ad4133cebb8942df0c9db037211ba641606842ff3388
BUY,0.001,49310,1743786801,Yes,0xf6aaf55abc1d6230a97c253ca3d8015ebbee49a0e5e52a2bc85865632f0030fe
BUY,0.001,51590,1743786315,Yes,0x63ef320881a417421f19d5ce1544df08fac24e83f88c263af6b7915b19b94184
BUY,0.001,51400,1743785373,Yes,0x41096ee424b4403b0d1bcad6c9fae101bf34a30fb59a8aa2d3aea2a383a3bdc1
BUY,0.001,49670,1743784731,Yes,0xebb083ee2c87f15973f0ce91615a7c643b31da19d0cb3de609a27ff0671f7861
BUY,0.001,50670,1743784137,Yes,0x1446d8488a2d1564ea55fe8afa7c4ee3474751b9bd0174446589396b5eaad6aa
BUY,0.001,51240,1743783623,Yes,0x862cd55c1f497a419a25d0895dbe2f9bc56ff68a582d5be4fd845b945635ac08
BUY,0.001,50040,1743783275,Yes,0xab456e15b61a9862f58f145451f202360d26def651d8cd80d6cf5fbb50a7af3c
BUY,0.001,48760,1743782959,Yes,0x07f268a3fe22f23a7141972c389b4b44f84f87767714dad629e441706418184c
BUY,0.001,49150,1743782411,Yes,0x0ee92d954a8c8c74def373a5ab7ae972822ad66521f0bf3c61bb84de29a9a5a1
BUY,0.001,52980,1743781967,Yes,0xd45283a683ec1d4244a13c5e119f0abe0498bcde328f871b2cf05cc89937ed38
BUY,0.001,52450,1743781085,Yes,0x38a3183e7e807e41ddfc99f69d043983857f00bf26b66042631a212938eef96b
BUY,0.001,45620,1743780543,Yes,0xef1ea01d69af3d8e778f09f9649bfd5e821a0993a9f3ace8e84f609268c3c24f
BUY,0.001,51640,1743780201,Yes,0x08ea383fa426b2d0ca20b2f6c9378fc3cc141a6281d14c571c6ecf795ea28538
BUY,0.001,52130,1743779593,Yes,0x6cb6f528a1911bf5db1b379c106e41b9a2bce103c5cc195c173b2daafb740145
BUY,0.001,50980,1743778813,Yes,0x5ed1150d1bea3ffbbada40dfe2a784b9cf4604c6c5e93abba407a20d0beb6eaf
BUY,0.001,47840,1743778255,Yes,0xd1fd82f94f6002bb36c746a861c02cd08b7f49d69b090c06579ee8d74afcc8f4
BUY,0.001,49580,1743777557,Yes,0xa574fd4e150506ffc8c8480f308e8ee92b543b89440b1bbfdd725ff5c98f6773
BUY,0.001,52770,1743777091,Yes,0xc6c77256de81090243a08bd20a0fd19a5cca48cdc615ee1370664546c898174e
BUY,0.001,50730,1743776317,Yes,0x85beb785c114e7e05494fafe80a05da9c29f4f87c13db07a031c7806ebe31ef0
BUY,0.001,49130,1743775737,Yes,0x46f29fd4148e4930fa8ae9b10d38048c9baa9a8a5058c559ba410f889c4e4ca0
BUY,0.001,51430,1743775247,Yes,0xaad9e49ca59fd4184e90fbae7fc51bb66cecab3718f98cde533bf409f509bc88
BUY,0.001,52280,1743773727,Yes,0xd64433a97592a3230991a62c30b1ddad545e5df621655605110948d620632b2c
BUY,0.001,52240,1743772801,Yes,0xc04520178a8a2b49fb33462d53b4aedab2e762b783fa2c1e588ad4a561bd8db3
SELL,0.999,1.3599999999999999,1743772223,No,0xfbe7e18914873f9c8dbfcd0cdba0bd5c346b84a09980e96a3f4b14fb542de749
BUY,0.001,51360,1743770815,Yes,0x08b779475706999ec14400c5f8d4287b12ccbd1775eb8d031e753887e63477a4
BUY,0.001,49900,1743769869,Yes,0xae84b429998f0b96908d26eba48112fe628f299769c8f70bd5cdd433cd757b95
BUY,0.001,49630,1743768533,Yes,0x6beee10685d628bc9ae0d83d353b74854924cc75a1d61a211deb7034ae15e681
BUY,0.001,35230,1743767601,Yes,0x57b9def7fc237da12c3ca18f8f1772c68c03d7a02e028bfd997d1abe42918096
BUY,0.001,49230,1743763289,Yes,0x2da508d2c858a88cc546235b91fa8ff0ac9efebad4101f62d310880527173b70
BUY,0.001,50600,1743761199,Yes,0xa072770e25263fbbbf2c3b743955e383092306a6b45b9b006e579373938c86cb
BUY,0.001,50420,1743756567,Yes,0x631f7574a33b1365f4b3a9b68d310edd1960b5d292e00d7037d135c7c4342552
BUY,0.001,52670,1743752279,Yes,0x0af33610610ceac4cab47c68593e0bfd94c304448ebc12b347648dc6222929ab
BUY,0.001,49680,1743750795,Yes,0x2cbc639dd781e1bc5d3980db928f12094d58271ffd1651e60dcbdfa1d3fda393
BUY,0.001,50200,1743748563,Yes,0x83b783a2793baf70c4f819487bf14e1c4ea106226ad6c6519a7eba62fbd7b108
BUY,0.001,49640,1743746329,Yes,0x1962604101995d6c7e06759dc1988df2b2dcb05d8815a885eadf52313a2f46dc
BUY,0.001,51520,1743744593,Yes,0x6eeaae33c8124257b27081de31ec50c020fe35913be645d942e9027b01a8aa12
BUY,0.001,49550,1743743689,Yes,0x1206afb7a5bdf60592feefecd7ba8a6b5529a4daddb0b041960ce4b3671155ad
BUY,0.001,52770,1743742945,Yes,0x5e4d9e4f1b7aec5b29f296a29b2d03bdc03dd03112fbeb2eb7ce9aa7aa8a48b5
BUY,0.001,47250,1743742402,Yes,0x3d72e703eed5306642a3a02e37d76afc06ed36ff595b992098d639c690f63b7d
BUY,0.001,51070,1743742084,Yes,0x662161306c40f66417661a104ae96265e75b402baacc21fe3e2a9be18c8c2213
BUY,0.001,52770,1743741134,Yes,0x1c24ff872672628119b2e753055ad5055319207a60753046a081b0aae40f0ce2
BUY,0.001,48120,1743740524,Yes,0x99f52ec6cd409d365622964240b0debbc139de11bfe5e8e296bb19e859aad53a
BUY,0.001,50920,1743739352,Yes,0x29da96b0e9fe0990f301af8a266b232034cc7a35edd506fa0e3ef44f389f6e29
BUY,0.001,49770,1743737610,Yes,0xd4d6d40586d902244421f3ede252c5f9e957a091c5a01f89faf23bfad01a06ee
BUY,0.001,50010,1743736584,Yes,0x6fe3e83c8f45e2bc74cd3cbd70d2cdcc0c45faf97b957744df6b7fedfc387ada
BUY,0.001,52640,1743735670,Yes,0xe252a953120f94bc562a9ca75091ff127e13f3e17899c366d07c79cdd16c2aa8
BUY,0.001,49900,1743734722,Yes,0xa76523ffcf6b27bc3beab078dda1b7ce7c6d71e5ea10b95e1b95dbb76740273f
BUY,0.001,48970,1743734214,Yes,0xb2a2e869b17d2ead5802f5f74bc794ed03210b363c129f8dfb4a7ed43c7b15fc
BUY,0.001,51060,1743733828,Yes,0x73ac81c2ef6acd56c5bf65950952c85d394aa903c7e2b817be095d15e58a1efa
BUY,0.001,51880,1743733442,Yes,0x24f054ffaee94c46a542ed77fcedada60d5db95a230c9a86a39c319793221fc1
BUY,0.001,51280,1743732382,Yes,0x85e54386e1e6743c3040bde5abf146f2df8fbce66892614a8754d408610403ec
BUY,0.001,51870,1743731660,Yes,0xf11ba2551a3df269b358d1ba34dfdc077cad3df75a76980bd1d6e761934c4f6d
BUY,0.001,51760,1743729988,Yes,0x4be2eae3202788c2e78389f8ac51b42dd1e17239834e23fdcd6c2493aec1ee9f
BUY,0.001,52270,1743729042,Yes,0xadb565ba338c05c59892a4f9dac77fea520e7ab30b4bd19ff97ccbb03348217a
BUY,0.001,52340,1743727847,Yes,0x0fa6f0fd0be21f45c0f9b59c7f4079fd10e6db82cf087e7932086437d805166c
BUY,0.001,50100,1743727403,Yes,0x375c53ff5dca32080860cdaa1f32a3ced71a023559a4ff2292438e30cf5cc63b
BUY,0.001,52140,1743724300,Yes,0x2a048df0bc29124cff135bf8e4246fd8f34dcf90ba517dcf9a44c4ff19b8a77f
BUY,0.001,48780,1743723560,Yes,0xafca3b6fde8c108a3cfb3162691d18b6a1388a8b5feafb63c5f9a84e0912027c
BUY,0.001,51900,1743720434,Yes,0x9ead662cbb0c79e2a2d64b037707d48d871eb52a2498adb234bbe47a6455c51b
BUY,0.001,1000,1743720056,Yes,0x6184604d33b8450983d9e9857bd62bbab280fe0ce5affcfdf3883191cc8d6e85
BUY,0.001,52540,1743719630,Yes,0xde09f57c441ac937f27ff6db75b400ac8647dc0cd94d3cb476f760ff0a37d8bc
BUY,0.001,50200,1743718928,Yes,0x4544fbbe3df284d2c5b4cc3938058f75843b2a972f3fb8c510d75a5f21beebc3
BUY,0.001,52250,1743716718,Yes,0xae515c5682820df1f14f85127cad92ba0d498526886a0082f92eb91e604cddd4
BUY,0.001,50100,1743715472,Yes,0xfb7755ab42cf731f858557344852a63861541d4546e4e4edd3c2a9c8b713ba8c
BUY,0.001,53960,1743714124,Yes,0x8228d9d53a3bf0a68551e55cce0ad5adff8a9543334bb9ab5e2df70c1e6e546f
BUY,0.001,52640,1743711634,Yes,0x136ecdbfb6b79f56b7f45280f4f644b561c458080ee95539069d1a87453d65e7
BUY,0.001,52500,1743711246,Yes,0x17b8b2c2c2013cf57f976aa2038dfb8d521e73b7fbf14f57a440386e791b41bb
BUY,0.001,52970,1743710316,Yes,0x48a2b870e46de46b5c0a2673a4b0b927b2f5dcf17ec362938cca192b0d023ecb
BUY,0.001,47680,1743709416,Yes,0xf5d7071a15e6e830cf3e98efa8e19dfe874af37797efa4918401f771dbff52bd
BUY,0.001,51250,1743708096,Yes,0xdea5c7561018c4539b85ce16fc0204bbc2918f02949615220863359a79f7fddc
BUY,0.001,53920,1743707712,Yes,0x7cd46734c170ff7bc7fef29481261db675bc32e32755cb90ba04005725199fe8
BUY,0.001,53350,1743706940,Yes,0x4fc4cc0822f8d3c3e5b0b918977f74e4fcb8e92653de2201ca729fc8d967635a
BUY,0.001,49930,1743706424,Yes,0x49b8c79ad14bf086d1325c9e6cd7cdde0ec80d9932dcd0c993ceb6c447d18b8e
BUY,0.001,35860,1743705726,Yes,0x6e876cc71440135f656b4f5a6f9623b9e5f96efc236f966a5a8879888511fb4c
BUY,0.001,53500,1743704371,Yes,0x2fed4f0e8ff79fa8615de708b77406716d4ffe1a012028230c1a9c20f0abd298
BUY,0.001,52400,1743703321,Yes,0xc1d86c31c5d693e132457ff0c4871fe89490d90200431d6075efcfc68fd6e795
BUY,0.001,51090,1743702575,Yes,0xe12a07167bea1c0d3021045be783c7115c7e4a85ec1d2e579c3d1d8f7f7720d0
BUY,0.001,53820,1743701287,Yes,0xe2c651536249602fde8abc5192f2f8062ee6c69254e88e346ffb0459916c8c61
BUY,0.001,51590,1743699631,Yes,0x18207243ebe32202bc2b65672e26d906d5e3c9f992e3e9dc1b1e25298922fda6
BUY,0.001,50700,1743698221,Yes,0xdc5cdec895142315e3bba34ac598eb0a2c6f1b91f5ed2164d1d8408dee056ff9
BUY,0.001,51420,1743697549,Yes,0x7ad84a41e88ed2da5f0d5145f2b3b6cfc74bfb33415e0a6e03bfccc5a54943a7
BUY,0.001,50820,1743693816,Yes,0x57f2ba3939a787b9ec2bb8b9376a8da571f025c38e9383372aea01af712136de
BUY,0.001,49830,1743692866,Yes,0x3947e722e2b609b8c0fb7472df1ee08258e2f99d684eaf2c7146351dce40c9d1
BUY,0.001,51530,1743691158,Yes,0x475055ed670c97d406b6f435690ed03d79c302ef1a9014a032d671f5fd445a48
BUY,0.001,46330,1743690762,Yes,0x7c109922ecb2c495e32c6e1183d2111eb30a021d9b1ee32c7944ddb1fde123ab
BUY,0.001,52200,1743688084,Yes,0x366503f95157f8df65519eb6d091d2dd4c7011bd14a295c0c317e1390113fbf8
BUY,0.001,52380,1743687484,Yes,0x8dac66cb35cae741e9eb6278893f0e5ae434fec694a92ac8ed7f4b10db5a2cfd
BUY,0.001,50470,1743686756,Yes,0xd0267bed5f0f001ca2d147573b097c6026a7bba641fded7dcbfa3aa1358393ed
BUY,0.001,53890,1743686272,Yes,0x865171243891dfd947729decf6778cdf9b2e6d4525c2e7d345ac452a67dab4e6
BUY,0.001,51510,1743684588,Yes,0xe06a203bcf1033d0c3d717b4249b2f2b3d786ca541d4f777f661004b72a99912
BUY,0.001,50600,1743681584,Yes,0x7eaec50fde3d1c0cc071da5b5370674a5ad693f85c01293801109f4fd175dba9
BUY,0.001,52180,1743681148,Yes,0xf36c6c760405b8161c4f45cdbf6f34469b2d83630166d29128a8b2525a4372c9
BUY,0.001,53150,1743680624,Yes,0xe28a8ce44a6512bea69e18d5f8858ceb8cb46b554223c65463049526401bf2ac
BUY,0.001,53340,1743680074,Yes,0xc99f25c2e6f5244dc664a0c7139ac139649aa1145a53ccba015a0355e19465f4
BUY,0.001,50480,1743679758,Yes,0x7905d4989f7fd3ae8b6daa5d39bd1b400b02b5a5d6f46d67f1ecd524410c18ac
BUY,0.001,51310,1743679394,Yes,0x5f7ac6e7d814e017904ae608c1f72b9089e0e95e005ab96c66fc3e92515d9377
BUY,0.001,53770,1743679048,Yes,0x25001f754e6870a0c347a5f5ae38781f2fc9ee37a2b0041cba994b84b4be81a8
BUY,0.001,52060,1743678550,Yes,0x9804bed0922502921897341f03384d2baf781aa4d20eca8e8e013514e319d099
BUY,0.001,48550,1743678142,Yes,0x7bce7b4a0a8f326a100f0eda205323a639b23b29becbc8191556e0ecf6af70db
BUY,0.001,52300,1743677488,Yes,0x95ca1f4fbe9e0f8cbd2c18115a821a8dae0238294a75364f6d48d43ef434ab4e
BUY,0.001,50600,1743677000,Yes,0x6a2b62ae165b60ff8735ed322fcc32673013e50412e6cc8f4b42fcac711e3842
BUY,0.001,50730,1743675984,Yes,0x1e418dc177b25b9b8536b05e541db46ad363dd3f9a528fb74dcba5a86c0feaba
BUY,0.001,52300,1743675433,Yes,0x3d696ce041b8e148ea1bc2f438315f8a408b1cbfb2fcefebae27475cdc902fa0
BUY,0.001,52880,1743674515,Yes,0xeb04ba1976207737e3805da89d0dae8e1f1661cc5815ef2c20cbe655c822f440
BUY,0.001,49680,1743673903,Yes,0x692284fcc307e82fc0cd1a4751031594eb4e3ace6b7f97d2f3ae5af80aee197c
BUY,0.001,53270,1743673619,Yes,0xe173f980d056eb4dd0a6a1275821fb9dbe66968880e1662db09865b5cd9bf526
BUY,0.001,53190,1743673133,Yes,0x47caeb4644d07bf886d84746e5cae7e7e75130da9bb430402668d53544c14323
BUY,0.001,53810,1743672777,Yes,0x5234e0050fa38702f4705ead5fe59ae7b125e0efefa68e316e65765f5d5c2c76
BUY,0.001,50210,1743672165,Yes,0x8853437ffccc4fb8d659b5824af62b87d5ef68b01c5037135c5b6b4c80a0c4f6
BUY,0.001,44750,1743671631,Yes,0x5531bfe36eed9e7fdd9ce08687789561ce9272ad36968f7b2a4c513ff8517bcb
BUY,0.001,52360,1743671243,Yes,0xd6c8732fdbc434f4b3ab4063368e53619f962055531d86a04a0ae218f96aaf45
BUY,0.001,53380,1743670685,Yes,0xde795a503af5b0e363abaed68f0b9b4ba10398bef0ddde198390fa109aa3e7db
BUY,0.001,52880,1743670187,Yes,0xc795e1993cd4d8253f190b9e71dba3b273676936e55b2bec54aec9969cefe20e
BUY,0.001,53620,1743669675,Yes,0x0d69ff9de200058b51ba555308600e1032dd4bf1ccc52bf005285e71b41edc87
BUY,0.001,53070,1743669369,Yes,0xdaed78e7054e46b7e4e71804a2edf289dfa7ac8d0d31f91ff6c7697b02c2a2e3
BUY,0.001,51730,1743668853,Yes,0xa10df2da763ae276bd38bf39c86befcb6cda2010dedb63a3f36cfe2d641b1a93
BUY,0.001,53280,1743668543,Yes,0xd40c42a51456d52af678ade3fa6d3cc9b298cb73415f9e4f1884ed5bf504700c
BUY,0.001,51930,1743667941,Yes,0xfedc4ed72a9e8f81ec99e766c475cbac86d8a3afbff76c17e7df9a7c7e2703d5
BUY,0.001,52790,1743667467,Yes,0xc3b8e56f74f43e8347751006dcf581dee881682810e19a52afe23682e2e8408e
BUY,0.001,53990,1743666729,Yes,0xef660949cbaf3d776876a434abbc434d59aba9022c8a12aeb8d5806844d41717
BUY,0.001,51090,1743666260,Yes,0xdad56894437d32bb9964ed621c4e13572eff997c7545e973c52f7690587289af
BUY,0.001,53680,1743665768,Yes,0x6bd41e385bf65baea9eb9182c95c46baed7ce927dfb3c77bf1da43f6a197d281
BUY,0.001,52550,1743665214,Yes,0xd35fa822eee3d52b86950ad3148e56cb1cfc894e647a98786a537f2f31dd6384
BUY,0.001,51040,1743664824,Yes,0xb64f92c4848862699e040d2f3407b1581ae0d4aa25838a7306464e6dbc1443a6
BUY,0.001,52410,1743664348,Yes,0x355081165f3e776082602365055df788aa1639177ac3d5172fbcd53ff1dda504
BUY,0.001,46180,1743663826,Yes,0x2c11ba1aa8077d8d341bbd1df36d2d969a6228167541fe48544d7cbf6fcae845
BUY,0.001,53750,1743663246,Yes,0xf7f0aa151e91c11e0b1872affc25ff7530dd3f97944129bf7e6b1df432e29218
BUY,0.001,50260,1743662596,Yes,0x43b25801d1cc3616cebbd14171a0e6b3721216a6b7fe30b1a4cbc97352ecf45d
BUY,0.001,53650,1743662082,Yes,0x8d4aa4cdd9241f189349875694a5f6be200d18b67b22937a98b39b5fa497b3e5
BUY,0.001,53530,1743661576,Yes,0xa2386e62be057ab733050ac16fac3129e46ea5264815d28ec6510fcfb143b2f7
BUY,0.001,50870,1743661016,Yes,0xa9dc2d81148e97754055a0613c6eec097900af2ce36fbaa09f40d01f5dfc7fde
BUY,0.001,52450,1743660496,Yes,0x2c70eca4a6f6f2f1a38157d194b3e4262d785f1105cbabe30f274f8b9d95c411
BUY,0.001,51320,1743659944,Yes,0xb4bb858daa92cef9737c036d84982df36ec36e195046aa325e766dcd7ce606ad
BUY,0.001,53710,1743659162,Yes,0x375351d6e62cebd73d51a5c83d11363a8cfadabf2e762cdd98add2fe644023ba
BUY,0.001,50340,1743658674,Yes,0x2b06f7d9b6b9e20ddc5a999ac3fdd0106835011d0983110803854c1b9c0e26a0
BUY,0.001,50160,1743658090,Yes,0x21da398723c5eb3a48fd5e91834e34825b6e65107246a8f5a06206b745b9b6fb
BUY,0.001,50690,1743657542,Yes,0xb5071a1395e50464f473c167cfced32965d5482eca6f124697ac8e5a42467c7e
BUY,0.001,53200,1743656854,Yes,0x838b9d7984a54a169292e5518846cef19516015dca432df8fc4ea264d69cb718
BUY,0.001,53210,1743656112,Yes,0x32431d876909f7e605f036fc39dd73f03149333c062e182d4c252d2e8dc78247
BUY,0.001,51270,1743655586,Yes,0xa009a563028b5115705c3dc9ef553652d986ab782f68025dd0bb704d3c7e3225
BUY,0.001,51740,1743655164,Yes,0x3791e0c568a764379055df3b6c1f81b364ef5d6cbdefb399b960096032201b9f
BUY,0.001,53560,1743654828,Yes,0x5dad7d2fd86e5057ab24db93c4826a278c56df0ce2a5d6e7d296d43143d60b41
BUY,0.001,49880,1743654314,Yes,0x769f7d4667f3833665c49b8be1430c0fa9056602476bdfc997f5bb3d0976313d
BUY,0.001,53580,1743653816,Yes,0x0b79645521e3b8bafb8d71708919635f06ae215d580ac40e586aedf63de0394a
BUY,0.001,50410,1743653354,Yes,0x1ab53ff8329093b4cc40c4c74e5f565f80872a13e2626edbb29e3bb9fc3911f9
BUY,0.001,51860,1743652882,Yes,0x47dd373e0ea6a951232314dac2f405333851b7b8b6b9673b8dba16c18bc03b15
BUY,0.001,51370,1743637091,Yes,0x56b0bee81653660de76cb4e62108fe07c87a0c3b9a055140ec268fb8a498baa6
BUY,0.001,50330,1743636391,Yes,0x23e0afc4839531184b59ea4a817d7eb568b2d7ad09c0b3af1be3757644aa5ec4
BUY,0.001,53440,1743635457,Yes,0x76b473550ed5e91761b3359155b93d46e7eca071f8577f7edd6b4afcc2fb0cd9
BUY,0.001,53570,1743634947,Yes,0xf2cd9c1c9806ddc307bfb231970568de3bdc73b1be7a6cb846712d24007c4281
BUY,0.001,52960,1743634361,Yes,0x79c00ccc3d9496af9e64e09456787d8170bf4f322571d0a988dba30ff097b27a
BUY,0.001,53390,1743633897,Yes,0xb072f61b808ce06b6a11b5c66c9404f770557561fb70bc4801b3081e156dd326
BUY,0.001,50940,1743633045,Yes,0x1462f54c85eb44e8152a22c3d73391180390fe90801a7074dc7abe979679d7f1
BUY,0.001,52730,1743632277,Yes,0xaa97a40dfa5db0f81110e3c626756ef99a4a760ee51bd7cd5ef4c7ee8460d6c1
BUY,0.001,51850,1743631275,Yes,0xf1990cf34de4a6bdccecae6a96828ff1670ada15476361a0d68d31e2a7e26223
BUY,0.001,50450,1743630629,Yes,0x012f118f4831d2659ebdf724b5c9669ce383ffb261116bc03c0e9b8ead43fee9
BUY,0.001,53470,1743630136,Yes,0xf83806b5dcb7e951e6f462f8d610fed15d9ac884d14fa24431578accf5968595
BUY,0.001,51620,1743629540,Yes,0x774ab9f135ad169f29cc84f0303dabf7be223ee4d83a34efd9b734558ade77c3
BUY,0.001,50590,1743628868,Yes,0xead4b7c5f36963167d801329f4b8fede6c33cbd3174c0a86ddbf953f521648fc
BUY,0.001,52800,1743628342,Yes,0x881d8f825b34f8f51e9aa4cf983ea6aab416c935a22fd4ea7bf3ee34b34161d8
BUY,0.001,50060,1743627898,Yes,0xa7e2d653a2db3d5d8557fa0cc483ac032e850cf7af70ae42bcf6628af04c714b
BUY,0.001,51010,1743627316,Yes,0xac36b787efa8321ebc9bd9eff5fc332fa201907f60256c5fa4af786e8641ec62
BUY,0.001,50400,1743627032,Yes,0xc0581549160a341168684c8cb60964f310ff4525afefdc4303f7bf7deef646ff
BUY,0.001,50950,1743626502,Yes,0xa90ccf15ad410a28f4f1208ffa2ef5b39330c2e0eafc2bf722826312ab34d13d
BUY,0.001,53900,1743626084,Yes,0x39f21467060e155340b5a2a3a68b476e355b1c05ab71a742f98599170a99229c
BUY,0.001,52770,1743625742,Yes,0xd2580572aa6973443dc10255112f2491ee36bbb7085e9368706cec17b199b6c7
BUY,0.001,50280,1743625346,Yes,0x4f3db00ad1638c225f5af9b8ab8599c6f3a9350453930831067da9306326772a
BUY,0.001,50060,1743624870,Yes,0x63bde0e4f9611989a276e03a871215fa629117dc64675c5f8b0a35c8ee5b2526
BUY,0.001,52440,1743624318,Yes,0x7e2a84831d858c0dec67f6552245f1a6cf3495ca4543040b7d7b510efc0d430e
BUY,0.001,52350,1743624002,Yes,0x9dd32b4c053cf80f65f614c75df6f7663acefde9044121b1e52ef0b29798eb8f
BUY,0.001,52500,1743623696,Yes,0xccafefe9cdd53b150458ac52ab89a25cf86259ae1cc857809466c6ed27644b7a
BUY,0.001,51550,1743623030,Yes,0x0e8d04e7269af5459973978c094fd485ddffdd4c09d501e1303947532c6957e4
BUY,0.001,51270,1743622484,Yes,0x84c802ff8282a2e6ab6f73ef085c6905ae29eaec37fd443efecc8ddfc15c1bf9
BUY,0.001,52420,1743622022,Yes,0x1e27ef2bc7dba486af674639dbadc5a44a7e6a692da3ac7d499bb7f03acaa6a8
BUY,0.001,50720,1743620898,Yes,0x1ee0c1755a28e6ad827a27e82ac17578afb9f9d781dbd84b81d6fbc8d0ee7550
BUY,0.001,53210,1743620374,Yes,0xb7da1416af19ef4c2076294064aabb780be3f0006de7f55e3ff1b70029150bd8
BUY,0.001,50360,1743619508,Yes,0x06b2c08f477b0ac68012ca70c94f0fefb3c0ead4e2268e6ce4ea901663d92059
BUY,0.001,53870,1743618972,Yes,0xdb0e4c5fd37566f681d6dc9113a02d4e1b9f60919f40399a65d516b97dae1ba7
BUY,0.001,51450,1743618520,Yes,0xef2fa29c0c3a18d51a7aa567adee80aa5befe6b5c050ef07c2422ff5b8d1c4eb
BUY,0.001,52400,1743617914,Yes,0x33459d0680c52754609efbfdc5383e826e68c8f7445b663b9a050271674c7ebf
BUY,0.001,51290,1743617362,Yes,0xa138797110cef37b2ebf655c7ab661c8ee1e38a0ae6ae44fb4abb9045f2d4ab7
BUY,0.001,49750,1743616542,Yes,0x1ae4b6a0bb101b643d8ed9264b782207eafd347abb1cde030b8c9ca0d58e4999
BUY,0.001,50490,1743615766,Yes,0xd66052ebf761bcdd2a2a3982a60237128cb624cc495ce23a21db915e8b974ea4
BUY,0.001,52570,1743615328,Yes,0x46385e2d47daf01f4b27e917befbe3482e84eea3a94e8b55e355cac139d06aef
BUY,0.001,53650,1743614558,Yes,0xb3caf3f841140adedb59aa5c1f57b8d35a065cc3f24676801445287d5bc2eaff
BUY,0.001,50360,1743614286,Yes,0xc2b504731fd28c573804414233fd209e482ba47d058c9ae21ddba8c89286907d
BUY,0.001,50230,1743613734,Yes,0xd4e0d95adcf62a323b62921fbc6f7bb5dbb5c9d2a94b287591082dd055d748d8
BUY,0.001,52970,1743613302,Yes,0x0fd531eca05f378a683c0c3a46739d9a864ac3de4eca5f0e8550abff3ab6f918
BUY,0.001,53070,1743612594,Yes,0xdb3f022360edd01e3c369ceffab7f826b9522ae23ffb54e1e3cadb70aefe468f
BUY,0.001,53360,1743612126,Yes,0x8ca3dba7d4004fd30b895842a212ea3b191e8581c4d46443288fed948db72b9e
BUY,0.001,53170,1743611516,Yes,0x7f9c8bd60392cb48680a3475ec3bedb8972642951515b986c2abac2b526ee91a
BUY,0.001,52940,1743610932,Yes,0x288d59eed11e2da71c87855a48bd78752c73b7b2ce765fbd742c57a6174c04bd
BUY,0.001,51210,1743610164,Yes,0x921011bc94e75417f48ea1e93a9a06f64324548d3a5ab8b6b0004cb04c1892d8
BUY,0.001,53510,1743609476,Yes,0xfd4139197c3110d8c14240ffb393eff3a15dce6493a666154bc99a1bdda7c757
BUY,0.001,51780,1743608762,Yes,0x5aec830a547f824a4cdea81f4c4cc08460470b5d1660667c598423de8ddbd0ec
BUY,0.001,52940,1743608132,Yes,0x80930fa9397395280af87998f1b05e7ac29199a2ad6092b913b288a977ac6f0e
BUY,0.001,45440,1743607570,Yes,0x3a175ae3361cdf9326468eed6ed2d6da395671bac78fc695b18a611cdc828f38
BUY,0.001,51900,1743607220,Yes,0xf216cd2f33a79d78d9a80707d9893bd037eff4ea0f200b90e470c288f2b9af84
BUY,0.001,53380,1743606668,Yes,0x39a6b14cc534db6b8b92bc55dab18b13df551112a787eccd6c562110c54c0ff0
BUY,0.001,51930,1743606304,Yes,0xd16d47a557d620ece806b3660ad11276e71ab35c7d53ac328c334b340a2e1186
BUY,0.001,51830,1743605402,Yes,0x58b26a6fd7026cfa733a5c79da3c961edfa5041c31e1cb7ddeb5d4e6c5f215aa
BUY,0.001,50100,1743604366,Yes,0x401ce89da49c20871118e21dec76def22aab15bd5b7eca86a0becc971ec2914a
BUY,0.001,52790,1743603734,Yes,0xece37a45301607de73af2fa3443cfaf50accfb847ae742c5cd601d578a88ef6b
BUY,0.001,49760,1743603326,Yes,0x085db0f7c9d6ffcb4001ca59fe9e292944120ebd4aa804bc03ee0b104d03f8b7
BUY,0.001,52440,1743602800,Yes,0x3b6c016eba61594816eac5edd486841778860ca32db391bc5ff75a97893c5f49
BUY,0.001,50240,1743602295,Yes,0x87de4f0439b7c1fc99be4504d0f11af1e128f4c2e06d542e50491cba40300423
BUY,0.001,49840,1743602009,Yes,0xd44bd4ff5c69327ff8044efe6f397085893bf576a1a4bfb4f1e0092a34b9e6d3
BUY,0.001,53420,1743601761,Yes,0xf33bd872adf12abbf96c5a94c233a42cca70961372fed38660b48bb6c0564af7
BUY,0.001,53270,1743601205,Yes,0x22e72cbef2f4c0177aa8429691e63ae236925d76078a70347014f17d925650ce
BUY,0.001,52750,1743600705,Yes,0xee140cf008a508bdbe7cc2582e77107ea6d8cea20e3889e060208b2e14e0dfd9
BUY,0.001,53880,1743600159,Yes,0xdfd480c079d30e4f0b390884fcdc9e5c65137b0a7ce9c341e69849702f2e867d
BUY,0.001,51430,1743599619,Yes,0x626d8044296796c9142e97f871bee0d99ea9fe4c300a792c2ea0d42bbdd7bc9d
BUY,0.001,49780,1743599187,Yes,0xeb64dbe4be1239046bbd4edbdb1f371b147cce11428a07df1001138a0e7f5e65
BUY,0.001,53570,1743598681,Yes,0x4c16737b2b0825dfe8d8020005d98e0e21eed1fc2bbaf9cbcd7cdd4a7033ebf3
BUY,0.001,51630,1743598135,Yes,0xd9d5a92aa7d651ac8b3c50df854f82d7bfa5e464caebbf156c32f5f8ddf464b4
BUY,0.001,53730,1743597595,Yes,0x2f1c59bc1f709cb3f1db7c378ad144fdbd3a831b7f917a8e5ab55f53919c710e
BUY,0.001,52950,1743596803,Yes,0x88f50be8182aeacb9b264c97c7354fd97048b06c99beac3f02e14750c405c8be
BUY,0.001,53300,1743596435,Yes,0xb0b20b204f8264c16699cad84562bfa11f8d9cb4837666414deae7219dae4d06
BUY,0.001,49990,1743595533,Yes,0x9c41f81e873c7658badd41ce41572b7dbe05d128e5189fc7c59b98efc5a51c8f
BUY,0.001,52080,1743595141,Yes,0x42b8f3d0a9656276d146d742857f48e73ab6b5cfe6db3f6e1e3e5d3825856acb
BUY,0.001,50420,1743594073,Yes,0xdfcbf261ffa080074dd9b8292099d493e42bd33c1d3519a91e6bf673cbb607cb
BUY,0.001,53700,1743593583,Yes,0xca685603bece958cabf7a7658b76dbd8f653a900ab32b411b0946148af6e9d6b
BUY,0.001,52670,1743592599,Yes,0x3ef6f5b1b34a4e80b30cb9c53d5e59f64c1a3850ec12afab06c6254623a19b6d
BUY,0.001,53870,1743592203,Yes,0xef59288911a9c5d8b5ef3941f095c9beff12d1aecc3c2418dc265ee046975b24
BUY,0.001,50140,1743591419,Yes,0xa1edcf3ebe53933c8048ae3049b646ebd3b139e8913e95e5dc1d054aa191ecc9
BUY,0.001,53020,1743590673,Yes,0x575fdcde232336c7807de49a0c13c6339552e35a58d2608dacb0034e381e771f
BUY,0.001,50390,1743590127,Yes,0xa09aded762f9f6d6a2c1f60ecae498d5e08d382ee8a358a902d6defc9fa478c3
BUY,0.001,50350,1743589633,Yes,0xebed6235a6b97136d2b898988de53f87a44de2efc0ddb49e8e83a6fcd1b5c057
BUY,0.001,51440,1743589001,Yes,0x564d227f2627cde6fea95876fdfbee66a69913ee86fc48929c8d72f537fe265b
BUY,0.001,50570,1743587799,Yes,0xf778d9ec580975b12588a87df0ba51d965f3b5e0fb8fd4028a0bc7fc7b82d98e
BUY,0.001,53800,1743587375,Yes,0xac6e85c23a1420d453bb663c9014bbe17c843d46146683bbdab4d84d88ebfd2c
BUY,0.001,50740,1743586873,Yes,0xc93b2f261177bd4ff208d06abef07a43653505e481f9dd303fe3980b467eb132
BUY,0.001,50440,1743586289,Yes,0x644968582f43982194d22da6d34510db14cfdc88eb77040c0b5f6cf86b7c722c
BUY,0.001,51140,1743585747,Yes,0xcd5c8ac8f8fac5770a91701f447b038df5c1436ec8218834fd5c2d8d137b41bf
BUY,0.001,49430,1743584961,Yes,0xb45f0f970040baf10888e50f71a5d6efc4e0659073911d37c224c29b31e7048c
BUY,0.001,51240,1743584461,Yes,0xf0c95ef5e5e629a215cc8ae34414e7ec5346eff353c656daaa8f1d7a31e6282e
BUY,0.001,45210,1743583939,Yes,0x3716b3333d209012de0daea9078d4eda6f8428d74e3ddc6a6c7f72f589eea67d
BUY,0.001,53210,1743583419,Yes,0x9cfca1e7944fa2319bf080e27a0aca18b8def1f64ec3cd6a2ef705207530d8a3
BUY,0.001,51490,1743583075,Yes,0x32fb0001848ec864a978547f6aa14dd7acce033a73c7652e991935201c4a8cd2
BUY,0.001,53120,1743582325,Yes,0x69352e6fa61de8c0bf37518d34f60e901d14a07610065d7e648d87e38c2754a5
BUY,0.001,52630,1743581751,Yes,0x97ae2963a43225be3913f320e13c1da868220093bc69cae3a820bf71c87aca0e
BUY,0.001,52990,1743581263,Yes,0xda5216094773db10f3cfcf662853007434b91bfe882918d6b813f0aeb6d7c8df
BUY,0.001,51560,1743580617,Yes,0x4044fb9a992da75473f87b3c4ab9893b728c3103707dbfcb87d680d22181b068
BUY,0.001,53020,1743580107,Yes,0xd013857efd567a6d88424987e2bed2c2298b114e9f1b65e615a4ed1fbd59de66
BUY,0.001,52650,1743579663,Yes,0x99e33ae2bf5cb803af9181d9c25d4a084a83afa6aecb640f4567c8f72ed3df7a
BUY,0.001,50290,1743579063,Yes,0x04aa3ee7b89b6b3114f2b8c64f6e6a34152c890892b0abf5d368e7bb81f8a2e0
BUY,0.001,53100,1743578571,Yes,0x971f06b052e9b0a8e5fcb1abf7b7c1da72636ce593882e4a9ec43cb51d2bc70f
BUY,0.001,50370,1743578047,Yes,0xc7c2a5e3a67910b724936de1a344226e3a29afaa5525bb45f04ed74c874b0b58
BUY,0.001,50590,1743577326,Yes,0x9b0043e3785abde71d01e8539896dc6ee7af883b26a734a0e244cc5b1afdc0e6
BUY,0.001,53560,1743576733,Yes,0x82c6a5b2e645c43efc318bbfff0cbb7228bbafe3aab35747fd0f690f9b833f52
BUY,0.001,50800,1743575599,Yes,0x83531e7d200920e00794da467a2894f873ce084c5f2388a4ce072f7d97718ad8
BUY,0.001,53950,1743575149,Yes,0x1e2b799f881cd9f47c3b9b6e1a09e13d519554ca58f9d5f9c944a4d7f8625d48
BUY,0.001,50070,1743574841,Yes,0xd4d4688cf756e649c981408284e6ca7c09feb4fc2dcb8f44a1974914ae11d667
BUY,0.001,53280,1743574089,Yes,0x5bc8619d451486a55094771dd6fedcbc64590c1820c59262134a294cdc322e1c
BUY,0.001,50830,1743573511,Yes,0x0561e3a796f745f9a33631379f35961651e828a7b1bdb3c6aaeb5f5eaa46cfb4
BUY,0.001,52620,1743572987,Yes,0x478e91f01bb20c1ed78898e9b830bb3bf49ff902e64d3fa27dfbaa7a9ff1fe19
BUY,0.001,52480,1743572649,Yes,0x4fd9656611a5c051dc9493cb0fc85641af4485e9bed0ebc412c3b0228eba5245
BUY,0.001,52150,1743572191,Yes,0x0e2085e7a99e6a6155ca7f138ad8712391457ede03090624533ebec5760bedad
BUY,0.001,50830,1743571727,Yes,0x0ef3133881b2949163b8517213b687afa634b58561a3f284d1d76c47c8ea0bba
BUY,0.001,50130,1743571162,Yes,0xb825a551e1a2c375810dddb94a3ac801d8f3428c5252c1b30f1e065986be1d66
BUY,0.001,53910,1743570596,Yes,0x78a8c39e5ceb8063d3894bb894d35a61425a67d059d40a9d9d900f509ddb1ea5
BUY,0.001,53060,1743569890,Yes,0xd6ca8e9b9c698dea96aa4e8fb2c62ef3caaf481e1f65d354359b4fb1595daddb
BUY,0.001,49650,1743569282,Yes,0x66d484f772ea3937634d7e90dc13f18dd0af121aaedb58b7e50dc74f6e1f3aa4
BUY,0.001,53540,1743568894,Yes,0x1dec00b07c0b1d129dac8f64162f41fa6a10a7b1fcd502a3887ae800b8c96013
BUY,0.001,49940,1743568506,Yes,0x9506cfab3729f7757e556790946defc3088eee94aa31ab80d216722a2cb7bc18
BUY,0.001,51020,1743567892,Yes,0x1f07d14169e96fd17f960f0fd7b1cd7576db7008f2c46910bf0dcb08bda30743
BUY,0.001,50120,1743567396,Yes,0xeac09985f11c26daa7266800dfb85a53363995aaff6c66665125c0168dc6a927
BUY,0.001,52640,1743566724,Yes,0x84f9c0aecff06ed0ba4a3de68f7c2a0756561e3468a839689f860fb042add96d
BUY,0.001,52760,1743565492,Yes,0xee0e8bfa0b3e342a281e71bf5b03396b22abbb50311f0b416675247e897ed48b
BUY,0.001,53470,1743565174,Yes,0xbe86e89c926ed17a455599b45ab3c4d0d09477e5093971defa559ea3a0ebe176
BUY,0.001,50800,1743564670,Yes,0xe7293b771149d1cea29c6197fc5df6526440ae13aea2a7240e225c5e534c780b
BUY,0.001,44220,1743564026,Yes,0xee1421933d15bc00d79552329989d926c2d6fb584b795d850b8033badd2ec97e
BUY,0.001,52970,1743563394,Yes,0xe77f12cc8139a8829972b23bd216098640584ded9132785ba4547cf9142fb927
BUY,0.001,50590,1743563080,Yes,0x6f9f4522576c3d4957b5cbe7c1fbdd4485bdde155ddb21e33f4437aec6d75e06
BUY,0.001,52220,1743562594,Yes,0xbd3bd561c70ea9e01ecbcef0268a7001bac40ef971a04c1f5498a663869f41ef
BUY,0.001,52740,1743562234,Yes,0xf297330e954a67082f6b92bb3380456e7cd75b5a3b5d115a0166b70212761387
BUY,0.001,37400,1743561346,Yes,0x7fee06e1f2d83f39bd255c0753525e6f53219ca0c6acde3f67fb1e301978d9e5
BUY,0.001,52420,1743560738,Yes,0xfba5faf6b6cd0f98ecf51b7c9f2e61ccd4ba8b2195d65e7a2d40b2087e2f0f2e
BUY,0.001,49980,1743560346,Yes,0xa9ae5ead3486f5453ee414ee98aeaa5a5e3befc3fafcc7cbeb6cc1da3ae1517a
BUY,0.001,51140,1743560040,Yes,0x23222d026fe35ffec09686ea8fa89a4c4c2ccbd5a929e23c6e2ed66ecca7df9b
BUY,0.001,49280,1743559366,Yes,0xc7e55d7a6c563a4041b14f0e4a77f396fa7caaddde895d8cdba432000a9f0a25
BUY,0.001,52180,1743558836,Yes,0xffc1187c2c665a4df79974ad32ca7b929fd2299af4af60c45f8b9653e195fcb2
BUY,0.001,52880,1743558126,Yes,0x960d2d08767a0f6322fa4411f4ef07fdb5488e721cd9020cfefb8dfb9d93a280
BUY,0.001,50650,1743557558,Yes,0xbdf519164c72f5ed5403c3c43713c18009e9bb97cb86d5d9e66e695c413f7a95
BUY,0.001,52230,1743556984,Yes,0x8e3b235a1d6c971e4c725c1b482f86c2dfe12e7e76f7f5827042a41f9fbeae12
BUY,0.001,52440,1743556504,Yes,0x99ad20f8d25895832e3c43e5f42ce3867f5635860d81add4a41ab420c5fe0700
BUY,0.001,53090,1743555894,Yes,0xafbdea9c3e6925e132091c292ebe60e73bed364f9149973905d8cb9522145884
BUY,0.001,45990,1743555050,Yes,0x74ad686ce5c547787a9673b88d4b24bf6c2fa9e9af22837edcd882e768a929a4
BUY,0.001,53250,1743554472,Yes,0x0aa7e98c1e1ae3a208ea02b12bb3081d511747d9d1cf05a31811eb155169160d
BUY,0.001,35140,1743554180,Yes,0xa89bfe7039768e5608f53dcc58c6e20f2d69dea725eb7aec18b7cfde9b99f8ea
BUY,0.001,52850,1743553697,Yes,0xfbb43d64d0c86c16d4c19f08b363e25815042b86159b845da6cf5483fd376657
BUY,0.001,50020,1743553418,Yes,0x0633a167ae9eccaa95ce6a843bffa7d78734bebc1e3d16d0b5fbdfa2b1071f0a
BUY,0.001,51690,1743552507,Yes,0x868c276898ffa3e0acc2a9cd967d4752c7dd91528a79f9d5134b2ba212690349
BUY,0.001,51440,1743551937,Yes,0x1c9a59c02103f7db741ae12ead2fec94575c10fc5a264acc59f1af22878677df
BUY,0.001,51920,1743551199,Yes,0x92137bb2c305845ebf18a63f54b7fec2034f296c90eb27406b8d347f7e03c009
BUY,0.001,50790,1743550621,Yes,0xf08a7f985dc9355e5c727b949bb8a131164b6e173033c39b3c09de6b75c96e3f
BUY,0.001,52440,1743549955,Yes,0x7f55ebaabf9798e7f3a36eaeaf91548967c4c22a1c0620da67585d9c213e0011
BUY,0.001,52310,1743549153,Yes,0x8b0b8a16c48d3235627e610457bb297ab5cd785d41ca70b5760f216b8d82c19b
BUY,0.001,51760,1743548661,Yes,0xfdca1de3a950c55e43aeb1b4cafa8527e6eff86940aabd29003e0c62d721acff
BUY,0.001,50840,1743548259,Yes,0x0744084f2b1d93bcf2b7343efd59881a234175e10b244a9caa6fa3480c62a4ae
BUY,0.001,49450,1743547847,Yes,0xcaea38dc3f4c948292fd9f7ecc81df7f86dd7590755dc97648b6ec1945c299c4
BUY,0.001,50500,1743547217,Yes,0xec74c02b7dc90f17626e75e7a77f384f2c524d0c97bae1166f9fc1ab0450b78c
BUY,0.001,50460,1743546693,Yes,0xbf15a8a2358c87e9ac1e5238464a17409d86a842cdc0e39bd5448ef9be3a40b9
BUY,0.001,48690,1743546017,Yes,0x43716db8dca7a1daf178afcc503bcb7b5224dfc0f28d3667a1e128e09e6f1170
BUY,0.001,51510,1743545547,Yes,0x10c1d14a4a10a755831f8109157aafe7716b1c2f33456b7cc9a25e9d06173e37
BUY,0.001,53050,1743545101,Yes,0x71acc60a9760e99d35fdf92621c851499917769cd25d3215c73971f21b881b23
BUY,0.001,52990,1743544695,Yes,0xc9991ff1cf961eff8802fbe6aa15753f8634fa5ab61431f9e2f6d4cdef2ba3ec
BUY,0.001,49400,1743544153,Yes,0x797ed65728f2f87de3e6a9bd3be90968d1dae74c862f9de657e9170b1f4f8cbc
BUY,0.001,49790,1743543623,Yes,0x1a1890780719ee19349a6bf2cbc383587db9b74e66a1be1bd63887e601ce2cfb
BUY,0.001,51830,1743542835,Yes,0xc4366e24536f1a6651b2ea009299fb5f677129a2186d6dab0ab4b28e3d73b90d
BUY,0.001,50910,1743542461,Yes,0xa9bea767bd96ce6cc233919b3f02c32480f26347666a422c8191b5ceebe1c249
BUY,0.001,51990,1743541751,Yes,0xcc898e744db2641746af1ad9a557da41e4aa9a2ac93152476ae39451fbf2d273
BUY,0.001,52140,1743541141,Yes,0xa649f31b251149322a3fb913885360c2caa411cca5ac3bc087ac7b5a69b7fc58
BUY,0.001,51640,1743540669,Yes,0x5eb08a9e56b43bd56a1d1f68a8f76407dd80f97e232e7e1651966e6ed308fcdd
BUY,0.001,49760,1743540127,Yes,0x64814e9debbbe9ccf385e280578a72131fcffef4c2ce5d78c2ad10e4389292c8
BUY,0.001,49630,1743539303,Yes,0x3da555f86c0b573d0b22e961835c44151afe37c8c261600fcd4737f50742cf2b
BUY,0.001,48860,1743537163,Yes,0xf32b395c6749eff1b99df21df282cf85b39c8ec1e522694be3dd3b8e12cfbbfd
BUY,0.001,50400,1743536676,Yes,0xe81f3f7d638e5aa1a8e96b2bb1481a21976e7f8e3f0416b1add4f7df9e58d0b3
BUY,0.001,52970,1743535732,Yes,0xebd341182ff99cf9265ce1a646b6b459449524f28051975e3b1c169e14d846c2
BUY,0.001,48500,1743535232,Yes,0xd44b6a953d5251c6716d79a59ca9f5e0441b8e862663282643ce5a47838e0f14
BUY,0.001,53480,1743534624,Yes,0x28b2eed67e24089416d150fd5b036368bf22fb4a9169098ee7b26f4bf72edbe6
BUY,0.001,51490,1743534142,Yes,0xa81aedbdd38feba8c4be123e7cd9d742f6f3bd34c7768a1b4302c9a5a9b0b30b
BUY,0.001,52760,1743533554,Yes,0xf3de47d50d176567683e7765990115a8991595037accac03cfe543b89644e6b2
BUY,0.001,49490,1743532985,Yes,0x317a68e3fef7744953fd8d1b6d8921a6bdeeb0870bb3307bc5c75d73736edc38
BUY,0.001,50480,1743532429,Yes,0x07b0c53dc5df6584eab5bf8a52b3c3bc1c013c6a00f31b7dd2d48b96f897eb32
BUY,0.001,52350,1743531971,Yes,0xe2330b0d6c52f4b18996d45b00144b2cb9f9f094ebe2c52246f25bb28e53f95d
BUY,0.001,49300,1743531433,Yes,0xd12cc90877e59ff002a1d108a38a67c76507b6b9c25575d511fcf78fdae89804
BUY,0.001,52650,1743530895,Yes,0x80e92e5e5651a6a193e81bc76dfe0873b1d354e648b6bbc308f45307674c4f94
BUY,0.001,49880,1743530399,Yes,0xeddd3372ba63fb3229e38e64b371c73bcd507ae6a5672d241bd3fec3b22703ff
BUY,0.001,50150,1743529598,Yes,0xabb536fdcd4fc9ab48863a4106da08b106e9ef836ca9e15cc390b64027617ad0
BUY,0.001,53310,1743529165,Yes,0xdca8513bc1bec5bf71ae3c99e752e14fd8b99582ed0a7a70dcc0712852f1f44f
BUY,0.001,51090,1743528625,Yes,0x8e20acb2bdab8e544b036616775f91c285d8df04d8f675870f0e5fabceb79e99
BUY,0.001,50870,1743528195,Yes,0x479ef88158242f5bc8757b0e535367516880bd0cc3ca244f9f372e8f8e353615
BUY,0.001,51100,1743527611,Yes,0x94d6d6de84177f33ae0c185f4eb07a8072cc02b2bf3910837d982039b039b1b8
BUY,0.001,48100,1743527333,Yes,0x43e8a507f623bf8197babc5a0486343a55a71c50ca5da375a3734945d5bfd992
BUY,0.001,50260,1743527029,Yes,0x725bd67d18b713782ce4f31692cd884e6a7a83b8c09f7fcb95278b8722840a20
BUY,0.001,50100,1743526101,Yes,0xeef4509cb2f9714f64eadeec760480203458c548b12fb2c35fcbe3b283dc5011
BUY,0.001,51050,1743525564,Yes,0x855779c283012674afd76ac5f474dac0579ce2315f02c997322a0e9ef02742c7
BUY,0.001,49710,1743524808,Yes,0x7ff8cc1091e63b387471a8868ac0302ff22ae75e2fbcacbcac2f66d07666b505
BUY,0.001,52500,1743524296,Yes,0xce2c2085925169828678a73efdc47994668783ffdd05fb6e824294250bf304ec
BUY,0.001,53320,1743523275,Yes,0x089085f05033cae23008c9000c23ce8f0165641e3fc12b9f0d97105cb75de96b
BUY,0.001,51410,1743522875,Yes,0x86f051c689bdb78f662c346efed5464198ae4c4e1bb8a8ce40e937defd2f8c26
BUY,0.001,49260,1743522455,Yes,0x3ae1e459574857486e81892984fa5e0b40812ab2816816a9750490bb81786ad2
BUY,0.001,51280,1743522125,Yes,0xca9944cd35ad45a02e16dc0ccf8ccadbd2c81744d270a600b56384885d424209
BUY,0.001,49940,1743521629,Yes,0x86fd811812aed266c9e4e8673b5b5cb1fd84258398dad907df031dd19aa1e5c8
BUY,0.001,53310,1743521063,Yes,0x4bd68b5621b31822cbb1e16754b0e7f4af8186bc2ea906dfc198f690df4a675f
BUY,0.001,52490,1743520491,Yes,0xc492de7547b6ac55063c9e53cce0ece581d2ac4c5d650c0d126fbe02a333d73a
BUY,0.001,53260,1743519887,Yes,0x256e015a277c5007a4c516ee68ade4b178e0afd432c61bf34a64d7641ccbb6b0
BUY,0.001,52850,1743519317,Yes,0x7e0adea6b153de6e4e0fb2f59d30bc898e75878a6dedf7860e80cf09ad5762fb
BUY,0.001,51850,1743518851,Yes,0x9ceb7cda531f12804268f94731160fc20e13c7d8a6349ea17248dd83b58fc3e0
BUY,0.001,52340,1743518397,Yes,0x1dbe6af0002709fbfacdbd07e99f834bb63da6f62cb25583a3ab943b8cdf83f0
BUY,0.001,51120,1743517847,Yes,0x512ef89daf9fb3ad830c19d5b0905f9643010cd52a16599eb80ef060302ac64e
BUY,0.001,49260,1743517071,Yes,0x36ffe970f644a015903600bfe7d068c27568f08aefdd3e6c69e356402b6e854c
BUY,0.001,49760,1743516439,Yes,0xe8c526dc77002222630a961d219af8b4b2b149b38e1a16d6c6659dfd029fe48d
BUY,0.001,53090,1743515775,Yes,0x1427c9bd4e87bb1b893707e0459f54909d88ee8a01919f2a8ba36b81d82cdc25
BUY,0.001,50040,1743515117,Yes,0x10c675c61b7cd03c9f82efab3995770b52dc86134431121be4b1f89f5721bc0a
BUY,0.001,51650,1743514579,Yes,0xa51f90a8ef8ee009bc5e60024da1e9b677ae06e6cba1cc56f275ae7ff92fbec0
BUY,0.001,51660,1743514035,Yes,0x7d0f49f957854f1b7ae0ef633b75d58fef3ba1096edc77f5f898882fec6c77f8
BUY,0.001,50050,1743513479,Yes,0x7612bb4a6922c129d303384ea0483e975b61ca838e4382682be7687739a8ad1c
BUY,0.001,50130,1743512951,Yes,0xabec755cd320759b11c53108edc315e5914dcfbaf00323a0528d4024697f9784
BUY,0.001,50470,1743512415,Yes,0x8d100c4c71fa8d4c6a987400c1e90e0b44ce7d0046ffd0faae5f9e72f20461cf
BUY,0.001,52570,1743511729,Yes,0x394e2dac968a21640693ba4956c234304e2072fc77eb8fc16b1368c1cb8961cc
BUY,0.001,52570,1743511209,Yes,0x8427ffde3b3e1dce975f22acbb5c9892c982468b85a6d647f69b6221b4ffb89e
BUY,0.001,53380,1743510685,Yes,0x141fd7289c2a9349c3088157bffa763fbdb77b849860ac2b23fa595312c4604c
BUY,0.001,51660,1743509749,Yes,0xd994bf04ac04a1e719de37082bd632c664eb14a6988aef38b845387e125e2e97
BUY,0.001,51230,1743509307,Yes,0xb80dd11693a518e09e78f396722cb2aeb5d649599cc0f087bf2f5b473afd39d5
BUY,0.001,52370,1743508679,Yes,0xa10aec769a749effa0a35d74f00144e4ce5804048d5be2e547c7c8d8d54e41f3
BUY,0.001,51330,1743508087,Yes,0x874c54653fdc5ed487d199e309bfb2afbbf9b8d02a48447bb97133fccae74af5
BUY,0.001,52770,1743507409,Yes,0xa5236fa5b56c75e0ee9cb7bbda1a41469d58f2e535b3654c6d12872af1d4a8e6
BUY,0.001,51210,1743506609,Yes,0x7aa55c94b7591f1c2af15465a7f454016dab39ac9e33354772307b2cd77e5ebe
BUY,0.001,50120,1743506085,Yes,0x9aa154e309906333701efeec768d3846c4c6cac180405568a2a0d9475d87a320
BUY,0.001,52700,1743505727,Yes,0x0bf9f2a888ab4fe51701657a34e78ae5a6133287f9fcf71a7516b672ece258c6
BUY,0.001,49640,1743505257,Yes,0x8f2e77b43cdd82362ec75424f963753c5ec1d0dac2720843f0868ddf054b13c1
BUY,0.001,52530,1743504729,Yes,0xb749f9e84ddba0e37938a823fc9727692795e490f9b7eda77567219ad35624d5
BUY,0.001,51140,1743504119,Yes,0xee8af9c106de013ef30c426abae0e0349e944fad890847c1317548950fc26cbf
BUY,0.001,49800,1743503575,Yes,0x79a7f1c417947811d02dd55f4b2c07ed78e780e1292b34ff0947ad9f1ef0f640
BUY,0.001,52890,1743503005,Yes,0xb702698c89ca3b789135a8aeca9d6f8205994c91465a762ed7cf7f88be4b3d49
BUY,0.001,52690,1743501811,Yes,0xdedb61fb6aab02b00021fd8d0d0dbc2f70bb4c8201038c329a027edb30d6a320
BUY,0.001,53160,1743501273,Yes,0x5af1ec69ecda3916d9e409b7923a0fc8b228a087c79c91eb51db43f50ab47b7f
BUY,0.001,50390,1743501001,Yes,0xc5b41ce25e9791d479bfc6a7fed8143323c2ad6146407870b2eb5ea7d9496078
BUY,0.001,51510,1743500592,Yes,0x198b6cc4c3fbaa487a5f6a452486b662ec076dfc27727d7bc2286343eb4020dc
BUY,0.001,50550,1743500264,Yes,0xaf627d44e373ae058f1b37d3955f874ce5059764023717f263049a7d0a5868b0
BUY,0.001,49580,1743499604,Yes,0x767f565e43b6f61b0ec331a5c9475bc07ee47a95810b070273363edfe6226634
BUY,0.001,49250,1743498654,Yes,0x60b78f64f5cdc83b746896d481071fa7bb65439ed8f5464301f668f7d314c112
BUY,0.001,50310,1743498296,Yes,0x15735cea1deca8ffa76dae926135748b0d5777858796e1d0bfd42b1e83a4cd3b
BUY,0.001,49880,1743497748,Yes,0x3df43096d99bff285d5ddf56c1a8516c95886912156f961d08aecc443bfd9af6
BUY,0.001,50930,1743497218,Yes,0xcf18837567a13866f470d2368dd095eecb124ab5aed4541cd6da3eefe15ee6dd
BUY,0.001,53610,1743496716,Yes,0x90a42f474b7fbc7c2f87842853dbada642c39f8aacb5a7961d3dd9535171fc4a
BUY,0.001,47510,1743496234,Yes,0x71a100101601f70e089cae5c7e18317ad31951c5de8d4c0ecfea20d9eabd5aab
BUY,0.001,51600,1743495388,Yes,0xfcc8bf5139165a5d1e914212be3387768d382bd7f70df7fdb24ef51db5db387f
BUY,0.001,51540,1743495000,Yes,0xba658879b1e67d22c36e7cbeaef433ca660943b7e03f0578aae7e0af29c3bf1d
BUY,0.001,53040,1743494478,Yes,0x390fac6d1714134fb8c6d642c54c243b0aab40405f58b8b268af1bb5a402a514
BUY,0.001,46640,1743494094,Yes,0xe2b0d7269b1cff33f453d84a6970dd91fcd24811ae7aa48c0f88df064e38d744
BUY,0.001,51510,1743493544,Yes,0x19a75803124ed26d10ec492b62a6123ae00c3f1bd05d191b5f0e86d6fd288f67
BUY,0.001,53260,1743492484,Yes,0x996a3d0fb8b1d40b72e5a3017830f20a04ce205bc8c505dc306241a5ee1354ad
BUY,0.001,50370,1743492158,Yes,0x3fdb71389dc3754312fc2710396d37e712371114fee86c1d092c8078b6ffec64
BUY,0.001,51210,1743491724,Yes,0xc6824e0daae4cda77f210cfef54f13a77e9305a082be022e403f71cdd1d95148
BUY,0.001,50890,1743491003,Yes,0xe2aa68c9a078f7572fdf7ddffd5a2f4887776593ef36e4bd5602b1a1922f139a
BUY,0.001,48140,1743490498,Yes,0x6988344730b61ad44c92ca454c55aebbbd33bc99bc81904dbaa310639827c0dc
BUY,0.001,53140,1743489880,Yes,0x998191970fbe13ebe59e6cc595ba6893de7e4903ad241b1b5fdaf29c7dabe2e5
BUY,0.001,51930,1743489386,Yes,0x0a544942838d570776797f2d2b5bb7be459c8aaaa46ed9842e2fab43b2e4e1e5
BUY,0.001,50980,1743489057,Yes,0xc83be8751d5c0c7a7962826ba5831e574848ef24f1e3d96f23e760d2d2c45990
BUY,0.001,53450,1743488371,Yes,0xc428b0106ce5666e2bf7c64d0f4b9fe492420a9c1ae64412199d0dbce7788b4f
BUY,0.001,49560,1743487625,Yes,0x4907645490a7513253a9fb15686c3ad1804f45aafe478f4264bb8e9605fc8250
BUY,0.001,53030,1743487025,Yes,0x5ef707dfe8f28e118d8a9eeeb2aa7767c4724cdf15af21f433cd9c23d005579e
BUY,0.001,44350,1743486731,Yes,0x965fa9d9eb238dcf4201000fe02c4ff2658c5f77072ac7b896f907e77a9471f8
BUY,0.001,49680,1743485982,Yes,0xeaa1858b2b4fa92fed34e1eae55e48eb009b448ed0498a79b86860415326cefd
BUY,0.001,49740,1743484752,Yes,0xf6ca22e58b7990acd3c2252191444a2e475b8b351af69941b1157e49b3e3092b
BUY,0.001,53570,1743484028,Yes,0xa9c1afb08b2522e0d7a237480d3fe2762785583c004bb73a04c524e0dc4f0127
BUY,0.001,53400,1743483518,Yes,0x2ed2ad84083080930250d679dc74f34e8678de94f9f3b76ca00d4007f2956267
BUY,0.001,51570,1743483010,Yes,0x64f7ac7dd8405343c8ad00e35b1487773ef15a31aedcb0fd3bff9bcb033d8ba2
BUY,0.001,53150,1743482574,Yes,0x19f6c78b1d4565083f749228c41a6cf047781597e3ba9d7c82f556a50d324fef
BUY,0.001,53090,1743482222,Yes,0x2a555dda6a0a5d2b7cb55b7df0e90b1751b767c5ce34ebc8333a334f4fd1d612
BUY,0.001,52210,1743481740,Yes,0x1e3502b9a8e3a80ca06555c0cc167a02ff5276de8278cc86ba0052b100008b5a
BUY,0.001,49680,1743481410,Yes,0xa0c30ba5f5cd5f8f6781b3f5173ff682c4e37d61f766d669e75b12c9b78d9b15
BUY,0.001,52550,1743480832,Yes,0x2186356aa646755e34040f478e7fc693d1cefcf8802247a74a774924f4e1a853
BUY,0.001,50850,1743480386,Yes,0xb2aab5005aaf03c1302275f76429aa8dbe2a027224bd0cf320a42a72837ab0f8
BUY,0.001,49280,1743479798,Yes,0x3ce0f98a232c40688b3cc39a16e780d3ef1f445ea4a9f0ccd697de636931a70c
BUY,0.001,51940,1743479452,Yes,0xf55f8d24241ac8315ba34dc2ed0b80277ac927d12242e4504679200506bc0569
BUY,0.001,51690,1743468053,Yes,0xefcb85aa69d85655f63bc1cda5e206e5125cae7ecfe0044219cc3a5c4b813daa
BUY,0.001,53440,1743467079,Yes,0xfef90a9e7e512bb6f2c61d1257924eca02bb3449d9f9bc4cc132e9deab677bf3
BUY,0.001,52390,1743466625,Yes,0xda06327da41234eccf1f339d727f88c0ec1d8b66fde6df2eed4730e846ba6edd
BUY,0.001,52400,1743466063,Yes,0xa42f1de2aa876117fe2cfa342121939d9664cfbbecc4d58233c75ad6ed58f898
BUY,0.001,50280,1743465447,Yes,0x0252a6d1fae89fc73c6cb5268dcf5adfb51e897035fa9ffc5ee5e8c061fd28f8
BUY,0.001,53360,1743464957,Yes,0x1cbefdcff644d6ed72f250c0bf03b350b25116006b1c2e3aa45aff1eb4027a44
BUY,0.001,50950,1743464585,Yes,0xbca579e14a35538ec9f31b40e2335ba4d0eef892c6ed6b6c4d8d13719d5790d6
BUY,0.001,49320,1743464159,Yes,0x954306fd5d81729d05518e6318e5c84da995c61c29b5eb03c50a15e33d4b67a5
BUY,0.001,36620,1743463519,Yes,0xd7a3e3305a89296398e88c2ee248a0b74837cbdb781e51e1b843b500ac588d19
BUY,0.001,50070,1743462825,Yes,0x8f6a6357ef6a658aba7be3e66c866e9c8ded07bb3a7ca2257276dfc225d45ff0
BUY,0.001,52370,1743462433,Yes,0x9e61a78086cc811d0d0d65bd3ff5ea88e3ad9189f860b1bc4dcaa8adcb570778
BUY,0.001,51120,1743461731,Yes,0xdf4e260fd71078f586a6d0386f0b314d913f40c325ca0dc1ab15066220f66676
BUY,0.001,52320,1743461113,Yes,0x76f4eeb8d8a2f90a817b4669757603b483565bfd6f743749e95e1c6b0065adcb
BUY,0.001,50990,1743460783,Yes,0x4ee6ca004e943990f08285ae5338c0cd7f6d470ee1de0e96280763a5f8d9c30b
BUY,0.001,52980,1743460331,Yes,0xa50b33e2389fb92eec7f77f999068a679a59900544a71ed0a0839fb66b478e5e
BUY,0.001,49510,1743459411,Yes,0x9b346e437e902e0e4c0607860d29af705fa67b427e035c145b010e280aa3a8b7
BUY,0.001,53460,1743458697,Yes,0x3d614bbd170618686053d5b178cc193b62f133e000a8c508de03def4e1d595ad
BUY,0.001,51270,1743458368,Yes,0x1e268198828ac2c645c85f983d9e70f56acc7487fe42bb11bd648c8a5eb825f0
BUY,0.001,49950,1743458044,Yes,0xf7da9a3c42c241e71df52d7de226ff66244e91f6339714a9fdfcf4848238551d
BUY,0.001,49690,1743457492,Yes,0xd632886eb5f3442101bfdb52dc8f9bc32e6b91f087a19ca8ed6c013cddbd1a83
BUY,0.001,53330,1743456926,Yes,0x3ec8ff8e2c7cfef38c89c9788f2dec3f2ae0e470f648b3bb32658b1bf862d1d5
BUY,0.001,51890,1743456550,Yes,0xd11f6d6daa1e6f8c71725b34c2cf36d4e93faa93b36136d3740544a9057e7bfa
BUY,0.001,50080,1743455984,Yes,0x6ff3bac5ef3cfe23ce7fb8a1770e3d78a16b31c7c01ee23c24a4dcdc3e68e3d9
BUY,0.001,50320,1743455470,Yes,0x2572758ae92a5a49da2eb6e9496ef8ad182e8e8a5188d151142b1ba16053c26c
BUY,0.001,50330,1743454492,Yes,0x0ec1eba44e07e38bb26852b1da55d7647844078075f50857c2ba95c5bfa5c602
BUY,0.001,51570,1743453971,Yes,0xf8b019b63d1adc8d8c8d20617c369a2653a3c1140b8260859cbc2a15409a1903
BUY,0.001,52100,1743453665,Yes,0x9a9d887b79142c5fa6ff07d4a9d6c73e120c5d1f4a23cb519fb48b9f17d0307c
BUY,0.001,53330,1743453325,Yes,0xf30dea51af2becfad480777d7d192135f03b73f75ece6bb0d49fe720494e8476
BUY,0.001,51580,1743452787,Yes,0x490288ac7b73679abe3f9410da03cadea6e7fa3473c8bd01da91286861943830
BUY,0.001,52840,1743452267,Yes,0xc66916052eea2c61bc31551fa00c4dbfcf824831a8ca90e4e07cf03e53b51751
BUY,0.001,51100,1743451915,Yes,0x4190a3902a5438a4d0e2b24e3ff46bda64f0e91f086fef938ecf01a0c8fc064f
BUY,0.001,49280,1743451401,Yes,0x7782baeac65a6e44f724b3b460f8f10e094c76544335704cc106dc2fa80b4307
BUY,0.001,51740,1743451097,Yes,0x6035e9d440cd383748adf304923d7d05e59746ba293eef77bc2a236f0bd297aa
BUY,0.001,49510,1743450745,Yes,0x5cbe7c6baa5fbefc37710540a50afbc9746081f1c74bcacd6c17ef391c529235
BUY,0.001,53050,1743450361,Yes,0xda0bfc34ffa3df918d83d59ea6ff610927196e706110c7465b1fafbf43405285
BUY,0.001,35020,1743450033,Yes,0x2daf1160128cd433c59a14e81c218c57a72848367d491add9597fab1fe5d6903
BUY,0.001,52280,1743449435,Yes,0x1dcaacfdbb0ea0f9a500baaa1508cd916c88cd833a941155cd1edcbe808bff83
BUY,0.001,46680,1743448977,Yes,0xe0feead9db56aa3ba825df820ccce822caeb0945ab531f95bc2d78b81855950d
BUY,0.001,50970,1743448341,Yes,0x13b266dffb5dfb9b4d9d5274cca2a43b427c585cd476fa772e52d6e1884dfcee
BUY,0.001,53040,1743447797,Yes,0x7d99a25b29c7544edcb73df7e058b2a152efe9117fb2cfc85d9606df1cf67fd3
BUY,0.001,53130,1743447300,Yes,0xda315ce191ccdc331e08c67c992d092937c292cef6934cabc38744c5e28e7092
BUY,0.001,51580,1743446743,Yes,0x8f6d4b2ab334c4f73f2a9746b2614ac57bc6061aaa96b55e0fbcb67fdf604aa6
BUY,0.001,48410,1743445981,Yes,0xcfd6cf22dea5f9dc19c32ee986d49d30da70057c5eb3e40e6eeaab8bebb21c23
BUY,0.001,51460,1743445457,Yes,0x8c4a7849941d8f2b32ece7bbecbdd7701389a79d03564e9065f64215fb785f5a
BUY,0.001,51010,1743444539,Yes,0xada7fcb484974789d0ef52ed6fc9a1a7b87a0b675f6a3796d41513c7b0cae646
BUY,0.001,48820,1743443869,Yes,0x5816742c344ad27cc30bf13a98725bd49f9cd2a7989d96686f26787e21f0cf9c
BUY,0.001,50160,1743442843,Yes,0x8212c5725a6eb874633a065922280939c6a2da4d2b0f725c622ffb167854ada8
BUY,0.001,49050,1743442233,Yes,0x8881cf1d9853ccd96c24a8f6563a12ced578a1d8ab496e8d92c11666076351ad
BUY,0.001,49210,1743441739,Yes,0x9d9ff99783f68ea51a548c375208839ccd438d735468d8a30ce10196387a3d6e
BUY,0.001,49150,1743441211,Yes,0x0974e02f9cfefbc0bd27678b239d1e30aee3e735a1b714a0ffe7267cb5251d87
BUY,0.001,44850,1743440751,Yes,0x4c02f74c254251b63081fa04f590e5879e7d7c7a7075517691af0aa77608755d
BUY,0.001,48590,1743440103,Yes,0x6140dc5e5c89d3c55883f86e2c8fc493829be37e06cdb212ea8602a2253de1b0
BUY,0.001,48750,1743439665,Yes,0x62305540a98f301227bb753234299a2f94439b96cfd9473f85ecdc160b258b52
BUY,0.001,51900,1743439299,Yes,0xdef101132c685ba1fdb1cc5988d38c516aba54c7a8060dba810bb41b7e0862ac
BUY,0.001,49670,1743438759,Yes,0x94abd00f40520dc7f78071553f4d35ff635efe6b952bdfe9e7cabadedfce8e1a
BUY,0.001,52330,1743438215,Yes,0x76e462f691bd5caab162655e0aa9af65bc968ac2ea76fe63d48383c502e82204
BUY,0.001,48930,1743437305,Yes,0xd0fb7970faebb2724632a2805288cf1e26baae040d513738dae61f45dbac5260
BUY,0.001,49880,1743435995,Yes,0xd0342d11230f88e482451b805242b2b626889c1e478e853aa7eb3276d26c91b1
BUY,0.001,51070,1743435285,Yes,0x2d5735a99d33e8dcfa0df1ba62a38c7565d67e5174505f1c0015f01efa54273b
BUY,0.001,49270,1743434773,Yes,0xe2118ecd8997a6e8af66344053154ab3e5a19c5bd31e0e5980a132b8c042e4e8
BUY,0.001,48480,1743434225,Yes,0xd90e97a7661f6547f9f529cd3ae154ef2e369bd56cba099e6292b137bc478890
BUY,0.001,51650,1743433687,Yes,0x10ee8d4ee20ba56f0e009ad6c02037a35caaaa015e120e1908571805ce92a4c7
BUY,0.001,47740,1743433097,Yes,0xabe482fe5cd05a0122c38910a6ec8466dad40ea7a053881af2d30f65abb5b22e
BUY,0.001,51830,1743432505,Yes,0x17ad02ca8885a99c15684a473b6285382a8550089b4603e3a87b15da42b5c819
BUY,0.001,50080,1743432107,Yes,0x0a9c51e80adef4877748726ab515c29647ab4d8e9697044eb79030fba3895132
BUY,0.001,49360,1743431515,Yes,0xb40237bb31c62b218840046f65b19b1c2a3fbeadd61b6b9403ce10e3881fd2ed
BUY,0.001,51760,1743431015,Yes,0x660bd762798791d5897ae0efd60b68fbaf6be0c3f29a0204546944b0ada4ab75
BUY,0.001,51310,1743430749,Yes,0xea3b6378190daf93643744d032d2acc63f026cf47299f8e717df0bc44a523b92
BUY,0.001,49920,1743430231,Yes,0x4957e99839559651690da5e60a45ea8e3b74aa5411af5a3e6ce658a2dca1801c
BUY,0.001,48770,1743429935,Yes,0x78786c4620ec195706a8d992ba863931657ce3b286ff6605e9655419af06c419
BUY,0.001,1000,1743429295,Yes,0xe3c8db617710fc0dc8c667187428c2ac51f33f4b87c0de7d22d21f6426d524fd
BUY,0.001,49590,1743429279,Yes,0x582dbc062d9dbf30d4230cd5fe79d7dcd6921df6391d0b51d53aad496452c319
BUY,0.001,49890,1743428895,Yes,0x47fe523b05eecf7eb35bc66a826882f726ab31ed49b1499803c139c042fe0a0c
BUY,0.001,49660,1743427745,Yes,0xe132eda39c0b160622ffc6fc30b7b5a37fc4870a29a73b7c20f812e480bf2f9b
BUY,0.001,49320,1743427251,Yes,0x7a5b695e5a5547e87156742e354a82ca8c36b5269feefd7e2193702c4675668b
BUY,0.001,52670,1743426863,Yes,0x9343a7ce03561031e1cec2826b2648fbb9666c755f35dc6e9747c3702108d750
BUY,0.001,49670,1743426571,Yes,0x220b7b3d4b74138824b079b9883c26e9cfd63537a36f265d723e74b6077d746f
BUY,0.001,50800,1743426143,Yes,0xc19cfd2c9b6bc04a3a8574769efb0f95b9d6e8af3d827c00bef8d4d1838ee93f
BUY,0.001,51500,1743425788,Yes,0xa23b6d93048abddbe8a24353ee8b739d9b5fe47e0a6c89b7e3e1945d4a6012fc
BUY,0.001,51930,1743425188,Yes,0xb2215a29fd1589c6f8ddf11b01fd3970b223a9403f45ccee9d5a5b807bc44fd3
BUY,0.001,50600,1743424572,Yes,0x278cf50634552932361cce82d524ffe4deba2199af5d0136a41435e0dd09f9ed
BUY,0.001,51200,1743424033,Yes,0x08d050969921ec80386e5c64b1f3c4777c631fbadbc7b5aea326aecf8f449da7
BUY,0.001,51890,1743423705,Yes,0x4bef7d985e5e1d8d710ba9b39a2a26510d091bc4b1201dcea92014be7ec292c7
BUY,0.001,51280,1743423185,Yes,0xacb9f569442a8a5e8ab374cc227300d1ac29fa77124372764a540c8bc744fc2c
BUY,0.001,50200,1743422530,Yes,0xf0f5aa514ddb284776016e64160010d0c3bbb5da0034f621bb46f9b729c58169
BUY,0.001,52270,1743421790,Yes,0x7195ab15c155633a760dd2935e390feddd4ef96b48ff9e68864d70e7b7466fb9
BUY,0.001,52660,1743420774,Yes,0x067508f05ded99d0036c32253a2305e853c9570b84b9981bdd47ecc161bf2eec
BUY,0.001,49030,1743420128,Yes,0x0fb65a5167642cc3b6d7916e73f50c32b1e8417935abafb477f97ff1f33d950b
BUY,0.001,49990,1743419848,Yes,0xb7a6a0e3f44ae0c5624c1f475c42b13437c96c2d2f0316bb63c7606f21cfa473
BUY,0.001,49400,1743419306,Yes,0x778e65cdd12234c0d76b9c1c852de42ddefb59a01c9a38092e353636552b04ea
BUY,0.001,44550,1743418714,Yes,0x930dd0d0cb4956c711591b5bf53490a946a4b721e19142db1cea2f81638651c1
BUY,0.001,49360,1743418182,Yes,0x2693df6e4c49af5991b11d95d1b8b1f5a1d6cfa4903dd3c61be0372006859851
BUY,0.001,48510,1743417814,Yes,0xeba23429248514e05af3b02476ce0c928710e5b07915ce4c59137e8f5ba63a10
BUY,0.001,48510,1743417482,Yes,0x75e0d48c055af83e366618aa0d9382c0566a1426a927293fded94faed35272c3
BUY,0.001,48250,1743416952,Yes,0x7aeb8766af6e7c7408d718980e0ae7a3f89f576e4a5b65881f870f90faa52cdb
BUY,0.001,50710,1743416432,Yes,0xf96813e193a299e1998fcbe87d9fff8a2ceeddb620abd0b0ed84fc21f98fbc62
BUY,0.001,50810,1743416122,Yes,0x1da2642940e0efb38b575904587593307e3054ef77f711a42c11adfff95a8caf
BUY,0.001,50410,1743415038,Yes,0x040aebcaa834bbbb6d5f8dfc8424660f2933ba043311b4a46ae8d25acd73378d
BUY,0.001,48310,1743414495,Yes,0x81fae21a603e7205b0ce5a876e8a6e600c1e6d46ee5a553c3e2014cf2be81ad6
BUY,0.001,48580,1743413951,Yes,0xbffc75c925cef496fdf1df65637638d231443a85610d901b1de77eeb02901b0f
BUY,0.001,50500,1743413621,Yes,0x7a7eb8438a9f2a83fc2f2eaf02a56817970238c9c620204b9c4f08e98f9bbbf4
BUY,0.001,50710,1743412915,Yes,0x163814e95ec7f9d2473fbbc56059a018b5b46999fd604e2396c24bd184d2a4b1
BUY,0.001,51340,1743411933,Yes,0x4b495920b0759933f2e595a34f1204e6792a572a43572514f280caf729616715
BUY,0.001,50250,1743411381,Yes,0xa69f345c9fd4aa5183b14269cceeb9ccbb58f844d9db718d73db31524c1113b8
BUY,0.001,39240,1743411083,Yes,0x3fb92311f25c6f5f16b559a452e50698f6c2a553e1b29839606fd4a3733efde0
SELL,0.001,18888,1743411081,Yes,0xb352447dbb065a49e09395ece30e041c9efb4c986d476add752e1b04d9713b17
BUY,0.001,2997.87,1743410973,Yes,0xbccf0d959811da4bc29ba1503da09f327f34e077df08df6ca67aa1928a8718dc
BUY,0.001,61550,1743410811,Yes,0xb7efe833921be0a7600f1f8212b0deaa4674a6cc88a427d3b079cee1445c8f47
BUY,0.001,61310,1743410281,Yes,0x53d948b0c47df1d0941fa10f8479bc69e1f42bf20f45fc07fbcc0a9ef42431a6
BUY,0.001,62130,1743409985,Yes,0x68de2626c87bcc8d6cc43124f9be38b203f4f097d7c449a0951290f8c3ec1678
BUY,0.001,61630,1743408383,Yes,0xeb6427a1a5d99ab3b409c9229de288860280ccc4876cb2e4f17d8c6c9101f433
BUY,0.001,63000,1743407985,Yes,0x3a2872e3338187264f9391af9e9f2c6647e2a3965b830455ca8d6110ba87c56c
BUY,0.001,63120,1743407255,Yes,0x10dc5df2b81b4ae5bb89ab9388728c62c60cea53fc44e2015f72e3dcb1f7807d
BUY,0.001,52290,1743406787,Yes,0xa6b3c5942135e4f85d5ec4fd435bf4668a31ff3d3c5de3c869c3b3e411b77a52
BUY,0.001,58160,1743405949,Yes,0x6a6a7dac37986fad1bbedce3ba208a5274a193b573f403bd5446a9d2b56c2ada
BUY,0.001,60880,1743405303,Yes,0x0d4b3ea95bbf913f02a73018405c80c020d6d44680fe2c67d2a98303456f3bce
BUY,0.001,61030,1743404800,Yes,0x28df11995b7cdf8c3232e03ecf44eafd58925852ab1895179e86cf0635aae46c
BUY,0.001,58100,1743404516,Yes,0x7e304bc03e0d29f386117f9f342c9de0dffb0ecbbe88baf5757d1a4e95127064
BUY,0.001,59370,1743403981,Yes,0x18b6c91f057e5a5d302d632747db905a7552a2d366860086cc39838cc047b413
BUY,0.001,60290,1743403396,Yes,0x98cf7561bbb29b4de3c341a1bda9e217a52945ed0dfdc2a2d0fdc2c519c2abb0
BUY,0.001,58170,1743402835,Yes,0xd3023f3122f73858631a3778346898d9c1c78bb238010be6ec9555aed65c34f9
BUY,0.001,1000,1743402773,Yes,0xfaf03c400d110ec59a12eacfa4a3b876af30eb2fb3bc1526cf4a3b115960ce99
BUY,0.001,60170,1743402228,Yes,0xfbff915d942d3c166fc1bcb5aa292a4d605178d5e68fb6be2e2e67059ec79d01
BUY,0.001,1000,1743401817,Yes,0xf5cd523c2c4f2d1ccfa8357029501bb6edfe1b3b21232d1f6a24544edba9d169
BUY,0.001,64540,1743401372,Yes,0x4d1538b33c87076761cd41a121e9026c17bb871b51526681e06c7547d92da954
BUY,0.001,1000,1743401056,Yes,0x2d2c44fb0c67221c9725d9c48c99c46d0a626dc60362c69a1ee242c4d2fdcf0f
BUY,0.001,63030,1743400645,Yes,0xb6f58ce9d15dc16e1960603ec34ecfc2f9372a8a9fa15e6ab073a92782d4513c
BUY,0.001,64890,1743400300,Yes,0x35bb6a2657835dc7e1cb36f706459399b22d12ec7049ed931bbbe037a5e9a203
BUY,0.001,62990,1743399751,Yes,0x749b86a002344dfab7facc1b40f9da130224c56dffb4e8e4fab87e44e6857df0
BUY,0.001,61830,1743399048,Yes,0x84af12187193d27d83cd115e2ed452ea84ed51972d0b84e08b3902f604563521
BUY,0.001,60510,1743398349,Yes,0x681c08880c8f9fa0b0eaf9a8923e8ae3309c3fa2e1fb6c533c2852ec0e803ac1
BUY,0.001,61720,1743397635,Yes,0x5fe2d79cdbd58f6cfdb9f45c75d87a07cf56b3bb274a4bf0a2557be45042a505
BUY,0.001,62940,1743397139,Yes,0xa5d82cffac3eb78b2f610602dfffa0b24ebddcc3e2f50509a37745e64e2b3710
BUY,0.001,58890,1743396333,Yes,0x44190290b0bb5622b86d5d2a2859bfe32c1dc655b853093a5dea7ded4f147b66
BUY,0.001,60330,1743395821,Yes,0x0a5c9c328bf3d6768235925672b1161375d3912a56170f02f036ff0a5fbce94b
BUY,0.001,59820,1743395091,Yes,0x6aec4b50eb6fa0f6879c01eb57d23e2ef7724222acddde82a724150239725e13
BUY,0.001,59670,1743393808,Yes,0x8ce6e074f9c7fc4a850808e61faaad99d09ad00490d7471efc5f16f084c4af97
BUY,0.001,58720,1743393025,Yes,0xc95c3873c433dd91cf904f8a9a18110e72228d04fedcf0471a8f5cc261b4a27b
BUY,0.001,59680,1743392456,Yes,0x3d29629aa285b9d859d2a43d9080b4ad9d6b2ca0cafc8b1a2faef9f9140b90e7
BUY,0.001,63050,1743391865,Yes,0x28a1fea5bfeb400f1d6a088e295eccce86e48bbf54cae1297354031519d3b6cd
BUY,0.001,58230,1743391346,Yes,0x993301062a00ec36e6dcdd05ece0b197390a684ded8f08cc0e0f9eea720aaa91
BUY,0.001,61980,1743390870,Yes,0x80921a5dd83fffc34cdbefb970ef7472210d6b989479337c0b66e97d02501599
BUY,0.001,60000,1743390248,Yes,0xbcf2115a91b8a03eb69a23ac61f1981ddf7c0c1163174791f869ac9a1174de20
BUY,0.001,62330,1743389438,Yes,0xcec26db4e74e0c86dc1778b806dd06911fa2fcac8b6776c6242cd15aecc32ddf
BUY,0.001,62450,1743388894,Yes,0xba7adfad698ac4c33056fd134c0c77b0a89fe3de44d4e92834075b47dbf87bab
BUY,0.001,61490,1743388396,Yes,0xf27faf7678bbe6eecffc95374d5f6a3d6ba4d314610667f7aa49614b492024c8
BUY,0.001,58040,1743387748,Yes,0x73c87fe8c400888c12be3f4bb2af8b2e3f6d12f2f09c8cc11d690146ec356c27
BUY,0.001,62020,1743387474,Yes,0x620b889561754c3592cea6b27291f12f899c0fb4712df6bb96624d79368e5154
BUY,0.001,58220,1743386590,Yes,0x5edb445802ac8723d2b30ba14e3b27cc34fbec3a7b45d9add14e827e3bc88dca
BUY,0.001,61910,1743386280,Yes,0xaa5531c5f12de6e193b5c20b3d9ea99a017d3789548a1da47ff0583972de8c44
BUY,0.001,58570,1743385710,Yes,0x78ef67bb7192de40f6f4c9a385acd310d75096b717854d57f950cce4ff563e1b
BUY,0.001,58840,1743385190,Yes,0xef8b84fd56e7f6d872e3c605629f325341bed0d569b2e1c6f0e459c98b76f491
BUY,0.001,58850,1743384706,Yes,0x04e36ff2644faff65bd1e5619a93b2363486b5fa881ad6b2763ef556897fc64c
BUY,0.001,45470,1743384208,Yes,0x73b6e2281c5486172b59c5a5dadd54c3a6927e6d95c381c0a666dae8f6b2bee0
BUY,0.001,63030,1743383832,Yes,0xc9429d27e18a24c57aa97effaf58148903d5ccc566159c7674f3f65ce705fc82
BUY,0.001,58900,1743383374,Yes,0xfde5dec92611a4aa8c4006a67edde205e5d880c27ca81e4eb2607dc578e00aba
BUY,0.001,59470,1743382964,Yes,0xdbec52a2d739056a19d7e057af4b66327cb3587fb1cb2338558eb5ff4280478b
BUY,0.001,59470,1743382660,Yes,0xe772724222367312d5016203cb10decf8134f98ec33bf9f0f175767d31a1613a
BUY,0.001,58140,1743382146,Yes,0x150308c71bbb4aac0728783a6a9acc6a53a910b8996a634b2a034015916c4667
BUY,0.001,60930,1743381584,Yes,0x0ee0b461d39873001a888858e384faa832bfa54de44ab3af3211a90ee034888e
BUY,0.001,61630,1743380944,Yes,0x6c4d216970462a26a4e262c120026d3108e86625d99e1ed04a4704d5c28a8bc6
BUY,0.001,62390,1743380264,Yes,0x82c8680c36d7b5d26e5d4b80584935031244ebb1a7d42bdeff8a973e53d6a8ab
BUY,0.001,47320,1743379726,Yes,0xd8a622d6b182789d39eabb020e39ce67a2c0574faec88363742e88d25fc0976a
BUY,0.001,58970,1743379192,Yes,0x1c4eb624e60135fa8adb6cfbb8e0ea949463d3a32a5c440dbb610173178f93e1
BUY,0.001,62350,1743378874,Yes,0x7a43c300da6eea42ca9cebdcf6f8c2b2e82da12a21c025990c8b21826ed45ce6
BUY,0.001,62080,1743378314,Yes,0xba3eeb1d476184a26cdc7d33a31a8eb90382dc6f1921885531703fb6bf6dfd73
BUY,0.001,60180,1743377253,Yes,0xf06dec07755164684746281d7c54797ccc35229297fb593e29768c7465615b6a
BUY,0.001,58940,1743376527,Yes,0x9ff543184689f6bab6d46b0ce774f28f7496fba93fb631e606f44a0a60375cba
BUY,0.001,59230,1743376107,Yes,0x93e774c9f035ce48f34673b8bdcd7b8869e6d2ebfac31aea0b28be69cd5aff2e
BUY,0.001,57910,1743375237,Yes,0x070b0a25332aacfb0948ef14863835b744750354e30c39c2680251495fdfdcaa
BUY,0.001,58080,1743374671,Yes,0xbaff3799c7acdcd340e815985878f56ab7655b87d2698c80d7402c9615130924
BUY,0.001,57910,1743374133,Yes,0xec46243fdc836be0747c596c5ce2663ebd9bb94263742d1f9d04e94a8ba7cbcf
BUY,0.001,61590,1743373705,Yes,0xe15b3c659b8ac1fd86ada5e3234282888ed6039d4dbe4f3f448e6d2c5922a6b3
BUY,0.001,57780,1743373163,Yes,0xb058b36d6249594a0bf264db5306d23cf36e39025cfe8aea6fedcaf30abe3b34
BUY,0.001,58680,1743372673,Yes,0x5cc0b584c14ecef1f10bccf79d222ca2cd5dda146248dac015277585f2eae25d
BUY,0.001,60950,1743372135,Yes,0x5b5dc572fa804c3598d13ff5c932e530b1d7afddcb8cedeea721cac999edc66c
BUY,0.001,62860,1743371529,Yes,0x74e0f64839b3fa9945a0b0f6e5df2b68d8bfac8ca8749fd7f6cf168eac57f43e
BUY,0.001,60950,1743371209,Yes,0xb2e842ba4f4d696e77facf3591c27c03e60524ba2bf8e4572af8918b80c07400
BUY,0.001,61640,1743370619,Yes,0x0e602d39b59da2f47d5a3614b22165d5b707ef8a6241f9ee8c39bbefcbc7f757
BUY,0.001,58830,1743370087,Yes,0x9308bc8f9a4fbe8e0156a57d0b37c113cf33a126349ad61567bcea04584e4475
BUY,0.001,60490,1743369555,Yes,0x901010ca7ada2ccb976366b90602dec23104fb1d73c8573f3a48389c2d8ddda4
BUY,0.001,59060,1743369268,Yes,0x51d5621561a4b8922d9e1e7fdc83b74fcdf6ae0240a446596c91081db47adda9
BUY,0.001,58200,1743368762,Yes,0x8b8b706e6b798b6bcf1ca02ea62c48537bd542c43e8237b1ecbc093a2258f77f
BUY,0.001,47900,1743368318,Yes,0x64f06d93e955beb9deed57118a449377fa8c5a29eeb2fca8da5cade3b5c98296
BUY,0.001,61710,1743367602,Yes,0x2811d957b0eed75b1279f1650806f207a1a053faa75085f426b67330101becca
BUY,0.001,59300,1743367074,Yes,0x185c397779e92a8bb8cebbf890cbc0e4b443e7c335aefd679b8d25ecd45dda8d
BUY,0.001,60010,1743366774,Yes,0x0149bc6ddbf22dd1c748bc2cb1a46315d824dc3f983efe1d9a3905d5948624b0
BUY,0.001,59040,1743365932,Yes,0xc56498f95e58979810fd01dca85fbe0c9f09b36ebb5a3b797f1014b866f82b29
BUY,0.001,59960,1743365398,Yes,0xffe1e86f22f7007eca6a5cd4cc059670a3fbe0549baf804182c5061cf5aa1aaa
BUY,0.001,61250,1743365102,Yes,0xcdef68dedaea9c0c3d9e2f4da3f7bb95eec440f33f2f8b0e6c8f72b0bc2396ec
BUY,0.001,57930,1743364332,Yes,0xd57e5e1a97233962a857d89697cb46cff94363526080160dbaa8bf06b6624084
BUY,0.001,62450,1743363788,Yes,0xbd5349f0517ca5cdf65fb286b4d40e219f6ec5dbd66d1df7c5850ff6a5e0d13e
BUY,0.001,58370,1743362958,Yes,0x5cff6e30618a1ac920f92148754b7f7eae5eeee4c9921ce0d7075e0a62995c77
BUY,0.001,59610,1743362446,Yes,0x776c6455fca59abd01161cc2f0181df41cecec920b85abe4762c51c2a7aca31d
BUY,0.001,59010,1743361880,Yes,0xeaea46f0cf6b157bb1214204e070aca3fcf77ef1b229c0232b1979041e56b3cd
BUY,0.001,61710,1743361306,Yes,0xb591adeba2474530de0ce183ac7a698521eb03f55f5f76165d4b1bfdc0f39d9f
BUY,0.001,61160,1743360995,Yes,0x77d48314c7edc9fb147b1e9e446f9dd06b26eb8bdb350c735a422df98a0d95a9
BUY,0.001,60180,1743360393,Yes,0x4ec070bd77cc8dbe3857eaeef2e04fd95d24233ed099d710662a16452f1527f3
BUY,0.001,35810,1743359885,Yes,0xfa24ece5c30c0def2a21fe88d954ffde6c5b4ae2f03b0cbb0108a6f6b86e72cb
BUY,0.001,61750,1743359261,Yes,0x54c50fb141d6c85772d4f1e6f167165c04a99bef1d5660ffc197addd19d7d916
BUY,0.001,58360,1743358917,Yes,0x273741e156b10b14f91627818625071dc4e85ebfa46b9fdf993ce0380cbf8902
BUY,0.001,60660,1743358135,Yes,0x7ffa81bd0288fbc1b475e97e6ad3cdca76945b7c4f5040c5082dba0c8f97b297
BUY,0.001,60290,1743357589,Yes,0x75529ac922483b2675f979555659ff77fdf95f6a87dd1402182594cdc2cc05fc
BUY,0.001,59310,1743357285,Yes,0xebb6bb1a70db3d1f7a5670bbf532371d95ed9eda653d850356731545f49ac2bc
BUY,0.001,58740,1743356795,Yes,0x59994f07bd84aadfecba9884d91fa3642ed8021e6c5cd7377ab7128b6629ac79
BUY,0.001,58330,1743356339,Yes,0x5f84706a8fd1c67ad4216c74cbee55b016c4c0561616b3003620507a7d46f401
BUY,0.001,58730,1743355593,Yes,0x69b9193a45d0e444d2b93b99c630a1a89578b11dcb8d21ae0ef25cf96e509f9b
BUY,0.001,61630,1743355119,Yes,0x55cd1c910df551091e1a8a769ac3c9e23b900297b8921fd7f7b4c562ebbc63d9
BUY,0.001,61230,1743354679,Yes,0x690ba0a0cbe3ea9ae0d83d257ab9823f29625e1e79fa58995949d6204433005a
BUY,0.001,60670,1743354393,Yes,0x7d64971f498da13f27661c2c7743fcae15ec3126a66733f6689b38c4364bbe48
BUY,0.001,62010,1743354093,Yes,0x060eca8bb415eee9372bffe026860a05221d1c056374c7c6b7ee9567241826fc
BUY,0.001,58000,1743353603,Yes,0xd3acb0fa027c6232e5b7f0ca4d094be5fd27187598451470b99bdd7b2fa39352
BUY,0.001,60420,1743353013,Yes,0x17a7da713942762061aafb38fc5e1a52b6dd8f939e06008c2fd05f2fd0bf5d76
BUY,0.001,57860,1743352499,Yes,0xf7f547880c40c4463e8bf3d3d232ad36b716cd5afd62bac920bb2ac1db2a425e
BUY,0.001,59130,1743351923,Yes,0xb8be706765b91232ddc8ea79bb3083ffc4417ef644961f52bb5231a73df6bbea
BUY,0.001,48730,1743351411,Yes,0x65d52f3b008f9193c865e1702e9fe42649ad0a1424f9e995647b53deabd4f5b7
BUY,0.001,59140,1743350895,Yes,0xb1fd62ce89307980b06ae14616dcca91bd902c7e2af5a8d261d8b73f7516c980
BUY,0.001,58410,1743350147,Yes,0x2cc9153ca90b3d15ae4a26df4d0a8a38e9bc0e2bdcb044e3ecb4896ed08ef320
BUY,0.001,58880,1743349669,Yes,0xc7a379ccbe1b17b2c07cce3b3276fb07377c4d924bc225471d9323bd8a53f56d
BUY,0.001,58860,1743349123,Yes,0x8bf9237f083f6ffe7fd80447722ddb244dd57aef10f9098863ffb28c6c7fc480
BUY,0.001,59680,1743348567,Yes,0x1a79d0c1451aa3769ada54ad0796d8279df73c33a6796699389f50e667034e57
BUY,0.001,61760,1743348253,Yes,0x2a516074358494ca5c13713cb0334732baaab8fa0d293a07fda3c93444b86327
BUY,0.001,61890,1743347803,Yes,0x5fb100ed93ed726df223a468e004f9531751b485338e3c99ecf7fdae1d592b18
BUY,0.001,62840,1743346882,Yes,0x05f198b2a9f9baffeb76cbe2b81fc1856f5bc91f879c51d4216f69614afc9093
BUY,0.001,58970,1743346430,Yes,0x8bc40cb3750ddf6543b035d7b6bceba68b3831d29ab58cff59036dfe81f8bd25
BUY,0.001,58090,1743345816,Yes,0xc1b0cbbd6945e63975f3a87827ea7e51ece1437b5bc352c65ce6efe66d706929
BUY,0.001,60160,1743345242,Yes,0xb69ecd9f2ba6ab22a9fc9d13e8fd3100c92c2dcf3149b47e77ab6ca4b1766da0
BUY,0.001,58550,1743344718,Yes,0x4dda6fadd7932c233e982f8cc3736eccaaf2fafc90744531ebe0d27687c1783d
BUY,0.001,60180,1743344422,Yes,0xa7e798bf7063159bba003be9c5d4af89460d0bd82130235dc7a39e99a3ed4c0d
BUY,0.001,59420,1743344129,Yes,0x556ab6ecfba72e046437ddaab03a02d3306fdf889fbbfb654c3f7c17e7c36b35
BUY,0.001,44360,1743343573,Yes,0x7a61545968c676e2b988d7e885ff2ecb761a1b3b1bb5375e7df0df7072a7d09a
BUY,0.001,61710,1743343031,Yes,0x7f47b80d15928a0e57126ec98796735c41a6c767a53a7f49c83db2d4f95d7318
BUY,0.001,48220,1743342553,Yes,0xcf12550110e4a2f182837acebd945cc4a09f238497f1318eb3a3b0ded29956e2
BUY,0.001,59650,1743341977,Yes,0x93bab5d42fe0287d46c050a916a30d748ef3bf7fd220edf76087ebcc245d58b3
BUY,0.001,59470,1743341705,Yes,0x8a6ad4991af6325ecda3f1ebb5581caabfff8504c18edbbbaf78ecfe9f3fb2cc
BUY,0.001,61240,1743341247,Yes,0x229e83cdb8260b314cf966aadd42e98f4c2a0329f0f2c8db560b2f09d5cb8fea
BUY,0.001,57810,1743340827,Yes,0x0c942f8f2640a5eff90f34a0a7c3d04fc7777846ad6a8fbb7ae1e97457487ae1
BUY,0.001,58210,1743340223,Yes,0xfaa3e342017df81c5bffd13e04bebe6e8f150c59948dfe41f46338c2eb35a234
BUY,0.001,61050,1743339525,Yes,0x3f1cbd4bd5a0fcacbc091dab6ed20a39fca2d9a5e61881b875f7306db12071e0
BUY,0.001,49940,1743339067,Yes,0x1d7c50f92bbbf30f8600bb886aa8d0e4bcd57dc44d1b3025d5a46b977bd62509
BUY,0.001,58200,1743338575,Yes,0x0f49f5ef68e3192122ede94f2ef7c23f3b03ec8dcb22c49f14539cc52a988d13
BUY,0.001,60280,1743338265,Yes,0xddc5ad332e66e54bdc139ab6ad07c415af03c0fe82fc37021221d79f917944e6
BUY,0.001,60280,1743337757,Yes,0x356124b2ae8ec5aeb5dd12b4165495a2753ce9298df2d41726b03403de8a6c4c
BUY,0.001,61380,1743337419,Yes,0x937e2f7f67dfb9c77725bdb102425fd3a9ef2122377ef19eb80b1e12521c72ef
BUY,0.001,57730,1743336623,Yes,0x9fad5b6f6dc4b9f27e951c0ffb29b03ff74b6ce3820ac7cb1bbc4536972da32f
BUY,0.001,58460,1743336099,Yes,0x3ae2ee6dbc40f0feba0b233ce80c9fae6fa8f010e0679f4ba39a90f266255d35
BUY,0.001,60970,1743335589,Yes,0xdfb551c5ba34f3321f66f9b05a9da78e72ed6b1cb142366a7844bc48554275bb
BUY,0.001,60610,1743335247,Yes,0x69c6d03e746d851ea2c612dd0eff4736a3450a6baf545012f803a790458dd939
BUY,0.001,58040,1743334711,Yes,0xddc1c96afca0f32c56b452143db03376c89f84ae4366f86dfba13a3a1cb5c892
BUY,0.001,60550,1743334405,Yes,0x343473e1cab12f4c79708198f1d530cb2c1fdff912dfb99fe99e38a4fdf585db
BUY,0.001,59570,1743333883,Yes,0x5510b26cc4940272e93800ba45a26f63c2240f35d093105679945120da78f142
BUY,0.001,60860,1743333167,Yes,0xaffea6a022cbf06bf25097e11ea8410fb28922f69d9c02202f8cd027ba8d4882
BUY,0.001,57980,1743332657,Yes,0xc766b21351bfd02becdcfe5ef2b143e9631fc3ecdb5c850cd2dfaeff3e55e6c4
BUY,0.001,58800,1743332111,Yes,0xfb5dfc98d1aa3063028eb1c1b76cc0aed1c1beed76212e77a58841ad7e403618
BUY,0.001,57700,1743331435,Yes,0x6c2688340a08a5332655e040391c1ac7d0ee5507840cfc5d220db023809e6f1d
BUY,0.001,58840,1743330873,Yes,0xea439744019313e316ef887e57e2c04c4c145318fad9be0d92fa5930fb7ae485
BUY,0.001,61430,1743330351,Yes,0x400efaf81f6d83a2e35495bba2c2271223c7517816bb931c5d60f297300cf857
BUY,0.001,58890,1743329747,Yes,0x7b4b51240eccca598affa14c6703bcc18908c2d67293e8f991e6f294ba4a6e67
BUY,0.001,59190,1743329363,Yes,0xcb4ba4dc84856a3dbd30ce604295853a4a9bc95507bbbdf4594ed2df6c5aeec3
BUY,0.001,61280,1743329073,Yes,0x83e94f1c30aa97086fb4415cc839e7d5e4288fa88d4702bf40223e224e839f6f
BUY,0.001,59350,1743328505,Yes,0x2fca5462f8125d29c7f13efaa8b78b05769313e3e1686129414ffed228870bf8
BUY,0.001,58810,1743327941,Yes,0x13c0d79c191db2401a6a85bc356bf03b984261975e0f4e576ebe1daa5cd01c53
BUY,0.001,60120,1743327449,Yes,0x12fc61c519a755758f1b5af1128d1f5862ff1d0dd2d636d569cf9e3557c1dceb
BUY,0.001,59240,1743326737,Yes,0x0514558c7f05f7de1881d8350080b417d0c1349dee3f96f725b24c7c96cbadfd
BUY,0.001,58060,1743326221,Yes,0xbd58d58650cf59375aef06f64c0059861412a059b2ca82e886d216289f8c7f53
BUY,0.001,48900,1743325597,Yes,0x07d03fb79d7fbfc1a8f6d9c402e53dcc6e11dc95f12df55279901713accde0c6
BUY,0.001,62390,1743325303,Yes,0xc28749a4ccda80e245e0f3e820b6e76d7dd013fe59664e6ca44e81d0f64d9747
BUY,0.001,59470,1743324575,Yes,0x0d43632021e145e9d7e277f6c8d6dd59854dee0af9bb8c78cd4ae16befe29f23
BUY,0.001,59230,1743323737,Yes,0x8c09b8453a122538fef4d9bbcf9e56088b63215c9ab87a8b9f1cf897c3d20686
BUY,0.001,60260,1743323465,Yes,0x269851c8b6689fe54e22e450d868ccd49117c1cd8e979949907a536ca087fef5
BUY,0.001,62100,1743322899,Yes,0x9aec13c227a32cc3938400dfff372c5767f51f1745db8facd3adbd2b50f8bd2e
BUY,0.001,52610,1743322527,Yes,0x9c86fea0c71bfd47b47621db73eae335e70f0be4ef176a35858e54c391b2b229
BUY,0.001,58340,1743322253,Yes,0xd072544840ed03f1b27e74a430ef6d10b8102bd00b37df4e12c3f985f61c5273
BUY,0.001,59980,1743321795,Yes,0xee4ae4e64d54b0494e9ddb98f6f01726e09428d94e9420f762e905fe8c7ceceb
BUY,0.001,59580,1743320907,Yes,0xb3238ce944d1c0600345376a31ea2237db98d833b55bdc38277b89f02257061c
BUY,0.001,59920,1743320411,Yes,0xaa4274ced9b9a61476b89b0b68d8ed5396574cc8dba6384ade8b183d403b42ea
BUY,0.001,57540,1743319717,Yes,0x42db712332a2e127a71366d3b0efa2d35e5817727ce89862481bdcf24a2afaa3
BUY,0.001,60420,1743319415,Yes,0x84a796f4fe4519438437d5c62c0726ce6ae85bf16e5da2c35ad57210a6c30a4c
BUY,0.001,62280,1743318757,Yes,0xcbb3365c219bf4cbd1b3b8f26394e688e503d2e6469e55920d5c184ffd3bce39
BUY,0.001,58430,1743318237,Yes,0xa7b5bee6c31ba4752f326461c733dc9dda4ad2abd5d763e4ffe8164cf0dc1fef
BUY,0.001,58650,1743317767,Yes,0x28abd552ad416457233fc436be64d6f877e8b8d9298e109b81b8a91111587c67
BUY,0.001,59970,1743316669,Yes,0xc1ec657e9557bb15a78b1de2a12ba33f27dff7ea17ec5943d78912ed93acc236
BUY,0.001,61010,1743316125,Yes,0xccc16c2b356e854c7d0ef3cb3379a12ed39adfa65ff669a206bda7f86bd1ae57
BUY,0.001,60510,1743315377,Yes,0xb3bcf6817294b9f80d37f105ce5bce960d3894547c92604e7df28189f41cbe24
BUY,0.001,59160,1743315035,Yes,0xb28cb62e11e0d31086cedaf71684e17c3906c221c433f613d4258bc5466c410d
BUY,0.001,61400,1743314153,Yes,0x5dc24b1044dc31d2ded468caab0af0571206ffdd9da845cd78919a9d2354072b
BUY,0.001,61960,1743313639,Yes,0x02435ca76f8161d18fd1d3dcc22d49274ec54ffd06089b9468356773f72126b1
BUY,0.001,1000,1743313459,Yes,0x381e6bdaf33d57bd8c33ea478d9982382e751c9ee62b92b41be40700ef261f17
BUY,0.001,58480,1743313131,Yes,0x24b0eeabae07c17d40f5d617bf751d882b4f26097abf3eaf1e6a936677a3b8ea
BUY,0.001,63070,1743312617,Yes,0x58665c664fa07fbf4ca57db829685f73033ad8596238a52b93545348600b4ee4
BUY,0.001,59710,1743312089,Yes,0xe58ac3018ac5c79f221504a2e10263f38a10d6a602f552d0b080db4841a14070
BUY,0.001,58500,1743311753,Yes,0x124cbf15a963f3f511fbb43e67f5e8672e4777a0282c69e06c403e1918c23e9e
BUY,0.001,62130,1743311214,Yes,0x86b76b0b61b9b6578e21155bf96881877b65b6899170f256f4e43a3bbeb6f5e7
BUY,0.001,62810,1743310606,Yes,0x5276ed83702ba4f1328e428adc1190bff5ce65c795918be69dc18a54a040e5a8
BUY,0.001,60550,1743310030,Yes,0x86da0eb5702c938ca27bd02d90702356db7f630b14bf4988d6e5db11150baca7
BUY,0.001,60380,1743309758,Yes,0xda3aacbef8b5056ebb6c069c27d6f032adaa60357afb01cf2222f8259a4f479b
BUY,0.001,58350,1743309106,Yes,0x882f68b60a9cd71bbb5cab36fa9125d0439c26176b70bf19f25dca62decdea58
BUY,0.001,58360,1743308566,Yes,0xefc12ba2cf4365de72ca2aba346f8031b4a2a27b231fd5228c1e0e6171390173
BUY,0.001,61130,1743307994,Yes,0xba0014a47a77675ddf550dcb271f86d52c8540b351f2cd9760b01c03b46386ab
BUY,0.001,61430,1743307262,Yes,0x4edeca88c0c49f4a6e40e19f043e7675698cdae3280886184570fb63ca98ae0e
BUY,0.001,60790,1743306616,Yes,0xe2d44e2a114dbd6837773b7e182322158494caa034bcd20d53dd9b12eb955c7d
BUY,0.001,61350,1743305861,Yes,0xf7650b1ea3c75ba06cbbc90fa5826efd0241f82babcf27e2903a049b42f685cd
BUY,0.001,61820,1743305189,Yes,0xf52b4910ac9bac3fc658f585ba363d52fa6f8b76dc777a94cfef48b948a4078c
BUY,0.001,52390,1743304506,Yes,0x4a330981c51bb7d68a5c901e52e643c00f64eb3e640e0fb604afe47a7d633a7b
BUY,0.001,61740,1743304196,Yes,0x33f7963d0f132f3bcbc7a299c1918a353699de65753104e3a5f38be6252eff4f
BUY,0.001,59680,1743303678,Yes,0x14f729f3cddca5994e0281fe21c646eaa68418773a54c0a2eceb29f9d1b97e37
BUY,0.001,35000,1743302758,Yes,0x802553d971965b85d8171d1d4d2c3848e60697969d2187f1de9938643718f1c3
BUY,0.001,62420,1743302270,Yes,0x732278a0de1a6da988bbb1d1bb525a6a574b7512a08c0c160d920cdc4148ae4a
BUY,0.001,63000,1743301684,Yes,0x6d3ebdafd4986b9bb8b2a2f84e98051180a2e8c9e70607175067493cb089a009
BUY,0.001,62300,1743301176,Yes,0xdc5eb6a3200769711c85cb41b799163ed1bc4dddd2ff3ef232f67ce02c871047
BUY,0.001,62200,1743300550,Yes,0x20f85744f3bb93686a19bd983815d76dd3fd7d5bc6aef3d6d8e36e42d7001c22
BUY,0.001,59240,1743299680,Yes,0xdeb2d908a4dc7e3b7488fec9082a02cc430e1008ca8e1f4f734e6eebaf3287be
BUY,0.001,59510,1743285588,Yes,0xc01f65d5ffdcdd9ac0c4838573fceca8105f9df36fa5d5828343cd2a51089d97
BUY,0.001,62970,1743285152,Yes,0xba533117f6fc72bf8469f818d296cff32d515331b7532da1a9b4a62618b2d75c
BUY,0.001,58440,1743284600,Yes,0x380003750a9eb4299495cebb4732472f818072581ed9176d732f8a0e85bfac71
BUY,0.001,62300,1743283954,Yes,0xb9b4b8736dea23152c789a17e581793b619385490fcb42b42006c670227d7c9e
BUY,0.001,63000,1743283522,Yes,0xba9140c40c30284255dbda221abac57934984f55f7040f516fba9a4dd49cefb9
BUY,0.001,63320,1743282968,Yes,0x27fb1d78468224bb92474595c025b8f1f8ad2a1213f4fefc91c272eaa7a47657
BUY,0.001,60360,1743282690,Yes,0xe7f5d03b6b8447ef66c2254a03ba07a61c7637e266b5bf9df6ba5df975c56821
BUY,0.001,59450,1743282285,Yes,0xeb868779579b4c6aaff7afec9d13c2a6a0c16b744dcfa4c81512354fbef8ce81
BUY,0.001,61600,1743281821,Yes,0xd77391f81819b17e12b8f648f7607bf6bc15d9b64fc10b2be45bb8759afdfbaf
BUY,0.001,59250,1743281215,Yes,0xae6e896dcec3b4d205260eb1b137fbf56ec43d3edecce3547cb539aaf32d131d
BUY,0.001,59920,1743280715,Yes,0xa38eba3ca97adfe64a2dabf2903c5dddc83b89f74c2d2ba8e309d6c0554687d7
BUY,0.001,59830,1743280121,Yes,0xaa1b26657d959b4ff1f0e5b95f1a79b99de7d259a1320f8190a658b3dc9af1dc
BUY,0.001,63000,1743279779,Yes,0x515a25a65f8955caafbe693652825561d28f2b5061b7b6b972bd58be626df2dc
BUY,0.001,63080,1743279239,Yes,0xc40786e0cbb0270eab079440207e3c330eb3b333a896b242905e4c1437c6c7ef
BUY,0.001,60330,1743278909,Yes,0xe47402546fc8a417eddfc13154b62b13492d39d854a24ad15afb35ad287778cd
BUY,0.001,60470,1743278427,Yes,0x7d0c9f96d781ad7790f3d7398bb701f0757766fd6585a5bdab8939fd212c6f37
BUY,0.001,61680,1743277995,Yes,0xaf882fbe3db5c5af468376f8b2ead6a484f1ac8af3608d70d586ca53b8e9c98f
BUY,0.001,59860,1743277183,Yes,0xf84be588aa732c284168a553e223e11f127f7adc8f95748b0186f9cf3009446a
BUY,0.001,61160,1743276587,Yes,0x1aeb8bd9aa88bf217d20fd952c7595b2d6194d00641d7f1159e7cd9dc37139fa
BUY,0.001,62900,1743276137,Yes,0x23789a89368eb70dcd930b99536caae8d0a7affbec0601773a9ae3367406820e
BUY,0.001,59500,1743275711,Yes,0x3fd1149342c8d6055b5d12cbbcaaeba08cb65458fc725511d842465f5771d620
BUY,0.001,60220,1743274745,Yes,0xa61ed9ceb7694de80ab2356c1a778508705d2035aced9e9b2ece1afdcde15835
BUY,0.001,62030,1743274211,Yes,0x8ea61262010615a866622ebdfe68f0bde0fe884dc80acc36f4011682fd8b1e33
BUY,0.001,37120,1743273743,Yes,0x952e1eff1af7b9f6168e3dd89591c451ab52d7fa7978cb113e69c8a646a1e938
BUY,0.001,62420,1743273253,Yes,0x22139640382fb9a3207f79f0470942b75d8ba456eb526084105bea488a834e02
BUY,0.001,62060,1743272609,Yes,0x8b72b6c3794c5c5a0bcbd31c852c54c0a02b8db7fe23d1cbd2548362e98186b9
BUY,0.001,58890,1743272347,Yes,0x5f06ba795b1aa2d95ef42428055c7ea918dd5bb28139981b53b4231f11dd19b4
BUY,0.001,59600,1743272053,Yes,0x5fa8006cd83dc6503566ffcd75ba2e39ca735bad47b5ec79d893bfb551c1995e
BUY,0.001,61710,1743271743,Yes,0xf0d06fd14c12dcc1b6d802f170405abc9a3035775002b0378db59f03b5c2212b
BUY,0.001,61490,1743271165,Yes,0x4a15e97d67752225cf92c928a46a67e1a3f68b5d168b40d534659b2b91c6a171
BUY,0.001,61190,1743270853,Yes,0x63148d2070d40581bdc5d8da613ae32c7014aa705ef59c0720d5f0d18644ce9e
BUY,0.001,59520,1743270169,Yes,0xdc8e1d13c07b9d5a8bf2c431ef667c1c83bee6c12a7e8c6fa8572c65bd6f7851
BUY,0.001,58370,1743269611,Yes,0xab2a91202224fd8b7f82fc789b96622bca42199c904e4355523b94afac98de07
BUY,0.001,59500,1743269047,Yes,0xb946e38c4b343eaaa5c46f6f0821167f3bedaff6a5ff165c0a12b9dd089ae0fd
BUY,0.001,60170,1743268599,Yes,0x62e2bbefdd0c4946e4cd00ec76873ff0dbe6a9159305f312a7a2d2f06482079c
BUY,0.001,60950,1743268263,Yes,0x2d1075c2e8662397270537d23d2fd590e480fb8198fa9f6dc1cb84888a9a4a65
BUY,0.001,62260,1743267531,Yes,0x2e62e1ee38fecd2953d1a6b01214994aa3a36878f6de0fe7ee7027f1ad91f6be
BUY,0.001,58760,1743266871,Yes,0xf4b0d84882fb1cf70f0b01e463520b1124e9e6b8cd46b4b4311666c106e23575
BUY,0.001,60790,1743266062,Yes,0x56e3bb373ef23c2a33e0d828d829ea0e371d2716e7f574c9a8b7c7e3bb98d075
BUY,0.001,59110,1743265292,Yes,0xc4edd539b24c2242caf2a6817906ca0a947116d517867aeade3ff4e201fe55bf
BUY,0.001,60420,1743264772,Yes,0x0d03857b875884cf89a87ffee732309e38656f223fb76f7b84bc1aaf520b7896
BUY,0.001,60480,1743264284,Yes,0xbe7f4f2204634e4a89fcf4461319e260e5c95a7c73956f872e5a5f17595d0d86
BUY,0.001,46850,1743264012,Yes,0xc84aea2e696daffa804db4f8f551fd2d7868ff2fb15227fe600c3590d6db8205
BUY,0.001,60290,1743263620,Yes,0xb5ec58dff779abf6031c5455002fcb426ae4e719e302db877533b411fbdfa588
BUY,0.001,62280,1743263214,Yes,0x1e1040f6156f87f81aabc53f2ecd960cc27af362dca8ce26dfffc7cb5a4cc460
BUY,0.001,62230,1743262034,Yes,0xe26ed54754719e1e2371e33f9ae9c50d785b4a68110c58de3c7d55be877aa2ac
BUY,0.001,63160,1743261746,Yes,0x23cd1a1da808bcb80039892da6554a3e31ac5cd1926283d86c6e54aad4939797
BUY,0.001,60630,1743261172,Yes,0x25f8fc0872ea1c0de1abc1dba9a079bbd9eb5b18c98d64fcd2d9cf6f7b27fa03
BUY,0.001,61900,1743260514,Yes,0x4f380a546bb0140f47c838ba4b138d3fac5b8f598ddbbf82f00e00ce55ca6450
BUY,0.001,59960,1743259950,Yes,0x110050fbaae52ddeadf30e2c8c6c6d0798b768b6b77911089bfbf2d3e4c43da1
BUY,0.001,59670,1743259360,Yes,0xd7e908ab2b25499c68b7dda6380ea31902fff9d2b056cf8992b2b3e86e9f303a
BUY,0.001,62320,1743258992,Yes,0xa925487e1fbf2908d58c46356ba435fee5900a836602c2337562a219f059e4c4
BUY,0.001,59200,1743257970,Yes,0xc6de5f69b3e3395feecf0ca881f95c9f077680df39b3e1fd1c79c878fb2a836a
BUY,0.001,60760,1743257396,Yes,0xfc5c2e6a39b886aa93c27cb6b427f742b2ed22f01cf9b38ec71c27a0b1ed461a
BUY,0.001,60740,1743256864,Yes,0x4e3be26ea2894590b8a547eb02bdc2b187a8e76a64c140bbe96459c59294efdd
BUY,0.001,59880,1743256388,Yes,0x34e5fbe1d99e2fea755ddf4e49577c50f9d2e97d529462a1526780ca8e5ab2e6
BUY,0.001,1000,1743256132,Yes,0x4000188d51bd701349ec97974d462bd14abd4c18cafdec62dbc853e7f3882d3a
BUY,0.001,59890,1743255864,Yes,0xad157cd16f9660329b87a878be17359914efda886570fb82070f0febd7edbc5f
BUY,0.001,59810,1743255524,Yes,0x58e50c9acf3cba91c370e50431cd7198e434b4c9b53cb7f6a81ccd6af4c3dd61
BUY,0.001,59440,1743254980,Yes,0xcb8d2c3e1fe4b1e240a80790e2f2d451504cc64a340dad5362a6a70c4646872c
BUY,0.001,59370,1743254344,Yes,0xefde985dfc2532bf0fb02eaf9f7a2cbd7716d820305f890b8eb3b89540f11028
BUY,0.001,59570,1743253862,Yes,0x441735682e44022f2beb1778e2da6522422912a4cc0e69cf86a27b494b4315da
BUY,0.001,59990,1743253346,Yes,0x86a701093ac357b07694d6b1d875f92fff7d0c1e4e75fcfa0ec550ff89ec2e4c
BUY,0.001,61850,1743253046,Yes,0x2d304d3590679ac1f8a8b9e64f97f260d1458962e3d3200f0b5d2994bebcd21d
BUY,0.001,61240,1743252539,Yes,0x3b3afef5f3790a7933a001be25661639fc5303f30545cc0d68273104768d248b
BUY,0.001,64350,1743252163,Yes,0x16882c89acf9f5e87245f6abf95f7b39b4ddfa779c3a671988eff92f0c7e1203
BUY,0.001,62870,1743251367,Yes,0x3c292fab252e9b85fd4ff6eb461d0be8e322db666ca5c29e990f7178f49c3be4
BUY,0.001,63700,1743250875,Yes,0x31e155b63d5b1da8517edfb39575b98fe4ed99ec30ba398fc2e1fb76e5189cca
BUY,0.001,61390,1743250531,Yes,0xaa28616d1c77fe87d743069cd93557874168bfc3ad42752177a64dfc04134452
BUY,0.001,62990,1743250019,Yes,0xe67c90a68fef7bb5d71b70d98428243cb0a9cf18b56761e3647a08db8c467020
BUY,0.001,60060,1743249514,Yes,0x01958a7a2c4a4d371778b5953e34dc2ac6b4dd1bf6fea463f210030cf16583f6
BUY,0.001,60640,1743248932,Yes,0xd6b568cefe57016c3dd8d3c69a067d784559af938820225045c210e20bc2e4d1
BUY,0.001,61050,1743248638,Yes,0x2a1243f31170d12568b2e0bfa1b9643a6f8c6cffa6ced95be2d3db8c14ee8b2f
BUY,0.001,61600,1743248032,Yes,0xd0082834c964f8a4a5abd67e9da1fda8d76980bb91a3eff122676854007d2ce6
BUY,0.001,49990,1743247320,Yes,0x0c0ad796e21fe1852c2c1191ba2b26743b5adb38f37a104be5822823e5d5ac22
BUY,0.001,1000,1743247176,Yes,0xf2daea6d833744c7720e43476856409a09717957247e29276da57c11c12e2854
BUY,0.001,62760,1743247008,Yes,0x35148b087de66131bd4a594fc8baca1399791eac43d182dd0ee9285a116285f5
BUY,0.001,60390,1743246184,Yes,0x695925f484d8c54c68af152765351ce494712de360d911b251389a00a8ab7468
BUY,0.001,62130,1743245504,Yes,0xe6c66741e8bdc675f4555cea4a1f213259906ec00432853b61d638ac9141d5b2
BUY,0.001,62570,1743245000,Yes,0x90b259120b1e714ee2480b7829377bf2fcb56bd34fcc36a4a976c395a0c98db0
BUY,0.001,63860,1743244484,Yes,0x0cb89f1ee20210247956e5eca04dd8a615f7fbbee1535f55f81bb433d95327b9
BUY,0.001,64950,1743243938,Yes,0xd2e6e7728d5ab9e317b1eaf0e19f5b88f85335b7d11d1294c385b17a8ce4fb65
BUY,0.001,60380,1743243654,Yes,0x7e343f13a26d1e623b305be2a3d3cb0e7597a7439268367e35afdff26c58191a
BUY,0.001,60640,1743243402,Yes,0x2034a86a032df223c366b242d007543870190c233bb4cede3b2e98bb1b926865
BUY,0.001,63480,1743243134,Yes,0x7260ee5fc0178445663d5f9c77b6fc2ec4c884ce5ffb5616d530e77aa429c01c
BUY,0.001,48010,1743242760,Yes,0x819bff8158774c9c55c8dec2c4649c59c792605668b0ff07d3e8db2c922c8c19
BUY,0.001,62130,1743242250,Yes,0x0f878cd60919d4aacb4e8507fb630e0d6b496489aceff047ad437f6ca3b4eea8
BUY,0.001,62470,1743241468,Yes,0x189cd622e4eb59c528b39845827fdaadbb065c07506c1737e8539f0c498486e3
BUY,0.001,62540,1743240830,Yes,0x8b3f4dc721446683d8749953dad68982b9dd67a1ccc10c676650b81365ace287
BUY,0.001,51700,1743240352,Yes,0x4bb81d9f29e20b6e2e21ca83e4899176f4829f50994598c461ca86159d44867d
BUY,0.001,62600,1743239774,Yes,0x95883103f29368aaa1cf7f0555cd8257807904e14c55d781de301fefbd4f9806
BUY,0.001,63680,1743239108,Yes,0x0d59962dc3dca49e518fc485a401efdee813577ffd517a2701a4bff64d561dfb
BUY,0.001,47510,1743238483,Yes,0x0be324d6fd57028571f1ff1e7cd46e8693a52f1db0e49f8cdabc91f47a63872d
BUY,0.001,51470,1743238021,Yes,0x84564e87b3d05c777884515c6d8e3062313e6fd913b530d9f007ca3544749f25
BUY,0.001,61040,1743237567,Yes,0x97e31a9e5710ec14b84c6a5c4e7c62b42e40ecd6c4dc90848ecff516d57201c4
BUY,0.001,60100,1743236907,Yes,0xa13c50d1e8725570d9902413c00ad60414f05e9a50e3f87a2a882d7755f44708
BUY,0.001,64950,1743236555,Yes,0xa199b12e721dcf926fc06a93ef429243297687795b728501e94b123fa68e6d4d
BUY,0.001,61870,1743236024,Yes,0xb24f380b01a168b081daf348a70f4fd2592e065c352ab72c306f5b0382f773f1
BUY,0.001,60740,1743235464,Yes,0x1575d0570ea40f7b98f63577ca8b402e2700b5b9359b62565e1076510b780fa0
BUY,0.001,63120,1743234944,Yes,0x55c12084685158629bd89fd648bc295cb5658b0100f4c0764484279c2796a265
BUY,0.001,60460,1743234416,Yes,0x4e1abb823e4947696f73692a8a9b9722f62b0fcc6612fbb2291059f9752cb26c
BUY,0.001,62930,1743233816,Yes,0x5149ca853712d513e28ab30c27f2e3580ab2d1853ed0b875553fb4e05e070453
BUY,0.001,63860,1743232836,Yes,0xf377c6219663cd020ebfcc80d441d20e73605ba03b214f077d5e85f3647c899f
BUY,0.001,62500,1743232426,Yes,0xa97708f66b708df56d3d223b9c951493b8d415681d78589cca54012102d554a0
BUY,0.001,51100,1743231877,Yes,0x93faf78ab59f88c369a58b4e0f86f92af1e647d3a5fdabbe0a4d2af52fb43d9e
BUY,0.001,61090,1743231059,Yes,0x0d3cc6165ab85a97243ff7aeef4ac298fecee10a25a86190241a1811468bca59
BUY,0.001,63700,1743230604,Yes,0x87ed471c33bf6d4bcfe34132a3047097c5de56e51edc1bd6afa9034666ec4450
BUY,0.001,61920,1743229917,Yes,0x2e4df833c981a259d5005cd870c1838b195e6d6c140184a23495e32b7cb0cc39
BUY,0.001,63290,1743229347,Yes,0x92f9a9273fa4eebe4976d17e526b3fbb4bc077e0d9b6c120cf5c5a5e4f2b0fd9
BUY,0.001,37170,1743228837,Yes,0xcdaf5f8b25494ad3e71162fa270ec2293a7371e7382fff5fd9a7f649785f5b2b
BUY,0.001,63170,1743228356,Yes,0x9cfafe19c8c5c7b0a73e73b0d444827bb1bf88aef70a5d0a83c059ca51e50bfd
BUY,0.001,64700,1743227722,Yes,0xc9e6dac3da38bc360ec177981f7c47144394eadd4469ad3ca8d85b159aa9c727
BUY,0.001,62600,1743227165,Yes,0x3d76ee30bbdaf47e4d54e5d9c77f6baaad57ddc8451c985c320e0c891d2112d1
BUY,0.001,64490,1743226641,Yes,0x1b0b3779d0e0c685aa57b7ea707383d8c3794cdd6d213c51e885657457dea597
BUY,0.001,46610,1743226225,Yes,0xbdc187f62e073a26fe0472a64605b6bc732ee02e4df576c4221f9e8200605c22
BUY,0.001,60390,1743225777,Yes,0x72e07cc78619763ee235d2ade167dea6b1c01f35a37d151df2d0b752080b2ca6
BUY,0.001,61760,1743225183,Yes,0x3529791b638a7e3f8d604d1e838a08f8823147b1d9eb455b6ae3547cd7ee9cca
BUY,0.001,62320,1743224735,Yes,0xcff323d6c7651a022b937c6c26e7cabfa47820283dbb03a459c8520cc666b4c7
BUY,0.001,63580,1743224017,Yes,0xb0073ce6bcb6ebbc1150b8270819e71d992a06606b9dd4baa02f0a2a3d629a01
BUY,0.001,62150,1743223485,Yes,0x9c27a80fc3cbf38de86c05d72b2855d68c9c8d0212175e9ceb0a45a8a2b62aba
BUY,0.001,61560,1743222797,Yes,0x4a36e403b4299375c0f8e0a624f346065704b7989a98c66506bf9c2eaac28c1e
BUY,0.001,64690,1743222177,Yes,0x84679ae9f83297148d51a02b34451b44a95c18eb79d8358e2a24de0f71a836f1
BUY,0.001,62280,1743221701,Yes,0x19373579adf4e32b97334efad5ed0ea762ca4ffc9c70d82783ff6cc1b3e077a3
BUY,0.001,62580,1743221215,Yes,0x5ce7489953776d643c69b9be4f9a6468980788bab106f9052e4ceb6ef27f7732
BUY,0.001,60940,1743220733,Yes,0x5a79788c25a97acc2baf321f4c3c0f4bb98bdbdf1bc27d5160337bca6839e491
BUY,0.001,62160,1743220191,Yes,0x22fd6ad23930eac14da28e7b9e8027169ec87dc260d64bd1b762125e0393ffb5
BUY,0.001,64810,1743219279,Yes,0x0bfb283a89f2b8b79efebc3d30f0d6c5c76c82cf16575edc4755ad8e2ac14eaa
BUY,0.001,62890,1743218635,Yes,0x8d4e81094daad7b80ccc02453c9d065c1add2cf9efba06d5fb2ab09cc51079bc
BUY,0.001,60200,1743217949,Yes,0x599401a599ca3e365482cf71deee85c8ca71477f793d1938b8715b3671c07f16
BUY,0.001,63960,1743217409,Yes,0xbe59c08931323639dc9a7e569b25c9c22a34ddf45c37ccd18a07314e89b89ad0
BUY,0.001,63730,1743216939,Yes,0xaaa1240864a99357e23836529b799800deaa091ad5f37f42d74a89d9eb3c6f90
BUY,0.001,62760,1743216259,Yes,0x0e600a8019123c16aaeef4fb409403a98609f9f2e3d81ff949f8b1f7da3b87ed
BUY,0.001,62200,1743215809,Yes,0x30280440a073da5f9fa83db57dd0a766a9bf8d7ddfd22dab75d7d79e46590f84
BUY,0.001,63590,1743215075,Yes,0x663edabedbab1345a3eaa3ba3d8491c1552391c7d2f28b29fa112cb7bb07637f
BUY,0.001,60630,1743214202,Yes,0x372df977e4a23ac16fa862ee91160aa58546889f43bf70561975ef84cc3d1c96
BUY,0.001,62270,1743213282,Yes,0x551a9ae2654cfe2353b29c892fa2d6e80a8eb2a06fa6bd63799db09f38de8f41
BUY,0.001,62180,1743212746,Yes,0x7daadd4b4f6d749e52e742fdc0c08226a92083463f56cd9a4791ab4feebb5d10
BUY,0.001,61510,1743212258,Yes,0x0167c7deaee32708a5aa95736020fa48a7680340cedb57f415600d545cc1773a
BUY,0.001,60840,1743211880,Yes,0xd8fbf7362751e1842cfb5ef9084b0db8f07e0d688cec671de97572871d1549e7
BUY,0.001,64860,1743211464,Yes,0xad1f2d4335ef59744b05bc8b1ba5844d4c8bc16724ec5e65b6d4a88b27597697
BUY,0.001,63960,1743211156,Yes,0xbab032a5cb325f170fe440c1ca294d5be5177a84b80b4b0aab992ec655c51f57
BUY,0.001,62320,1743210600,Yes,0x8e6d0578935670a4aa4fc1cb169ced4da5cb2d9ce51ae3ad59ee88ba83510422
BUY,0.001,62900,1743210062,Yes,0xad1c177a797afd0edbd55a7df3135f47a0148cf23cdafd83b4634c9405d5b6a9
BUY,0.001,46700,1743209058,Yes,0x6b25b0045cb85f6b97aad47077d52d83f7c9f752a756546afe0aa1f6170cadeb
BUY,0.001,53640,1743208578,Yes,0x7e211176f98083f1cb8fa80569f4b8d3894fb2f46ac25746463c9f6dda2b4094
BUY,0.001,52690,1743208220,Yes,0xbb388bf7268204078af269e1616e183a17604e7c1b7db23482de330bf4c9f442
BUY,0.001,54180,1743207670,Yes,0x7c9b7e56d71b3df555f0a2f56551a39a2aae366365ba7959078b246f69d0def7
BUY,0.001,52390,1743207388,Yes,0x8f89a0b68e25df6f2927c825ff3f1bf5445e2f9cc4cae50d601e87f150fc761b
BUY,0.001,54360,1743206772,Yes,0x776166a579053b6de3caebb24d17cced015784c4b23b94f0a30cbf6ffb98838d
BUY,0.001,55440,1743206448,Yes,0xabbf245777df2d7897d80212cf2e1d59d790869e6ccb8bf966390ceb07b73ec7
BUY,0.001,51420,1743205950,Yes,0x5e27737d901e617f83802ecd71e3eea3541e248226b123bc6a649fca7241930f
BUY,0.001,53520,1743205528,Yes,0xf0d31a31a06d7dcfd4703a8c4f76a0dd9ac37bae7b3926c8a94570fd28e9544d
BUY,0.001,54500,1743204856,Yes,0xaf0a091f3b59b4c9c9624141de86d8915b00f7395d01f7a3c63748853318a3c1
BUY,0.001,54540,1743204396,Yes,0x67cbdd4988d90249b333b8c4526e5194c582905f8ba3b739912868b20ba79936
BUY,0.001,51550,1743203876,Yes,0x15b0f413467842c24a546c44e9d730109375d5cfc754f71cdf249b05db5b8fbe
BUY,0.001,54740,1743203552,Yes,0x219e15ff30e7501805814601e44bab63415b8f65c393267c7c2da9be7c9f1dc4
BUY,0.001,54310,1743203054,Yes,0xd3620ec70dfe16f21ec81d74368409eaef047feaf885f66d0cf0146f91b86f09
BUY,0.001,51050,1743202646,Yes,0xd4ac7d96896fefc29ede73004db1bd53adea694590cf5b60dc49b20c525ef789
BUY,0.001,51560,1743202270,Yes,0xe1b21ff3b3da079b3f1635ff6aff0448b27d8207380f4581a01167f6f093266a
BUY,0.001,53020,1743201692,Yes,0xd6457716a7f456079894270a791aa22d2ba248a2f1254935710d2ede28456f36
BUY,0.001,51870,1743201340,Yes,0xe873727813734121ddb99a05926a787d984e5ee0f53b6e92a38e6c46b1948d0c
BUY,0.001,53670,1743201008,Yes,0x97c5e7af04cfcff575648a8b12f78460085a74e2f1438e0d2c8d2076fa3b6760
BUY,0.001,53540,1743200662,Yes,0x54754e0c741a5e4d82720fc1a8830d0c7cba3f8ce9b6dd6f2180bf4e4263e304
BUY,0.001,52450,1743200140,Yes,0x920e05a2d0179fa58a0adfed8cd999855d5f736d7db2873d923124a15b5128a2
BUY,0.001,51590,1743199664,Yes,0xc672745401d4704722f4ad38eda1a174fb9d1bbf39dd5e0854609df1936ba420
BUY,0.001,52340,1743199322,Yes,0x2f5a635698b613c41ee640948d5c447a19644ac8f056d462260e20ed77f4b689
BUY,0.001,51750,1743198722,Yes,0x36a77f93ff37466cc0c6ea72735f7d13019181af8dcef37c575ece7dcad41876
BUY,0.001,51290,1743198270,Yes,0x27222e1739352bda39cfdf1b165781bbad95b9813a27acee9747dcb8eabaceb7
BUY,0.001,53060,1743197884,Yes,0x3b2a06a07c622f6b0fa662d8326fe4b33c37a8090705b391ca8c88559453ca97
BUY,0.001,51160,1743197362,Yes,0x3acafb95f75a71f2ee7ff91a3b7255407bee414b6fcff833711d24e66e322b09
BUY,0.001,36410,1743196710,Yes,0xece9a100b478df67c4d718fd8aad835be1154d0ee3cbbb0d808bd1ad340de08f
BUY,0.001,52500,1743196222,Yes,0xd3c1ed2d38919237c71f14c23a3f671d7315907a0ebf7f5110e0c3bdfaf79ae9
BUY,0.001,49800,1743195858,Yes,0x97b2149bbb466f30b7acd72645b8421b5192675fe9cdabd13e3729aa349b145c
BUY,0.001,50350,1743195354,Yes,0x11c3b6affe72726fa0adf722a49512f6069cfa364dbb300282581437d9972586
BUY,0.001,51050,1743194693,Yes,0x6949febbb7aa4324fa703adb42066ea63343047515508dc94b2b1df1a1217146
BUY,0.001,51320,1743194138,Yes,0x742c74ffcf299882a85d08ea99c9f5212c7f635acf64dd62615c89875c26dfe6
BUY,0.001,51380,1743192127,Yes,0x71568fcc72892ea987dfa0735f1c62866fda0a05699014558cde7aced7a67a3b
BUY,0.001,49430,1743191563,Yes,0xc2b9d975b89cf02f3a1e2238b9a73db7b7648c9ff76a8ac653b3489e4a6b0a23
BUY,0.001,52000,1743190956,Yes,0xe86b1356179096ee6989f57e51841fbc58158a2555faeaf7c899f71e23223d83
BUY,0.001,51090,1743190394,Yes,0xd4fb59e8d49ba28e6f9a3466e591caae5017e2faf5e6370103d3878a5d8058d2
BUY,0.001,50270,1743190084,Yes,0xc5b658e91b10fd858132e384016fed93eff643f45622b7b63a31cc4f0de2dc25
BUY,0.001,48470,1743189776,Yes,0xf227a1baadcb3f7b8a1e0808c8d7d76343c9cdf86532a54426409060d4db46eb
BUY,0.001,49430,1743189208,Yes,0xeb3c55ffe0c56338730e086b4cbf98040a049bf2e93b10ba048b28beee79001f
BUY,0.001,51160,1743188041,Yes,0xc30d88b0ffadf796846e6a7cee9b57c981445213a4d2962d349129be821a1fc3
BUY,0.001,52300,1743187184,Yes,0x0c21aa3e63f34f509b076277bb9f13c95876df938bf9b3a8b51973d65b2f8f62
BUY,0.001,53130,1743186677,Yes,0x5a8b0c7a9c92c88b1291e2e114935810a317f7dccf5acb643a43499d08fa54c0
BUY,0.001,49720,1743185929,Yes,0x0db4aff54fa977e623ed617b6783571372a0a21c5256f280479426a6813ae670
BUY,0.001,52350,1743185381,Yes,0x440d06c25389a8facd65918ebff9bfc91cfb919f84a45ace166309e9238dbb40
BUY,0.001,51280,1743184886,Yes,0xec142acbbb07a057dd3345a78250507d2ea5704bf0a5b5fc6cc20109d0a1c38e
BUY,0.001,52630,1743184456,Yes,0x2f02d79d62865dd6322af703ea2145c064c974c997e4bb818b64bc5f313d5d0a
BUY,0.001,49790,1743183870,Yes,0x77f8b2ffa7e7e92ec3346e9ec5fa3fab3476564350bc6d1d62457d8e64c5412d
BUY,0.001,52510,1743183566,Yes,0x5c211825157c31ede68843a9da6247aae26686a5ba0029900e06d8135b0dc3ee
BUY,0.001,50680,1743183000,Yes,0x13b9903d68388e54a94c5183a965da70914a762e7566041c23e085df805b5b73
BUY,0.001,51930,1743182464,Yes,0x5876627ccf6dde1794d93f0ece2f7da93654bc1d372f13fd1a8106ccc8675149
BUY,0.001,51930,1743181908,Yes,0x7bade276a24f7843f6c3dce2d863df64b090ada8811337315c02ebe536b2f995
BUY,0.001,51180,1743181682,Yes,0x1f3620e03dda2b9c41a54e21c8f773c7e46ea6cdd1829e35872ac7390c93896a
BUY,0.001,50450,1743180998,Yes,0xe9f61ae3c4c5b5a7137e1b6ef3130dd4e524082d581a36380f99c9bd120f5b9a
BUY,0.001,50350,1743180420,Yes,0x1372be75bb59224e49d74d2bc2bb9c658117d89e1a797d9fb91af24d36fc14b1
BUY,0.001,50880,1743179902,Yes,0x30a29b1bd9aab1ee2189cab8386389801542e372f99ae08314c6c3fb7292809e
BUY,0.001,51790,1743179376,Yes,0xf206bd3514f834b62ed573557c8a50a29a39240c1e8db0cdcbd8abe97ebeda90
BUY,0.001,53700,1743179070,Yes,0xd89fe2194f11a4b1ac75b8f2918763902d49c19b9c294e993595cf52065e7db4
BUY,0.001,52380,1743178746,Yes,0x0537f2f0dc843c566e3a687b148727c174a02e85bdc5e9720284f9a3b0efcddb
BUY,0.001,49440,1743177930,Yes,0x0f1401475666e349f661a4d772fac38487ac947f05a9c77345514ca9a3c885f0
BUY,0.001,52750,1743177608,Yes,0xd436844e4d7a0b9cbe7498846be9f19baf5ed4fcef547a7f174516cc996df60b
BUY,0.001,49850,1743177150,Yes,0x92ffbcddceba6de33de35ebe875b9474e8c49ce1ddbca4474fdb42923f1a02f9
BUY,0.001,49770,1743176658,Yes,0x97e46be9c1dabe27c6884c8550961ac259c05beccc28f820549b4effed2a0124
BUY,0.001,51410,1743175964,Yes,0xe403bb9e9d70e1f1e5d90761041bde0fb86f9b95c097c2af0fe9a4176ef80bfa
BUY,0.001,50660,1743175408,Yes,0x044f58262b0cadefdf66622480e796aec74e6f3bf65b7884c763ea20d77efc21
BUY,0.001,52070,1743174986,Yes,0xb31c49831e163db927f429fd8322e6bef0b504ea9ab7bb19b400431cacdd12f2
BUY,0.001,52400,1743174362,Yes,0x44445fd7e4141dd086d436d6c88bd2552de28896a82a14f0b05a7e8c8ce13a86
BUY,0.001,50220,1743173818,Yes,0xb2756db79a53814f3ddc8bbc0023c775bfd0900566c605f82ef86250f45ab990
BUY,0.001,52520,1743173514,Yes,0x1d270405e8d059015b2e01ec0cef0ea4c2fa53ec0bd562dd00e24e76bfe6ad89
BUY,0.001,49990,1743172648,Yes,0xba115b1dfe2ac60d08ba29a79fc5d139b29e7d13adcbe5897580c2d70a65e97a
BUY,0.001,45880,1743172082,Yes,0xc8df3e9bcf617a5b6feb54c523ec0fb02280c994bd3a0cd6e45e9caceda27e9a
BUY,0.001,52040,1743171558,Yes,0x85ef23535734ecb510ea9e1bba89e148592543ebea379ece65ad890031679ad8
BUY,0.001,50090,1743171034,Yes,0x5dfa2418ea2f989c1f4be06395c0c81d899035246a1de8eec7922e4a6797e8c5
BUY,0.001,47050,1743170644,Yes,0xf2c34482acd7af881525ce9a1e2e21463363a1a59df03ea3f3665d00af22fb70
BUY,0.001,47790,1743170052,Yes,0x232499bf8c1f5cb468b9a3bbcb6a8819a7496b39acbdc0fcb5299953e8aaf54f
BUY,0.001,46690,1743169582,Yes,0x6323b5d247e1b2f1c0b2d77393e0ed30c551e4e72de3770eb12e047ba35c8fb4
BUY,0.001,48090,1743169032,Yes,0x42e250eae7f994d65b20be35ff891e0f60531e99fd0b24be8a27e7553fbab00d
BUY,0.001,47450,1743168510,Yes,0xa010d61126b69624ac3f7341c0c29d548699ad7f94d6ea19dab27e2c7952d315
BUY,0.001,50440,1743168066,Yes,0x69ec867f1a0fc82dbdc1e23568837484a17eafdc4d61c5d4ddf0f541952a8528
BUY,0.001,49460,1743167646,Yes,0x31960ed4a571629df9d90a02c4d3bbfbbb2d888d0233e831b24243c2cc50342e
BUY,0.001,46970,1743167172,Yes,0x21836fbbcba000bce750b2cc94e2ceea94979a4b4233b91662c12f95c3eead8e
BUY,0.001,50420,1743166862,Yes,0x17ab7863789e291f674a3d79ed52e77141d9635a440951c205fecfdbc38e3d88
BUY,0.001,48360,1743166356,Yes,0x4b3530de0c6ccf09f6766dc930f730ded67da8f1b2ce282c157c0f11fe91b72d
BUY,0.001,50210,1743165614,Yes,0x2d7bde24a40c8614a87c1f290ee5251ff8401f6f6dbf173ba5bc6f4e73cfd1d7
BUY,0.001,47740,1743165072,Yes,0x2173e4973b9b59bde7271cf40b7aef94e256734034e2ac9004925cfd388c895e
BUY,0.001,50010,1743164478,Yes,0xee7fa0807cc6df22a2ed59414fa34fbb604f94db41a018df773591d8438b0417
BUY,0.001,48540,1743163930,Yes,0x113e53fb9c20ab3107b67bbbf2d34a0e5c17c6a93541013336a98bc42784ed02
BUY,0.001,47130,1743163580,Yes,0xc0cba5d07ee6b1e6eb7739b28aefd0cbc9e7506a18247efa68a8d0c677579f2d
BUY,0.001,49080,1743162894,Yes,0xb82b502c121fa398a39d6eceebd769f699bb9da701465e8c76cfcc94b2a025b2
BUY,0.001,48880,1743162372,Yes,0xe1b6058512ff23ea48d2e8681cccbf95091e0f5bfead6e2519676d3f308e17ca
BUY,0.001,49790,1743161734,Yes,0xd1b3c8ccb5cd9262f2c8c0e728c5df8c9dea490ea721acb4c551de8d03b328c9
BUY,0.001,48660,1743161188,Yes,0x79d561cbbf26fe4f4d652a644d12c880664b4afc5cd10c2f02294c3c72460386
BUY,0.001,49290,1743159818,Yes,0x85b228e00c966332762c9d8fe5f688d850d7050b1c00abab1c9bda0115bb29b1
BUY,0.001,48830,1743159138,Yes,0x586358b50fd8e92c501327aaef54b283ae348dfdf7747b74c65955897e69e4ed
BUY,0.001,37850,1743158084,Yes,0xf14e63bf2fd23b641ebb6f2a67813fa16ceb6d2fb3ce7eefbe76dd82dafeb184
BUY,0.001,50080,1743157654,Yes,0x7d09016fa258e3b7d63ebda03523b10bee13621f14a9a2b4506c26b1039b53db
BUY,0.001,47370,1743157234,Yes,0x3f34112db59005fea39eda999e6be7357a08230e7299443040b4c2fdf29856d2
BUY,0.001,48680,1743156954,Yes,0x4c06f7f36adc3d1aa22533d063dc95bda68bbfd8b469f524df3d996e2f2d4285
BUY,0.001,46730,1743156632,Yes,0x7936a4a59ee3ebedb36dedee3a4a8368432bfe6674f335176b508b4f7da44a3e
BUY,0.001,49030,1743156166,Yes,0x4d89f9d8819125949427283c5c77a9fc896a62f5d07316ab45071c2bbda7fc5c
BUY,0.001,49030,1743155774,Yes,0x3cf8b97e53405cd345be40dc4beb4f85de978b57c4fb1ca10ba2b375f02f9e6e
BUY,0.001,49740,1743154996,Yes,0xc2c686fc22bcc8ea1c76fb044865cb9aada862d41a8e155df3b92e9326dbf8c2
BUY,0.001,48910,1743154474,Yes,0xd9aa36527ef76c9a1278d2edab475a83735e94a31173d68661b36b8a3e42343c
BUY,0.001,47230,1743153928,Yes,0x91c5e67f4b301a6d75a10d6b66d83034d4cd8adda15841c26e67f7253450e205
BUY,0.001,47710,1743153290,Yes,0xbe5fd92e635b6c6018e54f0d6fe4e45d5dd8a2d9b285839bebf7fad6d61bf47e
BUY,0.001,47910,1743152950,Yes,0x3552f50996aa57c0f35028e3f5b00ccb5626f04f2f1cc1c326b67913a3c0279a
BUY,0.001,47830,1743152342,Yes,0x2a7aa7d8b25e443eb8e97f9c5ce0bc7b0527462ee5693f85fc4cd5b139d48d07
BUY,0.001,49060,1743151912,Yes,0xcf2b5e1afccea6aee3533fd31e1751a71a523bd3bcfd7d3d6c209b337ec0047f
BUY,0.001,46890,1743151348,Yes,0x9435169b20c141c7b9615e425ea2fd05e4e6af51362e9a7a80b6a44b3f4e00d8
BUY,0.001,46830,1743150804,Yes,0xf2cb89a9d0c5600685418bbca69964b5c1396fa70a0d3ceade824680870d206c
BUY,0.001,47400,1743150280,Yes,0x9325b85066b9ffe635245a39cc0fe4f0c3049462181e5e1788a224e975cab002
BUY,0.001,49550,1743149850,Yes,0x6c4876296c60dd09e3e17779d3c8562c8709ec353c0144c75b84be71b91b003a
BUY,0.001,47040,1743149424,Yes,0x2a0c935d9fa03873bf565fee79c5f68816c5d7a8fa7385b41d3d980e9734614e
BUY,0.001,48400,1743148938,Yes,0x65b99fd06d0e76bd28a8252eb5eacb1b986d28c77b20cc5facae96219186450f
BUY,0.001,50170,1743148410,Yes,0x1b26f857584bd271f4e7b4e232a6296e9e3c19ab59aa593e9868ddfbc2442bf3
BUY,0.001,47080,1743147964,Yes,0x01d1e6cbd3796b6b4892863333d93f66f49c609a88c2f2b66304c9a465549394
BUY,0.001,46720,1743147364,Yes,0x37dcf484abef15c566814963228e253409ceb0e5cc1b6e07f471bd80dc76d770
BUY,0.001,47380,1743146700,Yes,0xf53a97408237195431a51a02a07070ab9315a9dca09cc8e12d355b45b1586fbb
BUY,0.001,49310,1743146162,Yes,0x140c9013c79f09a482730deeee3b349c907fbb1a7adf05fd593bc885e5401c72
BUY,0.001,48710,1743145730,Yes,0xa1f5fe3e4c0e0b92e79ce3e26a42bf8560387c62fca1f3c2a36f6c682fab003b
BUY,0.001,46820,1743144878,Yes,0x4e742bc79944bfdc6b6fc12631bcd635633ee205b258b07223239683ea29cd27
BUY,0.001,49570,1743144452,Yes,0xc20d30a69242af4bcc3ae1ae6bbbc9540abca9779a40b5036ac055df41c46102
BUY,0.001,47400,1743143940,Yes,0xd554e64aadf8cab1ce8930af8bbf84bdf2f6d98ea48e5b76c682f741573f7f91
BUY,0.001,50520,1743143434,Yes,0xa5a9ec7d9705970fdac6600b933a870493ac2423edaa97540e918a2a7ad2300b
BUY,0.001,49660,1743142848,Yes,0x48b1467bd05162b7002a904d2d9d1d0071a65aa1351a189cb303df360a8ca3e7
BUY,0.001,49110,1743142312,Yes,0x849fd98b183e712b5063160f3a89bde1d512a8a609860aee8829c5ad3ab4bf8b
BUY,0.001,50550,1743141768,Yes,0x511b719610f4f6030881db7873be438fdd45f55314d384c9e01c7d4bb648fcd5
BUY,0.001,48880,1743141322,Yes,0x42f30e7aa4f3405f8d5dec03912315789c5e9617264930be341bccb62f306c44
BUY,0.001,49340,1743141020,Yes,0x3c8d405356cfc73882d64c1c98ff97e73800deafbeef26a52d0a5205756ffa69
BUY,0.001,49440,1743140222,Yes,0x77a9bbd2cad141dd15ca1db27e02964bc69e2077e5f425e832f07a5bcd92fc54
BUY,0.001,50600,1743139680,Yes,0xa276b142d56458b503d78440828340e91c8f48a5d52ff1c935b43f6671ff6181
BUY,0.001,48090,1743139118,Yes,0x2bf7c62cb60e47971a0a289e69d48cdf7e1cb45ed590c1c9d22959016fcdbd11
BUY,0.001,46780,1743138628,Yes,0x92ab0913af78f3ad83e9f99cb590dbb138f5b2aa759331277d4366ee0ce3c5af
BUY,0.001,48670,1743138126,Yes,0xa341822817ec13516146ae36239477e2e468509aa95f654d3bcc5a6a3a9da7a0
BUY,0.001,47560,1743137396,Yes,0x7fd76c459e9df2ebe23618719fed07e1ac74109b6b0a3251fb7e756e2fbd3d85
BUY,0.001,47970,1743136854,Yes,0xc4e1439fe95206179571986218954fffeb6297fdcfac271c676f543a90321053
BUY,0.001,48640,1743136434,Yes,0x377acf104a78b85c6cdc2ef00141d9abe7116b8242adabf12b32c5adcfe75edd
BUY,0.001,47440,1743135944,Yes,0xadc2e28cd16c0352939f6d21ffa15ce4122d9d7ec595d8dfb55532ec92fd0212
BUY,0.001,48890,1743135352,Yes,0x9ce68d6c63d279052acf8dba19389de4aca9f3c8c234a58b04051d053e9d3f8b
BUY,0.001,49340,1743134634,Yes,0xbb50a9a948f12f3b26e6400e9b6908d5d6309923ea30049054cbc49ca45ace95
BUY,0.001,50340,1743134192,Yes,0x41b56fa85eb76b4c0abc92b4e4805706e3eba9c6436eb12ed2bed3cf0bbedb0b
BUY,0.001,48020,1743118214,Yes,0xd8f5280ebbfb36dc0b862ed3734f91aac9a8374b563c0fdc9a5ef55663409a96
BUY,0.001,50770,1743117686,Yes,0xbd8c80433f66f5b21001ed3e0b58e7b50cade3d9cd781f2a1d86852d3ed7c685
BUY,0.001,46690,1743117000,Yes,0x08d02367d1f00ad6126495fd9f46f6e23504a26e71b0cd5c3fa48c71a2374674
BUY,0.001,49690,1743116454,Yes,0x4810b983ee1ee7a8c270024825bc528fae9632589aa8ea2735ebb5e4d551036e
BUY,0.001,49920,1743115578,Yes,0xaabd1971c2824106158d263adca053ee9bc6b6b3779bd6f525722f8dc92f3780
BUY,0.001,47090,1743115020,Yes,0x8a289c5cee53c30971367419dcb159bb8ae920f50108044923800ad56efc0822
BUY,0.001,48680,1743114190,Yes,0xd96103a91b6451df5bfd6349d087d056a65d58549836a86bdab08544d290dd67
BUY,0.001,49360,1743113816,Yes,0x6a9456dc51f1dc92808d9cba5693604d83fb66e449bcf735139692d7da689e1e
BUY,0.001,49220,1743113052,Yes,0x0cca29b12742ce5ab965bc14fa9d31992aeae10b63574df3db886cb3f26bf226
BUY,0.001,47930,1743112526,Yes,0x6fe657d0d629425a42f74dc7b8316b0a6026fd7d62f871ddf3a29247b85737c5
BUY,0.001,49820,1743112244,Yes,0x53f7490481f078b412186d4592ec910b2b8abec99d44c9388a4758e0185fdde6
BUY,0.001,47960,1743111838,Yes,0x339998a89b1392ef46331ced478106c9837a0421bd2c5492c259ce56e43ac2fe
BUY,0.001,49340,1743111512,Yes,0xa379dc30bd7a699d915a905683d62fad7f446e5fd14ea3096b48a26b6e115a40
BUY,0.001,48620,1743111188,Yes,0x06aee77b8aa313da17a3d29815f316c24fa4b134cf8e0ffdfe663d913fdee4db
BUY,0.001,48950,1743110572,Yes,0x0de2d18b1d04b8da6adf1e296b552f674376592694dd0384e0658f39348135a8
BUY,0.001,47180,1743109864,Yes,0x2e8de7fcc0095c0be78ab71b50c745829cf65e7b8d1220f8c93be6ea3877f877
BUY,0.001,48650,1743109536,Yes,0xa49d208c6ee846045d9a57655b1c91ec821aa64ce5cb0f14dd66a8a4b2f8a41c
BUY,0.001,49580,1743109012,Yes,0xc40f7bcfb8559c4f816c261174eaaaaef0971777d9ab7a9ff391a1925ee77b34
BUY,0.001,50640,1743108470,Yes,0x84c6afca87e7d68897bc96a7dc53096fbb6c2c894f91f8ce123e25430b223422
BUY,0.001,47990,1743107916,Yes,0x8cb683ac4ecad6946a2e44766c5a0894452b5abb1183ba26411b5db9b53aff39
BUY,0.001,49300,1743107446,Yes,0x04f82f92a11233c6e33d20b46953abab867b57d5433ae8bd9a19bcc971c146de
BUY,0.001,47250,1743107072,Yes,0x7221ea47028f89e95d4961701c524eadb0d41b793dca88cb142ab4d4529dac65
BUY,0.001,49520,1743106652,Yes,0x749b2d04db80a52b1f79a3f6c82faacbd6d4b7aadf60e593a40d798ea408163b
BUY,0.001,50510,1743106106,Yes,0xc218a1aed91d51f0330af0237f572a9f4d3f8e2d5f72e2f4d27e6f394b8ef60d
BUY,0.001,48710,1743105794,Yes,0x1a623cbbc9ff6c8ad90ee19948d4d123eb1424353c9554b08c53179dd2e0a9a6
BUY,0.001,48930,1743105338,Yes,0x37147a9b45eec746cb174d16474476bc5f634018c5a04058d23b07ab729f5837
BUY,0.001,47600,1743105024,Yes,0x5d65b0adf3bc9d97e729fc406c0d363453c9c605633d26ad681f1dda9d487d7e
BUY,0.001,49450,1743104752,Yes,0x8a98efcb5b5e7b2203aebada1556f2dbbbb53cda94b1afbcf24026fb747d1ea7
BUY,0.001,50420,1743104220,Yes,0x6862c272e3251abceff135e127247269cce8fa3d96ff79a0776508930bef863c
BUY,0.001,50260,1743103394,Yes,0xb4c763234da3f5ae423d2e52df3596060585540585de179da589b3e51936e0d8
BUY,0.001,48720,1743103092,Yes,0xb65c622445987c0ed516d546b130ee1d86fbab7efe8eebf24c77bcabb50cf7a6
BUY,0.001,50170,1743102754,Yes,0xe06729dfdb9e0fcc5f958860d41cf291877c2965738d8a5ddf3ba3158b534c15
BUY,0.001,49440,1743102182,Yes,0x5aa09fd4e14a72c6c6b3ea6bd87273770df64756f5032590191af5c6d0ba7e69
BUY,0.001,48570,1743101494,Yes,0xfa74e36aea286ccbe0f50af36eeaaa66d6bda122b10b8a9f659ee6e3e6d8a74e
BUY,0.001,50290,1743100866,Yes,0x886d9fd5dda1ae9648a6f0fa9fe3ba9e1a537a6b847591513c0d05e7eeca31de
BUY,0.001,50280,1743100514,Yes,0x7f18546210364b5fa94d282a5a8f28da424c5de0bb7fa3ead993bd42b66073f0
BUY,0.001,49710,1743100092,Yes,0xce904830eb715e12d4db7732945ef1d7e0d2447fdf6299569e8147da3e68f63b
BUY,0.001,48260,1743099160,Yes,0xc5b8c7a8029cea131b89230dfdd6c05c90a09c9766db32132c5b677c8b642082
BUY,0.001,49230,1743098844,Yes,0x0fa736118f4f947884c791af02b6650a8a84361e26aa711d92d2425c73bd92a3
BUY,0.001,47420,1743098536,Yes,0xc51df771a9775662d879b017b5ad7f9927c3d71933e1c34da83eb619e210b21a
BUY,0.001,50330,1743097938,Yes,0xa8b126371e14208a6451026e48d1ed9cae2eecda763ffd07482f760f18c57883
BUY,0.001,47840,1743097346,Yes,0x578489c4c9a122b7c581acec9cc13c85c15ea66eeaa4e9f768b76b66300144fd
BUY,0.001,47060,1743097012,Yes,0xf775a71976989eea8af2fd03096c6cf2609ca78e3f398148448d4b53eeaf75c6
BUY,0.001,47390,1743096618,Yes,0x443437c26a73f8886bceecff96271dfb60ee1a248f762c482ddbffbd53db0fe9
BUY,0.001,46240,1743096394,Yes,0xf2aac6068caf5a0dd9a7bba140889081e10aaa3a56dee6c4ce282c7d21e9a3c1
BUY,0.001,46920,1743096178,Yes,0xb41f0883be8d5d273b40e2f993aaf38cafe5aec4b464b94a94f14a2564ecd1be
BUY,0.001,35680,1743095714,Yes,0x147846044ced744af1476ca481ed97ccd7dbbfc316b97cdf8eefdb138443c4fb
BUY,0.001,46810,1743095236,Yes,0x5c2c0b9a7d502f6a0b390c6f32bf86609a3824d76daede9242640fe98bc3ec02
BUY,0.001,48140,1743094282,Yes,0xc4ee1aae42a76c80d9b98459f9a207af98a405e68c7e6caa47fe15f9fad2b108
BUY,0.001,46630,1743093746,Yes,0x2b51ac590970319ecd07bfb8671fa1ce1ae552c7a17b03f998642f121d875063
BUY,0.001,47300,1743093280,Yes,0x554c2d77ebfb0d1a163cd2f9fb655a6808e4ce1f7e370bd2e83d44e392338700
BUY,0.001,48990,1743092812,Yes,0xafe0cbd8222bf186d47127b5b19049ecb8da8cec93e32d92829d2ac0b9f57579
BUY,0.001,48690,1743092620,Yes,0x08c7fe4523a1a9dd80920762d5edddb8d2f9612b65f0c21df0a1eeb3b824f049
BUY,0.001,48400,1743092044,Yes,0xd84401439af5e4be146e0e087323d0b989e3a3340eda8d37efbfd1c585408b91
BUY,0.001,47540,1743091808,Yes,0x7360c13df5d59e7c3d88c4b8c9aca755245021ce227c4092c47a4d2b177038a3
BUY,0.001,49350,1743090940,Yes,0xc7d34dc61cf01787226bbbd5609f78487184f4b5643793f23be600c8c5436809
BUY,0.001,47190,1743090362,Yes,0x494583e15fc912bfbd571258556273eb4366bb8875e04d14e389e925cac56d47
BUY,0.001,50180,1743090000,Yes,0x8b135b0487ed4e94a10944ce09b39460885cd0bb3afe5a1eae8c764616570bc4
BUY,0.001,48600,1743089604,Yes,0x2b5545fe2394b4a720ab40dcea4630c205d25664b31cd88e4b270b1693bb69d0
BUY,0.001,49030,1743089032,Yes,0xa31a8a76eb14e32ff3ee3264042e7dd9ef07eaa1933ce93e7c461b11fb957a93
BUY,0.001,48210,1743088604,Yes,0x19821d9b3fbaa5c619e3a7a8e606166510c8411b9e4237d3960164b5203182c4
BUY,0.001,48540,1743088156,Yes,0x4c901bf85d3c3b5564d9c2d32d378700258f83372e8cdb4d99359134a4980a12
BUY,0.001,46960,1743087858,Yes,0x6f35db2bd91a6f6cb15d17a16b8e7f940bf01550073e774a4d6af803fcc7166b
BUY,0.001,49070,1743087606,Yes,0xeceefbac637e5d5db01163364d80377b8aaad3180572575ba66d24d80a3c84f3
BUY,0.001,49050,1743087266,Yes,0x44c44258d52602b673b6681aa2bf8943c08058642a98b1c19a7c86fd62a49138
BUY,0.001,45510,1743086976,Yes,0xde1156968db35bc15fc156a8399239f6c1da931c62dea57805d00b9c1daad022
BUY,0.001,47870,1743086426,Yes,0x65962fed0eada3d1cf0a1058166ddeb9697a7aaf910899e9fcd29aac5adbbd63
BUY,0.001,47710,1743085918,Yes,0x4bf438c81ec054ae21254b6cd68eb734b6b6a9ff39aedb0357c07ba6b5c218f7
BUY,0.001,49210,1743085548,Yes,0xccd8132603845b708ea2d825b25c52f2caf299a4e46c1ea59c7789ea2eab5e09
BUY,0.001,47030,1743084814,Yes,0x3c8d6c61be87335b266fc571e8f797184d0f0bccc68b700165e5b61e13982afd
BUY,0.001,46800,1743084326,Yes,0xb078c6f48f5d58d2760960690226a557916e0e2b6f35ba38ba2e9fce348afe4d
BUY,0.001,49010,1743083944,Yes,0x599ae2645968bfc974bf0cd1bc2cba89aadd973ba058a2d7df47eaeedee317b9
BUY,0.001,47630,1743083504,Yes,0x88bc3928a06e43057e7bc2f79cf520be386053b31be07834273a60218facc53b
BUY,0.001,49230,1743082967,Yes,0x169cec3e0b10aa0763fe9f56a057b910114c003989e9fee8ab779518068c987a
BUY,0.001,46870,1743082463,Yes,0x0917f9138ec14654ac2951372586454ce89542203e34381ea91fffee8fed9292
BUY,0.001,47050,1743082125,Yes,0xaebfbd0be679bebbfefa44e8497e18d599a8ac9980f0d4664362f1de0d5556be
BUY,0.001,50470,1743081745,Yes,0x520d9e01f2a26c26c62931d448b5ce8c7ae9cffe0078860b59a18dc1294e92f4
BUY,0.001,50220,1743081075,Yes,0x5b226ac70867fcc43d5ffbaeb4da1db0ceaaacb12bbcd5d8451b469422439b5a
BUY,0.001,36880,1743080677,Yes,0x4ed434cf24d320c6440a7492049f86f66ce0f8d8fbd7720206166d796e88f778
BUY,0.001,47970,1743080261,Yes,0xbf1d7c210c1ff0343d18f9a7601ad8426c244338f395e4c759c6c9e576e11108
BUY,0.001,49980,1743079885,Yes,0xcf3bfe8bb3a06a9dab2f6a3f6396f2a6b30e037a4844cea5778c7d8f3ffc7dfe
BUY,0.001,44840,1743079491,Yes,0x924dbe0606df19cb0d55306c3ff061c99822c793de6e370c31206b896b2f48af
BUY,0.001,50300,1743079087,Yes,0xc35b0e57d58e42e2e4aabd8bed82caa7e60c17f64456b75ae1cacbd053e2eaa0
BUY,0.001,46630,1743078813,Yes,0xeb91013f4aa91610e7d5c98350166575d889ab310f34fe3551a450c47318e795
BUY,0.001,47560,1743078401,Yes,0x3d88f520704e8306ef7ed4466c8075ce5ddcf6e7eb393827fed9f148256c687f
BUY,0.001,46710,1743077961,Yes,0x18d96ec036b5166c062357c9b7cb491da372b4c45a407aef168b769dc09f6bc9
BUY,0.001,50590,1743077683,Yes,0x805a05b7c952494fc42cc321a31cb5626749504aa294a8e1e243a632cdb3fc2e
BUY,0.001,50250,1743077333,Yes,0xe9f6a12d3cdef457b183d2e323779df3b50f79ab76bb03bbf37ec817ec91c01a
BUY,0.001,47130,1743077129,Yes,0x05f83c0bba236114ea3a02db4af834214517ba1cc71882d272b6aa2a52d501f7
BUY,0.001,49340,1743076463,Yes,0x6163b5f5ec508553c129c2ff4949035794ac1a0162f6836a3a317889c063f2ac
BUY,0.001,47740,1743076185,Yes,0x922f6354a8bc315be8c0c5c811dec74f198ac65a5dd19cbef588119eb93ba44e
BUY,0.001,47030,1743075869,Yes,0x01ffac952159b74ae058b97785df3a197ac0ebe323c9ff392c9a482865ca1a73
BUY,0.001,47190,1743075687,Yes,0xab7242d10730d5d22a3c64891739913c5ce4348827f06b43de9072ec9244da6a
BUY,0.001,49510,1743075299,Yes,0x52f54c1be35009173e3a6f570b95b3823d4d06848d4452ce9d783144b2a7f592
BUY,0.001,47810,1743074935,Yes,0x0f7fd2c72fe97343334c99cf93557b08b005ccf64eb8082043bb8a684906946d
BUY,0.001,48360,1743074449,Yes,0xd4e1d94394714a7eafcb75d2eb4f4f3decd74ba255ba924ea5ee8e7c9c9c2849
BUY,0.001,48350,1743074081,Yes,0xd5124b72d04d1130b1479ab199d84c6d069347db1fa74e8a8d414551cbd18691
BUY,0.001,48550,1743073861,Yes,0x55d939a2f00e7064f561a3e788cc05a8b74aa9d2d399ed12ac27d8777ef6e7ea
BUY,0.001,48450,1743073475,Yes,0x9c80e101c27eab5d031f7529b8fcab15ac48f1891b4bdf9c903a5a55810cdaa4
BUY,0.001,48340,1743072688,Yes,0x82662b7b55d0a02f723ef022353c3d38ccb571e837d43a011fdc76dee2c532e5
BUY,0.001,48830,1743071980,Yes,0x7cb78f14fff94640db9b0230a23a0eace3a26b20cb6a2e5a65951a8e37520079
BUY,0.001,47540,1743071492,Yes,0x28a586ba77d247e836d0a7d21a359fe67535ed2c8accef9dda83817e2db5e09c
BUY,0.001,46780,1743071154,Yes,0x6ec0d06c2169e9a86b71d4a84d01eb9d14f47c084fa7ad9757282b30fc7aafd9
BUY,0.001,50360,1743070870,Yes,0x3f0a66102927a6ddc9c8ed58ad56468be1b3fa703592cbc9b3510447a4ef257c
BUY,0.001,50680,1743070620,Yes,0x40768c8c0b739b89649a8a7c6e1c157aeaba5c283a62c66ee89905f739b61b51
BUY,0.001,47220,1743070032,Yes,0x7b1f3c5303c68eb9dd55d43480ec10c4dd20c087f83ec4a04d5152114ca32f73
BUY,0.001,46630,1743069698,Yes,0xbd9b91577e6a27ff2364f9f4a046dc069dd9a782f9c3e9e4681944ce33c65831
BUY,0.001,49730,1743069250,Yes,0x8ee6a6623a737db750a097ec0bea4287f36285d4d0c7ff9f4599838fa69aa149
BUY,0.001,47160,1743068646,Yes,0x7e46fa0f43a699c42c2a4e4b99051eb55a3ce35680276dac8bbaf833a727f33e
BUY,0.001,47890,1743068402,Yes,0xbbf1e0db977b6c4f0cd7304ed3ef92774a38e4c0f7212b868b3e2f89e5710c1b
BUY,0.001,48080,1743067944,Yes,0x6b0919c88ca76f9cdd066d953f6ff17ac4b10775e773bfa267ce448f6d3ff0ae
BUY,0.001,47910,1743067398,Yes,0xfa3cb15ca3da800dcf1438efc8d943f8c4cd513a708cacd4fc6b4a6524d7f54d
BUY,0.001,47110,1743067070,Yes,0x4b69e50f9afb63b58c4119c6e81251a99b14bfef4d3b92f46602cea332a4e4be
BUY,0.001,47600,1743066588,Yes,0xd7bf2b5cd8e41f7be33b5d81d0584ed682fce6504738f3b4f73815287863c6d7
BUY,0.001,49400,1743066156,Yes,0xc62b8d0f28a5434ba71fc052eb46c37e732092b66f8172b9833e8dffd3a81408
BUY,0.001,48520,1743065590,Yes,0x460604e0b33b13e6f07768353ba7db93dbb375d70e71614b980f7b9304e2c297
BUY,0.001,50530,1743064962,Yes,0xd6435a91c40e1b582ab6307f10cfcca385fbd229023f855742e466751933c664
BUY,0.001,46740,1743064700,Yes,0x385aece87f3444d3a8c939ba924840b0da21bef89fd14050e98798d51b6f5379
BUY,0.001,48650,1743064238,Yes,0xb9a61205d316795b5a8aef68146ce0cad57476ead5ee0f322c758319645b8d93
BUY,0.001,48210,1743063752,Yes,0xbcf81dc6db114157a8a3f38cd6b9ab28213061a5791e382d0763a5dd0a052cd2
BUY,0.001,49080,1743063356,Yes,0x998d579b09df8fa7fe01055988bd8fe40b1b3187947790bf75a5cfda14c5677d
BUY,0.001,48870,1743063076,Yes,0xdd7669491df9472f2936a5a767c445be56b7a2d0eedd5b9077341eb4dc9e14d4
BUY,0.001,46690,1743062586,Yes,0x594a19c57332461ce95a337996b53e07d2e83606a9fc1cb93bf2ef95af2bcaf8
BUY,0.001,48820,1743062060,Yes,0xe720a89533b84715558aa986d44ad7ec3a60b1ed15734af51b386c807230244b
BUY,0.001,47320,1743061554,Yes,0x3331264f6cd040cc27da521644931e584c95eaeb04a2a83e49ca3b146bbffb14
BUY,0.001,48130,1743060990,Yes,0xe3e96897ed174c84a59772cc0b007729011abe17773f6d9799242af4aed9c2d4
BUY,0.001,49210,1743060610,Yes,0x2952be83bc8c67cacef19229798aacb815d504df3dd725afa472e65c430f6a47
BUY,0.001,50530,1743060024,Yes,0xd07a9d4803689e2659acd3b26c25e5a69fd57bb40edeb1decf7c7855262d393e
BUY,0.001,49750,1743059414,Yes,0x81c15a5d7bc6b206efb56456d96aa3be86c36acf79cc59fdd45630b25ad4d4a4
BUY,0.001,49120,1743058684,Yes,0x9136ad55dd505af004a382d8c1b28a6af29bc3c6c6b9a03439c8f73a1eaf3016
BUY,0.001,47010,1743058370,Yes,0xdab7aa0755b3fd7ed6a0d7aa8e0ba165a119d2a6d3fe382c1fbf56edfc8a7d2c
BUY,0.001,47290,1743058144,Yes,0xc057444cdb69e8c3a6e425c9921cc2d056b519b0171fc8cd61aa52738f0d6c21
BUY,0.001,46880,1743057908,Yes,0x961908300a69b32c2700b2ed3be40c1075132d4784fc73a1a9a5863fc5fb0301
BUY,0.001,47060,1743057622,Yes,0x60a46678643355f64003598b2cfe0faef2109aa8efc7329925e9234e9e575193
BUY,0.001,49200,1743057306,Yes,0xd655ec7592ad936f30dfedb75b94b85bc252b436f186db323b69c0e3e6d654f9
BUY,0.001,47980,1743056627,Yes,0xa2c3a37615a335e3fa9a5ec1f6d4d3b0f6e22f7972e62dbe54acb7e4c218160f
BUY,0.001,46750,1743056411,Yes,0xe5ce4dc54cd05bf208d4c0076f3b7b443983d2ea80615fcfdadbe1a00884e6d3
BUY,0.001,49360,1743055813,Yes,0xfd67f27b08c4985603498a5e374f5a084bd00986589138189c91512eb3caf4a8
BUY,0.001,48060,1743055459,Yes,0x4b68f27fdb66b8176b04fc749d52236806c55f01376924ef30457116f299ee41
BUY,0.001,49320,1743055091,Yes,0x48ab0de3a59c4d7dfdc578ddb30e53efac4cc45575af1eacc2289959257ee965
BUY,0.001,48130,1743054773,Yes,0x55e93f500eda5d38753780e593c51afaecff72b917abc1eb198c564e674613e6
BUY,0.001,48620,1743054289,Yes,0xbb796d3d378daa272b0d2d5211f02428dc1b6475f9d3dd570044485249e40fc8
BUY,0.001,50330,1743053931,Yes,0x0b94c01246c5442356a1842227766d437c3dea032da7b882089325e7d87deea3
BUY,0.001,49250,1743053565,Yes,0xf380cf0b65df04d11804f4d313d6b3e4b2dfbe50334c00f5ea39c5215dd343ff
BUY,0.001,47660,1743052951,Yes,0x09cb25debf203b6ec57000d9f67d5edb1ed6116970ba5e63e438c52931b521d0
BUY,0.001,47960,1743052593,Yes,0xec6089e93b1c0ef2141fc4cdda9a0ef0975ed6b39bfcd7a4b99e7c8c2865ec2f
BUY,0.001,48750,1743052299,Yes,0x4e7b398dbce4b14daa2f12031c56270e38f9101be46444b6baba9a494f5ff311
BUY,0.001,47020,1743052017,Yes,0x4fecf52db91cac678b792f8a85ebbf477048da6463fae9eb25e6dafbb8b87e08
BUY,0.001,48660,1743051584,Yes,0x686a01719eea8e3169f3f090f14fd9bba205318346a622f971f77f89f5b71396
BUY,0.001,48530,1743051330,Yes,0x7bb65c5ea3cbc3e73f7eb83e69f4a2271528e1c205599bd072fcd9d2cd1805ba
BUY,0.001,50350,1743051070,Yes,0xca09c0d63d61d2939b192727776fcdeac2ab992e64eb0a98f203d57ab9196cde
BUY,0.001,49060,1743050792,Yes,0xc7b1b6b9ae62eaf586c1d2db8191e50b7d1983b4268ba47c1933c4878e9e133d
BUY,0.001,48550,1743050532,Yes,0xdb75213f97a80ca6d0da57422916062c57cdd2c27ba39a5d5eae917d0f44d871
BUY,0.001,50560,1743050314,Yes,0xe9104a8c5010b54bf54b3b8908da7328e50bacced2fb3cc213828380cd67b516
BUY,0.001,50700,1743049759,Yes,0xfc5117a9ac3dd140c7b05861e6c083567b804d8f4e7470f2ba8b079021e8cee2
BUY,0.001,49200,1743049519,Yes,0x98d1cf99a53327896d939abb23e40ee9d2de5fe587f5728c46ec114742ed899d
BUY,0.001,47070,1743049139,Yes,0xb3895495beb89145e5b2e23306a838b3451be94348f9654041b6905b72e7990e
BUY,0.001,47060,1743048819,Yes,0x93c6f575efea29c79aa1e9ff600298c25547eaa9de326f0d69e16cb36a87f89b
BUY,0.001,48830,1743048487,Yes,0x8e735b38f759282554ab073a083a7d6a16481d74782191360347f848682b84ac
BUY,0.001,46710,1743047829,Yes,0x664e9ca30e2cc3636856c93ad3622fb627090659ac1cf1255b9d723f1752392f
BUY,0.001,49700,1743035361,Yes,0x2191015432bd45a59e1c8a0efb868059c85327dbe421e51df32915b2735098b1
BUY,0.001,48170,1743034983,Yes,0xc5d6074517432fcc96af708184f8213c02c258c0a6ddb9e58ddaf42fe74b41fe
BUY,0.001,50130,1743034595,Yes,0x781e693a9f9dde139115277034486b3a74e9c8423f964f97c13eeeaa2cf568ee
BUY,0.001,48960,1743034309,Yes,0x2a3068c8a80e97d634977cca6104932ca91f5fff44c7ea1bdcc095124354b75b
BUY,0.001,50000,1743034007,Yes,0x4fdd13c4212f23e75be5b32c386cf026ab1429e89bf83450f1de470049e09e8c
BUY,0.001,48350,1743033747,Yes,0x92378a90d8cca55f32414712e5da59bac4bddb8c226a543cf1556a4050a45dec
BUY,0.001,46750,1743033441,Yes,0x567ec5924caec8e53b50ceaf6a68b79e6cb79d23576830ca45ccd5ec57c297e7
BUY,0.001,50630,1743033143,Yes,0xa94eec79edf44610439ffe2ad9194701498c17728d72290d8a794568ef7a35bc
BUY,0.001,49640,1743032805,Yes,0xeac7d63deaca992c03fb5bc4484ed179c24bcc187f4da57291b0a31d2106dc20
BUY,0.001,50650,1743032485,Yes,0x668f3a7befa08ec109e507caf371b962996af9e5bd6ba1c8dfbd6bb45e311b47
BUY,0.001,49080,1743032203,Yes,0xba933341369e1dd3707446a1ed56e3a1c5ed5a3aa685a9565ce13046b099e85f
BUY,0.001,50200,1743032057,Yes,0x9ee8927bf1b0e6e708caa4b2de8b93580a4083f9c686ff0aa2be02b67eddbb18
BUY,0.001,49140,1743031875,Yes,0xad518634b5ed0a5c987e33fc87f014866513e0e2c152701c99d6743530472791
BUY,0.001,50670,1743031671,Yes,0xcdc7499423c1a20197fcaf0b6e61f76aaf21fe333a08bd4b9ef9e0e69ed6a7b5
BUY,0.001,48120,1743031439,Yes,0x988d3f36e8c68b8a5d5ffd0818f38dd8f44b3f1bac61913e77faf5f835c8e106
BUY,0.001,48130,1743031289,Yes,0x8d3d422d3b8474040c302dd17d094fb7aece01abb848e95dda26bb207f2ca380
BUY,0.001,47410,1743031025,Yes,0x0cf83ef418064bc35aa9e89b726f3db65784597d0d86f9b7a549c00a29ed11dd
BUY,0.001,47480,1743030717,Yes,0x81637a15915edde1aa50384b42a451881477dee39c2fd5f72a6fb6ec0d37222c
BUY,0.001,47080,1743030555,Yes,0x0052efc1d56c7248ea9f252c1c80c7fb7e174d3b23a52a8c024a94993d82f644
BUY,0.001,50420,1743030365,Yes,0x65b066c813c1f6ef9a813a146e3a2ece0eea47e599f2960040fbc8c76a8ac026
BUY,0.001,47780,1743030083,Yes,0x27e7ca05e849e0b9adbacb5f94149d3d66a8c22698bd0aa3a20c52a829c53d2e
BUY,0.001,49720,1743029855,Yes,0x8ccfab7ed435bf56f9535db0dc4762470961150580268669f22ab54f0b4acb17
BUY,0.001,48740,1743029613,Yes,0x0ccc6cb8a89b623fe43f90c26d556f7a03c6bacaa9d911d7873f8ae77e25b655
BUY,0.001,46850,1743029300,Yes,0xb04e25a1b70734f0fffa6da36af2a95d31374417b133aa9ea9c6d90382e07620
BUY,0.001,47640,1743029008,Yes,0x9f565a862eb707a88630f5d28cc38f1847695b4d07c244b67dd9190bbc7078a1
BUY,0.001,48690,1743028730,Yes,0xab3f1df0c4ed8220bc025533ceb0bf71c720f34e08f18078bede59915872e3d9
BUY,0.001,49620,1743028444,Yes,0x4facd449ad8d71e40f50b41873517505edf0d22e8253602236b98fb0097b9301
BUY,0.001,48490,1743028148,Yes,0xbadc3b6d526f0d0ef83f68c5c5c8b0460f9cbc4a979872f0b1e9ea12ce9420f4
BUY,0.001,48480,1743027844,Yes,0x866b837d673678043fc3ce0dc7f072b7d46847792470526d0e640b74c0c2c9fc
BUY,0.001,49790,1743027594,Yes,0xb9a5adc972dfa397fb6c7c0cfcbd84442aec03e88629eeb8f6421f39298dc812
BUY,0.001,49910,1743027310,Yes,0xb99ead38fa3d55eb4803caf449f2898414ff202690172cead43b605ca735c1be
BUY,0.001,48770,1743027116,Yes,0xd0397ab117d00a126e45d17a5672b64acd5b603971bc3831efc1750330d8f84f
BUY,0.001,50710,1743026870,Yes,0x3391f411432bdeb10b2d9bd0ece30992f99ecb059ae7f804c7b4eba17dd5ba89
BUY,0.001,49520,1743026595,Yes,0x196a17134c39553730f55787a04f36dc3fd77983fcda1ae5c094a7c8ac67d645
BUY,0.001,49150,1743026385,Yes,0x8ef3d76bcf1fe48e7a2b5d7f2e495bd6d93295564a34ac0c60cbcd39ef8f1a7d
BUY,0.001,47150,1743026133,Yes,0x37b45f503446231696d62c947362cee18fa7e2fc20dd228a0d3d4bbefb18b3de
BUY,0.001,50120,1743025901,Yes,0xd7f51f9ac1aee6891416fca0b47ab4a827d7da8f1b23ca896d489c10e23f1dfa
BUY,0.001,47930,1743025681,Yes,0x2c738b2fd5e546c38fef291986a3ee3b0a24c3f2d26bf277d68b678eec300ef3
BUY,0.001,47060,1743025355,Yes,0x4d4a9e5e5409b341f1b322b0244fb2e62f5fad49cbffeaa3c9a2dd0ad5bcd70f
BUY,0.001,36660,1743025181,Yes,0xd2dbc439ad8307d4c929a8d298bdf824bc4dc357bf9e6185604be9e82ff8fb1d
BUY,0.001,50590,1743024497,Yes,0x7a8c671edbabf064ce38721c744f415c0d10c870a5cfbb686fab21998eb17e5b
BUY,0.001,50340,1743024193,Yes,0x0bc8c2dfcab583a17f8ef6ae51d05495805daa9b33426c3d5d54883ce327ce1d
BUY,0.001,48060,1743023597,Yes,0xd289ab06b36d520ac2a56e6603fcb2b6e41ef203af26afb3cc5125e3dcc8820f
BUY,0.001,50100,1743023297,Yes,0x7de140d1553aafe97b45070a933b839845e0beabc19d5c518a00f66676c1b572
BUY,0.001,48760,1743022985,Yes,0xb14e4188a4e8498277af64188489852881bfb0406af1e41ab935873f61a709dd
BUY,0.001,49790,1743022659,Yes,0x53ea4050fd06de08810a9cf53963b20b320b882aec8e3e50d626790e10359af6
BUY,0.001,46970,1743022405,Yes,0x57a5161bbe7a856c2605822af3ecfb02806aee7bba1c93526f314044816ce586
BUY,0.001,49830,1743022083,Yes,0x1cb711697f1380d8e4a8d143835b573edcfee7137468fb5c8680780635a7debc
BUY,0.001,48440,1743021901,Yes,0x0370cfac76b622515b9dfd8d97f423181b96d294da5f4282b23413d179a46603
BUY,0.001,50570,1743021637,Yes,0xfd2e52be641633a1086cd77244d27e13de899376ab43a368fcf24ad156b30903
BUY,0.001,50150,1743021399,Yes,0x02426052dcbddc611efb3b960023dd924cb74a54e5de449796aa7988caa1c8a8
BUY,0.001,49880,1743021097,Yes,0xb39baf3ec5aff8c0b92ac5f1bed0cf0071a7fdf50764aa642a936a73e8f40c7f
BUY,0.001,46840,1743020743,Yes,0xb9713168f33f6b91b4b80810a8697f7e3bac9a41aa725ffe87620cdf9ceab36e
BUY,0.001,49910,1743020445,Yes,0xec0392fff40fc1f9321c53b699b90968a58e696328cb6180285bdccba8efce9a
BUY,0.001,49560,1743020193,Yes,0x193c4d7449c53ee2378fbaeee3a4055ac3c2d9ded1e1cda8c11792cf3739d45e
BUY,0.001,47300,1743019915,Yes,0x70c588cf749236b03f918667a58172045eb538586a897e1705ce563640629855
BUY,0.001,46870,1743019639,Yes,0x7908ecd15d6c14fca97be31f88227a5e00b095e8155219fa9bcd0dc2e1ad74ce
BUY,0.001,49250,1743019377,Yes,0xb6e676df604d1f5ae4568ec8e234050db14b6bf3bba94dc3ad313c0d0e49bacd
BUY,0.001,48000,1743019135,Yes,0x5a8e18d4f91967da28710d52c3c8d342997ea5442a0e6b44b4d3a7433581f56e
BUY,0.001,48150,1743018853,Yes,0x8ac4c1e3082d68018e5bbfb66f9927edc1ae6d57a03bda26c9f5d55a02a25e1a
BUY,0.001,50120,1743018557,Yes,0x327c7c1d4ba214930daed67510835da6f24c61576001f9706c7a2003594d2084
BUY,0.001,48340,1743018333,Yes,0x18436a529da357046821aa65778322977619025947f094e34b160cb7ebf76fcf
BUY,0.001,46750,1743017917,Yes,0xe1f082b82062f88e109a271aa5ecd03ee61db1284b76895b0830140157028f54
BUY,0.001,47880,1743017755,Yes,0x3f7b7a9dc43793b58c7425359cf0499c36029e8a971258b17092fe502b72a15d
BUY,0.001,50220,1743017575,Yes,0x04915dc404796e02348f5487635495cf8afafe3c6a223106ed3a4edf76944577
BUY,0.001,47340,1743017369,Yes,0x25a473f0f5fc0d052e21451de98ea97b6841b4854bd6af5e7fc7b1d877005538
BUY,0.001,48310,1743017241,Yes,0xbc3467d67bab78fbf61059957b63e69226ea109b913b8f3daa1a649c92235906
BUY,0.001,49300,1743017059,Yes,0x2c0afb592cd310456b2362a980e745fa840ef34570dfc166987860be611427e3
BUY,0.001,47920,1743016775,Yes,0xaca00dfb53ecfeadfed3c6a87422f8338b21031e1b43e3ea42f226d194c99f61
BUY,0.001,47630,1743016505,Yes,0xbadc5fb186a8500b7fe43378dc4615d8c88d6efecc142afd45a2f2027418a2d2
BUY,0.001,45760,1743016325,Yes,0x254d5b5a7970347db3c041716538803c0bf30fcdfe7576348733cbec9c5748ac
BUY,0.001,49390,1743016055,Yes,0x0a6609d1af6c5a8d3359e4309f06edcf287023acf8b0571dafa126a465fe267c
BUY,0.001,48460,1743015855,Yes,0x5af60e9139c08c64fb96f9ce37c890bb24749823fb7216f60a054b0b899a01d5
BUY,0.001,36800,1743015659,Yes,0x1bab88989613d5bc229c29d320a24dfa15c5cc33eececeaaff1bdcb5d19e1e5d
BUY,0.001,49370,1743015335,Yes,0x4455967d8cf62361f6440483be6fe9ff5e9e45774ccdac0eaa8bf87d7a85765f
BUY,0.001,49040,1743015085,Yes,0x58f1a022b08edf6f70bdb3846281363e8797df86deb8ee15f0350756393563d2
BUY,0.001,48130,1743014871,Yes,0xc212d258083f806754d5ce10dc6b8c51c755df0859e8a660e1644184100566c3
BUY,0.001,49570,1743014601,Yes,0x1cd5af56eb732fc4bd60c4f93e984cfbe1ae7cd251fc3bcac49dcbafcb4bc40a
BUY,0.001,49170,1743014427,Yes,0x2d10ab7ba0607e675c861c5a57ff5f9e7157205187a1c4b405b0723f99fa752c
BUY,0.001,47320,1743014145,Yes,0xb5b879c783af078209b31497e9e1b3cc205eebe69547eb282fe85b08ebb71030
BUY,0.001,49590,1743013875,Yes,0x40e73b894cbf52f88a8abec8c8a340d5d35e703d5c6d63bb9f14ae901e397bec
BUY,0.001,49320,1743013699,Yes,0xc94a9c26fd044235737a893702428853784061547bf8790952fd1c933371fd46
BUY,0.001,48180,1743013513,Yes,0x255d5b0eda898b8cdebd5bb5186af5beef7d3d64dad71b0c9e6448a0f3be7bee
BUY,0.001,48610,1743013369,Yes,0x126eaa9b465597e9b092502a592216543623cccaf8b40f9622565cae66ab575c
BUY,0.001,47360,1743013151,Yes,0xec4f2d015c1bd66fb873fb374dc43a08902166a04ef843d833aeee11a7ba362d
BUY,0.001,47290,1743012871,Yes,0x6c05ff59400e50247a0a9d5dbf3a87c7503b6596a2270b824e8c04a018af3aeb
BUY,0.001,48710,1743012675,Yes,0xe5982cbf500ab676140e77334fa93d4f308993dd8ed7fa325e77961c7d9a664c
BUY,0.001,49420,1743012422,Yes,0xd4227bd1053305caf6c5183c90e4fed3705efe582561d899abf7d6929bc41a8f
BUY,0.001,49860,1743012179,Yes,0xad679caa1dc209f1560c6f8659926c44ddd668836a04ec9b307e10658805fb82
BUY,0.001,50260,1743011904,Yes,0x685da796f1e120fd2e85e39be699cb092979c646a78f025dc40bf639ca441faf
BUY,0.001,47680,1743011618,Yes,0x3833516e45793e87384a659c6f1937c1efcb1904f4f9ee2f5fa381a6a58cc43a
BUY,0.001,46950,1743011409,Yes,0xdb982cd6353b504b8d91ed388d87c9df4f02cc3cccf024a05967eccbd760132f
BUY,0.001,49510,1743011163,Yes,0xa23110c9e78bae8f4f8395e69749a81964bdc6e6f0821ace3532de4b3adb9dec
BUY,0.001,47580,1743010921,Yes,0x4b9339a3c7769314cbc56e21c9eeb8472cf26bbb7b0fca49a03bb4fb9445b122
BUY,0.001,50010,1743010739,Yes,0xf3aaf3b3fbbf6f755068a4d9a59ecfaabb63c3f56c260e5edd93712d3b0ec8f9
BUY,0.001,47420,1743010523,Yes,0x013f8422eb6f5e319b1275b1b8825133a7f42ca71f720950b68bd2576d7344c7
BUY,0.001,49230,1743010327,Yes,0x8667b872b57812fade07a7b6dbbba4e999585105c492575b18aa63ea6371bc91
BUY,0.001,44870,1743010039,Yes,0x68d0793ab43cea1096c1a612e1044467fa3e9cc249a2a360b90cfa15d8eee216
BUY,0.001,47920,1743009861,Yes,0xb37f6c96b3303a019afc79559cef57aa6bb814d1a3dd1e20bcacc7dd7e691673
BUY,0.001,47810,1743009623,Yes,0x9d5cdc689d0a2a1a2345d6550de8f7c57c053a66236b5b0a95133b2917556138
BUY,0.001,50640,1743009319,Yes,0x9cf114369ac19e5ddba9781f1c87322056bb5047e1c53e53b583f2fb2bb1310b
BUY,0.001,50670,1743009183,Yes,0x83b76dc41c9d96307eff61560d0feac639d128271c95def7be220a1e04eb78b7
BUY,0.001,47250,1743008934,Yes,0x98e5f2a6cd308343000f62105c7fa055391b2054d18c82509e6847bec75b7f8e
BUY,0.001,46980,1743008689,Yes,0x3d1cb29ca82e544b05de799c39024af363eeed706266380f51b37f70c48fda8b
BUY,0.001,49140,1743008406,Yes,0x8f54ce982c4a2309cb237aeef05feef3905a8acf2c2c8f854f3fb296a072f82e
BUY,0.001,47510,1743008248,Yes,0xcc9ff04a8564f32548dedca1a9bc1d618264f15e1e58cbd7968ac7b65a1f358a
BUY,0.001,46850,1743008000,Yes,0x1e9c89a56321f02d61420cf1c4955e79b271449bdedcd2f70225b0239fecad74
BUY,0.001,46910,1743007576,Yes,0x7d8ab76a4a10a06eb87191a8c4602d04c00b67b05e6f8062582f95bea5b356d4
BUY,0.001,48970,1743007143,Yes,0x4227bb5b0b0e6304086836a9e3fffbaa034a3b099dea7fc058dcbdbd8093a26d
BUY,0.001,49300,1743006903,Yes,0x185c23ddce32bfddac3418577fd4a3bedf41b75e0371fec9fa2d70444b40872a
BUY,0.001,50680,1743006583,Yes,0xfa11b7c0baa57b4a2fabecee8f249bbe2c9d90e854d87af832507572f2296b83
BUY,0.001,49660,1743006265,Yes,0x05fa81037a4befa69a04b483d272ba9983744abfef9d813720b70e45b8764486
BUY,0.001,49720,1743005909,Yes,0x2109c1f0ac663db0b758808eb1a47334adccf68c62a6a5109cd483dbe318bab4
BUY,0.001,50540,1743005674,Yes,0xa40d988e7c2e64986a600f5be02141047c5aa6257699a863ccfb9774eac793ad
BUY,0.001,48400,1743005456,Yes,0x0eb9da0ce45729aa53fa8160e30a0232e259714e8ec164ce63f6e0fc6b77688d
BUY,0.001,48520,1743005136,Yes,0x1935a65860d817cd15e2ac6ea29835703d3e5b9f906062cab5ea41dfbfac0a33
BUY,0.001,47240,1743004714,Yes,0x1917c411287cf2fc4980884bfd78b504ec6ed1cf09244ae4c3592ff537931e71
BUY,0.001,47300,1743004466,Yes,0xec50d97c41958ce5d9d99ada53bae6e96c8d64b6b408a1d6bfdf92a58dd9dcd4
BUY,0.001,49370,1743004170,Yes,0x5cf3ce56f5a3ce40f1eb92b9574706fae8c50e47f518d39ff6ab616e739f7055
BUY,0.001,49160,1743003978,Yes,0x17d46eb04bc6e77a444da6ba28c22e8ea4fbbe0e453ea7fb9036261192817986
BUY,0.001,49360,1743003834,Yes,0x0128010c20b333ed86b8880d322b0e336b2006f033a0dae71dfec85457d51c05
BUY,0.001,48730,1743003458,Yes,0x3769b1bded12366bd97b8792dc27a430644a312c9c5f6b773507e0f4bf5b8019
BUY,0.001,47850,1743003262,Yes,0x023f0a1ad55d15c304972080613fdce3d44b39edf49e5160abb66989510cada0
BUY,0.001,47450,1743003112,Yes,0x992e88e994d9813e8af325c2cb8f7be4e5214513ad83c70ad49ed67e71e40a41
BUY,0.001,50070,1743002908,Yes,0x1525511884f4e83a1094598834dbfe0ba104218f7a07923b62370f46cf7bdb3d
BUY,0.001,49090,1743002701,Yes,0x4b110801cec2de15370492bedd6656ab09fc67266aba4ceeb9a20e3e0f9c5308
BUY,0.001,46990,1743002491,Yes,0x41d73e22b08a8743ece902a5fc1ed05ffb0edfc8825b24f1ad14a15d06b166ee
BUY,0.001,47950,1743002170,Yes,0xebe61817d210b536524cae7b05a71364bb9aa9f7af1a805cab680d5457fe937c
BUY,0.001,49300,1743002008,Yes,0x85424074dd7df3ac9fa7bfe0c1e6f447b1a8246d8bdeb8c1b8073f21d4b546b4
BUY,0.001,50370,1743001866,Yes,0x14902231fe2209b481dd91e4cf7789da0ba9d31aa0ca25ed1091b9aa0208a17a
BUY,0.001,49040,1743001600,Yes,0xfbd66c2a2306d7949f38c334510faf88f58f6f8891f003d5d65a3acdc9052fe4
BUY,0.001,48800,1743001376,Yes,0xfcf14ad23cc19127028c4ff0faaff824165cff3c0d2bebe4988e2b49ca583c69
BUY,0.001,49370,1743001172,Yes,0xa51252d5b334b5605b22b0515af070bf98f62f001b51dbd000b3e8ad47d408aa
BUY,0.001,47280,1743000854,Yes,0xf1cc4632df017913ca7731456e2808aaf23f5160be144bf0da98f0b316d274ee
BUY,0.001,47640,1743000700,Yes,0x8d84129c62f4d418d29fe38890d57532ef2256fcdeb08e1f0ff15f13a933aa69
BUY,0.001,49400,1743000344,Yes,0x70d75bb3ba19fa2151bc8e874dc417f35b7a6cbdf2a76631df549ee8459d3de5
BUY,0.001,49340,1743000028,Yes,0x6e075a64aa86d76859ad24bf1df49de02ab97393d7c21627f25faa8771b1a967
BUY,0.001,49570,1742999868,Yes,0xdc62dfe56f4c53183cf6f6a0f72ad5e42cb50545abe6e27f51848777cd819c24
BUY,0.001,47630,1742999596,Yes,0xfe4ee2e374cfd4bfb6d122210f004e10a9feb371ba6fa2d70ce454dc1d685fdc
BUY,0.001,48760,1742999410,Yes,0xf8951ef26a293bcbdfe87d820181d8ffb5ef83233b785bc286d81ac371940092
BUY,0.001,50700,1742999206,Yes,0x5f6a69178f8b9662bcc271fcd89c38d61a4a3a6cb1f0f6a6da6d2e2fa0349ad3
BUY,0.001,48810,1742998884,Yes,0xb6ba035b134d52f164ff817ecbacd2bdb06185599cf8545b9254a564965ebd30
BUY,0.001,47800,1742998712,Yes,0x9f0fcf6f3a576027be76525fe9eb3c5eed1787d22bed76b4b37a670ffd8f6c5e
BUY,0.001,46990,1742998348,Yes,0x25c5e06a99b7c740eb003ef687aa6c6f8de435d1240c931823194a1d7b8da5e4
BUY,0.001,50320,1742998064,Yes,0x21d9ad69e1310b6447222a809dca75a78f85483b96b60ebe52d400eb97f6e734
BUY,0.001,50040,1742997780,Yes,0xf1449a18cd8e080f560ced6b1a022cfd642a65c5890c32b94aff5fa7a081797c
BUY,0.001,47240,1742997588,Yes,0x26deae887cdcb259c5d7dc23c8e412faac10ce9bc84e96ed189b9d21483a5f64
BUY,0.001,46700,1742997368,Yes,0x3bfef9767f3d4d9b3252fa5f8d8b837ee0c1343a1f2d90263fb087fe57085096
BUY,0.001,48500,1742997196,Yes,0xcbc15c1b88bcbce71d87e349a26c9634c37000d0b64247bed2a82e8af8085181
BUY,0.001,50420,1742996870,Yes,0xf25fe6c9fc97befd6e511cfa21cea1bcfe2290caa82b5fb8a54cbaa1021e59a7
BUY,0.001,50280,1742996676,Yes,0x2ea575c015df37ca24b02e2556793459ef1f199e74339142771f58a39ee4f536
BUY,0.001,48600,1742996492,Yes,0xdca37fc72ae6c8f3f24f13aff8dbd1c0c662d2ba1d032469d2ed663140b7cd14
BUY,0.001,49590,1742996380,Yes,0x7ca31ed344f010476657cdaf2271f03eb029f1ad9eef5232cd722e92a8772c9f
BUY,0.001,48940,1742996210,Yes,0x67c952c48038d5687e1d99690417a47fdaa0b2c610cafdd32184537eb867dcda
BUY,0.001,47830,1742995962,Yes,0xc8b3038a19aae663f6ca936af01c1e135bc4929270de503147b3f9cf60e739ef
BUY,0.001,49230,1742995792,Yes,0xf39e7a6699d93948403cae10408413f71604249b7cf5fcb4f568c714c2db4c38
BUY,0.001,46770,1742995642,Yes,0x682e37b8e8915b153eee0c4ee7d09cb853995020a33b7696baf0fda0fb01d4e7
BUY,0.001,48740,1742995492,Yes,0x0ef4a70bab15b00f621f33021441aa6e226e0bd418e17b93bc72f5878594554d
BUY,0.001,48100,1742995288,Yes,0x06eddef675098b4e4b4f3d137a50b9d6a9e12fd8a44ba99ac6d639218c133eb6
BUY,0.001,48360,1742994840,Yes,0x1fad3c52a3702b097f4a5e105957f9cc48a34903ea7f65c3f56f5ed64ad7a0d4
SELL,0.999,1.32,1742781391,No,0xbc0478609874e51a71c8b42565266f5b64d72fb9f13a9f6db4a43a39ee875106
SELL,0.999,1.17,1742780735,No,0x87531988a882b7e0760fb5c2e75e95433ac56ccaf9bb8bcd01934cf38cf6a058
SELL,0.999,1.21,1742779913,No,0x6091c8d1a3efa22fbf862b7031636b459eefe5136c098c08100827879253676c
BUY,0.001,1040,1742766464,Yes,0xf124415c5bfb62751d82ecc69b5f15b1b5aba96b359d3da0c9c4af2721f64902
SELL,0.999,1.18,1742739615,No,0x43c3b51add4eda77e99583f5480518e054ad8363c94c4ea57f11392f9343dc91
SELL,0.999,1.15,1742739035,No,0x9969b26b171858d850b1c5b9f5f3f1393a2ccc3bc88d0595e0e474616b48d4ef
SELL,0.999,1.17,1742737677,No,0x0de71659836b9dc63e7971a62db20b08fec48c95989e44c047e90aecae618063
SELL,0.999,1.17,1742736757,No,0x9c801e9f525e816fc2b8a8c8238ea0758f5f449d105347d12802ec1b3452a69e
BUY,0.001,2390,1742660032,Yes,0x6f423a021eb0e1b5e798473e2ab35c25ee0956e83495122d3e9b2ff14da508a1
SELL,0.001,100,1742640541,Yes,0xe4a802eddf71a156f69b3684ee17aeaeb659dd01b1c61f39c18ceaa771d6db63
BUY,0.999,41.391,1742640533,No,0x06fdfc41511c883afb2814dc81d2726424502e4263353d0f0e45c416ecfbb845
SELL,0.001,1000,1742640533,Yes,0xcd122e0715d11f92c83ffacee1b7e04f1b2a31c781deed99b453d21e052b7d83
BUY,0.999,67.597,1742640453,No,0xa26646f2ba2692f3aefb1a571593f33e5ace585ab7f8409ff56fba24b85f6276
SELL,0.001,1000,1742640453,Yes,0x20512748899dac3886d15ee38a3dfd34fef927af35bc591e1a9760bb1ac35136
BUY,0.999,22.502,1742640439,No,0xf6a987d40f829f4d3b36ecb11a0135120611c7c6119f69ec363259b7cc71ae05
SELL,0.001,22.5,1742640431,Yes,0xe92ac056a3386268e9d556fe1844f0a44492d0ff4aba6fa7bbec565693466754
BUY,0.999,22.502,1742640423,No,0xa1dfd354c12cabba948d91d568ecda7a666ca8f8df79ff676e7f4a74e6a0b0cb
BUY,0.999,300,1742640403,No,0x41010918301d14c86c0b909cb4a0134edf61d2b3bc73f6f7bf2747a9646402b9
BUY,0.999,150,1742640387,No,0x636a853f81193bd6698b08c4bfcfbf7161f720e65207a00b57e2513cbb9fbcdc
SELL,0.001,1000,1742640387,Yes,0x7ceae1f482eddde21b7d644320084a7aaf7588c47ed3f8f7bbf9ad148e957fac
BUY,0.999,90.36,1742640343,No,0x26eae443545c821d242eb096e9f806c746fadfb3b8e0026c3794582105b1b74a
BUY,0.999,1.321,1742640301,No,0x7b114c3c5db4134e8dccb6af0694aa3de56cceb403ddb51194439a898c5e292b
BUY,0.999,155.005,1742640291,No,0x25780e97e8abcbb7b3b54497ecdfe175f485dda0cc2c5ffe3be78c28673f0cf1
SELL,0.001,1000,1742640289,Yes,0x6c654621e6226a8eacf53fcdbdbc196a7d4657e9db07a798e1cfec536ef8fd64
SELL,0.001,1000,1742640279,Yes,0x3dcff2d1ac50c7e754d54d187607a4fa75913dfd82037544621b2f7d3a4aeeea
BUY,0.999,100.1,1742640279,No,0x4b77f2e7ff4ae9b4d00879b4bc78953c787c72352fd94af1d32224de2a13ec9d
SELL,0.001,5,1742640237,Yes,0x676b8e1d1187e6f438e29c74401625ca3fb933f03723869c4dcb1e257f14203e
BUY,0.999,30,1742640231,No,0x800f732aed752084362bc617bcd3db9f91bb8f420c716dd0c774f50dd7a85b53
SELL,0.001,1000,1742640231,Yes,0xa59dea9430d6ae6918ffef17486210cb70a3f05bf8c88382a8feff4242fe2c1e
SELL,0.998,385.38,1742640015,No,0x39824fe7ece2368b8d163b11530a78087cc81a911d72c42744ddfc55327ff699
BUY,0.999,1.171,1742639249,No,0x924d162bbb3bf6abaa2d7087ac9e47d94a752d75d775628e82f114c45929375b
SELL,0.001,100,1742638795,Yes,0x5873ff3fae6116f5e45704144c0cfc05a221da403a006ace40803d0b00e7ceaf
SELL,0.001,160,1742638347,Yes,0x5b8382e689bb11878e509e3685550aa07f36ec12030a1778b6e07815fa275192
BUY,0.999,1.211,1742638287,No,0xee21e65942eacf993d7656e8f6089ebf8299ded6a92d6028170dc333463ea5c4
BUY,0.999,1.181,1742635210,No,0x9f9b3021e8df1d51dfa460fc4bab5a310c3a419637854d158263139eed52669d
BUY,0.999,1.151,1742634504,No,0x2049fd473906679e5905feb32311497804e547ad198ae7fbfd8859bc6cc1e062
SELL,0.998,50,1742633961,No,0xd08582e2c661eaeb2872022e43f5ec4d8a5f9c325a7a7c649b87cedc2086c27d
BUY,0.999,50,1742633917,No,0x9c91d071811446f3316a9eea651f37b3e3603a085fb12f19ae1578a2207c10d9
BUY,0.999,1.171,1742632955,No,0x887dcb647b2368c4c0f57bf0168bf92e414267e5feda61b2c09864304d85fea0
BUY,0.999,20.79,1742632101,No,0xaacbc35fb633c38c994895a2d18d1458327f733cfb26653ce904f014092f80a0
BUY,0.999,1.171,1742631918,No,0x8685d2e6eda982e554399fc9aeda85e0945015bfe51f4ec030ad92f91bf2b0c9
BUY,0.999,2.152,1742631750,No,0x1bd307922d2663727a3e31cc4b97e440489e8dd40e5a664a46c18d1893105d95
BUY,0.999,51.811,1742631342,No,0x5e69ff5536dd9556a3eb01da46d9c63e13d96022841917f1abeaf087aaf3c156
BUY,0.999,22.922,1742631258,No,0xc33f2f6d396910f70e14d8e1ce7fe6f271e336ee4502133b888fdb7c9c4d299f
BUY,0.999,385.385,1742630578,No,0x8bccfb083f6ce7af24d5078b052a2f30c0712ea3bf7811bb9ee913444d1da4e8
SELL,0.998,445.44,1742630490,No,0x1fcdb7c672cdf771a78cadb4478a8c3d220804dab0efe0b54edb6853325a2e68
BUY,0.999,110.86,1742628372,No,0x7b139cd795c64b6598993f99efc080249c7ff3bbae01354115a673346c08b1b7
BUY,0.999,159.009,1742628338,No,0x3236e82ed1eb1f37625990b225224c66ef3dcc7c8fa28b9da4f44eb867299201
BUY,0.999,300,1742628292,No,0x3eff89848c84cedf74df06c5da7a5ba27cebe0de15c1d5a7e1d15982178d1fb5
BUY,0.999,100,1742628206,No,0xd37d91ace37aa10315423cdd8c4c2cfc4dc141965e0ae79e06c0bdcfcb70ee2f
BUY,0.999,300,1742628164,No,0x38ea9d31cb6b6d9dd771ed63b009dc1321acc9da30ffab2ab9634ee62ebb5f7a
BUY,0.999,100,1742628080,No,0x8c1e06a6ee0e6a4d0bfe45c5ec0f974d3662e848095d88d6916222cecfa9ac73
BUY,0.999,300,1742628076,No,0x51ef01944e6eca37f31ae1e3d7fa107272151eded198a5f1ea10a6736a00a071
BUY,0.999,59.009,1742627888,No,0xe94be52b16174130be470bf770ecbb0d0cf2dfb14455ab9bf3f5236bbf4f81b0
BUY,0.999,49.009,1742627831,No,0xd4f1b7e2fdad4e6e5f49d2724053e79523fba3de26b319ddf2a844306e57a3b6
BUY,0.999,21.001,1742626903,No,0x5244b88f2003837c4816c5ccac0e3aacfcd34c138048fdb652050e1bdc05823f
BUY,0.999,75.005,1742626361,No,0x88ea2cc11624ba7a509848023b885d567401c48cada4457cdb4c17d1daa84923
BUY,0.999,55.005,1742626237,No,0xf0c7b0b2d64630abb855be485a8f2f2afa63a0201b331130a4bcff9ddb7536aa
BUY,0.999,37.467,1742626227,No,0x1e72f862780a05cc094b03b94f6043e752d9720bc79763f53222ccba15332f33
SELL,0.001,1000,1742626227,Yes,0x178cc30e053292f5ab8b4e5eb3ec452dc452055379153a72b0882448e108d37a
BUY,0.999,20,1742625855,No,0xd4e76204938c2dd59c93355d5395f70b4f600ac31eb5f9e117bab507e704fe39
SELL,0.001,1000,1742625855,Yes,0x11ed5bb5b136b7e434462343e9b1d400f8682c386025a0bf0bdcbba81c5ff798
BUY,0.999,29.009,1742618323,No,0x90b3ec7d9f0815c1077b1a7ab60fb0917b42210a49825f5a163fde3c2845c6a7
SELL,0.998,15.59,1742601598,No,0x4037b544a565440ffbd3dc8879594674bd5de1cf3c6a0e9c19ffbbaab41eb216
BUY,0.999,15.595,1742600600,No,0xc688c88bf6f1eb014f119a134fbb6bf56259a957078bbb918f8aba5fa0b0c5ac
BUY,0.999,69.009,1742598982,No,0xb838d03f856747bd53983fa306cc69407f85ae5d4a30e16e9f364a5d97a79c03
BUY,0.999,39.009,1742598022,No,0xad11e6320e0d21455973fc96a6617bad63a66b0f80280fd0946409a5bde20d3b
BUY,0.999,5.415,1742595174,No,0x82b9fb3216daded49937e44b4d074767958b47a45ae00876de6c5e84586a7997
SELL,0.001,100,1742594546,Yes,0x2c9f800a9f51ffe4442f0f95915dc0812e8fc80f0a8fa3b74a25cfbd3155eb45
BUY,0.999,445.445,1742594544,No,0xe56726fc526b4d3cdde53882eca2afa7496be08d03c13c63bb10dc738fe0aee4
BUY,0.999,21.861,1742594316,No,0x943a2a6684fe4cdccf258eefc208d344e019f013c27b02ab2bc53bee0204aae3
BUY,0.999,80,1742594268,No,0xeedc5421cd3f40deb0f98600feca347aa1a1ed677097841d78d6c1488dc4d3fb
BUY,0.999,35.005,1742594122,No,0x859e57b1a07fbdc7634cb1176c6b429a5e34aa61acad16642cd055a8d7102aa0
SELL,0.001,100,1742590931,Yes,0x0417973ef95271228ed6fb1e233be8e09a84a7886be3882a40e237b7e1147d26
SELL,0.001,239.99,1742590477,Yes,0xca4af4565c01ee5c43776d76cecbeee3a16ded236378c43b48e573405f592711
BUY,0.999,300,1742589817,No,0xd4f6adff097f7c9ef76b313c1909c69f6928932ac56d99052b47e2e31f93bf60
SELL,0.001,120,1742589745,Yes,0xd4cdea92a1c1b893b62db19b12086bf67a9f9ae1146377233e504e5a409d94ec
SELL,0.001,80,1742589745,Yes,0xad3435df0c1eaf7d4051809a44ea7c184997f3f5a5c68c1675251a5fc8da0be5
BUY,0.999,21.291,1742589745,No,0x430e86be71aa8f8e2909bafa0a8b91b12024bc147aa884120711b667e1e9b3be
SELL,0.001,512.17,1742589743,Yes,0x0caeec02f039a9d885e12e75c5cf9587106792f5f4b3cbad27d7787009bff8a8
SELL,0.001,1000,1742589743,Yes,0xbbfe999af10999d05fffb619618262a3965a6f6314fc8e443b75368e660ba9bd
SELL,0.001,121.29,1742589743,Yes,0x6ae93dd5d7e7bed638de33e86cf6fefd68af27693e6aef7c67409e9c09ae9ca9
SELL,0.001,50,1742589459,Yes,0xb32714ad4afaa99fd17b3d3a970403edd92a8e5b0ce3448ae315ea4064862685
SELL,0.998,29.85,1742587153,No,0xd8694454edee992cbb5d9736f9f58dadbd02d581dc3780ae5a0a1c1cf8f615d0
BUY,0.999,29.859,1742586151,No,0x94d6178a725c24dbe9ce9957e42b4938cfc61d3437d60291f1373fd95c5c69f0
BUY,0.999,37.007,1742586133,No,0x3a213c26515cd7f95358c2521e12e027f1a55f87a28b3f43921d10ff9e52d772
SELL,0.998,67.05,1742585587,No,0x2acb966393f27a2d245d27ee65ed6adf491fda16331454fe704705d13aaf12b4
SELL,0.998,62.42,1742585431,No,0x632468b31b2b77b3e6f30c44f97711191eacf4e4b3fe435a10d559c023921f60
SELL,0.998,61.71,1742584909,No,0x1a78e506cc565a9ac009d72b7d68f7d880be91a11a9469a7d7928b327eb330c8
SELL,0.998,69.66,1742584817,No,0x958ed8db71696c2e5290cc2899c6a973008fc4080976f61352c835764ad0a38c
SELL,0.998,60.87,1742584547,No,0x9aa18167ce263075fff391bb4bc1e3780f23c188470952e14ed46c4ab383fe8d
SELL,0.998,60.33,1742584433,No,0x8c78cca53c10ab209dae8a5bf28a77f849a2f028f4e755d9b2dda97728873466
SELL,0.998,61.48,1742584379,No,0x052c9aaed3a35b03eba393d773c71827335edb69c7cee2dd644bf23ca440a046
SELL,0.001,4000,1742569653,Yes,0x67dfd8bbe8dff0e5c700b074975973f773c6ca5d45517b594b18969c3cae4936
SELL,0.001,200,1742569575,Yes,0xe752b26fec6730aba10bc8538f3cbb8592380bc87fd2b2af67b6f5d5275f67fb
BUY,0.999,60.87,1742567897,No,0x8affcc4c0e55224bc55ca71e4ecbf31b390094517ff5a4f188898677eb8bae7b
BUY,0.999,67.057,1742567677,No,0x760bb5453f13b64ed3872d0e8c7c278a15c7d29d04fa27023964a1466c28deec
BUY,0.999,62.422,1742567645,No,0x1590b2ce88ccc42de6e5af5b480b2f8c47ab380175d973ad86a23de0fd53a485
BUY,0.999,60.33,1742567169,No,0xc066ffde87e382e8043809bc12ac77f0123d15f31b4e77086ff085b48b4e7076
BUY,0.999,61.711,1742566833,No,0xd414e75f50ad4982f175d81ab049f5236d02609f6601848f3e3fa05498796790
BUY,0.999,61.481,1742566611,No,0x361977091c05b2ea88654463dbd38b20126398ad0ddefe61bf691de50f576e41
BUY,0.999,69.669,1742566353,No,0xf423da7f0dbf077ec79d0b08fe6cf2448f5bcca3e23865fddfb5aa541ac9df7f
SELL,0.001,500,1742559049,Yes,0xf5345ccd3d4a9c784fdf343afc1f900f7d943b40e958543c8962985ad1b667e1
SELL,0.998,22.05,1742557233,No,0x10443f59f546264e5d07885172e691d03e6121e059426d26602edf5ab166221f
BUY,0.999,22.052,1742556139,No,0x8b52f4269fce7c44c25403c4ced87a722d18f6ec63eb9d1715ab93c0f1217128
SELL,0.998,30.38,1742553308,No,0x41fd30436355899076a56f15146fbcbc3066cc3a3d4ad96c710645b4b9603619
BUY,0.999,30.38,1742552152,No,0xb2cd61d01dbf2f6a5e095e2335a53d248bde2b2470e4d4a913a2218ff629c38a
SELL,0.998,19.14,1742551412,No,0xcecfbdca4956e844ef411363bf815fa531dd33cc2505adc82103934ba89fabe0
BUY,0.999,19.149,1742550221,No,0x2a330442c791a68a2c9ae545e60c2aeec1526b871bbb5e98cceebc9b0a54ad7e
SELL,0.998,28.43,1742542979,No,0x78912a0e80453bf12907031e65e56f52b6f79e67a5221812b244436fed1d57f0
BUY,0.999,28.438,1742542177,No,0x806804761c0c6e0ef127fd5f0d55ebea78c80b7be41ea7ec9eb702328cfade5c
SELL,0.001,35,1742542009,Yes,0xa8ede1b8a55752c0c777a0b8ee9441f43c6e1e04abda1c4e0f28a68ccab873d0
SELL,0.998,9,1742541349,No,0x7be0763f684cd58b7ed21e8ea8ac15f324d1f3b05e124e92079c824b359856ba
SELL,0.001,1400,1742540733,Yes,0xda931a2436c97db99a45bfea3cfa08587172ce3d0e67cceca3cd0418a97f27b1
BUY,0.999,9,1742540239,No,0xdbd0f0a1ed24b66f80985cea30648b84db0aa1a0dc3aa979357064a94355089b
SELL,0.998,28.22,1742537937,No,0x65d46211aed163a9461eface59bde5a0a78f9f3e1b490aa700ff7c3d6c18fe8d
BUY,0.999,28.228,1742536771,No,0x05b817a75e0a872afdd7278b55dd18fca4751a3d867eea762f329a9e21f104f8
SELL,0.998,4,1742523897,No,0x10cc1571facbfa7746a3c32ffafdbced6870c97165c227803c57ca20bb0ce320
BUY,0.999,4,1742522163,No,0x84bf5c70a4c28627b5be6568b0d7747e8b795a88c56c36f9a46aa2b5e563ef6c
SELL,0.998,17.7,1742520205,No,0x6edf721118e7b213406fcf7f79a1edcd6d75734ea56aa9a3c4218725fe82a6ab
BUY,0.999,17.707,1742519241,No,0x7212c3eb12902763ff72aade961bff1dd31944324e80ded39be774022f533d36
SELL,0.998,18.31,1742516797,No,0x202115356c095b7d95fff912a9dec2803c2e815e94359d65cc605043dcc5fa1c
BUY,0.999,18.318,1742515781,No,0xfb2fb684126350b57331f5e63b89e6a488a31e6247d97d20930d83529f374d46
SELL,0.001,8000,1742511195,Yes,0x6b93fa1ca845ffc2ce61d48a18b6fb9bdb4d7207570c311e1c0e59ca892ec81b
SELL,0.998,5,1742509735,No,0x397dbb9f0258a358b0339131f6c84ce96fee56f79a8144c15d1c41bc61fb198d
SELL,0.001,2000,1742509401,Yes,0x695a79c2c58cc1ae0d5793d1a61a8bef3b6b0983b30f02c0c5767c0a1142a913
SELL,0.998,20.33,1742509231,No,0xda01b355bdac4f2b4ed3d5682a16cb3a62df12f966b29c1117cfca59887b93c4
BUY,0.999,20.33,1742508595,No,0xce7d8ba0ae5b90ba5abcf6b71ce1cb7d9402881fedc6c432df527b9944c2bd9e
BUY,0.999,5,1742507921,No,0xb53c0a1384da2025a35dc937ccd56ec55a4c2ba8c1aba2e33b402714d3d045c0
SELL,0.001,5595.98,1742507061,Yes,0x02e7ce50b63b11e2d9c194afc4336814e924f38f5567ec0055a0339b172b621c
SELL,0.001,20,1742494057,Yes,0x03eb6a24610e9d1db4f92617ade9238089701e69af6c348b27ec0735f715e043
SELL,0.001,13400,1742491952,Yes,0x659601a8e265ccb1c5021133114edeae8ebf65f7794932ffb8858f95867d2009
SELL,0.998,12.29,1742487754,No,0x5b335fafed144735b498c76af2896cbb052842becf14af0d8b80fec58c319f7f
BUY,0.999,12.292,1742486548,No,0x060ef6127503a3ec84024342218e60bc6b2fe757652a21d836efdf1a7ede9967
SELL,0.998,27.14,1742475231,No,0x176469f07e5accc8ddb448654de10035f9cedaa42038c89514f961723b21fc10
BUY,0.999,27.147,1742474101,No,0xfc9b94da652d2b77edb10ec0389b5192854ba960014e871bf2de26263b357c8c
BUY,0.0014778613527319689,8796.495,1742466619,Yes,0xfaaba945331cff196e86c9f3e5630e74fe005296f0e17eb44ecb42484540bb70
BUY,0.001,1400,1742324989,Yes,0x3d40221471487c60b94d6b4ed6bfa2dc49c13cebdbd592e80cf978b7193d8f90
BUY,0.001,2540.41,1742294040,Yes,0xf8c6f4da26dbc2e516313bb3fb8cb91175e2d2bafc8e612fde54a538876ae212
BUY,0.001,2000,1742232706,Yes,0xa1ed3fcfb9bf067585c1949e11199035e303be22af30f851c8d5a22611eeff00
BUY,0.001,2389.2,1742215098,Yes,0x9e4ec00faacf40a65fc3d9a7d5896890f8b440faeed84b1370400a3184fb275c
BUY,0.001,2389.2,1742212033,Yes,0x189eb20e567341247ea43d7aaa3c21023a7e88f4fb548e2d22fcb75808a8e852
BUY,0.001,1040,1742211519,Yes,0xfae9c6462cf6bc06deb6a8ba18f1c37d2fee323c91bde7596acd8a964d53336d
BUY,0.001,1030,1742211485,Yes,0x83aab52d636ff95e5e3670469178f7159098e8ba94d6d2ba597f5b2a9bc171a5
BUY,0.001,4159.2,1742211281,Yes,0x5da7601f725c5c2075d9b055f45989a9d7c306864747ecff9748bdf0ce4ffcb0
BUY,0.001,1000,1742209453,Yes,0x90fa6776b19240d6e356dfa24453bbf0a88e79d56f0ff04b4ff80312765992a2
BUY,0.001,1030,1742206121,Yes,0x51f6830f9ab92d6471f18379a47c73c92e32643f88bfb00db47c98bc4727ea77
BUY,0.001,1030,1742205851,Yes,0xa1b7aea51616146d01b5ca6cfc2ffb9b178fc3e5aee0d35a92011b25766a6d82
BUY,0.001,1030,1742204977,Yes,0x92daa453edadd3db7becc10b44e53f94f8169c1c5679f2d0469ea40eea306173
BUY,0.001,1130,1742204783,Yes,0xee76838154ce2b2e147cf43de5543352bf13fd7b79dfb2449714ba040497515a
BUY,0.001,1070,1742203905,Yes,0x693c8b30a8306eca7b7955194f656362fa4fa2e576e166f3af0f52ac228b3e96
BUY,0.001,1030,1742203883,Yes,0x3f14c0cde01ebc84ec3681d75d3791d48df043080eed6406f31bad93c7925b21
BUY,0.001,1090,1742203679,Yes,0xb4686a6003f0dece03c5ca6419abf16d0abcef44919ce5a62150e6f33d6184f6
BUY,0.001,1030,1742202997,Yes,0xd2fd459c45f0224d7c22e6a47aa32bb628f530261c523ba941c477a3ca35602d
BUY,0.001,1030,1742202815,Yes,0xddd6a0af168f78a948a20fa50be2f71360d83d0af8e0591d610084a2f40f1c09
BUY,0.001,1090,1742196302,Yes,0x8d7efd04f3b586c012aa90e5b3572b7ab571a2958a1f6e6fbdab1fd8cdb7f2e5
BUY,0.001,1090,1742195976,Yes,0x19893d774553ad539b4e8cb50f1f9ae29d2bc46d4cc2680f32ae6b4f95d12428
BUY,0.001,1820,1742190939,Yes,0xf48f7aa9798bf251bb2e87132637464d75a2800a399bd919e896977dc33f9047
SELL,0.999,10.01,1742114362,No,0xe28147b9fcdb775af0d51b3cecb1f9b2601eb537175f100d512588613b97f587
BUY,0.001,13400,1742086821,Yes,0x12908d60bdbc2d22ad40c414b824e32d1372c6354d2fdf9780e3f009a3fc1a78
BUY,0.001,1000,1742070248,Yes,0x1dcf0fe5b25e7cfd65cfc13f1a2faa773085696237e90f9dabbf2e8dc0e0ccff
BUY,0.001,1342,1742057276,Yes,0xc6d9c8d4caf80cee6f6c7902b23ec99bcbf1d7f4baefa08a36ed6b798d036a9b
SELL,0.999,1.2,1742048917,No,0x757a15d2e8cf61dc9331dc9cb4f5c6d81655c473a874707e329baaa52b564541
SELL,0.999,1.05,1742048521,No,0xc1770243bb4e7c49911f2542dcb486380c2327e0965f775a157ac22dc20c9034
SELL,0.999,1.09,1742042123,No,0xa25bcc40665d7793cd2e3f00696c76d6a71aad08a4cde56139ba680dcef7ac69
BUY,0.001,1040,1741963217,Yes,0x17e67f48c7034cc14c2deeb4f53756e469c29737ed2bef0e0af11ef9302fe3ea
BUY,0.001,1000,1741963205,Yes,0x7b93a8f5160df09c32fdf5e89efe7286eed41bc9d6ff6bcac338e8799f61fc37
BUY,0.001,1040,1741963119,Yes,0x292f1482016b9e35d872ee4324414dda0ab09ac9b06a700daaac5fa2b2a4bf2a
BUY,0.001,1030,1741949227,Yes,0xca34530b9cf073ac718c7ca9dcb01fe6ad858fe96c8fa13bd3973ba5f8184920
BUY,0.001,1080,1741948487,Yes,0x8a4fd3fe9d33ddbf260a4e5c9df327e4b0f4f1bad1b2892897983e00f13be4a9
BUY,0.001,8000,1741939564,Yes,0xd70ed27af74aca010169894391644bc181567adbc78b44a8d183906fa79448b9
BUY,0.001,1000,1741885238,Yes,0x9f9ff6176ff48faf8ec0cd6fb7523371971c74355af39656002915dfcc04f0a8
BUY,0.001,1000,1741877605,Yes,0x530ae058cf00237989e7d558f869e90a2f2f83f1691a8662543c1cc8071e8824
BUY,0.001,1000,1741877397,Yes,0xd00158dfdb4ec6063a0a4269402416a06d056b4945cfd4fa77b2b96e3fb847f5
BUY,0.001,1000,1741876949,Yes,0x61b73d1f3a302ff657c7ff709ad0a6049bda603391aa52c57d0965e929635359
BUY,0.001,1000,1741876867,Yes,0x777852ba50ddcc865d6024663789c40e429ce2786715f00f2f9ff2188ae98b8c
BUY,0.001,1000,1741869069,Yes,0x90b4150de881d80bc0c6d6ca365d99e50eaade89949eafe0d00b798e2f5ad6e3
BUY,0.001,1000,1741868177,Yes,0x28db799fa5397dbef952dd2ca42bd0730ea8e65fff6fa9a9950fc68f6db78bf3
BUY,0.001,1000,1741868115,Yes,0x384708a08de34bb888032ec18c3485d229907a25354432f1010db97823f65e4d
BUY,0.001,1100,1741867721,Yes,0x41255f655925a18096975098a42f5d793c135ca4b4f2d6a2278e23f21102f928
BUY,0.001,1090,1741867699,Yes,0x5bb5f989130f7e4fa2882f016667f1aaf61b03ced391bb150ff32d2524863f9e
BUY,0.001,1000,1741867491,Yes,0x5987d8ce48c83131c0c94acc9cd91a57691977c2974669e068a88af8e43fbfc5
BUY,0.001,1000,1741867477,Yes,0x28f0c3318028943526f3dd699c4d36fcad3c5c496a2db0931d03b1c5655da27e
BUY,0.001,1050,1741866203,Yes,0xc52dbb43b2c726792f9e1a08d2b8230b92ed7ff1b8a3c4c97813a13e892b1a81
BUY,0.001,1100,1741864837,Yes,0x50161b9eadd46683f0978e44370528acc87bffe077d9012b1d2e173b905e39db
BUY,0.001,1030,1741864120,Yes,0xa12f00b3ca17eb772ce11d9d6ebc2a2ae023e59b00c177c14ec9fb13a01879e9
BUY,0.001,1040,1741864098,Yes,0x45f5c6ba6f846662d995ae6b592bf5d7e26db6ec291c7af28f64036dc1c32192
BUY,0.001,1090,1741863148,Yes,0xfe7a0c430808aabc2c453e15a5d57078fbe825fa6691d2fd69aa60fffb21bd8c
BUY,0.001,1000,1741862109,Yes,0xdd0a6f7e4549fbdfee886c831b06178c63798003c418fde8fef4013210a239ed
BUY,0.001,1000,1741861671,Yes,0x317c959a73741589817425feadb965d69df9a5178587a2f9882a530360852b7b
BUY,0.001,1050,1741861355,Yes,0x35e4d2a6c82a58fdc8d3e9283c9ddeb917cb6fe7cc98eceb1fa415b0be75b276
BUY,0.001,1150,1741861341,Yes,0xe2175a202e28fc37dc316528df8092de1ed7d7dd8393e83be52d24624cc770a7
BUY,0.001,1000,1741860108,Yes,0xa2deddf9c2fba4860afb31fe9a6b24725325fe26592c58525fde73ac2ee87ae5
BUY,0.001,1050,1741857076,Yes,0x9ef0f348929d8986b99656866406eabb7caeb9c2403a90f112cbe96c2096a925
BUY,0.001,1000,1741857060,Yes,0x5679db0550dbb2a428466e0e1ebad8bc12069b4abd554d88a111df5d16ccceb0
BUY,0.001,1020,1741855960,Yes,0x2d6f157acc2ec0de02aa6cfd84ea6cb50c161350275f223e93b85c278a94a3de
BUY,0.001,4000,1741782715,Yes,0x1cfdc3b904f42bd3357ca54d2c0484272c7a4fa52ca771796807dda28f58a8fe
BUY,0.001,1000,1741744660,Yes,0xa4e91f6a4a1d51caed53045a68fd6cacea437fc42c7fbf6d6537b48f07045cc4
BUY,0.001,1000,1741744660,Yes,0x5144a1f7d74ce206f6e0a9a7c8e5be4aea84933e421fde5769d60ca66cfddf11
BUY,0.001,1000,1741744660,Yes,0x3f430188d9e226be7e27a231bfb03b89257d657480f2971814aa922d37b629b5
BUY,0.001,1000,1741744660,Yes,0xaccab07512e3f8969306e90f04c946b530a70a4093979aa489bea61d4d1cda0e
BUY,0.001,1000,1741744658,Yes,0xd38f8794cca8cb6707211e7412ab3783aac9ae546596562b099abe40ae601672
BUY,0.001,1000,1741744658,Yes,0x85e4122551e2a55145ede35f7f0ba1a8cf8c368ee1f10c234d22e5f233c5c03c
BUY,0.001,1000,1741744658,Yes,0x4ba1806637f4454e246cf58beabf10a689d1e4ef98a8a2a7bb42e0ee90a368fb
BUY,0.001,1000,1741744658,Yes,0x0ad48f255d425d1d280e9fe08570dba5d93f1700ebb7e214e44eb2c40deaab0d
BUY,0.001,1000,1741742326,Yes,0x53d310a0d7cbfde21de61cd2e08755e9ddc5203ffe819b76360fd40f4fc308b8
BUY,0.001,1000,1741729082,Yes,0x25649ec412f49ce08bdd5dddf066d181a8b1ca2c2e13b6f5ea67dab41c03c18b
BUY,0.001,1300,1741728656,Yes,0xfaf491564d9b9cc33b7d4b3fee7dc9966df594b8f50470d3159438475faa2844
BUY,0.001,1000,1741728330,Yes,0x2a2085e15360d957acdad2258017b2ab8995e876b97285ede6bc9a383e3c2cbb
BUY,0.001,1000,1741713973,Yes,0xb09899a151ba540311c71b8ffdd179f6391b5147b9be7be5333cf1c1f23eeb2d
BUY,0.001,1000,1741625965,Yes,0xb9d8d281596b939bb4d85d25f6bda566b61bdf6d0a89f0745eca6f1dd60ac187
BUY,0.001,1123,1741531908,Yes,0x8421b7033b9e6fef038f592d9e9b20b51a5d75504ee79455ca73dd6a364adecf
BUY,0.001,1000,1741522902,Yes,0x500a3e2000fcd7fc6481ffb05b3051d3a9f6de6a2f44e938451b33346afcdee4
BUY,0.001,1000,1741519943,Yes,0x8c0ef5cedbdd5fb98479708bf77814bd35fc8a9c7814b2af34df9edac1c7577f
BUY,0.001,1000,1741515175,Yes,0xd7ad08f798df16e6dff6b733ea1f23cc4d5abd7fce44c8cc6197254a3d1a70fb
BUY,0.001,1000,1741506512,Yes,0xe8c87a1a5c9f37f88dbdf9bc7d842c9083ffd9d4df7aada6ea46100e006e5d8b
BUY,0.001,1000,1741462311,Yes,0x47bd66a2f4515ade75b85b4eedc648f9dc7cc84bdffda7a637175080b392d6ab
BUY,0.001,1000,1741432930,Yes,0x21a587a5fa467e725f9390c2d6b3270da33a985410cb729d37b28689b7501e05
SELL,0.001,6.15,1741393497,Yes,0xdc5882ded40cdd50aa5ce0a9a8eeaf27fc233c4c0f9cd97d1c0a42d5d205a93d
SELL,0.001,218.89,1741392196,Yes,0x7c83308e86c6d803d7ff92eaf7a8aa25bc5e18e5094b2c99f959b37d25e83d5b
BUY,0.999,8.438,1741390587,No,0x6cb0fc384897fdba8ec2db6d513c1c3f37a9a2eb7db669ff751e37646365168e
BUY,0.999,100,1741389739,No,0x35fb60887209b26d6fcb1f08960acda7a47956020c27ce6e55c0deef97d7edaf
BUY,0.999,19,1741389739,No,0x5f0cffdea743f983d1a7ca92dbbc54e211df59d17a1d4005807ed707a7f2edf2
BUY,0.999,20,1741389737,No,0xe580c97d3ebe77680e56afb0b543373ae2468651a58f06542468060a8eddd895
BUY,0.999,19,1741389653,No,0x723e35f3a43ee32ea5c3401baa36432f44ac6fa3891eee661ba1fc3f989dc33f
BUY,0.999,170,1741383393,No,0xf7c45b766dc6d05894f45847f319c3d627f38b14136118a73fcc296ef8f35114
SELL,0.001,3.05,1741383061,Yes,0xa2cb520e4250c91bd980980c010baf0535955fc80f099c5f924996054d61f6dd
SELL,0.998,364.36,1741382555,No,0xa8f6caefb51e0215fe8ff9df8b7aff8178be73809c41b854efcc2fba9ef302ef
BUY,0.999,20.04,1741377603,No,0x5c66c6aa15ebe49ab66f3c53a57272265ac36595d9a7e2a4c2e255c8aaab3693
BUY,0.999,41.6,1741377603,No,0xec54f74c443025c20354944d7c99a4ac8c6237b945229d1566385da531491c97
SELL,0.001,146.06,1741377603,Yes,0xb3892e79af49f98a6ec8f88af11dcfea9096da164cb7a3a6821859d422fd1016
SELL,0.001,230.18,1741377601,Yes,0x5936f25b6c5fff752d88ef7dd75c0294dfabe64e48e879017de1dfcae618992a
BUY,0.999,57.17,1741374555,No,0xd3adbbb35f8dfbbc2522718624e544a7cf773c71eb93df21606c05917b65e1c8
BUY,0.999,25.005,1741374555,No,0x0bd098ca83a6b805698af26a4c29d37527cab9feb82a65c2784b490077498b90
BUY,0.999,19,1741372957,No,0x4e722dc2b6888e596f1d7b1e7e0f18cc4d44551b20455de2702046fcd6ee1329
BUY,0.999,110,1741372957,No,0x4b50165c42615eaaff53a458b39e45f3d46376c7dbc0bce1af993eecb2c7635e
BUY,0.999,10,1741372503,No,0x871c428cb34531423f2cf77f9fe0da9803f9292ccb02c752b65d8668b59deb60
SELL,0.001,15,1741372501,Yes,0xea6f3d84732812a9438f9d9a0ef7e869ce48adff5ee42d16061fd4d004cd9ab1
SELL,0.001,3529.11,1741369339,Yes,0xb486ba28a30d226811834d9c0ab1677d115f0d91fa2b992592da40509385f0a6
BUY,0.999,46.006,1741368475,No,0xacd4c38c2a1ca720d2e1975f143817e611df917a247694b0a2dad33d050c141d
SELL,0.001,34,1741368197,Yes,0xbe25096679a8bd5eb3f9784c8b5d1c0e3850020aa53a672969fe8070bbff0f4f
SELL,0.001,20,1741367849,Yes,0x8bb5ceeb01e545b93496cf1762e89ec5e29dd093dfc78e3a37a7ebf276721d11
SELL,0.001,8.38,1741367841,Yes,0x2b61ab1bb3a35a31c121e1ab190162f32e1bc7a96fdcef3a6b67146bb55d0edf
BUY,0.999,35.215,1741367503,No,0x7d589df8d2e77714bc7517031e045af6b453767ad25d2b81b3508baa389f3b2f
SELL,0.001,4.79,1741367219,Yes,0x6265de881e526e0f2b92c0d0a4749cd297b209ded5edb216ef3f2992643b777b
BUY,0.999,94.794,1741365971,No,0x23f873e6f9df8a243e354fe86cf14b6f0980de6a57d933efddb4f40f6375f2e5
BUY,0.999,15,1741364156,No,0xff67e81cb5e6aa09de25ab6caac12546e5c0f9c9045ce39ffd5dfb7de13e2dbe
BUY,0.999,50,1741363150,No,0xd2a4dafd8f6e6e478a02d734a3ec0a031acbb7c02f63140ced92ac10a5b65156
BUY,0.999,53.523,1741363150,No,0x959e44605b149926a46f1dcef91bc36c6ae234439aa54741a0f7f1fb4316e249
BUY,0.999,70,1741361964,No,0xbdc3c713ce8c263b5365f7a48d47a7bf68474012b84bf1903fe05b7afdd29923
BUY,0.999,79.959,1741361962,No,0x156f16b64022f125a6658a46d58b28490bd81c07f0869b64070a89df0ae22dfc
BUY,0.999,50,1741359852,No,0x731f2ee884240ae1d95bc0e4ba9d28dc6fbfaa5166ebb9cce4832946e3d3e72b
BUY,0.999,50.05,1741359852,No,0x37067a6b03c122c1bd75cf4ee33dfc4eb74af72ca5a9b70ba21322f5d1e64706
BUY,0.999,20,1741357362,No,0xa8a36803fcf92ae15ac3e7f1e99fada7072a3f9a3c9295c00897817b080d6a6e
BUY,0.999,26.886,1741357362,No,0x3207459ee30ff0e94d0d9701ce1d383e00138c1367c84fe9d3be1eb9682f626d
BUY,0.999,250,1741356770,No,0xd851c62bc672c5064ad021357bc8f6926ba61941678173148e4398da71211c57
SELL,0.001,800,1741355508,Yes,0x588821bf08c111b6b451d3ea53f192f9acf21ebc965dd3ea369a6d2397c7a42f
BUY,0.999,15,1741355336,No,0x9c14e9a9a9798bfed3f59ac160488ea3577a147305150a28f1b200fc88163056
BUY,0.999,20,1741355336,No,0xd21d06433475f133472e6b8b3f4273e13525e72610cf1df6e911fa62690457e2
BUY,0.999,364.364,1741351632,No,0x7b98e09e52895f215040069516c026699949d37fb78673bf01a9a340942ac723
SELL,0.001,1000,1741348320,Yes,0x350cc5a35f26e2b845b038b0849c37f66be869276fcef4e1b5ca9a56687163c9
BUY,0.999,20.02,1741348220,No,0xd01d0e3e477b435eebd554b172c6354ab2a0fa65cf12845921306b75baab7c55
BUY,0.999,20,1741348220,No,0x806422a57634b92c60b686df11eb66736b2d1778ddf03568238d80cfc5611ec7
SELL,0.001,20.02,1741348218,Yes,0x8820cca0c433de0c68d0069fef773fa2dd5f1378497e292fef0328f00a925431
SELL,0.001,19.98,1741348074,Yes,0xdd37ed860788639dcd53b1e230b38f7f52c7825335c214d4a5ca3b0b377f0f6e
BUY,0.999,48.518,1741345876,No,0xe02094edd2212e81ab3bb4b49da8c992413f5fe4e50f7e39956ffe2011938cab
SELL,0.001,21.49,1741345672,Yes,0xce96b460b413bfaa86107f6f7310d626e97719806ef90f5260fa703d646740c6
BUY,0.999,10,1741345534,No,0x89dc4bbda5e98f17530bf784a4c09786f8c433a3dd232353799a2abb73486f04
SELL,0.001,6.59,1741345310,Yes,0x0a349f1325d6708eda314e744937f6ca1678833176e2b0331e1faeeb5770a9f9
SELL,0.001,3.41,1741345292,Yes,0x8984f6eb01b6f38b44039cd04f48a6bf2660acb3a076baa695b13b456e1d9e67
BUY,0.999,56.016,1741344952,No,0x87dcf44e53ca9f0754e33c9e183481769d3d7d3f0979b417e8097c87635d09b2
SELL,0.001,56.01,1741344950,Yes,0x6d11f8d13b51ba09ca3d49847e6d0ed9592761983e04233e94e11591fd5ecb75
BUY,0.999,50,1741344822,No,0x7bdf1d13e980872f3c6b05f7eb15b4d7a5608500376abeebe277121fbffee42d
BUY,0.999,29.989,1741344820,No,0x52e716d3f711cc82e4ec238f9075f689b7303b9451386b5fad07f71da00ba50d
BUY,0.999,40.1,1741344164,No,0xb2a38805b476c3e749f718fc642ede18f4a80239ae360453c3306cffddf0a7db
BUY,0.999,19,1741344164,No,0xa25cda0167db8115929c2ae3a08cfa8531af27528bcf092314174667ea6f6914
SELL,0.001,1106.19,1741343824,Yes,0x71d6bd350d24e77db61429798422f14ba35518205673c49223570b552cbf4efd
BUY,0.999,20,1741343228,No,0x4ad59bea3830cd8dde03c37761c125884902085933094db14aff12135ba2d8b2
BUY,0.999,21.001,1741343228,No,0xbab29e5e2864f0417f1d9bcf457ce1771fdfa639c3ef0a49a3862809b348504d
BUY,0.999,20,1741333808,No,0x626d05cd7da04004d640e68a0ce30aecaa8b5213f3c030e18473c5417b56484d
BUY,0.999,24.994,1741321139,No,0x05fda0993daff03bf734ff4fdc5cb180ff4b941de81d65eb61367d252bd2b091
SELL,0.998,3,1741314129,No,0x8f362b9780673c6233608121d7729510403b9934729d74769fdfdd0795c4ef83
BUY,0.999,3,1741312657,No,0x75a5ce9e2d322333880bafcf1e4beda6f2c39f92f6d3d8e2ba88a8e2d760e94a
SELL,0.998,3,1741310711,No,0xb1f5491688874e720290dc504b7eed008c5a15816e2d959985ad383d19ee58d0
SELL,0.998,2,1741310639,No,0x9cf6765831f8c95e8effdadb98ef5347ebf4e50bd79ada864db153702572dc61
BUY,0.999,2,1741308941,No,0x2c4a6ce8ffa30a276999ad6f0d9b6a22b940e3758106a8cedcb0d9876f3fae53
BUY,0.999,3,1741308937,No,0xa8a031a272c4936a06f0bb069802ccbe999329b5ba8d55472c02d02d26945f08
SELL,0.001,3600,1741293594,Yes,0x47b1fceab0360a72d45690cd594606202cc59766e28d39b856ce784a34641ed8
BUY,0.999,180,1741293570,No,0x95e6817b634e7ceead22c6fcb302667f964049ae4310f732f42fc6b22d4c8886
SELL,0.001,42.46,1741293568,Yes,0xc48411993534c9d138e149002b43ae7a46949bf37fc673b2e44ed8e23d8da0fe
SELL,0.001,4800,1741293474,Yes,0xdd6e2639e3630015a1b9057b1b1978a58de56b1f8e7c919b5047435baed94305
BUY,0.999,21.931,1741293418,No,0x52ded5382c82915e5cb4d91e7284542e0e7bb76363761660dc0418906b23b83a
SELL,0.001,30.93,1741293416,Yes,0xfc3a3aa33cfd990d3fb4d1db4e6be2971b111b15b38ec7094e6175e51bb45410
BUY,0.999,8.068,1741293308,No,0xaceb155b06a617d9d274674b977468d81da0a178c606e5405cf3c2d59dee6db2
BUY,0.999,20,1741292554,No,0xa8eb4e83f08785b52e7682ff552ffaeea80e03834c4a9c03352b20682ba73431
BUY,0.999,47.227,1741292292,No,0xfee630cce79c716082853eff76d025ba838f919ef799379b68ec2a1bfbf9921c
BUY,0.999,2.632,1741290828,No,0xc111261b0f1064c4684b9bf46ee700246a5c7ab83c4b473fdc86b4052d6e7b91
BUY,0.999,24.004,1741289980,No,0xb0eab4c5ce805c024a2eacc54b2529c8fabbb8a33053f28447c38904576b2db7
BUY,0.999,10,1741288483,No,0xfe1263233271b40141a1911fca74928ea770ed108d4a9be1da8e4d62412b5130
BUY,0.999,10,1741287325,No,0xb5e10275d6fc8b8179933dd1ec7d55700e18da9ee646a2f1a776d926678d052a
BUY,0.999,20,1741286715,No,0xacd6d276442838aa535f8015c7acbb40818dfcc35b24abdd8037035dadeda9c5
BUY,0.999,20.02,1741286715,No,0x4f94e6c56e3f8987988e561bfb0b7d804bf6a03e1ddfc290d0d5d3ebd4d7e140
BUY,0.999,9.009,1741284395,No,0xc0ba218037424d4e3642a3c7004d55dcb2e6dce7b06a8cc7c159136443022bf1
BUY,0.999,46.85,1741284337,No,0xa94a8a728f06b678eac73db1c0458094f5a339dda38fdc95f8ce47cbb08b6fe4
BUY,0.999,97.437,1741284337,No,0x9373d1c59f7b82b2d01bf95ec3c24e84d1e4eed837bd4892a78ffdd6c2dbba0e
BUY,0.999,102.572,1741284017,No,0xc3355aa1625c4cf89e4ac6b4821169f758fb9d0fe72ea1a338f950286de79929
BUY,0.999,8.638,1741283935,No,0x975c2165dd238a1f68009a63f72e3a0263b7b7a24359d87de087c471e61f5785
BUY,0.999,6.58,1741283935,No,0xfb09f08ddb18b61857105bca6b3ca8bdc0b326231108df5e3e4a061db60bbd7d
BUY,0.999,25.645,1741283911,No,0x8d007fa26911b4d85a69d49e117c2fba8ae9e64101f7a1cf5aeee64d3997321d
SELL,0.001,180.02,1741283209,Yes,0x9d4faee4bb2adf35534958dd2ef2f03a85777fa6c05d2562ca2e0dd93f273c78
BUY,0.999,20,1741281687,No,0x30b5f66ec81ac09e6083bf008514c9d1a0c5edad937783e6beb18969ffa0c953
BUY,0.999,28.208,1741281113,No,0xcc7933ddce2b2b8f283989697b7187eb8af5cb893fb05439fd095fcdbbf3d092
BUY,0.999,14.784,1741281111,No,0x768cbe2f55885fb2793361434cd46182ad484ca6f800079b1246c39705072304
BUY,0.999,19,1741281091,No,0x9b153d18ce404939a446d77488f3f743b86a54371d2bcb1797918868c3de739c
SELL,0.001,92.5,1741280887,Yes,0x803f7017b2473ad3359d08b3153077c433f92247d56319c0bee31b0ae9782170
BUY,0.999,100,1741280887,No,0x2d4902da3b5a79297a664e27b1248245106e22edacce8c661f939b3df2068b10
SELL,0.001,100,1741280885,Yes,0xabc092f57298c08e8c7b1752e1ec9d4e01d7cac71f7b959cca2d77b92028535f
SELL,0.001,22,1741280737,Yes,0x58dc11b4876e6c248aed6a9a8c763b31b48b83f4776c8df53013555be0ff207b
SELL,0.001,11,1741280729,Yes,0x4d3df00a2d39f8ab28fa2a5a21b7fbbf31fb7f29762f60e16cf61fb6de25089a
BUY,0.999,31.271,1741280717,No,0xcf3a1c27c8e642d8566e29a06b9d1a30ee8d6090e14dce64276dbe3c4244e31c
BUY,0.999,61.001,1741279935,No,0x16f18dce80cf770a670ca219e646a9c5494805167112c6df3c4744a9597c3d0c
SELL,0.001,100,1741279933,Yes,0x964c7e8dbd022f246c4eafc1fe216f3bd97a9e84fcccc08a0b7a1c1ce15ae1a4
SELL,0.001,118.73,1741279925,Yes,0xe98c71677847ad17dcd9b8216c5af80e237aed998358a142a49d8911f10ff8b8
BUY,0.999,100,1741279703,No,0x96a6cb3df1fc0c801d07a065a5800c6818fde8376f75e39e2cc102b59b873538
BUY,0.999,20,1741279101,No,0x0a786c4a6e1129a112cd14b3c5a4a9b4a80e1789253a6d534f45507423aee245
SELL,0.001,150,1741278469,Yes,0x70dbb582d6fe94c5c436aab4ea95d5b73add9ea7cda6e898b58683acf1c757b9
BUY,0.999,61.501,1741278315,No,0x44e4a86fae6baa1ea0a0e9a40033ce40fcf41d4c3e068efe5693029f830ede37
BUY,0.999,20,1741277995,No,0xc70b1327c942e56b70bc9343c0308de7edae826156ce99346eea3258639c13e4
SELL,0.001,170.85,1741277589,Yes,0x6e8d69c7b0564af211da0ccb0bfd4b76b0691a92c8caa663672fb958986a88a0
SELL,0.001,518.59,1741275793,Yes,0x8d7ee70ba48cc2d943abc9e242e375f86e4fa79fdd65fcde62b4fbdc6bc7fbb9
BUY,0.999,79.759,1741275323,No,0xf25dcc62ae0a83341a3dae9b35c73dd53784b26ad212aeb0d25650710cb476f7
BUY,0.999,19,1741275321,No,0x6fc56287980bc15d48c7f1e788eb25535dd61fee39a966d6e009ecef698135e2
BUY,0.999,51.081,1741274993,No,0x51aeb75105df705946d0a708c53f311066ea241f9cfabbe19a5b3f98f848969d
BUY,0.999,48.918,1741274887,No,0xb2e3f9879ff109333fd5e1b89962280ecda43cb43395f2a8400e2d06aa0f353e
BUY,0.999,32.642,1741273049,No,0x6ca04910f2b9e5dbdade706cce240471fabfe176bcc01b91b7dc2a121fb1ce94
BUY,0.999,26.596,1741270995,No,0xb3cfd43dc622e1c5a0293f7a14849b5cec3923b2f82cec85003669c36c25cd86
SELL,0.001,8,1741270847,Yes,0x2bfd28f03706d0049272b2ec9653b95ef3da1f866e19d5105ded9fb6bc46980f
SELL,0.001,9.08,1741270839,Yes,0xccafed4589db19a6a9a29564ef41abcf672fb05659821df5dcd5fe49359916d7
SELL,0.001,8.92,1741270839,Yes,0x067dc3583565f2321295c551b294b663c8959a3574c5de5efca4b492da9a95c7
BUY,0.999,34.004,1741270827,No,0x8dc8d0e64c69ca766116007bb9318945077a31fb617ed12fb112a9fcb0bbaee4
SELL,0.001,710.56,1741270757,Yes,0x822c5f23bd65c0052099b8734a8e7ac2002d6e3ca3f5eee63bbfe21585c032b5
SELL,0.001,7.08,1741270755,Yes,0xa12769b686f8c0c5e4ae4f2fca07c21fa594c497125eed5b13d68f6ddcfff0fc
SELL,0.001,8,1741270745,Yes,0x3fd116e0a646f587c31055383a8c412f4fbfbdab52a65ff5907435645d0082b6
BUY,0.999,8.008,1741270731,No,0x32f12e6dcb68307666acbbaa364f2c767a9b1b23f8609bdc48aead20dd2ed9bc
SELL,0.001,9,1741270707,Yes,0x6457a6c01a30ba42c3e1ea3bcb748f85f687849d07760735c325ea7b7ed73bea
BUY,0.999,19,1741270631,No,0x5fe8c200e1d63d338a34f690160125d874c048bf2399b8fb7fed4940bb6f5d90
BUY,0.999,38.988,1741269577,No,0xb52886cbcfbc4de969e869c2e173b6431ed32d138b454676b1e8d49009942418
BUY,0.999,89.929,1741269203,No,0xda4d7fb9fc130bfb10b2f22b117f77bb3ba125be328d5a6af29549b8818b08ea
BUY,0.999,60,1741265501,No,0x88cbf5d54fd32b4968806684b78049d6b687bf88e3dca3986321060cf8c0bed7
BUY,0.999,20,1741265353,No,0x2cf90df643340e3a0884258905f936bb2bd6a93164620faf93c524299435a7ef
BUY,0.999,36.006,1741263453,No,0xd96db7f8c97a5b096ce8ece423364ff6ad51d0c8663d623507ced814def80453
BUY,0.999,19,1741263449,No,0xacf122599907ee2e5d4fa3cfa58116b3117ac836571796703c5c78c93dd42c00
SELL,0.001,53.33,1741263449,Yes,0xf9f99cba2c06c829a2711fb91aab817a8fa7ffb9abe9e3647c0efea5b267e4da
SELL,0.001,117.56,1741263447,Yes,0x15b4f7297ebc75199932c0987c39bfad5ceab17d4b62b3f04c929f4c20595a56
SELL,0.001,18,1741263393,Yes,0x3176ba3def0bf0a14da6a5b6b293790414090770652ae99912d60d11bb17bbc3
BUY,0.999,45.925,1741263383,No,0xb7f250daa779b622c50cee95c8bfb016b8da4a15b1e94bddc860b46f42d60a4e
BUY,0.999,40,1741263383,No,0x94eab19ecb20d6d2f6e64465e8dca716bd02a11977b74af158118f11cfd60fa4
SELL,0.001,45.92,1741263381,Yes,0x5cecc103220057e41c0d818c8ad7e95b1b42e0cf1e8704ccfb67470d8b96793f
SELL,0.001,14.37,1741259053,Yes,0x78361b47ba163712168fd772905fddd0d39a02a44d882587837045099e5f2f7a
SELL,0.001,35.5,1741259049,Yes,0x64a1528e79b2eb62d6b676c9b7554928afc5770ac93a98b617c02af6f6891ff4
SELL,0.001,20,1741259047,Yes,0x378d9a092b99476983925f760e5a9b29d7f0b8efac7d0a3b837f5dd16aa924c9
BUY,0.999,18.33,1741259043,No,0xf9f7ece35c99f4f78a45ba41f1210e7229df6c89fdc45045db87eba2475a3f6d
SELL,0.001,90,1741259043,Yes,0xc4911a65438ed683b9e644406dbf15da6f10403207ddea149ae9c70177ed1158
SELL,0.001,10,1741259041,Yes,0xd2e94b73b0ae7539f6bae7c57c6543923bf0b0bb69b2aacb36bb6b2470c37135
SELL,0.001,9,1741259037,Yes,0xe3652da28412e07ea0b03bc8d553bcde34a18f6f4472bb58f8f6123a41854ed5
SELL,0.001,6.57,1741258819,Yes,0x2464ef2a3fa280576fb276dca1f632318d6ac63608ee95f7b0ce25c5e74a081b
BUY,0.999,19,1741258535,No,0x9cb0579671f1266b69cd5757e59defacf40def7bbe0fd1d9daaa2fde5b657695
BUY,0.999,30,1741255479,No,0xde0080784d58aee876c9f04ec394adbb2b2ae8f0a26da6e78ce940236b10d190
BUY,0.999,30,1741255477,No,0x55baa2071440fb2b3bec18f16b6ed224d9c37d56e0cea1a599066d5ef781cde8
SELL,0.001,1.1,1741253400,Yes,0x38b58f45b2ee845852c9a279a7c84bac77fc32383d7189d5d8d262841d674865
SELL,0.001,8.9,1741253400,Yes,0xdc72071bf84cff5636c1343e41f466c66bc1ea69791cedc8424560e4c4911274
BUY,0.999,21.031,1741253380,No,0xcaab2f30532615c66c0406177a95d7696a5743a54919b6d64021815ec53c15f8
BUY,0.999,20,1741252348,No,0x33a12b6017689e7319c8c602565292f618d202b91d5caffd9afac5177e37e3f1
SELL,0.001,10,1741251678,Yes,0x58c8f537b13bd3f67315829b39b25cf051854ef2ea87c9717f94507170c599ef
BUY,0.999,10,1741251636,No,0xa7e7ec16bfed956d6e2d4a5430c31e35c180d615a31ef1115f62483201c899e6
BUY,0.999,19,1741251618,No,0xb6ecffd6ee932eb0c95df5f4c97d9dc61e7973af543b619ffab1bf0481bb8900
BUY,0.999,27.387,1741251592,No,0xf46726d2ec34a1b8432cec12dd924be9233889b668e9c9fab9a32fd8bd2879f3
SELL,0.001,59.75,1741251590,Yes,0xcd139b387bf80e3e226fb918791bb7b9cce5b0e013d6ae213e408751eb6e7889
BUY,0.999,10,1741250956,No,0x579d904305da8c4caf9a972b58f96d628989b6e66e455b28b64f3e3623fa289e
SELL,0.001,80,1741246789,Yes,0x82757ad9b1579d914302409b43b66897b865775fbb8d0aa5c3bd9dbfede51d98
BUY,0.999,19,1741245987,No,0x3b7ebb2a3a12231188265dd23796b0c1f01c268c09c336bf68b44909d729a748
BUY,0.999,6.246,1741240555,No,0x1ec4702402eb0fa8cd4c349ce68b6a26724fee6c27945d7b53d6a624202ed859
BUY,0.999,4.384,1741238226,No,0xd5549e8b1e5657a49fdef02bb8ed573b394a7e881c4b79ba895076550207638f
BUY,0.999,28.88,1741237406,No,0xc5007898eb331f6f3e643890d78cc6e85ad479037a1102c46b054b0d4d8231a8
BUY,0.999,170,1741235202,No,0xac7787d20d3133869ee5286e2bf6f4c0c936c66ffdf39f2eeaec65e9f9b3422c
BUY,0.999,19,1741235202,No,0x8a6b9c75d5fd28f4cbf8d21e2d734ff6f6125e444439efa1dea572514310f1e9
SELL,0.998,1048.59,1741234706,No,0x2efb1ab2b42eccf174e93377245ff26cebd55c8d79b6a6a0a36122938bf1fc35
BUY,0.999,33.723,1741231300,No,0xaf368fe49b2b63298cbead93c73e2be625b614d06351c10a380fb7e5b50a2600
BUY,0.999,20.02,1741230520,No,0x62922862a061d41c57566579a53cedd76d6a47b0b89d894a88fc6058b7b3b1f6
SELL,0.998,8,1741224129,No,0xe734e16bddd41abc7903a279f7415509d9c6281066dbaaff7eee1804776a5b32
BUY,0.999,8,1741222515,No,0x35f553c0e4495749e097fd1539dfc18e392dacb9f9e72f257fd3935d8b91617d
BUY,0.999,24.994,1741219345,No,0xcc847c11111c56f031dc23abd8b434be5200f61afbe741a3d57793262840a645
BUY,0.999,24.994,1741219328,No,0x626b3a0a00150d44544ad20deec33b47644586c4d1684eb073c21734cf1a7400
BUY,0.999,20,1741219312,No,0xe9e6b0d2d2781a40c17c041b379361fa1b2b571086decfa0042d69031a0562a8
BUY,0.999,30,1741219274,No,0x6723fa1d5910faa1867ce77336670ddfe37215fd75547d6bbedccdde304fa484
SELL,0.001,100,1741216487,Yes,0x95852ede1db6a1faa90186388105ffeac6245765bf829f42801f093c57ea310c
BUY,0.999,160,1741211711,No,0x2153a7f2d181c2c098828dcb977bccc0b02eae2bf5e35dfac3e39791e748a04e
BUY,0.999,100,1741211711,No,0x4ffacf15c032306b9f12b649fc707097774a264513dc8cfe7911893e81d438e8
BUY,0.999,280,1741211131,No,0x9b5a2ae510a524e7dd920f099f357919c13065ad47bfa96c73fc6f728e9df1ed
BUY,0.999,24.004,1741211129,No,0x4a74ba9bf6881ebf6d20b651d1c99f4502841be8908eeecbe689016e86a2b0bd
SELL,0.001,231.51,1741211127,Yes,0x231ec5c2833162548631da4b431bcd61397a8f436d1da8b252f57a58bfc7dd76
BUY,0.999,70,1741211103,No,0x582f18c317e087a90bfe6893fab0148ee3866b8825ea46585b81810d580299ab
BUY,0.999,24.004,1741211103,No,0x86ccfbf5ccf28973d1e5e7cf4a21f8fe4c4cbec67943a14479869d4bff6609c8
BUY,0.999,10,1741209025,No,0xb2119d1ac48427d4ba3388d980e5d16b7f23859aaf2ea4854e40de789c8a1d88
BUY,0.999,20,1741208149,No,0x762a37eaa587a3af34d3a8227bacd3733aac95bb75ccef5a23cfedd079753f89
SELL,0.001,189.44,1741207243,Yes,0xaf43b792e397cbd0771dff47e05d0146ad871f35e0521aa82c08f365297a66fa
SELL,0.001,4.04,1741204211,Yes,0x7e13a67fdbb1aef1c23b0c2e1227514c62c87300ced702c7010da9dd1eb7012f
SELL,0.001,163.49,1741204209,Yes,0x2e541b223961fa68df89010caf06ff8a656a9ec150a9b114e53c82b5cbd173cd
SELL,0.001,12.47,1741203257,Yes,0x1591b08f5934f5c319cedeed76b5d7ae2fba37442a24d27417c39af35505a802
SELL,0.001,52.53,1741201551,Yes,0x2eccf6b819f8a4fa399f5ffbff5278221ec16a12345ae4c7108d81ca692ec397
SELL,0.001,35,1741201461,Yes,0x2f97f9a6b3deaebf7ca25c30bf2d31766cbe98c0ab5a8738a5f20073205d9ec1
SELL,0.001,100,1741200913,Yes,0xb99758a95034b58b836a7911e24a24d302a83aed7a87f2ed73f92b637bcae646
SELL,0.001,2.5300000000000002,1741200809,Yes,0x0846ed42092057ca9b74ec77de33ce3bf011613a7d2ab31f5161a9d587d1896a
SELL,0.001,17.47,1741200809,Yes,0xd8cfc5e8e7b7ffe8a0b3894ecf15ba2bb32d8a58d5c0e8077cb9d59a6551dc0e
BUY,0.999,80,1741200541,No,0xae37be35a65d5730bf442e8ae916e3ff805691f0d97b6353a22946afb8122e05
BUY,0.999,80,1741200515,No,0x7ce655a324179316a34a2c4f779df35203fde1c01a7eb0b312fb122f97cde5f9
BUY,0.999,20,1741195815,No,0xe1bbcf43a6c4e357ae574d6743fb9e6d9f70b92f60f4bfc8eeb8e43b9fae40ec
SELL,0.001,300,1741194079,Yes,0x61fb516886427d05fd97ef6357e29225d0cf2410bd909f7ae6f277f883aba6fb
BUY,0.999,98.208,1741193609,No,0xbdf2a40f9d09eb06aa035adf4315b0ddddda841ea3423d44a85295d3c8766e12
