side,price,size,timestamp,outcome,tx_hash
BUY,0.001,1480,1737418936,Yes,0xc73d300eee869ca096aa4b0bbe5c33e69cfc3a3c3c6ab786b76fae881a6de827
SELL,0.999,32.95,1737411066,No,0x9fc32af424417002150925ad2d494fb9d91546fc87d36c1cea1a0c03b85adeda
BUY,0.001,1080,1737410988,Yes,0x9fc3739edf23f52ead2b3626cf4efd7aa8b37d6a6c38635ba1200d2f882b7e96
BUY,0.001,1320,1737407217,Yes,0x7675ce8899e27fadd8ea40babb18543b83596a481d1a55fb2bf057926c1284ef
SELL,0.999,494.98,1737403366,No,0x768765e1be42039546e21663ecf56cb46061a365cc180bf95b0d9e51949b29b1
BUY,0.001,1500,1737401994,Yes,0x32ba61b199bf78e23911afeff0884fb13e3613efdd4120a78cc12993a4154275
BUY,0.001,3100,1737401876,Yes,0x692e92d0ac242d8dff82feb84ddc88e6cff3770b17bb4d9fdd2934f7a1fad2f3
BUY,0.001,1000,1737401286,Yes,0x4ad2670ce02ac518433c1bee532dd3b8fe99065c6b614d2c7e8e660e2aeba825
BUY,0.001,1000,1737400368,Yes,0x31010b6fca4d3c312d2e2487e8659d649d765bf790ca3917fe6a05308a87810f
SELL,0.999,194,1737399334,No,0xb2506e4781d979eed0c35f16c8c5e5f13d9fce8f396dadf74b52d9aefb182f08
BUY,0.001,2140,1737398946,Yes,0x79fb1573055add975337b325feaa25545ed2d5bc90523790aa4a7b0832207b1e
SELL,0.999,210,1737394749,No,0xd518178df4a5d997f80f6c31e1023bcb9f93460ac27afe130a2ab81be0ba8cea
SELL,0.999,750.75,1737393487,No,0x67bc5f8294507252c2a66982b635c71ae25d29ffccb844e053265c9967895c84
BUY,0.001,15470,1737393377,Yes,0x9369afedff9766bb1d525c6df4c433dd0f2da5ba4ef6eeac7f6edb59ad228b07
SELL,0.999,14497.15,1737392375,No,0x4a7988e85eeac0e5e2b25d5cfe64eb34814009e4ed2ecd2a41d97f7beb7396e2
BUY,0.001,1000,1737392207,Yes,0x1bfe4505d9d5bc80360fb0e10affdfb1c311ad529c5dd507b5e064c877257159
BUY,0.001,1360,1737391499,Yes,0x2339064c94e619aeb461e4ec1850924ab145c03a5bdca07976b5f51e523ba6b0
SELL,0.999,433,1737391395,No,0xf4956e0deb8038c2f4b6c1f00dec5da101daceb0e418c148c699a5dab5eefea7
BUY,0.001,20000,1737391169,Yes,0xf9f16c270c37bb91089dcb897c641770fc6a2192df8b14fe0f122f43e8e00acc
BUY,0.001,1000,1737390991,Yes,0x39a09b50ed9569ec76a001b9aef5dde5e8826ff8537adef6f592c60d825bf032
SELL,0.999,2711,1737390551,No,0xd71647902538cc4b9b8e294e41ba5b2aaa9efc4f479035757914ab02fa4f5552
BUY,0.001,1960,1737390337,Yes,0x19782fe75d6a06c0efc487101a67bf9a649b2f21150ee718353338903602da8e
SELL,0.999,3900,1737390329,No,0x40bf4254ca1dce85173ebd9217ff9eb736fd1bed088b50c5a5d4ca7ac444907a
BUY,0.001,1080,1737390205,Yes,0x411a4b6fbc13545b96705b494391a74c71ce1cd79306b2d053eb70d89a0edf72
SELL,0.999,422,1737389697,No,0x13a3ad518f5c5ddf464a8ca5410b93be72ac44e427d0e811c08bfaaaadbba7c7
SELL,0.999,2999,1737389490,No,0x6ffba58244bdb2641afa484dcc07cf449cc319acc600d2116c1e37544e868f75
BUY,0.001,2000,1737389486,Yes,0x32a3480dd8a050846e3a986a35ec3f31e61fb099fd94b378319147d39a1a9cd9
SELL,0.999,1843.41,1737388920,No,0xbedac64dfd42303ded123b848d6707c07d970a9e675144bd6e4e0dff459227c4
BUY,0.001,1040,1737388898,Yes,0xfb3023c7ef329a2ee438dc357705504f51868d19d6a0cbd9115c103a4f113cfe
BUY,0.001,1020,1737388864,Yes,0xe99396c6d3cf4d8946ca2af33bdb97abccb7edc00413f10c98174d75070abe95
BUY,0.999,800,1737387906,No,0xf734e2b311db208aab5e2d7b00166289d17ce9a0b83ecf02de21b533124a2dfd
SELL,0.998,12.02,1737387634,No,0x8227a0bddbfccd900fba9afedf14ec331471ece740d4fbb532d56faa36f84490
BUY,0.0019642529345835495,118049.97,1737387498,Yes,0x5ed0c60e1ef235d7ceb5188f95d30bfe8cc8965cb8cbd74432b9e27c457affaa
SELL,0.999,900,1737386766,No,0xd1c999bba8e15bbec356683ffa21bd10b66f2f6379611578ae10a4611b415c90
BUY,0.001,1800,1737386568,Yes,0x4fd30412241b3cdbf791ea932698dca0f271a1c1031a1a0625ef31c128808d0a
SELL,0.999,1200,1737386532,No,0x261373bba2c1788afc290800a70ae0ec2303dace58030f7577f74df28db7a37a
BUY,0.001,1350,1737385084,Yes,0xb2b469ee5590c0f800a2f509dfc63aab0c111bd2ebc5c0147a8a05039a650500
BUY,0.001,1710,1737385054,Yes,0xc2721fd2bcbd711f3a2b377d9c0592d51b3047bdbf2c84cde3de15ec8c4dbe8a
SELL,0.999,31.06,1737384377,No,0xc94bbd923362240aab45f975cf2fbbd056ce2533d2fcbaff753fa849c6d81431
BUY,0.999,165.01,1737384179,No,0x23ace13d0f5c63219e1ad74299a5b8efd969a842e9c354e2441ef51f8092417f
SELL,0.998,2500,1737384157,No,0x66c7267908dee56c280ec104d3adf7dbe36455f90a8c4d9515b57945a22b1a4f
SELL,0.001,10,1737383822,Yes,0xdb9de0ca085982796a8a6094993037aa6defd9912a47020df5cfb9d21de4920b
BUY,0.002,5000,1737382873,Yes,0xbf66bc472ce401891dd7f8587a16f228956428d8be6c2a2cb8218624d5e7808a
BUY,0.002,1000,1737380988,Yes,0x513c72a2270eda36ca6b01a9cd55724f8311be84b3842a573762151db8899901
BUY,0.999,10,1737380039,No,0x36ecfd3e1fa12c0088fe3eec585ab10a5daefc7bca20ad48254e2c6fcd78499a
BUY,0.999,5,1737379869,No,0x792ae27c21889a3504205febb4b782a0c153da675bfdede35b841948a335306d
SELL,0.001,30.36,1737379797,Yes,0x8511a0dd4886171611de1ff673b7936f7d117e477609800015f509f7631f99cf
BUY,0.9989999968492786,212.332331,1737379680,No,0x6c5685153d2a3dbd37a619e928eff2d83ce8f41416ce2ae247fed0cedec9ed6a
BUY,0.9989999982643336,201.65165,1737379636,No,0x1c45d8be95218950dfc3b02f9734caa1f2835a45e97737381932438264910ee3
BUY,0.999,5,1737379630,No,0x6d33188b12563a8a14bcb6c21c834f3686afca33a27a1be32d4bcfb456477041
SELL,0.001,63.12,1737379592,Yes,0x6f53d1d8fa614ce48784c41cf8cf1e6bddfef3da8f07df6191fc854f4d5d60bc
BUY,0.9989999970003067,215.355354,1737379590,No,0xa6076bd6e5e5090a1c1c150d79224809c65837dc951be5b14b2399f391d4e921
BUY,0.999,5,1737379544,No,0x9942ec8c0d65b2764e8996f2fa4e63ac780b060b0a1194c2388e56d1b46e107b
BUY,0.999,204.864,1737379542,No,0x14b3b05226651321a5c64344968bc4025f840178c11fb5de3b9c74ceabce3dd2
BUY,0.9989999985980474,229.679678,1737379540,No,0x2fa066076b4a2ce3598b01541a917bd59919a4b2009311de41a016fb5984cdcf
BUY,0.9989999973302551,248.338337,1737379432,No,0xb8449840ccef01d22673c7351dcd84bef92de86734b333e14fb314da9bdf6f04
BUY,0.999,5.1,1737379430,No,0x9149a0acc078c1d4b5b2d936c5e0daac3579d3b7b1c503ffad17c8e403f9da49
BUY,0.9989999976355881,208.508507,1737379384,No,0x21f7a1d2a4cfd965a47d4e5bbca5dd18c9f1a495585b6f402121a09bb908216e
BUY,0.998999996889103,236.266265,1737379378,No,0x2a454d8d10b095b7dcd7dd96d589d4e86a9dbb57b7a71b2f98fd52e88ef5af63
BUY,0.002,675,1737379376,Yes,0xdb94c8cd33a9bca02e33b21fefd7a9cce0a9b2ce7fad4a1b62185c8f2bc1c18d
BUY,0.9989999958045234,235.015014,1737379276,No,0x6fd4603b3973437f7d1ad5c2690a4a49a73e4ef31b9d8681d04192ae7e10680f
BUY,0.999,5.5,1737379244,No,0x7470abedcbeffdb244067eca85e760f4b99b0f81f9d7f384970c26e48bd2851b
BUY,0.9989999969657326,238.278277,1737379242,No,0xc7aac068521cf9b89348e91d8e013fd33d59e4233e0e0323569a0a2f0c9e238a
BUY,0.999,6,1737379238,No,0xca5d39bbde578ec7c505bb0f4737a9b0628cf26b67653d664959c53c18417511
BUY,0.9989999991983702,200.840839,1737379072,No,0x270d76aed65c6a4b00d4a8bf174aedf9a7a8af8d085dd576602e88940e097e9f
BUY,0.998999997115174,242.302301,1737379044,No,0x58a3ade2d819bc9a86ed18283b04a1a6a09654f148abcc58293fc9648b7147fc
BUY,0.9990000000086207,232.002002,1737379034,No,0xdbeef1635e7bab628228f2cf2e354ee5b5f6d77a1f712f56e0e32f4430b93bd6
BUY,0.998999997203599,245.315314,1737379030,No,0x3614e960c375e15472b852e5fe7963b9c43993315b76157d30c93709d232e442
BUY,0.999,6,1737379030,No,0x3ed14023c377dfcdc90f2dcd775d36e958e7e1228243f4535dd29c1a3cdd1140
BUY,0.9989999977951632,234.484483,1737378962,No,0xc0cac3943466d2c5691c6df0596bf44a75f0aaa3cf486bacd6474a6c3e666af9
BUY,0.999,6,1737378950,No,0xe48e5da7df35a66f7b2a225f176321022c133af0cbd640511b60cede3dd9e6b7
BUY,0.9989999963348493,223.183182,1737378910,No,0x63729979128fbdb09f7e565e9de459e77ce6b48d987b185e8c42452916b3eb79
BUY,0.9989999983386204,248.588587,1737378842,No,0xfec06d41998ba1337a0a3fd49e7f66a7ce8dd7df1da983d4ff8807182a76cd49
BUY,0.999,5,1737378836,No,0xfeccdcdf245bf04c26159d5cf6b4545ccedbfe5730b369f1c54059106d72d537
BUY,0.9989999959978927,216.136135,1737378822,No,0x7c08538323fd491f078eac26a4a638cfec6c3a48002db4eba74d967153da808c
BUY,0.9989999981605688,243.553552,1737378768,No,0xd87ca869ccb6bd9c4e7e006a94d098288be9867c718f5a515bdade400cdb1263
BUY,0.999,5,1737378680,No,0x65a118577bfd9dbaca2db6260dc4f56db97924fc7731d51e653d040b1bdec6c4
BUY,0.9989999996375533,206.926925,1737378580,No,0xddb8944f3573c84273035e8d7f43b6c87759b408fc74188205a69e5ba6d75904
SELL,0.998,104,1737378490,No,0x5aad9a19e945224e0c1b16d8f66c91d1e1e468fdbfa68c2e22fd0170a2978727
SELL,0.001,100,1737378378,Yes,0x22a85032b2078779996d9398475e8b39d38c3daa6b6ef0365559d274e9c376e7
BUY,0.9989999386046893,6.596595,1737378376,No,0xf1d021730d2af424c2316874d8c0b5902de7edb0c3fe2d4055a8b8b9abe67bf2
BUY,0.998999877089272,3.563562,1737378268,No,0x09d50ebfcde8fd8e0217910b0f04e19309988d8264c2abc1a928f89e43b5c035
SELL,0.999,20,1737378160,No,0x1117086867771ed1e48ba164f8f5046f1ac248e6aa2c849e0532b6e31e4e5411
BUY,0.0017802217365074028,1516.665,1737376016,Yes,0x97c6d30197afc73a0e0238f6f052f8274fba700f1d4a8b1a9068edabc70677d7
SELL,0.998,1.2,1737375886,No,0xb7b701be14b64ac4f7f656ac8a86f976ba672dc506c57a33829271539663e1a9
BUY,0.001630815897193366,613.19,1737375874,Yes,0xec41ab307b81450c2ed599b04294664ae905b979bca83a2f9c417f205fd1347e
BUY,0.001,1000,1737375828,Yes,0x8eff1dad374b4093825bb699830e1e837a2e359c950a781abdcecb35cf0a9f18
BUY,0.001,1390,1737375650,Yes,0xcd396fda56e773deec266814da2b3fbfde36794752998da13d57eac1aceb21dd
SELL,0.999,1640.01,1737375428,No,0x29dc745c782dba573e2e6c198fe3d7bc826f011d11b7659e7a53032bba174acb
SELL,0.999,2227.2,1737374880,No,0x3d629d6100c736835a0c80f144422e8ebfc3441fb1ff8674e569658c194bbbb8
BUY,0.001,1400,1737374688,Yes,0xa2753e2d0cbdf60755f7ade032bdf2c765707fdcf41422b9d5c12cdebe891b3a
SELL,0.999,253.54,1737374571,No,0x051a7031f6222195c7a1b90f3c9bdcf5a7e42ae6edaf8378f13b0fb1d366844b
BUY,0.001,1390,1737373777,Yes,0xd368f098d251442dd46560746954ca865090c47dcab77fa6fd21d4c9a8b0fb0f
BUY,0.002,500,1737372141,Yes,0xeec875c066b87b46d72ab0abadb7d021c7775f1facf10c73a8a1704c311f13ff
BUY,0.002,500,1737371711,Yes,0x5460d42c75ccd0709265a78d666b6e30d309728db86434781e2774116d9b871e
BUY,0.002,500,1737371677,Yes,0x578bdece5da4f51daf0c021170d06469be5cd51a11108756415280c4f00cbfcb
BUY,0.002,500,1737371553,Yes,0xe8d73730fa9b636100ab963c7082600141511c837b7fcb23a0c0d0cc725b676c
BUY,0.002,600,1737371251,Yes,0xe8cda61afea9908e0ea61ba0284a835e6d9adf08204f6deae53fbf7382bde353
SELL,0.998,207.48,1737371083,No,0xd0029db07960ce15966fbf385c13e86de958250670622014f3f1748e0b5d4a0d
BUY,0.002,740,1737370886,Yes,0xa2035c1f486425e35b952527476de8fb8f12467a52431c3510f20d373e0c04d3
BUY,0.001091913606682661,93459.775,1737370872,Yes,0xd0372ab3f8751742a80dede8ea7929e8b78c967c1139c2e1f8c1f58ce835f622
BUY,0.001,10000,1737370694,Yes,0x349e277423f79ed221139156209b0edae928ae9a07e17612d91642ace8bf1fa7
SELL,0.999,16,1737370302,No,0x4e24d556c4c5b43764dd19267fa3c4c359e6e64b2f97e3595fef57a7335332eb
BUY,0.001,1330,1737369728,Yes,0x97c2c807c43e2b536952c5a8eba47039dfd7984b437c02871db3f8e640b7b347
BUY,0.001,3000,1737369616,Yes,0x60051fff679897ebf7f8ccc49b8d10630dbd738574b9c5f8be4260dc5dac4ec9
BUY,0.001,17775.69,1737369272,Yes,0x18365ce14758bc2840ac60dcb690581c649741fb26b1be7511767128a8719af5
BUY,0.001,10184.31,1737369266,Yes,0xe3678d2d26fdaa26947b8227469b825cdcc0298226a211d9fde6b9b00e5e3069
BUY,0.001,1900,1737369126,Yes,0xf53c9e8cf173ef3e107c337d487c33ae515a3204d2bb6afbdd3952c52f2297fd
SELL,0.999,8,1737369124,No,0xb4c007b530e230bb4713adee8a2b66bfc1ef73b1a77e22d1e0ec4b38a205d25b
BUY,0.001,1040,1737368958,Yes,0xf0c01dcd9db8dfc3ba27f1a1d1b90fe1c56aba6bbe0d18d55ce2b051bbc8df30
BUY,0.001,2000,1737368458,Yes,0xab801636696244e18b8c443deb8c09e1045b99bc915109f0cfe6571f9547200f
BUY,0.001,1650,1737368366,Yes,0x72b44aba3b90a6c9056bf2bc4b3a4c7dfef2960498ae3d72238d840ca098c142
BUY,0.001,1320,1737368102,Yes,0xe55beb671149531b0bc48c61001102851120624609271063cf9d397438fca65e
SELL,0.999,1.01,1737367928,No,0xde9260e30af4d768aa0582d4824aaaf168b513a07f8e69b0f1c4b00ca9d91dc9
BUY,0.001,1030,1737367644,Yes,0xe01492d394a1da7de7dcdc6d3adbc0ed934d8c6174309e711db15df6d0e4290a
BUY,0.001,1380,1737367602,Yes,0x1009d6ef1fcb805e74e3a4fb530d799e3766e27eaf6dd22efafd78d261476856
BUY,0.001,1070,1737367600,Yes,0x60fcad9798c3b4523649455d667c8a14d0048d9aa27b3b0bfc3359763e55f8a8
BUY,0.001,1500,1737367141,Yes,0xb71736589354e9446d378f37998c3ea4932d5bf65236c0e8464ed4c02d4ae57d
SELL,0.999,13.55,1737367133,No,0xdfcc68c92367a2d02fe3c4f100bd1875eaffe0e835a690acd5e86757b3bed9e1
SELL,0.999,1.01,1737366631,No,0xa03a09452a44fbdf5884439993ab137f5f617ac8f10ca0d3f9295e67634c227c
BUY,0.001,1390,1737366623,Yes,0x870755aa41d4f6dd6327997847e79078592c9fb35fd34efeb665efbe52b75ecf
SELL,0.999,734.24,1737366539,No,0xd56db44bf1b47d6f699e5bc590fdbc2ba56923155abe6174e03a9f30121961fc
BUY,0.001,1050,1737366533,Yes,0xe8f134b2cdc4446ed8d29b0ab988787eaed87795b7c9eb8f33747bacfea28038
BUY,0.001,1100,1737366423,Yes,0x17b907e3e6e92952bc1caf511c9b9e73f643f9678053d6412a4f131fcbbf5ca8
BUY,0.001,1140,1737365774,Yes,0x1636dd3cf35dad17f934b1b5b8424a7c0f80766c8aec2e44a4ca41d43acb93c8
SELL,0.001,162.42,1737365450,Yes,0xd79441b69804693b7eea56fe8e58612fc428c24c05a0fdeba63eda6d250604f9
BUY,0.999,240.52,1737365406,No,0xa79c74b3002b68120db885d60b5cc895574d223eb3939d07d1926c504684432a
SELL,0.001,10000,1737365386,Yes,0x4d41bdde78ef8fe679af1a12bf40418372a9feaf71e4ecafa8fbc6ad8a70a864
SELL,0.001,9500,1737365386,Yes,0xf382f3aad8be45729827fcedd5ffd23c15040cc6880c85a9e32f4f9076bbfa47
BUY,0.998999997698959,212.512511,1737365380,No,0x2c9962cbecc87d518719d7d90bf8b9c34d99652b4872ed010002e63a33bea25b
BUY,0.9989999953492881,177.177176,1737365376,No,0xb0631ee9f63d68f61cef007ba19fcd9f9dbb22c08476b80fac5efccc0e06a769
BUY,0.002,52500,1737365243,Yes,0x2ccdaa9d391cdc92a8ebeee0a6acf7b3dd022c2c46a630158bc9789176e85bf0
BUY,0.9989999919899999,111.11111,1737365241,No,0xdb16707116a5087840328c1867e00d3420dee9813a9e414103f37b770c14fa53
SELL,0.998,9.08,1737365235,No,0x6824e7bc694da235cf17464def2f5cf45bbf12aeaed208792783fb0ef278e78b
SELL,0.998,7.55,1737365235,No,0x654f541cbf3e0dac3835ddfdcfb781731ed7ed4e04b733112f1827e0a2f88893
SELL,0.998,8.55,1737365235,No,0x6f149313b2d8103e7edebdef846a4c2cbbc37d9968ce3c239c81c005b493ca36
SELL,0.998,8.42,1737365235,No,0xfdfad6a039b07995f328ed90b454457a96499476791327daab20188bbbf952cd
SELL,0.998,9.81,1737365235,No,0x7ea0921497665cb512d630716802b4c2d4a0e1850840bd37accf5888e9883630
SELL,0.998,7.8,1737365235,No,0x92cd4dc78b74f6f0e8a908381500bfd0a24671112b875e7f2913e119c59d84d1
SELL,0.998,7.23,1737365235,No,0xc995d32d7d3c55edcd41967b77bfa7ffe9bbd6ec604bb36dd5e594e5934fea34
SELL,0.998,7.8,1737365235,No,0xf316ae5497af3d53764d27756ec18ce1fce330a51193d5cf7e892b810c2184de
SELL,0.998,8.32,1737365235,No,0x1c678e097a5e410e170886bfe50372daab1d1ccc00976be9eb6bb5ba2e20c94b
SELL,0.998,8.82,1737365235,No,0x3935dd0128cfe73814c76ff2ba50eedb42a8933c2471d181b3744d705d1b0cf4
SELL,0.998,8.55,1737365233,No,0x0d1caa4093f34ed20fe7b9513bf9a3b87ab0640d076301661b7038f342ad54e5
SELL,0.998,9.62,1737365233,No,0xbc89ab904c159c2c1a7c2eefefbd1fd91e4f2e6980fcc7975efd1be88e7853b8
BUY,0.9989999957243954,201.14114,1737365231,No,0x8b6ddf10d4f12657ccb3ff2465748a93bf5e1ba7fb8927dadbf8f4f48a8d9393
BUY,0.9989998996598999,9.089088,1737365223,No,0x3817d7ce637d3c825b6afa972be4e56c5054cb3b0fde2a74b2635e3e99f22382
BUY,0.9989999751530712,7.807806,1737365223,No,0x30a4d1d74cac41c341cd45742567b114ec8760e0a7efea6a3b0d53a1a22d847d
BUY,0.9989998944348367,7.237236,1737365223,No,0x73c22efa48ed08143660dd0ee33776ad51691fb6a3e3cf69aad48937bd9bbd8a
BUY,0.9989999613692242,9.629628,1737365223,No,0x1a9abbc74f218e1af86138d4cb1bf44a5fc3b40df8158c46c9033cf770797361
BUY,0.9989999751530712,7.807806,1737365223,No,0x4cc0dad60f5d3df31a37bb5a173c63b681f2ba5e13578e7e19dc9e73ccabe144
BUY,0.9989999482389379,8.558557,1737365223,No,0xa2d30d4ea197620183e3f6559af7b655717b9cb8379e319d023fb4643714eac4
BUY,0.9989999191914535,8.328327,1737365223,No,0x79784fc67cebad056afc4077405c8dc9869a8f5313cbf6d5240925a046c7076b
BUY,0.998999980405098,8.828827,1737365223,No,0xbe5db455b6498968bfbe87d74b9b395ba3cb474b1c46cc6685407317c701cc5c
BUY,0.9989999320157842,8.428427,1737365223,No,0xe842dc826e322b0d05838be5725d9d2e87c276d7d49165ef3ee966cf7deb7387
BUY,0.9989999412508488,7.557556,1737365221,No,0x3012606dbce82515b5937f7b97b5a161a6233137f5ee3683b9771e4341d53f16
BUY,0.9989999482389379,8.558557,1737365221,No,0x4a565f97bf751f72f2a71caf49854519ef47d5d05a73aa48c597b567ab20bc9a
BUY,0.9989999814660516,9.819818,1737365221,No,0x17d3e236bcef4f31181d2978c5dbe1160c41df6e2d1e85c6bf51cb3aefc19468
BUY,0.9989999972079319,203.433432,1737365083,No,0x341a826a3a863442b2fb4c0d4db6077a1ad120494768a04cc34b4580cf131c33
BUY,0.002,550,1737365065,Yes,0xf91af46b89183816affe12ada43e28b86dba4680d3e07b1e8bf62536d93f38e1
BUY,0.9989999977244618,232.472471,1737365053,No,0xb0f3abff5f7266e8f42b5795ae787381e3fc9521ac7910a09a9b23da70c2a1c3
BUY,0.9989999981693956,219.599598,1737365013,No,0x306089230a22dd12b1aac37e20ef1aa30edfd54afd04902ef4fcb5e02594bc28
BUY,0.9989999858474997,66.066065,1737364981,No,0x191680c8166e6f2cecfbb77b989f6eb433458a152a5c1d25101f720a67e8df8e
BUY,0.002,500,1737364979,Yes,0xa188b766643ed2fc70d1e0de33ce9fb4c76ebe135e17e1d026643243bbc7a35a
BUY,0.9989999960671829,217.147146,1737364975,No,0x59c7760a0d97e868d6d96030262572af749dddafd3b074a2ee5be9aa40deaed1
BUY,0.9989999977244618,232.472471,1737364941,No,0x21aa67e45d8e47a2acb2f408d76a9c484af837909b14aea5152c3bd86fcc1467
BUY,0.998999996879714,216.326325,1737364909,No,0x282a5fd28c4991a5b2e814fe83727b7c52ea1d59a10621e443684858b64a9ea6
SELL,0.998,7.3,1737364903,No,0x40d2bf287feb79e5f7e68e1e9877b2849b5a4ee1df6129edc2d0d6068bca9a76
SELL,0.998,7.5,1737364903,No,0xa0a1f83316cf309b040a228fa03ff506f8e31ea7e386ef2459ffdc1397585443
SELL,0.998,9.6,1737364903,No,0x0b2eacb38a773aab3fd8c412d16163623d5e79b90eebacfce43f68220fe23289
SELL,0.998,8.5,1737364903,No,0xe5619ee9fc6a9c3d6a9026d34500eab1ef8498752356deb8d3694a123c861f17
SELL,0.998,9.5,1737364903,No,0xed32b2c8dbfea4fc47e308a3ab301739c5579a0df03727b97371330ed78ce4a7
SELL,0.998,6,1737364903,No,0xdbcca8ef683fee9695bf166c55e131ed7b70c3ded32d85ac9432d41487d0d3f8
SELL,0.998,9,1737364903,No,0x293597593c50d1f0f729ebca0a0ffedb1a8cf19a23b4eafd3397615ed0dd2050
SELL,0.998,7.9,1737364903,No,0xa936f6e7cb9558bf4501c9376af17de13a13955dfe176e5f84f41a100c998fe9
SELL,0.998,7.7,1737364903,No,0x2d3a0e850b884e49a3c2eb62e9238376b1394c9f21928236c458fd20983dbd1b
SELL,0.998,9.4,1737364903,No,0x62341c3833223933513ecf827a7a1301c6d1df791b981cfea3be78c7796c8a10
SELL,0.998,8.8,1737364903,No,0x21487a29ce2576abbb463ce8900cbe4bc8ce8fd9363d3f7d3d4743b4b2e6e2c3
SELL,0.998,8.7,1737364903,No,0x404b5ce08bfd752437c36a6644dd60a65de2e94071e369a3f43dc9b996779fb7
BUY,0.999000000999,6.006006,1737364889,No,0xe5770063c65328b2d64ab6e61082502af8a9641323fe68379c37bb936ebe53a3
BUY,0.9989999663555107,8.708707,1737364889,No,0xa6c3a03b71dea0425fec28e7f4a5f8289594bee6de869186303620214273919d
BUY,0.9989999050265583,7.307306,1737364889,No,0xe8a41d491b9abedf2e8e6a3ac5e821a660ddc3bc6a936c682ad4e7bce2bbad0f
BUY,0.9989999618563552,7.707706,1737364889,No,0x70b8cab50372fe845e5e72cc0b70c5011d2f715e89273bdc1b84867a4df7e314
BUY,0.9989999780901091,8.808807,1737364889,No,0x18e9739ac90ae828f91c8f129108a10e8cddb43838c17cf92b00860fd120ad61
BUY,0.9989999592074932,9.609608,1737364889,No,0x083bfa6d8527bb63a74918e34259058b23f7f06d64ee84847cb4709710d8cc0c
BUY,0.9989999420579897,8.508507,1737364887,No,0xb547320a1c58d7a7708afc5d48d769ab644d784bd1ff191608509ee29d2ab4ab
BUY,0.999000000999,9.009009,1737364887,No,0xf2ca80b5decbde5a5b2e670eb27da00452cc1134ebbd17d944891d84ab228d93
BUY,0.9989999482623075,9.509508,1737364887,No,0x1e1bfe309fb27d91eecfb75188143d31efc0ca79a3a7dd1ec27dd5e697d0a9ab
BUY,0.998999937084246,9.409407999999999,1737364887,No,0x52f2c48219508730872ce456b3b73e074e986f2fff280b118d2c4312148e02c7
BUY,0.9989999881131617,7.907906,1737364887,No,0x6118f1bb309d622811bfd76c3448c506867a1c532eb0087719b2d0c6cd9e63ac
BUY,0.9989999341991868,7.507506,1737364887,No,0x6f719fea0d06054a74d96dca0cf71615fbc175f7832ee00689df54918cb33016
BUY,0.9989999977613707,213.523522,1737364873,No,0xc6b8604044a81a7eeebdf71ea4c5169180e3d0f09346ed120cf7e6fdde8f658f
BUY,0.9989999981075485,242.542541,1737364817,No,0xe9c8dd9e6da9367f7b8d582d2dde9f52331d0ec2f1bcf41eb457558ce301787b
BUY,0.002,1000,1737364793,Yes,0xf240d42dabe125cae7a5aa1ea6966edc780608f07c9a487f259865ead8734b1e
BUY,0.9989999993515846,249.839838,1737364785,No,0x4a2da2e22760d1f8b913bbad053d4b655f638479e273257c7dbe3f357128c670
SELL,0.001,100,1737364781,Yes,0xcd4539453991f8a5d95420b144aa309a38da7e0c50af744a4c85b9ad9fb5d522
SELL,0.998,6.04,1737364703,No,0x912e48df09f80f653c10c4ff05cb8c8455a7c31ba587dc914a50ae17c290941e
SELL,0.998,8.58,1737364703,No,0x7e833df5dc61b767353e4dd7b3d8d659454e7a2ffc17484d29128f68db4f1c6e
SELL,0.998,8.78,1737364703,No,0xfb00997b3958b4d3308dc154fb7dd4e58cf88865fe39e7e53dfb0c0c071b5f68
SELL,0.998,7.31,1737364701,No,0x0bc765eed085fa3dbc4a6ca64fb0826a558f70861f42ac94a877b6156d505d37
SELL,0.998,9.61,1737364701,No,0x489343dd2abee4cc356e8fac540871b2823444f84516dcf6f21e9448a161eec4
SELL,0.998,7.59,1737364701,No,0xe706a6a6c4d08bf8f29499a4ad75971f421feba2184e4c3808ed770522b7526b
SELL,0.998,7.78,1737364701,No,0x6925230db0d500fafbdca6d6000aa73b63fbb2e573ba7987170f4308eaeda880
SELL,0.998,9.58,1737364701,No,0x895cb501e783b2367f3aaf22de8f710172160c79de5e9b4907c74b1d561e1e6e
SELL,0.998,8.89,1737364701,No,0xbec67153a9ac251c08b98a12695fd52edd88e1dcc456124f3cf98947e390d390
SELL,0.998,9.06,1737364701,No,0x5ff88d3bf5468af38b9b94c0e4323d62a1c105a8df80873894f0423838c61613
SELL,0.998,7.99,1737364701,No,0x0a822e6022ec366aa606c0e7752e69b1bda1b8842be95b3e53cb7d57aa8ee132
SELL,0.998,9.45,1737364701,No,0x9b727655a187ffb17c9ad16646b717c04333fc847a48f87441c21905096dde37
BUY,0.999,227.197,1737364695,No,0x36aa2f474dc993fd99ad0063810a315bd41cc66273fad88e258921571e550333
BUY,0.9989999757645737,8.788787,1737364689,No,0x5ea8ab5b26b517e9d9b5953f0f78c6948e8d5e326a944cf1a4e2374bafdad2d8
BUY,0.9989998420455025,6.046045,1737364689,No,0x05bd04e162bb2fdb261d3a6a1f19d70f80a7f30741a8e37cfd9c8023989f9b2d
BUY,0.9989999602894835,9.619618,1737364689,No,0xf2ebaf41ed06b397e7c4c8539675a82e9ce8cbaadbc798da4c0f5f507ab103ae
BUY,0.9989999884255318,8.898897,1737364689,No,0x35c5eb23864a26a801df19a5f185516b9cdcd896ea3ed481c0e0347adc83fca0
BUY,0.9989999065231022,7.317316,1737364689,No,0x65a6485c1e35cb655233b28b65d3991877ca85677ffe841f55d22ab6876b0f9a
BUY,0.9989999427028483,9.459458,1737364687,No,0x62335592aa0462ad2a3998850bc58dee3f794f59fc1a15d9a4fb3b0eefacc75f
BUY,0.9989999997499375,7.997998,1737364687,No,0x15f0010be92dd22d5c419064b3cc158174aff2c2f9bf38c6d0bf142e8810180f
BUY,0.9989999725210734,7.787786,1737364687,No,0x4e608aca90fc8d345dbc76de6540b252522cbaf3132928ce184d2b31d61a6607
BUY,0.998999957036736,9.589588,1737364687,No,0xf1995113141af1a143c2e56658bc18be3ad7e81d0e3a7a9fcb3fe6122254ea01
BUY,0.9989999519129281,8.588587,1737364687,No,0x110beb81606afd0937d2e2ff967deadb85c6b7bacb14c647e202f94505bc2a77
BUY,0.9989998972331005,9.069068,1737364687,No,0x6ffcba6938e202cbc34fc4b300a9f115d41f1f2dc38d9a4d9fa87e50ab420f4c
BUY,0.9989999468252853,7.597596,1737364687,No,0x9a74930b3119f45b7989ed829551b1129120d2cf1d6abdffdf9a668790dcbf2e
SELL,0.998,7.87,1737364515,No,0x330742971c97db1626fa46d9c26d76788ec1db2c4a259c9faa0b4dc6eb668fb5
BUY,0.999,32,1737364469,No,0xca563e47b95f193cf9eb7c1b980b73c6b0b69e481305524d6a50c999b7fc4fbf
BUY,0.9989996963906979,2.302301,1737364441,No,0xf4df961e7aa4566f612dc46736db5ddc146fcd442dd6e3ad06b147ff9e015131
SELL,0.998,7.5600000000000005,1737364379,No,0xc1bdc3e3c1300da508f07de98879ed232a4473ccbcc175e921d07c34fc4b2a39
SELL,0.998,9.16,1737364379,No,0x0e89acc7c30d3ab2f40bcfc3e672edc9589f5a45656a8520e4907a1a17ddf29d
SELL,0.998,7.87,1737364379,No,0x8dcfce08f26204f8dbe2703c26c3862d692fe254729ddf86bc18f8f94c48a1dd
SELL,0.998,9.18,1737364379,No,0xbca113d4eef7261178d8a718453edfe06c025907dd6cf7d3c8da52c4c6433720
SELL,0.998,8.51,1737364379,No,0x66b188a19dfe8c55a4b598a59f03b29d168d7a4b46f96d5cbeeecb396ff91222
SELL,0.998,7.17,1737364379,No,0x37d0f71319a31bd4b8f423768b2b042503eb1be919bb150641bb9e05db0fc4d2
SELL,0.998,9.92,1737364379,No,0xcaf323ebf5126262d098cbb2585dfc3b428321a09192c326f918435b58037be5
SELL,0.998,7.97,1737364379,No,0x5241b4fbe11e44085f80f2790aef6495fe7787514138313993ce085803210df2
SELL,0.998,7.46,1737364377,No,0x10d904da0b7b0316589362d484b82a80452b53dea019efd06d822e1d8f5bb0ca
SELL,0.998,8.55,1737364377,No,0x3fd3f192fb890d0406967fa0dabbdd03d417eac8fc4300e1c65836f128d16ccf
SELL,0.998,8.29,1737364377,No,0x6facf990fb114f54456098085b855f580a5404f6d7d505c8a67a361f3966d6e6
SELL,0.998,6.65,1737364377,No,0x08bc82db38693bfde3ce3242aaaa1a6810b485da5d9e00c298ca10566b12fa67
SELL,0.998,1.01,1737364367,No,0x1df85c8785f9d8b31b945edefe58f61c5179a8899ededafaa4a3aab0780becc9
BUY,0.9989999116352827,9.189188,1737364367,No,0x0e32cb3b909ac79c0cc8956580bbf482e69e580e600fa6b459e89cc5b135721d
BUY,0.9989999426499881,7.567566,1737364365,No,0x809d01dd332552b3c29e4df8b76a74daec49a585f20d716bf53aedef1bc6ee02
BUY,0.9989999092611238,9.169168,1737364365,No,0x2f53fe0317135bdb8f857bb2e433f8bac0011b0731b126db358262d684e93094
BUY,0.9989999482389379,8.558557,1737364365,No,0x47acd3a3df2d5c2962e2b65f209df69721ec97deaa63e807089581cdcd794560
BUY,0.9989999842597167,7.877876,1737364365,No,0x234c5f9de7a64872b6689a8257b117d6a4c859e0b4372568d0a31d3f612b39a2
BUY,0.9989999152838227,8.298297,1737364365,No,0xd34995938c14c37a3be1e57a4b40a51a4d27bdfbf433b5466c26e415ef92db8c
BUY,0.9989999969917182,7.977976,1737364365,No,0x653461e3cf2917c0375847510bb787fca53e3a9abf5b607f4ca8c5ba9afc78ed
BUY,0.998999885191613,7.177176,1737364365,No,0x5ff6395f1adca5ebe8bdc46de6be0591ffbeb51e40d30f4ffe4dda09e9938ae1
BUY,0.9989999927491922,9.929928,1737364365,No,0xd69e9eedf1303f33945a214542359d92340e89d4a7f939b70e063c79a21767dc
BUY,0.9989999284897982,7.467466,1737364363,No,0xf1c703f4fe0e3315223ab6289751ebbd0d5526af9b789f437e910f82c79f52b2
BUY,0.9989999481721675,6.656655,1737364363,No,0xce512dbe239d08330396ea636cdaa6c6ad755e0748d920451f030ccd179e9c70
BUY,0.9989999432999899,8.518517,1737364363,No,0x33ec19aa336796d618948e31d213ac0667d249b0075faad67db3d451dce2fb04
SELL,0.998,9.22,1737364347,No,0x89bea44f4aee04fd832ca22ae0b5e1b57cc52e7a1e32d0c517da1bd5b79ec1b3
SELL,0.998,9.33,1737364321,No,0x5b0d2e023de2a24ba0ceb7d68540f1ca85876e4e0e7ffb33c64ea791bfbab7ba
SELL,0.998,8.92,1737364315,No,0xc145d4c3d3a16612263e215234e47f3c54f570e05ffc01360bff4646afb13cec
SELL,0.998,7.41,1737364313,No,0xd8978e0252888b95d8bbc80f525e948f05c93ddf1b11532d7cba598bdabf0b4b
SELL,0.998,7.98,1737364301,No,0x233366440f2b84407f953e9f6c8cfd253a7c988ede05a16a8d08e4436e5ed225
SELL,0.998,7.5,1737364299,No,0x0e2c41c3732c4cfe86b4479c7c56e13fad3ba07367ffcb7cf334b554419463ff
SELL,0.998,7.79,1737364299,No,0x8aa01ee8b496ed84d21d4c3694593fe7215224b3af090ab1ec1522b0211f5501
SELL,0.998,9.72,1737364299,No,0xacb7ed9a54b86dd44d1e79912067bb1b3afabb8619694a3819c73df31e262ef0
SELL,0.998,8.72,1737364196,No,0x8810112705dc3c30e31eb24d91127145c452e39a3c96b8c47f3b61ba53a01810
SELL,0.998,7.98,1737364186,No,0x768be9e0d5427fe7137d2da0b604e1b7923c02e38fad97489df83dcece943072
SELL,0.998,6.86,1737364170,No,0x51b197d59b6391cfffd18f4320bdbba98a0f341b500c73e1b6ec11165fe0e549
SELL,0.998,8.91,1737364164,No,0xca80aed9e26660ed80a840042195bf9678d3fbd68f7ae1554d4e10538ea40d72
SELL,0.998,7.5,1737364152,No,0x8ad265a4e1ffe6948c8f1fe6bb45642439f196739bb1148f5282e3999a19492b
SELL,0.998,7.79,1737364148,No,0xfb0d8c97ad8e4137de327f9309ceb4346b087699d2fb8b5bac711309549abe6b
SELL,0.998,7.59,1737364144,No,0x288e3d4df26b5b40dc769813a425a2533b12b3176ed75882f4113bc2ea4f844d
SELL,0.998,9.73,1737364138,No,0x6a6459e71c3c9490e466655f1418f0704f62cb18ebeb3172ba05ca3975b2f473
SELL,0.998,8.73,1737364136,No,0x23b341fdadb82e41c2b2e83df97b99883d92ba77ee7f30033694a211ad2db2a2
SELL,0.998,7.31,1737364136,No,0x6ef33fafbb5345a6102af590c49b33c01fc559238d444239d104a556cbcc0199
BUY,0.9989999341991868,7.507506,1737364132,No,0x071d48f5b2c861c067efefc9e35b3ec815f90735099fc03346ba13cd910b9a95
BUY,0.9989999687239617,8.728727,1737364132,No,0x985338941f1840bd1b53ecf429dc0b337d78bf3072847a525f0a02c33dc4656c
SELL,0.998,7.59,1737364130,No,0xbab9c82cc3f1365453ba6ec1901dab20162a8a5cd67f4b56863b7ea599505417
BUY,0.999000000999,6.006006,1737364130,No,0x6ede778cefb80f2149a3028de8c41d52dedb17df60c277b031a3fd9b799eb5d2
BUY,0.9989999198099848,7.407406,1737364128,No,0x950f4a463a76bdc056a4d3d1323a3029856e36ace0fd154c3cb25586b548a451
BUY,0.9989999687239617,8.728727,1737364128,No,0x035912801c1f2ece844f955832a32d2cf482b03c4b4ded9178f6f890bf860a4f
BUY,0.9989999829686983,7.867866,1737364128,No,0x6064a74c5262918e72c5d98e6d9248f488591a0813a27b71185d2ad9a377cd83
BUY,0.9989999906939374,8.918917,1737364128,No,0xf3d4c3b08419ab69c8dccdca96d276961601a08fb30344a6b02a35c22792fa2d
BUY,0.9989999738387616,7.797796,1737364128,No,0x3092e82bbaaa242a6acd8fe75fe54923b3eb102cde209cbdfa61667e39e41dcb
BUY,0.9989999468252853,7.597596,1737364128,No,0xf3704970666cd0ffe431b0a30547042396cf0806e67019d09d8e6b794344a3da
BUY,0.998999978853279,6.856855,1737364124,No,0x2058b40bdf76fd4e33e0a54d4bbc1fe9910c3099b1f5ac4a2cad07100e253a73
BUY,0.9989999151771874,9.219218,1737364124,No,0xefffa0db170e53250d4845ef06adc3c106063c07198d8d693e8b3175df497a9d
BUY,0.998999998247368,7.987986,1737364124,No,0xa04c3459d76acf1f64e8ec611628a938d96dbb85a722e98929b420e3592b425a
BUY,0.9989999050265583,7.307306,1737364124,No,0xfdf59410ac3c78782388b6ffd6ba96f78f013527d8dd1f941b6e13a621d73134
BUY,0.9989999906939374,8.918917,1737364124,No,0xfd93eea3b897d32e2fe1c34c9f3b1a88eb99b567d9b6accc11d4480f2021eb8a
BUY,0.9989999279690884,9.329328,1737364124,No,0x84f3949b02ffa86bb5fe9ebd78b669bfb9442ab2fd42441c8c870d6a7f20e74e
BUY,0.9989999468252853,7.597596,1737364124,No,0xa07c1f31fff54e740bd8d40482f120f76780f2fd9192090cdec26f8f65921689
BUY,0.9989999720444395,9.729728,1737364124,No,0x6eea5bc4b09446018962115b722b7241c5a9c02904ae5d15233649799c736727
BUY,0.998999998247368,7.987986,1737364122,No,0xc10d1154d9436251f436844af1614bc969782cff095e806800e5236a6cb2a169
BUY,0.9989999738387616,7.797796,1737364122,No,0x6ac66a404834c482f794e490f40b87dbfde32147d249e0b94c815ea4a6c8cbe2
BUY,0.9989999341991868,7.507506,1737364120,No,0xd079aa2a5322876a2953fbcf384605b08e10718384496d948be58129d47bfa2e
BUY,0.9989999720444395,9.729728,1737364118,No,0x13444f6aa91b047e877f36c2e93eb1b9cc69137f48978bf564da0c4865fa07cb
BUY,0.9989999239222901,6.506505,1737364118,No,0x8b467dbdfdf345bd611cdb59988a1e3612df6a797838fb39519b1b3afba0891a
BUY,0.9989999239222901,6.506505,1737364118,No,0x3f5139539c09a2253497dd570a400392e7859203f1afd5e69bf061695c2adea9
BUY,0.999,29.99,1737363948,No,0xea9fa9f586c3dcf7e14135f76e34d40b041bcfb124759e0a08ad0594c4eb0c96
SELL,0.998,7.35,1737363938,No,0x666996e95551efc70996d5c46dd3003f7939a06aae61c345274fe34f3a7bd15f
SELL,0.998,9.59,1737363938,No,0x93e8ace0a4df90b66279899cd8d01e465ff7a369f21c0b0582732e7bbb7d6e5e
SELL,0.998,8.29,1737363938,No,0xbeab5f921da49ea9f76fe04d9f60092b815255514cf6c4b47c74b384aa0f32ea
SELL,0.998,9.05,1737363938,No,0x32d3544f2ca12c14e9f8853f742afc3fabf9e7d6553cf63ba5692e096ce75ac8
SELL,0.998,6.19,1737363938,No,0xb543a33c77acee741fb017a658849f1a7c1170d021d501ed29ab13ed3d5cd2ce
SELL,0.998,7.55,1737363938,No,0xf70fe5f034973f152affa278cfe3f94b244a71d6f0811511d2bdf38603fca07e
SELL,0.998,7.43,1737363938,No,0xeb30f8a369057464a3ad823a2ade8904079e4f15f30c396562da163977491944
SELL,0.998,7.86,1737363938,No,0x13bf04428e80dcc447e34d47ab87ea115c72b9c77842f2135baeec6c12a09fdc
SELL,0.998,6.57,1737363938,No,0xcb17c4315dc04dc41a144cce409ecd301b562979ff21f47421db7424a8c61eb6
SELL,0.998,9.77,1737363936,No,0x5925c526278657a1bc6bf2b0cce0c0dc5a1bdac1d4cc418697940dc86d78520f
SELL,0.998,7.67,1737363936,No,0x33fa90686b3884852b6223531b10cf36de36e235adbfbee42836e20d7c832943
SELL,0.998,9.07,1737363936,No,0x5e01dbe0f7b6d674295678161218e61ff6323a3ca55d8b611dea2914dfe2f831
BUY,0.9989999124685552,7.357356,1737363926,No,0x5012638c5e4335969270a4176ee4057077f726ccfdc2a6d23c53079d646019b7
BUY,0.998999898447838,9.079078,1737363924,No,0xe2f9ab873a46bd5d7dde5470c5a02526e770d9804336af1d73423cc1ea7777ac
BUY,0.9989999353766968,6.576575,1737363924,No,0x833f3c9f2d0be46d2a18c3cf5c443a9a92cc4ccae0f2e343977e6cec5180b6cd
BUY,0.9989999152838227,8.298297,1737363924,No,0x953dcee7a16f29b7307d1e5714154236e5a2c0340afd2f6e3f42148a62a6b459
BUY,0.9989998960156784,9.059058,1737363924,No,0x0861e06e31e48adbc8dfd54828bd93893e8b2933478c4c4e848f3ebb3d2dc4c6
BUY,0.9989999581232464,9.599598,1737363924,No,0x7acd9e6307a9ae12403733a1076deb850b339f95a7b97804830146637857f4e9
BUY,0.9989998700815581,6.196195,1737363924,No,0x5fd7ca60d9aff2282eddb4d939e54c4378c1744a5637197117258a9bea1489cb
BUY,0.99899995779973,7.677676,1737363924,No,0x490451be8b10d5c7c2f29cbe2dbb89c2fce1bb2526c298a1d55925423a5e39ac
BUY,0.9989999829686983,7.867866,1737363924,No,0x25927057917f8eb042280dac83db827cd1cac7cf401f0817c530096cf33651eb
BUY,0.9989999241674147,7.437436,1737363924,No,0xd7c3c0d96a35f65bf546d1dfe1222c44b7217243f6105c43690a10869a6b9b97
BUY,0.9989999773000983,9.779778,1737363924,No,0x7a6c8590722aadba65e53b485ed04fb9cf389ee4be799e4fb42a5680d3a28f7d
BUY,0.9989999412508488,7.557556,1737363924,No,0xb8167524780f0368d23259d4084a94bbea69b663357f85ab9ac0ffc4592a2885
BUY,0.999,10.11,1737363716,No,0x1bfbd55052ec954e5f6422a4aeb339c2e3d9631140411e5b220fb25c39ff2d95
SELL,0.998,2137.29,1737363515,No,0x1e0350dd4ac3aa8ce2a3903f80f579cbbfdb076c9ec4d070e854cbad217fb14a
SELL,0.998,431.25,1737363303,No,0x7af7cfae177614508528df60b164eacda0b530ae78d04a8ab49cffb8cdcdb22a
BUY,0.9989999741274364,17.547546,1737363301,No,0x649549dbf122556a2b1e51180dc33bb6d1c776f5fdf60a0bcd780fc7a45dd126
BUY,0.999,304.55,1737363215,No,0x74503d0589276ebbfe8ba927c6ffc83c2d7808ef3c52a49985c23424933ac3f3
BUY,0.9989999982608746,431.25125,1737363165,No,0x227b5acfd3bd5d440784210399433c77deaa7e61fd13893c3c949fc85655ab29
BUY,0.9989999862931321,68.068067,1737363089,No,0x8c925928f41bf3964cba8c57caf31bbcca060f79917bc42883ba3806cf0c39a3
BUY,0.9989999362339788,1.88188,1737362952,No,0x03e9bc9d04f87411e1c99d0716997d314135c24fa6fa49a8eb0ce825cd0de78f
BUY,0.9989999776967426,21.52152,1737362788,No,0xb213a1e27a5b1aa274ba8ddff367049ef6852637e9f4e2571ffc6cdd213c3460
SELL,0.001,10613.4,1737362358,Yes,0x9e361e55678a2e6f1cfd19597d812171bd0cee6a85d23ab878406aea5f89fce8
SELL,0.998,4.5,1737362176,No,0x8d2ac0c6fd3998be895acdb3909bf57a9cfc278d49746e41073b33e8717c8843
BUY,0.9989998896659632,4.504503,1737362130,No,0xf2614561f8e8801ecdecc9efc33e54fbf3e38c7096a2e41e5a78bca16363a34d
BUY,0.9989999889379965,67.257256,1737362072,No,0x336c7d792d761f4b1f37cfed32fee42251e9e751ad1b8c3d785c5e6484060334
BUY,0.9989999991247036,1067.067066,1737361874,No,0x73c36899c83be0d01fdba47523caea015a085afea74ca6eff610ab9d24825dae
BUY,0.9989999985300211,170.750749,1737361540,No,0xd1330d52b51e90c53efa29ddb438417803a939efe27497adf96729284b8f8597
SELL,0.001,5385.93,1737361424,Yes,0xbc70cc253ffc778b5d7c04bcebd35c3316ed7055570fe9b39d24273b76a5d5e1
SELL,0.001,100,1737361344,Yes,0x946373e0afb49bf1e5f3ee76d06b2cc32fa03f971f6cccef71f49a9365a69459
SELL,0.001,12000,1737361344,Yes,0x8db52c5cd60a80cf6d7a2f308e5cd985f0abdf76e9027e296536dd6d8f5be992
BUY,0.999,52834.75,1737361265,No,0x6b27df6a27d58288c3ab56461be918f42b83ddd42e7bbfe67462824014b5f2ed
SELL,0.998,5.6,1737361059,No,0x9a9b819dffaf7480ec59149388bfa81c6f7b9b5c153669410ad03c0eddc2de20
BUY,0.999,5.605,1737361053,No,0x4a98940e2d44b7389996d672b6c279f8e4cbb006bc8fdaa96f4c939cfd206549
SELL,0.998,9.02,1737361011,No,0x23bf16d10aab6dfab0fc93edf08b285db79090cc5e42eb4a740e0c7ec0e1e511
SELL,0.998,7.32,1737361003,No,0x501cb7a89c553f8ac76c703e497bbaf731d05c0e30c7356804f7e7f7ba21f428
SELL,0.998,7.41,1737361003,No,0x0e3affce738c28efcabbe1e19f9318e1838e98c39d66a4f6bcf38d2a2326bcda
SELL,0.998,9.01,1737361003,No,0x2e7a4f5bed3df19b66eeac5df6015397cddeea3c0c31993775d8701bc4428b48
SELL,0.998,8.22,1737361003,No,0x51d80926bd793722b957b8a2edd1f3dae396b92ee68a86b5311580fe17c999c5
SELL,0.998,7.82,1737361003,No,0x64945bcb537079d95038983db980bdd9f0d74cf01b22d580a3162ed713188ddb
SELL,0.998,9.52,1737361001,No,0x72474063190df7d82aff579d5d4c43c9da46c411e4d369c3efe41ac2f78b48ff
SELL,0.998,6.52,1737361001,No,0xf6748ffdba1b2fa142af75b3fe2c9969a51af6cfa180eb01219e5007ee35b8f2
SELL,0.998,6.57,1737361001,No,0xa9e2ea237bfd91c4c4e9c0df50d6d86fa3014460a48a199982592eb1775295bb
SELL,0.998,1.01,1737360999,No,0x01fd95f6ab958c5974b95aae066506c6241ec0cbceb8bfa8f98282b3c22769ca
BUY,0.999,9.009,1737360909,No,0xf2523107982b256efb620d1cc7f415e747e3c4b5dc4846cebe1de26e851c390c
BUY,0.999,8.208,1737360907,No,0x72f2be31f39b29f7651ef77e4fc33d41896174355f44011675a3156657b186c9
BUY,0.999,7.407,1737360901,No,0x303f0c430628a8c13e8cfee8ba1d63c4931232abb21d66d977cbb076016fdf49
BUY,0.999,7.807,1737360897,No,0x2d09b452a37bd34bfd115c6d7f6cbb1988fc2a8856270a09cbb25c371fe60efe
BUY,0.999,6.566,1737360891,No,0xe6227d21bf6c37e684e06714b72f9b7e929f400ed824aa3d5801991a8d329ee0
BUY,0.999,7.307,1737360889,No,0xa09987fd8ad7cc3f17c01155fabab57f91eee31a6a1ad714b7ee89b0111220d9
BUY,0.999,9.009,1737360887,No,0xd7f9e54703b5a87270cc1f542edc389d3bb7a17ec875e1d1a3e7e1ed7c37c4b4
BUY,0.999,9.509,1737360885,No,0x75bb2512c95bba952234a2b4da0a481e5cc195fde6730256470975000b531d1c
BUY,0.999,6.506,1737360883,No,0xb7655d3f97666a166ff2e2f6c92614835fd700bee109c0231ffea164c7fd3a39
SELL,0.998,6.19,1737360819,No,0xf9530e0a9f67fdd6fd5acb101406a1a163925e2b78299768fa844855224c1fae
SELL,0.998,7.86,1737360817,No,0x657495629ab859e8630c0c50f773bfeb41a75319114d61f2736c0ce597139f99
SELL,0.998,9.07,1737360817,No,0x82d8f6b760fe6f0e900db5945e475085bd6292d25c951d337dacda9835299503
SELL,0.998,7.43,1737360817,No,0x67b5d0c361a7ebbc91ca19c047b7b5f16a5a7b45f5b700b73e904e15d032c405
SELL,0.998,7.35,1737360817,No,0x5c79702c34af67e8b50c14b0cc2fe4c2badbfba4b923713934eb4f4097f67c77
SELL,0.998,9.77,1737360813,No,0xc0d5dcfff7e900dd947d66b51e8c3e560ffaa0796883f6643cad05946e5d68d9
SELL,0.998,8.29,1737360813,No,0xe4efc8cf34626b3ec0b5095d3dd23420ccd2c04710da5ff51a9ca64344f83f1b
SELL,0.998,9.59,1737360811,No,0x3013d1f32533236bef8e1b823f68d4b7e4d2ecea6844b31699f65d25704f5cd7
SELL,0.998,6.57,1737360811,No,0xa6cb7bcab1922ab356fb9e4cb02804d037851a50a25c740ccbd4cc68eea13e2d
SELL,0.998,7.67,1737360809,No,0x79f659c4a478d097940b34042aaba3ed3c479626281b40e14bbfdb36842553d6
BUY,0.999,7.437,1737360757,No,0xeb2c9051d4971451dd2ceed9b80ff4f82a70412ab15f5e9f3e42216f237de4d0
BUY,0.999,8.298,1737360757,No,0x26dbf9761b0b5d42a04c74e5a3e26b895091949f9f43bc2f87983789c176145f
BUY,0.999,7.677,1737360757,No,0x30e5d2c438ee9f88bb361bc9485e880fe10bc09467f1d4a70a09a467e5b832ae
BUY,0.999,9.779,1737360757,No,0xb9e267b4448f27b64513c4e5d37da039cbb14c54bae7cd9002a1a40aa5b98287
BUY,0.999,7.867,1737360757,No,0xc625b18023bf561fe55fb626e2d52586b25623fe14c623fd8ac55346d68cfc1b
BUY,0.999,7.357,1737360757,No,0xea57d1f820da9168a3fdc1c021aeb533bd81945be577d0a3f985ad86caef9c63
BUY,0.999,9.079,1737360757,No,0x927df2882f0aa1b94a90065dfafa15643e3109b0fcb9c46f5c04e4427cf5f2aa
BUY,0.999,6.576,1737360757,No,0x0cff5e79006dc34a70d168a831404924e936974e0c84667277fbeefc4238f37b
BUY,0.999,9.599,1737360757,No,0xac13358ec41649472928596451de11f686331ff5f59f96a2a591ebcf9d65bac9
BUY,0.999,6.196,1737360755,No,0xa23aa89a9b124ce8c05ccadd9893828b84c0a32e1db95a4a3edb3c8be45281f2
BUY,0.999,107.107,1737360657,No,0x7a4585938344ecf3d715d545388474946d68b081be41de59f0c98a8d8d70e882
BUY,0.999,3.573,1737359925,No,0x1c3a1e0e2a415fedfa2dcca40d274461064c4e201e11bb26beead662ec5bf20d
SELL,0.001,3000,1737359561,Yes,0x344eeff1d0a52d7c7e1847d0df78b3da539f4b7e9b2311296687a19c0041ee8d
BUY,0.002,700,1737359559,Yes,0x8ccbda91878bddaeee01514c5baca9eb4a4eb46e1aec174ab0e012cb6729ab56
BUY,0.999,2.452,1737359327,No,0xe82cf6b894947bef80f6021644bb909dacb6c943d9365aedb7fd128a4339fe68
SELL,0.998,9.59,1737359253,No,0x156c7e3d8eef3b0a1595c26b53e2f18763f6c488eebaeec983e5deed7892e7c2
SELL,0.998,7.86,1737359253,No,0xcf64c6656a6faea81a7e63c465dcd270abd9d26007a111dce0acc9d0b2e2efcd
SELL,0.998,6.57,1737359253,No,0x0741d18c508fc7f2c6e8052621db25b08a4b15490fb27c3375c1e6621faa1fdd
SELL,0.998,7.55,1737359253,No,0x50cf60d19bfb0fc8642b24f732e3a50f036482bba41d97d5ad459c631cf698a4
SELL,0.998,7.43,1737359253,No,0x0c379edfdb02df48ea233b175cbb614425fbff3c557ced17aa23890e2a3e8869
SELL,0.998,9.05,1737359251,No,0xc59aae162774e6d9622b33fd7c48cf7fa98c426bf343fbb7f6d1d66610c9922a
SELL,0.998,9.07,1737359251,No,0x7ce4421708929640ed7abd8267c1626a6740b198704d9b7ea5a7480c7bd9fbed
SELL,0.998,9.77,1737359251,No,0xd869395c359dce9bb83f6404995198fbe972d0d3a79e62018e64ee0a2ff4fa24
SELL,0.998,7.67,1737359251,No,0x78d60171d51a2c1b3cefd10dec4dfd7538ce3433bf5bf11ddb522fb484a7ad79
SELL,0.998,8.29,1737359251,No,0x7cc48dc8947bbf89f4a1c135a8f88eb5b0821ea675acd5d3f6ad3f439d94e141
SELL,0.998,6.19,1737359251,No,0x05a24fb42f9447ca684aa0c249b3e7671c6899d2386e8856ba3b8aa923345272
SELL,0.998,7.35,1737359251,No,0x44222e0003274e9d32741d46f7a97fb53197548063bb3fd60822324978d0e2e8
BUY,0.999,7.867,1737359239,No,0xc85893ef07560e0b5cbf3b87adab72144aecc865e47ceb36be15f864305f3c4f
BUY,0.999,7.557,1737359239,No,0x820b5f71a7314b9b037c9437a9cec279510a4c9d1a7b0afaf7828b5d41e74067
BUY,0.999,9.599,1737359239,No,0x603c3aba7a69c8d27869a07be3ab955560d02ef8e56d5bff12e5bb0effdf469f
BUY,0.999,6.576,1737359239,No,0x591fcf0a976716058872782f611d849494f2c7b0637d560083b2958d26258fff
BUY,0.999,7.437,1737359239,No,0x38a307c84a00ea2370586e8dcac8b4025237ae5988a5222677d051bf3fe578e2
BUY,0.999,9.079,1737359239,No,0x20e21d4795da82b3d7925bc198c5856cbd0b65e07b030b7c400acb63d963b791
BUY,0.999,7.357,1737359239,No,0x7c5117d3d03e3afec7a21d83aab7f5551294fc1d3c4558d0822e61d092d29a1f
BUY,0.999,6.196,1737359239,No,0xfab7b8a727ae5f4aec4193607af82b039df6de0dfc5c63652d9b37016da7f66a
BUY,0.999,9.779,1737359235,No,0xc674e266b3af7cdcd240fc4a1a0857f3bc9baf63e67d79add5a5a818b64dc848
BUY,0.999,9.059,1737359235,No,0x9a05ed4b39703e5dffc03bccc64386312749c3787aa7ba99e1b22324b19cff4f
BUY,0.999,7.677,1737359235,No,0x2448d7c3623c264c8c6ed1c7c2592de57f0e6d81c2ad17462bca0c2dfa5154a2
BUY,0.999,8.298,1737359235,No,0x100a363210d289a7037db3a6d95e3cdbde8b0b3521e114854f71b7310b34b0f5
SELL,0.001,59000,1737359163,Yes,0xfa2b4d57eaa0e6ba73c9d11fcdd5adf2bfbf3d87eade68a5bb3080d5c3b8f641
BUY,0.999,176.016,1737359161,No,0x0e085dda244d2312d63f55dd506315f47f739deb57cc986c036ce679327a3dd7
BUY,0.999,3.943,1737359041,No,0xd09a854ba770f6f630a59c59880b63d1c34024c9c3ed065dab356ebf8fd9f31d
SELL,0.998,18.78,1737358961,No,0xb14c936d67ef6a1189c85a57b746797673b66b0aca30bbd1f615f7018fd0cc15
SELL,0.998,7.83,1737358814,No,0x2847d0e3a1ae635c64ca12c06ccf772b7ceed1c0f003c46010c76aea99e015d0
BUY,0.999,3.6029999999999998,1737358806,No,0xa4055333270c3b745999762fe47a1a2ad44f882c031e85e081f8b44a58fc26b8
SELL,0.998,7.38,1737358750,No,0x555f0c0326a595622ac89e5f278e5c4dc1867c39a05f2bba9d694cf8e3817e9b
SELL,0.998,6.22,1737358750,No,0xcaf507a3c926e489f795a2018b192b860b680b64543bbf7a054b3e39fc0a9853
SELL,0.998,7.9,1737358750,No,0x5eb4cfdde4de7e2d5f399e42aa8e2723ed0b3c3de8a01dbcfa3ee0463971965d
SELL,0.998,9.8,1737358748,No,0xb7d105c9d0816d4c4d731ac4adef822cf540a1dd609ffd6d4eee325e1f01d4cc
SELL,0.998,9.62,1737358746,No,0x726c0edc529735e761e02e1a238bafec046782b669b452d979ccd927cd8a8b8a
SELL,0.998,7.6899999999999995,1737358746,No,0x8354ec971236c1a04e1b4d439b81baabadd4dc1adca902742f73b48061299c9c
BUY,0.999,7.807,1737358746,No,0xa63dbb50a5230d7670a692664bd8bd95eafff108bda39971b87895c25478d06f
SELL,0.998,6.59,1737358744,No,0x2b5c3bf1d5b350613402f3a2c2355644dd102bc3fb03f226aceb21ca1d623dde
SELL,0.998,9.11,1737358744,No,0x55910747aca9b4e4a166208b9ab83c804bb262eaabeb7b1a09889d5e4288b719
SELL,0.998,1,1737358740,No,0xf76ff40acf9a2aff43f38f26b17377cc64e15d3518d12d27635400745e9503d3
SELL,0.998,7.46,1737358730,No,0x5182e2aa0a018d60ed8268229eaa0a54bbabff853c1813705f66f59eb0f97102
BUY,0.999,7.437,1737358645,No,0xc1e892cdc6cda825d0fd71951d45585fc061b4849fb84b5824f605d1c98965bc
BUY,0.999,6.196,1737358645,No,0x41480ab66dd73f7f996f04bb3e106e16eeb91f17d9ad291bf866a19bd9796603
BUY,0.999,7.867,1737358643,No,0x5922c71d6f3f5073b12d6227db4af039638db9f3ffbd54cb44f738b3092ef881
BUY,0.999,9.599,1737358629,No,0x31388c916fd0fc6333b5aad1ed21b48639c7be65f47fa4eeeef4f8e236c6b4d9
BUY,0.999,9.079,1737358629,No,0xe5d990cdb6da085b5c427aefdb3926904b51b323b8d4024c0ffd58140de8a2f9
BUY,0.999,6.576,1737358629,No,0x00dfaed4c971329e5d1cea2f8de9b275d4f6579351e10bad9df3f88e1af1c56f
BUY,0.999,9.779,1737358629,No,0x935c1f4f0730a7e7c9eb078f2f4cbd30643ceb2259b56b7115f4611d252c7ff5
BUY,0.999,7.677,1737358629,No,0x978e4b06a2c0d60c34caefbf09ac4cb89f68450e21c1ec7d443aba50ad2c840f
BUY,0.999,7.357,1737358629,No,0x982833d88e05238715cce3f8a6ff8358e990c93dd105369391ec3bbe615ca58e
SELL,0.998,472.48,1737358611,No,0xbe4e87c0edf125e29d2b0f315dc1a98a4ded05d936f5e9967bfd967b134489a3
BUY,0.999,472.472,1737358589,No,0x98e3e5e3c0b4e8e5fd8af11b7bac5c11970adcc092f919c8da16886395a3d843
BUY,0.999,40.04,1737358509,No,0x5831abbf97ba5b182c2cd8327dd98d528ba5740090f1e276a8586d2ead392476
SELL,0.998,2.73,1737358505,No,0xd8f08bc2c98da197ca6f04c865774639900d81fa0c69aa4efc25cae9cffeb7e2
BUY,0.999,2.732,1737358461,No,0x95a5c2299cdc7bebe832e607f133de1f341b3cd740984438bdf2ef84ca36202a
SELL,0.998,18.36,1737358413,No,0x560f35f3af79d516895fe2bbb0b0210763832a6c06e83e17f2efc09a5af175f3
BUY,0.999,63.16,1737358335,No,0x69a3723e37db9afec250403aa3a389053469796954b22acf77466b3bbf7d0c03
SELL,0.998,1.2,1737358273,No,0x9ea8eedd7c6dd35108c0841c50a1798fc8c97f455364deebf6dd65967a90ccf1
SELL,0.001,1000,1737358203,Yes,0x2b81e60e5b19853b60559a015fbc461a73ba8d6d8119393cba1e973127b57d89
SELL,0.998,1.01,1737358157,No,0x37bc7ca33ed2d125093260e10592c06be2a0159c358bc7116b2c3731ea781ee5
SELL,0.998,1,1737357670,No,0x4bd21f4b7b6b5aee6746a6eb9a42d38d2890304f6d00c5277c0e9e67f474ddb7
SELL,0.998,832.83,1737357364,No,0x9987a1ec9beb0b0332f273bdf1192e282c33a4c31894f7c29ecdf724aecf282c
BUY,0.999,832.832,1737357352,No,0x92a6c16daff7fe74408499cbc0d1344e41c1f7ba184b430f1ef8af1559f83644
BUY,0.999,38.83,1737357320,No,0xec89f6333ff18459eb50bde22ed54ee03997df4da8ef70e6bae7e744803e8858
BUY,0.999,40.28,1737357278,No,0x4ff166bac5d470672e8ef35a3ffac1f91114367aaeaba550224c87d6ead0ab97
BUY,0.999,65.065,1737357262,No,0x1473c8fe5619b760065a71b0b99cb2ea121bed289dd9922deb4f493c71c7a48e
SELL,0.998,1,1737357218,No,0xa7a50d408d7d1c2e627ae631f32134aacdc03fcac542375f3da87f074674eb40
BUY,0.999,3.983,1737357102,No,0xdbda4fcb182ffa68104e9a21e27279a4a792dabcf108d838948f11aa4b1d225e
SELL,0.998,401.22,1737356924,No,0xfa8c4db0bf0d1ff5da2fb362caec6447583d3aed8a8c69eecf63e7599b9d4a97
BUY,0.999,4.694,1737356824,No,0xc3ed29fe1c55af27f34cb982e9c373ac72a9ae801cb43cd05f08236ba83f4eaf
BUY,0.999,401.221,1737356812,No,0xf2f94c36314e816f26ea00cf30de3213cf46ccf058e9b898d6ace285cc895e7a
SELL,0.998,1,1737356788,No,0x916242fc04487bca9142312aa7bc04f094e6c689037154e7d2cda6f206277a2a
SELL,0.998,1.01,1737356730,No,0xa23bd5ac023b4c175fed3a2ca32b0b86613d11f2c3f1d61955228ce01416e103
SELL,0.998,1,1737356716,No,0x281ccfff62d0ac687ac2b7e896766262169ffeabc85556c8ac1261500db82c41
SELL,0.998,15.09,1737356404,No,0xa8cf27fa14c64c890b3209ca780c803dbeccb5f2d57f37bdac410fae0fb92a14
SELL,0.998,1,1737356368,No,0xd1550515eef7a1abc323c19432ef93c675675b06fcab29dfd4fe6b4f1ca6371e
SELL,0.998,1,1737356130,No,0x6a987262381c92abfc8197050fed62ff9dbcecea7c604b67d0adafa576a9176a
BUY,0.999,6.326,1737355972,No,0xbbd03f07012462f8f0608303b5d0224ec294f16107e7fdec092095db0d962f19
SELL,0.998,2.75,1737355864,No,0x0eb792e6116f4750ae18191dddf94eb1eea45df5062bbedcd25e0381fa8ae539
SELL,0.998,2.81,1737355864,No,0x08608582e994d514ecf516139ff91ddfbef83630c45653095260e8cf10fcf1f7
SELL,0.998,3.03,1737355864,No,0x379fb0a6b42376fd9d579cbd1e97cf37b19a872848b03545b5a4505499531de5
SELL,0.998,1.75,1737355864,No,0x68c340c50b89b00b841e1f6421b39e47443003f7e42ce89d32352232aab32ad1
SELL,0.998,3.54,1737355864,No,0x4ef4be339c1cd1a257e5ab6ff9da7a94e2b39c7203d1c600a67a74e04529d6ad
SELL,0.998,2.75,1737355864,No,0xe6f05a782df7da1512c6b159b7d37a6d66e4a25092605fceb180bce1e308c66b
SELL,0.998,3.46,1737355864,No,0x876525c33793df4d98eeb3c1afa5ed7b64a1b599ea45affd6e6ad92c93f132c4
SELL,0.998,1.79,1737355864,No,0xcc8589a50bff42237105379db9237e9717caf4af9f822f9beeb7f344a9d88e7b
SELL,0.998,3.4699999999999998,1737355862,No,0x6ce49e5ed3d0a68ccf0d83eb9c6fe5a8a0bdb87bc342233687f83bc65c9f5c9f
SELL,0.998,3.64,1737355862,No,0xa5b7073a7826bb2118bad5d19aea7eb73d6730e6b32559d64437fefa670e4bd7
SELL,0.998,1.01,1737355676,No,0xb94f6a55cce1da6a59749836c86bdbe891f0238094eb0d9658a4769447bfcdf6
SELL,0.998,1.01,1737355658,No,0x11204d1b70707a95bd676ae574f04fb0fa4c59a55079b4aa65e1467d57bcee1d
SELL,0.998,1,1737355458,No,0xf6c16e74f1ef65c7a505a2d02ce7041d4ecbbab9933e828b5102867815bd2e3c
BUY,0.999,1.461,1737355390,No,0xf2cddab7d1db8dbbd692012e189bc0e9739dbeee58aec2cbdc27fc8065866b0f
SELL,0.998,387.93,1737355370,No,0xad250e1c98e854ae317cb0e7c1a7e3c1b84c1527e452cb235d1199b0df4590b3
SELL,0.998,1.01,1737355366,No,0x47b0d010e5191d5cbb38da8df2634c2c247f017348ff33d8ce1c4d05c45540dc
SELL,0.998,1,1737355086,No,0x71b66b375340635406a306f0b0281d73022e90c6b74b5941a9dab30d87f15da5
BUY,0.999,3.183,1737354934,No,0x45539771431970d3f2a877e04818c530e2dd94339a9e53dae61fb320646a5525
BUY,0.999,2.752,1737354792,No,0x07521ed090f00a5d991145e004ba30b26cb409af3c10f1b6a7be72e79f259aec
BUY,0.999,3.543,1737354792,No,0x6fcd027d5b7c013f03162c169f0c514381833ae09cd40cbba6abf91c556ff07f
BUY,0.999,3.463,1737354792,No,0x11e65a1aeff1a6c43e5b62e826ee8fc3591f6ebff9e20890b09a6914fc66e974
BUY,0.999,3.473,1737354792,No,0x5a8fd39c4f61cc2c4de037e6bf718eda9dd5e19190827744e805e473fd25c32b
BUY,0.999,1.791,1737354792,No,0xfbd5ab5245ab3679a19b0355aeaeb4fc84dcd9d39476de96d047acf6ed746adf
BUY,0.999,3.643,1737354792,No,0x2d117cc4a15ee86b64eeed0eb163b4270b59955c5f2e428011a880f24c0b618c
BUY,0.999,3.033,1737354792,No,0xefa9859f48dd894a9862386173215c1d671f4995aa5a8d7b4fe41475a129e390
BUY,0.999,2.752,1737354792,No,0x6ffd4357c315a08097223028e04c127512ecd13f6024a6d90afb477d529fafe4
BUY,0.999,2.8120000000000003,1737354792,No,0x374d4a322ee1c7a2e6a2186b520ac5968357c7a0078cb5b983ad165ea0010cac
BUY,0.999,1.751,1737354792,No,0x94d29b51bdef738f94096d3efb537c0b97d5f4fd26aec764dd150d2557ab4c52
BUY,0.999,1.881,1737354788,No,0x3da9ca578c32c3f9e9bf4a1a99a061ebdfba831f94c0ce1769a7b4a71e052e55
BUY,0.999,10.43,1737354436,No,0x908ca0a362f1c33192c2b12aca9130cd8abe3799577f6d3dee9bc16cae423c7e
SELL,0.998,5.02,1737354410,No,0x7e367a53e43686fdd5614f85ef35fdbb974a1928c6e4c788fb9521d8517fdf71
BUY,0.999,2.702,1737354212,No,0xbd521d17681d22b51c797611696d282cf236932b427948ed2009ad26197c8c45
BUY,0.999,15.285,1737354164,No,0xd6c92bb9d761d2bbae23d3babd9599131bb5be7db4c8abac761fdade78b5023b
BUY,0.999,9.839,1737354050,No,0xc926e08df0fe8ae70ed74858bbac1072e32aea0e3da47ff409f34c2586c6e835
BUY,0.999,10.05,1737353934,No,0xd6121e645a3b1291e43fcb88522f0b2b4f2ac83fb8cfd9079fd1ad61d2f64f9e
SELL,0.998,510.51,1737353820,No,0x3fe587ce8a8de43516d953c09fd4073c7d1c2fa9c9007556e55fa64d005950a5
BUY,0.999,510.51,1737353802,No,0x83badc89bcec7e3a2824dd21e9d4bd69464dad093d448c69875f71d9b69cb651
BUY,0.999,5.145,1737353796,No,0xa5179767a758be42d75ba9e604be3928bf295f79f174d22cddb1bcac775d0920
BUY,0.999,3.793,1737353756,No,0x52ccdbb8e2b86c234b010db8310add58400e0f54019cc8d5c47901bb500c0a94
SELL,0.001,410,1737353698,Yes,0x87b6eadfb3a2f31947b1704a13be822dd376251155e67f55c2cb304301c624f1
SELL,0.001,105,1737353644,Yes,0x33b9ace876c65635d30b028b16c90e77b5b64a8dbd2f2ad6419ceead21600b87
BUY,0.999,251.01,1737353640,No,0x54fa03f0d02f696a39bb39e8f604f0dbb485fa89bef778677964b184a8c4cac2
SELL,0.998,7.86,1737353602,No,0x0021cdac6f97845ef2448050be4d4e5b3d119476e62e46c0d47f40ac2e110902
SELL,0.998,9.24,1737353602,No,0x4f11d1af81fbd93daaa2d45268192dd6a37ff9275324d3a5fb4d0ba68f36ca4d
SELL,0.998,9.13,1737353602,No,0xee17eace8a09de92054cbfc7b5dc4cc368f07926a3fcdc7bfcc2bab8d66fbcea
SELL,0.998,7.11,1737353602,No,0x16b33901c57e9270bd39868d84913aaf027e4a650937566df77d76111430e1fe
SELL,0.998,6.11,1737353600,No,0xb2a706025b83b7305932eb76fe6b2d957091f4c2d53064c48deef015600eb4e8
SELL,0.998,8.74,1737353600,No,0xcc3ee23587c704776a2a0087b050c83123832614d7e8f86d08972d070e03ff1d
SELL,0.998,8.49,1737353600,No,0x3ae614c390a0f346e7005f3bbdd513f4f871e4a817fa592630032d93d6c87cec
SELL,0.001,2624.58,1737353582,Yes,0x083ad1ea23e6ca139a8877650b7b1830f435b2cfb7cad652a592d0099140281d
SELL,0.001,9613.27,1737353560,Yes,0x6aad4df0ef903ea657603826309b6c43b7b5bbcd5c67b3136cc56523061951bd
BUY,0.999,8.728,1737353532,No,0xb567fcdd0455629b2d33b4f48a1c55d9c91527cf02c4fa6a8d7af8ad3359fe39
BUY,0.999,9.229,1737353532,No,0xce16f0c09f9bff4eedb876b734ac62fa43e21377d60bc16cc7ee09154c088620
BUY,0.999,9.119,1737353532,No,0x6cc74d6823bf564d471843b3e56275b22f7a52895d8f5bc9377c1885e2e6ae74
BUY,0.999,12000,1737353530,No,0x26584c0f1a5cedffdeee909a3ff3a2b48db1b1dd7ed79540497027f14557b02c
BUY,0.999,8.488,1737353530,No,0x1bacc9984798d18f3be825f21e7becce73c26ce167f448b37ce3dde097a188f0
BUY,0.999,7.867,1737353528,No,0xb8808fa7859c3fa659422e5f315f83819eddfc1e0462cf00c734a81eb1ec2c16
BUY,0.999,410,1737353528,No,0xf8265921b39fa22638d040306fd4f2d61ab851ee6a553d4183ca27aa3115c576
BUY,0.999,6.106,1737353528,No,0x5af88c73d15c724d997156e7c11d7f98e631e9e3841a3443c10b8baf8a8803e8
BUY,0.999,7.107,1737353528,No,0x4e4ebbbaf73520dd4408ef72a92cb1f8293d67b41c2f13fcbf25e95a608fab06
SELL,0.001,476.81,1737353528,Yes,0xa0e41e6da27fd1673f69135a8901be4f9a005381473fccf4764a7b0a58324332
SELL,0.998,1,1737353528,No,0x0a3b25f0d6a8d85f05a5608ec0f04af3210b661225e1b32adc666e703e0473f8
SELL,0.001,9103.04,1737353474,Yes,0x9e42e37e9a99ed82ee4a6b6e8a1c454d834e44b72bd43c73dce9904f546f4791
SELL,0.001,455.76,1737353464,Yes,0xfe3c5eb9515b08937babb2459698a8e3b52197be71b7e314a93c982c6072a100
SELL,0.001,455.76,1737353458,Yes,0xaf4eb1c858e4c0fc3144620d9cd02263682e8a0bc975c7efa7a1de2a97bef24c
SELL,0.001,9115.17,1737353454,Yes,0xf2dcc47fc08ee1fee589d3d235a66188480b45841051d544c687295645474f28
BUY,0.999,279.4,1737353454,No,0x338aaba5cbccae48c6413ab3df0ba89cc78351c6c715ea58d028c6f81f197a9f
SELL,0.001,300,1737353438,Yes,0xc42420d1105b187963b19b7f0d007509359ead52e145376e818f2e4d8d8e1c5f
BUY,0.999,410,1737353418,No,0x805d84a60d7a1e925bf8b1beab3ca53c7775ead8757da65a6eb654dc031dbafb
BUY,0.999,472.4,1737353414,No,0xb3876a24dd21865899140eabfb4e9a6435ec3f066dd78536041e51382feab269
BUY,0.999,472.4,1737353408,No,0xb0daae5af024566ede4daec813933248bdf0018a637d870bb0433aff0a9df01f
SELL,0.001,300,1737353406,Yes,0x53fe73c4abde85ec3a2526ef512f035c3d2faedd4eaefbf9f035a41fef6e92e6
SELL,0.001,10000,1737353406,Yes,0x29eca7a4c815d7176d92a9faa89b1468a8ec1173279907d9e63b14407fccc306
BUY,0.999,9.449,1737353352,No,0x5f16307be42c7909fcbb299bd05c5d9da3538b6be682fba655a576ca7e80c89e
SELL,0.998,0.3,1737353350,No,0xa4ebbeb0962c51211846a37616e23a2f0a0f360af6e3184c0683b3eba1d0c507
BUY,0.999,19.709,1737353348,No,0x9988bb2fbe2f1960d3114a58da8a72e5af75a7add9c24b43e73d297bb50af457
SELL,0.998,838.89,1737353248,No,0x9267e536a184ce64f73979ea1075e6cca2b8c893f26530a947436a17b792cdcc
BUY,0.999,58.058,1737353232,No,0x907d8ae02115a3b52eb6afd2406b468491240ae0503e015a293ede633e4c0646
BUY,0.999,838.898,1737353212,No,0x1f1a0600f9bfa476612186d08da21a6bde599dddfd3797c7f08bd49a0882727c
SELL,0.998,9.61,1737353202,No,0x0bc1d917fa782c43f3301350eb4f33713df784ce2f789be5729e771f7a92bdfa
SELL,0.998,7.05,1737353200,No,0xc466df13f6ae83f927ca04dea399be1d64d7dde4a10173437345b04de9260fdc
SELL,0.998,7.52,1737353200,No,0x641ac636ca64f4cd06fed031cdfb0247b6b604520a6fb73055c0dce9fe891949
SELL,0.998,8.95,1737353200,No,0x31d0e509b9698d58f10b98ac3a57302252bbeef1699d8109171507347566fd3e
SELL,0.998,9.36,1737353200,No,0xc15f7509dcda0698fee2c813d59e10479ae498e26b4e8a2fd401baa308db6488
SELL,0.998,7.67,1737353200,No,0xc1a0473432c037d8b85a659e0473c2f5b4ee709108053c03a4c257173f616b00
SELL,0.998,8.51,1737353200,No,0x3e97d1e12d1018edb2a4845d73ed368ea23027f521d965245ad1439d58195c82
SELL,0.998,9.39,1737353200,No,0x6c58b5facd98fae987dbd662d547e31e76be16651904ef7f377991410fed749d
SELL,0.998,9.17,1737353200,No,0xc534ff93b60afec942788722975ba0841b9d4ee35215331dfda2bf99eb5793a8
SELL,0.998,9.83,1737353200,No,0x58e641d30af1395b33489378137a059a6e9da22f77b3ce6cae11d00698420268
SELL,0.998,7.64,1737353196,No,0x09e6900920af055e694999e6551e88e1ebe642de389eae7d611828a41ddff5a7
SELL,0.998,7.2,1737353194,No,0xdb87403b52124e10e0dc1130c083744ef949e0ae44b34ba0620131a8344fb2f9
BUY,0.999,2.642,1737353160,No,0xa7c11b82c2ee3d53c3b118c0e07beab88bc357c15ba4937c5b314c4932f99448
BUY,0.999,7.047,1737353154,No,0x1520cb6a5559248caad2fe277df9ca2c77255f1868af597ab32386f457f2a668
BUY,0.999,9.169,1737353154,No,0x6253cd1e8d76ec0ff0775b737c444b2d548f94e24b97ec37621ac69a569b4e67
BUY,0.999,9.609,1737353154,No,0xa33d03735c079cdf0fc6aa818a791e479b3a7f6e645a508648b4e0690dcc1004
BUY,0.999,7.667,1737353152,No,0x89fec9c520e51191db3ad3962efcbde4d846864b050e4a047ffc83acbb03b816
BUY,0.999,7.6370000000000005,1737353152,No,0x7a26e8bd120c452a51910977f5c6abc7a482ba66745b6d4d18153c05a43eb219
BUY,0.999,8.948,1737353152,No,0x84c20d18874756d4b29789dc1a1d0fee6561149ccd986e364c7c21d85c87a5b4
BUY,0.999,7.197,1737353152,No,0x75f9f6efbd5bff6a3c2a5aa3c2d1f4cad9094a1505195bdb4748d2f25ecd8474
BUY,0.999,9.829,1737353152,No,0x19a0b99a516cb9cc549d9ac94944ebcf7b4835b107ed3d3cfa5e2bc906348af0
BUY,0.999,7.517,1737353152,No,0xd2b09c35f4a1311cfec48ae0c5c5995e9f2e42b60a848752262c77199025368a
BUY,0.999,8.508,1737353152,No,0xa8da44b0815f3b40fbac34ca6828f7831ae5c969b0ca55a5be8e718eb68078a6
BUY,0.999,9.389,1737353152,No,0x4589e373a3a79adb38f9ca5a3818fa8d085a6817c4cfb6bfc41fa182ca4465bf
BUY,0.999,9.359,1737353150,No,0x3e057fb5e69dc2e59c6e3b49b346859d3a726884de0c236b6f50c939e34da934
BUY,0.999,17.857,1737352970,No,0x71afdf437d0609c4156d9d600acb3f2868fea5453be94412621477f11b0bcb7d
SELL,0.998,623.63,1737352732,No,0x8298fab77a24c3038611cf3b8acf4ed2098aab942c20b76e8b06b648f06e136e
BUY,0.999,3.553,1737352690,No,0xb325a3853196c08be05922c841d3d3f43a2d38f2f04a674837e42672c7fe8084
BUY,0.999,623.623,1737352652,No,0xb88c36d6fc765dbd74bfdf9220307009f94687d6c622c8be593c23c59caf7982
SELL,0.998,426.53,1737352530,No,0x5766c67ac053a2fe3d9fc2c86de4b67851ecbf790aa3312ea7586fb58da44a5b
BUY,0.999,426.526,1737352424,No,0x86e6d8560f8243f265bf3fa06dbb3a697ce32460c11ffbdbd095bda896ef08a1
SELL,0.998,349,1737352378,No,0xdd320b10d97d80c3e2880af85dc49d205bebf42a1f2a9d7fcef1c4ec87ed87eb
SELL,0.998,627.64,1737352342,No,0x7eca0f0e91024b129e00783304f607ca115fc85ded08df77bfa19feea15dc1b6
SELL,0.998,1269.27,1737352266,No,0x7a97bd0bd10d21610d3e9a75ffeb0b648fa61ab7210ae32cb7ec10445aacd7a7
BUY,0.999,372.562,1737352248,No,0xf5cfd65790aa4fa5efa849e11490783b47b0a4c734d88d8f771f40e30748b995
BUY,0.999,1269.269,1737352248,No,0x8e088feab1c15f7b8eab140be8959ec7c831bb43593c9dda52d7d065ee93a270
BUY,0.999,627.647,1737352246,No,0x899e866933c6a8e46d75856973af9c9e534db7c660cf03ff619077a25b0f25cc
BUY,0.999,60.06,1737352174,No,0x7a8b79fab0fffb8560b1c29e5c8611e167c539e161bb202622491a4fca1338a2
BUY,0.999,324.734,1737352038,No,0x2dd1d4a7854d99eb17269f9e6a88f08ce7b368d2b1ee369f5df28857de2e1621
BUY,0.999,165.015,1737351886,No,0xddbf5c2122f8a0438efab5087223fe8ec68f830b558ad9c3105b689b034eddea
SELL,0.001,25.84,1737351882,Yes,0x07a9cacc2e6bf683fbdaf67457c61ab928b59cdc1c4788614062cb5da8dd3afa
BUY,0.999,30,1737351778,No,0x67c135de6dfe97f7d326992154d1996242e554a908ad7886fec14cd77cfd6a02
SELL,0.998,1266.26,1737351690,No,0x463a6d517fe6ea432d078e08f67541ae3b71198e1ae5c790f2126e9910a54f8a
BUY,0.999,1266.266,1737351670,No,0x456a9d7280afe1bd7d4377c4a8bd951ff017316ee92a4c7bb0d6d053d2d9fb49
BUY,0.999,3.653,1737351618,No,0x5288a0a729c15e04822a560bd65c37c4cc0aea54881d4efb8d689b9af44b8821
SELL,0.001,77.94,1737351583,Yes,0xfdc3185a5e250c2d42e5355f5eed8cf53db30784aa08233952594647255caa44
BUY,0.999,1.21,1737351571,No,0x4d6a453aab638ff6267a4250d3b5cd9401dbe011949827fa004409e75198bde9
SELL,0.998,557.34,1737351327,No,0x72826f9322697f2425ba48bb8646c9f1d9593cc878871ec6a7a32dfd6fb52d28
BUY,0.999,3.963,1737351295,No,0xdd9412a1d8f250e4754c406b54ebfaf340aefe5eab5c81e3e48e317035c55b7f
BUY,0.999,557.347,1737351219,No,0xdb7e2a63c8cddbdc80e58338629860083eadadc5b31d14d193575bf414bac249
BUY,0.999,22.162,1737351199,No,0xfd66782b381e376c4988eb60975a7256cd0cc150d19f3761bde1a1cbaa048d37
SELL,0.998,675.96,1737351167,No,0x180fa509546827b8dbfeaaf02060016de33058eb0360160cdb04a12a31ef2256
BUY,0.999,675.955,1737351069,No,0x84f48b558cf877360d9359cb2939e1b96a5334781b0199edaac4073100f91cb2
BUY,0.999,3.893,1737351005,No,0x16667bd9bb70f4d1dbd4cc7ed3819bef2c27e0dba8f82ac4b16c06c5e1e427a5
BUY,0.999,3.023,1737350855,No,0x0172d9d344a02085c8fb90694e8349f7d1d297a7804fb8d56dc5508882ca8dae
SELL,0.998,388.38,1737350811,No,0x273fe9148f7f8ea25241a780e47f5ec5fb39cad5d43bf7bf565e223318487baf
BUY,0.999,388.388,1737350793,No,0x814fc85a4757a2c9d0e6c356ab166281d49855cc574661cec5774b6d59bc748a
BUY,0.999,32.34,1737350701,No,0xacabaf2e6be72d62e4edd8fb36cd4fccf5e93da97138aa8314b74e22e8fad7bd
SELL,0.998,489.48,1737350151,No,0x4fad6bade206b539524f433804b334a00dad19ff1298cb433faa0f37b408464b
BUY,0.999,489.489,1737350137,No,0x74017b9043a2f129fedf29581222f8ffdb59de549627c90edb58032e80a24367
SELL,0.998,3.5,1737349905,No,0xe88f7f6fa6441bfd7bac70a1d4e72ce08c6596f84513e79bb469f9dc424c0cf0
SELL,0.998,1.5,1737349905,No,0x74e21c57a04d35b641e8b62739154bd6965efc2838463ed4a8abec649e99a83c
SELL,0.998,4.9,1737349905,No,0x65f4c4400df2261ea060a960e689ada978c379f933d268422d7580473bfb3fbe
SELL,0.998,2.7,1737349905,No,0xb3c7afeb92c1a94851ec6c7c038704cd83ce2fe69b85de2e86c6d1d7a2696eae
SELL,0.998,4.2,1737349905,No,0x7760e9f0bfbac26c49b6705a029ee8a66674450c6c7e5afdc23a54bfa8011d0a
SELL,0.998,2.6,1737349905,No,0xa5e7513aeac6452aec6cae44b3f7b05fb55f829e6cef5d0cf6dd65d25fb03f10
SELL,0.998,3.7,1737349905,No,0x74fe49bb1406282ad9d73feef347269778dfd0630ebfe773f94294a1b126f41b
SELL,0.998,2.7,1737349903,No,0xe269f223c1a13f7fc78a07997506ae815bc91a91db178914aafe810d425f6cdc
SELL,0.998,1.7,1737349903,No,0x1d5a5ee5343608d2cc85e971c10e552d12bf8c98a7b3ec47f84fe7bd436fab78
SELL,0.998,4.2,1737349903,No,0x131e395e486ede963bb32e356045ddaec20c535ebc45585bf3c40f7c20d7fc97
BUY,0.999,3.503,1737349873,No,0xf8499a0608950f3485a9d79fa3a8a259defb693a4c99b74a7fb21eae376765b7
BUY,0.999,3.703,1737349871,No,0x0d561e0afce72c5355a5aeab3543fdd35357fcb0515625e54308f6920f9c781a
BUY,0.999,1.501,1737349871,No,0x8a2bac97efb245ccd215540e849d5e6f5de64030b5eab6c57722fa4403a2d005
BUY,0.999,2.702,1737349871,No,0xe23d7d88f69b3b3f9bb1a9a754e1494436001caa886fb47bb0f31cf73fffff23
BUY,0.999,2.702,1737349871,No,0x59d0f5d3d3185c03cc0b510530969ec9eb5d504bfc63a11d512c2492e47bcc47
BUY,0.999,1.701,1737349871,No,0xedcbeaa350b930e64da3d0ad4d15248de90164ac45666aeb7cb172d0129d6ca5
BUY,0.999,4.204,1737349871,No,0x682865dedeb52319fd13989dcda903da18dd99d95a43d18611d2ae097cd29c39
BUY,0.999,4.904,1737349871,No,0x79f8c0f5ee52278c2bd15877ae92ae20241fc09b20d9cb1f13817964ee9612fd
BUY,0.999,4.204,1737349871,No,0x27eae0ec5b57fc1bfb752af6ebb56099c7a35ad4e1420ab2b31953b41a162002
BUY,0.999,2.602,1737349869,No,0x72228fdd8792b22b12dc4a9251008b5a528502ed1e410799539e508743120971
BUY,0.999,42,1737349540,No,0x60e43cb7e1cc5526e7f4f8302d957b9ba3eeba0d081b82c0044f2fa1f22663cd
SELL,0.998,259.26,1737348915,No,0xa0f3abd0970195959db5266ad9559427dced8338564ac28df2d52425ce6dbe7b
BUY,0.999,259.259,1737348901,No,0x3d5b21ada1163ab1e19982e61d708c8c8353c05e2bc537632bb0ae63aa9e7989
BUY,0.999,3.103,1737348639,No,0xc27a9dec5d8ade3667b76d7da0977caac52588d45226f2f264eff2cb268fa499
SELL,0.998,5.05,1737348349,No,0x2a7281e2e5a12692a74eac7ba3dc70dc461c7ab61c5010375080ee886e3fd107
BUY,0.999,30.67,1737348261,No,0xb5faf7f97a5b7f9671aeca50332105edaee085e9e0b192eb31d89d874b65c8b8
BUY,0.999,151.121,1737348243,No,0xe4aee11046240f61c7569367e1591fa785791c41a66a7423e7f791c938a96d48
BUY,0.999,3.493,1737348179,No,0xdb6a50c67784517cd25aefcff97954731bb5ab97e016731269d5b8a3cfe178b7
BUY,0.999,3.703,1737347890,No,0x843f028a853495aea8580ea33af2ff513869a69343023b12ab4cce20f8f2ff53
SELL,0.998,59.05,1737347724,No,0xeea04224dbf0ffe9a397e2d77762495df7076e7fbd646f5d642c9db26b216498
BUY,0.999,59.059,1737347700,No,0x9f336f7b17c3b7fb34c9434926acf6a6109b02bf889dcd41ead9e93be1e96ebf
SELL,0.998,1.01,1737347532,No,0x81d7d792ce172bbb00f231a5444b4fddb66fb98e9971297b2b5cb6fe0bc09351
SELL,0.998,421.82,1737347484,No,0x16ff795a46f5a23c9cdfc0e0f69a32b70c49efbad07939875f6c3aa4213dade9
BUY,0.999,421.821,1737347416,No,0x2ba8824a98d33a3c33441c55e2dd01d5ef28feba8d0eb10d9adacc6b4ac39ee2
SELL,0.998,6.26,1737347278,No,0x1e445e71d2ad294eee4cb04a3c9219bd65fe319edafd70dcf52f3ac49f18fdf9
SELL,0.998,7.03,1737347278,No,0x0a9842db2477e866b4436ab80788f6791de0061bcbc0f374eb36830bceb675a2
SELL,0.998,9.42,1737347278,No,0xf91e78a6a937e1f778c5e22169fc12eab275a970a9a970ee4bf48b176dffe37a
SELL,0.998,6.72,1737347278,No,0x7cb1e9db5dfa50db50a14cdd1ec96d15fa0954e4b5492452739b518c0ef810cd
SELL,0.998,8.26,1737347278,No,0x6fbfd591c6ef7e6a64b88b89cddedc221bfb468a47c979d3a0f1ebbef47b855a
SELL,0.998,6.26,1737347278,No,0x83ac12f444973fab589296ee818c9a3bca36151c1e58e0ecefa21186e93d3c74
SELL,0.998,6.06,1737347278,No,0xdaea004ae2bd69ddd91846894be5971c7284129af1d99cc5ab774f1a78d08c3d
SELL,0.998,9.53,1737347278,No,0xac6aa9df658205ea12f4b0a8046d0368b9b460cb402e53df5475b4f81619635e
SELL,0.998,6.78,1737347278,No,0xd830a586cf9279de4ce81c71bef3ed6593ce9ee633194925eb579b46d9e70ab9
SELL,0.998,9.92,1737347278,No,0x64c9f7c63313c298525647c27414b49e08cea23797db52b7580a4f98bf29ed52
SELL,0.998,8.78,1737347278,No,0x1af4ec14b82931e6f2be1aae3a36142c06b5af15e2570ef341aec8424dfdfed4
SELL,0.998,9.04,1737347276,No,0xffa63b6372c3c831f7180b5aef3595b899fe3a1675b0c038525529ae69360e3a
BUY,0.999,6.266,1737347266,No,0x5f1e561266e207b9f172213932f51ec48ab577aedae4f3bb618d2fdc23174f75
BUY,0.999,6.726,1737347266,No,0x4261bcd3421e002578d622ec6085b3294f2ca03c5675b809eaf9c864cfb48573
BUY,0.999,7.037,1737347266,No,0x4f8f1bddae103b8ed96d6a352161e6c153eec62e8c1406df92e5949db4f5b647
BUY,0.999,6.066,1737347266,No,0x050019cf7066cda185377a1b7cf4b051988cfeda47cb48412cd716505e3e5e1d
BUY,0.999,6.266,1737347266,No,0xc193b842dd419d136377151be77d304cb10dc4bbd769c30aac0a30896172186e
BUY,0.999,9.539,1737347266,No,0xdac71f4ce0b11bb1361194e6e0504dd3b4a212fbf545ae368c3edfa26cb47856
BUY,0.999,9.429,1737347266,No,0xd73dd47b99a3a790f04a7f862d2ffb6ab7e67ba90e4d648837a1c3408d166689
BUY,0.999,6.786,1737347266,No,0x0cefd70c85b5e8a2c4745e5acefc0e8780ff405d11a008e63472c52c01da1de0
BUY,0.999,9.929,1737347266,No,0xa096166cd319560b87e8363d0d7cccbde55e08fd69c5ccd31c927a69df293f53
BUY,0.999,8.788,1737347266,No,0x239fbd220410f38f6354426ff1fb0e3aeb635f52c55811deb1059395863aa8bf
BUY,0.999,8.268,1737347266,No,0xa5977fd8d7ba9f0f8d7b55e40e6408f73e0dcde0493b2aa7a160e07ba1bfb3c1
BUY,0.999,9.049,1737347266,No,0xf4ab052e07846a646ba33a3aadd4e3040fb4fa21fd00287eb155ed2b5e9d5392
SELL,0.998,9.12,1737346882,No,0xfb72b706e0a5b1bc07d2b8bfd89123792fc7031e4ab92a2a339be8de698af591
SELL,0.998,7.14,1737346880,No,0xe3eefc4c40b2efbc3bdcaa3bb053e7ceca6e45d54c23a37478414f1de2457e5e
SELL,0.998,7.37,1737346880,No,0x2006c052e49abc2de87296b244f367c849ab3b07db1c9868f6dbcb1a2aad0aca
SELL,0.998,7.8100000000000005,1737346880,No,0x19a83948b2f516250496ddf9204a371259862e5afddedc8ffd63a552cdaf5310
SELL,0.998,7.9,1737346880,No,0x52d7d993d2e7b90a7c983d42c628c3546888185a9c2c574ff21fe24f37424d69
SELL,0.998,8.89,1737346880,No,0x9cf9b8b3d8e67f296863f601ba18a1178ee3165e8cc87a02b506db3dc00dbc45
SELL,0.998,9.79,1737346880,No,0xd25105da644047f59ece9425f23bc8980dbb0c26f2326112367ecc90beb5bc5c
SELL,0.998,9.31,1737346880,No,0xb1f7e7455fe63a8b72fa07cd9266b7ca48fbc6606cb0bbee634bd3875d420471
SELL,0.998,9.1,1737346876,No,0x28d71c6b26fa46e61a6da88b062f7deba129e486cd170cb32511ee1bae00e2c9
SELL,0.998,9.85,1737346876,No,0xd872fa4cf612823e7f0a50fab80a24f93bd441c93e46f4c2d2a4d029fd289062
SELL,0.998,7.42,1737346874,No,0xac1b331135c4cbc1b06c228a45f8a9aae408abc770fe4e0cf605ad1d6ececb8b
SELL,0.998,9.41,1737346874,No,0xf384e9a434939b20242a69f0da3217ea15b2261098dcebbc4c7fe4f4a2cb814c
BUY,0.999,7.797,1737346860,No,0xe78c2c26376b42d0ce3cb9f15cf1f9c69752fc006f9954ac016e52cbe78f6d18
BUY,0.999,8.878,1737346860,No,0x0fe7511f38f54504ae95bf862f2c4d0c4fe399db804b86000f7117a7336f1b03
BUY,0.999,9.289,1737346858,No,0xb8751c0a80ea098856f0d84394fa68ffe6727c5cd8a11f19318632166aa924a4
BUY,0.999,9.779,1737346856,No,0xa5915edbcc3dbf608baf43763ad45e4699d7dcd8f345a2cc699180b6fe736f6d
BUY,0.999,7.8870000000000005,1737346854,No,0x3790466b03416f50f08b938e8f44f933dc545ccd01c46428130db3c10315169a
BUY,0.999,9.399000000000001,1737346852,No,0x609f91f04b7e84974ffbbb5e7a36e3eeb3cd45e36046041f2f49edb676315fc2
BUY,0.999,7.397,1737346848,No,0xd450ebf18ecf13ad2ad6af9a833c87d13f9f318b9b175aac7c47cf05407763d4
BUY,0.999,9.839,1737346848,No,0x1ee6cb0ffce9a9a53300241cbdedb646934736facebe13db967cf294afce2416
BUY,0.999,9.089,1737346846,No,0x4565eb607d569f854066d922d4def8e5b9e534a5d41cfaf03b63d73ad33a0289
BUY,0.999,9.109,1737346846,No,0x7c49ce4ee42f7c9ada1cafc55101b28b6d341425d8933c20bf06c09abedff311
BUY,0.999,7.357,1737346844,No,0x56e01872f396d3d94d4b0553c9b12506f019f65499450ae14403ce9072caef8e
BUY,0.999,7.127,1737346844,No,0x1ceb37cb4dd4c4df313e3141a1aa6c9191368efd5bab8c0c6612e917716e1195
SELL,0.998,9.28,1737346804,No,0x2dd03f6c022b2d3a2a53e183b161714c8c2d3b89de624c939de01c85b46645b5
SELL,0.998,7.88,1737346804,No,0xf808631b0fe93a0e4301cecfc176a0223d46947530e9d0432ffc25b4bb545972
SELL,0.998,8.87,1737346804,No,0x0a5c2e4de48a65730285b93984767f508de826a208f5179895f4d12f046eb32b
SELL,0.998,9.77,1737346802,No,0x54c327add1cd213c258801203b8366fc4fd5e454a48209a5028744024ad6bd46
SELL,0.998,7.79,1737346802,No,0x4a6c0aeb990b69fa4469fdc7f865b302b570c3eb4d928c62af77810617145f33
SELL,0.998,9.39,1737346792,No,0xb6b8293bf1ca9cbe6cd36c5ecc2ab7b3dcdc8b09644d2156cce4f61838f12b29
SELL,0.998,7.39,1737346790,No,0xe664385a3bcb91a68b0bbb619d4c0543fd760db2f98f1d1fdf8d37ad74e9ea62
SELL,0.998,9.83,1737346790,No,0x5fc7741520ca18ba9a92144091714300e6250fa66c647481f754e6d545bed6c2
SELL,0.998,9.08,1737346790,No,0x4060e3d691ac8ed4e579564e61f324702dc015533ef8c065273aab3634d06f73
SELL,0.998,9.1,1737346788,No,0xe795f0b01462d91e5f3a9627db98ac4e6ad14a5a84e7b8a23e28710b2cb2357e
SELL,0.998,7.35,1737346788,No,0xa49ca016e19b74077c8049d25bce393c5763fb164fec2feeb3a0090745d061f2
SELL,0.998,7.12,1737346788,No,0x35897dd4038e38d33af18c355cbc51858a0fd0511c2b54d11ef574bc835a5254
BUY,0.999,3.723,1737346778,No,0xf1db3355e69446006e089c13ab73bc4e6a30ed7fc5cc7af8a54dff40f0c74d13
BUY,0.999,9.779,1737346776,No,0x41b433a933ac302245a9947a45e4c340be78f38fa22ead7cc81164d7e651820c
BUY,0.999,9.289,1737346776,No,0x3581d6defe65071d0564b0acfc686a99799d40bba6a3e9e3dd58c7ef2827daad
BUY,0.999,7.8870000000000005,1737346776,No,0x7bbf9160971ac0691887a7cd834ad5785f8c6b86743951bfee83879fb09a4a1c
BUY,0.999,8.878,1737346776,No,0x1116af0d2c5ea08f2a72b447358cb9b0ffdac68b24fcc78f2ee4ec7010deefcd
BUY,0.999,7.797,1737346774,No,0x55ea10a7fef9ce461410d7791ba1df136fa57ea256666da72dff5bd1097c67c8
BUY,0.999,7.127,1737346774,No,0xfce867728e38c262b3d7a4cfcec1a4b6858f037c0f9b16e7dd6c3840f1a88915
BUY,0.999,7.357,1737346772,No,0x9e7b05feac074f1cb718f922e44ba8176679bb2c6a09eef4807be73e2ee89a78
BUY,0.999,9.109,1737346770,No,0x41f0a882e56bd2971a4e3e17ce9b5c9e36486b7d6bc7a61e3436ce06059c5616
BUY,0.999,9.839,1737346768,No,0x17d61c15fce20881ea3a6eac56f3007d793484035d5b8435506400c427513533
BUY,0.999,9.089,1737346768,No,0x172341068ad3f6c085e1688be04df4caf401881a24092dc18a7a3a5d71c99fc2
BUY,0.999,7.397,1737346768,No,0x7210e520cf5c1954cf32bc1a684de64254057e686f7d3676f3b6e4acf3eda67e
BUY,0.999,9.399000000000001,1737346768,No,0x45472b6aaeec6503ebd42659d4aad81692d407956504b0c8525e0611b4af81e1
SELL,0.998,79.08,1737346671,No,0xea4224eac4832f94275fabcae85c170fef0977585540f03a0c3148e7d7c63e89
BUY,0.999,79.079,1737346583,No,0xf943b49f71cdbb4605b022c0c85352b734f9c1799061267a7be1780c10846522
SELL,0.998,6.06,1737346379,No,0x6d6cc4230aff2409e8c4181621429d8467e1fa7fee4300d335ec39245a4c2e96
SELL,0.998,6.26,1737346379,No,0x943b19ba255c51c38b5b77911f2d4a0bdefd5c7ac033cb25cc2aa4d6ea9cff63
SELL,0.998,7.03,1737346379,No,0xe771e9e85db9eaaf048a5d6c4ff296096ab2c3379f0ceac87505785faf9bd9e3
SELL,0.998,6.72,1737346379,No,0x21bb86cbd621080a8b9e302887fd1759b6187f1ec314cbed2ee3aaa5e8cff562
SELL,0.998,6.78,1737346377,No,0xcce396487c2d452edc991f46924fa06ef4d3f5767dfe5b6124cee7a87c42f14e
SELL,0.998,9.42,1737346375,No,0xdcfb9b08c2146321b212ac158287f1d833c8c48e3ebd59280d3f0138b64a55b7
SELL,0.998,9.53,1737346375,No,0xfd58e02aad0a31fe7ed8c081c4ca5d02e35a4b98026f5fc9f35579ccb7a86b8c
SELL,0.998,8.26,1737346373,No,0xcf5c70308e768453c9ecb5d6ee9a03d47f629b126a34abefc8acb060e374bf2a
SELL,0.998,9.04,1737346373,No,0xa24deebdbab0b1ea52fdf54ca720d07590e0250bef05e1d1fe40be002716a9c9
SELL,0.998,8.78,1737346373,No,0x01c5abb6d79f7a5baf57cc67ce1873066f07f426cbe820dbfbb9e94499fe1890
SELL,0.998,9.92,1737346373,No,0x4fa400b190ec888d31f5f1bf4a9a1ee574c7b5af658baf36b3cc03d8ffe7d0f5
SELL,0.998,6.26,1737346373,No,0xcf3fea5241f0ff1df6380bf8a3b0d1bf89f1954c20731636625ca1d10096aac4
BUY,0.999,6.066,1737346361,No,0x41a4c61133a87038facc253eb7fc7ca80a37df1106fdde8ac846dbb64adf4b7f
BUY,0.999,6.266,1737346361,No,0xf5a183c6cb54cfc292dabd910bab3790b7877bf1ffca57b71f509a2ac6eced8b
BUY,0.999,6.726,1737346361,No,0x9d44a9a2e1d0fb6670070a60c0e271a2577b75cb39ff0007e5774f57aeb385c8
BUY,0.999,6.786,1737346361,No,0xac24704ca6762ef24b0c375f901084646ab9256972e7d42c17ef420303977684
BUY,0.999,7.037,1737346361,No,0xa888c6d9fdf01bbf62e36148ac21e6dfa830ea6e222e72039a051d25a24c0bc3
BUY,0.999,9.429,1737346359,No,0xe36b0b1047ac0ed121967e1f6c1ea0c30ec433ee09e1d539e87407baa0bdbfc1
BUY,0.999,9.539,1737346359,No,0xcaf0e5a1dc24e293c7282fc863dda1693d5869f3e1a5fcf048381d6f639ba5f1
BUY,0.999,8.268,1737346357,No,0xd2ceab98b15ab9e7e254b2c1fd223af485bdf3223d93f7fc5698e9266b637a25
BUY,0.999,9.049,1737346355,No,0x5242029018d2940f7a2821d3cbba3f286f1e0920ac47ee156ab3057cc9367660
BUY,0.999,8.788,1737346355,No,0x0de6f369ae10aa1ac416950f2234d87f31f7af17aaa9e200207c46be65fb6340
BUY,0.999,9.929,1737346355,No,0xad7e61f756441a976801e2709188b1d6249091fe701636bcb2c666e2ea2e94cd
BUY,0.999,6.266,1737346353,No,0x2f403f6a2755ece7f3bcc2cd61034d138d59eef87b6147084843769afcba833e
SELL,0.998,474.24,1737346191,No,0xc24cc18fc9b06c3d5d40057efe01c3e6badd05516a5aaa956f680481ca40c938
BUY,0.999,474.244,1737346109,No,0x9bcadcd3c2405f55637ae0cc828507cb50e06ed0d20ce96d8c9c3bb1e16c5d27
BUY,0.999,13.713,1737346045,No,0x70115b0c2e402a9003f6775dcff07d05cfee069576a7a392f33fc6d32812329c
BUY,0.999,6.106,1737345903,No,0x589e33eb2ae3f80df43a428795a475911c6d161313ef8e1ddb55c48e4dadacdd
SELL,0.998,5.67,1737345787,No,0x9e25dcd98e15dc9db227722fb29b99a40cb51be37bed2f736757ff60abf4f4a1
BUY,0.999,5.675,1737345781,No,0x2eb447aeb35bf77d40f823f355628e5867c06bbdc9ae5fa141cb63667e228c66
SELL,0.998,5.6,1737345761,No,0x379acd89855be4564a4b97044c7d0ad402d8342b330195415393e06bd50576d8
BUY,0.999,5.605,1737345751,No,0x60d5a8062af282434e6a6a5416d9df9cff3ab0ac091a5d6c26389cfd6a9e0a37
SELL,0.998,7.64,1737345693,No,0xd61400f1c7406d462376f9d05f4d951999c813be23668d1bb48485767a12ebf7
SELL,0.998,6.3,1737345693,No,0x3e44f91a9d7eb6479a53f898ce7d995fa152cdf2f05e5ac858b1ba990de293bd
SELL,0.998,9.27,1737345693,No,0xc78db637b7237d581283ae49a7c9c6a75f1308813f9aa750140db42b254b6d3d
SELL,0.998,7.98,1737345693,No,0xb7d5088c8a07084fbbfbc7e679c786d134e45ca2857047a0f2c3a21619077e67
SELL,0.998,6.24,1737345693,No,0xf66c4d531f2d962dd9c4c76ee4ea4c9a465d7e54616a1db13c80477980356be0
SELL,0.998,8.82,1737345693,No,0x440619907ca451dbd67c735a26f8f30123f635b4a53ad0a2f428ecda00733f54
SELL,0.998,6.06,1737345693,No,0x68ecd0ac0c492172760cc0265e9cbb2967127aa3474a63beb62e90e47453de10
SELL,0.998,9.21,1737345691,No,0x6da8ba014bf8f7e4468298ed62ba6e8d27fb8c5c58bb56115f872159ca4dbde4
SELL,0.998,9.24,1737345687,No,0x0092e07d25c2c09d0029bce4a33d759a2c65d7b910832f9a761a1690fe34f3dd
SELL,0.998,6.84,1737345685,No,0x7c8d010bd23ffc179f13072166e51a767f8119eef1f1c1eea8c7aedc3cdf16ca
BUY,0.999,7.987,1737345661,No,0x97bf9ea093d8fcd0743ab3cbc349e304d50c60e8cd9f9b2e1b85af3ccdd5acf7
BUY,0.999,7.647,1737345661,No,0x5b3297114d08abedf80e91b5f5c18b2f502d069d522be9d5991c13a023ad0633
BUY,0.999,6.246,1737345661,No,0x4b96011149e244a02a282c553ca79e70268d0e943400296380c91583bce0f4b6
BUY,0.999,6.846,1737345661,No,0x84e01758de5ce74d3fa25f83eb1ab19639ef2005009bf642373e89a5a3835c6f
BUY,0.999,6.306,1737345661,No,0x86fc46498a3462e997bce158797ebc550eff7a8a871a81004a23966502afa6a1
BUY,0.999,8.828,1737345661,No,0xe7be607c7e02efec57a7228e1f3b5501d7cc0989c546dd359dbca0e2a75d66f0
BUY,0.999,9.279,1737345661,No,0xcc98e1f2434fc7f02d4868e602eb4b6194dfb34097564352eeb4b9d8917061d9
BUY,0.999,9.219,1737345661,No,0xb6d4ae710d91605d2b31407354d3e6bdb0fde71dfb3afa924aab0d58212d4a28
BUY,0.999,9.249,1737345661,No,0xd606930dd6f49128749577c9a395b93839988fc9b1232ee2172dadfc268551c4
BUY,0.999,6.066,1737345637,No,0xa34062fb469e70aee24006653581f7d7f35bc293e9e7641bb64ad334ffb37d63
BUY,0.999,5.995,1737345549,No,0x695f250835ae0e39ceb5f01c9a036d4d1831086d715f65e2b8b0a29aae98d73f
BUY,0.999,1.111,1737345549,No,0x4c42fdb07f8308b17fb5539175bad47e07deca2ec94f63b5d7a0807958f62e1a
BUY,0.999,293.293,1737345383,No,0x754e140696e3797bedce7bee9ed00a06b6898371fa0d3acebb91204afa99a14c
BUY,0.999,19.559,1737345295,No,0xf9f65a549cd2912a714d62faccc1f76b4d185126f7a1b15a4883bbc8c7c69169
BUY,0.999,14.984,1737345275,No,0x93207be530218387dc5dd8841111c20659faa2a356cdcf4dd5dbf0c2a882b279
SELL,0.998,8.37,1737345259,No,0x461af56327a7f2d54d9aaffe0eb834f1dc98ef210f506bd65b416c7ca0594889
SELL,0.998,9.42,1737345257,No,0x411c190d224a824293e2bc3ca5feec6b6d20b536268b651899db905f8d9d60bc
SELL,0.998,6.43,1737345257,No,0xe0b8f6a2d45f91867050ab1aea57ee39a445e83bf2b451b573c66cb5d61a68fb
SELL,0.998,9.26,1737345257,No,0xd26d8c7c24bfc38a5a81261d5d4cc9b8a0647a2a80c9febd0b99f33698bf4603
SELL,0.998,7.96,1737345257,No,0x1c15dfffcbe6ba541d2528944184705942145a166c6ccfd9b13f133a7d0a2e66
SELL,0.998,8.28,1737345257,No,0x641086088ab594faaf4a9fd6a3eef1d0a056ce4edf4c2cbb5cf6a725450decf6
SELL,0.998,7.7,1737345257,No,0xa4dca543940499a671077cf34e64d74831bf41cb13f63a67eca4f3841f1172f9
SELL,0.998,8,1737345257,No,0xf9394c9262172285c4b8c15eec25d3551e07c132753e57187e4003f6ecd70a6f
SELL,0.998,6.61,1737345255,No,0x361590ceaf29960b3937452c541f0340e5dbf55fae6d524411b83454e32b2970
SELL,0.998,8.99,1737345253,No,0xae088016dfe51e2bfab2e9ae3cf39ee8a1d19c6b2141dd8fac47419df3ea4125
SELL,0.998,7.54,1737345253,No,0xf7eb8197a08b9afb9f05cdb06c3723679f6c70ad26ee402f24357aba47edfc03
SELL,0.998,6.99,1737345251,No,0xc8c1cdac77301f06490bf698f9a532b49c893227f017bffba8d1b5c33896c7d8
BUY,0.999,9.269,1737345247,No,0x2153d45e782d5d9c8cc1bf3100b9627f228e817550505fef254d29f7d47ee0a0
BUY,0.999,6.436,1737345247,No,0x71c2da06eb6b6eb2de54a16dd6fb31019431c4e0d772efddd770bac589f79244
BUY,0.999,7.707,1737345247,No,0xd9368cd3382aadb9ecf9c5a9bc99f9f5e4d3632c3a7d0b6f1db007e7f3e5d680
BUY,0.999,7.967,1737345247,No,0xb204cc7d8472e21425fdf3308ac06bb9d25b919a7dcf75329be0e4fbf646b1c2
BUY,0.999,8.008,1737345247,No,0x7cb81aedef1a88f7690126165d1acc6dfaa5dbea413886efa0e3fc090b4ebdba
BUY,0.999,8.998,1737345239,No,0x0c7910696653820109c4fa9bde90313084d4bb56055b077e3bb16c73a1a65305
BUY,0.999,7.547,1737345239,No,0xbad202c15b4d74d2cfb83582a2ee10c02a9dc1b1adb6f9bc4969f70c007c6c82
BUY,0.999,6.996,1737345239,No,0xac330c1c6cfc51023c1c983ad707faf4e1f34ac51663b37eeefd37054ead15a4
BUY,0.999,6.616,1737345233,No,0xeaaa0e12319dca327cda00483d6b2094483ab5dab35712158209a8493d334971
BUY,0.999,9.429,1737345231,No,0x9a0394782be5af9e476b8df0221352631f24a775562bb03b51c7d3bb68657620
BUY,0.999,8.378,1737345229,No,0x40f707198e715d361f4cb3f1556a9fa389629c77fac0ce3fc6090dc37df2fef4
BUY,0.999,8.288,1737345227,No,0xe753c2ddebe783a8a0fcab70fb5e0cddde4729b2d1456e7d42030489d7ea338d
SELL,0.998,205.2,1737345161,No,0xe29085a78984e6f065d8941b0397a551e19319e1e7ef26038870209bb8f36119
BUY,0.999,11.231,1737345139,No,0x460f2ffeef1767db429abbd75a10670c30f030f0a6b324b8fe2a26beb4887fa4
BUY,0.999,205.205,1737345137,No,0xa2e8a2ed42a8e4e6a25c6fb24cfd435bb9f4899284462f65d6d982c9dcd79be1
BUY,0.002,2000,1737345041,Yes,0x2b4001d580666304c6272831546d10345799ca5afa862ec51b29884f1cee734a
BUY,0.999,18.558,1737345011,No,0xcd3eafd4e4654299a799950a06b836ab2ae977bcec940c285af4e668e0e3c6eb
BUY,0.999,10.01,1737344901,No,0x1779229a4627d2f9260e90f374ea5fe4a1fb39524077f2a8712d8769b1c518e3
BUY,0.999,16.546,1737344885,No,0xae9d8a368ef644c62063bac6308c7bdbb93398e33afcb94424af70bcb7eb5b9a
BUY,0.999,16.836,1737344717,No,0xc309a6295108573a52492de8d56e6c7888421377eebc6eb6efafa8ac6143946f
BUY,0.999,15.135,1737344679,No,0x2521432f94caf9433fda4bfad59517b799334e2f641974fe91b5b06677dcf8ed
SELL,0.001,22.24,1737344571,Yes,0x95b0ea89be2d8ed8985918b2e15de22f36cb33ead91366462cd16e2e76b89578
SELL,0.001,79.61,1737344493,Yes,0x2c5be024c6aa94dd62a3b66d5eb0984375c0518d48dce125bb83fe870dbaf36b
BUY,0.999,5.035,1737344477,No,0x399309621da1d23cc307496ec3d0a5a3cdfc7912f202d0fb030e2b8d7db92329
BUY,0.999,3.593,1737344431,No,0x8668b7d36e334dd211a136f36db624bf23954ef5c93a6a2097586fe848c7b5b6
BUY,0.999,728.35,1737344397,No,0x23384b68ecaaec4ebd0918b2a6c9418a7e58de8d24b1ad9ed82dde85ee13a1db
BUY,0.999,46.78,1737344373,No,0xff222d16c01e3a06d2898aa03d322320700c9cbe0eb750c8b5c45dbb85e7c2e7
BUY,0.999,44.81,1737344369,No,0x0d3069e3afc745c5a9e3267bea4b5db49940c7cd2bf4a7170d7220eb6eb3d61c
BUY,0.999,12.602,1737344347,No,0x35017fd1f8233157762e7be02a9154a8958132a402df8605b8d6b9dec2b3f7fe
BUY,0.999,769.79,1737344331,No,0x0e2944f2bf838ef4c5b86b5d3fec21fe29ade8865901901cc10c43d8827352d3
SELL,0.998,7.25,1737344319,No,0x09d1f5045f0fe36f6c1f086c34f9e36a4725e2dd42b946481aa7fa47c94c9edf
SELL,0.998,7.43,1737344315,No,0xfa7134c03ff6127a7ba984da96a38f37036f6f5d7e1784e2dfd8f42437f464ac
SELL,0.998,9.59,1737344311,No,0xa4ccfaef1da340d32f9b18bada93aa41fe757d70572dea4b542589ce5634bd7f
BUY,0.999,3.5629999999999997,1737344311,No,0x4dc2d0fceeb6ab6a706b8ca06ac7decc948a24be1856e92633572648a7dea719
BUY,0.999,3.13,1737344285,No,0xcb00415e96fc4d3cdbf3a028dd05f7ae65f1399b7c0a90b0580d516766dc289d
BUY,0.999,5.135,1737344281,No,0x740a35865e09a47ca740ac50bbf920d190d80dfded17a86aaf2ca2488dea3332
SELL,0.998,6.55,1737344281,No,0xe2073cf1ffaeb73a1716e990d037d90b15f543896504176115d14f5f31dc7707
SELL,0.998,9.95,1737344281,No,0xef76348e927b25ce2505d42c3009a8d7cef17c9d0418aa7ba2d23992376d0292
SELL,0.998,6.33,1737344281,No,0xf1b4a2cd59ce848bcb4c67c640ff48cf6d092ffdc66763ca5155d7ac30bbbcf0
SELL,0.998,8.22,1737344281,No,0x1dc966e338adcd2d7308b59a51c24b2793f0ce670af5c094ed999b57332300a7
SELL,0.998,6.58,1737344281,No,0x8c609711cd1b8b157bd192ac0c06c67f61342fad55ca45fd7764a4b74d210f06
SELL,0.998,6.21,1737344281,No,0x3873d63924a93d1c1a26c8539da80daa3af54d89626d866c53e3952f112e1e0e
SELL,0.998,6.23,1737344279,No,0xf545bae9011fdc7511e29f8ba0dfc0a7e7b32ede29f55d0237f1e103c81250cf
SELL,0.998,6.6899999999999995,1737344279,No,0x275da2f6ef144964113521d8528063627a1b8db3b37aa8a2c35bcd47a551f129
SELL,0.998,9.87,1737344277,No,0xd95be1682938ebc2514c4d9c99a267a6e73aec6d37d0bc72b4658c8294c9e704
BUY,0.999,8.018,1737344257,No,0x2b212ae32fb0e24054ada3ba2f2d6aeaad8dcfdf15d45063f515f536e7dafad7
BUY,0.999,9.589,1737344257,No,0x03fbf2d2c240adfb6ee0674459783ef608b9f3cd664da1cfd4fb3ef135765a10
BUY,0.999,6.556,1737344257,No,0xefa1625bd8ce923286a8b1da74e6197188755a39e699beb8744c50af61f4f426
BUY,0.999,9.959,1737344255,No,0x82cd152e3a673f697b7c8fee2bca1dcefe170e1a5316764a06849fd3afe73519
BUY,0.999,6.216,1737344255,No,0x9b8384444d6ff1f32aaebc9c9baf536bb784e66de690418d2da5c0d943dcbbec
BUY,0.999,6.336,1737344255,No,0x7c22d1fc0a038b028e8a5a94c1fac39f0ee7f80a68d08348971cfb5bc3d078f8
BUY,0.999,7.427,1737344255,No,0x0b4f0220ca43efeb355103871d1e1f05e01e9f8e5f3b993ec5b22b93668c7bf8
BUY,0.999,8.228,1737344255,No,0x76cb118525d3432c05c4444d58ffa5e804a04abfa1c22b507436ec2efa29feaa
BUY,0.999,6.586,1737344255,No,0xb14df4d88ad21ed5656d14d4d2885d7af360a5dcd06af40f42b0911d95bb78a8
BUY,0.999,6.696,1737344253,No,0x5bffa6a9955b7a6def61c153f8db930b3cf631162b2b980297049c3a1f5b98db
BUY,0.999,7.237,1737344253,No,0xe27a27cc7fc851d7431e8539c3848e2ea09cd1e98988a112769a584b31a03963
BUY,0.999,6.236,1737344251,No,0x8087807dd593748e330f4d469f5bec7b670f908c2bb85257299e69202109c283
BUY,0.999,9.879,1737344249,No,0x5a8bef75ba3c969873642b4c3f7dc219132a3a9bc0e01252303785deed156fae
BUY,0.999,3.783,1737344249,No,0x370b8e4ec3dd589b5156e4779d147b9dc527c92e4cd6d9433119ed4529194d50
BUY,0.999,3.783,1737344101,No,0xb010dd27129d58e6ace91132ea7343cd9690963480dc8a0fb2edc202987cb8ef
BUY,0.999,1.701,1737343969,No,0xe9f5be5c793803f8f4bd7ed020ac7b6c6e6674acb6e9cd50ae9d113882666b1e
SELL,0.001,105,1737343877,Yes,0x416ca2bf4d71771c12ab4dba4d8fe3beddbde4e9b84a08263ca389302c2610d9
BUY,0.999,15.545,1737343855,No,0x896cb67dd51d6112cb6985eb1e5746c6a227de8e9f32535999b785579d6cda8f
BUY,0.999,263.39,1737343809,No,0x4d2fe4b049802142ba9a0654a14a6ebdb4c50097ed9088d6a2652fde43f821d6
BUY,0.999,3.5629999999999997,1737343787,No,0x2d0f378743616b08afa1034e4cc729857d2daad94778f61030cc425d2cf6a49e
SELL,0.998,7.09,1737343708,No,0x00bb1b5b3e9b9a26314bcfd72b96004b3afd6e66d3a7da359114b2ad16ec1736
SELL,0.998,7.13,1737343708,No,0x3a543ea5df42bef9e59461259851d116062dfb8bd85c0849f35a348c548f39ba
SELL,0.998,8.45,1737343708,No,0xeb8dc6b3b4c618945e658055e5b3930ae0788ec5c142156804e3cc77a166d117
SELL,0.998,8.71,1737343708,No,0x06b1d5284341194f38c0d011acf5cd5ea01dfa7e0185f2a8878c8550b4bec2b3
SELL,0.998,6.33,1737343708,No,0xd12300441fc0f670173486f397e7add26a16109cc943b488db65ef81aaf2e1c2
SELL,0.998,9.68,1737343704,No,0xfbdbfe10d5d8118f1ec883f65fecc26c39eaec8bf169eca0d0d96d12463cc866
SELL,0.998,6.6899999999999995,1737343700,No,0xef210125a30b60f6577a47622947115fd0f29a17bd3f512acc61eed7eb2c2a6c
SELL,0.998,9.86,1737343700,No,0x4f67a8f1b9efceddba9a70226be39902112b4fef2c89ec19b94efa3a946ff2e4
SELL,0.998,9.27,1737343700,No,0xbe61b0245b2b1444bcb42ecb57cb70e18f9a3aaea6cc7af8552a9d35c9891f30
SELL,0.998,9.21,1737343700,No,0x5bda1ebe8798880ea7843b5266bbd345e3b0a6ec7e928013c2fd981bded54afd
SELL,0.998,7.51,1737343700,No,0xa5d420236b0e92794e142515df066bd19e1f47056ab9377831808ac8523ee77f
BUY,0.999,7.097,1737343682,No,0x4c70fe5713b37db62aac844520e29c81222a631b704542b5bbd1a9fcd58a39ab
BUY,0.999,7.1370000000000005,1737343682,No,0x762c431cee36bb6aaf83fb11aaf0b6a627b628b7b884f7a01999e7536c5e7b5b
BUY,0.999,8.718,1737343682,No,0x5056badbc3f7fdbe3985786cb8305dc99c1d5ffa75c4f818936b816147ecace5
BUY,0.999,6.336,1737343682,No,0x2266c738330746afc74174a135222344aef3a9110ec6e15bc74abe9639c3bffb
BUY,0.999,8.458,1737343682,No,0xfe8e19ffdf3cfe874a53c7fc33bb9374b08319af5f5ea7278076aa33fb275c42
BUY,0.999,9.689,1737343678,No,0xf05c3ad15dfcba89d4a07a47ee4b0d5e48086905eb998f266120fbc32e87498a
BUY,0.999,6.696,1737343674,No,0xee1c8d179b2bd5d0b2c034228ef0c231acbd473b40543ec5d31f56dcf65cea53
BUY,0.999,9.219,1737343666,No,0x210af60e779f42a18b31b67e987cc337c0a6bf4ba7ec48c37e8a1b6d76e9e972
BUY,0.999,9.869,1737343666,No,0x974e0f9765e63a4a77f5b671fbc2e4b37b34fbf21a2df86c4aa2bdf648391213
BUY,0.999,9.279,1737343664,No,0xc62e5d916737578be59ba98f74cd5faa0d0ab84b619d256006e57964d9351e93
BUY,0.999,7.517,1737343662,No,0x6a329e8aad5d73cf924528462625e0135c2531c8240915ecec26d71674adbb87
BUY,0.999,5.125,1737343660,No,0x44b6a119ebb26a51e173dbeebb398779fe89e211e5bfc36338200361ad0eb504
BUY,0.999,10.06,1737343454,No,0x83cb3ed3daf53d977eaa097f6ac77cf79a57c04a4c625ed07e2d262d340f1393
BUY,0.999,6.266,1737343444,No,0xe4cd54ad95a119e66372427ab672aa9581cc75191f202af75d160d7b0590256f
BUY,0.999,4.564,1737343382,No,0x566b4d2d89e2f1a397168c37d6ab933c5b4eff72db8e8c05ae188a6a30e378fa
BUY,0.999,17.957,1737343358,No,0x3142796906fca30bae7ae38008783f4b143e00c641445141bf2ef26b5f11fa64
BUY,0.999,3.593,1737343328,No,0xbc61ec58b292b226dd5c22d9bb813b0a30a4a1a512d49d078bcf005d99654453
SELL,0.998,8.06,1737343233,No,0x74054f160b70b2dfe1875d3d72c37d2efde4e8a75bfc4822e805cb5b2177b01f
SELL,0.998,7.16,1737343233,No,0xb2cfbcce3d1fe071cddce51ca8bc347755a399f662e895041014e0e60c6cbe8b
SELL,0.998,8.24,1737343233,No,0x67b1019f3f8ee7bd6fc0471e8f955a4a63000805e2d21bbadeed896f6ea7d556
SELL,0.998,9.18,1737343233,No,0x7b6320faa137a5f692f7124415e0e0fe85a2b327faeb8c9cc436409f789d805d
SELL,0.998,9.19,1737343233,No,0xd62f601841e16facda70a608acacaa4efd8a9f4d5656e10b8bd59c7450ca63ab
SELL,0.998,6.48,1737343231,No,0x354c2b401e6e9a1d7e6232a975448902a41cc91cff33d0ecf91a259043b1bed9
SELL,0.998,6.24,1737343229,No,0x6673eba23a404efb0cd32918549a89dc7299c9ddf2945be94e2f33643e846a73
SELL,0.998,7.68,1737343227,No,0x17ee18acfdf19ccef7d839f2f1b1158b13351493f5a152ac0518556b508db642
SELL,0.998,9.54,1737343225,No,0xb2ca2518e1e029691cae4ba0d9f30c7e326451f82da5addb5c6d15890d212885
SELL,0.998,7.36,1737343225,No,0x9b883af66e10f57f4184a56702f39a28060575354449eda3a1122444bcb27abe
SELL,0.998,8.44,1737343225,No,0xaba5de36f3ef815fc88671948f0a4eef6661fcde5e6fbcc543fb2bfc9c5346fe
BUY,0.999,8.208,1737343225,No,0x8c3e4e9cc4ea440d917948115f147cd99cd7ae54989e9d6a60eb9014c6f4065a
SELL,0.998,8.88,1737343225,No,0x32cb4448a47ee2a80f1b9466316062581a94c2b2e520e4fc6bda7c8554275c7e
BUY,0.999,7.167,1737343215,No,0x357f339a2f8128b9bde5fa566ec9a223d0cbd7cb267693942e31992853ecaa11
BUY,0.999,8.068,1737343215,No,0x2211b857d69b2cb6bb392f40a1a2b3e028e11d3fd4b9678d5124143ac47c9e8f
BUY,0.999,9.189,1737343215,No,0x4e5ff92bddfefaac634331885b3132210e27ea05fb23466efb58846d7928b487
BUY,0.999,9.199,1737343215,No,0xc55c6f5186b6a0c3f67e4b11aa848b3f73cd04a27a7aed9b89e31c6cf6f77cf9
BUY,0.999,8.248,1737343215,No,0xf771c53e9278ac0f9b73b7ee2f9525f2a22463f4c8cfa96e50c14a6d5fffb2f8
BUY,0.999,6.486,1737343213,No,0xe803cc5e86cd5d7c5e8bd3ccb153276782d0713da35db0d3fee66a9ad5d18ba1
BUY,0.999,6.246,1737343211,No,0x0c112a9e3438b1d918a5831f599d9153e0c1b1c19b54995196d77264121704d8
BUY,0.999,7.687,1737343211,No,0x1320c6f273faa1852bac2c5fe08ae981a54e57eac2d86a8ca8f6dc36649bea24
BUY,0.999,9.549,1737343207,No,0x81019644e36cf359d1204557557c7dd61f8f46dc5fa91b0ae054699f965ac8a1
BUY,0.999,7.367,1737343207,No,0x8e12c121e9201a662b4ae8b135c3e4c9510ebed3ce75b2783256fe8ae91ab4f9
BUY,0.999,8.448,1737343207,No,0x30cf094aadaa99870bce0199bc8bb74ffe9eb80df3b2e021729e1b8f1355727c
BUY,0.999,8.888,1737343207,No,0xf42157d80c8ee81c0cdc5816894884aa7a1ea853fb06963a236f78955916eb4e
BUY,0.999,5.475,1737343195,No,0xabc3f9709942450b586edf0a50187f8e12c224f8ded87ac3f0d888203626bf84
BUY,0.999,3.693,1737343179,No,0x9f03e92a45193091c09c212d3298fcf9bbb8ed51606a1bcba9894788ee981163
BUY,0.999,12022.98,1737342929,No,0xd22090bce1305d5f20e40efe71848c58dfabf57bd2a7cc71b4b1840fbac32d5f
BUY,0.999,40.26,1737342865,No,0xbe0f6c881f2206f59bff3895ceb5527a7d7dcc67999f6c0a6855a9ea01b7c6ab
SELL,0.001,4320,1737342865,Yes,0x8b830189e58887c57d0f286b168f267070a5942e502bd5a3f347dbd43d222553
SELL,0.001,3160,1737342865,Yes,0xc2179b34eaea78cc63d21ee65da11a9beba375d73c2116ce808444cb751ee4ad
SELL,0.001,3640,1737342863,Yes,0x73c75e9dc7af6594398d0bcf2dc77499d1f8bc82566587fbd70ace28b4f32748
BUY,0.999,6.886,1737342857,No,0x03d9c546e40303c5d0f3284fb11b6584b2a4798eded86c7633561d5c3f7cc016
BUY,0.002,4320,1737342851,Yes,0x29a0da25849bffddffe2945d83ee9978039f4521d4d6adf1a6bda88dac6b2477
BUY,0.002,3640,1737342851,Yes,0x7b79442f6fc3314960b04ccbeda59617d5613a595dfa20637ec1d68aee6ecbfe
BUY,0.002,3160,1737342851,Yes,0x3ef3ab729a1abd69ffdd21e986938ff641ccaf2d13a82f249956b1fff66c98c0
SELL,0.998,162.16,1737342829,No,0x3ca77a40ec15484a22543e2f43b6fc810a07f7da613940c2ce9a9b3a12154600
SELL,0.998,8.64,1737342813,No,0x35d0af3aae40dea65a8284ab8757738d5f24fc8b7a4bbeaef25250d0127959eb
SELL,0.998,7.72,1737342813,No,0x32ef75183d194cca816ca5a80ef56c4bcec4b3f36d232f9adb724273a20b70da
SELL,0.998,6.29,1737342813,No,0x7ab5644b127edc3f922fb341a331a1836e0ca519e2c2ea6f6f8b01a428a4c2c9
SELL,0.998,6.32,1737342813,No,0x08d8789c2cfb61dce4cc672a3d98396a7ab398e0f945d4e2ae1b2c15c55e772f
SELL,0.998,7.28,1737342813,No,0xc8bdf45857561312a53cfebd855fe42df31eba4180cf549e1c2cc8d77800c56d
SELL,0.998,7.14,1737342809,No,0xa4e11f05dbb03309fc7fb6b27e53830b209094af00caed874847e578a5456fa6
SELL,0.998,9.62,1737342809,No,0x5e4ba4405d09d832401324c0fe4e997e44362a38e3445121aa0325e96bed2bef
SELL,0.998,7.2,1737342807,No,0x22f600ffb73dd5a3c39c62bb9fbb62414a04257f33318b0d270d95cedaf9f9e3
SELL,0.998,9.52,1737342805,No,0x937d0fadbd956d8e154f3506ad73fa599b50dfadbdfacfad344d26f52e9ec552
SELL,0.998,9.89,1737342805,No,0x6b28277fc0877452b87065560a400afa1eeda131006d23516fbf59baad3225ba
SELL,0.998,8,1737342803,No,0x26e3c9ff74736ab3ccf34947cf81785da5f9eb0862629d18241be21231d258b6
SELL,0.998,9.1,1737342803,No,0x353938051b6911948c552a08d9bef11fa2516f474754c5eaed237f2c441e9fac
BUY,0.999,8.648,1737342795,No,0x63ad0b88891421353866609d5177f2de3b0c2b75a9d3626c75e797a34a18b08f
BUY,0.999,7.727,1737342795,No,0x7a7002082291ea678eba5d477f258875e2f010c6452dc8552e21db1645765bac
BUY,0.999,6.326,1737342793,No,0x16932f5ddf140d7320df012ba30551602215583c0867c55d880702dea97a02f6
BUY,0.999,7.287,1737342793,No,0xee280166f045394b12aa707d014b1a2620ef3a8c324ec1329ee083ef9a3c7cde
BUY,0.999,6.296,1737342793,No,0xc0c0004ef61342db88e39a60414a68bfbaba87e4e014bf9f1548daaecf964db6
BUY,0.999,9.529,1737342791,No,0x46b3bd51e9782d2ebd435e2455485abbefc780795f23d7aebc2d2382edfd2854
BUY,0.999,7.207,1737342791,No,0x3fde3452def43ccb5911c73ae019f05aac83a1ba07ce1b6abd05aa92081cc2df
BUY,0.999,7.147,1737342789,No,0xd34294633a65c6aa1c368b394f03ae0db98a3f115861f877547bf0e119e6d693
BUY,0.999,9.629,1737342787,No,0xaf421887cb67d60d9e481993b02fe86f1b555209ba23fc8ef1f911d380551bb7
BUY,0.999,9.899000000000001,1737342787,No,0x0c1f9d081e971825d842ed8a7599a7c3085fa2670c6d1e590569d15894820ddf
BUY,0.999,8.008,1737342785,No,0xe7617ea51dd896e1848b7cd08d0175953edb4dc0ae54c834a539707e9b98cad5
BUY,0.999,9.109,1737342783,No,0x431e8c5f5c25cba743205d888bd8d83f29fe7c8c32647493f4f3b279dc81b9a7
BUY,0.999,126.76,1737342757,No,0x7dd20781180f789e68369713ad40c2b9e13a3d83cf2099c413355a1561fb76f2
BUY,0.999,2.782,1737342719,No,0x106a9ea18963f84916cf56db82d9a4a42ffbcd03af60198c01068bee86b52ab0
BUY,0.999,162.162,1737342717,No,0xe197403df0f68e6852683377b2bf9806f041489041356ce27549451b80ae052e
BUY,0.999,8.828,1737342639,No,0x1bed2304ced7fbb13efb5520701592c65d16f4f7360d77edad4d6194943478a7
SELL,0.998,20,1737342615,No,0x8e4c9a048e9d3e2675b19713fad85e965b58083670a98e9dbd62428c6243a60b
BUY,0.999,2.182,1737342571,No,0xad05f25cd73b81a6f99c92835a388c218093e5a9f40951c5b95266024655863c
SELL,0.997,645.64,1737342460,No,0x104c2c1c3098d8a8826da580155f5dac600ab9db2e0a2f1aa06e8e2b793e74d1
BUY,0.999,645.645,1737342448,No,0xfa77e932aa74742e0586d22ab8aaa9e12d8539bf575c2c0f8dc332204250dc20
BUY,0.999,16.316,1737342422,No,0xb2afad97f625cad09f56487ead3fa73a04942213f9bbdce3f376e4cccf1d4132
BUY,0.999,4.264,1737342412,No,0x988b1d6ea96a13f59587f75fb45345c988cec08b066d4bcb7e965904ee820c05
BUY,0.999,5.895,1737342392,No,0x8fbd3095e5d31083d3f750a22ed133ccf0e59cf05192fe2590d3a8fbb13e2361
BUY,0.002839646473368917,88035.606666,1737342350,Yes,0x08558057a6d6e086795713f78cf06db17040f974188483bc159dd16523817650
SELL,0.998,7.51,1737342330,No,0x2ca403ff2319e6d60d23157f972eba8779ecbe03d34deb52f9bccb2e5d502373
SELL,0.998,191.2,1737342298,No,0xb242834e6eb5df9dd0cacfe98986d7f475e39f30a0c427a9dee0346e27138859
SELL,0.998,6.02,1737342278,No,0xc205ca5e8739dbf32dad24b0c51685195d99e71d743c821e13aae22f03dfa165
SELL,0.998,6.41,1737342278,No,0x32bd64e3c697fe9bbb019fe9f1fe729f5f86c17a79378d9aada8386226efb8cf
SELL,0.998,7.41,1737342276,No,0x9d26a5159359b9acf77a59f7127279077999289347d0c0b6ad5e4fb6f4f2bd0a
SELL,0.998,7.01,1737342276,No,0x007ab9e1da41aba86c85734651dcaec4a9b09efb7306cb711bd5238a60520bfc
SELL,0.998,6.71,1737342276,No,0x29db8a34bedeeb46d80383381f1f4326ecc0701945775f0d9762f12703e157a0
BUY,0.999,12.322,1737342268,No,0x3a3710082f87564939054a4158aa007dd490335745bde2022ccecdb410095516
SELL,0.998,9.6,1737342248,No,0xf891d22e568d4c5e567377672c20e7d4bbe64e1e4c73350345b415072078dea0
SELL,0.998,8.9,1737342246,No,0x431a406fd083043adf5501af4c0af43d3fed06ef4d6ee316ff755a18942b167f
SELL,0.998,7.1,1737342246,No,0x524fd3a6f33d2c7dd54671c6b3c38eb2c7f08b26e104724c9e7b69eb5d60e3d0
SELL,0.998,8.8,1737342244,No,0x185994404650038fa02e667081888097a7503f71884c435d9b419f3850823d60
SELL,0.998,9.9,1737342244,No,0x10a0333a02fe2454c23add7ef07bfa3de0190c099b9ba8834c01f3d666b03856
SELL,0.998,6.5,1737342242,No,0x37619a804873b1392f3ec71088fce84bb5b6e1adf018bb9381014b1d4b405f0c
BUY,0.999,7.007,1737342230,No,0xf68bad1ffa28fd00eb1ea5d2b9ac6744a564c1854d26f17da45f3b0280f64dca
BUY,0.999,7.407,1737342230,No,0x330776320677f500b436e6580d6458af3f3185fbbd9bacf961fca67c049fbb8a
BUY,0.999,6.006,1737342230,No,0xd480142c44c762c3575605b5de6f1491a931900f45bbcc1a8afa63347a82aa1e
BUY,0.999,6.406,1737342230,No,0x9edc6492a67415f1abd012699e63f6eeb4021a61187fec6eb7a3de6d09af9b32
BUY,0.999,7.507,1737342230,No,0x9dbc56325425e36e1995901f4914ecf39c71e30039b95cc6646b12088521b591
BUY,0.999,8.908,1737342230,No,0xa2a2167e1d54259113080621f87c1b2ac13c35e5e00352968c320165ff2cf56d
BUY,0.999,9.609,1737342228,No,0x9539293a7e8c8a1d0be2aadaa7d0c62c361647651c94b20dd76cec1e0acc3723
BUY,0.999,6.7059999999999995,1737342228,No,0xac09ba4b4115c61ec7408a27eb9fd9d2559db843dcf0da96c5ea7a5142af5ee7
BUY,0.999,8.808,1737342224,No,0xd66542aed5664c3e14c59c02d3d29f72d5b9d1cf5ec9286bf298112f035c544c
BUY,0.999,9.909,1737342224,No,0x3a8bf45899fbf6b84ca66baee5162c62bfb984d7ba4057a417cbe66af13b4c16
BUY,0.999,6.506,1737342222,No,0xc3d96109920e3227fbf53145be95f43f8b624b2df63fe55c47aa4f2dba91e653
BUY,0.999,7.107,1737342222,No,0x02fb900d059ffdfd27a2dffddb35836fb8bd807adbffdee1d8af327e23385437
BUY,0.999,191.191,1737342210,No,0x2b485b99ce15e4c565df7f9b25b55c78ea19bbc6bc67a3ba92c1065747f74aab
BUY,0.999,10.72,1737342100,No,0x46e13c5ea2dc48ff57e35cbd34412958260fbdeeedc3328150f579e3408bdeb9
BUY,0.999,10.23,1737342046,No,0xb4d2b04cd7e680c08599f4adf091cb5cb23156a5dfa033bd0f9fc2ee341f8926
BUY,0.999,17.317,1737341970,No,0x82b9c623747c2920021ee17ffc119e832f5e8a788207cbc3f7959dd64697ade4
SELL,0.998,7.87,1737341836,No,0xc724bea7f561bf24a23eca7b750cc2a2129b6053d1f7901d5aa0c893309fd548
SELL,0.998,9.47,1737341774,No,0xc700153e19c35a6fb907f4412dfc4494d38fbf71ad327a8aae84f330f5bd2975
SELL,0.998,9.64,1737341774,No,0x0208145baf0a2874b475349e60f8d964146b020dc96e0a1ee3ced272da721f70
SELL,0.998,9.64,1737341774,No,0x18387937849a2f9ccf218b89cf19125344fce2831715246034c7f357697ee9db
SELL,0.998,6.45,1737341772,No,0xb34e1e11c400ccff46f9bb006f791e43d029aa170544f278f532aa5bb08b9561
SELL,0.998,9.92,1737341772,No,0xa9149793bba5ced915d4e2a0977154ef86076fe8ee97920a8b77839266ecc86d
SELL,0.998,6.58,1737341772,No,0xaa5d8008cad251f8da3402a916e04e24e6c349f0b020220e7cce71518d01f5dc
BUY,0.999,15.225,1737341770,No,0x313fded258e3f606dbf822ebc50cd88075b6953c00a8f85a5230ad977047fe01
SELL,0.998,6.79,1737341768,No,0x8c8407a162bff92a8b7732df37244d530de023c1e3a468787cd0a3084162ff31
SELL,0.998,6.5,1737341768,No,0xcdea859f82e808a11529d5bdd034effadcbf3becf7bad291562c34fce8ff364f
SELL,0.998,9.04,1737341762,No,0x02f4376bbfaad458fd7107d0346aa0a476303d07a19c6b6701c6fafbcd0bd5aa
SELL,0.998,6.63,1737341744,No,0x3406171ea34a9ef1b2c281f09b122664290df0f73eed403ad04e46b36ce283a0
SELL,0.998,8.73,1737341744,No,0x0b111ca61de09dc3fc6de1cec32cd1544a5db6033de0eeed7be9a62d78d088fd
BUY,0.999,6.456,1737341734,No,0x904b5ae687a9455c648d29bd7d929b2aab1945d7838eb8188712f694e3047a92
BUY,0.999,6.586,1737341734,No,0x5fde04d600f9ec5e35d8a2eae529e110acfe60076c555454515763e84afb2cda
BUY,0.999,9.479,1737341734,No,0xc0e6c6b5c1292c46f8ad29cbd9cf58bd9868aba668d80fcceb4fb035e11321ec
BUY,0.999,9.649000000000001,1737341730,No,0x13ad0ee7583bcf01898c0aa6fbc404998a4fc2871d82f7c6e473e5994cf72b5d
BUY,0.999,9.929,1737341728,No,0xf6c26d87ff8cfb2b732fb061687367ddf2b1f8a4eb2a3d438ce302ec094ada47
BUY,0.999,6.636,1737341726,No,0x2ea4f4451a1872eeae27a5fedae0240ce1985dfbea53b3635c347552b8a75cd2
BUY,0.999,9.049,1737341724,No,0x8b907ef2308e23a7e781abdedab83583518936ce2594cbaad8991bc8396441e5
BUY,0.999,6.506,1737341722,No,0x3de6b23d769b0794a721fff62b23e1dad5749da505f47fc8c4c36b5152e72ec9
BUY,0.999,6.796,1737341722,No,0x7a70cb1159fbc610a436cd09e7b53697660aac4851230cfd4418a5170bd686f2
BUY,0.999,9.649000000000001,1737341720,No,0x09b14fa25e000dc5fd53c8bbe3cd03064fc9e7c6667913500bce92db5fc60e06
BUY,0.999,7.857,1737341720,No,0xf49f68e1079d63924bd5f1babdd34beeed6d2304049a796d6ab7f25796917aee
BUY,0.999,8.738,1737341716,No,0xa870735ff87367475614043712f49cdc0201b3372128f0f10920f3c596d9083c
BUY,0.999,1.871,1737341590,No,0x13203f45d2f793435bc79036c6e8cc0018b3cfabc4f158041ce6bbf93e91a02a
BUY,0.999,19.229,1737341570,No,0xda13d9c0c92323be4d46c0991f4d360214bfc71d403f9f25e207bfa4380d1197
BUY,0.999,15.055,1737341424,No,0x402b27e735e1f850f651230a82f9951ed98db32dcb512300f8a3de59ffec4996
BUY,0.999,17.747,1737341400,No,0x78b1e923e9763340b9891f9bc006b71264975322e1d871d1f27d19d562ca4f77
BUY,0.999,12.012,1737341278,No,0x75cd6e883a3b9b744860328a78e2e4dc49078a5e4491bb84cade29071489c7e3
SELL,0.001,49999.7,1737341254,Yes,0xb6048cff6025ff2411ea936f0cf7b3bede44ad6a9a19e09107795181273b83b6
BUY,0.9989560952380953,105,1737341228,No,0x2c076220c4a2158b0dc814b8406c690e0c2b156a6e8547440b73870d57f0eec5
BUY,0.998,3650.1,1737341228,No,0xcc3eb277b2ee9f6f484ff000ec65ea8ab0aa7a46561d55a831b30665db192bac
BUY,0.998,39,1737341198,No,0xad70f5d12065c8d9cb91e4f5bd04bf7a862a4141dfbabc7fafc65baa8085279c
BUY,0.998,39.49,1737341170,No,0x184643e17a25424f4a318e985ab29dd21b7fd3aa28802f4cc1e936cd57e1689f
BUY,0.998,39.73,1737341124,No,0xc8b991f66bbb42940872eb718c4579b5abe2802009588a1fe07e2bb1a221642e
BUY,0.998,38.4,1737341086,No,0x4d795bc336ea687d82a437ec1266bd17efe3e9a54837437420b58a32335faee5
BUY,0.998,43.43,1737341084,No,0x5173755b7abb60e8f2fcc5f08b61f717c9d31ce4518e4e7dc4f684fa0065c5cc
BUY,0.998,42.63,1737341074,No,0x27afb9cc39b0ec6d835cd338a490452f7d34fa970ae693468acc2ea1fea6fadf
BUY,0.998,57.67,1737341048,No,0xd12c69bd7d388200b2f9a95cb39d625c7beed94634c82a51bef91bf8acae2c08
BUY,0.998,40.58,1737341016,No,0x7f8613e85ef8a452064e07835b444ac5f779e59a1700442ca96c27a9aa848b8a
BUY,0.9979998487659718,5.541081,1737341000,No,0x3b959a41a7815ea8b73945f7ab76c5dfdedb54096d38a7852ff425ff92894301
BUY,0.998,58.46,1737340986,No,0x4842c86abcf1348fdb5499e0791c53aed3d4f99b0141e48a680bf9949b1d3296
SELL,0.997,9,1737340970,No,0x5fc29b5b7efcde63e345a1a963dd80d8154eca77d739688571780f95b93a44dd
SELL,0.997,6.14,1737340970,No,0xdb4cad6c0ca8ce6657be969c896fb8a3c5fcecc1610fc8e4ebe9f19333b7488c
SELL,0.997,6.74,1737340970,No,0x55815253e52d2b41a8fa862508a946a6ede6beb226cb421b765d693978bb609a
SELL,0.997,6.88,1737340970,No,0xdc00a2a3b82a9c4cf7b373ccda6b08cbfd8b03487f553d7994d39a1509d4be21
SELL,0.997,9.25,1737340970,No,0x792620308cfccf25dfa6bdea02d9237f18978b8d14ea3492fa8866036e4bcd69
SELL,0.997,6.35,1737340970,No,0x1c276fccd1b8eb568a18f33fd9e82ed4595c1139e54a060af8c279b557a95c1c
SELL,0.998,1345.07,1737340968,No,0xe1ec4e6128be2bd7dc3a277a43f0f015ff7bb680452570d9ad5ac5fd8ae51727
BUY,0.999,4.524,1737340898,No,0x637f94903cfc4f7a088018aef07ebc92540aec1bbeccf355fcc752c27a184eca
BUY,0.999,1.211,1737340856,No,0x2dc96047afbd6076a45a03145d29dd267458d35bf56f5d944f1e3d4ee173c9b3
SELL,0.998,9.08,1737340826,No,0xbe9f09c837fe286de91f9cf7041c30bc69363a488f0e6fc580e44668b9b9ca47
SELL,0.998,6.1,1737340826,No,0xfd93b36a51876c02fcf0aac7e46aba14dac131c1395d153d3f5e0e3e8c419b4a
SELL,0.998,7.98,1737340824,No,0xaa4a65292a38992625bd2e4d577f1207d35e02ece5429f2ac48a4b73f6bd1e9f
SELL,0.998,6.72,1737340822,No,0x3453df35175ba24186d74af60082793d230009678bd5c84fe33867de354b8e4c
SELL,0.998,8.67,1737340822,No,0xeee674bc86b90346ceaa3c0a7a7498ce4bbe2dc9584e59db96c6efd81a58f1db
SELL,0.998,7.9399999999999995,1737340820,No,0x34122475fa02b9aa2800eda139781a931d8aaa9ac239dcc8bb7df11f0b801a06
BUY,0.999,4.634,1737340816,No,0x4ee3ad5d8e7ac0f437ff03bae013099f0641db9bc8b59f10d90939f8b08f4ea1
BUY,0.999,8.998,1737340810,No,0x3f58fbce25c53faea64c320536ff4a995ea3ec3ffaf0ac36551ffbff31e5db4f
BUY,0.999,6.876,1737340808,No,0xaf1d33309c0de13f756ec80f34ae926d879b6f59a14b76820abc069468e7d314
BUY,0.999,6.736,1737340808,No,0x884780d0d37a69cd4722847f27760f375c2c0ce22c1f9f62e4c5128559ee7878
BUY,0.999,6.346,1737340808,No,0x6d6b2bea3277521375be81bb99e3723b78064a9b54e0bef2ad5ca0670b56e82f
BUY,0.999,9.249,1737340808,No,0x2301696df36b11c317f6824bb716436094b0b68a015040101bf198f53a8261d8
BUY,0.999,9.089,1737340804,No,0x32564d3dc42067fdd45d58877ef0856ea4ae32bdaf908e5cb25780cbc538b61b
BUY,0.999,6.106,1737340802,No,0x945ac6dc45e8697d0e2227822a71e9b86f9499f3696f14a545d3b1a6e5bf8987
BUY,0.999,6.136,1737340800,No,0x07ee0868a39d1de638e88f65c5e43a0d450ee9fcaf6a4a5eecd88b041bab1c0c
BUY,0.999,7.987,1737340786,No,0x700944448e4b1bc1d70244275c085eec85e5fc8111b2a7a3ad7a7065b4af751f
BUY,0.999,6.726,1737340786,No,0x19a9b1a2aa4409f7443dedd78e84d9c4baa4132546836803a08c56dae358585b
BUY,0.999,8.678,1737340784,No,0x330bb867800cb49d82306d48750c8cefebedbb755d4566f713dbf814eac1e87c
BUY,0.999,7.947,1737340784,No,0x8b23bb5bfe5468e66ccd55de4dc35202e9b051e96792f919ab59519ab1b30b66
BUY,0.999,19.019,1737340650,No,0xd120aaa418384c422cc80b0eb09efc0ecbeda9831371938e130480848895ed3a
SELL,0.998,172.17,1737340618,No,0x80351eb132ee97a6edd2e2331d41a39dd90b6bb08e5e87d6eb39a62b446b3707
BUY,0.999,5.235,1737340618,No,0x5db6aa00ff209a03dc90bb1560a81fb3a678f4f69a48ebc1a69a2ea00ddf1789
BUY,0.999,172.172,1737340598,No,0x573ac5a96cada80d7b3e231483b2bb3f462db7b0c6a1d3cc35945b134bcf5f02
BUY,0.999,4.524,1737340556,No,0x2537d44d229fe82d4d22044ea2aff49109824b6dc31410b46b089b850574455d
BUY,0.999,12.012,1737340436,No,0xdecef3111d57963afe7ee1d47f953eb40a76f8234ab76520504e917d2cedafa2
SELL,0.998,7.19,1737340316,No,0x9a4be4cc224c475d954fe84ee05b4289c0973e31a66627cdda79767f7bf5c352
SELL,0.998,7.5600000000000005,1737340316,No,0x3c40dd09c308236fae303453ffbac6217e2b0e9da55e9a6a07c803f19df0f67a
SELL,0.998,6.8,1737340316,No,0x4ce840fb44c23d249d59451eb25cbc50b11a6f2e792c04725ada4d809f31552a
SELL,0.998,9.78,1737340316,No,0x4b7935b45e38371737bdc74734c5543ec588be85218b7daedb36f7f4a6116113
SELL,0.998,9.72,1737340314,No,0xf89d3658e6e3e7ab0bc857c2968eb94926f4218ef95a13ff7a943644e7014725
SELL,0.998,8.24,1737340314,No,0x80d676251d06b64d99bc09f2c2a42edbc937d4f05cc5ea13550cd2cc3a46449d
SELL,0.998,8.2,1737340314,No,0xc1ab3e1bf2cf28586edc120f87f157dd4571b6cdc78d01216c5d0a874ed822c2
SELL,0.998,9.1,1737340314,No,0x53cf8eb5fbb076fea5f75a824cbfb022483fbaffcf70d77a207b87ce87eb09d9
SELL,0.998,9.32,1737340314,No,0x8fd81bc55c1197aa69d3279610497cfb70b867c544663df518662651968a912e
SELL,0.998,6.68,1737340314,No,0x67634aa7e4c7820e229644965b44545969c8b42647c4c8d6f9235d4920d3953f
SELL,0.998,6.77,1737340314,No,0xb9e1991460763555413df6537bbec29627d7aff249057744d678d30d56db5ed5
SELL,0.998,9.21,1737340312,No,0x365064bf8aff87cd2243cd3a894a3af3c5bf5998b610874788ff85e0122de78b
BUY,0.999,9.729,1737340302,No,0x7229ece77b3d1781cd31b90577ace247927aafa0878b16a3b457d69cad1da076
BUY,0.999,7.197,1737340302,No,0x6e066f9ba6ea683a365a9140958da3fece62dc93aa905e33a0651756f50b6d28
BUY,0.999,6.806,1737340302,No,0x55db3f65731b80468553ed1acde9a3e8670e6486e224e847168ea920577f5840
BUY,0.999,8.248,1737340302,No,0xa75ba4cee47df5c39ee3fefdedf8d212b6215012b49b8c5a936f2ac269332b03
BUY,0.999,7.567,1737340302,No,0xac4c84bbb7602903a46834981c3aeaf41c1bc0655d31b25dda195f253d7e030e
BUY,0.999,8.208,1737340302,No,0x99483d2eec8acde4b58905f382292db406a53f75fd1baae2a246134fa5975ff3
BUY,0.999,6.686,1737340300,No,0xed199299865b5f9e445a4bdfec9426d2e968ee9b97a80714b1af420d6710c3f7
BUY,0.999,9.109,1737340300,No,0xcb10edb4b4d54a53d531b3aeeb2f369d9bc000ed3cc6c3468dd71eeea35ab288
BUY,0.999,9.329,1737340300,No,0x4a253cf3f8f961aad03fb4a781aa8461f9d29c0b71d2da831c5961fa34c17b47
BUY,0.999,9.219,1737340300,No,0x37ec908fb8c5c8eadc1ef7a136fac71336048630c2f2c5a059b5a9623a787125
BUY,0.999,6.776,1737340296,No,0x83060c52fbda006815be6e4cdced7e147f3200937b644645e6f168694b0ae3cc
BUY,0.999,9.789,1737340296,No,0xb6dbd74b54ad97fa59ae53868a0060efd471c32b66a2131f5fb7236284acc8d5
SELL,0.998,6.65,1737340274,No,0xc130b376b418963bb133110c9d3dc4bd7977bc55ec557cd911eb2c951209be0f
SELL,0.998,7.32,1737340274,No,0x874aa5015295650d9448b102d0eab6b32536005e551fbeb35e9a175f3d90288a
SELL,0.998,9.13,1737340274,No,0x6933e8c28f4d4110b173d760a7aad195534d5dfc902f618b631909037a86915f
SELL,0.998,9.1,1737340274,No,0x03e144ce7e05c7cc59b1180d14ea870de4374759d0e2188f1c50962b47d77b64
SELL,0.998,7.85,1737340272,No,0xd99784a5e75fcefc44bef2505841322571ece1c3ca1c4fcf425c87e26a02d5bc
SELL,0.998,8.23,1737340272,No,0x1c4d2d629134ce53f5324324fd421b23eb204aec8a6aa7c02ae3da8ba7484252
SELL,0.998,9.6,1737340272,No,0x19c651d77842dcfc83d50b57896a7e32f9008f28685be24ea02f44dc7d691c94
SELL,0.998,7.58,1737340272,No,0xfd504aa0670bcb90579ef66cb9157dd054f9c685b50c5719bbe11e75d6928ef8
SELL,0.998,6.16,1737340272,No,0x4b753e18a806c08d6e251753a7538e8765c6f15141da795672fecd39c8267878
SELL,0.998,346.34,1737340262,No,0xf47ccf2f2b50c53961639f0de834974ec637730c1f8c064f77d19a614ea1041d
BUY,0.999,346.346,1737340244,No,0x7f8bd4254e7c38ff21deb3c4d3ee82efb5e1d2f6b2a1780ed70152757dfd693a
SELL,0.998,6.52,1737340244,No,0x22b09253aa6dc2a71b19f71bbba5bf06c74fc2ffa3bae7bac6081cb982e9747f
SELL,0.998,9.55,1737340242,No,0xa8bd95775410535df1f341541a57d2b51cb141ebe0ffea5750cc7b970d2d573c
SELL,0.998,8,1737340240,No,0x8ebdaa97de71fb41631bf5d1d31feea7c042a1b836501ee7543d7047f85c7649
BUY,0.999,9.129,1737340228,No,0xdec25b094e4a69895c3511168019dc4d68c544e2b626930d25e4302e624d6426
BUY,0.999,9.559,1737340228,No,0x3a2f42e6ea58ab916a5664202523cfc41ee9da67e6310b6d0c089c11c25c2c51
BUY,0.999,7.317,1737340228,No,0x601aee1f823a7139077e9d64ceb3aa4f89ac776cd8ae57a09d3189314426e52c
BUY,0.999,9.089,1737340228,No,0x21615fd724851aec263c27d2c3dcb30fea60fde4eb0208e40d430829c9738979
BUY,0.999,7.8469999999999995,1737340228,No,0xe68518d23980861c62b46bfae4e3d4e37f27c2c45e53591690338c9c379feae3
BUY,0.999,7.577,1737340224,No,0x414e9fbe2d054c09e79339082a8b50918b8fa253525be342ac1212580fd8921c
BUY,0.999,8.228,1737340222,No,0x34345352e46e59109cea506e488bdfa0957cdcca4c9211e66f5f2efba58ab9b6
BUY,0.999,6.526,1737340222,No,0xc1b51ea16ec9e3e266899641dacf63f616d40d8d8786da5267f2b40a10965e37
BUY,0.999,9.599,1737340220,No,0x8394a9266ebc76d25575763b58aad9991285525a9cafe9238721e656ec2e7131
BUY,0.999,6.166,1737340220,No,0x5f941eb89eb5bd5403fd96f72a414046e01a667c7cf8b5244ac53dc2a975db03
BUY,0.999,8.008,1737340218,No,0xfdaee6d20601602e9c6d50f3b0ee8f1131bc026f4e7755c87ea1e77840d552d2
BUY,0.999,6.646,1737340218,No,0x1286413d42ff34eeddc64ead43b35590e80da8593f9074b246a56809a0735a6f
BUY,0.999,1.7109999999999999,1737340100,No,0xfeba603cae5c1d80d16a3d534f2a858867b24796b44b6cb445829bedc4d01a28
BUY,0.999,2.722,1737339942,No,0x8080f5dc6e3070d25706fa6af79883fe4247913037292bbbecbd37b3a09eb16f
BUY,0.999,3.433,1737339788,No,0x8543df006c758829e152d2a7821753c6ccefe8ab7ceb863d5b0311c2a0bd41b9
SELL,0.998,9.48,1737339778,No,0x347b1f8fb22a22cae0c866ac7d2138bf874af3717d3741d79d9ba856ca413183
SELL,0.998,8.98,1737339772,No,0xf8c05f4afd712e69dbbbf7ccdaad3b0ebd1e15c47d0f995ed1fd876e4ac9c9d6
SELL,0.998,7.4,1737339770,No,0x0904badb0732ff57e962b175bfec1f35ff551cc6e06ba01e340fce5f251df8e9
SELL,0.998,9.82,1737339768,No,0x7d27ee4cf2e01afbe3c6e8c7e9ae670c0985372b8d7b3f947622ddc745af6077
SELL,0.998,9.31,1737339768,No,0x172ba6ca687596ae7a7c22603fb348f63acf0c5e351dba4f7b2c27857cfb34b7
SELL,0.998,7.95,1737339752,No,0x58a8c8e41772c4d97f45a7b9ab66ba9a8138e3106e46e700d067f8f3c768c902
SELL,0.998,7.84,1737339752,No,0xeee85d15ad2d67d0b77249929d9e302b17b689ed30b101f6c320e2afcb6cf8e6
SELL,0.998,8.57,1737339752,No,0xdda37aecc634e837d548ed35ba8440704aa43562bf7c4b572178ab5735d47d98
SELL,0.998,9.11,1737339752,No,0x4bb1033a77fd8f1157f704e07594f9588bf6916ec7e1bd6efca00cf6163e3d5c
SELL,0.998,6.03,1737339748,No,0x681e011ceca3ecc849e869f0fd2842080db543bdfc50bce80e9f80c4b85354da
SELL,0.998,7.33,1737339748,No,0x80175d438ed690dc2a619d5db657fe9788d4316eb531517bc839eb4d90fca255
SELL,0.998,9.83,1737339746,No,0xa23361ae118a1aa74b5d31bcb23fe84860c67f7fec8bd651cced33c5e42bd752
BUY,0.999,9.479,1737339732,No,0xc597cae58b484fbc7a5e7e19405c2e0b4f0a1b36df0e057f742a111b5998dae2
BUY,0.999,7.8469999999999995,1737339732,No,0xaf1b706241c05f7077bef42cb01e70711d785185ac9973af42560af0fb5caa8a
BUY,0.999,8.578,1737339732,No,0xf5896850581dc8536e35b35b9415c482c1599b4471c0321dca4723dc75a76032
BUY,0.999,7.957,1737339732,No,0xa8b55b8fdcfbf5b44ce23330517fe478ee35515f3a0f8b9508286f39aa99daeb
BUY,0.999,8.978,1737339732,No,0xc18c6dabb04734be47980dbc7bf7ea94abb840067111f14f01cbefd11b14eaae
BUY,0.999,9.119,1737339730,No,0x6fcf2cc0f7ccc76c2ec97cf03daee14e4052489a7116a56ce5b124e06e206874
BUY,0.999,9.309,1737339728,No,0x1939a0116053e8dd66d477fd3a197616d61780eeaedb14f4a04b81a694641490
BUY,0.999,7.337,1737339726,No,0x91a8ce9a5d245186c033b1f7aa69cdefc1c9b8169aba7cc4fee3fa902ea00b45
BUY,0.999,9.809,1737339726,No,0xa0491b74672caed1a63ebfd77477cfb914fec5ec4fa94d816a69160b9a601095
BUY,0.999,7.397,1737339724,No,0x8230c576991a9c2ebdb5fabf83f40f7a9109a75bc41037b72fa3ef1c9f7414c7
BUY,0.999,6.036,1737339722,No,0xbad29767bbf3ba9ae9141af2e85884e2f633a45e373a26274db71986ca73df16
BUY,0.999,9.839,1737339722,No,0x7dccb7e7ae68ac59d008e27dc4ce9bd80a018a8f32f803d3d30b9da8f8cbae66
SELL,0.998,262.26,1737339514,No,0xfc4b20609c189d4cadecc8c5e0017b5ddf4a37cc6729219b4cb66752c2d4c946
BUY,0.999,262.262,1737339492,No,0xa1750ad4ebc065ba92b3316aaccbecb6a41ea94b05608ff2146ec0f38e9015d6
BUY,0.999,20.02,1737339188,No,0xbc3269df4dc5bace54e4c3fd2763fc6ada51ffe07d89a168b2afb65a051641aa
BUY,0.999,10.01,1737339134,No,0x8da2ecd4613dd9ef6a3d35cc73acfdf44abae527526933f7b3af1c5c2438457c
SELL,0.998,7.33,1737339064,No,0xb3f103d83f76dd69ec86c52b9fdd78a80849828ca7b322e13381558293a20d24
SELL,0.998,6.78,1737339054,No,0xa85e233c0cc16c418d22507eab0bc7099a7f8b6697c8955c536804323cd7badf
SELL,0.998,6.22,1737339026,No,0xbcc16bab8ac0176b89af4c0a3df32a2411ef794ea93558628395c17d2eea8eed
SELL,0.998,8.19,1737339022,No,0x9b23f1b3b67f2b0936e04f55185c20763b2fbb25f4a9b095f602d512369492e0
SELL,0.998,8.92,1737339022,No,0x24351559c905efb4fafc7adba9fc5b0a33790525c906dd9541005243c46a597a
SELL,0.998,6.98,1737339022,No,0x6c88ba313beabf82896a260161219b46b16090c23564ce2feae1066e1aa4b866
SELL,0.998,8.54,1737339022,No,0xcdf5ad17e0c8f22f8beff9809e1d194ec01f6c8fcfc45a9b5d2512416298a8a5
SELL,0.998,7.23,1737339022,No,0x8eda35e77cfa4404ed23964b07c9521171f2150501cf84521924907eb6a97ddb
SELL,0.998,9.7,1737339020,No,0x32233c5499c036cc57a33b33891be64334c99e8fea773d35ce655987aa90c62d
SELL,0.998,9.34,1737339020,No,0xafc76f7ccfdd35c66c746090816cde57a5a6ea4d0f2f985812de87b848ad4104
SELL,0.998,8.2,1737339020,No,0xefc48fee001efed6f2638280bc213bb3983da10a17d7ca835f008e33bc4509f3
SELL,0.998,7.03,1737339020,No,0xdb2e71f2691ba19dbaa5a75a3091d9113362b8543f2d84805696ebf2cb969eda
SELL,0.998,7.93,1737339020,No,0x562382ce1e63f22f25e4cd15740fa328ebd2cc9964c0341c8de39d267b1c5507
SELL,0.998,8.96,1737339020,No,0xf25344f6cf40d5895b67493458f992920a6e4a398306ada3de3f3116a0722ee5
SELL,0.998,8.09,1737339020,No,0xf6f16a367268e1ce09287251f92bc4ea68556175293ed8b59b7aa3dd59c1d1da
SELL,0.998,5.23,1737338996,No,0xc772e4698a38d7d2a546590023f2e4b72665afcfb6da0dc2e5744e857ef8d120
SELL,0.998,7.31,1737338994,No,0xb1a4a8181983c2eec7085b2b92a271f196eba1d82d5cdb490751155a1aad4510
SELL,0.998,6.23,1737338994,No,0xd94454397321205727cbebea5fabbf16f4af3a21e1e64cf0dd0ab33476a8fe23
SELL,0.998,6.65,1737338994,No,0x157fe2954f16dcf7940398a16cf2474cf0366b59fb62bf38e40acab3b74f2c15
SELL,0.998,9.65,1737338994,No,0x8765b56b9a01907b00ff609fbf4de314b71be9a8a2505b33ba693c2010599641
SELL,0.998,9.53,1737338990,No,0xdc5dc95af64218f57e936827b0cc516c0bd98553861ba43b58f7043328c70e9a
SELL,0.998,9.57,1737338986,No,0x140589b56c47d1dfa373cbe0c0136bc8ed4b808da9cb76f090ba389c9d606a4c
BUY,0.999,8.928,1737338986,No,0xc235d9f841463a12b53f66ca983037674f8039f6073a6f0a89c9f2b6e9934d03
BUY,0.999,7.237,1737338986,No,0x3ea6fd424c5a7b3cc21f0d0d565d54d31b853bdac7fafa0ddef1c31f8c0fd807
BUY,0.999,8.548,1737338986,No,0xbde319a52428a465b8921fa8c7bb2ae0ebdf5d5a28820089b15d8c92c21fbd27
BUY,0.999,6.986,1737338986,No,0x69bd7cca55690cda94f3bce126bf77f6723a149a56a68d26b18b2ad15c49e3be
BUY,0.999,8.208,1737338986,No,0x798a38374e055deae02d887e8bf839f867fbbd6d2ce195780225ecf1fc49dcfd
BUY,0.999,9.349,1737338986,No,0xcd7200024d798f842eb9384a456ca762d5568219b427082481ae35809f7007dd
BUY,0.999,9.709,1737338986,No,0xd2876e3190a202f845e1fc259b278eb43d61518842a29f1048865d78023bfcdc
SELL,0.998,8.05,1737338986,No,0xab470d8b4da89db052b4230147ab832797ad8d79b8fb55e3a1aad4d88536b6ec
BUY,0.999,8.968,1737338986,No,0xdbf9eed459988e59ba497698a3b50f836151a3990e3fbd66c0f29879af48187b
BUY,0.999,8.098,1737338986,No,0xd0bff344054038e3bcbe55a2e15727dbed355c05e57baeb0ce939ff6c6a05f08
BUY,0.999,7.937,1737338986,No,0xe2fefb8c1a96d050444bb4130384128a186d7c2e91b95e8a0f90a6bd6e617739
BUY,0.999,8.198,1737338984,No,0x645c325a23b3980c3ba24a873b610dce6aeaf4bc333285a24975a96cb4aa4cf4
BUY,0.999,7.037,1737338984,No,0xb714cb4f5361d2bdb7bca520969bb030f63bb21db0e4fc5c73ee4ae08fe29301
SELL,0.998,9.69,1737338984,No,0xdbf9033ae2b6d3772bca497417b72857eba5b50da3206f071bd96dd3f02ed824
BUY,0.999,5.235,1737338958,No,0xc6d18adfc8529ff2cf1ebb096bddd0e97fcb0d1931f214441cec1bf572e0038e
BUY,0.999,6.236,1737338956,No,0x404e718cb2a8bf7a3933ee907216c54b96ecdffff5e979810cb65ae393a12ce1
BUY,0.999,7.317,1737338956,No,0x2f75ed7c3c49a12ea208ff0dee860e23b02ba004624086cc6d0eba71d820190c
BUY,0.999,7.327,1737338956,No,0x08b460a3a2c4d2e25ac23e9b4653e131a0988dd0cd2f97a70d6ec66a96b29759
BUY,0.999,6.656,1737338956,No,0xbc31520572f5984a56c4a32fc4cbd1ef027c615808ba2bec2ff274c9f81cff21
BUY,0.999,9.659,1737338954,No,0x4496a9597d6c4cbf0fa1a69ade106d0a125eb49082d64d0d93fd6e1a0b7e0e8d
BUY,0.999,9.539,1737338952,No,0xd487429032eb5a34238a374ffe16aa38928059a87812d394a21bfb636b780ef8
BUY,0.999,9.579,1737338950,No,0x49cda57e626f11fe8ccf6c1a67599abb1b3a566ec0b091d3f70bfadb809c37bf
BUY,0.999,6.776,1737338950,No,0x1ce6c56428019d6043907efd0493399f10d5fbebf62a7c546d00b38b0fc2ceee
BUY,0.999,9.699,1737338948,No,0x9c3fba34df2c79837a170f08d04e2f701c2a2831ae7c05f4b75c7ae15e54fd67
BUY,0.999,6.216,1737338946,No,0xfd7efe6c6c70464663dfc12994f4220369007c979ea24d68e33e6fad216ec76d
BUY,0.999,8.058,1737338946,No,0x33c7df6ea5404778da936b530ab96ff9010cebcc48035b32cb190f49a3903fec
BUY,0.999,5.005,1737338766,No,0xa0d059dbac704787326eb92f989b99ea0174b161836198e0d1bd10a6b9b56c44
SELL,0.998,304.3,1737338766,No,0x8c2a6ea0fcf97e1e36580ec1203ad9eb4df5146851d38a22eea25446b56c1f3f
BUY,0.999,304.304,1737338746,No,0xe0ec99cc1fd6db659ffac8be3f10b573db993724051038207707db25f84db41e
SELL,0.998,6.7,1737338508,No,0x2d1cba8b20bbb87cbf2fd83bf9f1e98984d068e216628635dad43bb86564daca
SELL,0.998,6.73,1737338508,No,0xf4ceeb82ee7af26edc8b6dc33119a9243ca6250ff9679f32342c4e696b4cde82
SELL,0.998,6.72,1737338508,No,0x2f5c82a394547f68b47528dc0e01d5223b64cc146040627408463f88772323ce
BUY,0.999,6.7059999999999995,1737338496,No,0xf7bb758d7381a4757eea692678feec3a56b664d1e1b785b430c48e16db2df297
BUY,0.999,6.726,1737338496,No,0x2f102beec4506ac42287d10dba1935defb6cb6cca6109012b16aefaaad0fe918
BUY,0.999,6.736,1737338496,No,0x1dc5294df486f2d5a92c1eac7607f3fc67075a8a23be09ece8ae7584da6846a4
SELL,0.998,1459.45,1737338346,No,0xaabed7a7b2074c6a289ce92c21121c1dd79ade6a65140664d8ee9de03594ab4c
BUY,0.999,1459.459,1737338326,No,0x6a2c5fc8f78535d1d2de9f9ac68acf990b59e81fd311ca913f01139a976e0c06
SELL,0.998,7.9399999999999995,1737338194,No,0x4e177b2aa0a71338e0d9aa7ae156b01bd92d6160b3e58816724d76d185f91298
SELL,0.998,456.69,1737338192,No,0x93022d0cf675c6281b6aec68927ee81f1a13a5fa983144c0d124e11e098d257d
BUY,0.999,2.472,1737338122,No,0x76e601671699301c0ea212ab7153c9706dd43389d297084a44b295831b5349d7
BUY,0.999,456.696,1737338116,No,0xc07ec8833c6d9fcb4e3e66a950df0e1906f50d644afa21e31c5f7e20cfc26d36
SELL,0.998,9.72,1737338066,No,0x4e75d4b11671d27f91a99ace19cb72e85909be11b4bbe3780fb5d02c91a0d07a
SELL,0.998,8.13,1737338066,No,0xb8d1ed2b0a39dcc981cf83867fcf58f079f8f60256309378b77d9f32b592a576
SELL,0.998,6.21,1737338066,No,0x785bb24f1f807616cd30ac10b7938afa4d10c3b529cf670690a98da91f24ee5d
SELL,0.998,6.26,1737338066,No,0x873039e81df41f5d982475e23f607c49b5a667e044643247b514c13f1e668fcd
SELL,0.998,7.1,1737338066,No,0x3a5c46101a822b333732a91d03cd0db2298cb662742226295dc49916ec9763be
BUY,0.999,6.216,1737338034,No,0xa90730ae4daa9ce44188db17b779d161270338d6f4498b5bfa075d2bef8e7885
BUY,0.999,6.266,1737338034,No,0x9d2a3b3910cc93bdcc58a2bc159456c044517c4f1ad2584798023ec98d0629ec
BUY,0.999,9.729,1737338034,No,0x9b215e46292fab462e2aabec3de96c6503e8971842c3ffaf29fbceb5a62729b3
BUY,0.999,8.138,1737338034,No,0xfe174f0f365a77d6101dd8fc5c44998b3f0ab910b04d58ffba0963a241f5cdf9
BUY,0.999,7.107,1737338032,No,0xab1b9d1fb1863f1ce460e8d06a1e8f8d48fb172eaa0c5b2fb379ddb95fdc0f2a
SELL,0.998,9.08,1737338022,No,0xe350e3b32324192dc48ecc936b1722d02de4707370537b3413b27839869c27cf
SELL,0.998,7.91,1737338022,No,0xbb7ab266dce22608b62442a1db0ca69aefbff865a7b8bf57be04e06b3869915c
SELL,0.998,6.89,1737338022,No,0x5bfcd2095c3faf906c7a670dd2c4d933a40a35c1b396d95983711845464b1271
SELL,0.998,8.34,1737338022,No,0x2d87d084a8f3d233ee8b1e9ce6c9f3de84961bbe719524cdf8097d34a966e96e
SELL,0.998,8.03,1737338020,No,0x6c3df8a9075f68ded302c7d95e1515450194e1c900217809ba50bfff51133efb
SELL,0.998,7.54,1737338020,No,0xca780d7297d634a8797e4777ac4b8087d3d979a5c645fe993b032495857cdec3
SELL,0.998,8.18,1737338018,No,0xa5d177492c88184b9903b67bb69c99c8228d6e6e8a43e21affbf4d581a185662
SELL,0.998,9,1737338014,No,0xe616f41f88a8d4a229fa0f3f26212ee7ee9874a05600a5180325d2ca1e7cfcca
SELL,0.998,7.15,1737338014,No,0x1c4be0604a4b1ff63239c702ec4c7ecd94ab8755ba8fd149a2566931f77f8b0a
SELL,0.998,6.55,1737338012,No,0xa445f90940f2c5449d384be33fed54f792dbbd86dde3271d268fa596168a2b57
SELL,0.998,6.06,1737338010,No,0x557eaa368f2c27fd2b0e2552994b850e1f6dae954f9654223980367107e556bc
BUY,0.999,6.896,1737337992,No,0x3bae706142485ae5d830600a4b8d936a104f8a8c87986344c73ab9b532ace2ab
BUY,0.999,8.348,1737337992,No,0x547479b2754945830a2e3dfe6f3d8fb05e73fca7f6cf12cf2f6aafbb72edf27b
BUY,0.999,7.917,1737337992,No,0xf1468b6ba04aee02aa0a940871438dca304d647a559dab873010252b0ffe3649
BUY,0.999,9.089,1737337992,No,0xfbdeff2a84470b522b6aa09a0fc4e5d37280cac170a67d3f309136d5bdd3d4d4
BUY,0.999,7.937,1737337992,No,0x8c5d12c343154e58d570303abed176aa225caa0ce3af0b131d96700a1ea34746
BUY,0.999,7.547,1737337990,No,0x4268d9b504005d04836e21104749ff222c19766c3f756c7678ddba55c012758e
BUY,0.999,8.038,1737337990,No,0xc0f6e699d536eca32881349039cfb0ec480c2e0afdd441065d39c332a6af2ef6
BUY,0.999,8.188,1737337988,No,0x1d16ae7fa05fc537fc96512b76d8058b2fdbf7388e7c21830ed718672bbd6db3
BUY,0.999,9.009,1737337986,No,0xcaa6f417ea42eb8ecfa4f3d537d55f3e855d25755f6567fb4e553b6f38b386ed
BUY,0.999,7.157,1737337986,No,0xa80c4392e0ec7370ebc4beeafe027c1457803270eb5c6d48590ab6df3a30ead7
BUY,0.999,6.556,1737337986,No,0x9392ab63ca1e3279bd9f1dd1cddd35e0300b209f2c4e5d5b55a7210f4c2f07a2
BUY,0.999,6.066,1737337984,No,0x5597f18b9c42fc21ae24d0414fa3c7ceb479776c7cb3cbbe4a7d408f87358afc
BUY,0.999,2.602,1737337652,No,0xf7d1752bec1bf0317c8ad5ad371946ebbf82bb814d6b445025fee76bd400ec9f
BUY,0.999,6.636,1737337308,No,0xfc2fd248b6c6571a28defdc98520b921e462887e8909c752c6314336eb7086c8
SELL,0.998,7362,1737337198,No,0x0833b30f63869f97d69dbbf06c3d8f33b2897f659398bf2c55f075b44fd390f1
SELL,0.998,481.2,1737337140,No,0xe12bd837899c194cc212281cfe5fd295383f77e704b13f2dc30788571c35f974
BUY,0.999,1.851,1737337070,No,0x371bc4507570ddda166dc9fbdfe1086cff342926193bac13ece580f469c13b96
BUY,0.999,481.201,1737337044,No,0x184dd58d44d9fb70f2ab819f21d099feb39155ff28cfa136553d455328eaca97
BUY,0.999,22.132,1737337036,No,0x09eaae955724df47a6e6f11a19bc08484465704a73c6af22e702661b6ed09813
SELL,0.998,9.3,1737337004,No,0x0a41b61129e3431df0a46a561c1b82128b714a742d309746186aba67ab349204
SELL,0.998,6.34,1737337004,No,0x2719f66335ef9edb6a35b4156de53cba446f7a02ef62a2d4cf4976c73c65ee7f
SELL,0.998,7.04,1737337004,No,0xff847a2c04210168c38e1eebe02fc2130f39df6efeb9c4881656689a52117b39
SELL,0.998,6.53,1737337004,No,0x8d4e3c599ac3cb8e9b3667f115f5297d17701343b7a536be2ae6e721fd7e0afa
SELL,0.998,7.36,1737337004,No,0x03a771cc0d42e5320957c6f6ea928a1d4d4456d849b8864cc724b3dce4faad14
SELL,0.998,6.21,1737337004,No,0xa3aa1dcfee3564633e51513abf676b516114d7f33181a82eb6bb3bc64dd1d098
SELL,0.998,7.54,1737337004,No,0xa1e1b57443e9a49ed28d85d665d7293783fbb6bfa5ad80301709137a1b25608d
SELL,0.998,6.23,1737337004,No,0x924cafe200a6781eb51f9c9b829ade1dfafcd3d62c5e1539535f140669a3b98d
SELL,0.998,9.56,1737337004,No,0x3ff006cd1ad95a79585081d6a822908d9b9bda6c715a8d254406078cc9f72593
SELL,0.998,9.68,1737337004,No,0xd7377a1e7a4a4d9324353579220be881bd92974f3db98b7b355c8c62ae30ed2a
SELL,0.998,8.84,1737337002,No,0xc7fde90cf84065b2b24f0f802e7b3d264291cf31ec18854e6b2e3f25552bfcde
SELL,0.998,9.14,1737337002,No,0xad942c0311bfd44e64998cef13013828313966e0f324465f003360d315103824
BUY,0.999,9.149,1737336986,No,0xd17fd46517129d9c19c8fd8815296f8e9dd415fd1d83655bfdc139c14a46a219
BUY,0.999,9.568999999999999,1737336980,No,0x22c8f6f9b8204ca9ae7e47b191c04fd9b17a7cd8feaa1ff39ba9e5c89542a9cd
BUY,0.999,9.689,1737336980,No,0x43b802350411d074f9aa1f33a84e58a6f19b762225f9b7fa0d1b6ac395f670e4
BUY,0.999,9.309,1737336980,No,0x576f924a83e2ad049ce1335c0036025f4233c3ae1eac7c0290a4d5ec1819ed10
BUY,0.999,6.536,1737336980,No,0xd62e9d99ccac794f7acc3347c6b06f6e8117b88329a3f7cc21c7fcd40ef1c3fc
BUY,0.999,6.216,1737336976,No,0x61ef63216751c65626be6710cc5d00e1422c5b46e8db793ffbcbc4f8e4e8d6b9
BUY,0.999,6.236,1737336976,No,0xa9cde8ea380d49d199bd3bf63760f4baec8dc714fdeb6b87fef4006d6efd2997
BUY,0.999,7.047,1737336974,No,0x61757e36893172506a6f46ecec0152129696e2d6ef35a4fdf597f91686331209
BUY,0.999,6.346,1737336972,No,0xb976b09e7678f118fa8cdb185b6bd75128ccac7b3b83f25b4252aa36c698ac8a
BUY,0.999,7.547,1737336968,No,0xbd595fcd770e3d0233aa95244ba3243b019a4a0af02c54694e6904618520140f
BUY,0.999,8.848,1737336962,No,0xbf58c4ee8b4340b394ab099b503c8ec8be061ee8badac9cc7a478145e3ceb918
BUY,0.999,7.367,1737336960,No,0x795f53d35424a85091cb698f23d9f5f22f27c51972fd385e11e5da4b4ec65743
SELL,0.001,105,1737336938,Yes,0xeefd95b347fa4581a639d3da653b027ec214028c31ae866665dbc6ea28313c44
BUY,0.999,710,1737336910,No,0xc1df0b039343a29166c3935c8ef0495ef8d70d29b32251b0f5f5824cd44474f5
BUY,0.999,74.64,1737336866,No,0x9855c6b5bd4a490e5546000d04f1a14ce84fcc9e286ad1efb01b13db528108ad
SELL,0.998,7.98,1737336614,No,0xe9dace36cbbb1307c7bb6eb9b6af8244d79374253919eea7e08edf446168b8d8
SELL,0.998,9.02,1737336614,No,0xccab3473d5140d2c6fade8f312024dfc5fc0d9aed24fe4fb165d5f2f069bfdfe
SELL,0.998,7.54,1737336614,No,0x42f21d931f119a7f8694d0a97487ebbadb560b9b8eb75b5fa4e913fa54c17201
SELL,0.998,6.78,1737336614,No,0xade812094cb345ff46f6b18e0ed7143e13099761309c4125857c3916ea0a87f9
SELL,0.998,7.65,1737336612,No,0xab4238d650d5acdcee96d6dc463666e0b0e7ac2a7dc7adb131dee89e161bd45e
SELL,0.998,6.86,1737336612,No,0xe65d8d176be2aad87f2abb881803bf7ed31533db9ff34aba6c68d91eefeabbf0
SELL,0.998,9.98,1737336610,No,0xba9d0724517322fcfe04ad483fe33fb8dcad64d74883c461e91111bb29e08b6f
SELL,0.998,8.65,1737336610,No,0x0861c41b61cd061e74e5359b6690b1e3804b87ce2b1a782b782855cb5504d0cd
SELL,0.998,8.35,1737336608,No,0x6b5dbee4a2b2929c07a561312b54e3265baf7d15d247ab66538cbcf7e4290765
SELL,0.998,9.58,1737336606,No,0x7bcf471906cac0aa959a60b310df7b8a1dc0dfafdb2a7f3f30fc468f51086c95
SELL,0.998,9.39,1737336606,No,0xa1427058bea8da0837c9aa80c6cfb47224946b1250bf7e8459dd0ed912cb8988
SELL,0.998,9.94,1737336604,No,0x41a406f9562a7eba4fb2cd0bc731e921bff9e7db8164771f8b3c3ed3e16294a6
BUY,0.999,6.776,1737336570,No,0x18eadf2c53674aace674ad262c5a97bf87888d49cb66aa7b62092a6a9b475210
BUY,0.999,6.846,1737336570,No,0x3472d91391affb04c0fc9e839af7a4ecd46f9e267ac8af5e2da0f0b5a69a331e
BUY,0.999,9.579,1737336570,No,0x52d1fbdb96b9340fdd1e814f1362a80c3098d52592c213c25dd4cb1476f5c652
BUY,0.999,7.977,1737336570,No,0x1a1b44177768c0a852a0502200580107b6a053c715a93ac2128633cc7d1ef5fb
BUY,0.999,9.019,1737336570,No,0x60cdfdacab4dd3bcdb0d0f9336e1803f28b6307cd0c9635c7a57cf7052e06b79
BUY,0.999,7.537,1737336570,No,0x9623e330f29700a356d31b0ebd0fb217272c84eb62c129d053627e504c83800c
BUY,0.999,7.6370000000000005,1737336570,No,0x9a162a0eeb596fba870144f0b02374d717bb46d9e7290fc52b94570eb190d7e3
BUY,0.999,9.379,1737336570,No,0xec8139aecbb767c1b8325dbd85b5932a565fedf148f8638abc009cbecc64fd9c
BUY,0.999,8.348,1737336570,No,0x5ed090cc3df300d53f8228cfe31c8353aeaeb4ca2dafc3ffc2e75ad3070a3e7e
BUY,0.999,9.929,1737336570,No,0x1b31ce5526153a1411080beb4aa3409e2feb7128063630f97fd5c387323e0e28
BUY,0.999,8.638,1737336568,No,0x8564f997b18355962826832c580fb36b4883bc9cc49b1d3ae488ed738d41cd4c
BUY,0.999,9.979,1737336568,No,0x2f5ecb67e289c4e351ecb0b3ec7cf5336d4427615cc3deecbe949c5961c7b9b1
BUY,0.999,1.6909999999999998,1737336348,No,0x8bd09ed59872f56424feb902d5ef879ded05e1dce7cc362e5a3bc1ecd7ce741e
SELL,0.001,105,1737336342,Yes,0x11decaaed18b856c5395a5176415796aa6b76dca8a413b88e548b002a918e85d
BUY,0.999,193.94,1737336226,No,0x45d3b96e696f243c10e6334c0493e1385d7980c9023a134dc9b47b5d3264b21d
BUY,0.999,1.5110000000000001,1737336212,No,0x8e8448947f40fcd88bb6a76063016e874a90a5ad0b0541071e61a578090ab77d
BUY,0.999,456.05,1737336208,No,0x0613e32a672dd43e19e697afd6ef54d242c5339aa472569840a00cca22918a02
BUY,0.999,2.142,1737336080,No,0x14b828f6fb3a3609b0ed144f7cacff4d38c84388452087032f1688c05b0b45a5
BUY,0.999,21.951,1737335948,No,0xd99b48dfa7a0f8b7cbcdea8bf78f54fcbd9b811dd72221128b2ac2226ec0c9bb
SELL,0.998,494.67,1737335946,No,0x6780a138b8d3e2da4af265d65fca58969456355895249ed409fed1a3b981b40d
BUY,0.999,3.803,1737335932,No,0xbb676e10e537d8737bdd850e4506a8970a69167f62cc5eb9349cabb90424dc62
BUY,0.999,494.674,1737335810,No,0x0e0bce543b5eac13f1a913e8cf728e2e6f2509c00a32f564bdd196e0daa9439f
SELL,0.998,1.01,1737335728,No,0xf615746155ba47ebabdbbafea4e7f622ee79d83ac6b50bbba15f84f44acd0ad4
SELL,0.998,1061.06,1737335692,No,0xdb0f8c84015893b5d109f21813ef9cafe41635c46b518b72e0a8b0c39d92c885
BUY,0.999,1061.061,1737335674,No,0x06a791e5959f470eeb9e2b0d4063b281fd546aae85a31f343a0ccc0790019536
BUY,0.999,3.363,1737335632,No,0x9d838a6c1f0a335162cc7dd1838a8643230d779ef9ada03329ddf49c171c8af2
BUY,0.999,110,1737334894,No,0xa9eb598275bd98ef6fc5898a6adb86db46935949a6f7b03edfea2cabe76eb340
BUY,0.999,5.905,1737334850,No,0xf32c6c1c68c58d78aa895e602e6081926ce649a19a3e113a85d9bfdb18ad9fe2
SELL,0.998,1163.16,1737334828,No,0x531972ed72c5727a24902203c8cc351cf86a0f7856615516779a76b64eb7096a
BUY,0.999,1163.163,1737334816,No,0xc8b3d9668b27c32856412992dcded9125e6d7a0f29017125ef9014fe604b57c8
BUY,0.999,18.718,1737334692,No,0x5314c947d7d9ca0f8b5c06be4e1086adc1dd392bfd77eac6a1fbbd160fc63b24
BUY,0.999,7.007,1737334558,No,0x453572967a5945f01a922a9063985dfacbe690d1bd7c8fc6f0e6358e454010a2
BUY,0.999,4.954,1737334508,No,0x3569d6c45cd8649b6cf5429232c7ab040b127327220ec7b736c36bab24d233d3
SELL,0.998,261.26,1737334220,No,0x04e00248e5d650ba1f5ce15cf4db4c0712a605f8de1264e8a66e4cf052a2d4a2
BUY,0.999,261.261,1737334208,No,0x548aef8caa2c1acbfb435fe3e1514445582b796791c954d490d70c6459468977
SELL,0.998,2000,1737333636,No,0xf5d3a992209ddf445237ccd92a63c758594005a40598c31ec642724bd4709802
SELL,0.998,30.03,1737333598,No,0xa97f7539c383b648d5115c5cf45adbf239599d2b59dbdaf48812e2362e954844
BUY,0.999,30.03,1737333584,No,0x78d0f4b1fcde12eea9c4b3ea4fb415ff3be16b34843d0f8310d22e3ab7135854
SELL,0.001,105,1737333452,Yes,0xc8a4b62018669ed27c8dff1d272f2fe80617740c4c5bc300a4665e3324b4ada1
BUY,0.999,2.462,1737333428,No,0xc047abf939a8a96614df73b8c5b2abbf551a7fdd4a007bafc556d4e070a64167
SELL,0.998,124,1737333370,No,0x540bb27858279ebf9cd5dcf5f49b95049fefb47337cb99ff4842dcb1e93b7c63
SELL,0.998,124,1737333368,No,0xa3c42604149f5ced77a400c98b9f2547652808293b9a666ff6053c789a728d33
SELL,0.001,144.11,1737333366,Yes,0x779a02c706b84168d512f759fb97fa27cefa5e6a269d08ad21f4aae5f8889caf
SELL,0.001,0.69,1737333352,Yes,0x50f7cf75d7bc82032018b467beeffedde8a9cc1f7cd2366343f199745508d258
BUY,0.999,190,1737333350,No,0x5034118cfc136e789558c8d135fe5394e42120032170555d43622b6cd6cee24b
SELL,0.998,15.01,1737333322,No,0x979d649d6d10af54d206b3ffec29c028c453c94acd1cca6925aee5fcd5018ffb
BUY,0.999,15.015,1737333302,No,0x14d12780462f774e03aea59248a5e8a16a2b589be6a3f5d92e82ca1541af1bf5
BUY,0.999,1.661,1737333148,No,0x8985df61391194404ce91c28ecc5d690c604c11e1f75502494c95bd4b82aeb1f
BUY,0.999,1.201,1737333098,No,0x01d28c8266de8db2e414bece11bc493eca0ddf3deee106581a6220b72e60e70e
SELL,0.998,708.7,1737333084,No,0x09490f5bfbd6aa3f3685c65719a483ce9fa5262895fb6dde0373256bd48dfa21
BUY,0.999,708.708,1737333062,No,0xad747c0ace8cd61e3c5a17294e5d5d18a1f777c9ed70f54013924e2d9ba78ee1
SELL,0.001,105.01,1737332870,Yes,0x1deea0b07620e0554d6468a9183afad9d99487e95d1364cfddf9cba3d432e592
BUY,0.002,9000,1737332812,Yes,0xc7ff1397c639483203d748457f04937ef266e6439b1dd99e842cbb69e0038390
SELL,0.998,801.8,1737332458,No,0x710716c12f4dd2472a892e1b7aecb324ec3918564f6ebbc018cfb574e481a9c4
BUY,0.999,801.801,1737332440,No,0x1d8e2982d4af4293eb6be3c03b5d45361c771adda548158e9f4e9934659bdca2
BUY,0.999,667.33,1737332258,No,0xded751af2b1edc6a33e0be050f381c49f857050c607ba466a6020d5cbbc7f1f8
SELL,0.998,1383.38,1737332222,No,0x6216fbc68507429160f853445e743682d4412bd8cf0b5c231e805a7758902809
BUY,0.999,1383.383,1737332208,No,0xf5698917d36cba087050b528aa9519d7218b5b0e8cf01e348daf062193052ebc
BUY,0.999,2.602,1737331872,No,0x59982f5739175f85a417b023e6e8b38263dc978c865904927f0a8ae3b0c11737
SELL,0.998,1148.14,1737331866,No,0x56d0f5634084cf3cbc3dbec5d4b5b11c848b0655a9de7676cdb527a84dca17dc
BUY,0.999,1148.148,1737331846,No,0xaa6ab36eabbf9cb384a6c8adbedaa85ff4a9c597d99a9b041dd77efb56ef9803
BUY,0.999,1640.01,1737331536,No,0xcac345ac6272832edf918bbe5afb3f4726a7060bf91d4876551e1af0a8a64241
BUY,0.999,2137.297,1737330816,No,0x62283ef48f6fccd6a9766d5b6ee23bfe0081e627123d2c8150bd3918c314dc40
BUY,0.999,29.369,1737330296,No,0xa380655d7723711b78ea469feff1978a8ded5b7c67e114f54c40a4f24fce4e07
BUY,0.999,1.951,1737330148,No,0x6e95dd7eec74047a7f8bd2dd5cb13418d161d1f1e402d3c85f51d7aa142d8958
BUY,0.999,11.461,1737330110,No,0x3f92ef128a8cf617459948b504f6572fcdbf63d0dd66dc3c38e6801cc92b8493
BUY,0.999,734.244,1737330062,No,0xde1d621353e3b0c7c3a7ac6378db9a501abb8538a4b4ccf1b5276803f25371ec
SELL,0.998,884.88,1737329922,No,0x8b32a849b4f4eab7e6346d56a504934b99306aac6494587642c0da74bc5a94b3
BUY,0.999,884.884,1737329902,No,0x44db9228282e17ebf89c61b197633eb2cb6bac4ee3232dcd9c33d50a8f04ac73
SELL,0.998,200.2,1737329652,No,0x4456f7800082e826f5fa482c98fc7f3ffa10805f400096f5e0d25ce8a0c373dc
BUY,0.999,200.2,1737329636,No,0x31981e6a141e709538963046584744dc5e1192ed2ccfceacc41867f7ae7bab6b
SELL,0.998,960.96,1737329198,No,0xc4d6b6b7ba37569b1a6a478b783889f008d2f6d7b1e04410cfa5ad6de0628fc6
BUY,0.999,960.96,1737329188,No,0xed635b7aa1da4a0b156d01d4a5db49af396ba76e2fb5a5f82c29ef6237b2d950
SELL,0.998,300.1,1737329120,No,0x36da9c969fcb34f7ba2da951253a5bd55ee29a180ca329b4f073db897b2618be
SELL,0.002,16285.8,1737328404,Yes,0x42c7a850b234429668c8a51974dec6230f10faa175496d2959954eb04825223b
SELL,0.997,1120.24,1737328122,No,0xd5bc3b3080308cae1b64331fad0c774eeffdc52ffbd3e4e4df36fe96142edbb7
BUY,0.9979999999625081,1120.240479,1737328106,No,0x1f857b1b7dababa7cf685c65d1a175ed6397b67dacbdc99769424de4deb5091b
SELL,0.997,254.5,1737328070,No,0x634af868cd020c5b6732dbc17c5e6d61c053f7b87b1a4565a727d753a3828211
BUY,0.9979999962044567,254.509017,1737328052,No,0xe3b09093b934c3ce2a1fc85acdd58b4b17e0e4d20bd70db1d13af005b524be3b
SELL,0.997,1057.11,1737327844,No,0xadc788aac205f40abf1e9a86c4356870bc0a6eddb324bc8aa6df50d8eb6d3fb7
BUY,0.9979999994834995,1057.114227,1737327828,No,0x4b4d197e865faa9b92bded1745f291706627a36b013a56e30ac064f14c09ea2f
BUY,0.9979999769763712,32.314628,1737327524,No,0x0fcc212692242b8496e0bdd7f0992f36b8b3a81cc320ed8d8ea19d14a6a425c7
SELL,0.002,1250,1737327520,Yes,0x5b9c53ad6080d8a11b2eb774de8776c7c3118a0112234d63a755d617795c7f16
BUY,0.999,27.027,1737327500,No,0x9ef88b503ad701da42fb5a986241aa33cacea089d13209e002001afab55533cf
BUY,0.999,13.593,1737327376,No,0x803dbcca10abd95fd31de2e8f7ba30656f5e53bbedd69633526a4e21925b583d
BUY,0.999,36.036,1737327352,No,0x0173484d783ae2d62f87e5e2779faf03ddd9c9529c23af6be952045be5f456e4
BUY,0.999,12.012,1737327316,No,0x0df81bd9f908dc587a7266aa5b179423125fb11f07349b84c594b0ec0e96d1cc
BUY,0.999,15.015,1737327292,No,0x29aebd2d46336f31e80967209a6b3fb73d2d6ff1cf1f9da5b3ee75479013bba3
SELL,0.997,374.37,1737327172,No,0x2a5d816fc2cbe081fc239aecb79240610cb556cc26c88dd2c2b60c0ae2ae2dfb
SELL,0.997,700.1,1737327160,No,0x800d41efa0df1570b43b599e014ca6e4c69072698c2207238cb4df1087c316ab
BUY,0.999,374.374,1737327152,No,0x408187b8e39480d1a051ad42b3d1dc8518b45ca87b5424c4af9e80e4f96f2358
BUY,0.999,700.1,1737327052,No,0x5af212162e0b4d8352bbe921bce26f2e79faa257dbb11fd372088be98874d819
SELL,0.997,735.73,1737326606,No,0xbb98534190d1977c063c521b3ef99f7ee3d258598d7cc60ce49f1ace2c33ab01
SELL,0.001,19999.93,1737326606,Yes,0x67f0882bbc891b24f2cdf69b12bb8b3a62c4d41269384ff7155ba1e3cb79d9cd
BUY,0.999,735.735,1737326526,No,0x5900cd0e0221199d68e7079abc41a58c40fc389ecc2e118479f91ecd5d2072e9
SELL,0.001,98.34,1737326440,Yes,0xa7e290e46f7f47c273d4f600601da8a7bb0869f4547a54bb345132b0ed919d9d
BUY,0.999,18.848,1737326374,No,0xc64f4e0a686cbad3d2f50a6ce23427ba819ed0d5133ce0eeabb3a8d832b1bede
SELL,0.002,120,1737326362,Yes,0xbf41a1764d555476494ea3fb2a0a76b8debab54e5c3799337d96a4387e626a2b
BUY,0.998,280,1737326316,No,0x28a263c93bda8b7c48d9d8570431c33e524491572d4f6017f3c2cec2c8e0fdfa
BUY,0.999,7.087,1737326290,No,0x190133a5972d1e2ff539dafcf3df94bb7f7060f411c1e08a71d5c28b065ba355
SELL,0.997,919.92,1737326274,No,0x0cfc1fcf60f1034e0ba0f6084ab326bcf1c22362519990fb89df673e45aa4dd4
SELL,0.001,7084.56,1737326272,Yes,0x98879f341a9b16fd990fb99d9a3a49bebd59b8425112e4915b7facb62608510a
BUY,0.002705200604946507,7855.24,1737326256,Yes,0xe89cbcc2c2ad1108d7793f1748100565cb00f523f56d4ac61a040da24611e9ec
BUY,0.999,919.919,1737326256,No,0x6a2f854c37b465ab5e92f426f41675d06a419f3a05d46be20d16c54a607c4501
SELL,0.998,21.29,1737326246,No,0xb8f22e1c539aaa75d0072af64036194ae2549b02c79176f8673c3604aea25626
BUY,0.999,21.291,1737326236,No,0x558a289b5b5877c4c911f379d31e1b7c98b8e993b413e78db086ffd164bf8afb
BUY,0.999,190.19,1737326186,No,0xa804cfccc9eb431dd5f0c2de39eda3c31b5462b401e563f86fff182164e6b61d
SELL,0.998,687.27,1737326110,No,0xdd5674c313f968b50d8bdc4ab1f4928328dc3fcd5429baa8e1fb818cf19c25bb
SELL,0.998,190.38,1737326088,No,0xc76fff5c881ca5be5c772c9a0c9140937812b9a0aff769c7383b07c907ddd67a
SELL,0.998,888,1737326078,No,0x4351d94cc82d9fde3bac94e68c9163727c18ef5e1877ffcaf57350c3c46e6990
BUY,0.999,687.277,1737326042,No,0x29729640d31ee7e887a62bd51d2a29cc039056e0ea7dd51820443ea4604246ae
BUY,0.999,114.92,1737325706,No,0xc621bbbd000e4d0fcf3468ea50c9753b66dad6cc6665b7eefede732a0f9b253c
BUY,0.999,167.33,1737325690,No,0xfff5fa5edf985e644feb70175ea022a7f1a4ce704fdf05a30461b97d7019770e
SELL,0.998,444,1737325684,No,0x0613fd5313893a34a64b4ae1b320c7ee923084c8c14ffbaed9d14b23954b4db3
SELL,0.998,621.55,1737325432,No,0x71a7fbc6707389f8c23ca1560725c7b96cbd777775aa45f962408c79f17f8f0d
BUY,0.999,12.012,1737325336,No,0x7bd3923ce8a0d1052d00e373a90b19feffdb8389a142c255777eca21cb156594
BUY,0.999,621.551,1737325332,No,0x55376f84e4f477550bd1efeea747c81b59d85ecd97456067d59c7a71268a1598
SELL,0.998,178.18,1737325264,No,0x6478d5c170f6dcf6096986c81b776a438524019bfddaa8ebbeda443c7c4c55c7
BUY,0.999,178.178,1737325246,No,0xf0640cb712a9ffcaa8436505f55de1684e82cb0041d748c5b75c430c0e9448c3
SELL,0.998,56.05,1737325242,No,0x2d83a95dd7eb4df816470ce2be586b9d27042e76f0338ba492ebba7f5b57e977
BUY,0.999,56.056,1737325228,No,0x19496e8d77a38e8a9fe9ad1969299b3bc52176783d4fed092fbfa7ee7cdd136e
SELL,0.001,1942.6,1737325048,Yes,0x6b8e847204fcb88367157c8ea7d3181ab01c62e0119d88582b1e1acbe248d6ec
SELL,0.001,9547.96,1737325032,Yes,0x236694b3be0f98b902a4f2a3f1fbd1bd2a00636acb089e2b651bb7612ee485d6
BUY,0.999,12000,1737325032,No,0x4529035a8fe7d2bbdef62224e3cc6db362db7eab4cc444a925996aac59ccf9d7
SELL,0.998,380.41,1737324786,No,0x38c8824c49f11469afb255989c102aea7b82279bf878a0a2f06cef71415dd39a
BUY,0.999,380.41,1737324668,No,0x8aae289c792ae50b9141373f71d46edcc17051e4d97de78a6e24c657603d1aa5
BUY,0.999,1.4809999999999999,1737324650,No,0x44c0c52685e1f363f3a1f9d51ef6dfecc26964f46e13188aa69ccadf66a0ab4a
SELL,0.001,9422.54,1737324626,Yes,0xd61f8d3380ea8131a56096a577cf330fa76f562b6bb89ee64d208242cbe9ea1c
SELL,0.001,300,1737324618,Yes,0xbccfe34531140c97fbfc5e636322ca48b9d5d73e6d5b210d14870617698424c4
SELL,0.001,10000,1737324592,Yes,0x72bd5b339be00adad6d09cdf0e0939142a3da2636c8ee9619159ce7529e2a46f
SELL,0.001,293.6,1737324590,Yes,0xa4ba758f937618885779243d1bcbb4db054606b1efd766ff970252638af6e475
SELL,0.998,958.95,1737324552,No,0xcf21be136109eedb5450a0dacb0793a6356e553b02ebf00012b4883d671286c0
BUY,0.999,958.958,1737324536,No,0x32f92253890c8346a134875a088bb03708d2b51ff48860d01d3991bebfccf3c0
SELL,0.997,467.46,1737324490,No,0x83692c5f94a10aa6bc26751343b038102324f5ea0c3ce03cf7322274e1885548
BUY,0.999,467.467,1737324476,No,0xc48178a9ae862dedadb29e1f4bd9047d41af2c28990bf8f721ff3cc4842e830f
SELL,0.997,554.55,1737324372,No,0x0ad93cfbd20fdf8b5c53322226cf1ada706183d750f4c265bbc9e5bad0c61c96
BUY,0.999,554.554,1737324354,No,0xf87f8a7454b88324c675a98a85d9312bcb44c2b5a3fba776789f661b9baabb50
BUY,0.998,8,1737323584,No,0x60c03cab73970c7a5f9e4b8b1f1761da2a6d7d282d325a04438b1479ff0acb4b
SELL,0.997,13.07,1737322994,No,0xe806bb3e6d1ec3fc12175a07e9d18b1025ffe1331e0e78f8ee4dafcd15852473
BUY,0.998,13.076,1737322976,No,0xc0373298a5396aeb70ad9fc7ed5387216907e8918b71956bee904936b152780d
BUY,0.998,190.3805,1737322676,No,0xb387e906ff99533fb05bff7c6679ff19a45013e5ebec8e8286b4c25b30cba7bf
SELL,0.997,162.34,1737322634,No,0x51cf83e4aa37f73ae2496c5727b251dfc4f9ebef562329ca8517ee2750d6b135
BUY,0.998,2.8555,1737322600,No,0x2deb629b86e50a37aaaf50c81cd6301220a68e67f27a72dd4a8c14288ed9d191
SELL,0.997,308.61,1737322348,No,0x3f834ab706ad35202e365f3abb7ee87b97a5b54418b95d8a00158dc466d54da1
BUY,0.998,308.617,1737322328,No,0xc63327cf62348784e378ad710c81c0075497d561ba1424077c7badee570b850a
BUY,0.998,150.3005,1737322304,No,0x4e6260cdf67f35469d3eb95e9e4f31b00806f719a33b61dbc4a843aed46f7f70
SELL,0.997,153.3,1737321766,No,0x304ba301aba7eca37ae2c078cfb2ba9a02d50b52732ad54190da231f8ed0e89d
BUY,0.998,153.3065,1737321744,No,0xab5ae995b9bbdb08d2a58bbfd922da02358fecdfbaadf19f1644ed936a564a57
SELL,0.997,878.76,1737321738,No,0x8160d29ff6bd030c9aceef1ffb815dcd9c23b09e1b315b5ed0d663295cb01ec8
SELL,0.002,60.48,1737321734,Yes,0x687d3c5b3584ae2810a79d3f2c0cd4605bb765005cf6c2c409c991ae38f7d2a0
BUY,0.998,878.7575,1737321716,No,0x1b09cd5daf60526708260d700ff8934b5dd0e479735c0ec782907575e15c69ff
BUY,0.998,1.092,1737321688,No,0x78a02493682481f4fa740916057835ea38aa5f5399673cbf7000f1fdb0f1e4eb
BUY,0.998,906.11,1737321656,No,0x4b440982f70e200d00d425c4e494368261a2517f72984e4660b1d9a026c9f124
BUY,0.998,113.89,1737321646,No,0x6adef30d350429f808b212091971438d14f103cbd22e9568fbaec502e0b5112e
SELL,0.002,105,1737321552,Yes,0xc6791b7972ea7614ff6770fb11d2b805f8c7f09fae3d6ddfe3731f9e8c2be322
BUY,0.002,26.34,1737321540,Yes,0xf2e7015fbfe8fe45ee684648f5ed9b6e182b5f378763841cb4d58f6046f6c6ea
BUY,0.002,2250,1737321528,Yes,0x9ad3ca23107a09e81f8db7e4433656e0c0b9fa9338f42f904ab22b9100e197fb
BUY,0.999,495.02,1737321370,No,0xbfb5f72294091f54169b8e3625e9140f3ea78f21534179ffa728f72bc5b0349f
BUY,0.999,441.38,1737321320,No,0x99b39a083a61a8e637c7550422a3b920999ce63c2fd1d204c600fcc531f05fe0
SELL,0.001,107.18,1737321212,Yes,0x237c0d201d366b145d7b49e8b3fa12eb56b0340555669a0cc8d0810ea3e68ac5
BUY,0.999,3.003,1737321076,No,0x73e7267627c530559711d85112f0e3a2331ea0cf6b747e9c91988ccf59057296
BUY,0.999,2.762,1737320794,No,0x376ce958953913204cb3e07559d572c6f277704da69780d0d83935a3c27558ca
BUY,0.002,585,1737320692,Yes,0x568e5d13f70418c4a77963c6009af0674a2e0f00692cbd4d81668c55510c7952
SELL,0.998,930.93,1737320656,No,0xc16be7e5d6f93d7361d11379ce12d1a17a6e1f7bf93f791286014422a284eb15
BUY,0.999,930.93,1737320634,No,0x17baa0570086167397696724fb4109c7f604eddc8f00db111582b06910ba2de6
BUY,0.999,1.7109999999999999,1737320498,No,0x0527c05e008ea59c108cbed9bf45f92c2de544b56ccf51e39a5672e2680d262a
BUY,0.999,1.771,1737320354,No,0x752f35301e592895315a42bb0b3be2a07702087c79139ca79d2695a61e8da84a
SELL,0.001,6.4,1737320190,Yes,0xe45a694609b8f78d76ad65c3bac192b572d5f6175a5c560a6c14cc0bb6f1fbf4
BUY,0.999,580,1737320174,No,0x3b988f56b2b71597ac558eed42a44b9a8df273fdeb2f31bf2e8b2b48d771ce12
SELL,0.998,719.73,1737320096,No,0x3174da422af62861a4104b815d9cc6ecf26bb94ecb588d481ce8ef39ac2eef35
BUY,0.999,719.739,1737320008,No,0xc6631a95768115cb10090c45102cf21b65be5fa126931b1ab783be422e5913e1
SELL,0.997,653.65,1737319894,No,0x4570b9ee5a3bc978e6fe7ff4c81d788722d84ccfbee7ed8ff5f22a209be12d52
BUY,0.999,653.653,1737319882,No,0x5c9780e835d886dd2d0e02d89d6afe2b790b3bdbdd5150a4238f13d245d99fd9
SELL,0.001,6666.66,1737319442,Yes,0xfbaabc739d651bfe0f6962d9cac8d47698c707fd9ac9252bc8b3ba1cd6246143
SELL,0.997,23.02,1737319410,No,0x2bbf6c6b8ee71976b25759cc8cae9b81819d6b7b04eafc765bfee42531973feb
BUY,0.999,23.023,1737319390,No,0x5ea4a9b19b56ec89d9cd02c443edb5df1018599ccf8a95361e6c63944d496062
BUY,0.999,1.921,1737319370,No,0x00d4b0a2cf1b05cdd744d3811f13a8a120d2040849282c7a35bbd31034c20311
SELL,0.0015077875121534837,47938.93,1737319206,Yes,0x2b35379c331165385cbf49e53ccc92cda59ec59e45c6449cfc5a9a10f4f66532
SELL,0.997,1013.02,1737319150,No,0x129fc68a41ba0085bf96c200085e04e83c2d927c76be5ee28297773c85109c01
BUY,0.998,1013.026,1737319130,No,0x06bb7d6d55970b8fbe5294b7b004c116acb996e45cf3722aabd1a94aa7f005b4
BUY,0.998,3.507,1737318616,No,0x0d0282bf13d22b200b9d0aa53d33099cb8a6cf6f98bc5959d1ece3fc187a493f
BUY,0.998,18.7875,1737318552,No,0x62bcb32618ba623c0c8abd5f3b8ad2ba05a47ff88087e4d527b21e2679af1502
BUY,0.998,1.052,1737318480,No,0x9cbe64b2b2ed65b03c1b17012aaaeccd844d33db1f7e42083d28688bec97b52d
BUY,0.998,1.202,1737318464,No,0x50026b346f74cef6f99bb599837dd5eeb8cc52584d8d729627b88bdc2eb1d5f9
SELL,0.002,105,1737318190,Yes,0x0d0e80a0d2188c2f387fd06c6b2155ae97b729f856eb894a961b6b768dce208d
BUY,0.998,103.9775,1737318108,No,0x50dd10bed2968789016111c30f0447588ab35aa2490b205c7a176a0482b93969
BUY,0.998,3.8475,1737318098,No,0xf5362e5e26f84dbf800ad7941726171f3430abd54a6f7dc3c4567d48b27872d3
SELL,0.002,13817.35,1737317858,Yes,0x1b3cf8fbcd09df044cfc7cee1aacf27b9949deea07602c9b536059406ea5a849
SELL,0.997,50.1,1737317858,No,0x41fe24bae5a9603b5f038f9454a222b82490e2a979906f8f9ce756aa3bbef71a
SELL,0.997,283.56,1737317680,No,0x306938cd8efc4309024df8723cc43433d33a3e4114e16e2572435421f8973408
BUY,0.998,283.567,1737317658,No,0x467ae4bd9d10cb6ec01ea0e5973a57d2debc36e01a055bb0c2b6e8a656b5acc0
BUY,0.998,18.3665,1737317610,No,0xb467ccf0b03153485f21178ffde317ef99eedce4cbd25e7630afc27d66af8d84
BUY,0.998,2.214,1737317376,No,0x6fdf517b72afee79b5d9a4c93ec3ba9039be7316330eaa2bcf1b23dde0ea3a74
BUY,0.998,1322.735,1737317228,No,0xd0f7096d9d633d190084e8a755262ebf5d6c804282abde0cfb6d3d61c45d76cf
BUY,0.998,1.222,1737317220,No,0xe4c6f0783ea1b56f95c807a72d67e2ff60a80d50fdd0e74f4ee92d83e1f6f2b2
BUY,0.998,649.028,1737317190,No,0xe2a3db5f676f75b8e5909b6b7d348b4163ea2c2868c8f00ae57dcc06ab132b1a
SELL,0.997,259.51,1737317176,No,0x466f342044d55fdcf0e8e807267184d91118959438f4c2461ffac46d1528a701
BUY,0.998,259.519,1737317156,No,0xa3a686a140870a424c78d6f78297f4bb2279626faa2f05ab0690ca23e65dd2a8
SELL,0.997,1057.12,1737317104,No,0x8da4a8d861ec0082d473e65fb4289c6dc1d7dd4637abed76c27af101b59b0610
BUY,0.998,1057.114,1737317088,No,0xef1b4c87ab72a43e02f330392f6b38ddc30b67b1ca64df07d528cb2cab4469bf
BUY,0.998,1.012,1737317064,No,0x9bd7b90ab2fbc1794bc26d850f0409b9b6c9cea70ea31d3e0c978cd27cfe0be9
BUY,0.998,355.49,1737316810,No,0xf3b176c4a975b1f25c0b43099db907d3659c759b7bb3429db7124476101a2908
BUY,0.998,160,1737316810,No,0xdeeca80a1a3a8457522f2b3b861cee21e6469274dc3d84a1c3b0b09878bdd091
BUY,0.998,226,1737316778,No,0x2beedb0658afc7eb69ef6ada26cfda8d7823c7bb9c9215365637883fc6ae78e2
BUY,0.998,3.086,1737316776,No,0x1a24b8d9766fd15343e36fe39ffa8dc0787022dd8b0fb0e52cf7eaf3f7d7a2ad
BUY,0.998,48.51,1737316766,No,0xc46614be8bd1c93f38e8eaa6372194fde88145c1d06ac1f69023d10dfb347f42
BUY,0.998,252.05,1737316716,No,0xa40b9bc4759210dfab7483075bd767d9ae1fcd3d21400bc1aefc9d9198620aa7
SELL,0.002,443.05,1737316676,Yes,0xd45cc15d64be289fd32b3d70bd7e96e91694d90f753c20ecbda79cb63ea85bcd
SELL,0.997,505.01,1737316462,No,0x8e42158076c83fb20b9fc87c63ff832569fbd0748ba0d168299d74af20875816
BUY,0.998,198,1737316454,No,0xc261369de517008323b3017547d35705f3361fc45d43deb2fbcb2c4097c914ea
BUY,0.998,117.03,1737316448,No,0x8edbdb8778bb258780306ef1586932da4a5fefae43eebc7a5f6d287a780fb399
BUY,0.998,505.01,1737316448,No,0x238060b7371be38c2759a4ccb8c54063dbc90b4a89e5f130a49184a6ac7374b1
BUY,0.998,199.91,1737316310,No,0xc014ce5f858db84f84b9e5b2c3d2250c4be560da5456afb6675235901b75de40
BUY,0.998,1.5030000000000001,1737316254,No,0x4ba35c29f7537f666cf03fbd59e0f2a3b142e5b639f9e944672c043d49949d88
BUY,0.998,42.58,1737316246,No,0x7eb826b97907d3cd3c659feee92a72cdd479452faec3ecbeaf4daa9c7ee0677c
SELL,0.002,111.42,1737316226,Yes,0x61cf92dce1c7246ceb98a1c4045109bdf47fd006874aeecde3a3057e924cc4f4
BUY,0.998,300,1737315976,No,0x655e4eb70749864fea8b2d55974ad0ce84a0c1b25958754beec461dd3fbe2ff8
BUY,0.998,3.627,1737315714,No,0x2364da4f5b2636bf93aed00d12064ac1b26b6c7eca4360be500a9fd837df8cb0
BUY,0.998,494.9895,1737315638,No,0xf84ef3b1c62fcd415e9b620c4684765116843146ddd4570532dc1d8197631930
SELL,0.997,497.58,1737315479,No,0x75bbaec298fa65f629c4ffa0e1699f87c6834153f1cb568057c6309bfa055d1e
BUY,0.998,62.124,1737315289,No,0xf3e562778d62336a28bba5bcfb268ef1ab7107b3c9a2fba085f05e6b80e0015a
SELL,0.997,1323.65,1737315157,No,0xd3060f897710d91675e26226a65405d58704389049fc87fee0e738ef8c99e216
BUY,0.998,1290,1737315145,No,0x09f48c2bceba142b5cd0cddf272c643cba658d7ae05c1a0ac5ff80525e3ade43
BUY,0.998,1.002,1737315145,No,0xaca2811216e3acd6454da0e22098acdb79ded04f42471d85936229cd4847b1bd
BUY,0.998,1323.647,1737315135,No,0x17732e0e85788b0d476abcafaa437e77afd48b7994c68a9de1635a9b87b53c68
BUY,0.998,1.002,1737315041,No,0xdfb45f06932daf2d5e72d444b97713a51873b883e5133ad9ad71db837f422b3e
BUY,0.998,187.24,1737314941,No,0x5cb44dbea81de046beeb2143e2eea1a440cb6b18fd1a89e894c53aacf4c22916
BUY,0.998,1.002,1737314923,No,0x7d9dd5b3dde4d3482097499e1862fb1fe90ae7a6ebdf4eb9b89460c8f6f8426c
BUY,0.998,1.002,1737314827,No,0xded21166436072635bcd143829fcfedfdfff9baf30a26838c08e4b0e67195d94
BUY,0.998,308.35,1737314825,No,0xe9917bb10c2ef4e20ef7e22de9c9978a8e10f0d625b3dcf6a783c41e729335e6
BUY,0.998,99.99,1737314787,No,0x5bd654c4438a35fbacfa64b5fec45aaf5afddce95fe1831eb106e972b743b557
SELL,0.997,1099.19,1737314607,No,0x175136c2811b2be8cdac97ae8e3f99898c0ecc304fb6bf3982d25b488dcb5a54
BUY,0.998,1.002,1737314607,No,0x080c7f1b5deafc228b410221eb9d443c5e501eaaf732b8356d6eb767d2c72bd8
BUY,0.998,1099.198,1737314589,No,0x32b5f9e7e5aaa5c37422759c521b13e98b5a5f66b76592700560419d2ff33453
BUY,0.998,20.04,1737314205,No,0x6149e70c161499d73eed8c93443f5562cf9535f03149343ff22d559ee1a4cb5f
BUY,0.998,1.002,1737313939,No,0x3d0bdcb11f30214c2fb50a2fba6897fdc11413249c4c33abe5ba267299414f12
BUY,0.002,110.23,1737313931,Yes,0x77656ba1f2b0824939cf15ad348cd287392b112422083769136789c99ec1ef19
BUY,0.999,316.316,1737313915,No,0xc1a2f2e26e8c721dc630a2786e12b141b9fc29e0ba1a0e1caac6c310c4cad29c
BUY,0.999,2.982,1737313911,No,0x52819a02fed3b930bc7f1dee43f5779962460517535b85e6773544c87320fd44
SELL,0.998,1424.42,1737313859,No,0x8ab93a84f0f0b98e9a78bab0fa760bd700277a37f386f7617f86142e4dc03a4d
BUY,0.999,1424.424,1737313847,No,0x8b2aa316a1ca21211d994f7cba68cc08ce591ad98f2bf73b1078635fcb91f968
SELL,0.998,1147.14,1737313651,No,0x425134a76a79b55c0ff5067cb78aa668be6938c7e6128795b3024a513d615db8
BUY,0.999,1147.147,1737313635,No,0xd5beb596b510939e6378b69673e5efea93ed1f863526864c08c1068a537a3f18
BUY,0.999,82.362,1737313599,No,0x4552a1af7c9a9ed118d0ac21e56a79b6798fdb4cec4ebeca12893d9bc0d404b5
BUY,0.999,60.11,1737313573,No,0x9926a8411cd67f0908df0e00e42ca491aa9805aded571e4a79d4744a89a50531
BUY,0.999,40.12,1737313551,No,0xbd00a1abb177b774d176c67a95d3f3d4d1f8b627f0a1a7cfd21aa6dbd0576255
BUY,0.002,4512,1737313535,Yes,0x0496cf29b43592a4e0e4516dd9ebbdad784626b820b4e6e5134c8df618a3fd76
BUY,0.999,66.066,1737313481,No,0xa4a164dd3d98e124e645bc2307bd7324b96bb7fa4fb1db3c0f38c52ad26e21c1
BUY,0.999,1.001,1737313481,No,0x90891a74a9fa9bd8aab22a6bbb7d25c8e1136e0b359521e18a22ef82cca6c2bd
BUY,0.999,67.067,1737313453,No,0xec86f4c2e91beae3d1a448cde99e990a58801b2c4498cfa4050be59b0e41ea6e
BUY,0.999,61.061,1737313437,No,0x65e159ca2121c35f154f53a41841c5225e6f604750394414b1ba8fb77f1aacbe
BUY,0.999,57.057,1737313357,No,0x8ad6eca907ada99ffa010b9bf0b3f4b1d194dbd9e35a9d7f3a0b43a98a8c078f
SELL,0.998,2.01,1737313221,No,0x6d6ba6c77aae9dd7663a29c3eac4d4f4650d2f52b8831daab85119de865d669a
SELL,0.998,334.33,1737313181,No,0x9c5499d417ab61d7b1afe442f07b2c887e30c94fcaf0ac69873b95e11df9535d
BUY,0.999,334.334,1737313163,No,0x56c69f8a3f32419cffbc2bf57b366952e04ff4cf8820122da07541549b8e7ca2
BUY,0.999,1.001,1737313147,No,0x9b0d18bb9dfa7300bc31ad829743df2db8fe432ad8e6ee438854a2edbc771427
SELL,0.998,155.15,1737313023,No,0xa95b5bdc7a8cae3e7722d8e10c11e88c823182ca0cdbfb35782d6358f8f6d477
BUY,0.999,155.155,1737313003,No,0x6514af104ef08f03c8aea47a505ec2f624e9172cc849d12bedf4a8a899debbb3
SELL,0.998,93.09,1737312877,No,0x1b6ce3888a7ebda72267a7334f10da465619ecf6c73470dea07c7f074d0efbe3
BUY,0.002,680,1737312859,Yes,0x764c94059b95929271fff21ed18b984c1fe5b868b2daabb1e2394243ff2c3186
BUY,0.999,93.093,1737312855,No,0x4f69d0dd584c70801ba2d2b066808f3fd121770d9397049299fe8df9d7df2bb3
SELL,0.998,15000,1737312623,No,0xfee86c55d6eb55aa04142077efaf3bead4a19f9bc111782680eec381ecd760c3
SELL,0.998,956.95,1737312489,No,0xde7868af925cebf1b16822454e5f252b90fec36c0f2f6e5745e8aa4c5eaffc75
BUY,0.999,956.956,1737312467,No,0xe1857957b460462e35d9e8149aa49be92f1bb00ae3f07a6e1cbe465720356f24
SELL,0.998,257.26,1737312369,No,0xeca73584248b09697bc8ab60264c0b6516550a78266697578d2df55a1b8ba442
BUY,0.999,257.257,1737312353,No,0x9e8f0a2c6bb2d1788fd1824e1b8755a6a4408b94972cc3f3fbaad7249c4593e3
SELL,0.998,1419.42,1737312001,No,0x9fef66532f3e4a434675d7faa7cee25da12403c979d10515c093f70949dfc30e
BUY,0.999,1419.419,1737311985,No,0x8b8cfb0040d63d67f928328bf45a9f530dc94fab795a02f76e4150b6f3e3e78a
SELL,0.998,400.4,1737311883,No,0x9b8764ddb9962e4a2bbc95cd512bf88d1cf32fd9210441e2c2bf20437bca1869
BUY,0.999,400.4,1737311867,No,0x6e37601de4029725a47b037bea053c537ede21f72f472db2919f519a7a3f0974
BUY,0.999,1.8010000000000002,1737311835,No,0xd213193e04160e84799e4d82c5b33eaaa3eb20e89c297370998648e72d75734d
SELL,0.998,788.78,1737311781,No,0xb280a15d2dd8aa3e58ec10efbea8f81beccb6a6b6b1a4257e9485eb1a2a8f972
BUY,0.999,788.788,1737311761,No,0xa23246096b48e3cd24dee8dd9b45aa494137294b221abda09d44cc876caf665b
BUY,0.999,1.7109999999999999,1737311677,No,0xeb3ef6885e16e70cdbc7018a83a3209499dcef3e907566f481fcb884b1b2d6ff
BUY,0.999,32.952,1737311399,No,0xd5451698dc12685beca0cf7ece9ee300a68d11227b0c1af2066eea194544cf4c
BUY,0.999,5.005,1737311375,No,0x9761d44f936639cdaa2facfd74d7116634bba79431e05f7526c0dbff4926c457
BUY,0.999,116.186,1737311261,No,0xc80ab9f6788051b573640cf9297ec76d49ce44b85c4fb04ab12bf6b773990430
SELL,0.998,16,1737311025,No,0x481cf65c2ad5bbd1982eb22cc670a8295ee6950fa107d2b9184ec186cc55e918
BUY,0.999,1.771,1737310941,No,0xf41bbd17ada4a80364e95e6ff39c6b0fd608dc45eccb22547f7b11fe592947bb
BUY,0.999,3.043,1737310651,No,0x6be835af99274de38675831fda2fb97bb8e6fcef3e01f6cfc7fa3e4ecd308f36
SELL,0.998,1233.24,1737310599,No,0xf7fbf3c2e926417df4e4ec96f87df34440fe1df5a9acf6566c828d3fdbbbc163
BUY,0.999,1233.233,1737310581,No,0x1c61619f2cca32178fa03d128711efe4be3750678d3f5cea24362ebb18552c61
BUY,0.999,1.861,1737310505,No,0x1cd6dce58d26c8298646698aaf31f155cbb769761ee77c1e45715f2b74fb6ea2
BUY,0.999,1.5510000000000002,1737310363,No,0xf2939e08439f2237c28ea23f6737350c2e80742c2396d192ed1cf6c5ef2bb968
SELL,0.998,561.11,1737309925,No,0x483b33c5c441b3ebb312ff3f247f7417b751557978d5e7cf334cc56c8e016f32
BUY,0.999,561.111,1737309815,No,0x453a7bd1b9245567fb6659dde6253f67192d1891fec2cf8474a454ef79dfb224
BUY,0.999,40.6,1737309619,No,0xbdc31abeeaf00ac80885e3ea53d39c8321f52babe1585213f12fed4f9a44dd40
SELL,0.998,314.32,1737309571,No,0xf4966182c0cc3568bd96dd13fc99ddf648ad01c08fa3cc47085f8946adabccef
BUY,0.999,750.75,1737309545,No,0x15bb0a8a9f29ed7efb577e9282cf2d7f8b3e7d9e0f9599492b0cbd02f2b736e0
BUY,0.999,314.314,1737309491,No,0x48b472c5cef8221d3f33463a7e588ac4c87a55f1fb8c86ba3ceb777aff8d5232
SELL,0.998,20.23,1737309475,No,0x8b41bd9f7ce7cf31b58de455fb08d5405e281feeff800cbdc1c0f3b51b7af421
SELL,0.998,1413.41,1737309317,No,0x13a48f8b1ed0686e9ba43ea6649d2109fb42307d1567ff0e01e56ab2e4fdbdee
BUY,0.999,1413.413,1737309305,No,0x69b93e44fc059c48a33b16d3336a61f2cddea4814564383375c09252e5866b06
BUY,0.999,3.213,1737308326,No,0xb4d54966f2d603bc8bf87b9168685f023876eb9d210f403751980e0ec1c676d5
SELL,0.998,169.17,1737308290,No,0x14576e9df5a9a7689a29a460707a36f9f2e47fc3feec64050a7e4923a144f7f4
BUY,0.999,169.169,1737308276,No,0x4f607fc9b3319af7d836cc15f6bdf3aa9126954373cce0762a6b70ca48bb3353
BUY,0.002,630,1737308258,Yes,0x2e77ce3eb47d28f9792bc57cde8b04c824dbed9e5c3d13b3d001556545c6d37c
BUY,0.999,1.171,1737308242,No,0x0842dbfcd82dd6083e3ab93b8a8244c6064a874d8ae08746a593a080e165d93e
SELL,0.998,57.06,1737308034,No,0x098dd132cf93ddc8ecfb7e4b7bee262d4c8afeb61191720a78e9d98eeb4f9291
BUY,0.999,57.057,1737308018,No,0x19a914f6f34a5c144932c280ef728dff6e1a35cae29681660ae59794bbc6c030
SELL,0.998,2.01,1737307948,No,0xb6cfd19d396829890d3f54a8931c5e4df338b559b48505cb636b698598231b83
SELL,0.998,1085.08,1737307864,No,0x3a019ffa6d859a4a428fcfc37dfe3d10a3bbe2bb40ac5105e5ceb4ba4ca751cf
BUY,0.999,1085.085,1737307850,No,0x449a2b5ebcdde0227fdc378a069bbc30ceff088b0f58d711aed4f37a21a4f72a
SELL,0.998,737.74,1737307796,No,0xeb5e3114fd367496fc35975bd727f543b6f3c5d6494584c5be97a2b89201f7ab
BUY,0.999,737.737,1737307774,No,0x07a5f05b2626bb68c0e3471df7b4d4413565386375348298e727d452ca8dae7b
SELL,0.998,1001,1737307666,No,0x4d606401d5c0ccd09d86cedba9cfe309c889bc98dd4ce3956452c4e83471ce9d
BUY,0.999,1001.001,1737307654,No,0xbf6cec3b035fa038c1dbab01aa4c5c9c123d32504a2cad5fbe2200f3766d91ab
BUY,0.999,1.881,1737307614,No,0xb7a01a3ae7b47502e3e295adbe696f1ec1e5bd452b0d3f3adb12c5f1a9277859
BUY,0.999,42.99,1737307552,No,0xe369bd7d8ecfa4acaf3647e0df472fd5c892a675706eb06a51e55498e54d9f22
BUY,0.002,940,1737307482,Yes,0x3c3eec2f1b56f6ad93c6e8add2e49bcb0a9df36ed22f574a2e2556dac8cefaa1
SELL,0.998,4004,1737307452,No,0xaf199da5266fc293ca76df7b7a0164df5bffb340ec0184319979e8c7ddbb597f
BUY,0.999,4004.004,1737307442,No,0xe9b5b776f9db64486b510a3db1f76bb59fcb249e59d3668820bec995fc0db4ae
SELL,0.998,604.57,1737307404,No,0xedb530b691e75ef1c3751acf3a81a43c49480da1661f483910d0948f2aecff1e
SELL,0.998,8048.04,1737307384,No,0x16fe70017dda7b03083e4a4fb1ef4c4430868a7157212a9f97bf4e761b70d47a
BUY,0.999,2.252,1737307384,No,0xb4dd41503bfcb1c3ee17de54f5f0076f18f93524b08ccde9bf8273832a47fd19
BUY,0.999,30,1737307382,No,0xb7a36845862250e15a072603aebee17e967189501b8f061bbf19decfecdbf2f9
SELL,0.998,8000,1737307382,No,0xa2507fc80af6c226eab4bd1bcf1c4aaeec26c0d30325ea16220fb791bc36b25e
SELL,0.998,8000,1737307380,No,0x172815d0596394255168b72540bdd3c3f1454b7cd823188121f282f33f24cd3c
BUY,0.999,604.574,1737307322,No,0x46ab6442fe3b7292b74bbd58eb6a6adb86701db521cb8342b337036f8ba1e453
BUY,0.999,8008.008,1737307310,No,0x08a392dd80f52f4d3e0208b2f843945792f24ab4c8a6ba27980f765b3954e3e0
BUY,0.999,8008.008,1737307300,No,0xcf3a436a3ef44a10e63de21d12c86c453a6cc0f2d030da0571670913614323a2
BUY,0.999,8008.008,1737307268,No,0x912f5a8afd458ec77b2ea2f74abe61c8000c1a364c848a74e0faa5e681418d9d
SELL,0.998,8000,1737307256,No,0xe90079a6e31b93381f7994eed41ca8af6f10d58166859e03b09eefa8e07b2188
SELL,0.998,8000,1737307246,No,0x59a5a26b7aafc85bb5c6f31d8eed584992b75e5479bb307407fbc1f99b71f870
SELL,0.998,8000,1737307240,No,0xeb7420f989afc8a80c2d8a9227c524343e52c1e472df33c6eb7c247de1ed02b6
BUY,0.999,8008.008,1737307230,No,0xd4be5bec27e3f93aa1a0cfb23708ed4d9a0373948e2788f1372435c9a25c1ae5
BUY,0.999,8008.008,1737307222,No,0xbb2d5393e5304195f7850df8c22cdadefc25ddedd6adcaa04998ddf6aa3b8db0
BUY,0.999,8008.008,1737307220,No,0x621c7ec4cacbce1e1302c7f07ea802a4da7935e5d5629106d76779d99b692eb4
BUY,0.999,20,1737307124,No,0xb2bdd507674eecd3abde1c57d6744b2224329c14269374cb3f43e699bc105c74
SELL,0.998,259.25,1737306842,No,0x86b67fa6ff721c0c4b424c1ed64f24f4306c33861d1ae78b4f10a2c27d29fb6c
BUY,0.999,1.881,1737306840,No,0xd8376fcfe9c28291a44c8ee533eb67253343493399f1cf5e18ff156a4e8558d5
BUY,0.999,259.259,1737306822,No,0x130d0e995e9f43043e64fd80af3bea86a5d01e23ce41cc3219ffa09ba5116310
SELL,0.998,4208.51,1737306734,No,0x0f1afee2741dafdfdd4d9a55786637b4525fad76ce916aba68b6a39312192519
SELL,0.998,9303,1737306694,No,0x0c4e9b3961a7a34346862ad3753c2775b4881444dc4669af47b926717f6f7e2e
BUY,0.999,8611.611,1737306686,No,0xdf8c7b0b62c901c2bbf2639a4512bded7f20bcd9001dbfe8408f8e0e1f39bb4d
BUY,0.999,1.231,1737306682,No,0x28f8390ed23d036b2a8dbcf47812def679b4491e370770a3613ebd9df9c4b4b3
SELL,0.998,7000,1737306462,No,0xe1a6510968f7d94490a2df177153e5fabba8e3511a0163e8f05099187618f0ee
BUY,0.999,4893.893,1737306454,No,0xdfa8f5ad58e62d5272fbc182b0fa6ee42d8f37d3dc44ac290ab06e6229238e6c
BUY,0.999,7006.006,1737306432,No,0x3dbe5e55c0a64f62bf1d40387578de7537e84d0e8e813886bb8deb95a96cf11a
SELL,0.998,2317.39,1737306422,No,0xaf722b0c0e02b049f59bbf846ad2689a91b63bee3466c2d5c2e390ccfef80923
BUY,0.999,2.7119999999999997,1737306276,No,0x8a1ce214d8a1cb695e4dc8d2334837334afbb31cbe283f08a44002ad2e5f4fd5
SELL,0.998,349.65,1737306160,No,0xb27ff8fbdadd9f3661be4b86fa5da2cec89b3954c8e6abd318b48a734d24dec9
SELL,0.998,751.75,1737306122,No,0x9d2ae5592f58d36eb3b0c937c3235a3eab246ca57c75dcbe38efc5d5e4c396bd
BUY,0.999,751.751,1737306110,No,0xe11ef1264c196d26a67c3b2b42f25d185691536da7334b081812928d27a500a1
BUY,0.999,349.649,1737306070,No,0xcb42e7fca9e0d8cef9594c2674ded83820adabc1039a6722be1e4b7449229b56
SELL,0.001,200,1737306054,Yes,0xa7b764ed4a1f575fb65f5534919f1f4cd2b0131101d5571d4c2fb7cd0f6ac5a3
SELL,0.998,798.79,1737305920,No,0x75159d2d3e3d5442a1d653f7d6c4926e0cee2331a641c5755c7508a7091cd904
SELL,0.998,10000,1737305914,No,0xb58e1802dff7604040a1cd32e6d9b238ecd069101427eded4b8ee6c199ab4074
BUY,0.999,798.798,1737305880,No,0x691cb94ee8cc3511502afbfffef376d631c1946d9be43deb4e89d5b0fc9d9470
SELL,0.998,10.02,1737305790,No,0xc24c834355b46063fd4dcf07f23f2c6c596a7769ac851ac2ed5966948bf0706c
SELL,0.001,960.1,1737305676,Yes,0x06f7a20a27b4f98476d585bf61bcb93a09ed2897e80f687efe3bbe7b2def3185
BUY,0.999,2001.01,1737305676,No,0xd81c614b03bad21f84389dc18cfd334b864a1ec74e7c7ab5467b0041a2b0e59e
BUY,0.999,4185.7,1737305676,No,0x8a3138a2c62275d93a376c1ed40bffefc1e44f08f766325a65c20f0c455324bb
BUY,0.002,500,1737305676,Yes,0x0c4153ce9b9ff0c520f1e6071bf7383a0cefd855235cf49cc0181bb249c39483
BUY,0.999,60.15,1737305537,No,0x1edccf92e7b7b59460ba80a4d1f730b62c6a8a7f3dd94b12502693fc453e3068
BUY,0.999,3.123,1737305527,No,0x59f6bd42673f9be9c4651f1428a36ca030027a571d60e7e86b50b69688c7d661
BUY,0.999,111.24,1737305513,No,0xb8c4198b1d750cb7142858158f267a2c52e8d36155050f1ec57252c5106a4a57
BUY,0.999,219.38,1737305511,No,0x29ca31d68f779696be7d20ff496518cfe8300d0d739c33e7751c5ebbb256e3ec
SELL,0.998,813.45,1737305495,No,0x17293901450abf8c426a85a91bf31d90bcd28cde3beb8444e659103d9d81fcdb
BUY,0.999,198,1737305437,No,0x3db4894ea31dc4c4ae10d6451f5d9ca04efe1af2dc228081e1c27893188f0102
BUY,0.999,464.12,1737305435,No,0xd2db80338676d56a14e692f25fc48b906d83b634c5e0db72e67da5a91e794bfd
BUY,0.999,3.343,1737305435,No,0xad4c096846ca7984ffbe429a44bdc2714be92e9c294af062e7aad3cb37f4bd10
BUY,0.999,1.991,1737305413,No,0x73b21ebad186605d295b8ce5471b8dd7511118df07785ec07eaa4bc081e83209
BUY,0.999,40.34,1737305411,No,0x616c764e775dfc2c7d1e5593874f8f731b2fd59a3ec081bbda232f734198442d
SELL,0.001,1822.12,1737305365,Yes,0xe81eb57d7ceb13f1cb296e70304eedd6fc015b14de8a830db4461634e0e9ac49
BUY,0.999,412.02,1737305363,No,0xea51bd0f1d78b645b404857f944cd8a2be7c54d5a7e9f3c3019c05d05a17a322
SELL,0.998,1429.43,1737305343,No,0xa6ad60323753a5c79dcd22b5f86a9690e662570f811c78b71d414cb2eea343a6
BUY,0.999,250,1737305335,No,0xc2c250432023d28d7785ef52e650396b247c4430105ddc650f3e775560fec1d2
BUY,0.999,233,1737305311,No,0x3dfea1daa52177668288500f7742c9c59574a72cf185d740d52e72c1022a4443
BUY,0.999,207.12,1737305309,No,0xf834b9cca9a5079d64b86b89961c38ee4cb126a6b62a6dc06cd4a2c05b648d44
BUY,0.999,182.76,1737305303,No,0x6747737efd7e4f0019b96013fc2854a970ad0c5215da0dff17730fc605c5b4b1
BUY,0.999,1429.429,1737305303,No,0x8af8e67c14579b8cf1d89986e704cd5d7f3fff70237b3c97d41a807c1355e84a
SELL,0.998,17.77,1737305301,No,0x9f479b8467b6a1d083f07b41c28ccde6c903372b686f738d3326275b12329720
BUY,0.999,21.961,1737305301,No,0xe3b2cb1dbdce371b8080b8f23d9db170b96366f948bd900967159443fff65ac6
BUY,0.999,192,1737305210,No,0x46c91e6d7b8fd73735a566edd9a91e590a161a1930b60325c69694b923ab6b0f
BUY,0.999,199,1737305184,No,0xa651b4621a2036eda9a53f67b7bcf36ba2d2eb694c9bb863929514f22d37c2d0
BUY,0.999,69.98,1737305176,No,0x9ba039f3eba9f4ca1d7eed900453755be26d22f65d0c853dfeed3e8e1426c233
BUY,0.999,831.8,1737305114,No,0x4805582a4b327d97d742bcb38c0f24f82dc703d0125f580b584100f75995d765
BUY,0.999,1.171,1737305066,No,0x0ed95ebaece6f55b95b4474cba06d2cc5dd9ddc3fa325cc82cc2692539ec7525
BUY,0.999,9.539,1737304918,No,0x70374305f8a7116a534d8978fbb0500a83e3be31f4e8dcfeddf976acd4de09f3
BUY,0.999,3.073,1737304800,No,0x6eaa9a4474d1ced7771e7b3d930d4bc31d957ce44dbb0613386e940251bf6150
BUY,0.999,1.621,1737304750,No,0xd1fcf92fc1ebd03119625b690e0616cdf2c1db3b1bf1d96754ea05f62dc1d7c8
SELL,0.998,573.57,1737304674,No,0x2a615a8e46a189eae971cf9e9d377a82857c029add422b53037af0ecbe71c770
BUY,0.999,573.573,1737304662,No,0xfabcd59ff6d7db23f15c51cc45527a8bb207cae00f8d7dd4235ad54f1c513540
SELL,0.998,553.74,1737304501,No,0xc495728885b845d86807a5ad16f2a6ad70444c8c87f809e7df81ac66bb5a3ab7
BUY,0.999,4.594,1737304465,No,0x5f88038c6350d291d2af167e25c1eb58361bcb97e3a682dffd8edee5d28b5d86
BUY,0.999,553.733,1737304425,No,0x49aa3ce5f948839d9a7a73456a8315be9e47e4f97b336a15aae3c34247e3d6c4
SELL,0.001,105,1737304403,Yes,0xdbf41fca846c409af8dd87c0c012dfa666d8548f8aac7e04f486b644a7ab20db
BUY,0.999,4.264,1737304341,No,0x1e1ed82197ec9b344093337f72c4118219597b9dccee9d220358f9c345de18b7
BUY,0.999,5.215,1737304283,No,0x00ab8e3da5072ff08cd25e2dc874618e601d82a0c94decee979c6f10dbe672c5
BUY,0.999,5.215,1737304207,No,0x3f83927d21408ed3a896ff87404677c28e65e68612894be92bb2c30ada9bdf6e
BUY,0.999,5.5649999999999995,1737304177,No,0xe5904ff1d0da0c43b7ac1c29e9d94296d4fe6e43110537d33c882ff700925f65
BUY,0.999,2.122,1737304109,No,0xa3ae072603525944a68726d47c493cde36f6b10d9c8dd81c23f4b09fa71f06f2
BUY,0.002,500,1737303807,Yes,0x21dd37394aef1f78fff92e834ace1b70a2304d981cc1d37bd13afa41d1ac24be
BUY,0.002,500,1737303793,Yes,0xdbeb40075edb21161d45a0a6846990c2be72f6b4da4ea493b42f8d4700fd0468
BUY,0.999,2.842,1737303715,No,0x568d3c615e3ff879b6415445d4fd0a5444c5216b761e93efac1109a581d5ab54
SELL,0.998,1071.07,1737303655,No,0xcd7e0f613bc386872010922603c3dba3a118dabb039f7a6922629101dc8e246d
BUY,0.999,690,1737303621,No,0x9c9cea9159a399175d99cbf148f6899a7d57b58907d8d2504fede6a312b157ba
BUY,0.999,1071.071,1737303597,No,0xdc1530dffa6dd04c6562c5406b4824b86ba3dde0f27997b1ce5da9b9162968f8
BUY,0.999,3.343,1737303567,No,0xd958846172b3e899f31fc5d27a1bb6300a480e19d6386fa785bdaaf0a782c359
SELL,0.001,87,1737303559,Yes,0x804a0f357cd0c40b1e50f6b882cb8eece83c7b2ec4d3f043f1f2dcf38c295497
BUY,0.999,182,1737303555,No,0x1826ceea7d278fe8c881def36aa1a03f59ab9704543668fe0d7d3ce827fdda3e
SELL,0.001,9.97,1737303553,Yes,0xfc66d08e8921a37cda9940265581ab0f715b64c1d0d5b1830d4420d845cfab62
SELL,0.001,10,1737303519,Yes,0x0fc8a03d6ad92e4eec4a5949099b51ee36fe81d803dc3940ddf87991854205ea
SELL,0.001,18.27,1737303432,Yes,0x986aa37ce7042a818cad528927bf9c0fa21582093fb957e6e9fa6471063c5b27
BUY,0.999,1.541,1737303420,No,0xe99cdfefd4afd3cd5a694b27ee9b9e0fec966704b9037488897667b86a683890
SELL,0.998,351.35,1737303364,No,0xb15899972a048692bc6b6cfeab380e3f2eff6cb8c28f06426b4b4d090aedc39a
BUY,0.999,7822.78,1737303360,No,0xc1b51f126c986772cd5bd71e4d285ae7d4370ee0114d01e909a56a9371435d20
BUY,0.999,351.351,1737303344,No,0xc4d0597ff784e05c0e44fd7c3c49b1cc8b83aef5fd1c0a958bd3ad7084a3047e
BUY,0.999,202.58,1737303322,No,0xb2777c71870075da6dd64070998f0d9940996207054298d6ffa16dc2b4db0235
BUY,0.999,172,1737303304,No,0x5ae3bf5b989b5a55423c2d41eab0fec47d076333d473ab749aa2331cefef9a89
BUY,0.999,247.62,1737303304,No,0x40ad3f8c9ec3ac0c5b0fcb0141a4a5e992a22fc23c61944d030c8c93fce941e9
BUY,0.999,4584,1737303290,No,0x2b9a3815a07c1dc00758e9f7e5f1b795736f1fcaa787a19b0860f46ee583a1f5
BUY,0.999,154,1737303274,No,0x2ba0a99c12c20c2d977aa8a650af3df6d757e282a207383bfdcbcc19aea8f64f
BUY,0.999,170,1737303262,No,0x7acf85d655163f2a18864283f841d64dd90d9930cd3c0a5a9e943e3a085b4691
BUY,0.999,103.26,1737303246,No,0xc5e5c4dbdad44d39d70ab0a7d80c8e4cdfc0f7b7a2850784c2e0d4449d6193c3
BUY,0.999,143.75,1737303226,No,0x535093ef90d0b4eced6e18a1a455c089414fd1821ac88d29158d257f3f1a6fea
BUY,0.999,476.99,1737303194,No,0xd6f0537a339524d4ca3c9dd36c5c171ce56e1cf32b92fb2b2bc16ee45993d1e1
BUY,0.999,121.65,1737303120,No,0x45713e87d4f6be866358e29e093e06ac366e7dd22acf88a564a951223ed51774
BUY,0.999,68.63,1737303120,No,0xb03e0c8b893eefaa876e53ac200551d6e060cb2e386e42e94baadc5d2ae67ef1
BUY,0.999,169,1737303116,No,0x577476672b134bba1f6a908ce35bddf05b815696672277caa5840785e5ca4b69
BUY,0.999,2.462,1737303116,No,0xf98cc559736e9a1726acfd14e07cccdfdbe92f1d91c5e5673d84df8c93e6f182
BUY,0.999,148.46,1737303045,No,0x605fe361c515865e4336006a9f21483d80e3534449d3a0f6a6743e053fb3ba45
BUY,0.999,185,1737303015,No,0xb0197b7ecd451533f261f3f5e5e4eab2c7c97bcc570cfc5f11aa9708782e8cdc
SELL,0.998,415.41,1737303011,No,0x80301c4b2b3ca0e282f525d5088f642e3b3b132b6ea886513e138eba4ced40e1
BUY,0.999,415.415,1737302991,No,0xc64c78165cd8cb89395113babe2550eb3da5b328b4e6a3ba252e5cc27b0c501d
BUY,0.999,186,1737302989,No,0xe30e7ab29197627252d7efe866ddbea792096f2460407c71efe2353dc7eefac9
BUY,0.999,174.68,1737302933,No,0xaa545c611b726b05eae2461b395b35535a27d2e4f36ef594756b51aa7729d099
BUY,0.999,30,1737302875,No,0xc0f4fb92472244068db67f4e4668b9161abe40bfce2ef5690c41c0fac94628a7
BUY,0.999,2.862,1737302869,No,0xccf3802d5003be45d5d593f51d884a28ac99d8ad0a0654803b0df51ec4058a89
BUY,0.999,64.25,1737302869,No,0xebd064fd5f61a5696053172a8058f85060df919566fa8bb4a4ad56a284c911cd
SELL,0.001,327.7,1737302795,Yes,0x2f23dbfba4a738d713a075066aa59ef24e5b5fa57dda9404405144410cc91dd1
SELL,0.001,499.99,1737302789,Yes,0xc954c0a9a622a36f286f35bcd08d8a15c64f51177b227ea5fe425fdea3b059af
BUY,0.999,800,1737302787,No,0x6c5a4a7a3722f4760b94c5427a00f08e292aeb67f25618b440570845b38757c2
SELL,0.001,300.01,1737302787,Yes,0x61bcb66d2bda3e3215a81213842990bbb1fe3bb6377370321dd877bdfcafa43e
BUY,0.999,5.595,1737302677,No,0xdebbe7af27b627cc90d2012c5c97022e74f37e1ac9edfc0183c4ae28245ff380
BUY,0.999,26.196,1737302659,No,0x51657cf4d9a794b4cbb64e2affe7219e4dd7113dbacfa619a2b0a2e176255991
BUY,0.999,91.18,1737302653,No,0x60cd6433c39adb69e89fd04c5b5294487dfcf17d51eda3409c74aba46cd5de33
SELL,0.998,435.43,1737302591,No,0xaef733b39f49b42c9356763b6cc5893aef5e5ea6b38bae73b43fd1fd7a65020c
BUY,0.999,1.241,1737302503,No,0xaef6f89f968f2607da7ee40aa670af3abd90f710af47e931b948d3e7c9d47512
BUY,0.999,435.425,1737302477,No,0xff83953ddedad5ced268656a4c1311015d33e2c071ee8faa175140574ab53030
BUY,0.999,21.791,1737302441,No,0x9bc71722c1c5a7f28ddc240eda75032541725e7b1e2c53f3512f320c55430227
SELL,0.998,50,1737302365,No,0x963399a81a615fed7d29497dee12819d93029813285c0e9669f1b87897a1cf26
BUY,0.999,5.855,1737302345,No,0xa821c4c49671fe8e14292a099ab1ece6ef9f8d2eb3099a3a259a741aee065e52
BUY,0.999,661.98,1737302333,No,0xdf0c9196afaaf171c692b9b919841da8641d8d82695b1df86bec8f38abf0a36e
BUY,0.999,1.211,1737302329,No,0xbae51f93fe1c57c54415f401417a45a2c6210ea096bb84f288440751bb69bddf
SELL,0.001,3466,1737302329,Yes,0xc4705ba656b29ee42ca3a9188705a71866629aff2937a2d7f017eca8e2fb3d36
BUY,0.999,1011.33,1737302281,No,0x5b8c75e9a207fcdf009958924152df08eff46f45e16eabeff86d6db034aa1152
BUY,0.999,6.266,1737302249,No,0x6140132663212881e4b48610cbc8b6bb64fb1d2a4940b16664da1e5db0553df4
BUY,0.999,134.36,1737302235,No,0x36d9fe08f96d024cb1168f4e27e0b05dbf7b0e3ef1944c181bd28a0112a9beaa
BUY,0.999,84.73,1737302229,No,0xfda0d602ed5643f109af54668f386c1851b8e53f49bc46f0d48e17c00538284c
BUY,0.999,5.265,1737302219,No,0xc91a6ce83bea959b4495fdb3111ef9f7558b538beb38e300af3c763245a2a61b
SELL,0.001,15470.13,1737302213,Yes,0x78097a199b9fe4ca3916d05bb33f4ca9752bb10c8308a26f1f03ea1a3818bc60
BUY,0.999,62.272,1737302209,No,0xa5d845e34614ecfe734b61af83d4f11c7b2effe6106c90ea1393b5ba93b5330d
SELL,0.998,1299.29,1737302097,No,0xdfc72a861c437280e7e59ce0e3a14a1633a2da3669ff8ad5b8be3eb42585ce0c
BUY,0.999,1299.299,1737302077,No,0x4d3273023dffa34ecc56e9e5bd2fadafdac3e22f9fd21357ca32195cea2fcb66
BUY,0.999,3.943,1737301869,No,0x9289cb4641ee8ee853db5434faa6e5497dc731945c4a8c74d00ee9958e946f3c
BUY,0.999,12.532,1737301765,No,0xd4bb5d4cc835b2f8248a325db468755883f461be5f59a6f8a01b6bcd486aa25b
BUY,0.999,650.85,1737301727,No,0xcd4da5a797492d35b7a2fe8b0fb1db8c476489913122d87cb9a61c60d438f260
BUY,0.002,680,1737301683,Yes,0x8e40baaedc502d58774c810d87db1269bd424c94479d331589d2dd3df245d588
BUY,0.999,3.5629999999999997,1737301675,No,0xe79e3fdbee9d37e32d107cb9172841d1e400f96897503e46a0a4f1effbff61dc
BUY,0.999,3022.99,1737301667,No,0x38a32ba6befbefed1331890245fe885852af898f2853722e9f3dcc3307c90475
BUY,0.999,240.97,1737301661,No,0xdec411ff08f7a76e581d0d3e14e0a71532d028882bdb6d08b5f1563549fe3a3b
BUY,0.999,2.882,1737301565,No,0x6da5d4a9cf60ecc1f7ad22ab0fe46fc0992c1113463e0a934ec7714660a13255
BUY,0.999,2992.63,1737301327,No,0x175fe6db7333a69087fa85a4547d92eeed12ac551caf7aa757b1dec71a5d96fc
SELL,0.001,5,1737301305,Yes,0xb229f5823b85687dd2cff86f14d6f46018760884677ce1d204ead210fd0bc3de
BUY,0.999,1367.37,1737301283,No,0x5278e0a8634543951f0c0ee88f91d8284db221279915f90469e1d217892a92da
SELL,0.998,137.09,1737300879,No,0x954c79f341310f2489cd5b84f2f2a8fa30458fbb2c5d0877b4c5e8cee4a63fc0
SELL,0.001,100,1737300839,Yes,0x4b5d6a2eca9cfa911835ffa4ccc17888ad394381612a59a1c8acf04df95454ae
BUY,0.999,4.264,1737300833,No,0x604b2f9e3027753fd419e296f5afac81341c82fe24b67f4e6b2c74a5fb0d8539
BUY,0.999,2.7119999999999997,1737300783,No,0x67e0456a5563887b3c4dd5bc644f6db6bfcce34f515073126cf234b40dd73d4f
BUY,0.999,4.264,1737300737,No,0x33c5afe4e3f617f2bf05153aa180f9047d22c28831818417f5e20786c37069bf
SELL,0.998,140.8,1737300697,No,0x38af541d76257062d495cb91d258b04a5123e46d8c6d622ed3067d4af2406e8e
BUY,0.999,1.671,1737300669,No,0x04062cba5379af7e4f87b0a770d61074f2b7d7fb5a28211952573113e9a4f7e2
BUY,0.999,4.264,1737300571,No,0xdd9dd6514710133748c2af00dbdc6f64002b6e1c87ac96c519d6e504323e98bc
BUY,0.999,3.253,1737300439,No,0xee4c531d289e78f61b9f39f308d89f294c04024f6a812d443dcc72a236dffebb
BUY,0.999,3.623,1737300423,No,0x51c5159a47ca9d560718016ecad2fc06d685d76b7a2a308f181d53cd33fe28cc
BUY,0.999,4.264,1737300339,No,0x6f4356acfb7b50015240102e58b94fd18c96ae08c41e84e8706763d1ff152c6c
BUY,0.999,23.833,1737300295,No,0x2f77aef8842d9af83fe476c4d9114c034e649389c835869382646fefc4ce5ac8
BUY,0.999,1.001,1737300263,No,0xd3d2e4e8c73d7f5ed4008a75960ba6c91c1d314b130cace7e31440f2f6fe4c71
BUY,0.999,28.858,1737300229,No,0x21d496245259c4945732c7844fc0df47e8985edcd2af34a5a44320d4e9f90bce
BUY,0.999,3.333,1737300217,No,0x55ac848ba0735d9a5a919de8618718f5bf4ad4adc0b90810abbbb983974cbc6f
BUY,0.999,6.556,1737300187,No,0xfdc1aa78c6a08a2d4f6d188dba2a678c77b97410436414d7e6101a04840f23eb
SELL,0.998,131.88,1737300109,No,0xa3569e6df526cc05aa17429a1ecd7340c85a612d19b406df76f0ee3746ce70d1
BUY,0.999,2.362,1737300065,No,0xa017990f5bbe87bc30f44c1de217c596d159920559be5d5e85edfbca90a42032
SELL,0.998,357.36,1737300009,No,0x8f80fa9f840f0265ffe3383e977366473d76a4616cbb64172d246e0270e89892
BUY,0.999,3.693,1737299975,No,0x3af25940cd8c4f1e342000b4c2445c032f24ee6f6beaaf11656003e145bda364
BUY,0.999,357.357,1737299907,No,0x46e362833726119e15a2c4070e6596d450a585af52de142be107be9c2614f0fd
BUY,0.999,564.32,1737299735,No,0x01c153542c4f6d5c9755e83dbba25e1e9598438541c5277468e6a4022e624724
BUY,0.999,40,1737299735,No,0x7f48516da0ae5479189d717a05032d81ea4de65d3571fad6feee1129cdd224bc
BUY,0.999,133.51,1737299729,No,0x8a1d5ce8d6ddfb54d987147fecfb54f61b06340327229273a564f267bb140283
BUY,0.999,453.243,1737299707,No,0x9e8cb606026063bdf288dbb76d6aaba89ebd76ce5075ea7f191ca4e7d40bc746
BUY,0.999,4443.93,1737299671,No,0x0249dadaf74e0054d43ab77d52bcc27de641fb2608a052606854d6dfc75600e5
SELL,0.001,10000,1737299671,Yes,0xde114c97185a7982a17cf244dacd07b0bfb927533a885bf058c841e345136e7b
BUY,0.999,186.45,1737299669,No,0x32f317d86b840bf41b5db8731893cd6aaa270dcc447485e1a293f96a38b8d7df
BUY,0.999,12000,1737299669,No,0xa4b4ca1a265f6112f4d24ac1594c368d6526021d4089c42ca3a79016a61dfdc7
BUY,0.999,558.79,1737299669,No,0xdbdb241e66452ae877e70b77604fe0a1c53f493321bb5e2a2b559e5306d58c3f
BUY,0.999,1.681,1737299669,No,0x6f49dd10c223d0a5d09ef025792e0294a8ed9f33414dbc1e8ab2a113f58dbb51
BUY,0.999,440,1737299667,No,0xf1133b77535fae00d40971f94b467293b71023b55b70c8fcd7f3c9ec20105735
BUY,0.999,2.102,1737299607,No,0x85a280ec0ad87c3073889364139db3f117310758575acb5f63b8b8b98d16f86d
BUY,0.998,4925.99,1737299589,No,0xc4a9101cec90ccb211363f4c7cb61993c50eb2e692e1a409073c8e53b20ba23d
SELL,0.997,123,1737299587,No,0xef33f916be75437c2c85cddd8e66c07c15a05d60d89dece88eb4ae3d7ec2eba3
BUY,0.998,3.246,1737299583,No,0x9a23db3c1358f2ef9b0f42ab15de64b0426f597b06790fc697396e1a7d5aebb2
BUY,0.998,1.042,1737299465,No,0x2e1c34f3fe223b6e602f7c9b5a72e5a6e9c76fe709c87c97e26c81cfe8d580b7
BUY,0.998,10.01,1737299461,No,0x806def89a7e8ef1bc74ad9ed585637654440c5dc2593378bf36726bd2f427289
BUY,0.998,50.1,1737299357,No,0x96145fdaf6dcaf6562f896cde78bea132eac57a1c41994c86363009801e4bb0d
SELL,0.002,413.33,1737299325,Yes,0x9b56c8b5f209edac79d59eec4262bb4017b824fd51fe29b1dfb04ddc43205223
BUY,0.998,17.535,1737299307,No,0x067417628bf043ec62f78fad4590cb0d8819e49f9fa89839644962df63603637
SELL,0.997,120.9,1737299291,No,0x25b76d6785bb431c32b91d4b97bee2e7c25feb335185219d891a33a8427d9e7b
SELL,0.997,134.03,1737299263,No,0xcc88792f8e310da689fb1dbc5e335fefe8b5f5c83c77f22cef1c394417dd9bec
BUY,0.998,1000,1737299247,No,0x2f5c799f78e8855a033b8c3e46aa9790de80ab6d31b94940d6a8f1b1bc36e095
SELL,0.997,125.89,1737299237,No,0xcad48d449fed58f9ae085aeab055d6107cbbc205e72098e8a7b20be160240bad
SELL,0.002,436.66,1737299221,Yes,0x661ff554bcce9f7a2c1f6fe10ce84d230794ad3e8fa905377bc733c0acd05ffc
BUY,0.998,3.136,1737299145,No,0x9526501527d2dcec5835ee1ab570931e3f501d88c50996cf025432b8af1aabec
BUY,0.998,1.222,1737299139,No,0xcb243ab37e1f9fa9fee5be7833c3c9026aa03927467b741b4afbe3668e1dee7b
BUY,0.998,5.8115,1737299103,No,0x17d57a76e0f515c908adb6bcc2e40f9d5940ddbdc6c4f2a6bfdee850b3c982fb
BUY,0.0030000000045801527,436.666666,1737299007,Yes,0x01c235ce21f30f64a354d3bcfdff7cc9c3ea4b4eb706c9ee9fd64a15c43514c3
BUY,0.998,334.22,1737298951,No,0x5c57e8b1a6034e708e4597028dd23a9a0230c723677073b4f91263a418056b31
BUY,0.998,540,1737298951,No,0x7db32b81179f9243ec292636ed25b381903ac8547ceb8f4793dc02f8184bfd51
BUY,0.998,22.685,1737298829,No,0x016d6161b0ca84ce5a064ccf597d0fd11cbcfead234453b87d19ae6e4c99bfed
BUY,0.998,111.59,1737298809,No,0xdead487a816ffd345d1538353e8d93a64b2b9a3b4d126c5b5c5f543a749d5570
BUY,0.0030000000024193547,413.333333,1737298809,Yes,0xd00f49ef34d3e44d6a3088bdec3bee3fba90219862a17ce02d20219beb40a5e5
BUY,0.998,1.152,1737298807,No,0xc068439d339f1ddea39eaec35bd9c474887c87925ce3dca7e9c0cd5584b9c2b7
BUY,0.998,230,1737298777,No,0x3d789b3f57e6c51531240e562463dfa117366a6d39c9fbbdeb164ac91df74a70
BUY,0.998,446.93,1737298769,No,0xe8e9693b616524faf301cceeb7a9ee78d86b7a24afd607650ace4be8748b2418
BUY,0.998,4000,1737298729,No,0xc7796e286bd34af2206f41082f6887dbd3931b90d682102a3cb8f951d3031ae4
BUY,0.998,13.4065,1737298717,No,0xa59a9dfdae8f616be0c57db7a0e6256dcdb9ca8067ef090ee65552e0cdd198b7
SELL,0.002,5.55,1737298707,Yes,0x5c8eec5058ab990e5ed626e5f217cdb87fa0c3498a880938cf33d94733e2450b
BUY,0.998,555.54,1737298705,No,0x41f082c67b67ecffba7011da4668da40bd977cce2fe90a441b800c86f4416689
BUY,0.998,924.28,1737298703,No,0x00c87bd0d4cff8c06c7eab0394d730f2df1936fedee38144d7ed1c9944007292
BUY,0.998,550,1737298703,No,0xcce4c1369a78e3c584c713b20364082ca09fec1769e08a7f29ea107f90fa204d
BUY,0.998,8.246,1737298677,No,0xb279e71598de9dbfc8d6ff3c29126daa126db2e1dbb72f6de6ceca22f013653a
BUY,0.998,137.094,1737298509,No,0x4f3f478466a4e1cc96b933d0a4ae596d90a9e9665c939790478cfb0a51a7a7e1
BUY,0.998,12.024,1737298505,No,0xee981d416a876a9df6a9b54adb4d86596fd381ce756fa2b50f28e2443ee0b137
BUY,0.998,6.072,1737298499,No,0x260bab7c41ef3b12b54432fd000b57fa704843ac7e9197537a97f932d80a8673
BUY,0.999,140.8,1737298390,No,0x5b8d14d89697c52737809d6eedfbcf70bc8ba8429b674311c72f4958a08eadc3
BUY,0.999,1.911,1737298352,No,0x175dcda0292d520be1a94f8de116d0c6c1d1627e856e32e87d62a3823e87f48e
BUY,0.999,124.124,1737298346,No,0x62ffc963365bf764a73a88e3e39970fb22e2ea16c4ab5098fbb656eb506ccabd
BUY,0.0030259847816197427,10287.56,1737298338,Yes,0xa3f50615965ce45c626dff4aa790f6d4a823b141ee198172b3f2f6eb72f399dc
BUY,0.999,5,1737298248,No,0x4f12f8da050c1a957543f82452671235989b5673a96b827c736b8359fe06d14a
BUY,0.999,1.561,1737298246,No,0xec1e216bafe0c23fc183d7ad50613c60cefba78dcea5ff0dc3495725fd47a676
BUY,0.999,425.375,1737298178,No,0xd71f0abfcc7b2da748da89787e357cce633e4cd8dbce29d6f7ee83849a1bba16
BUY,0.999,3.5629999999999997,1737298144,No,0x3519f3b93c51cc7c7bd5ab9f8d5da2e5a9aa3c989e09affb9d51ea0cd15a1a8c
BUY,0.999,4.264,1737298052,No,0xc9e3afca178881e7b41653d6d35525e363982a41065a54993b5a28923e7dd4ec
BUY,0.999,1.271,1737298036,No,0x025cf27e005c6454d9dcafda45f72ff4dfd2c660c612af1975e9b9056bd92ece
BUY,0.999,17.817,1737297988,No,0x2f4f09b25803432cc70f3967a239e943c3a7362ed5b5d6b913490051ba4e10d8
BUY,0.999,8.488,1737297932,No,0x05e1e986b91a3a7a3375bc1e8f786318f3721031ad06e286736724e069b9e799
BUY,0.999,2.632,1737297874,No,0x07d2fa180f7166bf59fb72404e2dddb63f7e937ab62bce5c2c8e872ccfbf9c1f
BUY,0.999,21.791,1737297872,No,0xbfbb21eb538705982f339bc1b280893ab94d060fa8dfcd699b7159f35e44cece
BUY,0.999,3.263,1737297868,No,0xba026c89559848d87e10546fd748f2266681d4c1d707d3414d8b2443ef57c9b8
BUY,0.999,4.644,1737297646,No,0x63dc97783ef3657a5627c0b7ccd43cabe3542b66da5951bcad675d8ad9064ed1
BUY,0.999,2.912,1737297566,No,0xb60861a743690557fb71b7e87a0a4c853dc847d7be5a0e7f517fd75923e7aef5
SELL,0.998,4069,1737297442,No,0x3036c52f4c622412f92ed8604f1208d9b97b0a047acd4a20a875074853c42990
BUY,0.999,2.112,1737297436,No,0xeb1823ed73096acdef57a4c1877c15e5c8c772b81d88f6614eb613a798402c0f
BUY,0.999,9.209,1737297428,No,0x4b83128cb60d8c535feba7bc262d14282a5cb5af0547097d6a2ba2d245b7d185
BUY,0.999,1.171,1737297360,No,0xe30d4ad596aa4a8d7980f1c39439dae5d664d0ad71c1c5499a999e4f5899a681
BUY,0.999,5,1737297302,No,0x522bb2063c2b14e130986b9fb3153b00c3af6e6535a59dc37540b52ed192ca62
BUY,0.999,33.473,1737297242,No,0x736feddc31fa16a0c7c698911471f28f7997c2f9e1508e6ba3c28e392b83643c
BUY,0.999,120.9,1737297206,No,0xb0db93f25ff342ebca6b48b83b85ee6548f29aa164fc5b1b6923f9a9056fbd89
SELL,0.998,1471,1737297184,No,0x44ce8a22e6221dc9ba0888afcf31fe92d6de11871054383db205f7ce84f0bdd7
BUY,0.999,5,1737297138,No,0x70333969f6fd8f5a402c77f611dd05ddaac7e69bd3506ac159b5ed0e5de62a17
BUY,0.999,134.034,1737296958,No,0x0c127f033ff2c78171c3b016a92ac48ba499d290ab76b1e6f64df08c6ca42b53
BUY,0.999,1.141,1737296956,No,0xdcd811a8a97b80e0d7a2d399c1a62b7872d5b8bba916b41bfd6668c7e4888c31
BUY,0.999,5.065,1737296942,No,0x80eded10eb6762307cfe5b263c935b92e1e65a2877953b599adfdb1be15c9bc4
BUY,0.999,7.5,1737296910,No,0x59e0d87e35007d766585bc516197ee34e76c20e23c394aef65761f0c55398a47
BUY,0.999,1.051,1737296828,No,0x61235b09ae2b7141098e2b57f1cc500783375b818f338a832aa85bc3b786a2c6
BUY,0.999,9,1737296780,No,0x8dbcf19c75bee3d977782d3bb51b2eefddd4b4bf627ebbe203ef59e5b04e21bd
BUY,0.999,30.24,1737296780,No,0x19baf4fbf42123494f7456942c2d62f346d39f1d8da34e87b8c06f293d3efe9d
BUY,0.999,6.726,1737296712,No,0x2af1c4670b717d9682a49f7bbc3d586162941713970b7d86eedc5e10054c5124
BUY,0.999,2.002,1737296694,No,0xe3d398a2ee18e3f0c987eb2035e2b37de0357feb9be6071f8be20bae06916666
BUY,0.999,1.661,1737296644,No,0x782cf3fce7c17e22244036abd005efafb9c9c1c951ffe47bc69fe996105fb620
BUY,0.999,125.895,1737296590,No,0x3b0f6803ddc0fe16a0dc6a7e272f3331157359cd984df79865204baf86782450
BUY,0.999,3.073,1737296542,No,0x7b471b27c643532b235c15790c647ce5fd86ac8d894284fdb2dace656d58b462
BUY,0.002,750,1737296440,Yes,0x1e5044b0dcfaff57e648cf42fd0270b44680dd5ac541f913b11b8676f355ee57
SELL,0.998,672.07,1737296372,No,0xd9bbc680383fadd2a0c7139b55ea3c23169de11f809c1b32087a7318ecb772d6
BUY,0.999,30.99,1737296360,No,0x271899c9e808f45377508529252b57988715e3e8cf903b9df4ec5c88762d3a2b
BUY,0.999,1.2610000000000001,1737296356,No,0xf47d599687c2d3a214b7846421bfcc8b009a638014a6808cf82f44438f13c519
SELL,0.998,492.33,1737296348,No,0x3aadde822b2445106db32eaf37cd3c3bf59ec41a8db523545bfeaf260c45f6ed
BUY,0.999,131.881,1737296304,No,0x987adeefa6e6672490face62bdfd93e87970b1af1b23f84dac9431fc4434abc7
BUY,0.999,672.072,1737296274,No,0xd7bb275cd8d927da26fd1743bdb68d37d76bde7b879cfae132629571f1c01088
BUY,0.999,492.332,1737296274,No,0x4d71fe5b123cd4ddd9b20696eb429e3a11e441adcb55e3a07a862c1c0df414b9
BUY,0.999,9.519,1737296250,No,0x6bcfdbebcb6c6a7f430c81dc26fcb80531c633ddcf3cf03263f4c34cc7865202
BUY,0.999,18.978,1737296210,No,0xdd9a0e61bd6789152ab20b32f972ba9b34a51bb48f750089f57d373b1137da4a
BUY,0.999,3.333,1737296098,No,0xb9d72b611dff9f218404a420e3fe9ae2cc08421d4a93ae3530e0ed8459da9588
SELL,0.998,584.11,1737296092,No,0xfde1e3aa53e77eb44fb18dbbca156008577dcf56dfdaf25f7b477d9e1e9bcf78
BUY,0.999,3.963,1737296040,No,0xf4f03ced3155b3c9bd159957f1e974e6877ab514aa9abf2eff99f55ae4513390
SELL,0.998,351.27,1737296032,No,0x90a569e1505115f078603ac0cc8fdc76bc3f5cada0cacbeed0ad2a8c33866bfc
BUY,0.999,584.114,1737295994,No,0xca52735983e9f177343c7cde6a9d2f9e7fea55354d04797f027d8baabaae4ae4
BUY,0.999,351.271,1737295946,No,0x006782ce72ac0f752c75403b5fa4c26ef8b2d5260ba5c6f7ef394b6ffd673356
BUY,0.999,21.321,1737295924,No,0x0ad9a3bbaf9919cee3bbf9bc3c1edc75e8044c6a4a0716e67197a831ab7e8709
BUY,0.999,6,1737295896,No,0xd02b0796210d96f006bcf831e70ebb87618b825a9b39b3b858ead21ba5305671
BUY,0.999,3.553,1737295812,No,0x28307363775470861d4afb424ee38d5f87bdda4bf9588e9098016b7bd2bbc7be
BUY,0.999,4.064,1737295768,No,0xd3c1178fc3c9d6c1d2c8724182ade0ae375ace49ac74874c4e5f7d6b60ee8b07
BUY,0.999,3.723,1737295702,No,0xee0859322a2a2565d60d9027dbb21da7b615b4321ed03ff2eaed6244858897fd
BUY,0.999,6.256,1737295668,No,0x48ce72b77e20cf171e2d0c15fb9d1f20842a2fe5301b951deb0398722c03e494
BUY,0.999,6.9559999999999995,1737295584,No,0x39527ac81e91e4dff62a5e7a1774fa15b3de404cdf5c0abd4cf63a4ce551836a
BUY,0.999,38.998,1737295520,No,0x09956d254b187aedf0872a8261c1b403eea88e88da684b011647f8a400cf3d4a
BUY,0.999,3.453,1737295500,No,0x572dc3c9cfd37e5d8696a0924e8edbcc1767d151d8411f5adce0cf8304240c5d
BUY,0.999,2.262,1737295466,No,0x4e9c56bb0b71be8a1de7329a8d38bf1ff9b94af23129696c1a689993a85f8869
BUY,0.999,8.128,1737295412,No,0xf4b1de95ba72d93347e26de61d24ba7152dc228bfd0cd09e9ac6945a1d0dd3b6
SELL,0.998,142.85,1737295290,No,0x0b867945b2cde508106f181d1b762c729bd38204fe141595028872368c844c27
BUY,0.999,3.153,1737295278,No,0xc69d7ba4b63bc354c7da3a71c35706f7cc13997c099259094e7decac0233e98e
SELL,0.998,593,1737295238,No,0x580922ac97f469b809c502539a2ecbaf20940f65c986eb330b1b37accdd84b1c
BUY,0.999,6.266,1737295190,No,0x45308198f5d4abba9564ff67080b42dd9cbdabb169c1ab1b95b92a2cc7f1d273
BUY,0.999,593.003,1737295170,No,0x312542195eb24ce8ab029aacc83411fbcae91cbd044bcd158bc084945174aa73
BUY,0.999,10.27,1737295150,No,0x24f879e8fadec170d7d99e85f305c40e236a3dfee85bafc4c6ca0b1b4996eb82
SELL,0.998,100.64,1737295136,No,0xc65e694f1ecc1357977f2c8eee8682a601ff053e5deac68828fda768ee388b53
BUY,0.999,3.263,1737295086,No,0xe7dbd97dde35fa55930e9c5d2f5ec00a30751b5409beb02de5bbe3beb9b55357
SELL,0.998,147,1737294972,No,0x9069aa1f830f045ffe91e23001260e9624ec2ec70c7a13aa4603cb9fe410abd0
BUY,0.999,175.385,1737294856,No,0x5ab2a20a41305af2db2d2793a47f688294b328eec1fb3caaa59b111cc5d46bf7
BUY,0.999,1.081,1737294778,No,0x4e2f9858d05e3d0d57a7717598518573c0bd7b5b3dfc67cde9e9de149bee5aad
BUY,0.999,8.008,1737294752,No,0x2a3fa0e45d545b6c0b2a0077fcdaa62f5ec76169783b80c005d87fe3d1f2c6a3
BUY,0.999,9.568999999999999,1737294716,No,0x3ebc15fb3359b098eb4991107dd185b7022bcd1b626bc6c5c643675fdbdb013d
BUY,0.999,1.2810000000000001,1737294682,No,0xa92654d97381cf97b8386d8023a8e9c12a7eb24856baa5113c50b396cf343eca
BUY,0.999,2.5620000000000003,1737294610,No,0x7a63262ba9192cfdd2b9017feac901d7f77d33f7f50cd90d53cd0e2c5c22a1df
SELL,0.001,700,1737294584,Yes,0x03059997f97afbfb8ea84b35a57829e63adc7ca84762c0a2bd96f63e55b4c287
BUY,0.999,287.027,1737294574,No,0xc494db0d88b97dd41681ae7c706bb46579ba3e148e1a9e72f6f3c9924c0c2b69
BUY,0.999,2.592,1737294490,No,0x6f45986398c2ea3ea74006f0c93c8e34233f9bd6c40a81d6a7a82cd86a93369f
BUY,0.999,2.552,1737294420,No,0xee32228040573cee164ea6cfd176340407af836a6c980ab57702d4e9c3db5d9c
SELL,0.998,355.32,1737294290,No,0x887f599ffe0486f89062284f2ffc7fdf1ac81976d663a656271d743bef9710bb
BUY,0.999,3.743,1737294282,No,0xd383713c5ef48720ff5f7aa0e67927039644eb9b0027210ca9a3b2b67d7961ce
BUY,0.999,5.605,1737294240,No,0xe5d74cf5ad5477ec2b78d9c92b4c484c2382d55fff47e49a1ed42e5aac7f43b5
SELL,0.998,3.01,1737294226,No,0xbb93021a5213ca9aa04d73e2cbbd15e3064a6737d205dddf9064e777baebe24c
BUY,0.999,355.325,1737294188,No,0x11a79acc87b80f097e8cf71bcdff9949f59df5113eb9341b2e3e18544ee5fed8
BUY,0.999,3.463,1737294090,No,0xa64bbe4e8cbfda5dfcc5a58993d066940a265240dde3c298b291dc45ad8ed067
BUY,0.999,57.057,1737294070,No,0x426ebdbbbb953b420db15c08a1cf13f1c3d701b8f08865fd42b802301797d624
BUY,0.002,14500,1737294068,Yes,0x278b8af26a9203a018a60884f94ec66a9271f01b6dddf45ffc6adc7201dfa600
BUY,0.999,2.792,1737294012,No,0x16b519774e962d878ef141b468b90bb9ea373e3dadc260cac6a8d3b3493dbe90
BUY,0.999,3.983,1737293940,No,0x115c5c1a9ba8e56516b577eb19fb34fc67baa3042ea9212c7366ac4cfdd5d01d
SELL,0.998,3.02,1737293936,No,0x77e49799a494fc494284edb8d38d287111ef6afd3f3d158ed62cf359856b7833
BUY,0.999,23.783,1737293900,No,0x33ec56bf01242249b790e35fac5666c5f998077af9c8bf93f7456c8cd786a918
BUY,0.999,2.152,1737293856,No,0xe3a58f9a847079098d03e32b697006229f7239b7711eb1db1aa3f8286c2dd2f3
BUY,0.999,3.063,1737293822,No,0x67bc7ff116368038e2ba2948274ea83138ba59654c6ca1573bc0759c3e80e323
SELL,0.001,750,1737293798,Yes,0xdf3cdd1ae7c150f2d76e0e8fe14647ae65504a182c49c65e820503c2c98b25c4
BUY,0.999,3.503,1737293730,No,0xd9d7de12453130d31a50ae2847bb50ac256e338bc6413060d7d38caeb3dd8d89
SELL,0.998,1,1737293694,No,0x13ee74abfb85255975f2a298625e3799406778992e72f2d379937daf5d11425b
BUY,0.999,8.718,1737293614,No,0xcfab980250f25e6634fbc3d7ee9d983669e3bdbdc15d00d3a62fbc2b1daeabd0
SELL,0.998,127.07,1737293488,No,0x8a8189af1d820842d60236f7c0d2453fc072c626da38e50154185b1bf511b985
BUY,0.002,16500,1737293426,Yes,0x861509f91a12caa56c482895d1dd3ce18bbe72b072b8407526468f957d8c8e6d
BUY,0.999,2.652,1737293422,No,0x35bb27b36d7ecf636dcf5b8338d22cab22ec928af17d9d69fafded5e3a510332
SELL,0.998,140.03,1737293390,No,0x35b037d7b80aac369ce17b3926659aad95c2d210927a51d5cf13e8f7bc963d21
SELL,0.998,100.58,1737293356,No,0x9f68a176cb22680d37c35a9e00218e11616fba119d6cf05b0c7769615a5b31fa
BUY,0.999,20,1737293324,No,0xe3f1529fefaa68e1ad7b41a3301c28a4920c937b287d28d056eb937e7244645f
BUY,0.999,5.755,1737293316,No,0x5b7795e384bcb669a9439d5694bebb2bbd82a065aecbad378961429f5a1d9acb
BUY,0.999,1.371,1737293232,No,0xaf2ccd103a302e3c4266fbae79c5de30d876fe866de35d6a0c51953c1918e89a
SELL,0.998,122.96,1737293150,No,0xd936a8ccb7c78433e77bc481a222cec9e1012b441d01c62a5c2e32b870d17251
SELL,0.001,250,1737293114,Yes,0xed483cbaf07510f48d77c1eb89569c958fd19a0b47058243f5549dfde06d74ff
BUY,0.999,28.938,1737293090,No,0xd8958c58df7bb9a57e77008e35c2fefdb313e70fbc6156d0aafdf5b1c168c207
BUY,0.002,750,1737293016,Yes,0xdf026e85ba626b8c148af1d3d4f2f10c86e11cd4586f30af3c4992d56da4035d
BUY,0.999,1.091,1737292992,No,0xd9c63f3c625696639d4e009f0761a081669c56ed83a3840a1b48030549b48933
BUY,0.999,483.633,1737292988,No,0x1db2cbbfab0bbc81f5ddfe265a1d62344070be73a51513ee6755f0ce20d9d164
BUY,0.999,6,1737292870,No,0x22447e427684603cf036ea1dc817b03c13f8795705e90d82fdc9369b5eb30b29
BUY,0.999,1.861,1737292784,No,0xf5d78d971958ae275ea37c3065de44d2b50a49ba784fbc009ab9c0a3399ecffe
BUY,0.999,3.993,1737292666,No,0xc7d368df9af4409907c871ecbc9b9c0cbb54beb7a81a2b26856324a0fe2ae3b5
BUY,0.999,12,1737292664,No,0xd017b4fd61855ca09b3566ae0a48e75e6df8dd4ba5cf24d2552d75943238a79f
BUY,0.999,6.946,1737292606,No,0xe32c587ac893dea2d487007978d3a484cfa43be9243afe2bc75b95fb35d74b6b
BUY,0.999,1.151,1737292586,No,0x9b6eda76ea2ed384b88e18e36507ccb11a0ecc76a642b7c2e45a433eea1cfbc6
BUY,0.999,3.3529999999999998,1737292550,No,0x866d3539a87f8f43093f6328cff31aa585a6eb3a1cfa69b52b4c4f0fabca5a46
BUY,0.999,148.148,1737292530,No,0xbf8a91555efe1c7a216ce3565b472b1d7f7400a94a9f65bfac601d1f4aa12e76
BUY,0.999,18.918,1737292446,No,0xfb2f3fbbe8fcf08f37cc06782b1d0d665603d3de42f9f8a1ac5b6b2a78f04d48
BUY,0.999,3.033,1737292378,No,0xc2ab8c279d5d3bf0f899da6324f4596f5ed73bc98a34331e14931ce4b4ccf448
BUY,0.999,1.721,1737292360,No,0xbd7d9ca0789cc1263b97d08974a7332214c8522b3f7fd884123032d39b6784ca
BUY,0.999,10,1737292171,No,0xa7f6873f77795c4fe75f0cce8f14609a2123636a37cbcba4b601a8effe00c0bc
BUY,0.999,15.675,1737292119,No,0xffec24491946ac50ae9212a61b27515a0b4e2b2935fa5a3a59f2b274eb0ae153
BUY,0.999,1.771,1737292095,No,0x63d4fc695c0725603a9799e3019d7f4bc4dbadbacfff6b1f4574cf5c13bd522b
BUY,0.999,5.135,1737292069,No,0xda3674d51797d47ec6929399c916032cbe69410aa76d0c7609ed11877c6aa7ce
BUY,0.999,2.572,1737291969,No,0x4393425106dbffd6bc32a9697499339ceb6553ea34207017a5c7ccf41aa5cb2b
BUY,0.999,8,1737291951,No,0xaf155b884d72b19b88ca5a145c2ab9e5bc28c0012a9d1450cd94405f85d12f4f
SELL,0.998,1.01,1737291909,No,0xbdce70ec1cd525a77b7233bc4f4d5a374b850e8dd3c3f20fd5894e49f954af1b
SELL,0.998,1.01,1737291803,No,0x4ba7cc0a96bdbf09e75804cbad7e873d3282e1cc7807f4a8ca2581462e8d3a24
BUY,0.999,1.611,1737291797,No,0xa162e674585bd86d15c8731c04220c625855f524029b88dcf540394681d86ab6
BUY,0.999,1.041,1737291765,No,0x6a6b715b0593029343fb65591366ffb9c8523d3adb2edd031d7b1823e8977ccc
BUY,0.999,6.146,1737291731,No,0xe6ece5d8be30d4a1b54b22158be5445f82c63b0d7bd3923144beec013e930172
BUY,0.999,5.315,1737291601,No,0x3437b2e959c35aa4b83653823aa38c6b252a52558a2cfa2e6f2176563ff22ed2
BUY,0.999,1.491,1737291601,No,0xa70c28bd53d16f4772ce154278bdbdb75ba739d68dd61b9384bbc967bce58ad9
BUY,0.999,2.992,1737291567,No,0xe801a367d9a2c8014705ef36a672de97da6036ebdb84d56a135047ad04898ee0
BUY,0.999,16.276,1737291549,No,0xa5c2281b1955872bb970d005e0750dd167ae4f503d77cfffcfa98bc0ed5cd6dd
BUY,0.999,19.989,1737291541,No,0xb7b3fad24ce3af3b15360c141ca33ab5e992807f9e5e9d38660aff8546ec2402
BUY,0.999,13.713,1737291495,No,0x35b0f24363fd7ae2d0a4329bcb93f1d1d88e3decfb73bd294aed84267fc4753c
BUY,0.999,142.86,1737291389,No,0x04816176c0d504685133284e5d88d436f319f874b10a8b2acea5e601d00fe8df
BUY,0.999,127.077,1737291349,No,0xabb1887cf77dd31b1b86607c556087b8aaf4f4874e4f64bf3909f6c47f549acf
SELL,0.998,1.01,1737291343,No,0x7faebbd8ecd50b2687af061b0592c3d850508a90607da2e5ce13095967318904
BUY,0.999,26.856,1737291319,No,0x73ef0e09e64b509891720494a1dbee470326fdf3250c1e3842758a5dd9f392be
BUY,0.999,50.35,1737291247,No,0x6d6c304e82f268d9d56bb0d9f5ebf6930b9a20fce2597edc1a37e62ca12cff6e
SELL,0.998,2.01,1737291173,No,0x7240f2fa44fbb93637761a7b7191d009bc1f156406483aaaed8268f7d14d4c9d
BUY,0.999,21.681,1737291171,No,0x8c4da4ea4bf5e850441ba755e1c3b590cec86ff7a3ac5969c624d827c12a2ff4
BUY,0.999,6,1737291169,No,0xb83b8072f4081f1fa005cbb382cf94cc310e8976d03d7f5f4eef108b3eba0aa4
BUY,0.999,1.001,1737291145,No,0x176b390c9d4917e86f1f8bc02dd54901a3b0715482a90493ac33d9a08f40adbb
BUY,0.999,21.051,1737291125,No,0x9a057486d9c1986541a8ca6023239d3c91372636326c1eaa4440afb5a255525c
BUY,0.999,10.1,1737291091,No,0xde1eca80e31da2cc807ab6682844e920ff2aa372f447280cc316a2b88924ffd8
BUY,0.999,10.24,1737291021,No,0x08ca928d42902daeb9ed302a659e341c6e80b414b2c04b22e4a31512a8d34910
BUY,0.999,15,1737290995,No,0x4d5049a6e6bbad04ae57f6fa4bcaf1f6ddd6191da32bfa0be1adacb9b6c209dc
BUY,0.999,2.782,1737290841,No,0x251f99d341f2582939dfb193075269c85244a2183708df6391bb655f5e5a16be
BUY,0.999,140.03,1737290737,No,0x315b550e2c8a4a9ae1392524302274cc9902f8c31bda39012527bc9467500033
BUY,0.999,218.478,1737290683,No,0x030e9d580c237028ec5ee921e4ce04986675c2147800c8fd83ee539b1bb78ca1
BUY,0.999,2.022,1737290601,No,0x1d0881c8abefc496cb7bc06fd07cb60effd4d2c74702ec1875fea982fba956a8
BUY,0.999,6,1737290593,No,0x9d975c815ebdca807ca27bdd08ea955ed6477871723c39f50876f22042eed21f
BUY,0.999,1.091,1737290567,No,0xfbabf51e917fcd6079d9315683f9ad7c2401dbdc32a89c439e6467621028621d
BUY,0.002,500,1737290377,Yes,0x6d5facfc761f0db016e4dab5904422c57afb866cade1e669682b104f5a56f559
BUY,0.999,10,1737290365,No,0x15de31d2baed27fd55dce7ada764821e189d88e895036816acc2d7bbd219ce03
BUY,0.002,1000,1737290309,Yes,0xec2a7dc09b392742027b09b5740ff6eb383a7d875612b53cf487727beb1169b1
BUY,0.999,281.841,1737290287,No,0xace55036b63810061e3999c9aefeff1afd21db8c68f2edb32cfbef768c7504a7
BUY,0.999,6,1737290223,No,0x39dcb628ea26c744a55d01fb591bd7d679b188e10ffe9d849bc1c138832a2ff3
BUY,0.999,429.359,1737290087,No,0xb3b31416c4fe8a89f6251ed68c8724848bac6a50db5ce2835c37ef6eefd679bc
BUY,0.999,100.58,1737290059,No,0xbe57460b5621da0e395b9389b27bd3c06ddda7a9805675b474a6c8ce6cdfe80f
BUY,0.999,1.091,1737290017,No,0x2f2affba5665622f1ec0ef47d2945fd87f6a82e2514f076e4df6c145410d69d9
BUY,0.998,1283.23,1737290003,No,0xa0f1f5823f174bbd1089a45a308f2e9723dd233eba4dc78d6311bf6098e36563
BUY,0.9979998713040902,4.118235,1737289891,No,0x8c430fe98d9c7497562c95d672f11b0e4325acc855efdf81736b92f903b5de8c
BUY,0.9979996427792094,2.525049,1737289733,No,0x1c38c079a5a7ed9bf43a8441d3beae05010c69fa474847969c0a3f35864802b2
BUY,0.998000007984,1.002004,1737289603,No,0x58bf16b87378a10577beee47609f2a4f4ff4f1cc7c253f1cafd0f3b62ff09fed
BUY,0.9979996599698076,2.535069,1737289577,No,0x2b4c9c0d779033e6a0146b3470cda1a7aece7f4bd0a35209940b017d25daa35b
BUY,0.9979998716856343,2.665329,1737289555,No,0x6be6a001b1a729b8fbf346e88e5b5248451efb28dc052b95a4a14ef9bab1bfca
BUY,0.998,11,1737289539,No,0xe195ed900906819a90ad520ffa8c8547efe456c520192fb628af296bbe92546a
BUY,0.998,10.4,1737289529,No,0x73273682337d832e06a93e2f610ad4da1db3e021ba1d4bb6626edb06768e0df1
BUY,0.9979997273944149,2.575149,1737289487,No,0xc7d6624cab4cf0e00e1e656aa86a1fbe4e90647161c210e5678cfde8f2c868d8
BUY,0.9979997685435792,4.018035,1737289421,No,0x8dafce9c33f138dd847eeddd2410b1c0e9f20e0c13208e582ba53106c558175c
BUY,0.9979999079843901,10.020039,1737289353,No,0x46c6fbf5967254db765854689fa07ea5217801ba621d73edd3dc17e12cfe04e5
BUY,0.9979999280376285,12.034067,1737289321,No,0x6bab40ca422e1004643e63434ec20f8b5b849bb3158946a6e853c622c773e8fc
SELL,0.998,1711.92,1737289317,No,0x63d912bf829f14f29b51edd865ff11f96c251cd307ef4a1c77d25cbaa2871f8c
BUY,0.999,10.1,1737289251,No,0xb496ca6215575a6cabeb3df7c643dfd8a870d48ac9bdd35b16cb65fe38b57079
BUY,0.999,14.524000000000001,1737289163,No,0x95d1461edd9152b8d15dc1441f36580fa8a030b608d98605f2734c7ff4b5cfc4
BUY,0.999,7.857,1737289107,No,0x6d53cd2c03a662a31f54ce63492df01cedc28fa037d95d750d5e590a70ae79a2
SELL,0.001,28607.47,1737289097,Yes,0x7896d07f953ba2f79de109d1dfda5fd0a2a72cc77f4a545f430e619030acefb7
BUY,0.003495589570943471,28607.4775,1737289077,Yes,0x87594d9bd8f9d705ba71b77a5f939af6a5477cbf957bf4b8879634acf7cf3107
BUY,0.999,7.6370000000000005,1737289065,No,0xd01e69fd88577a9b5928bd3213747e1248b3b2c8f523c428e2e61793cc4dfa42
BUY,0.999,1.5510000000000002,1737288889,No,0x9d6616833ccdcc4f9448ec5167e168bb8c9375e447fdaf464578a7ba3f64f2ba
BUY,0.999,9.559,1737288641,No,0xc9d21f364438aedfe577bbb8e796fb1d435e6201ece30d493b2cd95ad683f89e
SELL,0.997,350.35,1737288635,No,0x14358e3ac52a7daf3ec06a7871696211cb0f84549232dae4716919f09ef65919
