side,price,size,timestamp,outcome,tx_hash
BUY,0.001,25220,1766536107,No,0x1277a8cccd88a64f39d576b47c7355cc8c23945f0bb36ff66f098cc55157aa71
BUY,0.001,10000,1766536093,No,0xc8e6892824b13a4707ece96106a39df39b4104c022b9bcb3b237dcec778191d7
BUY,0.001,52000,1766535973,No,0xeb871f205f0d0b0ab60bb5f3753103c733ef706aa43117199dc1d489c3d5761d
BUY,0.001,10000,1766535597,No,0x89fbc64792dbc3d0d37f3816a5d7a69596e3ae555b6ec2e8a73168db20265af2
SELL,0.999,15.06,1766535377,Yes,0x866029e29f4d36c6c77a4f6a605edd7b593ff652ed452f71d1aef7d02da15542
SELL,0.999,800,1766535255,Yes,0x27ae9bb5ba9f7acb1a0e9f54fd420f81c91ebf43115ff46df7258e3e91906ac6
SELL,0.999,260,1766534983,Yes,0x6fa2bcc28addd80c6f8e11aa7419d4bbe526a2ee6e579a11edd34acffea54576
SELL,0.999,10,1766534975,Yes,0x607020008e4872b31a71af946d1e9c9d4a88de740139c55965e22e1ac9423198
BUY,0.001,1000,1766534691,No,0x9a50786a0d4c39ec1b2713a5ac764b8f45bc2cc33953ce6a40404fe51137b747
SELL,0.999,20000,1766534555,Yes,0xfd8dd718e44e732bd7c443bc7dbad85de5cf55606b3f0203872135ad5b080568
BUY,0.999,11125.11,1766534397,Yes,0x06dfd7045fa66ef104da3c1717aca64bec7641a7cdcef63ff51249a452e0b9d5
BUY,0.9989999999282037,12410.110109,1766534389,Yes,0x931c33a7bd7defe2690710b196f3eabb6876626d8cb64997a7451c8cf5c999bb
SELL,0.001,8416.66,1766534381,No,0x85d899457ec97add7b3f9b019c1d1be4faef024a42f38caf0aae5ac25e0145b2
BUY,0.002,500,1766534363,No,0x55e6f6258f89e40653dd19cae164123864c6ef5121edfc4945d7468ff135f8fa
BUY,0.9989999909990099,100.100099,1766534361,Yes,0x09b5d7a326597729ef25299ac8b13e505c0f6d4b8090c0fb5efafe081a3a2200
BUY,0.002,5000,1766534355,No,0x37df8ddfc60b63e2058fe4531ef568f0470a8e13c282ec73282c3b458fac6f8b
SELL,0.001,44889.94,1766534353,No,0x3456f95b99dcd6d589b5b3e8c5cf70374a2bd71e56526ec0485618486d67f054
SELL,0.001,6823.33,1766534337,No,0xaf3148ab402a3684901c51f9e9f2744908732a45ef155270d27c58db9a93d95b
SELL,0.001,1726.66,1766534307,No,0xad637bd8e8bd5a276f788b7e71a31e4076e10e3273b4bfc86c16d48eb52aaddc
BUY,0.9989999960679995,95.625624,1766534259,Yes,0x65ee0c53cf481695c2e9f838d89c21d0cae7512aca2c3c06dc2063cccc27be5d
BUY,0.9989999746349382,22.432431,1766534257,Yes,0xb5a1c3fca08877f66328240ac6d0294165a0fe84ef23db6f180433b485e5a262
BUY,0.0010702493477632912,93436.17,1766534227,No,0x90597ec96564fd0921fec960e46b1329a052d30b18c88e9311322b16688563ba
BUY,0.001,20000,1766534197,No,0x294e5c66d164a5bc1f84217b2f0fb9a3a619c1e50c8fa96c6140c4ef4a070810
BUY,0.001,95000,1766534091,No,0xcd8dd06faba7288fec676e25868e483312b49fe8833d473cf386b0523a4535ba
BUY,0.001,50310,1766533941,No,0x9c04070305d5a21a25951917aee8bc0803109f68dcc015dd1559b93ef9ea28b5
BUY,0.001,1000,1766533785,No,0x5db9fbb39a1976d4197e458b3ac94bd27163dfe523e02b6d7a0802e1a675d84d
SELL,0.999,10.01,1766533705,Yes,0x5832afbb558dd1ecbfd8274bc1a80567529fddb98fa553304230346339d7706d
SELL,0.999,7500,1766533693,Yes,0x1fa7be259ad5b121e3957357cdd3a1b0cf1b75c5b899c4734da21985b74a482d
SELL,0.999,10.01,1766533691,Yes,0x341d7049595d17850e5828f763c25967d19ad769745b87d3a66599ac7863b2cd
SELL,0.999,5600,1766533685,Yes,0xbf433e875b2bb42cabcdea382377a49a61229fa47655e312a58603fc225f5296
SELL,0.999,13200,1766533675,Yes,0x5bb4cdcbcb8d4d8a5cc6ba4cf4fb1250acbec2724dbc4651ba40f5e89ef98b11
SELL,0.999,15000,1766533663,Yes,0x7f6f32a5fb8edf06d8dbcf7ddf4d708477daf09ba11892440b7a5a2b1b23efa7
SELL,0.999,19500,1766533653,Yes,0x2c017140dc19d6d183208b5197bebad4bb2c88ef9491f0cc804207c5f9972e59
SELL,0.999,23300,1766533641,Yes,0x8cfaff2d5a023f8ec82a5d98297f5322a98aaef81666dbd0c085a47325dd83bc
BUY,0.001,50000,1766533605,No,0x1f867d91f58b8cb49d6a76bdc7e247a60d4dde7c5617d0b022452e6f59dfbfbd
BUY,0.001,10000,1766533473,No,0x7a971ec9a46e23b6bc472597066c247f15aaf437fd448721112f9f0e71a9bb65
SELL,0.999,20,1766533137,Yes,0xe776a162d8e2812c337950ba34d5d62fb3d813bdb2f9ae7becee88b2312dfcf0
BUY,0.001,1000,1766532843,No,0x131e0c58209dff6eaf5fa22ecda33f383c947619fb369ac951a05d53f5ed742d
SELL,0.999,9472.8,1766532791,Yes,0x5158315b1ccf7da9172efa37c395297f45565a2cc2daaa52889340a2db393f82
BUY,0.001,3800,1766532623,No,0xd798388187d50bda0159e86760e83d2ca7bbfe5a8576e1cd8abacc95db3e3a90
BUY,0.001,1000,1766532515,No,0xdbe8ef0a8041e7ad76ea1744a14d5cecd528140cd8e0ace5c45fa5d78abe336d
BUY,0.001,10000,1766532455,No,0xf46e898f4748ed6a8e0bc82c7dc088eabc50083bad622b6d1b37eaf4b51b4333
BUY,0.001,5000,1766531981,No,0xc0405c0cd09ab0c859cfcb7462e73db691bf65502e522c77611d912b5291e236
BUY,0.001,136470,1766531369,No,0x003f209129c22bed9aa5dd7de2e106d7f6da30303d99853f1a4e671880e1717f
BUY,0.001,4000,1766531347,No,0x87834be5e39e3c0a4ad9ba57d34e1ddedbf9e439b7240a59cbb78f3e8406922e
BUY,0.001,8590,1766531195,No,0xb6feb7d47f5c7af9cafb9a2106ff45e6bbd1ddfc9881575f0bab9fa9f487e2ba
SELL,0.999,400,1766531193,Yes,0x8f7c91b9fdebbfbc9e4700d7df82a0604711432d6a36dffedc713ada924d2209
BUY,0.001,5000,1766531121,No,0x7d007b98791dce2104a2045d3a7bed6b4ab34c09e7e3b3b85024a1bdc3aa8562
BUY,0.001,1000,1766530969,No,0x3a96ea031733e7e43f90e4d45e30403be1071c7c184e737dac3dd71e02052c49
BUY,0.001,1000,1766530623,No,0x97b20c15c8f01acf25d655983331962fa4e697d9b82ebbf1672db623900ffe93
BUY,0.001,4000,1766530389,No,0x1eaa3622352987be8749d44db6c17e7b14764100ad628b5b4a17bd0bc25f9b4c
BUY,0.001,9000,1766530315,No,0xacb9bc884704234dbdba6b6aae3c029819dd3cd9788fc32e3cea39b873568a61
SELL,0.999,2682.18,1766530217,Yes,0x0d66671c310bc871e8821b037146adf4f9feb169c4690317503c60ee76c5e2bf
BUY,0.001,5000,1766530175,No,0x0cc533ce7e2f7b99c0433ccaf4fb7c239eaff8c192e27a3b71000044a94a05d9
BUY,0.001,20000,1766530163,No,0x3c1654a200bf74e6e4e50f2064ff85f6816a02b278416e86e47d7f12fcaad3b9
SELL,0.999,2000,1766530077,Yes,0x4451bf13fca134891f2b63d387960c715a3debbbfa60c69ea2d679bf81f94b0f
SELL,0.999,2018,1766529951,Yes,0xfcabba208d0570dda5434bfc39b944fa14b419183aa8b9b6cd831677d4bf7abf
BUY,0.001,99640,1766529673,No,0x482eb8ee1ecdc64646e254b74e07ca5ded711e526c0073623a8825f8a1bc03ee
BUY,0.001,4610,1766529543,No,0x70cb80c3b57ed5b270395dbb097736b76fbca0804486955dfa55237480b21b8e
SELL,0.999,2600,1766529437,Yes,0x6258b6e425b155666a974cffa48e14aae60bde3239c77de7ea982ddc75c356f4
SELL,0.999,2000,1766529197,Yes,0x28cec4b694c47f19b3aa45241a6d7161c6b5eb2b2d0d30b3093860458634a499
SELL,0.999,17735.47,1766529195,Yes,0xc4263b4b24355902661f34efbcebdb4fb6afcfa707fcd866f7dba06d268bbf76
BUY,0.001,1000,1766529077,No,0x626155a2f6e28eb00aad3b8e410b39524ae02f6225288d501180f86a5b85f4ca
BUY,0.001,1000,1766529035,No,0x11f4b576628f6c26cf875e5f0cc54c842338667b7153aaf7735f638268d7c52a
BUY,0.001,1000,1766529021,No,0x8859d0eb37eaf36ce3f93b889bca41810b5628c3b0676660606701fb96f0a888
SELL,0.999,1000,1766528913,Yes,0xb30d8437bee08dbc71d2587c6ebb71f99e475eb465834a93c03c233fb763eb52
BUY,0.001,25000,1766528153,No,0x82fbd3b30df8cec67653fc2da03864e96806c7d434cabc6c5c88b41dd42f7c3d
BUY,0.001,10000,1766528023,No,0x9b2a918327765fdace3bfdbf2fc36b065569f17d5bfb68bcb8ce980ab8801a85
BUY,0.001,3770,1766527949,No,0x3ba62d3a6ef70c475a1eefbb43df887e48cbc9ae40faa2c124426801dedea608
BUY,0.001,5000,1766527931,No,0x8eeecec93cf630f10b0c946ecf8dab8d57606b7ce0ff25c49b81b6da11c7ff0f
BUY,0.001,5000,1766527467,No,0x2156953f3360849ecc50b55859fb16ff4e2c9f1f9afedc4b470eaa320d1291d3
SELL,0.999,500,1766527385,Yes,0xd35b04a4e03c0578be27acbd213dc9459e9e57b8b6213ba4bf3cec7105994c3d
SELL,0.999,600.27,1766527263,Yes,0xb1d68478002f883111baf80c461571529a5a2a1763a33eacdaeb11c28151347c
SELL,0.999,10.01,1766527227,Yes,0x55955f09390a9ce84537bf84e7ea1e66af2996ef1eb5cad6167f5d381561b1e7
SELL,0.999,1103.31,1766527179,Yes,0xc1b6902a747061f9596a529cdff884826478a58e85c28133052138941de8f7c8
SELL,0.999,9.87,1766527151,Yes,0x55d2f456ddd35b554d9c11be43fa927e214d21969151bb1eb826998905f9b290
SELL,0.999,1000,1766527117,Yes,0xe1c88fc47a8d52e5440bed3d0d2d2329d2f1198aad00e7cd3b300c745d7e368b
SELL,0.999,402.28,1766527017,Yes,0x70ee829e581ec54e9bb037db7ebaea53919c1ea71759413e7be970b37c5e7f26
SELL,0.999,1001,1766526853,Yes,0x3d5e5128ba88cb30554c0241b1faf66ec39bad39e9b1066046e437dc17f4e41f
BUY,0.001,5000,1766526833,No,0xe881f90f8ddeb5f276000c5832518fde1249612c46f5fb6ec2e1a19254b69024
SELL,0.999,650,1766526701,Yes,0x2d947a54798b71b1379e83a4d8a82af122a3e3173f2aeaaab4c2024a19345287
BUY,0.001,30000,1766526187,No,0x2e8cdca3892eae3f0322d4b28a31f88fb1ccb93b8b82204c378743cdb64c932c
BUY,0.001,1970,1766525993,No,0x318794952292621afbb44539888205f626df7236e487fa0e98896816be71db96
BUY,0.001,1000,1766525943,No,0x53c39a9989c7bd6e7f653a4d49feab92f0206b635f8334a4351093d99302526e
BUY,0.001,10000,1766525827,No,0x8dbd391700512d848bf5ffb86f8838e65ced7ad5784eb682c29742dcba0f9d81
BUY,0.001,10000,1766525717,No,0x06abc122efeee1262297e55fb39d82c4cae5746d020477b73ab85840b38cd94f
BUY,0.001,1000,1766525485,No,0x4dcd41cf505b4ebe4829cefe964588fbd6b74bb1534b8abafcbf291450d1d1f3
BUY,0.001,50000,1766525443,No,0xe8d6d94d3c09dd26439164008256c83f154d720e613398d481b4a966c7db4b05
BUY,0.001,35000,1766525405,No,0x5d4e6f6d0b421e3cb78938611a395b5bcc29953042ecea06b66353d073b6358e
BUY,0.001,40000,1766525391,No,0x84840cce66a8e06c53c1909a20addf4d753c4ee1c5409580a3413099e008a859
BUY,0.001,10000,1766525381,No,0x0b32cd3d84847b73e7b692f5135fae3261a09cf1835b53e1d8c318bea30c33ce
BUY,0.001,10000,1766525365,No,0xb685cee59f6b3a3caac8c066b43b7a0a3a454168985f0033c62c93ae1ab026b9
BUY,0.001,25000,1766525273,No,0xf7430ea3cd45e0d5b521dbb08af21c80672ef0e6176043de50d7daaa4e3f87a2
BUY,0.001,1000,1766525257,No,0xebf913048689b156b0e78c7eacae9c35c7bce55739e1897aecb5a201ab878f14
SELL,0.999,1,1766525119,Yes,0x5c5ab19447fe2a0f74970013d178306c0ddb7de49fe50a3c4d84f3af2fc809c3
BUY,0.001,1000,1766525111,No,0x6b097ad638d4acfcdf14c8760ca1d5084405ffaf0e8c5185e246c404c5eba5f0
BUY,0.001,1240,1766525025,No,0x2581cd6755b3de647a35d1d98366b808c4b0c82254587da39858eaa70cc0f097
BUY,0.001,1000,1766524775,No,0x4c3c663e1e56fecf4a3c5784cabc9e4761cd70d5fbc002b0f1e5e43c0f84da17
BUY,0.001,1000,1766524717,No,0x43d2b918b903a38c03fa595f3a0c04c16cac230347bb4e9edda04ec1b931942f
BUY,0.001,1720,1766524655,No,0xec8e5c8654c3a9c6b720408a3a3999ed2e4a3fcb7664da382118e97617841e27
BUY,0.001,7500,1766524593,No,0x939d99ed76ae431305f57051d716987e6705606844f6dd1a3f38063737299ead
SELL,0.999,2000,1766524557,Yes,0xc36a269227728aaa395880395d49ea78b778f95433579bf573d44be16d47774b
BUY,0.001,10000,1766524553,No,0xc2a065be6317aa147372f975609b82f7c55b9ca5fbd04e04da13e42e18a9b4e0
BUY,0.001,1510,1766524511,No,0xaa36343df5fc9f25ae90e672072a7e343bf8f58f93270d8dcb14831a7ab5b9d6
BUY,0.001,1000,1766524459,No,0x139e3beed9cb1f6d920d53fc3da7b54725cacf4b98c9cea6e0d2f77b355d24c3
SELL,0.999,300,1766524433,Yes,0xcb92ea8d7b63fce7a0e30224beef38fd27d6fbba090a2dc43c2859fdbac437b0
BUY,0.001,2000,1766524141,No,0x01fdd1eb820a164cce762f1d01c81be539bb6de9922f2e82759a86e3d79c71cc
BUY,0.001,1000,1766524111,No,0xf8557fcb9c1b55171d2742515b9d367c4ab88bb3a3224aeed794554c038f20d9
BUY,0.001,5000,1766524029,No,0x9e8b67f41e20dac625150ec8227fb8fe47db4e88c8c7bd8ed6cc4dcf9d092297
SELL,0.999,653.3,1766523935,Yes,0xd506f3994247617ab2f9c77b400a5d2fdf733181b75d00b47a4d8aeb75c16136
SELL,0.999,5000,1766523879,Yes,0xc1f53959d9fa7dfa2f0b4c30f1ac33c2d9d76f32f187f352aeaa293448e2dbf2
BUY,0.001,3000,1766523395,No,0xbfc5581d0386b4ea75607ec496ce3d34a5381208ce29a1b03d325ee9fa7ddf67
BUY,0.001,10000,1766523353,No,0x33e0d7c67b23f28e2278ae3fcb31fd10f2235ad4f7cd9666d23f1176e8bea705
BUY,0.001,20000,1766523223,No,0x97ad243d6392082162b63b8418d3e1f44fcc46df5cae91de2398b58cbc4fd6a1
BUY,0.001,16000,1766522987,No,0x0ce84ed1f287f4bf35ea9f65db7699ed9a4ca7460d7a1630c31180a25a6f64a9
BUY,0.001,10000,1766522813,No,0x0d29bf5babe326f585e5914b9a9c6085e19d2e60a811d43f1ba43eb5c2856931
BUY,0.001,21520,1766522611,No,0x1b49783d1ca11f21f2eaaeba01446fdeb93f257f003f0ef15b6b072a2b46666a
BUY,0.001,2110,1766522487,No,0x82957a2cc599e85ec3723cf570fe9d5b36c6a4af58f273566386fb9bd945234f
SELL,0.999,1200,1766521309,Yes,0x63f24d93791532e628d0a377fe83f09049e54a706890d858b7709aeb168715b3
BUY,0.001,1000,1766521233,No,0xeec0dafd00923b31cd0b2295f2e8ea4ebd977b9e36c7fe09a6b39704e3305006
BUY,0.001,1000,1766521195,No,0xb15be6cf014424eead8c5f1c7cdc9ea6ca133a1e74efa556396767cd5ddfc91b
BUY,0.001,5000,1766520853,No,0x2c5c6fbd899cc89592fee58a2f194613390a9141174dc684dd86f46171ca0415
BUY,0.001,5000,1766520765,No,0x8eff9229eedb9360b87368d2e70274f67abe3c8d5d4eb8b0966ec78136be5efc
SELL,0.999,14000.02,1766520731,Yes,0x8bcdbdaa0b29af4fd55f04a04567268aeeb1dca24fdbf083ccb5115e277ce9e4
BUY,0.001,9000,1766520719,No,0xdbaebe98d1457bce2b46622f3d00b207933f7992b40d61d58cf411a56a3971e6
BUY,0.001,1000,1766520653,No,0x41a51cbc19ce244594353e9ac3118e76a6f0169061547db40381247a9df8c380
BUY,0.999,7384.5,1766520453,Yes,0xe3e44fd346dab21e411b3ea0edabf1747c904bf693cb69b72364737b19fb358c
SELL,0.001,2000,1766520397,No,0x52bf92bb770b990cc3e394586c83da4fdd72c6e05d7e46d240bcc5a5db527dde
SELL,0.001,50000,1766520361,No,0x8b489665ef6b659edbdc667c3a7aac84712ead0f49853c566406543592373261
SELL,0.001,10000,1766520321,No,0x9331d87f458a496c27bcb161bf5bbf70ea905eb50efac93ce6daa5bd5c6f6907
BUY,0.002,24135,1766520293,No,0xd664a90a1546d1cce4daeb414cf55517052d2ff034e99b15d869fe728c96350d
BUY,0.999,36133.31,1766520177,Yes,0x86e6aebc738260fd16be69cdca6bf143b7db6444c750e71af769f27d1733be79
BUY,0.002,2345,1766520025,No,0x6f80150f805e21cf021f40216e94fb10d20cacbb064568402b957614dcc70a2f
BUY,0.9989999343323955,15.015014,1766519973,Yes,0xd24b5fb5eb9e490e2385eb10bb4b2daa19c7ef8cfc85533913e220e884019306
BUY,0.002,4980,1766519955,No,0x3f3108c5cf2d65021ff38794c5d183a1eee08c2f5e8b511fca117282e05584b8
SELL,0.001,5826.27,1766519945,No,0x8665a17a4ef8f051ea3f7390cf112a6fa9601340c5097c9faa9ba9914dd6bae9
SELL,0.001,3007.57,1766519753,No,0x8811cc4f4b2560c8737ee56470e8d8fc29a18fdbb4d98e269b0b770cbe206161
BUY,0.999,20000,1766519675,Yes,0x7ac82ca49f216c1a64d1e4af987534496396b6ade5bc3b104a326a569261831f
BUY,0.002,2000,1766519649,No,0x5b78fd521dc8ff51cc040b2baf89700f1d8deb18ec4b1db229659ade76cf45d2
BUY,0.002,10000,1766519623,No,0x58dc611e85d5e2e538c6d780c1f5692810da4eaa2576bd4eed5140fdecb81a0c
BUY,0.999,14000,1766519485,Yes,0xc53f1c5bfbf46b60987dd05c078c31937476d4a035c3dc8cf67782e260c3df13
BUY,0.002,2750,1766519477,No,0xc64a28b80f44a541d59f47568ffda66df5051208e5650ad2bb3789ea9792098c
BUY,0.002,52930,1766519473,No,0x478fae1a605fc4e2dfde6fc61945a9d1c75e732a0f3d05e9f0668a474c956192
BUY,0.002,4345,1766519437,No,0x9e48ce0fad9752474a621f7f1a34b94dc3f9189f57c2fb2b573d70efe2c10b46
SELL,0.001,7833.33,1766519389,No,0x225ca52061366ae82eb3099666be25b1359642e84a8b9c3ff95c0887b66f035d
SELL,0.998,0.12,1766519315,Yes,0x2232fe19a796db9471d49f0538783eff3bb9ee4e90a418e4cfa45f521b2147b9
SELL,0.998,5.22,1766519315,Yes,0x8dd54be0cc4d7619a7e7e06285c5aaf8a3a3c3b7694b614aea251e329936e587
SELL,0.001,10000,1766519307,No,0x291efd056b4ac6e3d09e2ef181b3c10e0e6b244c310663c03e0d2ad286bc01f5
SELL,0.998,1350,1766519239,Yes,0xebcce14f994253c7e2062c3a65dce14d7da5e9f59896b563a833da78d92a06fa
BUY,0.002,500,1766519167,No,0x5769955c64c113ac7fb16a72e6dab19ebd1646b65e8d17aefb2589aabc971379
BUY,0.999,1073.413,1766518921,Yes,0xd13f30044dc3142d58aa460e75750694df74ea674144a5d261473a3fdda56c5e
BUY,0.002,1580,1766518919,No,0xe15c77ff15e89c85ff1f287c4f03e18b9865c522c78d517d3b177423e6c6da58
BUY,0.002,5000,1766518901,No,0x578d6016c9e917d6167fb685f4ce049924624a09034e447a2d056ce16f085725
BUY,0.999,39,1766518863,Yes,0x42e63b8d592c0e555a63f83bb8e77a6a4d8351f36b614385ae48cc36521be858
BUY,0.999,38979,1766518859,Yes,0x901599af7367111b19d6e2ac49893866a6a2875cea49d4b2971c4ff6ee4b4a84
BUY,0.998999999986434,2063.973972,1766518789,Yes,0xcacb7166d173b0e5833b856cdd8500bbb158acd4365b645e78801489ff31e241
BUY,0.9989999967201622,51.83183,1766518583,Yes,0x2de14f376f928ed99f53f5a6675fc408eb316b9c2dde9ebbe01d652e2ae958b0
BUY,0.001436175422909859,53649.435,1766518551,No,0xc2ad5b9ce74a653bbb9cc7bae5bf7473a9a8f52d6338a61e1feb3f401ff35842
BUY,0.001,3000,1766518455,No,0x04d8fd6527c0596c5ea1d0f5c02b6ac8ecb534d19993e63ac719c69cf059cc93
BUY,0.999,8.94,1766518245,Yes,0xfff58e2c184b0ad60811e54abd6b620d8b57689b13bf878feadcfb416f2b6be6
BUY,0.002,14500,1766518161,No,0xfce041627688c295aaddb06409c797606717f6d5384511951f3009e644db91b8
BUY,0.0012008607140020504,20585.235,1766518013,No,0x3a939dad197c97a360943baa8f6a3f31aedc0c826e2638c1bb5d03e71d8c11d5
BUY,0.001,10000,1766517973,No,0xf18b6d514cf97efa267486b2e5731dfee71315ec97d33469e6ee698927e7cfde
BUY,0.001,25000,1766517973,No,0xabcafb613b2c8f8b0b576e4917d24cf6717eb825592bd42e2c3c5680771e41f1
BUY,0.001,20000,1766517939,No,0x9cbfc9645a37050e608a9b16231687231431566e9fdb126c4b70eb708e66f940
SELL,0.999,103.09,1766517937,Yes,0x25c7d71bb2cd7d81bcbf66dc501f44c71da1a2b4e6ee6ef287f19684adb74e96
BUY,0.001,20000,1766517919,No,0x0bc4cb88919a96084a14d0706650e625f7c55ec6e321bc0be8256966b3185cf8
BUY,0.001,20000,1766517781,No,0xba80e66fc82fe6ebeea91ccbf23cbe8e0310d4e0974a5a5bf3310708f34b15d3
BUY,0.001,2000,1766517375,No,0x077f7a818693e01eacdb1de4f1418e5427102611385439fbe2454bcac8d11b6e
BUY,0.001,20000,1766517339,No,0x35ab03cbe65d72f7e49e151b28421632a9c343d87d3bf086d817a4bb43558678
BUY,0.001,8000,1766517295,No,0x13055ed979d0e3a8e860110d1251cec2674b8963c784440a87d3557010998a4b
BUY,0.001,68930,1766516885,No,0xdee02d7e63d781b866bf35dad4a4c905d954dd46ab81cb7385918d5dcc14f4c4
BUY,0.001,1000,1766516813,No,0xe2a51684f5d36e637c63dfd6fa5813f8b2a43baa281096d2353658a0f4fb6e7f
BUY,0.001,2000,1766516735,No,0x710b3e01e830baf04ba060ce066a1522c23c78f90772eebc0fec375e693da8f8
BUY,0.001,48170,1766516567,No,0x406016ec46c3ec46a5a882a240aaabe580c7eb15c98bac5a1829fbac3eec9418
SELL,0.999,2,1766516181,Yes,0xb5c6c62b46e93e8c7e1661ee2a0e3fb4e7f98a782bf3715e14601bc237908b12
BUY,0.001,1000,1766515965,No,0x132bb490ab33b44488c859c7e687e9098be80e5a609538c44259733a8def9d2e
BUY,0.001,20000,1766515921,No,0xf6e0eb7d3f58f9ccd96b006d4b9118ce5b8ea879634e08af7d3d36d395e8b5bc
SELL,0.999,5,1766515777,Yes,0x8cf5a58ec612e5819979d6e96f09e0c6213979e18f641112a0983d366af70fc9
BUY,0.001,80000,1766515699,No,0x874344e5076641aef52460b07b2bff8a5c5652d92efefc2ca6e202718510427c
BUY,0.001,4000,1766515575,No,0x64250cb94a981f104dd2357f9ae43912e65a03c08d1ecc098f80e83fded54642
BUY,0.001,1000,1766515573,No,0x1ce3b7969e4c1be050cfd837c695a5f012c014db66e0c6a5ff75f9dcd3b83939
BUY,0.001,40000,1766515457,No,0x3b24cf5e82ae9c79a4ed559b5be5a622cd4c01c30c3618a585927f7f38f80f05
BUY,0.001,1610,1766515437,No,0x662971d605b2c3a057d648a42a34bf86c7677b8903022c9722de7ada50d55f4b
SELL,0.001,99576.64,1766515401,No,0x04a9245a25256018ad39d8e553501a25cf8d1c468ddb0740c47cbf71a80ce528
BUY,0.999,2.612,1766515377,Yes,0x2c2a680d29363164916949bd5740fec0865cfcbcd20829cf2f72974d0c2f72d2
BUY,0.002,500,1766515369,No,0x58d4219aa4a5c5d1abae3465a1d018b6406ab5cae07bad9e65f628bcb2f77f66
BUY,0.999,2.612,1766515295,Yes,0x37398842062e52a8b35b2cd50c39f5f4a170fc20526a16091d63481980dd981b
SELL,0.998,0.41,1766515287,Yes,0x695b3c7ee9750812a71aee3b4a69692bc16a88b9613b5948eb7d26d0163e17ed
SELL,0.998,9.92,1766515287,Yes,0xc97006d21ca5dfc67405b4ef37b5a30c7a1fcbb4ac49707e1ae5c3ebb1063775
SELL,0.001,125000,1766515279,No,0xf5018f46f5707bfda69c9db5ca7d2d8334c53ae8ef9ec8d84f7e61453f73500f
BUY,0.999,2.482,1766515167,Yes,0x2a00b445226ace64f2a8cc59e28f1ea20f123adede21a1e24bbf86a238e99bba
BUY,0.002,1500,1766515159,No,0x09ababce33c219e680a02ca488b1e141530aedfe217c03872e2b706ff3d7ff2a
SELL,0.001,8599,1766515151,No,0x1f04e6eda6c0293b0704bb15bf819b95ce07e0598c83dc66b4c35f1163677fd7
BUY,0.999,2.482,1766515035,Yes,0xd505ce8abb596878667cb6a9b1dbf2d986eb132d198fced615f2602bc033cef7
BUY,0.002,1251,1766515027,No,0xdfbb83db81b55edbeec3315e8c5c772f6c3e26a69bf4eb37e18006d91a704cd5
SELL,0.998,1,1766514959,Yes,0x50ffb241e05a4270086ec6ff2f6ff5275e942402d0d455083bb724636c985e56
BUY,0.999,25.025,1766514915,Yes,0x68f036254f631d15a2054ff64b9f1e270a728af35801bfafc824453fa617703a
BUY,0.999,2.482,1766514901,Yes,0x7813f99344904f9fde93425c31c951e300f949458bf71b948ea18e0bb99e235c
SELL,0.001,4769.77,1766514901,No,0x7e45ace3dd48aa4084e6bdb18731136dd96e73e0cae1c9f872f5458d4fc21ac5
BUY,0.002,2500,1766514893,No,0xce5ccd81fd88de815443e0ec62d8b734ea02bebbf64800944735fa19ee13ff9e
SELL,0.001,2276.02,1766514857,No,0xca7ea9722d4f669852a349a0fa3f09d55c7b73efc56422a37ac5769cfa4daff5
BUY,0.999,1.001,1766514847,Yes,0xcff9e9eac4176e41e2e4a4291db336244a303c67a922812101935751ff0c8a1d
BUY,0.999,2.482,1766514771,Yes,0xc2fa5b5f789a394272c6de0222f7d314978622d64c2cda67477bf87d303bc3c2
SELL,0.998,24.84,1766514763,Yes,0x7daa4bcf2b21165574fd39ae6e93017b32d89be3440f3d5c5bb5e77430e1ad12
BUY,0.999,1.001,1766514733,Yes,0x5a2904ea41414c8c82bbcc8da39fb95153d4722e80241c099a8d1a2e30bdac9c
BUY,0.999,2.002,1766514733,Yes,0x86605855de85dd7a5d6fcfb7de105bf745a6134a209a03c8a052aa411da80b75
BUY,0.001,73196.49,1766514727,No,0x5ae5783bd2d5b6577b29a3f5a605476e7b7d60e4316709361b78550749b3bffa
SELL,0.999,0.51,1766514705,Yes,0xbcfba8b22de04576fac1726f48420f848fd6dcc6c8ab18dfbe90b9641f18e6f3
SELL,0.999,2.45,1766514703,Yes,0xa41b71d1a7bcc5dd7ae58af3b141c5a45291da471c440bc4454900b5626c8d87
SELL,0.999,33333,1766514695,Yes,0xe81fabcdf86efbfcb9a40229e8b4058f446308d70ee423ee6d7d6d32449c3fdc
BUY,0.999,197825.52,1766514677,Yes,0xa685e627f0a9289efd8941123bbe22163047acc6b51f7dd321905668b44d944d
BUY,0.999,2.452,1766514663,Yes,0xed651f33df6f1829d888bdedf4da34de64455b96f582d18d8f0cd87f15da268f
BUY,0.002,60965,1766514655,No,0x5ca65a6d58b3bf5322ce443404148ffe796e28bb031f52e3a3ac6c623dbee64a
SELL,0.001,1111.11,1766514651,No,0x6829af122539e203ccedec7e608e699cdea80ff307d27e9f951a2202f32be282
BUY,0.002,5475,1766514641,No,0x658b441e22f942979b6fa9b0752edce26326bfab78abeda38858a10bd9451fd5
SELL,0.998,98.84,1766514615,Yes,0x7304b50178bdfd1e7378886d3a0e7ca6cb45544bb2f19d5c7562ede37662db6e
BUY,0.999,20000,1766514563,Yes,0x9e40d537663176c35928014017e01ecc1f0348a92ac178e6e3be4c5d3dbce93a
BUY,0.002,25120,1766514537,No,0xdd8fff7d72df47e95ab13fa5d2d34b4d794542e58cb05ad9fddc314b8dd781a6
BUY,0.002,3000,1766514509,No,0xfb66a45ab10cf252421c16e60e10466e137a701406b8c784382e6c0c3fe92dff
SELL,0.001,700,1766514451,No,0x4552aba3ba4ccbe2768d2f38a7dfaa659872c87866b44a9135735585ebd06b26
BUY,0.002,500,1766514341,No,0x036d26086c9f239c1d21c46e686e2b0d6b9101c40cf62be75b1d67b72f9d039e
BUY,0.002,2000,1766514301,No,0x283bd09d5b510588a99dac6be566b49005e6136c3b907fef04004d46aba18140
BUY,0.002,2000,1766514173,No,0x05a3fdeb603ed0279c8975dc8da4a6999ccd473b8ff1749c9873963f305a3a7e
BUY,0.002,5685,1766514045,No,0x6166a00d5725e607f31c141c8abac58da5d916cdc178d3945baddeff296e506b
BUY,0.002,4730,1766514041,No,0xb080a67f932ad1050d69424a0d6357e428eb4c32e3ec2b3e5216a36cf66cdde3
BUY,0.002,1000,1766514005,No,0xc26d372d94b04d42398fd2ebfe71fb84bed8d7aa9fc4f0d38695fa05e0e77355
BUY,0.999,1.001,1766513977,Yes,0x8f1323d915736900627d13650ea319034f4a451484c02cf7cece0f6041bacba6
BUY,0.999,5,1766513963,Yes,0x80720813d788341410d7fd4414901a8e84eeaacc2b4418522258e12efa8d4be5
BUY,0.002,700,1766513853,No,0x18bb3804ca4af3eb23ff3f8f4c37548acc8cc752876b0e1cc0e9f7d1333039a3
BUY,0.002,995,1766513829,No,0xa7e58f37b64a188c0107b5a910a71086876178af0df2c6b5e438b81c8ba50665
SELL,0.998,7.62,1766513769,Yes,0x31771c002005651e01513a0ae1e081fe90fd580a6062cea993296e9231cb1ec9
BUY,0.002,7935,1766513717,No,0xea8f224b967eff34290a7e887a03692d05e6e9d0e82b8e827a20fc559ef9dbe1
BUY,0.999,1.331,1766513711,Yes,0x95797bcc745ba00f3590028fae6df101909f4b8ea227a46577d577373cc99565
BUY,0.999,13.443,1766513711,Yes,0xd23184934423b3973894832f0c87dfc82c708eb62308d0787976ea07b5d694e4
BUY,0.999,6.416,1766513711,Yes,0xf8d96fced9493d2eaaf56461b82a01ef65f45fe2ddb2a51d8674924059dc9e0c
BUY,0.999,1.001,1766513707,Yes,0xf579d68c2ef3ec633dc6ff9d26f4d8c66f2ee007431443db97398bbb5930969b
BUY,0.001,67.28,1766513703,No,0x02e9f7657c4beb2093c8d5539b7d57c4553762966b8a53fe469dbc5176c271b7
SELL,0.998,101,1766513571,Yes,0x3510cf48d56bc16fed2f80dcf08eb1731e6390e77addccdb69d288335aef2a33
BUY,0.999,1.001,1766513497,Yes,0x087d748a5c1180e9edc971f0f33cd6d8865c7d1cda131405d7740151cfff5b8e
BUY,0.999,1.001,1766513497,Yes,0xc22c07f1f1075aba1a1bb0aed8c2839804fa48affaa16010e6a9f86e39ce99db
BUY,0.999,9.659,1766513495,Yes,0x405d71f29a9a6df58ce9fe80a611165dbfdca2c5c5818d0ef0a66b0ee3e74801
BUY,0.999,9.659,1766513493,Yes,0x218743e156ae674e46b6b922df3f442b461a38acb41ad958f3389f65836b6c37
BUY,0.001,4600,1766513493,No,0x38c573dfbc672c550a245058dcd7c6331d95c8c8ac9fdd2296d36fd8c31ae024
BUY,0.999,9.659,1766513493,Yes,0x12d49e1cb6760474d363eb7f410a2f5d47108f8b5a72f8e5bc9908661de68243
BUY,0.999,9.659,1766513493,Yes,0xa8b46b41d9a3d27512d55b70f56d7a2769f6cb8ae00e3ede90a8dd4aade104b6
BUY,0.001,1000,1766513485,No,0xf88c640db90b668eee3493f2deb21502f9962c24b464a73da001bf1decea236d
BUY,0.001,1000,1766513373,No,0x3b50d15aea2a325f38d104bc33b1489a20f54ed98152395b748300408461d22e
BUY,0.001,5000,1766513367,No,0x3c5cf9cfb34b2818791b2452fe99e7a5a2611b82f78c2d61bc8c36d51425fa43
BUY,0.001,50000,1766513349,No,0x6b2d5a76c8b2c17a282fda3247f82a8f025367210edfe0791f458216f6c0ee2b
BUY,0.001,3620,1766513339,No,0x2dd45743753315becf386413757183d0645fa5e583729e7868aa01781b5cd66a
BUY,0.001,10000,1766513333,No,0x33bfd03f459e0a938b55b9c944f1cfd7de17c6542f6eafdfad36433547cbe433
SELL,0.999,2.15,1766513331,Yes,0x142dd7d4a7833cece56881529e45fef9f4968a2bd929772431dfc17ff552601a
BUY,0.999,2.132,1766513329,Yes,0x8ca78a7ac4240f96ceaf1ecdfce7e0fcf4b6c73964f3485293573be4c14976e2
BUY,0.999,5000,1766513329,Yes,0x035e1596fcf71f3e36c4745980b54f150860330fe9c2b109d33a62a22d9accef
BUY,0.999,2.132,1766513329,Yes,0x8de865ec6c9b098f70be63164e8442d16bb852bc87b62ca61f81ed269769acac
BUY,0.999,3373.28,1766513329,Yes,0xfb89d49b1c0e0d19f820d863a43c55a49034dc951ac212fce7520cd60b513a05
BUY,0.999,5000,1766513327,Yes,0x8eefecf821bb30a3a2776ed7dfa82ab0e0e2aa9fcc1d95b89057fc6a44a16606
BUY,0.999,2.132,1766513327,Yes,0x582a67d0f9d57db983272ff9d7bd8b27f1548f057b70307440ade0e62b8070c0
BUY,0.999,5000,1766513327,Yes,0x504f9e09d98f6e4064ca7bf61039ee4394b7138b6cf124bf5a58122b815dcb42
BUY,0.999,5000,1766513327,Yes,0x40c1a9e6edfd3f12acd18ed8232f54e0cb4a5add09da13f32b4a406a7f54cfbc
BUY,0.999,5000,1766513327,Yes,0x1959921aaa8039f6d2cb8bdc77c6c2fb43d8bc67f230f00d6b65d6f32988121e
BUY,0.999,5000,1766513327,Yes,0x4437d2e677d10867aac456590f9166562167de9a7bee85a8285e1011054d1beb
BUY,0.999,5000,1766513327,Yes,0x406ac17af352cb798c8c86acf26d48c4f4a0084b26f84251cea2cd4a1d4ad464
BUY,0.999,2.132,1766513327,Yes,0xe23704a45dcf64eccbf25eb4da101c4f362331aeb0c0c20e5a928de634cc87a7
BUY,0.999,5000,1766513325,Yes,0xf7316765ebdc0788b0459d96b5002acd17520228702db279ffe90c8afb5e88d0
BUY,0.999,5000,1766513325,Yes,0x74cf0a15d779e15e7181d68d10302ec1fad16cf44be1c292e76a9568010f90c6
BUY,0.999,5000,1766513325,Yes,0x423fb9b6a4df51584425e36747713f08566ca1f834b73e004ed06954c3d526b0
BUY,0.999,5000,1766513325,Yes,0x3fefe43e6ed7d231ce3c7ea0df3818e53f9b5427c6762f1d51ae6784301bd031
BUY,0.999,5000,1766513323,Yes,0xf28787c8cc0222d791d94c415179ee2d717f8648502e3f0480cf93573bb46cfc
BUY,0.999,5000,1766513323,Yes,0xf3138242e84b00158c98c26f10378ba7a72d292740e7c27b42e9d6416493743c
BUY,0.999,5000,1766513323,Yes,0x5afb2f825a2211a7f63e677db5ee3a2febb37d9e86ad9eba36547782323f1709
BUY,0.999,5000,1766513323,Yes,0x8a768f84b9245123b66c3b3f769a743c538cf68d96fd9123673855238c0b50bc
SELL,0.998,1.61,1766513207,Yes,0xb1924d7a13094bb2dd829c37307e0be2b3e5f43d586cd2d281174f0762b2598c
SELL,0.998,1,1766513185,Yes,0x370ee19f3f503ef0c0ccc9e83491678518e97ce1e5cae65d8ada987a84344f82
BUY,0.999,1.001,1766513085,Yes,0x7409bb61157daa915557f16f8ce3dcec00f05b755b562ac86fea255e7203f224
BUY,0.002,1000,1766513081,No,0xe9da95282b1ceaee8e0155cee561495985084e0000325f7b8cf688b36e54f084
BUY,0.999,1.001,1766513053,Yes,0xf50064943061de0261860c0f2e47fb714755165e03ef7d77bb9b8e194fbf9fa0
BUY,0.999,1.001,1766513053,Yes,0x2ad87bb8fb001b2a81d5ba81885fa3651e7d8a715b474b19549529d0c6353bb0
BUY,0.002,1040,1766513049,No,0xa414c61d6a7fec7c7d36fbce5922b60b1d93c6e86515d00c562f0f51a2cb4c6b
BUY,0.002,2500,1766513049,No,0xb816d8cb5f186cfa5e848d98348567486ac3adcaa45a1b409f4c2b5a39b62a94
BUY,0.999,1.001,1766513035,Yes,0x62b41f702864730e249722396c31a87f66dfa2a91980dad7630238bf36fd96e4
BUY,0.999,1.001,1766513031,Yes,0x3cd6ee1455ab9df9808a3a82ea6e32c58632d84897f903d1e1312817a69d1170
BUY,0.002,500,1766513027,No,0x9b55145630cb7174978b8ce1c938c7345e8e3280529a8788ccc631c60d7e03db
BUY,0.999,1.001,1766513019,Yes,0xc16b3bd7a31ceb5803e59429e815eb94c78b770a2930c96b0888b1e47c4eaec0
SELL,0.998,1,1766513015,Yes,0xdc5939dee8f098ff9aafe670c4c27c1e010ed4ab6bb5bab3fe89cff4d5aa4b43
BUY,0.999,10010.01,1766513007,Yes,0xa3f4ec39aa468b9303aec0dd549b05b94bf741cf757972532682c70b4c0a8ef0
SELL,0.001,103.95,1766512903,No,0x6bec7e0f2b2d34c9d45f3856ca602b4bc63e53ef3df90c52750052c6d78e86ae
SELL,0.001,3870.33,1766512817,No,0x411f6bfc9d4eb55b70e88f59f0ba5879cd0dfee0805da2bbc4b096619a71eb67
BUY,0.999,40,1766512807,Yes,0x7f905ee60049ffd17b3270a397e7b9fc2f5aca76922f93ba58c41b19edf2acc8
BUY,0.002,1000,1766512761,No,0x35d86033469444afaf4e1608b02c493b8f7e5420ca2ab1776f5c95c68f07f2c1
SELL,0.998,1,1766512735,Yes,0xe8c87444a6954b8d0cadabda6f22428872483e5ad6709894bf8f725dfd90470e
BUY,0.999,2000,1766512733,Yes,0x374623642c8b94704256ff100d38dd4e4d47f7aaffba4973d4b2962672787535
SELL,0.001,100,1766512729,No,0x760e2f6cbd28444760c764115408c62ecaab10b805d0a6eff116600eb8a26844
BUY,0.002,1000,1766512669,No,0x673d32ed140f0466d8e82f3a3142d22a77e242e4b7af29bb17235fd14ecdf2d9
BUY,0.999,100,1766512597,Yes,0x5ed444318ea850632dae3c39572be6a1ab73e56ea94612dad7b44525897770f2
BUY,0.999,20.02,1766512579,Yes,0x73bc0ac050147f3fa45b47b8ab1bb758567e3aa5ad36d5b357e25c2eee727125
BUY,0.002,500,1766512525,No,0x9c0d98e8e58aa31e40e406537a7506fd13c45357db5d6d642ade6e62b8a4d08e
SELL,0.998,1,1766512519,Yes,0x25b92f97a94fd358182b1e6bcc5d1178d80e62df1c5e2ab9e065666f469ff4e0
SELL,0.001,7081.66,1766512485,No,0x870acfccaf51b12abf2926640b79e62043a56872badd749a3f3a99a34a1c0f66
BUY,0.001,12359.42,1766512431,No,0x3f06731d2a9bf363058b9d7bf7b1bb86c1f875011fc251e2d83f06401e900351
SELL,0.999,1,1766512219,Yes,0x46518a9b90460550c1b905e5e8689b878ad619c6b405db0f126aba8d81c9fd63
BUY,0.001,3000,1766512165,No,0xde5f54555cc5860bdee9fb59903191bc47a49027d05485abcff3000a73081643
SELL,0.999,5,1766512107,Yes,0x0b2d4e9641869f2ff263cbe1432aa13b89da115f6cb573163111d20f40dcaeda
BUY,0.001,10000,1766512085,No,0xaf6f7103a4803a859636f3fc6b714456a639c20a1288d8a7ce61e9eaf45ca925
BUY,0.001,1000,1766512063,No,0x17a6891cdff91c86ef4cd661c84161092ccb909fbdcb40dbb9c186bb35bf53af
SELL,0.999,1400,1766512015,Yes,0x9fb84258153d1479f3dc7752d11674937dd099afb7452449d391abac3ed0367e
BUY,0.999,3419.36,1766511903,Yes,0x9ece86011c8f67a5262812e7babf1a6ad13e392790d009719e42f221a40ba938
BUY,0.002,500,1766511859,No,0x0c68ca2dfcf42c3e478618ffcaa228fe6a7f26fecf8b3d24d821113377332f97
BUY,0.002,5020,1766511799,No,0x76a2b2b7b7484df63e6beff3edb5ec25f236ead0e9945f792e51ebb1727c2261
BUY,0.999,121019.8,1766511701,Yes,0x280b236e6691bcdd2d6c8d8894c6ec50004f3761755398bbb18e7f31c553950e
BUY,0.999,8962.692,1766511673,Yes,0xea2a9667aa6014d13257ce98dd592bcc24e7ee67f9b70d36fc43bba6d1fa5ffb
BUY,0.999,12000,1766511653,Yes,0x33f327711d9a91ff3eb3779813146d52690ae35b109970113546ea8e84fa3e18
SELL,0.998,1,1766511581,Yes,0xfce5f1d2917adbc1f74e69655b0a5c3212140926bf00ba165e7093366e0e75bf
SELL,0.001,21978.34,1766511545,No,0x71db6d23fd051df6e49fc8b344a06ea223f6fbb3ca12e5d9cbf2070240dc435e
BUY,0.999,13.123,1766511511,Yes,0x4864146b943fc3c5132be5c879ce0442a59154f592067c2442860d5256640838
SELL,0.001,14707.5,1766511463,No,0xad4f2fb5dcb8930c77af040aeb8d3072dee8960e13e6f01dc70dc65f3939a1c2
SELL,0.001,90541,1766511431,No,0x19aa25fb9b547819398c706cc496a326ec1dfd2a187d037b9a7e1c60e7e3c289
BUY,0.998999960210117,10.580579,1766511427,Yes,0x35f4f73a81468c8569a5f2607d419de963ce585ec41648ea5afcd8cdda5be590
BUY,0.999,1111,1766511423,Yes,0x73eeaa0f5ecfed6152cd6ddceee616737ed90eba82e7801d72e22befff8b25f9
SELL,0.001,31002.49,1766511421,No,0xa7aa997601a3c3d6ac4684b3c8f384083d065f96bc2944b9dbcd07f222ebd688
BUY,0.002,500,1766511417,No,0xdd436c8adb6ae6c013fdac7fbb2087bd6f125fdac88edf4dfcd31aaf0764c185
SELL,0.001,4000,1766511367,No,0x5779246a816c0f59f16d61adf8bb77711d360bdfe770f63ea03d307d62747d16
BUY,0.002,500,1766511205,No,0xf100b238c8f9cad7068a2a94dc5159b5f1a1f13460f0b8cf2f76ef592cd32031
BUY,0.002,2500,1766511131,No,0xa3266bc8fd5d9a0d7405524e3fb0caf1495057efd61d5d8d03dd50ad5f5ebdd2
SELL,0.001,1000,1766511119,No,0x7dfafb3cd5d509036b36dcf6a604bc60e919420ee02b14ba590bdeb3550f0655
SELL,0.001,34235.05,1766511097,No,0xe8929d5b2dbb315fe23b7d6db6e20343d8b2d288aeb17ad96bd9a5c6e1c8d4f8
BUY,0.002,2500,1766511023,No,0x7ef6a9e27a1e225d2baba3e45c3e417a459c7a4e168df70a87d77981ac4dfe57
SELL,0.001,78056.66,1766510997,No,0xf4503be5bb2b97f518e38fed289b335323c4a8986b0e766e045a3b768dc83a3c
BUY,0.002,500,1766510997,No,0xea87f445ce110c9f39eebb6c4a5d498b8d646d305b35f70b1167c908f7e56a53
BUY,0.9989996055109516,2.152151,1766510933,Yes,0xe8fe333ae8a9f129814564732cb1fda0fad004420a3bf2e44e7bdd1be59a7c28
BUY,0.002,504425,1766510925,No,0x5a997d8f6ec72eeac9720e90cb0f981dbcce04e5cdd80a830fc1a8ee481bc35e
BUY,0.9989999999882151,26983.683682,1766510921,Yes,0xb1fbb92c2338fd461af03df16a697781ed4538fd28b480c641fc69c09ccaca43
BUY,0.998999999984105,48254.234233,1766510847,Yes,0x66a8f5046ebff3aa0f137986563d1dfddf983e64c80a498c25d37095dfa17657
BUY,0.002,25000,1766510809,No,0x1932ece4b173c6a0b88e9c606d40e7c94dabd0b24616a803dc4d364089e552c8
BUY,0.999,55000,1766510803,Yes,0x592f93579b282e1c5408c87fa531cbac6bd8af73c6b4a5356cf92bd24411266c
BUY,0.002,2500,1766510523,No,0xd91d4af84801e67cd4da7162722d49a6d59e9951a0448a752f029a699e7cad10
BUY,0.002,500,1766510481,No,0x9b135ff7b29662102402dafa4010a5c8f029f288c5373cded80a8beff8b8780a
BUY,0.999,16681.17,1766510443,Yes,0x1f116a862641f00c0a3c90c9d4b0d5f84d3667e393baeb3dc3250630eef0d32d
SELL,0.998,230,1766510357,Yes,0x2eda73549c54616c97da3b5f671a9c69ebc3788fdf782eb54bf42b4f0e05c33c
BUY,0.999,45.045,1766510353,Yes,0xf000af297b04dc34ceac82d8e8f2878509f36b5e13f34699fcd355e77a76da78
BUY,0.002,10000,1766510333,No,0x343aee03485216635f34f4047b87ad72aa7cbe8c6f05b025f7bcc1ef36b00c81
BUY,0.999,2.282,1766510311,Yes,0xd9c06d6e6a0935d00222edf130e680404a124092ebdadf2e9b50a05db26a4c8d
BUY,0.999,20.02,1766510311,Yes,0xb682e3603e1f377e1df0d4e7d10880301a9e29d0b6cd772c02232d6d0d66b93e
BUY,0.001,8188.38,1766510307,No,0x25b5f60f9ce9d360887810102ad3dd80a84a7ae7dd93561c249bce450444258a
BUY,0.001,10000,1766510303,No,0x58d7eb3dcdee7be242f1812664b8a9c5254d79fec9088ce411b5bfc93f0be381
BUY,0.001,10000,1766510297,No,0x83d132be90ebfa58c63f71f8dc1ae78eb45c772392c17577ed4f148e333e59df
BUY,0.001,10000,1766510293,No,0xc5c17f91e85654f0a0907913352071658911af3c0a0a91bbe9c8adc478bd5392
BUY,0.001,10000,1766510287,No,0x8ca7ca00f9fca8ccf9abfb6b77eeb7a8972c459e0de45ccb43913bca39c454da
BUY,0.001,10000,1766510283,No,0xb67d1a403763c95c9124da7ccc1d19a3c9d56f1f7ee36a7251bce389de1f7a75
BUY,0.001,10000,1766510275,No,0x5ac695498d48836cd08227d71bf75596cdace0258e1b8772056c704b89c564a9
BUY,0.001,10000,1766510269,No,0xa2a02cb75d79475fe3cb5e7b3712052ba137938d2e5df3705bf881192f6801d7
BUY,0.001,10000,1766510265,No,0x97f858fdc0ba1b1614b4988b450194b71b170f7b742e860ba624f1e1bb0fa7d2
BUY,0.001,20000,1766510219,No,0xa553d640640ccf67a66689d21397a9c322994682e37998735f35a5e1b9298536
BUY,0.001,10000,1766510103,No,0xaf7d0ebf3dfcc7d616df51db31e5a78c21b07d1b22b00128e1f6813f05598746
BUY,0.001,10000,1766510093,No,0x7792c410caf477cf885d3737ce94d62ef4e0af4a20f99f46bc9d9d5993e0f4f9
BUY,0.001,10000,1766510079,No,0x35edf328a183d087384f1136e73e98a852beee6f1b85e4169c259d68958ee34a
BUY,0.001,1420,1766510079,No,0x4fdfc2e59b8fcb03c48b10d7ef69291e436f06960f4afc06f5b5d244657cb6eb
BUY,0.001,10000,1766510073,No,0x384ff6dd357c0b973bbfb508d3d81802cf752fda23f9a9c6e0e2931fb3ac3043
BUY,0.001,10000,1766510065,No,0x68fd93f2cd8c2493cdb519edca8feab932aeaa698134e1f16eefae86f9a0b9af
BUY,0.001,10000,1766510047,No,0x886172d0532b8f952ad04327428379a4a0d2407d1ebc5d1022c32e271676bf49
BUY,0.001,10000,1766510037,No,0xf764ee34a73b244b1eefa0cdbb6a96efb2283ca3bfbdc1845b5fbb01327a5b8f
BUY,0.001,10000,1766509999,No,0x657d83f041d3eaa95d8561192d99818cac793550b3ed7afb768fb369c907bc1e
BUY,0.001,2000,1766509995,No,0x68c0ca6ad4629d422d88af576326a006a4bef811c260f3145494576323113c1c
BUY,0.001,2000,1766509979,No,0x1aba0d8e90b26a58421d5c6fd8c9995b49e2d07f12d26113f85444f2c2b8465e
BUY,0.001,10000,1766509945,No,0x397cd82eab212e67539fa4076d9cb0abc99b2927cd7de2d3bcd480595595c3a0
BUY,0.001,1000,1766509923,No,0x32920ba6b76cd1991865ab7999901f71cb1537933115cc0ca78e1b098451717a
BUY,0.001,1000,1766509877,No,0xb138b810c60110588901d4f584297c69c6372cdf5ec5519979e97146f78cbbaf
BUY,0.001,1000,1766509787,No,0xf05e9f5647420066d128e77bb5ffc9c602d1648ea1d80a8f4f82c7bfab45276c
SELL,0.999,76099.76,1766509765,Yes,0x36c5b1a71e89465973067a6633c7789ade5cd753b62e07211ae747764340bf44
BUY,0.001,10000,1766509757,No,0xd1cc4bc84a3ecac8998ec735c516924412aadb02a94f73af32952b9eb7d40e2a
SELL,0.999,540.6,1766509715,Yes,0x98b3923669589c96f4aa702adb3ce39453a7aa6de834626d127f59e9413c31c7
BUY,0.001,10000,1766509619,No,0x1939fb4ce046c0585c10762ae9e4fab80b576296646de1b796bb3182a9af4941
BUY,0.001,10000,1766509571,No,0x31af3ed58fdda9d0296590a3ee71d5a90cb967d7ba1b12fef9d0a1e31cdbf193
BUY,0.001,21000,1766509389,No,0x501728c958d320a0210b7952beb7cfdf38beb9de94455f2de7db577d515e07a9
BUY,0.001,1000,1766509299,No,0x4497d910c9a6b2a1bc7111b5c97127501c654b6a894411a382a53d5be28a4b13
BUY,0.001,22000,1766509277,No,0x34da05bf354c5c0aa20fa0e8b36afea481cb5cd04bc27570e6b1a1a1a328cafd
BUY,0.001,3000,1766509201,No,0x33ee6ebc4e991d6c7a5ea7a2a0e2c69b78467b10824a6da536b1db0989ee37f1
SELL,0.999,10281.96,1766509109,Yes,0x65cd68cbb371a18230208484316f46e5fe7f5f5e5fb5affde1b4ef893a2ca47e
BUY,0.001,1000,1766508791,No,0xd435a5a0d38200ef1be143c773c6b54e421f15b4672c46f73d0ec57b9426d916
BUY,0.001,25000,1766508671,No,0xd615afa1bf9db5fd71204f54ef3d063e73589db259860e2e27ed3219fd775fe9
BUY,0.001,1000,1766508629,No,0xfe69e5530197c8a07d065cda550d284206727ea850db9f0e3728cf70f5361958
BUY,0.001,15000,1766508605,No,0x700bc651ad4a848914ca513ef2804be85b18324180247d10775948119bba0691
BUY,0.001,1000,1766508535,No,0xb2393f3bb12ba2642051144e660ed59e3930a367e11d45e8af88f328878be75f
SELL,0.999,5,1766508479,Yes,0x76933ab7478671b06ab3b935ada18a587d917f8b142bfde8c73232576f51dc87
BUY,0.001,3000,1766508343,No,0x2db3318802527ad00c61a2f82d0988c4b3af2c2417f0aa75b6fc3fcdcde4435a
SELL,0.999,10.01,1766508323,Yes,0xf4532e351e92bb09055f20c0f2852f9181633a0279b5652a84c545074b5e7379
SELL,0.999,10.01,1766508309,Yes,0x0f42a2c0015c04511712a1aa21b0b7574503c1cabd9131602d90666ca4b125ae
BUY,0.001,2000,1766508291,No,0x64dbf8a663f26ebd49611dacc4b0d978e15cb8baff20e35ab5e4dc06cc36bd40
SELL,0.999,12500,1766508211,Yes,0x1cae2955d7da48405999e8bad3a70537f8d1afa47dff6ac0fab343b3725d5c5d
SELL,0.999,10000,1766508203,Yes,0x66e47028978f72cff8aa78b0234b30e16a40f7e7a6a75ace14a3ceb07e0df0d5
SELL,0.999,19000,1766508195,Yes,0xf94063d9d702f9c5cfbd5a54fa9629b60e281272fac495cfe623521a12a4e36b
BUY,0.999,22809.57,1766508189,Yes,0x25bab8717ca5106631893d07ff97c89d8994261301ada5b84ce3c31b10b62119
SELL,0.999,190.43,1766508185,Yes,0x100765036ee47140a85eecd9e3ae11b43a5fd9f547c1a2b7d883862811c1b0d7
BUY,0.0011166936449030546,642100.905,1766508065,No,0xbfffa1a0a324c6fe1465daf6a22448e1513dcafa8996b63316c0e138be9158b9
BUY,0.001,19990,1766507931,No,0x6f47aeab47981109bc1ed93c4951b77d739e005b0cd3831224e9e8a939895ab2
BUY,0.001,16000,1766507855,No,0x45ffa19ee64a70961d17901ecf9a8117fb89a26bf538d97c7be7addecbcc8dc6
BUY,0.001,1000,1766507843,No,0xdc0995f0d9fe64f148353c48294afbee05badddd0eaa91357f3d9b3d629682a9
BUY,0.001,20000,1766507823,No,0xfb60bbaccb777ad841b5257baa257bd50c9c6fb65e3043bed8c838743f1ca0ae
BUY,0.001,4990,1766507791,No,0x03eab0f446ef71d7961c44e773062bf06aef391e6ae9996c4d5e0d284593a8a3
BUY,0.001,14000,1766507581,No,0x8be94d6f765f7f6df736ace4cf985829937addc05b0a0d7f232171c869c6f3a9
BUY,0.001,1000,1766507493,No,0xf33837837d9641e8456dd45fb25223fba872adc9a6892bedf15049e2461a8d1b
SELL,0.999,10.01,1766507399,Yes,0x15bf02d6d8e3c8dbadb6265295e7f3002d91c1c9b87c2d7266db704ae86232cf
SELL,0.999,10.01,1766507387,Yes,0x9181903740af10c52633f47d39ecebc6624f8fe6efa0f1b8b8c456997fd4e057
SELL,0.999,23000,1766507355,Yes,0x794ef50292fa3346fe2aff1c7fbf773730a55e2de4c3404e72e9f4a70aa50188
SELL,0.999,18500,1766507347,Yes,0x43292956c5bc6dba93c59bda88f0ed01177e689b37ebec1c801b8556492c52ab
SELL,0.999,5500,1766507335,Yes,0x462264a52df929f4c9c3afd25b5d709a83f3a39bff26a287b53a665f4c39afa1
SELL,0.999,7500,1766507327,Yes,0x2342a660e544485093fe35c21a11a8bbe718f56c2d12090e4904d09d1ab14c77
BUY,0.001,45000,1766507177,No,0x18d94fcafbbae39ad311ffdafe5502076292695ae165a77cd72f973d04aa434a
BUY,0.001,1000,1766507175,No,0x58aa060b89051a02fe3035e49f489f6d4f5323f61d87a3a4b25d0f375766f090
SELL,0.999,2000,1766507141,Yes,0xee268a7cce107b25b1535be42794993e0135f5fb7f67a50bf19d1099dd9962a3
BUY,0.001,48180,1766507049,No,0x9df98bd6df5996d7fd35e9d0ad8581e187db13692a7fc62e89ac919294e8a7c7
BUY,0.001,1000,1766506989,No,0x04d8b119c62e2a8e9f8e761401fa34de892f41e648a6d4a60cafbc77b9ec23f7
SELL,0.999,39.12,1766506921,Yes,0x246067e6e741af8f0cf0781de2964215906823ea8ae422a809ce2fff9fd75b94
BUY,0.001,1000,1766506899,No,0x6069d04f0010e64b8c7a7918e9bd0d429e4f573ac8d28ba9226181add866784e
BUY,0.001,50000,1766506881,No,0x8741969ef54b0948df5188b61e46d537061a3ffcea5272257baecc7d2646593e
BUY,0.001,5000,1766506759,No,0xcbf4ac06c333cdba7e161589fc7b2ae9b9e50665ccb338ddae9ff66c589064a8
BUY,0.001,58900,1766506429,No,0x5da6ec3dacfa510fdf58be2716fb275252a67174225cb8a4c843126e14dc18ab
BUY,0.001,3000,1766506421,No,0xbc68a52bad3480af87cb7c255969f7a83c6f619f3ed1375579d2a18978b9f7c0
BUY,0.001,3470,1766506331,No,0x56187d0fe6f9ea1111f034458841bf4a60b4e979aca69d2205fd4a9f5535eff4
BUY,0.001,10000,1766506325,No,0xee357d8f48b2108af65bfbaa3e5e286c9d4861270c197d69d15163dc97834165
BUY,0.001,5000,1766506295,No,0x21145654ce24ad374a04f7657cf1dbccee44bca8095c345003035bd90627ca0a
BUY,0.001,2000,1766506111,No,0xcca69f9e00977dfd85dc1f37094338152f4255f7bc927fcabd7eb1ed1700de4b
BUY,0.001,5000,1766505901,No,0x994e5e54073c848880594ef60c2d7d5c08aa78fdf577f12e9a6f809770b842ae
BUY,0.001,4850,1766505787,No,0xeeb4d6585e9379c9cdbc5e53f34b7d61647a2d6889a3e2bf0be652ebf037b68b
BUY,0.001,10000,1766505647,No,0xc0c7d29f202832ff0dbff43b47958c3f3be1cbcd9c328b2e00bd8d15accd99e5
BUY,0.001,1000,1766505481,No,0x1e8bd68412e8ad096e198cb12f3744b2377d52a8d973b2969d67ef06eb934499
BUY,0.001,1000,1766505215,No,0xdb52200a58ca8c0a9517d41af423e02349cccc2f3ff22905751be28e63e75bda
BUY,0.001,2000,1766505107,No,0xfea380184f5b835f44bb3fdb4e87d69deeb2e74f5e5f3da5d1a67124b1063793
SELL,0.999,14121.78,1766504627,Yes,0x271b26d234c978c7d4b069e67c19aafba373ee72ff8204d22aa5f87acfb503a3
BUY,0.001,26880,1766504373,No,0xa56a3a785f64d86d7c54f7bbc6a97124fb6b829b31d2b1d357ad6a95aaf092d9
BUY,0.001,50000,1766504361,No,0x3498a9b78a7b6b574f6eca6f844461f90af6514d04ca220f39efc23eab1f2b73
SELL,0.999,10,1766504237,Yes,0x391013f68156e91e84bdc1dba7a1d842da9a7c65f76048b67c4b5966c9e4b86c
BUY,0.001,10000,1766504225,No,0x0e311966a9c56a0a057e3656f5e8b3d984c99a7d144bca29fa67ea0be82c0593
BUY,0.001,3000,1766503939,No,0x7e70d4778446c168d14c5c6eb71c1d375e8458c89f8034e578a2c72c033d652c
BUY,0.001,5990,1766503899,No,0x743c8943a4b58723b61a920939ca815d0e6f975d5b95ba077b0937fd0f7f3ee9
BUY,0.001,8000,1766503795,No,0x4a7b292af972e4aa5756bdf2f069b6e5d35c61f759ff4426cb89a089b22492e5
BUY,0.001,1000,1766503689,No,0x15265f77ac694fa8730a97c9bc5f4c59bc14dc9535e12fcbbc79577354988505
BUY,0.001,1360,1766503525,No,0xb7ba5156d8026342f32da59e7b3ae127efd1aaa6c5bdf46b91ac2d2fba6327fc
SELL,0.999,10000,1766503503,Yes,0x0aad65ce2de38a503dd35e0a92edf4df7d1ae7d3ed05761d3c6741481cbd0fae
BUY,0.001,13000,1766502891,No,0x822de600a38a5acf425ac97bf8968aaf894e455248dcdcc88ce301fcdd34a656
SELL,0.999,42400.02,1766502823,Yes,0xb52a99ea257d350784c779a3c489a1cfb71c8d6bd5ea0337123823051e87a917
BUY,0.001,50000,1766502679,No,0x46292d4cbac401b30376aeaa65f80d808e4528bc12c4d026d7d4a63604e35eb5
BUY,0.001,4000,1766502609,No,0xfa521e45a737751bf690ad537594db14fc3a4322dced9e84b9252343960cafe4
SELL,0.999,47738.14,1766502565,Yes,0x73b06be273ed1cf68a024d901c3ae1fce88772f0f867bdf5ae3691f6f978f5c0
SELL,0.999,1000,1766502477,Yes,0x34b1542bb48325c71a92639a89d81ce5910a2d6f850ff47aa8984a9066e151b2
BUY,0.001,1000,1766502161,No,0xebab5f69a064226a45e1e343557d66911ae3b3f3b24102995650f075da70e404
SELL,0.999,1.1,1766502125,Yes,0x00425005a8215b96254c920f1e388504fc4efe984ab9f77cab296bff88dbbdec
SELL,0.999,13900,1766501973,Yes,0xc321f8ab5ace14ef8693dc5ae6231d903f7e05a1515dac76b00087cfe6b054ad
SELL,0.999,10.01,1766501923,Yes,0xd48aa72a91cd7693e7c06280a16aaefa6e289a0120c05575f670b9ff34f0dbb6
BUY,0.001,1000,1766501913,No,0x8f76656d7cc47166dde846e9c0f2a5224e5972f874ea72ae63f3c8aedfbde189
SELL,0.999,10.01,1766501909,Yes,0x7e5b69db7f01b5e6da2fc785c3b60183e2a064d80934243795ff4c9724f57ca0
BUY,0.001,1000,1766501879,No,0x3afa4ca69c99d7d19b043e80230c9727d31ad1bd8982eed35c200c6d2c812448
BUY,0.001,100000,1766501877,No,0x82557fc916bbf5ba570402f94b5595431ade7eae786b373cd113a3481b152f15
SELL,0.999,22998.14,1766501771,Yes,0x634e2e2bb93dda72148c3064fcb067c317543086b43a77eb608b3a38559c6045
SELL,0.999,19800,1766501761,Yes,0x8e2c1587bb859d65cdb73da46ebb28bd40a6b15b4b91569bf214ae177f3351ea
SELL,0.999,10000,1766501753,Yes,0x58bd81cfed9a4bd5974b6254c2ab0da65c68faec0350166567166bbd716f2fd1
SELL,0.999,5500,1766501729,Yes,0x789bd88405c6f3dae249d1aa4540db799673799c4d5c36466eb1ca83c6c79a05
SELL,0.999,7500,1766501723,Yes,0x69226e85fc80c3d5d1e5240104bac0fa61c569fc49a6c8646863cc6d89d99447
BUY,0.001,1000,1766501647,No,0x583a41f5249e12ffa4917853e93aa5456e7cb2d713de6c4d4e266091e2e01762
BUY,0.001,10000,1766501587,No,0xf2ab61714f10a25cf7c1b88e57a21b0484220a20baf984f6ec054b912eaa0c57
BUY,0.001,4000,1766501489,No,0xdac01204ee98d58edb93b90e02ff7efce201967284db9df3835ecb20258b42b5
BUY,0.001,9000,1766501441,No,0x6c48731fe0b61590c92947486c6edc32290a3a4f76d6b31be25f6e2a1f73ac20
BUY,0.001,40000,1766501419,No,0xaa89234a57f2186e040ef4fd0b88c5e7cb329bed7ab195c605f5293c2cf09692
SELL,0.999,20.04,1766501163,Yes,0x6e57746a4aee2290b5bb812ec64dab52f5cc1ca02d76e401950b5079a0676554
BUY,0.001,10000,1766501095,No,0x0f523614d81a71036040e7841be004b979015e086116c8f364b196cb0f8b5eb0
BUY,0.001,10000,1766500925,No,0x6eb68f967d601eba2f293c2034a842fd52b3b2d25bea25aa4e74a32f9303206e
SELL,0.999,10000,1766500863,Yes,0xd70eda7b1fe476aaecab190f668c488fd196342cd9f3abcfaaeef81973df687f
SELL,0.999,10.01,1766500753,Yes,0xbbe27db519ebc2c923f993a8ef2be83ea74e19f406d988607df2efede9c0be47
SELL,0.999,5000,1766500641,Yes,0xa27de043527dd5af623b805f0c47ecdb191c5b0bed7b94bfdcfe8d273aa499ee
SELL,0.999,303.57,1766500179,Yes,0x948c70fc8bf98a18ca78d69af4e30773fd459467b3e659dd77c6fc88102938b9
BUY,0.001,1000,1766500119,No,0x3ac8f63e312a8273085328191eb1f6037881791bdb57265b25f1e4ff9d7e9e22
BUY,0.001,5000,1766500055,No,0xe9d1130c811261c9b13f77b1a078846c6b38ba2954e77db2b6e4825daa1a7d81
BUY,0.001,20000,1766499855,No,0x726c986da262a7082dfce5ee22436fa42bec1cbe956c4f2d13c3d1d346d6bab2
BUY,0.001,5000,1766499821,No,0x3bb1d9e49846c8882c38127b9ba8546c2ee810ebaedd47e3f7f166c35e77cee6
SELL,0.999,54,1766499821,Yes,0xb440d0e7b172efd39efecb77255dfec0c828680a719500181737aa1367dc9870
BUY,0.001,28000,1766499763,No,0x727d498ac8f774f15177dedb78cfc4ae392d91a14092b8889d3f1c50e80d4304
BUY,0.001,2000,1766499693,No,0xf809806a3e81ce6a069fab1de85eff8efc6797696047bf14045d7d5d8360af20
BUY,0.001,1000,1766499519,No,0x730e835ab284f0ace0edd02fbd808b61c858e5fd5e54400435c93fc979ff5837
BUY,0.001,1000,1766499373,No,0x21d9ecc014a9bf400c0c4e854875b792f7708ce274115e19926085c43556388f
BUY,0.001,20000,1766499355,No,0x18057dd13fea59a0da2c7f1de263d8c278f0fae4ac5c3302d88d0942d4baaa5e
SELL,0.999,13000,1766499067,Yes,0x4ad5557e41efb2e3fb6c9b912c557629391557ce505d269f8893a0ab0d29279e
BUY,0.001,5000,1766499039,No,0xd9b1bf766efb57d9568bff8d55881a36e2a4c069723e2bd5e880976b8ff444b2
BUY,0.001,1000,1766498869,No,0x979da48ba6df37fb9a3bb260d5d1d49216471845a27bc7357957528ef6198ed6
SELL,0.999,1.72,1766498751,Yes,0x03b950fd6efcb5521095f820f0409b968d276c56c79b9f5cea90a2928b884584
BUY,0.001,1000,1766498541,No,0xd4507c34df7eae4d58e05d90a82fe1c5321a0797287e157ce26eecee51530740
BUY,0.001,1000,1766498351,No,0x9bd6f6f55db3f8319c9c8e1c9761945891650e8d649502b1be17d2331b546328
SELL,0.999,1000,1766498257,Yes,0xcdce9d2b156bb184ac2e5524e7d3b3689a284b399cff3da9daf3ac771a0e6498
SELL,0.999,5000,1766497895,Yes,0x07f7f6fbdf4dd3719af2f41dc106f9f12371bfaaa47955f6fd3e35ed9652a6c0
BUY,0.001,1000,1766497607,No,0xdae4365ae599225ade1a51408afbed691c79795648e35365dadee8b8e441e648
BUY,0.001,19340,1766497587,No,0x882a8b00f9a5127b284a9796e4d6992535977efa0b4f6dba3d4041283b0ffa48
SELL,0.999,50,1766497207,Yes,0x17e4b8c9cf351cbf6d5b9cc9b380b81355367a67ec9de2440bce39122b4c3ad9
SELL,0.999,15.06,1766497157,Yes,0x67150e176e6756f86b898d265405100e0dc1417a404b5571732a19d68fb1c50e
BUY,0.001,1000,1766497119,No,0x7012e95a70d5f4f5f148733a93f4c5ef495f1f72b051a4d98a887e11c4be3a22
SELL,0.999,3935,1766497073,Yes,0x08a447058fea16f0bcabe5bdf61bdcc9cd27a85d73ba722416049858dca03339
BUY,0.001,10000,1766495605,No,0x7dc685078ff5b4d219eb53366efdb181f3f49d7f7a74283a7e9b734abba0becc
SELL,0.999,26.25,1766495255,Yes,0x0c97df86582207896d8be0499495f84b77570f7406c254645a8744338301e5fb
BUY,0.001,1000,1766495123,No,0xff1449eb44467bc3b7c30e913927c45cf0e362237235ab235705f8b56bfadae6
SELL,0.999,3.68,1766495079,Yes,0xfb5c35ceb5693b37ff3f9e17fb454ebabc0062c92d546d6084068c02f547ab15
SELL,0.999,10000,1766495009,Yes,0x5b63f4dd3652f858dcba02e69b4545806bab778a38ca680f8ab48f91cc5538a3
SELL,0.999,2862.87,1766494579,Yes,0x7549cf097879d11c087e7159fce4917e4bc4586e6a679183139e8d645724e232
BUY,0.001,1000,1766494541,No,0x097d940908fa55d309abda9d8cc7a6c0f350fec878c1038dfea65a402bc7b689
SELL,0.999,351,1766494493,Yes,0xad446fc367749cab013bef8e5fe82083e044ae3fb54efa2634389c75897c59f9
SELL,0.999,5000,1766493953,Yes,0xd71072cd75f664ea28c5dc188a77a9878bfdc81aed09384abaa28acb55bfc893
SELL,0.999,2.56,1766493941,Yes,0x8330efaf3a7482e3d921595ffc6e1d3eea26a31fc092cecedc93232ad6cdd10b
BUY,0.001,2310,1766493923,No,0xfda4c77eb914a26cd7409385d9f4d95f121225ead84aef9b8e288919b7efcad3
BUY,0.001,1000,1766493783,No,0xf313cddfdacc062a4f82830495437fa5b2a560d4309a94850465e0f13ea441d6
BUY,0.001,1000,1766493761,No,0x43a98e3613f82ddbe1d4ec7d5f77af2e93e136053a40e523af4dcc337950b3ef
BUY,0.001,10000,1766493753,No,0xb568995c740067e109d0ba5e36272a7ee22859a57cd62da0f641c087d6f76833
BUY,0.001,6100,1766493571,No,0x3e59da662741854adcf38199a36a30054310b7d7624e79b85de4ab214819161a
BUY,0.001,1000,1766493347,No,0xd29f2b2abf30d3503cff820303bfadfc0914306be6390ce9779100cba08c9a14
BUY,0.001,19690,1766493337,No,0xd17cc8823404fa2ce78e08b3e664277ff2f74624d9eb24e015838e0ca9b913c8
BUY,0.001,1000,1766493319,No,0xa868ddb970af9bd5e9dd93e4071f04473fbca3481d09908ad915e1ae2a061194
BUY,0.001,48460,1766493235,No,0x7ec53235a06069bb508ef64c2b6e2373788d014f9accc48d7cd44f10bf6333cf
BUY,0.001,20000,1766493099,No,0x9d5459ff570770756682e1679e71a0efd7aaf4b9f27458b640719c5c47c6cb2a
BUY,0.001,1000,1766493019,No,0xd6a18b74e99ad2e78c9311aa3896e2bbf3724e022b6b8cd1afef07f63b41e026
BUY,0.001,2000,1766492895,No,0x519fc2f8b17b9c20c777542f6bc17437b6a74f1bb06742010691420e8bc99c40
BUY,0.001,1560,1766492829,No,0xefbc2d6245c7c0fa78f61add3e26827314694745ca3ec14d6808d604e775f8c4
SELL,0.999,16.58,1766492457,Yes,0x6c1d8b67da9e18308b4178b3625bf1e7abe2e327384e2453707c94deccad6a38
SELL,0.999,5000,1766492421,Yes,0x9e4315bff0141374405ab90a400e698406f342c7bc1b724bbc127c4124775466
BUY,0.001,10000,1766492415,No,0x6dbe5c123e8939356cc1e9e24d59418d33db0c0c0259ca186e0e45e13d9cf05c
BUY,0.001,1000,1766492399,No,0x567c0a70d5990c69ce987f8514f001a795c9042d0abc207230ebf11ade3d1768
BUY,0.001,10000,1766492363,No,0xa7278c23b735df6efa6ac281295373a179fa49ea3f9da78d4409ce4ef349e19e
SELL,0.999,4000,1766492343,Yes,0xf85670e62127503f33419bf2c652f61ea0af6b4bc2c33a0de413fd48cecdb425
BUY,0.001,3000,1766492319,No,0xe6c14f0a576b41ebff6c3c4bc410dc4d2ce55bacc750f636db0cb3ee5f458923
SELL,0.999,21.34,1766492269,Yes,0xf55785e90d23f7d4eb8ae5d2f5849390f53c743cbca8f471d6be6ba63498b067
BUY,0.001,1000,1766491987,No,0xa2d383bdb66fa711a912aa0b3617bf6b863c2ae9006f3ff82f347f88fa94ec70
SELL,0.999,300,1766491935,Yes,0x47e494f93c4d2ca3055fce39f503531b5c969dad0fafb994069641038b2d8e6a
BUY,0.001,6000,1766491593,No,0x6034b06f9cd923986bada9e411d0b3e3970c846063d976326ce49c758a5a2eeb
SELL,0.999,1500,1766491519,Yes,0x8634f72ae2c1aacdf67ad0452c6d10c9966589902078452add721e7e27c89e9a
SELL,0.999,13900,1766491437,Yes,0xada7f20442dc3b65efa33bd5c2a4431bb25384496852762a0ed702e9fa64ec1d
BUY,0.001,10000,1766491347,No,0xcd5ed1fbbaba542d6637393c0579d9fccb18eb2f781b17c01146bb6e1e2cdf65
SELL,0.999,840,1766490885,Yes,0xc3f97016c8c188fc72812643d0b3481f8274aac0fc92eb7831b49e194e9358eb
BUY,0.001,71260,1766490783,No,0x323f7bfd77827047a65449014330f328d559a64c8508d6e786eafc07e62bbd36
SELL,0.999,13.6,1766490597,Yes,0x2542bbd9eb0b79343310bf9ec40ed2414706cb2f2d74fea0145a3ae7408528eb
BUY,0.001,10020,1766490561,No,0x8d9c695fed845c403d810adc0ca91e5cdd136c577543322d4304aa78d58a2b89
BUY,0.001,6000,1766490375,No,0x7cb4119729210262c8118294f7413e47fe6cc28fb7a2009597f9d77d832a8c23
BUY,0.001,1000,1766490299,No,0x624720ba9690aabd4d70f1300bf999765068ae22ef8b3c63808aac0b92f6b994
BUY,0.001,2000,1766490207,No,0x12d7ad5099d028cc723fa1ceb9f33f0c6946242ace238e4d959e356aa97c7d79
BUY,0.001,1000,1766490195,No,0xb45f74ec24920547c6c59484f4de1105f11a2e6429363808c8632fe36df94900
BUY,0.001,5300,1766490145,No,0xe0d1e0175ad87ed906b69f3b7403a99fc0428fe136cffdda7f4009c173a27ffa
BUY,0.001,1000,1766490059,No,0xe9d92c816103556432b3f92395210e2fb7b76c011c4e2465becbb6625b779bf5
BUY,0.001,1000,1766490045,No,0x5c09601324439a9925bf3803fc65e360be838e8ffa7ae46e5fcea1b09de6e90c
SELL,0.999,535,1766489459,Yes,0x2743d9b10650d99f41ca928f0f8c6a3e1f638f0113a63f155ac6a9f4380c2d9b
SELL,0.999,418,1766489183,Yes,0xd5bd5b7b1a926ffb599f6949f3c151997bc92e747100bc0eba60146769fbb521
BUY,0.001959311628514515,1531.15,1766489055,No,0x33a56d0a91d7d50cdec14e142c020371141e1558e48b112bb734996d51635e7e
SELL,0.999,15.06,1766489049,Yes,0xdf3865be0018c66b2fb1f42b17399d2682cd5da32c81e7945df74ccef61561cf
SELL,0.999,30000,1766489033,Yes,0x1d0525db0d5421a8c35679f231cb0f03cb36a9cc6e1bcde8760f60ad71e021b7
BUY,0.001,146643.41,1766488967,No,0x51d405e3b466150aa31c35309147fbb93ccae05bf37403c772c5b79bf36da61e
SELL,0.999,6.06,1766488955,Yes,0x7d77d44500272a86d88661c3339fcfaa158ea0c055274f41c07437b590c96683
BUY,0.001,32670,1766488691,No,0xeb6a8963eee7e20c679a0b84b9f37798a34de695623a5a12f3d710eaaf198623
SELL,0.999,1.15,1766488651,Yes,0x3305f4c5ffd17aa62d6b127bd1698273e2a42558cf73229a991035b6a9540634
SELL,0.999,367,1766488573,Yes,0x3bc7e2a7154c8c1001df7ddb95425a4f672d433f3a5df039f900af6a1543af49
SELL,0.999,988.31,1766488277,Yes,0x2959535e1474464f9f486e760dce53c0a3cfd099f98a0e24e27107131d2cff2d
SELL,0.999,1,1766488253,Yes,0xbed656f51d3207b23156bfa56a480084ed1c345471a3bcc7d427b85f6e525aab
BUY,0.001,49910,1766488249,No,0x8721903691bbdf51acaac0e5b4939eb296a6a95b02210c7e5ed6e0c84dd03f39
BUY,0.001,1000,1766487791,No,0xe2699f15b0ecc062bb25cb802321a8b6e400ceac4acfa7e91d7f5a9ed5fbd1ac
BUY,0.001,1000,1766487779,No,0xd0f491a71ecc4ad0c2fffa37956aee8c0bf0581ea9995a2b6149b4ff87b3d361
SELL,0.999,1037.07,1766487713,Yes,0x4388fc2af06a65953f4d37e89cead20034753330699fb1fe2543c5e33cb32443
BUY,0.001,3000,1766487585,No,0x3f4b9cbb45fd14d0fba366ae744413dc88c02b9b7e93ec9a49eb7a921f49cdf7
SELL,0.999,1250,1766487431,Yes,0xc67401cfe764ddf5f5b8933c494730e5dbbaf7707ade144d691984a7e49430fc
BUY,0.001,7000,1766487405,No,0x3ac936fb3e4636b5d1b7e1b2803c5dbf4cb6c5d56eba92da59d704174e42fc1c
SELL,0.999,3009.63,1766487335,Yes,0x14b55d288d267c3e0c88f9822e519fd3ab6fd63ee5131a712eee16455bdd9a8d
SELL,0.999,2.27,1766487289,Yes,0xf329b2a79b489c3a9a16ae8f854a96c6175af45928087cf350f66d90e302027b
BUY,0.001,5000,1766487273,No,0x7a5a311564af7a49fb9e8cf720cd805fc249ee84546973f5a8debc658a3b6df0
BUY,0.001,3230,1766487007,No,0xe3e053d37bbad9802012b0765f223cefaeb554cd18946f67aee39f5b7e8f85e8
BUY,0.001,1330,1766486881,No,0x23a8a63b2dbd691d6c9277c89f89da4b8757c739a4fef0392fc7725d81684406
BUY,0.001,1500,1766486857,No,0xa3a81aa56d4f589973610c95323f6e736ff06d1387e553e137353b178a7595df
BUY,0.001,5000,1766486835,No,0x7dded765f287fc3b37b43e5337f5d251cef529f6ca5165ac700d3b5e00c53869
SELL,0.999,454.91,1766486505,Yes,0x4155eb73dd9dc0332b8054f46ef5881f3e9d8120c81e2a232dfe7edffb31501f
BUY,0.001,8000,1766486459,No,0x4572438a76f88a0c58995b6e16bb37f51a3e537327daf9e7b04c8ca081af2b0a
SELL,0.999,250,1766486285,Yes,0x13b19be0945ac9f126b4b1b57580a4dd3114e44cea79e39199b02afb19ce2abb
BUY,0.001,20000,1766485933,No,0x49d1ea695856cbe1a5c7692eb9db09dfc8277b297a0bb1663b108cb36e68bffe
SELL,0.999,79.94,1766485881,Yes,0xe0f4b93e9e121f006c330030063148c84fab7da8068511ffbfa9232db8207386
BUY,0.001,20000,1766485861,No,0x6eefa90bbfd9e38bb935bc5d7335a2452ac88474760972d1801835a8d8b60bac
SELL,0.999,40000,1766485857,Yes,0xd69c38243a0386bf82d9c37d763cd8bee8e99f650209b67319fde9fcb7705a78
BUY,0.001,2490,1766485821,No,0xd0ff7098025b1b6a4ac5a0cf6a0016519b8d7d2f9e2527703666c977d0505b50
BUY,0.001,10000,1766485741,No,0xe836e45a86fdf7d3d27ffd576fba25d1d44fca8aff8b35cda98aa775cf33dc1f
BUY,0.001,1000,1766485503,No,0x07e1f9358de64c9c48b189e170087de2e0b961c01bdd2d781a2710db09ead935
SELL,0.999,2110.98,1766484887,Yes,0xb9e56b13335d33c4fab6341260d44802c60c8f02b8906a757541e99a6efad530
SELL,0.999,24.59,1766484657,Yes,0xa151ed3a84f1442c32c7bdd52e044b3aca1b7d16baba6f6ceb49d43cfa41d7c4
BUY,0.001,1190,1766484109,No,0xe28f65b2b3f42e01ba95d443088cca271c7a681c049b95f7a2ee954fd9f1033c
BUY,0.001,1000,1766484059,No,0xcc37a259211c8249ef33c72f7fe3bb0a451817b80c8519fc06d4d3198c6c68a3
BUY,0.001,10000,1766483951,No,0x4acd194e276fc592fd3489136d1ef588416bc381fd81021d9593e687732e8f6a
BUY,0.001,1000,1766483819,No,0x1dd201a3025f29930d696bd881d6cc800d05af09960d02a34f0041e3b33306bf
SELL,0.999,4,1766483619,Yes,0xdb840c28ff34b77661e1c02f37aa6220bf2c1b5d0d5b1e54653fd1a48101a960
SELL,0.999,2500,1766483531,Yes,0xd5b578fbf250975b11364cc2dcff86438e0f1b2e5dc8c699e957a0a918bcbc21
SELL,0.999,24.84,1766483247,Yes,0x756fbd70dd738a72b1547ecc900b3270e946215a400b3c6f70c0fb8b1158dae5
SELL,0.999,1.2,1766483211,Yes,0xb17849e3fa947bf9c6d8ace7a696e7f0dcb2f2f5f6d7872b8f119ed33bf6cc5b
SELL,0.999,60000,1766483203,Yes,0x48d1731ce4d769be7e92225ffe8122cc01cc05a6721bfbfa7f0328647864fdff
BUY,0.001,16360,1766482705,No,0x3e97a758c2e1a7ffd063f8e4812cbb710248e901660ff12792bdf0658121a6f0
BUY,0.001,1000,1766482403,No,0xef58aa6301d4efcc27c8b0be9e5661ad82a80f1bbc6ed170af517ecf38074203
BUY,0.001,42830,1766482397,No,0x28e731a95dab63a8ca683e5f948826c6c1d7e59146216a871f953ba41abc8bf5
SELL,0.999,2066.04,1766482193,Yes,0xb3b468616a93657d70ab9a51ed185418bc8d81db363a3c990afb8f061c4f35af
BUY,0.001,21850,1766482153,No,0x18b5c8ed472611c65bf55281775f57fb2e7fffa1c08dbd14e690169e182db4ac
BUY,0.001,1000,1766482065,No,0xdf8784d8bd9f2fc57a7b37d182606ec6468c6418c19a0404abe939ae1ce39f89
SELL,0.999,1155.58,1766482055,Yes,0x21242a8d83f6f361d5c2a1bcff31c21e5bb2f7296cbc4fb0a1c6820b2ad936fb
SELL,0.999,750,1766481949,Yes,0x955cefbf821f2920b52833541ccb02c776f75344f9f5bd745a1bb54d114fa3ee
BUY,0.001,8000,1766481827,No,0x4dc66c68a25254f236e553a2e1d0086a24361cea260c157a5617c2270149277f
BUY,0.001,1000,1766481759,No,0xba8fa3594696addfce98084c2836e7a9306e50d5c4e17ce5600a20a5c3538307
SELL,0.999,3212,1766481601,Yes,0xb154b1a70b163b27472ebc74d9936420530ab672ad8d1ef1954b08627dfbc3b0
SELL,0.999,1022.09,1766481499,Yes,0xc170dad8de6f0b51261da4afb36dbb96c6a60b3a4bac7cfb74599676358c9933
SELL,0.999,10011,1766481493,Yes,0x61e1be8cdbeff5e8f71b098d1704961a9ac2768e300aa1caa5db42621f01d15e
SELL,0.999,1446,1766481181,Yes,0x634ab7f716086f2b1ae3fc59e06dd3b925dde797c68edfa45635af78e4b31cd6
BUY,0.001,1000,1766481043,No,0x03933a36fbe936bfa8e70f8b242333af44acd15c9d5dd4e6144d7b4c0072625f
SELL,0.999,5005,1766480883,Yes,0x337f38bcc04d532aea42257a4433b8d685d10b4839dce6eb2e7c5db06dcf4620
BUY,0.001,1000,1766480499,No,0x156395d45c347f1e9e90bd5aa807363960b0752135356d40afe9cd702eab905b
SELL,0.999,100,1766480449,Yes,0x6e8ba296cb783b44ab462a0a7d1479ce2436dd0d621724caf1d4c2ea637d9875
BUY,0.001,1000,1766480165,No,0x158ce3c5fc4a37b49080f3c81e3d229d4769123d2af69f16af204ca2dacb32fd
SELL,0.999,2480,1766480141,Yes,0x9adff00781ea22facd77a4a862c99863a71050b0da0a8a79bc9296b010193d43
SELL,0.999,291.71,1766480001,Yes,0x1e1472dc765f692588348c759eff1c16bb507301e097bb5fd72eedba2146e5d5
BUY,0.001,10000,1766479857,No,0xb72bc07be15a23e34732242e9581d7cf0037045da37be921ce0fd3f7d52e5977
BUY,0.001,10000,1766479595,No,0x205aa5ed6313b6748e80a59faf07f5a3ce1d20a29d1b029adaebba3f46968104
SELL,0.999,2000,1766479337,Yes,0x43ee5024b33ad2c8b65cf4b448b425e57986e70f9c7cc01b67e901a636ebc3f4
SELL,0.999,366.76,1766479177,Yes,0xacb8db4d84b1cf0c3769b52688d9778ab082dc6c4e12049867cc8c7d6a9dde98
SELL,0.999,2.5,1766478981,Yes,0x5ac33147cc41f51dea85ecc363e7dc54ab3fccb3ee8a27d4a81a37fee7767e0f
SELL,0.001,39291.62,1766478977,No,0x72694c7a1e722190e2f0a963f36014c5ce49cbadc9d79d20a549b9a4905d89ee
BUY,0.9989999993319824,366.756755,1766478959,Yes,0x14a3d382a82e2462acaa3d6f260e9d86be4e574e2934c3bfc645a511f48963e4
SELL,0.998,367.12,1766478945,Yes,0xd44cd536327bc5675545f0215ae435cc37422a93f29cd441541a82f28d96404d
BUY,0.998999997592049,367.117116,1766478935,Yes,0x850e8307f24a3e7aebe14bfa8e37701860aa46df4123ca6857dad4ae0f62c73f
SELL,0.998,367.49,1766478919,Yes,0x4befdf578c4e6172eae8f8084e09c8fc37a5327bdc63bac523ec5ad7afbd9058
BUY,0.998999998628562,367.497496,1766478903,Yes,0x8fe46d228c2e877a105ee155181407ab15e164b3fb799ca64cbc32a382ef4bc2
SELL,0.998,10,1766478883,Yes,0x2930cc124184990eca0aa23b72f08c2498ca5cfc4f7912248f386041e22174bc
BUY,0.999,110.11,1766478755,Yes,0x45deb9bd064a2dfb3041ad1de162fd023e7164d7c3b0c8e7d7da2e98b21c1841
BUY,0.999,10,1766478741,Yes,0x708ac2b7d21ab3817fc7a18ce35d419f2219c1b187c9f3ba5d7dc92317b1781c
SELL,0.001,5437.64,1766478659,No,0x246bab3ad30bff9cf3e6bb0144b08886bec6cc21dcbe7262470fb519d4940ad1
SELL,0.998,1,1766478637,Yes,0x7c64f7b2ce97f002bfd95909db533bf65ca49c37aa2e20d0bf35f439d2fbcdd1
BUY,0.002,33000,1766478623,No,0x76c4aba75f537f7f5553668eeca58139e751460e1f489169a945d156d352a7c3
BUY,0.999,4350.81,1766478551,Yes,0xc581d9b54ff7c35c10f782228fc62eec619d5efae4372a22313b9c01f4e00bef
BUY,0.999,38339.98,1766478433,Yes,0x577d352f4250fec9e018fa761f2b3852ea9e8b72b94a1f9470b10a020f617346
SELL,0.001,207.07,1766478347,No,0xcb916c3c12c2cd8d737000875e48dd7a68ba6fc94c0e9f33fd435e75cb5a5092
SELL,0.001,10000,1766478323,No,0x20237e1665bb64c501e8fef2b928921ae23911f6f42444ee30c1f980d900e307
SELL,0.001,30000,1766478285,No,0xd58e7f247deda8d407cffb49e51748ae4c11be539790c024413a81b1eedfa0df
SELL,0.998,40.06,1766478111,Yes,0x75ddf6f479304dff54ad65701fe2dce2009ab3d66215b61b0e294a8ef3608dc6
SELL,0.001,11516.97,1766478057,No,0xbd3b9df7d350658fbb5e14b20dead80877c74041e7a6c82402e1d55ce76a0d0a
SELL,0.001,5000.47,1766477899,No,0x141c4ef0cbc343cce8b27cfc59c1453cff7f90b7ffd1a919959fbe6f1f0cc548
BUY,0.999,100005,1766477751,Yes,0x9c03f9772fcd5d589284a5017aa96c86fccd9ea80dd256ec788a6a57b61d9c89
BUY,0.999000000999,1.001001,1766477747,Yes,0x271d688948ff8793b631fe06a50687b1eaffa3003a2f965e44d5750623fc14ae
BUY,0.002,500,1766477743,No,0x86279027acbd0342e2adeb7f42f0bbdd14619d527e917e53839c6ad38ebe7e91
SELL,0.001,16959.99,1766477589,No,0xfd4fe95086e171e0608855611d94f2d222b7fbff56b5c986d6d04b9c8818d5b1
BUY,0.999000000999,1.001001,1766477547,Yes,0x23e60a1ab23be12e6289afd06e55479ec45f995fdfd0f84391dc9826b2b7f320
SELL,0.998,250,1766477541,Yes,0x7ddce9faa2386ae884d4c1065b534c65e1b3d8c612a322468738c37aadf22ddc
BUY,0.9989999465895952,6.646645,1766477387,Yes,0x204ecdd20a6c2757305b2c0bca9b2e3dca22a475c778fcf6ba85e81262397377
BUY,0.002,3325,1766477383,No,0xf9ad0454115aa21afb2f7301ba03680e0cdba867b201abc47b53755eaa8b7d71
BUY,0.999,280.72,1766477357,Yes,0x52a9d68762fbb4f1754a73242449aaaca0439a263524a233caab06d2c473b582
BUY,0.9989999274429131,5.595594,1766477339,Yes,0xd9a11d447be8d492fca69b252c7f1a04fbc4558b280801f3b7cad15ebe93f791
BUY,0.002,2800,1766477335,No,0xce83935148620045430973d85eb0d366b870cd2e823cbf72b95eb5cd6dfdc59e
BUY,0.999000000999,1.001001,1766477313,Yes,0xe8eee2270e785b0d4ab07efde5641b4aecd94598ab892263f157d7bdeb2c1a62
SELL,0.998,10.01,1766477309,Yes,0x21b7d20085ad64a8febed3c7bb2f0f4cc8f9dfc4e9a4dd5ec99c14fc60a0fa32
BUY,0.9989999502598556,4.764763,1766477269,Yes,0xd8d74012cb97a5eb7339922c0378dda102c094ba04c9c6feff9838d6d8c44fe4
BUY,0.9989998379528391,3.443442,1766477267,Yes,0x5543a52a267536c4c0382545febbe61fd29ad481934d094e724676cf17b7d052
BUY,0.9989997401758997,2.382381,1766477267,Yes,0x532e103089097793ad8e1f808b9e84eccc96179b3b4c1cd4cbd51cc0e921be71
SELL,0.999,94467.36,1766477263,Yes,0xddd1339a3fec48a3984103e80dbc97320f74e8bb43a3f8f698c683ffc633488e
SELL,0.999,50000,1766477243,Yes,0x8cde19e3c05b39cb1159440f0765ed90453c4b0b11a64c4b1c3e726223b3fd46
BUY,0.001,20000,1766477013,No,0x3334cad9dae2805ba4ffa67b4dd130347a1f8cbd5ba6431b26342828b591ada7
BUY,0.001,1000000,1766477003,No,0x23c73180060aa184d4f0532a170be37d6f79bb2fe8a21ebc2722ba4f02d87c8f
BUY,0.001,10000,1766476997,No,0xec5205d40a483193a4849a5954b31acf8ae3d174f842367b91cec49c2fd743a8
BUY,0.001,1000,1766476955,No,0xae572894dd89a02f55525a468d0c4f8ee27b24335a30d495aca86049d41bb663
BUY,0.001,10000,1766476851,No,0xcc898dd6e0b0721cb1fb3b2d82343088c5a63fe1955f98ee94145e4a032a4cfc
SELL,0.999,628.97,1766476839,Yes,0xf7943871cb68701ae6a9f73c86d00e0de0b397f9ca7bdb4e424ad0e23fcb19cc
BUY,0.001,10000,1766476685,No,0x644c95865a50a4bf149d8b2cfaf4649343ecd39e2dc2e68721d797c74452f7f0
SELL,0.999,11.62,1766476653,Yes,0x3c15e26b0a1040687aa1ce4ea0014da3d07960b6b317cba91d51712e8f39341a
SELL,0.999,449.99,1766476549,Yes,0xd6881efb279088f94f5133913c3b61f3c4c96b51b345bb40daeb0966f0b4d283
SELL,0.999,9.67,1766476413,Yes,0xe8a912ca066bec67fad8c5de415bd9ce9f472d110080eb5e1a6d89a9e29699f1
BUY,0.001,2000,1766476125,No,0x7ed1a362b9d8d4d70bcbc1df93f49238eb551c96d8f38adff1441cb9bbddfb9d
SELL,0.999,1500,1766475167,Yes,0x81ec64587bf618d07b45740e698a04d999091d3a99fae7afba6022780b0de74a
SELL,0.999,1000,1766474743,Yes,0x40caad9229ad5d30e5da800803765e5e14f6bd1fbe6c6b41f6cc1b289a675fc7
BUY,0.001,1000,1766474607,No,0x5b3d20a6ddc1effab1860da508b014200caca973eab8e17581a63725e5fc31b1
BUY,0.001,1000,1766474433,No,0x96895a0cf4874347bb1362b1917d7e18dce003b5aa0e530516ab8770da32f174
BUY,0.001,100000,1766473603,No,0x97e19b841921960dace25a15c7b6f78c988529a56320d53b9d1449907c210ed4
BUY,0.001,5000,1766473145,No,0x5f9cd781226fba0acd899f26627d711153d9605191fd6031f2b78b267aff4ab8
SELL,0.999,60000,1766472921,Yes,0x677865f8b818d41212bd860c2692fd7bfa867b5494242c9efcd004aab76b7316
BUY,0.001,20000,1766472613,No,0x0f0186ef890ccb985c3b90c3226cadc20aceffda74ada79634194654698d8ded
BUY,0.001,1000,1766472419,No,0xf6882e66125583fe2c6bd0b780f8de2aad4adc8951528631eae9fdd00618c064
SELL,0.999,100.15,1766472243,Yes,0xe81688ef4df07c928e9cb0f9add6481c44e5536c8a598496a13c53f2cd0dfe16
SELL,0.999,122.59,1766472225,Yes,0xeff9fd07b5fa8923506b0cb845d764e3e76b88616eb7ab1b18253914ff41a962
SELL,0.999,100.16,1766472223,Yes,0xe95abf99f12ea1ed8318b423e55b8c86a9afac7e0c58c7aad42185d5aa3ad3c5
SELL,0.999,185399.93,1766472217,Yes,0xd361ee4b27a5cea33a1dfdabc9838376291b1b8d3a13ae1bdaa2d0944a4de6d9
SELL,0.999,12.91,1766471897,Yes,0x1c22fbc9c337f1c2ffdfe3ab97d777ff173ae3e6bdbfe26c0457c6fa1dac19ff
BUY,0.001,4830,1766471771,No,0x45cd95c7f4adbc6be5ee3225341fe5502615e0fefa8d3eeb4a7b203fd6482d9e
BUY,0.001,5000,1766471757,No,0xe009bd4f46823059035dc7bcc2cb9e1feb1218dcf22f943c8ab4be6feb2cb921
BUY,0.001,1000,1766470991,No,0x8ea223d6ce3b2d964846de6843933e687860255ca688445b3a3745f78d122575
BUY,0.001,1000,1766470551,No,0x8bbb5a54909b34e005cca7bc0a892bd1cc5f0feec3ffb4a9ebb9386cc4d9ab3f
BUY,0.001,1000,1766470317,No,0xcb08a935730fe131a8938a93293739382f29be7eb8606b2d5ab344e31986d326
BUY,0.001,3710,1766469735,No,0x148ecdc265356d38c9b9953e2b7b2220d9e011c6975d1e514522a887e12406fe
BUY,0.001,1000,1766469721,No,0xfde5e84b954674f0269b98039a2410e8eb7c5dbf0ad4b4b4cf8dd711b318abd5
SELL,0.999,362.1,1766469321,Yes,0x879740f39e505e0bb2f319b7c4bfea16ebdf368415a90e6faca0a5ae8a543b26
BUY,0.001,1000,1766468913,No,0x2b69ca122f9648ff066d5426ab07f0b593eaaf05489221307440606dea4728c0
BUY,0.001,2200,1766468811,No,0xe073a2e080699f8afa29f1f84056f32f6d201b46b39f1637e0eb73010a305964
BUY,0.001,10000,1766468741,No,0x2c68431927a78bdb618a0c5d0a94be79d58e249a284d8c97a7a4d824df6e0d07
SELL,0.999,693.21,1766468737,Yes,0xf816e28a7ee0294c77e182bd57971f696ae644a35499fc15fb2044ca9a702fcc
BUY,0.001,2990,1766467819,No,0x580f158c41baf0246d90fd99a76c794f33a47da7f543e780bd9a281c6beec983
BUY,0.001,10000,1766467341,No,0x6dce6bb6ea49b6747a5937b674e1cac9f1b4d995e8d543a66a0e684a35ed15e3
SELL,0.999,575.2,1766467173,Yes,0xe1fc7b4306e3b9ca89a4a27e34d4e8de5e2eca82ce9d110dd4ef61cca9a021c8
BUY,0.001,1000,1766467165,No,0x472ed48cd72912869c458f7238f0c2144d779a01f658bca69b7e7452d116b621
SELL,0.999,2000,1766467105,Yes,0x4fcd321569d431b52860498a396f991603c470dcf25b40479833f8b84d63d9a6
SELL,0.999,19.52,1766466597,Yes,0x708e302e9329f87117405cefa46ff07d1f94ec70f1e426877d316f89df96f6fa
BUY,0.001,4000,1766466375,No,0x9ffeabd2316a740a5e6ff4afddbf19843e3f515912e4ed0e306102b6c1f6a638
BUY,0.001,2000,1766465763,No,0x240a2702ff7430feeaea488e62bce01e7fb9e0f9561c05f4e79469d72e7e1ff6
BUY,0.001,2000,1766465719,No,0xc3f703b0c8e8c0d2efc6096c90689a37cfc9b856618a071cb3598e2c83f95ec2
SELL,0.999,2397.98,1766465585,Yes,0x006f5eaa2fc5de55cf103ec06b1242f9798be766e002c156dc3b490c96406b4f
BUY,0.001,10000,1766465279,No,0x637d34512290697fbe908eeb99c86293998ce68a0e8610d1df189b8a0fc46fa3
SELL,0.999,50000.11,1766465139,Yes,0x1498ca94828f9278b046253b0b976364f49db481e6274b9e2af03f0e2680f28d
BUY,0.001,35000,1766464993,No,0x6064375979fd7887d5155f3c04288bfd9a686e667f6a39c4a74af60a2fea15b6
SELL,0.999,1624.77,1766464969,Yes,0x7cb50695d4958031683885031095c586a90437e1c0199703ace935f7c70ba38d
SELL,0.999,25000,1766464737,Yes,0x11a59a55f80bcfb2f9c60ace07b9fe031bc40e98182cc60fb2984346825be7ef
SELL,0.999,11.72,1766464353,Yes,0xf0bc7159e1786905c2db901df94bd105fa5479e4a3584f3da98601442961c670
BUY,0.001,4000,1766464353,No,0x3652e1d9d310b3f02a52963ee6cf64fbbf231d55848a6da8178b4132f5af7791
BUY,0.001,2000,1766464295,No,0xde8b35889ca40a423ef0c31fae6697c944ff9d29abb61250b29610cdfc13ca39
BUY,0.001,4184.91,1766464275,No,0x9f1f817ac8ea1971f72998440ca4794f73b5f0c957fa28d3bcad6a59cb98f4d2
SELL,0.999,60000.14,1766464241,Yes,0xfc317e4eb050c64af20851e5e4dcf57a6bc66317f8b4bab168894e9048342e2e
SELL,0.999,10.01,1766464233,Yes,0x51bd065bd643ce248cf684123a9e69a18e3331250db308d54574a177ab4271b9
SELL,0.999,176465.46,1766464169,Yes,0xe8c08b38f6449ddd902754a74336486bdfc05029bab19d796144a0a433b8c8f3
SELL,0.999,8.6,1766464105,Yes,0x08cb774a9857ef93be9d09c60460eea1113dc5ab3e47a77822188568071af321
SELL,0.999,98.91,1766464099,Yes,0x9d40dce7b75fce5c6423fc7e06878f36e89fcc5daee0ec4d1bf124074120f93e
SELL,0.999,150000,1766464091,Yes,0x918fb0e6a021be0318e179dd0b3de22a5e30a43c8489686af9ab44699ad618b9
BUY,0.001,100000,1766464043,No,0x792eb404ecfb0879c3362b5620f1f6d0165e0448b21eecf767612c1f90b3bde6
BUY,0.001,4990,1766463875,No,0xaaa968cb4b1314dd049754408f83ad85c8280646f3a82aa01207cfbdd79c3bb1
BUY,0.001,250000,1766463725,No,0x65ee66fea80d1503f36fe4f6ea1a997850b650dc0fd9b0228afb47d81b67ecfd
BUY,0.001,10000,1766463703,No,0xebd08c375a977679536864b23365f6c883ef7218b40e50a594a8302b19e4db0d
BUY,0.001,7000,1766463509,No,0xf1343ed23af58448792f4741cc4f48b9f8c644cf677829a28ce50d98b566c1a9
BUY,0.001,5000,1766463475,No,0xd622e470f634b49a36b7d9a356291c5fb7f9e7e2352f0b8492c33997b191206e
BUY,0.001,2000,1766463385,No,0x92c79cfcb36f0ecbea145a1dbd15684227315fc88b35510d2778b9f72d4027b7
BUY,0.001,1000,1766463275,No,0xf54aa39a575abb38dbb6db34e728861c9e5bc9f5473d4b66f928328e165ee557
SELL,0.999,10.01,1766463219,Yes,0x02c74c11052c558307c918ed48d6c8040b4dcd2cb4641de1ba416c96f9c0ddca
SELL,0.999,98.77,1766463103,Yes,0xde4dfea43e0f0a4c6227896f4df50748da6365e4bf37f1fe96563461d0d56c57
SELL,0.999,6.53,1766463099,Yes,0x9089a4a5771abc9c02b03d090f644ec7fac59b9502f99ba4c87d9ba27f18fa2a
SELL,0.999,1.49,1766463099,Yes,0x7989465327d49cda9d8204aef19feda91c8ff2a4e7d76ca676f82f5d58d64198
SELL,0.999,98.05,1766463099,Yes,0xe23fc594b208d97fa1da0490e840fdf8ae9591f51c47ea4284378af36df5cc23
SELL,0.999,10000,1766463091,Yes,0x6b44bb320cc396b703795c2af66992ce3df724c781ceed487f0e9ed89872d1a9
SELL,0.999,10.01,1766462817,Yes,0x18917dfe9b1f872a98718d322b1c575bac02d958fba847663846e13d9388e759
SELL,0.999,325.82,1766462773,Yes,0x4267e8c5d91c66cbb10b6d0e0736ad9b78be01dcae466eec728c91a414169905
BUY,0.001,10000,1766462737,No,0x6186e6c26bfdae9a38381781d7079600da52e2842741a78ec78dbbfa183d11ba
SELL,0.999,11253.76,1766462683,Yes,0xa781d047ef4727b859139dbe126484de41c6bbdcb3cb384e04ce523e20901225
BUY,0.001,20000,1766462683,No,0x3f8db0637a90e517ecf93ea92f782b875445eae2051de7859f547a3553b0d218
SELL,0.999,189.44,1766462673,Yes,0x2fbaf6c38c0f73ea036bca06c8be0a97d0c01fb295326d361d83ef5aece2b3c1
SELL,0.999,1,1766462399,Yes,0x033b2be459d411b69efe3516aa94ac7a399a5f27bd2bee61e549c44843517dbc
SELL,0.999,21.32,1766461937,Yes,0x6a1cede2d16811f31c097e310a5621de406fecdc006016b3960d9139558919f2
SELL,0.999,200000,1766461805,Yes,0xa7b9808cf2dcdedf961b1dea98b529f464cad58628bbf8717df5db62f9cf35f6
BUY,0.001,1000,1766461287,No,0xfac897257c1198ba3c7b7a0cd8c0c87ac7c9573a58947730fab76402db315faf
SELL,0.999,40,1766461239,Yes,0xea183008fc1e78b0c91da3d4c38b0e5a37de1d2169f21d6e7b902b29050723c2
BUY,0.001,1000,1766461191,No,0x6d4418e55cc0592e284a95e4c42dfd4e5ea684275afc886d61b7a7b53e13ce0a
BUY,0.001,8000,1766461131,No,0x3e58f2750d5abd34290a63905dbd99e5b13603626ec727f273a27124ac7c6725
BUY,0.001,21750,1766460465,No,0xa62c2c88f8716f16de1ee6018b0ef564a7dd08ffa05f5aeae469215bc35eb3f9
BUY,0.001,8000,1766460415,No,0x541c17414a0d2dc63764ebe10a704b5c9a33146cdf792c5c3f5e023a574ea918
BUY,0.001,5000,1766460357,No,0xe1808f693f0baee3f7ef2df5f235cd47e5fdf729c2c10578851bafba4d01f12b
SELL,0.999,164.79,1766460315,Yes,0x5214373fcb2e648c59d599d7440bccd6152643d1e07cd783199b92ae99af8e8d
BUY,0.001,3360,1766460139,No,0xb994909981e664872ce2f36c49b059519fdf190ccf8e26f5d9267ea79b9a6dec
BUY,0.001,17750,1766460107,No,0xe7531d75cec9f997f2db5485d169a77eb1230e376904a872665ac4c2966ce166
BUY,0.001,5000,1766460011,No,0x1cc64c28f7034ce1cbbf8a53c720ee8e091fc02122de8e77e87b3e8e5954ce8d
BUY,0.001,1000,1766459985,No,0xb315548acee81c96050f638064d61b5fae4117d09626a7a8f1ff7312edf5f63c
SELL,0.999,3.12,1766459919,Yes,0xfa3844ab92b0371197436a1174989854bb3a91325268bc64c772815607e2ca2f
SELL,0.999,20.08,1766459893,Yes,0x8fe6d18aa76b4c95c1476b050c578b30c446e5adbc810ebe287a64867901fefa
SELL,0.999,11612.06,1766459827,Yes,0xae27df173f1d0a3494abaa4171d19bd8e969103091a609f24f4d1ed332a48ecb
BUY,0.001,5000,1766459635,No,0x06d6faa07b6a3602e314cffee8f79ba876a4ebcc21dc122159e06d7a87a56a63
BUY,0.001,5000,1766459385,No,0xcb34046cbc963e6e1639195ae1a5922848b618a24a7a32840d6808426bef5efa
BUY,0.001,2000,1766459349,No,0x5fd5fde180372f555ba4112cdc9ef275f37c5a3670c7a5b3b6a5df2fa83d181b
SELL,0.999,4300,1766459297,Yes,0xa57be0ba8266cf3a38e4238cc699ea9e0022257a98d63087c2f5cffd1b051af6
BUY,0.001,21700,1766459253,No,0x4d0dae82ba31134da28ee559fbcc7bdd270cd3f7dce9fa4d764bc86be6f34bb0
SELL,0.999,1000,1766459253,Yes,0x7b9b12a8d42ae0bddb0fa3f46927f2eb387fdb4ab77961ee3260436838d47800
SELL,0.999,186.1,1766459177,Yes,0xe39fc27ffa3e225fd6dec3b02b62c32463aad16e0fea1e4fe3c6ddf9cee4c6be
BUY,0.001,2000,1766459161,No,0xf6d2f1a6909217ed4195d8780e3dbe3c31019d4c03a7c0c0139b4cc499cf95d4
BUY,0.001,3000,1766459101,No,0x6327fae15c801b6daa6914304168e7d44658ced4eb18cc303e9364d07d4777ee
SELL,0.999,10.01,1766458883,Yes,0x1a3f54fdce3adde47999eb9b430b412c644e7a8a52051d6bcda12774b915bf6c
SELL,0.999,39.52,1766458867,Yes,0xac6c5bf4f6b4e9555bd5b27a4d02fd3662ed6a1cb90c7b9d951bb3babc9b00ed
SELL,0.999,5011.5,1766458761,Yes,0xac144dd17b1f8509de87949bb563e15335e8a2c704ea57744b3b8d8049daaf01
BUY,0.999,152042.95,1766458667,Yes,0x28463aa091c6df368ac9b9ec96e8b0c43f75ac2a51bef86812506a8201388caf
SELL,0.001,632090,1766458617,No,0x549d9f26d174523eceda92f544a525c23427adfdac4cc56332687fe39bfae1c3
BUY,0.999,38000,1766458571,Yes,0x9c869f79baa26e58bf49a584454c0216e65669cb476f140437aa73157340b690
SELL,0.998,3000,1766458501,Yes,0xccba058294522b5ec94a5314e38310449be7629d0c407397fa815ff42b62d287
SELL,0.998,1,1766458471,Yes,0xaa47ddda1a775f4677ace1acef184b29b31f3ef52f69bad2c8e835c73fbdfbdd
BUY,0.999,1.001,1766458445,Yes,0x19970b71222245c9c9ee9f1d1e4dad3e12946b2e875a2375a248d6377266343a
BUY,0.002,5000,1766458355,No,0x42cfd000ae626abfafc2d77d77c2c43633c30451d456c65d03dfa45227832d2f
BUY,0.002,2500,1766458325,No,0xf16e88d0f22edb6ee1ddbc0d826fb470cc56bc8dcb21ee8c7d80fd3f30bdf8a7
SELL,0.998,11000,1766458289,Yes,0x57c0c74e28ef1e8b8312645a6a152aafdc1033a56c226f905897f5a191e8c3f5
BUY,0.002,1000,1766458209,No,0x730c7e7839a1f696a7dd79abe0b2dc4ae4692a68530ea4f6223fad96e94ebead
SELL,0.998,1,1766458139,Yes,0x11c7e38de2177627ba6c31bba8a9b9383b86d043940fe14468c112b5298e0c9e
BUY,0.999,84739.71,1766458113,Yes,0x345186358656b398f217dd2d361966f4bf166b50f20e480d796e804d166e032d
BUY,0.999,1.001,1766458085,Yes,0xfd6654673dfd2fb2a8c53bbc26195e5b086ebe1900f004d404f0a8df646cf218
SELL,0.998,10.02,1766458079,Yes,0xce43aca69033f3b1c942d8a42117a745321b3200fa12de09d3e0336102e74c24
BUY,0.999,297.7,1766457999,Yes,0xf80b2b1ac974f1881da2065e0ffd5661467b7777455793d4eac22b376f7faac3
SELL,0.998,3333,1766457985,Yes,0x10ade7ce8ac497123738ab340f6b817ab49edd5cb6e32126744a1f64f017445b
BUY,0.999,1.001,1766457919,Yes,0xad286d74dc2a29628fa12c20d30f18c24e4b5a8b7e49a7dc601eaf34e1efe0a8
SELL,0.998,4.9,1766457901,Yes,0xa8bd02ab017c3851f11fc59c4dd63b6d8c1af39a4d27f214921fe466e015cb50
BUY,0.002,2000,1766457895,No,0x2654c6fe8b5574f9f50a4edde33a74816b8a3342e46fc3700450c89fb3b611e7
SELL,0.001,184.31,1766457853,No,0xed169e8bf2e3a2ebd6c1b718817af2287b5c4f3d8e3d8971d5292584cec7ad35
SELL,0.001,13000,1766457841,No,0x51ca2b57a7873f0769aec4c0f658a200af83c889dc58ee2463053efe3b27be55
BUY,0.002,8540,1766457813,No,0x1015a926630ddee080841097dfc31b74a24921ac3c4dd50c18a1a6e7904437eb
BUY,0.999,1.001,1766457791,Yes,0xc3e24b87eff00f63758c01c91db4b1ced59f28f7833c9e8675dc8d9caf971866
SELL,0.001,24.64,1766457789,No,0xd8196348dd21e56d730fa1f06c33d67074e7f580e363d653453c4d7fa99ab092
SELL,0.998,1,1766457761,Yes,0xcefc4c1af18c09bde8bfa8c82469822b388914575277a4fcbef13ae6115dc428
BUY,0.999,1.001,1766457725,Yes,0xe3a9bbd40b25ad681a5122bd26a8c285a636aedcc62d9371af9a0439f408e1a5
BUY,0.999,5.005,1766457665,Yes,0x51fe42902421f214ac60b6a7e8d3a935ddd70ad4a8fa579d0e995250bb772b78
BUY,0.002,15000,1766457643,No,0xf2f57de481dadd4794fa95de559461d2846b884fe6935384bc537b7ccad945bf
BUY,0.999,50000,1766457551,Yes,0xafd82a0270f9b9fe76ae7fd7745515d8fefedbc20734448c0793ca68048735ed
SELL,0.998,66.06,1766457537,Yes,0x29ba8367235f2f2c5a08efdc9f6762fde98262f9fa7dcc9cff3c4a80092384b3
BUY,0.002,1000,1766457467,No,0xa5922fc18a6ae263ca73d3d42061737d23e511bbfd43874c3c94f612754dfeee
BUY,0.002,20000,1766457459,No,0x80f06108d99e213f29f2740a4a20547ee4dd180379c4debdd64aeca0be4a7c13
SELL,0.998,1,1766457407,Yes,0x3576df651a29ceed7ce96702cc6ecd37b48dc690206751503d343917d70433d4
BUY,0.999,1.001,1766457379,Yes,0x16637abce721a87a4fba44add706b368e5f937dd36beea13d88330318e38676f
BUY,0.002,26160,1766457361,No,0xca65dd3877714253f5f62716d9a2353b1f852e2bf8d657c643306ba21ee08f40
SELL,0.998,33.83,1766457271,Yes,0x5846464956e2203570fa6b65286149578b369564c41d389220fe9c8816d0433e
BUY,0.999,33.833,1766457263,Yes,0x137ab8a29241a9282bb3b8e21925390059f2d615a9e79c4e01d1d024b03228e5
SELL,0.001,666.66,1766457255,No,0x177f5f2414ab2c48be94c2073117f40e2ebf9087ad87e7ca1f9093be899f8e12
BUY,0.002,1000,1766457247,No,0xce117f4194a1fcf7901dc5497d8b47e130343d2eafb3bf705232dd7ed1ed7b9d
SELL,0.998,1,1766457037,Yes,0x12ac57218fffae734433fff1779b1eff0a9c9b8a75473a48346bd2492d8cedf3
BUY,0.999,1.001,1766457015,Yes,0x24ba700e074e8d8c9593bf028a283e52abe4c977ed67000cb323d3e6ccf12503
SELL,0.998,1,1766456721,Yes,0xb561df98924bc775bf9691def02a297b64e6793a20f38616a2320d7059fb2646
BUY,0.999,1.001,1766456699,Yes,0xce1a411c56a2c19838f002dd5941ccce848fc370a267c7d697754fed749b412d
SELL,0.998,110.47,1766456563,Yes,0x32219da7d24df247197a1cfdae0d0c60a432b64b4bbaf2e1b50671181e9a5c58
SELL,0.998,8.74,1766456401,Yes,0x98b1031c781ee3cfbbd2e3ed73acd6dc37ba2591f8c1b6a5707946baa6fcf385
BUY,0.002,3800,1766456349,No,0x618c70bf92ab658b52c0f5a1d819d3c824665c6a0e41a7d72402b7a20f09407a
SELL,0.001,4.25,1766456243,No,0x66ee968c039858e7c584f0926993ab07f19dcb0ad3bde059fc8e85fef5cc3691
SELL,0.001,28969.99,1766456153,No,0x9d7171ecb5d44e174c1b1bea5dc6a104bc3794fc2e10746845e824b268491b4f
SELL,0.998,5000,1766456025,Yes,0x84008f4171ee64a37994fd3855fb775a442405dd727165da4fdb0778326b71b3
SELL,0.998,25.02,1766455815,Yes,0xff72dbc1fd91d818000cae047bef3af252bc96aba0bbfc91952f4e5edd254dbd
BUY,0.999,30.03,1766455745,Yes,0x095e1614e993d43dbf18921a00918efc60b17834af4771ba75a55a7e1896a8f3
BUY,0.002,2500,1766455729,No,0xc1d73fab99db8eb7109a20ff6999d60d84e4c2530214fce7f12874b9b4c1fa25
SELL,0.998,13000,1766455667,Yes,0x1eda367dde6fea64e0b486051b6e0d623b5b575eaf7bdf6dd8ff59656654c153
SELL,0.998,7,1766455603,Yes,0xb5eae740b433ad224c9a36e0cb203d5beaabe2d422fd4985240189329c17a14e
SELL,0.998,1,1766455555,Yes,0xa9c7eb0713a4489cf53b11cf1c73d3d4a4315489a486164ce4b7896370051305
SELL,0.001,3687.83,1766455541,No,0xa17a74c4605459645ae222ed57b1a8186df5556a6d91a078e8c1b9a5538beb7b
BUY,0.999,1.001,1766455509,Yes,0x69a45b7c1a57753ce5692bb53b271d0a1d656d89441b0ac211f33007e09b3b5c
SELL,0.001,9123.33,1766455497,No,0x77c1d730c77c71b8d4ec22370e2c7899432d167b2c711b4af1a101259849e396
BUY,0.999,7.007,1766455471,Yes,0xc5a16146ed181b5bc7e5a5246dd48571e448912db29259fd4dcc2b60044b9716
BUY,0.002,500,1766455417,No,0xbde0aa7c578040af4a03d4d34dd8793a1f3fdf9b7f321e197401c1599c0a8d58
BUY,0.002,2000,1766455187,No,0x13f250100ce0065327d00ce2f63e0ce4a9b600bde1a81b471e2bb52c47dba048
BUY,0.999,65000,1766455171,Yes,0x2c27c62ac109fffe9f2835513515482a5303823e139cc9b088f1b77ad59cc022
BUY,0.002,1000,1766455127,No,0x16bd165dbef222abac61e94d5c23f35e60342ec253a5042187330f5d220ba25f
BUY,0.002,500,1766455047,No,0xc924bdba163ecf2579f0f11b8e05cf22b75d9f16fb61b25e1f25e5e2a1640f03
SELL,0.001,700,1766454999,No,0x3f95b57f60a36cf3e4f65cf83ea5e56b684fdec4b4a322b5f8fc77d516b0dd1d
BUY,0.999,79.949,1766454945,Yes,0x1f88be590c1be7508165c4c411102de38408874b976aeecd78ff6ee67e24f927
BUY,0.999,21.94,1766454935,Yes,0xf7e83f1567175f6f1d51b89c58a8ad0383ce56006934b6dc3b6d2b0a43ac9e54
SELL,0.001,100,1766454923,No,0xc914236ae8822f6beec8f8b580bc18f33f9f4deb677fb2c8cbb05f2c645ffca1
SELL,0.001,100083.4,1766454915,No,0xb252d5ec4e67ea064aa835f4c420621d758a79da3828253d69f4414dd6dcf0e0
BUY,0.999,8.748,1766454915,Yes,0xa2321bd7721670ba647589901c67519960d629c90d840ee1f73010bb418ae0e7
BUY,0.999,2.002,1766454911,Yes,0xaeff75fe88a59e94586c6a81e52d18e63a732ad22015d2e2e67f57aabf8938be
BUY,0.999,300000,1766454905,Yes,0xe5e58437066baa24e4a526bf443ba278779a1ec9336c5480598b94951439540a
SELL,0.998,0.1,1766454895,Yes,0x057e559ee78e52791baa55968e9772a26bee1cd96ebfb5744ac7ce131a27c053
SELL,0.001,400,1766454887,No,0xb0eae9d9f1e6eb6f1dfde89f2fdcb5bba2a6b24aacf9fe623745eb2525d0770f
SELL,0.998,204.69,1766454701,Yes,0xa668fd4cc5303206e250a33942def1aa35698fd5255740a008cfc30285fd2122
SELL,0.998,0.1,1766454525,Yes,0xc5091f090d442b3b86a527b04ae6d1a0d9e3b7d4bc512ce7cecf934c8ca587be
SELL,0.998,0.25,1766454525,Yes,0x2bfb27918b1d3dd12e109778dcb676f58c8083ef7624976f7aecd7c2276415e0
SELL,0.001,9666.66,1766454519,No,0x57c651a78211cf6ba707c0c3e9a2a5cc3e6d908e45e27de4f3a3c3ed580e0c8e
SELL,0.001,333.33,1766454517,No,0xbf3a872f3e9408d06c0d0ec5dbb5ad970a0f193d5417e5e46c44f1779443c3dd
SELL,0.998,1.22,1766454491,Yes,0x189165bb67a46d0fc429823d6f82ffed774b5454a27207fa58655e5eff7250ca
SELL,0.001,46214.11,1766454483,No,0xad1f7345c305838354a23cdbd2c9ca3798eba6ea62876eea81a7e0004291514b
SELL,0.998,4936.99,1766454443,Yes,0x615a319b83be7b020171c0c9ead9b91bb9c7386432b4e3f40e6846f0cc948bbd
SELL,0.998,0.1,1766454375,Yes,0x1cb22896f84ce46deeb286d7838f40f99bfdfb73f5f24958d0fb9204a484267d
SELL,0.001,990.15,1766454367,No,0x8355e19ed8edde8bc3233e6549d537121b4f2b8348c167090f00235d3ecebd2b
SELL,0.998,1.11,1766454341,Yes,0xfd167c622d1a111cf42750160b0a64d4423e7e24450786071e4f546d10b4924c
SELL,0.001,42123.33,1766454333,No,0x09540343396628dbc49142b9879cd8a5672d69c01b708f8890251dc264af7b92
SELL,0.998,27.35,1766454221,Yes,0x5e9a963ff8d38024d3fcb3de51558e8be5186b6190b571e79ab68f0fbc9bc7c0
SELL,0.998,11.82,1766454221,Yes,0x72cadaa640361c6be270a7947426b73c00d5efd5b593dce2fc7da950f60dcb94
SELL,0.998,0.9,1766454221,Yes,0xa1aeb0bcacdb7a79c84c9426d9c8a74429243689fed7839cdd51ba1216476915
SELL,0.001,145437.1,1766454213,No,0x58709ab99e322b6a57db0317431be03701263149b4b3e8643810ad3678acac49
BUY,0.002,10000,1766453889,No,0x294dfddc64be56ca90960e0a98e3d34dbddd18d3a55f0ab5c7af4795d8129854
SELL,0.998,4465.04,1766453657,Yes,0x3282467437a6028c3a5f53dd5953580a8c2074f19b5df290bf5c50d719309fc6
SELL,0.998,500,1766453637,Yes,0x8f0b60b57a13cefc1a87dcd74fcf1d4ba09fe55a00a9756ebd04b6af315be95f
BUY,0.002,1000,1766453567,No,0x6e910541372c3fc6b1bc9af5e7da809c80dacd2173f4d3d05510e42091af5bda
SELL,0.001,8.06,1766453489,No,0x70ef36673cd184353c63d04870f4ab624bfee768af7097dd82cb19f4d9f3a8a9
BUY,0.002,5000,1766453407,No,0xe8130b38a11717d3744bbd5a28703f14de9c11a410b5d7e5f674eae651202b71
SELL,0.001,11262.5,1766453339,No,0xb6ce1787463f60e019dbd794b2d1a7b66ccf621c3b6bb2830fb87a0d16ba26ad
BUY,0.999,5.315,1766453335,Yes,0xd1b285d3b17623f13ca3de9aa2f934ad7919e2c9bb1c00131f2146f93e1a0228
BUY,0.002,1500,1766453247,No,0x42924ca63d8e2d96bf7853fd2b935e0491915940baa7327cb0efdd1066c9898d
SELL,0.001,5168,1766453245,No,0x2f7949d8c8f550e1040d4eb9012a866e04a306e81b78a2a233a4f2aa525664d5
BUY,0.002,5000,1766453007,No,0x77cc04aca6b9414c10096baa6b905ab8e9f958a44c5e0b57a455fd6dbc529a6e
BUY,0.002,7500,1766452959,No,0x4607730b14a97c57316d8b926384b3f497fa7cfa7b9e357f2d09aa83a8653d2d
SELL,0.001,6779.99,1766452811,No,0x10321c132139d07d07b1bf0b8dbed14c30ce6d46e16deb371fdac680ebe34cb5
SELL,0.001,3572.5,1766452801,No,0x194c34cd5168966810631c6cf6941be53d0a2cc9fb1e28817a3336825015331c
BUY,0.002,500,1766452659,No,0x04a418710b9296b55fbca74ba0b92b28fcd72780f8aee954869743e5b130ccb5
BUY,0.002,3440,1766452557,No,0x87439c77b7211c4ec1051f9f21ded39d130295ed46fea464b5ecf3ebfc988017
SELL,0.001,650,1766452377,No,0x0e4046e5b21c3ae5ce3d1d3e81c58ef61358e28c0c46215357ef4458ecdfa4fa
SELL,0.001,1241.39,1766452359,No,0x98dc5f2fc9c62f9f9bbfb6d2d633f86887754313d467cf50de92d96f8be295fa
BUY,0.999,25,1766452343,Yes,0xa64709ada90d490f5ae1a77762ad16baaeb18d665a769f37b003bb9cf2cb6fbf
BUY,0.002,500,1766452295,No,0xe21e79d914ffb2e0d5d9f3d4f16e8ad26755b4cb5d361561d54fc999abd1aacf
SELL,0.001,349.33,1766452273,No,0x59f1c042d1b4b9257a85692106c83e7468921e9eae0519efd519dd6eea8cda71
BUY,0.002,500,1766452267,No,0x89efbb8e32628efc2b2d5743270b01a41e174e637f42b6b8c80314e4180bfc3a
SELL,0.001,11922.72,1766452237,No,0xce29e8a045ffef0c6c346c97b34f5c1c59ecf52d8bb139f9679a99148bc0972b
BUY,0.002,600,1766452235,No,0xc1c0f57bc6f721f500c57be3ec57bab17aca52815d84c3090d000e679a30b7a5
BUY,0.999,15,1766452187,Yes,0xfc003d7f55f314218086e8b83d693cd0c7c5c2135509f94f25218e4f5042e70b
BUY,0.002,1000,1766452165,No,0x55b0e1a3d941e17e763dd0ee0fbe8360a6fc2320b8244832c903948237c0bc41
BUY,0.002,2500,1766452127,No,0x1eb1e3278ab968c229dcce8cad99bcc2632eb4b33f46ceaf9b80e9573316d976
SELL,0.001,668,1766451937,No,0xe9bdc7df51a0b8681a04f8608903d787f777a087a9f437c08c28d188dce782aa
SELL,0.001,700,1766451895,No,0x91d2837b48593af47bd6d8668efa04c78ec8745871f9fac95bbe69b8e6a5596a
BUY,0.002,20000,1766451791,No,0x9b78d6ebe7f5ba15bcd08f00a3484e05d5def2dce2b521f574cf4b088465ae38
BUY,0.002,2500,1766451691,No,0xf91b7eae026cec9b47b35e2c8989b0cc5e357ad638fa0cbc424e958aeff53e30
SELL,0.998,6704.31,1766451681,Yes,0x146d2316ef97cd5da6db01567544616765b78d05c10944d79bdc3a84af7e92bd
BUY,0.002,2000,1766451681,No,0xe5dd189b5d5c85583f904ad8347cb283091af3d700804d82da53a7b0a9da9a95
BUY,0.002,10500,1766451681,No,0xdeec47f3a274f66485c0cb2df0bb9cd7a6f4a28c883655c287ec22ea4d41d4b7
BUY,0.002,16440,1766451581,No,0x47e1caadce7081f7bbdc7937e17df2d27e3f16b1ba300bf81cc1c7c3f30e8c62
SELL,0.001,10000,1766451501,No,0x08947c0b45e4ede90b70f1dc9c471c80b4377328690f8929053a658c327fea1f
BUY,0.002,1000,1766451497,No,0x99f98b1405b51a7ef481807dcd4e680c250737b825c0634ba8863b5cb6843f9f
SELL,0.001,37363.64,1766451495,No,0x25a7e95f1abab71aa23de37887d9b182dd4751878b479d2e2dbfeb6fe9a5bd20
SELL,0.998,5940,1766451475,Yes,0xba8148202fdc84af7910099f873339d81af794b21b4a329b412f962289cd8cba
BUY,0.002,615,1766451469,No,0xffe5ebb1a2d731047025458010932eabf74a12550e251cf6c1343d0ef052e04c
SELL,0.001,14333.33,1766451389,No,0xe030b934716e6cde0a3235c6df4023bd64e7a8c625ef8e63ea48710c7f97e66f
BUY,0.998999666999667,1.5015,1766451363,Yes,0x67886cba6f0bf62226e9459935f1ec1bcd98fa818e57ef477490abb1fdb455f6
BUY,0.998999666999667,1.5015,1766451353,Yes,0xdc395d3209d4d676824ce345a4ec935cf5a36a7c6b2f1091f7686cba40d8729f
SELL,0.998,0.98,1766451319,Yes,0x653b14e49e9b96ff52b5384cf95bb42e8605aad46ed722f125ea0942a8952962
SELL,0.998,600,1766451311,Yes,0x5a524608317cd5e8b049881b389f16c9316bbdbcb85761bf87c576ecfc26700b
SELL,0.998,0.49,1766451283,Yes,0xcf21c5f67f25694e7690e8b507212e525879774c54a9eba3b1ba17ad54a1daf2
SELL,0.998,300,1766451275,Yes,0xc255a8a07ca7e3827c0e2304bb90a2ef25887eca7b766c54584e550feb8cd7b0
SELL,0.998,1000,1766451273,Yes,0x7d12fd63280733f022e34f9537a172170c909059648a7816a577f0dedff2b393
SELL,0.998,5555,1766451169,Yes,0x581c82b6382c84a900eb790ebc259275f3bd844c0ba594e8cbb1bb3d97c3881f
SELL,0.998,16.55,1766451167,Yes,0x62562658d469ae57e74eb74e58ed9deacabb833f3232036587a47addbf37d067
SELL,0.998,10100,1766451159,Yes,0x5f0c288dc6ca7756b8037ab0542ecbed176a42dd8563ef12b1b8cb3c412e37b2
BUY,0.002,500,1766451099,No,0xa5599835d7e2c35a2a9b326ae15ac500bbce5bf24bfdd14249d3543275e29922
SELL,0.001,24945,1766451095,No,0x7f1339001395c230a4d83eacf925b04cd10b9a3bd5269cdd1c384b40459d272e
SELL,0.998,1160,1766451087,Yes,0x369c3569411c122a969e71c4dbf43e4c05a711f64baeb80953513328138b83fa
SELL,0.998,10.02,1766451081,Yes,0xd6712f67405d3d47d3c6ad95a3a587ba85974fb68e0fc28d280ddf1412b1b13d
SELL,0.001,50,1766451029,No,0x1078948e12926349a7ea5e9029abd445ed85e850602f5200bce1cd3462ee011d
SELL,0.001,2967.5,1766451017,No,0xc967b815de35d7176e4f6dcd28ce902fba45c4b036ed7e6602916a716bc8f3cb
SELL,0.001,2.7,1766450961,No,0xb8428bb0897beab75f0d960fb7f95c063e8d678670e78f53e9931b4c5d6ab156
SELL,0.998,1111,1766450925,Yes,0x37d98eca15728290d2ca01d16b1985147a733113359ed28ba1ff0b83d775c914
SELL,0.998,77.37,1766450883,Yes,0x95f2f0174e28e96dd47de0b6a312e1e6e134a1a6076104a17a970d57a550293c
SELL,0.998,10.02,1766450801,Yes,0x666a551c3fc5e900531fa03a59dba0f96f2a09e2e14740c0cf6b8b878e5e3ae2
SELL,0.998,5000,1766450771,Yes,0xbb4633af0d189e40e808960a6a6e2091d825614c219853104ee2d3707725bccc
SELL,0.001,33882.5,1766450747,No,0x9c178d8a2760030dd4c96c296ee13c7fa37b3b3962d5cb82408f0da413bfa3a5
SELL,0.001,1977.8,1766450727,No,0x9878570333cf4d14642a61047a69bb726d387292b7c52ee0815cb8a001c775bf
BUY,0.002,500,1766450717,No,0x4ec3ab3d01a106a618fefdb6bb4d6daf693013b41fa26c093e19447865f8513d
SELL,0.998,5555,1766450713,Yes,0x4adc1781fdcc5feabe7d04dd3d3a25dcf3a330ab0d3210239508f19dcd99064c
SELL,0.001,3529,1766450693,No,0x99af337cb9fff398aad4f489679844418d9ef904d33f37a67319fd8b09e383aa
SELL,0.001,21583.33,1766450693,No,0x9aebd52d5555c3eb0130f2d7bd640d2d99cdee4ece1f54790d7bb0ece103c15e
SELL,0.001,4100,1766450617,No,0x88bbf1b7ef973586c49068c411a0a93b7126f4bc3b7676ee3928b72fbf2fcc13
SELL,0.001,500,1766450615,No,0x18d9bf5244deb3207f89c12d771be0155d507842721268e785b45ab405c2aa33
SELL,0.998,124.27,1766450611,Yes,0x1e3f59e60f7d6e2d85670ffb171f3ccb146abb018cfb052b876fd702d3e47220
SELL,0.001,16659,1766450585,No,0x56623e53b81b4b82821a01c33914a339169ab74243c40167da92e6b785a646cc
SELL,0.001,500,1766450567,No,0xf2f58d5d9581a1a2dc8bec0b05a0f626aac31570ecc8450d4363d31e1b675119
SELL,0.001,5,1766450549,No,0xa6d528af597997de76bb550a89ed70231aac89ae4527e0a9f86e75eb9a1bbc6c
SELL,0.001,16666.67,1766450489,No,0xc07bc295691f24695a004c33de6b11930190cfbe8eadfb3493b68f4159330147
BUY,0.9989996791755913,2.272271,1766450459,Yes,0x2d97c93b02412fbbd8c914b64ed0a86e77d6c2e50c22348438259230253443ec
SELL,0.001,6333.33,1766450451,No,0x0f0a378401bb9def0a346679550aa71b113bb78fa702066949eea7cf5dd41048
BUY,0.002,25000,1766450287,No,0x6d233193cdc131567d516135bf409ef6b2a478538f3b33e7435669fd1f979abc
SELL,0.001,2031.29,1766450283,No,0x5ab9a9ad20712b1d0fe990e1fedf2a1f8581e0f77c75c65a6d7c74c2625d2951
BUY,0.002,500,1766450233,No,0x76d361b35e771900ddfef4b31577f6db5a2464f7370fde714048054b622719ca
SELL,0.998,82799.95,1766450223,Yes,0xb1d0bafa59da577f492d08a2dff7154ffbd2daac78c4c118ea956b314e4dd8a6
SELL,0.998,51.08,1766450201,Yes,0xb0f732a8afe5fa5239becdaeaf4af07b99cb82a362a27ef38e2994d20c6239d3
BUY,0.002,1000,1766450113,No,0xc5c50324a8775f064d23fbec22c9c2d26fd2f4084a2602f64ab54ed31fa528dd
SELL,0.001,30000.82,1766450055,No,0xd81ed585dbf538c4223655e4a39f1f164afb024b13d738e8f45a51b2e7f2716b
BUY,0.002,4410,1766449961,No,0xbb5f67d59d9230d1e31253f62ca394391eaa692aa9491ad5f1d0f0976f1c8b5f
SELL,0.998,10.02,1766449955,Yes,0x0bd2029d4a95482a17f4aefba30c8f3889cbd3f28424705d9d176cbbc0ca9c85
SELL,0.998,120,1766449943,Yes,0xbf5af5850b5678654b3ec212627d42626513b8510fe0f13361ced6d479978766
BUY,0.002,500,1766449935,No,0xedede48c5f63051c75a0881fa718217566248b41458e39176499e7808e4fdd2b
SELL,0.998,9000,1766449887,Yes,0xc6ccea0778980067d52abc6eeedd4dfbc58cb48bd76fccc9c1d83bd73e5c2d01
SELL,0.001,1011,1766449887,No,0x3bb03f64a7ebc26eef6afd2e7b1f56e303a3113594960593576bedb75e752740
SELL,0.998,0.01,1766449881,Yes,0x2f28c25ecc2fd509e4e76287c37eb5170dafd6cddcbae8f46d8d89b2dbbdb56a
SELL,0.001,500,1766449873,No,0xa22b7cee08b4d9d0d8ad50bd31a42dd7d97f78517c4ee6c1a3688b6b2a08658d
BUY,0.002,6000,1766449873,No,0x319707b0a6925338863d1336d6e198fc94b87e15a323c804153e0d8f28f1d6f9
BUY,0.002,25000,1766449867,No,0xc9959405582bb89b1e00ec4322446da5913b6997763c44b55c880f2d4579ddaf
SELL,0.001,11000,1766449849,No,0x76801b140f890412ffdc559b4cad90b523b8605ea80a358cc653882a2a6fa8a1
SELL,0.998,10000,1766449847,Yes,0x40aaaf6fbac7cf8e32462a1087e1c09b1acf5b331098542b84da3c74d29a3334
SELL,0.998,29999.97,1766449841,Yes,0xc7c84d6b4bb6b60a815246e648474991ec61e1bd3fe824b12e87fd48fb5b7da2
BUY,0.002,500,1766449839,No,0x1807200805dd773363e1935563b8be4ca3e1b928fe423ab18ebb4f0c7d613390
BUY,0.002,500,1766449833,No,0xb7dbe712f86a38c7a5239a0a5a3b6186736f69a02f4df48ae5fe09c30d52b68d
SELL,0.001,2523.15,1766449749,No,0xfc81b4f5fb39a0a053216c0624725941649ce13ccb85586fdd948235c941e34c
SELL,0.001,9108.55,1766449747,No,0xc8210e5fbd7383fd81f6b7132ff6587ee19685fb160cf20d4573ca3ac09f7d94
SELL,0.998,312.28,1766449735,Yes,0x78c09092b94470c050cb08b2b2a58325c362e7bc31cb32a3474876d10c3f7d33
SELL,0.998,312.28,1766449733,Yes,0x6cb6e125296707afb2199e5008b121c6e6c8b319a80d8ce751fa50f5967c0244
SELL,0.001,666.66,1766449731,No,0x254935fcb3333b48027fa6748d607d8397301f3a2b8babccd01066ede2e45648
SELL,0.998,42.57,1766449729,Yes,0xbe9e02009faeb1b9cb25acb05c140e1c51a271ad69c8f453ec3d434c1d99dfc8
SELL,0.998,3,1766449729,Yes,0x8a2828128c02ae99ac77643bf0bbb0e0d5d118b09f6221c14d508330959c429b
SELL,0.001,16999.99,1766449725,No,0x5d4b605b999a8be461c8d3af0efcd84d0af94ef05604edc95cafe87822ad8bca
SELL,0.001,24034.1,1766449723,No,0x80a76b3bfcace2a075bb461fcdc1b9e5683ade695784794b73c4f6b013f2510e
BUY,0.002,10000,1766449719,No,0x6b28eaa4334e34749304775cf402170b9c495f25ddcc4f324e395d78e427238f
SELL,0.998,390.35,1766449677,Yes,0x960e425e78dffd1a363d71352a52dfcacfbac859b272ef171930ae37ee12be59
SELL,0.998,33.24,1766449675,Yes,0x260acaa0ce64c5cbadc10872aeb9c299647b46083e7fc7ba0b175be663286a07
SELL,0.998,6.97,1766449675,Yes,0x2d8c17c37ea3cb36e6deda42a67e7c6e73f3b661446b541a791b73530ba85c8f
SELL,0.998,5.01,1766449671,Yes,0x2ffa830afd9bcf260753e64e03f70e8c32dc869ae3874fd6eb28a51da0fd7a97
SELL,0.001,94718.39,1766449667,No,0x046176eb2a7671c9c16cd484ed01b5741c09cf30926fef8e2f04b807e0e9af19
SELL,0.001,14166.66,1766449659,No,0x54725bd52d2d593b9db5b297fec237d037cdff319f37a136c60eda0920e82777
BUY,0.002,1000,1766449653,No,0xbfbd326c7bc128e717305f7fc82b28d4348d9ca247c16e014801bd89b10c51f4
BUY,0.002,945,1766449639,No,0x56f06f6910574e1282acab243565f83a500fc255cb231721147f735812eb0969
SELL,0.001,14333.34,1766449613,No,0xcbd826e4c6b96d2a5ec54cf007900b8f0be198ce5208c664b526deaaf45abaf5
SELL,0.001,11416.66,1766449611,No,0xc0381850aa0abce41c12d769140c8807bfe67d231ab69777b4c66fb013bece35
SELL,0.998,21.34,1766449609,Yes,0x858409cedd30c24feb2afe5a60dd512c0ba4e29a3132f2eed387bc2f50ed1d08
BUY,0.999,476.99,1766449567,Yes,0x04b8a502f5ce4c63e3388da5057d1577ce05834318b8b7954db5b043a8e614ca
BUY,0.002,5000,1766449549,No,0x37ea3a2e4cd18d07f7c78c628415f580ee255b734e0ebd14119b77f581036070
SELL,0.998,62.69,1766449549,Yes,0x50f768aae916182de52134f9cc8d83d8e5b79285ecf487a8ee45e9a601965286
BUY,0.002,1000,1766449541,No,0x65929417ee5adfadf9ad5db6072d159646dd156a252833d1ff424497eb5b0615
BUY,0.002,500,1766449531,No,0x1c3bf5ac862fb99789993e96992a062fb4c7fcd61afa997746c63b442412400d
SELL,0.001,1622.59,1766449509,No,0x85277bc96f590f37d4a9bfbf11499f15960d45d1ee44af03f043736f29c6bec2
SELL,0.998,50000,1766449505,Yes,0xbdb9497c327186473e26dc923f0d8683c78059658fa817a1738e8ff38d0223d6
SELL,0.001,13092.5,1766449489,No,0x742530d133360b2753df5e742956e8a97c7db7cb2e3615d131fef2e2eeddbd5a
BUY,0.002,10000,1766449479,No,0x8bbe939d87df60139bf59444df4d5b4de21423551333f6aace437052ab7b13ac
BUY,0.002,500,1766449455,No,0x00ba1fe67fb33f58b29a62c72126914034e1f89359068a5d73831b60e3e22436
BUY,0.999,80,1766449419,Yes,0x76c8ff89183ed60f7deaad5af86168513b30b4d46ab82852eaf9b8bd035721d6
SELL,0.998,10.03,1766449395,Yes,0x5a80ad0040877d068f67021582b3d240150bdae8248dd08ebe69b148fc999bd8
SELL,0.998,10.03,1766449395,Yes,0xf9ad87ab3cd01edc0e83b44a61e6a86eb21db57688dedc942690474ddca4e619
SELL,0.001,1500,1766449393,No,0x041d3963d4f12e5e9df9020154ac13005a02fe081f92f87ec917f70ace5a2aab
SELL,0.0018668826915445686,162666.45,1766449379,No,0x6c37c2040a29d1979ea825d916275ad9f0044119bf7d616a90bcb49cef296f6b
BUY,0.003,340,1766449377,No,0xe07b9be2dc2706eda5703fc08616ddc15444ecfb3915f1dc6d293ad16d51272e
SELL,0.002,5052.08,1766449363,No,0x60b2eca93229623857654c9389c2c0bb3084b6bacbd6f9e702fcd9bf837bc482
SELL,0.002,19999.99,1766449357,No,0xbcbe9cc928bc34aa8e9e40c5a11f7fd1702679558e73c7d11ce3a9acacad82ab
SELL,0.002,10000,1766449343,No,0xd209da33cfe8904484e46afa651a5807fbd7e70f78c12ecefb5eebdfc2756bc6
SELL,0.002,2206.41,1766449329,No,0x6a3ffb31e1fcae9c4b9db79dee88402a069b5028b81a78ec2975197cff155fb2
SELL,0.002,71430,1766449327,No,0x30c77366de8f2a6683cef25aae3969ba8fef2eb9b4079bbff10d07adfd648089
SELL,0.002,1994.59,1766449285,No,0x7ab9970a76b374800b297edd3475bd7590e44debeeb4c4e10c51b66e98fa332d
SELL,0.002,16666,1766449267,No,0x8af0f925fa0693dbf3395dceed943ea40b7b0dd87fbaa31b5207e008349e9ef9
BUY,0.998,9.669,1766449265,Yes,0x7b74b1ac07788ded55da7dc0afe922bb69e1a7576043b80ff0472a3512f3d803
SELL,0.997,20000,1766449263,Yes,0x41069049012688811871cf687fd79be962f7d4efabf5824a07b161c12e4bf351
BUY,0.998,180000,1766449255,Yes,0x1dd60a22888baf377f8a925f5b920ebd331f2e10386c52b87be9a307fa7452b6
SELL,0.997,10.03,1766449239,Yes,0x1c16024ea29f571ec7bac57a3fa97a643f7ed04265faef994bcd77829541c449
BUY,0.003,3600,1766449239,No,0xea2f11dfc680777d6723f46a65edfb0a998fa51dad8781bae382bf78d5152c86
SELL,0.002,4166.66,1766449229,No,0xc6a8b339fe4d070fca252ac9f52c43ad9ba0cefe0024303787e94b94de518033
SELL,0.997,10000,1766449227,Yes,0xdc1865d2a8e109225e384082521259c2c66aa53b0292cf1b6546372a8ae89a1a
BUY,0.003,1500,1766449213,No,0x371aead0b62d1d1c46861a9af9a7039f3c791ffcfcbb2998c273e8a5c6962e8f
BUY,0.0030000000001705516,11726.666666,1766449211,No,0x8dfb9cd2befd9575233a95451b83236a3db3e41b1a221d1d26d062ae9c1439a5
SELL,0.002,3754.16,1766449169,No,0xedfbf2211473dc9feeb4c66ac98e5ca1eed1cc1033afc5b4e41d236d78d6aa64
SELL,0.002,333.33,1766449167,No,0x9321b24088728f066029d50f899f4e457f7620fd9adab646cab72ba2166ab9b2
BUY,0.003,33250,1766449159,No,0xbccdd0da39b3cc8a07232131eac16cdf4158f85bb5105234cf99a90446f7c131
BUY,0.003,1350,1766449159,No,0xfae44753b88aefb142a4af71d991bad96a972846cdea7ce0d9aed12cf2cba122
SELL,0.997,501,1766449157,Yes,0x2389286daf71c0a5bec29a5ce652a369f0b537f5a15e09399a994260628ca4c7
SELL,0.002,20155,1766449153,No,0x4be12775807ee88f86254550d1064d591c11d35b01e6946d777171a20334d749
SELL,0.002,4000,1766449147,No,0x0cd5e549be810f54fdc07bcd292f02d14b86060d5cc27a488982d49171366e3c
BUY,0.003000000000027561,36283.333333,1766449131,No,0xdb41b80ef2f2f9bce12730999fb84844e2f2a7ae6a48fb2738e51a5af8165684
SELL,0.002,1136.66,1766449131,No,0xafabc2b8b0fb91c303f509c33c4d204c26f965d42daa3d067122fa14004cb7b4
SELL,0.002,8126.66,1766449125,No,0x7db38d42da95935d8d0c96b6b9fe7afb9241589c7b11b49a36d8237db972e678
SELL,0.002,500,1766449119,No,0x31c4ed044bda9d1f1e7015a1b30ed62650eb8505415c32cc28063c353b95f25a
SELL,0.002,500,1766449115,No,0xd32da52ba4ea5d6a34a3bd5ccb5f3a905f7d0da6f5717390542897e30a6cd298
SELL,0.997,10000,1766449113,Yes,0x5fd389b0618123137a696925f9b37af38905d6e59c79298da78fdb18efcf3dd4
SELL,0.997,10.03,1766449107,Yes,0xdc4b095bc7e339e8565f1686c4233dbee19e9191a26bd87345b7648bc573c27e
SELL,0.997,12000,1766449095,Yes,0x684c4a85d5b3dad7335f4045862f64972f91aae0b414dfeba9b55917ffd1db7e
SELL,0.002,4694.16,1766449045,No,0xa1272eba2ada1bc521f7887d0ac8d41088edd8f18fd6118b945318e4d131618b
SELL,0.002,260,1766449041,No,0x728d3d7a159257f1f34bcd922ad592f43c254e7002edde43d48c530ff3ca3a7d
SELL,0.002,1666.66,1766449039,No,0x1363c1703e0d694373fb399c0335e3de168dbb4f7174ab2103c3c876ca162ad3
BUY,0.003,1800,1766449039,No,0xa67ad5431b171f0b0ec4c59c9bcbc0b7d61d1e04da4b8e084dda7daefc341ef2
SELL,0.002,27000,1766449033,No,0x30d56e229362c31fd8ca560f9c858a4fb6cd697d2b51c33a1fd910b2428833e0
BUY,0.003000000003,1666.666665,1766449029,No,0x476fc4769fbca330f6ce8975bc5551b0b6cb6d11f535e6c35dc34010b9f7276c
BUY,0.998,30.06,1766449019,Yes,0xe9826a09192b727e2918ef863c9ca841275efd84aec8f3df4a8b5624904de5e5
BUY,0.997,220.99,1766449005,Yes,0xd49bb5532e26d5544c7ed66a70219b254bcb34a73ab8e22e05b921904300816e
SELL,0.997,9779.01,1766448999,Yes,0x770b3645ef6c322576b71c106274af8fc4c4bf4bcfd7d7e721a67b06dd8ba10b
BUY,0.004,500,1766448999,No,0x8bfc3f2d7fb939c6fa28c0790b905f3e6aefeec170185f3405d9bf0b739d84c5
BUY,0.997,220.99,1766448989,Yes,0x82d758adaa6d773e337f380606d34a84d7d8285fceb51435d4bc71aa700350a7
SELL,0.002,125966.66,1766448989,No,0xc0c891a35ac89ceddad22cea3e00e1e9242048fca454c55a1c7af1c924eb3d9e
SELL,0.002,54999.99,1766448989,No,0x98533fb57f7c65607564985bf160517def9e503cae24bee68b74bbcc80189b3e
BUY,0.997,25,1766448987,Yes,0x2464719fc665cafb7e0063b4216d0e641a9af09e3dcbf608110862ac6ce8c1dd
SELL,0.003,3750,1766448979,No,0x69fd7b7d0911c1eee49c7bc09bc97384d3653d8f8e7ffbf0c83db7f79e33681d
BUY,0.004,500,1766448977,No,0x64a0187341b7c0e4637083429c598677317d42733b5a2877fcabf5ee196e1ca0
BUY,0.004,250,1766448969,No,0x56e330095602d8c20432d67d8ddf22bd0498d48fb8fbdc237788a1ba13163d74
SELL,0.996,7.62,1766448959,Yes,0x2f8becbf221e6c1b50cad9ea3b0d1bbbd04663e47c084858a6eddf1e52c9e04c
BUY,0.004,3750,1766448955,No,0x71d5f48dc61557d3d5d827d849fdf526c701d0457596cc3ca2ed9bdc0591fbbb
SELL,0.002,8500,1766448929,No,0x572b8fb2978e43de9556225b8694d064e53028b19c224465ea1b5fb121437e6b
SELL,0.997,3333,1766448923,Yes,0x8f9062d9d6c3d4c7bf4cd9722d9da1fb5ee49a1bff6286b27946016d960a161a
SELL,0.002,40008.69,1766448913,No,0xfc0999fa01874cd892ef672e4a9975832d3b11dbbdb8103a323b28c75976ceb4
BUY,0.004,22500,1766448909,No,0xbda46db9012f5a373d311b83ed4841dd6912264789749b2d44c76008bc507496
SELL,0.0026410857241264333,40008.69,1766448901,No,0x0709937d13495fe1162e308da83a8ffafb7c356ed0fc0f4d8f574a6bcc43d55c
BUY,0.004,2500,1766448891,No,0xa2ee946cd1b0fcaf45476c6cce2d78de83ea9854a8ac6d2ab3ac4ea994f3f906
BUY,0.004,2500,1766448869,No,0xdf018f394b06b61d881a47d307e5b881861e5958c1fa35cda11645262b33202a
BUY,0.004,7500,1766448863,No,0x2babd9b4a66e4a1d3fb5d7653b69c672d998be330292b363d310f333f94f3240
BUY,0.004,12500,1766448839,No,0xcbe90f586bc64077c4cee06efef6c359e377eaf78e57d0be4eb547bd0ce0ce17
BUY,0.004,1000,1766448813,No,0xa750167db312cc7bfa8284657337cb5fdbc63b3b79513d389d37bfa18186ad4c
BUY,0.997,8,1766448811,Yes,0x62e56844c06172af4071b6e976dfea8d6f663623908f610150d2c7b556be6da0
BUY,0.004,250,1766448807,No,0xa1fd8fd28758ddc05ca287a4bcfbda0980843fe0fc42bd31942d7d91dc11b02f
BUY,0.004,260,1766448807,No,0xbfab9eb3f4994550dab2df084db3d4c269a156b6911080680525822ce0fc7956
SELL,0.003,1111,1766448791,No,0x53ed03ce75012f8880977934e20ca245736a281cdf77ddddb50ff18b78b894e0
BUY,0.004,5000,1766448781,No,0x818c26fab2027df211e84d1546f2959b56129ded14a7e850b815fe5cf46cec46
BUY,0.004,29402.5,1766448761,No,0xd13a55f88fde6a1ca84a5101b0a7594134b41b406c85426f04671ef4fb85b114
BUY,0.004,250,1766448747,No,0xf2926865a1c2c082d25914451ad2525d07efcacf99a00e8beb7b8bbe5cad85fa
SELL,0.997,2000,1766448735,Yes,0x9f6ec34e6ce9bbf022b12f51f05ebf4dad9e431d161b63c4a170d826ebe135c1
BUY,0.004,5000,1766448701,No,0xb1358210fde6ccd470bad2c0f57855ca4fb70769b7b5046a68f65d8524c03d63
BUY,0.0031964774818150398,31284.4375,1766448677,No,0x247a4244e95fb3d13ca8a80ccf3d90fafbddcbcbbc80e875e4416dc32039cb09
BUY,0.003,1111,1766448675,No,0x62da9a2d7ab7f8d799d2ce228f41d3e4dd8068b7b87679876c34866b4428498e
BUY,0.9979998079847602,5.010019,1766448673,Yes,0x7a8067bb1f0e959bb04006f9f7b490cbe7c4d46761c940538e0d392c17da7a1e
BUY,0.9979998079847602,5.010019,1766448673,Yes,0x6a7155e67b1aa1f5a8e33b3eb6e23aaa57796519245ecbc0ee54c2632f7e89af
BUY,0.003000000003,1333.333332,1766448657,No,0x79c7c05ec53873c8c9cccab3d15fbbfa32ab188b1c6825ac091fbdfea771a7d8
BUY,0.00300000000003,166666.666665,1766448651,No,0xc86ff49a55d4204b86459ae6c44c81db98ccc54930b5ab23a63c48b1949ad156
BUY,0.9979998079847602,5.010019,1766448643,Yes,0xcb81163356a4e961a3b774acafffbd9d1cb4014666694f4d8248f281245ad862
BUY,0.9979998079847602,5.010019,1766448643,Yes,0x57788443c72d0de641795bee60bc1e8d9e21d43bb074b54886d20ce12c75f9f9
BUY,0.9979998079847602,5.010019,1766448641,Yes,0x7819072794ca134605dce82390f63877d0cdf75cff03209f9254344eac67493d
BUY,0.003000000000048,83333.333332,1766448639,No,0x8f75af6b8ed070e0fc73b55682f9b88a4b746cfeeae7400807af37f0a3c4c390
SELL,0.002,1666.66,1766448633,No,0xd80eadf0dff58f658bdfb3636a85bcec731ac2786fc67d68dd8924c1a4013fe1
BUY,0.0030000000012,3333.333332,1766448627,No,0x1fb18cfddfffedb8f2063c1c4ff00e57ae1efd9d05faf894c32cd8f13bc534f1
BUY,0.003,6650,1766448627,No,0x1959fa31f757ddd86a3ef270c4c41cd84f4da817e70f9a5a744e64956615530d
BUY,0.00300000000012,33333.333332,1766448615,No,0x5b51c6e358c8ecc9a919965fa63fa02f7c48ec01de7246f66514e07150d12d77
BUY,0.9979998079847602,5.010019,1766448611,Yes,0x29bb0b3bbd952e89748ac1472aa8cbedc6442120f9172d3eb540bef88f752c4e
BUY,0.9979998079847602,5.010019,1766448611,Yes,0xe5e474699fa25f6875e0de95f4964daf7b1a3e4481e4d4a5929f9d8fde5e7dce
BUY,0.00300000000075,6666.666665,1766448581,No,0x9f3141702afd4c0fbcaecfb3f5345ce44d4dba0a33e5ad6d54ab52b5d309702e
BUY,0.003,2000,1766448579,No,0x906f5344a7367990b6d508e6e1e5929508f41b45aebab18f38d6dba159678c68
BUY,0.998,9.99,1766448551,Yes,0xefb40080fc29a47fe3d0e40a6f54c337a9a96cfaf44837f6f6059c44255a3fa1
BUY,0.998,12412.83,1766448527,Yes,0xd87258b69c2a8e81ab02018e5bf987e618f48c34e749acd6808ed2a53c7fec88
BUY,0.998,5.01,1766448519,Yes,0x2665b7ac4000629117fd39604a37c8eb225f8c8a9aa7f913a4c0ca3e3e5f2d59
BUY,0.998,5.01,1766448519,Yes,0x2f9979a789c1ec6cf9f3f0951a9523e34e57327b389577af357bdcafcfc3a721
BUY,0.998,1.002,1766448517,Yes,0x13dabf6986a86c19efdefdf6bd5e4a63eb4b55049d46575ff1ea6ac87b0f12c2
BUY,0.998,1.002,1766448517,Yes,0x4abde3e7df18ce1237f7bbed44f95b430c69d6c0cfce4d570e57f89f6f45553a
BUY,0.998,1.002,1766448517,Yes,0x826ce76a3ae99b8d93b1f44f3d36fed1d3afa2fa76a7e17484b5b86cb6d4343c
BUY,0.00300000000003,166666.666665,1766448507,No,0x5e81c0775f48f137d60b272f58da183c55350e12527146576717f3f99f74ff53
SELL,0.002,32109.99,1766448505,No,0x6468725b9dfdd599e2fec4835de046a74425ee5a7ed07924cb7c54a44a247a20
BUY,0.003,1000,1766448505,No,0x415b3066314276eb240ed4e4e86a164f26abc1350b125ade99186c912136bf80
SELL,0.997,0.25,1766448503,Yes,0xdcde54a01825c854e63b76bdea01dc68c47cfa5a6742e065c5367cf9bac2d67a
SELL,0.997,0.67,1766448501,Yes,0xe90cac1d2e9e489e98f566f294f7559c57912dacead1bead6a53847cca6c858e
BUY,0.998,1.102,1766448501,Yes,0x1e299b4e65e0d0097bedad46aaa466e51b2ca7332a2e9f9f1c611009662afdf4
BUY,0.998,8588.51,1766448493,Yes,0xb207f5eacd34d9f1c59e76476f392b004357e1c31b40283558909de8cdc4baba
SELL,0.997,1.15,1766448493,Yes,0x0626a1f8b86a617e1b924c7873ea996f9001f51f9669043cd1d599b46908bcb2
BUY,0.9979998079847602,5.010019,1766448485,Yes,0x6fbb041706fc10dff8bf7601ed10038ff19a4ea2b30db9a04e189a25c8d881e4
BUY,0.003000000003,1333.333332,1766448479,No,0x8e17b9178e0d8acc78547140d50266be1e2ea00399ceb3a965690e995b397689
BUY,0.00300000000012,33333.333332,1766448477,No,0x62118d53ac3a9e4a85d52323037bd5184b9318aeddae49c7326ac7a2ff56bb9f
SELL,0.997,0.1,1766448477,Yes,0x513e3dbb28c22d3f6b65b83db1af1268a7a4468e5e4430e6ffd41e3cf6ae389a
SELL,0.997,0.13,1766448475,Yes,0xf10bfddf8377c86619b5f1d8e62e68b3a045553890fff0c0d2a185972746a6e9
BUY,0.003,1000,1766448469,No,0x4f3d214dfb68a96ae564fd732834a28fb1daeb8f483cc560d58d39ddf7d24a78
BUY,0.998,700,1766448467,Yes,0xcef8ee905efd3a70ab6c99b07fe0af4283f54aa8d62a59bbfc1d657b2e3f0f69
BUY,0.9979998932371825,5.601201,1766448457,Yes,0x15bbc267b5099a144aebf8393b77e315643fcf9d232fa47e2c498137634140f1
BUY,0.9979999657252191,1.983966,1766448455,Yes,0xe6e3d00285dfecf6345dd406fda90f5f01062029f8350e573462f512ea99a570
BUY,0.9979999530670038,3.707413,1766448449,Yes,0x68dabda7c8ebe7e746550fc52f180036889ec72bb01390ad88da1445ce8a2c9c
BUY,0.9979998932371825,5.601201,1766448449,Yes,0x907b94b946931ebd137894e9a8609c00cf3b71c9d07e6bf7ea61436455b101ef
BUY,0.0030000000002951303,13553.333332,1766448447,No,0x379eb3410a0a37903d5481b305fb8f31e2095d53fd7e68515e7f07dad382fd74
BUY,0.0030000000012,3333.333332,1766448441,No,0xed5a4adc894ba5e302e1d8f04788b6a18cf3274e3451d61aa5d870d399fd6906
BUY,0.9979998932371825,5.601201,1766448417,Yes,0xcdef15601adf3aceb26783c4e2426dffb6487773ada52128f22292eadb1e52e1
BUY,0.9979999530670038,3.707413,1766448417,Yes,0x0dcaea59c3d96a73368c1af0b5835100cef5fd5151ddd0629d74e045e5c5b192
BUY,0.9979998932371825,5.601201,1766448415,Yes,0x1019f430d61e34af0ef9106fb47602817dce08992eeb6a80359c3a07f22dbdda
BUY,0.9979999530670038,3.707413,1766448413,Yes,0xbeffaae33f5d091663233051d70b4843b4cac6541c10fc387c77d9d66428128c
BUY,0.003000000012,333.333332,1766448409,No,0xeee5c4c182f00f1e76e9263b5bfa8b757c1cd1a88844e2ccebeb2cfead06f732
BUY,0.003,9350,1766448405,No,0x43e05698d6250f1db449970417920e60d2b66c00c28b5dac4eabdd1226b98541
BUY,0.003,1201.17,1766448397,No,0x1fa5ffe57e32d881d8dd4eb8fcd45605fb767e9fbf35d3772f420ce314c18a03
BUY,0.003000000012,333.333332,1766448391,No,0xf5e9bdf09cab9764aa256e26ca765aa149220d3308cfe9b0652e0090d973cff9
BUY,0.0030000000012,3333.333332,1766448387,No,0xc07c5dbd5d1325713d94a4789fe23edc948279a382511fa95ee3bd0dbec43354
BUY,0.003,8000,1766448381,No,0xc3373f76e55e4c12e41d94f3124f160cf31e832dce385eb7ae90a9f1dadc095b
BUY,0.003,2000,1766448367,No,0x50a1ecc8da34177ac8f1c5c26fdee22a831f633c3a56ae7460b861a1be2ea587
SELL,0.997,3,1766448361,Yes,0xe215a09b7376a97c1954b86495ddfb1b7e845c0fe31b83c3e804f4f35f90e386
BUY,0.003000000003,1666.666665,1766448355,No,0xa652002567296a17fd3c0ef8af38dd62f1c63df12553996107275b3b74141d57
SELL,0.997,3,1766448355,Yes,0x5cd892fd920d607f93011825e10f94d333c4e524d3a627816b305ab0a3dea2b5
BUY,0.003000000001714286,2333.333332,1766448351,No,0x7d66c6bedbbd3125550c625b511cca2da6533ee9bf2b3a7e98b828aeae929684
BUY,0.003,1000,1766448351,No,0x7e5599638beda05e1be3238c14f96b66bbb1224c8a0ad53db1198c96fd69dad3
SELL,0.002,3156.66,1766448349,No,0x2e1d65ea141094c67d07152b86f2999401a7f2c6aa9362e13fd040680bfb3b52
BUY,0.00300000000012,33333.333332,1766448349,No,0x77ba64e87630b4e75fbaf6afe9d13418e67e799e1da097cdef0688078f9163da
BUY,0.003,1000,1766448325,No,0x7dac148656781166079b670a0d367bad676b9bcd78952a2ad42cb0f7cc6fe7e9
BUY,0.003000000003,1333.333332,1766448321,No,0xaabe2b9cd0910fd0281de6578074feb047d09e6b4579598fc779ed3b62a13f86
BUY,0.003000000003,1666.666665,1766448307,No,0xf9fa77a50a3cb587ea2d9879af0f8fb91a571271bdb3af87f0dc9ec97a70a153
SELL,0.997,10000,1766448275,Yes,0x57abdb03dd1099e1519520c5b2ad4dde4ae28f3d76b57084ecc07f32d3007999
BUY,0.00300000000003,166666.666665,1766448273,No,0x99150b53755ca3325e0db4cbe24b2d2494a1155c911947693fa50f398ceba6bf
BUY,0.0030000000012,3333.333332,1766448261,No,0x25a4e18c70a6eff57775a1b227ba72c01d31e99b8b0343cf168f6715583101d5
BUY,0.003000000012,333.333332,1766448259,No,0x757c70ef3656912d1c5a15f311874b8dd8f55c8154d8ecbcb17ec567a5920c0d
BUY,0.003,1040,1766448235,No,0x39ffb7a07ba21e71ec2c2dca41581dea25ef2ce077415431a8875d9ef7f85fae
SELL,0.997,0.18,1766448171,Yes,0xdad255e09c0a1d10f9200505f42645ff62dbbb607a5eff38a1ad36ba61d7f6cc
SELL,0.997,0.1,1766448169,Yes,0x217b723cd03c0b5f034ffc17bceedd9a872c1d75468fb0886828019884ec509e
SELL,0.002,900,1766448161,No,0xc56fcee284ea8c8180a42f56c086813b7ba06720a534081810e28933f6b61a1e
SELL,0.997,0.75,1766448107,Yes,0xad8c7670add2f680de94821d6c0faabc1e0679747f1eec787bcb039fb54295f4
SELL,0.997,0.1,1766448105,Yes,0xa5e8e3e65e637200745096df1bcdaa25474a4f482e54fa480452f30735c748d0
SELL,0.997,0.28,1766448103,Yes,0x102e33de3178446f9bb07116eb249e499cbe4b5ff100fad0b32e1eff279f5040
SELL,0.997,1.18,1766448097,Yes,0xa7a33bb6a0ede977bc2f9831f97561b875ef9b3cd40320089b35c295c81b31e0
SELL,0.997,0.1,1766448095,Yes,0x87cad80e47b9b1ff188dfbe1297034a28f1a3c17c0e933255bc7bf4bb0da37f2
SELL,0.997,0.45,1766448095,Yes,0xb0a7e4111496decf8a1ee117cef6d9b00c314bc4ea6e3efb4af922466b204854
BUY,0.998,1500,1766448095,Yes,0xfdd076ff65d401ad018ac4114c0964e7e8f2b443e68538da2a68e0fe7eaa7d06
BUY,0.998,2400,1766448085,Yes,0x91e5d920946b2ced38c04994403147f69afaa77f7ad6b775a8a0467c497c0433
SELL,0.997,90,1766448077,Yes,0x7242c3031fff72236ec5754757f7c9a3474c18b6f177177f6e592fe720e59d26
SELL,0.001,1333.33,1766448051,No,0x48ac6441bde3c3afaaa136719fc9a04b4594fd540e9d98f62928eda3db1f2f95
SELL,0.0010054545553719188,1833.33,1766448039,No,0x07e30bc8e03f5726f24fef215780658ff0b1bc1d79d329c43384998d4cf7bdb7
BUY,0.003,15000,1766448027,No,0xc32d40f9f112fe31bfa5d01e3db356a7818951e989aa6786190f11a8c38e7273
SELL,0.002,500,1766447991,No,0xd515d575f492bb85bab0a042482e969067f2871ff6a87d9541b139f74af66714
BUY,0.003,1000,1766447977,No,0x18d98567106b4049403a526f8be7dd41bff76b6f0ac28449adbee927624edacb
BUY,0.998,693.206,1766447977,Yes,0x0a4291e97eee7e9d36b335267e48537d2fddb8bd028ad49200faa39f00e94b2b
BUY,0.002,8625,1766447959,No,0xbd709da492136995fbdb521f795b5e2c4fdd9f18f551703c07cd296e81fd13d4
BUY,0.002,2000,1766447947,No,0xc79e464748d5d47e8736a505c44d65ab7ad78781f30599ffdfb9b430a931c3ed
BUY,0.002,1000,1766447933,No,0xc3426777c09a8c994241e54675fe4a9e14dc27ee1ce09f942b21a88aa738728a
SELL,0.998,693.35,1766447923,Yes,0x096b2a794c95ec58fe6192edc145059333a5f492889ba30489487ae83b2dba85
BUY,0.002,11525,1766447901,No,0x8fac745cfe2d79b24c21e632bf42cb0bd1b979f715a6287dff99a9653096bfd5
BUY,0.002,500,1766447901,No,0x61be01cae6946cce1037e907649e53a9e3626182c0a946251ccf4df2f7426346
BUY,0.002,10000,1766447895,No,0x12d2956806a25e1e9b6310d8bccd10c759be35751fd220b2ca3d310e23bece06
BUY,0.002,2500,1766447881,No,0x864cf39171cc2071ab3c60b75f37c53c15682384a7c736f67fc9f3925f3a1485
BUY,0.999,693.353,1766447881,Yes,0x64aa1a7a9c6a866bac9d99870f886d6a5fccdf2742b52e2d8c2fc0b9de5a7cd5
BUY,0.999,100,1766447865,Yes,0x915ac74c8116537d57aeb65776cf528924067aa68ec6ddd8273891ff0b31f37a
BUY,0.002,5475,1766447857,No,0xa292a9ca66ba48d3ffbd16dd157a3b9007d8bfd9e397b2a91d43bb184d192df8
BUY,0.002,1000,1766447831,No,0x80f68e86d60ac66a4b073dc420a0b0321ea9ddd011c05264138999958645d338
BUY,0.0022656252243393776,22068.963332,1766447831,No,0xdc8f9cd12ce28312cd47baee2de9ae930c725f9bc361800aa99b57805a4f157b
SELL,0.998,694.19,1766447827,Yes,0x4cc06de487a62a4b769af5e2e40e108db3eeb696ce31380f559b42467b453ea8
BUY,0.999,10000,1766447815,Yes,0x05bb1734bdd5495c7fbf632a97d5b2e3d29d7d8c2d34a9b72de5d1264c37d3f7
BUY,0.002,15119.3,1766447805,No,0xe88f1a8de63ec0f6cceaba5bd8743a25a4daa2e3dda75710d0b078ecbafc4435
BUY,0.999,694.184,1766447783,Yes,0xcd75c2004ff21d444bbe5b4d3202c7d0033118f0717c734160cc2c3aba2a4953
BUY,0.002,500,1766447757,No,0x3ca184bff42dc1eb3f9e425ea77a69f283ff17316cdd31f76bef3997a515ec5d
BUY,0.002,500,1766447753,No,0x02506f00a46d00b5fd7ca98a4cee2855f4ffba79bd7f8487ca8b1c6d4c520979
SELL,0.998,695.02,1766447731,Yes,0x4e3e1eb072303c0ea5ad5f46465279d52fefdeb5e3083d6871962e7a0c557148
BUY,0.002,895,1766447715,No,0x6a7c43150242958675313609def27da0db0dee39074d30cfd665f34ee2a15d91
BUY,0.002,1000,1766447699,No,0x32c19509474ecc4b8fd329654465bca16104c6e53985c5e5aca2489991fa6dbe
BUY,0.999,695.025,1766447687,Yes,0x5914c3951cc39c08f4f64aba15558cc89b9854147cac84a135b328451bdfaf38
BUY,0.002,1000,1766447681,No,0xa79b94fc7701379704a359049e20834fc8374fbb51740bea2fc7d36862a354d2
BUY,0.002,5660,1766447673,No,0xb6ab9ff23faf443b6734cd90fddf251d1d98f3667257b7360b6e2ebf45060152
BUY,0.002,500,1766447667,No,0xb9fbf477193ae0b79bfce8e43eb9193c120e6e4cf0290db1392c2780e61a5ef9
BUY,0.002,7500,1766447663,No,0x9a8da3684088e8025f45614b78c6d14b88b4de076f95a84789ad4d0bfdae215e
BUY,0.002,3300,1766447633,No,0x4c498e3bc734d8d6cc3783a7d72607cadcafd89d4238089335c038800aeffadf
SELL,0.998,695.87,1766447633,Yes,0x8ae0761b749dc5ca7648e44e6f15abf05a68a5556ef2a2579c4e65e7e88377c0
BUY,0.002,4250,1766447605,No,0x5eccc7dd519fa4efde93cb4a334a59831d7adc6ae7d993ea01af57a11c5491c1
BUY,0.002,10000,1766447601,No,0x3b6aa92edbe9599d6182f23a3555c109893c7713b1d3b8585e5cf7328ae8064d
BUY,0.002,1000,1766447597,No,0x07679ec9220d405039239432bdc1f7c9a77db8d65b9507d9e5d185b06dc151e0
BUY,0.999,695.865,1766447591,Yes,0x219334842a4b708c3aeaa83d2c4c66924eab0394a89874be6ad7d8344ed43144
BUY,0.002,10000,1766447583,No,0x3b466ab89b7656ad784696154761ae544df8c4d190e1b7553e969dd5675892d0
SELL,0.998,696.7,1766447537,Yes,0x0af84c1e6bb255de5bf98ff8ef4aa5c83e80f980f2a0c260e69f0df9425752b4
BUY,0.002,10000,1766447533,No,0x61e5c0916adfa344ae195d4f739e76e81d09c184f7a5670dd3a043b39e4a592a
BUY,0.002,10000,1766447527,No,0xee70b85c76f04b597ec4c52c169b870d6b1161eada5f9eb65e813e940f6c2ead
BUY,0.002,500,1766447499,No,0x0bb52861530beba6f6f2e01bf43e2d5e8f26c92a2ef5bb2e67480a1bf56de6a7
BUY,0.999,696.706,1766447493,Yes,0x22c7b476fb9b7814a4547179ce7c8e72ddbed92dd5fe9f4c2dae409985015fc2
BUY,0.002,5000,1766447491,No,0x5784d1bc86fe7ec7052db706ebac8abeb884747416f322617a1f7b74dd29c7e4
SELL,0.998,132.01,1766447491,Yes,0xfb8be8b4c0242b49e2371900ab35c622f1ae543d2a9e97c2acde0a5aa10c3ae1
BUY,0.002,12195,1766447485,No,0x616a419137da3da51450a9b6bda83c368c6a9f86a764fb5257215c8dc8d045cf
SELL,0.002,91.06,1766447461,No,0x0ae9610eea3cd108377e3e80412717836f0c6474aa86fbecd9fe8fc09dddb86e
BUY,0.998,42000,1766447441,Yes,0xcea46c8a5dfdf842e4bfba0b7594765202afed4b31e98af45c28735456d235e6
SELL,0.997,698.35,1766447441,Yes,0xadf29a12ad2ca32d7fabb429357ca9b6ba204e3643f6c0496b638d22b3d2cc7f
BUY,0.998,698.3465,1766447397,Yes,0xcfa6cf6b80e8523af63dac443bf6966f9807b9f2eabdd9fdef3facb5db2199c0
SELL,0.997,699.28,1766447343,Yes,0x9eb6eaa6bdd15932fd30fcb08c63554b60095a4ffcbfaeff0b6e35d3ef9dfaf2
BUY,0.998,699.2785,1766447301,Yes,0x9ba5e256263cdbd87de7adc6c94d406b463fc839d435a137078d89921c9da7d0
BUY,0.003,250,1766447283,No,0xfe219fffc79c3f1126a95bdabf0180996f3ed14250b57673b4d647d4b2606234
BUY,0.0030000000026929982,1856.666665,1766447251,No,0x757c8cab29511ed70badc1015b3cf7b3daec5f3c311565199d38fc187c1e885f
SELL,0.997,700.22,1766447247,Yes,0xbe52a66d019eabc8deef72c3b2f7f298b91d4d60139cc1023e9e6d5fe3a97e0b
BUY,0.003,334,1766447239,No,0xd0cd7f8305b64b1e097997498431cb4863a76a8c96a7a95b0ed64d78fd1db296
BUY,0.003,8350,1766447233,No,0x8d12600fc16a0e0913ecfb5c100621c41162142c090c79897d23336bd4058d92
BUY,0.998,700.22,1766447203,Yes,0x4e2fe512551cd01895fddf0f2c3c0402c1577c4897b958938d05133d34aeb5a4
BUY,0.003,2060,1766447175,No,0x2824600da25d052f1117bf25d6dff8db0059d717d4e4294fbb3a4e36b4b5e1ec
SELL,0.997,701.17,1766447151,Yes,0xc317ac4b5a3aa57de172edc4b6effcf385f6d9c213f8c52ca83afda04ca00166
BUY,0.0030000000075,666.666665,1766447141,No,0xde714e195cb925b8cbe008ac9b8e6c77df696fea7d9f1e8aba169edf20194a35
BUY,0.003000000012,333.333332,1766447115,No,0x0161d1002cafae27efb801ebd5a140171df956cc2f742a29116fddb1f471e7d4
BUY,0.003000000012,333.333332,1766447113,No,0xd86c455130ef49e1145ac4318f63626e2451a683689f0492745106bd60df8a7c
BUY,0.003,1000,1766447107,No,0x6b7e60ded1ac77f7914b64b7d461f8863634dd4cb87151b13ee8fccffa297c1a
BUY,0.998,701.172,1766447107,Yes,0xd06a5abc4e344fb90692e7f87fa3438321bc42559d919490d8a9cdf47e1c3ae2
BUY,0.0030000000075,666.666665,1766447061,No,0x89a2104db3ade8893bfd73711eb7316dc07213de35bd42aed9f622548191620d
BUY,0.003,10000,1766447055,No,0x0e697e2bee1b4e4bbde15db82a848dd01402dbc9ad4c159f47728095c07a49bc
SELL,0.997,702.12,1766447053,Yes,0xe7e87cc2122f9ebfc7a84823e55eb294041aef32786bcd73b3b22fd856704563
BUY,0.998,702.124,1766447009,Yes,0x44db5e69bac6c4379db8e1eecb8837993c08a7acb160bd77df192045154355bd
SELL,0.997,703.06,1766446957,Yes,0xd75e5bdae440e0296fa5642ba3908287a661cf87f9c6dbc1f8f82732719435b7
BUY,0.0030000000018750002,2666.666665,1766446953,No,0xf5f07ce0d24a3961f2bd22c74744255b018bd7f5f782558df05dbd7c476d02cf
SELL,0.002,2000,1766446943,No,0xb117affade8a8e79b03bc7f0bca39ae3a55db470fb2c96741ae4e5fccc789663
BUY,0.0030000000075,666.666665,1766446943,No,0xb6f6e91cb6a34ba078e721011023ea371c1c0f3a7f0f2fbe54914ee6ea77e004
BUY,0.003000000003,1666.666665,1766446925,No,0x770fea6971f07e2d1a72145dc549b32d3ea064478584babe6d793d4ba8864b05
BUY,0.998,703.056,1766446911,Yes,0x95d18d598ab737ed5d6b826ff790d91ab3cdfc91b56931f9502d8f4b53bc2c13
BUY,0.998,90,1766446899,Yes,0x572e3a468ed87b4f141523f3195df8dd92951c3e4f940680e0c9e46a6937feca
SELL,0.997,704.01,1766446859,Yes,0x34560b0c0061e97e443058cc02b6b5e05294c857dc4cccd228b57303f6aa481f
SELL,0.002,30,1766446815,No,0xc34fecfb7fe7e278eca3febda08be9fdb0db60af0942785339dc31b8eb1161d0
BUY,0.998,704.008,1766446815,Yes,0x1da9eddb4d1b5d30a6a77b1cfef62691168eca06223daed962c7ec2c75bc94c4
BUY,0.003000000012605042,396.666665,1766446773,No,0xfa79fb1b9bd9dea28ba1efb1321a6bb774296bb720ec705fd9f7ee2d63c2a42f
SELL,0.997,704.95,1766446763,Yes,0x8e19d9b01db80b3f945732177996dcf933ff9d9bee7d449bcb2c807527796b22
BUY,0.003000000001714286,2333.333332,1766446747,No,0xede4991fe5c704dd3d4fa0520287bb8d92899053926182b0b94aa26a7295cd93
BUY,0.0030000000132743366,376.666665,1766446731,No,0x31ac82f28b489019ac996a7e1e2daa974091be6a75a592393421a45bab796813
BUY,0.998,704.9495,1766446719,Yes,0x578ab45a66f743ac02b971ec3669ccc79e61426f2a2191870289de1901f71be9
SELL,0.997,1000,1766446709,Yes,0x7bd04da30558ea54c704e12213af4c1394307939d02138e900ba976c9560b077
SELL,0.002,100,1766446701,No,0x68c972ebc17a0e64ee4202181494000e4ac3e4a7e222780276142fe52ec287b1
BUY,0.003000000004477612,1116.666665,1766446699,No,0xe3839e63ddef82a0c26c4e94e611f0965bbe5d3f99bbb8986da47447a77af70a
SELL,0.002,1,1766446695,No,0xc36e96ca4c90aa283fb234b8e1ad41c5ce7e2c48f6ed2835b3a82c46b77cbc9d
BUY,0.003000000012,333.333332,1766446683,No,0xd70d7596cb07430f99334ac8b9c47ebf89cc31c59528777a6fe8032f72e169f9
BUY,0.003000000012,333.333332,1766446681,No,0xb8982a7c71e01ee3c19ec508dc9f2465e75886ef4e84a758be8536778d2086a7
BUY,0.003000000012,333.333332,1766446677,No,0x4b0852c3af6f15e28fd5c2d8b59f2c44a5ce88a2be8daa50f6819db756d29e8e
BUY,0.003000000012,333.333332,1766446673,No,0x08012cfcbceded8f19b12bfa168078210de75f14d11d532b20514e25035ce4b2
BUY,0.003000000012,333.333332,1766446671,No,0x3bcaf8fc02f861b994ac319fc5e18abd296a9f8edea1fc30dbe243ad3ea3e271
BUY,0.003000000012,333.333332,1766446667,No,0x1d501450fe0106c4ba899c5854332db064491d6984489c2f5d956b4025c42c48
SELL,0.997,705.9,1766446665,Yes,0x3b0a4c49569abf8b30e45023b0d3dae40a29a5f1f42ef3a7960bb6e1d3b746c9
BUY,0.003000000012,333.333332,1766446665,No,0x23de39fa3f92d3b9265da0965f0955bc936023eab8ecb1bcbae299e37f65770b
BUY,0.003000000012,333.333332,1766446623,No,0x38229c1e705b0e638413badbe747383fbcc00079f628fe957fcc8f5ecf03f4d9
BUY,0.003,1000,1766446623,No,0xc74d4cd38dd525482464a3b07e4477d47b613393b0b93adb106118fe8501ce2a
BUY,0.998,705.9015,1766446623,Yes,0xe4b3009cbfdd8c490e520f668e39290ea849ba4ecdaab31a73c8a4d844b73ee4
BUY,0.003000000012,333.333332,1766446621,No,0xd2203e5d724585e3d4f6403e2328de9065ad665749cb602c5747b99a707982a0
BUY,0.0030000000012,3333.333332,1766446617,No,0x49eaa9a3709d96b3e53971ff5264a6817c324138790f6ed3e13a8c66845d7b03
BUY,0.003000000012,333.333332,1766446615,No,0x9e8a2e8b521b992c2e09ed2458222ee84cebda2913d3f49c78d9b803d331f109
BUY,0.003000000012,333.333332,1766446613,No,0xc5a620042551a70aa9ea29c28d9ab70a16a0d15c53cb7fc430f2f54e5754d2fb
BUY,0.003000000012,333.333332,1766446609,No,0x9bad288cdc4d58c456b05c04f2247d3cf9d680b23247e584282692202add75d9
BUY,0.003000000012,333.333332,1766446607,No,0xc2a00a0e371f477013f2bcdec02fce180ae842a9c6d9d2b7520a7e3c0aa40869
BUY,0.003000000012,333.333332,1766446605,No,0xaccf58d4b871ca48677b800356241a386599460112ea3f39c2cd51bfb85c93b5
BUY,0.003000000012,333.333332,1766446603,No,0x233358199e134b99d27866fb1cc03ad977421415ad6ebeb1016da2acd4b7750b
BUY,0.003000000012,333.333332,1766446599,No,0x34fbeddaa118c62c5f055436e96d540e8e13d7b9b7d4449d2a826a21fa95c8c5
BUY,0.003000000012,333.333332,1766446595,No,0xfd3ea9ae33ecbae7d0c06333238b2d17988623f73b3c3b6ff261c63ff6c4e5fa
BUY,0.003000000012,333.333332,1766446593,No,0xd0b64c499303e850eb20fac00f1b0de60cb67d23a8f19703f8bd03ecc0baf713
BUY,0.003000000012,333.333332,1766446591,No,0x60dd8ff77bcc3fb97658f793d3e8eadac582a694a1948a5243cbb6f1a5e04ffc
BUY,0.0030000000012,3333.333332,1766446581,No,0x631818f22d297508e6ad7183563f7ef0db6678ba48df746b0dda3314d6d5b2aa
BUY,0.0030000000057692306,693.333332,1766446575,No,0x0b05cedb96af99d188c17ec810fcaf3c57bfa13f72f56256f8e23c0f3eacc3f9
BUY,0.0030000000025751073,1553.333332,1766446573,No,0x24bb68ba1c99cdcdb90f053698dfe281fd75622c0e763f2160af065ec95404c3
SELL,0.997,706.85,1766446569,Yes,0xee5d1b1aaf4a5f0290dcf94312b172a79ea50d856147e85a2204f16c3cd123b2
BUY,0.003,1220,1766446553,No,0xaba402c03e10877726845a785a7bdedde94b65d1153377bc9d4b53a1f4402939
BUY,0.998,706.8535,1766446525,Yes,0x3a89ec5dbcc2f8409d8f653c69694397407338525bdf153786976962af707f21
BUY,0.003000000012,333.333332,1766446519,No,0x4b8b9686c6e2c07dbe25df7f12238dff811b023f67301004b8183c466061c60d
BUY,0.003000000012,333.333332,1766446517,No,0xd961000da973632e469abcc72da0c35cfc63c6981abaf7f4ca5262d6d0383e5c
BUY,0.003000000003,1333.333332,1766446499,No,0xd013339ad5bcc5be3fc5435bd270702c550c37ba7e22d746f2cf5f31296e50ab
BUY,0.003000000012,333.333332,1766446475,No,0x0abf8d67bcbbfdaa5fbd5645b89d8474619769e1ed50f55e5d0fce822656d39c
BUY,0.003000000012,333.333332,1766446473,No,0x951282554027682e039d9d42fc7b2a45dc3e5d2ccda4db21824c18ecac6adf4b
SELL,0.997,707.8,1766446473,Yes,0x59a69c10761ebb71fe2913e62f19a12c0d31b27c962ffbc7f057a7008302bea7
BUY,0.003000000012,333.333332,1766446471,No,0xe6df6e495219a50b39464af12aedf2d8220c7dc4e87972d01811dea95811545e
BUY,0.003000000012,333.333332,1766446471,No,0xa8342aaef1c218cf18970be09e3d20a653844e31cf139f5b37870e8b65df0750
BUY,0.003000000012,333.333332,1766446469,No,0xd642f68efc325437c0e01db652b030d4d1fe5c1ff3dc834b9800c666808f0ebc
BUY,0.003000000012,333.333332,1766446467,No,0x5a830eb9c8e5bcb6ed68c6fae71e87dc09269f3938cc3215a23b14d328547dd6
BUY,0.003000000012,333.333332,1766446465,No,0x09e7881ab75827bc153f9368bcd57a50ad7ef2c44d8d12377619e07f43d8891b
BUY,0.998,707.7955,1766446429,Yes,0xc96258116d0697803f2868bf7a6a31071337a39fe915ea261fc41b5ab43602cd
BUY,0.003000000012,333.333332,1766446413,No,0x31dd2e7dcc5b44565f08c45c2871ff640e75e66b2eb7aab1d71d61bd476f1518
BUY,0.003000000012,333.333332,1766446411,No,0x1db90864c55c1ff044c712fd120133530f72ca287e5b75bcb6f0470f9bc5bb95
BUY,0.003000000012,333.333332,1766446409,No,0xd93ea7584638bef513a392c63d062ec92e33ed97f76a0a6416b30c6b47d20faf
BUY,0.003,4000,1766446409,No,0x3f52d6efbc053c791008b5cf62da83fd387be25d9eab5802568f4975201be5c8
BUY,0.003000000012,333.333332,1766446403,No,0x42c77ef810e698156a9e76a4e9e75ed7f43540d31d122f9153c9f14eeeea86f9
BUY,0.003000000012,333.333332,1766446401,No,0xd818b4b9711c7a3207518bd736c669d9b3033ef3526f743cb2287db75d0263c6
BUY,0.003,2000,1766446383,No,0x31c1506fc00d214b5d5f5c4d40afd70d3ff990e11ba1c169a2bab64427a5d16c
SELL,0.997,708.75,1766446375,Yes,0x85f94e4d32aec6ff7620781ac07cbbc70549f9b0dc4fb3d39f8a5c9c7cab1e2f
SELL,0.997,124.7,1766446375,Yes,0x0296e396d65ac96deeaad11d1378a85165802809447dabba29cbd0c0419b0bb5
SELL,0.002,5000,1766446345,No,0x4dfa29158877b63ae43e82003613a1279028d24cf0dfb990757a3d8bbe0011ab
BUY,0.998,708.7575,1766446333,Yes,0xd4b28ac9f4c192bd53a48301e2b9a1ee88cebdcbfc0e055114b8fd21900ea3a5
BUY,0.003,8000,1766446319,No,0x7e61479e1422a62142f48769746c5d5f1e0d6cd13c579ef6df53fe38d3816552
SELL,0.002,7040.71,1766446303,No,0xfa8520d53220c4dd37b3fccf8084596f3ea696dc27b994f314357518af5aee1f
SELL,0.997,709.71,1766446279,Yes,0x4c4a69f932f5282a8e337100553b8cb7f684b22f1513bff044642d396ea58c3d
BUY,0.998,709.709,1766446235,Yes,0x4126129980933629352092f6b8f8d18c2e70dd04f3e7e22b2ab9b774cf46b939
SELL,0.997,42.77,1766446217,Yes,0x4852041b3458db7aba14373eb63206fd987a039d98a30b2f35034227607e93c5
SELL,0.997,4000,1766446207,Yes,0x84ee9f8910a1706215b9dcf349bf5b997bc9c5db87b749389dda0fa04c1cd1ae
BUY,0.0030000000027334854,1463.333332,1766446191,No,0x0998f41347d761ed046645f63e692f4b28919809bb078e749caba4fcb8c08f6c
BUY,0.003,365,1766446183,No,0x8a8281a3a5e1b46dd3f1ec4cbfcd3d60ec85e4d01ce318ee641fd19ece065c01
SELL,0.997,710.66,1766446181,Yes,0x5bcb357bf45db1a470eb43ca13883cc10bbad62dec59af2dd8064a9c4254f360
SELL,0.997,120.9,1766446159,Yes,0xfa2c06454b651c7eec8619adccaf26611815018ab89617626b979635d95fbe9c
BUY,0.003,10000,1766446151,No,0x72f77df6bc2f2fa064c1cde0c4d24985383bd9c77726b09fc245f248c1ec4762
BUY,0.998,710.661,1766446139,Yes,0x98e78a182e2f6c727be7093c2f632f9c5b477284bba5f931f42662368fb3ac45
BUY,0.003,700,1766446131,No,0x4177319e47e7af11b60b6650c8d037334b8c8462284435d926994e4558b35043
SELL,0.997,711.62,1766446085,Yes,0xa4d61db8a3afb798d440dc1151a5b3fc07af13e7183cb1090b3487b3996ec94c
BUY,0.003000000000363857,10993.333332,1766446081,No,0x737e82be49c41c87eb791edbf7625d571ac198efb15cfc19f9f29434f57f5b9f
BUY,0.003,6200,1766446043,No,0x60cd5a9a8b6ba5bd8a861039235f3d4556aea2a57ec7ea0bdd3cbf991f49fa1b
BUY,0.998,711.613,1766446041,Yes,0xa9df2bf147ab1a3fed38150355def0d5c5333ce455b769249a43e74b47a84b99
SELL,0.997,712.57,1766445989,Yes,0x4a30dfce6a9c0e5cc5bd88832cff4f063f0dbf7a46a8c07f2a804be2b77b2f04
BUY,0.003,1000,1766445961,No,0xaaec08d70960b7451cd7335c0396f4c17dd86fd38dc4014260964dffc29cffd1
BUY,0.998,712.575,1766445945,Yes,0xaa6515833c59d5ad1a1c6c0cbd677de492bd7310158726562b647185ba34bb50
BUY,0.0030000000010691375,4676.666665,1766445907,No,0x15125df45c7da3cdf607b172d97f11123c6a5fb12b004935c883b18919f0a1eb
SELL,0.997,713.53,1766445891,Yes,0x04dbbb9cf99eae10e575baad4ebbc7979534cc1aa1da2ad0ebab767c915073a8
BUY,0.998,713.527,1766445847,Yes,0x2cb78009703e1c27823618c880d6df10b9ab7b5ff18cceb666f8e6928f689cca
SELL,0.997,714.48,1766445795,Yes,0xf897df8e7dff271d4c44b8260f1e030671a9aab26ac5da64740e607011c50954
BUY,0.998,714.4785,1766445751,Yes,0xe45a22adada9e1e5a8739cb1608ce483f937486fe2cee6678f7e831f4eabf55f
BUY,0.003000000003,1666.666665,1766445735,No,0x29358bda2c4affe44721e929b06179c8275253dc863d43436825adc951230095
SELL,0.997,10000,1766445707,Yes,0x9df6626b1f0cecae06fa98b28b5d836a5594d35f37e05b50f476080f50e77703
SELL,0.997,715.44,1766445697,Yes,0xe0dc0facfafe05318efdb988d0610c901f6f6ca12ec46753c234e2c64621cf32
BUY,0.998,715.4405,1766445671,Yes,0x2fbaba6c66d2bd960a7af6abc791b54b5bb66b9969d5e771a3947af6c76c524a
BUY,0.003000000003,1666.666665,1766445643,No,0x605c1bbe9b588af124d660f4e957f9504e7c0bcdcf86ce3d12242f17a21bae15
SELL,0.997,716.41,1766445603,Yes,0xb1ebe2116587f859537c8d767c5e96744b068a055a8c261ac5cbeb3ac0dfa08d
SELL,0.997,1,1766445601,Yes,0x2611812e02e94314c76b13d2431b68abef1a7d2d930202735b725a0f3ad0bdad
BUY,0.003000000003,1666.666665,1766445597,No,0x76861a7c9d6f0edf8eb8cc9e67389d348087b0a058b1b2d2ec648c8acb07629c
BUY,0.998,716.4125,1766445557,Yes,0x87ecc762bf272b7a7e2bc988a4ac3a35b4b6008923a22c9b0fa84dc001e1550b
SELL,0.997,717.39,1766445505,Yes,0xba6894f6ca1c9bd09312d105ffd20136bc32da0c7c087b1d9c9a1b61cb7255d2
BUY,0.003000000012,333.333332,1766445491,No,0x02f84e8e8b682e1593e54baa37de94099438af520b02fafe06a8d84152382260
BUY,0.003,900,1766445465,No,0xac413b1d75c4458d57c6dc571311d5a1712ac335b4e26643512d742368d062f5
BUY,0.998,717.3845,1766445463,Yes,0x1649fdd682e393022d497c5e0d1618c0e2895c3eb450dc4d1a60537e8142836a
BUY,0.998,101,1766445421,Yes,0xf07d01be3e7d0e0c039e64a048ba685f3e5df709071fc17a746b70e83da58d34
SELL,0.997,718.36,1766445407,Yes,0x6c3b5174fedca323e2f7bb855e72750b46787dc4d34fb33023a606c80f452634
BUY,0.998,718.3665,1766445365,Yes,0x7d506b6845a5cb87fce7ae886558bc2b44d19fa2d6a80f5ae5afd1f088eb8a3d
BUY,0.003,340,1766445347,No,0xca03ac05e93b647a30cef80ba744b627fcc61bd758d1b3724607dfd74f89cc21
SELL,0.997,719.35,1766445311,Yes,0xd3ec08c4be4e0b6144c2926323436055f61f785b3267d273be3f56a4fe662f2a
BUY,0.998,719.3485,1766445267,Yes,0xce2e8ccc3533060b35867bda6bc7c74be726781ded76b58a45c20118004e9225
SELL,0.002,21000,1766445263,No,0xfc03c2e417bbe13784b0841346a6a085ebdcd2998d86e29c108c56c8d9730c66
SELL,0.997,720.33,1766445215,Yes,0xe911c16e79df7ecb20f293d3a5723292f5a0833e3f00f73acabd9d8d629dd185
BUY,0.998,1.002,1766445201,Yes,0x782ed5e9216db7f1d9d90c089ae28de91f2ae97d63f9a0f2fabe48c7e1fedd41
BUY,0.998,720.3305,1766445171,Yes,0x6291c46a23350db89f23a0ca9355776504fca274ddf8e9684a284d4265f48601
BUY,0.998,10312.95,1766445163,Yes,0x5b37641e0c0d9727f961bc5daef43a48b4ee3d4f5f227780df4ce61196118fb0
SELL,0.997,34.29,1766445145,Yes,0xa687f8dce255d6a9e79537365bd832319b8faa988b8032ba7b51b81b1c92d37d
SELL,0.997,721.32,1766445117,Yes,0x48d578d96bba903b9be1135ab14f3a1328da5578b1fbae0a5277e53953c6a780
BUY,0.0030000000075,666.666665,1766445087,No,0x76ca0229e3248a71e7d3cb81161d5d11aedabd2097ddf0503efb610f02faea7b
BUY,0.998,721.3225,1766445073,Yes,0xe2d18b762273a7ea9158bf674d4d085aa697e4cb4726d682230ee8f5cb59ca8b
SELL,0.997,722.3,1766445021,Yes,0x2b539e24bb1dd0a22d2530e888ad94e8d812fd27cf4c657aefcf83d2f515cff7
BUY,0.003,1000,1766445011,No,0x4139f3f805497fdf6d34a32a389b6c75a1b8363cb28d591775b00beabd8db607
BUY,0.998,722.2945,1766444977,Yes,0x62032eb61515fbe435b57fae1305debf57204ed80fcbd25b214f2d3437587f42
BUY,0.003000000012,333.333332,1766444975,No,0x25e4ebf62060ce81a8ab21745477d70a36d2d8545d7bea8997504bd2648008f9
BUY,0.003000000001489573,3356.666665,1766444951,No,0xde670b95dfc77e81c48cb3e6bc89a1721b9c93184e2671ff3964ac03a0ea7f10
SELL,0.997,723.28,1766444923,Yes,0x23216ddc0b054417f01e04fb6d71ff0bd219e2f40103734248801f228cd04cf9
SELL,0.997,59.11,1766444917,Yes,0x7439e456576c708361f16c320bc6c7c153d098dfb0ef6860d514fe23eb04868c
BUY,0.998,723.2865,1766444881,Yes,0x25be02674b6133d85d9ad0d5a60e82b4d188f50e5e983dca125b746ab0cfaab0
SELL,0.002,6.66,1766444853,No,0x1a5e4a8f576c0d8adf5bc3635ee739fa97b126d7342cf15b0b116c55ae721e20
SELL,0.997,724.28,1766444827,Yes,0xf17f3d49e208290b7f9f867af25ef4e620aa22b1ff091ae059a2a20c052a7213
BUY,0.998,724.2785,1766444783,Yes,0xa9ae62913f08f8b84fd395f7d6959ec2750a411023dfdbef27a20674e27fb740
BUY,0.0030000000004704037,8503.333332,1766444781,No,0x6e7cd33adf072e08aabed678850f8aebf007fcea57036156a9a803bc8cb78a5a
BUY,0.0030000000012,3333.333332,1766444757,No,0xe1b59aef0cfc0c31732a45f35c76bf664d0f8cbd2d076db8f6890bfe27d8cb20
SELL,0.997,725.26,1766444731,Yes,0xf9c2a6e3d175b51633456f8f2919698dace90f34c8a868bf596ade2bb633b84c
BUY,0.0030000000075,666.666665,1766444693,No,0xd93c400e13ac0143728699fb1177bdf06d64a4cce204bcca4d4e6d2d1ac41058
BUY,0.998,725.2605,1766444687,Yes,0x63caee009f4f98778ddad8780676adc43d56ede246a2435aaf332056348b0415
SELL,0.002,26.31,1766444665,No,0x3dee717f8bb75cd1ecf4bd5e44fde68a2fc6bd20766bf19490f366f92bb0cfc1
SELL,0.997,726.25,1766444633,Yes,0x9ea0bf8b1f0a35a6f81d1334c8b0d40a7bed92e34939ca15a850e485de3d534b
BUY,0.0030000000057692306,866.666665,1766444613,No,0xb1d84c83b58309c95dddcc559d5cd153bd024018fb36f17d070c30d64111c9f7
BUY,0.998,726.242,1766444589,Yes,0x2d9d6b9e1dc3208b8dfb2581cfc9dea0e285c15a7e03a8c0d86bc67cee8ebab0
BUY,0.003000000012,333.333332,1766444561,No,0xd1117111c6648d2c4f2c0c0c888cd183fb65be08f5a0a302a5e1c0fbf2083131
SELL,0.997,727.07,1766444537,Yes,0x8c00cdf9a6212c70f9b1ccbda548376773cab6d4de747622026eba856c38d6ee
BUY,0.998,727.074,1766444495,Yes,0x867ad976e4fe1d235ff088eec85662d2c8aa0ce839168fbd688b20010112bd15
SELL,0.997,10000,1766444463,Yes,0xa7341cb0a96281f5013ee52d97ec3a969977f41ebfda99d8986d49f1fd621a77
SELL,0.997,728.07,1766444439,Yes,0xa6d6dca534c8ae3e680f2c051192cc940d5d3f8d94f1988332c3bac5d3781ce3
BUY,0.003000000003,1666.666665,1766444413,No,0x6b876ec9303de8aa69d5900028c0bc9a58545d8637f4e8d3d541a4982c4fe76c
BUY,0.998,728.066,1766444395,Yes,0x1aea9451de077935500b929ceb262df6414cb7cddb1864acbd7ab599f3f9bc94
BUY,0.003000000003,1666.666665,1766444371,No,0xd8bee752d30de1a2cf11c963e15e5469cd0af6bbcefac0788e7d9f2c8215f018
BUY,0.998,937.034,1766444345,Yes,0xe976a0635d0143430790037d91748d5b7e13b3cc7233d222a2ec037a9cc47c89
SELL,0.997,729.05,1766444343,Yes,0x036951fef110a7a9fed513df8f7f6a57979d936ed038b4b5c88809d46d3ab277
BUY,0.998,729.058,1766444299,Yes,0xa4bfdf0429106d058872c04541e720970a91c2bcb6c382db8d627fb4e762450b
BUY,0.00300000000075,6666.666665,1766444289,No,0x7da7495c0d95510db60cac57a888fc8dd16a4ff3f5f08ca98508a11fcbde4b5d
SELL,0.997,505.75,1766444253,Yes,0xb8baf8884dfd72dc3c780ed0cff98404ad693215e2652faf673650e7ef6dc44d
SELL,0.997,730.05,1766444247,Yes,0xae9304af3ddc5ca0dbc6550b4378eb3ce397fdf6aab6331cbbd8c25a65c5d6fc
BUY,0.00300000000075,6666.666665,1766444241,No,0x3a0b7d3bd16010d8cab80d11d592bf9fdbbba1b117efb8b6804538f6f71f2433
BUY,0.003000000012,333.333332,1766444203,No,0xf44016e20180b94ab931809b7290f934e35167d5b5063ff16914d9fbc96879d9
BUY,0.998,730.05,1766444203,Yes,0x4f8df1eab2a19cfcf23532b5ef2724d4945096fa3fbef622b00877743b5bfe8f
SELL,0.997,731.05,1766444149,Yes,0xf37db58742d405dc0a0652cc93862f4127677a2b346386a48d60a1964a1e338b
BUY,0.998,100.2,1766444137,Yes,0x27a26136aa2895f34efcf083e9e376428aea3fd3b264b60da9fc01d461e1f6d0
BUY,0.998,731.042,1766444105,Yes,0xff1483075e09bcd1d96d5d197e97a4b59f9dfc83f086143f2393521969f19c24
SELL,0.997,732.03,1766444053,Yes,0x20521a2f7b0a7c92a08e8780043293784b398e11f8271f01fb3602b4077c6e4a
BUY,0.0030000000012889365,3103.333332,1766444009,No,0xd1f6cda71feda4fbdb792d72606b5a440eca2dc28aef9040133089fc9fa4aecc
BUY,0.998,732.034,1766444009,Yes,0xb3bbcb0bd1fcefe7f9751709cb9a575f7b0d9f35f0c6f262ef8ff9a3fd04a5aa
SELL,0.997,733.03,1766443955,Yes,0x80b9f34ec1b5bc8cda4fcb4e5b379fe561dd64b090a7c135032cb0e5e345ca2e
SELL,0.002,333.33,1766443935,No,0xf28bcc28b54117edd60b1103b3d82b5680f671f1b1a928db84635d9820ed9d28
BUY,0.998,733.026,1766443913,Yes,0xd33142950d5bc748f8e441dd2be0757c397f2ca89328f05868a2b8536f658365
BUY,0.998,1.002,1766443897,Yes,0xd0294fec92cf20bb600efa7c9fac4cdcfd0b057d98fcbbc02628a55910eec413
BUY,0.003,3000,1766443889,No,0xe19648456d4b869984c6c6beb2e2b46e59b585d0b1185bb79f02b5bba9036367
BUY,0.0030000000012,3333.333332,1766443869,No,0xf7bd653bc98829e93bc4d104332fd3de2d87d3be173a38fa656fca6dd86ee37e
BUY,0.003000000012,333.333332,1766443859,No,0xddb4833de236635407c66d1a0865fcfc46bf23582d074881a621f4510ebb2a5b
SELL,0.997,734.03,1766443859,Yes,0x21bdd422e45350669a24974ca3fd11d7be9a753a9017a2eedf5e5442cc736d49
BUY,0.003000000000229709,17413.333332,1766443845,No,0xfc8e58887201f2e3b3271f40867c17de578ff37a772268f22a2c5300f326ace9
BUY,0.998,734.038,1766443815,Yes,0xc7769af9c75ff6af4d7134d7e630d72366c30cb1803e4387a0598bbc44cc98c2
SELL,0.002,12.44,1766443803,No,0x890a5ba6311f392e2fc9014962f5af01061ee070f068398844bd2c2efcdd5fe2
BUY,0.998,1.002,1766443785,Yes,0xc72bb30df8613dca472041fa1be4ebbc97ed8c08f3bea49b32f8a58a0dd488af
BUY,0.003000000012,333.333332,1766443779,No,0xc090c3afdfcff511db5050e722c53bc1330a454d4ea3e2b4d6a1bfc837bcfafe
SELL,0.997,735.03,1766443763,Yes,0x0a43eeab4c997ab032ba98089d7a970140435c07d624d9d4b53e348232010a7e
BUY,0.998,735.03,1766443719,Yes,0x9e95afdb4aa0d65748facbe67318f3c99d24382b6f06f7d24a1e5d6db9b595ab
BUY,0.003000000012,416.666665,1766443681,No,0xf3dfca40383fd11325d44db52cc9134f88498432cb3120ead70f2e05046ef8fa
SELL,0.997,736.03,1766443665,Yes,0x37c4b3d04d0426a6396eca24468e33587f41ed28cc381c3feca8870c8bbbc735
BUY,0.998,736.022,1766443621,Yes,0x939cd0d36688b28783ff5c52cf35569d795b9c7916c7d3a56fd2b55343bf2e67
BUY,0.0030000000004263786,11726.666665,1766443593,No,0x82acf3b7712a4d19d8ae84d0f021bf2022472b225df218ff8dc3744216bcda41
BUY,0.003,1000,1766443589,No,0x4f42f4950789363b6c8b5e7aa69ede5f955c12d1a65afb28098a650439f168d5
BUY,0.003,8500,1766443589,No,0x7f844c35d4dd1674cf20aaece1c24ae0b7fe0d2de5abc6fd1f4f584d19c2eaec
SELL,0.997,737.02,1766443569,Yes,0x09fe9a30cc0cdc54bd9bef044205e6fbcc17c7a12bbf9afa221e9e7f81aa7a90
BUY,0.003000000012,333.333332,1766443553,No,0xa4956352fd841533457d84dd61f7fa8c13ed24b5a4f867966bdc70573e861d5e
BUY,0.998,737.024,1766443525,Yes,0x6e89a144e1ab2595e4b230c45af5ba45fb489185d875b34f2774287b3cbbd50b
BUY,0.003000000003,1666.666665,1766443519,No,0xdf91f44ae5aa82d9888b63143a643c87f06c70aae7aa4209bccbcc9d38a10d1b
SELL,0.997,138.33,1766443517,Yes,0x712d62f628f6c9d1b96e951d2c6760fa66e8205205efc6a01a686741c4d36697
SELL,0.002,5000,1766443475,No,0x10420cecb763578b6dafa663b2886c0d0e00bc701db85d4ab0e75e43d3b7d3fe
SELL,0.997,738.02,1766443471,Yes,0xa10f023734b714d40e29f6d120f54c66fb3bb8d4c29a95b7e67a20e9a9f129a9
BUY,0.998,738.016,1766443429,Yes,0xf20e853ddc3f13a1d719170900b52a63a7492fc00c361e339da60628009ecddf
SELL,0.997,739.02,1766443375,Yes,0x45aa7f790290cce136a5df67c54a9c76547c3eb93f2fe7c627d03821132d18a7
BUY,0.998,739.028,1766443331,Yes,0x6db5b585a126b3e68135f31bdb29f762b6778aea55f7918a66a73d180a54ebaf
BUY,0.998,37.725,1766443321,Yes,0x6e7799342ef85993ffaba50cbd7137c7daa52211c2929e6bac6db1640085ec06
BUY,0.003,1000,1766443315,No,0x298dec1c5feb4bd999bd7ed4b4761c91067839f02054440b48f24ede321a2add
BUY,0.998,18998,1766443301,Yes,0xe23152a19b91981b36e4d5b0fe8da80fba6e9d451a833848630c15fc6ec79481
SELL,0.997,740.03,1766443277,Yes,0xaf500e4943fc9b5e4426ff53632ec9b0a8e2c03e192b8a05400dc5f02d1e9cfa
BUY,0.003,340,1766443275,No,0xa1fd0f158351f170fb5502f7eb77cd2a9d7c8e21c6d3faa20a3fc97545faa6a4
BUY,0.998,9160,1766443251,Yes,0x8311d9a5caeebc9486417654dd1e024a06f3bf95755459977324a166b4057f52
BUY,0.998,740.03,1766443235,Yes,0x17d51ede33cc2f1649e76e327948aaf06f0330c9dbbe82164428c764ee40c0da
BUY,0.003000000012,333.333332,1766443211,No,0x182ff0d0741117d6284d67956f93267788ca6e4c15aa2a1cf6aa942a4fd29c28
SELL,0.997,741.03,1766443181,Yes,0x15d88e18d00d86de07ee676bcca81c2604dc29269e3bdfb4814c8431c2c50521
SELL,0.997,16.79,1766443169,Yes,0xd3a88d7cc7784d5c631244c47005a5502a4db7b91681ca98f45f3b5d5662371e
BUY,0.998,741.022,1766443137,Yes,0x4be97157662cadbf9003b89cad40ba67395a4eb87842e61478206e88e19495e2
SELL,0.997,742.03,1766443085,Yes,0x32ef37cd47005044ea6d5858d93244f0d820630775e62db8d71df9cd4304b3d6
BUY,0.998,742.034,1766443041,Yes,0x143230ddb3b76048acd9aa2d83d53b647c07e8040c9d6472b4491e1bf5e06463
SELL,0.997,743.04,1766442987,Yes,0x1c5d0d7c3b401b768ef361f1011ed8f7ee6f5b620081a69dd36b63497276d130
BUY,0.998,743.036,1766442945,Yes,0x10b51a5591247101c4205c688644bfa56ee7585b97e939369fe221c075122f4a
SELL,0.002,10,1766442897,No,0xa16d1d7cbacb0e739cc7d04bfd014a6c2f693f33e4701e621b6af863c90b8afe
SELL,0.997,744.04,1766442891,Yes,0xaa225976362f15740ee475fe02d84d0b6823242d6fd6141ce70afb8c64dec055
BUY,0.998,744.048,1766442847,Yes,0x294ce841266394408193ad21ea7cedfd0d9e5c639a2a6a863b6564695b3ca31b
BUY,0.003000000000115097,34753.333332,1766442803,No,0xec6b5bb524185153c5b3cb0f0c5fecb9cff79db6036bb894ac174d083323f91e
SELL,0.997,745.06,1766442795,Yes,0x61b13dbd3d3ce8d3f66217ecc1a1fb3f60246dc18af288c66eeb597b327d66f8
BUY,0.998,745.06,1766442751,Yes,0x5d6fb7d945904674b12845c9ec8d3f3c022919c487c02fb733d917fec646e841
SELL,0.997,746.06,1766442697,Yes,0x38a9a7fb430bb9f99dc4911841cc86488754c20297e51ddae8dc50cc68701e0e
BUY,0.998,746.052,1766442655,Yes,0x6bcfafe7d23bd8da58a912a4634d07b4569cf3bfd7e0a2e30673437b3db2ec90
BUY,0.003,1320,1766442643,No,0x43722d77b2f1ca6a82821501f050ee1fb246e3c7086022df8463788911b8327a
SELL,0.997,10.03,1766442631,Yes,0x5fc0bfe2429c834476f87077f16943ca702f2d9105c724b8533f4bc26ab54c8b
BUY,0.003000000012,333.333332,1766442619,No,0x1d7bdb5bdb5e0f90c8794d63a219b1a5137cfee1e96a6419e6d42c976591289a
SELL,0.997,747.06,1766442601,Yes,0x94845ac7ba7abf6fd80d594be26a2e3c8aa12af9101c76052bdd1ecd684c7177
SELL,0.997,5000,1766442589,Yes,0x581055091bd473580bcbea1a827feb2b518cb4d5cc2fbb3d184763f4628e849f
BUY,0.0030000000004676538,8553.333332,1766442561,No,0xd8b4c4347dc293465e31fe68b5ee0fe29aec4445fa3b76e8a845a7f8acc29090
BUY,0.998,102.2645,1766442559,Yes,0xe054735a7d345415d22a487ad90fd5b3258d94767556541dcce5178d82351194
BUY,0.998,747.064,1766442557,Yes,0x13cdb7340efed4f04d69d37be7f7c59d1c010c0bace3a5f0938aa9ecc70d48e9
BUY,0.998,1739.729,1766442515,Yes,0x9b6c7155c7e52ae11eee5890d2706293a7900a062164456972744e2f21f6f296
SELL,0.997,748.08,1766442503,Yes,0xb9f88436ec5c58e61cd36548b8a7fdf8e3753504733922a599a1191d83f19926
BUY,0.998,748.076,1766442461,Yes,0xaa317a47f29f26112c409f9ced374d805931157e59cbb7861d9e1a2a39c5ff2f
BUY,0.003,8000,1766442457,No,0xdbeff2ddde4365f93a0586068174affe4aa3d67444f9b288e37f6cb72b8c1a2e
BUY,0.003000000001405811,3556.666665,1766442445,No,0x551a9f334e5eed7156afa6f376fa3e98b9a3b6f03bfb97f781469edbf39cdce3
BUY,0.003000000012,333.333332,1766442431,No,0x84106c8e0a189831bfecc60e1ecaaa21312c61c9df6710c781e8932551d33102
SELL,0.997,749.09,1766442407,Yes,0x58a2ed144a119d408dde038f41987c85de88246338266aa4b52c2897f1210a87
BUY,0.003,1000,1766442405,No,0x59b9b68d195919ae624985c55ed1864b00457f8d5ff9e8043b9e6a5cee36c898
BUY,0.003000000012,333.333332,1766442375,No,0xdce305751dff87f404fb7f68f4e40d631313637e3738b69f6f7a491167ec4a94
BUY,0.998,749.098,1766442363,Yes,0xbfd0f676b996f8ab23943b5b67fa04b02e7ec20498f58a2eeee9823afa1aad25
SELL,0.997,250,1766442357,Yes,0x9450e5d7ba9e534f20343d3e4bf28e4bb26ed20d022c8cb3ffaea29e11eb256d
BUY,0.003,43330,1766442327,No,0xaca5bd59385d176f461db0596d71a25735cd0cc4109c4bbbc2cddbfb7d3e0323
BUY,0.003,1230,1766442327,No,0xd42f8e2f4e69a8486cb69d8c8a64f2b03df994f5de3ea51a887c2c3a8b536eec
SELL,0.002,791.31,1766442315,No,0x52e47d03b399a3e3247d617b43dd05c4f80561c778642b31b9d6285738f0e43e
SELL,0.997,750.11,1766442309,Yes,0x6ab596f34867bbe80c0540f2e20966810afc6cb21ef6876020d702e532493424
BUY,0.003,19740,1766442301,No,0x977cccf5bd7555dd45f696cace7716ab2d0b3c2bdb608fd204ae2eff91556629
SELL,0.002,9.09,1766442271,No,0x2de6185204ada801028ab646468521e2c01bfb635e71dd98ba37e56e07ee8127
BUY,0.998,750.11,1766442267,Yes,0xa03f32b34fc1fb7c46d365a4120cfb4c3a1f1b8a01b411a795c906c77aac200b
SELL,0.997,751.12,1766442213,Yes,0xd61f410ec496442ce05ab8a22ec15f64dc59189fb0d0fa8d28272eb367d31453
SELL,0.002,95,1766442213,No,0x49d122de1a238925853e6267cb7bd7295fa42e0fb80358c1b465982aa194b73e
BUY,0.998,751.112,1766442171,Yes,0x143d1dd1084131e9d18863e0913fee6fb7b94a1b39e3807cb15c4c38b1eee506
BUY,0.003,3000,1766442165,No,0xb2b332057f0cf0e1d31898587a3fdb276b5692d1021b5c4e64ea97f65367601a
BUY,0.0030000000052264808,956.666665,1766442153,No,0xb27f352885bda7b28544bf5b562af2db4b528a483da732ca76be9b6b0f94452b
BUY,0.998,8014.48,1766442129,Yes,0x520d4e77ed69d085f3fb380239d13aba0822ff83e08b366f9b8d81dd78b171fa
SELL,0.997,752.12,1766442117,Yes,0xc2792d7df7f1fc7cc094a9b889b8f2b46c8e0cba0a7f4ebdf29b5a72be2b2aaf
BUY,0.998,752.124,1766442073,Yes,0x975b9b4f808edf5db0c7b46e7cc0bb848775e2a285f149baaa17a75d19d2aaf6
SELL,0.997,753.14,1766442021,Yes,0x9c257d2f4dc74810680903ce4e4b12b0731a603b07a5d437d35e4503da8d36bd
SELL,0.002,250,1766442003,No,0x2400231254b732cfcbdb8a3bbc50963ac827c7a7f74b4e411506bd66745ca59e
BUY,0.003000000012,333.333332,1766441981,No,0xe934424e56653f99713fd259c3c303ed70a08b34f944b07861d670e95fb5b16d
BUY,0.998,753.136,1766441977,Yes,0xcb42219a5e40f1406c242d84012991a4485e40cb811cbecbc8ed62abbf17b49e
BUY,0.003,670,1766441937,No,0xec0a33affe9e6b112d6b5816ddb86ed57976c6ce96984283a25e2bcfba49c8c1
SELL,0.997,754,1766441923,Yes,0xf383a2c11424df96ff507e53ee3c73d5b3995c0ab00d13c567d3d3415db3d1f2
BUY,0.003,334,1766441919,No,0x0aedc62ce0e50e796600c16848f4b313c85f9e25d7933ae7737a3426fc713112
BUY,0.003000000012,333.333332,1766441897,No,0xf622f36902d227576ec2f23f80267dcf1d65b27e110eff032042f0bb884aa911
BUY,0.998,10018.02,1766441891,Yes,0xc02954096d401fb41c7eeefe8094bbde9c7efe094d19a020536813fbf3b92cf1
BUY,0.998,754.008,1766441879,Yes,0x0c561727146f4b13a23dc43d139055a3c9850d4d6df3ec3dfc632197770d0257
SELL,0.002,0.92,1766441859,No,0x5709fbb8526c16a4d1e7fb861e14af60e162c1984e22daf5087d935bf7f51653
BUY,0.003,600,1766441783,No,0x00559128a8cec282a7cd3cf4aa200cfb94672d29c31d51d108faeb50b990eddd
BUY,0.998,13000,1766441779,Yes,0x6e2770ee81d3a93df82a33750d60dd01036ab15c0fba7ea5877a1248defcd183
SELL,0.997,755.02,1766441729,Yes,0xcb9b80ad8c929f721ebfc18f7463a1004b5be0016623e40cbc50a250f321d023
BUY,0.00300000000075,6666.666665,1766441687,No,0xc28ad352b37891b419e8f950afd101d2cc682bd4c6d4aeff85c16d1161ab2a3a
BUY,0.9979999987788404,755.020039,1766441685,Yes,0x51f144942c53eec5d4010084b634f6d7179186ffe401b9387efe6cbd33d08629
BUY,0.0030000000004937457,10126.666665,1766441679,No,0x69a7399fa11bc6ebbb53c5e570f8063873f2928a8c17fab9a6b329fefb561d2a
SELL,0.997,756.04,1766441633,Yes,0x05e537e00d34a22db09ad280ae09fa317927c5df51b4097de5fc9e68c1d9ab59
BUY,0.9979999988439644,756.032063,1766441589,Yes,0xab88084d27781cb1ca3486b1f575092ac95c6fafb07ce82de4bb965716ba8f4e
SELL,0.997,757.11,1766441553,Yes,0x9ccce888875e7dd858c41915873b8f20cf07d9f9e47d6f844be8db59a27d5b32
SELL,0.997,19.03,1766441523,Yes,0x53921183090cf7df191c8fc9838451e16e8f7b2f7776e481552d156379dce16b
SELL,0.997,40,1766441489,Yes,0x0159461e2456b7b77cf2ae5d82f3a2b5ab321cf5c1dc0f2588e559995bcc2231
BUY,0.003000000001368301,2923.333332,1766441425,No,0x5c6abab53b21d4e29f405fe979ebb7ae3b4fa9b5a0d2261a3b75d3ea57c760b5
BUY,0.003,6580,1766441369,No,0x08dfc1e810aa36807567de339a5915c24ec3a1f8d67bd97ae5ca17f47a4376df
BUY,0.998,50,1766441353,Yes,0xf836ef072d0fc501a11d0ca88af5d3ca573c704bb6cba0b56c42020ea077e740
BUY,0.998,32581.6,1766441339,Yes,0x07e103dffa4c0ef067df71ecbff1bb0c8a879cdb2b4d5cb4c7dbac97962ddbcd
BUY,0.998,5026.41,1766441297,Yes,0xeb0054d069313e7d32f749293cae0de839f92233bcc11b94346828c8bcbbc6f9
BUY,0.003,1000,1766441283,No,0x4dcd0e80c893f8b5eb1b620f24518897f3d0417a509d5d6096940574e8e386b8
SELL,0.997,500,1766441259,Yes,0x74360a427ba34ce63e94ec4c4ceed2162f678345f02118b25fbc2e58726de66b
BUY,0.003,5000,1766441235,No,0xf357b853b609ac80ec5657c770eaab40333571cc26044024cb70f8af539a5177
SELL,0.997,24.04,1766441139,Yes,0xd20fb2e71c51fc7c885a1f7957ee9799faf143f300cda8fac730b28f33421475
BUY,0.003,7000,1766441113,No,0x2015ebefc5a7c0e2ac831a9042721a8b830fcb3c7006f932e0b268d58c25c574
BUY,0.0030000000050167223,996.666665,1766440911,No,0xeafa9cc914014dbfbcf94f7dec8583186080b9f18aa52ff4dc8169b91d1cebac
BUY,0.0030000000014634145,3416.666665,1766440853,No,0x17ee9d4550c3067092a10f658518d130cfd333c5fa327e94f825e37a2394ca5d
SELL,0.997,10.02,1766440775,Yes,0x5baf0d28ecf3ed90f1aff2f398c1cc504cb2b3d3beaaf6a8a74644f598533159
BUY,0.0030000000028957527,1726.666665,1766440771,No,0x0976e5e5d3c23c680d502979a385db33fc13380ece2cc8daabe737b50a9489d4
SELL,0.002,41.66,1766440761,No,0xca798a7f302d4884a94126068f8a60f8969e3be2b2ca24063ee73cd21b23e8f0
BUY,0.0030000000066298343,603.333332,1766440735,No,0x42d87fa861daac9fde462d65ab7800fde9bbbe3aa661827cbb23b98bc4158116
SELL,0.002,166.66,1766440699,No,0xa2bed6be8c0821de9592d3b1f5934bd0221f5e763b9f9f49d7543bc74f4b468f
BUY,0.003,1000,1766440641,No,0x925e5b68176bd77266100c14f19e5c37bd9c56cc437ff36595e6c13021d6fb8d
BUY,0.0030000000015212983,3286.666665,1766440621,No,0x14480730ae205ac39dc171bf033bf244f64141b66d90d318d01f746aa5751335
BUY,0.0030000000008108107,6166.666665,1766440601,No,0xd484d23071f7f209e128c60baeed6aaa61a6c10459a10fe71cc391552df77374
SELL,0.002,1634.16,1766440581,No,0x4c55cd010731dbc4dcb0c0b7b7c6ed22f9a7ae13d2f1d3937609ecf6904adf5b
SELL,0.002,12333.33,1766440579,No,0xf16860c43c6c04affd1ad8b5e91c4b635ac94665326145761156b9c1fe9c13ba
BUY,0.003,10000,1766440577,No,0x263fb92dcc2d762f64cc1c7772c5d61d3758c98103333c8ac07e9cec7202aac3
BUY,0.0030000000001933922,20683.333332,1766440571,No,0x926b5ef5c2b38cefd2a6fbc3c72b477ee11b4776131751834a15403d7fc64610
BUY,0.003000000000149985,33336.666665,1766440565,No,0x2c148c3c3060324e89ab483035db0af4c7e0a8113dc40787db222d2d6adb097d
BUY,0.003000000012,333.333332,1766440491,No,0x8e74d7d23093af5fa8cf09dfa0100f1a3c4f77f22b98304ad2762778a41b6691
BUY,0.003000000009917355,403.333332,1766440413,No,0x7e473a07174e44e0686c644742349889476c6144b36e8e3d9e0d197fe5408b52
BUY,0.003,800,1766440383,No,0xda555c69ce9ad4ad9bc0cf70e9da9a0a2d5abbef52395779a7fa173d31474023
BUY,0.0030000000002652987,18846.666665,1766440301,No,0xb8e522ef3531791ae8fc21b65fd9248bbb3471893673364676cf6ae252e9fbf8
BUY,0.0030000000024048095,1663.333332,1766440205,No,0x59a7ee29bfb4c9a623717a0fd8f52360475400b918403ae2e87df1af87d11691
BUY,0.998,10,1766440195,Yes,0x642c0ea973066daf8ce818f668200b2b1f38341a18ed9a40e3e63fd0cfaf6b40
BUY,0.998,120000,1766440071,Yes,0x1589ba53817fc471a346c43fc3edc3ccd8a81bc429070f2849960b6df0f201f6
BUY,0.003,690,1766440047,No,0x2b292cdcf546f439cad4ff94b6197a548e37e92d3d4adb33a88b2b039b09a290
BUY,0.003,7640,1766439877,No,0xb5349776eba3236d6f44dab05e0cbc5f921566c38cc0ac5bb43baf813403c5a6
BUY,0.003000000012,333.333332,1766439869,No,0xfdfc757c545bd8eaf06d94d560e5d7199e19238ab3de95039249d129b8bf8c3b
BUY,0.003000000012,333.333332,1766439827,No,0x7f9cb14987edffb9fcc2e29a2c43c87834d7acc8d2083ecfe8de5f8ea8cf0cc9
BUY,0.003,5000,1766439695,No,0xe6f15acbf4d7f1810d9d0ea102abb8a09d164a94a1c761055764841fba6b4fbd
BUY,0.003000000012,333.333332,1766439671,No,0x42b285d198e44d2e7cb783048e0560d847ac9e8b47d21fe834067caf4a26c45d
BUY,0.003000000012,333.333332,1766439659,No,0x2c61211b6b55961bf92c520c12bce75fe63cbc47a14e1d0dcb26f60bdfbf6170
BUY,0.003000000012,333.333332,1766439649,No,0xb14094fb453b00178fb736258cb23e50271e5236bde897176e8eed2b383c43f6
BUY,0.003,1000,1766439633,No,0x9595deea31614e44f6e9f4158d64e88ae3cc67e372ebe674ea27bb32f1790c54
BUY,0.00300000000012,33333.333332,1766439621,No,0xbf07b9c5d7f56efa686cab602180287fa1898cdc4e3d8f2af8e68abd0011daca
BUY,0.0030000000012,3333.333332,1766439619,No,0xb4187143e9a13d2236aa283f7aab2357344c971ef8eeba3d4ab8c6f7ddc3b27e
BUY,0.003,2000,1766439609,No,0xdb169876cc46e5a9d3dec7423e2bdf97c227df9ace6508e9a3ddda1a5b727f83
SELL,0.997,5000,1766439579,Yes,0xc61b1fa4a68b52f9f7dc4c5ce78faca0fd0d7bbb880d67dfb21a7423c8b69ec7
BUY,0.00300000000075,6666.666665,1766439497,No,0xbc48d5484314e83159c64f6f45b725296df7320268955ab434b364156c608b95
BUY,0.003,340,1766439383,No,0xe7a6b537b1e00d6cbc5e060ccaafd1f32f5e2d466cac405833e14e067a8192b4
BUY,0.0030000000003529413,11333.333332,1766439337,No,0xb8443af4721483fb245ed75381f2d50a933d63b69651ab5ea5bb2d1047da3af1
BUY,0.003,3290,1766439331,No,0x53bbcc1bdb59f5cb28b035c84c0568dcfe08baa4467140cff0b0683b63720aaa
SELL,0.997,400,1766439325,Yes,0x01a80c0b7001f31e61a2403723b7977ac33f8ac8d292d10929c8ff62615a6b21
SELL,0.997,101.29,1766439287,Yes,0xdde478c18cb7091d8e5e66f1d50982ac7b7a00775fa27877cacc2d80fa06df4b
BUY,0.0030000000012,3333.333332,1766439285,No,0x155be9a7a0a3a561e8431b1b63a1a6f3b731d224a939731ba72e05e2b9739f85
BUY,0.0030000000016146395,3096.666665,1766439279,No,0xaec69bd4161355bcc37c753d49a9fe3628b93ecd4b28350549f3048ae9024d2e
BUY,0.003000000012,333.333332,1766439161,No,0x46ab60447bc320bf0c563cb7a90e8e046f865efbecb765af91a2ddb04eb4e2b7
BUY,0.00300000000075,6666.666665,1766439143,No,0x455e16d03f1c3dc382d128fb76144b70eb0aaec0a500e536c0a679cfd70b6548
SELL,0.997,5,1766439043,Yes,0x77d257666eecf27868bc6ef5aca6aaebb42ac4903ed09d4c29850f681e8aeacf
BUY,0.0030000000006026517,8296.666665,1766438995,No,0x86b208f0440836ba4358592dd1f4541d6da76efa7a479e38a0b22ce2dd4feca1
BUY,0.00300000000487013,1026.666665,1766438985,No,0x52bf9ede154d69cec840f334814650fefbf4a3ea5a36ccede75d54bdf94b0601
BUY,0.003,1240,1766438969,No,0x4a7bd61b472d70632c893ee57765077c9ac31090c02ff3170cae3d8a9e2dcbb2
BUY,0.0030000000012,3333.333332,1766438889,No,0xf8962bffe54d66f8ba87ae97fe7f32103562a024e5921a985f8d1d212770f9c5
BUY,0.998,6650,1766438863,Yes,0xae2b00fbd15c404debad1e2106cf7b971679e1a76dcf2de6b77825d07764a17d
BUY,0.003,4530,1766438847,No,0x3b3a5fd3f3a0787d1ae5a0d53d71312a566249df7c96380b9d5100dff2420365
BUY,0.003000000002464066,1623.333332,1766438825,No,0xf0e825f2d3a36bb36f58b3e8f9150fbe7e486537e5dba7a3201477b38d43a8a8
BUY,0.003000000002722323,1836.666665,1766438801,No,0x63de08fbd0532f6ea2e4ba9431d15df347d20ad2d296675a4747e77bffa16658
BUY,0.0030000000013636363,3666.666665,1766438787,No,0x07228a1c911ef2fb0c9ce54db1d7fd2b87924a506b6f804a5d864e883295ec76
SELL,0.997,87,1766438785,Yes,0x90ff265d8536cf13d7c64c398399f25f261b7bb19f561975076c4b6550772013
BUY,0.003000000003,1666.666665,1766438755,No,0x179258282fc3adb97e89bf10bbcd265a3996cbe4929e6afa1310612232e75c87
SELL,0.997,400,1766438683,Yes,0x66b7ce7ff53a610243812a99deacb2632462d9188d899c416d07d3b1307c4367
BUY,0.0030000000006141247,6513.333332,1766438647,No,0x459801feabbc6b992cee2fc36afda329a660af0d6176c1a6fe57366a2bb55e05
BUY,0.003000000012,333.333332,1766438643,No,0xe3e9f10297c2bb63252edc7442c9e1a2922ba3c34ae18f9afc7bef6256d61702
BUY,0.003000000001714286,2333.333332,1766438507,No,0x1ac47b38a0159684a2f30320e1fe65bb03009844f55573bbb90967831afa8171
SELL,0.997,55.55,1766438485,Yes,0xa58cc483b14b753520829a1bc04a4ab4e98fa26af184c4ccf7e96c043c8a353c
BUY,0.003000000012,333.333332,1766438483,No,0x253cdc715539517fd4fe575ba6170af1001364e2da8013e4b7e87cf46bb77dd7
SELL,0.002,20392.15,1766438269,No,0x4bef56f5ff09efd8cfabcf4c4b1774dcd09f5ea71f4afb165926810de21ee1de
SELL,0.997,60.12,1766438089,Yes,0xe0733b0afc2f7bc16a407ce2e3e58a6f72c2c5f856c60ebb9d2d6052c4d534e9
BUY,0.0030000000003,16666.666665,1766437973,No,0x7df530e1163cb7ca9c7f56236f782b1026344d9ef8f3155b3b75a09913c30c4d
SELL,0.997,10.03,1766437935,Yes,0xc5f9d82587943d07a93eecb140b80d0aeae3c3b44e899a75038350a4f247fbb1
BUY,0.998,10,1766437897,Yes,0xf7bc9a0a527ee2d55c20f1c61c08f97b466b8a8031de3f426352d7e88768f69d
BUY,0.003000000012,333.333332,1766437889,No,0x58b357efa09cabc9eea30157d29c936d6e815c07312bb0d1c2837c39354dff7b
BUY,0.0030000000075,666.666665,1766437881,No,0x613edc3aae7c53320d1f4b63c8a920449b983e7dc96d488811d594a1a9b9552d
SELL,0.997,350,1766437867,Yes,0x46ed867d9a47d9cfa6509f3432f9f17808b82a0f5881d6964f08fb771a244bed
BUY,0.003000000000048,83333.333332,1766437855,No,0x9d71d80b84e225166843f42a496184af89562300797f7e4519248f67b524d5df
BUY,0.003000000000075,66666.666665,1766437809,No,0x26be697b112f1b6439abef6ff8d1ac5b5e984b7e994105be8f15e02c6f7e3e1a
BUY,0.003000000012,333.333332,1766437791,No,0x166dd60ac88e7c1f4a0893ea81a629a4172e4c05380deaa24f47847e1b9e7953
BUY,0.003000000003,1666.666665,1766437763,No,0xb50d9bf6bfd2a8e9fd7a7690818b2d4a5724315c76f244a38c742a8bf68b6e23
BUY,0.998,3.687,1766437737,Yes,0x814b0927c795af9a76b9652b06824ad621a2c8f22a43e8462cc6d37826407153
SELL,0.002,1843.33,1766437727,No,0x193715a47c25125f67c27a8b136edc46a2740ac373f8a3963f54c4e0d46fda7a
BUY,0.003,1000,1766437689,No,0x83d917e5eedb31c02e20ba14707528f4c60eaea856f32a90ae88317fd185f10a
BUY,0.00300000000075,6666.666665,1766437657,No,0xcae34e09d61f8b67753f148bc6441675c6d5d785c7cf1d9e008165104e47295a
BUY,0.00300000000012,33333.333332,1766437641,No,0x928e3897eca0e92094ec00f709c4891982eac55e65a06426f3693b240463d79d
BUY,0.003,3000,1766437523,No,0x38448a5780af770bf77925ada8c74e0b826f1102ddf12ade93eec2274ae0f83b
SELL,0.997,10.02,1766437447,Yes,0x20531acd7e520c03fa2c2b07b6e39842672cbd634ef71d40d4c6df5fbf45c38d
SELL,0.002,20329.16,1766437423,No,0x2480e1c00c0202acd61caef89a2f1c4bcf941e9ce6d6fb2ba45295ba5211c25a
BUY,0.0030000000012,3333.333332,1766437417,No,0xcb647d3555ec241611125f3f920d3c58e1bd1853676a552604c98b87b496e092
BUY,0.003000000000108804,36763.333332,1766437365,No,0xd9bda21255a4f2b3ada47fe9e4687b1e6028ce7cea886fffb7c48325bc5a84c3
BUY,0.003,14000,1766437275,No,0xcf71e0616f51eb274f4a1af2aa8c031f80f468301b41228d0fa8611ac41b8fba
SELL,0.002,3362.5,1766437245,No,0x5f0d4b953052e1c945935d6e3a129c34b7664d081f6806c2bd1feda0baa49857
SELL,0.997,125.07,1766437201,Yes,0x1e37d71651828ee40ab17addf13cc5f159be4eec8e6ba00d0181d53fe8bffbd1
BUY,0.003,30000,1766437171,No,0x8b62bde94a09d14b2ee730619d9023df22e0ead7414014c35737bf6005a35f50
BUY,0.0030000000012,3333.333332,1766437165,No,0x3e03a092993c1d8368505f6cef28d3eb54222815c468fc01f8967f52197aa513
BUY,0.0030000000012,3333.333332,1766437161,No,0xfd686c266b7af9f81e8333fea5f248590ed881642f91a1a59728f773106127fe
BUY,0.0030000000132743366,376.666665,1766437135,No,0xa2babfd56d2566a8f6187a84f1f25a8a70e2252a7251a68c6cfdf2ee0f2017f4
BUY,0.003,2000,1766437113,No,0xf2d56d7880802fd4887ef090c88bad88afb5bf2dd446af7d7a25bee132284d16
SELL,0.002,50000,1766437089,No,0x9ba0938a9d047f11de04a6e3b973518208bb47de77d416749a660ea1d119c775
BUY,0.003,1000,1766437087,No,0x260e993a5d351da5f6d04cfd3d1726171fc8ce522bb9d4257f084ee51b7bdc8c
SELL,0.997,1,1766437087,Yes,0x7e3780433d16955a867f26ce76c9ad40c6e2e3903cc24abe48474929b5e6d52f
BUY,0.998,1.002,1766437041,Yes,0x3b969baa6b0c787f61cfd5f5bbb6424310259e2164ee3c243bdd9040cf9add0c
BUY,0.998,9313,1766437003,Yes,0xc2336715754c4ac772d6849fa1975bcc3d86a105a05cff75379b208f03989f5c
BUY,0.003000000012,333.333332,1766436831,No,0x0e2c3d1115e5e9b75a9305ea347477c01f9c3b03a86433c20c7f961bb0bff3ec
BUY,0.0030000000012,3333.333332,1766436779,No,0x0ef6334d579ca554b63609efca463d02993e003bb29d93ae839f92eace40a564
BUY,0.0030000000012,3333.333332,1766436753,No,0xf0c3f4320da508a480297f6961d937ba8256dbc0b015ff8778a838cf7197343b
BUY,0.0030000000012,3333.333332,1766436597,No,0x4f378351913186a2ffd90aa1860b240a2afeff08d0816a1ae43470cb7255d76a
BUY,0.003,7000,1766436577,No,0xad0affd65bfcfcd2cb17440e971d89aa1e2d786316fb391727ebcc454ea6f43e
BUY,0.003000000012,333.333332,1766436573,No,0x691d0b4a5ff2a71ef545b31c5eb8e38ee80c4a6da36c9ab9440a7c65fb78784f
BUY,0.0030000000075,666.666665,1766436531,No,0x18ab86755f6cd0714b68d27d3ada14eeb4e5b2df86e932ea740c60b83dec0d8e
SELL,0.997,9000,1766436497,Yes,0xb708a45ba749478def6fe2ee5ce8705a5d00f201ea8f07c77e49e0f43e91758f
BUY,0.998,4315.27,1766436409,Yes,0x69668c056bbe7a34148dc0d32d9ce7ca32eb9550c986c6efff258fe16b3149d5
BUY,0.0030000000012,3333.333332,1766436409,No,0xa921dfe431e2a896aec048fb95b22208fb9fa3e6ad05f0b684458763648c7333
BUY,0.003,500,1766436379,No,0xcfdeaa6f5ff410c3de25f7f80794e858fc206521009b29ec70e1e0c894f6a2be
BUY,0.003,1000,1766436379,No,0x727153caa568ad4e12a23769c1a91111354e2c64af046d0895b1262aa2515c5c
BUY,0.0030000000075,666.666665,1766436351,No,0x67f7acfb86bb18c5350918bfb0438d3252425a50fb888e80ee876d0050576d85
BUY,0.998,17967.61,1766436337,Yes,0x9371e875b7c526eac8063dd610a4eeb7c9171a7a07944cd7fc499f6c8194df1a
SELL,0.997,26.05,1766436163,Yes,0x993145576cbcf6702975676a5616e64573c9656480dd738839ef63e51d8b32fd
BUY,0.003000000000024048,166333.333332,1766436133,No,0x7d3d677cb171861ae97198a786d8f1d1c4b06fb8b100a583bd178722345b8cbe
SELL,0.002,2.63,1766436093,No,0x5d090e7f92b6fa46e386279d95b873584db2cc5bf9a0200403de517d7c1273c3
BUY,0.0030000000004285713,9333.333332,1766436077,No,0xf2ff77c2ddb725e2d084e0d4255bdbf626e6f56d6f86ba6619fd6c3012b98b73
BUY,0.003000000000048,83333.333332,1766436063,No,0x30b46f1e7a7cdcffa902c0560c303c16c5cb08b0d5b4beb07c669b51480fc287
BUY,0.00300000000003,166666.666665,1766435999,No,0xd668093d03024482c1d4890b1dc23984b9ae2507fd767b83e8ed2c143823079f
BUY,0.0030000000021699817,1843.333332,1766435989,No,0x50663bc29f32951d09fbf1d0586786afde2ebd149125adcde7a3f18829c1e505
BUY,0.003,1000,1766435889,No,0x2db9ec63657fb0afafdd6332cc02bc58906f7378e848372c4fd2b088a1b5d60a
BUY,0.0030000000000545454,73333.333332,1766435855,No,0xcfdabe4143fac4797e718840d3b23657dbbdfabff0b6765463dd8f6dd6a2f356
BUY,0.0030000000083798884,596.666665,1766435761,No,0xd83ca99b7806b915eb5033d5df9564fb5954d4864a131e18fbc4f32ca5b03e1a
BUY,0.0030000000032119915,1556.666665,1766435699,No,0x3c50a7eee9fab6514ad1dd2172ad6caf4f0c6c09cce771769e87b261b355a03c
BUY,0.003,4770,1766435693,No,0x747c36d9d6923c07d387aa1645fad0da79c9dc1eb6ef9388cfbcfcf23dd904f3
BUY,0.003000000001714286,2333.333332,1766435655,No,0x69d786f91f6d80f92cb6e09d7c1d8672395a02d79165fff5d12e2c6b54c5f186
BUY,0.003000000004285714,1166.666665,1766435623,No,0xb0fb156fd425938832ba71c1cb4ea6d01bc980bab4b7525cb0009b58320acbaa
BUY,0.003,450,1766435459,No,0x973989064ce8b4833d3ac4848b072457c374df47bf294ca7d1c2c6376069c610
BUY,0.003000000012,333.333332,1766435409,No,0xf00bfc26396b2ed2b09977250847dd39af0933153d4cf51dbd8e1d6e11a30499
BUY,0.003,10000,1766435399,No,0x83d323b2f4bf48f1283cc828aefd8e167325a25d90008beb8908e77a3bc5145d
BUY,0.0030000000012,3333.333332,1766435351,No,0xd3dfe73a90fb07c3ad639d566b69d9eceb1df865eb78400ae1f795a809de3b7f
SELL,0.997,50,1766435323,Yes,0x1e6c2aafb56d83f9d227fdccfd2b294971c8c3ffa5b88572868f11e7383aba86
BUY,0.0030000000012,3333.333332,1766435305,No,0xd744c6b31c345f4875b2809f7b77504c4b3346e4bde651e2601a76bf0eb24180
SELL,0.002,25,1766435247,No,0xbd5fce458b9e50f9e6698b2b48ef9e460b968fed2844b4aadebc8a51f38554b3
SELL,0.997,36.84,1766435169,Yes,0x1d549ac3674d11f2974669439e2c5501701399fa01588218e6b2a1ebb3bac7a1
SELL,0.002,33333.33,1766435137,No,0xe3c3731ede129155bdec647bca4249fe1e7c46e562b8778cca66027b14e16412
BUY,0.0030000000066964286,746.666665,1766435113,No,0xf4e3cec102b61a44b90dc74399371389d16849f023834fded09e20249741bcdf
BUY,0.0030000000075,666.666665,1766435111,No,0x1440aba12923234414b9e0fd66da7a4b0fc8b528bd6cc310d7e0ba42fc4962ab
BUY,0.00300000000075,6666.666665,1766435107,No,0xc705788f237ce367de657719595cd308cd7d4faad330e2cf4a02aca4264ba72d
BUY,0.0030000000032432434,1233.333332,1766435087,No,0x89e238021d700526386554b49becf95fde2cbaa56f0890c73444727a333f2232
BUY,0.998,8014.5,1766435039,Yes,0x7749a49a2e8ed74bded86ee163bf698116a8d28c22754162179c37af0f59da35
BUY,0.998,6500,1766435029,Yes,0x2f0f93db0bc8afb2f07b517937304accb9742d76b58257266077d175f5532cf1
SELL,0.002,2.17,1766434967,No,0x20d717581116c2e5b43fc6382233ca99dfe7630c359ded36a6ae6f6917f7bd6b
BUY,0.998,10018.02,1766434919,Yes,0x333720c38bd32c9b7a62ce01e3c7fa5064e86048103fd86a7b1082ff5880db40
BUY,0.003000000012,333.333332,1766434911,No,0x1e21c7a94bf2f2a81b4cf6311cbad3bcbd34ae8d1dcee713b0d872aef0c515a3
BUY,0.003,10000,1766434887,No,0xa168ec8a3f3e3681fb98aa0b81b3538c26e68ea8853c01a4eb4829b41bc6b3fc
BUY,0.0030000000075,666.666665,1766434863,No,0x6f6a248b7b38269000ea1825049ed3e1fbb9a0cc7ebccc31fe29a8ed665f8e23
BUY,0.998,117.55,1766434793,Yes,0x732a9a16a231c554f1ceecfd61f02a8024bb5e65751ab0432cef7252a36a5b47
BUY,0.003000000012,333.333332,1766434685,No,0x8d6201cf809626b21f82047d58ae52df99a1276f5dad3dc9bcbed6f544ab8fcd
BUY,0.998,100000,1766434679,Yes,0x0c59ba914e09fd7122d2d5928b1fb542358ae51ae2edb050f9cb379faf8acdc8
SELL,0.002,23.36,1766434663,No,0x8502335f3ebbb04b9645d825d1b66308d6818967fdff653ba1e7b31892ccba2d
BUY,0.998,4.84,1766434637,Yes,0xeb2396ba8e15901fee070fde7867ad93242bf7d480034427c762a2c2d0538137
BUY,0.998,70000,1766434621,Yes,0x91434f0dfe4a4020c06d28c51c5b9a7bad78ec0f9c3e4fe447958b4bb9d5a1bd
BUY,0.003,10000,1766434551,No,0x1ea23a642cb5d35c5184c0638909eca77053ce8ff51fb63a3fbeb05a4323ebff
BUY,0.00300000000012,33333.333332,1766434543,No,0xef75601e9ade3cc34047bd5af7a0028fe324ad7bca3dfcc6522aba653ff298db
SELL,0.002,12000,1766434535,No,0xa4498e66a3b48b1b3937acbd496b80eb3b5381764951ce6d812b501dbf80a709
BUY,0.9979997579849377,4.008015,1766434531,Yes,0xfef7b5b6e376f939ea42af056092ce808947dc6b7bf7c65f9922751406aa2044
SELL,0.002,3.77,1766434513,No,0xd3306b4d361bdc1d4578c673a0e4017f11f5d41d698993858dd600ffbed795e6
SELL,0.997,66.13,1766434359,Yes,0x8e5004dac5fcd3fbf4e53c7371a3d372acdb040d849db23f828f66e778db5ee7
BUY,0.003,3110,1766434357,No,0x589eff8b3f6b70506db2dff2459d312e17186a4ea84048eab337852c1b30c0d2
BUY,0.0030000000092307694,433.333332,1766434193,No,0xd455693cd47c9e826e160a0a064dcbb44419b07ab1639cb1350c1c30ed9f3576
SELL,0.002,2000,1766434189,No,0xaf16c2f49f767aac3368d05527963abd40a12d91a80ef85073061875db9cd554
SELL,0.997,1283.28,1766434165,Yes,0xaae8571e4b9d7326d498c43fe7e9d3a01c889e161c7430de39307d64299650a5
BUY,0.003,500,1766434157,No,0x717cbb9f4d7cd2decc3f3faa8db0ad64e3e6f286d9337641e7320117b30bfa69
BUY,0.998000007984,1.002004,1766434129,Yes,0xc6c33a03f7b1095723318d1609fca3fa1195bd2b5f577bd9a5b8d8389c114647
BUY,0.9979999993017873,1283.276552,1766434123,Yes,0xf2894c8e2099816bd6d2baf4c0c6cd5b7c8445ebcc6c97b6fd4abb40c230db25
BUY,0.0030000000000650223,76896.666665,1766434087,No,0xdd6316910b602effeaad2ea73690c21431c84f278b709fd024eacf852a0a4333
SELL,0.997,1297.58,1766434067,Yes,0xa6bb8f401f611f9d0dab1800ff283c85db96478a56aef4fea639c49eb0038631
BUY,0.9979999919845657,12.725449,1766434025,Yes,0x890e1b734c834a4c725dacc80b7e915caee2727c9b7f6c94646fdab11e6afbd4
BUY,0.0030000000035294116,1133.333332,1766433993,No,0x3c7a3254b868df0ccdb9bcc6bdb6273a7e71961aed8f389b37ed20d32b38a413
BUY,0.9979999995610416,1284.859718,1766433929,Yes,0xde5b0c859f1721ace8d9788ab5e33591c26a5b0150d8a5127b1d45843d11a823
SELL,0.997,267.46,1766433889,Yes,0x195857e9ad64904778cc44af861128cd0d23b7619dae3866ccb589298441e014
SELL,0.997,1286.58,1766433875,Yes,0xaa8d7e446623c6b4028af44333be6d64a570cecf4aa7bacef3d7344f7b3e0c4b
BUY,0.9979999994792408,1286.583165,1766433831,Yes,0xc43f5abd47216789167e1c96f1a6586872875024b70c05b2f6fb44cc6dfa3d4d
BUY,0.00300000000075,6666.666665,1766433801,No,0xde3bdfadb3b575adb0cf5c054a10e10034a6e37377aed3c279159d4c56f654db
SELL,0.997,1288.32,1766433779,Yes,0x1d822d857e5fe85c528c2b8cd215dab89ea30250ac21634874f88b00010f99dc
BUY,0.003,17390,1766433765,No,0x99bde0c76b3f0d7db30a52811e7a028f9378c3cc22df3da85c6c943541aef2f3
BUY,0.003000000003,1333.333332,1766433759,No,0x3b0a1e562f4cf1ef10c6c0948206aad529b75a1f9a0e3a242306f34aed574a72
BUY,0.9979999994287119,1288.316632,1766433735,Yes,0x8e89aec6dd07eed07271dbd295397d3ab503e2fb15baa0c02048de18282996cd
BUY,0.00300000000075,6666.666665,1766433727,No,0x26633b3c2289b74bb870cf89fe2f3a04af2a8b567ec722146412c7eeb7461abe
BUY,0.00300000000003,166666.666665,1766433725,No,0x078eb85c638320b0ca66c877f8f6fa9ffaefe47e45d5f86b66a2adfdaf504fda
SELL,0.997,22.04,1766433661,Yes,0xe7d8424bfd9343f0b1ccbb171a69add9923c8ce4ba97bad81a96282a1d259bed
SELL,0.002,319,1766433613,No,0xcbdd5bfbbe1f603330741e0a659a6cce1bc9d2b3c4c3d8d7e521dd9733a9801a
BUY,0.003,11289.15,1766433597,No,0x83c9969a64489258f736b2de20ea84e8dd680e39e34a0ba2e9210c46b4b120e0
BUY,0.003,5000,1766433551,No,0x12bd0384a576b868239c1c14af4c5ca73c3010c47b7c906b7983ca4967dac0a5
BUY,0.9979999079843901,10.020039,1766433523,Yes,0x05b5d4148860b10e3ca91cd1db5a71cd22098aa802a13e44a69f8f8c5fbe48d1
SELL,0.997,400,1766433269,Yes,0xc65224f3d3e2b151fc5c76df7f34e633396243a0496759c9dcf28a13727f7776
BUY,0.003000000012,333.333332,1766433255,No,0x6aba248055e68314b573e8aca339cc106d9c30e99761c7b143cb659b0f2cb74b
BUY,0.003,350,1766433221,No,0xaf382bfe7ad4a6edbf7d5790e424b5bd650209eb7d167d30d295da3434e5bb40
BUY,0.9979998079847602,5.010019,1766433219,Yes,0xebfa99e35e24071995fd3302bf96a6ec26cff3aa300b6d8b46bcb394fa839640
BUY,0.9979995079857505,2.004007,1766433213,Yes,0x9827d5dad7e28bc8b0f2dcdea23c63dfbbacf06beba947be63e472b2d796f4ca
BUY,0.9979999897412521,96.503005,1766433203,Yes,0x711fddba56e6c34133b0af458d44bed06e30f8c4dccc1cfacfa006018119beb9
BUY,0.9979998624517612,3.867734,1766433203,Yes,0x497e63ed79439979d554b55e423ee1539000db61bc38599f0cd88589d4be847f
BUY,0.9979994610793111,1.102203,1766433201,Yes,0x3232c6ae7f677c5ef7f55411beef941b033422615a276c1f00af1462d7ef18aa
BUY,0.9979999934345504,38.687373,1766433199,Yes,0x8efd64de2cb18b45bcac0f5c5bf198a60d69908973410de6bf5755fd05750c99
BUY,0.9979999559661806,20.030059,1766433199,Yes,0x8873945b4cdc130ab168409a85f5c8f6cc1ed15e3a31462f513ea954c2be73fc
BUY,0.998,2000,1766433191,Yes,0xb955b9c4d78d7ed3773959e8c78160fbdd662858c225b31566e14e149c6a88ef
BUY,0.003000000003,1666.666665,1766433153,No,0x753a4fdb82a79f1af648461e85301e80e27fe39d234334a50fa3f09074166ff9
BUY,0.003,1000,1766433007,No,0x131b342762928daa22677d30e50be62eb445ddc62276df634ec68c44f2f40468
BUY,0.00300000000012,33333.333332,1766432961,No,0xfd07563bf868c19a01190750504329bd621ef5539c1e4a9f38c8552adf14f279
BUY,0.00300000000012,33333.333332,1766432941,No,0xc03dc3bac4778f9e2ca76c05c4200de2de7eca082dd5b27b5712752ef14b96ac
BUY,0.0030000000009230768,4333.333332,1766432769,No,0xd2be6301307188f65161cdb3361b61596baab7c693bb4fd9898ae8426410a74b
SELL,0.002,3142,1766432761,No,0x936750d782a25bb8b113e9562560cc7484beaf0f997dd86c2bb945b6ae9cd41c
SELL,0.997,1290.06,1766432715,Yes,0xfd38012e489531f243b4265b6b4ef9ed296e201a9dafd489373e369d9706023f
SELL,0.002,2647,1766432713,No,0xac4a1f9143457c89386f2f982b8123bc7c488aadb5d25b339e77744d05cc598c
BUY,0.003000000012,333.333332,1766432693,No,0xc014585e72df09101800538414f0bfeaafcf13f70b742714924d605cbc55a532
BUY,0.003000000012,333.333332,1766432691,No,0x0e03ec9f6930d722686d24765f99ee23e47752798665dc73720cfb30bd951ea0
SELL,0.997,1,1766432687,Yes,0x522e506575f3c73fc5d9a3e46f49b069a20a7e312e6f9fc8adc7eba479125d25
BUY,0.9979999994093298,1290.060119,1766432671,Yes,0x5b2e3f0e8901eb25278d90178f3e10bef94c7e9b4b2090a5010a7cc356c64758
BUY,0.998,1187,1766432663,Yes,0x0824cc61e5841f88f3e1d867a09ba08d16cc9bf365dab8ff2900e0598713e551
BUY,0.003,17000,1766432655,No,0x73b89d01795e712f2f5aee9a484c84263d5a795c5e59bcc525215b9f06187e28
BUY,0.003,5000,1766432645,No,0x1a8ada120284d9baafdf818a5fd22ade6d54347a60e21d1f2d3d8563d24034f2
BUY,0.003,1000,1766432639,No,0x3cfb0e24d1591f62121cdf479d17365826c306f0d11cb94ea30bcd1baf5b94f7
BUY,0.003,500,1766432633,No,0x6c0b3b0cdc79d138710ade9652ba436dc1a6bc62191ea5c441541caeac423b24
SELL,0.997,1292.09,1766432621,Yes,0x7f05ff75f5679863eaad9a67915c66a190c18a3b2410a596b0f122e4be169895
BUY,0.9979999994845538,1292.084167,1766432577,Yes,0x19126b3185fdf32bf051ba7c50443b804670829a90d5d0a29ed86b269c13aea4
BUY,0.00300000000075,6666.666665,1766432565,No,0xd6400a39c842b62353100a583bb4bcc770707772afe3a8376956c22a4a8b92d0
BUY,0.003000000012,333.333332,1766432563,No,0xd2162d348a730f5eba2a9351c0b56db0f42b8d5f384c5de114b2781a043fa027
SELL,0.997,1306.2,1766432555,Yes,0x4b7aec151102f50e10648650bc835b5373a6c6bd94d43fcb0e3cc8cb1f387f44
BUY,0.003000000012,333.333332,1766432541,No,0x51b79aff0099fa73e37650d29540583c39728c0f66ec2d27b8cf69e3e655c395
BUY,0.0030000000003,16666.666665,1766432533,No,0xa580d44b3dd427aa77e342ed0e986de2d96acd50c88885e89f72eb198183ccda
BUY,0.003,2000,1766432447,No,0xbfda37dfac6c93fb8725df8bd5fc0f62d2c21b67b4d5945ecda7cfd412d6d297
SELL,0.997,74.14,1766432445,Yes,0xc83a0c8089821c70ae0c0b396df7652ce1b0b7180b9de813cbae2fc60fe9c5ac
BUY,0.003,5000,1766432431,No,0xdaf7000cdd008396aa66b4cde6fccdce7fd5e2be7f5a63a6be5405af50199580
BUY,0.00300000000477707,1046.666665,1766432405,No,0x75f1569316e2c64a7fb8be31f3d8b65859d06d81d314ba8344b6b5036f3fa4fc
SELL,0.997,199.98,1766432367,Yes,0xb3dfd5e9b92cc90409e00fe82c0398870ec5d69a8a6236201a6cff0bd972dfe4
BUY,0.003,1000,1766432349,No,0x7018cefa1bb58a52979720e0bf824844808b375928ca16fe02026c17392ab807
BUY,0.003000000000072289,55333.333332,1766432277,No,0xe14635f1c3f37753164950681b422fa426888ebf6260ca086d38961b3c1f706a
BUY,0.003,10060,1766432261,No,0x706f252c9ce5a205145f21cb7069c64512183bad39d31e7e8bd07d4feaae8987
BUY,0.9979999913173998,60.120239,1766432229,Yes,0x31c1e3792388f9b1ce4ec7518984aee8e1f361518ab86c8556af71a7606117b7
BUY,0.003000000012,333.333332,1766432201,No,0x8a575d28752bdefdac47687df81028ad59a89a1a4bb642e2f8ee86d1c7c455d7
BUY,0.998000007984,1.002004,1766432183,Yes,0xbf9cf63bacb4bde68961bf2baa6188d29c1fc13b496b469aa44a1ebb6bf40e16
BUY,0.003000000003,1333.333332,1766432173,No,0xd87eaaea05fa6b47cb32eea8ae3bd0f7f53e9ed607d23bacde622f5ced223e46
BUY,0.998,50000,1766432161,Yes,0x0695a5dc6ce32ac1e3bf9613c066c56fcbca535d66ef5e7d48b6df3f03485be8
BUY,0.00300000000012,33333.333332,1766432131,No,0xb758aced16c63473f3502d3511c495e3db8ae2046dde44a6d44eb8d263c2c21a
BUY,0.003,1000,1766432127,No,0x9a598a25c847f39d3e9ef7578522fe75ee0d8d4a1c5333fc3fb82659d0a476f7
BUY,0.0030000000023076923,2166.666665,1766432095,No,0x76ed41bcf0725bb5162ca8fbaf26012bc2925b7c7d4e7ab34640050a5eff10f5
BUY,0.003000000012,333.333332,1766432071,No,0xdc169e5fa4d569b7a9e9028d41cab043907bf3c4cfe34629112953bd2143ab6e
BUY,0.0030000000075,666.666665,1766431993,No,0x86115514d05219b5d020204b20d2ed8fea2972782c3fd148c9b2e5508754ce8c
SELL,0.997,480,1766431949,Yes,0xb2c61093dd1bc419457395406ddd23680e923cdbb2848dde8632e3db4ef1948f
SELL,0.997,95.06,1766431905,Yes,0x3c1a56f1c4a39400ddaba976081b4d58a6cdf61d5d79cb75a7dc7791edafed02
SELL,0.997,72.05,1766431903,Yes,0xe455c10923afcb35c5ef2f5eaf7c7fb8ead965c2b16e3d8cfed2a7190ac4aeda
SELL,0.997,81.01,1766431903,Yes,0xc53c7e4858106b984bffc14163936baa1b56ba85287b030c29907a4ef7cb155c
SELL,0.997,2172.85,1766431903,Yes,0x273b2471f2d87ae10c3f6237c86106b84ccdd742874a6d02f975ff42212907ce
SELL,0.997,1423.81,1766431903,Yes,0xc81d5e2f8b9ef8d9f02a5a1714b985701763c73a57fa5ed6a4bbf115b3a3e1df
SELL,0.997,50,1766431893,Yes,0x74e76a03ed47bb184ec92e9e3fcc635257611384761bb1f60befa44f2232132d
BUY,0.997999960238408,12.625249,1766431853,Yes,0x1e4b9d41091de603ee4deea52d1887cc01e5aaaa5f3828e761d69e0499dbe8f2
BUY,0.0030000000075,666.666665,1766431771,No,0xdf02f539ec6e4a0595f8d9d9697cd1bed5d9f065698b936f91555734405926c5
BUY,0.003000000003,1666.666665,1766431761,No,0xf1db97370a3e9d4e7b88e358dfea09861f8bb98bc663002aaae8cf95a3c4b2b6
BUY,0.9979999994635032,1293.577153,1766431759,Yes,0x44badbb67321ebb0e826919d5444b5632fd5bc464964008b1c3f4238b9dfc288
BUY,0.003,15010,1766431747,No,0x2ef881f6f1da2705d0a39c06c8f50f2fcd31772e055908a28b73c3ad9388df87
BUY,0.003,1720,1766431705,No,0xb36c0955ccd9e6f7bc7f464b6f4d2d11d9f34af0d65ff186ed36101199ce1931
SELL,0.002,1.72,1766431693,No,0xd68ffb91247190c105fed200bc5a03882fc8208b3cab927843f3db9134706738
BUY,0.003000000012,333.333332,1766431601,No,0x870d8ad6deaf0760bef321ff39c9fb04be49805ad90eb17138967013574ebbf4
BUY,0.003000000012,333.333332,1766431565,No,0x3a8691068b7a7f8f5dca1ebba364def6043f0e3064b2c44ca7cbdfccec66807d
SELL,0.997,1295.05,1766431523,Yes,0x8d60a4faddf84e54f1a1344a0f7d4fe7abd04e94c9223ceeaaf9a82f504bbf17
BUY,0.003000000012,333.333332,1766431491,No,0xa747a0a01cc41cabc4827bc9fb7ddb3bece09d9f47b6df467af619ccd1fdbd9d
BUY,0.9979999993807189,1295.050099,1766431477,Yes,0x7228dea684c06a787735ca02a781bad9217f9cb967023eaf5e22ebf4a5fb2513
SELL,0.002,333.33,1766431437,No,0xf6db1639fe5c0989e3b70196593324b6d969e472b66a435247a233180d7bcaee
SELL,0.997,1296.81,1766431429,Yes,0xe43c3c321c89973b18ba96f79c48b98338d2b60ca68c2d9e8e3d617d964a1c84
BUY,0.998,25000,1766431421,Yes,0xf4f089ef0f5e80102e57b23636e359470a29441ed72151b2b32b2b0ce83244ab
SELL,0.997,3260.1,1766431393,Yes,0x8006d62bb493b52ea3a04f2462cee6b7d4b47b0bead5d530d7f1cea033f5d0da
BUY,0.9979999994232016,1296.813626,1766431385,Yes,0xb0a9e8d2813112d1d9c3659cb41fabdb88fa50ea356d98ee6655c160312736ce
BUY,0.003000000012,333.333332,1766431383,No,0x91d0903993b5e5269e0bcb7423a052994273ac3900f2ad6e05af1d16a2a7c85d
SELL,0.997,4.8,1766431361,Yes,0xdbb4133fedd9c468f0e6e5c3f101833937052ddcc350904d1beca52f0dfd912f
SELL,0.997,1298.56,1766431335,Yes,0x01983283c19982fc8dafdb0a1d206ea423ce639e94cd96c3a159bea5c5354aac
SELL,0.002,137.83,1766431309,No,0x1ae6b9d723d296915c6426bd68850316af28d6f9d52aea2f695076e52e8cc63d
BUY,0.9979999994039538,1298.557113,1766431291,Yes,0x979e80614b831b35ef2e39cc783099391922324773dbbb10fc5093dd6267cfb8
BUY,0.003,500,1766431255,No,0xb21e06302735bbbf5b236f63dc8ad61d16b1981387d1b239a751e3315a4d6408
SELL,0.997,1300.32,1766431241,Yes,0xf20e3dbf29b874510a6ad16e0a37c72de6539bc48a1862f1673136ad99aa3695
BUY,0.003,1000,1766431237,No,0x7b5fe40483d31d2195ba2ac4f4e99ee35ff054d4bf6befde39e3a9d397ce718b
BUY,0.003000000003,1666.666665,1766431233,No,0x59db6bd35b0681b1f2b2d2ea3340e0f79f1718a546c9600718b556c253bf837f
BUY,0.0030000000003,16666.666665,1766431229,No,0xaef3677299ee37afea115546c75bfc239d21b0919a08f1ee5f54e35b189832a3
SELL,0.002,137.83,1766431201,No,0x27a55ac4494bded4429589d83d7c61fa85d128369dca69558b9bc6c0e36c2474
BUY,0.998,1300.3205,1766431197,Yes,0x94f773dcb07da26615bccf97acffe72635f2ed9deb863e10b14f361cf5246952
BUY,0.003000000003,1666.666665,1766431169,No,0x9fa5e68b395f7df3ba9a74177d22398448285839822b437dfe51f6d8dd10c147
BUY,0.00300000000075,6666.666665,1766431163,No,0xfd91e15be67e2eabf73f5d49a1836cbffe1470404aacdf8ea5cb08a88ef0db1b
SELL,0.997,1302.08,1766431147,Yes,0xe9651b68df4d5af0375b70aaafe89a72718fa22d220263674a453ebdc5d2b24e
BUY,0.00300000000075,6666.666665,1766431141,No,0xbb9d9482c02ea1878b1f6879dc8038bb7c55416cd65589efad052c401f0c8230
SELL,0.997,45.09,1766431123,Yes,0x117cadd01c361050fffb06f2d2b174e8e244679814ad8216f233f6397e7ba5ee
SELL,0.002,137.97,1766431109,No,0xd905641add2231a8ee5f23a8e8b0bad77f33d15253d4330be417345f40855c72
BUY,0.998,1302.084,1766431103,Yes,0xa0aa8b00a08b2dc767b66d7a8ea6c11123dd06fc2ea1b403d735c1a44f51e93b
SELL,0.002,859.84,1766431099,No,0x45a075a9bc5f18a0537108da6bd2d71e3bae74c198c73441a078bb9bf5b23ad8
BUY,0.003,4400,1766431083,No,0x8cdd66f8b806fe59e3fdc5a2ade8da8653ba480e909035a24b948126e76818c7
BUY,0.998,45.09,1766431079,Yes,0x1175c8a613a3bc372410088b9688a9a8c5f4fb4e1b49821b4c9f665e009095a8
BUY,0.003000000012,333.333332,1766431073,No,0x174228bcaa1e54e2d496a430e546989c25c676893d2483ff0d4e4533937e8333
SELL,0.997,1316.58,1766431053,Yes,0xecd7e8709a6e82638ddfada11c47f16f6c1eb74314017f6c6b375d03e4e0e593
BUY,0.998,47738.14,1766431021,Yes,0x8739a953270433ba4deeb5548c63175481ae5dadb74159eedab4ac74c292e9d9
SELL,0.002,666.66,1766431013,No,0x53b23d143507a12eaa8d5f3a80a122dc7ed1a54a2ceb1288e1bacd038c84d30d
BUY,0.998,12.715,1766431009,Yes,0x0be5e829b41ebb4a67c871e2e0ed1ca7bd144e81eb872780ee8831c594b7e947
BUY,0.003,420,1766430983,No,0x5ffb265486212af5e2087ad27e50cf7536fbf8faab984cb03f2daa65e1f79b07
BUY,0.998,2.004,1766430947,Yes,0xf25332bc5eca4d0204b54966bbb89d15ee4a458634b723de38c0fedab09d4c68
BUY,0.998,5.01,1766430941,Yes,0xf02d6beec86c60941a4a2c18e1c1a5d017ed741a7c02154d11e33d68018349b2
BUY,0.998,9.669,1766430937,Yes,0x6ba0e8375634e4d4f3133994ccbb1d26306fb6d7494f66485c4c231401272e05
BUY,0.998,48.246,1766430935,Yes,0x7d9dce86438e3ebe22ee186e27073a63512fa1332cc7e4ba6fd2e16a12ccde89
BUY,0.998,38.687,1766430935,Yes,0x3ab3a62c9a114797392e470fcbc6b29288d0a1e2bf9e24ff9fd402a77a2e6330
BUY,0.998,20.03,1766430935,Yes,0xc6457208b76eaba82d0c727f8a1092949c8e3fc73f3b42ffa11a12e685be9038
BUY,0.998,1.102,1766430935,Yes,0xf81568fe45013131b23cf41b4b9eaa25cbcddb81ed25841257d843cacb1c3244
BUY,0.0030000000011225444,3563.333332,1766430931,No,0xc68369e725971d8e1d61f1be4c80ad101f9564ea95ba0c475420c4d580382b19
BUY,0.998,1000,1766430927,Yes,0x60069eae3fa4d30da06cde06e486d36a2da42d845e61bb00a60d81d528f3c90e
BUY,0.003000000012,333.333332,1766430921,No,0xfce80adff27f4338796b9310d44f227030d746a24a23df15c3e2900fc62fba46
BUY,0.998,1303.8575,1766430915,Yes,0xa248698ebc37449431c286f07ad55fa5481f88f2ead0584d6491f933db7918b3
SELL,0.997,1305.62,1766430865,Yes,0x5e3f5c3dbc18c0b7e2a201a7b1b98f1528f60eb8d9ad1717ac40d2a49049e671
BUY,0.998,1305.621,1766430821,Yes,0x39bdd8328eb1a5773a651984a2389a5f893f3fb60c58ba460c2b5aed909f9734
SELL,0.997,1320,1766430771,Yes,0xea6640b887a615b51661dffcbd93b5e772a5c55db3eaf583f64f697290a8bfa4
BUY,0.003000000012,333.333332,1766430721,No,0x8eb9012fe117f8f6857d37fe5ac14dbc509404e5641d47e431857d16b8a60001
BUY,0.998,1320,1766430635,Yes,0x380e216e4d737277c43bb0d9d8ec208293e02d18db8aae689596271d4303aee3
BUY,0.003,400,1766430589,No,0x0f86b79b4e03e3884b50f335db88d3f8732020a16176196b295bebdaad2b677c
SELL,0.997,1321.77,1766430585,Yes,0x2cd6215746264fc5c4b5cc0826d13ef58561998ac0fab6d07c302dd4d67ac8b3
BUY,0.003000000000134965,37046.666665,1766430569,No,0xb995904c23e3f2780bf4600833c785eb53499c320d47ef7457b17a2befb33c80
BUY,0.0030000000012,4166.666665,1766430549,No,0x2a659ca9c418bdd3983bdb7b9a9243efbcc8f31d17ff94c81eb338be71eea721
BUY,0.998,1321.7735,1766430541,Yes,0x1b905a1a27484a6e49f6aa82d1e71c9531ca347e957d539a66baa7baf8895f1b
BUY,0.998,1017,1766430527,Yes,0x6b408cd130198b614bb65063862f27c6c28475d9a03e35417d3c2e8ea1f49cb7
SELL,0.997,1323.56,1766430491,Yes,0x2057e1ca347d161c90751a4726a99fbe9799b32641e9e5ad06ae2d831399d439
BUY,0.0030000000000761423,65666.666665,1766430485,No,0x51b7408e36e6455481be6a8733eb200113558fd065e1a6f1e40550fe8ba47f04
SELL,0.002,333.33,1766430451,No,0x9599919c21a84bccea00f2372b502baf4c4aea64207c9dabb09ffc3eae467db0
BUY,0.998,1323.557,1766430447,Yes,0xa56127143f681097e5efc87ed1b237f06b2e1abb189568f51ee6e6eaa54c652b
SELL,0.997,1325.33,1766430399,Yes,0x6292346404a59f58ef3c604462f0c4396858a8a87eda8b3b5b376d888a84f961
BUY,0.003000000012,333.333332,1766430373,No,0xf8fddfa1ac97b617bf8ebe95754ea2112eb9455dc30a749c50e7838a4d9c9fcf
BUY,0.998,1325.3305,1766430353,Yes,0x7118a3f3beaba5241066251726f63add61aaf0662f260a6ea1cbed1eeab3eef7
BUY,0.998,4.8095,1766430349,Yes,0x46eb1715db23b7b4803a775b4a87436b62d5aac861b8235a215c06d357245205
SELL,0.997,1327.12,1766430305,Yes,0x35b581295920e6baeb567fc41811f5a59fd5643e231a00179cf9853a654a5851
BUY,0.003,1600,1766430263,No,0x33f3620e01d27d97dc7505f2fe5f157ee9086123f617570d0aed750d99e72954
BUY,0.998,1327.124,1766430259,Yes,0x2761a8062eb391b0746d2731114b750655ea477be910c6635bc6849b39cb5f26
SELL,0.997,1328.91,1766430211,Yes,0x8f085ca8458a39402fc7f5caed0f8fb9b99857ee9b603aa5201009300ae5ef36
BUY,0.003,5000,1766430181,No,0xa6ee8b1dfb423b63cf75c615c65e4170b389c64946534a62b6b06959dd404dd6
BUY,0.998,1328.9075,1766430165,Yes,0x7c49263161ee030faa6d0a6e5c8172506f1cfe3548977b002bb696e37339b2a1
SELL,0.997,1330.69,1766430117,Yes,0xc591439987d5ba011b26705532871db48df405c2265b84dd4c483873465404de
SELL,0.002,90.21,1766430113,No,0x6cc220fd71e570a705434d6119f91829059ef9ab301d21d8491b2d0d4683400a
BUY,0.0030000000075,666.666665,1766430099,No,0x0eb44f32fec0c5805aeff12efc78d7e4d176f7f7320ca996725fe51988d24ec0
BUY,0.998,1330.691,1766430073,Yes,0x7d2766a792e898bae73f01f3ae3ad9b7141523a45cfd8b5e7c5de6df347f5d66
BUY,0.003,133334,1766430039,No,0xfb1f9ce14617fb1e72324c6165c376916f7f8d8b90f3241fb2e68a22f4cd51e1
SELL,0.997,1332.48,1766430023,Yes,0x0c1e42ccffb5085d33d88438870480bd5d1c7cf9527caab2297d47d186a401a2
BUY,0.003000000003,1666.666665,1766430011,No,0x2d245f3ca2bf4ec623b48db3cdb1739e2d7a8e19ca4655aa9b52c00be5d3c300
BUY,0.998,1332.4745,1766429979,Yes,0xdd6c2fa3703521eb7aa05831c1aff54cf6d587e580dc0ea6d9aabb8261a677ac
SELL,0.997,1334.26,1766429929,Yes,0x56be34839279670d968594ad69a7bdde780960b2fd948fd89644857ac1d50c5b
BUY,0.998,1334.2685,1766429885,Yes,0x941141851b9aca2b997f98cc57af7533c65a5b2e03e484beb7439a7262f005ec
SELL,0.997,1336.35,1766429837,Yes,0xd91a0181e45f02963aac40caee55026043ce9565fa635c744b1ec121bf28ff54
BUY,0.003,1910,1766429795,No,0x840228d4aaebfbc1d08c4fccb0fde2b1d1841b40a22063bee2b97b4a92a7f955
BUY,0.998,1336.3425,1766429791,Yes,0xd99eeb13c5389e481a00a67501226f97bdcd26bb41d5c6fe62f15c36af83b65b
SELL,0.997,1337.86,1766429771,Yes,0x10a7b980014773d4aa6e7560df76b0b8ae14893d42bec3754a73f9006798a42a
BUY,0.998,1337.8655,1766429711,Yes,0x2e9acc54e2f68013c92833709fa821f896d46bcb8b7463cbc50bb161521ab1aa
BUY,0.003,33330,1766429695,No,0x9b336b47e4b900cc864dfaa6698946254836c55e8bda5ee223d58c3d197b0b5c
BUY,0.003000000012,333.333332,1766429681,No,0xf0dd66af3b4a0d5d390179fe033c7a7d38dd2dd27c018a4b0c9c48d9ac622b98
SELL,0.997,1339.67,1766429663,Yes,0xeb8d9754b4a0ac245d5054ff48e2789cae78123ba174bfe961f758dec7d73e24
BUY,0.998,310,1766429653,Yes,0xc1ce24a842ea4460ca218d6f6d3ff50a48dbb4e09be6e3bf8fb49510bd35712d
BUY,0.003,101130,1766429623,No,0x601fb1b6dc64f7e314cfcf95706bfdd638fa7601d0066efac3975a94b751d51f
BUY,0.998,1339.669,1766429617,Yes,0xcc427ebcc4b0253a0f0ac8b0745b06e44f8131bd209619f2c46c2d4c6a20d63e
BUY,0.003,33334,1766429615,No,0xd58263ca2faf49a7616bf55f33da65a273e6508f99755206ab917f798a071b43
SELL,0.997,1341.48,1766429569,Yes,0x9aaf48564d8efc39a084f5831c3deae3fad04fbd635118a57b6f524b2eadd795
BUY,0.003000000000091736,43603.333332,1766429547,No,0x73e9b58d526f65b8b0bcbf52de4867947a15089f1296f15fb3c709da86dd4061
BUY,0.998,1341.4825,1766429525,Yes,0x2281bf416083fb1654ee41f837d304a1e0218909dec32c49a9bf1e547c12af2e
BUY,0.998,180,1766429493,Yes,0x25fd5b36e853e39884bb3f9fde1d5e4372d253e3c620d97138d4c4da1c300fe9
SELL,0.997,1343.29,1766429475,Yes,0x6e8a00a64ca8e9b903ae674eae491ae7b69a3c366ae1c1d28fc816b0d131bf7c
BUY,0.998,199,1766429461,Yes,0xa03e790a6bad43991b3c5eea6328b59db490b1cdb56936ce100c8e6446de392c
BUY,0.998,1343.2865,1766429431,Yes,0x69e3f03f456414037c53bcea47acf5f1f5fef6fb9a87c156ecfa8da4236877cf
BUY,0.003000000000631579,6333.333332,1766429421,No,0xad38743d6824dd0de30c2b670668889cd716b375d5348e1504def262de6c3951
BUY,0.003000000012,333.333332,1766429393,No,0xc3efa25e6c9e087510dca7319ac1bb69a6ee98c0eb20158f2b661550d2956570
SELL,0.997,1345.1,1766429381,Yes,0x3cd9a7731e84f512f52ce3cecb174ceacef3f9d37e70cb599cd9c956d5664e8f
BUY,0.998,100,1766429379,Yes,0xe8e4fc6404303a2543f33afdc9e858a0c3b25562b735ae69083ad8b4cebdcee8
BUY,0.003,870,1766429355,No,0x83e58473696159d6e74141ade820b30a25c29649fe6ce7c739832b8a6daa0195
SELL,0.997,101,1766429355,Yes,0x8326dc1c47491217f711f7918792cf4115ccd47fe8ab74349cece4ff1efad47b
BUY,0.998,1345.1,1766429337,Yes,0x63cef6e92980e1cd4da00641baa0df7ab0e7101cfb6709188558de7eaa8c5062
BUY,0.003000000002479339,2016.666665,1766429323,No,0x05de25711036caa5a0a6421dbfe60a5a12c7d4aa1e97bf129a1c974c78dd4e24
BUY,0.003000000012,333.333332,1766429313,No,0xa346183cf406d7d40494c09bc3a77f4b50879275c8e9a4db2da45dbdfd1d7346
SELL,0.997,1347.96,1766429287,Yes,0x01346c99a383c13b9846bc8c2c721b55cb55e41f848dab1d14db484bde0dd166
BUY,0.998,1347.9555,1766429243,Yes,0xbba336ee45ff49c3030e564c022732e896ff5bff16b6c1d5f882fb8a7148afb1
SELL,0.002,500,1766429223,No,0xdd9f6b3dc8f82efe9e68b834f9dc051a7620298436bf998ca4d078f904438db9
SELL,0.997,1350.06,1766429193,Yes,0x136e287fd4b63b7afde8dd2334e6d2650d7a0b9b51decf731a784a1620967911
BUY,0.998,1350.06,1766429149,Yes,0xd4aa8c951f87d94d48ef84b37039fb78c643b55101b1c0fe408661faa3545e8e
BUY,0.00300000000075,6666.666665,1766429143,No,0x74e95b1835e3d44616c50d232cad12a22c4c616e8a99efdc1c5321c8b08329c3
BUY,0.003,500,1766429049,No,0x334f0ef9669a97be7a68e8d2ce36e6a33973d125b4e62e792555a90128c69397
SELL,0.997,340.9,1766429007,Yes,0xe867ae1de90ee4d494a7f3e33fcae0d6d7682503c21efdd3aecb1e1496139a8b
BUY,0.003,5450,1766428977,No,0x27d8ba3458842b09b54b29e6ece5e28cc344f49aa8e53fbf48ab86fcd709deef
BUY,0.003,1100,1766428955,No,0x66d41ddcd075e4c09f226e76fce37d1518fdb39a5a3efecefcad655cfec06769
BUY,0.003000000003171247,1576.666665,1766428935,No,0xb835fa9ec887c0bb3a266125f0d8691d98bdf51d2ff52bd7f709f8c209ade322
BUY,0.003,2000,1766428889,No,0xc21fd4f5648c9cb102bfd3bc30dfd9116670a7678dc13687e796994111cdd34b
BUY,0.003000000012,333.333332,1766428849,No,0xd827f6f83e26ba72313e80cf0c15e14dc3b734f5fb61e5f5a808f28445c71ce6
SELL,0.997,1351.4,1766428819,Yes,0xac8a91edd4729ae4c90c5564bd0179299caf8920711e66040419e9d4434c6a51
BUY,0.998,1351.4025,1766428775,Yes,0x7f7cb42135692829522d87d8004c9ebe3a38d5e4c2d3a76be5a6e5ed283e7d79
BUY,0.003000000012,333.333332,1766428739,No,0xd66ea10a81681b34a585908ae863a5accdf33910fd855a4339366c4fab6604fe
SELL,0.997,1352.74,1766428725,Yes,0xdd0f7b440839c0dffb684b847850f992effc62c7c609432a97bc1767915a2b61
SELL,0.002,219,1766428689,No,0x063fd03792afbc2c78d6ba78c923e64ba740a7da6a42dbdc4b0714c9f87ea508
BUY,0.998,1352.745,1766428681,Yes,0xdcd2720276470244ad1b1e56aad9bb92401d1e416cfc4cb82cd74cc8859a5af6
SELL,0.997,1354.09,1766428633,Yes,0xc3cb9e981bc84a345e589fa184dd98360799a617f758bdcdd5344003dd9bb239
BUY,0.003,9410,1766428627,No,0xf93de0f9f5bcc3aacc144d8d2f77a2d3a2daf90a04b95ead8338d1103c6057f5
BUY,0.003000000000258009,15503.333332,1766428591,No,0x2c85fca226a17748cb4a694e5af4e3dda90f4606e59698dda6e30e45f950d5fb
BUY,0.998,1354.088,1766428587,Yes,0x5925ef531ce3412c4778352b1c7b6c5c43001e81ffff1196d8a2403d63c5787d
BUY,0.003,13000,1766428551,No,0xa4d7547e147e998fb4bd621bac4c4d333dd48a506f48ff13cb1aa27bedee44ac
SELL,0.997,1355.44,1766428539,Yes,0x64b57e998ff1f74cba2108530a46c1f80fc966454cca100c77e69da4358b7aee
BUY,0.0030000000012,3333.333332,1766428527,No,0xae9e5b726eb113024f478536a33f2bf19a228dd9c3e08c5508faa9b4755057ba
BUY,0.003000000012,333.333332,1766428509,No,0x6eb8125628f0548f1ea8d9129a2abf71bfa8c1605676f49193fe60045acac4e7
BUY,0.998,1355.4405,1766428493,Yes,0x726c77f77b081bc356cc0fe58179e765c9559bd0befcdc640c038a59281f73d5
BUY,0.003,1340,1766428469,No,0xeb4619c6df42f3e52706d6773fa1d7ae24df95d75d9557c8885caaa189ba4ec7
BUY,0.003000000000582298,8586.666665,1766428465,No,0x7c5541d7639636318a1fe14a10b03e48346b97884c6805c12fc6a15ef6f10a87
BUY,0.00300000000075,5333.333332,1766428449,No,0x0508187b274c0e78c52e4a2d139f96ed8def2caeaa2c731f5fa0e01a7f7f4a47
SELL,0.997,1356.78,1766428443,Yes,0x620eff0d4213cd4b8cb96f1ee7cb6e563deb50a2b76df1944be9e132bfab3680
BUY,0.0030000000012,3333.333332,1766428407,No,0x2077ca190f2e176d383e78c82f143f3e6ea2c1b02de01c3370ab81a222e1aee0
BUY,0.998,1356.7835,1766428399,Yes,0xfb4cff2710a92d266cfdece5dbe352a85bb427055c5a3fa0ef14a1141fa1749a
BUY,0.0030000000012,3333.333332,1766428397,No,0x5355163182cf47c167efbeb80837139d206fc940f1ce30f82b06695a421013a7
SELL,0.997,1358.61,1766428351,Yes,0x345c64ad571f3eb92739fbfbd81f02716b0f7cad05fe93dd9e056e9ef2b80cf5
BUY,0.998,1358.607,1766428307,Yes,0x0aed8baac2ef94678c88eace1ef98d8c7a087b6eca18ee3f82db21ca996960e5
SELL,0.997,1360.44,1766428257,Yes,0x148bcead06bf8d5d5a28e80aa5c1b9e46da4b2b7d519b3b07a27353df1f73f5f
BUY,0.003,800,1766428225,No,0xfa8539d2ec524281e67180888ae8eda2760f009c0c0314a63b2f06e0ee86617d
BUY,0.998,1360.4405,1766428213,Yes,0xf9758eae27880ca9cb6ba25a9d3c7b4eecc2c3aae471b7a0a2a19d66dad958a6
BUY,0.003,2000,1766428177,No,0xe8eac9e02f1f6edb9555cd36c12d514afa16251c8e00744e23425ebe3f07e7fe
SELL,0.997,1362.28,1766428163,Yes,0x20e8972df9a1cc26dd02a81343baf42c4df4e57036b82b29ddd7177b39dc26b6
BUY,0.998,1362.2745,1766428119,Yes,0xd7a98525f35ab738629ed9acca93a8831409d41fcd18db5433855c91099a84d6
BUY,0.003,1000,1766428101,No,0x3596123736279fbd4f67b0099750a7b6a0726555d4084804286e7514e9ce18b1
SELL,0.002,4.51,1766428091,No,0xc2ec55083fe370ba052fa57ebba09a3e02bdd383bdcf9a0928d9220794798449
SELL,0.997,3000,1766428075,Yes,0xe0fe5ac653d03b2448058f5262d3feab85274ad71f2c44598139a42d8ca4228c
SELL,0.002,39,1766427989,No,0x75868693ad1a79a14200c1bb029a6eb2b3e26d55bbd9b97376fc028402df977f
BUY,0.003,8710,1766427975,No,0x8f673ae43619f31ddf1a59c0a489540e562beab27f1b756447f3d5c22bcce5c6
BUY,0.003,339,1766427945,No,0x1312219953bd0b67759176694933b4e2ddd388859ea6fca8aeff69afb005ace1
BUY,0.003,2020,1766427943,No,0x798c4e4c696202870f7dc28e0873ce9e9ec2ac1e4068f7c8154db567e2681935
SELL,0.002,1.92,1766427921,No,0x41cc4cbf1bec1c3354c809e6a37c4b8d3db31ab3eb292fa201fe5298a318087e
SELL,0.002,37.37,1766427915,No,0xab1045b5138eb7141b03afbdee47fec6fe78252e6b9b3aa1b6c104c39a10132d
BUY,0.998,3.707,1766427899,Yes,0x8c65631c60f35ad79d739f1b474301b023863e9967bb6f2f4f22c1c9f13927a3
BUY,0.003,3000,1766427891,No,0x9c1d65b4f5ed29630be706c2dbd6e921968aecb6fc481cced5cebfdb7bee28d3
BUY,0.003000000000075,66666.666665,1766427891,No,0x60d8cf2f4e07e23a4fdf1518d645388db62e68582a4e1e3be25b4abd4fc0044e
BUY,0.998,225,1766427851,Yes,0x1aabfe998d536403990cd877bb5511f2b34ca1465ce2520fa187c4fdb4912043
BUY,0.998,3.707,1766427785,Yes,0x8254eebeec035f28846ee7ad64b59caad163c6ec0e72f7bb1b15dc6faf0e93c9
BUY,0.003,10000,1766427777,No,0x75407f89067be434c27947fce374672735b7e189cfa53aede17853a6bef5b989
BUY,0.998,3.707,1766427771,Yes,0x4a8c09436cef47c0578745b9bf223db4b241ffd0044d7079f2278820e0c83bfd
BUY,0.0030000000075,666.666665,1766427763,No,0x96ff5537d2907d9799d3efb6bddcf1f6b8b452f3385c8e2998045fde90056daa
SELL,0.002,12.19,1766427763,No,0x2d3445397fa9d6ac5ec5d85f60bc11b52a4cc810b329368bf02af85bcb98a1cf
BUY,0.998,3.707,1766427751,Yes,0x3f36bda66fdd884f2be5b7aeb1b253e4466691095900fce70c509461407ae63f
BUY,0.003,1000,1766427743,No,0x8af8eef02bb9118fb89d8b7ad7f30c334cd2339416e973bb52babacd22a2e663
BUY,0.998,3.707,1766427715,Yes,0x4c0b206f5245bcd9a500dd87d6915e8e9b3e2966ef786670297634acfa3b73cf
BUY,0.003000000005940594,673.333332,1766427707,No,0xad6df49d7bcbd30c605eac7828f7b87f5499f338fad1a116856fe604216ee6e9
BUY,0.998,3.707,1766427645,Yes,0x886cc618be335d32056fcc21c31ece2ac70ac24c9378225d77412c4492c854de
BUY,0.003000000012,333.333332,1766427637,No,0xc7e3c50b9dc3b29807dfcdf056ebaedf1683925ac711ad86c93ebc2d650354a3
SELL,0.997,0.2,1766427567,Yes,0x3d2dbcd7ac0456c371ea3a502e6d3ecbf402b10e5a3b7e8eab3072ad343575e2
BUY,0.998,3.707,1766427477,Yes,0xd1debf6eef845005413579911588db0972ec6efe6f3ab8832d014540d0e094a0
BUY,0.998,3.707,1766427473,Yes,0xa77d55241898ad24b7e9dfde037991d6b25535d87e0cf264bfebb0660a0a11b0
BUY,0.003,1000,1766427471,No,0x85385bb1cd676585d8ceb7de3c60cf3f7ce4b17237100acfe4de7ffd478afd20
BUY,0.998,3.707,1766427469,Yes,0x2c14216b377c52aa1c21d81fb004955cbb4b1e3a56db3e8c24be205988ef84df
BUY,0.003,1000,1766427463,No,0x8ae79c8afd3c4f79bc081f2fd1ed599631923e41f0144e7e4e2eb67f1b7a5eb6
BUY,0.003,10000,1766427461,No,0xfce4c976dd15d135dd8037eb14130e3b13de829984d300040fc3e5a794b4839d
BUY,0.998,3.707,1766427457,Yes,0xc6b9c12e7051e01d9aab3d42b08a2d7bd663c018b00319349dcc7294db230d20
SELL,0.997,800,1766427449,Yes,0xaabc82035e4d9181f628759bdc0c1bb4ee6ac77be585add0643c1045973a60f3
BUY,0.998,3.707,1766427411,Yes,0x2c629cce475887e240dce540ab80043c1a37d2f017bec000525865c91bf5e529
BUY,0.0030000000039867108,1003.333332,1766427399,No,0x6eea4a25e4a74ac508ffdf83b669d217250046dc4118fbcbfe30ec4b90cc96d9
BUY,0.998,3.707,1766427389,Yes,0xb19d9165645198495c0c020680a19c2e2ddceee09a4d20713c841f013f7b3669
BUY,0.998,1.9835,1766427385,Yes,0x864c404966cb5b17c441d9a5d74a3248782811f9c9340034e7e889b49ac0ecec
BUY,0.003,7334,1766427379,No,0x5dfc43ad6d65f1d01f904e9f8985cc25f284e3bee4416234988d4586a77de9f9
SELL,0.997,100,1766427375,Yes,0x7d773b53429353bb82314902c12c5647eeeea0cec91e8ce53bcc8f0bd61aeb90
BUY,0.998,20040,1766427343,Yes,0x30d112672f66e53a58edd4a02793a101e6481c88b53963c4dc14bfb5e9527e0f
SELL,0.002,3333.33,1766427337,No,0x4c309eddeb421fa06ea55908b751fd00ea1682f97383254a0a193de0e9763cfb
BUY,0.998,3.707,1766427317,Yes,0xcf644104395503b1dc10086ee0523ff552fa764fa103de011d8807f28221a69e
SELL,0.997,371.88,1766427307,Yes,0xd3e06be2c225b40b111058ff3bf9184c0e3a4358928aa835dfc8d1178300a5bf
BUY,0.998,3.707,1766427305,Yes,0x96994388c999063f0bcf9fb3201691e38cd179beb79e96c6d6015590dbdc0f0c
BUY,0.003000000012,333.333332,1766427297,No,0x0e8207edd30a29eef663718e195517e67e0fb41298812650160e281273483bec
BUY,0.998,371.8835,1766427265,Yes,0xdb34ddbb7f4b11b1472305e5f927ffb87a7ebe9417d1bd24b2732d2564a30546
BUY,0.998,3.707,1766427259,Yes,0x94133747f73de735ff481ec6bb599b347eaaa5815adb6f11bce97a10dd6dc27b
BUY,0.0030000000075,666.666665,1766427251,No,0x841bee26ea20e21c59149eb575576287e0cd1b7e3844b3b48bcd5b6696cdf5a0
BUY,0.998,3.707,1766427245,Yes,0xee36be850122bab9749dcaa4c278fde48b5aa2e7fd1800e192d1d69398afcba6
BUY,0.998,7.094,1766427245,Yes,0xc9d7e532014d39c1ea06187beda338625f43a7c5b1da9fc985cf4c06d4bf07ae
BUY,0.003,5000,1766427237,No,0x8dec50e5c04d3e23a957ac7480631b2daee2331f4e334385c0dcee8319874256
BUY,0.998,3.707,1766427235,Yes,0xcc8a2904b6deca15bcbc7f8c3f02c0c03c4b593c582b50d4c5a22dbb3613e5fb
BUY,0.998,7.094,1766427235,Yes,0x22bedb9d671daf425791840282bdbed51f941cc299dc0f8da28c135f90fe7160
BUY,0.998,3.707,1766427223,Yes,0x2b6809357228dc00377a708457bec4305704f8efd2fcf9988acc3bb2036dded6
BUY,0.998,7.094,1766427223,Yes,0x601675370b52a2f258562e123f70962783de1733f5979d0c8c1e7854c8554d4f
BUY,0.003000000003,1333.333332,1766427217,No,0x50bdfbe6cebdce51abc9bc3f3db62ffbe38f3232638f4e4a572ad05e5cc8a7c4
SELL,0.997,372.39,1766427215,Yes,0xba0ad2a8b8de72712fd9d718289b2004a1e9b77cae33cfe910fea9302108f80e
BUY,0.998,7.094,1766427205,Yes,0x15ab3e6265930952d7eeaa0d69f7ea36fda43116e481c9415760cb65c1b1ef49
BUY,0.998,3.707,1766427205,Yes,0x0afda85ba520ee30e4e3974fe4a09701d751446bc7e54a03bf91c509fd47ebb5
BUY,0.003,1000,1766427197,No,0xba0d37047b48552bef1ae12c2134bc7d9a7b20bd4d92ffff3a1fdbee6f499240
BUY,0.998,7.094,1766427185,Yes,0xba47ec5798369a44bc06029289fa7e4bdb97561cac24646f921c207eddd47567
BUY,0.998,3.707,1766427185,Yes,0x9107e834c5c64188a94e9d72f7b14b99fe50ad5825f25e4903365321d42d942c
BUY,0.003000000012,333.333332,1766427177,No,0x94b3ec2f3fe1a6138abce7ee3e370da7b74436671b0b67894ba4ea80f0a1d63c
BUY,0.998,372.3945,1766427173,Yes,0xac431aec3a8262f6348d23d8b288ec9fcbaa1bd29fbd30b0e7e3ef367934ce48
BUY,0.998,3.707,1766427165,Yes,0xe0800f91cd19200d86b2df2ec05c28c8949df56266a5b1d990938b0ab61f68ca
BUY,0.998,7.094,1766427165,Yes,0x3ebb73566d53f71b2bb89d6709e7bcde666008ddf1cb121c774872c80c5fac41
BUY,0.003,6590,1766427157,No,0xc4e4eb163f881d15e6bd616211e4a564398ec52a182253433c44fe9fcf960764
BUY,0.998,1.9835,1766427147,Yes,0xc5ed4d54fc309a76e9d15bfc5d2c04be2407a116b84473c35ec70fa381afd8b3
SELL,0.997,2,1766427139,Yes,0x9b527c6cc85a5f8b7dd3dd43e8086c972117e4cc88dc4ae8b924b4f9ca9af4c5
BUY,0.998,3.707,1766427129,Yes,0xbb832db4f45e3749506f097e4492062e032f25ecf1c511dd683ca1712ea54fa7
BUY,0.998,7.094,1766427129,Yes,0xb885a389b4b5c5b9edee394d2b3ba96be40a5cb1c7d7fc4bd24b695778cb32a5
BUY,0.998,1.002,1766427123,Yes,0xd8120fa10293bbc8655b8ac45b02089cc14d3ed76511c53eed7d34dd15df292e
SELL,0.997,372.9,1766427121,Yes,0x8ced62e5ce85732be5c00ea98ce49dc88edacbf8e1a020914e15d337b78da9bd
BUY,0.998,1.002,1766427119,Yes,0xa11d784f4b7c4049f0a329c15c138f1e445736efaa7b4de2585520d204ca2eae
BUY,0.998,372.8955,1766427079,Yes,0x233acc620023752be490df1c042b8d8858dc4fa3d8984e32325fbb4ac31d73b3
BUY,0.998,7.094,1766427071,Yes,0x413490ea49f359dffabdef75869c56f48cd88a07b78d0278c63362d29c1f189e
BUY,0.998,3.707,1766427071,Yes,0x5bfc0a0c578bfe95edf9db491b09fcfbfe2914852a92dee03f92c838063d8bdf
BUY,0.003000000012,333.333332,1766427063,No,0x599098217f53731803f5a0f902def32685c329265d3870a776e71bf859f7f5cc
BUY,0.998,3.707,1766427051,Yes,0xb1bffba8996536a8b03b49d71aa56c139efc9a5c896d9a19767eb660a550c7db
BUY,0.998,25.04,1766427051,Yes,0x5fd81d59a0dfd7210875200b4b32aac63e524c3ea4c820d110f4eafd75eb17e0
BUY,0.998,7.094,1766427049,Yes,0x70d6ff2d5e153af540ebfff9970ed7ef48a51063256d382ff17090bd3a19cc00
BUY,0.998,7.094,1766427045,Yes,0xb9a7cc575af0a36a7f12fc4e431b804eb3a05ef7e4ddddda7a185342b34f9e0d
BUY,0.998,3.707,1766427045,Yes,0xd7aa85809acbf4d4df403aa85357e10eb8f0240ce85bc8a246880c86f9a4051f
BUY,0.998,20.03,1766427045,Yes,0x8e703703e70efec9782b68eb57dbafa32a152fc0c86fff483827978f034d017d
BUY,0.003,410,1766427041,No,0x813e989de82431efc926ef0dbfaaa0fb70c88f557f35a67c4171416ed48637af
BUY,0.998,20.03,1766427041,Yes,0xb05440125cf4ee7bdbd6a269f064bc0e62d31ec72bd67f30887f88db5a73c74e
BUY,0.998,7.094,1766427041,Yes,0x6d97246ea01ef8f24ed9d6776c98e572f9b0e3b8a231b16e595fc4c8b9a86f71
BUY,0.998,3.707,1766427041,Yes,0xe54a8ff5a07f3af8062e0a70dd7c804b3cb022e2633e7211ddc8477b97a70680
SELL,0.997,377,1766427037,Yes,0x3ee440adb79d0326b72490e66fbb6aed5bd1e1d65e672771aa438b9fcccaa244
BUY,0.003,33334,1766427033,No,0x35f8c0de25da94ed4ad00dbceaf8bb33a055771df7b9cf45c63b86522f62ed94
