side,price,size,timestamp,outcome,tx_hash
SELL,0.998,94.37,1730906435,Yes,0xcef4b27fdb54c6fd8330cb5cb5910b31708201f147c161d541d06e396a1300ff
SELL,0.998,5.4,1730906435,Yes,0x11bce3547abbfbafdafc8b09e43243de8e34b2ddd27d7bf2a9fa280d7f9f02ab
BUY,0.999,0.35,1730906433,Yes,0x2b6365ceac2aa48a4f1975b21b6ae23a767c23ba63a6c0405ceb6e758031feff
SELL,0.998,906.04,1730906425,Yes,0x19085925f028b6a11dadc4c363ea44c808fcf7aeccfe513a51a00d23b66a5a99
SELL,0.998,329.48,1730906425,Yes,0x88fa8629aba970f2e072ddfd7abec800b35e0d0baed3a7a795e4da92a757cb57
SELL,0.998,10,1730906421,Yes,0x79134bb922d559875e378238054979fcdfa3a3fa569fae37a02a061fa5e0224b
BUY,0.999,19.479,1730906413,Yes,0x413eaf4a1d1453f216b06993dff9d7e2e09bbebee1a0055847889471825142b2
SELL,0.998,169.42,1730906413,Yes,0x351c5238ecb4781e3a26c3c61b3efefe49efddb993168310bf6d776afc424b16
BUY,0.002,580,1730906411,No,0x17c9797840bf7435c7ef7704a9965d2d58f6af46ad1f8dcd3fb0cebf88e9b240
SELL,0.998,264.05,1730906411,Yes,0xa8f1d4c6eb3c239f064abb4f5dadfef567b6ef0e19b6b8d4e977d06e8f828f44
SELL,0.998,823.02,1730906407,Yes,0x5acd51170e1f4113a7b7f36dffaaca6ffb53989d481a0eeebb6e349bec9d72ad
SELL,0.9973508703836674,515.29,1730906403,Yes,0x995575ccb6cbe9ee878487a7e3186da82ad20f8a4856c08de04baf666223f88d
SELL,0.997,32.58,1730906387,Yes,0x2086179e977e79e52c628200643cc0c9bdcd5964de3a1d0639a6b431973191c4
BUY,0.998,58029.14,1730906387,Yes,0xbc1c74f60b782f40664454a5c9a865c0fb73be98be10082320dc1443c7f5d1cd
SELL,0.002,180.8,1730906385,No,0xac17bcc7133749456a23033124f353d9171428bc6a10811c3d811ec4c74cb264
SELL,0.997,613.78,1730906385,Yes,0xf3fc3939968b16a4c24a5cda92338e647b10d11d23ec05db2ce567294666bc09
BUY,0.998,244768.1,1730906373,Yes,0xff48a14972837b7ea2072658ea992aab42068fbf2a0b7766799caf2694f6c0cc
SELL,0.997,1.27,1730906371,Yes,0xe69fea741a1de1a2cb3b4aaa6383905a2c10ba34cec7e22365df25926b63fd1c
SELL,0.997,861.59,1730906369,Yes,0x65ef0d8b796ecd6aa238d6fd4184abd42ede720dbbfb65e5724637002e1b8f98
SELL,0.997,1365.37,1730906369,Yes,0x73596382eb486366e154b7e04109e5b6d57ba9edec568f0fb2a9da4973b9d1a2
BUY,0.998,79.13,1730906363,Yes,0x69dbbd222e86e878b6c0cfdbc6f478145c6a9a5942eeaef9093fed46f20840df
SELL,0.997,20.49,1730906363,Yes,0x79cf9bcad8f417b48a5eb670b3b3bee2991cb8d75f81694219ed0daa5b7505b8
SELL,0.997,19.99,1730906361,Yes,0x0ba418867d424299c51fbd27f4e94bebdf76aba466ed6f4ad0c78e834bf5f5dd
SELL,0.997,6609.3,1730906359,Yes,0xbad23ee6a5021fba3ff04b5715a68d8cf21eddb7e2e5ce960a49d03bd0f3a712
SELL,0.997,456.38,1730906359,Yes,0xfa89cbc9cff026b6e540833df17a738e176b539a927593ae27a432131f6cb8ae
SELL,0.997,14.13,1730906341,Yes,0xdccd88558fe7967a30cb61ab339bfdbfb70642f361f06d7e3c6e4d21463d61c3
SELL,0.997,20,1730906339,Yes,0x58ef994fb8aba715637241f3915b167ee3d00a36c2c9a5e89c4465995fd5bbb2
BUY,0.9979999637090189,0.991982,1730906339,Yes,0xa9def2ebefbc49c12f963513cae50254d8192f3a4dd19c2cccdafd2cbb9456b5
SELL,0.997,330,1730906333,Yes,0x1929b5038cab3869731a6ce7b3a9cfb855fa26d69483f38f091d6a10c6502417
SELL,0.997,22842.07,1730906323,Yes,0xa0612a40d5c67ae3ce74ddac7144b3ed2f986b87724bca70b645c47d55edee6c
SELL,0.997,16.97,1730906319,Yes,0xb35002ca016c0b61981109c4ea2c756b64a2b94154c5e0bb42274c8670ecd9b3
BUY,0.997996599393805,0.27054,1730906317,Yes,0xb2b89ee6a7b78c293ea58444e17e17e10e93f3996584c91ae42f6c98b887f282
SELL,0.997,5000,1730906317,Yes,0x795d52cf51620ec623be009cfba7c560a89a4239a98ca04487b6bb5702ffabc9
SELL,0.997,1072.66,1730906315,Yes,0x513b08ee369b1f8fe3aba71ac721773b64d2895bc81e16f3472e8d69ff8a97a4
SELL,0.997,272.96,1730906315,Yes,0x231f96749dcd4bf87ffb9cb6146e356e355bc56eb350fc0ea2a1522dadbd22d0
SELL,0.997,847.59,1730906309,Yes,0xb3dfbcbf49b2ba14aa69e638635478b815d56d4aea1018c6803dc474c04a1aee
SELL,0.997,100,1730906303,Yes,0x1fedbb74d9259ac57eacaf7e210b1608ce65b0e24c872b4b244df07f0a0c72b1
SELL,0.997,16.16,1730906303,Yes,0x3e6de1219e7b1f2b279dc5fba79b1644c1646ce18b1288b8b44e0d3955be314c
BUY,0.998,67.88,1730906295,Yes,0x27f32304e2b79aab1479da7b4501654e536e747965fa3e2317e8311dbe6b68f6
SELL,0.997,174.82,1730906277,Yes,0x8e4cbf3e6f08e73701eb66d921482e0259154a2ef5d486d2dc918ed73346d567
SELL,0.997,824.56,1730906263,Yes,0x2db3f1c96877546ece1b2e14b26f3fbc599be1f36e13030a1b46a8926eae220f
SELL,0.997,351.11,1730906255,Yes,0xcfaa467fd697e4d9b2e1a47df496809489b820a871dff56f869fcf1a59add863
SELL,0.997,1.55,1730906249,Yes,0xaeccad9b6f0a6400e5ea239ed98467f499438230ba59eb123d80210f273b5884
SELL,0.997,4.24,1730906237,Yes,0x32160604abee1746d2eefa5e5be9c056f220f0e86a5656dc2dadbaf8ea429d10
BUY,0.998,55555,1730906227,Yes,0x093722ed0a2e5117d2d2c19690b0829ff55263a74c484d5a0e200fdbd561b93d
SELL,0.997,60.62,1730906225,Yes,0xdb8990860b2b56a990da8a8c527b00223aae05e4286d496f6c1924365214f589
SELL,0.997,12.18,1730906225,Yes,0xdd3e7efb253f73472735d13c5e8810cee41dfc521a92495f69a51db84496ebfa
SELL,0.997,20.42,1730906225,Yes,0xd5d415a3d428f26df81bfebab8a03dcedc0659c191d0cdcf9e562d5f12a0ec2e
SELL,0.997,3020,1730906223,Yes,0xd5117463743de4b0b0373d1074dc59dc01d758a1e2dbd465a25e1561a99dd07a
SELL,0.997,61.57,1730906223,Yes,0xe418e2b7c12b1e2fb5da44239b7f8eeedca87fa9bc56e4e36c7ba36d53b1e5e0
SELL,0.997,859.82,1730906217,Yes,0x53436af83069720bb7082b15c058da1927dba6ebfae12ceb107d5df9dd8cfedc
SELL,0.997,1.6600000000000001,1730906217,Yes,0xcab7e1cb7ba0f66ae55927983666166d70240fa2d4eae4457714bc52d8e46cb4
BUY,0.9979999914551403,60.621241,1730906215,Yes,0xc8c6b3b4efafdb998ddf633cc6623c104e6d7d6a763c194bcdd8f8b1d4fbd87c
BUY,0.998,5555,1730906213,Yes,0xf29673932c62302438c11a185a8b68bbe3cdc824ad5e2f37579b1b7961bdd280
SELL,0.997,234.74,1730906209,Yes,0xc97b7e09912d11ece3a63dcb5df13da1022cccd4ce88c85557af5167290a005f
BUY,0.9979963150621833,0.26052,1730906203,Yes,0x70d8a6ffccb8780025623ac2a983c55df2dd0bed8aad797b732815077cfb57bf
BUY,0.998,80000,1730906193,Yes,0x32ccc8d6ea85c6c2e80ccbe7a1a4727c67fcf8d786ff2ef5af3ee36ad653c474
SELL,0.997,5,1730906183,Yes,0x2b5aa6fa35e80b1e7eab3b324f07e389dc97d584ec9b74dd93916cc915c94bed
BUY,0.9979999857618662,45.090179,1730906181,Yes,0x2bdeb0c9b90d51c374478490529a2da0973ad9edf5707f7cb09a4b6db69ed339
BUY,0.9979999960475248,194.308616,1730906181,Yes,0xa0887f135be69e61b4c2b18be474d7c93ce526b55355b422b8afe6cfb8054b28
SELL,0.997,7961.2,1730906181,Yes,0x05fb153ce4679da57b4720ad3c7f1d7d4ac7427ef9701ab4e1c0dbc283d7cb82
BUY,0.998,55555,1730906163,Yes,0xda9008f19fc4fd8c1ad5af942507455015196eccfc119906f3e3146edf9843f5
SELL,0.997,841.66,1730906152,Yes,0x527ce8c550b59ef0ae460cfc9b7777be3aab7b5f751ed357c4b4281d77b3c75b
BUY,0.998,1893.43,1730906132,Yes,0xec2e85383abcd027b041b003b18913a082186bd4b0f415470885fb878781f1ae
SELL,0.998,36494.18,1730906130,Yes,0x6cf766000fc8c955e6e25bb47148ccc26907b2e2e83e3839c34279f198ff5128
SELL,0.998,2080.66,1730906128,Yes,0xf209d7273e44af036256ac61d62a35949ff5c0bfa1082a3f17d29b9678e8bbdf
SELL,0.998,334.67,1730906126,Yes,0xd814ee508a24ca1440a41ddd2224708ee7d141d0380f585cc187b7ff020cb1da
SELL,0.998,1893.43,1730906126,Yes,0x559db5f4c315a746fc568d5996199776c7e98e44f131f21f24f942fcea8bab6d
SELL,0.998,20,1730906124,Yes,0xc1b2e2b0cab4a064bd5354c2dc698da1df130ee1a8da335a6478cab97e5fb5ff
SELL,0.998,212.6,1730906124,Yes,0x7f2b5a8765e8c8b99ee7ccce48e2c5efa34a068c83fcc9155b3595fa7443daf7
SELL,0.998,468.06,1730906120,Yes,0x3309c8307789133156009f8612854a73cc8b495fb982bfd0518866c9d6d4e34a
SELL,0.998,15.15,1730906112,Yes,0xe630b1d69a19b690bbd7622182a283b80d52c8bbf0f9be9889ebb8ba36d501a7
SELL,0.998,832.4,1730906110,Yes,0xae20e47b0f1888083242ad9fa416ead714f841803b18fa4b483974af979a4ee3
SELL,0.998,852.23,1730906110,Yes,0xabd16345622eb3eacabaf68ec0ba90c2aedf7dcfdadb0997181ab576a3ca83cb
SELL,0.998,1.67,1730906102,Yes,0x387ce6e088b16b3161af65710be4415e9e428223a95e8b821636d6714153ba2f
SELL,0.998,421.35,1730906088,Yes,0xc3068d6c08f6566f2170ae9eea2f64ec78f6757d041533570db0790e81539ad2
SELL,0.998,761.52,1730906084,Yes,0x686fbbb92d6218541027a018bc4c624b6b6ee08d60d15be47e70725dff38fad9
SELL,0.998,1123.6,1730906080,Yes,0xb739dc89859f70d5dda246c21121bcfca679b9548df2449aaff9633cded2ff2f
BUY,0.002,15000,1730906066,No,0x5f82572702ac27daebb6e2912fefeed21531b3ae68adcff0e7d7e08b549f28c9
SELL,0.998,840.55,1730906062,Yes,0x7dc681c1155085e69272bb313171f312385469f783d3e43db7f36748228b6db9
SELL,0.998,16.15,1730906058,Yes,0xbc0cbc6f6d0dfb2eca828e1f06944ddbaf333f00dda68fdd3c89f14ccff3d7d7
SELL,0.998,282.56,1730906050,Yes,0xe574d49b9df3b391b4fed45c81971763ad2bf7196c826f0270824ba81710da96
SELL,0.998,15.15,1730906048,Yes,0x17fb63c45775e0085ab869d7a69d6edd511023ae62ac40ecfc4259852de9eb18
SELL,0.998,10,1730906042,Yes,0x993e9b03c0144952b9655bb20c987d5a70a149bece4f9ac092447a3c4dfcc0fe
SELL,0.998,3008.42,1730906036,Yes,0x53cb4b4760dc46fbaa7709d3f674a9b8704dfa302b756494440c96ecb2c04adf
BUY,0.002,10000,1730906032,No,0x9a890e247d899b4a247a6926819817493c99863d0a6aa8776a0e658d8de2dc95
SELL,0.998,529,1730906024,Yes,0xe9f2a7a7689db8cb6f0dbff213dfaa125765cba4c1068c1c60c4b5f57089539d
BUY,0.999,76.43,1730906018,Yes,0x966b30704aa6c2c5ae86d1c5701c2e8cbbabe9429880cb060f999089fc79d136
SELL,0.998,2179.74,1730906012,Yes,0x740ad39d8905ad4be7c31ccb1ec10d7097bc46f0db6e99bd282b79172eddc02c
SELL,0.998,1634.34,1730906008,Yes,0xa807b7349eb9aed9659b3f1fa6411b696938983fd1049365d5d3937f75d58978
SELL,0.998,4.31,1730905980,Yes,0x18412b80a028e55577e65fc9c7cc2e06a5fcd7399849afaa59265320ec7341f8
SELL,0.998,16.02,1730905978,Yes,0x0f744461ca8340cfd8f82747e3cb9059fa72599568384637a0eb19a949bd8714
SELL,0.998,1602.27,1730905974,Yes,0x0b7b30917b84e62b7aef6ebcbe786aa3091fd13e5067e9efc1db043d99ba59aa
SELL,0.998,843.75,1730905972,Yes,0x5d9c2dcddae1ef09893d118b14ef981e1075f5c320f9d8fc795af25e6d2a85f7
SELL,0.998,234.46,1730905968,Yes,0x652846ad890cc20f2c9b233e071bd8b518443a37dc834e87a9ad06903ca84334
SELL,0.998,154.24,1730905964,Yes,0x516d19849ba513119a65ba0c460d654aa24e911185723577cf9c5e163c542219
SELL,0.998,2002.92,1730905952,Yes,0x940e2ba296ce1d490914c5ec891a80244e924593efd80d6c2f72d796e1a8338b
SELL,0.998,1893.43,1730905952,Yes,0xd73a70144869068a8420845ff68ed65673d7675a006fe313aa16a2492659c1ac
SELL,0.998,15.15,1730905950,Yes,0x2b005cbf7a3a517066df4d9449dcc993a35d10c94c5caec014acb70a4475c962
SELL,0.998,10,1730905948,Yes,0x82d209a24cd81e05aa68c944acf3546247fadb6ef67ad6048d275abee956ee6f
BUY,0.999,0.25,1730905944,Yes,0x2578b76419e1947e9a329835cf8d4928a58ec62fe606493a9f35a66ae55c3091
SELL,0.998,87.1,1730905944,Yes,0x0796223514e2f5239a44114422d1f1ebcc6aa4b553aaa78a9e9f860f50296215
SELL,0.998,23.05,1730905942,Yes,0x0e766e562642b62d69a489f87b95f2a59a23d84c4e2d0f31ca9d7243d09cc7e7
SELL,0.998,4.92,1730905940,Yes,0xb6cf10a59537e0c1d59ef2e595d450266b73d440f680e8a79f5dc00bc827e692
SELL,0.998,1.7,1730905940,Yes,0xc94efb7f2c59842a4e22e0d19aa15655b5192120a3faf84a76c9af30b827342f
SELL,0.998,858.49,1730905930,Yes,0x3604053eb748d316b1cea0fe636df88eecb11f9389a44697589bf1d07e12c452
BUY,0.002,7500,1730905930,No,0x34b97f85c97b5b0e692ed7263e2bdd5aa99995ec93074ab1052a19b7e707ee48
SELL,0.998,10,1730905920,Yes,0xfa0de9cfc12ff70682d113171f6d9fe6f1bac9fcdbf1c47b559a281bf126f41a
SELL,0.998,2.18,1730905914,Yes,0xdd6dc7fe2a69264d0ba87c0692f6cc4ae8700bb439efcd620bb95015b7470a45
SELL,0.998,30,1730905914,Yes,0xf0177905393ae59336759ca5ac9c94fcdde67004c5453e3b0c180d59457d7479
BUY,0.999,50.15,1730905912,Yes,0x2f285066a7135e76603776347684d824acd853213829edbecef7604f20c81f62
BUY,0.999,55.8,1730905912,Yes,0xefff97db220c32662dd36e3cf06567ac7d7ec750131e5ec620e13f65dba037fb
SELL,0.998,3.38,1730905910,Yes,0xd7e7431f6d1844beff90d3f278f3db72cde1ed5efcbca34f017a0570226e2c70
SELL,0.998,805.89,1730905906,Yes,0x993098a71ef2af0787e8bb6fd4dcca22692278555e0ca3b46141c57684756b1b
SELL,0.998,4361.9,1730905904,Yes,0xa3bb9de21d212aed0a093a665aa1d4e22e77953bf3a11fcae175de0433f43762
SELL,0.998,16.51,1730905900,Yes,0x9c6c2d364d7e8b3a1f10b19fff02dabc5a6710e266a50bb6ea3af67433305170
SELL,0.998,1217.47,1730905894,Yes,0x613347c9c118155872a2a918cf28ae32203bd1d10010ec48a4cb980d31ac8ee9
SELL,0.998,60.88,1730905888,Yes,0x4062c2e8f0717146201a67a8f69096a817f7129deb1ef0b022c82cc03f4a0a37
SELL,0.998,841.08,1730905882,Yes,0xdc79175dea19d233db5621f058a5b972150a478ae81d9b2958f10f790c551494
SELL,0.998,1450.68,1730905882,Yes,0xa1fb3ac78a65defd09496f1488776693801b9970af47a9f7795016c9b8dfd9ef
BUY,0.999,0.14,1730905880,Yes,0xd4cebfdff3208d1baca16f311fd123778f253b03365bccd53d2eed6c8d2cf595
BUY,0.002,5000,1730905878,No,0xb8431b11380bb2e3fb87cd13c6f664356167359e570d213fc77541e82197d584
SELL,0.998,30.75,1730905878,Yes,0x27527eec04ca5e1f2ddb24582ecc19327b7ebd84ab47e8f865a0ccf70667268b
SELL,0.998,305.28,1730905878,Yes,0xc44d76b367e6f4b3e4e6c2cbc9c58d1fb642dca4860515f7771079d039282c76
SELL,0.998,42.31,1730905870,Yes,0x9e60a0bcfedfa846b07a7f4924aa6f4daa8b1aa7269801c8047595187a7928a0
SELL,0.998,296.79,1730905860,Yes,0x20e87751aa3d4f4c0665d74e8fddd1127dd4973dac44c977a10b76f04af9f994
SELL,0.998,38.43,1730905858,Yes,0x6952ceb3ea775e563d20ce647f63d792356aafc84978c343da15991b5d6f99e7
SELL,0.998,327.59,1730905850,Yes,0xea98e7da15a73e3a4e846aab4b1ab0ea460e6cdf03739012e4a7f09765011ef2
BUY,0.999,30000,1730905848,Yes,0x267b23de74f869209dc10bb2d40ec017ff06ccb10bde70b8feb00058f5cdcf02
SELL,0.998,322.58,1730905848,Yes,0x10df4d208a82bc20f40f869e889ff6389bca8ce79f601180a65c1c5ca52675e6
SELL,0.998,8.47,1730905846,Yes,0xf79dec0bb9993971d1756e3e82702d74e1a35932566d74359403c1dd53a793b4
SELL,0.998,853.44,1730905844,Yes,0x6dc68900cbb734af09f4a4644bbcebe86e0536b116a21d5015535df47de925b6
BUY,0.002,38575,1730905842,No,0xdbbcced4f32e87119dc012a79186ea0ae4c47faf6fa3515c55d32c71e720eab7
BUY,0.999,0.99,1730905838,Yes,0x1f564a47cd1887e0412707a5ec1e33bb1b585c5dd7753fbcca88cff0eba451d6
SELL,0.998,98.03,1730905830,Yes,0x616eaa342b7f7341ad64fd75aa97066c1f487d33c64a1390dcac808a332c9a21
SELL,0.998,1799.88,1730905828,Yes,0x59ed05967b132b7c389053e0a7de7a9d5377e2cb598cbb2bf386d606e82c1b8b
BUY,0.999,10010.01,1730905818,Yes,0xd7b3f9dbe0f2eb7abc9da1f5337b2bda0fe2a9af64e4ec3e5d6e4167bcffabe2
BUY,0.999,1.001,1730905812,Yes,0xea1f3fe7c8a2445eadb12de9e7d9037cc731340aac740038a6542453cddcc53f
SELL,0.998,48.46,1730905806,Yes,0x257bb925ee7f707ddbe6c0a2231b66ec38fbbc0aaf11c246d72e20b32dd448db
SELL,0.998,542.07,1730905788,Yes,0xd99c12cc3891e83cf12df2f19f39d80113290e86dbcce8a9b01b1865774240b8
SELL,0.998,40.51,1730905784,Yes,0x40c4cf3f641c6686301dc5fae3d1588d1c97044a84050fef9a954beacdb2ccb0
BUY,0.999,77.077,1730905776,Yes,0x10a294b04cd920bb27281f9fa404aaff2a108ff49962d9696e0c3d605a550af6
BUY,0.002,1880,1730905770,No,0x526c93760f3a0d6ed26a764afeafa6a8d5af7b644837cc2b2a9b33f02740226c
SELL,0.998,845.91,1730905762,Yes,0xf0ed1770b2b5a7738c00a3f610fbe9d586534629ce6dc66fd059dc0f82a2c727
SELL,0.998,15.1,1730905762,Yes,0xa249aca9b51d6d6756336dfcd54d33ccff9dc74662d6c853edb0b49211162526
SELL,0.998,94.5,1730905748,Yes,0x224d3c431170ccc2eacb7fddb877079bb782381d48bafca410f5ba7329d01669
BUY,0.999,101890.41,1730905748,Yes,0x8a1d3bcf926bc33c3257f54a3fe366f92a7e6aeb53c896c0a235de0e48360fd8
BUY,0.999,100,1730905746,Yes,0xbf360ed3a179a976f6583e2653b560f1807a07b15d4a741decddaa08c3c49972
SELL,0.001,10045,1730905742,No,0x1ab25dd0b5bc09f76bea05821464cf14c88a084e0a7c9a271ca79eb91e2ae6c8
SELL,0.998,960.28,1730905738,Yes,0xfbf06df9120a75d1eddf90b60f7ee7b85827c045424bcb87ce2c6732c6278faa
SELL,0.998,9.6,1730905736,Yes,0x2a321b210ea091dcd524ad0f2269fb1d45eb252ad7039286ffb2552e91e6f4dc
SELL,0.998,844.17,1730905720,Yes,0xb26181bf1d5a283183c6a2028fa702cf67ef426249bd49f785da9f5ce8a6c5d4
SELL,0.998,251.12,1730905718,Yes,0x232fb8c6e9d691a2fe40c7ae3aa2d9c4d69f4ba2260432b9a5d948393bce9c9b
BUY,0.999,52.93,1730905716,Yes,0xb118ad66158e3c31e7179d48d3aa43138d54398e8385e9be32ef41b9c54f22c5
SELL,0.998,1.78,1730905710,Yes,0xc48a8790aa368e018034563461524bdf383db9cba833397037655d3f280a02c5
SELL,0.998,16.7,1730905710,Yes,0x382acebef8242d3d8f2b48a65d1ce68f8b4e26fadc6fb15d976f5a7fc5ef1c69
SELL,0.998,18.21,1730905692,Yes,0x30395f38b4faffc9bf70314b7926c4c04f54adabb41ed0ab0f5c1bba614baf24
BUY,0.002,500,1730905686,No,0x89426e51e5f9c0b8909199c984942c7866c0a0737f5d7fd68cc5dd1109bdc5ed
SELL,0.998,860.75,1730905680,Yes,0xf494e6b4a57402d4b10e043f36516b1a9e6642f0cc964de340c8f3092860c22f
SELL,0.998,231.74,1730905672,Yes,0x6a0bee6cc457c55c480eade4691adcdce1420c9acb62a748360d4ecb18909002
SELL,0.998,1123.68,1730905670,Yes,0xffd0f276b995e66323306dd42b120ea0d924212840cb4fa8e1392433dc4abdf9
SELL,0.998,329.63,1730905666,Yes,0xac31b2a29bc84cbb79e33d9130addae8d8fb888351309d7058232a1291d703f8
SELL,0.998,48.29,1730905666,Yes,0x992ae4e197b05a517e07b65829baab9dcade41a0561d7e8183f41aacde741f58
SELL,0.998,327.53,1730905660,Yes,0x6d5fa9822e516f61ecb056bc79bfce8f878f1e3f61122f47413b6a42e8386999
SELL,0.998,64.52,1730905660,Yes,0x8e488c443ecac3e1caaeae66a131f2e3bd6d044c77ac5a2b05c5fe17b3e391b8
SELL,0.998,546.88,1730905652,Yes,0x9cea83519ac5d2e7318503e4c47e40745b531964506f2da854671777d2da3ceb
SELL,0.998,842.13,1730905650,Yes,0x942d4d80c873f829e8ba449ed232cba09d02f0a9321f4417f7145719c2dfc6e9
SELL,0.998,1.56,1730905646,Yes,0x5036c5127e3d53d2437e6d1bf11518dc94a1e553319dd4fad370dc2f386bc0ab
SELL,0.998,84,1730905644,Yes,0x668d9be7afa150da391841fb233a423cfcce14808a891f7c0f11e83faa82d311
SELL,0.998,1234.79,1730905642,Yes,0x00ff7a46e3e2316596f4b5a94baa2da49865eedc20fab20799598d5cebb38b0a
SELL,0.998,13.43,1730905642,Yes,0x9e67d4c0e86c0df9b4a6a4b70b1284251914783ba9d44b7f738576cecaa8579f
SELL,0.998,261,1730905636,Yes,0xf02095a5b2f586169df7c871f92bdfc7124fc5288ca2f1e40e709885ec17a25f
SELL,0.998,1.54,1730905632,Yes,0xea6a1b039ea02604387623b9525b84d30333694d1836cc4ca0b124076d27dc4e
BUY,0.999,10,1730905616,Yes,0x03277573f6925d761a03ac33e66d573d5dbdeb4fd6695fefa91cadd2ac65024e
SELL,0.998,541.66,1730905616,Yes,0xd4417ffc5f5549c13437407314db443056f6b32890a7c8da6ad7062c5ac87781
SELL,0.998,54.92,1730905616,Yes,0xcf8f073ac4e6f8d094e7137535e6510f1167a31b9ef4540e65224afdf6477f13
SELL,0.998,7.98,1730905610,Yes,0x3a24fca7a2c1f66fa86a563695fdd306aae5f4c109c7cfa210b35b4286eddaec
SELL,0.998,533.16,1730905608,Yes,0x3f84da3ea192d17b838c7c446761be756a6e6620d80f862dc1ed9b24ff55a9e5
SELL,0.998,542.35,1730905608,Yes,0x5032ffb15c8c09e8be92c66854ce0a302228334b1e5d11eea7173fd1d89a898b
SELL,0.998,2616.69,1730905606,Yes,0x136f6ab517c14c29b0244cdcf8ac93f4001e8175d1afb854f375dab80e332198
SELL,0.998,1.9100000000000001,1730905600,Yes,0xb0bc5d9a84e953a56902963ca2908ec613509fe0a8c762ded3e6bc2f1f5d7635
SELL,0.998,101.91,1730905588,Yes,0xa8e744441f1ff5388071e4fb6c978c4537404ada98f79efc0e9e0c8854388b1b
SELL,0.998,8136.43,1730905588,Yes,0x2955d3c8a4db0f71b688e5d692f3900413751f0341db7a35b868c0ca4cd64ba3
SELL,0.998,181.71,1730905586,Yes,0xfdaf6de253a67242610280261d851be88e5cfda23b5ca8fc139cf6e83c871d03
SELL,0.998,1,1730905582,Yes,0x8fa9b0a2f1ca93d608f7fe35af18b1f5e191398f7a6ad0c31896cb886ded5faf
SELL,0.998,67.11,1730905578,Yes,0x5226a90fd29746d127d8e0c4cd5a554e8f80f20379c3c2c6a51f9b38fc24eeea
SELL,0.998,210.5,1730905576,Yes,0xae17a1f526f8b8c786996604c348823f34238bf89aca483d0e3c5ef8095018fc
SELL,0.998,39.37,1730905574,Yes,0xe368226000fdb8c140bdbf66af34e8eacf49e6b76bbf1cd03f49d03aaa2fc7cc
BUY,0.999,70.52,1730905568,Yes,0x54a1522b4721a189da7b9bfbc5a81e0cd1561f3965bb931da2eb922b5da7d5d1
SELL,0.998,100.15,1730905564,Yes,0x3f4bb6ac65086f9399b3aa05b9cb49e94a406b5093c58ea837998495427dce7b
SELL,0.998,161.65,1730905560,Yes,0x6047ad4da99752bec4bc4173913320be9dc37a466c479c55ab969ed5e8dd4842
SELL,0.998,9.37,1730905556,Yes,0x1222c634bed1680d5515b459239f7dc3750595d48c208163504f27c36d0b617e
SELL,0.998,8.21,1730905546,Yes,0xf387a2869cd581474eda9d63197e6f3555b6f58b3af41160b2384d028ba4869b
BUY,0.002,685,1730905546,No,0xb064ad431a0b1c27e260713e2420202226326c7832c9e6b3f8e6dd090d1cae7a
SELL,0.998,840.03,1730905544,Yes,0x068fc9dc8e7cc79de564f9e2ae391a153d71ecf2781b088ca78d241f7166fae6
SELL,0.998,166.4,1730905540,Yes,0x6bf0d098d258e6c83f320df3a960c520ffda59765f2ff0bd3584c97b5e6f03b9
SELL,0.998,1.75,1730905536,Yes,0x92c4750f4214f0e8c4fdf115250cfade7c885b022bfb30ea14612f73e94f8bd2
SELL,0.998,372.3,1730905532,Yes,0x78d3159a59366cff732ee3f71331fbda99a9b10ca39910f929c27cc300086c56
BUY,0.002,95,1730905532,No,0x2398a55a3894e6b1947b6808f78806ff231887593f988b4f1525a0ebd6a47591
SELL,0.998,16.57,1730905532,Yes,0x63bdeae2f13025405138cb3bc0a4f36025714897cc459db364a04b0dd195d6ef
SELL,0.998,249.34,1730905530,Yes,0xabe6df96750068a6ecfe2d709d9e3ea5f5befad76c2710dbb42ac0e3daf6bfed
SELL,0.998,8.21,1730905522,Yes,0x8b3ec735065dc40fc173796f16f24bf9a41b5bc5799c2a97f0902f61dab7643b
SELL,0.998,844.19,1730905504,Yes,0x2f6d1e1da5d2e9306a1ea080ba73c65f1e40c3e8474b07ff779e03b70291ce21
SELL,0.998,0.17,1730905500,Yes,0x3d9c7c02c43975441e90fe90d7d0bca7ee5014fd8e353599627fe54dc4948379
SELL,0.998,261.13,1730905492,Yes,0x558af8c79b48d58e84f60d9937120a3237d12366bda913a0fa50c5217971f756
SELL,0.998,1.56,1730905490,Yes,0xcfcbacb613c9ac47f4242af1c2f6cf9c50bd812c5798b972a496c9ac8cd0245e
SELL,0.998,524.7,1730905490,Yes,0xb3510715637afceea8d3756e90122ce8fe91e0e099284cbe323ea45f4e9bab1b
BUY,0.002,35,1730905488,No,0x6f90e4c27f75093a0ae35edfd96231a65e7aa92c9b9ca3cba76c1a2f84a0f4e6
SELL,0.998,8.21,1730905484,Yes,0x6d49312feb6216f3f98a2e85a0bf367f930ac1bab2b1e859d58114ea545e19d1
BUY,0.002,4950,1730905476,No,0x522ed1a6fcc67746575bdef6de5a50cf0188501a206d257446d16362e5ed80c9
BUY,0.9989999978126314,229.499498,1730905474,Yes,0x989a15fc5bf9baacf30bed189e9bc60e4ed9cdd78b9c137935b55b895fae272f
SELL,0.998,815.73,1730905470,Yes,0x397d3a8d9493303de600346d15c5aa946aaf4e4724e721e86e00a5255393eb8b
SELL,0.998,132.66,1730905466,Yes,0x935bfc6eb3b26286a5442371b3628e27d64df2888858aabd1c7b4af439d1c8ed
SELL,0.998,10,1730905464,Yes,0x2a58a6469fa6007fe943400e77ca9431c9600e67a9cfe5c2050c194d9d753964
SELL,0.998,1893.43,1730905464,Yes,0x6d98da9c5a8fb1cb2b42ec0a483308fd33a4f5c00aeea1ac8ba2ffb317c26644
BUY,0.9989968323211469,0.240239,1730905450,Yes,0x6b2904a3c90ee0d5704cb1c3ecd723ea9a0718a94d5a82788da68a3aaa082ac6
BUY,0.002,11485,1730905448,No,0x5f92c66832a0b16e6afc16f3700916d9dca1bcccd1421435ae13b655b65fd939
SELL,0.998,8.21,1730905448,Yes,0x6c01cdaa2c6017bb313f2ea2602429b9551b7eb327240aaad11259a6ba46408d
SELL,0.998,224.67,1730905446,Yes,0x7a474b5ba0e1608808e62fab2479c41432c7ff2170bcbb6efb2ad909fd959569
BUY,0.998,127.62,1730905440,Yes,0xc50046ed0eb0d4b2f8b0f2b7f806bb41f5b725884f79a3115610354fe9bbaf0d
SELL,0.997,862.21,1730905436,Yes,0x6c812ebb06dfc708dc58250a2c612ccf7ae65a0b974d921421c59577e388191d
BUY,0.002874773039280667,8661.553333,1730905430,No,0xd3510f77c6e57a178708ea6fba334cdf685c0678a357c9e615b7184f70f0e340
SELL,0.998,1.78,1730905424,Yes,0xb405cb24c2c82b86127dd579e85f6e6452f4e8fb7d9c3a3b6673944320e72875
SELL,0.998,806.95,1730905422,Yes,0x2100dd9cd3a8cefa997d28b68d2ba557a187307e622d98ff23d936f4f7ae50ac
SELL,0.997,2.92,1730905416,Yes,0xefec728f57d89d8ee3bee7b47a357cacb09d030f7fd678dabe3252dc9ae80b5a
SELL,0.997,1663.53,1730905416,Yes,0x760234b724294eb112e4f274e86820e45c792a206eea325cb720a038575560d6
SELL,0.997,117.47,1730905416,Yes,0xf4ba74e74c4719e0e58fd321ea45f46d027aa2c62fdc657d26b4f2717854494a
SELL,0.997,314.79,1730905408,Yes,0x8cfaf4434b738f3f9daf0d1f5ef522daf05b1832506ad1b3be7cee629775fc01
SELL,0.997,16.31,1730905404,Yes,0xafd96cc2518269d0dcd222102c74898bbe1a53c966dd221bcfa81b4f1ecd6572
SELL,0.997,8.21,1730905402,Yes,0xeb0e29285229294ca87d50c014cee9f4dfa7189092999eb6cafd03061529b75f
SELL,0.0018413618843102853,4428.57,1730905402,No,0xdb9eb3834692729dcc523b5a7baa1e1210af9eff583a14fb0459f8906e566c31
SELL,0.997,364.88,1730905398,Yes,0x4b52eabe6249ac72723cc02d5b79b51425e6ba045c1e7a7c5610fb26670fa359
SELL,0.997,20,1730905396,Yes,0xdfbe11f96a46520b95fc71c0d771cd0bdf60b456ebd76d93c4b441a8915c5e07
BUY,0.998,19.41,1730905390,Yes,0xb65abea5b2b635cf4a6243f39f1af9a6d11baac92c53a76b52d11fd9659135ec
SELL,0.997,10,1730905384,Yes,0x45871fb77b045b8d0bcadda118cd69ed07b9fa1c0917bc82f81222a2f5b312ef
SELL,0.997,8.21,1730905382,Yes,0xd5cac07716e39ac1089fd5e74c8519bb8e5ac891254ae4baf571523dbd023ae3
SELL,0.997,429.04,1730905376,Yes,0x517338636b0790ece00ad83474319afd42d058b84e89f0f1a93e1b3159cf643b
BUY,0.998,5000,1730905372,Yes,0x91b4f820c7c029c23626b0d736cdc08f74b4c79a6d28a33f41034b82aa4d69f9
SELL,0.002,3525.12,1730905370,No,0xfac0d113497f97ee26e89c7f2ee59efceb0439729a28245849023833e212f314
SELL,0.997,7826.2,1730905362,Yes,0xa9d92a27a1112a2e30884811f0b61c5eecd1a0de6d6a9be05e6c0cbedbc59a76
SELL,0.997,8.21,1730905362,Yes,0x7e9b1416bda4879a22a74f43a8608a40997f5347e04e2fc3b95db2ee26a0b0d7
SELL,0.997,328.13,1730905332,Yes,0x509eeea75a0e6be3a9a16108a2705296d7901ea7da75c8720cfd57d900e2d568
SELL,0.997,0.4,1730905330,Yes,0xd911b9bbacfc442b8ab00201377715aebb015e6cb27ac7e12fdd780e8ae939cc
SELL,0.997,21,1730905330,Yes,0xbbb4e56c4396d89428bcf867a3ebff95eb907faacb0d7ad5daf33eca9c978a8c
SELL,0.997,4430.9,1730905330,Yes,0xa5ee6ac04b5038fb903258c0e407fde752e5bb2df64a5fe032f2664c6aa822de
SELL,0.997,8.21,1730905328,Yes,0xd4f7e7084f1ad14c6a628ccbddc7faccfcd1b88d7d30301aa6ef4221c5bf4e21
BUY,0.998,69.09,1730905322,Yes,0x406faed5565bda8612f3b70f6857c31f4eea0adce5fa2e4f68377458bdc0acc3
BUY,0.003,200,1730905316,No,0x31491843066febde1b4dbe56902e7132261f072e3768b4cc54a3a690aafe58fd
SELL,0.997,3.42,1730905304,Yes,0xe17174e25ae0cdb06318d90e4f04d3ebbb84ce7f479739594bad196b593653db
SELL,0.997,94.37,1730905302,Yes,0x961425ac8b550eec9ca2ceca0d3304bf28a4440b2cd816057461d41c6e3fa2ec
BUY,0.9979968634160251,0.28056,1730905300,Yes,0xa98226e8f861aa2c57c0dde7e61b6b678c68c3ef838b548d7823fc476d19f518
SELL,0.997,79.36,1730905298,Yes,0x5fbb7a1327010e8a4c534ee0d9909483b38c7b2690092ca617a13896860a7375
SELL,0.997,80.74,1730905294,Yes,0x38696342a449d072792017c9a83c57497f85f904f57c21d14dc1d67354d7d406
SELL,0.997,1.78,1730905284,Yes,0x3fd2d6d970a29643519c5fd91ab6a586408f3804c6f0ebfb1403c891901eebde
SELL,0.997,149.47,1730905284,Yes,0x10f7e4755c3766d0f6f161a394a14662352e5da521018c8a4d892fd65311cc0c
SELL,0.997,531.13,1730905278,Yes,0xd774320fb8de26d373a97b3bf863c75a876af645dcef3214c3e9ed601ba7f773
BUY,0.0030000000030456853,656.666666,1730905276,No,0x128c42e118cd4f6510b0e69cde21b6192afa95a09998e2272eabf7254a2cb810
SELL,0.997,175.06,1730905274,Yes,0x4cf2a2e20ff0e2951a1012ca54b4192e9b105c3b8641662c0eb7709bcb2e3d17
SELL,0.997,797.91,1730905272,Yes,0xf99120b6434bb6061b7e4e1abb1e5e776f79c69b033b6ec2d1ee243987bf362b
SELL,0.997,44.83,1730905266,Yes,0x467d6ae5c0293bc600ff792106b78e55a6a30caa8fabb2df158aadca8816898d
SELL,0.997,541.85,1730905264,Yes,0x25f3253c8d5cfecdd07ecb3fcec6c262b932ad1710c87b1741cfcd39babc23d2
BUY,0.997997754491018,0.32064,1730905260,Yes,0xf9772827c4af04e9276bb33f6db75ba9a5451892629e8f946b37fecf26d7f315
SELL,0.997,213.83,1730905258,Yes,0xc225cb8b4f2c51e62ecdc4373c4ddad86ccc2e896c3aaf6795211df4ffb190a2
SELL,0.997,16.86,1730905254,Yes,0x07d024371a98d8397f38696754deb39c251045cb0d6df38fabde99043e4d3f5c
SELL,0.997,1.51,1730905244,Yes,0x9b3dc94130d2d21ef09608d2f227c9d94bd42dca6c7234096dfd84bbf9aaa389
BUY,0.9979973386560212,0.3006,1730905244,Yes,0x20bd66b8e9bd429eefe5073844cf0e575adec9536d068f0c390bb2bd2a6cd19c
SELL,0.997,1.78,1730905238,Yes,0xa60bc134f4806580729a8a93a438a3f16c549f82ef4a6faca7080f2defaaef47
SELL,0.997,102.62,1730905238,Yes,0x64dae0932e1ce8803fab1eb38176e9df5cbeef5a3a3b05de077431988266853b
SELL,0.997,151.51,1730905234,Yes,0xae43038155bdbb7cdeb8269f4fc4081784bc7dc733791a01eb61612b29e755a9
SELL,0.997,186.26,1730905230,Yes,0x89c02b42c84359dd1cec98b2ffb98cadd76611683e840ab9bff47e3b26301c47
SELL,0.997,1179.78,1730905230,Yes,0x088b6c1c0f8d34a43116c04f4caea4650f81b8d3a1457bb009314449d6f17cf3
SELL,0.997,14.28,1730905226,Yes,0x7bdb232ecc16464aec0d60b8495b19d493c49a1058efc4466e621d6fe1e406e7
SELL,0.997,104.89,1730905224,Yes,0x15630c874f74e3d9f7c13a7bc4fb4695a58ec876e686247d96b5b2c43bfb88a0
SELL,0.997,8.21,1730905214,Yes,0x069615b219b4662246f91ca13bd07d224432140fd9500270e142c394d1bebebf
BUY,0.998,50.96,1730905210,Yes,0xbb0a56fdc56ec3470cd50168e5aea7da169ff468d2c153b2c6ac62f44290107d
SELL,0.997,5728.91,1730905204,Yes,0x6ee3412c5e7bb20936241a9176d71f6e31c1246b58f367c4591e0faf70e01288
SELL,0.997,17158.6,1730905192,Yes,0xbe75a3f9cf4ddbe2f4e3521e7f1facb72c4754441a1dbbd06015036d6000edf1
SELL,0.997,16069.9,1730905186,Yes,0x1fc413d4ef7a6c2c303080be8138e4377a90b2c981e5200c7217c3637f47b992
SELL,0.997,162.13,1730905182,Yes,0xc499cafedff6cc3b2f0aa1930b864f98f8759a2c53bb4b0d59f9a1e7f5de58e5
SELL,0.997,141.14,1730905178,Yes,0xe09e6486f4d7996fba59b8026af76a9f10ccf5b6b25277d22e18d5cc4818c407
SELL,0.997,8.21,1730905174,Yes,0xbd62d7845809a31dc044badde3e112b3e57705db3ee976f74a2c158479564e3e
SELL,0.997,8.05,1730905170,Yes,0x3dd6e8635533d7eda979ca8077934d9165e7cac76df657eee4236bdeab688cfc
BUY,0.9979999938279716,141.282564,1730905166,Yes,0x7833bee086ee317618b0b3f5e785cc7e30cc716465ee5067b94241a012b5b904
SELL,0.998,101.91,1730905162,Yes,0xef0d09317191c2c8dbb0edd614c608d4b4562652f7c0e7af20dab8889a8e0a79
SELL,0.9976778,100,1730905160,Yes,0x0d04d7e686104042d656cb72fc72c708acb62cc3903bc21b59f9b7669bd65ce3
BUY,0.003000000000859599,1163.333333,1730905158,No,0xe5aa94774883b6cb2acce65d6a80fdc4c53458af0713a06dc8d69d541f91e1c1
SELL,0.997,873.12,1730905156,Yes,0x29afd0e92204299e1557d709b1d3564be466cd4a61c99e78327fa8b4ea3810d9
SELL,0.997,186.49,1730905156,Yes,0xb139f6a8da540693549dbd1b85fa5aaef890d16917ced31c7b30cbc7dfaec794
SELL,0.997,0.29,1730905140,Yes,0x6f344635dacdb5c2d4d1507bfe5f6827ab501198b702c947ff238ffe8148b5fb
BUY,0.0025236048048734006,3974.473333,1730905126,No,0x2b5f102d7a9dcfb4e92cbcd15672d31912d3540f0a4b832a483687b52ff1915f
BUY,0.9988771615980918,218.01,1730905110,Yes,0x321c1245b058b0a3f5baabe2e00d2d94b2eb0d83df2f1744b60515e23be155d4
SELL,0.997,2239.11,1730905110,Yes,0x57119fcc397e58825499e10c78a78da9f9f3b1facbb2f08c68e5b1ce24473a20
SELL,0.997,93.93,1730905108,Yes,0x07d4dc6ce47d2d35545daf134b10cbd059f94ed400302e10c3ab19179cd83357
SELL,0.997,27,1730905104,Yes,0x5368ba0c2fcab7fa7e3867e9c63a78d9e5471f16fbd6ea969f2436f2e9d08d5b
SELL,0.997,1000,1730905104,Yes,0x3b615cfa1e810284f661ab2e3642682bdd458590b7a6a775b7b364b13ef4f3a7
SELL,0.001,0.25,1730905100,No,0xe85d3bb3fb0175cfd5055caafc8fe0af77192c5605272fda1a9c19996745b08f
SELL,0.997,8.12,1730905100,Yes,0xb2b8d46fd059a6ae89360dbe9ba459574c20d7646c41e438155c165e9657ba3d
SELL,0.997,56.71,1730905098,Yes,0x0bc32b2e71f33b80ac3852e0d6bd4d16a7848cefbb8516dfcaeea4a2f193ca4c
SELL,0.9979303970223325,161.2,1730905096,Yes,0x5c955f8e4cb9ff79c5c034669455fa8c55ce50afbe24e17c5508f07e604ef060
SELL,0.998,366.8,1730905088,Yes,0xef559214fc8310aa954b13fcc47d9580377152ad641f88ea7753ef03488ea4f1
SELL,0.002,871.43,1730905088,No,0x6579081ba1678f7860fdc2b374f5470fe1506096d17a190843a6320b6bd29a36
SELL,0.997,186.58,1730905084,Yes,0x490e0812c7461846a581f8a12d79f1a7f675ea4b11645b3cd9c927a57e67fab2
SELL,0.997,206.21,1730905078,Yes,0x99b9faa4223728f8a1f046073c74a2d5b41ff993ad17ade869f0d3380b665499
SELL,0.997,692.06,1730905074,Yes,0x45373886ad1a62b333d8d9f9a4c73450bb29dca331526313bc91ef1c7ea3ef3c
BUY,0.9979999978517115,366.803606,1730905072,Yes,0x7c1660403af135be514b8868bf0cf0eab0848938581c8d0600b5281c7225b294
BUY,0.998,16928.43,1730905070,Yes,0xea871cf7b62f14652b74899ffb436f10ddcc61fbd92c0ca4692ecc18e7997eec
SELL,0.997,673.07,1730905070,Yes,0xc8793484add8b077aa8872a8b8f6ca1153412120162443d8a99d0be266980cac
BUY,0.998,253.637,1730905068,Yes,0xd9d6555e28338c6ca5cccd091916961ac59c06d53bdf6e3c9ae4d47aef7e737a
SELL,0.997,84.17,1730905056,Yes,0x5993a7f848e6fc9906986b6411e510882cf17bc92efca6fcb3b0d18e5ef8284a
SELL,0.997,5.98,1730905056,Yes,0x387dcd59ae3a8df2221f1ae00da0f798524b31957d45383f7d398a6a7378f92d
SELL,0.997,1940.55,1730905056,Yes,0xa49bb27eb32d520e6331b31875ce906d84f14c8319d3eae0a4e2706e526118bb
SELL,0.997,1.19,1730905054,Yes,0x5fa114df783bb45c26a25e251b8722ad266d8f6862e0ff9ba3012d74f3d108bc
BUY,0.003000000001630435,613.333333,1730905054,No,0xa064aab0f6aff7005a37083738434e70269a21baba6148c36590b4a42ffc1e34
SELL,0.997,900.72,1730905042,Yes,0x60fe229b310b1670ad9fc40c14469004803fcaccedc2b482db29084a7e7c6777
BUY,0.998,462.565,1730905040,Yes,0x754df2226284695340d8c56222281f38a2ee3cb2779e96d32ec173cea7045a42
SELL,0.997,3.18,1730905038,Yes,0x4f55a3026b5c390f078525e78a397c6c2a564eca566fbea53dda5ed678bc4612
BUY,0.998,206.713,1730905034,Yes,0x1f780cb3cb6dd7920a2a5d5a80e50f8f3b5bdcc45a5d05b568ca53fc4f078b7a
SELL,0.997,25,1730905032,Yes,0xebd9e6225e9411faf500e6583f98bc65ff7280bb3129eb7e9cda34a95043a5ce
SELL,0.997,49.14,1730905028,Yes,0x7cb51d6f25fa3d830406d17f8a6ec3d649fca5b16c6a758f01f6e170b129978f
SELL,0.997,237.57,1730905016,Yes,0x46c2c5c91fa07ea761c22eec3a21978da6322f361e86578921493328d187af90
SELL,0.997,187.11,1730905012,Yes,0x4606d31faafee602bd4e5ea1b2002476d848f5a82409f455076891ce9e9ee71c
BUY,0.998,294.4185,1730905006,Yes,0xb9613ab17e630891f700d57d04814f27dd9f43a0aa2e91aafe827230398bdbf6
SELL,0.002,90.6,1730904998,No,0x9c38147dc9d6a463bcf92ffdda7734369916062e3d4fbc1d7cba2f1871044982
SELL,0.997,141.28,1730904994,Yes,0x99b7a359d1f608e53af24983574d7ef3770ea7b2be466de778b7373bc1443e90
SELL,0.997,14,1730904992,Yes,0xa61381f8082699303d1abf7d5ed74e33a49c3b1b0c709f2f406e12d02b660e16
SELL,0.997,5,1730904990,Yes,0x170a5529f6e960c95594d302069b56d62e173fb4987c059dd9a79df26885e896
SELL,0.997,702.99,1730904988,Yes,0x7c7a7830bae5ba8f878e5ceb49d90f7d434c5f60da62bbcfdd4aeeb7c0509b96
SELL,0.002,5280,1730904986,No,0x5599822322616a7781a4803c519f103da08a63b523f56f632bb925732bfb47e1
BUY,0.998,108.16,1730904980,Yes,0x44f29e6bc75cf318ea30bd111ff5bf96de0bf39d5d7c0102016bae92364298dc
BUY,0.998,151.9335,1730904976,Yes,0xfb0bb87cdcc157bb2de4d64ae443045035837eeb62330011142a22eba41cbf17
SELL,0.997,193.98,1730904976,Yes,0xad841e5d0858e26032765dee1ef29edd43dbd0a66383cb3095385cd0fe16b2b9
BUY,0.998,141.2825,1730904976,Yes,0x8ee8329fabab2a4c8fefb5da339bd07dd54a4a555550ed31a53549a6a6ad79f3
SELL,0.002,6100.25,1730904976,No,0x7a2d3f26f98ed7ee347dc5cee88015ea7f6b9dd2907e18cf30e5fee625fecfa6
SELL,0.997,471.84,1730904974,Yes,0x7d6d9d664380a7536102ae6825adaec8cb9fdcf7b579e515e2ff68279bf50b6f
SELL,0.997,367.17,1730904970,Yes,0x2af5f1d5a1b64b0d4fca9a5094cfbbdb599f94fbcc042e92b49b342b4ff57cec
SELL,0.997,0.86,1730904966,Yes,0xf48946ef8448b3b7bdee9e1d11c2ed68d7e43dbe9534724e38264c421fbb950b
SELL,0.997,25.04,1730904966,Yes,0x950112ee7ab402ab9ca26edc703e48002366c11bc2604b4d64bb87500a530118
SELL,0.997,158.53,1730904964,Yes,0xe0448a9b5cd861845f419ad2f4f20ead26299f626a504b9514561e33fc674f3e
SELL,0.997,54.19,1730904962,Yes,0x886ab114cc9607c5e74f4f64ad72fac544952ad848bf505460e70a6e34cf7fa0
SELL,0.997,142.28,1730904960,Yes,0xe5180136dc09fafd93ea97639f9a2fd8c52a7c51aa654a681c6e65c2a09754de
BUY,0.998,337.174,1730904960,Yes,0xbdd01d907a4ff9c5b8a740892790b3e9bf57002caaf01802ad0e6834ec6cea07
SELL,0.997,418.64,1730904958,Yes,0xaf4b879c46dd3db101b02cb9e114fc3daa9d9985f8264a2a4ebe46ed5d05fb66
BUY,0.998,5,1730904956,Yes,0x791d98e841ec3b5a2a7ca0ca4c389bb1fc44d18d247b6fe46b2d2712db843f95
SELL,0.997,1.78,1730904954,Yes,0x30178a495f75eeaeb897078e71f52b102d149003e56a957ad0cc6b3878888244
SELL,0.997,1763.18,1730904954,Yes,0x460c42c1f09abd70adb8bd0c550bcd91e3ff207ef381119a424b34efc134aba6
SELL,0.997,410.67,1730904948,Yes,0x7a1f45ad17439e9957a6cfc24b201fee1c0563851402f8410888067b3eef8b39
SELL,0.997,1066.98,1730904946,Yes,0x6129256304970a8f282b023ea52ed55d0df57478f73be84b31f95bd18d975385
SELL,0.997,5990.99,1730904946,Yes,0xd3a8719a1556475c65ddad03ed3b3da8bfbed6dad1b1552177b45b822c40cfaa
SELL,0.997,178.75,1730904936,Yes,0xc13732fcf3a08d2d587bf5510a4a05aa5a4778d1d5f7a0c71ec94f41ab3fdd6d
SELL,0.997,30,1730904918,Yes,0x43cf94e18fc6b3f24b18b27e483c36ad6e7630b758c51dd8086caa559e8c68a3
SELL,0.997,1.53,1730904912,Yes,0x5c47ffebb5056fd4549f49e5e259cec61d3f490d8cabcddb5e2f560a548cc187
SELL,0.997,221.43,1730904904,Yes,0xe9c3a6b9dee7eedef1a3840316c6d47cec02099a87148ae81145a7b621df9cba
SELL,0.997,78.29,1730904904,Yes,0x0cb941f23b3942cd7c8a4a6ba1c64d24bc68c34d4c818b1e22c25ae42bfc6307
SELL,0.997,205.59,1730904902,Yes,0xec377889d95b9020a121fc6ba8fe3e8f2a551901cefc26fd283b6b4083ba7d3a
SELL,0.997,51.51,1730904900,Yes,0x0b86bb7bcf48584f1468a88e42d87021e845c17be281a18462998168ce95b01d
SELL,0.997,10.88,1730904900,Yes,0x7716d9b69cb0471a4269ec1a1f0ed2cc7bd85b60e942374c6f77fdd1323013d7
BUY,0.998,6903.55,1730904898,Yes,0xfccfd8d37fd9c3e7921b0cf88ea69a2155b2e09e0ef51219c9cb08820384d5a6
SELL,0.002,474.44,1730904892,No,0xf7fce29bb58c0553b49f5ae41018fadbcdbaf559e3cdba05ffebe690ea1e237a
SELL,0.997,81.43,1730904890,Yes,0xd8fc8c56a77f0adbe1c4cac238c870ac24f73ab3536072d68ebe97272f34e60b
SELL,0.997,83.75,1730904888,Yes,0x509c1e4b21702e529601027816d4e31b7ec5b7cc4ef75da8dc570695a2eca412
SELL,0.997,77.89,1730904886,Yes,0x0e0f34555d69892b8afa1325657614d5e6c290a8d9663324bee3568969e080fe
SELL,0.997,2804.71,1730904884,Yes,0xcbe7232f656abc8e444da440151f190cdb072cda119957b9ff773ded64cf6009
SELL,0.997,369,1730904874,Yes,0x0e5d6134926b810dd450200487d6a85c977c8f78e89d875570a0d428a6ce4a42
SELL,0.997,182.53,1730904874,Yes,0x6eab95f1183039befd8d7fcb64e76697df523bbfeb6fe945e78de31f59e3ee50
SELL,0.997,20.93,1730904872,Yes,0x80588b687da66260fbdf46b065e75b7bb7b96725f82aa4d551c5735a59bb2817
SELL,0.997,62.9,1730904872,Yes,0xe3217ee8c293d89919c08fa92cf3259046334c65335543b4e70ccd978f1821bf
BUY,0.998,68.56,1730904870,Yes,0xf8306b9212094a2427a5714a2e15e8f4e8a245334e723749ad1a3cba4aecdf85
BUY,0.998,142.2845,1730904868,Yes,0xc381b9880a7dad5b52f31fc7a06fe79da4e58f265d89fba5f5b7c286689656c1
SELL,0.997,34963.1,1730904864,Yes,0x8c88059e4eedfab2cb218744141cd736f1e8e906ed55b1c8f68d24964ae95462
BUY,0.998,67.555,1730904862,Yes,0x5ea59c7677791be4b6067232ff844d350c4301ddcde75258797d727810314166
SELL,0.997,92,1730904858,Yes,0x4c80a9824cbcc9ad4b2917bcac4b6953854edbf9db1c48f2e305a445aa3eaff8
SELL,0.997,177.54,1730904858,Yes,0xcb6fe3736f86fcc9d2ba7ab35aa18a311bfeae346349b50d751a36eac0106342
SELL,0.997,100,1730904856,Yes,0xbd7b57f8b53e5dab7c5b0f48718543fec6b76c8b6604ec28bb1a2ec86d463eaf
SELL,0.997,1.56,1730904850,Yes,0x9dc33bd266d4f7dc9f25c402afc1f299d4d0fbef16b7ab260ab3fd1724d89ae8
SELL,0.997,26376.84,1730904850,Yes,0xdbab155ab0b48715f1802748d8914d7dd52887b64c1b5fded12d01d320ddb40f
SELL,0.997,585.28,1730904840,Yes,0x32f562b9bfaac17b6206fda8faab830564c689fd706d3763a6f147ea8c9e51a5
SELL,0.997,21.41,1730904840,Yes,0xc04dc53b2df3067a0607016dc44326f0dcfcea809a5fea8c6507198932ceb0d6
SELL,0.997,17.82,1730904818,Yes,0x3fc5a9177eb7d5d091cb28b2671bb32a29a1d76b02b5da6e24d8d3f4de2e88dd
BUY,0.0030000000003,16666.666665,1730904816,No,0x9b32c1e91429e2a98caf257a9fcb47c69c479120541d4dba797074221e2c471c
SELL,0.997,5466.53,1730904812,Yes,0x1cdabb39549b928ac08b8e77bc81342c950902ec64760faa63eec56a2654e0fc
SELL,0.997,47.44,1730904804,Yes,0xe070ea8a2eec50e2b1f554c3de7d9878143a322336e6123329ee054e6df7483f
SELL,0.997,13.78,1730904798,Yes,0x39f853b58a9d4c3ca06e26dd6d48fe5671b0a6e61de5cf9ba1e52eb10eebb59d
SELL,0.997,159.43,1730904798,Yes,0x5c83090c8cce672a3d54fdcfa9d2e394e4953b3c3d3e78765212c71f96f54caa
SELL,0.997,1.78,1730904792,Yes,0x75675cbaf3eb7bfeb0f0cd81b124a1d6d9cc98f6ba33be20de2cecb277238c43
SELL,0.997,216.52,1730904792,Yes,0x6310bc5b6aecd2959eabfd34bada1c00918ca660b0a0dd2dc97be511041c1475
SELL,0.997,167.79,1730904786,Yes,0x65608a92aecf60e271234f121947c172f901577623dde35ac12671b27707568f
BUY,0.9979999987838044,555.831662,1730904784,Yes,0xb3e0036825d262d05819e729e3be653acef192fecf6c6b7d61d14b37d2c4f2fb
SELL,0.997,2372.75,1730904784,Yes,0x774d53023b77114ed5d8091c46e379c8812a68246c5c9dfb5dafeae06ab807df
SELL,0.997,14.14,1730904778,Yes,0x3e2597ac4c0334277536aeae7302bfa3df353c6bb6805cdc9f7027a45204624e
BUY,0.9979994586592593,0.661321,1730904778,Yes,0x3a2919fed20c03587e36252383bb5be5573898a8fa21e566e1c79ddfca034dc8
SELL,0.997,181.06,1730904776,Yes,0x8b2f9f19fc4802c66379a74a1ce686d0d67cf1d77c702bfe3c7cd6a9316d1143
SELL,0.997,225.36,1730904776,Yes,0xf92d199f975cc8fd5cd448c979f6d18080592c4ff280011e85702df34df16b98
BUY,0.998,84.28,1730904776,Yes,0x045b8cbd37a2dc08a7d3c461082ade3d4c43688da4927a053488fc1974fb544c
SELL,0.997,220.44,1730904774,Yes,0x2522d4dcdfb82845c3e9c19ced4a36e55bb2203be45d0157b316b7a19e136e69
SELL,0.997,15228.43,1730904770,Yes,0xedd8cff70b7a1bbf0be1cde12c51613c511a463ef34241fd49d63dc7ed661321
SELL,0.997,1.65,1730904762,Yes,0x77e8f595ac28b8148e445881b5517dc735b8bc1ac7d0f2cabb1bdd0c4bd165e0
SELL,0.997,328.16,1730904760,Yes,0x158c2aafe1fe1e4d3147dcc26ddc5715ca4b26a333350f55dc6ebeb913ba8dee
SELL,0.997,1.78,1730904744,Yes,0x88c2c1965e40e9ce40de7883adb740d4ea01cbb8c5a32e8b487061327c6ebd39
SELL,0.002,177.32,1730904744,No,0xdbf1cb7008c12b591cd5e1d6ab92b9466e74b62865fb6cb95dae49dca3331c8f
SELL,0.997,8544.3,1730904744,Yes,0x0e7afb9126d2157bc649ae513f3e3567c1aca4c23b0a8035e8eb6dc99578a7ec
SELL,0.998,132.84,1730904734,Yes,0xf4d0f2521a79ffe955231df090dcbb5b77252bcc649805dc5e0a168bd90e3279
BUY,0.998990998911078,0.100099,1730904728,Yes,0x8f4c2a3cb38f9f22461c6797bf7eb2d7b416fd180b32c5fa099fed1d90ca62c9
SELL,0.998,16.72,1730904726,Yes,0xc359a003c738d811e579381c03e605a452557d9470eada4812acdfb1db91e9de
SELL,0.997,489.51,1730904716,Yes,0xbe3c946ee6c7b1afc5b2535491c2794e620c1c8dbca9b89e3754aa720920f0d0
SELL,0.998,179.3,1730904708,Yes,0xac48d81bf682f1364b803703422c1d04c7dee2021101dfac99eb4cc6430829e9
SELL,0.998,81.14,1730904706,Yes,0x1d32b7271d4b380993e312b9eaf5b38696949f271d673965168ead4a4215be02
SELL,0.998,1442.39,1730904704,Yes,0x4d6cb0b163e0d21498e67f843573a23869c0a601fc3975319c905ac9634355da
BUY,0.998,41.03,1730904700,Yes,0xe5e59240c44ec139ddbc7d1527df8564779fd38175f0c8b71d8e3ac1350b2311
BUY,0.998,100,1730904700,Yes,0x7867755e9798ef5a52bbaf65be8f6683931fbaa3a3828ce89b7c340fdcf64f6c
SELL,0.997,328.24,1730904690,Yes,0x3d2b0a418b34765085bbd600046a4d579c12e3f76d4e094f7b26e7ec910352cc
BUY,0.0030000000004285713,9333.333332,1730904688,No,0xc8e33220d13f11b3b9790e2be65731aa30eb44e9b711f2be2127b3dbcbb9250d
SELL,0.998,677.73,1730904686,Yes,0x213c5efcea66c692009df106e4bd2e4430242066f0b83950c83b7eabf90d40e7
SELL,0.997,1.56,1730904686,Yes,0x89269243b130fdcd16cd5854fb5a9b9344b197af9934e3baf3e496f75eb86850
SELL,0.998,157.67,1730904684,Yes,0x391192328a8d7dfd199171e9c719e6994c3fafef13238f3ffc3d3a8591edd200
BUY,0.998,22.6,1730904680,Yes,0x2e0834381008225df608b7692bc62f8f347315fbcee5c146fb4d1fce35f5b45e
SELL,0.997,321.72,1730904680,Yes,0x68981b35f01475740aa48d2de7583ce6de6e8052d4873bd9f2a95eed461d56e8
BUY,0.998,1800,1730904676,Yes,0x2ba71fde4af36b0538d26453c28068155e8571a5cfd8ec0f52a89ff1895b4211
SELL,0.997,0.49,1730904674,Yes,0xd4be3a07d26b7b6c22ed5d89104f4115cc840957ff3cb10701b4fa1830bc471b
SELL,0.997,34.12,1730904672,Yes,0x9902bd53babd8c3c2f619a4071b4c6f45f671247796a9cb59f1db3bed3ee00ab
SELL,0.997,73,1730904668,Yes,0x024527d956bdc895d54dcbe522cc688b9653133257f1abb6d6dc93b00ccdf901
SELL,0.997,1.8199999999999998,1730904662,Yes,0x5aeea615443cfaf5302a70d5f76a29092fd0431a9d45883635331087831a960f
SELL,0.997,1.72,1730904662,Yes,0x1c0f94bc1fceeb58437d0a7094ba43a312eecfa90658c0dc096d3b2afef992e4
SELL,0.997,254.97,1730904662,Yes,0xe361e02d9e598b66ff0c9cff598f7594aa75b1c5fa595a1892b22c5727e78ce7
SELL,0.998,70.82,1730904660,Yes,0xd002c469bf6192b0b1957c2d6a272be96fb8009b77ee17e59142ba2b1704ea69
SELL,0.001,445,1730904656,No,0xe650c7480dbb30e837dabb03bb902cc7671d1088e617df093d0c94231c2c0c6a
SELL,0.997,54300.13,1730904654,Yes,0x8613aa7e156a98789f3c5e833c921521a4c9ff4e7b61d296b77788e482b6ff34
SELL,0.997,16.72,1730904650,Yes,0x3cd2a70ccfb281d06acdaea3fa17714a9d4f49167d5abfb6b341857279f965ff
SELL,0.997,1.76,1730904650,Yes,0x4cf1e15af9c1ad72b3cdb15da1f003f428d93e195268edca41445efe5d18ac9e
SELL,0.9970745141446062,3677.02,1730904642,Yes,0x102b51b285444fc2cc4865af33287f4c5a9a77353e44822ccceb148884068ba5
SELL,0.998,171.33,1730904636,Yes,0x24e14a95a0b5026b91c0e6967663c359bc2d7192ce58c62451eb89772d013b1f
SELL,0.997,179.93,1730904630,Yes,0x846c1faa617a269ec5ecebf2d8afb26adc1989d85cdb09f224ff41216b522728
SELL,0.997,1.7,1730904628,Yes,0x76cf9b94f82fed25e0cfc3a3c9061c983c3fd6981ceeded4c762a86988cee16a
BUY,0.002530630136220111,4030.616665,1730904614,No,0x000374dd4bcdb80dc56ba9dd0bb2013a6ee032bab3b9a79e1bdb1ccff87d5de8
BUY,0.998999359655688,0.610609,1730904606,Yes,0x8bc1eb58d8cb6d33410ec1292b533dc97fc1c232711b34a516044dc6fa5ee8ee
SELL,0.998,1.5699999999999998,1730904602,Yes,0x3073c8bcbc046384696c5974472fdf791174c85f2b6774dbeded541926e1fb84
SELL,0.997,1.22,1730904590,Yes,0x0516d68945c43da49bfe4dcec87ccf8cfd9961b90b2abf2e77200e6b3c95eb5c
SELL,0.997,3944.81,1730904590,Yes,0x7515c0c00b9e477999b732c51cd603f7a8830b1b7b092c77eda57199f094568e
SELL,0.997,91.47,1730904586,Yes,0x56162f8ef8576f1430244fe2c1b9472a332c652c2c12140b2617b70f33dd808e
SELL,0.997,1.77,1730904582,Yes,0xa4bd7296044e0357302b034320aef9b195ec504bbfcbace2541bf2f89937c4c3
SELL,0.997,161.39,1730904582,Yes,0xb78e3089b757a3a71f033c932aa44a5ce339c56e043b296c11008a1a1fa7aa03
BUY,0.998,7055.88,1730904580,Yes,0x10f0e00570c427ea77ca66a26926ab9dc4903d64ea19ae180587beb32168823a
SELL,0.997,29.17,1730904580,Yes,0x8121b7defb923d3a8a35e886e4f0bb4318c55e4fd25ac712e2fde7add453fc6a
SELL,0.997,50.26,1730904578,Yes,0x7511ce1ada4cb0b6f22406c33bc6a87e1d68d0777a58e1abe7af6341d9179999
SELL,0.997,16.21,1730904570,Yes,0x393f80bc59e751c2354609ff294c807f7abda53a44bc569169f37d120c587d26
BUY,0.997999999015972,1002.004007,1730904564,Yes,0xc9430d1ec1043eef7de8d7c0187aceb92c48bb27bdb3089ed24986c37da6b7d9
SELL,0.997,2222.14,1730904562,Yes,0x66e5078b57a67cc9bf074a704803ed5d3dcb1b82a0cf3b2fc577117ad8d679b8
BUY,0.997999999015972,1002.004007,1730904556,Yes,0xd7e00449f098fc6107683a029440c124addd9a340be14576b68a42cfb749664d
SELL,0.997,183.79,1730904556,Yes,0xfda92fcd57170b9f61dd0cb2354aae7765a541f22911b3e45565234a9392031c
SELL,0.997,10,1730904556,Yes,0x077221895d04ecdfa1df301d9dda14b529e189bb521f2e9e2cbdcd5776514558
SELL,0.997,9200.12,1730904554,Yes,0xd32030b7ef0986d0186bd1a61997767af086d721d10658c0bcc1ca3ab2584660
SELL,0.997,10,1730904552,Yes,0x4e29e3a91e915f53eaaaedcbc9b57e1bf06c17ebafb52d042c554d07eb51daeb
SELL,0.997,33.05,1730904550,Yes,0xd6fd17e4e1f9cf25a8ae97eccbab909cd8ab68a047e1452d794d743ec441ebf4
BUY,0.998,67.45,1730904546,Yes,0x70835a5cfcda213e3d58631cd2e0db51208e62b02f603ae7049f95c1eb1fb2d0
SELL,0.998,720.08,1730904544,Yes,0x5bdc462ae35d9eb2df13b65f1ea720b2b08e9aa89204a5a8a7dfaa86881aeed0
BUY,0.998,402.42,1730904536,Yes,0x93e83da13b82f2eb937d1f4565d2d015517771366552042a2ea3346a9d323b21
BUY,0.998,47444.79,1730904526,Yes,0x877a90d5d02409bc6cc058ff8223d0b00331720bc0ce9dead38c64908775faaa
SELL,0.997,4446.06,1730904514,Yes,0x9f9d5d51bbae4115200dd886d31103f59b6885e2d637aa91837e5c0515f17313
SELL,0.997,388,1730904490,Yes,0xc9c55816b634b651856b2278a0822f40f9bead9e64a6e41727aae0d494e856bb
SELL,0.997,154.55,1730904484,Yes,0x3cd5aa0fb05c9868ae11332a7803c98010046dd7cca959d47e796f36d61bed51
BUY,0.998,1893.43,1730904484,Yes,0xadf11df3a29b2b8120ebe15821a8c8daa1dc1d9ea21836875929210a0d89fcfd
BUY,0.998,50.1,1730904480,Yes,0x36372636b7ee86989a5b0fc6919afd39a4f8a1d5952303cf70a48cc9538ab5a7
SELL,0.997,175.46,1730904478,Yes,0x055a98af1429ead61daf3e245ad31fb5434c75ed587e96967f775e7ea24cc6f6
SELL,0.997,5458.35,1730904478,Yes,0xbbf8acb6decd0ff3f377e1ec7dce2c4f27818c9f305102ba5832689733f42bdb
SELL,0.997,5109.32,1730904466,Yes,0x4e1dbbe6bc167811a88217fdef6d644369617f07a6b964fdb07b1e0b05e45c02
BUY,0.998,0.07,1730904452,Yes,0xb6f0c95403267ddb062c84a7b182db925c0bcc75bd4931c291a72686237e08e0
SELL,0.997,402.03,1730904445,Yes,0xb3192271b89c8afbfde783724dc52385eab803f99527f76d26c328ac2728801f
SELL,0.997,159.23,1730904433,Yes,0x889e6df72ddac0210a28c4ba264f098ad03b0426802cb747fd5a4ab36d10ac93
BUY,0.998,6679.58,1730904425,Yes,0xa7de95caefdd97e4731492261fd1ed88772dff6060ade0439db2981bf3bac020
SELL,0.997,48.54,1730904411,Yes,0x5f88b623bc3ba512b515476499b5ea425698c2609541459e5ed78e28d631edd3
SELL,0.997,1716.6,1730904411,Yes,0x6e62c4c1562b52b69dc59549a0eb13602b11b0ca7523bec60929924a6f5724d1
SELL,0.997,347.89,1730904403,Yes,0x640f2694cf88fb61fb93d64f9e17381a217596757fa7e25518e3082f96244e63
SELL,0.997,185.87,1730904399,Yes,0x9106f175aac456c0f916e6d3662e36f86509901abf355d62f4c8e7603b8df211
SELL,0.997,57.28,1730904395,Yes,0xb3356e4c7e42357b1e5f6f63ca66307b01375df6e132e7608aa488f137c86504
SELL,0.997,10544.05,1730904389,Yes,0xc00fb2b714bcde342841362040831f2fd70d7e29e2a6042c6da00b3d058dbb52
BUY,0.998,0.3205,1730904387,Yes,0x284fc4b23d6fb90f659e9712905787837c0d7f35f989e12b6fd71859a73e82f1
SELL,0.997,3210.85,1730904385,Yes,0xc6e723d844a20e3b16f087a6e910de411ab751d456cd81a721c1ea062e4ecbc7
BUY,0.998,67,1730904383,Yes,0xa390cf74fe6e34bc7ef6ab3f8fc980de9708ca0af71268ddb0df795456d07e20
SELL,0.997,1004.75,1730904381,Yes,0xa3ad3681f3db8042e50f959c1eee65997a256de50a2029eed99e6dcce37f3254
SELL,0.997,2.6,1730904381,Yes,0x813d6d465ca25033eb669d498a654bdd702c403b540ffb44aab991261ed384bc
SELL,0.997,10,1730904379,Yes,0xe334f6cf9168d88ab5ed317b09ae3717502ca8e0be0ea7ad30331bb158d1917f
SELL,0.997,12650.15,1730904377,Yes,0xfd56b81f36eff57488c6a628df8e10aa8937ed01fc074297b27e3e982e0085b4
SELL,0.997,9.84,1730904369,Yes,0x373ca3594d2f515607de6b247b002f90b89a01210265e83d139f4aa2620b7ee8
SELL,0.997,1.56,1730904369,Yes,0x0efae9d332c150a7ea9aacd0df7f913ae96712ceb75de4d8da6a237f1ff324b7
SELL,0.997,1.83,1730904365,Yes,0x6c219ed1637891aaf40b72abd474307d740efc114eb9feb1f7c93dc025d1d7c6
SELL,0.997,1000,1730904361,Yes,0xa7dd2663d302d63f67e34398a8b2d23cf4df08466fdcc89104819902afab7295
SELL,0.997,454.15,1730904349,Yes,0xd37d0a7ca1b5c5f97b4204999a8b999e872a18e02b35cb919dc1398263eea5c5
BUY,0.998,1122.56,1730904349,Yes,0x7fe40b0870f6b147206f65d751170968acdaad08c2bdd5f5edc160daab79929a
SELL,0.997,59.56,1730904341,Yes,0xcc4531b635a33798055b1200003e24b85cf35b5718eb34820be23ce433d400b0
SELL,0.997,1.1400000000000001,1730904339,Yes,0xe6ebf52bf35ad677f96037987ec7eb3072f0c2f655ed0322225c8ff59d1d3b5f
SELL,0.997,173.53,1730904339,Yes,0x91d28950d844715725fa54abbd461b7ffb18fd17bef6fe40d858b088f94de817
SELL,0.997,40.25,1730904339,Yes,0x5dc99b0faf6c58adaec401c179753c14141b527908867fbc2f08cf5629abf352
SELL,0.997,8236.19,1730904335,Yes,0x9a43d208c5b18fa11846c8421d5f100aef0f68660587c9541e59a740b87ed39d
BUY,0.998,59.619,1730904331,Yes,0xca93591a7b4332765fdaf48b5db3a3a2a9652d48378a08e75d5b0d6a56b6a95e
SELL,0.997,82.37,1730904329,Yes,0x15ba8c0f63ebaceaf541151613e62cce943fa706575ab56c0c01ee3d2f86a984
SELL,0.0011160297556656081,124912.01,1730904327,No,0xabd07c6f5585e334913edbae0d6e32785c5512266dabe1fe5e91855226e082b3
SELL,0.002,399.02,1730904327,No,0x2d65d0408f81ad8761d508cdbef10ef6bbb88ac76ed8be6f2457cd8d23f85c6e
SELL,0.997,5450.04,1730904319,Yes,0x9eab74ca3093fac126693c624a5883e50c6c53727fabe7e59591045c7c723b8f
SELL,0.997,182.7,1730904313,Yes,0xc8226fd9748dbb0aea5ecd68cb8e2c03129d7baa39b0f56f92de612a392643f3
SELL,0.997,167.78,1730904311,Yes,0x2e751a6d5b3da7e4803019e99bde03de713ad9f2ceb81b07079034f395114b89
SELL,0.997,3927.1,1730904311,Yes,0x4395822e08536e0a58400dd3ae50dd9f300da11edd3b6c499a928f7bb70e63cd
SELL,0.997,158.57,1730904311,Yes,0xb87756c8c5a6788e7591065083cdb680827d49af11f14a5253ed7a5107d9ad12
SELL,0.997,65.63,1730904305,Yes,0xfb1ee20a509e2f6ecf856aac8cfb2a345c36a4d3974e5db8a5ef84f64d224a7d
SELL,0.997,694.82,1730904299,Yes,0x6f4f85cac334d52eae1af182750e731e4d3361329b4bcb20e635bd3aa66119be
SELL,0.997,2000,1730904295,Yes,0xcc7f3cfb533df08de4fb8333adec5f6b5905e4f8f6ae3f81275b8c0672852ab1
SELL,0.997,158.69,1730904295,Yes,0x37afcf8027952662a14360155a527657da0df3a07d077a790e183460ef251f0b
BUY,0.999,2.002,1730904293,Yes,0x0cfe1f059642cd88cae3138d792edb8b34892e4f59491402eeba87a1a2a030ad
SELL,0.997,544.59,1730904293,Yes,0xcfa98a63795d3f80bc36e6382983a1d76a7f3d46fad5b2d1706e3052f3e73475
SELL,0.997,164.69,1730904285,Yes,0xca77bc2365202ac8a87aeb5b189c3e262f2d1646cf2afb48a71d25f6db11b1fb
SELL,0.997,1,1730904285,Yes,0x0f1063ef8ff4f7c69be3e6a66c6cf4025534b6e1f6bb04593ea498514c24aa14
SELL,0.998,40,1730904277,Yes,0xed439077d784602bd47c156df68acc59474c766c79cac9b37f7a6ccaeb8a5b08
BUY,0.999,1.001,1730904277,Yes,0xa47aab359f9b16b733912bb3b934f19e95ae4c0019d1a2fb5dd5209b7d007d5c
SELL,0.9974863915077566,12936.04,1730904277,Yes,0xa7413381783260da6065a665b3c4d1931adbaeab649a13ca2f9c8c289818ea74
SELL,0.998,96.89,1730904263,Yes,0x6a5ffd2fd922d160b6b6ee1d9e4604da54184d9a57a08d2558c90d322efff97f
BUY,0.998,200,1730904261,Yes,0x9611091ca698c1eeb39579934b8c4685af5f1409366a5cb437eb3b120d082408
SELL,0.9971852979765118,1874.98,1730904259,Yes,0x11e78256bfaf5bb9475829533d4a1fe578c6b58cebd3b97da0db71cebe583524
SELL,0.998,478.46,1730904249,Yes,0x98222d7f568594bf78ac63d660a3d7df77bc505dedf692fcbf400db7fecc8188
BUY,0.999,32.58,1730904247,Yes,0xc70d4f4ee59a32d8d29ddc0fb017a1af2127cb847330d7fdf32f34a7ca63ae7f
SELL,0.998,326.71,1730904245,Yes,0xffe4ebcbd20217868054e244cd90bbe64c79a5cc92a53773a64db357bfabdadf
SELL,0.001,36845,1730904241,No,0xb18e493cc257422f0e4748d0069179dba69bfc1230d5824509187ea3f2440e2f
SELL,0.997,10,1730904237,Yes,0x9b88794429c1dcee067cdee3c5060f6d7543788ce8870af48350689663741779
SELL,0.997,380.99,1730904235,Yes,0x9290959e56c34ec5b2519f129ef54b0f7b62075b2d603066f7b410bbd7cd963c
SELL,0.0014468938767724295,1572.7,1730904229,No,0xbf74d5b17b27c9e4364d4e7b93a31cbdad7de666da3ad399dabe6edc26a37b09
SELL,0.997,10,1730904229,Yes,0xc2fcb8cd57b9fbb9544bab68f9a2f62ff4b667bcfba4c8288bb195697e67f901
BUY,0.998,978.19,1730904221,Yes,0x9b88d9a73a550308425e2cb64e548e0e6cb856fcb1fc5f2ffa67a43a26dd6218
SELL,0.997,1.74,1730904209,Yes,0x5d42a0e62831d85b99698cdeb8c151bef153bd20f702296e7c2495b8c70132c7
BUY,0.002113917325233489,283847.43,1730904207,No,0x4aa26df802c1d10cf2439af648afa2d57ccfd51415fdd1d85a83dd25d05f4455
SELL,0.998,100,1730904193,Yes,0xa6b5e2094fc3733fe727e99dfaecf870690c26cd202ba4a6ab4a76e7c99c4115
SELL,0.998,1857.03,1730904193,Yes,0xbc136267813ae170379bd265cfce52e3d4e3d5530aa952b8555b7947f232a061
BUY,0.999,5.005,1730904191,Yes,0x1eed640611922c4e343b6b29c8a8f626d184562e2015d08ad253cd5160f2d087
SELL,0.998,161.65,1730904187,Yes,0xf95699fe561b8850b210ce3bdbad9058b10e7146e05cc0e902578c165397088e
SELL,0.998,1153.75,1730904187,Yes,0x7c90a4533ed3ea956b4f60a6a84b918d3b93dafe8fb8f462d3891c06eb7ae582
SELL,0.998,3.16,1730904185,Yes,0xe0fba6de6e34cd76f495c6a33db9ef8dcba2c8d137b05d339c60a8385a46867e
SELL,0.998,68.8,1730904181,Yes,0x416cc0f8ecf9fbf0066a1c1e7323a84c697d908e6bb95f6a7e1b0df171b1b623
SELL,0.998,180.18,1730904175,Yes,0x047ef07e1934acb3a2e21dd6ad29a484c957ee2987c76cb9dae7f00b33fe6260
SELL,0.001,14.47,1730904173,No,0xffa84f67412bf5ee28df74b1b0b407cb2e4b9d46249fff794042d8cd4106e6c9
SELL,0.998,167.65,1730904171,Yes,0xe2dd7192f741e05cde89910f7faa1ad3cd9a5c9197482152e17c3c1dc20e8508
BUY,0.999,180.18,1730904169,Yes,0x679e586e25acd43c995ee3223784008ff97ae183ec346a06e2cf96a6fa010a8e
SELL,0.998,1107.74,1730904167,Yes,0x21516a3526eed06f04f859e33a33f6903f16a26810a29d9b8c3867b8be472b11
BUY,0.999,69.8,1730904165,Yes,0xfbe71e2ace38f2f739e9062efbdac4cd50aba12b219884984b8561445884d126
SELL,0.998,180.18,1730904159,Yes,0xc5cd1a5ca3c9379a1e174d6c6f14ea599222e27f051f506da2c859e6a484e737
SELL,0.998,10,1730904157,Yes,0x80b4ea60cea6f79c4d94bdb0da67a69d98e46b76d4a8d04a1d06542605bf30fd
SELL,0.998,744.53,1730904153,Yes,0x03598947fa9fce84265f33c3dd8a792308e8eb89703097f8754110abb49c5959
BUY,0.999,180.18,1730904149,Yes,0x5e7ece1b60cc0195ee54b328d43b1294712b7ed6ad9ff72090314ed10a220677
SELL,0.998,200,1730904147,Yes,0xe672e11f7680d9ed1d806d2bd9eb25c3508abecaaa220c7448ae9367a13b9a81
SELL,0.001,1173.77,1730904145,No,0xcc07d63f28a127e9239656c25e6f88a34fefc3ab7c23f327e2e9c8e802642159
SELL,0.998,180.18,1730904141,Yes,0x9103956d7bba1fa44aee73876a82403f7fdf063cd1f11e5378ed544888a32c68
SELL,0.998,37.24,1730904139,Yes,0x2d4d8891b26e321d534b5c921dbe37d45d6192bda5d709b67c4b7e650c4e7871
SELL,0.998,4553.95,1730904135,Yes,0xabe115ad9834937f6f0f51dd837e6d5ff3de88eb44b92124ac9fd78c6c1aa3f0
BUY,0.999,180.18,1730904135,Yes,0x1bcdae3a9e08ba0ff2a3b5a2bab4239a45cee77dab4ba09a2f8ffc03318e6710
SELL,0.998,114.42,1730904133,Yes,0x57a2bf457612b9e0e97b8fab457b42ebb953abd1d77f6e1816fa565a49b51be0
SELL,0.998,234.56,1730904131,Yes,0x2c9f19e56560c7b60f721e22037c7958fede90f462071876f0276e87af455c0f
SELL,0.998,180.18,1730904127,Yes,0xda78d39024450eeda9105017461a05f7c3193dab603c04d9fdd8b5cf699a8aea
SELL,0.998,17.24,1730904125,Yes,0x00d985aaccb7cc5bbd1b9b8dd8d4413cd157b80da708010e5a87d29762799b9f
BUY,0.999,544.594,1730904117,Yes,0x099e912c0f62a5ee7ae722e26043c1ab3c3b53fa0d846669cd3a9486d8817eb0
SELL,0.998,2.43,1730904117,Yes,0x406f2da7382ec8c20516441d92f702fa5d3ffe7a55e5501591725cfdc3bd88c3
BUY,0.999,1448.568,1730904111,Yes,0x1c02687e87883bd0c6cf6d88b0c47de2b01537df236f5dc9144954129f7f2966
SELL,0.998,300,1730904111,Yes,0x0c63851e77b59dcdd001d0dc7e6e314dd41ebf2f4c984ef4e8cac28f86c9a41e
BUY,0.002,5000,1730904107,No,0x553949732b0c09ea1e064b871811b035cc60edd595bd9c2f880b100ec1985a19
SELL,0.998,992.04,1730904105,Yes,0x38aae830da85148ad754aededbaf5380ddbadf661c818057d7f25dfacf309956
SELL,0.998,348.07,1730904097,Yes,0x47f0eaff40291449da0a67c112332b9d81134fa1c1dc34179f3b28c66f5667a6
SELL,0.998,50.42,1730904093,Yes,0xe1c0fb82f5e4ce3fac5bb7312ab5b270b101f86841bb9fac0a3b7ed486bbb638
SELL,0.998,21.24,1730904091,Yes,0xf9702b64e8cd2d93996f78ad82738a32c79e6df5f3e91bf53a3b193920428fe2
SELL,0.998,14.88,1730904085,Yes,0x44b6b3b6aa72d6633e28834043eef85f22f0d3eba8f59d4b82702c19088f25f5
SELL,0.998,47916.91,1730904081,Yes,0xe6db11bce5a83886ce8ec332213e94571bbe29aea173187d6d9048c23abc5fa2
SELL,0.998,6044.23,1730904079,Yes,0xcea55d822bc7ec40d1ead83f48504501d50d73a3582976a17c545bdbee25ccf6
BUY,0.999,1965.365,1730904077,Yes,0x7e6f3a964088ffbc35b8ab63c42772a5ace26127682701d8f2c4bdd831872e2b
BUY,0.999,180.18,1730904077,Yes,0xf6ed11659dbc40a8f7bbdf388c7d6fba5beaf2d9756bbbdb4f1188e60690df9a
SELL,0.998,637.83,1730904075,Yes,0x5511e79575849b435431d3919077b738bd65e1e4d6579a2ff4841c5cc8f0381b
SELL,0.998,7500,1730904073,Yes,0x472f5d2cadff9473c75b4db5a88c097e466df217c10b9ed8f22beb474e8b8f7a
BUY,0.002,4200,1730904071,No,0x0d36c620d0d7fe9ed31ceaa29c233c9de1cdbffae155f6a33afa7dc216bc597b
SELL,0.998,2930.82,1730904071,Yes,0xea5cb6566f25e2e4951dc5b08c0ef5507ca027504642b3d1316d25e4af537c28
BUY,0.999,0.09,1730904069,Yes,0xe0b9c1f4602265e09ad6d042b0a0ca4508f82cf2d839f0f4ba4fbc3cf015f2b7
SELL,0.998,318.05,1730904069,Yes,0x1716730d7269f37d97aabdb39afd4affeae68e471d53ce6f47fa72b463ee0887
SELL,0.998,180.18,1730904067,Yes,0x456bc63a01ccd2650ab83700e2e9c0bbdeadc736ae62b9599f0ac8a18db7799a
SELL,0.998,41.27,1730904061,Yes,0x281eed1bd170697f62b9041e217d6cc4c33963d7b1f7da01d0a3419a03e9e55a
BUY,0.999,1.001,1730904059,Yes,0x1ce97c999d3206e69093218450e23a53b1265a021cb622cbdc8b0dd8eaffdb32
BUY,0.002,50000,1730904057,No,0x17b305b9163ceb66d7efb3e0525a66a953f70e5177a0040982ce1fbf729af3ca
BUY,0.999,180.18,1730904057,Yes,0xeca1d778c81ace7da445995f01b7d4214b3163b8fd2dfd875626a761532a84f9
SELL,0.998,158.34,1730904057,Yes,0x3946a62d2d5ce39dfb127028f386a3db4bf62cbed5650acf38673b6ac264e2e4
BUY,0.002,5280,1730904051,No,0x5e385fab67442cf583319e6fc59b5cd4caebbaa02130562fc086f8f3ab27ed35
SELL,0.998,100,1730904051,Yes,0x543b1bda6698dc1ba1c47bae16cb89985b397411cd0666f8c50b5ac3c0296cde
SELL,0.998,180.18,1730904047,Yes,0x0df34c6f69de5751f115d15fe850d2dcde8b54ca460c0e579ecfd5b110fed210
BUY,0.999,0.18,1730904043,Yes,0xbfa3f1922a92ef734b6f425f9288a9153c84c799237925064585dac7e1eec7f4
BUY,0.999,180.18,1730904033,Yes,0xf23b3115dd9dbb6b4ff5a16260c2a9627fd5a91dfa0eecb9c2301932af232f46
SELL,0.998,1.58,1730904033,Yes,0xfd0649843c0ac1ff8378551737dda3a89f6a880d44dcf19033bd3288f2ea9ef2
SELL,0.998,10,1730904025,Yes,0xf6f5ea840c2337e14e48c3e1f3d2195321fefd5d099b5b15353355e2486f3f02
SELL,0.998,180.98,1730904023,Yes,0x3f3196441b3102633fae5f4e06588850d8a681d071c4f62cf0682924c8ca2f6e
SELL,0.998,0.66,1730904021,Yes,0x615ce8cf49b40d24f62dfaf1e83e99fd9c53461962bacef0d5c5d3a6c1bab11f
SELL,0.998,32.1,1730904017,Yes,0x5515fae12a2ddb11a2eb2e2261bd3a75b96c70c379bb27210820b1526be55c55
SELL,0.998,2000,1730904015,Yes,0x5f81030ac93b908aed49963012a836fc964630d0280a7a699b03c0fac5bbcf03
BUY,0.999,180.18,1730904013,Yes,0x6bd22046dd93ac828f1a466887ed044d364990995e12e41efbebb6c79fd394eb
SELL,0.998,1500.94,1730904003,Yes,0x4f04ebcbb96f34a802da3ff6291b0ffdfd1df5a09baa99cabaabccd0a99e29a5
BUY,0.999,83.44,1730903999,Yes,0x11eda22601c67cba2a6a3081cd937d62fe54ced90d8a1e8a8555aa1180cb3cbd
SELL,0.998,1140.71,1730903999,Yes,0xab2b889aa1428952c5207d41c8f3adda08f722ade185e3b1f2c55608d7cada87
BUY,0.999,15000,1730903997,Yes,0x53031bef0fbee0b9fce56af2598f3e7492e3bf699a61b8916ea4fc1b854c9249
SELL,0.998,15.84,1730903995,Yes,0xa746ea0ae5cbf2344bc74802a9d8681c1ff1843f8e589f53c0ae70b84f755509
SELL,0.998,200,1730903995,Yes,0xcbe41d8fec072e02888dfcd33e7d72f62bc414b6b427b70128f8312db68acc7c
SELL,0.998,242.17,1730903993,Yes,0x47b52cbef479cddcfc48cbb684b4168b57c8598f8b99cc5b7e887212b2f2409b
BUY,0.999,35,1730903991,Yes,0x2dc8e922e4e7176b60ca9144c228eb520318b31a1c04ed4f5e9f344d1369c3e3
SELL,0.998,74.05,1730903989,Yes,0xf4635f4223cff5ce34c33bc43dca10470c9ddc864dcc520d29241488e65da838
SELL,0.998,200,1730903981,Yes,0x3bc51e0168ac7487a95c93dc5fb8ef9a3b272d5bcdfb7fe3896b85866d598d88
BUY,0.999,41180,1730903977,Yes,0x5b90ea1a53da8d926517af49125a87ca84c102fbca755e21651e17e4ad9819f5
SELL,0.998,970.66,1730903973,Yes,0x8fb26364c7a5cd1e5166964e1f231f85aab3158883a27e8457665ffdc974b795
SELL,0.998,81.69,1730903973,Yes,0x9b770d87b735435bf710f89384b2c643179f179801c01beb227d7792e902497a
SELL,0.998,1091.32,1730903969,Yes,0xfdd64b440d1abfb59a77d6bee2379eebe92a00ca7448ffffc93241ce324a1c96
SELL,0.998,145.14,1730903969,Yes,0x8fe5dd3868e9a762a93a3b33866354a322778fd5c65e2c36a65541fddae9abd6
SELL,0.998,36790.21,1730903967,Yes,0xed5a6989154a33321d8eab377a63e7ba5b9046ac2669913598836ee95b7259d0
SELL,0.998,9.17,1730903967,Yes,0x0e9dfe81545a465afe7c9068684ea1604783753fb52a4a18fbbdcb04be20ccfb
BUY,0.9989999941024551,145.145144,1730903961,Yes,0xaab08f9a1000c023d9140facd5caaf208ee1468c8127a01f27527a417ba9f437
SELL,0.998,5,1730903959,Yes,0x8583e1cb9b86820834372fe13af50a3b24c18744d9092ae43deda98beaf041ff
SELL,0.998,200,1730903957,Yes,0xc3561b00cbd5bcde04bfed7f2f4d8cd3610e3f97cc3aaa12ea11a83ea78aa8d3
SELL,0.998,12.96,1730903955,Yes,0x6d7c86a16c7230cd8ca2e84c2939a649e4f3bc0b558b15936b7685410122d356
SELL,0.998,190.19,1730903953,Yes,0xd9411e4cbcd79fc5c475b57dbbd94a0001aba7dde1339f0dfb2689afd59715e1
SELL,0.998,102.88,1730903953,Yes,0xdd21e5a4b75472c16d7d25f85ae604af50af15b1d4fe76276f3d70e8f409a307
SELL,0.998,6233.92,1730903947,Yes,0xdf26dbf43792a27682d7cae4de8b12c9b0f0afe99ea84abab58e701a4536197c
BUY,0.9989999957358473,190.190189,1730903945,Yes,0xde29af4a078208bad579adb8fe3f55be2c7bbc828d85748bb78a38f486556ac4
SELL,0.998,275.13,1730903943,Yes,0xdb901fe4e48fcc318fc13fe8117e12288f6ad82e6c0e5d2b2807d9146d932577
SELL,0.998,1888.1,1730903943,Yes,0x41e02dc355b3d1995ed24b5a26d32f0266174776c132f173efe89531b7ef01f5
SELL,0.998,62.82,1730903941,Yes,0xf293fa5174c7e0665075e9691560c26273a75eba2860c113cd95ca080d86b755
SELL,0.998,200,1730903937,Yes,0x8ae3cc1e0b943100c34b780869138243a6b8f8b7b9dd34297dc22db5f171fd21
SELL,0.998,505.9,1730903937,Yes,0x33c12160256d9476fe2f00047bdb19c55d2516826a823e53884970160273fd9e
SELL,0.998,190.19,1730903929,Yes,0x4b736dc5a85b263cad570daa2a2f60ab67283a69fa66b41b03bb45ce69a997b3
BUY,0.9989999957358473,190.190189,1730903923,Yes,0x074efebd30c38a3795ebc08ccf514ea596bff38b5fa312428ba37291da3619d4
SELL,0.998,99,1730903923,Yes,0x01e1df980af5125f90b57b3952ae897a77d9ee57826fb9faa8935b4db11f58c2
SELL,0.998,1236.68,1730903919,Yes,0xa7a348e88d694f17c111c822f476f337c0dad8edfb5b324e22b1e4ea661a4624
SELL,0.998,190.19,1730903913,Yes,0x2a1f47a0a3909551f471c6a8f0330964fc2138baf1ce7f85668c94e81b883982
BUY,0.9989951166193608,0.170169,1730903909,Yes,0x2c9c2ac9c46280565fc1308571d35213d0be1fa5c9f35c877a68edb80bac0995
SELL,0.001,4267.13,1730903903,No,0xa6f18a85929a6d2266b0dd17815b7fb4095d3882caf25e194809afedd24f4a6e
BUY,0.9989999957358473,190.190189,1730903903,Yes,0x86634fb798b3066962e1d1576e867b58ca7baec0974f63af4f1dd2217e7ae7bf
SELL,0.998,200,1730903901,Yes,0xa555ce15e892e16f2cce299b9a9ae935221f6ffa87c32e68e63c7e0d70a51710
SELL,0.998,429.29,1730903899,Yes,0xcdd24caf71e2882d2d25d9aa8205610f42d00f64643f474970e5d22a510ea548
SELL,0.998,1745,1730903897,Yes,0x7fd5d4431942ca2e5eb686fe6e189aaf72c555b48f75ae13f6831ca15bc8e467
SELL,0.998,180.18,1730903893,Yes,0x10c054a3bc73274cad1473b6b2d9fd1c841ec9c05abfa65d92c613c1124e9cc5
SELL,0.998,1.6800000000000002,1730903887,Yes,0x737a29a01d7a5be859e082a7a8e955e4950d62fdb7112715635152c0341fce27
SELL,0.998,20,1730903885,Yes,0x8d07464be176e6dfcb7c0814cd63a3b049320c18a668c6f8ea90fbdef1e8172d
SELL,0.998,229.61,1730903885,Yes,0x62d47e5b16d75a8af31fe7fe38090116594f454adab7945ea28e8329a6438798
SELL,0.998,177.11,1730903885,Yes,0x89598925a49e6ac697de210b8bcc268d70ebc617ec1bf489e67b34bd6d2ff9a6
SELL,0.998,176.46,1730903885,Yes,0xab1453b5ec58b033620cd5dcfed48b7149d4452b4cd0a09f48265c67414a9cf4
SELL,0.001,30452.53,1730903881,No,0xce1629a4af31289598716c5d8b8f69cbf681d0563e75f55073ed03f20c6a9c74
BUY,0.99899999544345,180.180179,1730903881,Yes,0x25bd72071a926cf9915983ef4f134594c7c5f300cfd60c7e2214f713457971b8
BUY,0.9989999814901591,45.165164,1730903877,Yes,0x849996deda91eaf52e7af893ab8b7f32a8fbf7d2535169ee11899a5136cf662e
SELL,0.998,1692.03,1730903877,Yes,0x266df5107bc14e659495dc78fa6318d8ab1bb9f130c9bd935e13429469bc41ff
SELL,0.998,20,1730903871,Yes,0x8c757a8beff0270e2a7c49f7c7e279a9ce6332d62d592a7d6c2252ac2504012f
SELL,0.998,1367.98,1730903869,Yes,0x4b816194e0319508fb64f0031b0c3c395b0fe345a082806b72314369637a6ea7
SELL,0.998,180.18,1730903857,Yes,0xb1e39e445486af01d0ea330fa8fb82006383c66dec087f9ced1c8a9e2d8ff39c
SELL,0.998,100,1730903857,Yes,0x23e23eba986cb5e48ab24b0252bf301363edf2513baf35fb4ea511a3203075e6
BUY,0.9989999509990475,20.020019,1730903853,Yes,0xbb17431e7c019147f8c73f2688806ec249c6a0bf387c8f1e55a566bcc2616239
SELL,0.998,825.37,1730903853,Yes,0x686d5a5557ef38f876d2ce3adc2b6f50b1f9e997db28a1c555e3add55cf3c235
BUY,0.999,180.18,1730903847,Yes,0x3f403a1d4c08e9d97d142fac280b64ec03b51a32858f9978ad33f2ca55e6589a
SELL,0.998,500,1730903843,Yes,0x840d948017f64cd352ca51704326cb0c3b1985ee87823d863335ef4b19402fdf
BUY,0.999,215860,1730903841,Yes,0x0cbc3341dbec6f9ceefc1074af6cdd641f31cc0d392b15486f3c9348adb96ed7
SELL,0.998,180.18,1730903839,Yes,0xe9cc4744f25b2846b2c2ebf6aa439eec3f00d8cc80150f3be8219330a51f9776
SELL,0.998,15,1730903839,Yes,0xa8ef04f59ff1512963b28cc51845dd0c78cda06a09014a50a782ed9ef8dcbe04
SELL,0.998,1428.98,1730903837,Yes,0xc5774e02cc786b28f80bd507a086f375d94883927d873ba9eac432c02db65544
BUY,0.99899999544345,180.180179,1730903831,Yes,0xd41e4c4ebf3dbc18b75d69a2ef47945f7715880a6c19507a16aea5924f57b7fc
SELL,0.998,145.14,1730903829,Yes,0x760feb66198d528bc79be9a3ecaafc5c071dcfc93452c1300c11c23afc49c913
SELL,0.998,3857.55,1730903829,Yes,0xb7e0889a09f738d52d04335e0690d10099ab08352d7553e7cde0800d81ecec3e
SELL,0.998,980.08,1730903827,Yes,0x3367057757dde6dc40e5940b307f1f5acf5b1ff0ffaf47e105b07a0bdb9f680c
SELL,0.998,3.41,1730903819,Yes,0xb48848ec90558b7c26b55eb66de7368122c6e35152169d884952b873f641a2c7
BUY,0.999,571,1730903819,Yes,0x588bf289154c92cfa1d308ed1e87fc758d26d8e01c55c68516d65140d808c29a
SELL,0.998,224.99,1730903819,Yes,0x5a1b6add8f905d67bdb13f8d33e6e6ae8d4130a0fb636a5e975ed5bc406646a9
BUY,0.9989999941024551,145.145144,1730903817,Yes,0xe2640b802cadfc49ef2f70b7a6a00f33babc182e439bc267aaebafc7c4f08ed1
SELL,0.998,45.51,1730903807,Yes,0x4427a0918401443302d347f4db9db6cee60ea7a0b8f95e41cdaed6d53bef2ae1
BUY,0.999,100000,1730903807,Yes,0xa07199011625b30293c5febad0bf109b77fe92e2cc69e61e0ee0dc3e5c7c246b
SELL,0.998,2006.2,1730903801,Yes,0xcfa03f77c0b1cf2c324288a8c21939b582df49d6d9b69eb576a184546f231829
SELL,0.998,9,1730903801,Yes,0x72db9e0a8f144434d09462b9b7311f81324c6d29f9ad9738cf1275c676b82321
BUY,0.9989999988206819,280.670669,1730903799,Yes,0x065646e006fc245679103e07454d1fd4273715075acdfd46c8c61f043411517e
SELL,0.998,343.95,1730903799,Yes,0x436266ec5129286d61833f7843bff11e13cf0d4531ed27b4a744e504473a5cc0
SELL,0.998,0.51,1730903797,Yes,0xd8917a23c166a634efce37538655cdbffdc46541875bc86481cd55e30c6e2ffd
SELL,0.998,187.39,1730903795,Yes,0xca6362831a756d4be09010537eabc894d60baa1861fce7897ed5d0ab4f560181
SELL,0.998,1607.38,1730903783,Yes,0x75c0c374f68bc4603ef25ea4502587ecbc63adb74909fd4a8ddd80a90922803e
SELL,0.998,64.65,1730903783,Yes,0x38e846c759d2a22ce833399e50dcb973c98fe5f328f105d82d2269283f47e7fb
SELL,0.998,163.66,1730903779,Yes,0x373a3cda1e091f32db0553035bebd003818f8cb02798f2d032e8f7d124d594a3
BUY,0.002,36845,1730903779,No,0x7f3f4a400efd682e83d17d7434471b699c2ac5e94498cce4af2dc3be13523a40
BUY,0.9990000000909008,22.002002,1730903775,Yes,0x4a1e852e072e2a3560b3e331c749e5574d0ccb921da147fbcc6ece2da94db2dc
SELL,0.998,0.86,1730903769,Yes,0xe61a2169eeff9b284c2a799b576f0f0171fa87b38b376f6e38690b1a4d8eb3fb
SELL,0.998,910.47,1730903767,Yes,0x84c3c2ea02332a59c7a88f03556d738bd1f2d2fbafb8fa0beb5361dc08b50150
SELL,0.998,146.14,1730903761,Yes,0x00c8bdda4a4d7687ded06ea4b01318fd2f89277f8cbb0b96a961aa203c2f8464
SELL,0.998,182.29,1730903761,Yes,0x5adba2d9502e12453b94fc6b7db778d3deed18f24107e96db9c75d162e72db2b
BUY,0.9989999941496918,146.146145,1730903753,Yes,0x4c3d46e40287182c26b7c77ec983ebd660393a846fb3eb401e2955c20958be77
SELL,0.997,180.18,1730903731,Yes,0x1c16131376848012089437fe203187cfbcad73c9c69a5a2d5bd81f542738d64a
SELL,0.997,108.95,1730903729,Yes,0x89693ddcd095c5a50177512dd635e3741708503fd9c35e45f714ced9d085be14
BUY,0.99899999544345,180.180179,1730903725,Yes,0x789d5cb349aa0a77b157ba20ff71462efb5ca6183279b0af67f699765185ff50
SELL,0.997,2075.14,1730903725,Yes,0x2b46e0b366a285a96751ff0a9794473fe801768fecf73d58d3184a8a61a44457
SELL,0.997,10.57,1730903719,Yes,0xe62a24eda9589edd6022b3be2d4fb09ec6d1dbfb6ddd97f1c3549ae295d7d4c9
SELL,0.997,394.87,1730903715,Yes,0x8f978b3de5c7a829e809587fc465162bbdd8648e73ad4f72606b073e80e3280b
SELL,0.002,8194.48,1730903711,No,0xf6b5d44aaafde6753bd6d703788940e0a85598e7685d67e272159b3782327075
SELL,0.997,13354.58,1730903707,Yes,0xeb696ca1259a67af11997260b55163a39086751790f0d7334ed973664fbf6162
SELL,0.997,100,1730903701,Yes,0xc18a56dcdaccec0800ef36f22a23c2d1e48841450e2450d4e1a288e55fbe5831
BUY,0.998,184813.48,1730903697,Yes,0xdfd59013235418c68143ef0a8c3117596ed15d9267269193809465e69214ff98
BUY,0.0030000000002612104,7656.666666,1730903695,No,0xd6f693e5c77f251d3052d574a39e5d44869358436ff05e1c343e098fe225593a
SELL,0.997,79.68,1730903693,Yes,0xdfb437c9ee79b45267941452b9b5097c1545002a42390bb396d22cf39d2bba3e
SELL,0.997,326.46,1730903691,Yes,0x406356ce6954c3785c1f6fac9eeeda5e143cf54ce112fe63a7e152f1b05f1088
SELL,0.997,180.36,1730903691,Yes,0x27469220b9deba3ea0b7abee86410f4292f0a6592a33188f04e1b41ef8c9dc10
BUY,0.998,180.3605,1730903685,Yes,0x8cc6f09ed6c75bf6df1ef115d290f3df6cae70c1852d24b96cf72c1f2712f874
BUY,0.998,61.56,1730903683,Yes,0x728ceae7b6a9ad5f22f5076dbdade225087b9bdb71a3c70b007d459db84601c7
SELL,0.997,180.36,1730903677,Yes,0x3867e797a891831e2bb26d8f70ab2be0d88d8a7318c8dcc5f46d775dcba2e00d
BUY,0.998,41.072,1730903675,Yes,0x653383883452d019a3900257192dcfe7f3bacac6a1b744ec0a1cb9af0cc4c362
SELL,0.997,119.7,1730903671,Yes,0x5202b72c38a6fbafddeaff072514c78508cbe504f14e98403ed8a35ee7bb8c09
SELL,0.997,1.75,1730903671,Yes,0x8d07fd945b9ad0be542e3a5a79330de224b2ce19ebf5df7e4ddd0c9b11c2ac1c
SELL,0.997,180.79,1730903671,Yes,0x8d2c5cf6ff9e0519008a5dab00933ff5a69cfa8c67e994388ef6e1781ffb9db4
SELL,0.997,50.96,1730903665,Yes,0xf61502eebdb97146e3e3412a15796835b24eea781083987a7a0bf1616b8c46d3
SELL,0.997,4.13,1730903657,Yes,0xc4bdcb4ce4bc8a3b8c934d28a58a766a07e89bfe65cbe84df82c0d6b2d1cc2dc
BUY,0.998,180.3605,1730903647,Yes,0x21e441233ab68641ebb6174f14cc0c46ae30d630e43c2e12ffcccb5213ecd270
SELL,0.997,131.32,1730903643,Yes,0x3a7ca7338b6047432c8a0de55d4a780842f824633f155b9789efe0fc938dad85
BUY,0.9979989920109382,0.200399,1730903639,Yes,0x62349652f71db2f9ba429eb7b75ede0242648efd11042295939d86166308283a
SELL,0.997,10.24,1730903633,Yes,0xcbd49b43f6393b807190abff327312bf57d18190055c01e7e2586f0e3c62eece
SELL,0.002,153.84,1730903629,No,0xfe459fda0f51f23da0eb3b5b6350c7acb1c13cc70c3ae129f60c33f10cdd8ff0
SELL,0.997,181.08,1730903627,Yes,0x7a6def9e87ad273b89b9b910e4eb3ac66a1e905fb2d00a10abeed7fdda15871b
BUY,0.998,267.4945,1730903619,Yes,0x282a76cbc89103e03507c2c12bab87cc440412b843700186d3a66ad5b14888aa
SELL,0.997,1.78,1730903619,Yes,0xf3b3637d2554f86fe449ad8a6b734078bc9235fb5f0590759c085db32fb73964
SELL,0.997,80.48,1730903617,Yes,0x73d0010ccf8fee60099ffb4103fa02f24fcaa3dbd1c00e65877e36cff207e57b
SELL,0.997,189.88,1730903615,Yes,0xb84a29548be39a33664daca6bb01544bd11f947e2fe5990e8a599d0e33e309bc
SELL,0.997,1.78,1730903615,Yes,0xb23b19f1ea66a4f60d4a469508dd3016a451eb62bd0c868d7bfc81259ef1b874
SELL,0.997,172.06,1730903615,Yes,0x25ff8b150f4a4e2a1594622ba4139bcf14e669683f329b4c8491c58b2ad663db
BUY,0.998,180.3605,1730903607,Yes,0x117a105c661852e6d141026430624e9023ea655d9c9863644205a9be7bc1df98
BUY,0.998,338.93,1730903605,Yes,0x1a0f2539e5a6749f2360d377df4c2bb9f78193e3e9b5610d0af5e6a5c81d0534
SELL,0.997,207.91,1730903603,Yes,0xe5d61ab919b71fc47a6f8e0867ef43c8f5f70aae0a0b5f18ca64af328f5b6210
SELL,0.997,63.27,1730903599,Yes,0x22e24b0a140d2095c675812d6bbb45ebb6853e62cfe1b199e20a8f65c85142d4
SELL,0.997,180,1730903599,Yes,0xc6e12882b8a92083c10cf49f9fe34fe5e77a04234fb2caaa798cf87d8ced3574
SELL,0.997,15.08,1730903595,Yes,0x83f71a1842c8162bfbd7ea76c078fde26c7b6ec751a2d58508b2b0b48ec5bf3e
BUY,0.998,180.3605,1730903591,Yes,0xf66deb0a7121047a9dc3c70d2f2439e2d2c815c4d1f8c6dec7cc924de52c917d
SELL,0.997,10,1730903591,Yes,0xd569f3d170871c8c0e08ae1aeed8a32a143d9c944c433ff863f0c54c76248fb9
BUY,0.998,49.8895,1730903587,Yes,0xd0f4f49ca49ed0ab6540bfd4374487b9ce2b8e07a276c8f55121e02f6b9b3153
SELL,0.997,206.65,1730903585,Yes,0x00188847397dc3099b61d6286ede063a7a59ef99d6af14ba3df34d230f125ab5
SELL,0.997,517.47,1730903585,Yes,0x357e446876ae1d330c13d370e042367dca59ec3137e78c744c7caa119d3a75c9
SELL,0.997,180,1730903583,Yes,0x0fdb39818aee546b6ec5f75584118d679e70079637ef5da33767964ebc4d3cd8
SELL,0.997,1.8199999999999998,1730903581,Yes,0xc6d559502fd00a58cdc70fd6222af7cf297d7a82211a1a016300ddbedec08a6a
SELL,0.997,1591.7,1730903579,Yes,0x12069e64480ba5e2b1e16a1851292184fa2f33b7e55d964a9fb2a956f8c0bd89
SELL,0.997,0.36,1730903573,Yes,0xee0d1f11dcb5c43df8d9c3d8cd68f3bac6a91d3b70891c12bd045a300f57b597
BUY,0.998,180.3605,1730903563,Yes,0x06219df7cdd15f4dd720cd5d328691e1dad7d4baaaf033f9c6acd01cf762b3d4
SELL,0.997,16.9,1730903557,Yes,0x295d9cbbabe7cf49b04429ad73e2d82a5a62fcdf71ba9b7b5a570d558a13db21
SELL,0.997,181.08,1730903553,Yes,0xda72dd2b5602ccaf89ec184f2fb4b570c44028727aea5b6aa52563208ab1d046
SELL,0.997,1000,1730903551,Yes,0xb10c19fd8d4651bf93273e922a8238fc576f1b2b0caca8323eb243ad2a477299
SELL,0.002,5000,1730903547,No,0x812d62916454f667c0c72a5d8320cd621836f1f8ce566eaceaf9f2cca2ca07a0
SELL,0.997,8.53,1730903539,Yes,0x7f740a17f1854b767b752a4acf093c78b0cba0e4d6cba837156e3032e050e31b
SELL,0.997,115.36,1730903535,Yes,0x04907fd319dbbbe59a2e5c18b86841a48e14c2e4b8c682ed78e6868c0b91e220
SELL,0.997,167.22,1730903533,Yes,0x2fdcbd109cd1211d482f385bf8b4eee0002b6c9672437c96e557320c769e6991
SELL,0.997,110.29,1730903531,Yes,0xe43a5ffdd93e3c29b1d97b16c3613441f1c782244512de6c616ab9ab41e81e22
BUY,0.998,55.2,1730903531,Yes,0x07a43220734c77783e7ba60e2173209a3c96dc03c339dcad099337ab7cd8c4ab
SELL,0.997,77.72,1730903527,Yes,0x5a7bf4069cd37bc8056c1c5b5488e9f26e9ce908bc22fd0ed1e8e549cd705b3a
BUY,0.998,180.3605,1730903521,Yes,0x629d2b8709dbaa84b5a9024c7f6e598cdc72d5a5c57ccb94adaba4db22ddd722
BUY,0.998,189,1730903517,Yes,0xadb1648a16c94e04d7f28a716f40c289038f22668f8217d62cde1683ac359ccb
BUY,0.9979977420018837,0.160319,1730903517,Yes,0x56b1921c37e51dd926eef0d523859f15aed67cdc0bc7512801af9a446a98b054
BUY,0.998,10.02,1730903513,Yes,0xcb8c0de2f5252bcdd291d8978190d69628ae6ed315e22e2b1bbb584fd103288a
SELL,0.997,180,1730903511,Yes,0x56c7f27cb34a09666fa08457afc239d09cbedf00cba40a63cd2eae124e5cad91
SELL,0.997,260.88,1730903511,Yes,0x6b3f381c4e7da1108c31e718169424280b82b65df46bf9142726bd7902c9ccf8
BUY,0.998,683.54,1730903501,Yes,0x3432053bab5a2429567a6ea98a4349b52b6f026de13cc8737589156ee305d2be
BUY,0.998,180.3605,1730903501,Yes,0x04abe817d3b9dec78e96ac151baaad78ebdbcae1ceb15eb6d881154dd49e8bf3
SELL,0.997,39.28,1730903499,Yes,0x1255516bc47bf666329d4dcc0d15dc3df9a232dea06dd6811273d2dbe30789c6
SELL,0.997,50,1730903493,Yes,0x9c58b53c437b901773270d3661f864cea099e2e742c383ce03b1562b03d06858
SELL,0.997,180,1730903493,Yes,0x8f3ae4cf95af382883b15f5b0df1b97a225d4d18ddcf11d53c2552c8c3b1929b
SELL,0.997,151.08,1730903491,Yes,0x21284a7b7a032868601bbbf9598e7d700fa3819d6d5b33ef964103a369b1186b
BUY,0.9979981096519294,0.170339,1730903491,Yes,0x4b01a3c637b570c2a0913980381d6cfe7cffc310184a5f494075640c463ed569
SELL,0.997,1272.81,1730903487,Yes,0x35a52d1994580fea3a497a6f452f1c66645903cb1e457c12bc57107792434e33
SELL,0.997,18.31,1730903485,Yes,0x5144af026405a8c2091ed31c3e4ada244ebf905cd734f97bf1c2d0ae91c9891a
BUY,0.998,180.3605,1730903485,Yes,0xd62a8cf6f485982455cac0986397e24ddd4c2b04cdedddbf344985180fb2eebd
SELL,0.997,6017.9,1730903485,Yes,0x017d0ccb4dc3ee7667b3af7dfe9566197db99cd2af732fe859f95a7ed052dea1
SELL,0.997,234.21,1730903485,Yes,0xbb24be5fe298e464341b492d4904eac5c0e0f17403908801cfa8abb86693ac38
SELL,0.997,16.33,1730903483,Yes,0x2beb95d917f6789329f848574abd7a8da4408c9d6e12cfc7f50b8639f83c24d8
SELL,0.997,91.35,1730903481,Yes,0x1497447dc0b564ad49aae1f1ea859bad9c49c0b965c536737e3447c38ff0d0dc
BUY,0.003,2000,1730903481,No,0x724d547317a75910d4bf7a41008f7dd056a68cf63bd2420c31d0acbcaf69612a
SELL,0.997,322.06,1730903477,Yes,0x18006e30e97d8f62a3b8e7cd2a1fc80c2b7bc616e37a341325746697407338ce
SELL,0.997,190.75,1730903473,Yes,0x82a2615732c243280a4b351f336a81119fbfb9c106a949e489188a2cb97d1d3b
SELL,0.997,3.92,1730903471,Yes,0x92d3812dc0a12e413689c762b30f7999a2899ec6997490d38df4c1797781f6e1
SELL,0.997,172.34,1730903471,Yes,0xa28d14584a8c3bfc7987c96ab9c36fd30bfb2c2d439bade2370e39fa79ca99a4
BUY,0.998,100271.45,1730903459,Yes,0x6dd53b8fce6c8e3a93627eccfff030a04cc240726afbeab6d41defc0e42ade39
SELL,0.997,7843.96,1730903457,Yes,0x6bd4aff89e7cb5116684ef713d8f1fbd3e9a1e44192737b0094c4d1c832e2918
SELL,0.997,1667.05,1730903455,Yes,0xba3df2500dce45ffaae07bd07084b1c061c760cdc42d8479885e15a9aae226c7
SELL,0.002,2000,1730903455,No,0xc3cec987777da0a78368c7398927e55b9a624fc0cfb0a18beafc83b73b9a87f9
SELL,0.997,8.29,1730903453,Yes,0x3cdc6ac61c1cf9ae3aa9bb4ec764e2f4630af30dae2d431758ceec95fb68ebe7
SELL,0.997,43.46,1730903451,Yes,0x39c76d5665a477488ddc7727ec8987b32203c1d0f9d9e91d0f36b59c98eb6bc0
SELL,0.997,500,1730903445,Yes,0x6c90a247be17011a370503b058b765600cc544e53638460520de587941e48b60
BUY,0.998,50.27,1730903437,Yes,0x73fe8b08e723e8dd69c3039909c29d65cf9a60e21ad1322d34fbeb6665c151fc
SELL,0.997,3923.93,1730903429,Yes,0x56216788cd3e83f79e96550e6ff6f07fe35584240519d9413223baabe3d2bd35
SELL,0.997,69.44,1730903421,Yes,0xbcfc743bd16afe6fc491323c9bbc4ff79ca5c5bec933cc76b1c985c45b4a777f
SELL,0.997,162.11,1730903419,Yes,0x940af233baead3d6ed22249234e84b62debfb21617004953fb4b7cf88c17c165
SELL,0.997,4776.95,1730903417,Yes,0x29d0b629a1c39f16fa4d0841f41aab5b6ae678e960eb8070232dbb8979decb47
SELL,0.997,29.48,1730903417,Yes,0xfee7589f2cc02e22c3c738a29480ea8c5b0efd4763768c39981fbf6137c326e7
SELL,0.997,442.16,1730903415,Yes,0x7fe90f28c02f193c1598b9864fc5514472020933c5a8aa3a48a17fe6169821c9
SELL,0.997,200.53,1730903415,Yes,0x7305919e8a592af0807d4adadcafe05ce3ebc63d45bf1dd18a9dfda373e39021
SELL,0.002,13110,1730903413,No,0x6c52195954af0e15662bfc09a209904a68b493fa9c834f2bb520247a6666cffc
SELL,0.997,1.78,1730903411,Yes,0x58e69b20c0500699d8a8cdd39f7f2e15467a9ce7750dea411272f00fd9e8983e
BUY,0.998,30,1730903411,Yes,0xb6b6322a7d47b4828ec0b29a35543a6241e7d2c1f3813a2c35b33c600acf6466
SELL,0.997,35.96,1730903409,Yes,0xbd4389371efc394833e21cc8b5367044cfecd30d1599dff3687ae24a62c9b081
SELL,0.997,1012.73,1730903403,Yes,0x079703feff415b47232b2b7e6f7e41e04adf44336d4d952cd6e0e74c82b30fd2
SELL,0.997,47.76,1730903403,Yes,0x17c9f26050f01022e4b7f171ed7dfe05a8d3a59fdbc6c12d8ece68158edf4d65
SELL,0.997,180.36,1730903403,Yes,0x152f4ff575a078e873d842c9e5c1b2f442ae5038eca7cd4b0fa85cb50dd87258
SELL,0.997,257.35,1730903403,Yes,0xdb2d735c589f4db886949a17803c2ab8b6a517093f9b900aa729aaa299a1ea6a
BUY,0.9979999968951111,180.36072,1730903397,Yes,0x4c22919551ef63a186eda3a64d36b31344983250034fb91b45fdf07a52799c21
SELL,0.997,135.68,1730903397,Yes,0xdd65284fa5370702ce1ead75073dec73ec62870c05c32fea566107215dbfbc5f
SELL,0.997,180.51,1730903393,Yes,0xf27322364ed515bc176ac0da8ae85b046b77a81c84cd24cb8fa62bf299f80f3b
SELL,0.997,158.05,1730903393,Yes,0x0f48f39b5f363166ef03774f55ef100985e8d2be765cec1b099e772f020fd5a5
SELL,0.997,1000,1730903391,Yes,0x4ed7ef3f9edc8c6c64d9ef87dcda660f145169303e0845d0e1abdaaf044d39ea
BUY,0.998,135.68,1730903387,Yes,0x902e931199efa1a11d3b88fbde01a46734b7b5cf3357dcab8aa8eb923834eae1
SELL,0.997,1208.45,1730903385,Yes,0xc222bdc32d88214a61aa20cb7c6320ffccc5c21690fed89d6f2ac9b80c190106
SELL,0.997,180.36,1730903385,Yes,0x5f342e742b5ce56de65207c3707abc7d5ff889410ecec5f9d51e54ec90148e13
SELL,0.997,135.82,1730903377,Yes,0xae008eee126bde8e5954f8c4bf47489281d8851a47dbe5181b1ac132f3957360
BUY,0.9979999968951111,180.36072,1730903375,Yes,0x982ae8fdca0b4a325594a953a9608471da0df257373127bfef5c0ce2293078a9
BUY,0.998,135.82,1730903365,Yes,0x187d0ee631e5febe582da6dad93e8a467e702871c896f9de0b30f6acd6e218e4
SELL,0.997,32421.37,1730903363,Yes,0xb65a7c2f7754416352326be36669129657fd51a2f91298b7a70d6133492897ba
SELL,0.997,322.01,1730903359,Yes,0x0d5ee342aeba9d665bcd5dd0e10f4be69da13455a730736743f40141a2a436b2
SELL,0.997,1.05,1730903359,Yes,0x278733daec47a44e15de1b0cdc5d90f4c66181092f3343ea4497647b832808dd
SELL,0.002,3702.29,1730903353,No,0x26d05db24391f47d22de514bc750b32374afdbb32ac793a9d6196b8de7a33292
BUY,0.9979999996507,120.240479,1730903347,Yes,0x8bfd7572a723ec3f2726f7de7f25bc2a26bb56469c4339329881453be023c2ae
SELL,0.997,310.9,1730903343,Yes,0x6370968276657fb9d2b51e4ce0f26978c3e512340bb47f94eab018e9faadcee2
SELL,0.997,3.68,1730903341,Yes,0x172fc7b9390cfdffed377eba386ad842572f5a4d1daba69387c966cadc52d14f
BUY,0.998,11,1730903337,Yes,0xcbff2b64266821c756ed1b78fc3cc20fcf3b4f2bd0cd189ec113ea62ca446bb2
SELL,0.997,1147.43,1730903333,Yes,0xb0b4f522b67972ff4a183313f4249480122ea7f598dc8f850eddb0db8071201f
BUY,0.9979989920109382,0.200399,1730903331,Yes,0xfe8fbe880a184e1ff5f41984119545761b680bd7db5da6c6e7177172dcdac507
SELL,0.997,378.42,1730903331,Yes,0x939e2b1014003745437a67e207b86ddf8830ce138251f132e5dd9395859f56d2
SELL,0.997,461.53,1730903325,Yes,0x61f647c7ad3f9a930ce5ef88438910800ef7e97f08e57693e5b4f35cf8a91fc5
SELL,0.997,100.18,1730903325,Yes,0x97c8cf6044ed70b638bc959064863c2677737b3fe02bde0582ad0f60b711355c
SELL,0.997,183.52,1730903325,Yes,0x49d2d5795d23b577b9555debd8e1cb4ce5b01e699fb10e4d28b6f6e81531dad6
SELL,0.997,4435.45,1730903323,Yes,0x199d1d5d0784bf2ccc872596c053a9e6db9c7425a19f9196aa8d368a28b56d86
SELL,0.997,2655.96,1730903321,Yes,0xc620759f8a4572fb2c3711574528e289d6402dc3e9a44403087d0a2aeaba10d4
BUY,0.998,150150,1730903319,Yes,0x565c2227d10132d19bad73bd2ef2215b3bc0627e296b8ef65b3ac088d3fd9784
SELL,0.997,29.17,1730903319,Yes,0x194bdb7d64e26483ac747fab22aa7241f3e097fb4ffc3a76fc69b0dd98d38192
SELL,0.002,1103,1730903315,No,0x1f4cf973a8cf9a2bdd7d6071ae30c55f48b2d43bdc34c93ead1555bfb48ed89a
SELL,0.997,234.96,1730903309,Yes,0x93cabad298ada4863c7a19aa4b8096ba58952a9e708a49955280f7ce2813328b
SELL,0.997,235.44,1730903309,Yes,0x57a6a4998ebe5b5693b0c1346bef0d087a5bc94e287466bbe2d78da7d8c3256b
SELL,0.002,231.3,1730903307,No,0x597ab9349af88b2867fbf3114df8b7c0862ccaddd472b0c1f16a2cdc92532acd
SELL,0.997,79.18,1730903303,Yes,0xc6c478d4ac57913b684eea1b7fc76fd88b469a3f744f878c6f440e8dac6b5c13
BUY,0.003,3620,1730903293,No,0xe998ba431733e43a77f35f0d63fadb7c250d0fbbbfef47b919de2093285717bc
SELL,0.997,10,1730903291,Yes,0x526d9b1e931c0ea70afd0ddd247699d56afe1855e44f256f22e95817785d62f5
SELL,0.997,18.41,1730903287,Yes,0x94687fd4cc130dcfd9f1e0a0b80cea4f1b7d22067ec7803dcfb814623d535725
SELL,0.997,470.97,1730903283,Yes,0x4cbc2a3e0c2b8ed6acace40e699af215297be9e7528add31c7c6df4abf15f0a1
SELL,0.997,183.39,1730903283,Yes,0x370f701428cdb42a41a3c23f07fd48edf2156c59c2043c60241072f1da45ffab
SELL,0.997,262,1730903269,Yes,0x0aae1243329f75d994f095c5dcde09295a88d6b60505cb217f57af51436a8f95
SELL,0.997,1589.31,1730903267,Yes,0xecff6385feeba3b321ddb1380a4e8274a511415dcfa35e0c269fc810d87dea64
SELL,0.997,2069.15,1730903267,Yes,0xc84e3928911b8b753247ba8b01529fe9e5a2edf16d371cc3954b83fbe543e6c6
SELL,0.997,35.58,1730903267,Yes,0x8a135c2d809f45949fdae81aef4bd07a5bf5d81a87b60d4be3837987d806f7ae
BUY,0.998,29.178,1730903261,Yes,0x0fda7fa763aaceb55b6b446151fc0fabe03ad33fe185da6cc72c85e268e0510f
SELL,0.997,143.73,1730903257,Yes,0xc6978a4a51b213c3620fb323115b027429561f23e71cbed60e9232c4e3e804d7
SELL,0.997,90.74,1730903255,Yes,0xba1d2cf22771ce7d60385937f070358bc3be49f1ec36a977cbbfdab851cd6776
SELL,0.997,178.64,1730903241,Yes,0x1a837b2ac6bca1e78e532284b68e55b7daa07b2f2af8accc52199ee8b168aae1
SELL,0.997,20.79,1730903235,Yes,0xbd8fcd4d46ea7313d7f4fb8b7876315e778bc38751e7cad02ff63ea4d92baa3a
SELL,0.997,1500.53,1730903227,Yes,0x180f81418b1203d36ca2879d2be8a101010d78df398bd1b9304c52c4bd1a789a
BUY,0.0030000000003,13333.333332,1730903227,No,0x45e4662b4a3b8278c2623623c20b5fc8334ec896b8777783f5840e2625246376
SELL,0.997,206,1730903223,Yes,0xdbd019cc6f9508ef53d795bf7f8d70bf12a574081740c795ac9008cf5329e460
SELL,0.997,22.58,1730903221,Yes,0x2bce99b4ee789d9bd1b5ee5e919bad855b45e67ffcdfcdfd26736810442e714c
BUY,0.997,6467.55,1730903213,Yes,0x48bb20f3adbde71e424ad35462aee6caaa3bb66d66ccf4a87a5fcdd983ba0278
SELL,0.996,21.82,1730903211,Yes,0x8adb3514b37fb5696d82146bd94a841f6ce0eaff3f8ade7a81c4b744eabcb17a
BUY,0.9969999963111,260.782346,1730903201,Yes,0x61121dff4f2f2e50be58d2223cad43f6f02f49d4a0e169800789b9c57ee43b47
SELL,0.003,333.33,1730903199,No,0x1cd3ed634fef3022cb796d35b8789f431e170dc025b09db25957f0b2aa8f83d4
SELL,0.996,180.54,1730903191,Yes,0x017b40be28014ab3abbf1f62225e33b2a5a40ac503995f7c67c85cb81387fbdd
BUY,0.004,5310,1730903183,No,0x2db34e8f9a580e98fc18765ed0f61653df2996e6eaa767a264cb4acd524d3852
BUY,0.997,76.04,1730903181,Yes,0x61b67382a59c813ae65b791977a1ef996460b017535df0a724750ce794928a6b
SELL,0.996,1057.17,1730903181,Yes,0xb088326b67a0cf2a8cbbcd2755401b1e93e6277db2cfa4ba4e010de61ce77ac9
SELL,0.996,184.28,1730903179,Yes,0x39b9531b9d1faf57dfe9f6171e7a7a49eab1352fdf3771cbec01426d16bd7858
BUY,0.9969999992744055,180.541623,1730903179,Yes,0x22895a25134bf8ae41b3f60411377a15ba020461bccfa20a0c7a83dcb74d2707
BUY,0.997,320.64,1730903177,Yes,0x0acd745be2a1a7de1583f4fb909f9faf7106c29c2c59031ae22a04dee608a9c6
SELL,0.996,180.54,1730903171,Yes,0xe1e7948be1fcbbd80c0994998a28148a6f294366fd98de51d7019ca8c5d1674e
SELL,0.996,50,1730903167,Yes,0xa12f75027a6252fab3c8e58b167553fa0882f7652b4299d7ba50ea0c74c89999
SELL,0.996,2.08,1730903167,Yes,0xa0a2d604af42ca9cb9d18f4217e9856933171878f16f609a6b2963ede516f055
SELL,0.996,101,1730903160,Yes,0x1ca7f299d629375e1b564105347696e535027b6ec8f219ba4e891412ec3d2db2
BUY,0.9969999992744055,180.541623,1730903156,Yes,0x655a79f05d3f6273851ef6c34fc2a0f7519769577fbf713bb9819b4653c4d764
SELL,0.996,182.74,1730903154,Yes,0x88ce1e3eed8aa8a9d3a0a24bc8e8c21de054f37f558f054936776e2f8a2e2c6b
SELL,0.996,180.36,1730903144,Yes,0x9a4d8aaed8a1c2b97b44a847f2fe24c098eb57c67b005ae5dca8d22da5538853
SELL,0.996,150.25,1730903142,Yes,0x9556c68eabbbdce2fc550d64df91e55d139ef4f82c4998cf1aa57978ae016b1c
SELL,0.996,35.24,1730903140,Yes,0xc7f474e364888cff308356cb90a7f97a2136a6981bc97bb4e5c2f8b121c8dad3
BUY,0.9969999992744055,180.541623,1730903138,Yes,0x2f2bae0a471dfdc2c0913e9ee980a7b183b9492ca7b850be32e5dbd170b32268
SELL,0.996,2.55,1730903136,Yes,0x483864bd7ab8c1d0033c9853a6892f495e99d1a2c5264529c2c4b32d1ffdfabe
SELL,0.996,180.54,1730903128,Yes,0x934dd9c93d549e212cf9e65dc1a5e4305f55dfc00c07b3d4a531669ea4d43af6
SELL,0.996,80.62,1730903126,Yes,0x3b99219f0386d75b79f012f735f76212e5b8cc824f4bd9cbfe01f646f3b112a4
SELL,0.9960111181563602,7081.21,1730903126,Yes,0xae49419a247becf8a114a396805a25bd70c3c8846d8070f7f5cb82791ab5a0cb
BUY,0.997,1181.38,1730903124,Yes,0xcbcbc3e81f1df8dbfb81c8586adda76a832b81b724c90651d24693ac60977c04
BUY,0.997,78.73,1730903122,Yes,0xe053f969a67afd95645d7d27f6ca87ab8474ed4848876e1c84dcee6451767c4b
SELL,0.996,2.5,1730903120,Yes,0xa3f3d95a29906d7eb7edd489642359507ff0c2a923eabdea4d6cefe4fba43ec1
BUY,0.9969999992744055,180.541623,1730903120,Yes,0xca0480cf2d4057efe7f6d4ab3a34f81df990550a7c44cfb31b48f987cfbc6348
BUY,0.997,12,1730903116,Yes,0x2164ed0d7bfe07e8833521240a7c2b6381b9c31388fa7c9a8984d2e2b05fda12
SELL,0.996,188.07,1730903114,Yes,0x90088dac65c344460bbeeb776ed767a3bbb06c0507d15b323d996493283e4900
SELL,0.996,100.3,1730903110,Yes,0x236b6947019443aa0b7f1715765767e93eb45fe66a1d477ea608cf6603e311c5
SELL,0.996,95.28,1730903108,Yes,0xddf1ffe8729c36ff6619748c4af8fd65b5d6c6f45ddecdd90aaa6deb340c4bba
BUY,0.99699999703891,100.300901,1730903104,Yes,0x84eac08751ca9412c368c0ea3261049ae03071e7e01bb751e3f1778920a093a4
SELL,0.996,974.62,1730903102,Yes,0x6399ab599bc85601b754108588633101c66d9610b8d70583cc1c92fcdc75db57
SELL,0.996,3231.56,1730903102,Yes,0xc139cbfbb9b152c23367164261da3a9d5a8245ca86dfe330326d3813e5fc37b7
SELL,0.996,361.21,1730903094,Yes,0xf0d626ad2cfa4128a8afcc61ebcf28e2a74879aab829f527a51815b5a76b9f31
SELL,0.996,100.84,1730903092,Yes,0xb954e08d6ad01cdc1497408838b344274c2c0f182474daad724ba9516f3cc98f
SELL,0.996,732.8,1730903090,Yes,0x519c5a5f1857b46a497214f53eafc61a7dad4af0af0c10b475da42d7ff8d29ca
BUY,0.99699999703891,100.300901,1730903086,Yes,0x8c65bc434c78fc1daadea6daec189810487604597875779d4dc3442d2adf1456
SELL,0.996,18.94,1730903082,Yes,0x0889ec27f2699e686ca9ea1bf18e93eb1816c79a03447b91e99dbcad59ee98cb
SELL,0.996,3412.37,1730903080,Yes,0x875a4ce3e5d54ac196c1cecd817aab77a07762e25f0ea0d8168504d6a9d2f430
SELL,0.996,12.45,1730903078,Yes,0x1d5df585e3858334a3085a88cc74426a03e3640dfe19c2c7a53aed50c82c90e0
SELL,0.996,8.08,1730903074,Yes,0xef3eac5aa4b205ba2e8e8dbd6780aca34d97340d026183cdd01c5db799cea885
SELL,0.996,259.52,1730903050,Yes,0x3525bf3f1742005edcca086fd70e66c692ee676d0db1082ee0bc384fcd6b22fc
SELL,0.996,185.89,1730903046,Yes,0x00910ee49963bd6f19e0a1e7997376375425d60fadb9fbb1fe597ade70ddc596
SELL,0.996,26.21,1730903042,Yes,0xdb40f5d6ec84fa056bee830d3c3ec35b17fb2fb432ee7001b77366c2a48f1e31
BUY,0.004,840,1730903040,No,0x850e0b89eb93b9bf6491ddc56ed590ae8220dba3e1af91c74946b4477bc6b3d3
SELL,0.996,169.84,1730903036,Yes,0xf888e725a54aae03dccc3ecc6ddd70e536799aae06fc6a5ea09284c6a4e9ed24
BUY,0.9969998715133365,4.272817,1730903036,Yes,0xba5ad7ce468f24abefc88d0b6c2979f50423e2fdba51283b1283c6f0f7bf9653
SELL,0.996,260.82,1730903034,Yes,0x75d88b8cbb5b886a15036db4c6379d7128b9c120db80d0c357d942a4c5f88b1c
SELL,0.9965662514156285,300.22,1730903028,Yes,0x25165b3f75bd7e193f4f0333a205807b1fbf8f9cae6e95a24966904f9d2e575f
SELL,0.0021245085872576177,9025,1730903018,No,0x64613d374e922897a5f171811d5f67fab529da873842675993655ace4c2886f4
SELL,0.996,4187.43,1730903016,Yes,0xf2d2d49890bfe4fff8819d14337f77b8a291f9999e3e408fc25fdbf567c2d4c4
BUY,0.997,2574.72,1730903006,Yes,0x637a7c7fc1d755cd966e6ad9e5f6444f733fee3074af689afea9e9cb75fca55f
SELL,0.996,188.97,1730903002,Yes,0x25dfbfca27a2dd12810f539516d4c145a2d43c7d86d009ac021361717a5ddab2
SELL,0.996,5.26,1730903000,Yes,0x44219aaf54320685983fcf2ed0dae5e5fecc5495a6db566af42a780242602deb
SELL,0.996,91.53,1730903000,Yes,0x61c6dfb033485ffff8d22980dea07b185eb32de541ec63efd56b3d235a81ec9f
SELL,0.996,14233.61,1730902990,Yes,0x34854aea27dbe828825d68f817ace3284953a3469a18a6085b7d547db974aa6f
BUY,0.997,11,1730902990,Yes,0x15ab73c5f86bb11c29bf171fd80afec5c3dd1227010272515fea432504688f5e
SELL,0.996,159.08,1730902986,Yes,0xf83e875fbe3e1aaa103817fc45f2c6b65f5c2aa2169bf8924c09dd574ed3c550
SELL,0.996,1146.57,1730902986,Yes,0xced91c7dd8d104cfeac324ff9650468d8c1b152a6585a0e638f26a6319c6441b
SELL,0.003,88.96,1730902982,No,0x7c4ced3f417d955c927f8bc453960d1bbea55b2243dfde79e92549ede7f02f39
SELL,0.996,1612.95,1730902974,Yes,0x66f4951fd589e3a532e02a6d4a0f5d63617583d6ab438301152192018e5d1657
SELL,0.996,1.76,1730902974,Yes,0x44d58f4304e2e8b98aba5410df416ffcd3b4484d44b1fda7bb6efaf76438ebc0
SELL,0.002,5280,1730902962,No,0x1593b183f5d7f9f5cdd79b681055f4c02ef682f9d93c7c4cbdafc03866579d28
SELL,0.996,133.46,1730902960,Yes,0x25ce10d8704908734194f29ff78da100f1efcb2a8d8ce37e0176a3b0526fc132
SELL,0.996,72.06,1730902960,Yes,0xc4adb9dfbab8a218af85556e20c984b4b171e0818ff695ce13600efcb9f17287
SELL,0.996,10,1730902958,Yes,0x2874a894dc2d9382b60e7d012db90ef6e5dfc2365cdcd39c6646218805a6966f
SELL,0.996,86.05,1730902958,Yes,0x0e42a3a49b49a4a7454137e4eb4ac0582cdfd659d21e7f38ecaf95af9c8a5f78
BUY,0.998,81.38,1730902954,Yes,0xc1a8f59106ed88f869af2dd4da44ce0fc0d85b12073da3dbb2188c3ca54e78a8
SELL,0.002002092038905396,90686.65,1730902946,No,0xbddcc91e61c5d83237afe75df3aeeb318b4ebed0b7480eb3c7284152b24a03a7
SELL,0.9967616870723373,20522.89,1730902942,Yes,0xf58563a1469b5b31e5bca2790eb195f34bea2eff29e016010c5d06d6fa456d61
SELL,0.997,19.14,1730902908,Yes,0x3b32c0c215e5ed3e2edbc37fb99ee15cd7f08a5f647afb5cc26938f54bc6cf60
BUY,0.9979987393633785,0.38076,1730902906,Yes,0x5b41759aa0a4ff13315efdfb0da5e898592c9920323c0ce0f3611f8046905e8a
SELL,0.997,2265.59,1730902898,Yes,0x9ff6a7c6edbd5d59708731b384b2dc2c50611ee19fdc37b0b618e9941ce67c54
SELL,0.997,34.24,1730902882,Yes,0x687eb45e557bc51674d4b803a6edebd5a5c08b0cd9317e00002d0db18e37813d
SELL,0.997,185.59,1730902870,Yes,0xb3bd349db6baaf6d224b05c1255cb9ea907082f5322bcd16d2ed943b2c210d6c
SELL,0.002,209.49,1730902866,No,0x6a51f7ab52719a4a336fbafa6ee98cc82b6789bea28c4fee7fd579e214d89b4b
BUY,0.9979968634160251,0.28056,1730902864,Yes,0x38a8f31ff8ce6eae14190a9da3546c168c7c654f4f7f0ab456d0f100f70d390f
SELL,0.997,1123.69,1730902860,Yes,0xce3b8889497ffe470262d03383a2d5831018d7b8b727985d9bb64e33f3f7e248
SELL,0.997,17.45,1730902858,Yes,0x7615e4cc7c2cd8c931ff9fe3c1bc37993071ef3de76f315281ba76d39a8d9865
SELL,0.997,854.7,1730902858,Yes,0x258797bd11d54d6495cad13b25abccb6a7359818d016eda1dd56d0a2bc6a5c73
SELL,0.997,1896.37,1730902850,Yes,0xf725402abb1e9ddb9bf2bc2d673e8c69b75dda64c87b94da0f761e7422fc5ea6
SELL,0.997,1345.31,1730902848,Yes,0x5429155857a661a6010f1536e49fc3d365b51a49105999cff3a4649ffdc000fa
BUY,0.998,58.87,1730902840,Yes,0xf3dac63459973d6287b5418658f64f91376988ae2a63b15eeb3b12cfa6b9b284
BUY,0.9979999579841976,20.040079,1730902838,Yes,0x4dc6cd3d99918cb5ce1a6fb70832c7319096235f7c88e379bde9a425b49b2b32
SELL,0.002,2000,1730902836,No,0xfea32921db0ad40d5f23202b12d67658087d203b5e7ba739db92a733fb3abb9e
SELL,0.997,16.75,1730902836,Yes,0x471d9c09cec7f0d858709c6ade43ccdd481b8aca31ce042fded76c5926eb26b9
BUY,0.0030000000003,3333.333333,1730902822,No,0xf80bc1da2418901931eaedfd4bff78208a2036537936674705b3554a53ac39ad
SELL,0.997,1006.35,1730902820,Yes,0x5618363d09b211a7f1d869cddbc3fd2089a3336f4ab44b3d0d82c8a8ed8ae045
SELL,0.997,70.5,1730902820,Yes,0xad9302a3b715a4356ab0e8f863507bf7b83a0c6e9c450fe509eaa414e1c988a6
SELL,0.997,15.83,1730902818,Yes,0x3bebe19bcb044216efe7ac0b25f3d6a6347ff31795fa245c6ce4f7434fd4c2d0
SELL,0.997,159.67,1730902810,Yes,0x0d966f3a877cb242a1bfd24f91aca7e9122ac017ea70846dab211ce2016ebb77
SELL,0.997,2711.51,1730902806,Yes,0x824fd86262ccebed8a6726df11b74433a0be8572d31928cfe09771c4dd1227ad
SELL,0.997,26.41,1730902802,Yes,0x32d3191b0ad1038a00f3a2d4d45c751ae34244ad0b6b04351098fc52e6004c08
SELL,0.997,465.78,1730902798,Yes,0xd26a887bb354d5b390f1416d661e2e1e8da4a63879f55586b83fbce6ef505307
SELL,0.997,14.56,1730902798,Yes,0x383f4207981717f93737bb5f6ed4e1c514f51a44ecc10f3807b0ffd620e554aa
SELL,0.997,988.44,1730902796,Yes,0x56a8d7fc6051a9f8b8f690b0c87bc12b53c332d4955951ac0d1db467d719336d
SELL,0.997,46165.96,1730902788,Yes,0x1a340f3cba7ab5c739a4bf724098a6ed7eb159602e23d73cb4739d4afbe2695a
SELL,0.997,131.71,1730902784,Yes,0x53a8c6961e6b6032c9634142869e20eca34bc0bcef9d31e10134370f68310845
SELL,0.997,5.13,1730902784,Yes,0x7a93b0a9c3614ed230a7b820e185d08c9031c0b181b2db9e4833898252a80d33
SELL,0.997,30,1730902774,Yes,0xb33cd1bfbe94c00523e0efafa13d70db1f1d3db8d53243b0eb4839f4a82afd53
SELL,0.997,1.98,1730902770,Yes,0x6aff6937abfce6fbc8fd27fb7ec6c9533ff319eee00ba15f78548235bec9acd0
BUY,0.00300000000075,1333.333333,1730902768,No,0x7094272d8f67e32c69a99c399e6e8d4b689b21dabfa5ce49f63feb6f83911a54
SELL,0.997,73.52,1730902762,Yes,0x9b2a55e3f04485dde296d8fa1146359c9657f320635efce5e8f978934128fcdf
BUY,0.9979999898336158,35.41082,1730902756,Yes,0x650d2a7ae3a613550f65f25fa6532b8bbf48cf58167d191f857fdc3e1fa5a622
SELL,0.997,183.61,1730902750,Yes,0x9e244ffe89b2619253a49ce617a9b980c843bf8a5d577dc9c3d21060d4cb5bab
SELL,0.997,307.24,1730902750,Yes,0x678fea69e41d37b23d390ebd9996a4bebcbc80d459df45d8f44057d3d2fe873a
SELL,0.997,39.11,1730902750,Yes,0x105d0e81baa7eabbc89bb16ff05af9f3dbf0f4525dcc9a18eb600f51c7c3cc2f
SELL,0.997,2.69,1730902746,Yes,0x84854b0140d6708ae19ebd939d19e3fc0bff1e86454f632cce9983df3cf049a4
SELL,0.997,8.01,1730902742,Yes,0xa71c995f90697b4f3a68ac01daae2494f2cd5cfdd4615ab91fb7ba837dc78da9
SELL,0.997,1.65,1730902730,Yes,0x40d57a1566674b7651a475cc4ee19a70742df54a30a4f823f41279ddf8fd142a
BUY,0.9979999999787219,31017.83567,1730902728,Yes,0x97a5a7255800e749bebf89d6e5ab16de00e3fcf3b55a9911a133950f18174611
SELL,0.002,7212.5,1730902718,No,0xc9eb4b0937fb9599cf57e6324c2ed41d2089e77ab4790a5c3909462fffad8abb
SELL,0.997,15.81,1730902716,Yes,0x46ac5ca135311d92acfefb6d5f9112f9546f4f04521db28b3abd03e9e7fc3e9d
SELL,0.997,16.42,1730902712,Yes,0x40f94f1b31b520583ab9001ed46b281716f6eb711e78f0e636f25266d0372bac
SELL,0.997,671.52,1730902710,Yes,0x6b437987b8ca976c730a811b9d1a4f42d2fcabe88acce7f2452c3463958e8eda
SELL,0.997,37.1,1730902706,Yes,0x7f2e7457589e7f16441c698af4e18ff54c936eb5973d5b2fb4246aedfcdcb734
SELL,0.997,0.99,1730902700,Yes,0x0d4725cf875177c7c656b2bd0167e531fab0e7344020345186d6c45320cad649
BUY,0.998,61.69,1730902696,Yes,0x9ec250778842c5eeef8ba96275d25079fc36ba79377b369efab94edcdbb8433e
SELL,0.997,17.41,1730902696,Yes,0xf4767e218466baa71669383f29fa22afda71f43e029916568336b3accad82351
SELL,0.997,1.74,1730902688,Yes,0x1b73049cdf1fde54a1417a0514e3360010a0d88ff4164566223ea4f9fbfc0f24
SELL,0.997,280.12,1730902680,Yes,0x290f7efaaea729ba8ad4e56cf804aa601a369f0255c8de6879689e315e9c397e
SELL,0.997,598.72,1730902678,Yes,0x96a435fe46622fcd9d64ea5ff0a695d53faafb264d320c9c886609a08179cac5
BUY,0.998,86740.97,1730902678,Yes,0x7c75f1fc89657e8fe0c7d45d2fd3458337c0a147db2e59c10cd7127026680314
SELL,0.997,29.46,1730902678,Yes,0xe108be8ad523b26ae6af74eaac182870bc293b313f8409dd6a35f535e6fafd1f
SELL,0.997,24.94,1730902670,Yes,0x119b3dcfd011429fad75e246ed78bc8facc085c44433ff53979b6b21f82f15a1
SELL,0.002,105.98,1730902664,No,0x4f45fb1659501b230a54913be43a4634a9f305bdc9928984b34b87a501b8042c
BUY,0.998,501.78,1730902660,Yes,0x7959cc7747c174484f80ff40af08b08dc2ed23855e491ca43904a17db8543df0
SELL,0.997,1.9100000000000001,1730902660,Yes,0x8ac3a88451629f586ef4ef73d33d17941e1bc3ccff699dc5d701b7ff04952d76
SELL,0.002,2586.66,1730902650,No,0xe252ba39737d6001e17394726734183affbe8ff92556b8168728e276153f26d8
SELL,0.997,550.45,1730902648,Yes,0xe4cc93925c8275a7dc3ec118bdd8c16ec901d5fc12ccf2bc655aaef38bdd6056
SELL,0.997,181.99,1730902648,Yes,0x6aec268debb654faf9833f2fba98c9a7dfb3f6ba3d21a721f45f4005039988f7
SELL,0.002,1876,1730902642,No,0x03e93b6bfd15711389da729300296734037bceacd537456967dff0429a0c2d53
SELL,0.997,5000,1730902642,Yes,0xc0b6681391479243b88ce0d7b371e3df9abc2ee3cb9196df875d3772284a750c
BUY,0.998,68.56,1730902638,Yes,0x6546a42564c305c5a3ae5146bddb894297a925be68e37f9e00ed12d838ac1168
SELL,0.997,3086.84,1730902636,Yes,0xee127e7d04cc4864f775bcdd18e832517e3b5bc52a495a32f0e8fe0f75c87a90
SELL,0.997,12.77,1730902620,Yes,0xb29d89b332e24e407554c0ee6f54a1f671b156a40384248fd7cc486e62b586d4
SELL,0.997,21.28,1730902620,Yes,0x9a20291ff07dee4fdc4abe5de9cb3cfa90cadb87b842425ff206725f8a9c058e
SELL,0.997,1.34,1730902608,Yes,0x5f91b3bf8302234311465dc2bec950fce12901c034c907a6ae2c88aac492dc0e
SELL,0.997,352.85,1730902602,Yes,0xeacddf6b00c7bc527fef0476256c280c736d087bd767f0196e54d1ea302731e6
SELL,0.997,45.32,1730902602,Yes,0x3bfb73bf49b86057e60dc2125afa2cf3cbf6d531181d33d76cc0b9e3441fe3ed
SELL,0.997,8.21,1730902600,Yes,0x2d58ce712d1d6606fb0d48fdebf9467874046fad0ee16e476fbca90a3aaf9008
SELL,0.997,84.56,1730902596,Yes,0x07040c22fe8956f221610b34235219f2627d293aef34f6a027c987759042c404
SELL,0.997,186.91,1730902592,Yes,0x9d12cb432636bf6106e9a7e370d085aa11270fd4f7e3c347d86e6629ff75f6bc
BUY,0.997999529301012,1.342684,1730902588,Yes,0x0790718f78e01f38769b8e6adde24e3fd1e5a68b7ebb70e57ad3ef35ca81ab3f
SELL,0.997,75.57,1730902588,Yes,0xe31ad14f5b565a460acf98d0b937186896581c66dd5528a28d563435ca08e8ba
SELL,0.997,482.08,1730902588,Yes,0xa192b670514a3cf4c38c58339067bbfcc6dab917a9e92de81af8a949b08d86d8
BUY,0.9979999521870685,15.811622,1730902580,Yes,0x522598f22be0d677029b4217456cf8e05093ef943d362f8c357b37a0f8d1728f
BUY,0.9979999246509931,12.024047,1730902578,Yes,0x1457a05f454e2bdd9d880f9886a1fd9fdf613575e4d4836f3ce0f1904577a6fc
BUY,0.003000000000773196,2586.666666,1730902576,No,0x0840b3242a1a38444075921bbb970963eb07627d2e64f0dcaeeb4522bdcb1473
SELL,0.997,0.13,1730902574,Yes,0xdde31a4d366271b19d90b7143437327c83acdd3434f6a91b1318cc78663658bf
SELL,0.997,5.07,1730902574,Yes,0x84e7f3b983051fe65f8cfb738a6e80cc4389c3d5be7d97033424c8f499ab796c
SELL,0.002,11485,1730902568,No,0xc71594f75aba39d11a5f4e435c42c24741be55440a4e8ab9d4f3e51429485b7e
BUY,0.9979962996798686,0.130259,1730902564,Yes,0x70ea5b15c6195998197834ab8bbfc278049e8e9c364ab5168db722390169c85c
SELL,0.997,967.86,1730902564,Yes,0x959f852675a048384e25d965b1052f62169e2b8a0976bf5e0ccecb21838c427a
BUY,0.9979999637090189,0.991982,1730902564,Yes,0x1a5e8ef58e583fa737bc6ef91279eab56649674f68df1b0f8e9f39adccd5b758
SELL,0.997,107.42,1730902560,Yes,0x7172500755f353a9aa6148cd912e153fe67c07c4722d8f962a1af71a385e4aca
BUY,0.9979999997440144,1046.933866,1730902554,Yes,0x9f48bce324221fd6a52d4372cd25e294cad37ef847ab2ffa41cd4cb41ae25d3b
BUY,0.998,107.42,1730902550,Yes,0x5e024b4f43f1bedb8d758ba09dbd0e1491a4b54dfab8a379b53205dbe55822cd
BUY,0.9979999454842462,16.032063,1730902548,Yes,0x0e6fb71bcacf00f9c9888b66c5e9d578f618abfef4a4063035334d554a835f85
SELL,0.997,59.29,1730902546,Yes,0xf4255909f27f6a65f4d0ac42b7d1be17010f42633d9ef1d2c73acb6e77aa2cb5
SELL,0.002,700,1730902540,No,0x8029fd263a75f0083b6d27c29aac5768055782c2154f11ca48a8aeb8c7c70a42
SELL,0.997,127.55,1730902538,Yes,0x19bd4412f4301f18d14fe816907fc3721de7d24de3b53f1c389563535c574408
SELL,0.997,163.48,1730902530,Yes,0x0f700c095f22afc737447f7bcbdb54d8359b3293b943a42de728ee421b46d0a0
BUY,0.9979999998853603,488.486972,1730902528,Yes,0x900d661ee2b2d31f3095261c7e600c6adf2728e41ecca4800265c79e08938d1c
SELL,0.997,3790.04,1730902528,Yes,0xfc056880790b94c4997c8f4ae92aec9e7bd445b931d12c4c1608c1e4ae685b8d
BUY,0.998,127.55,1730902528,Yes,0x89c45e3306ae5ef308c13dd2ca3cbb2383b52c388fd1e045fbb32b560e74ec2c
SELL,0.997,1193.21,1730902518,Yes,0xf378af297effc92b422d0b53667e8e2414f30210cde3bb9a31c8296b4dd4447c
SELL,0.997,159.63,1730902514,Yes,0x8219e80d65b4e86f0d6a81ec798435968374af1a8fca52a081ee275f4ea7a779
BUY,0.997,992.84,1730902508,Yes,0xd2fc2a26d53616f993502505cc56cf5fc2c5b467be1756827eef8b1d2918bcbd
BUY,0.997,55.14,1730902508,Yes,0x0d9a2786dbc96eb3abfa68030f58042c7cdeb80984d8cb97b165eb39c3af1817
SELL,0.997,968.03,1730902492,Yes,0x1e43517617ebe7e4c49f423c5d43dd612191a25b51c3418cc6fe306c3abeb36f
SELL,0.997,1,1730902490,Yes,0xac56ed0dfdf8f678b1a5dc4d42dd3b2c7b25f0b273b4166dc3c24620f5537719
SELL,0.997,86.01,1730902490,Yes,0x0b8fb98e2bbb71576e251c01fcc071e62cef84be390d97002cf4297dfc21178b
SELL,0.003,63.41,1730902478,No,0xdf5c851d9662babb01e3c60ee7f434aea462da52dd8d9ff4c5212ade5db65bf9
BUY,0.997,8613.52,1730902470,Yes,0x7651bc017cd687430b998b04b9fb091bd822292a3e4f975517bd1319b34e1224
BUY,0.997,36.59,1730902468,Yes,0x17a159dc9df664350b71f7b2be17baa01c89dbeea87f75ba279755fb3d33c61a
SELL,0.996,1223.83,1730902462,Yes,0xeb431b4c318973949abca29dda7e1ffe3b585a0688e615072e14a4db23fd8f60
SELL,0.997,29987.49,1730902456,Yes,0xc21385f99401d6276507aa655c358b8edc8446d931b26ff5780b687636ee7127
SELL,0.003,6642.71,1730902456,No,0x84b6bfc2dd03eb63d1b9de9de0dcfcb72309986a11cf8ff6158e4b75d10fbb8e
SELL,0.997,21418.72,1730902436,Yes,0x149f21e556b34db56cf4dc8ea306592cb48af47f1ff5492d8d07afede2478714
SELL,0.997,48.69,1730902436,Yes,0xbc563328663f23501b040a0ccc249384910a30e26757bade411929c9d34ab32e
SELL,0.997,185.81,1730902426,Yes,0x09ef1fedc2727285e4b19171fa680acb052eea0a37f7208e6ba7b227d880a82f
SELL,0.997,161.29,1730902424,Yes,0x6fe1ec1de6a7e28170398f44f6f4c770c5560ad21f20584870304b48b3c38002
SELL,0.997,40.53,1730902418,Yes,0x292b1670128952f6eb65b7abd98d3be8b66e92f3d8be298ee5c710610bb8af8e
SELL,0.997,4,1730902416,Yes,0x940e5eaa111616fe5653fc5ff5067d1756c6ba98e0759312bc3a3d7e9977cf18
SELL,0.002,38381.93,1730902416,No,0xbc14785f5e55bc8f3a4f8541c4e1fa1a5242a6e8caef3c1a671651723f6f662d
SELL,0.997,28.16,1730902404,Yes,0xc3d1aff6b34604860faad952a4dd5fd06964c48963f8273ace96c53f9d15dfcf
SELL,0.997,127.2,1730902396,Yes,0x0a9fc3d4fa26537e18de6a58f4f77b6e099bbf473676d51140c83fbb01598c40
SELL,0.997,195.21,1730902392,Yes,0x983a9f20dd3e7805612584dbfeef362f25f656916198493e20c0f3ad56e9081a
SELL,0.997,119.72,1730902392,Yes,0xadebb8415127605cde28f57a423c5f391644491aeaad24bb6133a889810689e1
SELL,0.997,7.98,1730902382,Yes,0x5a694324c86713b348a9ca3f84747c54bad01fcba8ea693bd4e87ac4b1ad3d99
SELL,0.997,1.8199999999999998,1730902378,Yes,0xa7d27135757c41b169484cde84b24e3a42b02a0f301f4a5841ab424fe9696b42
BUY,0.997,23.49,1730902374,Yes,0x58aeb57ddb227b8fd7686da82bd2e08395e0c11d8c2e991471a6b52a658fc0fc
SELL,0.996,914.2,1730902372,Yes,0x3e7f8593f91b694c4d28f31ce37af01d7a2520ea9762bc3114a1f7b6da640aeb
SELL,0.996,1570.22,1730902370,Yes,0x49a393d7cdd9896dc0ef83167dde8ae1febc6038e673770f0f094d4cf215829a
BUY,0.997,1000,1730902364,Yes,0x40ce085f4b4a523e69f3ba33a149957f62a0f660b0c68ad88dbbf49e26e39bcd
SELL,0.996,1761.07,1730902358,Yes,0xf094d30170af70c696d889d1b268d1491d73f701c89e2e1e8f0eb1af9ff2b2b6
SELL,0.996,22.4,1730902356,Yes,0x65831eb7ad3b3de2850a15e263d525030a9da494cdda93610965c2aae4a6f43f
BUY,0.004,250,1730902354,No,0x346c85ddac6be07060741619820293e280c2478902e0d25a736529a98e190596
SELL,0.996,500,1730902350,Yes,0x61a85213ef136c155aa87f7f00343023fdd5501aacf2c66bc33949154656253b
BUY,0.996997261173766,0.341022,1730902344,Yes,0x8d9b2c078044e32982f57edce578417e71be2f04b7f22a18127f54377868f1d0
BUY,0.9969984939996117,0.381142,1730902334,Yes,0x761f9764e2ff44ccd12db58c2b4bc9fa56d531ace5c8d844f95da22be846f3d2
SELL,0.996,381.74,1730902332,Yes,0x2c5b9aefe0bf55870c443cc796c528c9c98b0d3853f70a96ca74775878dfff6c
SELL,0.996,971,1730902330,Yes,0xa2b2586724275762aaeb396a35605ce3184fb06a2a3a3af05bbdf6f4d179378b
SELL,0.996,1157.85,1730902322,Yes,0x86d0d06f91221becf65c3fd319f90fe258872a0bd4a6c4961c41895c2d390a3d
SELL,0.0024921815642458102,7160,1730902314,No,0x5c648e1f72c1c4d0abd48b089b5e9b73c588106f15ef78c2f96fae713ab23d75
SELL,0.996,3649.4,1730902314,Yes,0xb565368e794045635161e95d3f9edacd18039fd51b9b8c91769c507f0dea8b9b
SELL,0.996,1000,1730902308,Yes,0x66804dfd279905241911b4448217b27e3d0babd68baa81e5d5f24bf43251ccb7
BUY,0.99699999703891,100.300901,1730902308,Yes,0x99bc50df7bc78fa8b11938d44d7c7b39994d850449f1b730fc093f972f310f96
BUY,0.997,9283.04,1730902306,Yes,0x821ef501dd701687e06323027cab5a11ddf7dd0beef93ca478448f897c398dde
SELL,0.996,10.11,1730902300,Yes,0xe119ef0e87e898b905a78f5b10c6f669789ef3093fe19bcef34cb0350076641e
SELL,0.996,832.76,1730902292,Yes,0x2d3258386014a337639c0c6f125ed1e8db066c70f714d72389ae1fb2d49a2139
SELL,0.996,11.93,1730902290,Yes,0x6dc35f733db50f4689f190e170b788e0442ae199ee8aedf6317927cf38a8ceb7
SELL,0.996,9836.2,1730902280,Yes,0x9ace48b902a414f476f5dda6aca47f1600e19a6aee274d61073c9057941ffbd6
SELL,0.996,100,1730902278,Yes,0xcb48c75b522507f557ed4199619507f6bf00c7d48441d9c47e5da7462775692d
BUY,0.997,60.18,1730902278,Yes,0x745e72f3cdd3b9a8d2182f1fb1bb996e8964bf1346555d38bf554c73deac708e
BUY,0.997,69.2,1730902276,Yes,0xb928c9145d5eee70569b23b517c2c4517f1c59bfa72456eaf0ec6c4a8d949371
SELL,0.996,20.96,1730902276,Yes,0xa19b5c817aaf4ed10755d4c2bd2135418fa37967cec4bf9fe6d11ac58c1358d6
SELL,0.003,436.45,1730902276,No,0xe2a1964f1aae01dc1481f1b753828f4c6a047885ceb8672186c8fa5edd45be66
SELL,0.996,0.4,1730902274,Yes,0x07333944e89b892e9061a9b252055bfe69a16c6baaf19dc7700e1fdc739191b3
BUY,0.9969982107827287,0.371112,1730902272,Yes,0x0b6c13947817b04cb450d1b078f03d52335722ff90642fa0743882111667283b
SELL,0.996,40.83,1730902270,Yes,0x1abc36129eeaae2572750ac23ae4402be17080e154901a3f3cf6a09a3e0df88e
SELL,0.996,181.6,1730902270,Yes,0x4a4375cf944d5eb05cf672cbdf88c7059f4785122eaf3b550f11ade855ffe72c
SELL,0.003,102.7,1730902270,No,0x7049473c7ca4c70dff09ffdc3820f09f99e56407e313ce49d2b6b82ba2c4817e
SELL,0.996,1,1730902260,Yes,0x39e61dd62ee20c26c3956906231402bf54ef5084ba279af58b94c528f43370a5
SELL,0.996,1.63,1730902260,Yes,0x5493e930b2384f5ffdd294803ce937899148bd09c9ea5ce136b7aa4676c1363b
BUY,0.997,79.36,1730902258,Yes,0x1cb97e5e9c882c27dc09ac7521daac5f1cd539dbaff66c13937a82173e498a4d
SELL,0.996,18.47,1730902256,Yes,0x84203574711ac7bb781c06fb1cedb74d61fce5f44eda357363a0e22787e7f495
SELL,0.997,580.03,1730902254,Yes,0x05ed59e83b3df8e4656148ca0e69382408c33f98d5d5db06e5301a112b827c3d
SELL,0.997,164.73,1730902252,Yes,0x5ff01e0532b190e601cba6262a0e43b2bcf111ea97fbca8ca9fd946865aede71
SELL,0.996193595624179,464.37,1730902244,Yes,0x67b485806c78dd7384f88cc89958918097cdeda0cd15d84071a0a24dd9cdd2b0
SELL,0.997,72.99,1730902240,Yes,0x91d639492d744ab9f565e1391e5f0bb5632c7209390210278a430df6be65c25d
SELL,0.997,79.44,1730902236,Yes,0xf1a0e6fdd2e703ec4d6b1b8f296156ef9b3c002713cde79c27730e5c68f951b2
SELL,0.997,16.1,1730902232,Yes,0x76b7df83f901bd045163ade1106fae928b4dff317185c24cf49ad7c58a0832c2
BUY,0.998,1002.004,1730902226,Yes,0x67a42d4a59c8a108e05af43e6b4365cc3900e6091ae1bcb5b94bc1b399d0e7c7
SELL,0.997,14.5,1730902224,Yes,0x0c6c425deead40f95434227141d2e5854bab76c470ed3495ee4bd01d9bcb7265
SELL,0.003,10,1730902220,No,0xb2b1222ef12bbc06728ca32630d6e3bddb48b05646f4c435fae985d0bc14845d
SELL,0.996034018497558,1599.13,1730902208,Yes,0x5eb35bed1d0196e78139de1444b35a32cf7ff41fbf2a0d97f46cb7eddaef2c8e
BUY,0.998,12.024,1730902202,Yes,0x51701f2cfbf2a8f4760fc3b368599a122b4e2250f9358113dfd4388db82e5143
SELL,0.997,192.27,1730902202,Yes,0x48348ba311b6b5026e5cafe70f3262d87a36dc5d00aa2a4bbe7ad29229635a36
SELL,0.996,84.74,1730902196,Yes,0x8f9ca0de956d5b2a82c010ec9f1d23e57e9f4b9aa346e57e2a2666230912031b
BUY,0.0035994318588107423,6642.715,1730902196,No,0x4266294d7c1466cad96c82c190a4888383345236f11ee5f7b5035f81f7eb103c
BUY,0.997,518.52,1730902196,Yes,0x15770999f7d846ad1f1aeaaec4b9dc6985bf8dc810ca4826b659113b745fc55e
BUY,0.003,1306.59,1730902188,No,0x5894d55744993000e0d10ef9eb498f7839010c3941a31343c3c40b1dd649fdcd
SELL,0.997,688.97,1730902174,Yes,0x12273053374e926fd30934c48ec5db41ab4683a97bd823121a6d9be19503c310
SELL,0.997,82.38,1730902174,Yes,0x14f29c588ae9597e54b2381346e9d79e19ed49fb56e8163e65eae64a96bc5bf7
SELL,0.997,3.85,1730902172,Yes,0xd60f8acb00d10d58cbaefc69bd2e029504cf32c899d1b08f65237f24e584e383
SELL,0.997,585.79,1730902170,Yes,0x7ec80381a5fca0cb246b99eb9a0917775ae3284e8499eaec3a79e9dbc50c87ed
SELL,0.997,126.82,1730902168,Yes,0xd5260a76fbbc7b6677726dfcfa1dfe963eae9ce3beaa769062adcb7cd1c5942b
SELL,0.997,6.51,1730902162,Yes,0x0bf9a48e86c8d71ab8f144398e9bee79bd037de73a80f08d0a788aed2530d31f
SELL,0.997,118.31,1730902160,Yes,0x31f351cde9efc1d76ae3291a41541f06e21fbb48f40401c4afa4405622a682e7
BUY,0.998,119.729,1730902156,Yes,0xeffc86207d8915b8106b4fe4cd92be6fee3af9e6b77359ac1fd37b730cd6680e
BUY,0.998,73.146,1730902152,Yes,0xff59edba4a745d847620c949136cd61e14bf481fbf9a62843f790f97d19ef67f
SELL,0.997,836.73,1730902152,Yes,0xcb625a340dff12a3b358d5d462ed88abf3cfe02acfa09d3cd0c5d07302b129f9
SELL,0.997,1.78,1730902152,Yes,0xecbaa16f267e99246eeeb3c766319efc5e41725993c9c64f29f32374a751cf8e
BUY,0.998,17.585,1730902140,Yes,0xd76c9e94b338d7b42d889d07f07d59e468b1e3e275d43914dc6284fafa614c02
SELL,0.997,22.44,1730902138,Yes,0xd9f97716e46302716269689d2c4666f8ae6881c58d76fca1a58933ffee8b3573
SELL,0.997,304.31,1730902136,Yes,0xf66f70a52435d2644f9905e5eb4cf6bfa9d0151bb3171fe820f7586fafe41677
BUY,0.998,81.162,1730902130,Yes,0xdd62e5e9a108dc63e4585be54f40e75df3a5b4907880d564c9f48d0dfac3122a
SELL,0.997,24.19,1730902128,Yes,0x769a628907364b959afdf98a3970981a568babc72e827c25cfe2b5e1deab5eb2
SELL,0.997,2,1730902126,Yes,0x5aba615cc6fcfc6c8b40e988474f1c691412c0e232f0e0ce07cbd66fa8c5b64e
SELL,0.997,489.66,1730902118,Yes,0x228c234d91625270fa7b43e0570f4cdf7df749d882a39bb8ac36d582dfcbbd0e
SELL,0.997,240.12,1730902106,Yes,0x6ae7ee376c3a8cd16b6b223147299cd633782ca00dca1717d8f22cd700ee40c6
SELL,0.997,1.8,1730902104,Yes,0xeba8816dd581cf83ec5c8ab9e5706bd3e3e50c042f23001bee68c199326a1208
SELL,0.997,73.63,1730902104,Yes,0x28f92c78c2bb36c8cf9055b4aaf943a37c9e9351b1fc319622c1836fff212a50
BUY,0.998,36.072,1730902100,Yes,0x82ebfbcbdf637109af7725caeed337f7c94420e9a7d2110523d603f868c40206
BUY,0.998,66.132,1730902100,Yes,0x28b6ac42e5d67efd7e4a7eb0dafff725a712239b8d714947aa576e34254d30de
SELL,0.002,500,1730902096,No,0x0daf6461fad8c35a502fc3835ceaa36ba31ea8df061df08e3c70332cf2af59a0
SELL,0.997,119.85,1730902096,Yes,0xea1db3ec3c5c1ab001e8e5d11f19219157cd9631806e7c6252d8492feecafb60
SELL,0.997,356.34,1730902094,Yes,0x96bf045c78b21fec06c2885444c7a8b0e8626b5048bfc7b1ff9dd1f51f12cb9b
BUY,0.998,140.28,1730902092,Yes,0x7a7c562b310658687eca027834b1addf58b551d365b932c2aa24c6be869c61b6
SELL,0.997,1023.19,1730902092,Yes,0x64fbc279a3483f45be8e1e756457e0e02ae14d3d2dfc07d084f5aa283e5a086f
BUY,0.998,1174.3685,1730902088,Yes,0xf62003343386cba15240464ebe1bb56e0b55561789ed190e812b6d795c62bd7a
SELL,0.997,17.14,1730902088,Yes,0x65cf2d0cd4f7bb4bcfbcf411a1a142f4e0020eb907ea0cabfcccce627889ca72
SELL,0.997,558.22,1730902084,Yes,0x97fda7dda072439fe6e6cb208ee8774ebdc70dcf83b7b629d69786e4d3830626
SELL,0.997,742.11,1730902084,Yes,0x37cbe5068930d5069d9b701deaf83ffd62074752fab53d2d574e778d2af0f65a
SELL,0.997,1558.85,1730902078,Yes,0x1e3ae512e8edee69c28a1bbc226b4fe2be88eb961e265ebb9f4e6f7ab16c00c3
SELL,0.002,11000,1730902068,No,0xb4348e1aff29eb706d77b695dc0dba09e3797c829b96c120eacc24a584aeb298
SELL,0.997,5246.64,1730902066,Yes,0xd40c0afa46152334763a5f100fd202341351f783fa552521e67177a6ff19bdc8
SELL,0.997,82.64,1730902058,Yes,0x6d7a034a0507826ab389ab66f7fb142f02cfffda06a3f5556bddc9a5999088a4
SELL,0.997,1300,1730902054,Yes,0x855e075405cec91a7960f0c53992bdeb46092546344de9c9d2a3ca7a23bedf81
SELL,0.997,38.37,1730902052,Yes,0xa8a09dc38b00d6b22d4adc05ac70023b7de8c0d41b2d1b1c2806d26cf54d1e30
SELL,0.997,837.25,1730902048,Yes,0x8d8cb469ac35ddce32670aac3546cf826220cb73935eb5bb2450aaf46aa83b4f
SELL,0.002,108.33,1730902048,No,0x801b7c0467d9b2788b99df9462cbb518bedbfc481eeb90bd3594eb31baa51b9b
SELL,0.997,4924.81,1730902044,Yes,0x15424e30962dceb0f7cd416c704bb25b30fd4316b98483b6cc2a3d6835f9b03f
BUY,0.9979999413175956,15.030059,1730902040,Yes,0xe75f6072f5206024487f0eae568f695c2986e95a5efb6fb69546f415e1cda2fa
SELL,0.997,17.07,1730902038,Yes,0x3d0e459eb91c86586f10e93f7918c9d6a75080dbcd99b85ba91b848b968e2049
BUY,0.003,3000,1730902038,No,0x12db647a1a639f31fe8805515a987b5cedb1a9dbd7ad0eda0eceba1853fa9465
SELL,0.997,5.42,1730902032,Yes,0x6c16d1bafc92c561959fd951129b37ab5a21addefbf0ae6257581cca199d4f01
SELL,0.997,95.38,1730902032,Yes,0xd2da2b5217038546a6acd970a92089fb0413315fe46ed7c51d6fd0417d078ce9
SELL,0.997,134264.63,1730902030,Yes,0x7f1d667c6f560ee4d8b7c2759679daf94da8922acfcc56a5eecd9b7bcec326e7
BUY,0.9979999994925656,729.158315,1730902028,Yes,0xbf18f1814567128e43fe030c9029ac36d22db863c9c3b0db87313c2f89ac194d
BUY,0.9979999079843901,10.020039,1730902020,Yes,0xd914f0a7a5aaf77f79200538eb7abd5c1329255ed415dc1072719f69c1a69112
SELL,0.997,108.61,1730902016,Yes,0x44f572f604fdbb1ce0456c4fcaa9b61cafd31666847adc056af743e9b88c16b8
SELL,0.997,171.81,1730901998,Yes,0x04d009eed278257ba9023b941e6633e4a68f0c18600da4199317267d88fadf39
SELL,0.997,1854.78,1730901996,Yes,0xad90fc5030ad9329b839ce69f85e95e3a0d43137c05e4d23c4434230e6ef852d
SELL,0.997,4102.35,1730901990,Yes,0x63b625a50505a55e5c9bc8f75fa9c61194ed409acdf9582c3ef6709cab217175
SELL,0.997,356.25,1730901990,Yes,0xbe6091ab3623bbe731285aca8bc1a2b57d2181a1aa8d043e8a80984ab2af5f80
SELL,0.997,3352.59,1730901986,Yes,0x33a9c81a2d783fd27f932b9c307e5488cc254f2d316049ec67ff6f26b08e15a8
SELL,0.997,330.5,1730901980,Yes,0x5cc6a255aefc16ac4b63a15dba555e87319dcda22bf7a038360c16c9e9f0aeed
SELL,0.997,241.85,1730901980,Yes,0x451e59d480e616e184f25ef5df8f8216b72fda5d28cb26cf27e0357bd5e74b8d
SELL,0.002,13.47,1730901972,No,0x10511c84854a9a3d6df1942fa9a9becfdbaa9a0adbe972ec33c1cdec5723cb9a
BUY,0.998,135.72,1730901968,Yes,0xa1cd7f55616e1b8d0127d1785d10ed6dc113f5391a708cbc8c42e0d53c49720d
SELL,0.997,1846.58,1730901968,Yes,0x4ea962ef7ce8dd899dad274f0fa696c220e714397583e314fc6a6317166c6bcd
SELL,0.997,2.01,1730901962,Yes,0x00ac597e074ec1589cbd2faccdd2fe550d81f2296fc83824f561bdb142ab56c1
BUY,0.9979999579841976,20.040079,1730901962,Yes,0xf84047aff5e2133d52dfd9f9abd1a298fc76d3241b2b1ad01126dcae1b7a0881
SELL,0.997,61.63,1730901960,Yes,0xacf2e98a818e5d5439a8ada283001e05ce1aeb6375857b77585de2cccfd88e68
SELL,0.997,361.03,1730901960,Yes,0xf8c97069cd6c2737b9c7bef28d1fa0d6be5127d369fa97b13176ef3929b5c9cf
SELL,0.997,173.59,1730901958,Yes,0x14de071b76c5996f3a6cd625812c680a5e373036533b1a58bd0e10c0f149affe
SELL,0.996,16.21,1730901958,Yes,0xec3a63f32df8a2e7fdf356a73a57f8d1acec0d5b0fc239de97c02d2d6993d6ba
SELL,0.003,42663.65,1730901956,No,0x290c9cfc6409a89048a64b34d0898288704d5e044bddce9d875418b7023973a8
SELL,0.996,74.41,1730901948,Yes,0xd45bb132ba0a5f2502a06dac21e576a24c3cd19d920dc91be19c4a95d34eb83d
SELL,0.996,802.57,1730901940,Yes,0x793160381b54079f6dfb9fd5741f919397508e8c957786c7bc25db70e7a879c7
BUY,0.997,18.41,1730901932,Yes,0x1a3a1a40d108c237f051b61f6e58be4469b7943219cce21e9ff400c2e0c526fc
SELL,0.996,3.7800000000000002,1730901928,Yes,0xa5509064ec5e85820eb2495de6127116e9b2aa1eab6eb5f86c3afbd63ac79b03
SELL,0.996,10,1730901924,Yes,0xd45204119cec8ae72ee555bd4c74044ed6043a7a874c0732956fad6760e6e3be
BUY,0.9969946872908032,0.070209,1730901924,Yes,0x81c1ea1163f9b6e4657a8eb6a8685bac8a039afc4c3158a0a760b78276d5c826
SELL,0.003,69.38,1730901918,No,0x6c2a788a4d5020bd0f1ea44d00c1f4212e3344a1077a5e7874c46ea14701c7d0
SELL,0.996,270.76,1730901912,Yes,0x91abfa453afdc10d1ac5e32ebf3ab659e46d824262264518edb70c3577b6f2d2
BUY,0.9969999923273462,0.260666,1730901912,Yes,0x071a3f9e16e151dc5abf189174245d374870a56b9a3ba21d17373c3646427450
SELL,0.996,1,1730901904,Yes,0xae30d2be9dcd1aede2f18ee64e2cc461841280d498b665bd5d7ee40e1743fd61
SELL,0.996,200,1730901902,Yes,0x04551224cadb2c09e3cd5d808330a8e6a29c1739df0c54fc2dc77760766824a2
SELL,0.996,15.62,1730901888,Yes,0x2f69b10815925fdbc2c9200f7c589f2d2638632d594374a7942a38a979ba98c9
BUY,0.004,500,1730901880,No,0xae6ef74a703d524f634ba55d681d88fc57ab8ef69246d882bb8c52d859a9ffb2
SELL,0.996,19.23,1730901878,Yes,0xc147d4155d9fd1ff09c2db24e37e37947c2c8c3df9dd2290542c7d7154338866
SELL,0.996,8791.81,1730901878,Yes,0xcb8cd0e01fccb90587e7ea108aed6ffe7e87926f9c7711b6b195e4ba5b4f0827
SELL,0.996,100.5,1730901872,Yes,0x7f764212f735553291a46c03adc7093c075ab279f626ce8efe8df16ba4989180
BUY,0.997,10.03,1730901870,Yes,0xdaa5a8bfc03a33b586ccad769ad59ae03fcea58017b428e35b77b51465062116
SELL,0.996,3110.02,1730901868,Yes,0x26d33b974709560ae9bcf6cc079527797d3194e88c3382c848c734a09254818f
SELL,0.996,1.6800000000000002,1730901868,Yes,0x5bc8e92f0e72d2713717535e15e326592e0c4bc386b4e149e88698e6a7459b12
BUY,0.9969994777572045,0.21063,1730901868,Yes,0x120e4894c0b1e8c0886c9d903eba0b5e69448398007fe96506c3e09a9024bea3
SELL,0.996,423.64,1730901864,Yes,0xa916779cb4d9684660e8b55eaae209437317fffdccb24b5df81f588fba0e2ed1
SELL,0.996,8.94,1730901862,Yes,0xc60a66b35e24882d9173c08ad7a239539fc51317db1bcb545f6d5b18f57547b9
SELL,0.996,1119.2,1730901862,Yes,0x4cd905948d03faa817826b7564ce82c48df5f007e7144545683a92f95ba5ea85
BUY,0.997,8608.79,1730901854,Yes,0x537050222bef650e75fce0a3e3d7f18e8f73c55022e435cef9f038232badeb88
SELL,0.996,100,1730901854,Yes,0x67890f10e626d2266533e30e1bf3abddb4a643342a8c3a0f26a64a0043799b55
SELL,0.996,5.46,1730901848,Yes,0x44552a1255db4f8d16cad93b70b4f6b44b8bf542832d4b1b9c595a31c8f63c6b
SELL,0.996,4577.79,1730901848,Yes,0x092733bbb06b49a3bdba7816296026e3c9a7bb0d855c855dd541cb9674ad14fd
SELL,0.996,31.13,1730901846,Yes,0xd75b1913fb8b08f3b82c1059dbb243cdd9880cff3b66299f04b04c8bca09c3ec
SELL,0.996,1719.2,1730901838,Yes,0xd260c70eba4ef1056ed8130dd0bf4925d74ebd26bbf95a0c8d7c5f8bdfd8f523
SELL,0.996,1004.25,1730901832,Yes,0x86d62bb7a398790bec6e3d500d480bd846b439c19479c0421d479133446b134c
SELL,0.996,5.21,1730901822,Yes,0x776d8723201b74aa69255ac9466e149d8ce00e7b035b4b33742617b3e77c7bce
SELL,0.996,187.44,1730901816,Yes,0x2c7ed14109d37db832fbd2470ee13dad44b76ba6d65eef8038029712061bd54b
BUY,0.997,1298.43,1730901814,Yes,0x147de2b15f01cf39385cfd6cd244214d3f41fd37605f8bb2591336377909cffe
SELL,0.996,7.45,1730901814,Yes,0x9b0f07a0ccd3d803f99bb3cf8789cd762d5c9715e2132ca7e1966f798fddffa9
BUY,0.996999999994911,196.499333,1730901810,Yes,0x67af1d2518ebc9433d50f7fa0a560e6ae9d28c334ecaf120ed6830ddfecbdb2f
SELL,0.996,1.6600000000000001,1730901808,Yes,0xc76bcdba5f6bd4b8466e1b5ad0b0cb0cb10dcd3bf6dd89705e2600d5c6de49f7
SELL,0.996,2752.98,1730901808,Yes,0x1e791cd60e2dd5570178d7ae30462bb995a5b88dbfdf029fcb2590fd133e5101
SELL,0.996,2.04,1730901802,Yes,0x32e1a8df8d0a5d788e934f41bab4a3c4050979d228da679444d9b6ff28e964d7
SELL,0.996,4850.48,1730901802,Yes,0x6109b9ab198e34bed9d6e4a3e2b8d0df4ec93ef534837677708454139845100f
SELL,0.996,1586.98,1730901800,Yes,0x61b1971adcd4b2615661d0ff2db4b1fe59b6efbecd9430b4a752ad3315d336b6
SELL,0.996,29.28,1730901798,Yes,0x6f2694c0f5552fbf39b9d0c32889986332504d6665366cef0f826386529b04fb
SELL,0.996,206.57,1730901796,Yes,0x95a2b2a894542e03309df9e0ea67c806820f008b0780c20f3ea6462caf34f612
BUY,0.997,78.29,1730901796,Yes,0x4258f3d828e2abcf1d4ca891cf450b562a18cb7672a014b4b1e13a793986f22e
SELL,0.996,8.13,1730901792,Yes,0x76a67e19d717edfd0f358705b2e89c77dedbe53c57943e8b7673f7700a299d98
BUY,0.997,975.69,1730901790,Yes,0xe1071eaf60f3e115f21fca8ec6f1a5f641e131b3e5e494b642822a1065e6fdd3
BUY,0.997,350.53,1730901788,Yes,0xa8bb50bb3a7a0121f65c548e54d5085fdbc16325825fc804dce6e692328cd634
SELL,0.996,183.52,1730901784,Yes,0x1a8a5de0d985b44beea701edec48e044bc7d5781fdc342601111bb52b6edfd23
SELL,0.996,121,1730901776,Yes,0x97e3918cae89c91a211667a42dccfabae8bcecdb85dc0f5b04d994726b787392
SELL,0.996,64.51,1730901770,Yes,0x847cba60db4254f4d538713a652f020d10b4200741602002810bb3545c991b77
BUY,0.004,750,1730901768,No,0x2a644c2b7609f348890bac1963ec13ec271a91829f88fc54304cc8b8d0658aff
SELL,0.996,946.84,1730901764,Yes,0x54c2e61f1e1b1bc73b791e4c71b1e1568c6fe02ddb795dae2e11eece4ee78686
SELL,0.996,15.05,1730901758,Yes,0xefb2d368eaac9400b2e92fedb073974174c40f2fe9d1c9783a00359677907ff7
SELL,0.0029929747146001896,51886.86,1730901756,No,0xfe3763f0e0c1cffe9252cffe9b74ee5b1f1ed1bbdffe1ed42f05f2ff5f772bac
BUY,0.004,25,1730901754,No,0xa45e11b0108fd042f022d113fb7e5e6267fb2d86906fc477953194b872dc2c3f
SELL,0.996,23.47,1730901754,Yes,0x1b5f505214b5103f66b7c8fdd3bbf677fc09c60ae704a7ec55b6948a49d89709
SELL,0.996,115.31,1730901752,Yes,0x9ad12181813848205bf59a7471c9219ee84b32e0a9456a92f1dc090e3febf8c8
BUY,0.9969999999989438,946.840333,1730901750,Yes,0x452ce8e37b0594178fae1d0cfb318cf92da19df8c14ffc2cbafd4db2dac1bf2a
BUY,0.997,99.719,1730901748,Yes,0x0944222dbce362ecd9f6ccb32658d7030e23cf90489439f582857964d09ea764
SELL,0.996,33.13,1730901746,Yes,0xffe86ff075b2d504efa9c377d1972a4516645ad20476ef561a4d3ed247eea3fa
SELL,0.996,16.78,1730901742,Yes,0xb311ad3f0aadf3ef796e2dc8ce065bcc162aeb7567f01f2df60728e9f8b32546
SELL,0.996,1000,1730901742,Yes,0x432d2fbd95fe596cca1a348e2724a7d5aa04da7b2c03d7dc7c1e50cdb931fba0
SELL,0.003,246.67,1730901742,No,0xf88c8e75637684ea587a272da8246f6c8721bd12a1ae0307157bbd5002fb5e34
SELL,0.996,948.79,1730901736,Yes,0xf9e8fb1afd978e0324117def7e694d9113c33bbe00d09472df835966166635b5
BUY,0.996,40,1730901728,Yes,0x74a3e029dbe59394274265d723cda6c025cefc5749b44bd02f1aef813f5a4219
SELL,0.995,120.59,1730901718,Yes,0xbf64ddd21553e35d6a66ebf6af341fa42fdcd021b482f00428463b347286e655
SELL,0.995,5.14,1730901716,Yes,0x6438778121969a5b6ebebfb979f0884bc98b61a58f7e89916648937448aa3f09
SELL,0.995,11608.88,1730901716,Yes,0x5ee840e1d9589caa639890816dcc86950424e3b0f32eb2736050afafcb6bac4c
BUY,0.997,19.057,1730901714,Yes,0xe1615d970cbda7caa720c63cca1925c356a29ebf9799be27b308766ab76ec404
SELL,0.995,95.93,1730901708,Yes,0x4461e8819b1f82554ef73634ffa06694875d827a7be2b47b17e59cf95e0040bc
SELL,0.003529551569221506,33016.69,1730901706,No,0xf4d7fd13fe603c3b5de105ffc7079e88e59552508c5f29a415ccc136b7ca8ddc
BUY,0.996,3000,1730901702,Yes,0x7645f359675d3544cac33e8b1267d7f79e671a101eb08de75625b6081e7049a2
BUY,0.995999999700673,948.795179,1730901702,Yes,0xa022f0b44662d2fd3c7f5f7292b16943457cd2d1090490acabb2bbbe806df1b2
SELL,0.995,11.11,1730901702,Yes,0x20c88155fd3e78f92b07e8905962754609990865fae4c12309deddb3be788fb3
SELL,0.995,628.51,1730901700,Yes,0xb07424e7e3fadd8b72523dd4b3bc3a5d3dec3b006a379d3463d943c0ae78cbfb
SELL,0.995,28.06,1730901696,Yes,0x3b71e3d4f69b9244bb8883845cefcc5a024894c6f9400e47248badadb8cadef5
BUY,0.9959997304158933,3.012047,1730901696,Yes,0x203df019f96434ef4b2b28286d82d0e91ffdc497eb0058448be8618b7547291b
SELL,0.995,949.84,1730901692,Yes,0xe143d44203c83d90eb3193aa5c9f8681a82d68eb5039bf1c34245322caaa92d6
BUY,0.9959999998359282,950.803211,1730901684,Yes,0x1778abe37a75ece322a543f2da079b31f88b0959fff40eae46231a89cd7f2051
SELL,0.996,8689.44,1730901682,Yes,0xc634b98c5beda3e2e2a165e30bf1c427363c657ae62992ead7c9149f03f881b9
SELL,0.996,1639.02,1730901680,Yes,0x6d8b981a857dd305cb506ca722849853b9adff5433cf814e03adaf63fa14e450
SELL,0.996,882.59,1730901676,Yes,0xda54b0cff5c84a355b88c40c5190a9cccd4bda325b19f775e361ed32b84b5170
SELL,0.996,52.05,1730901674,Yes,0xde4d079983a39f20f9ae40e05962ce7d25ed52218902ec2f70432d8f3eb8dfeb
SELL,0.996,116.69,1730901668,Yes,0xcaa3adf62abee994108b4337f6652a95b97f3d034d92cd792f246b2ccf02b464
SELL,0.996,4537.51,1730901660,Yes,0xf41c443125396f4b512c4ba41b2a575b4dc1cba6204235175a6e0ad74fd1cb6f
BUY,0.997493034501956,89883.02,1730901654,Yes,0x0e6a1b8915d6ed0cd5763b8d148660515b555987e2844bfa7b70bb0111e1c366
SELL,0.996,634.69,1730901652,Yes,0xa543a1d5a83fe77422b0c13d0ccc67e59cb1749af0fcf91cd3f59963e30c7062
SELL,0.996,950.89,1730901652,Yes,0x55ae9ca3dc4a0d35ade2b5cb44abecd090cc494b019a2a0c08340edb1f0be920
BUY,0.996999999526291,1112.497491,1730901650,Yes,0x794eb2d9c3a544bff17ca3b8b32a3dba35b086ec4ce54fedabb89c76578d2576
SELL,0.996,259.91,1730901644,Yes,0xca09fc23bc338dd17ffd7d25d4369b20f61635f76eac849336259c0c3db5ea68
SELL,0.996,108.89,1730901642,Yes,0x9318030057f6c5bcfde1652a7c8cbe864015c9763a6a200db921ef25b8e11e6e
BUY,0.9969999989809576,950.892677,1730901640,Yes,0x1bc7cffaba25eb4e5852623d91f5a707f492023b97134610b74e39388421acb4
BUY,0.9969999990699067,199.979938,1730901640,Yes,0x44f36655e25a80d4596b0c7fd6644da66a3b1ae6461f4d236773c4d62b5a35cc
BUY,0.9969999999362404,1003.771312,1730901638,Yes,0xe7b2a0db7b5f05e5fc898c686604b104589af38564cec3f4ef0d4a7a39f657f2
BUY,0.9969999959018625,203.019056,1730901632,Yes,0x73e67736c0f28af8a0247da824fc2a082e7e321d819c67badbd59a5746231d12
SELL,0.996,40.67,1730901628,Yes,0xb1dedd38aadb7c9273e283e081f26e57bcacb9af8e3157ade4ba8dab12ae0f65
SELL,0.996,709.69,1730901628,Yes,0xe1417a9e89595339c7779bf94d1feba4917cf79a7473744a85dff9886f4dc3ca
SELL,0.996,177.81,1730901628,Yes,0x9e6e046e4a87672e09d8bbee39de5fbcad2bdde9255a2ae1784aef3b4b684c48
BUY,0.9969999993464892,201.985956,1730901626,Yes,0x2a0c0e74203ce1afa9f4bac146fc9102e2fafdeb2f753d28c0f6cf8d5d4181a2
SELL,0.996,325.56,1730901626,Yes,0x336e43298ff60fdfb52a88bd2a9a0fbf5d603bf14d9eaff96533bb139b21398a
SELL,0.996,100,1730901624,Yes,0x7d38bd19a5691398733e487af875dd1aca35bf04f27875d11a4ecd76cb65af64
BUY,0.9969999269198907,10.030089,1730901622,Yes,0xc31885a5b78cc277419e59493f02d56f10311e2d08d3a397a8ff71792f42831e
BUY,0.9969999952668768,203.671012,1730901618,Yes,0x42b434c8019c859c375a8bb28e909479a5d772d7145fea6c24ba7fd929032b5c
SELL,0.996,188.62,1730901612,Yes,0x903c000192638c1f8a32e4d1a1a956458418cc795a23c56120ce99594afcf568
BUY,0.9979999980622268,213.647293,1730901604,Yes,0x005751e5bd1ee0d0373d4cd752d14403ef6681ac1418325c9d770deab80e3357
BUY,0.00387410840118408,6499.56,1730901590,No,0xb5abb3724cfbb5b6b720e03407f162c10006bc08e0952789a704d61385949493
SELL,0.997,224.29,1730901584,Yes,0xd22d4b46c890653b67c77c23b72e7683b32a0ac35d2d3cdaace9ddd0b96c441d
SELL,0.997,1000,1730901580,Yes,0x499f404b39f809780a19f1c01c09ea85cf77ff31b420de90864b98987835cafc
SELL,0.997,137,1730901576,Yes,0x40fcc22a3b4c98d7e06ee7cd178c83a3514242b93fbd330067600f9cd72d13e8
SELL,0.002,100,1730901572,No,0xfebebc02a4e9e110a88ef864fbc9d74a884166e6ec7be83ed135def346b2bc2e
BUY,0.0030000000202702703,246.666665,1730901570,No,0x09fbaacb2eabc99a7bd47c06731b07c14af380cbdfb703261f56629c01c85902
SELL,0.997,16.49,1730901566,Yes,0x346adec40feab33cc55effe90a61e0294c4b0c22e163c52a2ecf4d8e6fee475a
SELL,0.997,39.08,1730901564,Yes,0x9101b52499b893b87a24a9c4f98986cfd349b5858981c3e82eec9886f24de353
BUY,0.996532113158682,23900.95,1730901558,Yes,0xfd7272b2d42d5eda0552b4fe4af74aeba66b9cb35945d4d1696b62ba8a0997d0
SELL,0.997,184.4,1730901558,Yes,0x8521e7d79fbf97be60038f47f79ff35c83b9e5df0a1dd403a6b1dc7e448a5d09
BUY,0.996,224.29,1730901556,Yes,0xb8ab0a25039029449edee2850f16bbbe37196d125afa3bbd1df9a650d920cebe
SELL,0.995,86.17,1730901552,Yes,0xf31c0b5447515c9fc2622bea29dbe780c280d7f09f67652738f1541d36a461bc
SELL,0.995,39.67,1730901552,Yes,0xfa0fa25085010271531ca6cfb0ca0aeb405df67211df546d954f83a815f32a43
BUY,0.9959999986405952,211.857428,1730901548,Yes,0x8c12ba4ce984550e48a6eaa0a0c5af70e0170400d97b8f52806f77bd41af461a
BUY,0.9959999992176145,1206.566264,1730901548,Yes,0x6e8eabc26e0a5618934ec8657b3781e7c1bed9243def6a1554a9e33e61b3acbf
SELL,0.995,50,1730901546,Yes,0xa01d54cb6080560958f7d98642b1d964449be6143ab40628142cec9fcbb92bd8
BUY,0.9959999971651888,201.777107,1730901538,Yes,0x50cf1eed5e2d3936e6d4f8135a673131f247461bbb33a9e61467bf71062453ad
BUY,0.9959988047931915,0.291163,1730901538,Yes,0x957da5e524b5ce55e53f7a4ce8522b30eca718f46ab333420b4c83fb4a98ddc2
SELL,0.995,103.98,1730901532,Yes,0x139e9cbac17e938f5b7d42c4e431334fc813837d85ef5abfa0469aa7dac4b123
BUY,0.9959999962316092,167.710842,1730901530,Yes,0xddb204c22831b759d749ff18b4a8dffaf3c9cb5a95789cf1290ba00e1423ac45
SELL,0.995,5,1730901528,Yes,0x88dfc9924510c74df5f7f1c6d762bddf5f8dda8a19efd923b2f5fb601765c016
BUY,0.9959999998225728,157.811243,1730901520,Yes,0xf7b457a2be6c440ea08998500c86c503ef131f6e0acc601ad4fab9d1ca7d08de
SELL,0.996,8969.26,1730901514,Yes,0xb6d1960551a2240194f575f8862b693e85fd16e3bf10ee31a9b5b712b0ed5f68
BUY,0.996999999080766,1003.009026,1730901512,Yes,0x21dcaa2a09a6b41a2b616672094ee5b499cac9ba3a000e04fa06cc01a0e5ec3a
BUY,0.9969999982704166,152.637912,1730901510,Yes,0xb2af960648e3cafae39ff0b2f68cfde58d6a780eaa6d105ec38de17347fc67e0
SELL,0.996,36.85,1730901508,Yes,0x1bbbaaaa5ba36c6cfe2fa0f54c2a1929848993f0c6a2c2906843dfc09b080c84
SELL,0.996,1.7,1730901504,Yes,0x7607d106127812049c9966d33f591e0ce8cd4fe34e4f74f292e6b9082149ee0a
SELL,0.996,170.03,1730901498,Yes,0x42417039522aff0f1f5ab0feb7bf1bcbc2e7a9d88c53a58b47eb5de57ae2cedf
SELL,0.004,822.16,1730901494,No,0x7a8efc8da4bc2e893c3e4866822ad34ca024de53ecae4749e35595edf54806b5
SELL,0.995,207.91,1730901490,Yes,0x4462e605a88c114bcd50b552b497974be184a95834fe7d4f86a6f8ea8d06d309
BUY,0.996,79.43,1730901486,Yes,0xb4ad6d952598ee632202225e72e966cec7549578a20d30babe835230f8b953c6
BUY,0.9959999961000324,185.642569,1730901486,Yes,0x9174e0911feba8422e62e35796d7cc7b77d20e39196b96b72446ff7ca2b3a7df
SELL,0.995,712.26,1730901484,Yes,0x04adc6aa64274956beba3bdd0c71d600df0e0fb08d6fbb03e3bdc0a2b872bd10
SELL,0.995,41.49,1730901484,Yes,0xb8c952c1b91492aa24032e2f65887693201fbd843f50a75aa08d46539b24f908
SELL,0.995,184.31,1730901482,Yes,0xa3d51b9e37a33ec95d0ad95d2db689df77eb90c2ab86ac58e482ebdcce91c19c
BUY,0.005507457096909215,1815.72,1730901470,No,0xec30dfcb21f30cfdbcf08cec03047b5cb8cc0b598f11c8d283ab92c7dd92d0c8
BUY,0.995,2723.28,1730901468,Yes,0x497290986db12cd195bcc5a3fe1fffc733ee57b970d89c6815a3dd714751aff8
SELL,0.005,2128.78,1730901464,No,0x86d818569541b94d4c9d8e1365a832fb79b9bf4e2151210937a4268667019c2f
SELL,0.994,30.2,1730901464,Yes,0xeabfaba3c805505c240db359705a9927e612118e9291e0cafa018c9cc45b68d8
SELL,0.994,76.63,1730901454,Yes,0x746bc8c6218b4d2b2dd79ec49ef70ff0c2b5033b3c594c2b2b934a9fea56bf6b
SELL,0.994,0.13,1730901452,Yes,0x3d9cf0f291c01f48efe9ab59dc56ebf698a0bdab48f484d0766531d72acc2f5a
SELL,0.005,147.96,1730901452,No,0xb1ab21795a0a5e6ce217718f47c20112ce130c3ff1be852fdaea259711b033dd
SELL,0.994,2210.12,1730901448,Yes,0x4dfee0eb83826032234854fa4936dea101123f97653b65899fef5b9a1dc54743
SELL,0.994,1358.42,1730901444,Yes,0xa144322d32b5d7c859c00bb0692604426640edf44c0be9a774b98bc9f42103bc
BUY,0.9931962374790918,5201.3,1730901438,Yes,0xcd9fcb1cef1a24ba29eefe0f0b6633ff0284757904b6ba870fa67fac9844b410
SELL,0.991,440.12,1730901438,Yes,0x3e950bb9885e4eb1b1d460fbc3bb076610ea5c0c08395efa1708fb5f8bc56038
SELL,0.994,186.07,1730901438,Yes,0x9036eafc66095d94203df9c86e99f15e840cc968bc51bbe1b29f2b6b98e22e3e
BUY,0.992949359504121,1007.100703,1730901436,Yes,0xf8dba58f7bf37ddc62631425501341d2a2a889631736d82e43982b32f5043a53
SELL,0.991,3078.16,1730901430,Yes,0xde1dc2ac8314c0c83b37aed40f289efd4a3ef5fbce6bd2e1b57d54f7153726c9
SELL,0.991,766.33,1730901424,Yes,0x2b3b507da5a9762888a07f98551e0a99508e607f92dee6faebee5c0ddcec24fa
BUY,0.993,1647.82,1730901424,Yes,0x230dda327c931e7ac37599d7366b074f99bbf2bd46c5acd08bc794fd1e99c6fc
BUY,0.993,18.45,1730901420,Yes,0x3f7ac3219ff500ef6262f18f02bfd28c1db1514e509e3f9da610b65370887321
SELL,0.991,197.69,1730901420,Yes,0xf48641d6d17bf12e3284fd62617eb78ca4cc3e3d24f39ca319dfd2a634162103
SELL,0.99,15.43,1730901416,Yes,0x53bbb7fac71cec65d9ad53effda5e3a55cb036bbf5bd196b1a1a255d0387e4db
BUY,0.9929999988512003,302.054379,1730901416,Yes,0x91ecea55501122d6a01e8f7f442072b7e51ef4b3c0338edbb5ada40ec9f5b267
BUY,0.9939999825900367,18.38028,1730901410,Yes,0x25efca9e07904af1d9a5288f595bb1492e762a84382885255ebc779b2b828cac
BUY,0.9939994766277789,0.985914,1730901410,Yes,0x906deca9f94fbba78d4a8f3358ff9d83556f0b620b2a8f2f67bc1c7d6066d09c
BUY,0.9939992147390498,1.006035,1730901408,Yes,0xe0b709ea43848660af65007d0321737392d746141f0e2dd5547af5a70bdb6c54
SELL,0.98812907471148,395.12,1730901406,Yes,0x946b1565c35323442cd142572ca93906a710d2def23c294d5f4d0bfb3e188b71
SELL,0.9900863819986989,21627.77,1730901402,Yes,0xa9f05e51106e87e460f9b01651ca7ddbb151799c7d7747434b8a1eac44a91c85
SELL,0.0027840299308504648,33482.51,1730901402,No,0xee3fd0270c13100751957a33dc7afaeee479e40303c23f1ac059f43469b7859c
BUY,0.9949999997043091,1318.944722,1730901400,Yes,0x429ad0e619ebb61e0a55677be7ea3a72284c3b7c4d7a5f08eca8af96d4eb73fa
SELL,0.9935846942398154,1802.72,1730901400,Yes,0x9f6030a1c1836ba709464317a989f774d8f4b55f3ae3c95c0dca704728e9325d
BUY,0.994999943465902,11.055275,1730901390,Yes,0xa9a3dd95040a7d9399b79a47ec493e106fb7da1329b1f4976384af798de562d9
BUY,0.9949999997871943,2020.623114,1730901376,Yes,0x26a1b42509a0df7d9b7bee2a006b3d3091d29211b9cc8eee381fba5b80908c00
SELL,0.992,184.56,1730901372,Yes,0xd1ea0b3e641ada79680cbd528da38ae349e564250d0c2f98de9ea6bde29ce22b
BUY,0.994983063079778,21472.074039,1730901370,Yes,0x2b2ea246d2e1b32b2d34f9ae6e053706b4b6bab8e05c6f6ae13f210ec7f36290
SELL,0.9924730423174939,1153.66,1730901368,Yes,0x8a53597f4ab1fb3811e5dadfa5a4c6c60ec019adafa23ff546506cff04d304ab
BUY,0.993,154.27,1730901366,Yes,0xf379554edccc6d461cd1aeabc09f18ddb29b421129778c08505f223ceea4a24a
BUY,0.993999999803188,4024.144868,1730901362,Yes,0x32628211fd5fafa0707a1fa83b88098465ed6fd68904003ff96f4873622c3ab1
SELL,0.991,9.53,1730901362,Yes,0xb95558afccd97957f86668659cf7932b9c1e06cd8520f5045caf4fc0f17374b5
SELL,0.991,3.43,1730901362,Yes,0x7b787bc900437161a3bc62f56e75ba2bb1cd977915c7ed0860286b905f62fbe2
SELL,0.991,4.74,1730901360,Yes,0xe142e0df039d14d4997478770da8cd1a1807e10c447c925787d0d2a138a83c3f
SELL,0.991,76.66,1730901360,Yes,0xd5783e5ff9dcb746c029f0909cd3759b6c040adbd517c57e34c525bd14a682c9
SELL,0.991,2336.24,1730901356,Yes,0x070dedb0f0755c85aa3aa10242efa3ea701c0f9d004bb81c91f57cb451ccec2a
BUY,0.993,1386.69,1730901354,Yes,0xc75e018ef2943067d2b4e73800ab30f76126b2ab4576e2c46c2c3610586e1603
BUY,0.9929977192937498,0.312184,1730901352,Yes,0xcb72111cf19e9eab794333759d8efb600520debfd1c5b75cf494ac033303ff5d
SELL,0.991,15.03,1730901352,Yes,0x3df08a0639b438009e729eb7bb5ba419f6e320eb49ce44cac75ec6749a36d9bd
SELL,0.991,4.21,1730901350,Yes,0x6baae21e0dcd626319f889ec8b023a21ea8d400f91c82b6682cb7e37a16ee487
BUY,0.9929999424376412,10.110774,1730901348,Yes,0xfcb1a1d122059315bbd297a7b96329d22e6d898c7effe2d9224759b96de2e49d
BUY,0.992999999915595,4028.19738,1730901346,Yes,0x023ff305c79b9492d58724f66a64a2e975f73c409fa9a1aee63533b2addd31c7
SELL,0.991,2,1730901344,Yes,0xfd9222b56d1dda7a168355dc12052256456326eca0b6d27dd36cb8549922010e
SELL,0.99,421.78,1730901340,Yes,0xe1d267d671b5c2a68db3b4c117f9dba118745867e9204dd2bd1c3a0c596ab1d9
BUY,0.01,300,1730901340,No,0xa8d17302a6c1e4bcfd82eb42313b830bea58ba4bb83174bd7efd5ab3e5680a27
SELL,0.99,789.07,1730901338,Yes,0x871ca9e3d20f82580b9b91fd4a70389a094355e319a4c1243fa3ddb2bf5ba8db
BUY,0.01,1800,1730901334,No,0x3adfc9881e5c973bdcf66f42602f5e1ba6e5141263550cb852fc2413818858c1
BUY,0.993,333,1730901332,Yes,0x5b4b92001ec9c07d37f4337a64571a900588c8c0f598a005354745999c76c30a
BUY,0.9929999886258681,31.299092,1730901330,Yes,0xe01f5577fac694acc85aa48f52247f979aae52ecfdfe3f72fb569365434a4dac
SELL,0.99,116.53,1730901328,Yes,0x7c8df8df0aca0ddef333b52a95513071f235ff3bfe09c2ab0446e4e698214b32
BUY,0.993999999803188,4024.144868,1730901326,Yes,0xc6e0d7e205d4884b7e3702d66e8da8c5d024c8ed0b15f80d8576f27e505b1330
SELL,0.993,329.93,1730901326,Yes,0x68c21297964a8407201bf61c67b7d265cd86682e9156b35b9dbe74199bbab080
SELL,0.993,3.07,1730901322,Yes,0x23b0f5c63e99561123e06f241c58bce731a3cf6ba2bab3b8add8c5c5d6fa20f7
BUY,0.994,17,1730901316,Yes,0x8cce1e7d90bb6c2e3821c7f52bf72153cc7b169f922e3e82999b530cc5d6f07a
BUY,0.9939962148321326,0.251508,1730901316,Yes,0x8cbadfa55887ea446f967d78f3130a0895516106f86ff2df7ca88b758d294cf1
SELL,0.9903686635065964,92822.83,1730901314,Yes,0x95927852525262b2400c6ddbe4d879759927b818ff7b490bcfc90ea2587af6c5
BUY,0.993999999803188,4024.144868,1730901312,Yes,0xac03f871c83fdd4a25c08f0f9ec12ab91588bf730d717f93c420718b341d5b04
SELL,0.991,182.5,1730901312,Yes,0x228a5ca2dd357a912a8c86a3f8d8ef5293fe2cd8f12aad7649ceb0cf223b7f27
BUY,0.993039276540817,4832.608449,1730901308,Yes,0x8887742550c859497fad1e037585a837478ed47b3172141d6ab3e623560c6d86
BUY,0.9929999967211203,177.804631,1730901306,Yes,0xffdda66121d87b0e4f160b81c324e804b3bd195beab1d747193fb07089c104e4
BUY,0.992999997499078,179.133936,1730901304,Yes,0x7b3ebdb75ca2e08ba3fac430f0786a3876186d813b3b2bff84f307f3f7c5e0f7
BUY,0.9939999996116644,1436.901407,1730901300,Yes,0x94010748219469c17842cc4af3242611751e3b4badd74252a62bca46cd12e125
SELL,0.985,1.6600000000000001,1730901294,Yes,0x00599a4b1374ca3b9f2ab9a250ceff7701736bfc6dd9c2fb1e6b331679765959
SELL,0.988,172.15,1730901294,Yes,0x3b6fbca96cf7ec95bb1415bac7648db1b402153773f6242cd38258833ea20f99
BUY,0.987,100.8,1730901294,Yes,0x3c126ba83658870f43dae52de27a23bab215d24aa84ca651b4a59159374cd848
SELL,0.986360448394078,9999.24,1730901292,Yes,0xbe4fd023a2e2332b929dff0fe5ca320669359afa2ee7fb1665f498e3022b3f67
BUY,0.993981191291937,2711.51,1730901288,Yes,0x487633e0b98df63a43e497ad8aa8c9859cefc0db92d7c435aa5bffeee701205b
BUY,0.9939999952200951,154.396377,1730901284,Yes,0x41e32b8be11dedf6f4fea9e551b449045acb86e8f2e2537beaa1bb6e60678e52
BUY,0.9939999995476392,159.164988,1730901276,Yes,0xcbf921fcbcf1cff32df11490f6d94f608f5daf70794463e47015730514f19978
SELL,0.9856016519174041,84.75,1730901276,Yes,0x046df2a497a30ab9ec22c6ec3515c32d5d3c23aea94ee952d75e1b54ccf35d19
BUY,0.985,205932.21,1730901272,Yes,0x9e6d6e7e4bb728e2f27171aae3268955c40958ad0a73d98fcf32ef25f2db7b6b
BUY,0.985,69495.07,1730901272,Yes,0x10921ba7f0b33e93954e36b64312b3f2f83d0aa70cea8068f01dc151f86ad6ad
BUY,0.985,439390.74,1730901270,Yes,0x7dab969b3dd45df03726ec1b76917624ffe691a64afe9425e5784dff931c809c
SELL,0.015,11080,1730901268,No,0x4698609edc7d321079244efd8fadbfbfb6c64ed4aa6040e6019352c1ab611f52
BUY,0.985,384,1730901268,Yes,0x6b442bb27f208e4471f8e65641faa3f6913a062e7362f1b39c4ab0970b5c13fb
BUY,0.985,1000,1730901266,Yes,0xbdd9f5bcf850575b2cee9421e8ca230c07ee85ac2c5ef0997f208ec041c11d1f
BUY,0.9849998518796472,4.05076,1730901266,Yes,0xbd3866b11613352b891dc602582b527bfc0c6b08135a9013f04f583075f6fc31
BUY,0.985,111653.8,1730901264,Yes,0x0ca039de73abfc3a3a9e321652ef2dbca5ebab7292f96ecbe0cd82d184009330
BUY,0.985,5555,1730901262,Yes,0xfb037f78e1841bdccfd0a528318084b9c85c98218d82e0de953dcdc7f026f55a
BUY,0.985,1000,1730901260,Yes,0x2e8208222b184f6f626663969d2e4e1cdba6ad4020c133bf6556d5eeb41a35f5
BUY,0.985,2029.62,1730901260,Yes,0xca5af806a61c91dda7df7fced86bc5797c6e15a6b92166c23a88c8fe72af7f35
SELL,0.984,819,1730901260,Yes,0x581b797546a1b61a8d8a479090b55e85d917467f8b7d5ea2fa70707b6888fcb0
SELL,0.015,885.77,1730901258,No,0x18a24a9dd2af3a5a61c879ca92aa2199fe98715676e3dc56685e1c089bd0da20
SELL,0.984,240.1,1730901254,Yes,0xe5db8cf39cc393a2a07cb2abce4b7db94df702d891302a3badf64e146f1b3627
SELL,0.984,47.67,1730901254,Yes,0xe2e6e2c0db2d7d6bdfcd7bbe4c42a435f95db0764199befe2d954a884e4a3e52
SELL,0.984,172.71,1730901254,Yes,0x8c47187b3cae6302eef5168f21cfa0f76cf3cdfd041632266d130ebb1ea43389
SELL,0.984,12,1730901254,Yes,0xe119de53cc50c52a16c56ce2d2f62cdce97df065c86b98118f5f6f16d2d53411
SELL,0.015,63.34,1730901254,No,0xc30addd381fe45c04110626a73c4c9c78dd3be681e2fe14da38540b7773eeacd
BUY,0.985,7105.05,1730901252,Yes,0x8e788744fe2d9f7f5b38286f1a5d9f172d72a9d91c91b748b1c9a1db789950fd
SELL,0.984,783.91,1730901252,Yes,0xaaee72d363ee212af3c65193c1b7f17ec5e0db4c9ba87fd9ab055a73dcb87c5b
SELL,0.015,100,1730901250,No,0x68fec656ecb3a093b0c5d7f7d1a2512e9bb3d060c88b8229e7f6bbea00600f36
BUY,0.9849999886371126,77.005075,1730901246,Yes,0x7526905860d991c8e64b4698e87aff1d6bea710a42201576ef922696fbe184c3
BUY,0.016,62.5,1730901242,No,0x14b16a2f8b22182b9523a9ad9301cdbe78121d7fcd44fc670cc3b470b429cc01
BUY,0.985,200,1730901242,Yes,0x646ec3822ade9608e4b26a32dac4d694b79cd2ab988c3104f7daf61ebdff1b18
SELL,0.984,324.45,1730901240,Yes,0xb80706aedcc4428c4a65efb1e8fcefaa6be935a29feb783c5a541b600ee61e76
BUY,0.985,3009.76,1730901240,Yes,0x91acd8ffe048624c0ac118cf5e4d4ac0ce1edc47f2ad3695e13269d00f2193c0
BUY,0.984999994794949,156.578679,1730901240,Yes,0x4558f50594ede02b150352220d24834e11abbd57623db7a354e5b7a8cfe3ea15
BUY,0.985,2000,1730901240,Yes,0x6223f2b91b9a40be6127d434e74fbef444bc17c06f22f52b8c905a438c804f27
SELL,0.015,250,1730901238,No,0x21d74652b278e9744e3f011630391bd6704c8c4fe33f030172174d5d8dca2439
SELL,0.983,102.21,1730901236,Yes,0x3da803556e7978aab020a767e53cc5160b7bf562a1737a9bb85cbdd5508e70f8
SELL,0.983,189.67,1730901236,Yes,0xded5c03eaf8ab7c2cd7874d7add0c376c91f77ab545af60873b417ffb1f15e8e
BUY,0.985,137.43,1730901236,Yes,0xa00937c8063cacbbf1c3bd06fa7147118bc548da6e233f737b440bb65c456018
BUY,0.985,50000,1730901234,Yes,0xab24ebec92823f2d495d28d0b16db2f5ad90f1d59fa475ca139caf9edd4f70da
SELL,0.015,571.16,1730901232,No,0x5e6a61fecf71c85be53e249f6e2cc8e87c42d282db24238453f21fb749bc751d
BUY,0.984999998286791,105.065988,1730901230,Yes,0x0029087e553838dac44bcb6a558ffc23f8857c3dea6036353e3b3c67d632a1a1
SELL,0.983,21.1,1730901230,Yes,0x4b503992c998fb42157ff507ae13a696ab122cb4b921f4f5236ea203c51306df
BUY,0.985,59.66,1730901226,Yes,0xc85b4f7df22c619bcc8c88a42ef052953efd2379d899b442bcaad385eb519778
BUY,0.985,101504.3,1730901226,Yes,0xad1b2b88d9118cf99b470cbf6f26a841834cd429d60e6659532db0be6190fae3
BUY,0.985,5610.33,1730901224,Yes,0x10b4df191428a0113e60c8a035768d0e06d145ac77fef2b121d115e9f1763d8b
BUY,0.9849999960728435,202.436547,1730901220,Yes,0x87f2535cd36d220d76b0e9e3ade75e85c48938396feb1a57b59fd513a70dc03c
BUY,0.985,922.36,1730901220,Yes,0xf2a1a5d088f89f47c4d9093791a6310785cf2efd0ed03b23fb7a9929ba3c6268
SELL,0.015,2495,1730901218,No,0xd5cf9f436e6beb72464f8673420b400570c419f46a62e22461374d802c09230b
BUY,0.985,55555,1730901214,Yes,0x1911c21336ba8ca3a5c117d9371059d75f10534b2af4558aa29cc00c0b17d735
BUY,0.9849999930229166,121.82741,1730901210,Yes,0xe7758caf433997a4ae64e6ba9b700f4bfcc41a53bb50adae18955b38b53ab6ec
SELL,0.983,352.98,1730901204,Yes,0x6bbfb26b820f4a7e2588d803d1eea3c67775ff7193b33c48b527a58cfcafe310
BUY,0.985,500,1730901202,Yes,0xc8707ec7ecd802e5fde33e7dbc41e9e9e8da32f544cb503c55b41b5d58864bb3
BUY,0.9849999999973551,18904.14213,1730901202,Yes,0x06146d348d356169bd04a244101e20a59b83093f83f68fbe6933c18e5332aa61
BUY,0.985,51.68,1730901200,Yes,0x11ef61748d2049fca37287c3cdac6ffd1cc3501323c67e89cb6cf16ff556d9ab
BUY,0.985,1500,1730901200,Yes,0x6df34b8a31c59308d49f2e2e562b6c2656828982d110fa12080573540094cafe
SELL,0.9831538763693498,1374.74,1730901196,Yes,0x42b0ea3c00acf8f0eb3d946b5fc1f7558dfdabfd4433438ee1e2d50428af369a
BUY,0.985,304.31,1730901194,Yes,0x62fa97a9048c1fc90e736d7d3a78c8f8f4ff8ea88b9f951530d63df31099da02
BUY,0.985,8111,1730901194,Yes,0x7e3aac0e1cbdbdb3658f3f51c23c2e7b6f065d0bf900e113c63577a4ef85f091
BUY,0.985,199390.86,1730901192,Yes,0x9b73bb7c7a6d2094c0b3c11b7c31d3399fad0ec5c7ee8516a04c0bcc2356cff2
BUY,0.984999996579861,143.269034,1730901190,Yes,0x5ba6781e5d6a8deca1f98b2334a5085af7da34f4cb7ed8b121ca63e43f1511c2
BUY,0.9849999962077499,101.522841,1730901190,Yes,0xf4b07d0760e17313fe9e2232f929a618a84026d10d58fc570927b23886dfb72e
BUY,0.985,2000,1730901184,Yes,0xec55065072a2e7ab45be2688ab92bfd568330bfd0d299c6700a11f5ab29f33f9
BUY,0.985,700,1730901184,Yes,0xcc6eb3c05cd5f420e935a0f75f5beb8cd86bac6b76aea6bfd69734c37550a492
SELL,0.984,6614.64,1730901184,Yes,0x37ca83bcab85f9841e43672d6c9685004131144caed9a822ce75479b599e271e
BUY,0.985,30000,1730901184,Yes,0x7ea1e0f92aa6514680e044f96394c0201f93531dbd436803d63d172dcc9415b2
BUY,0.985,10000,1730901182,Yes,0xf6c1ca5ec4f80c23c317b2feb49f0fd0d995106b146ae2ffc4c1ea4143537c4c
SELL,0.984,7851.37,1730901182,Yes,0x97e6f9983f94d68b788e908c87c9ef9d8c61a206e5f5228f67217a4cab567062
BUY,0.985,3702.15,1730901182,Yes,0x2ea791dd695dc37107a511ec0fb58d262083aa678d4fb5b17a02dfef53c70700
SELL,0.984,103.62,1730901180,Yes,0xf2b5679aba3c6cf1c9bef77d294d239f35a72e4f18c9392ba9a495ecf95df2da
BUY,0.9849999949197343,157.47208,1730901178,Yes,0x23aac47c6b810ac0f40817687cbd518d1a96be5c33512d124cb85274a315c94f
SELL,0.984,1601.62,1730901174,Yes,0xd8e35062cfc549387473490d731d991d921b887b72543830826655a9c6cd171d
BUY,0.985,30000,1730901172,Yes,0x8f46349e07143d11824533db27ae02677ff9424fba32b566c6ec1b316e7e5b5b
BUY,0.9849998256549611,5.076141,1730901168,Yes,0x90f0960f8d1cec232f0b6c2ca81b062dcf50ebb9c8dc66b60464917123633200
BUY,0.985,222,1730901166,Yes,0x6187321cb3613e28349d9914925570c0c0a565a5b2411b0dc8be5d07920f56dc
BUY,0.9849999664992166,25.969542,1730901166,Yes,0xeb5e4c9a8cc25d1481652c84c243cbe80e19edf37e63fa808986a32c61ce862b
BUY,0.985,1904.11,1730901166,Yes,0x868ce43130bcb716158fe615e8e6c7e6b419fdcbbabbefd8b45c2ceb9b5d2c2b
SELL,0.015,8000,1730901164,No,0xfda4c66d07cb603d05eb7ee8ec4de3df59e8709589c4bd826ca70e7a3745726d
BUY,0.9849999728941188,10.883247,1730901162,Yes,0xbec579c66936a92966c6615a0fc153c5815756741649de6ebfa046851304918b
BUY,0.9849989860264792,0.517765,1730901160,Yes,0x925b5ffd855687fb48dace0e5bb340ddab78cb07c084b5f4c60a4f2b481512b2
BUY,0.985,10000,1730901160,Yes,0x9cc28544e8d0eadbbb4778ad95ecb51b15795654cb09f81b696007d3c08d40fb
BUY,0.985,151.48,1730901160,Yes,0xe60ab63977529f8b20a7f0f798e1fa9fb495953515e9d975df5f2126ad9f97d3
BUY,0.9849999812006681,47.076141,1730901160,Yes,0xff4c80dbdfcb1a176493a99a4f0f61bd9f1b653bf15277d7ac2682e1ab777e8b
BUY,0.985,40102.91,1730901158,Yes,0xf5045510ccb3dffe387daae2a9be94294d5dd7172c4c87eb6d537bdbaa06fd49
SELL,0.984,172.54,1730901158,Yes,0x821426c06ba2cf8fb56b2de8983f877008d5acae710ada87c893eae552ba2794
BUY,0.985,15290,1730901158,Yes,0x8c07b29fa6bf905169dfd2d4940001de55423738d1a41cb4e9f0535f2c72f18f
BUY,0.985,500,1730901156,Yes,0x44c42250e46d3603edc6d9d2d333a17e3cb8af9eeef1f9fa88476865fabc8b3c
BUY,0.98499999999015,5076.14213,1730901156,Yes,0x6fedd4be7f2453c5e3acfb8e2e8aab8e98f75c411c95d670dfdc79de35bf0607
BUY,0.985,7492.67,1730901152,Yes,0x60c166d7ec7722fa470e394ce5da3dd393775ba43098a4fcbe5e520f920b3c6f
BUY,0.9849999799859672,45.218273,1730901146,Yes,0x8df99c643b53c356c0f9051a3eb9d059c687a03a10b82cfb80ca232393b25f3c
BUY,0.985,10,1730901144,Yes,0x6d70101021a18aaa04fed22ee9b6900cb9d3aa351466e6f8497717d2448929c3
BUY,0.985,3500,1730901144,Yes,0x2144af3936ea121ab3fe46e24ed8a701442cb5281051ddfec1cfd6de304dd645
BUY,0.985,21702.12,1730901144,Yes,0x633dae035de6300832c636ff42ea74d470b51f6aa7073dfd4e9da095fb9fd68e
BUY,0.985,1000000,1730901142,Yes,0x5b4055f38e27d1aca129570677b1fbe83fdb5024292b0453354f070bfa50f334
BUY,0.985,266.61,1730901142,Yes,0xbb558bd89bd766394ca4f2c1b7a2d9b03a81aa83fcc3361227c048d2cddec0f3
BUY,0.985,569.93,1730901142,Yes,0x4b6da4643887a7d87da324af0b9a82daf59f75a19c7e17f5d67190dead93a11a
BUY,0.985,10000,1730901142,Yes,0xc513e15fdc8c125e892679dafe0f84f66976cbb07ee54490b8b7e6995ebb12eb
BUY,0.984999999993105,10152.284262,1730901142,Yes,0x6048ebf24e2fd0dd770824d92fabeb68215dbebac8293ba9df5c627654dc1b58
BUY,0.985,2000,1730901140,Yes,0x38975f3d3ab1a9432c3e64fdb0216d7757e0266a357c410fef9ebfc20a97200c
SELL,0.984,568.63,1730901140,Yes,0xdce0e360e984c7467996015af170b07015726958f1154495dde8e0faa278d528
BUY,0.9849999999143759,4029.238577,1730901138,Yes,0x475684c5be57e555086f59614b0c1291d1ffc13c108bf84663ac130942b2b390
BUY,0.984999996930859,257.401014,1730901136,Yes,0x96b591084764130de7b11a44fd10030a7b84cabb92b7ce5cf2544682418f05b1
BUY,0.9849999256324907,10.152283,1730901134,Yes,0x2b1c2cf7e56edcefe3b8eec7c5cbb4c68a591d629c2761ce81d6e9834e32e904
BUY,0.9849996261123158,1.939085,1730901132,Yes,0x28da18f8f2a794bfcd824c0996717051aa97d6c966d49b8ade15c323fce698c6
BUY,0.985,14634.08,1730901130,Yes,0xe101eb4300360a533b82add99bbe5aeebf161f8e72c0e20e03fd7e74b2dbb69f
SELL,0.984,136.88,1730901126,Yes,0xb76c9a7fb719bdd59445cbe774bc8df922eb95a6a63947905be8bdbf7f9f0d44
BUY,0.9849999996840842,395.675125,1730901126,Yes,0x469522da0ac4a6124258e1251ba66a114337b75aa5e4374ce93af627963854a1
SELL,0.015,62950.97,1730901124,No,0x61740cf0c3a9e23787c24b972be9d9bdb4c5d8e605e21aeb9bd43ee9d2c1693c
BUY,0.9849999993220883,862.944161,1730901124,Yes,0x7c98fa94f30396d2a9e37a56710c4aa252fb0b34e4744c541aef253d99b100aa
SELL,0.984,220.4,1730901124,Yes,0x5cf628e40cd0287aa809f77ea901f15f4850463290de6a5bb2bb7f37c4d58885
BUY,0.985,10,1730901122,Yes,0xc8d0a9e7da7a54aa239a11d1cf2938a660e4f21f75b4019678b4d417df96a8b5
BUY,0.985,75.3,1730901116,Yes,0x80c815209a9fe495e049613bf25ae203c8191ba61820d1ab487c4684085c685b
SELL,0.984,1,1730901114,Yes,0x09a5d80d264f36777e6d0893667a5f1b1d77e9766a6b9e01a17e749baa628a0a
BUY,0.985,60,1730901112,Yes,0x809d5cc98a51001a8f77982c9d1a678c03954e164474dc2951e2cb9c079187a5
SELL,0.015,125,1730901112,No,0x0dc60b7bb41f6bcc2d53c2f45be23416e7592a26614c3ceb1aaa6321040e1a9f
SELL,0.984,43.23,1730901112,Yes,0x592a9b3e0054bf6184fe23a0a4d06e4e0490c6679b2854f102a9c18f14e4786a
BUY,0.985,1059.53,1730901110,Yes,0x77ec3bd36833abb84fda1d0a9433c2ff8319940c0e86224b51723858185c0830
BUY,0.9849999939119773,23.817257,1730901110,Yes,0x07e98ed0cc507cfb4621d7db7cec428e403f47d2554ec7e3eec261f98562bc4b
SELL,0.984,20,1730901108,Yes,0x28eef5b2c221b2f5f5463d43553bebf26ba427234135fcec5c66cb34162861b7
BUY,0.9849994139241766,1.015227,1730901108,Yes,0x69f7a504aa193daff2fbe84ea5cef72b728273ab5cb56de4d8342133d0e7f3cd
SELL,0.984,2,1730901106,Yes,0x2cbc6e9f6d2e283848ec3f2317e9f8464960d7d7d4851fe4f82e0ac0272caedd
BUY,0.985,130000,1730901106,Yes,0x04ac18dc965d5ae935a26b724c500fadd4aca34feadf838d7f5195e1f78a232e
SELL,0.984,20.24,1730901106,Yes,0xd190e167fa503acee7ac427769d69962bba09b361fb5d67e811a48aab43c0b4c
BUY,0.9849999999997044,203016.213196,1730901106,Yes,0xe115ad54322134573973248b1099fa71fa6da2015dd4bbae1cc70e4789886730
SELL,0.984,6.13,1730901104,Yes,0xfe8b055570733763b5e043e72f63b5f85a90362005d7cad8fecfe3048708b8ea
BUY,0.985,236.14,1730901102,Yes,0x77e09c971d036a15876c807ee6ff23786596529f28b49a029f4db7671db1ff32
BUY,0.985,80.01,1730901102,Yes,0x3524a15c100ba1117c04086336fca93491662787ba31a990328528069634df27
BUY,0.985,7500,1730901100,Yes,0x20d4f48a7c27dd38d089f22b5ea6fed86385f963c0cb36f36e2025062289f7dc
SELL,0.984,72.81,1730901100,Yes,0x9845e68431f4bfd3e764b43bdd543d604053972c28f2703a952997fce7616510
BUY,0.985,10000,1730901098,Yes,0xc633e855835005b43c9945f9e2ce7fb91b61ba7cb747fbdd14fc8f0391e92cfb
BUY,0.985,10000,1730901098,Yes,0xf028bd7ae7a2c13d0d180d5675df483dd35f8b249fe3a50f35d2ebea53381ae8
BUY,0.985,50000,1730901096,Yes,0x83b6eb8632fd1210e884e431e8126c2b23c6ae48e7c041ee731743245970313c
BUY,0.985,56.54,1730901096,Yes,0x106fd39bdcddafeb94ca98faa503dc1f7b3f0daae3a710d9f27c345a67a53148
SELL,0.015,20000,1730901094,No,0x280670ef7c0cb75e4679e3811ab4413d97a6920242336288133ede4bf630baf9
SELL,0.015,500,1730901094,No,0x168d7a97953f9f0a49269942d796918ac383afb08a5f691b8e278ffebc581476
BUY,0.985,6716.69,1730901094,Yes,0x248c1806cba907004a3066dc670a3b38e923c95a2743baf2aa83ecb1213e04d4
SELL,0.984,1.87,1730901090,Yes,0xb4ab58ab9597c1735a4c3e15d6fa348321166c43f005dbb83d44f1e54500ad7e
SELL,0.984,86.04,1730901090,Yes,0x99b1394f205b521a7419bc2bb48a1137145444078143d9b2252438fb1f110243
BUY,0.985,815714.59,1730901088,Yes,0x4684fa0d53022ca6fa801095b4a8c95925202e5840e2fa85ca6caec6a648ca4b
SELL,0.984,293.65,1730901082,Yes,0xf3290c625eb522bb0e3f01d21865d2e772929fa85dd8bf7216c6732f24bdeb4e
SELL,0.984,6.71,1730901080,Yes,0x7c088ca2d3d9fcb4072c618c60d7a8e49401abbee914f9eb119f82224ed5c584
BUY,0.9849999999216573,4850.487308,1730901078,Yes,0x16d3cc6e929496f32e36f8e59d10aeb6d067d17ea9b06df211ed46bae81915b1
BUY,0.9849999992294926,240.101521,1730901076,Yes,0xfb6b892e3de9ccc84dd4a16f1b2d3d4a20c6739dfca747c9813e8fa8b631ba92
BUY,0.985,130619.77,1730901076,Yes,0xb6437fd0b41b72bda86cad8abcc23ae307f067cdf22428997df597b99a016c3c
BUY,0.985,4000,1730901074,Yes,0x855edab3b8c20b2a6be253929439425584ac7c4c379ea643c9201a8a17a7f0a5
BUY,0.985,4157.99,1730901074,Yes,0xa5605d316600e5d0074de6751f904838abd5fac7ad11677a3efbd3804615ec2c
BUY,0.9849999963555,203.045684,1730901074,Yes,0xd6d6e56514c8b7f81370a8d95060c316dc5c96394993e75ed8c37704581f0902
SELL,0.015,2500,1730901072,No,0x26480bd264082bae5b446f96d52b36e56f0c076895a36cd065daf48d0fa18683
SELL,0.984,10,1730901070,Yes,0xe4d33cc381bdde84208b455e78265ede5e03e9ded87db4d476986923f5f16d9b
BUY,0.9849999756212482,20.304567,1730901068,Yes,0xe5ece5b035a00477011ca3fa9c9187cdc166a96b1a663e6ba29c01f27b169119
SELL,0.984,6.79,1730901068,Yes,0xccdf7e0a6c87ae43dec4c65d63deaab76aa954529bb9c9369e5ac1e56a90c9be
SELL,0.015,100,1730901068,No,0x19d9dc1838ed73355758035de42008d9a16030b713d16ea8de8e6d67e1220108
BUY,0.985,98097.65,1730901066,Yes,0xfb337917fd86a60138cf84d25b563892c5b9f35a2b3859fdbb3d62a3505aefe3
SELL,0.984,191.66,1730901066,Yes,0x5802c08b0e9787362f5b5a2732cc80e3601aa1bd99f036d6f9e9e391454e6f1e
BUY,0.9849999941021604,82.233501,1730901062,Yes,0x1c32c8b7c047b3f0b29e269860ad61a44837a43197f7fa631fc2356e973b1261
BUY,0.985,200860.54,1730901062,Yes,0x6f54db99461488cda4c4b10e74926a6ce15125d57bf353d9c141514ade7dd3d7
SELL,0.015,2500,1730901058,No,0xfe87fb09cc0e252375985c5e8e72476c89420a77325fe6442c42a088edd3a241
SELL,0.984,18.55,1730901058,Yes,0x4f1f49b3496aef5d459c121b740cc827c48f3e2e5dc376badd0f20999a7439ff
SELL,0.015,100,1730901058,No,0xbe42e9943b933245ff02ae2c8dae54500f95c3e01954631c6d35f9df42f45881
SELL,0.984,61.46,1730901050,Yes,0x89675d260cb561754fe67902f3d282fbcc6193b8da5a979b45dd15110fc33dfb
SELL,0.984,362.29,1730901050,Yes,0x04de085204ba7a9ef04c053e426bd2549ae24a1837ced3d71c89f8baadf2f1fe
BUY,0.985,15000,1730901048,Yes,0x21b26d3161870c2b19a0660a75893596fa85e4f3963ff2bfbbfe19a8e27ab944
BUY,0.985,5000,1730901040,Yes,0xfffe180c5950607a969b5e28c699b7d65138bf383e2f78a2341cc2ab0ceb9b8f
SELL,0.984,48.27,1730901038,Yes,0x63bfa9e33bc80216a25ad555048380bad8e03b5fd1eb1462fe19b78428e2c9a3
BUY,0.985,5875.21,1730901036,Yes,0x3a3463c204428d94565cf95b36734cb03e429495a918be3eab304e9035132600
SELL,0.984,42.28,1730901034,Yes,0x8dabe392b0fa2f4ab7a2f602251d9265692b694b52273a199b0d226e24d81ad8
BUY,0.9849999999753738,203.035533,1730901032,Yes,0xb0a32088acbe878f8109f414a128aecaa5b04f91cb7f7c536598332b9077423f
BUY,0.985,90000,1730901032,Yes,0x81a85cd27b576fbe894ad2a2610ee6f67dfd7d0ba329e3dfa9cdbdc58bf6b584
BUY,0.985,100000,1730901030,Yes,0x6d691d94fd724d40bb8b5168ed2cdfce14571d198c60aa1b5926e409fa17cf94
SELL,0.984,3.6,1730901028,Yes,0x04eec22d13aecbf729ec2e3a97053377382e1b3e0332d6ccec8adf344cc9d408
SELL,0.984,44.21,1730901028,Yes,0xb3b56e3093edf955a58afb787e4b4b8c56def2f48757f40c258f043bb8aa6115
SELL,0.015,7.78,1730901020,No,0x8cae8d5123b5f650fe69b6ae0fce2534a54c8ebeaf4e853e53473aeb752c9517
SELL,0.015,25000,1730901020,No,0xa3b9ab3ff0158109f9cb9ec1f3bb42f56bf2ec6c1e171328901324b0860564a0
BUY,0.985,48246,1730901014,Yes,0xdb6cf124347f1b792bc349876b6ad46db95f61107004102513b037419dd00942
BUY,0.985,58.44,1730901010,Yes,0x7042a227c526cc88ff862796aa9fd0f2a916b04c0511d9fc4b622af215edb1b8
BUY,0.985,13006.39,1730901010,Yes,0x25305c8d2c075153f7f4a4111fb4851a38609658376a7a65709240951d67d76d
SELL,0.015,213084.15,1730901010,No,0x754336f28091b0183a08cb75b10d2e7d6f3924698d9b54f58e9eea78267f5276
BUY,0.985,2000,1730901008,Yes,0xc6d45f99ed6b4d212faea40bca12ad1e9e73f243dcecdbc36feb20442ef66fca
BUY,0.9849999935855407,91.979694,1730901008,Yes,0x3a0531f04b23cd85d82171313429d70890b2046a777989d8d58ab12d238bb277
SELL,0.984,76.81,1730901006,Yes,0x235273e186c590269adb0635b1b60a96479b7e1fea76450b0916ab6d6b77c1c7
BUY,0.985,8338.73,1730901004,Yes,0xf7f582b802f8e9896a78663da2727b9f515fe2ec4b60254f5269a901c910fb4c
SELL,0.015,12500,1730901004,No,0x5a65c1f1acf73a5a338ae311d95b6e7297ad9a0c53e03365a3292d644054041d
BUY,0.985,20.26,1730901004,Yes,0xb8e6dcc6f51fff243be4caa4e109e0b984ed5f542a2c0c602828ab8b6a01b76b
SELL,0.984,952.95,1730901000,Yes,0x931d17532c39fd2612621705ee5d3dab8e2467fa6de6516df3bf12ffe6700a0f
SELL,0.984,72.76,1730901000,Yes,0x5b700adc98471db5d7e59282d545035cc91445c3da3fef9a462ef30068bc7a8d
SELL,0.015,529.83,1730901000,No,0x73eacdbe112818f0c064d5312b7fa13eec5d8516ef232d6f9bab2ccfc0b654ea
BUY,0.9849999990368443,259.56345,1730900998,Yes,0xfe1f4c21f56ca5fc6e267bcac4c5cb9b7f7001968d4c0460acd4685eaab0e4e6
SELL,0.984,2.36,1730900998,Yes,0x101c2ec48b21a237f9e9864754845253f7d6b4d89feeaff8ac38a68b70234ea3
BUY,0.985,10012.48,1730900996,Yes,0x346a51297bb21ec153b3c195bdda89a63d86509f11249a71b4c9f105f1cf52bf
BUY,0.985,5100,1730900996,Yes,0x64b6806b7a4aa7af54549d8586a3ce8d5a3c300811e664879639eb7d109141ee
BUY,0.9849999960811827,94.416242,1730900996,Yes,0x105f48f0b48f4f4f4154a2a8f786f5e1afd12137fc3f1ee8f9086c1121c3f27c
SELL,0.015,366.22,1730900994,No,0xf3d056c9f2b38d1a9cf5c46c4dd33240229f278801b0fc193721c3cfe5bd84dc
BUY,0.985,100,1730900992,Yes,0x056c65c8d6bd246edfd8a23237404ce2823d72640b3662102e030fa109d44721
SELL,0.984,17.24,1730900992,Yes,0xfe0212a34dd71d68cd67bd63b3621230e2fe05f69f8e697bf70097a63e2257a2
BUY,0.985,469.69,1730900988,Yes,0x288961fa87f11d4a18032ef0db166a4fb0e404a392cfee7770a91ea60ba54bb6
BUY,0.985,2693.19,1730900988,Yes,0xb919f10edda2ace231cac850b0d8ad35d86c0ac9c22f569a08ae09ade6ba71bf
BUY,0.985,10000,1730900986,Yes,0x19325576a87e3f460f4e4084b0b282b10b737aa307273d33c4a7e20f4eccc760
SELL,0.984,818.03,1730900986,Yes,0xdecd44342f85bd0dc6ed8e9cc6eed2a57d2409132939c54891868e7360fdaf44
BUY,0.985,111111,1730900986,Yes,0x4cd0d2e88270cec7420795d7cb09ebe2d0fb8002106a8de27e37110013b1b326
BUY,0.985,100000,1730900986,Yes,0xdc3e59836ae72789bbe8b905327e481ced419772a7897796de44c208ca1cfbb4
BUY,0.985,10000,1730900986,Yes,0xffb85e01e6ce6ddd25de370d5608cc7beef321fecda2ae7220b3103ff139ffec
BUY,0.9849999977728497,233.482232,1730900986,Yes,0xfa8fd4006a552f85dc980c7f4911fc2ce3f4ba19f1b119858f13122cd28dd293
BUY,0.984999998891875,812.18274,1730900984,Yes,0x4fd48904c0b85169d251ec2e8924972465806314bbff036c1e8e84dd406698d0
BUY,0.9849999907336824,104.680202,1730900980,Yes,0xe6c33eac770680b1d7fa8e1a00690ddc8bbc00b6722d403cd5644fe95b422ca1
BUY,0.985,100,1730900980,Yes,0xec0c10d890121b24a4246c43bb849b6aa2f08ba1fe2f92124d3c373940f2a898
BUY,0.9849999998892663,5282.944161,1730900980,Yes,0x1293c38d59c4469b9604946b416d57a9e3f07170c40c3628145a0c43767f704f
BUY,0.9849999799921754,3.248729,1730900980,Yes,0xd021e5375310eee0a0a1947a25e3f33e963b4bf264820a76e56b79d393ab41e9
SELL,0.015,100,1730900976,No,0xf13ee1bbe853f6a8de2ffc7717666a9cd6653bcecf51085587fb34c3af1a9840
BUY,0.985,10255.96,1730900976,Yes,0x7a9352d34ce8e50178e634e06c1b46408cf2b5d901d6813daa74c628f1964063
SELL,0.984,849.26,1730900972,Yes,0x661354640df8d8295386aa0c0609229adbce8849c40de9ae5d472dbad4424074
SELL,0.984,11.94,1730900970,Yes,0x30420e70c0d18c23c294c6bb79f7776208f721d253b75816bd1764389ad0526d
BUY,0.985,1000,1730900970,Yes,0xbae94cfb22b0f745e876aa2b9fa3e0178affb7ec188fe45b584debed308389c6
BUY,0.985,72.39,1730900968,Yes,0xbe10eb7bbba607decdf6c581cf72882b4fff8910f0b7284dd10cf6c6c00e2ead
SELL,0.984,2.82,1730900968,Yes,0xcef7faf16eabba5a9404b03c20aabdc81bbe6125c455d0020ba4509e0fb9e3eb
BUY,0.985,87865.46,1730900968,Yes,0x4306dd261b96c66b04be697ba7bac48580450338da79ad91d35d15e4653e6e3f
BUY,0.9849999921014149,53.807105,1730900968,Yes,0x64a9048d46bf14a7e8bc832207ab25321b2332f6598fe9b0876b1683f74c64b2
BUY,0.9849999989480582,104.568526,1730900968,Yes,0xfabdbbe98deca18390530202e6fdc74e6d830e68e9aa3840fd76e8b622d9436d
BUY,0.9849999957607594,80.203044,1730900966,Yes,0x9dc8a373c54e8b0dfef73ffcb7b0c13e0e9dda94671b06ddcab65dd14ae735b4
BUY,0.985,22222,1730900966,Yes,0x18dfac6159be00ea6dc8faa58bd25e7937927b76f333a94124e147d792f7706c
BUY,0.985,800,1730900964,Yes,0x98247b338e8b873569b00d26142e56735d4bddabc6ada6aa94c2003949483d49
SELL,0.984,1.72,1730900958,Yes,0x3ae3cde19db827b546ac8fa07d83c7702fb8bd7243b837ed82e18d2681b71a44
BUY,0.9849999995253644,1980.467004,1730900954,Yes,0x52001dc6b754634920392d207f01e5c4984b22b8ee9bb2ef2571cbdfd71709fc
BUY,0.9849999920292761,77.157359,1730900952,Yes,0xd7543118d0b7e723eaa67439f60126fb75fc6b7e69ebe306024985b81da2ec28
SELL,0.984,149.92,1730900952,Yes,0x9079f483b465293471b7b79269c96f976cb9d0ee68f170e754d25752702a4efa
BUY,0.985,42974.32,1730900952,Yes,0x14be22186f318d5f3f4816818a67190af66f3070d763a33d090d732bf746a6e5
SELL,0.015,550,1730900952,No,0xab8d3a8445612d4893a0921539358d9baf512d0d4c0fd1bbd4b1475d5793c59e
SELL,0.015,5604.71,1730900944,No,0xd799860f14091895b52dd42e4f767f110c34e23e4f599a75f94eb219e976e7a7
SELL,0.015,1500,1730900942,No,0x289170635814a13e36c0b4ce4ec05d5373b36d7995dc72c98b2dc40d04fe7d87
BUY,0.985,9287.31,1730900938,Yes,0x913afa5134b8256ad2bcacae319a9453eb5e6e0e945aa1c71cd76331a1d9a808
BUY,0.985,1000000,1730900936,Yes,0x193cd6f868219727d96c2626adcc09bc852a5290d6b1254dce3dcd2e4c7e4548
SELL,0.984,185.2,1730900936,Yes,0x83655dd1b1f454e8fe9d9bf1782db2fc12789d9cca75e200cc96e4f5068a1f4a
SELL,0.984,50.06,1730900936,Yes,0x0ba3c932a8bcab5597cb11e831fce8e9652f84d5f2e942a1d8eed5909392a363
BUY,0.985,2660.03,1730900934,Yes,0x5a35c9600543747d9f79fbacb62bd26428f2dd7b62f4d4f0a1cf1cae54fc1632
BUY,0.985,91289.89,1730900934,Yes,0x530a2699df6c14d59b05805e144dc3c7fc4ab5eb61ee51b0fdc1ee57587eaa6f
BUY,0.9849999998988397,5535.766496,1730900930,Yes,0x953a2ab9362c47461b4bdb85dbfb7ac46aa691d5aee2b34243a0de5abb119045
SELL,0.984,26.32,1730900928,Yes,0xbe1dd1623fd56c8ccf5e95e8436c7694e6e2b349d1ac9a3d3ae9337a180b17ea
BUY,0.9849999983846,507.614212,1730900928,Yes,0x8ffa7544f187013edc87284c45067c151ca70cb1ad1d232c5ae7ed2d059bc53e
BUY,0.985,1193.04,1730900926,Yes,0xe4d7fe1aa2693cc6745eda7f951a127ed602a159246652557650b87d7ebd8cb1
BUY,0.984,7062.67,1730900918,Yes,0xb744c92887086f1673044199ebef6ac090ba5fd81752bb6bd245ab7be7a0b38d
SELL,0.982,32.36,1730900918,Yes,0xfe27c6265bde872b4c7924406c95e4b171912c438a2dda587a8e88b4de5c7911
BUY,0.984,500,1730900918,Yes,0xb659ea9b0fa47c059253a69b292074a5b1e1c8c76a6886f87e3d7cbd71ade03d
BUY,0.9839999982273899,49.644307,1730900916,Yes,0xf5585944577156e76f411450938b035ff0a2fda5241da2e9d735432ba2000df0
BUY,0.9839999909411351,104.207316,1730900912,Yes,0xe0f57a9e139e26538790cc4e015c6cb4db73e97fc4f37dc8fad12d4cc1476489
BUY,0.984,4837.56,1730900908,Yes,0xa7c51b4c54e990f478345e0946f598ce6cb395686608be06c4954f68594a3939
SELL,0.984,65.25,1730900906,Yes,0xa9e62be27a59c302a963f3a7373e03852dab49828e0967a8379d4d125781c700
SELL,0.015,70075.35,1730900904,No,0x54021cd52838a41969b4f6bc934b996ecce8e8f44ee13c4f2d37a62cfec84613
BUY,0.9849994167735915,0.385785,1730900902,Yes,0x7ab41c79ac2cf34e9fa02465fcced8f7d757713774aac95df64168e45b05d4ab
BUY,0.9849999998283334,4427.187816,1730900902,Yes,0xe8a60c01dca77fc9f4fa5e0ca3c0858e46793cc406147ed3484ea2424b539db7
BUY,0.985,1608.64,1730900902,Yes,0xb752c9137daa1a3a540ea6075deb35b8267e7f3733f89dacc43e8d2aefae2580
BUY,0.985,50761.62,1730900898,Yes,0x4527318ef46ead05f8f3e2a1aae71ab7ad29d397459753ddc85ba86660fa5696
BUY,0.985,50000,1730900894,Yes,0x61482d425ed67a600cd9a3a9787fbc7cad366c789c185a4053c6b86ef2f14ca2
SELL,0.984,35.04,1730900894,Yes,0x2ad7c27354bb490e3313c65543c8be5d3d69fa6dddadfe9a968821b72a9a3d5f
SELL,0.984,216.9,1730900890,Yes,0x1c23899b1132ff18f3c9e26d1ff0b197f00c599c1473f08c317a05593003a979
SELL,0.984,184.96,1730900890,Yes,0xe55d87dffe03fd617305da105400506107501745f57b6b9c90aeab9e56c51c88
SELL,0.984,10,1730900886,Yes,0x9f4f988e3ad58e517ddab99870c38c519a6246be3cb8354f2f5964958dccb6a1
BUY,0.9849999995304967,1661.329948,1730900886,Yes,0xa5848627f5de07c8d908f9d023422aa721c40a3faf65ccf882f96f6325e91388
BUY,0.985,500,1730900886,Yes,0x4ee20000753d31a1630a217000111bcc39f23bdbf9586805bad0475126611a4d
SELL,0.984,5.06,1730900882,Yes,0xa352a51094bc7a1e42757e46e0e5253f855dd03a91165767fcb870236e131a45
BUY,0.985,150000,1730900882,Yes,0xa11424235ff4e75a1160cc48fa24f1f449d02e17f32b206d734ec05c2706a37f
BUY,0.985,10000,1730900878,Yes,0x1acd91dd6215c1156748219d93dafd9682ae5b80b9894d48ebb90bffd29b30ad
BUY,0.9849998256549611,5.076141,1730900876,Yes,0xe1dadc98d216cb170a11b7cc792f05fc31df8a8dcac28bc7edd0981dd282c8bf
BUY,0.984,3.9699999999999998,1730900874,Yes,0xb24ba25826030963ad564250acd2bba3d0b8ebe9c35e733ee913b66f11fc8d6c
BUY,0.9839976055858729,0.243901,1730900868,Yes,0x40083956a983690372bed35e953cad96b215104e83ab7abe99d3417c47a9350d
BUY,0.9839999920385454,89.430893,1730900868,Yes,0x32628ea2fb9dcc2399a7a3b5c4828fd6f1dce1cb1a7d3c4df075a5ac8ee65365
BUY,0.984,514.35,1730900868,Yes,0xdf135a2196028e5b0bdd72ff3a7a1357ddb77adbfa97ca4aae6ef3d394cf0396
BUY,0.984,79.91,1730900868,Yes,0x78c871db6395a5bd09fcda7683c55296c042bff8a00254578a2e49c048dce1ba
BUY,0.984578554,10000,1730900866,Yes,0x3f62f56203156372ed02dc6cfd97d465c813085241022defb339ce116023abfb
SELL,0.982,81.3,1730900860,Yes,0x6d29f40cf0c75b3a459a517ca302b0e52a79ce937b048041c59bb7ec8ea7bdb8
BUY,0.9839999975491905,261.13821,1730900860,Yes,0x8af6b6b4d3bac0c986c5973afe3e9687cbdaa992c8c8d10b2f9424dbb0d7b2bd
BUY,0.985,1637.06,1730900854,Yes,0x69127f78662779180607f5dd8542080fbd05f9a36e23bf0be5a54b589dd83a54
BUY,0.985,10000,1730900852,Yes,0x99a8257452d7e780cb751d7e5778f311791c9be7860654feecfef560112dfffa
BUY,0.985,551.38,1730900850,Yes,0x0deee1d27eab8bbeaf931c527b524402c4e08b1e50bda30cd3a0320e31ae802e
SELL,0.015,1988.4,1730900848,No,0x184aaaa424cfe2b8208a7f6ac0222f24312f0cd88176e97d586fb1d7fc9cf21c
BUY,0.985,1223901.32,1730900840,Yes,0xbc7c2777f177a15b2a65b1ddfe38304e0b2421dd299ad1c4b8e24961f57933e1
BUY,0.985,4910.34,1730900838,Yes,0x5cc574767de978add7fb81387e89f12fa23c4865c98680b42e6cc3abe0d65140
BUY,0.9849999993920879,164.49746,1730900836,Yes,0x057deed0a19075f9339aea1b978328e944fa303aaf539c07879bdbfd003c49ff
BUY,0.985,30,1730900834,Yes,0xe6a44965ccd3e57336032417559a152e50e8711fb591c3497db73dfc4ebf5671
SELL,0.981,77.33,1730900834,Yes,0xa0606d1995fb18d1046b67a09abfae0994d72d7f78b0b4cdd7a70cd6eb257781
SELL,0.981,16.39,1730900832,Yes,0xed726b9db57e54384bcda75af39c2956e0eb390330e0c1a41b8338b69d17d16b
BUY,0.985,1018023.98,1730900832,Yes,0xf36c4ea660e6b9f54b26eeb9dc860bb5bb7ee567f237df7db88f4bb2823769b8
BUY,0.985,2488.88,1730900830,Yes,0xb763b6b8b7690299b625168908e06d46620754d38b40efe048d7bcae5afe69d2
SELL,0.015,93.54,1730900828,No,0x3ecd96f08cf2657c7d3f70f3f275cb7e7a3ec1b761dc35b08c680ac9ae6eccae
BUY,0.985,350000,1730900828,Yes,0x05b150c2abebc58fe50e64c1ef273b19ffa7bfa2cc783afd17e3e867eda4daec
SELL,0.984,5.04,1730900826,Yes,0xcd88c84561ccd14e6dd530023959cf5caa3301f1061c1f7a0e707645faeebef1
SELL,0.9818584039774402,85009.45,1730900826,Yes,0xf1d09bc5e9d3e374c8f1ac935622305e105cf652ee24163b60abc208adc09d96
BUY,0.9849998256549611,5.076141,1730900822,Yes,0xc983babbe5c7e2d15736c61e36ecc47e3565095f51def41e2384c3520c2f5329
BUY,0.985,913.7,1730900822,Yes,0x82270939d003d4dc0d2a42183bca6204fd0903f2d4de121a633466d3768a57e6
BUY,0.9849999211999669,4.060912,1730900818,Yes,0xe028dc4cdd2e6e89a9b7766f3bb88e8d0fd1d360974014e457c9d9c80f5e9a7c
BUY,0.985,15753.94,1730900818,Yes,0x20f42878673c5287b19789f6eb59a01a8b2c3ad8e41ac5fb6d512e6e5d5b6dcd
SELL,0.984,1993.34,1730900818,Yes,0x015eeacb9c3a602b3f41333e6eefbac43e419d2dd27d5e93bc94b61728f8a5e6
BUY,0.985,2222,1730900818,Yes,0x4172b3656274880f8df134d05011467e7d1cd35f5d3fd2a3902e42ee56243d7b
BUY,0.9849999756212482,20.304567,1730900816,Yes,0xfffca87eca6d98919d7d211e95438e6ee1e7dfc8c03938d0996fd5048b090374
BUY,0.985,9138.81,1730900810,Yes,0x2b2a02c88811c5f23e5c721d1c97764174906145eb57720e8ae460d9d2321c32
BUY,0.985,35388.52,1730900806,Yes,0x9fe21071db63b288fddfc57bfc3672b703b0e96f1e7633e1d11ff42cf8d16156
SELL,0.985,180.64,1730900804,Yes,0x483400c83dd2a6a1807c9a8832a8333508db3ed8a433c2937d49135d8e78a79a
BUY,0.985,128.59,1730900804,Yes,0xad6fec351eccbc6d1ef00f66d22337ff9d149483dd68894d4f4734de091351f6
BUY,0.985,1500,1730900804,Yes,0xb94ef5aefe582b60680afa265ae4dc12791dfb735fadc9df54c418becee7048b
BUY,0.985,441.04,1730900802,Yes,0x46a5f727bc65ca5c3a4ba9e2158150e282dcc7eb14a4c8561cf6ccff5ba7f137
SELL,0.015,52.21,1730900800,No,0xf30211ea5a0302ec91cbe4db37ed59141a644ab4b5e7545cf7edb59dde6cdcf0
BUY,0.9849999998856148,5026.873095,1730900798,Yes,0xd3ccdb695a97869dee12466a1e8e27f91b17e201ea22ea4f9164783fa9fda91b
BUY,0.985,20000,1730900798,Yes,0xa183f720071d8b055a2016f873faaa33cda720969ec90a74406c68ff1dc86a23
SELL,0.985,2.04,1730900794,Yes,0x1e1e8c4beb880435bef147b5a32e32b54b774728228cf180938a68448c819879
SELL,0.985,103.17,1730900788,Yes,0x855243bc199d5ccce1985e53a4f6853bd7db731a9603b5a3b73dd0b688959f2c
BUY,0.985,10000,1730900788,Yes,0xae332b794a4cde3a1cb068206f05151cef0cb7e3c4f06ce5086c62d5c8cc45e5
SELL,0.985,13.55,1730900786,Yes,0xd5294524f676f7d2d3f8516c2bf7a66f6ebe814edb8d41355fa2562da3c6af47
SELL,0.985,7.36,1730900784,Yes,0xed926c4d7a0751271a522ac294c205eb09d2f956a9c81a2eec8e16da19d06cf0
BUY,0.984999997344068,199.553298,1730900782,Yes,0xa236dff1d8327127c29e8ff68ae716939333a1e4173df732c6f1dbcb614d1d26
SELL,0.985,0.63,1730900782,Yes,0x22fd2578de35d090ff28f65c3e41e30a8958ce46bcd119ecc3d1e7314bea24fe
BUY,0.9849999945490153,141.258882,1730900782,Yes,0xee16446d9a93429bc88b935579bfaacac0758819e9bfbbde7719f9afedc60bf6
BUY,0.985,10000,1730900782,Yes,0x041b6f962e51b08a7be56612b82e24c96cd78e8a541f063442a04b9e8148cf0c
BUY,0.985,500,1730900782,Yes,0xed6d7ba314320f5fb66734314abef24b88b3998c9a1b568692b49399a8230bd5
BUY,0.9849999713454528,22.335024,1730900780,Yes,0x50e62d432e239faea73c097f696b2c62192268497d92dc6de521bfeedb77b109
BUY,0.9849999999786583,24365.482232,1730900774,Yes,0x06ea34e96195936c2af60632200fa571158484d29a065638ea2ff766915c3c46
SELL,0.985,486.29,1730900772,Yes,0x46cd5d28bf256997d520d8f6e411dc0bf46e30a12b50ccac99f6b7dd1fa165ce
SELL,0.985,153.59,1730900770,Yes,0x7cddf1eac92d233f9015aabb3ddcd1fea9e3c40e643452fd85921fc2a9566d60
BUY,0.985,11615.86,1730900770,Yes,0x9a5095330f6184a0d919926da5d8521310800fa7ee04f805564029d7a3d6375f
BUY,0.985,90000,1730900770,Yes,0xf345a63fcd3dd80a9b94b6fdb36fbb36fb757752b2c6a5e485524f9929cc59a2
SELL,0.985,0.75,1730900764,Yes,0xe3ec90fc6cfbf702fd6eb5d233e8de8763aa4ddcfb327b0dc50f0979b580e633
SELL,0.985,5.01,1730900764,Yes,0x4f6ac32a8451fa9b7dcd415d4064b765f00433c8146d8dc163c325f7d53c8962
BUY,0.015000000061855671,323.333332,1730900764,No,0x2e227d5a8d131b800cf8df44e187f37aa21031f2bec6a7377c8042c8b025a9a2
SELL,0.015,320,1730900762,No,0x4e6df1a7c4c3a8a39f99cc62ec737e2f2b2f42271d8e91aa9166964764908597
BUY,0.985,275.25,1730900758,Yes,0x16acdc8953eec4cd5f5e8303fe51cf121ce1f2a1761fc0e48ef9b2bfdf818441
BUY,0.9849997776576013,2.091369,1730900756,Yes,0x3ebe390c2104c2a413a5614df43faa9699668ba07dcfd9ee3c85ed98d581858e
SELL,0.985,8.33,1730900754,Yes,0xecf2370d9bd0a012d9a52dd2f71050857170e289635f6b8c8603d9fce3668975
BUY,0.985,10000,1730900752,Yes,0x05bda5817fd747f88eb607556c44694a81d366e71fada8ffc01a08fbc1f6fc7c
BUY,0.985,203046.84,1730900748,Yes,0x5045fe2de4840f33effae514f94981a6198a10de3f7d8cda24d186ee0bafc5da
BUY,0.985,23251.88,1730900748,Yes,0x0996775ba935e59578c44c96a14f7c5021297bea97d5e5557171fbaabc6c8875
BUY,0.9849999403030218,10.05076,1730900746,Yes,0xe004a3b2716b5e0b9c737c1661897cb2eec99018b9f7e67398b45e4b969d92ea
BUY,0.9849980896890969,0.335024,1730900742,Yes,0xffbe67153dddfacd12f32207813e477bbf564e5d3552ab06652fa1d9a4e25386
BUY,0.985,76.98,1730900742,Yes,0x074d359068ac97ac87af46b0b1846d1722032560443d64da3164bec6e14c606f
SELL,0.985,0.48,1730900740,Yes,0x07753480065c7363c1d8fe8feba15a84d48f6e7c0b3fe7e37cc9c0ba202d0baa
BUY,0.985,50761.42,1730900740,Yes,0xf926c7c174fa84d3479f9ac7b724f7183055411c255139d06e9801148def2116
BUY,0.985,731.74,1730900738,Yes,0x8f09211ddfc9744165683f7267ed3466fcfde95ead0fce482d25cd4a840d1b1b
BUY,0.985,742,1730900736,Yes,0x23cbc49fe720a84ffe8dacb5a2150ae41306ab4cafb918b6d3be54c605195c53
SELL,0.985,339.25,1730900736,Yes,0xfc1e2c1a40e596649a327ef99d8dcb802af82c1fd5d4f3e9e96018f388f9b629
SELL,0.985,112.83,1730900732,Yes,0xd0d0a63908439dd1288e6583dca565238fbec96447b89d5b58dfabae483ac88e
SELL,0.985,23.44,1730900732,Yes,0xed8a93a89529e72f5ca90ed9ba91685e0374b7a393297d515b3dea3dcdb67c73
SELL,0.983,82.41,1730900730,Yes,0x47ba57f0674a6f2cb09d9856fdf84a90ff4bea6727273be3ea6cf5aff210a50f
BUY,0.985,466.77,1730900730,Yes,0x321d9788073f66d32093f719dc9921d4a39bbfeb400fa3b6db8e3e24a84399c8
SELL,0.983,183.06,1730900730,Yes,0x3f843c4b2018aa124e5c882d7689d97560010b2d8805b2f8735fe68de60f1857
BUY,0.985,26247.38,1730900728,Yes,0x9c0e76bbde93b47013022ac1ef8a7bc383010d0e4ae05e266665ab7e4236ed4b
BUY,0.9849999999934498,101523.512689,1730900726,Yes,0xd9e0180bd039686ce3c23df7e36876f7bce1b3ff6f9dd8f50662ec40ad5937ab
BUY,0.9849999256324907,10.152283,1730900726,Yes,0x8486a50649af897cb93df3104f4497c8a5687e3426a25fe314bf3c69fd9cc979
BUY,0.985,15000,1730900726,Yes,0x3dc15b8f9e2a94227dc0a575dbf8ed7b9496ed145963f42f21edbde64a0f2f87
BUY,0.9849995973085144,1.725887,1730900724,Yes,0x031c5fcb7a0bffcb0259cd7a8b8089545a147a208cc6f7c388238a00b9d32e69
SELL,0.983,5318.75,1730900724,Yes,0x46dff5c5191d71c02b7562feb931f940e888a8229adaa9e8569d1b23078feafe
BUY,0.985,662.56,1730900724,Yes,0xef9d618dace232467334968bd6a60c7f89bf8a5a67a68efc0ce18094bace9ed6
SELL,0.983,16.06,1730900722,Yes,0x461501fb23d019a0dbbe4e56d9697e82d8f9cb982ff13e05f86c34821f22fa22
BUY,0.985,5555,1730900720,Yes,0xd3a472cefb5a6716523810a2e09018a0afd76304bd73162e9d789824c9d68b30
SELL,0.983,0.29,1730900720,Yes,0x2ff72a1e84f6401c56df256347cf639fdac83c7a92a0e76e0ad64193d4eef540
SELL,0.983,17.2,1730900720,Yes,0x72f5e62249ec97f24ef9333e0f5be54e511f59e0a44754aff2fee169e864dc94
SELL,0.983,212.86,1730900718,Yes,0x0d32d45f1644e5e1d2766afc1dfbfed8593321377646ee5a9fc05094c08b9241
SELL,0.983,47.17,1730900714,Yes,0x22ad37189307fc9935bdc0a4abd9208c49198ee7460ec9dd2bc11d70b806453d
BUY,0.9844006544692285,834.243653,1730900714,Yes,0x305b76506ea76c5dab2367fa011888deb280e8aff890b0347c1e98eaa3f65e80
BUY,0.9847905861020919,9827.81,1730900706,Yes,0x12aeda0ea8544d6d66acbfd44433ec44e288ad73cae29ab88b3493401e4c72e8
SELL,0.983,4.99,1730900706,Yes,0x38c48d7770bfe55ba6af6cdc72db522462cd53069a618fe9ce3b8fa217f2808a
SELL,0.982627977997314,1630.71,1730900706,Yes,0xd33c92d42e8d9ac932f006e1553228c9b39e0889112d282a2c04dc00ece55909
SELL,0.982,0.49,1730900704,Yes,0x225fed57cf145da85af964745b6725a7506058adef62baaff8264b8fe54260ca
SELL,0.982,24.03,1730900700,Yes,0x35f043724119de0b0b495ff6ad65c7e92fa2409e8a7c7fb0d0dbb78ab035f06b
SELL,0.982,103.3,1730900694,Yes,0xafc63cb05d955c243553cc4cba585830d6aca52d5ce5b5b996b4494801581e21
BUY,0.9849999947569762,188.822334,1730900692,Yes,0x761d7dffb35492f043ab83441e5148242e85565870ba15a3b1e3f4af1415f640
SELL,0.983,1.01,1730900684,Yes,0x845c82435499a1cda4a849dd2fe9087874c57338438309e04d5476c840ac6e78
SELL,0.015,25000,1730900682,No,0x0883ae800a1b48c2a7bf27e70ed2d9c8e9c8ac595f23729d2db08421c5934581
SELL,0.983,36.68,1730900680,Yes,0x4cb1734b44261296b2b476cf279399ab624aef26a05ccc51c67ada8ca3ec30b3
BUY,0.9849332883176805,1987.972202,1730900674,Yes,0x54a4534507dcc693858bb077ceefcf2fbd6ad13fd6b60810019cb255f5002f3e
SELL,0.982,154.67,1730900674,Yes,0x75f0dbba8374d2e2c6aaeb505c428d43f720e1ba3742a71b29e7717727a6380b
BUY,0.9849999873796861,16.243653,1730900674,Yes,0x393a95167a4dee6e7743b881614b976b023b86eab1eec7a145d65f9a04fdd8d2
SELL,0.982774661186403,180.04,1730900674,Yes,0x2b5b4d121f7c91bb3fdd3d1e5e2f9cf445282f7e7a32e4acfda6a88996835794
BUY,0.9849994139241766,1.015227,1730900670,Yes,0x2bde88e9cb7641542a3fffd433288d6cb43a542aa1f28a3d94b7e06e72e823e2
BUY,0.9849985739530316,0.680202,1730900668,Yes,0x6c5c8dafef0daa1221d79e1c1df1cd696607272ae28cb250fb47f312eb49922b
SELL,0.983,27.54,1730900666,Yes,0xbef1f2cf7bd2c9d17480c9419351f24100aa67e7cbbfaa60774ef6e04bc9ec66
SELL,0.983,123.64,1730900664,Yes,0xd9ea61a9db5bef0aab09254bdb3ae9df369da2d4ab00823cb77361d9269657c2
SELL,0.983,279,1730900664,Yes,0xaccf9709c3d42473ebb9dc85bd2d9abf8921a35af270cbf0bb67ea63f90e9352
SELL,0.983,104.33,1730900662,Yes,0x3642debdb3d1f157eccb791634e356e994e3e840e2f507df476aee17fa5dee12
SELL,0.015,4000,1730900660,No,0xadf3ea6ea6e192c31f31877563a0d1cec19eeceaef52d2ab4e070274868d0d2a
BUY,0.985,20000,1730900658,Yes,0x29c77883172c0b93c75ebaeb7eaec6ec265469e7ae20cd659a729a6b1b33d6ec
SELL,0.015,606.06,1730900656,No,0x71aaf6f0c38cfdaad66fe8ac44565d4801c4953081cdf5b0437b56302c7e0091
SELL,0.982,529,1730900646,Yes,0xbda39c8ea10cc430f8978cb37d7f9e29c027ad856c589f2e81baa65dd495e348
BUY,0.9849999720582487,23.441623,1730900634,Yes,0xcbc1d5f92bd66a51a3e49c4c8a1f8987d50e917494c3909ca08fd4b52eb6a33b
BUY,0.985,554241.4,1730900634,Yes,0x58340c081e39b4b9d651ec0561f1f5dfe8e00ef2c3a44d30dc961808f8d81edd
SELL,0.981,0.8,1730900632,Yes,0x23b98aa73670469700b0682d0b6a85b66d27732ee18d4af769fa9b5cd572467c
SELL,0.981,4.97,1730900632,Yes,0x709b982a1e1c21114bb5d3cafc660b461e435fb0085aa12275363ab755ebfde7
SELL,0.981,184.81,1730900630,Yes,0x56d8bf44c859da0ba6f9bf4ea593d2d2a4c59ccb20b127185921edb2c6e0f880
BUY,0.985,11.75,1730900626,Yes,0xfdab08e8b4163fbedd4d48ade100987f61b32983102bb27349eede1c3a258866
BUY,0.98490218075,200000,1730900626,Yes,0xf186d514d4947f25dc74812158851bbc87cbabfb814bbcf84c774b17223cae4e
BUY,0.9849973676612944,0.294415,1730900624,Yes,0xe0d1bf5ffd03b72325b16f9bfcbe0afdef3dd45b386333c25597162c8fbfd9bf
SELL,0.9818178045293351,17122.16,1730900622,Yes,0x88fea40714875d96315b499724ba11740c14ec53554af3dcc990280b022910e7
SELL,0.982,18.98,1730900622,Yes,0x5b42b63f95bcc532fe9d99945da3619b01300d2ddcf10654fdd962ed81161ee0
BUY,0.985,3000,1730900622,Yes,0x46a8eab67f2cdc1e9264e99b69fb0a06d33714ab13956b953d2740bc24295df8
SELL,0.982,0.13,1730900620,Yes,0x4098cb86378d7a4df9a7fe1481f2858595b36c0caca4d0bcabad57b720b7aaea
BUY,0.985,74.82,1730900614,Yes,0x1f4a240e648c18e9054a9cc55b4fd87177b346f70d639cc2246a17128f9cd01c
SELL,0.9823418124153792,6470.04,1730900612,Yes,0x8fda8e0736c2c003c252884189d620e6edf0e7e7448e59205aed23c5d6c1a6c8
SELL,0.983,16.36,1730900612,Yes,0x7f12ee2d13d7ffefba6713b0d6c51b627948aeb57064b3e1a2c7844283e6fc00
SELL,0.983,1.92,1730900602,Yes,0x9c1b716fc966fee498821f4e8907680631bf8b4d882ffa9530b475b496cbc93a
BUY,0.9849999972179427,197.69543,1730900602,Yes,0x708bda90f4d851b7cc6dc642959775c319d2da2df72da5dc5a59c960edbc20fd
SELL,0.983,2.22,1730900598,Yes,0x0b0722ddc488d60cd27237c6f35d51b4199286869d8ebfb158468b70d8c1ab09
SELL,0.982,386.77,1730900594,Yes,0xe7874583c5165845b952a54e154c1e9c794588b471420d851d9f31d2d4003659
BUY,0.9849999983521699,521.898476,1730900588,Yes,0xb82452f381c47585aaf1bd4d230eafd485f6d0395e3e55e26c870c212c2da469
BUY,0.985,5,1730900576,Yes,0x9830c3ad7dc70d51255068fa7c21702eaf6ef6d51892b4c2d04873a26b9953d4
BUY,0.985,9204.63,1730900574,Yes,0x1cc26411a62abe499868e0cfbc08706ef7b5f19e5ca520351c9f7530633a0b68
SELL,0.982,185.68,1730900568,Yes,0xa0b75b811a70bcefa27915dccb44aff260f583c95c62fd167c22152cb0aae3b6
SELL,0.982,13.13,1730900566,Yes,0x4b013b49466b8509c8b6b61f2060990d530b00a9db9ee11502301644315626b6
SELL,0.015,728.72,1730900564,No,0xac0d8459be8d990ca282691c95544adc5cb372e8593a5d26466ec94039c0e85f
BUY,0.985,50761.43,1730900560,Yes,0xe877a228416825b3908f003724da734f0bbec7c16583485f4ea3fdeb9e51af1d
SELL,0.982,17.72,1730900554,Yes,0x46c9e83b380d07bce1200853ea2db1738069550a333d59e084480b1cc339bca9
SELL,0.982,4.95,1730900552,Yes,0x7160d405f1b7d214374bdbeeea2b200bf74119c4890b9fcba61b5077469f9035
BUY,0.985,5555,1730900552,Yes,0xb53578a37d289fa2a4e3173012bb47f9e835a31c2c2e99c6291e79cab37bdaa3
BUY,0.985,20000,1730900550,Yes,0x042086a8cbd8fe0b2584c07b28b244b44075d4be503f2316c02439e75760787a
BUY,0.9849999751036931,31.329948,1730900550,Yes,0xc9a144c05a60dcfe54331c4050c4e0e4cbbd473f1a9751b5caf7e658734791da
BUY,0.9849999840578001,8.781724,1730900550,Yes,0xc324829c1b62731133c07d26ae59781f0d2366146c70ff5e106c6ef444502d84
SELL,0.982,1831.09,1730900548,Yes,0xd160896e811e8c096c58a8e4a0e81f8ae1092415d913e67bad0daa0a2796b489
BUY,0.985,14248.4,1730900546,Yes,0xd2b2a17694fe8b5cce03672ae3695924e5da3820b2ba0045997dc0d86bb3972f
BUY,0.985,200075.21,1730900546,Yes,0xf4deda09a06c4c1d760a09c9f716c767f716c04412bbc891b2d598596a38fcac
SELL,0.982,719.5,1730900542,Yes,0xf098b96e32e7370dbed51849d4f66ab06410195a5c5d955fe2f567f9879dd927
SELL,0.982,261.67,1730900542,Yes,0x8be23b6bfa918a49c7aa7695e53208cea0138448d2dcb3698376c5b4e4f502c6
SELL,0.982,3.68,1730900542,Yes,0x58e97d3a9ed4a729fd4727ff55b653687e14d0011972844a0db34b82da67387b
SELL,0.982,1.62,1730900542,Yes,0xa32c3c91fedf915abc7dab8c55d8035013d363abdb843ca9b7e9ea3d7d450437
SELL,0.982,1684.3,1730900532,Yes,0xe7c2bc5653805f1db962353e3e24cb401f3a8c45f807d3bea2741729cf71d60d
SELL,0.982,71.5,1730900526,Yes,0x17b38c6967a18b9a2da4616bbd9cfd53fa3cede0b852a24f0f382f96afd15cca
SELL,0.982,86.87,1730900524,Yes,0x9ca40015d928d59fccfeff624dae9ada04dc7693ad473ced2719f9d1d98e2641
BUY,0.9849999256324907,10.152283,1730900524,Yes,0xb65af8a8b8d7cea18304230f98440a5dd1ba8ebd36c27fcbd398e5baf60a4be6
SELL,0.982,0.47,1730900518,Yes,0x0064b2baa6ca8a44fa7ad55ef2a8bd81feaad0048e8946cd110c40ada96eff03
BUY,0.985,20000,1730900514,Yes,0x39ea1cccd18f55c9efb13ff1ae88439d59e5ba4cc483d6a4b32d09c5ef3da7fc
BUY,0.985,10095.73,1730900508,Yes,0x9aef73344fd8f9aa059044ff367cf4880e2000f1ffb2423299bd43cca64cae96
BUY,0.9849999256324907,10.152283,1730900506,Yes,0x822488388be33765415afcd577b538997b3974bb9ad21de8adf122a57df15f92
SELL,0.981,10.88,1730900502,Yes,0x2acb54c7955f44a3c7eee7e1073fff93bb60f784919dfd51b162ef7112a733ad
BUY,0.985,10,1730900502,Yes,0xf2513a57c90044719ff4849118111ac8a7a775b5748ca60be592f08efca2d69c
BUY,0.985,27,1730900500,Yes,0xb234fb446b5f03972b5c30a02262a41402d2d13ae22270a0711bf326265db3a4
SELL,0.981,65.04,1730900500,Yes,0x04fe0487aa115ff906a8f70bec1cbb87bb0461b8359b723dd1ac2504722e3c02
SELL,0.981,334.34,1730900494,Yes,0xaf84d2911e0142b5132bdff19ba9b2ebdd91261a2ae5183d8aa12af5f4f3e729
SELL,0.981,48.81,1730900486,Yes,0xe5c2eced7da053f7ade81156dcbc690aba7a7d389464fa02f48b0433bd9e1c85
SELL,0.981,4.93,1730900482,Yes,0xe70efdeda5a9a43659ffaa1d182d351aced115296c3427baada9600854ad3a5a
BUY,0.9849999256324907,10.152283,1730900478,Yes,0xebc317cbe1a71bec01bcecbce6e7495d6f63970a6f1dd4a66e147a2dadfe17cd
SELL,0.985828999070925,1269413.22,1730900466,Yes,0xf84b0e8d67e6829d2daa125c5a18a9699621d3740c16fd635aa5977adfc1f169
SELL,0.997,200.49,1730900460,Yes,0x602a2bb6742dfc2fd14e1921c02997a5bbf51a6bb4d14955697a275a6f9fa83e
BUY,0.998,1002,1730900450,Yes,0x9f3031e03c9b6c7e864f41209f7deeec3f964fe566bbb5c8a2dfa7e1b770d580
SELL,0.002,333.33,1730900442,No,0x01f3fe0746569ab8ab78044b3f477fc70f7131db007c32dd0727def4ca9adb3f
BUY,0.997,112.66,1730900440,Yes,0xf28abeede404fd57868f280a8ebc09985ca3cd744490008ed3b5173f675a1866
SELL,0.991,78.65,1730900438,Yes,0x75658916a86676a616ba67dedc7d32ba3a9858251c96fb3266252e0a4a33813a
SELL,0.993,17.58,1730900432,Yes,0x93b3135234872df63dbbf2ae108b20c19ac85a6a5ee281cb1c7e6b434c7d740e
SELL,0.993,1.67,1730900432,Yes,0x52b91f1834ae0524701024650c9d4b04c9bad5fc8f41b93fd142e68177198a7d
BUY,0.997,129.68,1730900432,Yes,0xa51e217af8ec9ac88185ef075b340ea1826a4eac8e5e1cfd262a37d3f4157838
BUY,0.997,18.36,1730900430,Yes,0x20b8f96c4e6165c521dc32e48861927f5464d3f7501595a16dd81f651f8a34ac
BUY,0.9969995269232514,2.006017,1730900424,Yes,0x47201f3c5b91bd550826b9c0bdfe3332af89acb5e5bff1afb544b76b6d613425
SELL,0.997,650.6,1730900420,Yes,0x5c7b5cca94cd12fbad9974457e4aa33a34679db0f49133f0c530a2c144b78fa9
SELL,0.997,1035.92,1730900420,Yes,0x4a61611d0554e0cb71bfbe81656167d16631fd0a0ad29ce6e3734b2f83e7e4a1
SELL,0.997,4.92,1730900412,Yes,0x264d2293d290f81a8e70c673337766d79e6dedcbb71defa73e924dbd539a8c16
BUY,0.997,314.7,1730900410,Yes,0x26f204b627638e339cf2bdb46dc111fbe99fac019b3e4bf2a078c833863b042b
SELL,0.993,3.13,1730900404,Yes,0xfa1ab4e934e737bd276b71d056e2dca1fa8f2941dfc05a87bd258c8af391dfd1
SELL,0.993,172.1,1730900400,Yes,0xd8db0d4786171556e7fdcd95fc2defd8a0d1c33259144d779344067f8cb91744
BUY,0.997,112.82,1730900390,Yes,0x66d5edf5023a195bc02be6594f2b82f6a16ff53a2cb2ac6faef5b6d02f1bca0a
SELL,0.9921880665960978,732248.91,1730900390,Yes,0xcdb4084e8c7821cb8b7d03834c796f915034839e3ee599d544bb2469754a4ede
BUY,0.9969992160818559,0.511533,1730900378,Yes,0x7c55e92f54d79be1c938ff524f392da14b5dafb97c1ae3e49ae42ad5eac233e8
SELL,0.993,4.49,1730900378,Yes,0x50cff157d728d18e5aa478ba80f47fa44c7c85bed001a0161160bcdb2157e9cf
SELL,0.996,486.16,1730900372,Yes,0x4b2a08cb3f845b7adde008f842b66c37fe4c329243524b563ddf542a3a8f24e4
BUY,0.995,738.32,1730900370,Yes,0xda08d9403d4eaac2dd474df57d434cf677eef3f219c2b6879a813d5decbd9e48
BUY,0.9969996935885566,3.009026,1730900366,Yes,0xc85ff7f307f5722c3addae3acea3b675bb696ff7971b9b8642f1e1aa67588b29
BUY,0.996999994191715,18.766297,1730900366,Yes,0xc8c375ad2a6b28d3936f7438c0b2cc950b0aea0c6e4fa739c09e4d93d89ec2ce
SELL,0.995,361.74,1730900364,Yes,0x0622ec9b1534cbffc49b89da9d32351b0051c8a85c43c657c1ad90564ce4efd6
BUY,0.997,46.63,1730900364,Yes,0xdd501d2962e5eb7d8be0b8f5fd17b0ffd230786b215e366c14893743bf406f12
SELL,0.995,326.79,1730900360,Yes,0xb147835532ec4a14993da7481cc03580bc75800a059eb631a75decfe88db435d
SELL,0.995,707.42,1730900354,Yes,0x9d985654f041f3a7250a68b1feb504ac90ce25a1a53b9172080b25be9daa468b
SELL,0.995,945.48,1730900352,Yes,0x34814516018fc35a8a58245e446cbce01c2da290fc2d32f9f8e87c33caae76fd
BUY,0.994,22033,1730900346,Yes,0xeba8760752d932d2050e976d783318501e229d2b270fd6d1df684d9841db6f0e
SELL,0.9940060831032265,1082797.67,1730900344,Yes,0x5eacd620397c20c607aa693a86a0a647707de9576540bc7e6b9114d4c5e83f01
SELL,0.997,249.77,1730900342,Yes,0xbacfa7306c8ed107769a5c3be4cd8f3c8395dc0cc3890c27d043c8467572f732
SELL,0.997,36.78,1730900342,Yes,0xc678300880e12db88210811f616c1e43f672f80fc688317f9929267335bccfb4
SELL,0.997,92.09,1730900336,Yes,0xef645943bd261394476b5ddba8d5dd6b90a71af879b57fe4bc3d19fa9fd25543
SELL,0.997,4.9,1730900332,Yes,0x8ff8c4e97c60f1e757a0b4a1fc049a11e06d86ba6da1145adb1d41c215eabf32
SELL,0.997,1.65,1730900332,Yes,0x35597d2f17744804ac43f2653893f39e82a0656f2d7a079c8cc93398d1f3599a
SELL,0.995,111,1730900320,Yes,0xfd16f8093cfd873ee3e902402e98e041a48140df8d70ff80966de693b7a6da28
SELL,0.994,1,1730900312,Yes,0x81afcf90bd4ceb6acbd4c8eeea0f28cfbc911178c3379ddeb5498acda097bbf9
SELL,0.994,154.11,1730900296,Yes,0x21db538865ae5ec828df0ad4ee0ee2f092d2e10391ee50f4f4439844bdc90c27
SELL,0.994,200,1730900288,Yes,0x2acf8a2a236ea7cfef26262ccedad2a6d463fe8e69260e53c0acd772d58da79e
SELL,0.994,5.8100000000000005,1730900282,Yes,0x01387cf195718b25e8eccf624b926c023ac811b24eebeebb894cb040a2d8fd4d
BUY,0.9949999526064368,18.884421,1730900272,Yes,0x3460ae67fb44716d86a5a5af430b04041a3f8534474b355021f0054cc3d745c7
SELL,0.994,4.88,1730900270,Yes,0xd02986104b632d52ea3550642e1517f207a563177e4a2f077305c5e258af14cd
SELL,0.994,1.5699999999999998,1730900258,Yes,0xeec326eb035f307376c715909e5631a1d97bad2c05f03a6cd698f48c3d8de98e
SELL,0.994,137.96,1730900252,Yes,0xa33ffc199b0305b51a608c1ece5e60529e4fb2395cd6c2066a3effc34e87fb25
SELL,0.994,425,1730900252,Yes,0xb656838b6a49bf3f332d9aa5807070ced45a678c879c8b7ef4270929a248f424
SELL,0.994,79.51,1730900248,Yes,0x60555d28540670b0e5979346369636df3fb3e837f66c229577869316540dc9ed
SELL,0.994,103.21,1730900248,Yes,0xd0a1a1094e90e4b8cd11f2e054272ee094404d8172b3b128485c67d8ab099607
SELL,0.994,57.86,1730900246,Yes,0xedcc9c8bb2390efc5ae8f2cf40f644eb8d9a119538124d8b2920095a7c8c40c1
SELL,0.994,3.38,1730900246,Yes,0x3b82e4beed83e1404ea7f84a6cb4d0844da5bb6bfbe2856cb105c2dafab0a50e
BUY,0.995,703302.42,1730900244,Yes,0xebc91e6b1bfbba13da45cfd0b420dec543617fa76f0c2b6f6a15fa161c1c5d2c
SELL,0.994,5.15,1730900244,Yes,0xac78ece3767ccffd491487e770001765ca69d20c37baf191fc218f3195cde619
SELL,0.005,684.26,1730900242,No,0xc12c1dcfec183c14f2265e65dc3990b611802c0f9666d346d1adfb1d3e1ff9af
SELL,0.994,4059.17,1730900236,Yes,0x9a34d6d08af4961f705fd33644e13c8a77eeeeaf61f41973c4b3a532e24cc65d
SELL,0.994,50.72,1730900230,Yes,0x5bc4987450b30b24097684e6c251ec1a4869c5d281f65457480f27361cc6ab11
SELL,0.994,599.7,1730900228,Yes,0x411d15b9cf079abb48788a3379e57a4efae627a1534c12290b3ffe34a9e7a448
BUY,0.9949988042516273,0.572863,1730900228,Yes,0xc8f14b8df09b20f4826171b30fed39778cc101069d0b310d1da2229df289c220
SELL,0.994,517.17,1730900226,Yes,0x41d94d284aa23b4c614b186023a5956435cdbe6cf4f9d79d6c98c4cbe7e8e209
SELL,0.994,5123.57,1730900222,Yes,0x9075fde27b7effaa982df46d5d5e475cd1155c26ced7fa046016e8f1d5c56a66
BUY,0.995,2937.82,1730900222,Yes,0x345e5baa56b44eda4e0f9e61ab59ce9fc97b1b779a0fd9d0d3a968ac6dd5da25
SELL,0.994,77,1730900222,Yes,0x0e1fdd28efc4c43f6ff863bbd3a5da53c2e53a0405a2a5132f20f42e8ef19f94
SELL,0.994,85.45,1730900220,Yes,0x3f357c9dc355f1f53f327b9b8f4a19d52ff3a25b1e17d232ceb70e61b6145eb3
SELL,0.994,189.75,1730900216,Yes,0x62062ec4879755dbbf59a8b072dd6c153b6ca241f01fb93273c2db3d59d2cd49
SELL,0.994,440,1730900202,Yes,0xb2816dc0c2df1d66d48a2d204baba8b171f85255056ec0995a7ef513a5bd5930
SELL,0.994,1.63,1730900200,Yes,0xb572692d08d8922c471a195488ae453b758f820036f762b31d7d36120034534d
BUY,0.995,92.86,1730900192,Yes,0x2add618f64e33564d62ba2fb25a2e42ce98a711282523d7070f7ac48df9f92c4
SELL,0.994,572.74,1730900192,Yes,0xf04afcde1067f6e935cb7d698e2574a7c0fb80b68b20f100109b62e0e8512072
SELL,0.9959772734220161,1119445.26,1730900190,Yes,0xbf1e28d327c4028ab0020b304b5bdaf17f816612874ef5b5cf2ded6b4c5f5942
SELL,0.997,4.86,1730900178,Yes,0x2f173a8509f7c4ca94641c8a642253eacf42a70fcd528d6606f0d01d22e79a2a
SELL,0.997,170.9,1730900174,Yes,0x02dd7b556e4f4dfa1f8c9287128afd6a40119f7fd72ffdf4d3ed3d395492a7a0
BUY,0.997997754491018,0.32064,1730900172,Yes,0x95879aeeff7043e0601b00acb1d4eb94efe0f83dcf6a45d16af03f4f20cae605
SELL,0.997,1057.87,1730900170,Yes,0x987a2d9ac034e03dda3ae078ba626422a054a0a4dac3d2336250c6042b970e6a
SELL,0.997,273.08,1730900166,Yes,0x4138935fe6e242e6df6a9227fb4d841884bf9f79c6ff2ef7cd30daa6ec347196
SELL,0.997,1501.17,1730900166,Yes,0x6f93784d2f8bc06a11375ebc93ca94926a4e218980227bb7af76b63e464b39d4
SELL,0.997,704.02,1730900154,Yes,0x82599f09cdc0cdd2d3450a77e7e6ea7c3604e481ea5c617fb01f8f3bc05b2cc5
SELL,0.99754152358027,905.63,1730900152,Yes,0x39cd5d5b237ea3707764be1325f6d62ed7513ea228df85412badafc963fc4aca
SELL,0.998,5.64,1730900136,Yes,0x337b4fe80b7cc681a37bfa2a3d6c6108868b2723194731baeee997b03de71978
BUY,0.9989999884990124,80.080079,1730900136,Yes,0x7e70b7c7e8a6c08ccf91c285243bd86baed9e6f1a5843b8a651adb050a9311f1
BUY,0.9989999961141004,61.76176,1730900132,Yes,0x9a39c533d03594cda9555d52ff97a23e36120e0ddb43693e90224f4f427da40b
SELL,0.998,1377.1,1730900128,Yes,0x35dcc1ef5cf1af67420416c64c2471ffd1b9edbfe01302f790628a02076061ca
BUY,0.9989999895699835,61.36136,1730900128,Yes,0x073d21b9acc876c4df297e95c31cb2a3ebb42ad0f301fb1d8f9ea9fb39c9d42d
SELL,0.998,19.25,1730900122,Yes,0x4314c9f32498fef562cffb4c1d0b65b63cc6e153c961e90f42e50108c581a30a
BUY,0.9989999970694262,76.776775,1730900118,Yes,0x78afbe6254eae489f70bff19840d5e8cefff0f606a8682eb9e06be0c3a17f555
SELL,0.998,30.77,1730900118,Yes,0x18a3451cbffba01d1d46a0cd09506082075039e2eab042f83c2f30c99760d4de
SELL,0.9971813305849442,475.43,1730900110,Yes,0x13dd51525528587f59d5d84a291c238ec162b910342a943bbc5e59e485aaf9b6
SELL,0.998,4.84,1730900103,Yes,0x3c50cc2054baa15e619ee9a3c767e9fc74b60f7b4230dab70fce13f3d49d946c
SELL,0.997,5,1730900099,Yes,0xb271991231b15416438d15976dbc2f93ad23fdca6e860089d21bae0f0ea9f328
SELL,0.997,120.34,1730900099,Yes,0xb77bcf9e335441a0a229913a5647f78be900bc2f2c28d14b233c6a1bbbe0aee2
SELL,0.998,558.4,1730900085,Yes,0xd4572a473932a2510f8ae3bf466ad5fce09614408ddc47247b9d9031c9857b12
SELL,0.998,1923.18,1730900079,Yes,0x8206e93358761ddd00ccb242efe6363f167e4b293ef2613a5ace6e707dbcac14
BUY,0.998,221.48,1730900075,Yes,0x9934aca326d398b5bb7955c8a4b2811db00bb2a59d0900812aa7068a55380052
SELL,0.997,27.11,1730900069,Yes,0xeaec7b97c6e56e8ff4f50cdf9cd3dd64aae3c7849d4ce259bf243d7471ae3d39
SELL,0.997,1093.7,1730900063,Yes,0x27cde8a4c9a82ea1f827df7bb37f800d83175cda03074c04ece68581b3f54a73
SELL,0.997,150,1730900063,Yes,0xa13b65aafcb27e92bb55f116662b9a5460901cd56ea82fa3820e1b440b175e69
SELL,0.997,825.08,1730900059,Yes,0x91ee1b4066ded4bf2ac05d14a2406d1789022e3c345689464dfc3729c7421471
SELL,0.997,13.12,1730900057,Yes,0x227b6ae7eb9239bf590b42b9dfec17fe044d6dacb682d2b2359f3729aaab1c6b
SELL,0.997,114.53,1730900051,Yes,0xba2e32f27a736ad720c74e854653ee2f3f40bb0f41786102e40fee64e77baadf
SELL,0.997,4.82,1730900049,Yes,0xb3913e6f27b1b03a1ee09c9a561b5b9ee372f3da8b1a2936181f8156ed3693a6
BUY,0.0030000000013636363,3666.666665,1730900045,No,0x07c9ed7aeebb6e99e71f223bda75302d34feddaa590595a78a9a193c54050f0a
SELL,0.9978365620865621,634.92,1730900041,Yes,0x5431e2e4ad2ff20f1380acf24e03a6ce98bf7967010dc5baf9c27ecae1c807e5
SELL,0.998,862.92,1730900031,Yes,0x8ddae9017f1f2ba6ffb60c1f12c1da1c4ad9dbc59327a76f0f23e5b813e3d9d8
BUY,0.9989999509990475,20.020019,1730900031,Yes,0x99fb269e0f3accfaffb48437b1b6ea6964d3e08009c3b1acfe54f155d489b505
BUY,0.9989999948323508,84.564563,1730900023,Yes,0x82683b835bf2c2e2bbe700beb0cf517886fc2748d4569f03ae24093ace431bb3
SELL,0.998,529.1,1730900015,Yes,0x68b4a06f7e5fbe59b0cc8d897f52cbc8a3523d729a0f4fd48310de0bdc4bf843
SELL,0.997,171.57,1730900009,Yes,0x05aed867980c40c231be19d46f4dce1ac8c656e32f572e5fbccf71563c498f19
SELL,0.001,50,1730900001,No,0x56da75eceeda0aea09e8fbd930d743cc9eb2cd84167cd45a903eb4f64bf5093b
SELL,0.997,1022.33,1730899997,Yes,0x5eab1dc445dae3995fa642efa6bd2e21f718c0afdc0b30d0ca367ea8bbb88afc
SELL,0.997,91.44,1730899997,Yes,0x0e983f45205a6c8da8dd8ea01970ac48bae1b434ccbead7bf70a6711f1fb721e
SELL,0.997,4.8,1730899991,Yes,0x08bc05b0420307095f3377c6e8d322e8c49d9432a933d6025093ef613f7c192e
BUY,0.9989999318572295,14.044043,1730899989,Yes,0x6cd7e89ef45231c61a553161ca7db45f66f9051f68cfdd8824ad2c4d81e0a433
SELL,0.998,48.47,1730899977,Yes,0x9ce371ec6d084201d39cc52c1ebfb0d8cc054c87c103a4134effe73d173c6f3f
BUY,0.998,1948.62,1730899975,Yes,0x4e22623125839009d2da58220b0ea03b84098d3487d52f705d864e300d0214d6
SELL,0.997,19.63,1730899973,Yes,0x2bf8a6c27e941ff306ba8cab4edfdd9721cf003a7510b0b981eceae32d856e41
SELL,0.997,48.47,1730899969,Yes,0x8bff63519174a01bc578ee166b211044181a87a44c4e54d700f76fcc642d27f3
SELL,0.997,183.72,1730899969,Yes,0x7912b5a7db38459602ebd7660d32fd007ccb5a6e23efe2ef86d0a3103f9efa2c
SELL,0.997,1928.57,1730899967,Yes,0xfb76e9db4ddfb37342a13cf8501dc87cd593e61184e53adc6e314b9dac50137f
BUY,0.9979982891360137,0.3507,1730899953,Yes,0x043c3d1f42e30dc07cefc4b88041738bc132cca6d53ab842519f5b931f6cd064
SELL,0.997,1,1730899951,Yes,0x722c5d2500b1287d6792411ce8cd4ea7a7d3911b4ca74b849324b664c6fafe46
SELL,0.997,326.26,1730899951,Yes,0xd199a17a9947e5fb2313cd56f1f53dd193f0a8d12afdfe288612c356672cc1e1
BUY,0.9979999959358553,83.166331,1730899949,Yes,0x5e12458cbae90f15c99496e6ea16f0701f1f74a0c99d6c4fad569778d7389242
SELL,0.997,288.56,1730899947,Yes,0xde9cc759ed346d71b911ff7d972ad6667fa21709d9b19a28879bc6f76480852c
SELL,0.997,18.86,1730899945,Yes,0x78a2116881b452bd26c38456699ce54a87778d344956393b4f49edfddb07a378
SELL,0.997,75.52,1730899941,Yes,0x5084d58cb3ab543e6961e926f411e398f2cbe47bd5b6bcdedf438c4d979da793
SELL,0.997,4.79,1730899937,Yes,0x044b87f4e5bbd51db2949fb317feb39b2154433f1478d8e82cfb61442347be6b
SELL,0.998,1985,1730899929,Yes,0x3cce7c7f05a7572dd3944e48d3bf7c69b422ceda4c7b61aa78cacc8ee1bdf2ae
BUY,0.999,1070.32,1730899929,Yes,0xc503813af79663e5c7b3d46c5f8a19d2eddff6bc84bb973af95911245b76c8b8
BUY,0.9989997490006856,0.800799,1730899927,Yes,0x414e12094acc95523beb9eaa60a0121c280c48ba7b864d47982b116e0e2cbba9
SELL,0.998,10,1730899913,Yes,0x973d115023191d16f67808acc1764b9ad0e411b563754062359677434fdcc800
SELL,0.998,5,1730899905,Yes,0x1624afc7fdc3f15686107b9b4be1796182f2174a6a08f3815d741fe72130abe6
SELL,0.997,67.98,1730899893,Yes,0x101d3b962fc98bfa76aef5f0f380a9961f6502358cf25cb93cfb0486381c0bcc
BUY,0.998,381.77,1730899889,Yes,0x6ddc5898f62a6ad6e343e5e40a417219f7f36541da66d1838b9d25ffc466848b
SELL,0.998,13618.23,1730899885,Yes,0xb662b0127a8e3ca1ad60e452a39b6990bc380c2e387a0880436be1596dbfde22
BUY,0.999,1593,1730899883,Yes,0x4905d3c69e97786dfc74226da9f466cec069c71136e4eeffcadf4554c8ae50d8
SELL,0.998,4.77,1730899881,Yes,0x0b0175f951249e19fb29c4b4630c77caaee6eb074ffd7901df829c1dcfbdfaca
SELL,0.998,975.41,1730899881,Yes,0x4ccab5ed5c8d27d01c3338f9bb911fe73d845ba1bba1a46b1189b98700c7b5d4
BUY,0.999,15.015,1730899879,Yes,0x1d5591512e8021790b7f39a57ba91382ffc261a78c8e37b4c1908253a46e3edc
BUY,0.999,20.02,1730899875,Yes,0x2579260ac0a511ef42d84be4b57e6735e4a4050d17dc2d76eff14038462c7e61
BUY,0.002,190,1730899873,No,0x21f12964603816e46608099abfd03ebfea581e83f1935e81a8dd2b5ca48c5f92
SELL,0.998,258.24,1730899873,Yes,0x6581d99369783f421808496386d18bdf4ba5642d2a5821eadffc911e6183d116
SELL,0.998,161.29,1730899871,Yes,0xc258d5c6310c2aa12cc4d5a1dcd28825c688568976e56682c43e82bddd74cdf8
SELL,0.998,6.47,1730899869,Yes,0xda73da81288eb088a27bed9e7a0bf43663b8b137a26a61dea5c0839692a06c12
BUY,0.002,1000,1730899863,No,0x87efe0dec3f0bd0713a2dd826309d1a18db0ddc1b4e099931cdc4bcc4e72c19f
BUY,0.002,5000,1730899861,No,0xe453544ef3a36a3f3e164b0036970da8e21a96cb17609ac157d2ca9c9abffa0d
BUY,0.002,10000,1730899861,No,0x34d9d67159bbdc35d1d3be927670a59f0760fb8b7e4c48f05d3128df01ce4b55
BUY,0.999,10.01,1730899853,Yes,0xb814346e3ee5e05877676ee162bcc0b55a5c6028de14aa7101b25ed036fb6500
SELL,0.998,117.32,1730899853,Yes,0xd4dad6c89fe31e6c03b897a623673a583835980daaabe2d89e13e93ffe962fa1
SELL,0.998,1743.5,1730899849,Yes,0x3929b89b7cd8e2624e3ca7b04ba0fbee5fb87bd389107a8afc2fc7790ecaf4b6
SELL,0.998,71.65,1730899849,Yes,0xe1177b9f2485262369546a4f5a844182763fa2d1d848ab921f59910423cee84a
SELL,0.998,844.2,1730899847,Yes,0x779a89a17f63808e0eb618502e80197e455b8edf7c6271b92f784d178e20748d
SELL,0.998,373.5,1730899841,Yes,0xc11d74085eb03ea9bb2416bb628eb328a753a1a42692f929dda9b421ad8f61cb
BUY,0.999,7150.25,1730899841,Yes,0xeb254f661923c692a2f300e1f2a1d17cc00c6aeb734e70120a179a7cb96fee15
BUY,0.002,5000,1730899837,No,0x8e3ace7993f659c8f3d22f6eab2f4e8b570df20c79ceaa84a79f14d2a1ba58bc
SELL,0.998,30.2,1730899835,Yes,0x08d687508cf06c57bce462bfe007bb059e006ba5f581cb00f5a8d8e969d2209b
SELL,0.998,8516.73,1730899827,Yes,0xcd4092b77faa751dfc6e0cc6436393d71cfd7997e8be37399c612f614e93079d
SELL,0.998,4822.96,1730899825,Yes,0xd42680120306bfe73e472a1469dba22282b36eb0244537fe2195c5b0c6471eb0
SELL,0.998,103.9,1730899821,Yes,0xc2f7a4662bcd4aff7fa4ce46db7fdd22bde132efd0b70401ca347695d69aa27a
SELL,0.998,32.52,1730899817,Yes,0xa175860561ff128236ea8ad77987c8dbbccf8386f9acceaa79e3977daa89d18b
SELL,0.998,3158.54,1730899815,Yes,0x0ed44b4750786242617f276b6caca4809fd9ce598d092d3f0f9cdb6709c42e2b
SELL,0.998,533.85,1730899813,Yes,0x07286d8c402879c7eef182aa6cd4a757b33198dafba16aaecd5417b911506951
SELL,0.998,957.4,1730899809,Yes,0x2d4ade33e95a4dfc4cd1aecb65ffd67e3a7dedc067dcb55517299a1d05308844
SELL,0.998,1653.59,1730899805,Yes,0x445f4beb05b31dbf4623261f228ad7e9f2bba8e85e91543ffe711439297554f0
SELL,0.998,4.75,1730899801,Yes,0xf47eaf6f9e20f6422580687f18119d86b9862be6e3d12d5784c76dd2ba46f5b2
SELL,0.998,246.99,1730899797,Yes,0x973bf989c88fa94e49af0f4082dfd76ad2910d7aee262303955bd9caa95c1588
SELL,0.998,163.63,1730899793,Yes,0xc3c50ab63bf95c00da8a8a6e265ffcf4c736b834bfa0d674e95eda674510a7eb
BUY,0.002,50450,1730899793,No,0xb2024835d30e101a29e480ba24fb9974c5d48e5e72b1a08aec5b243fa8ff73c2
SELL,0.998,1.87,1730899791,Yes,0x44d117b1d85624578e069c81b26b4b5dd69e5656a7f9093cc0ef2c0dccdd1e4a
BUY,0.998,17536.89,1730899787,Yes,0x5a30ce320c7a4f04bbc8f36b71e243d2043d90ffb5aebafa68c60b9ccec1e44b
SELL,0.997,163.33,1730899787,Yes,0xfba86e787f85c9f8269e355a825120802c8219496c2741e9ebb24c16c9e8cb20
BUY,0.998,51.19,1730899785,Yes,0xb9195e7014ce5a96bef55d79a5b87c5af044bbe43b9a21b6b9239d74808fe99d
BUY,0.9979999930586864,67.134267,1730899785,Yes,0xc2cfe059d3a770daec18e590c63433a7c84ee3ed8204622f9f7b0919a25b5a62
SELL,0.997,79.64,1730899779,Yes,0x07e4c83cda4f040a6da2129f5ad756037f1446f0bdab4563c051d767ea394ed8
BUY,0.003000000012,333.333332,1730899763,No,0xdbf890cbff7e8ad1feb11120666ae4e6af3a6c95108fd73ca2c860baa72a82f5
SELL,0.997,120.63,1730899763,Yes,0x320f76e0c1faf12fccb8a08fe5f925e206531bb7ba19d284e49f282868e8947d
SELL,0.997,198.46,1730899759,Yes,0xf250582a13041c8c9246499eea8e63eccb81f180e93c408c0b2eaa74da9328c2
SELL,0.997,590.21,1730899749,Yes,0x9119c67b648837ed0ba4e311edd6d105cfdd1a75b83b9aa62bc98063718c50e1
SELL,0.997,168.98,1730899749,Yes,0xf47e1966daccf45ab3ad0cdc0c01cf82accd2672abc57ca5104fa17c268c5026
SELL,0.997,122.49,1730899749,Yes,0x2292495c71a56f8dab1578096e1fda9018bc2f2bf14f115f817fc346afcf7429
BUY,0.003,335,1730899743,No,0x540940150ff84240f8bb081d965f35e03ef1242bbd4c946691000ef92807dba9
SELL,0.997,4.73,1730899741,Yes,0xe02164d4dd7c9cc6cdffb87587192cb11592ff7f72c69c2739bcdd355058caf5
SELL,0.997,1.81,1730899735,Yes,0x097147f6bb1c75fbfbab851488a23b6eb840fbb6f8084d296bccd2b0cd923b58
SELL,0.997,182.49,1730899731,Yes,0x6bfcf1fb50bd72d0651a7f80119774af78c04fe2005633f878048a4b81258da1
SELL,0.997,1457.63,1730899729,Yes,0xc03c6b940d5458dbf8c30f76815bcacde19e01e3d0b61f7c6df0ce0c9e6b00ab
SELL,0.997,2447.04,1730899729,Yes,0xaaa38f0ceff542dcae12b4f6609e04c2d3b0bd40529ff45802b52c8556b9c740
SELL,0.997,328.14,1730899709,Yes,0x031bec7c1b5d247baf66c5ad3db7e340bd0b96e77bcbd17e6ae19f1f23ea90c7
SELL,0.997,769.51,1730899693,Yes,0xbbc4849c7b4e302cd6f854ea97295b16e3874ef6853ef92794988dfd9423d773
SELL,0.997,4.72,1730899689,Yes,0x3882428acc9e1f78b54c324035e29bb76a9ebc0a65fff544092d0f2fd75fde9e
SELL,0.997,52.1,1730899683,Yes,0xedee9d22ce2ace0fe06fae0d696003ecb5c65c88215cf15fba12e27046872588
SELL,0.997,159.8,1730899679,Yes,0x3bae3d28eb0626b40c8530103fbcc5f1cba20c0fff62d944ff6ff960b35d0e9e
BUY,0.9979971092298162,0.29058,1730899679,Yes,0x9e4b31d7e0cd340e115db8ecf5e0f0cec2356cdc0989a7f9f91edbda8ccdadaf
SELL,0.997,2.01,1730899669,Yes,0xea77ff9fc12316e270491603ceafbe093882f699b616834d721feacecc8eaeb1
SELL,0.997,15.38,1730899663,Yes,0xa2fd5019a6d879291d30b387ace0532dbf58c29837c79c8679d0772024868027
SELL,0.997,146.35,1730899661,Yes,0x6bfdd08ce9e22eb8a0fe4d55d071e7e2e6b6aebd9aaf2092329c9515510d63a0
SELL,0.997,3175.87,1730899641,Yes,0x3fec0aec2c911b91544c3fb6fc6113144f61651da8f665501f1350c476d7d98a
SELL,0.997,409.42,1730899639,Yes,0xb620075f40c36a759f10c32518bf2d6f62f2e65edf32b5edccfca3f643e61c90
SELL,0.0013304857621440536,119.4,1730899639,No,0x0c5b3065b9e380a0e02b8e7874fd9ee00c49a8eb620dfa61672722cc0087d8e4
BUY,0.997996599393805,0.27054,1730899635,Yes,0x46325a9c8b0a84100268466b65f4d0959d906e7ad54405f80d37b1eae897b05e
SELL,0.997,899.65,1730899633,Yes,0x405f2efcb037aca26912b1aada64c80e50abe7a74502bdbb4229dc8c8de8692e
SELL,0.997,4.7,1730899627,Yes,0xc88ff17b5732cdcb1cb36eea0c6790572ad46acac6b87087a0a6ea418b5f5d0c
BUY,0.0030000000003,16666.666665,1730899613,No,0xf4244afddca61c39ed4d5d3fb17884d11745dbf606c217f1518c5491a27741c5
SELL,0.997,0.64,1730899611,Yes,0xc37054328459b05f884b503ac8a0fdf9943c0eb2cb67f6d23fdfdbada155baf7
SELL,0.9978510289667865,5651.3,1730899607,Yes,0x9e24ef5d5bef1a38939f3cdab2d62adc8f22fb9aa471d0659c5a7f961f8cb6d0
BUY,0.999,5.645,1730899607,Yes,0x004cb4c16bc82950c40d3ac7b70b29e0fc8c8a160d2336ba41f81956a885e0a3
SELL,0.998,0.31,1730899583,Yes,0xe510fbb2d26e9519daf097dcf92d0b31b4245782b10642f94a6416e8ddbb01dd
BUY,0.999,4347.2,1730899579,Yes,0xe572c93961dec7a5f39cb6c742a68f74b07adf0e185938d22bc102ce45159e59
BUY,0.002,5000,1730899573,No,0x87b985089cf45e765075533247864ab553ec0054c99f1e68ed36f9f77bc8d68b
