side,price,size,timestamp,outcome,tx_hash
BUY,0.001,1000,1770165370,No,0x1e81c1810c621024504eca28e7213fe0278c03e3be204f4c98478d208091fee7
SELL,0.999,5,1770165268,Yes,0x77f2569d8d3b56115768814eb46a6d0d4249dc0398b06d92776e34fd6d61bc9e
SELL,0.999,2.49,1770165164,Yes,0x2464a776dbabcc3a5892698c1073ff7a59bd5ee640e95b423f2fe90471001c06
BUY,0.001,3000,1770165098,No,0xd7e14802986a54c6ac3a655ebf7087bae2b4c7e15f805fe28fce25cea1f37369
BUY,0.001,1000,1770165062,No,0x9260bb98c0dc8c8cc796e30736f31e6e9811bcd633417cd4a7889514d848e70a
BUY,0.001,1000,1770165052,No,0x222ae63d690aca1a244fab54359e8621f339587e1749d04555f20557757f5cb2
BUY,0.001,11500,1770164838,No,0xe8608515cf25770e45b90c77042661542bc8e0ed1d9ebba9c17ae09b1bc059e9
BUY,0.001,4000,1770164810,No,0xc234104f1b68a5491fe0702d95d06c5e7f20b00ab6411621bd826f8be3d17241
SELL,0.999,200.2,1770164808,Yes,0x5e524a2608d765c411a1d7bb102879b6431278ecdbdc3e1f439c0dc7c0cfcfb9
SELL,0.999,5,1770164786,Yes,0xb38982a975e34c9c8265bc27c7f0e7cb931d8b7bd30bd13a03825a498d7b301e
BUY,0.001,6500,1770164768,No,0xb599daff05f631cf715a1f58e4ae21c5aea664e6a349f9978c8375048332edfb
BUY,0.001,19990,1770164704,No,0x5d973cc8d767db574959ec7fad0db389f23766a227dade87413033cb64f1d6dc
BUY,0.001,3220,1770164696,No,0xc2bc06d36eeb0385c3e4075cb9d86ba20faa1038e2d64e5ceef23e4a84fcd701
BUY,0.001,7000,1770164668,No,0x390e7e30da316559fe259f281389bd543854d4dab31fabfdd90a06c267f6250c
BUY,0.001,5000,1770164626,No,0x9b7c0fb0f8bd0c4c1a3ee36129e01a5d41fffb845b78bd03bb1fddedf73eff6c
BUY,0.001,1000,1770164620,No,0x919ee80317f8cd7dfb119e96ceefe830d047ef8ccf14e42a8b1cab196c20048b
BUY,0.001,2000,1770164614,No,0x4befb0f997adf000351150d2dd93415fd4367e6430042ad3bf9a34dc349cefef
BUY,0.001,1000,1770164612,No,0x2b7047571bcf7d5f07cefe31da50db5afffb8c924ee9e7e9da0e59f19c41ba11
BUY,0.001,1000,1770164416,No,0xae5f126f794e7c5edcd09eaab7495bb246cddc45349251a4731ce755b2fe4360
SELL,0.999,3.17,1770164396,Yes,0x0ca86ca8ac2d1c2bad3b1df006923a2d7009091a905eeb722e89ee93ffef6957
BUY,0.001,10000,1770164392,No,0x29752bbd3bd0129af116fe7c06e6e7514c64c389fa7dbcdfcfa0da351b1170c0
BUY,0.001,1000,1770164244,No,0xf14c251ced69a09c695cdc6155c0e770888e1b5f45fe0d9044c586072dfce304
SELL,0.999,1,1770163974,Yes,0x32b17a07d2ce93b7f9ff7bb564cff097247eaba9980f2b559dea974588b73a2e
BUY,0.001,1000,1770163968,No,0xc172ecad5a742a9c4fd7f580ca344afd0badfcba6c5c875077034bc60aad08bf
SELL,0.999,6006,1770163958,Yes,0xd69ec71d9fe14cb4da8155bd9453b771fd510c861acb73fa1434cf200d094e27
BUY,0.001,10000,1770163918,No,0x2f08d8cfab8d15a049d635409ac51571ea63b2b08db0a6735648c7afc9e5e74a
SELL,0.999,1,1770163810,Yes,0x525a799b245f1efc7ffe1886a2d986d7bd6f8be1be23a9099e851bd5a8bbb89b
BUY,0.001,5000,1770163810,No,0x8ffd7294e400f7785a733dc25f5fd3b42f73a713c7d0c4906af19fc4283d1edf
SELL,0.999,6.03,1770163798,Yes,0xfb5ea16e440b232666dab3005be4f392707dac909e1ecdb0eaac7ef363a48f44
SELL,0.999,1,1770163798,Yes,0xf267cbd9eb8fe90012dcb74d34d9382989abf97425324a707ca76b7911ca77a2
SELL,0.999,6000,1770163788,Yes,0xc6d715d7de059949021c39c6fd54a8233d79c9323feb976d7c76250cbfe1bb4d
SELL,0.999,1458.91,1770163726,Yes,0x6733edc0c6a7590796e4453b8d2e81d9df1bc35e76ce921c0d630a9ac0344696
BUY,0.001,1000,1770163712,No,0xb2d27b307719d4048c3b5deb405afe3f4b9f93a56b05a7668a05c51b7b62aeab
BUY,0.001,14000,1770163694,No,0x4e8c72a7ea9bd37379f8bdd5fd051e79d211bc150024180d0b0993d66659a2c9
SELL,0.999,3,1770163588,Yes,0x195911933641504d73f98f19228fc7d2f8f9d224edcd3321498caffae9bd3f34
SELL,0.999,1,1770163556,Yes,0xa35db9ab9446666ab92c9226a8d7b2342121f3a28dac30d0b0fd5dff9dded8c7
BUY,0.001,3910,1770163548,No,0xf13c9ac7e543616fc6cb6eb0ced97d05673384bced3f3b23d5b5703f8a92088f
SELL,0.999,6006.02,1770163542,Yes,0x7afd500f6abdddfb12ac187e99a99a24d3fab6367f8e29cc7bff6b43896a2781
SELL,0.999,1.13,1770163474,Yes,0x73e643b13c74315f2c56c0e4571dace023ddd6c1e594b5de6080c1f5a21ee467
BUY,0.001,2630,1770163410,No,0x29756d045690689a514fc27e8b58058b0b3729483fdf77e31238eb5227466d8e
SELL,0.999,2.11,1770163408,Yes,0x697066b8f911818467f6b9dd60035bedacb9e64aef5b3b715d041fa07d4a002c
BUY,0.001,1020,1770163394,No,0x62aab1cae8e663a6c1eaf38e2e38afbbebbb1cb93675d902508ca83094dfca89
BUY,0.001,1000,1770163372,No,0xffd59c772c23bdbda24f7146637b46daa76f2aecbe5ebe5e6ac3948417309aff
BUY,0.9989991317094121,1.07107,1770163304,Yes,0xbc9ee19c0b236649920edb27151a0a57a9b1ecae9415abe063f6caadfa5a33e0
SELL,0.998,2.4,1770163294,Yes,0xc94ad6bca82058f8adedd840f50d4c65f5cf3079cb3e3f967c87b6bab5546ad5
SELL,0.001,1882.13,1770163278,No,0xba9487fad038439b505f2459b5108da38ce3d80ac27c48170127b895987248a2
BUY,0.999,11381.77,1770163274,Yes,0x7b07889ca60aa79b852c05e861162caff3fa12648a373324ef7707cbe5a89a93
SELL,0.998,0.63,1770163258,Yes,0x04c2f435b586d543ee2ec14b17f1ec32ec769df86c19aff6163c07e31f8d1222
BUY,0.999,2200,1770163248,Yes,0x404c235d941b92929aac35f710ee322ad73aef282dd6c04bf998ff9678998472
BUY,0.9989991317094121,1.07107,1770163242,Yes,0xef5b737269fa159768a24b5549eab6f4a232c4502692a2a5d50a61af56391591
BUY,0.9989991317094121,1.07107,1770163238,Yes,0x9b1231c1c151605a7d2b075592f85887a6036f9050156dc945797da9296dd96b
SELL,0.998,50,1770163228,Yes,0xf5c8c92bcb53d5fdb7e5713b9815cb22ece0afaa4255a592bede5790bc2dc8a1
SELL,0.998,2.36,1770163226,Yes,0xd503cb8a35d3fccab5c96aa6550bb04462720f8af7d4b689082a555fbb29d9e8
SELL,0.998,6.66,1770163212,Yes,0x388bee822cae5469c9e576681a204950d913ed1016a67af0badd6b1888c76745
BUY,0.9989999676656989,30.030029,1770163202,Yes,0x8d5669ddd0a2d181e15f4abc02173d0e87b1ceff32d54f767ca290f9b6b17c38
BUY,0.9989991317094121,1.07107,1770163200,Yes,0xd9cd31150a6e9ee792afcd440ffdbad60478acdd7757e8a30403082028fabd7f
BUY,0.002,1340,1770163196,No,0x4687f1c0f53d906cc3035d2780550b4f4a76735946dfb10ed6b9bf01a3d7d5a8
BUY,0.9989991317094121,1.07107,1770163192,Yes,0x8c43c13cc50527f1d0ae489c100982bf9438a38b916f7446c8723058c48c99fd
BUY,0.9989991317094121,1.07107,1770163188,Yes,0xd18cf323fc51064267b2576343429f0af63a45ee34a0851ac5f462beb18bdb0e
BUY,0.002,5000,1770163186,No,0x119c0ec6c3ffdf025fec6867898831227a21872c1dac85c00b23e98d21e057a3
SELL,0.001,3909.55,1770163180,No,0x09a10bcd543635e7807c02b30babe27a520cb46cf0420dcf31b619994f3e5d0b
BUY,0.9989991317094121,1.07107,1770163178,Yes,0x427daadb7585cc4c8e639cd184da51ef9a10bb8075d0542089114904b8b0a6de
BUY,0.002,12500,1770163174,No,0xc765d0b4d8104d7364760d82c686980c52e19ab55bc393bb5926b7bf9ccfd570
BUY,0.999000000999,1.001001,1770163172,Yes,0xf57ebd87d3ba366a14e19493926871a01dcebf1527f9ed749bcd77806a42bc1b
SELL,0.998,4.29,1770163168,Yes,0xe0d2c702b66c95ee5c87bce065599c8d288e1ff77fc1fcb9e90186e7f10295e6
SELL,0.001,333.34,1770163154,No,0x8e537d6c1dd64bcb23284a933e8a700028a8cfb5d61d0afed97a0eaf8d55d7bb
SELL,0.001,6.26,1770163144,No,0xd2e1a5d09a9c95fcfe2dc1cee7999632b350465ba90a9c4bb1a119fbe333613f
SELL,0.001,27833.33,1770163116,No,0xe7ac857a4b5d45ca8aef1382c43d606ded45b232b05e2a72f877bbe87add8821
BUY,0.002,750,1770163116,No,0xe3cb71ea61d12c2829a4d3d009d4796a2f69b6231d7c8f25c47f626f7f303a88
BUY,0.999000000000999,1001.001001,1770163086,Yes,0x8259ee139e9171a95a33ead1f9335a38668128b276c0415f9e062f2603035969
BUY,0.9989991317094121,1.07107,1770163076,Yes,0x1c55bcc043988bcd8d258d189f1b6e23d617081783bdf81987a84a1be4b074d7
BUY,0.9989991317094121,1.07107,1770163074,Yes,0x241b498e164a020f744e45d3f2ca3bea50d2dd9bc698983379711c711e798ec9
BUY,0.002,500,1770163066,No,0xaae416945ff91d62d78459f575a032b8a72498c14d38a8bde67c2885afc808cf
BUY,0.9989991317094121,1.07107,1770163064,Yes,0x6fa3be8d233cc06e4167d3fe0d4837a8a5ec6f4508c0282fdcba2168eed0a7ac
BUY,0.999000000999,5.005005,1770163060,Yes,0xbac0b7af05466caaccce7c4f809d4cfe33d0b653e1e7ad27a1a0a23302e80350
SELL,0.998,6.32,1770163060,Yes,0xf930fd515fe69475d09d0556846b9d28c76f5cbd100765f0b10c7d9cb88ef848
SELL,0.998,41.24,1770163050,Yes,0xd9fefaf346303207b7c1cd373faf0c27c0e81d238e98a2019116a54824808f9f
SELL,0.001,15.87,1770163048,No,0xfcea2c54352ce190bb90f5b717d648ef100c642ea2823ff053b4949d5074e5c4
SELL,0.001,16.92,1770163046,No,0x5f727f761dc1230a56ae2203c7ac63c110e2dab8fef623d4a66389dc3204f40e
BUY,0.999,700,1770163030,Yes,0x0a6ffa68c6063cd99057eca372b8fa089cfef51e3b31ea2e9acf3b9782141e12
BUY,0.998999333999334,1.2012,1770163028,Yes,0x1771889a2f6d9effca332ba01bb3cff5ee2d474ceca3594f054b262fb6aaca72
BUY,0.999000000000999,4004.004004,1770163024,Yes,0xcea44711657bc8d9869e94272c2e40e9269c3a3f253a7ff7843777aaef35f72c
SELL,0.001,8.95,1770162978,No,0x95107a59860b6974d551d47a72fba7a3c71a480df77536288bdf3092588f8177
BUY,0.9989991317094121,1.07107,1770162964,Yes,0x3c34990532083b04e749f555af99de7a1a2c314a1790c72393813a8affb0b61d
SELL,0.998,3.38,1770162952,Yes,0xe83096a88a54c953030fb0ab195280fa608cb3d34a3ebe2828b71429800ae49d
BUY,0.999,15000,1770162930,Yes,0xc9c3f4d8ec670daaa23b497d1ea3def2f613e0fd00c2aa7dc83f7ce09711290e
SELL,0.998,376.13,1770162814,Yes,0x2b0f57ee240ada57f69638d264f687c15126f81a7709991ca4a289d57510dfee
BUY,0.9989991317094121,1.07107,1770162804,Yes,0x901f7ac0b53eb2b038c64eab2dff4b5710e708624699eda5d6b48ec5c44c9543
SELL,0.998,0.9,1770162790,Yes,0x224ae1ed9bb3c2b3df3fcf7e0e75915ee1055b53ea483da283f24df547ea7daa
BUY,0.9989991317094121,1.07107,1770162790,Yes,0xa995f8cf8bac2449042e334849b73bd24494fb888a2828770646df2fc8e53e99
BUY,0.9989991317094121,1.07107,1770162788,Yes,0x5169ae14d8bc08ec2c0d1fce7cbfd1981cfd995c09064386e3c8601df20770df
BUY,0.002,520,1770162780,No,0xc6e4ae75c67b7e8455b29b34cf3712b29ba7d196cb429b16379bda643f1c8f74
BUY,0.002,520,1770162780,No,0xa7dec319e96b38d97be5d045cdc176a951404446216b630eb46ca5a46c5c3b50
BUY,0.002,520,1770162776,No,0xa81ca8084cc1623a04f6074f8692ba732ea5ab6a9a183a3a23e7248b902a9724
BUY,0.002,520,1770162776,No,0xdf14a693843df5f9a5377400caa6de94544e3b19ae81ffb814f5f9bcc4ff1bd9
BUY,0.999,1237.78,1770162768,Yes,0x7b86029eeb2b8927e277234c4020ebbd53c5727cecadc3dbb78587544b094b4e
BUY,0.999,825.97,1770162768,Yes,0xca6e9119f70f0724d7a8387c41684941bb3c3e1585638226f9d8752402113458
BUY,0.999,8.498,1770162766,Yes,0xdc0517e49021e6044ce8d0697bb1518fe04bce9d20ff29f400e21634fc356cf4
BUY,0.999,6.006,1770162764,Yes,0xfa99b775fb0869a37f3b93eb9f208f355f60b3d7404057b7125ebc12ecb3bbf3
BUY,0.999,64863.13,1770162764,Yes,0xf6bf439ea349fae5927ea102b8ef39a67c6da9cebf8c8b22995b3a5fcc48c0c7
SELL,0.001,1143,1770162718,No,0xbdb8e11480792cdc4804ead30eca8e99ecf50c6b9a4cc066c3d5708eb168338e
BUY,0.999,1400,1770162666,Yes,0x108e7569b33e43240401a3445d22dffada7786e9e2787a7b39074f1e2e94c16f
BUY,0.999,1000,1770162652,Yes,0x4a2e9b31879de5d55b2ea40fc7982e1d2f594e3e33c2dc012c6b99e8a4bca431
BUY,0.999000000999,5.005005,1770162626,Yes,0xe079feb17210b8b607c0e3327a1199b8a62cb27c6c5f8b461c6e8d5b929465a5
BUY,0.9989991317094121,1.07107,1770162572,Yes,0x33eb1202be473f9858cc66be16f450137053dc76ae77e9aa5f7ffa79cbbff7a7
SELL,0.998,100.56,1770162558,Yes,0xd19cc59076fa0bfc7e76c0493a76caf5756d77c3badd2b72c2cc3e28f8b96cba
SELL,0.998,1.33,1770162534,Yes,0xff1819aa237b9efa2015d06aad930fc7d4135eb84adba25b300fda1f27938620
BUY,0.999,19369.19,1770162514,Yes,0x5f6cb3d77ef3823e35a90e2ab2d6a21e652f17d2c8365ec0f2ae90083bb000af
SELL,0.998,2.46,1770162512,Yes,0x09f7c3ec0856dd03d44bf7ac51a71d31238a0e9b3d1d06780c9d7d699d156d84
SELL,0.998,0.36,1770162510,Yes,0x20dd3450d8180359a0400396a1a069d91974d2cde586c7bda0fb8044d1f46a69
SELL,0.998,5.28,1770162498,Yes,0x6b01a0e2bc04bf5819dc8db9e9c1425967cf4101c78a9d95cb6713d6714f13ed
SELL,0.998,2.46,1770162494,Yes,0x5798973f4ceb41d1870ca8562678a920aeea297eccdaa301486b1e875cf43832
SELL,0.998,0.36,1770162494,Yes,0x8e206cb4c6ce3cf6da3a53039aa0e142f136488b1a076887bde498bd24b29311
SELL,0.998,10000,1770162492,Yes,0x6f9abc4d5e0377849538a1fa01163685bd554d4618d8d09af89b1605905c3393
BUY,0.999000000999,1.001001,1770162466,Yes,0xea94ae72c16a1231448dc7b7dee282a769b90fd5692c541f42575a7194b9fbb7
BUY,0.999000000999,1.001001,1770162464,Yes,0x30dd6648d188a300e8a7b5e85634d9a28c7ffaaa3bb737dd4151b9d762011b15
SELL,0.998,6,1770162464,Yes,0x28ad659ef937691dd0fb434c876e61be78030aa3778e650a7fe3b84517b36580
BUY,0.999000000999,1.001001,1770162464,Yes,0x203281d5c29e568abab20d3885ef0b8e7c4aa8ee5e200bce325385f1376a8b0f
SELL,0.998,5.28,1770162464,Yes,0x292f7b770c1b608713b997aefc69dc6b54a37a1c32fa38fa93c7bcee5e24ccdb
SELL,0.998,10.01,1770162462,Yes,0x31eb17608739fde69de40996048455ad7029da02d3836b958b33e4bd7c81999b
SELL,0.998,131.72,1770162460,Yes,0x5790af470f035ec7230619b8c9fc4c25323b6262b3c5e4a8d281a38e61e71ab8
SELL,0.998,10000,1770162460,Yes,0xb66c406590bfb73e4a515fa23f035a4f0e1fce4bea84d6b6d6e5308f0f2465b9
BUY,0.002,3960,1770162450,No,0x371a642b8c4ba8dced2487488475d4850dc4f62605dea62bf95e7c4a893b0562
BUY,0.002,1500,1770162368,No,0xf8a5880b41324de0a8cafe1a71688f4cadc5805463ae48c0682a0a441e5e88c9
SELL,0.001,5169,1770162330,No,0x394e60ce67ac215b36eece71e71b4b7ffadc73b284659434a0cc465e7fbb264d
BUY,0.002,43395,1770162270,No,0x7ab901fd43c0d701fafe3d2fdf426412d34309a10804c50340ff62d41815e668
BUY,0.999,30.03,1770162266,Yes,0x5828b8a85c133282db69c70c79b91a1ac72f7efcb424edc44e9033bf863f2be4
BUY,0.999000000999,3.003003,1770162266,Yes,0x7b1a46d3991fa60e086985187953e7a2146be6a59cbb8939cf8ca3cb8cbd9c75
BUY,0.002,24000,1770162262,No,0xbc4bc20c8bf9f19c7d3cd9239031b9b4251830ca12af742a5da1ae869a97009d
BUY,0.002,1900,1770162160,No,0xed928214579e41f7d8810320b883586e6fb53342543d2a8450e34c49ccd4b29b
SELL,0.998,13.15,1770162122,Yes,0x5abc8b266eef1341e717a1d8ecf717662aaceba8071f600e92c2b80fd4f9fe7c
BUY,0.002,500,1770162044,No,0x236cf88288a896fe472e90a2195459e6eb97f4c5cf4bce0bab5d9848a6411677
BUY,0.0019998995902173584,875113.935,1770162038,No,0xc86c0f49841997bafa9519aeef9c56b8a528de9bf2d997a8558605d79841e903
BUY,0.999,1212.13,1770161996,Yes,0xfde686bbb413798d526d998ccb987268b8be1b775427524c68d24cddda141bc6
BUY,0.002,20000,1770161926,No,0xba7ba3acb44f7536a27055871a0b8017cf79205f46d668350fc32e95935e7ef8
BUY,0.002,1000,1770161870,No,0xeaa7534caa2538760bd94f6f675e7d6a802f1397ded2a7cf9006207989f40ae5
BUY,0.002,5500,1770161836,No,0x32982aa8dabf8fc14bc545cc858d8fd60ee69359442ccd7e8cb0d34ece16bff3
SELL,0.998,1,1770161784,Yes,0xb0d6f644261c2ff284051bd505797dc02afd9221e6f8222fc5748920c2834067
SELL,0.998,600,1770161772,Yes,0x3b719eeffaed3acb9c98756c3f1efded05c9bc46ea7c079b5b7de8d022ae5639
BUY,0.002,399,1770161732,No,0x8481fedae6fbc5d9a17803a0763ae2c527ce224725844a2c4b4cf59b18044411
SELL,0.001,4.54,1770161730,No,0xa057919be97069399b43bfde73fc3dae34232f0d44d044215099b8b2192d44c0
BUY,0.002,24000,1770161554,No,0x80e86a9f5472b56d7ecfa6967be86902e16df246e8295a3874e4f66fd12294f8
SELL,0.001,350,1770161548,No,0x640e3ea988a0342e835ca212b357088425a5235ff08bf94fe325889eba73e9cb
BUY,0.002,500,1770161524,No,0xd06b0b40ffad07770744d82ea3d1d8bd9778175024c656b557ad735572ae3929
BUY,0.002,1000,1770161512,No,0x8add863e573e0ebe0326c9886c0fb98a48368581f374c0b86bb4ddda3b20d461
BUY,0.002,500,1770161502,No,0x04f10958a98dacf6d4661a262717f9a148e67b63c1689c381eeae76a62f8766a
BUY,0.999,8600,1770161418,Yes,0xa682c1d4e9085a916085a5f28d25854ac92393ed10214299f004f48ef25148b9
SELL,0.001,833.33,1770161354,No,0xe2dd57b56c1f4bc80639c6ef15a0196cb4a39670e4eb8ff3d4b647b968db964f
BUY,0.999,1007.1,1770161296,Yes,0x483889e968bfc8520f4a2d8ad53609b5e1962428cc256db25ae196050b91f663
BUY,0.002,3000,1770161246,No,0x53437d5ffb7134b7133bf7d71a5e0b7e5b43b6e392471051ce6ad003ef5e3abe
BUY,0.002,500,1770161242,No,0xb0371c729235360df13e23bea98d845af0a6c1dc66cd62c263d5c477059ba555
BUY,0.999,13.893,1770161236,Yes,0xf29e3491a3c646aea11af68f7fdbec06fa9e4004c8d2efe50a65e9dd356b076f
SELL,0.998,900.17,1770161210,Yes,0x159e930e8a8ff2906ada49cb9870530aa28f263eb372c065922b845181271d26
BUY,0.0017780938833570413,5624,1770160966,No,0x3ac16ae9fee639087cb22916e8ed70ff41cea0e87d68bea19a8dcc7748735b3f
SELL,0.999,40,1770160950,Yes,0x2e5d3788b68972da834ab654989712c39c5f057a58b2087b598973eb318539a8
SELL,0.999,300,1770160926,Yes,0x22d1325eb5bd57ccefdba620d53060ce76de822ae984acd5bf00a09c9f60a523
SELL,0.999,1,1770160870,Yes,0x7dedd3c2b0d21f22c0bb9715ef4970cd8a68f40f4d852daad4154681a5702325
BUY,0.999,200,1770160856,Yes,0x6b05e76ae9953a401b956d076035b68c59d2966e6db401f6389ffc0db8f6be87
BUY,0.002,1625,1770160814,No,0xbb580a6945129fc5b5f17a7b1088adc245a1644ab1e84056c6363bc583582534
SELL,0.998,1.42,1770160812,Yes,0xd72a4aae4d075bfa5372ced3c6af0b779dbefe3366c1e17e2f7f2da3e7355fc8
BUY,0.001136757626222725,37826.885,1770160694,No,0xbf8aea6e23838846f1442018116905bf54a6d2fc95db413ec238023799402200
BUY,0.001,1300,1770160616,No,0xa559db2bbf377849015e2b27cd082d5b0f0eaec7a0220f407efd80aeaa6fd0a2
BUY,0.001,1000,1770160404,No,0xa275e4266030b341e575e382d3b62b1f04712ebbfe797bcc7a7fc08b1e057f95
SELL,0.999,1,1770160384,Yes,0xadd65b19d4f92de29778ae93c5ef146aa98c8e92c8e0b6247421d9a1f32e7977
SELL,0.999,5000,1770160370,Yes,0x4dca82b51ffe9bbd8a3df67027c3c9742ba87c4491011b38bc383c632cc19420
BUY,0.001,1500,1770160364,No,0x1c2a60591fe74d0c3ca4e6bdccbeb80295f49d70826154c9b563d4def3c3af6f
SELL,0.999,11.23,1770160348,Yes,0x2dfa18984ba4a6e34a8130502fb3ac6860d2cb11fdeb626239160e2eb90645f4
BUY,0.001,1000,1770160310,No,0x82b2ef30247f8e20996f47357f0fc7b6390160171e55cc46eb2051389d8b9710
SELL,0.999,500,1770160280,Yes,0xe4c725023b8d509e2a8b894aabad4d48df557ffae2a589265081244d3fab8ccd
BUY,0.001,10000,1770160236,No,0x136def4da56351f4037cad18546f65f58be3ed9ee5c8c2e0c28eb69baaa00a79
SELL,0.998,1,1770160144,Yes,0xce39bb2c626b84be442d0c0979c946dbc681aec8cab8ab847e46c90354b23bdd
BUY,0.002,32000,1770160132,No,0x6dd449340efad31741060385d9a2df255262a89d7338c637707db0ff64aae246
SELL,0.998,4000,1770160132,Yes,0xcc80070a39833f1e5e2b5a2acee18c0cb42b60b9a814d5d454d9ac825976cc23
BUY,0.002,500,1770160124,No,0x7d56b9739ef9581fbaa56b170ccb7fecba6151c701dc9496adb7312b1e4be080
SELL,0.998,131.57,1770160120,Yes,0xa72c854ea8ed816bb446bb17308a5f030e1b7349b05feb8a2483c0d03ce857c3
SELL,0.998,26.06,1770160100,Yes,0xf8162480af84f75530e82286c89f420e6b31f7e43e41f88bd6d6f3db5391dc84
SELL,0.998,26114.45,1770160100,Yes,0x2221fdfdc8954055178e84015ef2c7fd4eb139a76e5b540216a6e8e545af6d59
BUY,0.002,5000,1770160066,No,0x522706e78e51922057ade6671eac23f2a34c78fba7b27b9c6182c4352727dc52
BUY,0.999,11.28,1770160030,Yes,0x36dca71958ffebe237c30e9b8e0340fe7058a9d041c0adb5d87dfae01c74f85a
BUY,0.002,5000,1770160020,No,0xfcbb5d0ad7bea6459080e3513ae554fd7a9aacdb7c9d77c1df05794db1aaa559
BUY,0.002,10000,1770160006,No,0xee4cd9a5f56c855de603893588de5fbcdc545036382687f10e653daaa6019633
SELL,0.001,10,1770159966,No,0x1b3b495514f5f55fa5cf3dd298c576a256356600288d5216c72bd39f1d482db3
SELL,0.001,500,1770159922,No,0x385bb1abc1eda916ea0b618c40e8b847e4cc4f0d3211ddfe14aab397c2a5e52d
SELL,0.998,356.87,1770159890,Yes,0xf0dd41a9801f4e5e6560f672bcf6bb84a7ba51ca700b5781355fe8d3d7f58d0a
SELL,0.001,5.38,1770159848,No,0x77b18d67fa0e1fff468ef4d822807fab1a5fc593341a33d21e492c21ad3b588c
BUY,0.002,7500,1770159836,No,0x17ea8eaa9c39bd0d292f6f2cb9c6d60bde283c1327688e61b7ee43c38b4bb64f
BUY,0.002,500,1770159782,No,0x8852a698ad83d12678df91a0a1e2c273caccb0bbdf89c1888228106d95cd5adb
SELL,0.998,500.5,1770159714,Yes,0xe7905f45d9df21cff66a2665ff618d7d556aeafafcd97638dee797e42d1b3308
BUY,0.998999998999002,500.500499,1770159696,Yes,0xeb38d9586a4f44289056490fbe3cd20693e9b3a03f745dc602669adf65f75cc3
SELL,0.998,50,1770159630,Yes,0xe7cd719c48e1eaf43285a78b8911f39251d7b776d2a61eb946f44c3626942c47
BUY,0.002,2390,1770159624,No,0xa8f6744964d72e6595337754f6fc0f2df17e2a2fa9a224182b040009fb05e88f
BUY,0.002,3000,1770159594,No,0xa9c03a4c506dd643a11c81a2d3c41ac2be368f104c9c5294c640c2869bcc6b67
SELL,0.001,14.28,1770159540,No,0x178272ee614e16a35f825f701b96cea24ff3f4cca96b78b50ed5197251476a65
BUY,0.9989994853631218,1.32132,1770159458,Yes,0xc89f05a709f241f070c17afe781d94c8cb1645bf7b462f5eca52479dbd970fa4
BUY,0.9989990961419533,1.05105,1770159458,Yes,0xda42bc0866849eafeea0a6ac49c547f0775cb52ded52237e79795bfe149a737b
BUY,0.9989999999234176,1775.865864,1770159456,Yes,0x596d346282b49c2e6cfed3b7535956b5885094473f21ec5832ad71281dab6313
BUY,0.002,755,1770159436,No,0x13c6f0185f34532b62697f37532fa540e0370b599007292703c4231ad5ec82fa
SELL,0.001,4975,1770159436,No,0x459cb96115923cb04be8e0354b097b9e40770b5816f954b1f7ce82ccdeb53812
SELL,0.001,19900,1770159400,No,0x5c6ac9cc7c7a9ec997f1e1fb796d8c07460dc918efd1972c16dafe6a5601c57e
SELL,0.001,49750,1770159352,No,0x8c53f12b9862d50f823cddf6b1b07b10c67e45820316c8fb87bd19cfe5248c20
BUY,0.002,500,1770159350,No,0x538235dce501082b581810d330d8120a14d614ce29fa0cc6f2c13dfdec6e35d2
SELL,0.001,49750,1770159342,No,0xa843f5917af8c3828c328b9e36c9ef1d655dc2a944fd8a6de64273e69464e75c
BUY,0.002,5915,1770159342,No,0x6eec272f47520b1c7ec9d2bef2b4dafc0cff0428c2d37eb3ede913f1643ee65f
SELL,0.001,49750,1770159328,No,0x2343a6b2a119703a4250fc981028921835a494950e44e3b3bbee6bc03dfe04e2
SELL,0.001,49750,1770159312,No,0x3c3a8bab682b38968c20db7a23c6323fef05be74e25e23ae3560cf0c6325933f
BUY,0.002,19000,1770159256,No,0x3a722554afa56c598f32e3b23a984cf98fc74a4c4a8d449319078ac17af7c258
SELL,0.998,5.02,1770159246,Yes,0xd3b236fe3c3b1da1b7c0a52f8272481270319ce4aafaeb90a814327e66cdd8ca
SELL,0.998,10000,1770159242,Yes,0x66d0aad97e2d4d06b244da65115389c60277bd52b4c92f440211b04847a99e95
BUY,0.002,1000,1770159196,No,0x49d8bac51afa5fb64230257a6e5fba299779d5b9f08dff2015c81c342d7eb299
BUY,0.002,2500,1770159128,No,0xb860844b6964807883bfebd3daf2c6d16a86441a5633e5f1b1fe02539d0200bc
BUY,0.999,4000,1770159084,Yes,0xcba3700ad073fab28e65d26e451311c2812ac337bf277539885b373bc25ed7c0
SELL,0.998,500.5,1770159068,Yes,0x17dc14a1863d3aa282e2884dc64ceb8cd2c458b0f2ab90a401a8aa1384e36a39
BUY,0.998999998999002,500.500499,1770159040,Yes,0x94c283afacbd50d6425dc4d4f211a550409b248db7f353bb375a25f8e0fdac77
BUY,0.999000000999,5.005005,1770158958,Yes,0x47fac9185155cb105fb0e5e1d50eb25e148e7152cb7979006b67eaa68d0361f5
SELL,0.001,49750,1770158840,No,0x7019c3867a5700ff316a0c08ac5934e12517586ac89f40a9d105340391f6ad22
SELL,0.001,49750,1770158832,No,0x4b7d37040a2d84d521274dbc691df7787b3893c8460e4b11953b4719831b60e6
BUY,0.002,10320,1770158798,No,0x2b7632fc07c58afba8d4c44e143c082861a160b66c604ddaa04bb7afbf358132
SELL,0.998,871.55,1770158730,Yes,0xa88ec8589202140ff32cc067e88cc89a0f1ed7845c70f35046b95ea8dc6a82aa
BUY,0.002,1750,1770158724,No,0xe6887cf1c6e2b6fd156193fa926707fa4bf4d2f83118db3ee8b9bf5d91aac5e5
BUY,0.002,1000,1770158676,No,0xb16b83b02d10518a58556b799a200d6683ed35d5acf2436ed624082fca38fd2a
BUY,0.002,500,1770158642,No,0xee3443e5db4b87f1eb5dc789864a7ce618fafc0348a798038936900a022b161c
BUY,0.002,9515,1770158618,No,0x3f24922fad0059050ea64c4dd0b259415a7551cbb0e88837f481f4b6b3bd0d8b
SELL,0.998,76.19,1770158548,Yes,0x29ceaea397c931dc0eba2d069031a1f3e97f490c8c96909610aa61961241c8aa
SELL,0.001,10000,1770158544,No,0x78ff9f1d82bf9f28f57e51b7a1409bd60fd50e19dd07536db3c93ca727f8229c
BUY,0.002,6000,1770158510,No,0x8312507ae4e067dc9534f49c876f6da6612de04311b65c8b2f8b57c3c3850e8c
SELL,0.998,4034,1770158498,Yes,0x933c201f8684e621edbeec09d404160cef16bee55ae24c540fe328a3ac65b25e
BUY,0.002,500,1770158492,No,0x2552a0b1bf7d525b3190d5365610e23c0a3a11a353cc852b73a5712b143ab202
SELL,0.998,2618.18,1770158490,Yes,0x55659c06228405dddb5d70d32e6beb6a7a0cafee8cd916b4598415ae01e098a2
SELL,0.998,2.56,1770158462,Yes,0x1fbbc6f2aeb35886139ac1af95aaad301c4adc47a11782af54e63340de0bb4e1
BUY,0.002,5000,1770158452,No,0x2fb896029aadfd421f6f824fe7563d58b7cfbb1647f189048d2e7d61ec0c260a
BUY,0.002,7500,1770158366,No,0xe88e3a72a97810d74b2b5cf12c26f5ee735c7a05e5e355c9a513223d2c475fc8
BUY,0.002,4980,1770158292,No,0xfc69ac70eb699a12032b20a9fed72941f7cf4accff63ab93d71aeb6548f644da
BUY,0.999,5,1770158192,Yes,0xdf690f92a83df6b86f3c64dfdfe751621bf4f4ea847ac95b941359a8ff17d737
SELL,0.001,7112.72,1770158190,No,0xdc9d13e17af310078e04e80f1cd9cca4718ce48a9cdfd521e0f6cbdef9422cba
SELL,0.001,26338.79,1770158188,No,0xb3c3a1495d93b23f869bc63b4d342ea67baf0f49357fc896047bf8f5dd5f6095
SELL,0.001,1000,1770158146,No,0xe09659fab4f7bb8dbc31913e9207abdd1ccd8a26eee0f7856604aa07acd9d6cd
BUY,0.002,500,1770158072,No,0xb410f36409a7d9aab863dfd343656cd21f6e588db1a7318f8d5941c2cde493aa
BUY,0.002,5485,1770157992,No,0xb7794c1c6bb18e46af4a5beb1eafb5250d1123bd40ffbf35b3959c2d0009bdd6
SELL,0.998,10000,1770157962,Yes,0x08a19b5e1d0eade54d65606b5b69c7b7b1d5fe46bb7b767f9ed2fd96ad6665a0
SELL,0.998,100,1770157962,Yes,0xc577bd924389f4071a8a0025e3489f6f489d56270c2b7eca990ce7098c6178a6
BUY,0.002,500,1770157836,No,0xc7b5448c92b126832293cc58f8fa2ca10a9c2ec8799707fbd2b2b93039a9ba1f
BUY,0.002,500,1770157780,No,0x3c1779e6e624e6afc28e2d9d525dc588c2901aa1f3cfa2a50ecfcdbc93cd64cb
SELL,0.998,1.31,1770157772,Yes,0xb91e1903e7a888474082fcd9508e22c629cfc641b31799ae3ea8b2efa2196dfe
SELL,0.001,49750,1770157762,No,0xf80fe35177d48c421e07319e79e28e691f1ef1cbc2b84eccaf566fb257344755
BUY,0.002,500,1770157748,No,0x0dcd06190f20a4bdb65d68ecc331b4f634457414f681b2c638ab9181fea9d6d2
SELL,0.001,49750,1770157728,No,0xe11c5eb737fac093a7d4fe806862df844b86e2e2a1b988f12e08d848d96d8521
SELL,0.001,49750,1770157716,No,0xecb81c1b143d5c17252938d6fd1fa92a5a508e29d6222ea2f7460a219be67e5c
BUY,0.002,500,1770157664,No,0xd8ab3da8115a410339ef293a71307e28aad63a523dd9eeaf6dcf61d40f1fef81
BUY,0.002,500,1770157620,No,0x6553ff4e571900558d5a57bc7105b09a73616607e46f764f1791747cf2dea90d
SELL,0.001,2500,1770157606,No,0x47119f0ce7ef44f0ddcb89d9a2a987d9fbe4cba3ac23c247194b4050be7311d5
BUY,0.002,6500,1770157474,No,0xfbf609f4d65aee5121e569660522b7b2d187fd32a09140a4727c1710d402785c
BUY,0.002,12225,1770157468,No,0x0273e8e6b5574e0644738f9e2cb2fbe8244d299eab96910fa6ee8137e62125da
SELL,0.001,49750,1770157322,No,0x9493decc40349e9ea18a7f4dfd040b6bc418c787c9913763465a9eabc779c234
SELL,0.001,49750,1770157296,No,0xd0c671d3003e02bd6237a5c7c0d5866150b0a65e9bcc36666440594f75779b05
SELL,0.001,19900,1770157280,No,0xda7bef0cf070dcd2e75e60c1e0a6078e32fa72341b3c8b86e26e757d45209dc6
SELL,0.001,19900,1770157268,No,0xf2398859b07eb7171cf5096748e9b2ed05d02d450e6ac5f0fb0071e6fd7a39ec
SELL,0.001,19900,1770157246,No,0x7b292f0778143cde26d88683b0fe909a93daac1ee2f5333076b1b5655800cf42
SELL,0.998,1000,1770157166,Yes,0xf3a35cce9d4cfed5d2e5d02349ba91e933df7e4ea82f468338f6e964eb1ed3ea
SELL,0.001,21.73,1770156954,No,0xe011fbe9b6f1d2c4f329b5fcf53363e27b5053c8e62f423d4186da4f892a5d79
SELL,0.001,9206.24,1770156944,No,0xa52567bf95eeeed3e322f41d61d86c76cf3453db47fb68898829cc236a33e0b5
BUY,0.002,2500,1770156842,No,0x47a363fce6d68beeaa106b2153a1174d301c388ddd6b6f72b702c0fba7db7c32
BUY,0.002,275000,1770156768,No,0x7d4f0c11db56ad1e96a0302f30b8eb480a828a4c1055e2e4dd216a63bbeb5207
SELL,0.001,160,1770156712,No,0x5fdf5d5a604ce8e742af82988a2bc3d5873c5016d44249c9c3a71e36a0c1c02e
SELL,0.998,1,1770156692,Yes,0xa821006c5b5708080e6c9d027439cf93f1505a87899a0513adf9c6351cd80cfb
BUY,0.999000000999,1.001001,1770156684,Yes,0x8cee95c2788c8e1fcc9cfc2dc76818ca3497c5e52c98de7e5c7bd94d4ede3008
BUY,0.002,2500,1770156590,No,0xe2f554b49e836d0a2d0c7459936db5fe77e8e5c8856eb4be286298b8ca27cd2a
BUY,0.002,3000,1770156566,No,0xa9c9d792e6ddef09e9ec3a21a6c29b51ec4dc488d6fda44f264ba58a55de37c4
SELL,0.001,35.71,1770156558,No,0xaf364203b8a37036b1ee1f68e83c457027000262f614358def1286fd427ff2c2
BUY,0.002,10000,1770156488,No,0x424547782e02416c4c0555da9e7243e85042905bcfd793dae3fbf4e7fdd8b190
SELL,0.001,1906.36,1770156472,No,0xa214fdb2830c8df8000072dde3ed3449672bb8d3833088b398e35ad1dee8665a
SELL,0.998,1.61,1770156430,Yes,0x0b2a4a6d792158308670c7b78e7399465b6b219585cf6a9180a19b32a8ea5ee9
BUY,0.002,13145,1770156316,No,0x3865b2000afb90aa94b5b4e4c48228af015dcc8273e5663e59ee9602b19e3b28
SELL,0.998,2.09,1770156310,Yes,0x7f94a0677b7d317bc3b11031e810088467c5d8e4a1e8c5e66e0f5ee83766b825
SELL,0.001,314.1,1770156282,No,0x2e1de9693144486768cbfd2bf94a54997d108ae3230fafc23bcb61a525de3f03
BUY,0.002,1000,1770156280,No,0x2d5a69cdd75df861cfb4ff5380df2d9dfdd6690b0102cd198d93a66bf0c1a225
SELL,0.001,110,1770156240,No,0x6ca064f7fd5fce7ca340e020cf07f2ea0927b36bbbc43767c6661fb06cef2ff1
SELL,0.998,50,1770156032,Yes,0xaab388c6a43f1cd0f18143b6d1df73f54862c07cb2c30a44a70399ae203fe3d8
SELL,0.998,121.71,1770155986,Yes,0x7ee0b5cb54a28637faddd4e5d1fc62c17b569cc3b2963fcd61eb44a61443520c
SELL,0.998,1,1770155980,Yes,0x4f45908250d3a8f84eca8d7dc35731119d3519f0e992dfcbf26c3f4b6a5590ad
SELL,0.998,1.23,1770155872,Yes,0x8c44d62dc79a7c51a4115fc4eaaf07b3b47456e12d5ba2a1e26f4994c9f3b89b
SELL,0.998,6.57,1770155862,Yes,0x90ee9b49a45c55148e9e0121884a51e595a5bbeacd3f9646fc53eaa9fb205c01
BUY,0.002,1500,1770155842,No,0x145af0f39457fe185ad5d928fc10ebeb9570754916f1f785528900433fd8081a
BUY,0.9989999976173205,121.71171,1770155830,Yes,0x0bfba290e1e8d44ab870283fffbf5bebef2786e5c9d093f2f0109aceaed4fd6c
BUY,0.999000000999,1.001001,1770155824,Yes,0x28b808ba795262fdb5d325fc2cd0827db23e77e91b7e738e2fe9e3f0114ce18e
SELL,0.001,3801.55,1770155796,No,0x35beb41c9597115e5c90190910abddc115127a582498f278f5b0a919b24d7035
SELL,0.998,446,1770155732,Yes,0xb89993f15ab6f961955cc1ab63ad8d6c7b4a1b8ebf06df53faa8322835f14be7
BUY,0.002,1000,1770155714,No,0x47629d8544eb66a0dd8c6ece20a411576f954d8ea602805ab44d068df06f3774
SELL,0.998,20.02,1770155556,Yes,0x6cc8bbefbfaf0f7320fe7c84bc8f7c4d2e17c1306bb19ee5c35a883535972c22
SELL,0.001,1461.3,1770155548,No,0xd3b9c624bdbaa9a7514762d3fdd4d3dd255159246efb12004e116883bc70ef4a
SELL,0.001,300,1770155514,No,0xb0d50f0bbc3c42850365c550dd35b03ae4705c11155025a1f595cbe837d312d6
SELL,0.001,1000,1770155492,No,0x1823bcc9c1d14d5591c7614c0f3b5007a7f2f9df94b1f057961c496a7571f823
SELL,0.001,10781.42,1770155370,No,0xb1964459633413dd2e887e4babf48c920306ddb9dd950224fa80c9d96cdd8bd1
SELL,0.998,1,1770155276,Yes,0x0266cb5be3aefc0cbe3bde7d7eb100d6ae39c370f1bc3c425fc7e5373d81d0e7
SELL,0.998,3760,1770155260,Yes,0x32459c8fba27e75d243e5087fa63e4a24d9660aab9f0e5a15a1d1d2b8323f81e
SELL,0.001,454.54,1770154996,No,0x1c2620a36562abfa0fe03411e72e459ca26ee0cc8a0b43530f94a629556f0b57
BUY,0.002,500,1770154924,No,0xb404a56d1240444d7a8c2151d72caeb852f522e6894a59c843066f24fcee27e7
BUY,0.002,50000,1770154856,No,0x81149d8691d6231188706e56370665d669f23fdc5d7695ce8af3fecf82fb33bc
SELL,0.001,21.73,1770154806,No,0xd5ec58d488fd50167074e55ecf2a353fc4866d89ce6318e844ff15dd686322d4
BUY,0.002,1000,1770154744,No,0xe5c258889e286024d58dc3d8d6a94b0cccaa07bce9f0272247004b0577e3af19
BUY,0.002,10000,1770154652,No,0x2276d5821535a9959dcb132b53a8d3ad168f3ebbda07070a215bffc6e6f022a9
SELL,0.998,37.97,1770154574,Yes,0x207f02513e65f7fada4565cd2771dea3a599978034e8a2756091dd4a7d9a4403
BUY,0.999,5000,1770154544,Yes,0xa022812624c23bf7cddb3036ed54bcdb00df6289f1e3ed31ee24a9a4fdc47b6a
BUY,0.002,1500,1770154526,No,0xbba9994b7ed71c9eae110e2fd9c3bf9cae81fa3a67ba32f344e19f4da8eb8ced
SELL,0.998,2.64,1770154510,Yes,0x93c64749419b95bc46821990ebd4c7e7dce850eaacd2c1afb474a46d04c1aef0
BUY,0.002,9000,1770154384,No,0x662c1917e5af335819a65ae5e47ef69f6de159ca2e8cdb8d277ea563aabf1464
BUY,0.002,9000,1770154384,No,0xffd176ebf544c693a6a31feb2c0556bea55129555644bfdec6ac1806585ab7d2
BUY,0.002,500,1770154354,No,0x20979615be6ca263592a9fd7fabe8b08c9bf09372e350881a9ecd7c97e46c1e3
SELL,0.998,17000.02,1770154344,Yes,0x7b5d025592f65acca78b75a50b1c9650c030cafd8b47ee5eee2cb31da4f0e7e3
BUY,0.002,5500,1770154312,No,0x2db9f6d2f5fe7cd710c8517b75f2282a951a5893bbfdf9bcff51b4eecf489d0f
BUY,0.002,500,1770154256,No,0x7113ba3b95115dd4803d3f461ee975b673b5745f4fcfd4fed73d50eed1c5f779
SELL,0.001,2.73,1770154254,No,0x2ed1b3cba401fec64bdefc7364cb14fece94e39b2116d9df4834d32779f133b3
BUY,0.002,2500,1770154232,No,0x1dd63b8e3c9e5e3993951861607cba37ef429594acaadb23a61bbe8462204cc2
SELL,0.001,500,1770154170,No,0xce98ca91b1b1a5e565482fd68653b087f53a3d8326a7a21f6e73757fea089048
SELL,0.998,122,1770154120,Yes,0x513634ae6287038fd0ed90bb7b005fd94a35459d189409a38bb72709701b08fb
SELL,0.001,99.99,1770154110,No,0x979c2fe23175c14e130686d878ef49737d6c4a03b1ef0b259e849f5fe4c993ea
SELL,0.001,23.25,1770154028,No,0xfa71dbc14f0d15558c7daebdd64fec6c41956b8a9f786c5f8d45d43fa4a76fdb
SELL,0.998,1.36,1770154018,Yes,0xfc3c214cd3abec2c098f630af788e561b07a469e3eabd00243a1663566d1aaa5
SELL,0.998,95.09,1770153970,Yes,0x4adee92ef17f80a132afd25b6b44531cd1157a3239b3bc19cf3fcb57ba690365
SELL,0.001,500,1770153968,No,0xf297e6eb4b95ee623eb9d37f8ff3478a5f3698ca3f7c08cbae8ae3c7bb3af5d3
SELL,0.998,1,1770153962,Yes,0x719ef172269d6115d2d7bb5ebc1598fe310f20f40826ba8c826bfcea2f19d776
BUY,0.002,500,1770153948,No,0x390ab2dd55528914cda02ed3d4778544cd93453b61e81c889e73eda547ea6fe1
BUY,0.002,500,1770153910,No,0xc211198527dbae800569fa4eabee5cc488874facacb0a352763ccf7fb15d0c1d
BUY,0.002,5000,1770153854,No,0x898ca2393a9a0ea6d48eb769f914b752a5f632fe4bae07059b38e3cfa3e71c62
BUY,0.002,1500,1770153782,No,0xa30c35d83b9714517f8eb9a09c13a698f17669f4532a608ff1b7fff40200d92a
BUY,0.002,11500,1770153752,No,0xc405f1367ade0e285620842e68598cab59eb18aabc5463fe17e29860da864236
SELL,0.998,114.28,1770153674,Yes,0xd4f00d17da6ef495b33918c3ef689918ed1a330bb46e64d6a22c357deb965444
BUY,0.9989999904726946,95.095094,1770153622,Yes,0x846a1fdcd06e93db5400499421b2ae7e5f6acf322c15c3c983d1d56b154a1983
SELL,0.998,3.37,1770153618,Yes,0x51c9c2e4378c63f267c670967cd1b8318064285f80714febf196801fdc4ef950
BUY,0.999000000999,1.001001,1770153614,Yes,0x640d686173dbe0cffc6955cb042b0c6a1c719d206ad2c0a686b27e135214ac29
BUY,0.002,10000,1770153596,No,0x60849e0b35dca730d6a189cace5d5a8b638efa164eb52e684db9e2490d41f5b5
SELL,0.998,300,1770153536,Yes,0xd1c08cb641fc7ca74baf2bbe7f69f076f9bd492cdaf5b948669a56c2621fd70c
SELL,0.998,11.68,1770153530,Yes,0x578c5813b21e35a0872f0cdab491d226e0636e6e7ca2c6396c9b5e242301254d
SELL,0.001,3539.99,1770153510,No,0xbe4815d8c16bf197a6c74a5e97495968084194562d07d09e477364ce94cdd5e1
BUY,0.999,5000,1770153448,Yes,0x93bb96fd41447c6ec3b2014d7ef4784a3403428d9ea7ffba2ea1927066bb3405
SELL,0.998,20000,1770153332,Yes,0x92a6203175adaaf1dd8387137bc75f4c687ef52efecef958f546cc4740c4540a
BUY,0.002,500,1770153316,No,0x6376654c65b340717049580269f15bdf24ac7bbcde1b02a013be3b71a3a4483a
SELL,0.998,400,1770153300,Yes,0xed3d26b6882d826b49f02defd531e92d5afb7eba00efabf0d758cab73809a210
SELL,0.001,15.61,1770153228,No,0xd9c1d9259cf2864d840693d3ec74301ea02959ea39557fef8f62101e7e8742f3
SELL,0.001,15.61,1770153148,No,0x20f070cc0eab5869c4b64cbb55eb87fb60bbb823a12ca8e87c48c1f506ad712a
BUY,0.999,14829.95,1770153084,Yes,0x4cc5a93745a74457e08f577d0777426b662d26cf99febeb8ece985ee4b9ec7d0
SELL,0.998,500,1770153054,Yes,0x6e0f4415aa0ca6cea3746601459576e756b296f92e8bc2aee6a0430642777734
SELL,0.998,3120,1770153000,Yes,0x6417cd273341175ce6471d61a1914ed937bbb9f1e9869f0d7fa5f757f7fbfb01
BUY,0.002,10020,1770152962,No,0xb6e7e26582b306b1b4c483359b0a171e8f2c28f58e97e9cb30b1660f7437bdfe
SELL,0.998,13.33,1770152864,Yes,0xb38c8fc45e74755c0f0f4fc2ba5172476bb3949da139c530ee31efd3dbc5ab05
SELL,0.001,1480,1770152858,No,0x34316763067c19507f72d4c4b366b8dff2f444dc0d5714c009c07d700612a697
SELL,0.001,222.22,1770152812,No,0xf6284e4959920507a1d9cf9eb36a86fb86469d20fffae9188931a786ed2fd95b
SELL,0.998,15,1770152780,Yes,0xe74c3518d3b34117d89a8dfcbef1f3b1e44304f70ded7cf436f35683039c1a4c
SELL,0.998,263.15,1770152762,Yes,0xb09e8f2c0ed768cc8e2885394a65e4fdfde63c96095fe18f240e46e827e68280
BUY,0.002,1480,1770152736,No,0x64b5973b3496dede39a60c997dcfa798f25eb6e30739d9df89cd49d00a120b07
BUY,0.9989999912033928,99.129128,1770152736,Yes,0xc3f82904eed30b3e4606281ef3c0f22e08e7d09b0dc1f6caab110264adb6f948
SELL,0.998,15.27,1770152706,Yes,0x23c89f726ee3b73d9bb30ac895ff19a7cc3760f52184a882b483f70da066ca46
SELL,0.001,273.17,1770152690,No,0x419cdf7243b554a94d0db7078fb8166ea54dca22aa90746ccedf674e29e4fa86
SELL,0.001,10000,1770152616,No,0x01db4944afc994b72b59f16358738377b640a1ad13fb2a05020673dcb66b0ebf
SELL,0.001,1250,1770152598,No,0x112a79e852d4882e83a3e60835edb39e0f99ba265544f29515c2ca6443be92d5
BUY,0.002,500,1770152576,No,0x88279671013c6b4ff7c83be076494f0d8403b4d29580e83a5d0218c235ea8c1e
SELL,0.998,8614.03,1770152562,Yes,0xdc546b44f79a08435b2851742cebf4323f38e1838d082405cbbf91a1f92bea50
BUY,0.002,48025,1770152518,No,0xa4309e59dee61234a9afd7d7e49754f14c42b92e79cf12b4691df10fb253ff36
BUY,0.002,1000,1770152484,No,0x400d73f75cdcbdbe473368d068e9e52b6b2780e9cd5175a0e18c68b0bf67349d
SELL,0.998,32.89,1770152454,Yes,0x835fb6e3aa1503cba34a41095f8ec842ed7d25b769f5717e558926ab47cddf46
BUY,0.002,47500,1770152432,No,0x8ac7a7dff18869048140d571f284951a358d7605d094362362e94457bf39a293
SELL,0.998,50,1770152430,Yes,0x873f0509d5135092c5c664dcb57f053348df19689fb6b0edd701db062bdcd626
BUY,0.999,8000,1770152400,Yes,0x5eb1506fad1c4a952cace2c9d9e61078379679fdc7eba5ddcee79652703343a3
SELL,0.001,16666.66,1770152394,No,0x396b6f86644b76cdeb1e56b40ffb736de822f65c80e27eecaa56c02e8d4a3f02
SELL,0.001,1.35,1770152392,No,0x0df31665edf5748885aea4a12327023b7d26f4784a498501b27124aa4138b09e
BUY,0.002,11000,1770152354,No,0x4e2dd9d5ad9a07686d67a5d6e8dbbaf05a3fc8ede6d303744a52ad4a291f8c59
SELL,0.998,9,1770152334,Yes,0x28223d988790a9bf6467b8531b6ba5e3eac7e95e8b1d8f685fa17b9206187cc2
BUY,0.999000000999,1.001001,1770152282,Yes,0xea9db500ae19a4ef059f49438681834eb2c86bcc0d5e56582e2a0b2b2582993e
SELL,0.998,3.04,1770152226,Yes,0x04cd2007852be7dcfed84ae82f52e73b3879d39c3e6a87e4157f171dcb6cd20f
SELL,0.001,700,1770152156,No,0x9db3a721860ffaaa7905bdfbf2d3b74905a7d81d9465a9b0014db612045802b6
SELL,0.001,7249.97,1770152136,No,0xe42fde40cb961b977cbd67f5cf03aa3f03b3edcbb33152ea20579c82e5f2f37a
BUY,0.999,1000,1770152122,Yes,0x3dfc6e62b7822ab3d553258bb0ed9b0a1aa56c5276c7a84902962c5747326cbd
BUY,0.999,1000,1770152088,Yes,0x1d01010ff3074e08e680e664b108add3e39649ae3ff367d556b810666424b719
BUY,0.002,13755,1770151970,No,0x6c72b0f4052cc3aef376dcc24ceed602ed924e4ccfb4bc76806c5e89e4ccc146
BUY,0.002,500,1770151954,No,0xcabf3466986255865f352456d088ea8842a9c85849504e0959173c31183aaee4
SELL,0.001,83.33,1770151948,No,0xfe7b155e9d283845c767dc1018bd1ecdc26cfabc9510bc337cf875e05ba85deb
SELL,0.001,660,1770151924,No,0x2dc877dd1c00e66dc7f75a9cdf7347dd5665b946d998e4a09b7ffd781d21d197
SELL,0.001,3.63,1770151900,No,0xb85923d2af15bc92847e0d852247c7a69821ad719d37451811e8f411cbe05e55
SELL,0.001,16.85,1770151882,No,0x15ebf4ce78fcc02aa2aa185a54102f8d20c3a4ab4c8d25e6d0903569abc34c7c
BUY,0.9989999782138228,30.340339,1770151880,Yes,0x497cb4a309b3a8cd3d86ee3927df4b292cd1496f1ae0d103346da75ebe0ef2f7
BUY,0.002,11030,1770151852,No,0xa8b4d3f7a010268e37902718759e39cdbf9640d0faa3f4d0582d323742a43edb
BUY,0.002,1500,1770151850,No,0x495809762093a3ad67e2b9047ff08a958a6a9b97e7db2f131411c20b2e05e224
BUY,0.002,3995,1770151816,No,0xaab4055ad0d34aadbcffba11e3ba768b3a8e51d19abc8d69174bdee25b8ebf1d
SELL,0.001,941.66,1770151794,No,0x147c7bae40751a948fe1e1473b995cb3b77da5241dea22e90dbe71f123d38a17
BUY,0.002,3000,1770151692,No,0x8b5fb40073154f40b892a5a7b67f3ad9282408dc4fc12dc8d29e594c48ffa414
BUY,0.002,5000,1770151628,No,0xd77e84707c3f4076fa76a0ea814d0bfae69bdc9a44caf92eacea8d1a93ca9732
SELL,0.001,154.16,1770151564,No,0x25e7dcf379ba8f7cb576ea9c772c731ab9e85bd37688ed97055f912637f9b723
SELL,0.001,3051.67,1770151554,No,0x01f015741628bb7835bd084aa03a5de424329960a5f313d6e0517d8722bdc9a4
BUY,0.9989999988335126,217.747746,1770151536,Yes,0x47c1a62e88971f7ea3656497eb17eb3a8e36c5b57931205c879026659a04eec2
BUY,0.9989999992221344,861.33133,1770151502,Yes,0x4d74e7e0b2b65591ee6c4ccaf11a3f2e72ad0976a6786b493dbb973cebf6aebc
SELL,0.998,8.64,1770151388,Yes,0xd09643646f25328679e19697d40fcb93b8536686f13459c37ced525043965e4c
BUY,0.002,10000,1770151376,No,0xb67e6013e851bc28e883868d2e598f2062932fa800e1ece98c38599184d11c17
BUY,0.002,3000,1770151222,No,0x57dc54a09ea10feebdc19956925df2d9b8be59d6b6caafb0c5cf9837710e19ff
BUY,0.002,500,1770151186,No,0x9ae23e025649f1b676b013db3e55b2dd280974e8492162959c00b61280d51352
SELL,0.001,1666.66,1770151154,No,0xb76df61191fe363ebc5145aca32af11c1d39b251fadc4775565ab7e61e336c4a
SELL,0.998,1012.5,1770151146,Yes,0x380498c592f69c140334bbc0063ccccb6225a5da6be72e606b492cb2e2308bd1
BUY,0.002,16965,1770150986,No,0x37294bcc3b34b3911935c2cc7d4cb02596a43bcf973a3e12e0b464de62df91e6
BUY,0.002,500,1770150958,No,0x1a77a2cd7719f025e9c8f077d07e9b5e61f00f4277307521f7b73dc5ad5b071b
SELL,0.998,1,1770150948,Yes,0x71d4e63dde939b878cddfcbd9b56db34a73886870d3220377411f459743a0c04
SELL,0.998,25000,1770150932,Yes,0xead90f81308b28ea30bfb459dd4f0111c103fae4ca7660c2be2add7099b79dfa
SELL,0.001,2.25,1770150912,No,0x72d86fb35bec279ae264b08125aceedb6dd4fecd811af535622694b8cfd29ce3
SELL,0.998,1.03,1770150908,Yes,0x0e3734befa4d70d0e0c6f2e6baf900d0e8289e154cb96a43281da11fd6118169
BUY,0.002,1000,1770150900,No,0x9d793adea5e58cb00f1c848cb2d90b24fb26be2e65c03d591053d73d8a76a634
SELL,0.001,10000,1770150836,No,0x685536bfcba031e1c979170e487a39604f6e83a98f796394aa5d86606a12b3a3
BUY,0.002,1000,1770150834,No,0x86661dcd6e97983d7133085ac0e23e3bac19f478a00c2ad41e4ff195361497a7
BUY,0.002,640,1770150788,No,0x52ecd059e454d1dca09978501f6c35ecaf9e90d28e5cb6bb8477abc081a4b114
SELL,0.998,1,1770150770,Yes,0x3de8d13cd312ffcff2992223f4718809f7ac4e598be16a810bd9540ab7adf83e
BUY,0.002,2500,1770150760,No,0x6269ffa60cb768b31b9337dce1e72f56388f9d369b1f536959a43c024e40fb0c
SELL,0.001,5000,1770150746,No,0x921d4b73479d5355cd20986e8ddcb0fe8a14c58e4dc5fe595d9877abdd00fa3b
BUY,0.002,500,1770150736,No,0xf0b586c29eb1c4924ef01f8d79c6de955cff6d1dd4a9c60dc4d47be8ff80dacb
BUY,0.999000000999,1.001001,1770150724,Yes,0x4c153ea655d7f00ed178ecfb391eafb34b2c603847bffa91787e496ce2a3bb3d
SELL,0.998,7,1770150714,Yes,0x1e0a8ca162a2e1c9f0e5a167bebe1a90275aa3dadc70bc4cd6f746645e610667
SELL,0.998,135800.82,1770150672,Yes,0x6795fb2cb0b5e6d078d9f76db7bc21d41c8256de4a2640638eaa275e6a86a5d4
SELL,0.001,500,1770150620,No,0x964154628dc0b5c1ec9c4e1076ac783a505736da040af6462a3a8a3719b185d0
BUY,0.002,500,1770150618,No,0xeca194b66274439f3263e6add8b5a33bef93cd28425a2ee3b24b41114035f696
BUY,0.002,5000,1770150536,No,0x0a9c18444cadffdffef4ab8cbbc3cd222260fd75ef38fb898fdd0f59c20c4ff4
BUY,0.002,500,1770150526,No,0x86c89b9adf8e301a9c36bc661731a0ab3ba0e4340e305a9c547a1dbc211bf115
BUY,0.002,500,1770150460,No,0x203d9817e2415d0b4fdbb7a28e266e59962f7dd01b57612dd27661ee686558f1
SELL,0.001,255.42,1770150456,No,0x203d9acb3b51753830045f1b65119e5a4096400b250bec29d89c18b688b8ae56
BUY,0.002,500,1770150396,No,0x41075949043035a227c9b18822698dd5f56224821fc6e61f8c138c9c5401f054
SELL,0.998,20873.12,1770150396,Yes,0xf1b9e5688a551a3dc1a4842438f4cebedb36d47fb1eef024af0e07f3c3e2d1a0
SELL,0.001,29610,1770150384,No,0x361ed9843fd6de502af15a2949e9649615a77f67b6c77aa01878286a2c8ad5ff
SELL,0.998,71.42,1770150360,Yes,0x762640bbc1cc1a2fb278ea3397730bc9e5783f39b0a6445a61ccebe58c513917
SELL,0.998,82943.73,1770150318,Yes,0xb408f1540e8cd9401c4c2026851de0901146ad88f6c2886c96762968c033f04e
SELL,0.001,4.54,1770150242,No,0x6105e5442104ad49f6f32e61973f49852d26c42340dbeee33bd6e5fe1d137ad1
BUY,0.999,2473.32,1770150222,Yes,0x654fcda87aac9549e24590dbec443b0fca1deb2096dfa51ed86dd07381264edf
BUY,0.002,2210,1770150154,No,0x110728e5d29a3c1882e2fbc906d6464ab69d0e0ea2a9612c50b53d5c2a7b2299
BUY,0.002,3380,1770150112,No,0xf0e72a9de9c2ea0efbdc8974353ba24f26a95b91d9066ca43b4f82deb465319a
SELL,0.998,1,1770150102,Yes,0x177f016ccc1ba86ab00688515af8345a0b1c886b93d1225f90b18756d2535eac
SELL,0.998,1500,1770150090,Yes,0xf08b3f59a7cfe47ce54e93a750b426e61662c7b4e8bc8eb5dc8bda68ba783862
BUY,0.002,5920,1770150080,No,0x40673415ebc6444e3908081d148003a42e996933473cba1eed1319300c663d99
SELL,0.998,1,1770150024,Yes,0xfeaf7771d3af69011a396a196b89b61ed199789eed63ff44f33f835b4101fe26
SELL,0.998,3000,1770150012,Yes,0x81065bb08ead718fa89840ddb70693cc32b0944db2310aac7b0c07795c649850
BUY,0.999,200,1770149956,Yes,0xc0524c43293962d77ae99a067002f92f07122b5b998ed9e45d180f661912d4d9
SELL,0.998,10.02,1770149954,Yes,0x5c203816a8d657b3aed0bd337e4938cf20eb951146e0a3572e1ba08d312ac09c
BUY,0.002,1000,1770149936,No,0x00cf46140c17d43b358626d9fce9817b417303003bf298e4c5795122b2805506
SELL,0.998,6.78,1770149856,Yes,0xe8394b6fe620860ea837d4814f30d9af52db064bc197b9f9c02004f42c910dee
SELL,0.998,10000,1770149852,Yes,0x53297be2718f2a4f9c4f38b78bda949c1361e319500e3e0a2f4c797562165357
SELL,0.001,250,1770149808,No,0x418ed9e54984e7948dcd7b417a5c1341b7e57c2555524aa1d9832d70e2eef40d
BUY,0.002,1000,1770149808,No,0x25b3781fa48daa49088dd8fa2488f66b2c8ba9021bf9171f4eb1b7b50432b827
BUY,0.998999998247368,7.987986,1770149792,Yes,0x7e9e4f81a3ee6203184e3a7518e50889685f8fa897c5d7bcc7e5406653602e92
SELL,0.998,30000,1770149788,Yes,0xf65aeeeea7b48bec22ca8ddfc4ce7626f4534efcf554db738061a81cc6a3626e
SELL,0.998,20000,1770149742,Yes,0x58b5bea10abccfc1c29fc44d085e4feb051db59e91856ee3add460f9be48de5d
SELL,0.998,1,1770149700,Yes,0xd3aa5a19c2f97ec328c6b95debbfcc72e898f3611645b7884183febc1d46c012
BUY,0.002,500,1770149700,No,0xd090f3e87d8586a6954440e98dbf35098562addd961df2ecc238cc184335e6fd
SELL,0.998,1000,1770149688,Yes,0x401464b7663d190438f9c8eee54d0ef92b2aa8245a8ad70031e6471a528fea60
BUY,0.002,500,1770149688,No,0x9b142c30d3c30f2e41da5bd1ef3c5f70acfaee4134dec5c089f1919acb6ff1ce
SELL,0.001,10000,1770149662,No,0x621e37c5b64ee083f09dd8a78e9d328d8bbee616ff57fd1208c2e9bf5343160d
BUY,0.002,1265,1770149656,No,0x0dabb564ef3d519535246fbfc11b5d76f36473e4933fd0a1b5246a08cd8b9f93
BUY,0.999,250,1770149614,Yes,0x736aefc95c1366bb5dd6ab965e6c12dbe45de89406eefa08396c80aa6979099f
BUY,0.002,500,1770149340,No,0x82b7021c0d336d52619acee7b443ef69325f3c9982a6d9e31ee8e939c933e5d5
SELL,0.999,7000.52,1770149284,Yes,0x71c34fd9d3fa26fde69fc21ad0546bc032d75d96221a33b57fdf7195be273c83
BUY,0.999,5884.21,1770149284,Yes,0x6d0de9cf9455aec2043b41ef5fd56ae94b150260e81a7e26e6261f649f470837
BUY,0.001,1000,1770149246,No,0x62b27076f9390817287b43bea736a2777693f9449df3015a5321549664961279
BUY,0.001,1000,1770149212,No,0x4831c357d0608697f5516ab00305864374f1f65d893b3b13f34ed921207149ed
BUY,0.999,6042.48,1770149172,Yes,0xc10ca928be8cf8e0af187f392509b82fab7a223ca6c4d451650ab040c7635d8a
BUY,0.002,500,1770149166,No,0xd91b503d5dfe4cae0cefed91e38a1694b72cccec1a3a9a131ebe2dff0fec7d66
SELL,0.001,2000,1770149024,No,0x73adf01e97dfaa6888799eb90eecb0d870099a074b78eb5305b90f772ef1d427
BUY,0.002,10000,1770148992,No,0x697c0a8e592bb1ee45a05980a12d72b0dbbcf3a69108130dffe9e9d7611549a2
SELL,0.998,1.29,1770148972,Yes,0x18e72594b2668b3f291201f75c4bd80ab4ffbdd052e4eb6a35cb497862e282ad
SELL,0.001,71.07,1770148960,No,0x2a9e4aef7f9339c236763bc7f67fdd0fec69ec2aa7441a55cba6f280b86fca7b
BUY,0.002,5000,1770148956,No,0x3e07ec817254b212acd247534ae30538a1acbb5f5ba4db2c9843f649919a4429
SELL,0.998,3100,1770148912,Yes,0xcd92e3362482a37c9994b24dff77569b68e768494eadf6c97aa342b91ad547b7
BUY,0.002,6000,1770148850,No,0xf35eeaabe3b7d17d2d260ecdd6aa80e05bcd4376baf1be9eb90bbb8388619109
SELL,0.998,50,1770148830,Yes,0xac96c0cf1468a1224fd919afbad7a9a17d5dd5e8ae1b5c9e35ab9706a16e0f91
SELL,0.001,0.02,1770148758,No,0x4a9391febd4d87e4b347f9cb36a9a6c717d809d6b79d09effa7896244269c398
SELL,0.001,0.02,1770148752,No,0x04f0c8de5862a73945fe71c4b37f10bee5ecf666e49c9292e9cd581cfe8ff720
SELL,0.001,0.02,1770148748,No,0xc0d21ead45640ecae343e08566ad30383cc19b2e2ae6197517e7b8e342402ceb
SELL,0.001,0.02,1770148742,No,0xebf2e7462213cf27d32b1aed2718c1febec08b5fafcfe368d21aeb312f973a6c
SELL,0.001,0.02,1770148738,No,0xe30f863c91200f1e65d32c745ff27f8ee2f21bca7a241a1b25ac816bb0b5339a
SELL,0.001,0.02,1770148732,No,0x3ee94eee9d58f3958f4dd71c2ebfb3ced2a9ba5b34c59e826f56e2d0e4ef3cb5
SELL,0.001,0.02,1770148726,No,0x5783221309fccfc43bb10c6cfc3e77cbec69ab18ed1b070caaa6b83ca7c0fcf6
SELL,0.001,0.02,1770148722,No,0xb1869901fa63662ceec65c9a3578e8c160654d7a233b17bdc2544f2b1e742de7
SELL,0.001,0.02,1770148718,No,0xddbc8ca3d45a9246bc6eb889272c8d610099ab03d6fe0755ae96ef49f7a9f6ce
BUY,0.002,5000,1770148718,No,0x4e3e189375a5a6a4818db334af5d01c301a444aee069a375bb1170a27f5f239a
BUY,0.002,5000,1770148648,No,0x78acf065b90dca0b3d26b73f839b18075dabe53c9ca6a0c45e08f7fc6b59bd46
SELL,0.001,0.02,1770148626,No,0x6a46bebdcb3acfcdaf5b3b5f4d1ee2027c9c62d5309bd3a11485e7a596762411
SELL,0.001,0.02,1770148620,No,0x816fda46ac19bafbbd6ac6698591154b608b82bcbb574dabb55c64e082e0202a
SELL,0.001,0.02,1770148616,No,0x47107d5445f773a3a827bdddc2de5acd02e77e7f19d877a0bc5dfb2d69e029a3
SELL,0.001,0.02,1770148610,No,0x0931ebcdc2287201feb8445f448086623cdad601c83fb29c4a989a0f3ec490d9
SELL,0.001,0.02,1770148600,No,0x96d405f3160b98b49a00e824f59cb1d1881057e7de6a9ac5e178ce520053ef69
SELL,0.001,0.02,1770148596,No,0x8da4d7c94240330a44ba1c11b8b9e2862806f72d38b490874bd3397854e0be1b
SELL,0.001,0.02,1770148592,No,0x49232d7ebff754f798dea5573c54c9658b7a8b4f1cd7eaeb3c9ed41867ad8cc8
SELL,0.001,0.02,1770148588,No,0x630d655749cb23130e42e8a01c941f6f2ec0ff7d9c412b2812eb6108d2717db7
SELL,0.001,0.02,1770148582,No,0x48d82e9caf01c8db53517985ed67c7c4eb0b5aa6a71f9e0aed803e0976731130
SELL,0.001,0.02,1770148546,No,0x3877b3cd219a52e07e6a31d435e741b7d122daee56ebcd9ceae12de747aa912c
SELL,0.001,0.02,1770148540,No,0x32a3347bfa616c91b61d77edf960c27b4f2fea59db40ce93be5270ba52260c3a
SELL,0.001,0.02,1770148536,No,0x82aaf32743caabcd3fbd0b083c403f358aa10c1a1098ad7d9ceeeb4cf640b55e
SELL,0.001,0.02,1770148530,No,0x8d7a7780d9f359941c5e241f46f80fb32a0dde5af7761e6b1cdb6dc86eaaedff
SELL,0.001,0.02,1770148526,No,0x94aadc61996a8fe0ded42135e5977940e5c73b7329c5736c9e7837723f8e85bd
SELL,0.001,0.02,1770148522,No,0x65c8543fe251061c41630f301061f0b7fd0a4a7c15bb9a12e740d975993ca8eb
SELL,0.001,0.02,1770148514,No,0x130b2c0ecfdd44115d654c1352f54c938e3fff6e05bb4e3cba8879a4e74a033f
SELL,0.001,0.02,1770148510,No,0x9714a33c6ab498c50128d1fe0cd79cda61c73952b41b222541ddc5305bea32c0
SELL,0.001,0.02,1770148506,No,0xf86ead9726c5f3464d9f218445140e59c0a33380539199e2af68c0783266b25e
BUY,0.002,2690,1770148476,No,0x227eefd4c561e7dd9241e5a36863d011a32fd03248e17b92a02a058ee77f49af
BUY,0.002,29610,1770148412,No,0x689e2ad1f987da5ffcf3299d3fa590f425e311933e3ee7c3ab44129a0fa70191
BUY,0.002,500,1770148388,No,0xfc616f8e8060151fd59131f257a2609a7c7ee9a2f83b9e806d09be473930c4b9
BUY,0.999,4034,1770148386,Yes,0x225615e910ce029b14496a66d9042951bee733a4b3b52e6caf099771406a680d
SELL,0.998,1097.83,1770148356,Yes,0x647009c5f57f36db1e52bccca5462fa7610ee746213a798c7b24ab0d8ec6ff6e
SELL,0.001,6.91,1770148268,No,0x296f15c68431faf65d7eaa51ee3fc5c407739cf46194a1e6c323b97f015b62a5
BUY,0.002,4920,1770148242,No,0xa69df2a461b586cd7c58e228fc6c65cc539a06f0e94134267f823cc903dbf5cd
SELL,0.001,1.63,1770148176,No,0x5a888dac8cbde0f538a706ef3d5cbfc81ee76aa75e1038a008993cea06484891
SELL,0.001,8.07,1770148174,No,0x671009580b1908f236b3d446941283ec56fd995c300410def1c90d6bb603b0c5
BUY,0.002,2500,1770148166,No,0x96fd84c3ecfa54bf00f00441f5f5bcda191fc1f38528c62d2dc3855262eedd52
BUY,0.002,10000,1770148164,No,0x81690796eea4fd98155b8f65cbd79aecb91a66fe073bb70145bc1533b5e275af
SELL,0.998,2292.42,1770148164,Yes,0x09e3cf688cf37759ead390f82c9201798be55e821c5d75b34c0b89a4738a8628
BUY,0.002,500,1770148160,No,0x171308c51a118a70b293aebc13df078335add4aa71374bdc3b0d0f16a6f0b200
SELL,0.001,24.61,1770148154,No,0x29b5ca5b304fdf690784ee5a2bb745362823b07110028e6fbabfb9ef49a1bed1
BUY,0.002,2500,1770148116,No,0x9555d816c5f3b1e1d194981a6ba39dd67f842751a350dba506ddd66e68185ab1
BUY,0.999,4831.44,1770148046,Yes,0x9a699b95e654367a0336d4f37601f9846162e6064f53f60c8b49dca5fc36bbd0
BUY,0.002,4000,1770148036,No,0x05be990d6af7ecdc7856d55317beab59b0d156a26f10b9a504bc2e61d6519eec
SELL,0.998,4.68,1770148006,Yes,0x7c8fdf74a08d85115af6d0a58c7bfbd1d09362ccf06835429fd21ed7eaf1980f
BUY,0.002,4895,1770147984,No,0x45a33385625f9534a922e0e1e60a2b87d92ad2c58b825f92ff3a8a8cacea75e3
BUY,0.002,2500,1770147940,No,0x6d3b68f826e8872434c1a60ef19929c03a39dc9dfe01398de36f2d737c901a96
BUY,0.002,5000,1770147866,No,0x5c4a254b84686257407df5c5d5ab5b2c083c05ae3764412b96e8412829778434
SELL,0.998,20,1770147866,Yes,0x46de91dd0ea3917b11b8459a6323aec9224b190a813faa5e801cb7b30bd37039
SELL,0.001,2880,1770147840,No,0x7022c2d30f7f50bdc279f37ac1b8f5838d86dec0193eb833ea050fba79ddd2c8
BUY,0.002,59835,1770147818,No,0x147013ff25d707f210fd0a4c1f36e7fd6080e5a47835a6f7c757a3898416f91d
BUY,0.999000000000999,1001.001001,1770147742,Yes,0x20443e3925b65627872f4741242c41a6d718ec2f1c63e9caba05cdc50e9750b9
BUY,0.002,24900,1770147730,No,0x156e853c75c09013600233dd78d187d245f98e5f3539bbac36dc06672129e266
BUY,0.002,1000,1770147678,No,0xf8483660b785d6f228470e0dbfbf3d4fd134a1ee3e6fec95523b59ca6b1eff8a
SELL,0.001,1000,1770147670,No,0x46d2d6b998b60bf6d6200eed8f9ea54bd057d85a6d4b0e83009498c1c15ab088
BUY,0.002,9655,1770147664,No,0xf984ada0c17a77babec4326a02d1179484b0665b0bafda3f1e28f3eff259da25
BUY,0.002,600,1770147650,No,0x3fc8191f14f4896b3ca438c1c221163fa521c63375e13f39bcd2f74b00770e10
SELL,0.001,17.85,1770147598,No,0xfca99af4af46fe64ebc267f31d8285451dc181ad10e0e15c8d4d7ea32413722e
SELL,0.998,1.75,1770147564,Yes,0x5cd7b564517b5803a7c845b4cdca3ceee2a7b6c268769cdbcfab230bdd392bc6
BUY,0.002,1000,1770147510,No,0xa5ccafd6a6a4f671cca1dedcab77e1470df61701ca1db6f66abd5db23813b11f
BUY,0.999,7,1770147492,Yes,0x7cea315873e90511a0e2c0c61e4b22635bae8f22d606c00ce902bd8f5aedfdec
BUY,0.002,15500,1770147478,No,0xb387b7b6e82b7cb3f21d55a17f609a4b60fae9059ed3ab564bbd83c5d3428ca5
BUY,0.999,1000,1770147476,Yes,0xc339238ea1224ed7c335455577f16190f6ebc5ec31b7675fa02fdababcdd6ffd
BUY,0.002,1000,1770147446,No,0x876880733653e4bcf5cb3214eecdb6ebd13a9c359b56220645ba270a5e7f9eb7
BUY,0.002,5520,1770147444,No,0x900e01d33a7c5de03b3e1d2ba5615f2e91a23797181c3df2f5c0f6df9d7787f1
BUY,0.002,32115,1770147440,No,0xeed9a3f9369705967a6b9fe4869c321f32ea4825c5426f3f37235f3a3acc5fa2
BUY,0.002,1000,1770147432,No,0x9a9e3e1e12d8731a9269c2e5550ac625d6888437e8c9e4ff388a1515b9159445
BUY,0.002,12500,1770147424,No,0xe30f517a26c14075715ed6fdcbbe6fb98a55eb763d85f0cfb29d328586c0adf8
BUY,0.002,50000,1770147420,No,0x4a10491b780741f6ae88aaa11c8f93dcb54f54c19252f4f2c7f07539f73f4bca
SELL,0.001,357.14,1770147418,No,0xa947eb5d3c33bf42c4b3051e788e3b6ca9c246e1f48621581cce66a09ac4aa75
BUY,0.002,50000,1770147406,No,0x5a2ae0a097a6980167651523e355c8de12ee7c9105668e7519e7a515851874db
BUY,0.002,50000,1770147396,No,0x8b2e1799f3d389cba8d58dfe68d8785f59403cd2c59286dd62d5d411b8792a9d
BUY,0.002,50000,1770147388,No,0x035741b189d36db9f56c4d6218cc1c0f7257e922af49b9055d1c7e4f86153ee9
BUY,0.002,50000,1770147378,No,0xe89368d296b463ec13dc3c65f5889a557c362aa1b8363b8d5d661e76e6bfa86e
BUY,0.002,50000,1770147368,No,0x860d5ba35a09563e12ca3c7c9a327f5292a7821cb8448a49bbbeb86787804515
BUY,0.002,12440,1770147364,No,0x7b0e9db199584a2eb9ceec8cfa839ce8b9882b64553dc2cfbb5e8a4a590e0b65
BUY,0.002,50000,1770147358,No,0xe25ad342e04a2bfb7638cf1205abb8344364e9d7af770f73e244b79de0e176f4
BUY,0.002,50000,1770147348,No,0x77996f8e0fe38e3e7713256272cfe1e6489be5184fa136559a25001b950918ae
BUY,0.002,50000,1770147336,No,0x0e6699c931a99e3d451143681be195a2c8542df3d14385dc21fc41f507e27ba6
SELL,0.998,2350.68,1770147332,Yes,0x6f006c5ccad0df28e05af84b43a297fdffe97de3a6cb216e374012e431a77568
BUY,0.002,50000,1770147326,No,0xa5a58ee4cec785317d648a46d00d3f865bbb4b634d6e524579bdd2d9cdab1ddb
BUY,0.002,50000,1770147318,No,0xb50489bd8ea4aa8d9ffe5af3126e5b2d74ce1fcc1ba802c4957def0a42056e35
BUY,0.002,700,1770147306,No,0x5f5b5fb1097092167d074eac9f0077dd79ac9c2a950abd18203c5d0c67ba568f
BUY,0.002,4900,1770147270,No,0x1170ebdeee1fbdd0e70195690ee4bd749799e042da7a14a7348938020cdb97d4
BUY,0.002,705,1770147254,No,0x77c4fcb8247ed77206e644e19ca640946d61454ad8e2806bc754459771cba9ca
SELL,0.998,25,1770147226,Yes,0x4e59a85ab2b741ab6203cbba8101d0a97e7080a8cf9517a06b674e03deddab9d
BUY,0.002,10000,1770147204,No,0x7c1f25e48d64fc3f86c1286207b9af154f61957b69e4650cb8236e9cf9e6bbeb
BUY,0.999,7,1770147196,Yes,0x099eea595a1bed414f33a532cc0875463d34dc173eef70e4322f0a1760fc385c
SELL,0.001,25,1770147194,No,0x790ef61f3cb52f4145e71264968a593ea6fdbca1ad4120a4245b59268a37ca45
BUY,0.002,2500,1770147186,No,0x3a378abce770bc2abf9b12d1b081d70b9f6dff961d3fdd2d4de2b281e01716b0
BUY,0.002,500,1770147182,No,0x95a8a18832bfd0f42a1767e61ccd4ec7749da9fd824d88eed7ed677a41945f8a
BUY,0.999,1250,1770147180,Yes,0xa5af95b8b077337546de2d76cd42f4403c68ca85fd52e90f77c4adf1ffc49bd4
BUY,0.002,1000,1770147168,No,0x8d2b04e480a781e1244ed63f783200ff4031a0040595edab3758d667b5ea7ed1
BUY,0.002,1000,1770147126,No,0xf4a4517cfb1609ae78b0646002402a511e556e632482909354e3dd8f2273715d
BUY,0.002,2500,1770147104,No,0xdf392b4efa8c014ec37ad591ccdeb3dc28d2a464de061dccd310c4b8b13dc16f
BUY,0.999,200,1770147082,Yes,0x8bd842c1b612abb9a39c5371e4efd6098bcc89420cede29e6137a235c9e938fe
SELL,0.998,3.67,1770147078,Yes,0x58916a4478b583afd69d301ec997a5223f391905c59081b807948045aee600c2
BUY,0.999,5000,1770147072,Yes,0x5d4aab5a76b2619ceca195778fca67230d681f8ea8bffaf379bbad8872905828
SELL,0.001,333.33,1770147046,No,0x83f2b6a35fd4ff92659c926e8a3e0c42f8fb68cd13c195c897a5054f63123a45
BUY,0.002,4465,1770147028,No,0x10ce9c065fd2324876c2b63c1b3fe7764a4eb943be9cbab9228160a2ea98f40b
SELL,0.001,12046.66,1770147020,No,0x33e9e878e7ce11b0c6d5e0e3106aef4f247261fc3423add78436d7f41ae84810
SELL,0.998,10,1770147002,Yes,0xc11effc9cdcd91a5b1290e49ff7bc0028be48327923031f51803650820e2e91b
SELL,0.001,11.36,1770146986,No,0x054e9691538876576161dc3a6e3a6246ba2a2ea235f0b5f03aed3d3c584d97fd
SELL,0.001,2631.57,1770146986,No,0xc326599ac6487f2d97c090b258207a814f37060e64fa3e06158a5647b45cac84
BUY,0.002,2500,1770146984,No,0xc0ba6d8eac61f649e9f2fef5f1d0657b6a736ac0bfd43969c2b01d53dd07239e
BUY,0.002,5000,1770146938,No,0xb66e0c8dff830de95e04b77bf4807359a2085d8111d2d64b1177a1444cf33478
BUY,0.002,2500,1770146922,No,0x838edce3fb9443f5e99aabff91157b70fda302310376ac5a525c2a6afbfedf4e
BUY,0.002,500,1770146866,No,0x9135bb999670221b6b23782450894de489680e313130ade4c812a52759c4b8bd
BUY,0.002,2970,1770146860,No,0x29fbe01826606a8bc48a51055945b438cd133737b564c5a981cd0da37133fb78
SELL,0.001,2135.44,1770146854,No,0xaf68afc5b1dd34ea2040c71aafe3b5bca316fd783088e35020dd73ad68d191fc
BUY,0.9989999509990475,20.020019,1770146792,Yes,0x39262f5a0d5e9dc7cfa20626f8b3882e2b713a14674e1ea982c4f5cefda7b667
BUY,0.002,1000,1770146788,No,0xc848c09415f891097f424900dd9ab8a8060a4fcc7aa020020f2fd7e31acb58d4
BUY,0.002,9000,1770146770,No,0xb6d3916c6da85ce377ae339485ccc4bafd3bca8c57a38a8b4efebb4a9f16378a
BUY,0.002,10000,1770146692,No,0x12c61392ee654b0066165443e8e681dcbd55126831a212a96a9c0bd78f570cc4
SELL,0.001,250,1770146684,No,0xa3dcc9cebc9b481b5532afcf61b8197d9698bf6f3a8a81959eb4007d0ba14cf8
SELL,0.998,43.1,1770146680,Yes,0x8b1839e10ff1a701b1532850ab016da45286af4f01edf962de2bf6b1c734b15b
BUY,0.002,1875,1770146662,No,0xbb50cbd0fa9149b40c11e02e587cc484aca4532685ed1be0f12b5e0b65086873
BUY,0.002,1500,1770146642,No,0xc2053ffd0d51b8f54afa3020c00bf91738567bff8c8e6732c258be4873df628c
BUY,0.002,500,1770146640,No,0x346487f29218bce47e51e7cccddf9d671d15d69ebf7c6e9355c5e56be560f482
SELL,0.001,772.72,1770146602,No,0xda1df7f66de19be18bdec692055d04d7a3544fba8ab45849e2996db459f75bc1
SELL,0.001,1000,1770146580,No,0xef53d22cf306a45cd5cbad465371eeda84495d9a927240b4f180b51fc387875d
BUY,0.002,500,1770146578,No,0xed00437011f02a42b6b5d7afe6e3e3670320cd52bb4f948b23a951e21301744d
BUY,0.002,5000,1770146534,No,0x9815d1e55943742ec5fa58c75126fdd8eea8157115ec539b1064d730178ce999
SELL,0.998,2,1770146518,Yes,0xdb1df8be557434e8ede83ca536bfa613c5b3fc95d7b75635beae6a124d63bef6
SELL,0.001,1500,1770146456,No,0x146b8709bc1533e1ab6c6c59de8ce67ef2b9ef8056c37fee23b80d9aef502127
SELL,0.999,65743.35,1770146412,Yes,0x61983be0bc7919f424ef5b3d7f43afba13d254b48376cbfde8d72c3c8ce127b0
SELL,0.999,6,1770146342,Yes,0x1332082621e875c0fe837f2c3fed29cc62010cf6c3947810590df0921a2d371d
BUY,0.001,17290,1770146312,No,0x57de74e13a062dde12c3b0eadf16cdd424001ff2ae3ebde9c18968eb9fc7e7e4
BUY,0.001,5000,1770146306,No,0x071d67a0c0984f0bf50e9bccffa8b470985ff144da980e702daa918013787787
BUY,0.001,1000,1770146270,No,0x418bf8bee6ac78bcc451a73b365138a02d6f8f13ce94c35170c1568a4b66dc42
BUY,0.001,1000,1770146182,No,0x93f1d47d4341dbf7273d7f08c5e8e5adbe59c1eea02dd75ed6c9da84e06b3de6
SELL,0.999,86286.11,1770146162,Yes,0x1ee2e514217bacff6087bc4564001c8579f3851c799cdd58e02a523096454cb1
SELL,0.999,20,1770146162,Yes,0x44b10acab7e9f9173ce4c184cd6392503b0163a6eb667344bc522c42293b9c74
SELL,0.999,2.01,1770146156,Yes,0x4ae5b046822b4ed31b25583642b453a8507966a8c586de7aee54c6956820174a
SELL,0.999,254.76,1770146150,Yes,0x4004c4076ccf41152e75ec15ea378ea9062c16a6b9bc1398190151bd391f2c85
SELL,0.999,49999.92,1770146146,Yes,0xd873db9b41b3ded9b0048b3c669681d91f24fa8df3eb02768ff314b969854116
SELL,0.999,100000,1770146138,Yes,0x89fbbf3f69afe7befd5aa603ca13c9820db043d3c653be3b31a7b820e32c6a9a
BUY,0.001,14000,1770146110,No,0x6943024db8111de91ba5be6c40657eae038fe814e1eda88afc345da0e7d727d8
BUY,0.001,1000,1770146092,No,0xd8a6de4738e9c71f1b14d26ed8772fe6449c7d959ba1441f801360f2e03ee2e1
BUY,0.001,1000,1770146014,No,0x584eac157185fb4ce34a87c411dfed859dd9b2a5b2d31cff651550f8fa91708d
SELL,0.999,52.98,1770146000,Yes,0xf9ac5abde1883ba553347f7692b314828f714907f54d8a9d09dc8b01efa29432
SELL,0.999,0.31,1770145998,Yes,0xef63322ba06c70eccdf8d312f2adfcca616159396ebb7a4801e4b425b309acf3
SELL,0.999,0.65,1770145990,Yes,0x469cbeb1a90d778dfee6e9e960ba425309632a2709f30b3135756c8aead5a8cd
SELL,0.999,200548.95,1770145986,Yes,0x09a9fc45218e1fa5551858599cb2ab8011a5b3bbe5875da38d280bc9d9d00901
SELL,0.999,0.15,1770145938,Yes,0x062a8c02510ebf4e27cc1bb9695e42b685b31d97f13172a43890fbde0f54783f
SELL,0.999,12.35,1770145934,Yes,0xa2409ed9d0f7a1b7eae0f6a928c7ec2dc7b5d2cc65d9b83c368cec55f8094e6b
SELL,0.999,25.85,1770145934,Yes,0xd97342562a42ea8276fe06f3d0fe1565907fc2cdd4864adae79d39805243591a
SELL,0.999,24.64,1770145930,Yes,0xc201cf4c74aecfc6a04e9ae1e29f9b057e09cb3d5db6408dbca2466d26924884
SELL,0.999,2.18,1770145930,Yes,0xa8d20c9bba2a65c701fc9ef966b17fea7225e16dabaa3ac0cf7c61bff8f480c3
SELL,0.999,98000,1770145926,Yes,0xfe197301f135a0fe4100319734c62a201d4af269d9c1e0c777d05ce8c5bc98bb
SELL,0.999,98.45,1770145902,Yes,0xf09eac00fdcefa88fa70f8d8d379fd6d10a57791c7c37186f43f8924e30853ea
SELL,0.999,200000,1770145892,Yes,0x3db98fbf750e82e677d1c20161dc936b6fe602df6fd4c26442c50881fe397d02
BUY,0.001,30000,1770145856,No,0xdba37cec403a80d5a5311df8b08b5b9ebd29e46b836a3ac30a934b319d4e6838
BUY,0.001,1000,1770145844,No,0x969d617cbda30cb6ccfd821f6143dfe69ad816a3c8c4f87023dffd6434a1a134
BUY,0.001,9950,1770145820,No,0xa1672682789febf5445d2acf26184301da830a97c81215e46202ea9348a37810
BUY,0.001,1000,1770145786,No,0x6e0cf08d7c9e22d08afd550c0eb1b8e39a28dc59f6e54244adc1ee92c255939a
BUY,0.001,6000,1770145678,No,0xdacf2cb499540da583e9520686a9bdd97575c112590d73a2aac65702db597739
BUY,0.001,3000,1770145654,No,0x6d289512ddb93ae020e37860b0102b9b1fd39661b0e96194abb9af46ac67ec23
SELL,0.999,11300,1770145604,Yes,0xe4a1731ce8a6756ec913f45008d410f4e43ed3dc4d05d2a52b27eca05b7f43ad
SELL,0.999,10,1770145566,Yes,0xe2c7577b75ed2e5aca6708a1a668ce5995a3f73dbc56f48a15216388b91fde35
BUY,0.001,2000,1770145550,No,0x7964343f356f86bd8ec0e6655f06a717d25d806b3b60be27a123bc3bbb5965f8
BUY,0.001,1000,1770145498,No,0x09eb02669ee58ca7e50779c8202a34944646d4ac1552b70220568e8622024466
BUY,0.001,30000,1770145464,No,0x6e8825a273148e6f51f79ff318a8e595b23761ed0863e839b8f7345bb7483d0b
BUY,0.001,3000,1770145460,No,0xd9612f2591b8bd911402c3b36f6714fe3bfe35263ac6813354eb0a2262fb7bd0
BUY,0.001,235830,1770145414,No,0xd66149efd8d00f6610082cce4edaca84cf919e7df94db4488b977ecc9a3edb6d
SELL,0.999,10000,1770145392,Yes,0xec472f791f5c024089c0fad89fe32056109925aabdae115800b8742c13327520
SELL,0.999,10,1770145388,Yes,0x89b0ed815c77d7dcb1b855810ce48cb4ca41347052ec97acb8b25c584e7590ad
BUY,0.001,1000,1770145288,No,0xe3f8868ceb22649a9f7cb78e3c9efef179974e2077ca6b149d08bcf854158acf
BUY,0.001,28000,1770145242,No,0x2c3fa7c5053ba6f7ce6337e2c0875a0699714091e36f1033707ac3e146dc2f5a
SELL,0.999,50,1770145230,Yes,0x41e760b5ff15ead862bb2d5699a0ae178d3633d7813ca99ed029a47d532ef21e
BUY,0.001,1000,1770145228,No,0x355ee2556aa8f4c14e8716a34e44cdc23b3a5c81a7b213a3176c3e48636743a0
BUY,0.001,3000,1770145214,No,0xb6867d179f752f4c18fd33e9643047d2d18acb0a5237d49a350d5ae2dbb0c84f
BUY,0.001,1000,1770145204,No,0xacfe91af33aeefaea909659e9ceddd380d9931a3c71542d0341285cda28c3a13
SELL,0.999,1.75,1770145180,Yes,0xebfbf9f386e0da17d391f5a064139b5263ee5a55e13be81b998b7641117ffd42
BUY,0.001,20000,1770145102,No,0xd67d19063b618e9b433f887f0127882c4e91ca1a9c68a27e69795124df118e9a
SELL,0.999,129.45,1770145048,Yes,0xcb7629b836ba85e5840490910dd808c4b89abb80e2ec77b80879c4436d1adf98
BUY,0.999,79775.91,1770145012,Yes,0xa7e5a2cd10a6abe5d8b3b9b9bb48a0f33035bfd82398ea5bd1ec0b06a8630387
SELL,0.001,500,1770145006,No,0xdebb3587060bffb37abd56733ff5d357e884b20d3b980d1234adab13504d9eed
BUY,0.002,2500,1770144970,No,0x01435fb1c7aaaaa3b93d818688f389879e5f44ddbe92f7c16f3e1096d6ba4447
BUY,0.002,6000,1770144960,No,0x17bb26b68fc1242f87e740c028df483729f1eee41b85b4281580c233cd777339
BUY,0.999,100000,1770144892,Yes,0x49c01bb0ebc64c906786f7f2caa19283d37e0635ef4bf629f7a9113229092ec3
BUY,0.002,2000,1770144892,No,0x74444f1243137cd90103abdf2388760cfe06dd9bcb43e5ec0a0fdef4a5ed6cab
BUY,0.999,2.002,1770144840,Yes,0x88a4e5cfd79975ad23392a7fa4e46ff66cfa96f26270dc9fd5dd736a19cd6811
BUY,0.999,2.002,1770144836,Yes,0xf8c967cc66881d19bae2beb7931e804dd0d12966bd0d4701f6a570b80ccad518
BUY,0.999,2.002,1770144832,Yes,0x6565aabdc3db745719fd25ca86e337533b7c176a5aded20371568854b36bc765
BUY,0.999,20.02,1770144826,Yes,0x8aeea1a77f8d845f5f87e57f2cbcf26a872af66f781f55de163ea7032a97695b
BUY,0.999,2.002,1770144822,Yes,0x940428a7fe927dee4c0c83d1dbbd6e212d3d7fd7baa177d9ee14c13820e8ff57
BUY,0.999,10.01,1770144818,Yes,0x0b84f889dd969ce6e0929fcfe26a7dfb99a2a58df601435d47a7bc3c81540147
BUY,0.999,2.002,1770144810,Yes,0x1a4cbe20bbc10a4811c67edc0018cfdc33a0ce6148cebfb0c55d6345d687ed7d
BUY,0.999,2.002,1770144806,Yes,0x6345df7c9528c0e5a29259cb9eb01f7ab6821c890071f5529fe84c6f5da69f1f
BUY,0.999,20.02,1770144798,Yes,0x530c4acb9e5f7b064a195d6ad82ced37b4edc5ed2a8a11b84e2558e450a11b24
BUY,0.999,5.005,1770144792,Yes,0x9e5e198d491d70da60ff0d4972031fc2b6143cd225750ea32a681d9938cbf9f3
SELL,0.998,1.28,1770144784,Yes,0x1d48c8e26ada7765c39761802ff3dedf4f1fba4fdd4747f4e6243cb00303fbc2
BUY,0.999,1.501,1770144778,Yes,0x8da7afc150881bc4ed59f44ed9172d0d4d10af4bcb0c59cc6325033535c19422
BUY,0.999,2.002,1770144774,Yes,0xb4ebfd3b45c085f4d344216b27a5c01f0771ed454bede6771111919e92fb0be6
BUY,0.999,20.02,1770144762,Yes,0x3b84b6ebbff0e60fdcd79e1dc2a160e154bbeff13f3fe3f4f1d8c9ec4e53357b
BUY,0.999,2.002,1770144758,Yes,0x6418a5af5de3ba953c74760139a58bdf34a0de0a067555ed7c97fcafccd4b3db
BUY,0.002,12000,1770144758,No,0x4dd16df2fbd8f729cc950907bd0d86cfb961744d15d3187d8d60901f0e240c03
SELL,0.001,11.53,1770144756,No,0x6e68d961b28ad200816376974082f8b16722ecd6dbe1e137858fca84bd6f53a5
SELL,0.001,1571.42,1770144740,No,0x03fbc1e0d438faffcb4aa56285b868db9cd70e0423175d83800257a23cbf4458
BUY,0.002,1000,1770144682,No,0x7d97a714eeda3ce787699d3728c9e81b5816799aa3ff70d075a5f1a204c8c36d
BUY,0.002,2500,1770144622,No,0x15f8be5475333ea68b9a7ee75760565854a2e189d4b8c48c553043f36dcd38ba
SELL,0.001,206.25,1770144608,No,0x2d7099527b19a542d19a88a350f899c38793e736ebaa8d51a0b3740ee65dfaf0
BUY,0.999,1.191,1770144546,Yes,0xf3c15f8d22b27a968223c8be3c31128697c87fec4eaf39895aff2f5c6b05624d
BUY,0.999,2,1770144542,Yes,0x4f0f265a9b0d70abd616738f68460bfe13305ed843ad27b68528733f652d2df3
BUY,0.999,2.002,1770144538,Yes,0x2b3d8b92d4b32b040a6f59235767ee12930844c3415d94f89ff1d0babce58d0c
BUY,0.999,8.008,1770144538,Yes,0x6ec3cfb1f36fda560471e285704134713f41cbb23e0ddb687a6aa5d04a744786
SELL,0.001,1820,1770144536,No,0x8861e35fee9d71ee0546d709a4bdf4ff83b8909a8e50130667a64659efb8a0a1
BUY,0.999,9,1770144534,Yes,0x1f275f09dce959406d4603dfebd25e0ecfe9f1848a1788205216c473c1523990
BUY,0.999,10000,1770144534,Yes,0x2fdaf2a568118f4eef69aef2d8d2ae0dd7174a40c71fd828360d0fe84b163722
BUY,0.999,8000,1770144478,Yes,0x522923d2dcb980cc6914b4ea17180272ef5b6d8afaa084c9c0aee625056fecdf
SELL,0.001,200,1770144436,No,0x1a50eb2db7b628390b5e3019ba20230767475b8078985614424786a866313a95
BUY,0.999,95,1770144298,Yes,0xe520afd107b2e95e768f93f8cc2002ae18ff79c76d5f4cbb703cfaed105ec4ea
SELL,0.001,71.42,1770144142,No,0x6d0a1d6a1ba660b0b312ab2ad98e7256f4d632e01eec0e01f63adfc88d30cf02
BUY,0.9989999802763772,34.324323,1770144062,Yes,0x3a5b03461de2c1ad3e0b95b88845d78ea385c48277d47e016d61e906f9c828af
BUY,0.002,1000,1770144020,No,0xb11224d91eb833365395d5b5f27e2df1e4e45c94bcfdc6de314280a82794772a
BUY,0.002,500,1770144010,No,0xe1583f6609d96664ec8b7ef40c136205e8bf1f410aca01a9eecaa52928ffe7dd
SELL,0.001,23.8,1770143992,No,0x079262b1e417d2ac4d1a7b5159e7bb47a0b0dec33536d40b2091705164aa7305
BUY,0.999,33,1770143962,Yes,0x0d381db9ca6d64349b2871a2d9cee69a9cbf2ce50570e9c065c1a1330941eaa8
BUY,0.002,2000,1770143930,No,0x0ac6e3e86ad3298b9c2b33c0c44044a2715aea3cf3d633fa52178180df300bb5
BUY,0.999,20000,1770143882,Yes,0xf41a83d0ec25b9e9eb3836d26c6404a4f46e4e80ac58e53351f74a64967705d1
SELL,0.998,1.4,1770143876,Yes,0x99063d32dbf77093265836860dc1ae57fd7612b2fe2ca614d5016d93cfdd59db
SELL,0.001,1.61,1770143872,No,0x2d20f4485f6061d6e882e0f497fcb2c32c7fbb625b026d88b80320c78af51312
BUY,0.002,500,1770143848,No,0xb8dc2b5d2e1f2fdd5dfb253a53042ed0093db2b0f9c47054e7c13fc1efdac4ae
SELL,0.998,40,1770143840,Yes,0x54317e98f2da4801d9da5bb0438c8fafd5f18e6ad3df0fbdfef5a6b6283b1be2
BUY,0.002,12000,1770143822,No,0x6619ec9b5b54565d5b9916e1f2d9393b212028e62b3d7b26e572202129717796
BUY,0.002,20000,1770143796,No,0xcca093914fcd4a4f3f00acaa252ef32f9b5f766df04e87937002c2052e0c4f08
BUY,0.999,1043,1770143774,Yes,0x22a29b63b3b2962ae4fb858782c01631193c9edd900605a97eb92ea1fd134392
SELL,0.998,1,1770143764,Yes,0x339ccd42e6c72745ae9e5873b1f889f0a4353ff735444db2b65b5e00fef43ebf
BUY,0.002,4000,1770143732,No,0xe10c1f3d93a7fbd5f6765aa268efb227ab0ff18b553e7d413ea57629a21471ae
SELL,0.998,13.33,1770143686,Yes,0x9b72a0c4e33f0a7b89d1bba5b75db6c188231270ab9a839de29b5a4060f03b3f
BUY,0.002,1080,1770143680,No,0x1114a0ac9899b5803413ea5843006ee9449ee392ee0d946317caf1665ccf986e
BUY,0.999,1066.17,1770143576,Yes,0x570770a5bb326f8ec42879e78597c3b34bfb3a3784cc9a2795b8cd9b35d3cc8b
BUY,0.002,1450,1770143540,No,0x82264c0f6bb425374c3335797ac3305c2a3827bc52945e539703696aeb76ebb3
BUY,0.002,2570,1770143536,No,0x31b3fb70810a313d8404b17a0f7de15b23561fd2c83f292cd3117693f0a0e025
SELL,0.998,6.25,1770143524,Yes,0x8db4d8c79c321583adbd7926c839f1e1b4a51777a5243a6237a4c9900d5d7161
BUY,0.002,2500,1770143514,No,0xb6317e282c6dc501ccb0f4e36205e381feca1331df1459519da8671f998435bf
BUY,0.999,12.35,1770143496,Yes,0xbfff2c2a78d6108c77e2b86d49b9fd96b561d595c2d8e5a05df3a69a8920bb97
BUY,0.002,8975,1770143436,No,0x8aad90e39fedbf864d4b27cd0bfbfc5ceb057d8ea1c0e497822fc00df541b3ca
BUY,0.002,2500,1770143414,No,0x812febc65b2c990d27580af0b591ada01569409520dbe87db97419284e7a3c0c
BUY,0.999,3100,1770143366,Yes,0x099c935bcabc15cbc097fc4c7c9318e9556159be291cf9c8ad9dfc69272079fc
BUY,0.999,954,1770143340,Yes,0x1c3937ee536136faac05fe5c1a8a3edd2e9b818a6460bb16f4cfb842e923fead
BUY,0.002,500,1770143216,No,0xe8803fbab617dd69a63fcedf6d84fb6cd9ae1fcf30cb4eba61e68ec6df86fe4e
SELL,0.001,10,1770143198,No,0x6461117761834a200de77e248887fdc5759002654c483c069ef0ec59b2f56082
SELL,0.998,395.68,1770143160,Yes,0x1d3aee0407e05c8ce92688a3ad941f5072854909d7ebd0bd05f5cce43ff21a7b
SELL,0.001,4,1770143112,No,0x1f85f3cb4292b4cc11be14de8be170ff11d37a03e83cc4e0266ca1c6335b64d8
BUY,0.002,4975,1770143102,No,0x7f3578239215b13649abc25f827dc66a00fb575022f1a8733a2e09172fe7199a
SELL,0.001,333.33,1770143094,No,0x7a5db90cd8d2d52d2dc5e79b9fedf687440a2d7cfcbc87a09a02e5767bf32055
SELL,0.998,20.78,1770142942,Yes,0xcb37336f9fc802bbd5d27e77fe7504a0f3e3a60c3f1af76cb5909704f0958210
SELL,0.998,13.69,1770142896,Yes,0x82dcf313682db4674ce3f7d17b82540b31556d22534704a31c289eccec7f3e49
SELL,0.998,0.1,1770142894,Yes,0x20393428f7b3ccebf8315113274674e67c2677653a7eb19c66a92f7a07cb18db
SELL,0.998,1.14,1770142888,Yes,0xd55cb4fd068bcdcbb5315d419b13bca6d73289985193ef67910c1662d8507dbf
SELL,0.998,32.52,1770142888,Yes,0x86626bb50a02dc4eabd7759d1719bf7d181068b967a04781bbca60975c95f7f2
SELL,0.999,51775.02,1770142884,Yes,0x79a3b25fa32cd66b9dc493f23fddc57ab6315a8389d34b92bdf80871dadc5ace
BUY,0.001,2000,1770142802,No,0x2d42ac81caf8a8d47e85c8252b2af63f26b0378eb5fb4d3514b98d2f780cf815
SELL,0.999,83770.44,1770142796,Yes,0xa535afc66ea19b4e3614e8752b34db55e0892ce8136b6677b2cf91370bfe926f
BUY,0.001,2830,1770142738,No,0x14b15ad9fc9a6f9f495e2039510ebc0cdd676582f76e155b566fbd6da3506cd9
SELL,0.999,0.11,1770142624,Yes,0x478af9564e3f8b44cb29a547dde817a0d85cb74f500664fc3595e736d2b096f5
SELL,0.999,19.76,1770142622,Yes,0x2c1b494cfc7854a89c6588c9c6e2a24cbc608a4b8bed6b5a7486c0c83c3a1293
SELL,0.999,47.11,1770142616,Yes,0x2fdb57f0f642194e61d39db93be0d69fc9ce4ebdac8412e9eace9e191d540abb
SELL,0.999,1.66,1770142616,Yes,0x9bd3795025a3d2e0cfff5918b5811904d9b5f71d17c66cd86b92c0f1896db06f
SELL,0.999,75000,1770142610,Yes,0x0d3c17a82e9c304eeb28f89abe2278fe7387916130cb5e0f0fedc639b4bc0f74
BUY,0.001,2000,1770142602,No,0x187e54f8dbbaa2b7c879437dcb974eb2a079bbfcf7e9322da41df995bfac6ba0
BUY,0.001,3000,1770142592,No,0x98f0763181119bd3aa5e844f64ca296a7d8c52a00f26d428049c9856e1cf6cf1
SELL,0.999,443.4,1770142590,Yes,0x1d0b4894a9759f91943d140d7bee99dc60542e419bb96ea201e21cc69cb8ed73
BUY,0.001,1000,1770142580,No,0x2149aa39f97753ab4d66f8c04e8a8c4c91c97d815ef67e458aebc437a4e94b0f
BUY,0.001,1000,1770142574,No,0xad448612490de70e9a677b091807c1f5873c6383f881ac6bac65e9797296e618
BUY,0.001,15950,1770142574,No,0xbc0a38a39c1848d1ac08733c4ea0e4b7b4c3c56f4ec8fcef94a0b68b44a5d931
BUY,0.001,19880,1770142530,No,0x78b79219b1d8ce891e5c6e067175804ffcb132f3da911aec2b5425e4aacebfd7
SELL,0.999,6.42,1770142418,Yes,0xbaf26ac6256863c1da51031d5398c6302c43aa20780df68048797ffe969a2750
SELL,0.999,203601.02,1770142408,Yes,0xe787345fb3151cd233fffaedccd6acb0967e584b8523d8afd5ebc9dd40ae08bc
SELL,0.999,1501.5,1770142376,Yes,0x976943dd507a90326570b0e4a748bf94b01c812a4326b77382a8326fa098d994
SELL,0.999,7.73,1770142376,Yes,0x86d56a31aba1ea5014a65177839c2c69777c6f70425d0963f496da39e72012ce
SELL,0.999,10.74,1770142376,Yes,0xe6683dd979fc3661e16fab82819980e3493b82dad88966162334c3c5f1a9327b
SELL,0.999,1001,1770142376,Yes,0x6ae69f5069f52c7c02bbfd3b173b1f8c302dd45240de6fa471d8c347e30595db
SELL,0.999,1001,1770142376,Yes,0x8ccfb6bea37b65b95ee0e977a5f6d93be6a52ae58282bd00e078020e4f7fc3a6
SELL,0.999,221918.14,1770142372,Yes,0x21dda1ec4f90845b45cd8529f1a1a597e528b5d7caad2a5e5f1ae48b30fdcc29
BUY,0.001,10000,1770142230,No,0x15a14db998fae51fddc532256d8afdddfab355f9984b6f52759fdaac384f8274
BUY,0.001,2350,1770142186,No,0x4421fb62d14e860197e9e294abebf776e56059ae42163852f1d671a65ad9b714
BUY,0.001,1000,1770142182,No,0xdb800297339f5e8e70e24aff38de041ee15b56be166f720b84714f0cef53fa51
BUY,0.001,8000,1770142174,No,0x96b2eb8a038248b5fc5510fffa33bcf129aa31b27329eaf84a51abe9fe2160c9
BUY,0.001,1000,1770142166,No,0x4497de20c35195e2f7c51f443132fd4800d7a0a5cba52ef8eafd1658e158b96b
BUY,0.001,5000,1770142142,No,0x889b946423f33d7fc1a296cd19aedad94009b8ff38830122cc7a64dce3719a6e
SELL,0.999,39.38,1770142124,Yes,0x345262bcbb986f1b565862adb08a4b5f3a36d0803944c80a4f5be669b8914d75
BUY,0.001,1000,1770142110,No,0x1cc895021dcf4ea6a44eb5c3f419bc565c9387963a70c930bbe486485ef90f33
BUY,0.001,1000,1770142070,No,0xefd32685237e08df0f7640ecbf448f26b790276e452278dc2337d61c56c8fb8e
SELL,0.999,6.53,1770142068,Yes,0xcb0e057f295bc1d6da0fe56fbf5686a8b4409481ec74ce2108f13e6ac8d85010
SELL,0.999,0.1,1770142064,Yes,0x2311e499caec18d6f78df88ba495db6854172de31411752f6cf472c1b0c3b2ef
SELL,0.999,0.55,1770142060,Yes,0xcf6b3ce1316e9d4ccd7f9031656be2cab78d168070b0c4272c1f4b629cfd55ea
SELL,0.999,15.7,1770142058,Yes,0xa5e357f1bec0ce7dc7ea1b88457c0abcf8db5675ffdc9934302ce87edc935d05
SELL,0.999,25000,1770142054,Yes,0x115c534b4acf9d8223e819f002c7000650e28f610bc40f898da6b1b7759f7164
SELL,0.999,13.2,1770142032,Yes,0x92b44244e67f7009e7d22b9eb952ac48ec744358176c321e6a6493498ac1a10d
SELL,0.999,0.1,1770142030,Yes,0xcf6762f93880590dee8ac5faafed5c39c4f0caac096149a923e830fa49188f56
SELL,0.999,0.54,1770142024,Yes,0x63b60dfc73829ebda4fae6968ebde8c1553b1cda455005d140a99ee23221562c
SELL,0.999,48.8,1770142024,Yes,0x390138c1a466470cdb68c37fb0afec69546a2d3a765a51ac9aa9710a32c6f100
SELL,0.999,1.1,1770142024,Yes,0x27bc6291982aadab033714a82ecc67cb27c1142caa60e1c6336d31deee5f53c8
SELL,0.999,31.4,1770142024,Yes,0x17bfa763f4c66c8a797625bdb9a07116b752c89ba4387f800d07f7c7b5ad19ec
BUY,0.001,5000,1770142022,No,0xfb510dfb33f251754f356ee1191b5fcbba047e969a4e6de67a0ab5f80091a577
SELL,0.999,50000,1770142020,Yes,0x7a37a4b831582c9f2bd3be795509ad40a8bf0aeff7706e2c75bc6cbef84f0a90
BUY,0.001,14950,1770141988,No,0x3d3e9a929d88a89fe88d071da75e3cd6baf1f6ffa8e713a0c5a79ce358590ee6
BUY,0.001,7000,1770141842,No,0x9b0aaf0da827ce3d4ec9f9b48d4f6a644f2a76d2d7ff2a691b0ea2b2fbb9cdfc
BUY,0.001,1000,1770141792,No,0x08ad5c29bf649547429c9fe7c72b3eae142c9300e42fb8593af0550d6ca174e3
BUY,0.001,2000,1770141786,No,0xf12ae706ee5f5ea13213827fb424f4de8e4ac27ec41e53b114f10c0d7690c7c0
BUY,0.001,5000,1770141778,No,0x3bb6f2719e55ee1ee3ea1430f6b929e77ae33758923c6a16dcff4d0067b9a246
BUY,0.001,1000,1770141772,No,0x0860d05dfa9551ff52260275087c258ec6f32a40beada1d0f065f9cf0c45a9aa
SELL,0.999,585.99,1770141766,Yes,0x41810268c15952d6997309fd16188ae6befd05e1a23b47272d96b4e3563792a6
BUY,0.001,1000,1770141758,No,0xb7df3285f25afedf4f3af8f04070e959d4a7f0decb6574ba7d4a64ab75ddd5de
BUY,0.001,43000,1770141744,No,0xcdfc881098eff995920f017330cdfb67d6ceda364d60403263ac270f387d4cbe
BUY,0.001,1000,1770141730,No,0x71fce817df74b39143f96bf5b20e4fa743150d9c0d6c6ead5d11d161a3963040
BUY,0.001,1000,1770141700,No,0xbaa7c9ee8dc59e146a9d39157bdd4c61674ef3fd438584ed51da79cbcabc92fb
SELL,0.999,16000,1770141648,Yes,0x543f0fc1d2e8d0462a487dc2ebd225b96c258b4a0772cc406df574a2f1220457
SELL,0.999,50,1770141630,Yes,0x641b7fbb06b30d481a57f5d7d04d138212abbfe608c52f7540bc4a7399bc71c5
SELL,0.999,25.15,1770141618,Yes,0x74cf137dcfd41e59368aa8334aa20357d6aa514fd09b741944898144a2021dc5
SELL,0.999,10000,1770141604,Yes,0x7552a0bdeef287925ed41bdd3ff4d5a727aff98405002d8da8bbd7da480ed13b
BUY,0.001,3420,1770141542,No,0x9736e7c959ca43378652f329c59b81211e1e0fbeaf3f74360f3582e15bc3be64
BUY,0.001,14400,1770141506,No,0xe3fa0aa6ef49db07c775cc612b640565c9c13eeae6ebad44ea742310453f06f6
SELL,0.999,10000,1770141474,Yes,0x5d15274d3bd9546c8135e68032ae8d2826a16ff78680b808c0a443590fcf9108
BUY,0.001,1000,1770141444,No,0x324a1a1df1bc88ffb919c348221a2d0c7126b2ff65919c13fa25a04d4fe569f3
BUY,0.001,2000,1770141434,No,0x7310469c7da22b0b9748fe69e4b9cb88834f29e8e3f57130f4b215e3d7b83a76
BUY,0.001,40620,1770141402,No,0xffa25d21e6e4ae08dc2f5863b8bfd0675dfc2ea20825b64cb215d88e11a290ef
BUY,0.001,1000,1770141278,No,0x874eefed3ffa4be431371ebe49ab4838b34403fcc91e701d360a971a1b57981d
BUY,0.001,1350,1770141054,No,0x2cd9d880882138eeca63b42b0f51da3f52e9c5232e391cc8d45c47195f492196
BUY,0.001,95810,1770141022,No,0xe4db12c6ca69dee9f47f73c4ea87532aafb6972fb4644f80463423bf28e1861e
BUY,0.001,1000,1770140866,No,0x9118fbe5b66d80e32a71f730af15acc88da68020f70e5fda09af61efedf102a9
SELL,0.999,4,1770140842,Yes,0x8fe0b496406a259c21ce204b599e0918d70fbf81339549a5afae1557d5758682
SELL,0.999,1437.97,1770140794,Yes,0x3a42630035982ab131687b7dd142cf8d7fd7e9be922ba23112c1ae49934ea3af
BUY,0.001,2000,1770140776,No,0x1550d8146b926f122ead119033c4813f83cff40449c952c66da6d8349110e603
BUY,0.001,1000,1770140762,No,0xb850653ee562978ac0e93992f6e14093801d1bbd79b9391d0cf11a439916bad0
BUY,0.001,10000,1770140756,No,0x9c5e248cd91138d038e986dbd7219cfba3d6af9010452c89a3391b5d0fd57311
BUY,0.001,13880,1770140694,No,0x91d424808533209d9e2cce14d10c43fd09e58ee9b8460b827080546e79cb9bab
SELL,0.999,37.9,1770140578,Yes,0x683b1ca23bf2e4e2e88c0ce77fac5c9cf4370372897d9858a727e562f861f547
SELL,0.999,487.63,1770140454,Yes,0x8283ec2e3481a9b0b08d21436b0239deb395d132f14e389abcce7225055df6dc
BUY,0.001,5670,1770140430,No,0xfe038f68b9e3742757245d9b56ae81ace1244da57d1777aeb55d25167661e3a7
SELL,0.999,10,1770140352,Yes,0xd2d08ac2ffee1a30657bc382a679d7ec21e709b595f0e9e6dd3e8dbf503646b0
BUY,0.001,1000,1770140320,No,0x241799d011fa1e60891697db12b767204ef77efdada220e3bc0c9c50c5536661
SELL,0.999,4243.52,1770140182,Yes,0xd646b79a8a424aa8ec167e541bbde231a3f2c680cc111d11bf96c919f43a2839
SELL,0.999,8.64,1770140142,Yes,0x26eac9f7b49d09336647a9f991d084c58daa7660718d2291758fb1722a9502f1
SELL,0.999,1,1770140104,Yes,0xa7214e0c4ab5f6dd18721bf62e6bda64e687d318441e472c16a61e79a009f75d
SELL,0.999,10000,1770140096,Yes,0xe602b02c43844a8c19cbb621d5ce42e1e63f428c94af17ad2d5328ad9487da9a
BUY,0.001,4650,1770139952,No,0x2e137627d7febebecaa9548b758f194998fb9427b8d3501a5fa33f4937c12fac
SELL,0.999,22.03,1770139946,Yes,0x680942a2b67c02133389b415e36f484d74c60774b5980177f561b72e7319f6c0
SELL,0.999,5.21,1770139944,Yes,0x7a652e011819ccd9280fc8a0bc951ac26bfd24a704e90b8caea7b04cadd721a4
SELL,0.999,0.1,1770139942,Yes,0x024ad9e3696672bb45b291256b527b7fa0bb190df57a3e65994b242d46a78e8e
SELL,0.999,12.56,1770139936,Yes,0xc6a19d5899cc2ca77adffa5918d5bfe6eefb441c33c39a0ba8c74eaaf9591b9f
SELL,0.999,0.44,1770139936,Yes,0xaf26e3354fd2be19dd4ba4a8fca233c354f2ff9ae549cb5182dfefac4a1502d1
SELL,0.999,30.24,1770139936,Yes,0xaa3d4b11c9b72d134406e64209b7e64b00c1c2470303475cfc7488d22df9283f
SELL,0.999,1.3,1770139936,Yes,0x658a7304986d1611fc6a7852c47b06b27ec873628de38edecee03be593a7e58a
SELL,0.999,20000,1770139932,Yes,0x4dc1f693cd667b128ecbd8d3af7d3d8e714a4a3af53e385f03e5dc427cc6c581
SELL,0.999,3.66,1770139914,Yes,0xf9a9eac871c71b3da2c4f117e1102e58ba58e56ca9f2ba7ad3896fc650c9477b
SELL,0.999,0.1,1770139912,Yes,0xbed33dbeee2d434f1b9fc61f9e28d7b80da1eef9283154f5440ba3df01d22dd7
SELL,0.999,0.9,1770139908,Yes,0x3909a50d2f26755328ea27a47973d2729bd43236f523807b38fac6f576bf937b
SELL,0.999,21.16,1770139908,Yes,0x40acb87db542b8d037cabdf84c75ccd79415ef8bc40dfb2d90ced58b1993b83c
SELL,0.999,8.79,1770139906,Yes,0x78e78cc1013f4e1dc054345b6fd980905f4b5b4fbe8868c5297a63ff5c43e0a7
SELL,0.999,0.3,1770139906,Yes,0xb57ad3cfd33646b6e9d0caeaa5fdb16114c8b179337e1895bc47948d066dfe10
SELL,0.999,14000,1770139902,Yes,0x1a1b971f747aa281c5c2321e118c9a0cbb25574fa609e9a2e28bbf24633bd076
BUY,0.001,2000,1770139772,No,0x4b0325f341f91c306c3f8142e3cc36a5e1622a2fd71b9e966f7a47b09f01ffbf
BUY,0.001,9370,1770139638,No,0x36f8fd1a0556aaeeb29de5894af3922f314e718c991780c3a117e849f47628fb
BUY,0.001,10000,1770139630,No,0xf5aaa94db130747c28b4c5e00f3f1ba4bad16f03659d8e00d2f9eaf33f529929
SELL,0.999,5000.01,1770139604,Yes,0x98af7a6a022013b7fe318e512da7e7775ea7a8ed809f40b5f577d8fa76dd75db
BUY,0.001,5000,1770139578,No,0x8ce81bc2ea3007eaec29a53714977c61bda9aadc3d717d785cc1b7cd9ad66fdb
BUY,0.001,1000,1770139538,No,0x962becc5a7fe3d02d39ec495cf55e39f639f08440955174e75d4a871abcd8ee1
BUY,0.001,55000,1770139452,No,0x7a5e3caa78b295bba59813acd7dd56098466e19f4ad3b174cf289ecee97f4b8d
BUY,0.001,1000,1770139452,No,0x568efb362e7e8af4d05a3df00d38f1573fcb2badbe69e2433fcc12f5437cc392
BUY,0.001,75000,1770139434,No,0xe740ca7458d23c4f2e41f71e6ded18822760310714d2490f97f630e25f67c506
BUY,0.001,5000,1770139430,No,0xc850462067f15e9fd5306b1113a6ae384a1e37c2d062474378dee31480847f73
BUY,0.001,1000,1770139418,No,0x9eb178470f43b9616a9f491913a65c3e878ebbca2569e374668a464103d3962a
BUY,0.001,3000,1770139406,No,0x5d4556538a02040f2f74bc77df171be1c9bf8bd8ff0b428161f74e5c27848537
BUY,0.001,10000,1770139372,No,0xffbc3ca4cb8df0bbcb0b3dec853f894acd4fd2182aa0836843dc33a12eada06c
BUY,0.001,6450,1770139372,No,0x915267a82e40dc8200d075ad6b40af360c20f46c2f53b2c41cdb024bd327efcf
SELL,0.999,160,1770139242,Yes,0x33f65ebb5e18900ea3c8baa1fa0518a58439e65c6502b7aad250a8a0b569dd5b
BUY,0.001,1000,1770139132,No,0xa07d514a0f418fd8d55f6bc358e2430e05605bff0e588c1b2b1348576f40716a
BUY,0.001,53610,1770139092,No,0x124fd833c9afee1aa7c83b60a4a3f699c393530d086b6bb7b82e14dbe2c1cb3e
BUY,0.001,2000,1770139062,No,0xa774af32f5cae1eef2d2c8fa0ae34e4019683ec126a7f8a3e79ec23da2456033
BUY,0.001,2000,1770139030,No,0xea183b0d7fc6aa45d6709959e3919a42ba2588be5e01f591e3c0ce8da71419fb
BUY,0.001,45030,1770139014,No,0x1cbd5ea51cd31667efb0aa097e1216415661edcc34d830bb6bd838c3061f27b4
BUY,0.001,30000,1770138950,No,0x35e45d0851922f50e3f292def2723cf64a7efab112e1ec49f8a58a65df446299
BUY,0.001,2000,1770138902,No,0xac5394aea917b8994c208ebe927f708c39229f7070a724960e143d1b87db6b2e
SELL,0.999,20.25,1770138886,Yes,0xa3ba8ceedbe576a43f97bc58e2bb284d786222c47b7a16ecfa771fea45b11cae
BUY,0.001,10000,1770138786,No,0x18357cf9b229296087011f34ce57544a6fad093cd6c5d9486baa162080f9846b
SELL,0.999,1.26,1770138704,Yes,0x1dbf898f2c3104f915a755d85da9b75654846a4755503f5889507ac35188cc85
BUY,0.001,3000,1770138682,No,0x31042902bd478d88181abe20bba3d301d956e972e5a7e5aec9aab74380eb5097
BUY,0.001,3000,1770138664,No,0xd5bf9e4620e463e6593159b9b992985e4a55c4206baf42671ae4766ebe43db30
BUY,0.001,15000,1770138660,No,0xe9d588da177dac70f27ccb90b9f6ecff483de2d45c079b8963518992e5f5f656
SELL,0.999,200,1770138618,Yes,0xfce646f8ca91425fe3cf8c5aa3e35e610bb63af05fc40f62fc78f344f7ebccaf
BUY,0.001,2000,1770138618,No,0x152ea6d1dfa39831fafb3f480c2e4431b95a151ceacee7a2dc798ae0e291ca09
BUY,0.001,19620,1770138604,No,0xba2b4ede11754dfeb7980e3ff860117f5b00475dc7a1f1b9b5bb8160a40d7ab0
BUY,0.001,5000,1770138562,No,0x172e6e460bff2617f21d52dfc3d09af1c1149d7be9b8f80ab4fbc1cc32f52d43
BUY,0.001,1000,1770138556,No,0x5ce8d3d42a5f6ffafeaac04efe3d032070a40dec0b7754fba9bdafd771655a8e
BUY,0.001,2000,1770138542,No,0xb710d88a2e8da3c84c70d0f88de1c8d0bc4c89060ef50f657f39ba430ebbc3fc
BUY,0.001,10000,1770138488,No,0x105d9336eed1737ca530c24d13d673269d88a2d127dc1dc5feb9fd9603c59051
BUY,0.001,1000,1770138446,No,0x19a1cf5f7e638077ae647d5679f5b1a51a8a239af26b7889ba2a569e0ba59f69
BUY,0.001,1000,1770138440,No,0xa4c2d7cf61d677377ba5e9c0391aea54c2d66728960b2337bd2a8c1ef7d89a06
SELL,0.999,83694.77,1770138360,Yes,0x10c84aa2e96fa6d72aca0e951b0a2532e0044db0ab4ee10931c55f0e44b1742b
BUY,0.001,10000,1770138358,No,0xc31696537dedcf168eda2809870516b5070c28a83c888acf5904537453ac9de7
BUY,0.001,1000,1770138144,No,0x09d8fcce1b339405fc4792c9ad1237549fa60cac7a8d14f1ab287c218344f963
SELL,0.999,1,1770138144,Yes,0x0010023d1b2f293d10caec8d11311e8508d28b9c1276e408705897c6317759cb
SELL,0.999,11.02,1770138072,Yes,0xae38f1cbe85ffed38dc276a6d0e31b4afd4b8bb4bdf0b3c6a7f651c84501682d
BUY,0.001,1000,1770137818,No,0xbf34b06779900f5007f51efc2afc0a54c424d4d84fdbb36e2603d52c3c4033c7
BUY,0.001,53910,1770137778,No,0xb966d5800956a6cb507f1134b1178e1cae513fe0844dcc72938e226c29869abb
SELL,0.999,6.57,1770137656,Yes,0xda78774684124417cea0f8bd8111656ee28d74fd28b1da0b27cecbf24b44e855
BUY,0.001,1000,1770137586,No,0x332a7c1186b073979c5784ea33e3d8343d2c71228ffa6db589e89d7481e1b0af
BUY,0.001,1000,1770137580,No,0x8fc0d967e0c4b20d1fc8748aa451a7f44469bdf45f0491b750d79de15310c81e
BUY,0.001,1000,1770137518,No,0x700c33756c0cd8e4664ca0b4d9afd26ff0662fbac1b0867853e93aba290cbebd
BUY,0.001,5000,1770137478,No,0x98197129ff016d65ebffa3f4208e3ba09578e207477eb00b3bcd8a26d5a8525c
SELL,0.999,250,1770137302,Yes,0x2755791619cf62ef4721f67fabe2818c78e91b9f0ccdae5de04b9813209a6e1a
SELL,0.999,30000,1770137276,Yes,0xcca0316f6c7e72d147d552f453f4bba3096df61d7ec692bb9e8ce48ecf8a1aa7
BUY,0.001,10000,1770137248,No,0x1c480c568834859bb73ec4c83c20379563193bd3c361ae10137e46145607d0c9
SELL,0.999,6.17,1770137174,Yes,0x887944320e1c672fa2ccb2ec451023ff628e4e510be1e62a13919a50702be3e4
BUY,0.001,5020,1770137068,No,0x03d2a3942b1fa4f3d8bc7812eaa3a5d0b9cf9bf8c31691e28557558677709e87
SELL,0.999,2287.4,1770137066,Yes,0xa3c80828a84b3725ef4724ce8ac833f0a401010c0198943f3ba7e56e753403e4
SELL,0.999,19641.66,1770136970,Yes,0xd826fba8999b13aec3c00ead4b02876709f75f1a31657989dff56663da8834c7
SELL,0.999,30000,1770136964,Yes,0xf504f44511da039ed503901b39929aa7aeaedc55c21cfb922ed268b99b7f30ed
SELL,0.999,7,1770136908,Yes,0xa206217b51b50ff6128e94293fc6e277f4e9b5821428b7a85a572e448b29e51d
BUY,0.001,1000,1770136842,No,0x565158f8e92f474e5d48b4515788c91ff74b4e1eff48642f04737b74d37a29c1
BUY,0.001,70000,1770136702,No,0x223eeeccd6e12212ae2dfaa135329c62e8c26efa3ca9f3f3f7be24eff876a032
SELL,0.999,1025,1770136422,Yes,0xa7bea774df345bcf0a2694ac96fbbe3449be684bbacbbf686af4473541e3c2f7
SELL,0.999,11585.16,1770136324,Yes,0x565eff22e1a1f24e10aea81ee5abcaf3281c68deac80ce7582a463d27bd3a487
BUY,0.001,4000,1770136290,No,0xfcc7e1bb95dcdb181f3bae2dc56e9ac094d87756344945769de7fd5f06047c26
SELL,0.999,9359.04,1770136254,Yes,0x31a77e95f24e58cdc4d4f0012b04ed21ab4f9c5ed570be2334968bc05a2fb97d
SELL,0.999,107.9,1770136244,Yes,0xe1863f0104887b4ddb5f96f985aa4e4693c1a61aa7b263934b476e7a830fbed8
BUY,0.001,19200,1770136230,No,0x0b05cbe5f500676c71c533f78baeaaad803356f3638c258eddf6fd36a2b9f799
SELL,0.999,1501.5,1770136172,Yes,0x1df473cc576502e882f7cbd01fc2415029c3c22e6c3f56848ab1115a673e94a9
SELL,0.999,1487.7,1770136134,Yes,0xfcf43781bccd9b50cda978e89d6312aa6bd82702543245fb79160d6ba83c05c1
BUY,0.001,5000,1770136118,No,0x0f76ceba184b81a5608cf299ba2d00d7824039849abe0a8d1a847dc3e05d723b
SELL,0.999,1028.78,1770136102,Yes,0xdff41f6955965dae7d1023ba44deed629a9377a70db7679a78201091b6b25a07
SELL,0.999,5000,1770136072,Yes,0x5d816c9fe0210a14749bd2d5eebbc06b0441e50bed4504f658e850a010644a3b
SELL,0.999,1910.69,1770136048,Yes,0x1b9ecd33686e7df7c68595e991638bd4f4d9b8892cd46bba2eb2a5ed420d397f
SELL,0.999,5000,1770135874,Yes,0x1670b1315fc79fbef0f87ee328e18364bb8d7ee75520277673848bd45d0d6c4c
BUY,0.001,17674.19,1770135832,No,0xeca895de7ae91d9c67fa114f48a8ffe152911cbc89a5d56d0590ca425bde19ab
SELL,0.999,5000,1770135802,Yes,0x10b4d0ad012134579dc7cc38d4ac1489999ebc04b2d86ecb783b4f4003dba6b0
BUY,0.001,2000,1770135648,No,0x70f76f00ba1ff5c5db4d42d97df4c2a6db5dc5104d9a6729381ae49ca8a46978
SELL,0.999,5000,1770135596,Yes,0xab03158ce91e4268d685c93f512ea9bb456cdb45df15f66c9ac25ee42c3dc2ab
SELL,0.999,10005.87,1770135572,Yes,0x8206c6e999c4b032ebfeed14f60a28ee2c6b165c89ffd58d466f96ce02e01355
BUY,0.001,1000,1770135512,No,0x8fbee7e154ad1806ba5d9652ee9b9973b1b0c9d91e705da07f9de9edaa86e18c
BUY,0.001,1800,1770135452,No,0xf17ca393e6cd64e048292480d8571cd049e7bf402d5151e0c532551ae279c09b
SELL,0.999,806.74,1770135406,Yes,0xda140edd765d7689c6c46e2b670055d6dba4fe231f39e49d9ca6abdcdfbaf839
SELL,0.999,6735.7,1770135376,Yes,0xac1af1a1481b77372a3671ae5ca81f04f8b2701027f00d1b136cbccff28ca698
SELL,0.999,8354.96,1770135308,Yes,0x203b519ebba46ccf1d311c33c2c87b3f0d619edd4e9420d218eab55c023b313a
BUY,0.001,1000,1770135308,No,0xe77bb8cb270ac4ae167fd7cf7f67fe91409bd5c3a5ebfab6071c79e5a3cc2768
BUY,0.001,5000,1770135218,No,0x0d7c994ebdeb0f0ba090f8592bfb55131c5939da1a7b3343a94758a419d53706
BUY,0.001,1000,1770135146,No,0xe367b4f6ddf1ca4250b965514c8302e317229011459d4b6cdc4239c8f2c7723c
BUY,0.001,9980,1770135132,No,0x23b1b6c292f8ea9c041c0f2fd70f782046c17f3eb110f60d191f65142da69c9e
SELL,0.999,10000,1770135000,Yes,0x35c9bef87964eb55f0c6404b33e475027ed4e65cf6771faf3f3c12d593f20708
BUY,0.001,1100,1770134938,No,0xca94ea73a71e8eedb99aa22d2aa396f780e847e8251096fa1f06d11526d3b3bd
BUY,0.001,10000,1770134886,No,0x6bc0d901f56787c3afc481db7e611b5e90f9600ab79fc59ae3c478ccb45538f4
SELL,0.999,10000,1770134832,Yes,0x2e800fcd59fc86dce9faa53c5939b3d7d842c0a8b8088e9b2b3473967f38c508
BUY,0.001,10660,1770134806,No,0x7ad25ecb7889edd40b53b53b976819b934931047d0f8ad2cdd4f0c91aac6d453
BUY,0.001,1340,1770134700,No,0xf40c87172f8122378bf7fc26b8381a378199cd47140db111b6e2c361ed57f437
BUY,0.001,1000,1770134698,No,0xcc50a13b8b5a9f9a5c577daa3f42e74073d4700ca51a59ddf7f10c3ad882a6d6
BUY,0.001,3000,1770134694,No,0x63c8a4ca81b89dc944c24f4020fcefdd7e6433eedc2269b9522aef66d55bf819
SELL,0.999,900,1770134678,Yes,0x37e0c138a8af647f39c95553964537edc276dc32fe64e79318addb97a3b440bc
BUY,0.999,82527.25,1770134668,Yes,0x72d9c124e4c4376087886401a8e5821a04fa202fd042f675fb20d56012c68513
BUY,0.002,5000,1770134666,No,0x840221bb55adc8f19647af23271da0f255e12133d9c65045403d4aa5f8cdecb5
SELL,0.001,6.66,1770134662,No,0xcff28c51f94ac6dfbf04985a202a0d20f4c545c65eaccd04fba985bb91698286
SELL,0.001,1000,1770134660,No,0x429de9c705f3a096ef76e55795e2a0d63497911907cb4c92e59d8bbe02852522
SELL,0.001,500,1770134634,No,0xcff8243e53aa742e99d5960d94aa9a7b54aa1a2b8522847bc0aff1bd69e9de32
SELL,0.001,1345.97,1770134628,No,0xe4a4da3f03ea6398b8ad26c73d3634961fe0c757921a48fe2ac6c3d632602d74
BUY,0.002,500,1770134626,No,0xaac097609d2858579f48efc53a81bf5e46c49125dd9e231d34605ee9637d4615
BUY,0.002,1000,1770134574,No,0x9f9586f1153de7a57ce579ab6fb5b05477249c2e88a8feaed80a6d467b891dfb
BUY,0.002,500,1770134558,No,0x005a4a81aae292807c0c3f87f15b36100b7f9a54bbe766be46faa09179b24a83
SELL,0.998,17.29,1770134500,Yes,0x67c759b9eb57563aa9b50c307cb1a177420cf05bb2ffc737717f4ac3a99c908c
BUY,0.002,1500,1770134370,No,0x215194edd13779058ee0c5f923885202ce77926fb7ea666bf5c11537a372fd17
SELL,0.998,50,1770134284,Yes,0x5d8ea0854057174eaaad9b0f65c33005b4a9b1f82b82b1c786ad0c079abbbaa5
BUY,0.002,500,1770134198,No,0xaa2fbc949319000169a1a59b55d513212dea6699c0dca6d725b27bba823ddf35
SELL,0.001,1333.34,1770134180,No,0x6f569755488154a852061b95bfa264a2d2969f8534f7da5833424bdaa6fbd2e9
BUY,0.002,500,1770134162,No,0xdc9575f18156f22280ad30d821dd300b6fc70f36984ee377d0b697b7a0d142ed
SELL,0.001,26.78,1770134144,No,0xfce260499bce3ccf537a45ee5bc41f0a5aa47b01be9bc7665f341dd636abc57c
BUY,0.002,2500,1770134100,No,0x710e3290254aea1c76ec4d27f2b4a6471d256efd3da7509e86163def8197ea20
BUY,0.001,10,1770134016,No,0x27493de9f68e47c1e13a9612d98d8af3ee4af7860fcfdf808283551b393d3704
BUY,0.002,17000,1770133876,No,0xc40889e91fed6f232602c0012f439554276cf8630baa7ff7ca7ba8f70a2806f6
BUY,0.002,5680,1770133810,No,0xc00c1d19dad17ba3fa710d47f8dc32fa59f3c05fff988c2a8913fe9db17000da
BUY,0.002,1500,1770133802,No,0x452182f725f0197df7ba6dfff7b2089aebe3e9d3e7585d0aadb4814e7a216cf1
SELL,0.998,0.07,1770133776,Yes,0xf1ff21e59788dccbd55b9f36014a73fb676abdeaf3262b33ccf82038d1e1b891
SELL,0.998,0.07,1770133776,Yes,0x5ff21df18fbc280f29cf66d25baaf3657c48a5fbeef917e8fde07fae7c2bd272
SELL,0.998,0.26,1770133484,Yes,0x971f9399144479764d2a395809ea49b7e9b37f0f9a77d2d24497c2348a01ce2f
SELL,0.998,0.26,1770133482,Yes,0x09b068484d20c857a7279b9f9f481ca3c3cdd37352be61521dd2983328d2eda2
BUY,0.002,32210,1770133482,No,0xa9d122250f7603e2bde064657426372da5b68ad3fda0a689e029fd07df310c27
SELL,0.001,114.87,1770133472,No,0xceac9750364161236ff6444d934c6e4ddb750d5bf7afc2f1fa68380ef2500645
BUY,0.999,3998.52,1770133472,Yes,0xfb40b21d887fb17fe492267df73714f9c29f04ae7c20d0b5d74629b3f43b83c7
SELL,0.998,0.97,1770133452,Yes,0x9d09d44535bd880ebf986c22d4b5cc3fd543ebc32e2e3d947f70afc5453d79ae
SELL,0.998,1.89,1770133450,Yes,0x95a951da42404c6bdfc013cafb51e612480d78660646e3d8abd3626964cb841a
SELL,0.998,0.26,1770133448,Yes,0xdc653f218f885ab988e0f7d95ad7cfd6621a6e032d68f89d838aeec6fced02ad
SELL,0.998,0.35,1770133448,Yes,0xdd2bac91c5d651224c317375fd0a92c150226e3ae1e9b1edb53955683c59a83d
SELL,0.998,1.04,1770133444,Yes,0xb434300aa9c00e686c210276c446e7fad85d833bbdd77524624b0e8cc217e80d
SELL,0.998,0.5,1770133442,Yes,0x66535a4e23a43787d0045710f03bd49b55a7aa7503ffcaa4488dd8f6c99b81b9
SELL,0.001,19900,1770133442,No,0x5c49ac05f53059a35c2075f33a337c42b8a8146cb0a1b84905a38bf300fd4d60
BUY,0.999,10,1770133436,Yes,0x5ce226ee10598414661f59bf4fa8b4e2ebd5efaf2604c80d79799c44b6a89bd5
SELL,0.998,5.22,1770133436,Yes,0x33919a0c725737e492017b1f753027e7b4d2cec6c21ca703cf278a653510e411
SELL,0.998,0.51,1770133430,Yes,0x62dc1facca580c420321714e5236350a2d555224f43d7d90a0bf58e92142e7a7
SELL,0.998,0.1,1770133428,Yes,0xdecc7eda74b15bff4fe3277a95e1d6bb41ae5ec88e9a3b8cd3a93f363ad17f0e
SELL,0.998,0.1,1770133418,Yes,0x117a34c1bfd8732010809ff3701c0b00075c7245a48fc8fbfd778932d8d88842
SELL,0.998,1.43,1770133416,Yes,0x9ede918b16e8ddf155c1341662150c32ca344ed666595549a2d36c3ccc3311bf
SELL,0.001,19900,1770133416,No,0xe88eca120d992abec6274be47f89fd70d2e00ebfea6ca249259443935efc2f0a
SELL,0.998,0.19,1770133414,Yes,0x8150b57aea5dc136bbce1f46e9b2819666549888999c6d58980cd3833f487620
SELL,0.998,0.53,1770133404,Yes,0x4478a6f8e3e8eba9ece7225069f11b6a74cb07b91d0a5cc72685ef3fddbde920
SELL,0.001,9950,1770133404,No,0x649f69f73eb8555fbe5ab233731208a91aeaf21efd94205b1f788ad7e6a38509
SELL,0.001,497.5,1770133380,No,0x16f38af8b38a6da86a924ac6fe24cfa169ec5ab42808aa6233901fe76e998024
SELL,0.001,99.5,1770133368,No,0xcfb2af9222ac13112f41808698a47cd3cea5b63ab8f9abfaf1e647352da91779
SELL,0.001,9.95,1770133358,No,0xf3ce9992750a6e65fcf339c26fef5d306114d7b71ff401d4ab8de98405431e18
BUY,0.0013698630136986301,3650,1770133324,No,0x4f2319ba02ee70f4e2d5e3c47c302de558de6fe39ca14e6c956574bdabe2b6dd
BUY,0.002,7500,1770133290,No,0xdf6b2e69efb0dc54b866383aae0acf9dba6e1b2ff27b4f142c909edda473d60a
BUY,0.0019951338199513382,20550,1770133282,No,0x9bcc72674a4779897b9ebb8f7031c22b2461994803bb2cf85cab44960d6ec4e1
BUY,0.0019850459868986964,1209.04,1770133256,No,0x8a25422d80ff39347d664fe3548ff9cdbf9b6c7004f34b46d8da45c0fa188236
SELL,0.999,1,1770133216,Yes,0x56e6ee1fbfa6a878b0ecb4fc6ef013f81eba89f1a5fcb0b5eed4db349ad42822
SELL,0.9983963337547408,31.64,1770133210,Yes,0xc130fb4434277f605dd0bf9d9a04bbb9760d2611bad5fb1eccbbb00b0cea030d
SELL,0.998,12.56,1770133208,Yes,0x75bddcbc1d88e8fb4aa57309ba867ba55fd0c3d1f17e78e2755d53673422d2b0
BUY,0.0019588638589618022,510.5,1770133172,No,0x2f97227bbde750db47ce17d4d94074b08bc55f9fc9cd6482a55528194ff83270
BUY,0.002,1000,1770133102,No,0x243b4d1f3425ec1304275e238c44b47f713742be2ae6940a0fbce721cc0e1038
BUY,0.002,3000,1770133066,No,0xd37a531dc22ce66f601e08d5efd4e8883e5e7b68d68d8a0d3dd27dcfe7f53619
BUY,0.002,500,1770133050,No,0xdb1a45d3824bde3256be03c01045a91bc681ad7a0fb0bf9fcc715bd15ee3cfee
SELL,0.998063694267516,157,1770133026,Yes,0x7973a4cb99d19a71e9e4e5da7da89f10a1d56118418e8f722e7630db91d6b0a6
BUY,0.002,1600,1770132988,No,0xf25b28c1c8b3ebf22a2dfb8b92db2a83de877960e94af91950dc3f0a2db2cb34
BUY,0.0019896357148700525,9901.31,1770132972,No,0x33ddf52fa9bc07c39561f26edd82eed397de77e6b77ac93b6cffa87a5c896e9a
BUY,0.999,7.49,1770132960,Yes,0xa18282cc80568bad0bbf09d33753bb86745bd576d535fb4e69d0bd7af22b8abe
BUY,0.002,2500,1770132958,No,0xb28fc50cd5be9f4d2bedb36160283fcd5aa2f511b6151558b1aee4d13357ba61
SELL,0.998,45.08,1770132954,Yes,0xe6d8330ab4712caf9fefbd267015fe282968146d2d58cddf7abcc1900a045dad
SELL,0.998,3.36,1770132954,Yes,0x9c0a74ecab91423829586c8321a6f6f2d466f3be2494eee9843fd273d8d2c5c7
SELL,0.998,15.02,1770132954,Yes,0xcab6b35e0ab8884e6861e3b3951c3d33fa8667756fbb5af74367a6e215377fcb
BUY,0.999,60483.71,1770132950,Yes,0x927a4859c9a4c78d75331e955fd9dd6b00587e91d3ed362131fdbe730cbdcc93
SELL,0.001,980.07,1770132942,No,0x6161c4a1e0ebd4d135ec935633a44b0fe128ca75cf00e7027548b7e32767e3ef
BUY,0.9989991317094121,1.07107,1770132934,Yes,0x1dc6d0bf58f9c108ae45993080af9456a6e96b01acfdcfff0fc92752473099ea
BUY,0.9989991317094121,1.07107,1770132930,Yes,0x63a61c176242854a7182cb53e8827f245213ce722b2d45c64dabfbdb47937b00
BUY,0.002,500,1770132924,No,0x901f0c44da65a17be4c785fede9e930f5b262c568afc46a9dab9b08be79abc4c
BUY,0.002,985,1770132920,No,0xb9f8e0e3d9a33210fbdbd07382991e8f4bd6c1153de52d51b91ac5e12cfc6cfd
BUY,0.9989991317094121,1.07107,1770132904,Yes,0x3cbb0c3d9024dd1d7d8092b3e14bd6fe92b0f6e5dc0e7a0833b9b14a24f074d1
SELL,0.001,75,1770132898,No,0xeba3660de737d1d6086bd2d32712b01035e3460883b394344b4963761a81d55a
BUY,0.002,12610,1770132894,No,0x08da3a878c92ff513fca5d9ffce9f3e1cabea76d96f19fbee596218638b037a6
BUY,0.9989999948170527,191.01101,1770132892,Yes,0xc4bd3531651adf601160a86f477ff03d572711cb341caa9a60a5ca6c118a55a2
SELL,0.001,8,1770132808,No,0x2b86a2b62e3a7c796e0d748162585da06f9a88b3ceba388f6d34e2f7a89e28f9
BUY,0.9989991317094121,1.07107,1770132766,Yes,0xe3ad15c4caa408c540993cc1cbdd9b6be1c494221f6835ab74c775d2091ccd5e
BUY,0.002,500,1770132756,No,0xcb6d09b1c404e1fcbca81b8f41ef5de810a5276432a7674991a2a8480f1b4c94
BUY,0.999,10,1770132740,Yes,0x8c23b47b06e9e5b6a85d42395f06e388db205737a16b2db65c3030de9fd5be9c
BUY,0.9989991317094121,1.07107,1770132722,Yes,0x3d6ee1c40fc17cb8d0c81004100ec05ae77ce6f4bb6984e0c45d5f599e82c007
BUY,0.002,10000,1770132710,No,0x5207ab2cc3d52291b1840b05bfa7d380984bda38a1a39edef928d033ad63860d
BUY,0.9989991317094121,1.07107,1770132658,Yes,0x63e8c514e3aad5481d51e35b40f8f3efe3561bd588338ca36234ea59ba95a4fe
BUY,0.9989997844006715,4.114113,1770132652,Yes,0x605682c53fd0c53515530f1f4693e6768057382deeb6f75cc077c84dc0da38c3
BUY,0.002,250000,1770132648,No,0x32055566ebb89ed3c6f3c6f8902d1fd9496e75e75d6f688a8c914586c9616c64
BUY,0.999000000999,1.001001,1770132598,Yes,0x6bfb325c5f46ba95a339e20d9e945218b88cee9cfbb8bb35250d2ef628aa0885
BUY,0.999000000999,1.001001,1770132596,Yes,0x0ad7a4fcd82e6ca0bc1525d800aaf7b9fb896dfa7dfcfc51f139d6d867db3c29
BUY,0.002,500,1770132592,No,0x39377873409c879bf829b50e212986c79ae18e2e0375f0d473715693e07fc7ba
BUY,0.9989998332407541,2.572571,1770132468,Yes,0x545422ca928f0f277b8b121668e7df92c60146c949d4426099444159489d5a81
SELL,0.998,1820,1770132464,Yes,0xa8572d4e27154bec568d28bd40314237be5f3491c5d09b6ae07684e86835579c
BUY,0.999000000999,1.001001,1770132446,Yes,0x7fc170974553f79ff0318b450adae28dc3f3ddea2d8cb842ddf3c5f9af64fc5c
BUY,0.9989996119622915,2.162161,1770132440,Yes,0x02dbdf5bd9d26305e03f2688f506577ab0ebc4285bae01edb236c5e9a29d7c8a
BUY,0.002,500,1770132428,No,0x62043fd22d09d2f86aa1a84188cba0021497f49bcc94639d081c139e3b5b884e
SELL,0.998,1530.05,1770132428,Yes,0x54459db62c4926c24cc6b789489f299d7120c424efe9f06f04d234d05bf76e82
BUY,0.999000000999,1.001001,1770132376,Yes,0x7a933830f38a0ebeb5d4253fd15c2620710bba6a8027e4bcc0b2cbfa7f0b383e
BUY,0.002,500,1770132370,No,0xb06f4339a681df691b1bfd99e633db9a56a262bd838f8bcc15fca39ca5759583
BUY,0.999000000999,5.005005,1770132362,Yes,0xc231d11b244430cd0f3a728ffd83315dd977ba0ddfaf78a567014bb89ec22e05
BUY,0.9989997656664323,1.62162,1770132360,Yes,0x2e3d6f5211ac14500d2b9b7839874fc558d287348cfd1936062b8425333c5449
BUY,0.002,1096320,1770132356,No,0xb1fa22f803644b651927a53f7499a917407b42a763de99c4b452625ff4980350
SELL,0.998,1.03,1770132342,Yes,0x3e6c483a05e82789bf15f78c278a5a66e2e273dcff8ea68af2bf98a34fbd759c
SELL,0.998,17.19,1770132290,Yes,0xa5c7efcd5bce363153ac15f97e1f34ba8a6e428faaf30bf80c836ffdd3d7fb7d
BUY,0.999,2000,1770132216,Yes,0x276f95da319ece7b2f0545f0cc8a6bb2793c8272efbac6eed1c3a2f6c80d3743
SELL,0.001,25,1770132166,No,0x6cdd1272004bad8045098379aa4dbbd682e6d032219834f4d1a2f779dfbacf6b
BUY,0.002,35000,1770132160,No,0x1def1693eafceb5eaab4173f1218ccfd80fdbb2f33e84c8541f625dd40e52924
BUY,0.002,2000,1770132106,No,0x3187c80544d94363050fa59469797196e9f14ac0f72cc2ef6b380220522f51d7
BUY,0.999,5,1770132094,Yes,0xf71331d9a542c1f371db18382dcaed21098d0d99e8823445be7f02e04787d354
BUY,0.999,6,1770132094,Yes,0xaae51da89d87e4a63d10e4993205a28605f14314ceaeed9d122d209ade532aee
BUY,0.999,850,1770132078,Yes,0xbda6b422df794ba39c96dc94f6d1d67b861fb33a985c5da8a8c98fe4bf7d1781
BUY,0.999,10011,1770132042,Yes,0x355693cee16d7a7bd947aa31625ea162e8b1751c74e752ac4839d0129178469f
BUY,0.002,15000,1770132038,No,0x4ce5b9002ca072a40b8d9e64f0ac115c78547e8c9623be978520ae0f39e3bcd0
BUY,0.9989999918494312,117.047046,1770132000,Yes,0x7b8eec1dd1e1b76f420ac366e2ff8eb3b8f107c9d077f208a6d082d7459fb2f9
SELL,0.998,1150,1770131962,Yes,0x21ef846208ca5ca7a7c0d466284a93452257a58617460074bd3f23d54bf81211
SELL,0.001,12.34,1770131954,No,0xe527a200747a64bd4ceb1bdc43c491d5686a86b32ab9837b33ba45515cf67965
BUY,0.002,500,1770131940,No,0x0de2149a9ace2cacae95396e604211575dcdde04262edd4ffafc28bf099e2abd
BUY,0.999,2000,1770131932,Yes,0x6798513ac4f0312ee86e67cc6347b98ad85647c337499815243e4e829117ec12
SELL,0.001,1000,1770131896,No,0x18a05a0f6a5fc338de65eecb4630d7d8e59874a6d49f05a5c022628d1979b085
BUY,0.002,50000,1770131874,No,0xe54f3b7d76a37102f0a3e96780b27d212b4d357a8676ac10c856577f17e8dad0
SELL,0.998,13.15,1770131830,Yes,0xead7cf49e3ac8a8bac268557310d3b9074577081369df92b957e7cb04edf96cd
BUY,0.002,50000,1770131812,No,0xe2130c3e5553f698f6304db5e3c4bf6d40bf67d822b763258ce350b8adfc8c28
BUY,0.002,2500,1770131770,No,0x0b0ca67982d41ffa3086bcac91a5b96cd58d32afbe0cbef089db7da7259e5303
BUY,0.002,10660,1770131748,No,0xd6e80bfefe82d9ba7bcc0a5b569f2d6bea3bd09b09da58f06b3132cc9c2314df
BUY,0.999,7,1770131714,Yes,0xa09e715ab4855b91ee9984fef09bff2531d0bf9874cae3bf63e3f2a6ad94aa58
SELL,0.001,1.1,1770131694,No,0x19b7b681eb7b28c63c04bee21e32d04abc9ed213ed3ab8c0292f6df38b2de899
BUY,0.002,30745,1770131638,No,0xd411198c467e4af700fc21342784bd3d37a1fde947ecd7a4c2064cbf5d38c575
SELL,0.001,9.85,1770131602,No,0xfa1ab003538d7261d8f468fb63e30b487461a34737144d5a8756ead01c073487
BUY,0.002,930,1770131602,No,0x23d91b0958e10d4d876bc236cc67bc995ad42c84882cc1650bd8c71f5fa33543
SELL,0.001,13.78,1770131536,No,0x357b2300fe40803516ffc38d23780b5abd555d1bd5df00f7256e3e25e75b4c4a
BUY,0.002,500,1770131480,No,0xfbf48660f743f69bbbda98fe324327e9d55fca4a14969d782e2a09734b28edb4
BUY,0.002,500,1770131440,No,0x9b6b875d852c8ff31df43d40900a86620becd128d2a61b80a64de25ebf46d2f9
BUY,0.002,1500,1770131426,No,0x549095fa5d00816578034d8eebf7d06d0d251e0fffae8a13da1e09fe6a4aa670
SELL,0.001,5570,1770131396,No,0x48d3fc96b333b18723c8ddcb9990ad3357e0c728dfa4299893a7a276fa18b6c1
BUY,0.002,1000,1770131362,No,0xa360788dcb2e6a45cf96735139e26a0a77b6357701607fc1695f7504e4957eb7
BUY,0.002,500,1770131348,No,0xe3780329c03778aba10ecdec2a9ec4833c0b4603a690f71bdb0005247beb8b86
BUY,0.999,40,1770131326,Yes,0x63735d56cea4a24e51f7e0e3115c961b5d4db296ff171a623cac91ccdfa83752
SELL,0.998,8.71,1770131238,Yes,0x56b7bdf8d98afbdff04cec0aa9eea9c766269c4cd03f8e62e6afc92247772b8c
SELL,0.001,11.68,1770131164,No,0x05e226d9dd721aa1e7de14e7f56b7bef76235ff3bb93aca19aa8eb3c3343a673
SELL,0.998,1351.35,1770131162,Yes,0x3577e1b79df37f6729aed1e7526e912a3dde3eebb9d4fcb036d0e60ac4d24778
SELL,0.001,416.66,1770131134,No,0x0ef0cfe3907234e049959529dde740d1309e9a058108662f0c42d26654b27a3a
BUY,0.999,2287.4,1770131120,Yes,0xa636e468f1d686cfbb78086e84921bb381cee5a5b2507d7e84e3441c35d39a6c
SELL,0.001,4,1770131114,No,0x6be35cc794bcaf01eb7b9f7e1320019d2ddcaa6edda5814c309477373858f3ca
SELL,0.998,1.29,1770131084,Yes,0xff7ea585e19b160febd7f45d0b8c073fbfd4b40106f85290eed18c523f269819
SELL,0.001,285.16,1770130984,No,0xe455075dc3080f2e1f0fd2c998b23ea8e0ce89ca26aadb8baa61346448749607
SELL,0.001,5,1770130982,No,0x1726e36302c5ad23eba8b2d4841e3c63bf3be772c52a1b0e7ea6a25de3c14688
BUY,0.999000000999,1.001001,1770130930,Yes,0x52b4b5c9b4cb6551544026fa0f36c4971f9ebf007c91193a32741e21cf25ed52
BUY,0.002,500,1770130924,No,0xff457ba6124a53a4116894312fdf91b081ded8624aae8ea3ab3a15a2adce4b9a
BUY,0.002,1000,1770130912,No,0x9dd1168e1f980a671964fc870eaa7ce92ab811f6c7e9318022a0b15588d906ee
SELL,0.001,554.14,1770130896,No,0x12cebd59b7f968eb4e86e116a0c801b7d3093faaae3217457d5ba24a9af8b4d0
BUY,0.002,2000,1770130880,No,0x98d12ff09c0bec473e3dbcbd29ece122f931896dc558c4e9cc9dfe2728045e71
BUY,0.999,11000,1770130846,Yes,0x7f7d3e815478e58221d4d33c0fd28702969f871acade34a78f15f3f8abb20fbf
SELL,0.998,60.97,1770130780,Yes,0xdfcc173bc8a7679c86880344ed45ffdf8393ca549021d8e5793885b237f6b980
BUY,0.002,1000,1770130660,No,0xd4928343478e7e07b9955826a7b79da42655dab5bc92d23a7a44f409fc1a7bdb
BUY,0.9989995718567147,1.4014,1770130636,Yes,0x64e0f06649366a7d16c001fe32c4636b0fab73c9e76ba08f0a083270ce13879f
SELL,0.001,16.66,1770130604,No,0xe39b860d69b1d58ebf3829da18c8d970a6d52bea41541301aeb933d5974f946f
BUY,0.002,26815,1770130570,No,0x454c5f7b40f3771f9ac77d7ce2066a7dd1cffb894e9ba354f9bb7343b97d3121
BUY,0.002,500,1770130568,No,0xeafe8b4ece889082323ed9db3c489137222eeeab1f4652dcd0635a65b0395ca7
BUY,0.9989991826355463,1.1011,1770130474,Yes,0x0dc5d406b81ec1418574cdfc5ed19273d99625e6cd2d4dcd6d30e6547461cfc6
BUY,0.002,5570,1770130446,No,0x1599b24d5102a6bcbd690572129b7c5ab18cb4e9fbeccb09d01f29416d1ae881
BUY,0.002,18115,1770130420,No,0x42aa659df3983105dc2119c1bbbabcee8c6ae3cb7e41ed0a345aed056f631686
BUY,0.002,500,1770130414,No,0x6b5ecdcba4e8f5e5da86ddf493e63a1d5ef092da659df6f337cc2ec71251684b
BUY,0.002,2500,1770130414,No,0x1d198069ad2f817e623307a06873e1b22113d4350ccd78b3982365c48c06bc1f
BUY,0.999,15,1770130378,Yes,0x99b64c7297c9886c887e531b68ec5db247b357b70cb681c1d6cec1d56f5255f6
BUY,0.002,500,1770130378,No,0x79885653e029667a1b36847d6dfe7b26d8bd18eb9e3bff70f06b0e998f095295
BUY,0.999,12345,1770130360,Yes,0x2e1d03f021e7022b28e9c79db10916d8f40a12622e2ff8480347d89ec9c0bfec
BUY,0.002,2500,1770130296,No,0xba817d76678b392b6149a18224c1ec362ab6846cc4369d5a58de829460703c98
BUY,0.9989993612944432,1.22122,1770130280,Yes,0x68820b5ed92d21d7515653a5369cf185e3979a71aef8d4e8ec2fb31b1657e238
BUY,0.002,500,1770130264,No,0x1706bed9afd07a445f6a3375729d4d5d72270bca4847830a222deb2cda05276d
SELL,0.001,4.54,1770130212,No,0x36769999c6556816ce61ab99f8eb69bc0fd79390563fd9e4304587764c6e15ce
SELL,0.001,38.28,1770130114,No,0xce50e1a8dc315fe43a062c4218a4faaa05ad4d61a57c315a919be685937431d4
BUY,0.002,500,1770130080,No,0xab3c59c64fbfc4064783aef75ffb0e6707cea9e10f119df39c5e805ad8e0c562
BUY,0.002,5500,1770130076,No,0xec93a1b92a059ace041e68f3cb9080a56fa52232d9e9787007882b912fd92131
BUY,0.9989999975440075,159.609608,1770130076,Yes,0xcbf482a067dd38294386b518ef06de31418ba66775e69a79d3435a09dd3bd190
BUY,0.002,7500,1770130074,No,0x7072d8bc66b5bcf9bc0d2cb97cbd230f4a69b427a9c797fca1dc40104a0bb7dc
BUY,0.999000000999,1.001001,1770130006,Yes,0x67b9458ff3571182f5f68c2fde9611b1b01e7cbe2cb37ef4c14e3299332ea5ba
BUY,0.002,1000,1770129910,No,0xac6e27b72ff93d2e9bc0917404e8e1c6fdb3c4cff323606fb09a26cab6aa0309
BUY,0.9989991140934538,1.06106,1770129856,Yes,0x9bcd37c3f1edf89a57ddd06c292c2879185112c03c1920944e4a0649376e1296
SELL,0.998,1.31,1770129768,Yes,0xe9a9c8efefd109ba09f3b38b36dbc1f1cde09761e8fb862f279c74b04066edf8
SELL,0.001,333.33,1770129736,No,0x14d0eddb45ebe5a44cd72723562edd3d315a6279d6c157d701078286c4811e3d
SELL,0.001,666.66,1770129706,No,0xf16fadf9be01ba9a0af8e0feb6192f1721f2b6d88fd62d58e1d7e1811e55603d
BUY,0.999000000999,2.002002,1770129648,Yes,0x8fb56c85e08ef05ad165dadf9b32ce933effcf617d9cf36a8120701e81015cbd
SELL,0.001,43.04,1770129632,No,0x4b20b30a1b23aff6c04f50c7da25bc27829695a24b2104369af10ca0bbff9337
SELL,0.998,2227.72,1770129494,Yes,0x16d59300aeaff6400314e34910c77771d1b493c975af715ac2b3434b5655c911
SELL,0.998,3.2,1770129484,Yes,0x347abee5af1a08b9f22e04af6b7bbcdbff7288f6de007e0255976872da7c67d4
BUY,0.002,8500,1770129404,No,0x20fd8b45cad61e951ee42a490443cede4d5bc0fddb90cba671048067963acec5
BUY,0.002,500,1770129402,No,0x5bae3f88ba8f241c8bd1191696bcf560148bdbb1408f1d5f5d88aadbef4ee893
BUY,0.002,770,1770129398,No,0x021488997c6653fe424de2a0c27920e318af4b75f221d764b6bb08f492aa703a
BUY,0.998999995999005,200.200199,1770129394,Yes,0x0508498be36326e5cbda918e576c192a267090ba10fbb42bbe97010f323638f4
BUY,0.999,1000,1770129372,Yes,0x771232aa6f0fd89666743811e1118b4e6541f31c5c662ce8350ac8591bd8bd4f
BUY,0.002,500,1770129362,No,0xc103fbfe76e5a86c3a0b996d6730c4cb1e455c6819429f40b369040e32446107
BUY,0.002,1220,1770129276,No,0x0ee9e3a05d5fe773d1dad7956b6115220498250e22c62dc0d22dbaf02532ecef
SELL,0.998,1040.62,1770129192,Yes,0xa9f59e572d3386a251a8e71c8818009b623890271529b44b514aa2819430df81
SELL,0.998,215.61,1770129174,Yes,0x97953fccf298441c90f39db606408f28cbd6e5d5774850dfc3b03031a633274a
BUY,0.999,6,1770129128,Yes,0x772e56ee3782b42a8437dde4b2b9e67fabbb396ad224b71d7797c1bf2424a7c8
SELL,0.001,8733.33,1770129030,No,0xbe9826b916094d1f5f8e2fe7f7d9c2f2cf0c3075abcc47768738ee2a13359068
SELL,0.001,175.65,1770129028,No,0xc63109495d103351a41edfe6e687109e8dea72b7d53e614772462e98f18b5820
SELL,0.001,87.53,1770128990,No,0x9ba0e0abbdb50c5a09489bf52288542afc62c0a6854ebfa895e8ff84cdac5969
BUY,0.999,15,1770128926,Yes,0xe0b757f1b93ab583a80d503351747c2167bff88cc8120151fa15d52f20688c51
BUY,0.002,500,1770128926,No,0x3e869f2036f325aa996eecc64b101acc045482d0306490fad5a5c0fe45de0489
SELL,0.001,116,1770128900,No,0xf8545644ce70ba8534d92dd27a8345c3587fa9245a610d26383ed1160771834d
BUY,0.002,10390,1770128894,No,0x44e109c4f3394cf30c36bf6e917a4ca40bf84c692567fe330805bcd672490cc3
SELL,0.001,4.76,1770128888,No,0xdd336241cb1d904979819237d4bdfa737a8d6a7d8feeedf197e5fd8890ddc542
SELL,0.998,68.2,1770128878,Yes,0xcb9933aa13a3d37ae9ed8bb16de22dcabd26abff034fcad3960db8f92106fa1a
SELL,0.001,418.7,1770128864,No,0xfe00d4a9c5588448b40b022ac454c2daca3d138d015960d9f20d00ffd811d86d
SELL,0.001,500,1770128854,No,0x00391d9c4021100fb90bc3c1458e3a0248257ef0b1478271b67077458a4ccca4
SELL,0.998,67.53,1770128790,Yes,0x56bae6805bfb4b2c15bba18a0ef21df950e11dabe0eb4bd9173fc6b9c8b4bda1
SELL,0.001,151.85,1770128758,No,0xf47584087e3f26558f419896705a9715911ff28d244a802d973ed8af93257a15
BUY,0.002,6000,1770128748,No,0xd77714c554f5527b3fc645d6e7d0a7a6d1f32976c2fdb0292d43f126ce9c855a
BUY,0.999,10,1770128738,Yes,0x7ce769dd3f9daae3390d1a51f6fd101cb0c77894d44f6d0d7b42b59370c61750
BUY,0.002,50000,1770128724,No,0xd540b5917530b903fbe7d27824cf5d2d1f333db13dde772dca392e60b49481e6
BUY,0.002,50000,1770128716,No,0xe4910b57874021feff9da2f98af3af321e243c5ce3d749c5c9c8de0bf4d92930
BUY,0.002,7500,1770128584,No,0x6b317aaf134e2bcd780e93033ce88643f1433a0e4b09f8d4322d53d4a93753cf
SELL,0.001,8.69,1770128562,No,0x08078cf580869310b139a5378dd1ec5b1cd09002f45cade4d0ff422a0a6f8a55
BUY,0.002,2500,1770128512,No,0xaa65c1092b8057294f2e6524aec01e0f7c541967b4a77d5281f0d99bb2d6acfc
SELL,0.998,1.26,1770128482,Yes,0x2bc4b6b487d638efb84f5df0a9f0407551fd02d725324af14b0b6eeab7ae1fb7
SELL,0.998,6.09,1770128440,Yes,0xddf7fccdd41ab16bbc57f2ae66c7937535af5cf053fa1d17faf9b036704ad6fc
SELL,0.998,259.5,1770128438,Yes,0xfcd6ddc35603adeb478f8d54b55dc6f0aba62a873e6e0c919e5777b8a157e506
BUY,0.999,10000,1770128432,Yes,0x2f1dbce0588c1e5d85c3096ca8ff81be8f6014bb8c5e2c7e1856392ce15d75fa
BUY,0.999,6,1770128420,Yes,0xcd5793ed699b1f5fb341b57004c8f47b6099790df1d6b76e88df3311dd6ee0d9
SELL,0.998,6.38,1770128408,Yes,0x0eb1fb6f9d43e9a808bfe8a6066c72216d1a5bc8b2b6889b50b2df622dd2ceac
BUY,0.002,2500,1770128402,No,0x656b48ca2ba3c249035b813fe702c6225eb0f17a3f6a03ea2271d006655cfa21
BUY,0.002,1000,1770128390,No,0x99d20b76a8a09282a75ef28286f0aeb20f93e21dff18eabb20c809cea836809e
BUY,0.002,100000,1770128332,No,0x7f98919ed65755ff24959bc4910f90323ba01248603dac187ca591011053ce00
BUY,0.999,10.01,1770128254,Yes,0xf259b395842d27486bfd73777e3163fd5d08bc54dae8a0e3bfbc7bf8c00c409e
SELL,0.001,10,1770128136,No,0x3f2e72c8afe187637f8d6911dba9bb7f21267f39e488198f3aba925f6f154fcd
BUY,0.999,10.01,1770128134,Yes,0x46d198b8a42cf5863539cba83d8dcf7db3ad86826c0614662bd89f9e8213ae6d
BUY,0.999,6,1770128012,Yes,0xb268089b7d3f05997206f6d6d39ba6b4ec88d4ca553d92144b34b16218fc3baf
BUY,0.002,5240,1770127978,No,0x7cbabc3a589b552ee91f603e024b5ac1ae5b2a219b5ca1f4b43e4557496dcc47
SELL,0.998,1,1770127970,Yes,0x38cb9c469dde2aa7fc65ad26671413bbd0fa31a8190788ab4429fab55a20cb45
BUY,0.999,1.001,1770127954,Yes,0x2ee68ed4026ef66f78c0de2f001c55026ff954e5f9193af596cc65acdcf96127
SELL,0.001,10.51,1770127946,No,0x13059cbfda1c5ebe32f1d8a09fee57aceb5a9052d085a9e0f4e12c069657b20a
SELL,0.998,1.92,1770127846,Yes,0xc8430c641f335b7f59dbe6774a6bb381ce1f7624e5fbfa8f3272b0315a4b3e47
BUY,0.999,5,1770127836,Yes,0x3fc89bf198a5679894920a4573f3fb7f9a91756228a40b3984f9c6fe1bca80b0
BUY,0.002,10000,1770127752,No,0xff47a0f103ca81b78f823367e5a827306753777155a794b55dc2b144e19b50f1
SELL,0.998,35.21,1770127742,Yes,0x571ae2a48e9cc6e325e5d3706a0ebe484e4936fc688abb2246aa7c68e26724d0
BUY,0.999,349.169,1770127714,Yes,0xd1e50a6a6e6057f3d5298a5b7836cfa0ad57b989094d9c424c84b997d4a969ee
BUY,0.002,500,1770127708,No,0x0d80ddb9ac7f153d36a9195f4daabe77f4a6112df64e70dca04ab8f6654b1841
BUY,0.999,3683.983,1770127636,Yes,0x6a583b3e8bb71d4fde27dae16f7aae1a95c01c223b830bc9acae342d9846cc5e
BUY,0.999,101.101,1770127616,Yes,0x86e64e215f43e7ab0608bc50500ab9ddc070604c4859f9ec6d4e6b2767cb7ebe
BUY,0.999,220.22,1770127524,Yes,0x8c282a451c3c6ce9d990ac924955d4debee304ec5ce116358dd5fcd108031c11
SELL,0.998,200,1770127518,Yes,0x6e4d809fefd068cee48a36b41d110627165ee05889631621db039c4962df8d46
SELL,0.998,37.87,1770127502,Yes,0x1fc7211100b7c56f8617cbe35f163ffa98a3fbe55d72103e926c179f13bd9a4a
BUY,0.002,33455,1770127486,No,0xc9a27c14546aab10266c2401f116e7e19efced9678acb3721294fc041e8f1b91
BUY,0.002,2500,1770127462,No,0x4330e49be0d7df381fbe8aa5ed82f9d9d8759c1e5a3841bd59e288559d87824a
BUY,0.999,13109.62,1770127386,Yes,0x283827e36054c4c64da41cff5ea4e5662c38548eeee9dbe73a5161f0f81aa321
BUY,0.999,1000,1770127346,Yes,0x0cca45571660b3469dc8da08b567d1bcd6b3a5d02317e0fabdb9b9e22cc459fe
BUY,0.999,1.961,1770127346,Yes,0x16b3d068631a19ba8055ba4e155b495b527b69ce14c0f35f2d0a82dfb38bca58
BUY,0.999,120.12,1770127338,Yes,0x0265eec9b3b824b2ee8d269ea4058c965b9e784487a786b8f8fe21181c3a788b
SELL,0.998,11.11,1770127330,Yes,0xf9c205316a5431ab41f3ae0f5dcf1502480e919454c54e17055fecc4b17c3008
SELL,0.998,600,1770127298,Yes,0xe10c4a4edbb077aa08b9bf49067692f3a3ae97ccb5ff660c9ba2ba02d938234a
BUY,0.999,155.155,1770127260,Yes,0xc6d92c002edc330cf95e2dea4fd87daa65b816b64b2c2e269e847541d881c92f
BUY,0.999,2227.727,1770127244,Yes,0xb4b84ae7ff98e24e268bff14216a94a2b074400642d22f689a7123a4f3c7d9f3
BUY,0.002,7000,1770127238,No,0x8b97c35d9c24a9f44a8d5adcb452d3f7b98024f1fb057af46c56d0df80baf60f
BUY,0.002,5000,1770127210,No,0x21fb154423399df9af56b047e77eb6d650509fbccc4fcec4b8f0246baa99cbdb
BUY,0.999,300,1770127198,Yes,0x7478bf10333a8f147dd3b23894271364418bf08ac94ce17613b68e95b4e76315
SELL,0.001,7500,1770127162,No,0x309f784673328ccc6c0dcd7d39e700d923d12bfc8770ce92b5fa06597e0e7f7e
BUY,0.999,155.155,1770127136,Yes,0xa3ccfc34276d28093bb204f16457953f9679baad24f381c52879dd6aa11cbe8d
BUY,0.999,200.2,1770127042,Yes,0x457cf4c792343b97580c7a8cc8a4eaafb9194ca13e6ed87aa6b414b06d93327f
SELL,0.998,5.18,1770127008,Yes,0xf4eecf068a86105e0670a13e5992e13fcdc27a5f9c98f2b27d68229a3ea7064d
SELL,0.998,5.47,1770127002,Yes,0x16e354096dccd5f7faf928722c5a1cba9dded96a6f218bb82417e4222014d763
BUY,0.002,500,1770126960,No,0x5736d054bc9c8c361b7e5864c0bfc396d07f0960c61e92fb900bea0094b3b7be
BUY,0.002,500,1770126928,No,0x1bf346ec28d4e19683a5e392aebf6b33735d973d83a4402e93b5c7fc434859a7
SELL,0.998,5.18,1770126904,Yes,0xaac42ba1f647c9b2343ad2ddaff999cfca377b37ebf27a968529af2a7ae26a6e
SELL,0.998,13.27,1770126902,Yes,0x1aec4f65e3047102b3ef1d58a86f6f05cb17cd32bfa63127c0bc1f56f7922470
SELL,0.001,700100,1770126900,No,0x180bb94e3e0365e94bcf5469656e9fff56cb9c85f467094d2ad0feba1682f704
SELL,0.998,600,1770126894,Yes,0xb62c21038caa0ed452df9c1833264ef29b0966c7014d89122626c99a435ea9a6
BUY,0.002,1000,1770126840,No,0x0c6c2c7fe6f259dc562405d88233c653bcaf64876d556b9c5c1930ec1ef4b831
BUY,0.002,500,1770126828,No,0xbef293f795aada7dbfaa9b7ec5c1250d736b751a804ad90d99cfe9d79d7f6cbf
SELL,0.998,67.16,1770126814,Yes,0xa82c18d8fa50bced9467afce4320d802cde97160779077771b0c4d52748ac914
SELL,0.998,1.52,1770126814,Yes,0x7b900d32a2a6f022a6598eb7a638da4af16113ac1dca931c346c5d346dfd78a6
SELL,0.998,0.44,1770126814,Yes,0x3a829b4065c6fad9ed604ead0316dbd09ae70d297bc85ad4e3b408d6c2b692df
SELL,0.998,0.67,1770126810,Yes,0x29ee6aba9bc0419eae7c59b8472280f00e71b7c3b8b3388ef034007b611edbcf
BUY,0.9989999999943746,8354.954953,1770126810,Yes,0x9697a032b232542a41b666bac7b388c92d5dae05a3aabd1dba31fdc83a0c3fe3
BUY,0.999000000999,1.001001,1770126792,Yes,0xade23bcccf54c30b427b911a8f6300648edd857f1f5a19772d4742116ea77bf3
SELL,0.998,10.41,1770126766,Yes,0xf97301d599dd7ac6b1c02266c2406405d93aef3d042afe80ba16cec752d702e2
SELL,0.998,0.41,1770126764,Yes,0x69212085f245b2cfb2432868b0b3facbbed47e75aa2736b7573b559819facf60
SELL,0.998,20.94,1770126764,Yes,0x00dd0a5463c15a2d70c661a644d23abdbb955c6139c6953331093e0b462d49b8
SELL,0.998,0.54,1770126762,Yes,0xf73adb1afb77e9074936c8b41cd1844049fb0333f5d0ce9ca9db618f7158161b
BUY,0.998999999956055,6735.705704,1770126760,Yes,0x4300e6bd84cd6708d056540dddc2c4e105d7a20b216e1ac5c8e4602e00820a12
BUY,0.002,9000,1770126742,No,0xc0b6fd528cf25bd66186cbe983e5f58eabd47124e24f5178a92963a76a0e5d98
SELL,0.998,31.57,1770126738,Yes,0xc2e9b908f42012dc0facc64df224eeb45c829153e724fa362485559f998b36c7
SELL,0.998,13.15,1770126578,Yes,0xad001f3f27e19581b75d14bcc386ff9dc70656266e8ee5a2cf2eba0c190ec304
SELL,0.998,1.25,1770126564,Yes,0xf70802ea9dc9bb087b1796abf178243d46a6a4c5d9bf10c817fbfa5843924079
BUY,0.002,9375,1770126544,No,0x272170cc06c7812fa784b22737c014126e58339e16fdead6be2c493234a7cbde
SELL,0.998,3.99,1770126532,Yes,0xcd6573898537e60e19064df9ddd4ae7339e796ceb965dc5728f8374fbcb77328
SELL,0.998,1.72,1770126532,Yes,0x46d24f12bda2303a214ab774c2b833a72b4f1371c8d984da73ad8742ba8b6e88
SELL,0.998,0.08,1770126526,Yes,0x644cb5c5ce4a330dd4babb081a99bfec66f4b710ed5d6f3f3f71e2f44576136e
BUY,0.9989999996548953,1086.626625,1770126526,Yes,0x9881cff07a6a5d50b6d7e711d3e970af0c1ddf9de92cfaf315b4c3d4f02f439b
SELL,0.998,3.11,1770126516,Yes,0xf1417d31c21ad718381fcbbcdaa2adc06660643ce570dd2fb92867bb254c39da
SELL,0.998,0.11,1770126506,Yes,0xe4cf35dd572193a6bfbfc9e0f2c990de8c3d6a763a3db962f6766342de542840
SELL,0.001,30,1770126502,No,0x268e73673ff043d73e4cd81016bf8460b471e7ecc3f19403392402ee6c68a0e5
SELL,0.998,0.1,1770126476,Yes,0xb53741c1b6487513a4812b1744bb9c49e3b34e65397a776410f941e7cc78fb93
SELL,0.998,20.99,1770126472,Yes,0xdbad456da42cf2fd7ca3cc601e2ca6794c0d123bb43a96036c7b85ed5d485771
SELL,0.998,0.3,1770126470,Yes,0xe3cfcaea51b60df51d84c6a4dcbb236f2574af6827251398e397eb21c8252864
SELL,0.998,8.84,1770126470,Yes,0x1fc2d54596dcbbbc40e6ffd33163365612d89113618208f2269c0810fbd44b95
SELL,0.998,0.45,1770126468,Yes,0xb4d49d71954c695dd56f1f5eaa7c349e2dc879129fb800677535f8d7cbf280fa
BUY,0.999,10000,1770126466,Yes,0xa37f729ddcdc974b106fb626d743260055087435378fee4c4cbd9489cf99c2f4
SELL,0.001,2150,1770126354,No,0xbba929b5d00fcb5d9c6b4922b697176915a67e8bcd59a077a8952ebeca8eb66b
SELL,0.998,5.88,1770126342,Yes,0x4424412a6a76921a832777913938bdae6e11da51974fac55e28cfde6eb9a7951
SELL,0.998,12.82,1770126206,Yes,0xd0ebebc6106f2c5818e160cf5b959f6ca11af4e34ae2d0cd044e96142e053b0e
SELL,0.001,400,1770126194,No,0xeb1b34c17aed533878c9b16e4516745226a0991ee290a9d788d6fc876b5998dc
BUY,0.002,500,1770126182,No,0xfddd32e56b20cf291692f7b2a23ee5a3774505ee13cbb6e0bbf837b2692baeaf
BUY,0.002,1000,1770126164,No,0x0c1e1fe8ba30e0a9d5bfc5b01365edbb79ad3fb8baa56df9696990db409576f2
SELL,0.001,88000,1770126128,No,0xc8b0101862a2fd5c2461d3b9c2d549670bf9de97e1dd8fab48252016f63b3757
SELL,0.001,1000,1770126108,No,0x3a060d47c2d4d1877d70dd7c9c8094e41361030d94b5b0bfa9856acc002d20b2
BUY,0.002,25000,1770126104,No,0xb74a8e408d6858872deee986f71624f041242499b97bc9d0e60f4e6abee02732
SELL,0.001,5,1770126072,No,0xac66ab1ee9e818de78a82476d5f25d99bcec68f9efdda091e9f362048b27ed89
BUY,0.999,1.03,1770126060,Yes,0x42fca323e699eabb2292bb721bbc09a46e9e7832591b874ff04ac0313cbd7654
SELL,0.001,35.56,1770126028,No,0x29edf609316d1d2de132ebf1885014c37d0138783e6a4d40d729c3048dbc6915
SELL,0.001,45000,1770126028,No,0xf757442cb3b262756ae09385d4746c5335d6f7988634cc6ffeee2626d2d6a407
SELL,0.001,95.23,1770125974,No,0xf42d58b2c61755a79b4a3e9e80130d1503d2b739f18f106f595d7a8c6143b5a2
BUY,0.999,15000,1770125858,Yes,0xb85a4642bfa504836f98e3e1cb74166479e701e94c2866a8c00c44d1ad1c2e0d
BUY,0.9989999923033565,115.115114,1770125852,Yes,0xdf1584a377d1f1c155f24e4b04a7d000696784a40a18fab3bc0274c4da43888f
BUY,0.9989993200077234,1.19119,1770125830,Yes,0x342399bca5bd36e0306fff9b6f1dd45b20711b4d1243b04a06515e8ca6738317
BUY,0.002,1250,1770125818,No,0xd7ee95769bc318cc301845ed3eee53694295c955c6c161957f55ea6571712d32
SELL,0.001,21.73,1770125806,No,0x73cc60aa04f8828e85e6b61d56f5358b0fbc72efccf296744f449d5f77d017cd
BUY,0.002,3035,1770125782,No,0xacf18424f8d082de2c5717e17dc87cc1830c5cc491a82c892672d37ca62c8817
SELL,0.001,500,1770125712,No,0xe4b97a4852f452d2dd7f250778fb892dab0405ac05437cc5e737c95e9182baaa
BUY,0.002,855,1770125670,No,0xd6e6e4735b6ff389cb3fccb7412177480f8b6db826c45f7e9386b4b67e665b76
BUY,0.999000000999,1.001001,1770125658,Yes,0xb64758a060e0f8e4cf80f301d648a4c1424432f803cc3cd9f300a1b262c886c9
BUY,0.002,55930,1770125650,No,0x905c40bd5a5d4afd27a0ba5ee6e446ab713b0c07080945654fe47422e2bf4cec
SELL,0.998,35.8,1770125636,Yes,0xf31f38eaa8b958582f7d58f29377ab877afed401c72672c2ca47f53b92fd487b
BUY,0.998999995999005,200.200199,1770125628,Yes,0xf16d11bfa28d104bfdd8464849b3ec93e9f964524c50e2d079802c3f0f37c0f0
SELL,0.001,14.83,1770125604,No,0xc47f890a7e29f0e0de3929b8b95a467b7c06b8479c084a6973731277c3bc8e0b
BUY,0.002,500,1770125574,No,0x866f8fa3ad2e9f0437ba45693a1331e421a54f44d34013d79d1b1b2525b3136f
SELL,0.001,50,1770125562,No,0xf13da268cd473003e887ee28d0196a9888abceb441974275f4e37af5328ede73
SELL,0.998,2250,1770125556,Yes,0x7c74cd4574af8ade11cfab7fd2e42b2c2d9561977a5c7f359e4029eea9146e05
BUY,0.002,3000,1770125540,No,0x5129d50265acfc1c779bee913388194e718200d2351abffa6ea2d930b6beee8e
SELL,0.998,4.29,1770125526,Yes,0x9128312c998fc3f67029af634a3332d5470d3c40afb3c4e0a9baadf3631e82f8
SELL,0.001,200,1770125462,No,0x205d19084df229a7a19801b21a80087ecdce662f18167a1c06f44cac2c236eef
BUY,0.002,2500,1770125458,No,0xabe3169cafec18081e01f12cccca35cf3319286b9b37982abd8390c55312f1cf
BUY,0.002,1500,1770125450,No,0xb1938e66243ccf3d414f4dfec68ab41da0bf673882d273a011b5421ba1fbbf9e
BUY,0.9989999996335407,1757.357356,1770125430,Yes,0x53741e110e8d0d795d58420c5641fac5439342809481c3ab8de9544877c60370
BUY,0.002,17635,1770125420,No,0xa206bb79ef44a45e9c12c0e8206063edb1adb3d9bff7eef7409994d2213070d4
SELL,0.998,1386.48,1770125388,Yes,0x2b2607ecc900293536a5f2ae039f38943bbe020b1325569abdfa61219d315cd4
SELL,0.001,286.12,1770125372,No,0x714a84e9c2db8de8f7b7b352a5ed8b66759f74414e1b9d5a48341f6aa28e398e
SELL,0.001,1000,1770125344,No,0x9c1f19977cd74ed373ee922e44fcbecca71906e505bcb08f50f9e95ae30f427b
SELL,0.998,1386.48,1770125330,Yes,0xb8abd26d7071c657dd5fed1497b76ca9b30d621165ae1bf2da9df9187a507017
BUY,0.999000000999,1.001001,1770125290,Yes,0xebfb5167840c5c5e3425d892815798363b8cf2e45e81a54ab1ddd7ecb3d1ea28
BUY,0.002,4900,1770125270,No,0x5ac784c1bc43a7bf1ee3eb320f0360e73560f80a992577894e59427a5c68630c
BUY,0.002,4935,1770125232,No,0x4737c89e256f902112fcc3ca13c8980b5c692c663cfd839855a441f6d7f36d18
BUY,0.002,500,1770125208,No,0xbcc9c2a5cc5a8cc7eaeb16b9cde33a75130c4dc7697d85447c7a2c2bb3c27777
BUY,0.002,500,1770125164,No,0x73e2eb8b38b00b84834b35ff9d69ed93dc17696fda0c4d7b696d9e724c6e5cbf
SELL,0.998,10,1770125106,Yes,0xc5ad5d89e394e9a685fb8bfde81c008563329544066b986ae37aaa024bffa137
BUY,0.002,501,1770125102,No,0x4e5aa0a6ab0876ed9a6391db7d0248d68a6acf9b38c4b95510696bee79fb45ff
BUY,0.998999975881335,28.318317,1770125090,Yes,0xca86a2450022a904e3de71aff27fd509c3d6179b1ea625b5082b2efb5d36613a
BUY,0.002,2000,1770125074,No,0x2ebe9e6ef2e2265561baba0bd8ede96bf2baf666c54dc85cb4318bb05ffe8eac
BUY,0.999000000999,1.001001,1770125074,Yes,0x01450bbef3b36317307360811a6b7bef34129f009f3aa95d5501d46de04d3bce
BUY,0.002,780,1770125040,No,0x6469236f387c6837dc551dbeccd8fcfc1a893a23f957c34e099ad37fb334bd37
BUY,0.002,1845,1770124970,No,0x62873968049eb50ee683594a54c053fbe56f61b8af5c524981aaaea621358318
BUY,0.002,10150,1770124964,No,0x9856f20f8ddf572f2be9399951e5131c335630f8984522ad70891e910d8098e5
SELL,0.001,500,1770124962,No,0x2ff20f7c4f4ce78311b19d03b1ed63f67ec8aa2ed5b06309e90f88f3a2ebcf45
BUY,0.002,500,1770124944,No,0x914cb43b8275f957228e093deae54d8d15cb455149a1151d402d9dbab80735e8
BUY,0.002,950,1770124906,No,0x370b02f5907181e873b80e79e79f9525a25ba141fdd59c23ffb11d008d2033b4
BUY,0.002,500,1770124888,No,0xaa610edd504c7991b7dc2fdf4a84c8d2c8ca473fded35e8ddb4af6d200c6861e
BUY,0.002,4120,1770124860,No,0xf1c0c434e88754d55aa13651836209d49a81ac35b67486bd38b534f97d445a24
BUY,0.002,1000,1770124758,No,0x7b709af26bbbc92613464ee203daceb895c18606d873f7f203782aa9ff3969e4
BUY,0.998999967189899,25.175174,1770124726,Yes,0xdea60d96d48fa63e1489f8878ec7fefb388d538a9c4fe164cb56931d2a7293c4
BUY,0.002,500,1770124700,No,0xbabd57ac2e0caab56ad61394f6caab0af1b352ec3038ea6c1678f1319054bff3
SELL,0.998,300,1770124662,Yes,0xadb09cef0aef045a39a413fca92822af654236a8f23d951b7c3a7c657a2b544d
BUY,0.002,2150,1770124648,No,0x3218b0f0d270f4f9d51189d59737b54430e0c4c8c63eb347803ebde89ac03db5
BUY,0.9989990401755108,1.02102,1770124544,Yes,0xab54b38f1350232cd3f8c32969363f0ca8e324d671d06be5a1839ed3da5bb14b
BUY,0.002,2500,1770124544,No,0x5333d5973b9146d178a2bc980c8f95ed9bf7715c4c39f73b15f29a21266a88d8
BUY,0.002,2000,1770124516,No,0x08c7f05818478a2daab641d2de13ebf99611d7d3407dce3fca5d0591b4ca58a3
BUY,0.002,500,1770124484,No,0xc9c932c2d8e5c277392f29c673d8ca5b1c2c2dd4aed4eda83c14ef54ca3eca1f
BUY,0.002,500,1770124428,No,0x6beaa493e84a222ef0815de74dda2badb81669727102ed13d9cc8117e81c4d8b
BUY,0.002,500,1770124420,No,0x2f4b9aaef84c63e1cf9c56dec6c63d98e5a754af4a9f11bc611c8ee30b64388b
BUY,0.002,500,1770124412,No,0x1d5ea5a1b20a74724ce35520ef0c1f802cb7c61237f7cab6e4ee2494bfb9eea3
BUY,0.002,13610,1770124400,No,0x3a92f7fb012dae0fc9682990c07776f888c3297cdebae5cf0147f0617d34e5f2
BUY,0.002,500,1770124376,No,0x45142296c78273bb24857e79429409edf5b48b5e916cf1f57b9ec3fec26c4aba
BUY,0.002,5880,1770124324,No,0xea572733ac50b85e92de47cc24addbb9fd48df90694c14040808101a1da269e3
BUY,0.002,750,1770124314,No,0x8c738b3a292b81a109c0e53e3cf43a5f2727ac8683a454b5ac10a6fb4a5cf2d1
BUY,0.002,500,1770124266,No,0x2d948f45b3f04d78f095a8a7db7e75e93e69e9e51ece03c911559945cc5ea709
SELL,0.998,26.66,1770124260,Yes,0x8258817350b05a655e08eae5029eaf4b86735b3673084826d698e78cdc94bd99
BUY,0.002,1000,1770124250,No,0x4b88998c2e1f9beff1e9d49a460b406abdb8718e1907ca9cb3a82777201ca528
BUY,0.9989999944697838,47.737736,1770124226,Yes,0xd86cb8c61c106552c8e55c0eff58785fb5ba9150ce61da82c7b33a7d676c9fc8
BUY,0.002,12650,1770124224,No,0xfc45355fd8a6f934af4435bd07a607b817fc2310333922d48525ba94f2cb73b9
SELL,0.001,11.53,1770124202,No,0x6718f6a9ff6367b225e19d0e859b23b8d186ec4f944305e272fad056acd37942
BUY,0.002,500,1770124184,No,0x4db3d8b6d7efefb386c3cd9956dee808b4ac7707c9523036f4b90aa647463257
SELL,0.998,11.56,1770124100,Yes,0x32c0d779364ce85c50de3b1da14de969b4bc7b6b36736c21df97b7cea04de412
SELL,0.001,17.24,1770124098,No,0xbc0873207a8a143a826253796ed323accf3248ea9f689b8e73dc0a5bf327cef6
SELL,0.998,26.31,1770124052,Yes,0x967fcfc309cab4e9b12f2ee74020617b3b4275b7330a647c6eabd728e16f2d18
BUY,0.002,11395,1770124026,No,0xa8f973bce010d2f53e85dd234be1dd78061e7c1aac3af323acacee32bd2559e0
BUY,0.002,1000,1770123850,No,0x30532f259e3455a4799dd5c62cdd519d06a82d5ea15ae9d5b83df6f1c87f18d0
BUY,0.002,500,1770123846,No,0x4512f977bd587cecbdc3f97068cbefe2dc41f51249064e3b822bc3e3a579b4e0
BUY,0.002,82970,1770123838,No,0xa82cd36d4685cda666eb9edc307472f6e63ad77848eac42781fef48108e380dc
SELL,0.998,26,1770123826,Yes,0xd51bea334d3d2e080df06d5263948403f3eec735b9a10c092d100b64360acb7c
SELL,0.998,30,1770123734,Yes,0x7baebf3f1588f08299ebd84dccf3a4b3d3801bd4ff19aa88b01028df713a796c
BUY,0.002,500,1770123712,No,0x914b26ab6954bd2b7af5ca5e1fade82f3f3bf3dc81759b51cf76572d44aa99d2
SELL,0.998,31,1770123610,Yes,0xef106cc72a1f97439c5d86f62eda3bf43a347d6e007dc053e07663eb38f36f17
BUY,0.002,18645,1770123522,No,0xd905062ee514d13e5764dc61adf0a2c219b5bcfce3416484a461db0fd4db1137
BUY,0.002,500,1770123384,No,0x8bf70b87d36114c10d845666f3f3b9a75f21ef7f8d03f9eb628cde164862ed84
BUY,0.002,2210,1770123380,No,0xc8f2add07da4b68851b875b64474497fb432205ffb2eadce21f4a5132e28f462
BUY,0.002,1000,1770123338,No,0xb8ed1f423dc7a94875fa6aa69df035f869dd1b99de04abf67971ed4dfea328b8
SELL,0.001,83.33,1770123318,No,0x010fa2bdccf1036249946b12d22743296e2286ef912f16719ef3fe7e2138806a
BUY,0.002,5000,1770123286,No,0x71d7862b13dac8a302d71597302bf70d22171bb0bf685d5235246d1f081c9a6e
SELL,0.998,42,1770123276,Yes,0xdb04cf9332ac0cb2e3599cfa0475254b595c1f8b4c124120da78351ad0913ded
BUY,0.002,57500,1770123266,No,0x038514c36bc5ea352cc3bd5972b72d5a61bc1f1b6e149ce6414ca90bcf7fc458
BUY,0.999,20946.43,1770123244,Yes,0x7c7106d5ec6d70a113f47cc726e06e685b4ee34f221225266b99562f1567143e
BUY,0.9989999964167852,6.976975,1770123226,Yes,0x0e7745c2c119117b7a5067a8d1d772ca1760c69a0230567d6a33c819d2a1a0ab
BUY,0.9989998422427603,2.592591,1770123226,Yes,0x74df1b09daf7383fb0d7deb519ecdea58d1ea41f8f5453df2e9cb5bf5574c2e4
BUY,0.002,500,1770123222,No,0xc04d2dba972b32a977257636a002150784f30235753d622dab97c40c64b1f109
BUY,0.998999994773842,9.949948,1770123196,Yes,0xd62a767b98aae224012e1aa4dca3ebd497facee78bb31e3f089e6d37ef7b6be2
BUY,0.999000000999,1.001001,1770123188,Yes,0x5d374fffd86637bcef932f65339fe5a3ae420e32676a18cfc1f406386d3af60f
BUY,0.999000000999,1.001001,1770123186,Yes,0xbb350a2409546a820bd787ac7e42ff18faa8b6603f4d5d1c0866287341fbeed3
BUY,0.999,4000,1770123182,Yes,0x73c3fe431a870a879a36728ae4cd339dcfc9242203b18b077b1e6052a59efcc9
SELL,0.998,28.84,1770123182,Yes,0xc74832ced59f796296035bbe013de426a32e74b81e67ae72df66b00939c078ce
SELL,0.001,253.29,1770123180,No,0x4e821abb52ce43882453f5fd131a216ab7ac6efccdc9f585606a895f388e1120
SELL,0.001,5.88,1770123134,No,0x5b0fa7cf0b7bd374f231c572431b31ef169e438aa4d3b3b99d110519b0a93076
BUY,0.999,196140.3,1770123130,Yes,0x728fa9709407c736b6da709e1d551e66b384b9c078abff680dfdc3bb69286c5f
BUY,0.998999993415491,47.687686,1770123096,Yes,0x99fabd0d3b05b0ed3119358d2470b398109420bee6691cf599e4974afce89f7f
BUY,0.9989995615894897,1.39139,1770123094,Yes,0x79ac6ecba26e3a0823bd069a0f3e86c83a830a41d73418aff0ca541e948a3e57
BUY,0.002,5000,1770123090,No,0xe389b9a18328d43a193640d0f302e11067dc04820e7a8d3e71f38f1f7f6a1ffb
BUY,0.002,4780,1770123040,No,0x44ab0afdce5ce55af40f49c3a6a00cb4319806ec36f4528a625c15f47cbe8ca2
SELL,0.998,49.01,1770123024,Yes,0x3765994367d04df64f45e727c6f2bdd62f8c188e4f21ccdd97f1d09b6ed77e54
SELL,0.998,20,1770123018,Yes,0xfdf2d0cbe6d98e9bf615f70321216cefcce4658a7a8a698f8069e35e8f5064a3
BUY,0.999,5000,1770122998,Yes,0x5e780e9c47f045e83b11cd3275d2cfc18af45ec62d52c8ef39698dc20046a7dc
SELL,0.001,10000,1770122998,No,0xc8db3d513cc4ddfe4f807b4b5dbb31279070ac591b1ac65a92a7119069c5fe52
BUY,0.002,5000,1770122994,No,0x0a63e2a65cf3f23adaef5a21ea5070c48de847f719c31e347e9202db28bf99bb
SELL,0.001,162.68,1770122988,No,0xbc1548926675dc67d6ac204c59a3474d5c8841ad008205d0dde53d26ee52560c
BUY,0.002,12660,1770122950,No,0x34e86c9c427c3ce7c2af8b967ede36e317f066131ffa4ea1837691df927c19e3
BUY,0.999000000999,1.001001,1770122940,Yes,0x57df5816ce71bab288a3525e1eec7acc3a070e2712334e810b79d832bcadeea6
SELL,0.998,1,1770122936,Yes,0x1db2d790793dec6d487ad07e3203b9234707e856144ef2c11c28842aa8e955fb
SELL,0.001,22249.88,1770122932,No,0xde4aa6e3c004833d0a5699685a0bbaffbc409163a90c6e0e4447c1950346d8c1
BUY,0.999000000999,1.001001,1770122922,Yes,0x1340bcb3bcb86e64e20ad0803a6fdae19f9aa11880ba12a9be576afe571cfe17
BUY,0.999,10,1770122918,Yes,0x38bb7680192a00b686bd6451790703b6b41c797123fda00836c1230e690ee2d7
SELL,0.001,30.61,1770122832,No,0x64564ea62cc8166b66d934acc121eccc71f3572bcfb604ad5d1b97c959f45b28
SELL,0.998,110,1770122828,Yes,0x47ca84684e32a1a9fe1675c736963e61901ff19e658687a1162e23b1760452ef
SELL,0.001,2.77,1770122802,No,0x12d5b50a131241e439cb584e3b7a52faa3caf9cfc23ec67da8c8c5e5642b79b1
SELL,0.001,6.66,1770122774,No,0x8a1b51b020c323dbc5e7d26bc4a044084d27a9f121c70469aa5d70ce556b1a67
BUY,0.002,5000,1770122750,No,0xd95eb016d4649ace72abbaa9e82a3603b0832fc993dcd475a0d98ecff20df53e
BUY,0.002,500,1770122718,No,0xabd384558a8932be36f15705ed7c763fff56376872746437822c3abf1a5b9a4e
BUY,0.002,500,1770122696,No,0x1688c20eff5b8e80a8d98d9f3fa050e9c896e911aa22c93139681f3af7c3585a
BUY,0.998999763355632,4.044043,1770122678,Yes,0x3e060932726b1a0d9372fc5cfcd7ef49632b36363c30b8032144a575872fa572
BUY,0.002,500,1770122678,No,0x4b69ca2b4df1ad90bc69ddb28ff75653c4412df02bcccc8c14abdd3dc1e37d42
BUY,0.002,1000,1770122678,No,0x0edb2b1665b12f6aaa5cd238079bfa7c96bab8c30b6164beeba63cc91db518a9
BUY,0.002,75000,1770122674,No,0x92dcfc5702ad0b2be5574f584b330b5021013d960e9c9b55054efa935e508b44
SELL,0.001,96.77,1770122652,No,0x6b30479088ffc7a64794c22ff5c0457ee456fe78aadd34cfceb27a69ed0bc4dd
BUY,0.002,500,1770122612,No,0xbd00ecba981213cfc64d6391b1e108bf0cc2a987a81aef1ea3bdf8f7eee5586b
SELL,0.998,30.41,1770122576,Yes,0x80bb6f89521c36086c0a194c4a2deb83a1db70c11251638a50408192ced56687
BUY,0.002,500,1770122568,No,0x9ccc21bb39f9961d763f42fd9227ddc800542085c591806f4377ae6274231114
BUY,0.002,14500,1770122536,No,0x27d7ff363c696d86a1e165f30b0f941b1cba5a391e2155b35a3c2e5f3809ed79
BUY,0.002,1000,1770122518,No,0xe23fb31474ef966f9c24c999277e62f5ead77579ddf34616417624f34a0e7f28
BUY,0.002,500,1770122492,No,0xd85550d5bfbbe7b2f8fcaecd6153b5b09ea867f95cbeefbc8d88df72e83fe9af
BUY,0.002,500,1770122452,No,0x062ffe89092e5ff13448b65236c22e2adfc7b8e05aeb09c36e9a69617bb0a1e7
SELL,0.001,67.5,1770122314,No,0x09c5742e5caa71c1b5ff8a209e64f0bfe1a139c4c05320f879aeacf789b927a5
SELL,0.001,2.7,1770122210,No,0x47a02f06e740b67a9b27878b233cee10c5295af5ffb218c5e840d7ae756e48d9
BUY,0.002,2465,1770122118,No,0x24b48f21e62db929f0acf2a0a84e6762ca765624f496a171a0339514547ca2a0
BUY,0.002,500,1770122094,No,0xa808f6e417be1f2068f7823e7641ab6d265170c40cd5c3b83e805016e5121b2b
SELL,0.001,50000,1770121952,No,0xb2d131e53154bc1c5cfd0cb16652d13b59b50b8b34e08af2da45550b2acc2cfd
BUY,0.002,910,1770121912,No,0xae5a48b6a4a1c7527b5b2893c79af329e5d82d35a8a2f75aa30f30ff518a98ee
SELL,0.001,1378.76,1770121882,No,0xcc2574b69b22b78383d52e4f57e746779fdfebbe055f82cb31e412642c16afdf
SELL,0.998,7014.02,1770121880,Yes,0x60165aae465ddfc0d2d09aeaa716f87cff99a8da32ff2b7080fc859e2d5c0499
BUY,0.9989995790940912,2.112111,1770121872,Yes,0x28fdb6210ebd7548196b4abe8a481d783014a84f15405fd85d18b4b8c5184215
BUY,0.9989999213017482,2.782781,1770121846,Yes,0x11101e4cf3d2a4c1d851e1c36600871a67e92382721cfe4eb722104614150bd8
BUY,0.002,4680,1770121842,No,0xaa25fbbc1197ceb0e503ad7df1b28706c79a2b56fb05ab086e79a9307c711af5
SELL,0.001,3557.5,1770121798,No,0xb4387e18f2d9b164f11577d4f15d922db29772ce4865934217f4249a4be0fa84
BUY,0.999,3.423,1770121738,Yes,0x9856db433417fac192964e7ce7fb3cf657d83e74d9b9d3ea4569ec9e66259fc5
BUY,0.999,299.669,1770121714,Yes,0x6393d1a8e3626587bf856bbcae9fe9728789c867079c6cf5da5f70633f12dbba
BUY,0.002,1000,1770121706,No,0xa8f5691e0b8a288b110f25289cb59bba0ace73c5ddd00cf8ffe78d93818004f6
SELL,0.001,15000,1770121698,No,0xec5b799c2f72b3af7a853977a6fd70606bcdf1a655412010405cdb9f7b69a83e
SELL,0.001,2554.32,1770121688,No,0xcc8a5474ec09d444fca0f47cf15398348471566abb658d17683721a7017c2a0e
BUY,0.999000000999,3.003003,1770121668,Yes,0xada41b93c562d6ddb51deee15fd75f55b714753c6845d3d5ef1434cd528b85ab
BUY,0.002,5650,1770121662,No,0xdb774e11567506ca3b8b9dc4f17376484cf08a5755019f0c8181d17163928b7f
BUY,0.999000000999,2.002002,1770121616,Yes,0x2833db77445ebf310cf875f700e097741f421392fad112e0b9099667f33c0998
BUY,0.9989999658961846,2.902901,1770121616,Yes,0xc3093f1f649a9d6604c546800b98f6d46de181f081b2f514662806c0d143063c
BUY,0.9989999868374912,2.962961,1770121614,Yes,0x4137a4b9462a685d002f06146a403d97f2331114094408c7b20ab911a922ab51
BUY,0.002,4880,1770121612,No,0xa3edda356c01171ad902f82d0bbe2c4f93fd9a06903dcd2d0627577a826221ad
SELL,0.001,6722.6,1770121596,No,0xe7aaa7dd699f70951930f59fae0064495636e394355401762c265b40c37db7b0
BUY,0.9989999897412947,96.016015,1770121526,Yes,0x7a6e9e40f64f9ffc1a354f9e9b3172095984bbcfb0ddd717550cf0c6eb9f101d
BUY,0.999000000999,2.002002,1770121522,Yes,0xb7f125968ac46e73251c87b8e8fc9dc2bbcef3e77b14410535493ebed703e887
BUY,0.9989996580600607,1.49149,1770121522,Yes,0x88765a626dbf644eb08a6fa60c547d9a6ddab28d35bc4d06672ae63018f0a4ec
BUY,0.999000000999,2.002002,1770121520,Yes,0x43ac5b1f4fa73fa32e83634c8568e109d39d325eb996b696dfd25a1f58095262
BUY,0.9989991826355463,1.1011,1770121520,Yes,0x9e4ffd0389bac58ea2c7a8d918877690e9e707077a340caf6c3ed055a6806f50
BUY,0.9989996758208679,1.51151,1770121520,Yes,0xe6c38803c55894b094b4a50f36ee48dcc012ecdae69aaa5a99651dcecf0552e8
BUY,0.9989991826355463,1.1011,1770121518,Yes,0xfc6272ff574e82a07645b8650720dc683ab7fab9267eaed07700038d071ddd0b
BUY,0.002,2500,1770121518,No,0x1e52f4d4170cb588f1e890ba122c8594a7a004fcb7df8fbeba88bd049c6536f3
BUY,0.002,500,1770121516,No,0xfcb53b846d27d01c4c22cf701fd7716e77ba475281d144006486670c0316904b
BUY,0.002,2500,1770121494,No,0xf1f7fb5b76d1a684b92168ad3ff854d34a3ff56247259fa3bb2ccee2acc499f4
SELL,0.998,350,1770121486,Yes,0x7d025779844b9b279c1c80681f3f81beac1014e1f811283996358b48a1147186
SELL,0.998,100,1770121440,Yes,0xf0ab8cc0502d2b6f7e3e28b69af695aebec0af8ee0e5a59213c5d910624cc062
BUY,0.999,500,1770121390,Yes,0x9e022421171053749879777c197001b2d29f53899111b4ac2f277ce0a21c7796
SELL,0.998,12.34,1770121382,Yes,0x952d0f857dd31620a8e1321d443831c7a7ce123b4001d3ab077b7da074310694
BUY,0.9989991826355463,1.1011,1770121372,Yes,0x8c6c62416bcef16a9b454c4c45700b5a1d44598c5af7b0cf990eb4a5933391ac
BUY,0.002,746860,1770121370,No,0xca31bd5c0a6b4c7a47b9edb9b9913c3aea6cc3022360bd458d829f9f3441990d
BUY,0.999,500,1770121338,Yes,0x883f28894eacfc14affff9af626764f04498cfd57f0b1ba4c017444ef093db9b
BUY,0.002,500,1770121304,No,0x41464a67938472c4f9cbc93deda2a7f6bdeaad94c218619b92671abd6d470490
SELL,0.001,1000,1770121302,No,0xbd1aae6d3ad2bd48fa2b2f5d579bae97ad6edf15b0946f447e91bdc67ca1dd55
BUY,0.998999998999002,500.500499,1770121080,Yes,0x0d0ce14b3f2bd219ea0a84458bc5dd40dc6334f7dc535f8f19a584ed967141ed
SELL,0.998,1501.5,1770121036,Yes,0xc9e464efeaf8d2c0b4008c13a87ea9f734ffeb4a74e4902f0b46b7cf455d1195
BUY,0.998999999667,1501.5015,1770121026,Yes,0x6a070579765132b33c5aa75cf5adc6fedc074274f2a2634ebbe9b85d749d2395
BUY,0.002,5000,1770121010,No,0x5a6a0b36209c63967e6b73f60bfb08af2a9dc5e93be7ded69b9a86c3e568d6d6
BUY,0.999,3036.57,1770120950,Yes,0x99e4c287c2876d98268bd07a2c5a00d66aa93d0332c4b928bc29b7d6be314350
SELL,0.001,12,1770120950,No,0x71b9ee40023286c41811568be7f7cffd8ca04b7263e310bd2f258d2f44d3c92b
BUY,0.002,500,1770120932,No,0x8d1d522d7893aa2b14528ed2bbb158056543da86d1584b10b5111f82170f6aed
SELL,0.998,14.97,1770120908,Yes,0x6bf769fa867b728de290e637046e02cd8146796f8108c6208d4ff82d8b75906f
SELL,0.001,7.4,1770120870,No,0x156055240499732314cb9def0268aeacebd5531e51deff8dabf46f6407929606
BUY,0.002,4925,1770120820,No,0x575c6855e0768ad2242b267223fffd53dd4f4e8ded43861e003564153fc5c30f
BUY,0.002,500,1770120816,No,0x555f527c17f9f700c96850ec750d22a1a3d7fa9b0f6f5d2541e59f4cbf6edbd8
BUY,0.002,1000,1770120770,No,0x7bbb72011cb796d2e7a3cd9825359683605bc645f5cbcaab62df461d6c2c50f9
BUY,0.002,500,1770120766,No,0x56100e4dda61af66a88e018d578a82e146916c0148309c317eafebdcb373636b
BUY,0.002,6500,1770120756,No,0xfe98d6d710f4c7f9fa196e8febaeec4cc900ac675fdc46fe800bf85b2774fa05
SELL,0.001,20,1770120708,No,0x92c19daa38c52f35c526ed901579c4f43f5366499ea4452a032f864f904f312a
BUY,0.002,1000,1770120630,No,0x47f37081c278e10a0c640dd47cfaf461473c198fb12009b448c56e8eddacca4a
BUY,0.9989993477596784,1.21121,1770120508,Yes,0x952d9466176c8f2ef281526619c721baf6cf63f3f4bd90f9f1b4f9aaf2b63bbe
SELL,0.998,24.44,1770120508,Yes,0xdc834104897d367cc2a34e89712d5a8596c4cc3f9f022d9868906b98582b242e
BUY,0.998999148999149,1.08108,1770120506,Yes,0x813e0593fdd75b8391a00aaee101211d7486d7ebda54eea64ac1d642a8daf8bd
BUY,0.002,50000,1770120502,No,0x2e8230dcdb0e785bba31598544cc540e92b149b723c0a2eff78c92afb43e112d
SELL,0.001,10.41,1770120492,No,0x9de17b4299508e2c03ba2fcb8d446cba4f2675f8f560df969261bf32f26ca21b
SELL,0.001,25.64,1770120280,No,0xc6ecb8239c84c7747d0566ed7b353e166af773d57f439822e7fc886eff7f2e16
BUY,0.002,500,1770120250,No,0x2063ca95aa8cf277b68fe04637627337fb19159481f7774f05f08102c9a2a58a
BUY,0.002,2500,1770120206,No,0xbad3569344b0b15adbc4ca21443126dc137da5c55a96d0e601736ba21f666cb6
BUY,0.002,3000,1770120196,No,0x4bcf3a97d67c8f0dadeca95c1ace4536fb4c61cbfc8d4847ff06ecfd39bc4c3d
SELL,0.001,2.27,1770120118,No,0x4c3534c85fe0bad84b04b63216ca265141173b5e134f78e06b9e40bba804ec1a
SELL,0.001,19.37,1770120100,No,0x70362e7f6763111cd823d38581af5066943f2cc2bd5a609bd6b4d848d72a5e30
SELL,0.998,8.01,1770120056,Yes,0xa169d7d46cf28a0e5f88d918bceef8033e5981062acbdf42c25dc57817eb74ad
SELL,0.998,15.09,1770120034,Yes,0x442f731a11b22da76a5b1f4395c5bb0eb76719cb1bdca43e5a9f05b563368dec
SELL,0.998,1.26,1770119946,Yes,0xa13d1297ef49e5def19ffc6578bcdafaa8f5ee0c83a0bb3b335ce829a5105804
BUY,0.002,1000,1770119938,No,0xd3939851ae123b76580b1e276ccf7a80b36eb0003960141405934e8c3875f969
SELL,0.998,5,1770119890,Yes,0x4c8a9e02f06620b739cfea6aa942bb3b9da5c28d57cd0816d6f4887276362723
SELL,0.001,1000,1770119884,No,0x5ec902d4c1f1e052bf45d35c5c0ce93f04f9743433d5baa22f99628562828094
BUY,0.999,3000,1770119882,Yes,0xb086ec8c5b9a6f78f9cba7cba063109cf50bd6580fa0de4e02d9fed1d0f838d2
SELL,0.998,4.99,1770119874,Yes,0xf2e2399a9edbeabb6763fe46fbaa479fef3a5631860722bc53a2662994052702
BUY,0.998999998998998,4.994995,1770119866,Yes,0x35f260d2b83b217f22e54392801829bec9695debc0481dd76314c94b70c7b9f2
SELL,0.998,5,1770119862,Yes,0xdcfd08ab995d4159e47dc8c5fbd3e2876ae3ced51e6c31e51631f785d9f38652
BUY,0.999,5000,1770119854,Yes,0x38ade9b108f79e8654ccf197be8972f0c1949f179e4eea4d2a852f1351c915df
BUY,0.002,1780,1770119840,No,0xf3448a5a54854c5d3c16365983c8eecc65244253fbf900793487f889a96efe4e
BUY,0.999,33.363,1770119818,Yes,0xbe9ae8ab193fdac34602eafdaa1ee5bc1f1cb809a028d7ffa2ec30499191ff77
BUY,0.999,3000,1770119642,Yes,0xf87df4db5432684a02417edf56aba864987fab25922681e11ddec838e8fcfaf3
SELL,0.001,35.08,1770119630,No,0xb5650cbf8aca4ffa6fbb8ed8c5e679773fa672a72041ad4e18456b07a3b47fb4
BUY,0.999,2.832,1770119612,Yes,0x5ed37b02fa2c073b8cdbb8f72431b4eef016b33a31f261f8cb5af0a451405ac6
BUY,0.002,2000,1770119608,No,0xc3037a6e07f75e39938659dac428218bcd255347f30e46f2eb23520676586c44
BUY,0.999,1.001,1770119600,Yes,0x1c2cc4afbff5050a8952c6957593feed338c08b2c59f93e9f29f97e15ba177cb
BUY,0.999,10.01,1770119600,Yes,0xbfa810b4e27df4d5fe3a7f6af76c938e9ac8400e0c01f73b1e5f4e8c6e11224d
SELL,0.998,20,1770119594,Yes,0x367effff5c5058bea9cae098027e922d926657b6537a1ac8a73120d36e433462
BUY,0.999,1.001,1770119422,Yes,0x993bd934121dd5ec0e8dcc9f567d0efebce3930682b810598dd4aff62fb35e31
BUY,0.999,1.071,1770119416,Yes,0x1713e0a9b821c664b46bd39d6afaf2d99dabb2964490408d72ff748668946324
BUY,0.999,3.543,1770119412,Yes,0x733eb75db2f297cdbcc5b6b770e7b02ec2529b6a5dfe1f78999331db2e1318e8
BUY,0.999,10.01,1770119410,Yes,0x2cefb05ebc1707f68d65da10ee2d0b0393b1bb7a80dd6588857efe09cfbb8cca
BUY,0.999,5.005,1770119408,Yes,0x3802c7665144d9b3ae049a75dfad45856cdbb0c1ed669f16bc0ad4a1b8768bc9
BUY,0.002,2500,1770119406,No,0x9df16e2006f39b92ece4578decdc13bd558bf73f8fec04ec36e4bcdcd05f1657
SELL,0.001,160,1770119406,No,0x4b57df4ef9ec731bd78ba199021143d0f68d2212f1a35bb9b05310652771808b
SELL,0.001,137,1770119386,No,0x4333679d2ff9c7034f2d7b32d8fe370db48a56e75571a14592870984686b024a
BUY,0.999,1.071,1770119298,Yes,0xb3fed47b8b43f828a48c09cf8d22efa62f571801655f8ff7e491e977bc3a0e5c
BUY,0.999,10.01,1770119292,Yes,0x21dac8de4187183ebba8306ce419833c50e74a1690d8cec7fb67beab1e1b60c5
BUY,0.999,14.114,1770119292,Yes,0xe0a830535b0e5073a9f53e22d29aff7ffd958c2dfc2a45f8a1a3e71c9aa2edd9
SELL,0.001,1000,1770119288,No,0xd52b0b37735bc12174f73d172fe23c720bed8e5cc8dedf85f711b7b24c4f5d67
BUY,0.002,9970,1770119288,No,0x73a6b70ce6b43f716dc12a25f0e9f7653e2cc9e95993e7946964d7477f701cdd
BUY,0.999,5.005,1770119288,Yes,0xbb7d60964b11e88cf4b88b2285f09e36eaba27ee04719139278326f3f566a56f
SELL,0.001,115,1770119248,No,0x3bfe3082f6bcd71e027436c048b3de6dc2430b9096c8683aeade57a3b95c8521
BUY,0.999,10923.233,1770119178,Yes,0xd823ccdd5f7210259951f76a86307934fa6d70f52b8ae497271aac395897c2c6
SELL,0.001,833.33,1770119036,No,0xd47f96e28d6b624399e07ee1505360905b3fe272238dbae91ac29527af775413
BUY,0.9990000008991001,10.010009,1770118996,Yes,0x56d864d80654af6d433270c241ca17c42afdc8ffbf3de0a81c2adb2787a9669a
BUY,0.9989991317094121,1.07107,1770118990,Yes,0xacc23a54271055755a4e320a68e800cbfd3d28e7ef9c15d35c04ad5947cb9904
BUY,0.999000000999,1.001001,1770118988,Yes,0x62ef684bfd52d5ba2fc060f55bca01dfd42cc0ad188d94d2106a34e0a198751b
BUY,0.999000000999,1.001001,1770118984,Yes,0xad544e591d2d7d0dd94220ad68c32077baedea194fb6b92f7dadc60c967b6015
BUY,0.999000000999,5.005005,1770118980,Yes,0x325f5da375b74226446a353c5c291f8c9a19e6f9cd940065c0a1307201a19630
SELL,0.998,28.16,1770118980,Yes,0xa27668779670ec63c597b4180fbd412d814c08dc8f25cc8e035ce304d46bebb3
SELL,0.998,10,1770118880,Yes,0xf9d09d4bf854c9a6e3688d586f860156bdd6fad370c9ce5d83927b3e4a17bfd2
BUY,0.001,115186.59,1770118634,No,0xb604466290b78a2c306c01912bc7f71901a639cf4d00535850e7d0fedc558d78
SELL,0.999,40.04,1770118576,Yes,0x3bc8751369fcf73b20b82a085296b67168f26c02e7619e02261b5a7ae83db794
SELL,0.999,151336,1770118380,Yes,0x42a625b06ed6b6e6a5dde16c569268d0156073d19d663af208c6265bb4efdb8c
SELL,0.999,50000.2,1770118376,Yes,0xc43a4824b39840a93fc5934aab0fb696c10efcd132dd621ea2cb4789b10d1dd1
SELL,0.999,12.34,1770118258,Yes,0x91d48a17687da6338c7dd315a8976fe6c1e4c19243e1e7679faf15cdd0f119cd
BUY,0.001,1000,1770118178,No,0x09bec4cd55e21aa50a28a5f94419326c5896601bce659e83adb818ae3a059ad3
BUY,0.001,4990,1770117842,No,0x2e24fc777bcbf02d4217d1e4e31635afe624647bb0352f1914efabb3a94a22e8
BUY,0.001,1000,1770117830,No,0x08ae08f7eda84e3e89298fbc1ae06e53c1f29ebde18671b6879aea6f93983a3c
BUY,0.001,12500,1770117828,No,0xe078d84ff039c866c9d2e7830ceaffa66b2a8288ebc28b35dce1bbead55ffbf4
BUY,0.001,1800,1770117442,No,0xc5a740e1421b2fd6eced36449e2be0c77634956bbc28874160a5e82224b2d5c8
SELL,0.999,170,1770117378,Yes,0x28aea0a338879e17153919f8279f27de37cf80ca84f1086b41a23021cb93f0ed
SELL,0.999,197,1770117368,Yes,0x39a9dd4cfab302e3764ca434cfbaa54969224df4d8cc6696822af914570a9214
SELL,0.999,2.87,1770117212,Yes,0x938a3d667a13f026e6aa2984ccec4bea074e2e484d90a775a02c174ac4368050
SELL,0.999,4.27,1770117202,Yes,0xee16abdf5481fcbfc9547bbb4b1ae0a5239c4abddfb4b6ba67baef43d11cfeaa
SELL,0.999,21.51,1770117202,Yes,0x3c687d58d42afda4c60187c7273c96b625b3f5b120928b65e8730feb43843315
SELL,0.999,1501.5,1770117202,Yes,0x6e0a4c0d75413ad5fede6322d3c695d112bb4baa2588cf48ed01d8fd2728e406
SELL,0.999,1001,1770117202,Yes,0x1f5fca2702d689b75c3072781d175fab4c8d876f284ce69d6dc810f49bae24cd
SELL,0.999,1001,1770117202,Yes,0xce8716cd36d21be8c7e2cb7c4671ca52c2cfdb15adf0bc558d4b39e5b0231d01
SELL,0.999,363257.57,1770117198,Yes,0xc97e7cf8ed041f5f676fc0e363413d6aba4a5488774bed67d4509c81195fb6fb
SELL,0.999,5,1770117188,Yes,0x06e6fe1e69ecd39f5369d21608309ba9c30b4aa9d439a8d687ff61ace3771ac9
SELL,0.999,5000,1770117180,Yes,0xf9745454a78526b750665497ab00051c682aeca0f823897091b05f3ce1c70704
SELL,0.999,8,1770117042,Yes,0x074ff73aed5fd258a52e6011974e288bbe257e065173c84f50956b2c168c0888
BUY,0.001,10000,1770117030,No,0x1c928db33b9690b6d7ea251586b2af3efeef267b2351bd9dd4259a864291c62e
BUY,0.001,1000,1770116820,No,0x02e0e029b92dfc99ef811093831adda936e261ded115ba5ee61e7b39dfdb3d90
BUY,0.001,1000,1770116692,No,0xc101fd924097d3430bc780b5b784464a79c9b12810f08b64e625865dd87dbae9
BUY,0.001,4000,1770116658,No,0x4d21e68b4f2a204f715d26b52224e522c320a99f50aea5ed35080056312b06c7
SELL,0.999,20.1,1770116592,Yes,0xb21b3bae70447eca942d8c5db147a3132f679b00584fbd33ee3e53255890f848
SELL,0.999,7.35,1770116554,Yes,0x5f3ad7026f653ad8f1e4ab36ec2f2c439df407681634ec5bb8f75db61cea8a77
SELL,0.999,50000,1770116550,Yes,0x9568e09a7c259a0abd2db7e6f54a79756b2c134fb7a4be62f4176459e0c7a24f
SELL,0.999,10000,1770116542,Yes,0x95531d1d6d5ee5e7ba8f096e95ae932a9b38370360a5bd98a8dd9e804960dfde
SELL,0.999,1.44,1770116534,Yes,0xb424e447d15f76a22295c4abe8ee4dc1e565649ef35059157db824dd111c3515
SELL,0.999,12000,1770116386,Yes,0x0e4f612f79b1da01cac2ffa04f6097053b611cf70b8a5d5371ea7055ed1e82f4
SELL,0.999,8300,1770116348,Yes,0x9d7dbe78bc451839ff7b97781223dbecce0cf10633da1d1782f0110658c5f56d
BUY,0.001,1000,1770116302,No,0x73e6d17d00f67c6c9c64bdcf5558a5c28b6fcad8342fce322e05d22da584ee32
BUY,0.001,2000,1770116270,No,0x71432d7a8a784b7afc0d30cf28bfd5f64a785a4e1852b903fd6fed327dce3393
BUY,0.001,1225.6,1770116230,No,0x79c47bc1151fdc67db6d92b59bbb70770d7d539754a1ff873e8e826b09cb4bea
BUY,0.001,2000,1770116190,No,0x20d52765d33b40e35bd8f2dabe827df0931eedf3a25ab6c1630a39a78a3c3e05
BUY,0.001,1000,1770116126,No,0xcf7fa5a8e2c21b53bc64e9b36d7d1cba14eea03e061716d82ca2195263986567
BUY,0.001,1000,1770116084,No,0xc50236db48c45e524b87a5e11e8bba54472c2031ee4603a8c8e632940171546b
SELL,0.999,98.68,1770116068,Yes,0x4b9bcf752af5c8dd14b572ea00015e309cca83ddb3bd6e660415602a744e3eb3
BUY,0.001,2000,1770116040,No,0x0f2a32959d7e47d8de8f77be637519c4a33af0ef845304dda5630a0cd63af608
BUY,0.001,2000,1770116006,No,0x86e5b6929732c09224b5e838d1886bd1a87af5584779ae8a6d2e9cf99fad8204
BUY,0.001,10000,1770115978,No,0x3c3b129169be238726c23da035d9bd8c50cfadc88a2d54f70c2bf266c0bc8e71
SELL,0.999,49.15,1770115936,Yes,0xd9953ac5b7e4870b9508c30e66c79d2a0d3258e96a4f3cf4bef7fc7e85bf53ee
SELL,0.999,5500,1770115822,Yes,0xc1181fe7db72b8a10168bda01d59c6d251ca86a53741c2e1e53f7e961fa4798d
BUY,0.001,6000,1770115812,No,0x8d457f7b55beaad277d7316943dc61a03211533969fbf3a2647f7668d0af66f5
BUY,0.001,50000,1770115692,No,0x154438dd567545180a843930bfc598927e61afc2732e5ca92ea2a960f64ebe60
SELL,0.999,5,1770115606,Yes,0xdc488524aa56a626f021d1f3d2e4b2646ddc3fea8bc8aff2ef9350465a18373e
SELL,0.999,90,1770115596,Yes,0x99bfed18727719166d2880cab089c3404a1ad19f067b4eaad6ce809631cddbca
SELL,0.999,2.49,1770115492,Yes,0x7d355749f035f76adf285a1527785f1508d6e9dba5906b7d5731efc2ebee8bb8
SELL,0.999,8.53,1770115490,Yes,0x1118625e181da278c3dab56e528ac458035ad7b085a0b57ae9794194efb5cae5
SELL,0.999,3.25,1770115490,Yes,0x5812b14c50ce716cac37d91e57f3c6461b344e9edafe2bb83a9a232f8ec805cc
SELL,0.999,10.07,1770115484,Yes,0xbd3ff103d1ed2fb36eced86247cd63e7ab2c822aa4d088c0b3e04199d844c212
BUY,0.001,3000,1770115318,No,0x2154ba9f58912052f22a28908ca2c98679e0523c8d53749841bc39f1285f1473
BUY,0.001,3000,1770115238,No,0xf1dcd82770345a53045d24940b7b97303a0726a2e535108c553dff80089a31ec
BUY,0.001,1000,1770115222,No,0xa8f0dbf1f56ba2e3a733126339fffed4b98ae2cd51eb63b771dc4bf4762b54ac
BUY,0.001,21320,1770115188,No,0x50243b9ca7d98d7cacf7862ac5d7a23da6cc14c613464a81463f8507816a61fb
SELL,0.999,31.04,1770115152,Yes,0x9b9dc2c318f15fa41e95bb12b2833264c9efa9ff1af2ba645c107851d6181841
BUY,0.001,29900,1770115126,No,0x6c8aeec4a03ae320a4f23c7cef36ec5a1a46878419b35f9db0ca0160f29414be
SELL,0.999,22,1770115024,Yes,0xe70d166325fa0d4c42d34831a7776a4b686b67b27e86c843b9c8140b94ca0247
BUY,0.001,12380,1770114940,No,0x858966347abd63d97c52e4e209e91d1911790fe50d98e538fec5317e4868aa1b
BUY,0.001,5000,1770114764,No,0x288960fbdb9b9cb9862c72fdb9b49c897fc6bc91cb9674fbefcb4d66950105b7
SELL,0.999,21.39,1770114558,Yes,0xe93f1b19b61f7f7b2a5f05388c0fef5d02f82cf6c949af10a000951f7f3a84c3
SELL,0.999,8.97,1770114558,Yes,0x219f0e892be0b297bc008deec8b55608acdb0db3aa3280f9f556cf35ad5caa61
SELL,0.999,21.39,1770114558,Yes,0xaf321da4f333d3db192b7807e3a9ecfde530fe2f0dde4838f1c510e74d9bfd3c
SELL,0.999,8.97,1770114558,Yes,0xfbe293e9088e7e2a4a40d5045c1b1ce016ff31878a72de98a5ccd4fa0f682139
SELL,0.999,21.39,1770114556,Yes,0x6b61bfba1d3c556fcbe0d9bcf20c6fb8fdb3a26701715477b5967bec24f948b3
SELL,0.999,8.97,1770114556,Yes,0x6b364f1098d0a2845065f12ccad5e2116c2a8c15524cad59790ea71b72a7a84f
SELL,0.999,21.39,1770114554,Yes,0xe6230253dd8a02126c8f8dab35c04d69a564188f070f24a7253eb9305f1b2bdd
SELL,0.999,8.97,1770114554,Yes,0x339957267ae77c77228e3ee779ecf8a4db96535e6c8a7a85d402ac1e77825b57
SELL,0.999,8.97,1770114552,Yes,0xc9709dfd74f6bf8d36549bc721bc84dd89bbb5334da5981c22a4a3cfab9c5f0b
SELL,0.999,21.39,1770114552,Yes,0xa73eee4b296307b78fe4aafe7642131452dda61248690c578a281253e2695f45
SELL,0.999,8.97,1770114552,Yes,0xcdc1d4c7228170e26eb7ba365145d1cf95a726178d14621e373078e5a6fcb2dd
SELL,0.999,21.39,1770114552,Yes,0xf6e6265a7301632bbd23c8a39ac5ab98dd8cd268d7f0b59b2087652bb63565a8
SELL,0.999,21.39,1770114550,Yes,0x313b9f1959596ae23333eba6559e781a8e19366bb014e49aad4d06d3e6010800
SELL,0.999,21.39,1770114538,Yes,0xefbd8a907ec17cb0ff424b39302c949809ebe8c4f784b439a2f061d060c99d8b
SELL,0.999,8.97,1770114538,Yes,0x83f7881969c9bb1180deeab616a619f6e05292799509911b0b69f303a409a211
BUY,0.001,3000,1770114512,No,0x3a470d927680ccbc2812f2f38964f3e46d1a5c12c981499d7dd4f6d4ea37733e
BUY,0.001,1000,1770114478,No,0x70ec96d8d316e94c9a8c16f729b2a9a4566494b08b89ce0e88fd249e5d79659e
BUY,0.001,1000,1770114452,No,0x5c2fbfd283341a96efbcc5ee0eae856c827094d9a9a8b9d1763ec092d0511a9e
BUY,0.001,13420,1770114438,No,0x3a0198eee6221211d872e703e9d6e8636efeb20ffaadb1c2bb6a5bb144c9e447
BUY,0.001,1000,1770114424,No,0x7cf3a9f49553cc7b99badf742896f6a353fa9217f56c577820a11ccc28158ecb
BUY,0.001,24700,1770114336,No,0xdd2c00b4df40c54821f30fe648d3df59eb85e16a463060534ef48abf6d6d00e2
BUY,0.001,1000,1770113890,No,0x84f5fe59a8b13d983eacce7906b2c1626c3ae8402384a4aa38125cb54e965398
BUY,0.001,1000,1770113822,No,0xdaa0e4663bcd60de07aa0f207e6748240db13aa5ddc5308b545ff66298034ca3
BUY,0.001,3490,1770113794,No,0x29141223d469875b3822ba773871658e3dec8dad0162a8bdfed938260e8a3877
SELL,0.999,93.55,1770113636,Yes,0x9f962187555e3d85f5e7bfa44affd0601f1c9d13936b5435f3aa5f78f3493ec9
BUY,0.001,1000,1770113576,No,0xe9b563a8d75ba2c5d9df5ef921a6288581724a98fdddc9b8872b1e928ecc770b
SELL,0.999,3000,1770113404,Yes,0xf79ecb8e9871557123a9ce491a3314bfcf7c94c21357c9d27c01993d7fe1e473
SELL,0.999,2170,1770113328,Yes,0x84984182c31271f66c36d2afff7d8127ba75a7b06724ea4126bf28630167f282
BUY,0.001,1680,1770113264,No,0x75885594b91a280c6af8791f6ea73c42683f6cbc0afdcdc71676090d4ebcc59e
BUY,0.001,1000,1770113232,No,0xad7934214b934f733a80c92c43fa98306582d26bf632bc244a2d14727e6981c8
BUY,0.001,3000,1770113102,No,0xf073fa2d5190b0cda0b3e66e6d5b08c7f0273b9e6a900e60b3a765d59b6a6aa8
BUY,0.001,24440,1770113052,No,0x8e4cbb892ebc8fd4e8f0f574d880fd7edd0af83a19f24a918313e69da86b4f78
BUY,0.001,5000,1770112906,No,0xf04bbb3470b4679f3c877536dffa2ed1a6248ada91f2e4e7c05c11c02d5d1c91
BUY,0.001,3530,1770112882,No,0x94ca0bf3f065d3c7ed3486e8d502b8bfcefc8f47ec5ffee29e4511b9536a13f6
SELL,0.999,585.99,1770112690,Yes,0x6d6c74a0205d15ad61089fe314cdbfec5710383f2d27245d060cada3d4679eca
SELL,0.999,1,1770112666,Yes,0xe3630f53e60a9c80f67bc69364fb47089f7add3545fa4a10eab624f4c9ed68ad
SELL,0.999,287.89,1770112554,Yes,0xefba8f27cb8439d4daead405bf139e37a1664530f5e34854c9b4442bacce7d77
BUY,0.001,1000,1770112302,No,0x700f73c9f91dcd7bba8bc8bb67d356c79b9e8f0f17030987bd141613e2653873
SELL,0.999,15.03,1770112136,Yes,0xc3fbf837ff3f28e937d606bbef12a35c22fb093bdf28950ebb7a8da146fae1c3
SELL,0.999,250.1,1770112038,Yes,0x41056f1b639218a76341ec19c3c42e89532f0fd70d9f6dfdc211cd78ae50e43b
BUY,0.001,10000,1770111770,No,0x1633ad9196e679f585f2472cff4eaafdd8b11668e0e1ac198661d960e9b4c3cf
SELL,0.999,22,1770111714,Yes,0x280d07415e89202e4e58565d27bdb5169d2bab34ecaedecf63a5d5c7d50f832d
SELL,0.999,500,1770111570,Yes,0xa1e32e01ba37b150efddeadcfd8e2c34ff4a0288827d526fe76867e69458f12e
SELL,0.999,2000,1770111548,Yes,0xc877a94ece8f1d7bdd1a4c925aec356a72034afa6112709147e360695eb71957
SELL,0.999,23.15,1770111486,Yes,0x882c5d3998a493afa3518c036bb31d7a8258018eb5bcc275536a6a0dd7b83439
BUY,0.001,5000,1770111270,No,0x9fe31936d8deeaf62d04a42ae2d64ac48e8a7a2cbe8462cb134c340a52ef7de3
BUY,0.001,2000,1770111036,No,0x71ae48c73c91b7c1d6f2e06fc9bc5ebed23e73dc0af3911b71aaaf33ed886a2d
SELL,0.999,2.59,1770111034,Yes,0x6c8db775e7c50e3d5e99e7fcf6b1236a2b3c252b1942dde8670e20bbfb3ad645
BUY,0.001,9600,1770110778,No,0xcd2847103d25dfe7f74746ef2a9ee2afb352a106d79fe546683873f87dbb0a1e
SELL,0.999,8,1770110586,Yes,0xcc18d52f8654d47ff919a5fbd2632dc3b3003af6b262205c678009f4327e2c73
BUY,0.001,20000,1770110340,No,0x3d7ac46599ace42fdc4bd4624d3005495395267949428d6be3fb4d62d45cafd2
BUY,0.001,20000,1770110340,No,0x64bfee1d794a44e7fe3616a3618dba2963a1758ddd544da4524133b51fc469ed
BUY,0.001,20000,1770110338,No,0xc32a999941411ef8b0c1c89885475b9931482095c1aca026854d9fbb020e0302
BUY,0.001,20000,1770110336,No,0x7da151acd496eb2be341f28d63e8fc99f3163e99c3cbcc3f72e9bf446efa9be3
SELL,0.999,500,1770110144,Yes,0xebe30fa3dfe6db57fc54515778c34706be6ce4d1f56834ec866cf148d256d206
SELL,0.999,1020.52,1770110016,Yes,0x5d734e59c69a33ff4643e79be723fee75b067f9411ddaca00a22c6f525cf89f2
SELL,0.999,3.75,1770110014,Yes,0x39a0749a8fb4760ae020447380eefc4eae4b85f18a0edad4d0cd88e7d0bab3e7
BUY,0.001,47820,1770110004,No,0xd0eb9a360556f411d2f3ffc4ec53f7d6c1e9112c34c2886d81c0e622b7b54c61
BUY,0.001,16660,1770109848,No,0xec06e6ebd3e45f4bc8b91bceb8a13800b9adbc92e33f0873e70ab39645f1e6ff
BUY,0.001,1000,1770109702,No,0xb9d4f834bb85da98fc1a3725208bca7584e775530e47d7847d249b98446bc702
BUY,0.001,10000,1770109548,No,0x0fb68b7076ca8c5be569dd81514ef508585bc9d218f28116de6a31164e03b47d
BUY,0.001,4910,1770109344,No,0x58ed75d88bf8d645d878354149f2438fea838470569aca50c6a3a59be9bc22bb
SELL,0.999,250,1770109262,Yes,0x125b461ef8effe57cd638b07883b2de3d891877118d3cfb6f794d66b33d85c9f
SELL,0.999,0.26,1770109006,Yes,0x891beebb441014092b0566037a59514a09411bf0b3c281f89965227062f45e6f
SELL,0.999,3400,1770108956,Yes,0x091b38138f6f07c77f39876258bcd450c2e0cb87330f5fd96681c05ae816e630
SELL,0.999,4650,1770108904,Yes,0x7cfdfe55c9f61b856469ef612b9050ea561069969dc8dfa4e37411be70cd4663
BUY,0.001,1000,1770108900,No,0x1b943cee2b993ca500b05a3b7d827cde515a89f07279e770ccf32fe2377a055b
BUY,0.001,1000,1770108872,No,0x34140c5630bb23fa7966506c77b9dcf70493ca10d69a45f9444751dd45920ca8
BUY,0.001,1000,1770108844,No,0xda2148270b05afeb54e6b79ea8a7619571e921ba924dcd5030152ddef950cd9a
BUY,0.001,55220,1770108618,No,0x0ad7272af999c2af2cd6b1cffeb175210f7027a395477c9b68dff84587c9e88c
SELL,0.999,160,1770108450,Yes,0x210bd7c6532e9a1fb3bec475019ace486abc419b8a317162429141c749162a49
BUY,0.001,1000,1770108198,No,0x5e3c72314bbd576f09e7569bc886b9011bc21ba3f25632d42d5fe06c7c358569
SELL,0.999,1,1770108192,Yes,0xfd381e7a0f52b30e64b97d5b79898b6d7bc6f9a254500d4488a6415397f368ed
BUY,0.001,10000,1770108178,No,0xc3ce77b6b083a0eb70d3ce2ecc16cf2bde7bc392c4656941d7caf2eee5d2b533
SELL,0.999,1,1770108024,Yes,0xfd2f2af30c4a5bce0dceb61d20fceef9353455c5248260cf317f0a485a36f2c1
BUY,0.001,2000,1770107984,No,0xe30d616363dd7030ac5259a6127870e9ca32b5bb68a8be6b09bbf61a68246868
BUY,0.001,1000,1770107812,No,0xb6b000b39d52c4ae16c56f50bff4c0fc557f59c20a2670bd9617832d42ffa9e1
BUY,0.001,1000,1770107806,No,0xbe66bdf05eadb15c48812746a7bde4869734c1209e2a79cf66615be6f82cf877
SELL,0.999,120,1770107802,Yes,0xa6ee800f44b84f08127095ab3895703d3890a8ee84be33802ce12e4e8bf92b70
SELL,0.999,20333.88,1770107758,Yes,0xf348202e1b5bf8772586beaac0fe5f6867655d279410c81ed07068ee96ec6017
SELL,0.999,10923.23,1770107756,Yes,0x4dc8344b30e033b51ff429d0fc8b55ca5e1aecb0a12732189e7e1648c1bf737a
SELL,0.999,1.42,1770107708,Yes,0xc722abebca85dcc3b21a188b37ab8ac48702c238deee63537a331c5c836582fc
BUY,0.001,24890,1770107610,No,0x683a86061ceb5b10f0cd61b679a66ee09bd49fd23e0cf5bb21d8af07245a426e
SELL,0.999,9.84,1770107608,Yes,0x6562be6f936cbfea19e569ba5a73e67aeded4f283fc1c9b19cff650c4b2d560a
BUY,0.001,5000,1770107536,No,0x4dda2bc824edf8a6d8d27323950bd20ebc470cf5409228690c43ada1251c634d
SELL,0.999,250,1770107524,Yes,0xc7e10a67c3f631e14c0069d6ebc68ea54cf9bd1bc2923dad2e9b9ab7cb6ee604
BUY,0.001,1000,1770107498,No,0xc0f6296b8e67618ba0e5936c2693cf96be4b94fba64a93b8e2257ae3e971e616
BUY,0.001,1000,1770107480,No,0xc3e7e5e863c4a81c98faa47e17e5059440713f6fdcd6f091bcc3ac176cb671d8
SELL,0.999,4.28,1770107476,Yes,0x7c3a9c2944b23354257a02bc19779bdead4cfcd4fda263bfa9de578f5b9b123d
BUY,0.001,1000,1770107098,No,0xf0d380d67700dc0d7ea04fb6ba5ba3d2a9c0d29a9b4cd1339114a86b9058d9c5
SELL,0.999,1.33,1770106994,Yes,0x43f3a909e110ce5157085bd3edc97f6b2bae18b264ff9cadce6a810fa4b61ef7
BUY,0.001,10000,1770106916,No,0x2dc0ef4384a86995efa361030ea850d2d9395077daee86341eb48af9d53ac1af
SELL,0.999,10.01,1770106854,Yes,0xee09e95d44f2d915a5e63af9350dc0f3f80abce2e5fc665f6fb14807a2d92c28
SELL,0.999,3.57,1770106534,Yes,0xbd39b743e3cb7147f850e86c43e4762e53f1a1411cd57b05abcddfd16bef7de4
BUY,0.001,3800,1770106430,No,0xec6dd6c68e29f062c2db60906e43939f4dcace83ded4bda0d6146ae82fb56de4
SELL,0.999,15.71,1770106416,Yes,0x44f2b3061d95edb51f0b4613806cea3dd211ba23de92b2cae7b6abb054a5d605
SELL,0.999,21.12,1770106384,Yes,0xef57961d6666eaa6743b6e0c3d0dd23b839810f4d46d1739cdfd6d4c5037f212
SELL,0.999,29.25,1770106064,Yes,0xa5ccd45a668dcd16413aa350ad637d45073cf06234c4f11b35be77ec5474360a
BUY,0.001,2000,1770106040,No,0xfa5bcbfff1c8efc742fbbe1ddafad966da8b99af718b933bab85651d868dc674
SELL,0.999,60.06,1770105994,Yes,0xca68ce4fb4f2566c490421be408407820131714964f8801d85eba2c518d3ca4e
BUY,0.001,2015000,1770105942,No,0xdba4e106d60ea59df668d44e4caea3b2870ccf675c32b8420d1acc2e8f9a2a8d
BUY,0.001,4820,1770105876,No,0x74a881f6bc6d99392ef1df2d529c4191701a0baacec222cc504721e3b6392095
SELL,0.999,4.63,1770105586,Yes,0x6ee1e95a0c65f698105963877371caf58c79ebfe74a96adc61166e7b387ebe93
BUY,0.001,1000,1770105344,No,0x0b874a2821622cd59d6a0adccf63bdc7f880324b534a24566a3d064ca9ed9f56
BUY,0.001,1000,1770105314,No,0xdea97b70cb87520addebc20dc4ea1f09ee01d514b9d362ce057a12ab3e64123e
SELL,0.999,0.07,1770105282,Yes,0xb10c599e1ab89725090e7fd6b8cf1bdd952ec53716fbbf6e2182116c6f371f30
SELL,0.999,10000,1770105280,Yes,0x91bfefcc05874d66b5debadc84191d7d736798a7e820ca0da5cfc9315ee2fc1a
BUY,0.001,1000,1770105260,No,0x9245d69e7cb58ed3dd3f2835084012dd29305c61c480b5ccc9e78d9e989d2986
SELL,0.999,3025,1770105136,Yes,0xb09978548ff4efcb14a44c71b66cccf6a931a7ef12290194a2f09e4780971c1e
SELL,0.999,0.01,1770104796,Yes,0xb26e001f496419294d5e0e582f7a8a7ee512857c6d763eab17fbc33f12ba22d6
SELL,0.999,1.57,1770104630,Yes,0xb22aaad5ef3e093845dd1ebb4a3c06257487e09bd6119533ae9c8058dde64b71
SELL,0.999,7.79,1770104630,Yes,0xdb36ff5c8c5721196b52465a1b73fb88cefc8c4372504206ca44b44ea6918535
SELL,0.999,7.38,1770104630,Yes,0x285cbda2a2733ddb14f695053380f3293fed061982de5e65732ef36c40793ac5
SELL,0.999,3.55,1770104630,Yes,0x8b3fab054cca69385eec09b4d12b588e0cb14edad1dca0e95e977cf66f4c9859
SELL,0.999,19000,1770104626,Yes,0x33b68ccc1a3d456807e31f54204ee5f3539b66a3604e15540167be41abb21d81
BUY,0.001,3000,1770104502,No,0xe972d4a8cea001ad670d24bea301ef5908dc271c27557bc559ab4b14b60749df
SELL,0.999,10,1770104348,Yes,0x78782042681d7f88898cbe637364c12f42ba7cba58b96d51915a4dac427b053a
BUY,0.001,3000,1770104348,No,0xacac78b3ef881b60a0fff545f40ecb2cb3be5bb371267012e584ca9ead17a2d2
BUY,0.001,4000,1770104296,No,0x0ed128f175fccb80ff7815cddc7e6bc0b8d458c72a3b616a2f866646abf8aca4
BUY,0.001,10000,1770104214,No,0x34acb34c8bc379cb9c15a7cf9d7515bc30eec40a79f623e5dde02386743ac62b
BUY,0.001,6000,1770104206,No,0x975047cbce2bdf78f5d2580194f6d6d80af37b571b50f72e9c0a282e288d6db3
BUY,0.001,5000,1770104002,No,0x34971d6a5d95b0e8ebee8dcfe2cbba8b9fd2a5d1bcf66a6ff915743784073bdf
BUY,0.001,2000,1770103990,No,0x4e5e855b35d851cd9266cfab8c6da673e85bbe07c807d3e49391e91a72b8da75
SELL,0.999,300,1770103918,Yes,0xa4abbd6c5ba9232304a5b8e227dccfb381f70d7e858e5101b401c01198d77e5f
BUY,0.001,1000,1770103896,No,0xcbf084bc5e463bb885bec9e7e86f76931eb58eca682b4dcee28b57e4f364ed46
BUY,0.001,1000,1770103836,No,0x29beed3dab6a940ac47b793c0a16c2673044288cc3a35ac6c6defd5347dca26a
SELL,0.999,0.1,1770103750,Yes,0xf263749975e0e1df67feadb239a825beec6c68c275ed4294004d928c730099a8
SELL,0.999,1.28,1770103744,Yes,0x3f50c2d0bb29644ed28092d1a5c5e6b2fabc72f3142bceb64d0e9a2d9056d25c
SELL,0.999,0.11,1770103744,Yes,0xff6bd67a14e65bd7737aab96a9738fbd73ebec39945febf85dd9c6efcf62c5eb
SELL,0.999,1.43,1770103744,Yes,0x02ca93799c1de7ea66c47a5d554279ece6399c5b59fb8474b84f5e616dffa051
SELL,0.999,0.13,1770103744,Yes,0x79ac2b8b1bf222a77c027a9fb3ea135689917f03e5dd88c92bd9ec249fc19951
SELL,0.999,0.9,1770103744,Yes,0xb97040b2d08da3f7be06920063696fd38a40dabb10a8cd79fcbf64aa6e3060ae
SELL,0.999,1.06,1770103744,Yes,0xb9b64a010bb89648895dc3a2093105b5b449f493a7dfbfd00eeaafc20d3409c9
SELL,0.999,2.63,1770103744,Yes,0xf000acaccad6a8f32e7014984f3c6a81edb8d066f59097ea150caaa439641947
SELL,0.999,5,1770103744,Yes,0xdc50418f9ad91f1dbf4b795ed32fa4f385d25314a329c44870025fa2e5c71760
SELL,0.999,25.82,1770103744,Yes,0x54aa5cf6a7144c55c47df16646786c134b186f6fd727aeca934cfec7a28ad441
SELL,0.999,0.59,1770103744,Yes,0x811b92cca4cef2949d35459441f357e4f25b60784e4c39103148401a250cab42
SELL,0.999,2.39,1770103742,Yes,0xef28949056aa2bc5378096d97c8767392bec0df4a1e7bda28fb85036712676d8
SELL,0.999,0.33,1770103742,Yes,0x8af0618103c5d2a8efea7ad1fe4bcefe8b03c4bf21d9468e1979bdc2957120bd
SELL,0.999,0.12,1770103740,Yes,0xbc35095383ff1ab15d786bb6bb1600f850e1ce1a69e58933efd444e82996a1bd
SELL,0.999,25.77,1770103740,Yes,0x05f8be3ac616d2a922af56794186b474c4707c11e94b3e1cf57571b83547f708
SELL,0.999,0.23,1770103740,Yes,0xea43eb5a7562173e209d5904dca9da351513b93894724ccc0d93954ae413852e
SELL,0.999,1.95,1770103740,Yes,0xea49edfe45274983c72b224a9f4b9e73c70a169f55935ca405fe36dd0a7cd2ff
SELL,0.999,19.37,1770103740,Yes,0x3d031cbef6c1eb27f6568fe7d51c61610a827332c4da2d58fc8b73a0510cfde5
SELL,0.999,29.05,1770103740,Yes,0x39d83d701294a81def9718d85179c9aac8ba66e173a5222527216b6090f8968f
SELL,0.999,19.36,1770103740,Yes,0xd268ff0ad5a322cf2bbc1fee44529c41dc98602733976f8dce8f1cb3021005da
SELL,0.999,5000,1770103736,Yes,0x40383af348ebfba875bd52e1ed4d04748865dc356e785d7f32b763d8eba1a240
BUY,0.001,1990,1770103714,No,0x7f8d3ab7253a7b8244ca90c264dd2309c7b8a08a8beae8fd281a6b9c0a789f2a
BUY,0.001,3250,1770103708,No,0x764d0f17573bb4cd3d25f129597c779c356b71cebea9c0a434798ffa730373ec
BUY,0.001,5000,1770103676,No,0x59b7dff69fc8a04ba6b567f3b4bea328cc90a3b18f91714feda439b6c42db72f
BUY,0.001,3300,1770103370,No,0x71a1a1ad605ad55ce8f57e3ee56e01af8ae1fe701f68a63a140fed8be45e9c7a
BUY,0.001,1000,1770103362,No,0x623e9bd7f6428ec6b2363494756160be01ee504c428082948f58d6ee4704865d
SELL,0.999,15.01,1770103360,Yes,0xd66743fcb364f323c09c1670f79d768c3179c50e9c8e7f82379feea5dfe0cc65
SELL,0.999,0.11,1770103352,Yes,0x20079d6c74350a8b34863b88623e7055778b03ee0b8d07d69a546a283411d1a3
BUY,0.001,1000,1770103264,No,0x3d7fa1808a2857cfe1d583bb449a8c13769ef889bae0f26d6ddc4a04ed3678d6
BUY,0.001,1000,1770103242,No,0xe4dabb0e05476f6d51a783d61009e05e654f56431dabe157e74450055255db14
SELL,0.999,0.11,1770103158,Yes,0x35db4bfa5b3d11fad34b471ced97a356ae7309afca5b7f991943cd47c8244b3a
BUY,0.001,1000,1770103136,No,0x1e80a05c4b9b5b66f38b395d8969de75663daa4723d87592900af57cbf683af1
BUY,0.001,1000,1770103062,No,0xba4b98d12bc504d1cdf924daadc57f66e1d992fb6e01feded8d625dfd8df787c
SELL,0.999,20000,1770103042,Yes,0x42ae5e487eb0d048f5398971ccaa767c1ec72cfbc225887a38afd3e730334444
SELL,0.999,1.26,1770102952,Yes,0xb1dc8d1d842ba9ac9b598d699269ad6d49fc59404dc27e63757ddd6d10343032
SELL,0.999,9.09,1770102838,Yes,0x48580b7ccea11fe4eca819a8b2a8e60e49450661e0dd508a100979d3618fbecd
BUY,0.001,1000,1770102774,No,0x0ee6de1fa8b90e3047a82d1dd476e0d5ae7f77756653ed8ff5bc7c6ce5cb896d
SELL,0.999,10000,1770102770,Yes,0xf8ed6810d54faae2ac744452d21ecab87e7bb1770f934dfbcd81860f15b909ec
SELL,0.999,60.03,1770102770,Yes,0xe02756a7b65cd01a182a153cf14ae0d80130108f12a43aed5c5e4992ba5920f5
SELL,0.999,0.4,1770102770,Yes,0xf5a377ca54dbca1a14b24ba2bcf4e555a35b291e93367a35a0e5f952f2de1e32
SELL,0.999,145.74,1770102768,Yes,0x17353ec405c96230f960727dade88118f0aa771644238842708037297f44f8ff
SELL,0.999,145.76,1770102768,Yes,0x6dc2165317948c3aad9eeece701f1b63a604debb9948ad133f2d0aba93bb8ef0
SELL,0.999,218.62,1770102768,Yes,0x9e3dc6fddedd7347609457e8be6e3cd897ac1bcf11736c6be80781820466f127
SELL,0.999,5032,1770102764,Yes,0xcba115b701353b7981825ab6ef7b7f0a9214aae54f99bbf705ea128598b7f3b5
SELL,0.999,13.33,1770102466,Yes,0x91e303dc1bf0585ba60f51182d720e9185659b115ebb92d38e8f8a035e37104b
BUY,0.001,1600,1770102414,No,0x346f52c7f5610e3eac0b7809b1dbf6366392726b095a96853c5ed24c777c0d13
BUY,0.001,1200,1770102082,No,0x05270a28fcba38e5adfa6a599461c13ab4301f26eb205d25118338551c3b184c
BUY,0.001,5000,1770101924,No,0x3f2d182fca03b08b97d79c218176f4aced12dc981faf9b5d06f4fcaafecd2730
SELL,0.999,4.13,1770101474,Yes,0xd464b8e6d2b633c8c6714cd6d990205fe018cd1d5d3e55f56dceb88363501291
BUY,0.001,20000,1770101422,No,0x7b0d90a92f42959ce0a73a357ab0d1d30dadb7d06d1d10f37372099584df9a09
BUY,0.001,25000,1770101320,No,0xe24e9fac0e65a5c34becfb53e1254e4d372a90f66fa9210bcf945691ef843860
BUY,0.001,1000,1770101222,No,0xb45e642ceb647419a3dd754853ff8fb463ef6364291548bc1ff26670521ea185
BUY,0.001,1000,1770101196,No,0x6b94c3528e396ab9cd564182211d3d5b29f52511152326d0ab051abed5397e12
SELL,0.999,1.21,1770100978,Yes,0x30c6b9e8eaaeabb1e45647738bef50942ccef9c288c8429107cab409f6fe99e6
BUY,0.001,1000,1770100946,No,0xe4a4c618ae8ef4782571b7e45ee63f8ddca6457cb305abf798e5c728f5387be0
SELL,0.999,56,1770100832,Yes,0x3d25ba03df3693b43c8ebd29cb63491b80641adc6073d28cea86edd922dcb2a1
BUY,0.001,5000,1770100808,No,0x425921a0f3850b179c44d0c7143fbca226de17dedda558342f9739eb1a36b913
SELL,0.999,12.05,1770100782,Yes,0xe528f0ca8679e62a9ab48d0d06e6f3678f4f29c44885b5d266222ea69bfe2568
BUY,0.001,1000,1770100780,No,0xdab7ce4b827485796140f9e555b05e09d0b13a471330aa7648723b778bcf8ff0
SELL,0.999,1.07,1770100652,Yes,0x6ebaafab2aae7ba4086a568eb41ab678163d4b7eda1c549ae2f06a0795b6ab86
SELL,0.999,21.81,1770100548,Yes,0xb13d66e22a3ad428f12ccc6a62c3bdc43e4963f8a4c36245b860d3676d34cb7e
BUY,0.001,1000,1770100464,No,0xc070a8829217d2dea1e17fa9568d40c5ca7e46c8402ea9dd46d2e3649e550966
SELL,0.999,2.17,1770100372,Yes,0xf28ba684835f0999a146c461a746b992b6b09624e7245aadcf3154205ce40e2f
BUY,0.001,8000,1770099882,No,0x97ebd67504f283d1fda4ee10d7fb3c10ca05e42fae385ab68ef70bfca73dff15
BUY,0.001,1000,1770099250,No,0x615765fcb2e5536fb6b634b6ca22b0f1dbd1e44ffcf0d337fc0b567d2816eaab
SELL,0.999,585.99,1770099178,Yes,0xa1a78015cfd476603c74e4c03d7ee384a25d2d8e35761f6cd8a50ce5af93937e
SELL,0.999,31.81,1770099148,Yes,0x385fbc6232cf5b55743180b9ae11baa36b7caf8ff2c8dda31b65cb04da4d48b1
BUY,0.001,1310,1770099136,No,0xbc2c91f9bcd06b5ff08f0904b00378e147427f84ace3e40a65689ea55b8f96d3
SELL,0.999,10000,1770099078,Yes,0x1988c487d46351414732d3d6c0b0ca4bfe5f551f4cbc9ffadebd23a4bab8991f
SELL,0.999,19000,1770098996,Yes,0xeceea00dd7c56d440ecb2ffbd020b147f3cc806db4483c96cca49cd69e132adf
SELL,0.999,19,1770098886,Yes,0x938334405a474a8ef85cb02c09c188b0d065c6243bac852949617695ce65e96d
SELL,0.999,14.08,1770098618,Yes,0x4ef90cfc96493020f082d5811adab3742e7cc05acf14d1c6fb3be4366f34eb3e
BUY,0.001,1000,1770098568,No,0xe8456fb2b420334d04275200eb2706c91b5b3e8b311a92d32089dafc63fba18d
BUY,0.001,2500,1770098544,No,0xacea83d688a011234919067c4fb20bf13d667d9650a722794e963e46faf57fa5
SELL,0.999,9.09,1770098520,Yes,0x0e8737588614d09ec440449ca77ec0d80372dcdfdcded7969bcb6bde5bac9504
BUY,0.001,1000,1770098314,No,0xd8467bd6bc83c7551bca5183d99f71ee20a4d0586c2d1ea5a7adaeadfa17f789
SELL,0.999,10000,1770098246,Yes,0xa104e16801ee95d5ecd736518fdf689f8270e4d31d3c915dc74eaeaf11fba4b2
SELL,0.999,10.01,1770098192,Yes,0x55530e87d64cc2847ef9193bc00bc10634adc5ddd5700f0ecc8c30f90c87a85f
BUY,0.001,1200,1770097828,No,0xaf51df2193953231f3b691711569664e5b6a66168db3e4a346805ca0d004a9d1
SELL,0.999,804.33,1770097666,Yes,0x52dcd70fb8a994430caba6ad178cc1e7b41eeee1d8f51a1571cf8e01d8ead98f
SELL,0.999,25.37,1770096958,Yes,0x4c24cac2842283c325ed9791ae1fef8e6aa1bf910c9f8a5b34d9933ed9a45ae5
BUY,0.001,3000,1770096652,No,0x1f3dc8dee1c9de7af2da33c70485baa03ffcc5b812dce0b152541252d8e0bd07
SELL,0.999,1.09,1770096620,Yes,0xba0299bc13a9b8dd5e53b82ebe3c7a6ee14e6890aa50849bfbf091b76888112f
BUY,0.001,11160,1770095474,No,0xc1ffa95e30a805f73065ab1ef9ec3b8265113c0123cb79d42b38131a4fcd09a1
BUY,0.001,1650,1770095430,No,0xaec637febe2372acec98254fbde262ab6b1f682c22684600a7c2c1f48bfe14c4
SELL,0.999,10000,1770095406,Yes,0x9b42396212fc6bd30fb0368fa698bc11e17fc9dfd4fe67df9d4a1db48b63edbb
BUY,0.001,24370,1770095346,No,0xd80115978d87ac5ce374e06f19a53d5101ec49f5dadd4ddc77ef9ba1839b1fce
SELL,0.999,3.33,1770095310,Yes,0xc3cde5bf34a4f33704f878fd3626cdf34df066dc009e41a9ccfda142bc430c87
SELL,0.999,11000,1770095238,Yes,0xcc6f55ea8cef84db4fcc9ffa2b96224df5adc513fc3489d68ab27c5d69bcd6db
SELL,0.999,6.17,1770095190,Yes,0xba9123f5dfc96adf6d681ffc783719d3fd94787e2e1e5be6a9ca878a35329887
SELL,0.999,4999.99,1770095158,Yes,0x11cd267d7d3a86817433bd91a438715cb05930c97a9f6c39f822992a6ef4ffc3
BUY,0.001,1000,1770094982,No,0x00770975002fa962890956f5c7fb4227611b4bb3a25360590f38e0856623de2f
BUY,0.001,9000,1770094964,No,0x455a63b030e85f45df27407d53585da3086c8c33244a2521c511eb6bf6178247
BUY,0.001,9000,1770094716,No,0xc5fe0ff4377bf2b211ed3f69417bc1ffe032252ed8a16f10143b6524d0130767
SELL,0.001,99336.27,1770094634,No,0x2a65e91b90585bdaa7aeab9075079200f7d07a5edb3389186dd27219ece6d84e
BUY,0.999,512.23,1770094632,Yes,0xdca482d660b5f9a6e638aee620d27f03c1755225d43d4f7518a645bfa79705fd
BUY,0.999,371.901,1770094580,Yes,0xda787c27e631cabe25ec952fece5ccc17c92bd166f2e61d15535c1328f473bfb
BUY,0.999,47.397,1770094564,Yes,0xcbc082630d9a2b71c3c7ce5e7a27d85c4fc00ee8f422a800109d4ae5950fbe6d
BUY,0.999,933.87,1770094510,Yes,0xc500f9ef1c96e5d2620d7b0a59cd608610a046eb383befe7a2195c96dd75aaf4
BUY,0.999,1.001,1770094494,Yes,0xbeff5bfeb1a1fcd370c0d54734b53fad44f58076e4f50d34b5a4d223f2239d55
BUY,0.002,5810,1770094466,No,0x16cb79f9b361da01e19effb1c04aa8697b4080d0cda2ad16575e467bd2358134
BUY,0.002,500,1770094464,No,0x52c2f73ad137cd23956dd102fca534485930f90e894f263baff1c32f287a4b16
SELL,0.998,1.59,1770094464,Yes,0xd49af7f3921e298d0bb9a2dfecea5416f532075037a67d8cb785510d6bdf25d6
SELL,0.001,1027898.46,1770094458,No,0xb1e694778b6646866418348db270192c43662a92c942012c28eb67bf3f36d82c
SELL,0.998,35.82,1770094458,Yes,0xe2cfee938697d4968c3e4aa4d6be1ccde4fa3a5e7617e8bedafb067ce375ff9b
SELL,0.001,495,1770094414,No,0x85833c325e59a4e956494507f6aa4570304b676752c6550ad06ab84f8b882700
SELL,0.998,5,1770094362,Yes,0x0df833007e3b4f7191daeae8b0104dc3a9460a69a59fb94b5ba9166aaf472b7d
SELL,0.001,11000,1770094356,No,0x9719ae76d2766062598c945d43b3594172b7a3d8ca581aef3cb090d2ed45b01e
SELL,0.001,25000,1770094180,No,0x07c8433de46bacad37d30c83516225d3f5dfcaf2bf660e91fdd1b5b676617aeb
BUY,0.999,34701.3,1770094148,Yes,0x7716f3ce576c87a0629b56c9041a63705db9e2e12b5654f543b76a157327e0cf
SELL,0.001,200,1770094144,No,0xce88f511290a4fe339e2dfa5a76245ce579a9a3c00bca3c303a0770d485bca32
BUY,0.002,950,1770094142,No,0xf606831a4664fb8014d989bcc2e2e66f6adb46e62f8e814130fe5ba495bbf49f
BUY,0.002,2610,1770094084,No,0xe4288eeed2f04cef414fe8c5a8a5651b85ba2319a2c3a08dbd28dd0fd485dbdb
SELL,0.001,100000,1770094056,No,0x7ff7748595c0dbacfa0fe6b8a9cc355e04cc042a9e8fe99c1e0a5abdd083d3d5
BUY,0.002,500,1770094004,No,0x259cc947fc38922ca9b07bef13090fae8ec9eada1b1bc9b1ff76299a14497ad4
SELL,0.998,10,1770094002,Yes,0x59e25add64c13dc791effde695dbfadc34209bd0d8d5df6629a8180e930c03de
BUY,0.002,500,1770093984,No,0x59ba6fa9246c62fca6f83447228a974dc9dac0905a500cfff4ad2f5ee1fa0d69
BUY,0.999,1.001,1770093970,Yes,0x15d2466ef3e520128ec78b2a2d3e984c9578e12da01c2a0d4fa621927c4f1aa6
BUY,0.999,5.005,1770093862,Yes,0x3da998598cf66d5108231b635775f556e9703d0c1bc7680ee982a0796e545a3f
BUY,0.999,5.005,1770093858,Yes,0x6f314e8ac0c0b86d66a695d3e826f0f48f319ce6566cc431ece8fbf27adbdde2
SELL,0.998,11,1770093816,Yes,0xd07481601ab4730a53a0bb51cb1981ae317b51ae49cfa3535d8ae276d5667166
BUY,0.002,1520,1770093770,No,0x57586e5ea9be5d631bcccd4e709e88e4c9ac193d5efd48ddd6698ce94cc6c27d
SELL,0.001,71.43,1770093752,No,0x4d82be3474e9834211a3054503efffedfa331ce4ebab4391b10f7f028e9619d2
BUY,0.002,4000,1770093704,No,0xf3718b4ce2ba5b425bd2ea90bc47d7b158e1b893b6020b088f0473fb4e74365d
SELL,0.001,9367.35,1770093662,No,0x16e1833c3a35db7fad2b32271acf9fd07bf2a4c8f0bb4c0d90e6c9fc305da33c
BUY,0.999,5.005,1770093660,Yes,0xa20b00c6826c486842e0ecaf33e2f97d3859be2db25463dac1775b069edd8704
SELL,0.001,5215,1770093650,No,0x2e0780defd34a0184b91f8225154e33acedac046899d004d8b3acc90e65fd2e2
SELL,0.998,490.01,1770093630,Yes,0x3598eec15255a7e5cfd9b3cf863d6b1d6b352b149f1962da0d77ddd53af74e35
BUY,0.999,2.002,1770093516,Yes,0x30a6019e76b67cfef9cbda170f2c911cf92b24cac0eca21a707343076638402a
SELL,0.001,11875,1770093490,No,0xcc6d554281a7dd8b007cea57363d82ced418af91b2a06f58270ff843762d87b8
SELL,0.001,17983.33,1770093436,No,0x577a9bfe2f7bc33641aad20c04254530abaf18c14e3d4cc1455abf9053b0e6a8
BUY,0.999,41.651,1770093310,Yes,0x9c4b19f91826714ae990f5077af215dfad1e8dd05e3ab321fc432c0de73049a3
BUY,0.002,2500,1770093264,No,0x8b32b801f24cf6043cf3b5e74acdb15bf6fd6283be460ca0b075fc2bb8c9eede
SELL,0.001,12811.66,1770093204,No,0x2fe537733989f17b2125fcd65f205a0b0230bc8acf2c8b8c830bd38904a9ae4e
SELL,0.001,2833.33,1770093132,No,0xbceefa867d2acb319e345325662b96b1bd0c35157e79f821bd17ab20811c488c
SELL,0.998,32.9,1770093108,Yes,0xfd77e57b887e6df72150e2172633fb25c3654e7fb53e3c669ec87fb02f5c889f
SELL,0.001,3300,1770093090,No,0x2cb662f4647ef7fddfa91123e488393337e1daa305d6f4fd082d44e4bfc0ce3f
SELL,0.001,7500,1770093074,No,0x6ece63b7232ed81b9e15c7b6c365c58634c2320f84e03473ce0bd06d4911d0f7
SELL,0.001,500,1770093046,No,0x6e237b2f5ab6856131ca2ecb0ed84e7f8115dde86f09aeb58716045eb3d01bdb
BUY,0.002,500,1770093028,No,0x9837428dde72db7cae26bdae335e499e504d4999d62c25d268d806a079c221ea
SELL,0.998,18.47,1770092976,Yes,0x9551db8c42d31463eb157d0cd94cea664bca912438ba96b4cdebee8114d05454
BUY,0.002,13000,1770092976,No,0x9ddb14fb9211a27fabeca3d3140556b782ac6534ad848ab8fa5b8a3eb1bc49ce
BUY,0.999,1.071,1770092904,Yes,0xcc170c5e8e9d60fcea3d3dca4fbab8463a8100b83e69e28a7180e1e5d8cef272
BUY,0.999,1.001,1770092902,Yes,0x4a65e618445f021fa905fc3295f1469cc16b7edc71d458d6a36002c437288384
BUY,0.999,1.071,1770092902,Yes,0xe42bdf105d023c786366b3d65383004eb30df4019e28e54e87c5ba5f413a59a5
BUY,0.002,520,1770092898,No,0x4bbc1aae9fc69dc28ec542f100e67b8e771c43accb89d2a707d0ac3ae29c386a
BUY,0.999,1.001,1770092892,Yes,0x4a6ca3d18cfc76718529c1a2359bfa7ccbc5635d175c93ad88bf2647a53f3a8d
BUY,0.999,1.001,1770092892,Yes,0x017158ed56a0b2a82d053748eb96b37cc8299d066aea862bb59109cfb03dcda6
BUY,0.999,1.071,1770092892,Yes,0xb399cd32cb803d74268b20c96e457db742438953f5cd36312382ec9baeb0b074
BUY,0.999,1.001,1770092892,Yes,0x3d9d35bdf4d24216087c2701e041e7e9d28f8fc90ba23007bc11ada4a248baff
BUY,0.002,520,1770092888,No,0x277a5d3906c0354fff04bfea6595354b9b7bf3b550e4715987502c6a571174f2
BUY,0.002,520,1770092888,No,0x124fd1b22cb01724fd5521f64a95271a1446ac06cd5c78123ec7c437f1903263
BUY,0.999,1.071,1770092888,Yes,0x544cc20497e584cf8e955879bd396bf1479f37bf362ab5b4fcf15ea2f5d2976d
BUY,0.002,520,1770092888,No,0xde82e0c2fa50df6fbdd04f99a09ee112b74c4a1772668149cff3cec8390fee05
BUY,0.999,2,1770092880,Yes,0x4ec2d69baaef41b9ffb6d2a82ca3e67634efcc47af9943bc1890f49b72121b6c
BUY,0.999,2.692,1770092880,Yes,0x422fe318302ab7b1da623c9b3f33869b01dd9d799d8f1af848166ff9581928bc
BUY,0.999,17.507,1770092880,Yes,0x5cd8bf3d63695b5d445f2cd335fafb085980681f2830695ac6e910385f1dcb8f
BUY,0.002,93305,1770092876,No,0x1d7bf8865cc30ee2df71c4bea436479a37c7bee7d6421900e902e9ff743e1bb4
BUY,0.002,520,1770092832,No,0x818672d37e3c0da6b0d9c5b982b51e9497c45fd7dd789e0371ecf3a4182268e8
BUY,0.999,10.01,1770092820,Yes,0x3a74a9cd3265c52d36b2abcad7abd385662a75de78b3980d0fd6b7c07c5a2a93
BUY,0.002,8500,1770092794,No,0x82b68eef765ecdfdc55971d3bc58b528016dabdb6a52a28646f44c432c488a36
SELL,0.998,14.1,1770092792,Yes,0xf05748a38c8addd30c875308b8a57eb29df1c8f2f925a693a9fa4c8f223a6a40
BUY,0.002,5000,1770092730,No,0xaa6e17940c0aea989dac4a69cfc3eff05405d7fce0a87d507265cbc2cd4beb91
BUY,0.002,520,1770092654,No,0x4c455bc7c7937133ddbf5fc3811a7c2be8557d640c8ee5e58f43bb5326eb7ffc
SELL,0.001,5.79,1770092646,No,0x78c488d8d31f8436a3d81dc7aadb838cc969fa8422c06217f2384b60c8012cae
SELL,0.998,413.29,1770092422,Yes,0x49376062700c2cdfb854ae0e1d295c90d917e94cb8284a4efb8544d4d7aecf9c
BUY,0.002,915,1770092388,No,0xcdb00778969bbf11a7753c3afee70997a5fa52479874bbfaa057a0451be147b0
BUY,0.002,500,1770092386,No,0x9ed09e6d70f191d6deee31a275e73add2f87f08baea09006ae007cdc10fd4ee6
BUY,0.002,520,1770092334,No,0xf8cdf90ca0e07f04f35209b178a70e27173d717b3b50c21792d4d77f3351457b
BUY,0.999,140,1770092326,Yes,0xf52e129af665a33783027301b3145923ebc8d33c5f47b39e867eea509e1a64b2
SELL,0.998,25.97,1770092228,Yes,0xe4293379ca949db4f43c523a90cc0b7248c64cded151f0a7cec7fcc7a4a12369
BUY,0.002,520,1770092122,No,0x111737ed5f5a4de80c28bd4a5c4036f3069fb095d4a5e9ddc950d99d9341c457
BUY,0.002,520,1770092112,No,0xd4793094894f10f35435d549e220e4b897b43e9098fedf0c31fdfbe5c59eb1b1
BUY,0.999,2173.89,1770092110,Yes,0xc91170382f22303725676b980835989736254140fd9d2c11b4f2770b47cac154
SELL,0.001,6000,1770092100,No,0x20cbdc8dd9cfe2d6e28f381db67a93d7f96e5cdf4e3fce1cc3a21f01bd505341
BUY,0.002,520,1770092084,No,0x2d918b79360273429854fa262f5620c795ae80795f95eca0d6ad71558795e218
SELL,0.001,6.25,1770092072,No,0x6257ccfc4fbc86d39c9cdb0e832c745efdfb6624cdf0eef062133e716bf27bf8
BUY,0.002,4160,1770092032,No,0x654ec91a619797a4e46f8c9d359c3add735dff72f07fe4d501c39273282a120e
BUY,0.002,520,1770092032,No,0x2657e1ba77c058d1c800e801eb89a33cd59f2b6143633c2488cbc5805c9312a5
BUY,0.999,5.005,1770092024,Yes,0xe5de15b52f85190e3e61bb6da75779c09d926e6d99488c5edd608ca5a1677c4c
BUY,0.002,500,1770091926,No,0x8d55462842fd8218ea5926cfc4c4b698fa1b39470db12a58770767d0c6215ebc
SELL,0.998,2210.95,1770091902,Yes,0x7d26ccad7259e6df5142792e388c27405c502340e7099676cacfc917d997fe2f
BUY,0.002,520,1770091902,No,0xe8015cb63d730564dc8688bde1e635742d44a8c8ad327f3550b06f296e7d70d1
BUY,0.999,4.994,1770091892,Yes,0x1b2ac9ab097ad4b5de1ba84d1d81dc59d56082f489e98e0e04ed6f5b37bd0615
BUY,0.002,10455,1770091870,No,0x4c1491ca1d886aa7c6ad88aa605e8249508f279f00e0f9d330b7b663f5a1510b
BUY,0.002,49055,1770091686,No,0x1c0d6f7519f82f06b006c5e8c7a6e05d6080fc377cb5e866b921437e880757b1
SELL,0.998,17.51,1770091662,Yes,0x5cc863306dbdde2ea6bff71330974be001130497b531d4535c42d39f315c2690
SELL,0.998,2000,1770091646,Yes,0x4e264e4b00fb4fe898e9f947b9c70ff7be28821d7ab4e2cd1dd6e8da818aebac
SELL,0.998,100,1770091494,Yes,0xa0bece133a64710be8e675c3ee397ad696ebd56a73a91ab5a2cf43b2bc800ba0
BUY,0.002,520,1770091474,No,0xe149d00d5db73bf1d46e3f695945fd2a2413da676f441d8b4e3304e6b96c4a12
SELL,0.001,2.88,1770091464,No,0x7941bf88677866d2c119fa27fa38c1ef071f01edf92d7d03f2a64f68c35d3261
BUY,0.002,5105,1770091456,No,0xfac042f1f12146de20e296ee0841c5e9d365586e3c0b182bb00d2c7983aaf114
BUY,0.002,500,1770091366,No,0xaf1dd5ea074f930245bc05b1ee58701e914642ddd53ee3433a3baf0bd9ecfb90
BUY,0.002,1000,1770091290,No,0xf1a142e2b414ef4ed05f640def3daa63eb43cef1c1316a2f1af540cb111843e5
SELL,0.998,5,1770091242,Yes,0xb2cda74360334a7ae7008e4a09ada58540f785b2aaa9e664d581702cb6cf2d67
BUY,0.002,500,1770091230,No,0x762f5f7c899fb249ebb9105a14e0c7764cb332f1ec104d20bc4f6d0c66d8deb0
BUY,0.002,520,1770091216,No,0x7658a717ee2ec553fa86eb618c577d2e1c9cd25ec5427d547d53c0c94d775265
BUY,0.999,5,1770091204,Yes,0xde3b4d1e6a0d09b560818138d6e8a478f505f5d494e9fc3f994f4d7d51178bbf
BUY,0.002,1000,1770091198,No,0x31b2bb256ba50b334a918c01fcf66515d371f1ec8edcc980f3b6d0eb0c7ce434
BUY,0.002,520,1770091190,No,0x35395c8b21a65d7e207f06d7ee21d9ba905421d9c78f192a07ef12dd9b4c70c0
SELL,0.001,10,1770091180,No,0x2d2c45254ea2afa284fceb842b3ab1a6091c75c9f7b1846d0617bfac3af24e4a
SELL,0.998,18.51,1770091148,Yes,0x4d0d5405bcca0ebd95f6024e110bccc7ed575362924ffa36d4c84182f3ff05c5
SELL,0.998,5015.04,1770091096,Yes,0x6099a947c7cff1d16c7796164544b6c2c94a9d8360cb6f48eab8905bd2aaa714
BUY,0.002,520,1770091082,No,0x4f9556f696454e942c279bef845e1816fd445fa157ed8deabd337c985b44e742
BUY,0.999,2221.38,1770091072,Yes,0x7b9b3173d90ac77696ee4de7286e4002dfb96bed74f6188d16998ce64efe9549
BUY,0.002,520,1770091064,No,0x75d028e09a1a15fbea409c4b75904421cb1ac80ced40901ced8345dc7f4983ec
BUY,0.999,5.005,1770091052,Yes,0x18c1ee500642ba7f9ebff65767259765539c46d5ad16f35480a9295967faacc2
BUY,0.002,4000,1770091004,No,0xdefb186c606073ecdc49063f4a064970ff2444af2677268a6ff50177b0cb9964
BUY,0.002,520,1770090954,No,0xfc19c43c945603fc49c156b7bde4098c0a7e73acc9c764f5c3a901582f549901
SELL,0.001,7121.39,1770090942,No,0x76f3cc3a574d95ee599d8913cd86fa3c99c3766349a17337ad017bd970885693
BUY,0.002,520,1770090720,No,0x6ea7a5f5cf1bf9c1f90617620ac654029b82ffa3a5a15d45715172ce569fabb4
BUY,0.002,2500,1770090720,No,0x21cf6982813f41f1eebed11fe3edd446d98f2366939314584996c0066179b4f8
SELL,0.001,145.16,1770090712,No,0x352ac2f2828dd63804223ce90bc07fa083cdddf75e63c85fa05df8db539a9b6d
BUY,0.002,520,1770090694,No,0x51d17b800988e9869e328745e25604efac3fa7848fed2ad5c49f29b829cf96c0
BUY,0.002,520,1770090694,No,0x4f11d757fa7f635e348189e308c4702ae74f87907dc221aab4701d7eadc89411
SELL,0.001,4.98,1770090680,No,0x6e06576a2e401e47f56cd08f8a640024487900f675e680c274d2a2d574bf4b34
SELL,0.001,10700,1770090680,No,0x3c3c3c4d1af83096a51f508fd09b21681ed950ffb445afcff87afea388dbb957
SELL,0.998,358.61,1770090628,Yes,0x695e0ca7442b96ddd150dfc056260cd2d76ecb5e43e9ffdb8c1df717d30c8620
SELL,0.998,138.88,1770090604,Yes,0xbbd3cd5700c1fbb7a201e2ee6a60a5d96a282ff6eefb1ac99d96372b852faf4f
BUY,0.002,520,1770090576,No,0x6a7379698e1647d2979cac836d37d9a62d20f5e505ce6b67aa686cff2a9bfbb6
SELL,0.001,1000,1770090566,No,0x97090f710fdda3a8967e57f616f8b4ed6e3c3e168c54c2eb4389a7668d050617
BUY,0.002,1000,1770090506,No,0xb2a6aa73853cddd9efdc3c40105933eb3f6dd6370732cd5e263446618f67e532
BUY,0.002,520,1770090440,No,0xe2f0933d416740e37e2e27d68166d5ab831dc2a4edd1b23ed85ea9963186c2a2
BUY,0.999,3.003,1770090430,Yes,0x6673f2536bf7eda3f61a0034ade206ffe488815750d56239f8d7191fff230179
BUY,0.002,520,1770090354,No,0x3fa86788e4ac8e5a08262c5c038e2bc88a36cd48d9be18a652733206a4b1c2ae
BUY,0.999,358.618,1770090346,Yes,0x87468a74b6a2247ac349068fdf57004df3b3b442d1740964fd74bd3f0b74bd7e
SELL,0.998,30.3,1770090198,Yes,0x45fd48b07f73d5e3f6a411da8ad5cb170181c038bcdf4a120d7c989915731951
BUY,0.002,5000,1770090124,No,0x3020a1c79f8d4d575b52566ed1d6ef6e27c06fc7bd7c80f8f360e788fee24d06
BUY,0.002,520,1770090092,No,0xa8f7f0693707a648837e7f84a26a283f901dbb1ef26b047502b6e931874ebced
SELL,0.001,18.18,1770090080,No,0x20b779681c39cb5874b24821fa8c4bf5727832e557d5853c1a5cab78d1b950be
BUY,0.002,520,1770089928,No,0x9f6bb4e236b343e995706c4121176cdbf82ee78953ecc5a7b46513b8ddf1f860
BUY,0.002,520,1770089924,No,0xe1b68c47487034f9260d75a22702a8c0db82519bb65e240819d4cf976e187afb
BUY,0.002,520,1770089924,No,0x25148e52b3653d7997ed3c6455759e076ff3b5a80e452c76aea902c14b81590d
SELL,0.998,18.66,1770089922,Yes,0x6ebe853024809d12d52b5f0f5e12852b615dbebc0ef6aaf2e46bd18c0650c63d
BUY,0.002,520,1770089920,No,0x736b2b887e39202aedcd32255800bb752742b884070b9fa4e220a39f7111fd84
BUY,0.999,2783.89,1770089916,Yes,0x68d8297d273a11491b85bc53ad279f8850c532cb70b7a2e8d159627f5edc6fea
SELL,0.001,4376.11,1770089912,No,0xfe9a475c99a6ecada7987cdcc4397d2bca4fe2bdc46b89f1f67a877173043caa
BUY,0.002,520,1770089906,No,0x72c5d48a1afbc2866c0087dc01bcbd84a6df9f33a961c4c8ec113084bc6e3458
SELL,0.001,2220.83,1770089896,No,0xe264bc31aa3e6f47b1b26cc42360c39240a660b974cb0ac91e19810a36c05a74
BUY,0.002,520,1770089850,No,0x4a871dba25e11eedf657d8147f0f9e9e8a462ce32b6ede0e4aab09b4eeaaa290
SELL,0.001,16.12,1770089842,No,0x9b90ed6b51941d333a4a57b9830f5dcd097d622887fdca00f356b6b6b562e8cd
BUY,0.002,3500,1770089794,No,0xf0fa2cb9f9ace5cae64c3f4ef4367ce40c73fd4ab622744bc63cc3acf0e5eb8b
BUY,0.002,5000,1770089712,No,0xdb456c89c7948f496387aa01811f53f9aa5eedc2215f8eb020526e408388bacf
SELL,0.998,64.1,1770089670,Yes,0x910e434ce908edd77b71ab42451f28ada4b540e254f7b177ffc3137c48c51f16
BUY,0.002,520,1770089650,No,0xd2ca59b471d66ffd08a981573428cf9151ca915324c87bbeb2cc6949ed4fbbb8
BUY,0.999,1800.25,1770089642,Yes,0xe7c770d51bd8d82fdbca314605eb5ed2978a83179a55fbd515d0fb2d73bbb108
BUY,0.002,1000,1770089608,No,0x344896a0d8f6318d47bdee52ac4493beafb555b28e3df333405543bc38c99388
BUY,0.002,520,1770089580,No,0x112b56d40d3042c7a773fa9bddfc853a216f0e7f066755e6b08a98b39d3e8862
SELL,0.998,1801.8,1770089576,Yes,0x6b7db47de5de18aa198a9a7b9e4171f1e1c2d0942a135d8a86e95899f405b8b3
BUY,0.999,1801.801,1770089568,Yes,0x2f91496674e585655bae3f13b5c32083300ebad8bc5512a1a8bc285ca6d9a8e5
BUY,0.002,520,1770089436,No,0x4bb672eb60b5498658005dfc5d4356e242657277c7cb223f3853b48a2a9321a2
BUY,0.002,520,1770089432,No,0xe9fab5b0c14124417a62582a9be5076f73c1bbd13a974f12e47326464188dace
BUY,0.002,520,1770089428,No,0x8f13edac650d589c34e80da008c64d1d5461afeff0c9d879b1778f8a94071e2c
BUY,0.999,3.903,1770089426,Yes,0x9b2eeb63870de710c8c4e1961d3cdbdfa3f1611587ca3f8585bd847dd778e1bd
SELL,0.001,14166.66,1770089420,No,0x836da14cd5ddb74e49b483b8e689bd53795e2f2dd2d304ce903628ee58596469
BUY,0.002,520,1770089406,No,0x84f5f98208743614c450d5967c7ea619fe1a0695f97273f4d30f95a77803c38a
BUY,0.999,100.1,1770089398,Yes,0xdcb3c49e94e59ab870d227e470026bbad418a446b5eac5d8ba262f1553c31408
BUY,0.002,9990,1770089314,No,0x7a74263d7eb7e91c24625267ccfffbe5b26783ef1d47b1681abaa28efb56d19c
BUY,0.002,2190,1770089290,No,0xb48a8a0279f9d29203555385cef4523d54e2f1bfc468170de61bc411c1ffa5ad
BUY,0.002,520,1770089284,No,0x6a970f38b76c84037d2c50fae3eeb886c0e98183b653fd9aa9779711842ffea4
BUY,0.999,10.01,1770089274,Yes,0x34da0bded21b33eef9a61884a0c333c6781f8708f21b568279d6ca842b56bca3
BUY,0.002,800,1770089032,No,0xdf7d97dc1fbcae28f79e03f4e430fb40962b20236f7cdb0a909d70daa7588105
BUY,0.002,634485,1770089022,No,0xcf86cca951f1ba37ff50b3e51a64c8b9f184e8d112a6d048a10f9bddef516519
BUY,0.002,520,1770089016,No,0x318d79a583e8330928b7bd930cf4c6e88ca9cae2025a4eb5374f159a9a3547e5
SELL,0.001,1500,1770089004,No,0xc9c34a5c473fd5b2e2afe0c77f96ad8edcb3508e704eb440ab99fed3b8390291
BUY,0.002,500,1770088916,No,0xccb4726cb1e8748cb7c832c1d95aee8d1efc26e96a6d65777cbdcb084f17053c
SELL,0.998,1,1770088790,Yes,0x09c812b564d4ae57959c7055f485fd2206ee935225c550519020c7a17a4876d0
BUY,0.002,520,1770088642,No,0x9082c15dae6f143f8b72c0c442f71eaa98c859137a5c94d7a92a4a7f7c3c28dd
SELL,0.998,1113.89,1770088642,Yes,0xe345d0cfa8a4eb36bd40a22d70215b2ec6f9768f7f6786fdb8128e49732d0fac
SELL,0.001,3420,1770088634,No,0x2b394717c3d61529dc296bd4662e2da53170f3a52ce2b6962c18f8e45b247a25
BUY,0.002,520,1770088594,No,0xc69e8769ad7c107440f634efd0b75357f7b4e48e1e8ccfd2a1c931fa0912c912
BUY,0.999,33.623,1770088582,Yes,0xd76e146165d2ae06a1478990f1a595f4717cfb7078874060625627f40d65e93e
BUY,0.002,6000,1770088488,No,0x52eab8b15186a0a23e9c8336d7881a4487c40530a8bb49dcfaf7281c32c8620c
SELL,0.998,22057.93,1770088460,Yes,0xafc1f4aaa326bb4fef1a50ab2684091d929b12d5796dd4ab13382e846f7d1f8d
BUY,0.002,1500,1770088360,No,0xca74b79882dc6c0cfc7560b392fbc436246da334e0171c6ba9238e0bc2a8d397
BUY,0.002,1500,1770088296,No,0x60fa6075a5d24ff5bbba1bbc64f93929e4c2d200208bf082a7b37f1952067b58
BUY,0.002,2000,1770088122,No,0xdb9254a16aeeb83ae1ff375966ff732fdb6f7c0c68ae70e0cb683738a6d4d02b
SELL,0.998,1.2,1770088064,Yes,0xf5dbcdfab5a5bc74b3293f9fd703f9f728eb241793f6e3ae58ceb133393e0b96
BUY,0.002,1000,1770088012,No,0x1b47728ebb22d7019b388440133ba51f63acbdc6817b5390755bc3b516d9c7d2
BUY,0.002,520,1770088008,No,0xbfff634b08bb86aa4b0108ccb50f47e356ddf839656d0a7b23d2c7b2b5c59892
BUY,0.002,520,1770088008,No,0x393ff7ed178654690c8da8db1c70815d6165e1035c6ddcab56071f666c5a1d67
BUY,0.999,1.001,1770088000,Yes,0x416f889d3fbed622eb33fc67308cce606e8e3eb94a5c057117921579cf828e5f
BUY,0.999,5.005,1770087998,Yes,0x6a92831859ce437a0e668be2ec7fd62f2a921f4e55594f7a45089acd4703b33d
BUY,0.002,520,1770087998,No,0x41f9d073d4a1cd076e57256886c29812d59cf1f5bf1b41ea936babc9851e43da
SELL,0.001,46.32,1770087988,No,0xf951aa6d5502a8151f0db1d8fc03aedc37659d8a2578525933da858eb2681052
BUY,0.002,520,1770087916,No,0x99776ac94c531cd495ccf7c669d21d6c60f8e2238b7f58cc203769e1cb2287c4
BUY,0.999,509.74,1770087908,Yes,0x2fb0425d7bbe0f06c1ae288d7280c062f3c1de02744d40dbbfd303507f0d0e67
BUY,0.002,5000,1770087868,No,0x9bc4c5b227eaf68b379c125363f45d42addb7b3e68e367c12142eeaef6b20ba1
BUY,0.002,520,1770087832,No,0xc3edc73970f84ce8941e8e838ddde214d6dfab10ec8333f255fa4e9dc15a61d0
SELL,0.001,9806.8,1770087816,No,0xc9b4f4040da789588d5490dd0f683c98edab654d86251209db3adf6ac13015e7
SELL,0.001,2.56,1770087770,No,0xac13aa98ebc8f0afbb4255b43a73385e06552d073783f9eed12c62f1ff4964f0
BUY,0.002,520,1770087712,No,0xee8f402c7b82918324aa88f3aeb530552224bdca7c8f015d6b81c35994dca319
SELL,0.001,3268.93,1770087704,No,0xbb26b450677a1ac2116069c8d3918a90e56d6e429a12f13839b62170ab0eaa3e
BUY,0.002,520,1770087682,No,0x4e3f4e3684b8dd1ccf7c7d2040d97e53ad013aecb2f3e8575152150fc5103837
SELL,0.001,1333.33,1770087672,No,0x8b04bcde1eeeb23c7983af5066ed16e12d4b1ee6e255d57d33a36143a6cb75c4
BUY,0.002,520,1770087614,No,0x9816c9efbf92d4b39fc955f83bedf289c8db93bf73cb47572ab08b2ccf57b18c
SELL,0.001,1156.25,1770087600,No,0x1f8578c6791d9dac53035478c32dc203ae5dee294ccdea7ffeac2ec8a116a8c4
BUY,0.002,520,1770087592,No,0xa636e83cececb951237dab7838a26d4900da85565877d580b017add194b31065
SELL,0.001,5.08,1770087584,No,0xe9902b3e546ca92d9d402aa77ebff05e3092548c5f61e3e316e71c07f52f097b
BUY,0.002,520,1770087580,No,0xad2cc9529f248302a08aa252e3a222c773eb25945af5ab7d865c30400e7ccb63
SELL,0.001,95.23,1770087566,No,0x8143bcc6d1219ea4bfd248b07f2bda5e479cc2c2dd99bd90f5eb294003105853
BUY,0.002,520,1770087534,No,0x6d45751e160a804665b61482b57ae55d63c68166532817f91e32c0e768e50eee
SELL,0.001,4.34,1770087526,No,0xd7685ae3dc6e8d88a0c2ee9e131ad5655176ee8afe6420d2862cf44259596709
BUY,0.002,520,1770087458,No,0xd37d513d40108aa1a391e562867514812507c7e7614c38c29f30abee49e50533
SELL,0.998,11.01,1770087456,Yes,0x645810d60e0a1c3d352bc516f4a5077a926b38705014381250adc6e126d9a503
SELL,0.001,172.77,1770087446,No,0xaf9ff80e3ed6af6700e2b0fcee47f547ddfdb2c39df99eb88e1dbb5fc27a3450
BUY,0.002,520,1770087396,No,0xd678be6ec2c9cd1a12b23f781384fda6437724b5f59aa217eba1c0c77d8f6064
BUY,0.002,520,1770087392,No,0x15f816007c481a6ca9de0a16bccf80026f266c273267855d26e4ecc44e3435c8
SELL,0.001,931.41,1770087384,No,0x50cab57c1a94059ed804e12962442270fe3b4ec59e209ff7687e5465d4ba89ee
BUY,0.999,11.011,1770087380,Yes,0xd461c5348de916222975393680118100c03b77335f30b7c55fbada0ac6da6081
SELL,0.998,13.71,1770087344,Yes,0x7d97edcc795d8da11623c2375a1d82307a781b457eca3abbf807b2c1d42656d1
BUY,0.002,25000,1770087248,No,0x5749adeeba4e596f063a8130eb45c03aa7e243f78cd796be6f62677167c957ab
BUY,0.002,520,1770087156,No,0x6aac5c100fc775e38b5f5d275b5e62bd9304dad22092e42e3cfdd6f1adec801d
SELL,0.001,207444.43,1770087144,No,0xed5cc777fc82159d5b4f1171a5251030be41c2354962246e8ebdb63943fb8d6c
SELL,0.001,3000,1770087096,No,0xafcd5fc7a6a31f6632bb42da127ff54eabebad6330f78325f5a5411ef0c5b6d8
BUY,0.002,500,1770087088,No,0xeec4c0b4d4cbcc1e71e5f8c47b13ef091b918ddf04f3dff63f58aaeb7b7868ca
BUY,0.002,500,1770087060,No,0xa9a5fcc1f2b946c7754f3fc11c5b91c50ce4ff7f66b14ab32a0072eaf41bc62d
BUY,0.002,3000,1770087038,No,0x8800d1b4c245dfc07a30b57280f6e4b8c01ac412bc75d006fe8abe3db8ef14ed
SELL,0.998,27.3,1770086904,Yes,0x932d354fff503385e55ad397268c4e87087ed40b422f41cf157f2f9491e4223b
SELL,0.998,3500,1770086890,Yes,0x532403e48133d8db7a2958559ac73d8ea95e50518a210ab76747f1476fb579de
BUY,0.002,500,1770086756,No,0x900961277e4b65adce10fce9812fd6dbaeae0fbccafc738da3773b51d5637087
SELL,0.001,11.25,1770086692,No,0x46d7c025d4df19aef98381bd43ccecf4206140fbb74930a76d2c5ba867d56e19
SELL,0.998,3.44,1770086620,Yes,0x12d88be6f1df821a06f2a0430ac9ffc10ec13a3bf8c4b1623ac0200a21b1b16b
SELL,0.001,3.63,1770086594,No,0xbe5a5c54bf605ec4e59b2db27ea9599ded4ca7bfe997808f69a319e862fb062a
SELL,0.998,3,1770086476,Yes,0xdcb0180004fa8a6b9113eaf199cdb8ea732a8d5fcf2cf865e7a65c3f4090df37
BUY,0.002,1235,1770086346,No,0x545c0cbff28c7e2cfe5a278044f04f82aaa84722bf3d9dfae04030ee847fc5a1
BUY,0.002,5000,1770086338,No,0x860a707b67dfd67590c3e36824963438c252e8f5c47e383e0b1149cb21b0b37c
BUY,0.999000000999,3.003003,1770086266,Yes,0xb37e25f1dbc5d25cead6bb858a72f046a37b374058aaa5ce9db28213b9d295d2
BUY,0.002,500,1770086178,No,0x8446432586558adc7f2e5022a00c08c899efacfd681643e6ec6151d8bffcd568
BUY,0.999000000999,1.001001,1770086108,Yes,0x824a6edcdab315f5c1695d31de7ad538d3d883c6717f3c9898e80666c01e9d7e
SELL,0.998,20.03,1770086088,Yes,0x7fd1eddd798f1895b02ca3fd5008a517d7f90063c8f351eb75a6319fdedfa5cc
BUY,0.002,700,1770085964,No,0x34bcfd726547a5b17106748c6554fc7de16b4bc0a174feea9b0210cef3c45b76
SELL,0.001,12,1770085932,No,0x1d9e31f3374e900fc954b0aad57a6c9d52838c010ad9c3ce79bf7b673f0cdbc6
BUY,0.002,9995,1770085838,No,0x9b8a57ef0aa12ed007d0813a8505a3a4aa7e6cfe36d991a1e7f33968c20c3cbd
BUY,0.002,5150,1770085782,No,0x1223e4c5a35377e9fe58b876b922168e2cc01d2bdadf1690370e14063b99f900
BUY,0.002,500,1770085746,No,0x974a6338ad22710e3a373b1fe7329b86992239c4b17f76466e8c076411084ddf
SELL,0.001,900,1770085668,No,0x30a50c27fd18ad8efca8c1a7d8bce6b62f468c127cfff56b7c2113b81c980613
BUY,0.002,2500,1770085656,No,0x43ac547f0cd993715ba35e484290cc957375b35e37d2a975c45ca8b425b4afe6
BUY,0.002,12925,1770085628,No,0xe24f34f52aaaef1c5a4cd2ac30a21d26d219edbedfe729d1e4ad6cad628fa330
SELL,0.001,350,1770085526,No,0x735d1da88b6013fcd6afc3d326f28657aeddcec3060f6cbb2b9f096bed30eef3
SELL,0.001,250,1770085500,No,0x4492da88e5fd77098b0d7c60cc4bf9ac81e18771e9534b6fe51d334370962149
SELL,0.998,2.63,1770085484,Yes,0x17dc35797efc28249748dee09d2b3147c43a0be5132a6e2a2dd9e2d24ace6195
SELL,0.001,120900,1770085462,No,0xb22f9bafff1cf4ee39c158a7bf6b687f0c6741c70a24db666edf241d7653aaa3
SELL,0.001,34.52,1770085434,No,0xcfc04c153d0094625754bf458166a0f190fa820b08c0068134867d48b6e98875
BUY,0.999000000999,5.005005,1770085430,Yes,0xb8f88cece277e57acc8c2ccff0f940e372228b75b7557ff98a04609bd09f4842
SELL,0.998,1878.61,1770085384,Yes,0x7aa2aabb8ebec4ad87e9445ceec862c57f112650b1770f18430a2f01010f0e92
BUY,0.9989999997961267,1878.618617,1770085366,Yes,0xffac2446dd8ce55ed5422ba79a7a863962e7fc9e6d23017a4aca3a6f06e34e50
BUY,0.002,1000,1770085364,No,0x0e0cd976fea7be546155ee65d43ab02788cfee3346b72c3840e2695230586991
SELL,0.001,13.52,1770085160,No,0x9ac61afed396c155686b3713564377d5dc66b8190f588bce09240de33647647f
BUY,0.002,1000,1770085160,No,0xdaaf6d12df93cb70463da0508180a871ea858b6a01aa855a2272e83ef0260c25
BUY,0.9989999343323955,15.015014,1770085158,Yes,0xb01701a9f319ffe199238cb1378c2a0c04185c8ee37a3fbaee41fdea420f0268
SELL,0.998,1223.22,1770085048,Yes,0xf2b3360439beb47fba0a3b9bc648caf31667e75dc6538131f742aef83eefae4d
BUY,0.9989999993639754,1223.223222,1770085030,Yes,0x6e81c678b6fb07ce9c49bf813fa867864353a5ce921e4bb89664c39e72bc6532
SELL,0.001,294.6,1770085028,No,0x99475c68ab4de46b3128dd11000c1862e158d2dd588cbf9e19c79c7bd5a95ce1
BUY,0.999,1000,1770084742,Yes,0xd684699af02ae613b4a732c16bed6aa25682791fd4ab8a1481b6bcb890f98c51
BUY,0.002,1000,1770084674,No,0x8c7bf27c3fea7ff73f54e81a52be36f9da2aa8a6035e34f3359f56c298f489e6
BUY,0.002,500,1770084668,No,0x6407542d414d70926004f326513173ac05eebaf0d47119fa8964bb88b77184b6
BUY,0.9989999934684886,46.696695,1770084656,Yes,0x38af1fe27b7df9da7ed4276ac74f4b266a7fa37cf59c86714212dcc0eea3f070
SELL,0.998,8.09,1770084642,Yes,0x0d3100077775ee8431bbbdf4dbe8137aa3de384e6dd624e8d7978a95d3b1d9ad
BUY,0.9989999759990243,40.040039,1770084616,Yes,0x13691c26dd50b7dbeb6141aebde720b5f652100c126b35d3659017a368602748
BUY,0.9989999940545624,144.144143,1770084610,Yes,0x22701d8ca2ed5bd048f2e42d85db3b963e3ee5a20ffd7c23f69b93bccdf04f09
SELL,0.001,500,1770084538,No,0xbdcd9fd8accc2bceb4e0d69fdde92730d4974ac06c6c48802fa3449c7fcfb658
BUY,0.9989999075478033,10.070069,1770084470,Yes,0x6c063524637c29bf441347775c725f846fbb6b5fabd4dd21f5d44c656dd9b0d9
BUY,0.998999995999005,200.200199,1770084402,Yes,0x4ebe0f456e5d061140e0e2fcf887e3d2980038cbc38331838d496be412975c12
BUY,0.002,4925,1770084370,No,0x8a77c5c6dd2a2e81fbb64d85e20b395f0915fee3dd3f931442f80e5e94c0f0d0
BUY,0.002,500,1770084360,No,0x72b32080cb8ee2d985be6b297f5a454db28ed5e456bd35e8b315e29d9d08e242
BUY,0.999,10.01,1770084336,Yes,0xce37f602cdf63f511dd698d90af1121f179e079218fdc21ba4ed726cbe9db9ab
BUY,0.998999992665675,120.120119,1770084330,Yes,0xb771ddca2b02832c152406971996f16532265a0254741a8e560b546ecd6eb78a
BUY,0.999,9222.68,1770084324,Yes,0xe02e37c9dfa00a59833ff3d40159b0255d4ee7acf949513d389a40ba7bb79e8c
SELL,0.998,1.05,1770084298,Yes,0x29f49ec80b2956b264b09b89e243541b375aa1fac4b2057a186a0109eb7aa8fd
BUY,0.9989999397337898,12.262261,1770084282,Yes,0x965ef020c596701e3166ec004fa610a30e1f77c4c44c0bfe79d9d7d8e34a056d
SELL,0.998,666.66,1770084262,Yes,0x10580c028c660fea84ec2e2c64afc4df78f53e8ce6e2856f34923b8925efd2f4
BUY,0.002,11500,1770084252,No,0xf0079d662fc8e07978e68f28fd3397ab8438db7bcffc12fac2043fabf8088434
BUY,0.9989999994975,666.666665,1770084250,Yes,0xf13e27d8b75dbe5b678dfbb5c012c6261f16b2153126a7a165e5f2d1c265ad3b
BUY,0.002,500,1770084244,No,0xe88d80c29e8a7896c75b3643b9bf567a92145deae0a90232f1d27fa3d3079fcd
BUY,0.002,2145,1770084226,No,0x68898a8ed78626d8c606a41a79c792d74fe9617653a9f3de10906d23d966ddec
BUY,0.998999998999002,500.500499,1770084200,Yes,0x602cd2cdf3dfeb997325e1edd3244c6cd68bc8023ce33c94eaf148d22a05ba6a
SELL,0.998,0.11,1770084194,Yes,0xf97b4f10e81a4061f8f2e9fcf013369643228180978f4c3b6929a78a4b0115b3
SELL,0.998,1001,1770084102,Yes,0x6447791a5304f0dd28f277ee546f8c75d8706eb5adaa3671091c89be588fa1c0
BUY,0.999000000000999,1001.001001,1770084088,Yes,0x1cff0150dcf49d4ac7ac94813e3a824e1324cb037c261730afbf02ed53940683
SELL,0.998,5,1770084072,Yes,0x7ccc3ae359d6397019e80f310a5ac12aac07244bfdae493267ef5d52cbe9e2bd
SELL,0.998,1011.01,1770084054,Yes,0xaa201b88efdfff97aa1f63f91cf62bdb0ac6dacf0523f026aebce7f9e3667c16
SELL,0.001,460,1770084054,No,0x91224c21d4de6c1bb4ee5123addf5b9f0dd3206e3fce27681639c2930f81cfc4
BUY,0.9989999990207822,1011.01101,1770084038,Yes,0x319c526c9b757472fd25244f50ed8e19051c76ef6b2cc936ebb4944ca55b0c65
BUY,0.002,2500,1770084010,No,0xe52bc135e9da57472723138b8e3e6eb573ff0ff17600ea7e7a0d26ecb25bb9a3
BUY,0.002,500,1770083996,No,0x7ca2bccb75c227d35d7fe319f66a371a97663cfb2266c36a1f8b3ab81575c6ee
BUY,0.002,730,1770083962,No,0x522a51e119f91e82e588731a7ee546a9a7d7cd9888b48f4feb52e3601aeb79e9
BUY,0.002,67500,1770083952,No,0x9fdfa06b17a9808891364d8d3eb00e0c844c89fbdf9adcb07f47cec02fd2d836
SELL,0.998,5.01,1770083950,Yes,0x12309a74716b99bc39652d724d23fec290e644516eb3e046c57d91c291843116
BUY,0.002,500,1770083912,No,0xa1ac5ee4d3c5e50a7d6b38022c64e169d5dd91f238bcde7caf240a9e080caee8
BUY,0.002,500,1770083898,No,0x56fea9e1adabfc01b0113e4325e43f370fb517b3133bbb4296a985da758d3aba
SELL,0.001,6.84,1770083882,No,0x43eddac8a62c94954d86abf92d9ff673494bccefb51fd33e5c2cabb83a9e1843
SELL,0.001,19.23,1770083834,No,0xda38c1bb9e845d10c1f808338e0bd43e1d88049b01af36b00215fa12ad60f75d
SELL,0.001,500,1770083834,No,0x9fd0ed33817e330b9f7386c8d9c5f2b35916df71c70e63ec803cd76132cca826
BUY,0.002,4995,1770083814,No,0xdaee3b0607babd5cf046718db3a45071e1523be60074965a816dfd9e486665c9
BUY,0.002,750,1770083798,No,0x12fca94d533dda9b353ee6f7cc1c71b31fc5c5e9c8ad3cb9974b3d0a15d4ecc2
BUY,0.002,500,1770083792,No,0x39980e99f7501bb835793c0b1b9454e381d8fb1b1641569854b0aa1e64cbd85c
BUY,0.9989999895999394,16.826825,1770083772,Yes,0xab1386f95ffd93017e3bca2dab4e24704bd6eebf59c224855be51e2d19e510c5
BUY,0.9989999798441187,28.428427,1770083746,Yes,0x555c5cc26230b611f0235f803f3a61d83ece5be61d32a4650838c5c052ad6f67
BUY,0.002,129010,1770083738,No,0x78c019babd9385853b96fffd4091cdaa5ce5a9da8712ce6497636662e74b110f
SELL,0.998,1702.7,1770083686,Yes,0x20bf112e9d42868cd42a1071a3c7c8d54b4652455c44e57683c9d85a8fe15377
BUY,0.002,651155,1770083670,No,0x48947a5394932d685014d5afabdaf34cec524b6ba3c0ad4b038d420b8e38a934
BUY,0.9989999998243968,1702.702701,1770083658,Yes,0x7497f580082b9e301d386eaa4928f29f75161d74bf660809f6132e3d452db084
SELL,0.998,1.22,1770083652,Yes,0x8138cbbf5faf024a336ddc7e1f842ece472e42883c39e8bdfe22ed1bc5e68bef
SELL,0.001,64498.47,1770083634,No,0x20ee040b4d9ba213e644a8256c5e795276f78ff7ff7ebc2b3ee2a0b38efb4a1f
BUY,0.9989999697490303,32.032031,1770083614,Yes,0x8d35c10bbc99b2eb2417a0affd190a990d8cdebcc0f158d32121c7757c8a5765
BUY,0.002,2500,1770083526,No,0x5d93d3178e817dec867a68378e02401c71c43dba0f0b76e348d2e29952fad861
BUY,0.9990000008991001,10.010009,1770083424,Yes,0xd31387b87bed0cb93ee0f94971a98ab6b446a0785b9d3db32e88e05fd80761f0
BUY,0.9989999517964889,5.725724,1770083416,Yes,0xc0f37af556484c0e3d6cdcb6a24c7b51354494e0bb2a376bdc7da8e57528b7f9
BUY,0.9989991659716431,1.09109,1770083412,Yes,0xb90b697829758f4d45ce23f0cdf4b0155990c044f76d2082bf87b88713f51a03
SELL,0.998,2.1,1770083410,Yes,0x51c1dd87d8f10d9f7faae7be8a98d6b6c7fdf34994a41ab2f6885cef05dd6baa
BUY,0.998999666999667,1.5015,1770083410,Yes,0x0fac417018fb0db544e2afd998361232feb773b4bb1e197b6f6a62cef044d66e
BUY,0.9990000008991001,10.010009,1770083410,Yes,0xfe5564373ec2260f3fea5f5c178e8df95a7861ebbb6388c1385cd29e710988c7
BUY,0.999,20000,1770083404,Yes,0xd98f9cf592edee49a452712d8599e71c16af5ae5c8a26e08d7429e6ee2f2ecd6
BUY,0.002,1000,1770083400,No,0x3e63ebdefc0dc0786e495418c6dafc545ba0c9ed2417d52e43b1755390992bb1
SELL,0.998,1201.2,1770083384,Yes,0xaa0e45c8b46fd10d9f9562feaf8dae65dd53ec6fc6277c780bf36c1b066b0787
SELL,0.998,5.47,1770083372,Yes,0x09b7182e7d238ea00d0e4f6b8656b91c6a7d89ea2c95cca18a53a9bff0eaa4fb
BUY,0.998999999334,1201.2012,1770083370,Yes,0x5d1525002de83a55182c86ea534f18c7161f870f904fbde9c154cf67cf0d4783
BUY,0.002,4500,1770083306,No,0xde8e23d748285ed2407a51ea871841c518e6c812c3555c098415da3e180aa9ab
BUY,0.002,605,1770083278,No,0x3d79aed06a21303fd683753e586202925273de8d881665d80dec4a31e81082b5
BUY,0.002,1000,1770083272,No,0xe0f4792b1588ecac0b23687c6f9f2d09023a2c2158cc85fa934229952e54fd64
SELL,0.001,9983,1770083266,No,0x54fab76d4df512f16f4d7a00b5131f1a01f2811d260008dccde76af9a1138e92
SELL,0.001,2956.66,1770083262,No,0x359664bda40ec3e51b64d80225a0073e2040be8dc023d8374a894a149dba3fa8
SELL,0.998,1334.33,1770083234,Yes,0x1c2cddfd563b4dd361cf8aa3a748063478141129ad2d7cab8d6c621077d5e26b
SELL,0.001,12375,1770083230,No,0x84fa1bd20f5984c0d9334f73b8448ec5d6e244bb05154e2bcd101bc65f4b13b8
BUY,0.002,2500,1770083222,No,0x9251e67118fbab5e39773da74c6efd54a66da5c7276114ab6437e475848b6717
BUY,0.9989999995001253,1334.334333,1770083220,Yes,0xce0e5fd9b19f520b49ec19c21aa4206d1b1e37c30da98781bd43d1758b58ea2c
BUY,0.002,2500,1770083180,No,0xd48c06f128db7b5dea00919cc0d7f09c61c5e4749823dc93f37f551c09470fd7
BUY,0.9989999750676845,5.855854,1770083142,Yes,0x51ecf8364937d1996f0025a36fe3cd46d02a6e64cb119605c5fb66432fdaac26
BUY,0.002,10000,1770083142,No,0x2e9bfa1bbdcd83a3a3b84dd95a00372dd39f568a484bfed1c768416b50fa873f
BUY,0.002,2500,1770083114,No,0xab1f347379ea5380f1412360ba2340c9d78a3727f990b0a6e79f6cf9ae679a20
SELL,0.998,3.22,1770083052,Yes,0x6649bfe2c9c5d5349204bb415272eaf82dd04a5c4e96fd5f8879886eee1cf64c
BUY,0.002,900,1770083048,No,0x761118dce944245d50e827505316eb64f71701c6edac804a0d8b5e2d9edf5df4
BUY,0.002,2500,1770083048,No,0x29054ba5fc3235ba6d063ac2b7613428ad7afd30348f9c906ec8ffd0fdd8e75b
BUY,0.003,1340,1770082952,No,0x56132492cef6abc8787a80230d984973338ccb1a22528d619f654780eeadf60f
BUY,0.0028735632183908046,348,1770082872,No,0xcb49b6150244e213884e091b071a929cac9ce4f2d9844256f88aca88cea0b17c
SELL,0.001,12.82,1770082824,No,0xd5a433131ccd6383b1a5ffdaaba8236592933691c247fccec6d10423517a5f57
BUY,0.002455479430300256,6108.786665,1770082814,No,0xdfdf0a2c6d7c2d1e361d112d2bf012a9c4d7ebe62208bf80c4bedc0a45952d53
SELL,0.998,40935.13,1770082762,Yes,0xd375f973ce894695d92fc8301e24d44f6e4050784c0a738b77d8ecf518bea078
BUY,0.999000000999,5.005005,1770082758,Yes,0x19f2f18b9ce51e93c34aaeae6d7b78d1e0e8a0fcc5ba301badf540700faaa567
SELL,0.002,56408.38,1770082704,No,0x294f5fe300f32e6d5c3fef71983e4a6bd0adbbdf42cf801fbaaa689bb6478d85
BUY,0.998,1.37,1770082598,Yes,0x5383e8e9998f380d13982673e54e08ef5ee4d8e4aacff73f3b7a695f719ac4e7
BUY,0.003000000012,333.333332,1770082596,No,0xe8d514c6edbb542ce873076bc46da6f7727510e5f5162fad990d998f65b6e981
BUY,0.998,19948,1770082528,Yes,0x56d46b6cabd6f51fd54b621465f16a5f8da1ffada09a34f90c30f63a669d7c6e
SELL,0.997,12.65,1770082502,Yes,0x3dfc9277f31a04f75661bd9ede0c04a6369fb9961a2e8d6cc3a99c4b5bf41849
SELL,0.002,3500,1770082498,No,0x6c6bd8b710a86e097187516849a88659d74b4b52bce38c0377e7a2a5f844ac83
SELL,0.002,250,1770082486,No,0x4b2288d683ffe6e1938701598c71617a33a94940d6ec21358e339da23443cfa7
BUY,0.003,359.72,1770082468,No,0x3780f552ed0910a2dc84a2bc0b5ea1205ae59a3e9e290e3510f31aa86a63f89d
SELL,0.997,15.78,1770082466,Yes,0x063687458325a20f6f9341311600659cd77f6e67a5b58b7e514769325dbb92b0
BUY,0.003000000012,333.333332,1770082462,No,0x9df7fde0ceb1b3f3df0967f83d84a55ece72e3e747aee68e64eb549f5168eaf3
SELL,0.002,2.94,1770082404,No,0xb8148898a070bcb41dd01d035087fe7fe2f607fb26b0b2bbb9c302efd7896091
SELL,0.997,25,1770082404,Yes,0x54622f8a95d5c19122664e6eb4879247d19a1b6c25d29cc059c761b52af0a620
SELL,0.002,245,1770082382,No,0x0dfb2c107fbf5097c82b92dd7ae9d24832fded9001d352af019b1b0c91346059
BUY,0.003,2000,1770082346,No,0x5bac5d713598fe00de49d1c27f636536e93b0fee15baa082d73df73eabf14aca
SELL,0.997,1111,1770082330,Yes,0x1d425e4b92ce600b14b4964604468ba8595d82fab02274f4fe0b111f92f10b9a
BUY,0.0030000000014634145,2733.333332,1770082324,No,0xe34648ee71bb778b60d57372f1b92819752fb65f9ff98d355b31108b08eb0b5f
BUY,0.998000007984,1.002004,1770082300,Yes,0xa83ebb3eb3389de9fa816ae0f21580a5066d1857ac520132d221a95f288f0649
BUY,0.998,2463.5,1770082294,Yes,0xf8d2cfb5cd4961adb2d35f4372c399c2b7818dbaded6af2ccd5a8fe5fcd10fe0
SELL,0.002,42.85,1770082274,No,0xd6a4c389cbe8f077c2a1a51c469a718ed349f0300a2bfe1954200a0220e112c9
BUY,0.003,1000,1770082262,No,0x71e39c37e1015c247f217bf20b50585b2f4320a3155d2f96994a4f0358b09296
SELL,0.002,245,1770082260,No,0x95bbbda102d99b4beb2e9f2ced3674a316aae3d2b1ce32e149b96cddc0be074f
BUY,0.003000000012,333.333332,1770082202,No,0x56379ad7157bf5ae6c9d7afae61e0abfebcb94f8a2aae51936303635ad2662a9
BUY,0.003000000012,333.333332,1770082202,No,0x8d022bc4a9b4f4f5ec936bcae9c0d8eadfa4386b543f052e4c8784860c7c9ecc
SELL,0.002,42.85,1770082168,No,0x2895c55d4331870b7ada0d520e4733469b9af845c98985ae0a73f2c24837a84f
SELL,0.002,4200,1770082132,No,0x71ed55a7c79bd3e06be25685e57f0549b7c493aac20deda1527c2964b782abe6
SELL,0.002,10500,1770082014,No,0x5d0a679e0577afea5be2a4f5ecf35eb54f45883f9a5d56ee1834536071f0770d
BUY,0.003,417.77,1770082012,No,0x62ca2f0dad58130c78c995b13d29438ef7e94995fb62c1b581e01bb0c3d56d72
SELL,0.997,2222,1770082000,Yes,0x8798596a7cb8890cf218bd37a2be7a0327b689cb6c12ffa0441d4ed0cb4ad563
SELL,0.002,9000,1770082000,No,0x99b58fa65366dd1edf577d96c64085ffbe3b4d2ac54e402cf3628e28b7e9ae42
BUY,0.003000000012,333.333332,1770081996,No,0xb893169452e130b1c9d7b8bb69ffceea16930cba661889b17631f0c827c8ac41
BUY,0.003,4190,1770081986,No,0x9a44ff5862ca8c0fd7fdc3aa6066f8fbdba6b59820cf865a244962bcce5c3557
BUY,0.003000000012,333.333332,1770081984,No,0x65057a4aab3955d1d72994421b5096e365b26c2250b3619bf4d29352404ee111
BUY,0.003000000012,333.333332,1770081970,No,0x1df4ee1a8919f63ab32002a352655b0830af7e9fdb7138b4fd7a2cc9839d1481
BUY,0.003000000003,1666.666665,1770081966,No,0x34d3b2ccfbc0efa8f93241fb20c1efdc5a95ad75bd685509ea056600a18aee3d
BUY,0.0030000000019769356,2023.333332,1770081962,No,0x5def6122538b41d84a14b5ea3130262af3a33ff123f2cdd25d56ba74835c485d
BUY,0.0030000000028915664,1383.333332,1770081934,No,0xfde24c5ea81bcc91ec97b806e827bf7e9129149133728c498af4572831342dd4
SELL,0.997,46.86,1770081922,Yes,0x564aa7807b2a01a69635ebdd9590076f7c86d7fd744126d26eaf13caa1507966
BUY,0.9979999979840399,100.200399,1770081912,Yes,0x1698b3bdc2213830c3805026f48d34fbec275f1c7d4fc9fc7e0251099478e28e
BUY,0.998,1000,1770081908,Yes,0x4501b94a94fa49b58180935b278c84fe861295df61c051704e756c9a725eccd3
BUY,0.003,40000,1770081904,No,0xc21c23cfce4fe9ab544d4e8b0e5b32abb3c992c400e7ffb2f7252d17f4e3747d
BUY,0.003,10000,1770081900,No,0x348b6052fe75d21b47f3d3c5949b582a7c240068b57831bb3e1f8b3ee14413fc
SELL,0.002,32.96,1770081866,No,0xa3101a2d235bdfbcaba975efcb19ae127e7ae7cc1ca4008ad3da2c68475b9bd4
BUY,0.998,545.23,1770081864,Yes,0x2fbd5e08767f673f71637d6d964ac3f51f73294a740faab04f012d68ee965eef
SELL,0.002,65.92,1770081862,No,0xe1c6053720c2977ee1c8812e1ad051e96afc9e9e31695e6e1d5a6d8723a4bd3c
BUY,0.998,600,1770081854,Yes,0x5c9f372c75166c1804104b6772d7b48d72cabe94ee671331952f06483502a049
SELL,0.002,250,1770081814,No,0x1332ca7882b0fe52ceb3472427fac7f585e8bdc4cb3ca18445ba56fb45a54576
BUY,0.998,5000,1770081810,Yes,0x749fee6a1c720038247d9810b07adf2b605356bbb40bd63bcd51216dd7ebe8c9
SELL,0.998,176,1770081802,Yes,0xd9cfa821dd9b97e1d213832d7bccd4cb61b8ce425b3f47e91ddffbab937e4731
BUY,0.998,2944,1770081796,Yes,0xb3158de327207f834e28a2766bd33dc28a1356af9c569a005c9288a7824f1c8c
SELL,0.998,1500,1770081794,Yes,0xe69ded237440409ddb79c96c815e214754a2b2ae8036c5f5e98a57adc2b60738
BUY,0.9982563454360073,8614.039908,1770081768,Yes,0x36926fa1d1fc489d99932650652d8b380de83549edd302483a1372ea2a37d61e
BUY,0.003,1000,1770081718,No,0xe7f6cbd4752eb5889dc5af389ad27a5af82d93e1db077fd25c837f547d691c1e
SELL,0.997,4,1770081708,Yes,0x7dbc1e6866294685e12b07efc84f512beba415fdca148fe541cd04fab18a7d19
SELL,0.002,833.33,1770081694,No,0x0b7f860d047ce019f808445bcc50aefe7358dfb29400db3f9ef9ea8c2342f8a8
SELL,0.002,50,1770081694,No,0xee6de1931912c41ca0571737e92341d6a526d3641cded44e9c7ac4d24ed8a72e
BUY,0.0030000000012,3333.333332,1770081684,No,0xcb57c743b72a60e10be7797cc589f20c7a743fcc56c174d15ebcd3547f84cda7
BUY,0.00300000000075,6666.666665,1770081616,No,0x481a836a335a2e449459b57ca81231987949ae31736bf2c14843bdfcb3414bba
SELL,0.002,10058.33,1770081484,No,0x47f9e645037466f930f7aca1023db94abe11fc23f7d2a506822bf8ac345a0504
BUY,0.0030000000024489794,1633.333332,1770081476,No,0x9df0dfce046a8f6d77ac014c783420bd4493bce392addb21d27f212f2228cc21
BUY,0.0030000000006904486,5793.333332,1770081424,No,0xa9510f01292b341e1437581aefa29b0ef1a9fd59750550769c53c19e514817ea
BUY,0.002,51,1770081422,No,0x16935d938eaad45f99d52f30b664f507bdabb53afd4731cabbf37f24d26b15df
SELL,0.001,5000,1770081338,No,0x5de8b09854c587425dbd7e7e17ea5a21f8597f4120ccae8935b36367cf112eca
BUY,0.002,555,1770081332,No,0xf387b3ecab3115eb228bd7b263ddaf68c8e9e0480bb511bc6f90b31d29bcb2cf
BUY,0.0021742722710708724,4599.24,1770081282,No,0xa4bcb4559663200175ce16d194eacd09737a321f37b33a57fba75badb961c11f
SELL,0.997,0.28,1770081218,Yes,0xbef672bc59e3cc3631f3127131a6d2f4fc0d7d998886c8fd3e1ed6aa8a9df68a
SELL,0.001,2000,1770081214,No,0x40c22b5ebee7ce9868a5b2ed3639e90fc219ef48e82c1673335aeea09422c0da
BUY,0.998,9905.56,1770081212,Yes,0xee847bd53e28d2714d61e8e37754740a6388ea9f334927cfdbf350197c00d666
SELL,0.002,20000,1770081170,No,0xc5479f15392a7451abd054739f85688b69937e0705306c8799a7d921725559b0
SELL,0.002,2015.23,1770081152,No,0x730d000ec079549649ed39309a6e65fdf2fb198a070acc243ae61a6641d6ec26
SELL,0.002,3333.33,1770081126,No,0x3585176f010efbade52c35eefc64654532616a9898a9c30e7033cf5a14656b76
SELL,0.002,50,1770081098,No,0x41a28530ca4c074ff0047275ecbd66fdaba203f87f8651a7a5833a61730bd9b0
SELL,0.998,4725.88,1770081092,Yes,0x894df11cc509165f805ceb7895b57b2e805177c74310d757f1727a403962ecac
SELL,0.001,500,1770081090,No,0xa06560414180a4a75649d7d5e1075ca0ffae8ac5bab9f7f8a4162629c1de5e7c
SELL,0.002,15304.11,1770081074,No,0x754c15c82feebe50b664515b4d5684b573369f777056a826936d71eca72c15b8
SELL,0.002,3.7,1770081038,No,0x1b8cd745f973955dd8983da6cf37b6f88c2f0901c8412e6fb31e4c087c6ebef7
BUY,0.0030000000046875,1066.666665,1770080984,No,0xd0c9f6ad2a9ba4aa9b8de6e86412df64bf0742b03bc2ed8fe8635bf68b64c47c
BUY,0.9979999826206952,45.801602,1770080956,Yes,0x8c49e46fffe87325333ceb7cfa8472d31ba979d53a281401c8b810600721311d
SELL,0.997,1.42,1770080954,Yes,0x745c03fc0c7b2618d33f6fbfe6961a72e321dd6e9dff84371414f88a609e974d
BUY,0.998,6133,1770080940,Yes,0x2b5f04b6f4434f52a6183cf1832259cde8c04df9134c64e0af437575a43025ef
SELL,0.002,14000,1770080910,No,0x68439d539e951713733d0abf7e4221f323a3f1f7e78f265b33a26bd7f4be498e
BUY,0.003000000001708428,2926.666665,1770080906,No,0xb1499a94da34f139685491809048cdc7caee8a23b0a6169b7c70af2cf3bcf101
BUY,0.998,30000,1770080888,Yes,0x8be9b1ae1fc000f0608c6f2467b62623698290cbc74eaf6988f031d14d637a15
SELL,0.002,607.17,1770080840,No,0xe029fc2cf7c8ed6beb0e36908386463f2cddf5a3246ee2d13b3b9e205866d287
SELL,0.997,0.01,1770080834,Yes,0xc697c24831c4ed258f9adc2e5a5dcdb14afbaea56b44b599a10f1607d30ce60a
SELL,0.002,9573.29,1770080818,No,0xc670f6b093e6c12adc47d800b1736784475b595f6b2d22c265c37cd6ce3ae982
SELL,0.997,4444,1770080784,Yes,0xd16721f6a8480ea1ab62ccd91fbe30d50b83cec5a91015b1a9d073f1d683c06c
SELL,0.002,5689.99,1770080766,No,0x2ac3955f1a9ccd89f6c80bef8cfa96ac1298847896901fc6250264176bc6e6f6
SELL,0.002,110000.02,1770080720,No,0x7f04129b9779d99e7d687683413a3be4a3c07354a9c24a123f79533a6d8b225c
BUY,0.003000000012605042,396.666665,1770080690,No,0x5f466715db13a8d1a1dd3cf2bea4e582bc91da004bde044ccc210e30eee7c8d8
SELL,0.002,333.33,1770080678,No,0x77cea575f26201188d5f961c7ee6682a4564e3b76a262045fd7af109bb6dfad4
BUY,0.003,1000,1770080636,No,0xe49d445ffd1627460f8593c49e15b50db44b743d036952a39ee6465eb2130dde
SELL,0.002,85.71,1770080612,No,0xfeab0a3688f5e34ebee5f8e83df387a197f86b6373b872a7bafebfdc9bd431b1
SELL,0.002,1671.64,1770080566,No,0xdc64ab0eed02693151541a54e644bac9f1c54e4116d52782f2d178f4a3564402
SELL,0.002,5000,1770080566,No,0x09b62c7900bee46547db024bc25d97c13667b96b57d0fc2e404b48eac0555784
SELL,0.002,10000,1770080564,No,0x1ac31df3ccd5bebe1813ab8b6d52928ebb216e2dc89f7a7eca7287994dfa8845
BUY,0.003000000000576923,8666.666665,1770080548,No,0x5f6228325a507da3d35c7127588c07a63f461a18ae1c00bf9e48bb11af75baba
SELL,0.002,2625.39,1770080540,No,0x69f03e904557ba871a5345b2a0896d81f102143584bbb72ab918658fb0dfefbb
SELL,0.997,2.84,1770080414,Yes,0x777ffbb70de0a7c8de9defb86b4c8c9a0454b2937d95e0af9c65560c75d3e785
SELL,0.997,1.55,1770080414,Yes,0x2e52c6821ace1b6221b762eb98d9adc565550406c861af61200b4b417fdaa8bf
SELL,0.997,56.42,1770080414,Yes,0x483a0c2f295f15d92b02a68ed5311e479a38ac8faee45b0b2903737bea694d9f
SELL,0.997,3.95,1770080410,Yes,0x1ab4ac8a5057b6cb9601386c877df8a8f5a4e5a7c2cd094971af483dc8de6c66
SELL,0.997,5.57,1770080410,Yes,0xcb89e3b683385da58d4c3874fcc387ab5be3bad23f6a753da855f889b63db07d
SELL,0.997,61.79,1770080410,Yes,0xcc56de0314d3fc66bb9ceb3c09fef2fab2bc5610ff7395083276ac05429ca7f4
SELL,0.997,6.25,1770080408,Yes,0xd7c5a707330fcea104f308dc41ce0b2686a6d51e54db2b8ac9471ac4c877e7f1
SELL,0.997,6.25,1770080408,Yes,0x7e21fff5030d06bc5b1e353411db75b1b09dbaff732ef90f189d25c32a9d0a44
SELL,0.997,48.91,1770080408,Yes,0x6eb600ae069a8a092f77964fd1bad5c451d6a02479273870422f3776d51acf5d
SELL,0.001019098903698079,742331.09,1770080404,No,0x026da4d0fb7d420122afdb8e6f3fdbe9a58c8b9c5c2c92937e7dfea7385ad5d3
BUY,0.0030000000000387095,103333.333332,1770080388,No,0x2b8e3d5390a989bb25a774f495d98a44d889adb38ba9c5b2721b382bf7bd2211
SELL,0.002,9250,1770080382,No,0x67c1e92e42e62022f6ed99a27f45243efe428200601938c63fae65d592ceb54b
SELL,0.997,11.55,1770080340,Yes,0xb6fc309f6d5b47aaa6531bd2c1c21f34a412fd320cacd484ed943dffa4e9362a
BUY,0.998,1161.102,1770080330,Yes,0x57d498eea11e9d61b640ac3b6d3c8f93ac435e98f67718480136dc160828f9dc
BUY,0.003,1000,1770080264,No,0x10ed7061046c25f84bb488262da1fb6d83951ac2ffd0eb514d2a195e073d5009
SELL,0.002,300,1770080264,No,0x0cfe3019126db115d8e8793d57ad8e297d4f89637a277c9ccdc8db3acda02ec3
SELL,0.002,786.72,1770080234,No,0x3ecfe2eb1d7b4124a6560b30025c8df131eecdec92ab626bab8ebe1c23e51f46
SELL,0.002,131.84,1770080178,No,0xd2251601535b3fa9250b243f6e1b90c89627dfbc2b2539c1f607fc823f8ad69b
SELL,0.002,510,1770080174,No,0x5fdf55b2b374fdf6bc4f56a1b54697b4da2ea10fd8cec31a24ba5c7c78f3c5ad
BUY,0.003,3330,1770080110,No,0xc722c72730d3cdb75ed4ead397e722cd15b6b09e83167cc7264696ff09cb8fb7
SELL,0.997,80.08,1770080002,Yes,0x88940ce460ff2484c8e8ba462065d1b59d385e03fe7794b2035ff2830b824e84
SELL,0.002,1833.33,1770080002,No,0xd6d4bee69ebe942b69c519c1774ee6ec3062b30291e7c888791c1d04d075bf45
BUY,0.002,237.2,1770079964,No,0xb74cb02a2c8b5914f0bf37a5033f55af8331a3f8dde2bb747fa12ba96a187d1c
BUY,0.002,5500,1770079962,No,0xb7cf8bb0e17e8a749167815954dd287ce2d2c08899f7666f10eb9300b164bb24
BUY,0.999,1113.89,1770079936,Yes,0x86b914b3a16dda902d91330aaa044c5bf0d030d4fc8b306ab754e82ca51ad0ee
SELL,0.001,4999,1770079898,No,0x2bf48752834ed654e8e2875bd4dcea5bf787e192c0a1938599b258dd3e3e0d60
BUY,0.002,500,1770079854,No,0x93f7b558414ed6b3f565203c1c54c30c2eb6bc9bb2658115c2a276687c514c14
BUY,0.002,500,1770079836,No,0x7487bc149a78b64a2aad9e0f2848453e8373529943d881122af770c13d63081b
BUY,0.998,2036.16,1770079792,Yes,0x5dce468ad63353de870def9a06113c1c7f0966d1871facf42f4aad99f8c8f374
SELL,0.998,22963.86,1770079786,Yes,0xf2100dbea0d1422d2adbfa68db2427fb243f58c866afe897bbe3e5d6032b9861
SELL,0.001,3195,1770079762,No,0x11581a368f75b525ae80de8286c4d92d087307ae0dba5c936c0f85aeea7d4555
SELL,0.001,3700,1770079762,No,0xd7bba7432c3e978ca63a315dbdf14da78063b27e792cb0c4fd2e744d94d144ab
BUY,0.002,10000,1770079748,No,0x440ac20311e31a3926fc5e0fff58b7111a4ea6113ca0396b7384399cd3bc8208
BUY,0.999,5,1770079744,Yes,0x6cd3047b09543bc3a98a073b2e61f2cc1a05e62edd60b731e05dbf3cf911e856
BUY,0.002,1000,1770079720,No,0x3dc4d4cd3dbceb74abef2ae8c2367d17f1694214567aa31c39ede7ca13103d62
SELL,0.998,11.91,1770079700,Yes,0x9e483ea9446056a10508c984eaaff8c568541079bfc2ea6286b858d07fe45e5c
BUY,0.002,10445,1770079700,No,0xca94ad18bcb8c6b32b6bb970189ccb92c4fa847229a256b2cafcb1315fbfc405
SELL,0.0018437922031151526,333.21,1770079674,No,0x04f4f7b75ed92056993a12cefc23af9d221e0d7adcc97f6e7e4027f64b3e8175
BUY,0.003,1000,1770079656,No,0xc1472bf61a703dba1f5ebd06de326cc4e1cab5763dc1467999ff8460f3624c0a
SELL,0.998,21719.03,1770079642,Yes,0xa5987b30a30fb7a356a40e2799908622b9478e6001c1d9ce816ded8126265b79
SELL,0.998,6.44,1770079638,Yes,0xffca254260ac6ba6414bc30878a43b3520f698065f97462c19668bf65dbf93e4
BUY,0.999000000999,5.005005,1770079636,Yes,0x6ee1b805cc9240a330f5403fa785f5b25822048f7ca4d05db77c22d5c4986036
BUY,0.002,500,1770079614,No,0x46b257382cb236ac5a3805de3b320c672bb08d2551fc6659c4143e9d8f2f8187
SELL,0.001,3191.09,1770079614,No,0xe261f69d05911c955cc75ad655b780499b52b4bd1aeed6b93eed7bc224a422a7
BUY,0.002,10000,1770079606,No,0xb1c46a1dcbfe8d70d0874d04bcf7fc2c2d2d7a2f9d5b20b077b77ccad841c9b0
BUY,0.999000000999,5.005005,1770079572,Yes,0x46c9ac4f04a6bde0e992641a11aa6c91194df6dfc4ff131d9cb26aa2af876b0d
SELL,0.998,28.6,1770079570,Yes,0xe711679718706694b3c311b5c26c65dfdd07f7178f2854e2671d7dc4d9c6b76f
SELL,0.998,629.19,1770079570,Yes,0x1acff36157ccff439a90eb0a20f2be351cb0bdfd694e161794c06f2e0da3b5bf
SELL,0.998,944.58,1770079570,Yes,0xb6ab29b76084b76c68107897b51dff370b0be1115629492ee8e49b3b17c20e55
SELL,0.998,629.22,1770079570,Yes,0xf4f0351b3557c1681d2dc7b4dec9ddae453fa66f022c75b4d095d73e30eb1245
BUY,0.998,49998.92,1770079566,Yes,0x0a42b624e96c76929bb760fb7bfa36493f3e9311f6c32549744e749904f5271b
SELL,0.998,0.38,1770079566,Yes,0x5bfd19f4482831aacb6d6f1241100c241b24008d7732d97ac3ab1cc6497f5f41
BUY,0.998,1180.17,1770079566,Yes,0x641d1d7067b9d40ebdbe74049daaa578a8d05d4fd8bf5375377a29618a4a8793
BUY,0.9979993340440594,1.072143,1770079562,Yes,0x4bbea834c71ca51d19eb597f165acc1026f59ef6922608a648f1547b8a7364cc
BUY,0.999000000999,5.005005,1770079552,Yes,0x9b18bd9fefd56ec8d64ed1d57f69229faba23fffd4b92046238e32409825a7e4
BUY,0.002977476615563164,28547.663332,1770079550,No,0xab0ae05aae012af31e1c02db411fb772e5d861aeb331a21695312cda7ec2f343
BUY,0.9989991317094121,1.07107,1770079542,Yes,0x50efa9fa1aed4d3de92aefc2cf019382a101f3f456a506b7f64cc0cd620fb729
SELL,0.998,3000,1770079540,Yes,0x8a741c8d4439940185b38c5f46d3ea4044ec9e5373025248ec5cd74f8efc0067
BUY,0.9989991317094121,1.07107,1770079538,Yes,0x83401dfb2dc5248cc9e58ba2a9492be32b3c8735eda30edb474e2b888177c3d5
SELL,0.002,3619.99,1770079526,No,0x238cbe5ad4b11d5733c1b4c895c5e20450527133e8cd2dc26f70afb89468a058
BUY,0.998,1341.22,1770079526,Yes,0x45b6e096303532b6c93032c9019f3cb0fdbcc6ac05899f595958f634bf6ff1b4
BUY,0.00300000000012,33333.333332,1770079524,No,0x4b6ad49d604d1db8d86a633084422f29cd66feb463e743158f5728f89d72493e
SELL,0.002,37.71,1770079514,No,0x8084abb73e23f298e5b756f7714f76e56c95404b170821a4c6d55e62408739cf
BUY,0.9979993340440594,1.072143,1770079508,Yes,0x39998f5534e6a49bcd66750fd2911ce93a22041ea1e0694346e196189bab7385
BUY,0.9989991317094121,1.07107,1770079502,Yes,0x8bcae49251aa69f268ed3a39efcf2a12fd5220c3fe084d31d0bafdf88e1313d0
SELL,0.001,33.33,1770079496,No,0x79335886567def0b453967077d405b3708a489583f30318ebf73c3db7f7c7abf
BUY,0.0030000000012,3333.333332,1770079496,No,0x10542d729ab2af802c323783d0f2cf49d0aedc8874434956b955a052af1cbb97
BUY,0.9989998884923211,8.098097,1770079494,Yes,0xb0e98787505368eca2eab41d92a40ab179604a1309018d61f7a45f00e1ff21ed
BUY,0.003000000003,1666.666665,1770079492,No,0xd83ade51f480a9ca32053c8c8ec2f5bf72574c942aa9be230f5e5e3e9fef33f2
SELL,0.0012780431009479646,24031.49,1770079474,No,0x7cded4d710a2e17dde4b50a090f369e9087e1cc7e574ae2dfdbc0aeae05633c4
BUY,0.9979993340440594,1.072143,1770079472,Yes,0xdd96b82878abebcfc13ae9495a0e4ae8277c480820826eaed23369186a7a45ef
BUY,0.998,1.07,1770079464,Yes,0x480c320d82c9f10eb59a855a21559060026b1bb044f502984ef13013b842e4c9
BUY,0.003000000012,333.333332,1770079462,No,0x70feb2091d0047b8282abb701f8df81bece0e8094462628014002a5447bc77a5
BUY,0.9979993340440594,1.072143,1770079446,Yes,0x66561c947b6ee369d224d5693068075e1f5d3a561cec13248afe890613ebc1c9
BUY,0.9979993340440594,1.072143,1770079442,Yes,0x268fb4e56618110ffc3030650d05fac55f3e5a4ab3eb7a5dd23a53896c8cfc08
SELL,0.002,2100,1770079442,No,0xad9049a155835ce5d7a5524cf37ebf17c92dd6e77e49ab00d45a22d5fb7ff19e
SELL,0.997,48,1770079432,Yes,0x590e8d85f324bd7ded6c194a2e21cb99cd2b234dbfdcb78ccf52eb40c220a0c4
SELL,0.997,165.77,1770079432,Yes,0xe1bd55f4ddf54a9be28d24bd51b7d4434c17ec37cb45a8388a3144bf36dc3bd9
SELL,0.002,1000,1770079426,No,0x6cc7ad69289d876c8b3cf2c6c6a6fa200372967c6a74abfb90b03a9d66a67776
BUY,0.9979993340440594,1.072143,1770079402,Yes,0x2e1e87316a8d5275e5da4a5dfe4fd00a1fb99bd10b9fccebb442e83686444805
BUY,0.997999998595553,391.613225,1770079396,Yes,0xdd609049a911beb6fca0f55cad3c47d0cf3b51c1ab1215054a06daf6f381c36f
BUY,0.003000000012,333.333332,1770079392,No,0xa7a57ed24aee3444944ab6603fd990256d3114ccb94a7e9461f664e7fc3092c5
SELL,0.002,35.84,1770079380,No,0x422c3bb6b6cfc66629b73b2f3e09aeede1e0263ac100370c46c3a03b68acb471
SELL,0.002,60,1770079374,No,0x30394afb5a94f085f45381f72880159ebb6ab1b0cb2b4553f50b25ff4739741d
SELL,0.002,2000,1770079350,No,0xfca57b675cf2021484b0d54470e6862cff6f7c589ba5e99662bfa998b394ec0b
BUY,0.998,4151.73,1770079326,Yes,0x64a4a23f141942558ecafc0df2ceb317cbc77bdcc989b8c239fcc83fc811aa97
BUY,0.9979999871507497,48.096191,1770079310,Yes,0xd91ec04f0b39f110a52ec87afe3e8517b36590cd627d786285e91a5d371d429f
SELL,0.998,48.53,1770079298,Yes,0xa3431f6b46c070c2032673d7125602f04fdb3c3eb3c2cb4d895eb99e07c35e72
SELL,0.001,3557.5,1770079296,No,0x7a6d4eedbe1fd4ebac4269365dcb9bc97fafd2ee2dd3a4c4b242df281811aa24
BUY,0.002,1000,1770079294,No,0xe5ffbe704e85d441732091ef2b4f6bf073983b7537a76f048c70ad5a9345f6a8
SELL,0.998,4.47,1770079292,Yes,0x42287efa170249dfd950ef0dc132a2d1c111300c0a4c9924d655d436ba3651da
BUY,0.9989991317094121,1.07107,1770079286,Yes,0x79ba0d616a40b25140451a0284dd51609a76774c196d377740b549384b438c42
SELL,0.001,35.84,1770079284,No,0x8f5a2bc1697cb2e41bbaed91c00f4f45d7ebf565f4cb3ab8a4d47597dc60a1ba
BUY,0.002,3970,1770079284,No,0xe32526b2659051824665edf60309f93a397cff3730196f3a234f86d8c390cd36
BUY,0.0023571452142880714,2121.21,1770079276,No,0xd688a8465142d79e3934571e8113e7957c787881d875b089ccd337a9041fc013
SELL,0.998,1133,1770079274,Yes,0x4bb0e44d83e93739cfcc3748eee5b2637de142dc09902fe360cc59e2a3c92a22
SELL,0.002,650.24,1770079266,No,0x29c2f3bb8338b83ec7ab3423dc723d898344a0d43206ef26482fdae01d3d719c
BUY,0.998,1.07,1770079262,Yes,0xe788e362cd6675d1e33e6dd802714c8c3f682097fec8131f50e780bc2d76b9c4
BUY,0.9979993340440594,1.072143,1770079250,Yes,0x170ec599ad5f3da49d9fb1372adb9ccd52ba7443bff121fa4b7524b2cea785de
BUY,0.0030000000004178273,11966.666665,1770079238,No,0x1355c9c95bd3c92da14920ea2430b7ce511ae7e32603c019416d823c37b95030
BUY,0.998,250,1770079204,Yes,0x26d660b3996a2e383de65434ce97863bd32e1c7ffef589ade6b39d9d0619de4f
SELL,0.0019148622855904196,58726.97,1770079198,No,0x9e43b92dc99d46d36386c5a7d6f3d4c198a3a5404367856aa4897ca747e6bbb0
BUY,0.9979993340440594,1.072143,1770079194,Yes,0x2e05ec76a80fae16fbf9a0bc393e4f570821858929d2eea06645df2bc4b611ba
BUY,0.9979993340440594,1.072143,1770079186,Yes,0xdbffae133c0f8238fb85d795622ba351e10e5f59189e2c8bb27ef8dc89e1780a
BUY,0.003000000012,333.333332,1770079182,No,0x8f5c6223ea32ef057a399451b8ea8326a7607f02254a893cdf2f5e045c30f3c8
BUY,0.003000000012,333.333332,1770079172,No,0x2e8bb8e2cb4a602ff574fd482918111186c97b90a7635cd2da9d9602175ffa7f
SELL,0.002,6293.75,1770079168,No,0x5bc94524f3e74bf792cbfbbf44cffeb02fb57397bac6f41cd3d1e7bdf8144ef0
SELL,0.998,1866.91,1770079152,Yes,0x58e62bc623be918c5c6ca268602845374c3f1deb8732a99e15d5bf790a87dded
SELL,0.002,2328.92,1770079138,No,0x661efc827c0c8ec5240ab41bdb7bca7a5fdcc5a70bdbf94cd5f3f9fe637fcacf
BUY,0.998,1.072,1770079118,Yes,0xae5cdd61cf1aa653bd38c5af756969a06be40db534a831994935ea449101ff44
SELL,0.002,500,1770079114,No,0x35eed468fa3cb5f5975b0e54d5c35ed1b36f0d6f3be17c897a57b1673ce26af2
BUY,0.998,1670,1770079108,Yes,0xb431e1250d4c7f0effd1251b1c22fe4eeb4a22d36cab172d587d62465a613517
BUY,0.0030000000012,3333.333332,1770079106,No,0x972f73b805c5180731294c107ddca7b2cf9fa7b1e52bc31fb14e7893e86d7556
BUY,0.002785972935974692,30151.046665,1770079078,No,0x3058a719282b004fc8b5b60ecc50be2b305ee2c87d114308a4614602d17ed029
BUY,0.002,2500,1770079062,No,0x7e8d0bd705c6c1776bf931b744189ad04c98e16a90da0f054d3aae182a098a68
BUY,0.002,1500,1770079056,No,0xbc9f97b6d1b35767bbe01dd8e5c2795604983eeacfa560481e664e78674d2a81
SELL,0.998,5000,1770079040,Yes,0xcfc22e7cc1c2d26eb6db35f5ecd724618ce0869b0383ef374fac087afb389b8d
BUY,0.002,50000,1770079034,No,0x110bfdc362d9dd649940b80430df871efa2e978698b1c6182a09cf4f2472534c
SELL,0.001,800,1770079004,No,0x47c4facf69cbd9b81717b8d316f94ee72abf7b190831f7a85c23ba2829cf6125
BUY,0.9989991826355463,1.1011,1770078998,Yes,0x3b6284b52044fddfa329eee215085f5b2ad737e83d4650d8a1ff02d7a8a9b739
BUY,0.998,70882.63,1770078996,Yes,0x3dcf0af1ab3c25fc475e3a1c8c8d604ce99693458c17ca1983fb9feab88444a3
BUY,0.998,5000,1770078986,Yes,0xce56ddda1ba062dab1d3166b02afaa1637f35d1eb7bb2643f235cdd9bd4cdc41
SELL,0.002,9.48,1770078924,No,0xae027b3107478556d2fe968253cefbab94575818fe1739a2b343f60e201a0f01
BUY,0.0030000000025751073,1553.333332,1770078924,No,0xa94d7523b3ad3ec6c0a8037a8384ea2cf213f0d684a39a5326f1c9a70f7e9334
BUY,0.9979998079847602,5.010019,1770078922,Yes,0xad4d19dcb69e4023a0fbfe0ffefddf959db62bdc6c0e03db9f62fbce5313f3b4
BUY,0.998,5229.18,1770078916,Yes,0x5b4dc134cc6aec412d26b76691f3a5e00e52d7468a3bc80ff511983b14f02641
SELL,0.997,5.17,1770078868,Yes,0x5f3e7e85c27228defacec505961e8779cb20494769ff641be42338b8cb9c339f
SELL,0.002,32419.17,1770078860,No,0x22fd4ebdcc3a86f7fefa101608c0cd16d449c16d56133afe72e74e051d8fcfef
BUY,0.0030000000012,3333.333332,1770078838,No,0x46f8445017d92809425da2439988c0e6e4fa414bd1e341864578070cb0e457d7
BUY,0.998,1254.188,1770078800,Yes,0xaa9f01f9bfaa80abbd72c8cb1f9ada9ad6bb47f5b78cd4c82feb8848c0f559fc
BUY,0.003,2439.64,1770078796,No,0x4679d4e1e05f7d6d15ee3d95644d71c5d512ac485cd5026718ab828920d5445f
BUY,0.998,511,1770078786,Yes,0x8d6381d13f333b3faac9d2602eb2be67486969653d5cd2f90675090ff60d8cd3
BUY,0.998,10000,1770078784,Yes,0x67c23e0a227700fd268356162180262664919d107df3a968014c4640938bda6d
BUY,0.0030000000075,666.666665,1770078772,No,0x9b9f367b6aabe5f6aadb31a986c07d1151ed8e6626abbbe0cef986bf14c8b477
BUY,0.998,1.072,1770078738,Yes,0xb74020bca136ba1fc493c80619984545932e345d047291dccd88e75c54fac8af
BUY,0.998,1471.162,1770078726,Yes,0x1d8092a2d6e60183b347cf45c5f9687f7c11a144a27334f6917a906f459873cb
SELL,0.997,2222,1770078724,Yes,0xd7566e51a66b9e40449c650e4fb642c5708648cdabebff5bd68fc74e1ee98c82
SELL,0.002,5000,1770078678,No,0x4be2d94f982dbcd417113510e8c104c1273aca421f7a017c51171eda2097da28
BUY,0.998,1.072,1770078598,Yes,0x2165bbaad0fe182efa568488d4d886e650125e3132cd693a004f083add5caed5
BUY,0.0030000000075,666.666665,1770078588,No,0x625ef9353edca465893592649b4711056b170724a57d422a7c6bf974879e7efc
SELL,0.002,18264.37,1770078538,No,0xe98069ce79433d3cc8e09bf397e5c0405cc78118238b0a6651b3952300dd22d6
SELL,0.002,50000,1770078526,No,0x7e51284b5d53b06fee7ca1cdedb46e9e00150a2c6a802ee88f955921d8cc87ee
BUY,0.998,1.072,1770078520,Yes,0xd4e17954e7c7c9cd4aaf71194da61c61cb7a29a88a1709d828e4501b96ae13db
BUY,0.998,8053.76,1770078518,Yes,0x2acd62069b91b80d5e4d0702c10dc8b57176c15dce62fbcdc89916fb701bf492
SELL,0.997,2000,1770078510,Yes,0x17ae9159c9c0157233bc056864b30f6d3e2e2ac99744dad13bf25fa23df68912
BUY,0.998,1.072,1770078498,Yes,0x557b6c105935de49bc81bf547aa17dd31676b80ee0e4e9c0167db46c6eb848f5
SELL,0.002,5900,1770078498,No,0xeab2e2fe46b1ea47329eaa4ee6f270f7775478be394b567c23dc930f902f89dd
BUY,0.003,1000,1770078488,No,0xd68a6317ca8b8ea3d5f9f3f2871a9eaabdf7d623cbc53b2608cfbeb60401c463
BUY,0.998,1.072,1770078476,Yes,0x919dbd4eb67f32e038e82db770f2cf8faeab75d484e13de9448265ae13d78242
BUY,0.003,5000,1770078466,No,0xdc964e554b2c36e5651d6eaf8da3749f9b839e2ae49e485776cecf8188188b27
BUY,0.998,1.072,1770078450,Yes,0xb0986b16e2cd3ed3294793fbe3730d3a77df024058004cf61365568b5fcf2c34
SELL,0.002,22172.5,1770078448,No,0xfa8e284194e201c7bcb65593736b9bce88d772d7a1f881b7bee8f99e2dada0fa
BUY,0.9979993340440594,1.072143,1770078446,Yes,0x2dc93b4e99be2cd552d1bd32084db22bf6a9afd8313640c14327fd86160e3270
BUY,0.003,1000,1770078440,No,0xed02a6970b788a8a5fd2f468a53edcc65df54a3b33fe5c53f536b86a986a51b3
SELL,0.997,1116.02,1770078434,Yes,0x9615ab806e18008beb59c8a3ea48d6176bdd5bd331e971c2a16c1aea90e677fb
SELL,0.002,888.87,1770078418,No,0x8fc3f1904bafd582641533dd282c68989f2b771ccb10ced9e4add3693bdd8a20
SELL,0.002,2000,1770078416,No,0x14e207899ee8974b89076e1993b1a410f02dd4d34e08afa90a47d57a7e44a15b
BUY,0.9989991317094121,1.07107,1770078368,Yes,0xcd879d551bee90d46d7f7aa7916c4c24b24e9d05afeaae6db603b607ad33fea8
BUY,0.9989991317094121,1.07107,1770078366,Yes,0xe283d25be9f9930826dbbb32b51ce6307b8dffa33279226d834a94d644b7f439
BUY,0.9989991317094121,1.07107,1770078364,Yes,0x9cc6ee26672a1f05da3340203b86fbff3c6d770809c502f22ce886bd20fb4024
SELL,0.997,0.33,1770078364,Yes,0xb68c48663883c65a2fa457a8b28c65d497916a3e52f9f988f0900b0f47399792
BUY,0.9989991317094121,1.07107,1770078360,Yes,0x5214ab3c7134d99fa937c6587b1767f885aa8a0196ec013031f1001ce32c7ba3
BUY,0.9989991317094121,1.07107,1770078358,Yes,0x1116fcb5d62b345f487a2cc1de64c21e471a094da8ad650f3359a2ae7c463581
SELL,0.001,77188,1770078354,No,0xbb9fb34be795034db5c96a6c14b31bdeb6ad5f37439f3f90c54b809d9afceeb1
BUY,0.9989991317094121,1.07107,1770078354,Yes,0x99369587dc50b5604cee0e157a01d3bdf361bc6ef6614c8e137e44b2e3f2779b
BUY,0.0025007304916564465,742331.093332,1770078344,No,0xffd93aa2034c0ba368b2c62f682264bc44b538649356315cd40baeb74a921bef
BUY,0.002,2500,1770078310,No,0x1daaf151db97974e17bf997a84154fa230ce64d93761de17b55ecab589ac99dd
SELL,0.001,263.67,1770078298,No,0xca5dae167f763463a20922ac739245114074a6ef7455411484fed8bf84d7d980
BUY,0.002,15000,1770078296,No,0x0cf50282f360bf850c31a55661ad70f6b9fa63bdcdb75ac5dd467a3fb699cd17
SELL,0.998,5000,1770078292,Yes,0x60bd8f5c4f85ea4a40dff13254e8becb7be922422bc272f18d82bd19b6879789
SELL,0.001,16833.33,1770078262,No,0xac928e240f2180c86177f4015d14e07e0da2fc257846aff07c60dd64f8017aaa
SELL,0.001,8066.62,1770078248,No,0xcfdd944345a5b69d8dd3dffef6f4147751049dbe0f19b339dd94d3e9dfc1ca4a
BUY,0.002,500,1770078240,No,0x46931cc2b87eb1d719e9be6bcbba371b7d8922ad52add481aa3f8fef079b06e9
SELL,0.998,4.29,1770078236,Yes,0x8a44209a417f4750d9c55fb8a019349eb67daa0294ee6be39ba5a516021f927b
BUY,0.9989991317094121,1.07107,1770078230,Yes,0x34d327affe15bfbcf6f8b0a30d245b4c68fb3580996e8860fc6d4e7304a14617
BUY,0.9989991317094121,1.07107,1770078226,Yes,0xb15a480e44d747b696c19e5a4ea53680153d17dce73082b18cf6a015ff503c8b
BUY,0.9989991317094121,1.07107,1770078226,Yes,0x0af799919980c5dff5ddd1db5419260d8400b5cbc5a567c8863673d95bd39375
BUY,0.9989991317094121,1.07107,1770078222,Yes,0x455965d975e0a69ff3200655baaba109e6fff666ba7ff176dd6beda1cf44fbd6
SELL,0.998,5000,1770078222,Yes,0xff3b7391df162cd1a6481b0d08697c96894ba6fb21c1bcbab0f7fb2baefdab5f
SELL,0.998,12533.37,1770078216,Yes,0x182b2c22d8a8552b00f87be0b2adfc612e3db9b8dbc83d775ed14bcd610f766a
SELL,0.998,1.07,1770078214,Yes,0xaa5d9c0eac76b1d6345e0bfd82afcb5ccdac8fd21acebb4fde280f9718ac51a7
BUY,0.002,50000,1770078214,No,0x8b504633f15eb4d2fc3b69dae30d5b88211a4e41faeafe46af57b4b23fd0b26e
BUY,0.002,3420,1770078210,No,0x2674c22109270e4f4e27237368b4f917a48f2fe550387e30bdedc189617fd9b1
SELL,0.998,3.06,1770078208,Yes,0xfee2ad5b898cbf9d8206a9dbd58e1a91a86b769868b0869e05503a16306aaca8
BUY,0.9989991317094121,1.07107,1770078206,Yes,0xf705ed0e3ffaec9d8c14f3df5b3a862cae36c899e7b0d8cfc34d556c98b88d6d
BUY,0.9989991317094121,1.07107,1770078204,Yes,0x718a7ad527347379c5aa65e1573cfb48ffb1b827f7b18c16cf124ed6d605d27f
BUY,0.9989991317094121,1.07107,1770078196,Yes,0x1d9e6f8defa23cceb7e07dc11638443ced036274d73e2bf255acca8fa8462410
SELL,0.998,0.1,1770078196,Yes,0x7f8ef4f5f31a2d629487634c83d050273a8b76a7dcadde6402dfd2c21e47b740
SELL,0.998,0.05,1770078194,Yes,0xb6d9639f354db7ed6b10c1c484a04715579497d3fcb72f04ad4bd55977e2753e
SELL,0.998,1.07,1770078188,Yes,0xc68174e14386f97ee9eb12f707fdd8052aba6a18924887de876d0e89d41ad34c
BUY,0.9989991317094121,1.07107,1770078186,Yes,0xef85a029f7ae2b45c786f1990b4c89552ac58e6443e1331b79ae2ba3cb70f053
SELL,0.001,28666.67,1770078180,No,0xb0a1b9f5cd6c3e2a0b6fa263ddad0ebb25d7c552d0581944b6282fb987689811
SELL,0.998,1.07,1770078176,Yes,0x509c5c706bf58036a74320b07b2034156830e4bd27d5abf6c7ab3847399dc3d7
BUY,0.9989991317094121,1.07107,1770078174,Yes,0x7f6e236e9a98616d114baefcd339fe60fcb8fd330daa3a20a8f9b96ab7d259bb
SELL,0.001,346.32,1770078174,No,0x21ff221fb5ab7c2c53f22d22f588473a8b0b3f8b69e05594a30b43598c1e3074
SELL,0.998,1.08,1770078164,Yes,0xdac664b23d90b623d3c0279b470312a0bfd439f56a7ff52f190b9069d553704a
BUY,0.9989991317094121,1.07107,1770078162,Yes,0x0647afe4e75343454e72448eb635d09877e0d9b531ba6f6f65025dc23a9d2083
SELL,0.998,1.07,1770078152,Yes,0x5cca6cb32a2815b841b18a1295d0d16c143b94a309306a2eb011d34b6fe96cc9
BUY,0.9989991317094121,1.07107,1770078150,Yes,0x6a1665f0a6fa4431638876958f07fbdf46e5fc41b1fbd939f3096b7e5923e172
BUY,0.9989991317094121,1.07107,1770078136,Yes,0xfc529de1cf9071452e2c4344d53c7850dadd68721164797881593f52e6cca47c
SELL,0.998,1.07,1770078136,Yes,0x65a6c04092751320e842f76619f4e8d7a5af5e18431c4dba324ca0838564d0f6
SELL,0.998,2.14,1770078122,Yes,0xa0e6477847519f082e9418f65df5e5a7e9a3d9b43bdd29664a033670290e8e9b
BUY,0.9989991317094121,1.07107,1770078120,Yes,0x50db6ef8bdfae9b9d8dd46922310e052aec1396f8e1e47d360b40f047f6ea29d
BUY,0.9989991317094121,1.07107,1770078114,Yes,0xe84838dc73139e44467d9e5bd17856cebce132c39ab5db4ccb22a82e308fdd1b
BUY,0.002,5500,1770078108,No,0x3eb7efe6765e33ad7d1297c1075a0da54d4db671209508d21bfa2780d92a0cdb
BUY,0.9989991317094121,1.07107,1770078106,Yes,0x7ad55a5a4efde583f5b3c7a00eaa6d1cf58aef109fce4d6746e1d9b92d723c22
SELL,0.998,8000,1770078098,Yes,0xa099d6cd2b7d8fef6408a93ff8b103b2e62d09087cebcaca0a34a2a18ac44b02
SELL,0.998,1.07,1770078092,Yes,0x3fd30c3bc8d7c28b53718825db9f23c192321d534e6e9947cc9199e3f742393b
BUY,0.9989991317094121,1.07107,1770078082,Yes,0xc1a860b45225cc9fe2ae7b19cbb30886ee078a32f65e38a24f4d65f69e60e821
SELL,0.998,3.21,1770078068,Yes,0x9505ead1cd0f05b6f799134066dfc63a71c2cad85b1775d353510d7eb16bf0d0
SELL,0.001,15550,1770078064,No,0xcd74472f5e1d9753f4e7e70222e72ad47fa404937225807904ed845e04cba4fb
BUY,0.9989991317094121,1.07107,1770078062,Yes,0xa1cfc9c1807331b6370e8f02618978d224e15ace64fbd54fe86f3ab61059dc5c
BUY,0.9989991317094121,1.07107,1770078062,Yes,0xee923b233086a25ee828bfe820dd0520003eab7e621811a60eb119515a186264
BUY,0.9989991317094121,1.07107,1770078056,Yes,0xe6ae3970ab02a92c8c887bcd30a980f4f4391b0974c6be4157bbfa71dfe63033
SELL,0.998,3.22,1770078052,Yes,0x986256a8df6816dc80af2735aedf7171b74799b55689e1e8d5d91f1dc80424fe
BUY,0.002,5935.98,1770078048,No,0x943d479f19aab5dc71522a6364d2e5a8e0c126b8b8f9abe1095e8afbb0f7fc91
SELL,0.998,4.28,1770078044,Yes,0x9f2ed84c4185845905e92b67bf45372075ceea4bd8b38f3ea5d93a8ed361e939
BUY,0.9989991317094121,1.07107,1770078044,Yes,0x192f08dc5d9a6fcc5dd435a3b8c509b905ed8eccbc964ccdde3dc17a4ce134ca
BUY,0.9989991317094121,1.07107,1770078042,Yes,0xe0134c17934fb443957eaaa9883456bd5cd0e632b37db22922b4ba3b4c7df170
BUY,0.9989991317094121,1.07107,1770078042,Yes,0x0654ea520cb09e93acc9e60f1f51b24819e3fded3a264f6e957df4e17dc15a4b
SELL,0.001,2535.08,1770078040,No,0xccb78ef8838ec2f53a56c9a05ea9f5ad1a0bba1ba0efaffe6b045d611d2ab387
BUY,0.9989991317094121,1.07107,1770078040,Yes,0x8592ae2c4800398818ecdabd331bff32cf4d29d19a06af95d6091c6016fc4390
BUY,0.9989991317094121,1.07107,1770078038,Yes,0xf4e7966c401daab79ffaac4d5d183e83dd942ee4f11bc9a966fe22365be367bb
SELL,0.998,1.07,1770078034,Yes,0xd072e37c062336941d311d11dc02194f1aed9ec9839ca28a88f686fe4283062c
BUY,0.9989991317094121,1.07107,1770078034,Yes,0x8ce548f817593bd67cfc635fdd33847102852165e6ec5a9fdca34458d9acd5ec
BUY,0.9989991317094121,1.07107,1770078032,Yes,0x3c743156015f47f563171ed702854eb54ca711562e128fcee4fbfc2e4d449510
SELL,0.998,0.21,1770078028,Yes,0xcde9c55e9fbad0a3700d054fc77cf9d96e7cc54a14bd4d53666cb1b9c53c9d33
SELL,0.998,0.21,1770078028,Yes,0x5cd8f4e4751411eae90bb3aa4b1165def7ee980223dd367534743d6fe91e607f
SELL,0.001,3890,1770078024,No,0x51863b50b12c33b00be64c35fdc6eba0e79ad1e53df8b64b505e03e2bc3b58d1
BUY,0.9989991317094121,1.07107,1770078022,Yes,0x8801402f3f0d92a12c4da7cacd3bae4e8cfd1dfbf5611a40f625f54380dcbc3c
SELL,0.998,5000,1770078020,Yes,0x00bc290d01fbb4708b90f2234d817174b7e69c53299829dd6d69934c798a6d05
BUY,0.002,2000,1770078020,No,0xeb0bcc4904ca026f26afe5ae2122b5df3471919ae31714607951ab5b5df05e01
BUY,0.002,2840,1770078018,No,0xb5e5f5e4da9bd520c1ae674097c205d8bff74f3ca01bfa61af42318db46fc775
BUY,0.002,500,1770078018,No,0x058585b67947c2a9fdf24df80a5dcbf876d4ee45544029c0fb4a72e176f51797
BUY,0.999000000999,1.001001,1770078016,Yes,0x22baf6e0b7745caddc74aa59959771b43aa57f080295c0d04baef0b4f6187b60
BUY,0.999000000999,1.001001,1770078014,Yes,0x3b2b97be5c5e8ea123413b91e1a72395ad0f3d1205dcf54610f07705fe3ce673
SELL,0.001,38.46,1770078012,No,0x9de7067599cb4a98b92db05de69605e9de7be54e53a39f42b50368dd8a64b3eb
BUY,0.002,17916.98,1770078010,No,0xece73fbda670594089eb1d0956f26ece99f19fc65861411f7ed8020cd7ce7d26
BUY,0.002,24950,1770078008,No,0xb360db8b65af4e9df12f9bddde825e2baf7b4bf73208ed46b04036f121817d8a
SELL,0.001,1020,1770077990,No,0x5626ecfe8fee8295ef06b4eba4eaaa9277a493f16dda4c4c4386a0e80a366399
BUY,0.002,520,1770077984,No,0x4bc6efeabb8425efa329c807ec388579e51c7c06f91064e14a27d5f0fc5fb886
BUY,0.002,2000,1770077964,No,0x3ffc42f71c6a86845bd40083c0418aa1d921e442aa708ec1d29552250ad43de1
BUY,0.002,22895,1770077920,No,0x05f59c4387a0c41d1daa5372c47e631aec52d495a974b44577baaeede313fe46
SELL,0.001,1752.38,1770077902,No,0xdb6efe055c236521a89cd4303c8c767b27e64961ff830cda3c3ca47b860f4c82
BUY,0.002,1500,1770077868,No,0x3ac703992d65983f46bc50a21e8b3c782a10dde8e8f4c8f17af399653814c2c8
BUY,0.002,1075,1770077848,No,0x4be21d40ff6269f18cb0a5b035e4e629b96d444834ae7f30239fcdc05fefbb0f
SELL,0.998,4500,1770077848,Yes,0x82b24710487ae68e792553dd7cb83d945b28aac6f552a07bf4911cd1d6c22b6e
BUY,0.002,2000,1770077838,No,0xc726f8166856bfdad738b7f2e9510bebc9506a423bd9943aa4e4016dea231905
SELL,0.998,2.15,1770077830,Yes,0x9fbae3e486eb92aab4811bcb52ee2dd02a1e20c03af84b03d228bd12aa0e30f6
BUY,0.002,2500,1770077828,No,0xde4233f0124c127785f52115279f595ff964a6fcadb44fc411ab7043d25637a7
SELL,0.998,3.24,1770077820,Yes,0x4b31e5e90fbb44e05cd8377038bd6663f93f13a727df67ff6c2693d33121de33
BUY,0.002,500,1770077820,No,0x6bed47a5316cb6f413c2304f8c4d2bf1e19d34821db10a27777ac944f22a4c71
BUY,0.002,500,1770077808,No,0x3313a91c83474d90d90802ec608ccee2aa3646fe1d38e45c5fbb61a74bf4ecd4
BUY,0.002,500,1770077802,No,0xd96f37a378aad650cca1eda4dfaf3375d8f944a418122afcae4d0998d63f8d6c
BUY,0.002,3310,1770077784,No,0x473f48f0caafcbe932ef619a6a795a965106985d41dfa61194a654ee6a2d7902
BUY,0.002,22065,1770077782,No,0xc75ad37b42536c8f2ddc5f4a0cff5fba3ddff00d17a8bf655ae6e1557e2f0aa1
SELL,0.001,98870.53,1770077774,No,0x7eec890d41cb82d35d310e68ba5bcea8920a55d67fbf61c4fed18f131ea5ec88
SELL,0.998,6500,1770077770,Yes,0x1a7d36850d473d013a6d1290f18055ecd08bb42cf21b4eac4362267ce9ca17c0
SELL,0.998,5000,1770077758,Yes,0x6f05d4ca27f309713f4890dcf047bc924d0e00a8fa7c4d03ba681f33e682e51c
SELL,0.001,23000,1770077752,No,0x657836e323e1c24a8c5f790c01d414e867f7888ebbd760c4a9136ff023c22858
BUY,0.002,5335,1770077738,No,0x177bcf3af6817b9148933e5e94fc91982444f493c8de621dde9b36cc7915aa3b
SELL,0.998,5000,1770077718,Yes,0x4f223307598d7f874fc598aad305fd14ecc75346f28f557bac0181ee74257f83
BUY,0.002,1500,1770077716,No,0x338c2aef70498a4758cf59519a9e614f7dde36ecf3f410742af9de78a665d846
SELL,0.001,1050,1770077712,No,0xa770d5d0aba4ee7bb6dd63ec915c499b61b69274787c4f0f498a20db2423ea95
SELL,0.001,8.33,1770077706,No,0x5774cca8e8777af560ca07c243ecaddc813da94a62fdee1ac87e533d96fbe826
BUY,0.002,5000,1770077680,No,0xe5c2c9f9e50a3a54703d1ef714dd7ede5602800143b6589d3fdd0d81d8b5d7cc
SELL,0.001,6955.99,1770077660,No,0xcd9bb7291bcbc592627f1fe5dc91ffc91a3aba38f8f8e57586848dc9076ebfca
BUY,0.002,2000,1770077654,No,0x2f8aa4f4e11717abdc74c4840112230503e1384fffc386cf221d5b91d798ffe1
SELL,0.998,3000,1770077650,Yes,0xe418fc1101c08cef0acc06e3ff814dbf02e86ab48ab34672a2a7710798e6b1e8
SELL,0.001,70.3,1770077648,No,0xb9b92c9d1430c7b44df0bd16fb817f747ee88d04a612299c18e08295bcf1a559
SELL,0.001,58333.33,1770077646,No,0x36ab6ca26992de7c4f3484f8142b505243082063c48a9b61c4f0c59eaf5f43b0
SELL,0.001,2633.24,1770077644,No,0xc7af35cb000eafdb2e0cde024af35a39000b68649e37c6d82886ef7e5096b264
SELL,0.001,20168.99,1770077638,No,0xe742ebee170351d43752c05869517f337cca5c735d3939e585bce5586c1e2cfe
SELL,0.001,16085.71,1770077630,No,0x416dc4aaa6868deaa63d19329b04371dc4aad174e483e3520612cc0836984f00
SELL,0.001,7034.38,1770077624,No,0x01841b9559e8680e0fbe9877c50182cca3228c9554c4974dc35fa55725f9a34e
SELL,0.001,4250,1770077618,No,0x92dcf935e133ae383c1cfa8bbeaed52b7c10d06b425b542d24d37fb67b931688
SELL,0.001,5,1770077618,No,0xc886ce55673fb5f6beba446e940a3deeb242232f5d9b89f24da785b600f55602
BUY,0.999,327.787,1770077606,Yes,0xcb966ae2d054e44cadcbaffc05d72103b1342d59f6a77c0fbf9557b0e5227aba
SELL,0.001,1026.43,1770077604,No,0x42654e71843546245d6b50f803b79292692b321924b42f3d9b7866c7ca8a6a81
SELL,0.001,8768.02,1770077598,No,0x26dad4d40eb53af71be3c013012ccf174d428df427dbc1308b7fcd63e8396f25
SELL,0.001,333.33,1770077596,No,0x853e735260b6223ae3bc78e3ea3cfaa677df1ce6930c61edbe75d256d907c733
SELL,0.001,17000,1770077590,No,0xbeeb8b2efcf6aba5c49f9397dae578b0ebbd637e16b5eb4a6d095d1f23df4400
SELL,0.001,12019.99,1770077576,No,0x0a353d71b2aa66ced3cb75f61dbe9bb35bac7f84f04d1fb375f3e80b82622c52
SELL,0.001,533.34,1770077574,No,0x9efdd58ed160ba093a3e70a5e186a64d83556584daf7593cf1c48aff08348b2c
BUY,0.002,1000,1770077572,No,0xbb5528f5af0c56c004b1805e70785c08bd9c161f610e10f98bed1ce93106d341
SELL,0.001,20000,1770077570,No,0xe1158f787bba7dd73b6d45ad9abe57a139b6adab98688dd8bc5211ebf5185af8
SELL,0.001,6625.31,1770077568,No,0xc414c783a1c4b8a5b473169acc52adcf229dc1069fd59d66fd9265416aa892e0
SELL,0.001,21666.67,1770077562,No,0x7a7c14bd06d30d5781d4bcc05ecabaff1ab0dfcc55c99cf39a253c4139384463
SELL,0.001,11000,1770077554,No,0x887c5d57331c1f3e959fda8a35eb47350012cd9b07e6cd19ccfa8f74508167a5
SELL,0.002,5194,1770077550,No,0xfb3a9000fd37d098d152e0c91d020acf7e8ed1e7ab7a0bbd528599e0e18bef50
SELL,0.002,250,1770077548,No,0xad2d94f24ac60bf2d5524cf0138321890fab015f9e9be5a736b36c99d6febc64
BUY,0.0030000000004150526,12046.666665,1770077542,No,0x1a4d91199a301e2ae5006b85e88805b3c38fd8ac02a84c8770951f7d86529d21
SELL,0.998,24556,1770077540,Yes,0xaa627467b353270683f5cf6797b27dc05bb0eec5e892c486d3baf22261bf34df
SELL,0.001087463065152953,1707060,1770077534,No,0x17d2f755a669ecee682bc73004c91a6c5d62e97b41e22f7d66aaeb1e8d614a04
SELL,0.997,10.02,1770077532,Yes,0x09189c8a042b3a12e885d6b82db12e3e6383ec2e64f3073fdf6b4bab6339f7b0
SELL,0.002,25000,1770077526,No,0x0e5341de92fd431e9c33d5aed772ed7b4cf0d4f8e925f0bcfe4673420811f07c
SELL,0.002,78.12,1770077520,No,0x16338dbbf3f40e5eac0e0fd91a38619a284da404b089fc221a26bbf90ef8bb60
BUY,0.003000000012,333.333332,1770077518,No,0x77674f85aa4b318f84ce4c8c868787368eaba738efec0e6401af93dd2aaa453d
SELL,0.002,10000.33,1770077514,No,0xa3774010bf8d341c2476ba6f0c54a88ca2ed87a83a3236aeb64538e3f28c4f32
SELL,0.002,10833.33,1770077508,No,0xe3a5f67249efa3211cee7ed11242452c69a472ada1f2e813e44aa99bc06caccb
SELL,0.002,83.33,1770077506,No,0x329415abc23baa77b22bb06d7be0f25090ee1946eaf03887adc4b57e282ec5e1
SELL,0.002,2142.85,1770077504,No,0x51625f8beb70c77825d8ad91f24bf515bf5a0cca6aa7297766dd44dd1a47f740
BUY,0.003000000012,333.333332,1770077498,No,0x1e53fe2fa03d88034df6e2e2d5947f2c31b499705721d5209c9904d3f76953c2
BUY,0.003,350,1770077496,No,0xeb65e90cf22bcaca17d48be0edf8eaed4866a126092742f23291fd7d419b75fb
SELL,0.002,5053.47,1770077486,No,0x9f375f0e433c54b577b82963129bb5516466b65beb94ebadda70c582bd19ac09
SELL,0.002,527.34,1770077484,No,0x58aedb9c0f462b61db62a01b82b798226194082e87239ef5423e3c006d0b783b
SELL,0.002,6644.39,1770077482,No,0x75a56806c5f08c40dafa301b7dafeb60e02fe4dfe3e98fb9bb3f3dadfca52757
BUY,0.003000000003,1666.666665,1770077476,No,0x74b9cb9028448c02a2270d91fbef41d5cc5a5842cf565e9b85512b007133e190
BUY,0.003000000003,1666.666665,1770077474,No,0xcb2e46df60f131172d940c24b9ad1db772249789bffab0d543ccf74074986f0a
SELL,0.002,50000,1770077472,No,0x09222ab9162699e9b52ae9b00f3acbaf1dadfb65d91c06426bdd9e3bd737c45b
BUY,0.9979999079843901,10.020039,1770077466,Yes,0xb5d72db44fa2880a1e59ebf92808b1ae26d17384404bcf4925f170a30ab233f7
BUY,0.003000000012,333.333332,1770077464,No,0x6d771afa2cf11bce9863f75091ae0ed4195144ebc40dfc8e2b7110101d272f7c
BUY,0.003000000000268757,14883.333332,1770077462,No,0xa09eb6503900139c870d83928b2201dd52b3b596294a65c1ef5f9d9f97269253
SELL,0.002,6666.66,1770077454,No,0xb5d5e704487c411e8e2cfecf37b3c571746e4ea15e3cc85a96fd6d360fbf812f
SELL,0.002,44901.4,1770077450,No,0x85c6559f8925d5a61f6443c95fccb3b6b07ca50bcd6752600a9aeb9f781d3cfa
SELL,0.002,12283.77,1770077440,No,0xcda291ad50e7324991e15e0858dc9ba79b62c365887b13634e7f503f418cc59e
SELL,0.002,7513.33,1770077434,No,0x7f7ac2a15eed6b50bf1a6689dcc1ca52de545a5e60afc409b721ecbee6346a34
BUY,0.003000000012,333.333332,1770077428,No,0x80ffb6b3478d64741e773137ff600b994e090d0c87d2321ee8516e551b4b01d6
SELL,0.002,1201.37,1770077426,No,0x5ce10194710ccdb1c40eaf592389ef620549b9e32e8f92db5492b026aa614ce5
SELL,0.002,22325.23,1770077422,No,0xc1c351826a289943f839ad09e83897c540bef07d31de2bd3ac2cb4864893084c
SELL,0.002,8000,1770077418,No,0x0d27fdb6f69a925173685a677f7e71b61064ce40b0e6cdb588ce5a0234a4a10a
SELL,0.002,14587.07,1770077412,No,0x91d270a2595a71fe6849f5453213e007090982144280fce69fcec68f9a625dcf
SELL,0.002,5000,1770077408,No,0x85f2a6c611fe94c80f47364b89fe0d2629f3414db0ab33c8b2c1ce00a5e1aec3
SELL,0.002,5870.36,1770077400,No,0x00d4ebb84a7fc615eee1143970cb3770e0eb4513b03345cdc51c0a64a3bae0a8
SELL,0.002,22000,1770077400,No,0x35fad46bef3b41852114eceaabd2ad0c2df9514f9a11719be08c7a6b577a8402
BUY,0.0030000000075,666.666665,1770077396,No,0x2ef71322f16a6fd4538a0524c2607da98e1ae97e4c0ae68452cc564c0012c5dd
SELL,0.002,11558.04,1770077390,No,0x200313b3f3e564fb790612f974394265ae8ebdbcf3be66a06afcf0f0a70dccc3
SELL,0.997,2.17,1770077384,Yes,0x75b6d90420c0360f3d5e79e969ac91bc1eb3da045a21f4665a22d5e9c5ea4d06
BUY,0.0030000000032967033,1516.666665,1770077378,No,0xbcfaf4ca7836a5d78dc0cde26176502499075112abd5924b81d983d9efccd866
BUY,0.003000000003,1666.666665,1770077376,No,0xff9ae19d0dd323788ef7b7020248cc1419c49c7c39df6f0c47144a1d6689bdaf
BUY,0.003,30000,1770077376,No,0xeca6f9c7bb2579066b3ed1de0a7931dbd254abe9c2f6afa8cd6539cce67b4481
BUY,0.0030000000003243244,12333.333332,1770077374,No,0x206587261850950e620f24161a182f8d2374190adec30801677b575729da4b11
SELL,0.997,0.1,1770077370,Yes,0x91b94fe64e4f7694a369c9a4861294a799a052127e06a1a2ff02b0213abb4528
SELL,0.997,4000,1770077348,Yes,0x9da9941cdc5a4859f0cb992bbc16e41895c3ac5b1c54283f84d6645a82d503e8
SELL,0.002,31420,1770077344,No,0x5de27719ae643b75862fdc025656faaec3822bcc96b7e8e48023a0218583e8be
BUY,0.9979999079843901,10.020039,1770077324,Yes,0xa57637c90499b8615bb5575c8dd8cd5e31ed8cfa71c284696339d8b32b30f931
BUY,0.0030000000075,666.666665,1770077324,No,0xad0b5e2a75504e22a7038c192360db4abf78fabeba67ae0538513c446dfe376f
BUY,0.003,350,1770077302,No,0xc24687884b3f5b63b5a018e2b2ddfdf5e483d48d5e0f0c4efe6c5f3439c78f6b
SELL,0.002,1000,1770077288,No,0x6752f0163ed611b237aaf3fbb7f8e4f991afd2beebd6c76c37dcad74e6bd803d
SELL,0.002,481.47,1770077280,No,0xfe862ff0f3bd15d52bd4d96084de4bbca3d7170f64eb2e39473e317ccd144727
BUY,0.003,481.47,1770077258,No,0xc026c16a191ba650efeac6ca2f423dfc6157ee7f805a7a778ff997f24fdb546a
SELL,0.997,200,1770077250,Yes,0x4ec3457080fbc8f23328e2438f4d03f0195ee3fb2a408f62eddc6356b7d3fd65
SELL,0.002,250,1770077246,No,0x00e2c23520df9c38ff5de45724d017f434ee6b5f4c9b2a3682309a9d198017b5
SELL,0.002,858.75,1770077226,No,0xf082a8e25cfc2fbb94dc3ee90ccd148ba0b7149c2558cc9b8c29aa3d79f2071b
SELL,0.002,1353.75,1770077224,No,0x6226d2ef3bc2102be427a19a2b733ed3bbce88fb88a7b952854db475fc43e277
SELL,0.002,500,1770077210,No,0xa8039a25d639494acd844e1877c0e2939e316915ded0f7115e02aa0e84640287
BUY,0.003,1000,1770077206,No,0xd6bb41fd565e8a1a650fc0730186c572fba0b50a7d09610efeec29042e2cb117
SELL,0.002,385.32,1770077206,No,0x48c2c0e1eeb55dbcc23c3b24e8130bec46401e10f5f25fc3148b08c8546c0f67
SELL,0.002,2143.66,1770077204,No,0x6729eee4e788b42d1e1f1ef31d63ff220fde9ec62b323073fa765cc175f50f02
BUY,0.003,1000,1770077200,No,0xaa9a55e351762f764b4897e0eb5998e935c1d2e49b0badd83fc79cb70a3f693e
BUY,0.003,32060,1770077200,No,0xa1d25535a2d0a5f1c8d83ffa913e7b22594ca9dfe526e9ed074b0a679b781c47
BUY,0.003000000012,333.333332,1770077196,No,0x6e892cfe30f2ef865c8b5cbf3b0924ac62b5f3c09c186cf6ff29728ea084b221
SELL,0.002,9999.99,1770077188,No,0x41a77aa002fba04909b67a2e83ba7da4c613c60035c6ef1b1b292170bbb43a26
SELL,0.002,2.66,1770077184,No,0xc4c130d4d1f618eaced595d154215a3a218ba101b1654bb2e524a0cbd3d12551
SELL,0.002,250,1770077160,No,0x7e9814b997013d23bf2a938ac72777450d9e3de56ecc6c6e1fe9c558b9227986
SELL,0.002,752.72,1770077152,No,0x76a3a77cea721a9f0d0ef505f472730ba876a06cca3f5ffab49923a1a74f5e76
SELL,0.002,5510,1770077146,No,0xa77235541ca64b4843430e46a93c6258c6ab3d36b216d8fae639dd97a5a225a2
SELL,0.002,1000,1770077134,No,0x1dd94898b92246820a08b9f6f8343e6379ec4bf861f249e1ca810a308ee4c6ad
SELL,0.997,9.57,1770077130,Yes,0x0e7ff40fb722af7cf2bcd8be10ee806f8d88c6beffd9a4b23abb6b0a17790800
BUY,0.003000000012,333.333332,1770077128,No,0xbceaa7e41511ac0760bb7fb7468a49abbd8f1bd9ffbc70bd4e55d2ec083587f7
BUY,0.003,12170,1770077126,No,0xd778be5bac861cdf29adeb9d01a7fcf5d6da57d0709c68e1390ba6b894810bd6
SELL,0.002,2556.5,1770077124,No,0x4064df06da8ea6249491623d98c33fabf5bb34d9ff2070be74777caa57ef0f15
SELL,0.002,1000,1770077112,No,0xbae594158cf086f8d7a4a495556528acbbe5ca0235ed8d2770d00981fd8e7403
BUY,0.0030000000004858298,8233.333332,1770077108,No,0x4c5d73811d9f1818c59af1e9e629cebe387962629b4e1173d35d46ad590c3845
SELL,0.002,18257.5,1770077108,No,0x5eb587b69734485b35856fad91cd75d0c1cb9e49b38b32163290c011e3a8e895
SELL,0.002,4444,1770077092,No,0x59791b0ecb4620ff6e7d20a0c9a2057b781c2680b1e1b05ce8ae95ea3e098db2
BUY,0.0030000000001246365,32093.333332,1770077084,No,0x70b87cf698a84add8ae74de8a51065ec174a726aa984f7d091a53bf5a9d4e93e
SELL,0.002,85246.84,1770077084,No,0xc07c4ca777e21cae1ea1d96fb85b5d43886fd64fa4c51518b7b992ec7f17d8c6
BUY,0.00300000000075,6666.666665,1770077062,No,0xf3b757ec4430cfdeeaddf60e26d153c6b5096c147cbb053caa2d87062245cc26
BUY,0.0030000000009163105,5456.666665,1770077056,No,0x140d58dac9ef4f24dba6daf596800989e053cf3097625fd7495d6c7cb12fa355
SELL,0.002,48092.67,1770077046,No,0x1e6b6ba8a75ffcad94007e4aea513edb2147a47f92db8cc15d716fa6a28e3e4f
SELL,0.002,12352.5,1770077036,No,0xa1df025049f82a54f83e4ce97cf660e504c56d83c4db75f6cee7520634362b0f
SELL,0.002,78166.11,1770077036,No,0xc3df05891f5a79f321f161253470664bcac032da168cf4c110c26595995b97e5
SELL,0.002,3000,1770077034,No,0x8b3e5a6c9f065f7ceb2a30b92a2de19dde19e51db914e2f942b0751c9ac71ef6
SELL,0.002,10093,1770077030,No,0xdde7ffc4beff8831ec4fa4d02dfe6caf778e5e13f78ea548e46aa5d1c98485d4
SELL,0.002,58856.57,1770077028,No,0xef36d91c61bccbe3842d0d1467abfb113670b31413a33a4fd94134f5d21bc83a
SELL,0.002,47671.49,1770077018,No,0x51e7db49b763e8b0538b9861a4cea0aaa1abb4c90424046061909627d73377b1
SELL,0.002,50000,1770077010,No,0x0738ef5ea435cc3ec6cea3615196f508d7ea54fc3474f519f353ebc6d1696557
SELL,0.002,3424.34,1770077006,No,0xebbda84ca3daccb8a88492c819f8e64f0173b14b9b10ab493b30f155d635ef6b
BUY,0.003,1000,1770077000,No,0xe145a04696b12c69cd493141c08c86b3c2c99fab8dea062911e56956e5cc3647
SELL,0.002,5090,1770076996,No,0x9f4fdd202e037c419157f8488d35b727a5f296c2c3f7ce86e8e56782d4b5216c
SELL,0.002,162304.44,1770076992,No,0x10b02203670f60e5ce41fd6a46bf3f35cae56520eee8b7e7fd274781b8ce12b5
BUY,0.003,1000,1770076992,No,0x1201b10a858bc603c4e8bbe6a368424e8535ff0ef9f2c89f7a40503d24ef4dd6
SELL,0.002,18069,1770076988,No,0x8993cc81503aa5112d97ddea96df1812666f555b0c038a043446a0d874f054f3
SELL,0.002,8280,1770076982,No,0xe54d0049f0f79d53f535bc0d4473a39de82d01ee1a3b7d23e65ee8609d833c70
SELL,0.002,56616.03,1770076972,No,0xdd1fe17abd482d6f25104f33abef299855be9133f7be3b349d88f6517f1609dd
SELL,0.002,1000,1770076970,No,0xf609ea0f61ff34f47c8756fee103dc297fbae295a89838539f4ebe475bbdea42
SELL,0.997,68.69,1770076960,Yes,0xb4f93e6127a5a789c6af90901a1aa0b5085a3313264044271bf1dcb327eeb59b
BUY,0.003000000012,333.333332,1770076950,No,0xea2df4b4c8ef004cac867725f5f5d117342e8b1dd1ec28cb6bfd04f77f8d828d
BUY,0.9979997219855932,2.80561,1770076948,Yes,0x92ca4d8a542493c378bdd68e0dca56f67e3a9861abade15b81a202c55426e017
SELL,0.002,114753.41,1770076946,No,0x9abde2551250ca3825194ccd8a3ff016204bd7d1e2e712e7248a52da133db03a
BUY,0.003000000012,333.333332,1770076934,No,0xe7063d3c218595feaaaec41f5cda0188719dcfba091a79e5a483bfd711fb32a4
SELL,0.002,2497.5,1770076888,No,0xe36c66e935cb5ed2feb8ca3c1757e7970d066b67e390489d58da87990a4ee0ec
SELL,0.002,520,1770076884,No,0x26c97cd0ae1582e428cf1bb18ffaf6897ee2fa7cb8c51bdab66757c759d4f911
SELL,0.997,26.86,1770076826,Yes,0xdc0fab51c456d3af058f6eee4efb32a8584677c4ae4872e5b2f6b9aa10a69a64
SELL,0.002,1500,1770076812,No,0xc2e408541e8b0ddce8da0685b0d71bbbc85716b13d625ef3daaca518f43c9716
SELL,0.002,1717.5,1770076806,No,0xf32651a1b84955afe7e9dc40f6fda6af156b62f843e7b77db9e6c64d2b4c6d89
SELL,0.002,11283.77,1770076804,No,0x187d2c05f461e277c9c37d69f19ef816a117b10c735bd9bb17d312f6a9266cf4
SELL,0.002,28666.66,1770076794,No,0xd4e02fd0cafa7d3d3359baec0110f99dc2735dede5e0e28542b637ff340505de
BUY,0.003000000006857143,583.333332,1770076784,No,0x77758f7005fa847d22cef2f983d45628913d7b1483c9030bbad2c32f801c476c
BUY,0.998,100.2,1770076762,Yes,0x635506f7d58037902fef25e94b81d6544a054da831bea2a9bb88def5c19b1614
SELL,0.002,117252.65,1770076738,No,0x50d9c445bc72a1480b9a5ba4c2c17acc9b724cf2bcc03ac9d323e24b2557635e
BUY,0.003000000003,1333.333332,1770076734,No,0xd052b774917ac91a7a1894e359c2b7540e9e01d54298c89b2e174bc596d0f8c9
BUY,0.0030000000075,666.666665,1770076714,No,0xf15dde4296baebaad518d37d4d6e5926d132e2a61bd54df1048ac4c4b9eb8574
BUY,0.998,2004.008,1770076702,Yes,0xd1bf1c0228993db553f7d086d00347aa8cf49b2ead15ba4d6a86acc2afbe8566
BUY,0.003000000002276176,2196.666665,1770076696,No,0xa47c51ca41be72c4de4648ae1a3e81b523b4a1c6e425df5cb4b729fd842c3e86
BUY,0.0030000000002530793,19756.666665,1770076668,No,0x29858490aa24b6396980d3617c29d8283c012b7eeab22099044ca0d8ce60be60
SELL,0.997,7.53,1770076644,Yes,0xfc8da9504ea4b4cf24386af6d963fa8e37fef3d3b239f5f02ac4ad7f25fe7692
SELL,0.997,2221,1770076614,Yes,0x24c7743d8fc4da9e78acd91f1f01a29b9dc9d98f9366ac545d7ffb17c1a1121d
SELL,0.997,1.51,1770076582,Yes,0xf63ddf0b6b5c4c817350e217a416c976ca7af022c41494d045aefedf7fe1ba66
BUY,0.998,618,1770076570,Yes,0xc25d03db003efc99e110abc0b704784d7eae6e42e00e288ae737523ab2f5c9f2
SELL,0.002,3852.67,1770076518,No,0xdd006db542e9ddfcad2d6b63a597994f7fbf7372778fd97994ec8c7f4145e69f
BUY,0.003,3333,1770076514,No,0xd2493e7707f4be73fa7813bf794693527ed84bf8d6648db9ab67e082c8d6f5f6
BUY,0.998,18.9475,1770076510,Yes,0x4b00a98a383ebe3e1efae6b3f8afe2b25fe8a3e0cfd7e03cfde85de9b4c9bb17
SELL,0.997,7.62,1770076504,Yes,0x02f2863739987a7ccf9600e4ba5dd52738a1f02c94fcc596fda44754035c328d
SELL,0.997,100,1770076484,Yes,0x4c17e24d3699450e53fb497e1c099f94bbb188356d38ea476a22816f21966e0a
SELL,0.997,500,1770076474,Yes,0xddcb6c2dbde4c109e16a87db3c7e15c38ce062944293785fd1da5a21cc3de018
SELL,0.997,5000,1770076428,Yes,0xa3e8d01f63d5f45cc4c08101ef092fec31667fc12a6d2253fb6396080a0affa1
BUY,0.003000000003,666.666666,1770076396,No,0x3de37cfc77af335d186cf86356b20b0f98918cdc7278b4d5f4eb6d4aad6f1d6c
SELL,0.997,1.1,1770076388,Yes,0xa22f2df5e570fac45232853f4f5c09064caf0dac79d7766af56a70b8c8d86682
SELL,0.002,14840,1770076322,No,0x0c5cc42795001b7bb0f2126037dd4e8e2ecd8c99293c46b5ed8b64ad045d4534
SELL,0.997,10000,1770076312,Yes,0x33de6ceea1b1b725bef977b0330bbbc369765a706b0bd350f213f0b99950913f
SELL,0.997,3000,1770076294,Yes,0xed37f2f9f8f0e64381678f0df5110ee2e3625605485f7dd724c43fc311094371
BUY,0.003,3000,1770076284,No,0x3d679cb5091de6b2f1e81ff3f45dda05198070883c99dcca1d0858a936e3bd75
BUY,0.998,20806.35,1770076282,Yes,0x1bd12d65e406d1f5ff1efc2568b07c8a9dc1c079c48c7dbe479cca20bf0e9033
BUY,0.003000000003,333.333333,1770076244,No,0xbfe20f2dde2536820b2ba112a3f891cc68421490c9b3a8c571b0b1a827115735
BUY,0.003000000003,333.333333,1770076236,No,0x0e1281d838014297364fec827c658e1a4f815e5604bbc3ec0e51511bca9df1ed
BUY,0.003000000003,333.333333,1770076214,No,0x87679eaec3748d7f11a0af51c7e2532000d95f5f281b0dff687f43b14ec9e54f
BUY,0.0030000000012,1666.666666,1770076212,No,0xda4bafd93d21ff0475f322a92d0b0455f39032fd2c195c4676611695b7596278
BUY,0.998,100.2,1770076212,Yes,0xce19c72b4ec273582a824de980dba498b2fffdeba30226c1a38b508e42f54875
BUY,0.998,50.1,1770076206,Yes,0xc7fd8acd71d68d9c585a7806857ac8f18dc6a22322b224e1fdb287559e862f0c
SELL,0.997,5,1770076178,Yes,0x348a1ac2aac2c3296f37c3697b66b92bdad3df38eb336c1f390770e126bfb7c4
BUY,0.003,4120,1770076172,No,0x3c3ddb6457d2637b2964b01ae36aa7f05915ed4161e41a0d6ac0182a05e74c50
BUY,0.0030000000003,6666.666666,1770076170,No,0x5a9f75124d9b04a42d28003910da43f00a34d0c0edf60fb8c3dab5f2fde7d189
BUY,0.003000000000075,13333.333333,1770076126,No,0xebea2852409bb5051bbc5168c2ba4b8ac52642850ce39ac53968196210b3e4c4
SELL,0.997,2367.53,1770076114,Yes,0x47733fc6287256d6d1d471c961cabd942cd3eca25d224a37d88eda7e743286cb
BUY,0.003,1000,1770076078,No,0x78e333d359d6bd05e38ac9cd1cbd415b1b659a890002c54dddc37eda59b519c9
SELL,0.997,5,1770076042,Yes,0xbcca1ad7f8504aa3c12d363194682fe9ebc3f23c60bd0171279948b2a3f0eb65
SELL,0.002,6666.66,1770076030,No,0xb402f9a11faeb8b42c0c8fccb83fd2b63552c2b18439a1e593a67244aa38932c
BUY,0.998,5,1770075996,Yes,0x6268e9f284a19862e92efa79d62d5381ff075c522de360d9e79de4a7c18ba16d
BUY,0.0030000000001875,5333.333333,1770075982,No,0x55c36cc2c135cddd469db09231bde04f4b5534de2e3250cecc341dc5d40fcb3d
BUY,0.0030000000002842254,7036.666666,1770075978,No,0xf22de1d810390c6e4a92da1460bed1065f570a36a5b6d3ad4495653f04c3254b
BUY,0.003000000003,333.333333,1770075972,No,0xa08da2732512176774d1e8a3e3b5bf7d18d6d223db8ce6e7319a83dece390fe9
BUY,0.0030000000001087746,9193.333333,1770075966,No,0xce31ef32e1960abe8228058f7481d11bfa824118077e797983e91370e25e1911
BUY,0.0030000000002213204,9036.666666,1770075958,No,0x12162ecd955d178b4add07413020d6a4989fe9a28ebe4a7487bb48ee9b7efb9e
BUY,0.003,5000,1770075940,No,0xdb42110ecb5bfe3790a7db884426f65545da6afd7d5e535b6dddc47fd836510c
BUY,0.003000000000230503,8676.666666,1770075894,No,0x1a72ddd6bf9044ac91801b6839bdd00eaf379ca43a97fa48fb937799fe30fa5b
BUY,0.998,2500,1770075886,Yes,0x802f393f7a0176c8c482ae568590f85a92a0bd089da042403498f3d356488d11
BUY,0.003000000006880734,726.666665,1770075850,No,0x388d0beea2a18bec18e1f16079205c8943e2fb59d47833329fc0a9a2f6c2f9f0
BUY,0.003,1000,1770075818,No,0x8477a526a2c92b31667f6b69b161f4fd54913529c751ead86ae15c6d1da3e412
BUY,0.003,5000,1770075794,No,0x85fd9650b2bb8fba712c65f99388159ffc7d7378119615d01159cad68bc157b6
BUY,0.998,1000,1770075734,Yes,0xe63bb1adf29c7d03331577807ddd84960103b592a5938eeb063d05ffe274242c
SELL,0.002,1071.42,1770075702,No,0x16fba5027364e17a349dc82b47410425b9b8502f0bb0a1cc388f245166132abc
SELL,0.997,1,1770075666,Yes,0x07a39d7783fa5c59836ec0358962e85ed6efc930b661ed6361750ad686f50dc0
BUY,0.0030000000001132333,44156.666665,1770075660,No,0x0dbb329c84f6974b184826a582ba7db85b48c63edf76e6e0bfaeed42ef9cffea
SELL,0.002,60,1770075644,No,0xe5e1e16c0dbccc805def72d25a3822f5fb5db0e13726981b10dd52005755e144
BUY,0.003,335,1770075638,No,0x7c503957aa2c601dcd655db113a7b690d68b6a3264c330d78287cdc455830e79
SELL,0.002,500,1770075638,No,0x45016f704848df6488ea3dd6711e6117e3991e83d97773077a9d71ada36f4478
BUY,0.003,3700,1770075636,No,0x7fea76ff157806cd3021d2f64868a03a0a08facbc467d33dbdf4696bb7517dd9
BUY,0.998,6.3925,1770075612,Yes,0x6419218ffa92e753988e96c17b9803fe824cbd6c6f07ba3450758b18014e5610
BUY,0.003,2000,1770075610,No,0x55de715850690c9df9c99925961bdf3492dba52e12eb5ce68fae680d6772bce4
BUY,0.0030000000012,3333.333332,1770075596,No,0xd18347665d8e93bc1c1ead0374d94beaf11446ad6f48e7f2dbf6add1aafe87fd
BUY,0.003000000012,333.333332,1770075574,No,0x67d1dc799add6e35d0d361294faa6a901fe9c69d43304b4a16230ed3ff5305d2
BUY,0.003000000012,333.333332,1770075534,No,0x74977f2bfaf0032ab34b82d61cb90784f4e47ee0d95ebd56820a86c7c2eccffb
SELL,0.002,62.99,1770075528,No,0xc9281506b6758d08aab3292223c25314ae8f4845ac283089c18bb2a54a006723
BUY,0.0030000000011131726,3593.333332,1770075508,No,0xdb89c0392078a98f1a93c62df3b74527b9bb7ac98649fec6c5352c5a7a322f7b
BUY,0.998,1116.02,1770075496,Yes,0x5b8e7ffb6fa333316ddf0d375dd0be2249f7f1d30b4cde6de306912e83287103
BUY,0.997,65.6,1770075484,Yes,0x30bad714d8df87b89eac0a5364d68a624d99d93d6c0d981541d642dc79c2c42d
BUY,0.004,520,1770075478,No,0xc3923f4f045722da572d614edac0cf242d52a95ec8f2f38b349160d3087798db
SELL,0.997,1051.54,1770075474,Yes,0x2613a4d851522ef9e1568919fc40475ec713ff8a21927ee31665eb5e8f72cbb2
SELL,0.997,4.41,1770075466,Yes,0x015143828e3baa730014cab90fba106b2402251f16307fbb9c3dc8102bc28c4f
BUY,0.997,93.61,1770075440,Yes,0x650f3ad974f5051060ad9f91fd3ebc98b630820b654d7a3e1f450a2f6194a7e4
BUY,0.004,2500,1770075430,No,0xf9458fce21187fb6bf6100271de0fe1443e381b9082361e0370c92605309fbbb
SELL,0.003,1201.37,1770075406,No,0x40d63b986035d72b8c6a2464a074c0eff26fa69ac803be3d41f2534343b16682
SELL,0.003,333,1770075402,No,0xcea733e5f940985b85dd96d8152b2a0b60d7733e74b278ba82f01e71b3e6c5e9
SELL,0.996,7.69,1770075398,Yes,0xfba7aecdabc825d4cf9371749d681ade0aeb97d0ed40f101a24e4798279a5e79
BUY,0.004,2500,1770075386,No,0x6952748de4f4832537d8e6d6e4a11aa12f8fcbf22b12c88d2eaeefcc97efc6d1
BUY,0.004,24500,1770075376,No,0x25d62a4050ecbbcc70ab54db3675942c4ef32cab59195c6819dde74d9563a0d0
SELL,0.003,32.35,1770075372,No,0x2a4a00f1c1ee1f42836cc30a907d34dc4401078410cae384862eee23661c74d2
SELL,0.996,0.39,1770075360,Yes,0xba7269ad9e3f7a9f5a3d82e98ae37deaa62800f577a15d6c04801e356a4b77be
SELL,0.996,2.13,1770075356,Yes,0x1c9e99fe684dcefea9d1e1f69de3df6b78d5111a548259e53c3591b5545f4eda
SELL,0.996,0.21,1770075356,Yes,0x01f03c8f1d0efcc64a3186904607c368418830db15fba54a7df39cac66307073
SELL,0.996,1.03,1770075354,Yes,0x6a0c38d7055b78b6e31da848be2e079be2aff0ba1a8a9e9ee3110cc1fe0b62c5
BUY,0.997,98.75,1770075354,Yes,0x9b3c2f5de0896893ac6fa747b04af050b5e6f46886ae28bb2803c9277794778d
BUY,0.997,98.73,1770075354,Yes,0xa2a7028fa4400f92d7ca7feff198d364114443c2e6660088a7f2b553caa1608f
BUY,0.997,148.19,1770075354,Yes,0x9a73bb883ce0d1f64a55c97c39bbe13f3e1e555fd661172596f682969d6ea469
SELL,0.996,0.11,1770075352,Yes,0x22d4a40a4a1b5c88e9fc235f1d86543c553b1ac5f0a70f2383eb999639637944
SELL,0.996,0.1,1770075352,Yes,0xc2c4d74bbcee6ac21029c6b313f880f61d64651bb19ed22685b69e8a395ff75d
SELL,0.996,0.52,1770075350,Yes,0xc2e8978fda4e065c0225892699182e7b5ae610d5a55d42429facfc293f73d55e
SELL,0.996,3.7,1770075350,Yes,0x894b673628f4187b204566ad6af35d0f9d438909520cc99651afb58728165c64
BUY,0.997,7833.52,1770075350,Yes,0x8f89b4022ebb5b1b7ae31e10a130304b7d4e4afb4b7dca62024eae55bd5500f5
SELL,0.996,0.6,1770075346,Yes,0x71efb84364b94af0e7463bf35ab395fe65414aac1bb4564c2d724dd4b996e7c9
SELL,0.996,0.59,1770075346,Yes,0x8308b626fcc019d6092acd4aee9ed01259cebcec9d2b3ae1e8084a6389f66f94
SELL,0.996,14.72,1770075346,Yes,0x87a7430823800c22c0f0e9f51ce12936ff0a16074a68737c8d8645eeff99bc7a
SELL,0.996,2.87,1770075344,Yes,0xd561ed9913b7bcc0084f4908f25472e06c0ed86cf32838c1be630a3a8888eb39
BUY,0.997,40000,1770075344,Yes,0x75d5f8b8ab358c47cc01526c8eed4dcd90e29b365e0990cefd0ce4aeed87b4d4
BUY,0.004,3000,1770075326,No,0xf857ee4c0d9a4da1c8e814927b29d2f17e7ab944d19d484b30cbd80c94561d2b
BUY,0.004,520,1770075318,No,0xca2a53886c1a5574c480bdac27deab3352c620d3144e9fb566dd68afbeb5280b
BUY,0.004,1000,1770075314,No,0xb009395516bb1d60e604d1cf694b32d4224d0e6219791f3a6ec424377bea857f
SELL,0.996,0.1,1770075314,Yes,0xfa1acd8bdf9a288c09ce42a51a33b30de7acda2d6a1fae62f9fe2dbd86db1300
BUY,0.004,2500,1770075312,No,0xa709f6a0b1ab4fb6111cf44dee5992dd44359ee92631cacdf0e0db4fe01d6afc
SELL,0.996,0.1,1770075310,Yes,0xd28142b5a033ec3886ef18eafe09ed052ada38ae6e1449d45ff26e6fdc6d432d
SELL,0.996,0.26,1770075310,Yes,0xfa6b2d646c1c4c715e553d643ef87e2ca5c4e17724ddc4c8d722105e5ed27872
SELL,0.996,0.01,1770075304,Yes,0x23b6aacc55bbee0952896a1ecc5d64aa353b51205198ca199b8e2ec94432cafb
SELL,0.003,166.66,1770075302,No,0xa0105141a85007331e2f9730946d089c11b0764910fd010504c08b16ca2e4229
SELL,0.996,0.06,1770075302,Yes,0xd9f9d60d7647037fcaa93a67544f7d539b753c59859f9eeb193ae338963daf10
BUY,0.004,2500,1770075286,No,0xfb53e3f206f16337e983dad2eed000b124febe5ce40bd1f1955823b1df89c0f4
BUY,0.004,905,1770075276,No,0xbaba965a581baf73b1acc078e823af527d0b7ccf82eae05ae6f9d89480d828a8
SELL,0.996,0.1,1770075266,Yes,0xd6b37484114e430bb082bd45918fc87c707cd521c3f6d7e7d26637d523dcf47b
SELL,0.996,0.09,1770075266,Yes,0x0b7139e53efa4ab69dc003cd769cc5238337390d38ef9f81a0a35ca7c343c08a
SELL,0.996,100.42,1770075264,Yes,0x2816fc63424da5a1da63ae682771f1b7fab285d77749d248574947fb1f702057
SELL,0.996,1.28,1770075264,Yes,0x96f8b35178bdaadcc697aac7c351ea267f76109b7b57d6b3006f66a004f2cc13
SELL,0.996,0.26,1770075264,Yes,0x9c946014c2fc23195e11b5817422a14bed1943fe7db35ac68f1cb4c2b26d50a6
SELL,0.996,0.92,1770075256,Yes,0xa2b2ce8baddaafa453067c7438f418c2107db234eb9fc4988e3ee88f268b847c
SELL,0.996,0.03,1770075256,Yes,0xd319288ae2556ff1b29181ce99393ab6e4568baf20a5a05b4b06813059a8e8bc
SELL,0.996,0.03,1770075256,Yes,0x1bba393a3c53b6f67498951ab35da3efacd80d20b7a2cc921f9ffa4fed0d5a1e
SELL,0.996,0.17,1770075256,Yes,0x108bdb20e5063a5c2fa0ec42f9d10035e1af0259fddcbc0522b76ed961f6826f
BUY,0.997,2500,1770075254,Yes,0x58f6b4ffa25c1ed35884e9ffaa1f4cb957faf9178701d799324aeed216df7368
BUY,0.004,2525,1770075198,No,0x2838d2a063dcd651bf39b6aa0d671bb1d007d160e6eb87e47125c1e21b1b4bfc
BUY,0.004,33800,1770075198,No,0xd27aa80817ed1eb98931010e8b5d8ffe1e6d0061b330dc509f72013ab5379e63
BUY,0.997,21.38,1770075146,Yes,0xcb87bb4737294ae6e07269f1b81b6d43b03d5ccbc5955715ea77ae7dc1dbe18c
BUY,0.997,23374.11,1770075136,Yes,0x2843e0652fdd1cb2630517b0a03600bd5b1c5db2ae1f1accc7342b70e8d63ae9
BUY,0.004,750,1770075110,No,0xb83b4ccf5a49d686ceaab71f8e12965c0bd8938e0aecafaa7e4143d6103987c0
BUY,0.004,3250,1770075098,No,0x1c54ba68541192ed576b97b27fcc9550da724f165e906a409ad4e860adbb5a9b
BUY,0.9969999995979629,2.487333,1770075060,Yes,0xfac2c04b89359c60718a1e914c531a6d715f593437430aca654d08f2f00a797b
BUY,0.9969999995987695,4.984666,1770075056,Yes,0xd0d3e0b24b3fbeb78790253a04a4070167bd15b957db85e502daf7f25e5be72f
BUY,0.004,12500,1770075056,No,0x4cd2138d8f430c58bd484c0d81e8f2782e5fdd0215f1e51e3d8f43db70c0cc91
BUY,0.004,250,1770075050,No,0xcde4727b1f520a2a2b5e7d7c698221946470e5cb86c79c1c46911f1ade491db3
BUY,0.004,500,1770075046,No,0x7b2ead3837226318e72eb20d733a0e34e1c50e1c111e810ccc4f4ce3341783e6
BUY,0.9969999995987695,4.984666,1770075030,Yes,0xf04c788cc40acd87ffe2fda043bb624cb053bcba64b5d34986caa00761cb74d7
BUY,0.997,100,1770075030,Yes,0x3c70a95db4121631a0afc71f55ae4782eb6aa9f818c772e46932c0ed75479113
BUY,0.9969999995987695,4.984666,1770075026,Yes,0x09122bb51c7764f8782e5f7aae0999c46b58e1e5231917fb4ebcfa27b858b7b0
BUY,0.004,500,1770075020,No,0xc3d71c0c8b436427a5eadf8fae5a25f74a5cd930780cc346e85762de620b43df
BUY,0.004,500,1770075016,No,0xc6dd426ddb7de76f63d0420b2ac576c7035644251ff73e7063064187e171e627
SELL,0.003,300,1770074992,No,0x9cad245549aa0ca0ff253eba60e2e370a7be626279d97c18bbc8c6776c90c871
BUY,0.004,17565,1770074980,No,0x0bde3b03380b86abf61eed13b488f7850e19ca29ac9c51dc9fdc63654ecad924
SELL,0.003,2312.5,1770074968,No,0xebbc6dff6101e29748ee193291e6960f767f5dcbe618b8a8bc6d963df0141b32
BUY,0.9969999997376247,7.622666,1770074940,Yes,0xbbd7f78a793cc60039ed3569f8dae971364318cc5fbcff1b0f32375dfa54b5fb
BUY,0.9969999992241043,2.577666,1770074940,Yes,0x53f7827fed42db8e9ab53e758db43432d1a566754eed80a84df51ab7d56a7130
BUY,0.9969999999746536,78.906666,1770074940,Yes,0xfbc227ce1efe981fd036865288e093d587b8eedaa7497b6bb3a08a52fe0734ab
BUY,0.997,5.015,1770074940,Yes,0xfbb98fcce4808f0675bfb45e859e8eb431b92c9c3a4ef82578107d571d4d861d
BUY,0.997,30000,1770074938,Yes,0x642243352eec4b9afd7117efd848a11d70e32f1cf0fe472145c8bd6c16280b29
BUY,0.997,5.015,1770074918,Yes,0x417646f619772a12fd0b40046309f21fea360cf1450372bd78aa65303140ea81
BUY,0.997,2005.01,1770074912,Yes,0x922d337e7b23b9ca626cccc783820a7a8f580a0d97751cb03b3d1e78d42b5991
BUY,0.997,44444,1770074884,Yes,0xb1ae751566659398863bb0e4d4d24d924473e24967a4d76ef8dbe8e1d21af2b6
BUY,0.997,8.02,1770074884,Yes,0xe024de3c90a79bf7e3cde7e7f559128006c19bd37db1dcdad03c170b5e55b76e
BUY,0.9969996935885566,3.009026,1770074868,Yes,0x5b70d1e277f2a72ae0cd8d4c8c5cf97ea215e9a5b042993c321f2642f7f34f2a
BUY,0.997,15.84,1770074862,Yes,0x6477ab94e1847af14aee6398e772087695a0b9528222b9bc5932f36e30449827
BUY,0.9969999311162432,1.103308,1770074862,Yes,0x7ee5da743093aba620ccde8e6a5155117c9c46428b69fb93f2b5b751d4ba2f64
SELL,0.996,0.01,1770074862,Yes,0x0ffdebaf307e854370a4555bfdfeccb0dbace73a949fb490c8b01410d6f7b9c7
SELL,0.003,10108.33,1770074860,No,0x158c4433a760bc0400d5cebb180aade798b2b5d6afc5481b6931026396a243f2
BUY,0.9969999992245555,72.216648,1770074860,Yes,0x74e13bbc9ac3ece2e428b51b16cbc14b30ffe0d4ee7029c89326ada48c45d5ec
BUY,0.9969999972061232,19.327982,1770074846,Yes,0xaca24f338ed65dbe13d0e5c0a9c334d9f389b6a8cbdd69ed76046123ad472f52
BUY,0.004,1937.5,1770074838,No,0xdf3bbeec30d04da841a7504ec6d85c249b7179983fc9ece98d6373a141d295f6
BUY,0.9969997519559101,2.487461,1770074836,Yes,0xc000fe5f300867894825b72188997bbd28706b315291973e58ac472dc87e6b33
BUY,0.004,250,1770074828,No,0x2f9ad7960395ff1c0bbb49d83b6a3336fcfdf37bca7dfd8275b08762a8525904
BUY,0.996999649491763,1.28385,1770074828,Yes,0xf72fe7476f5f48c314e26aa5610255b59061ec87e96f2bc607dd4ca1f69217d1
BUY,0.9969999813626097,9.979938,1770074822,Yes,0x7dddb082d42727ea8b9406a191040ce7809c78585e5d1e86b35543a15722d6c0
SELL,0.996,1.3,1770074820,Yes,0xe8fe478ee0749ef280e03f4974fe0f55c376e6c71c0d515c8b69647595e9efbd
BUY,0.9969997217670882,1.29388,1770074820,Yes,0x127c990b70882ac06e914ef4b2d40b639e3ba4fa31806cb6db898e56a7c55bc8
BUY,0.9969990269270036,1.003008,1770074818,Yes,0x9187e9287a47c071d60fa24f3a0d91dbfc520fda993ab851e17aa39fda93636b
BUY,0.004,1000,1770074814,No,0x124082ddfab3a394c05d956947b5f05139ce5500c1856df44cd783968ce1cb99
BUY,0.9969999717148788,4.984953,1770074814,Yes,0x9988e5bbf199fb96bd08ea98c70387ffda3cfe84dca0180f700e288a10c0f3f3
BUY,0.004,500,1770074806,No,0xe978b3a6b9000ff588cc1862ef38ef7de4e2822c38cf4d92c75dc05466ae84dd
BUY,0.9969999751655755,30.361082,1770074800,Yes,0x2a322e68a2e1a7cdfb594bd7f6cbf8e92cb74684cfd510da4e2b1d2a741f2701
BUY,0.9969990269270036,1.003008,1770074798,Yes,0x38d27b28bf7e278176a4499c615e053ef8234017b5917f9c6dbed9ab9419c725
SELL,0.996,3040.68,1770074790,Yes,0xaae68c37864bb6979382b860f1d0f7a37104afbd85a5245a1ca62d3227f55b4a
BUY,0.9969999705130433,15.837511,1770074774,Yes,0x3710a0da2330bdebfea1ca32bbfcaf09a7bd25c21e28c391887741c572bb4f02
BUY,0.9969990269270036,1.003008,1770074774,Yes,0x5213cd98db8ca4c3b4db3127c231259fa8265794c6db6bc26ae8e0bfcb3d9846
BUY,0.9969999311162432,1.103308,1770074766,Yes,0xff79eba13685527aa9132d5a807800401924e1fe8fbf2ba9ab75bca397a345e6
BUY,0.004,2827.5,1770074764,No,0xfc04212ef095071ac958733595014f40c7dc6483e49a85ce9d9a678f24863a98
SELL,0.003,36.5,1770074760,No,0x415c4ddb3ae219a83b356aa1c398a5d1f81b4e3ebdcbc062cfcc5ec26ef75f06
BUY,0.004,1000,1770074760,No,0xde2e149742a43f1c45d0d9bea31f54f00f23ea0af30a6736126dbd6f3cb77a15
SELL,0.003,500,1770074718,No,0x6e8e4b98d05946a3b81bca2f1e9777861b3c4c9bd15fcb51c87a947853fe6c16
BUY,0.9969997729220057,3.360079,1770074698,Yes,0x916797e387405b6caad521e6769f9bbe5cb22fc956a83140a9a4bc3f3ef05b66
BUY,0.004,1000,1770074694,No,0x8a5f12ecf96b4ef9b1a491ae423715d5f382b65f78af247f8cb1329a98656d39
BUY,0.004,1020,1770074694,No,0x909699ed7d60b299b21c4d3ff2225d920b2fbbc9def03514d97e0a7810668e29
BUY,0.004,10000,1770074660,No,0x7c820bc4bce762214cf5f486ffce1aa47a0d9769b325fbc6d0a24556017781a9
BUY,0.004,3750,1770074660,No,0xe3b4dbeda9ae620b930c7d12e3bf997f1efe1b4b8525a1b5af708bc6acd4a789
BUY,0.004,12897.5,1770074644,No,0xe826400219302a12fdae4641691ab468f76267ae3fa7671db219ebb9de8b24e5
BUY,0.004,2000,1770074634,No,0x7a8ba6b3173a08493c5974e605d066042be57add5750d1eb1037b5fd89a73a3c
BUY,0.9969997929304937,1.30391,1770074632,Yes,0x170c88b530a468d59cfa1b462f0d4e506e68687d9ac5964e3c216989d88ca5e0
BUY,0.9969997929304937,1.30391,1770074632,Yes,0x9938ab99a46ad6fe9da07e326ca9919674deff1c0b29593f4b6f82f82a70b995
BUY,0.004,1502.5,1770074628,No,0xa67e5e70837a4943a3a06866cf43ea4a453dcbc304042a2d6455816386457a07
BUY,0.997,5000,1770074628,Yes,0xa41e165ed33cb73ee019745d63dfa8157d5e6163be9c870e88f4872026388f4d
SELL,0.003,90,1770074624,No,0xf9404cfbd3f92db5c0c5aa3d370c204684a49c10e77db91c574628b03c8dba1a
BUY,0.004,1250,1770074598,No,0x67fb256e3321dabda9eb558ccc6746d1a62fdcd45b4d81103e448aea53dc5530
BUY,0.004,2500,1770074576,No,0x12e2ea40f97af33324df2339f9ea6d8f929c576eb6f99a041b1f7d22dd6da96e
BUY,0.004,500,1770074530,No,0x60503a63c16f44f66b9e0ec1b0e4eb95f0e0a04bed1255d4397f87bc09209e94
BUY,0.004,6822.5,1770074518,No,0xf13d75b89c3092fb417e39edbad631dd8dd610247ae77e98c6b0efbd5a7dd203
BUY,0.004,250,1770074486,No,0xa344430c3b331c63ed7b97272e1ec8369c26c64d9738ecd7e1d39f61d50e1210
BUY,0.004,69055,1770074478,No,0x1d69b5ecaa011db2f4b85b2381ec80e853e0c666b5e223b68b789f159fd108c2
BUY,0.004,250,1770074474,No,0x03cd6dbb73dd60f929e4e66d84536ed2a3c8cb72dc8cf390afddae32741f0081
BUY,0.004,1222.5,1770074466,No,0x263bac4106bf9e623e423767706c055468307406c53be58eb95f1f97c4a3f688
SELL,0.003,3333.33,1770074454,No,0xefadad05b4006069d8fd490c0a744592c775f78c38370220b443ca810f3652b5
BUY,0.9969990269270036,1.003008,1770074438,Yes,0x4d407bb0455f9f55fa27955f51c853a1034646388322c01d00ae0a330d3c4638
BUY,0.004,500,1770074432,No,0xc36330deabd2a266df5e09e0a5a522f99ef97c9c88391af20b3c3805d52e3a0d
BUY,0.9969998902340411,2.086257,1770074428,Yes,0x1d52be0305713ee078abef05829b3fe2c0857554ee1099f1f867a0c5f5e7630a
BUY,0.004,15362.5,1770074420,No,0xe7f25fb59e8be2ab8b506226f690ed3f011b07d902fe3cfd7f65c40488d49a44
SELL,0.003,98.8,1770074366,No,0xda99f13059634fbca33173f29b484658e919df840707c9a1dcfe8de518799818
BUY,0.004,250,1770074360,No,0x83fd4c065c2ff5f654e8c967c6175b70001aef9f14c7381e8e7212a10b051661
BUY,0.004,13020,1770074338,No,0x66fed03008d8aba4b867f07356924ba4909fb6dec6148c37ed187a710b3bc2c1
BUY,0.004,1250,1770074318,No,0x018f8944eca9aa74fb70a8cea3c336a19cef3d104cb378e4be5c58323370e862
BUY,0.004,1000,1770074310,No,0x30a8bcc7b5e7199cd781fd8314e5c314189ce0f7b1989ba3ba59304f3334436e
BUY,0.004,1250,1770074306,No,0x2990e0feb6b18a77b29805a6ceef3333f012eacd0623e124db880867527e3739
SELL,0.996,2.25,1770074296,Yes,0xad75a600a7d613c96463da3f6ddc3f2ed72ade88ff1907afad9b36821fb39a8c
BUY,0.9969999922502069,4.774321,1770074296,Yes,0x90b347311daa13ee52ca12c46331d6d461e7d9d0fb44d70eeed6289fe541f272
SELL,0.996,1.1,1770074294,Yes,0x9526664994cd9b7597a0e6efe796608a4a1a809b85663eae73365bc1c69e9545
SELL,0.002,71.64,1770074286,No,0x7f1e506841482d9e3e5b4b90bacce74624261b3651c6f493b44c2e1b1ad04c14
SELL,0.002,250,1770074284,No,0xdcc70e28843c7b8e09a21e54ed875bed34cd9e20b06a6068735a5604cb62d598
SELL,0.996,0.02,1770074266,Yes,0x470119b368eb7c0b9b26c57d994503e54d0bbe35c07842e074509293f5654dd8
BUY,0.004,750,1770074264,No,0x474820ca9c01d2503c2b25189b4f16baeba5e32f9e0d5ad9f0b047bddc6aa1af
SELL,0.996,13.5,1770074264,Yes,0x3d6006758265ca919bf58fce840c55a94c23ef81c36b6d1533b3691caf95c530
SELL,0.996,2.69,1770074262,Yes,0xaccec94cd291f3524d299e7e2d1496b35f8063bb1362e6c38791931a9a517f14
SELL,0.996,0.61,1770074262,Yes,0xecdf756341275d8b8c300e53290b24ab7bc2f115990994438b833f6ff61685fc
SELL,0.996,52.09,1770074262,Yes,0xfe198badb96b73ec3ba9e68a52df55716047ab7a26ac64aa8b4d98d2190d0978
SELL,0.997,1003,1770074256,Yes,0x3d0154295bdad647ab1afec03d2f077432fc15b3400dd21697f04368439a0f3c
SELL,0.996,4.48,1770074254,Yes,0xcf0461d40b1a1844ed682cd798f1e0e337e22ac587eb91b04c08488ae1bf307a
SELL,0.996,4.17,1770074254,Yes,0x3db23f8f5b01552a9bf8d79e73b715d5d8809fbe7587522c9395df0b0159eed2
BUY,0.998,15.01,1770074252,Yes,0x6e392f2e09331cdc57fddd8b88afbd7a180aa6cc46b3576c3e5098be066749d6
BUY,0.998,5.01,1770074252,Yes,0xda160575bc88e0da3b0b0ce87d4dc50f6f97dbb83f3a27a71b961a6cf7e71a45
SELL,0.996,27.61,1770074252,Yes,0xb6c707540d7ed54c5003360e3509f7517d2db91de4c2069528904d272695019d
BUY,0.997,222138.64,1770074252,Yes,0x41070168fa098dfc3ce029f961eedf5fcaf0e3a0170a5c547dd8875c296144ba
SELL,0.996,7014.02,1770074210,Yes,0x4d09ec7449f236121b567d52de8d1181e6d0e59924d2d4fa7a123697708a8c54
SELL,0.996,0.02,1770074200,Yes,0xc14c1bc3ecdbe2c8793848b615e45beee056a5a1f5d07d69640d97077b36b4ed
SELL,0.996,0.02,1770074200,Yes,0xca836874a94cd2f6c1c9bc13bfe3ec3cd24c46d2fa7d740c92fcb79d1c120db8
BUY,0.004,25000,1770074200,No,0x6945fea7199f63ee2afdb38d0471d693f2bce85963ca36e5ed97c97109c4a9bf
SELL,0.996,0.62,1770074196,Yes,0xe5122d86255610ab9f27b7ae49e3c3dd99d5ac6ee64537ae32f9b4dc964dd24e
SELL,0.996,684,1770074190,Yes,0xa9d20c38560d3c2c5f5cc620c0c43f2db80786db5e294b1e1447cd2421f12514
BUY,0.004,250,1770074190,No,0xd2008b67d86a2342f64b71d8deee1f4ba5761c80b6d9429f297cf5bc918f45b4
SELL,0.003,5164.36,1770074184,No,0x8c540e2fe7c57f1e391a1bcbe31d4629a72be6ca82fa4cca2ccdc36bfe1b9b4a
SELL,0.996,0.02,1770074080,Yes,0xefbcf62c6a1b5f7930a51a555cb7f1b5e3322c58bc856ddd90cc150e7fda9689
SELL,0.996,0.64,1770074080,Yes,0xbbd850fc8f1ae951791bd58997c71731d283a426c424fe2ad01adf73cced0681
SELL,0.996,0.14,1770074078,Yes,0x2b4330d999fa85686b6560aa14eba6675050322422b6a997caca53297a940d86
SELL,0.996,0.02,1770074052,Yes,0x4ee21fe30a62bc8edd65f20770a2fc132adfbe0942f2fc93b55f14e2c71cabb5
SELL,0.003,166.66,1770074050,No,0x5a6e48aca8f450138368859af4e960568c5549d44e2705be462c7616fc2a7c35
BUY,0.004,1125,1770074048,No,0x36d6f44dfa4f005e394757f2c4ddd4b78b87fc9df312774117a657ffaae3b72a
SELL,0.996,0.65,1770074048,Yes,0xd04c6f8b794216b8a76a25af800962d720b7db61920933a16fad4760b4e4753b
SELL,0.996,0.02,1770074040,Yes,0x421eaa251eac346199c5573cbf169a1f2c57c6a2149403dc0a735758c06c6185
SELL,0.996,0.02,1770074038,Yes,0x1329adfa1b5847324c3aba98d62def20ef62bf7472576f83a0d20149096ce29a
BUY,0.004,32500,1770074032,No,0x8cbe48dd4cf046f8e2efe1303f82d9036dd28ed4414b10152da8790b688b21f6
SELL,0.996,0.66,1770074024,Yes,0x1e029a0323891cbf9108a8db8b05d85983cdd21237bf9b08a45ab009e730afe5
BUY,0.997,1.1,1770074020,Yes,0x9b0f9f8e7dd5cad222baede6e930ee72fd5957afb58218b19731945b77a1416d
SELL,0.996,0.68,1770074006,Yes,0x2134ccba5a910b79a0524976823f3a8c19a3a56196c0774a4d5b1b5031e0e9d0
BUY,0.004,9250,1770073994,No,0x9bd6b75ebacd11ee36aab69c1e0509a57a2b810894d57a1206dfd017d18ef661
BUY,0.9969996935885566,3.009026,1770073990,Yes,0x998d63c46ef2f7d1d9a74a22c8f988f8d93d0ff15915621bb8407c6de85bbf6f
SELL,0.996,0.7,1770073988,Yes,0x2ae323fcf230ecc62225dccde19b15ce7aa3cfd37df4cd8f11841489798d2497
SELL,0.996,0.72,1770073984,Yes,0xeb2702570969dc425ccb3883b76143c61642159f980a6fcec047d1ffc2c7b831
SELL,0.996,0.72,1770073982,Yes,0x1529e9c0c350815a633af6a4f35fb3776180cc3db22da06866553a431225377f
BUY,0.9969990269270036,1.003008,1770073980,Yes,0x0eee427241d43f2bc4dedf356e2ce7a37c47f46f4fd2b08aae42ae63c864e668
SELL,0.996,0.75,1770073974,Yes,0x4631dd23b39c327a269ff52321113fffe0610c28bf9d0c9d3c6781c313d1bd54
SELL,0.996,0.78,1770073970,Yes,0x3b540cfd072bf1a7ca15d9662789dd9221eb8580f004ed264fef6a6cc03b2fe8
SELL,0.996,0.78,1770073966,Yes,0xfb12bb4d63fb5787cc1dc82db2e95426d80403bdb1550f6d201fe4076a0d7ccf
SELL,0.996,0.78,1770073964,Yes,0x1fa0b7efea9f19a579de795cd439d507fd01bd973f06b1aaaac1b33d3c7a2747
BUY,0.9969997519559101,2.487461,1770073958,Yes,0xeb0100dbce83856760dc6a174428637771d9203e1d3df4915011c0dc9efa5cb6
BUY,0.9969997519559101,2.487461,1770073956,Yes,0x5a01cd8fa47f8ea45eebd6f252a37d73de40892bab342d0d19427376706b973e
SELL,0.996,0.8,1770073952,Yes,0xeae4a7ce6b0d7e589b76a815ddbae4a54149a337964e0448ea118a55105e8c07
BUY,0.9969997083307789,1.614843,1770073952,Yes,0x13d60861aacd67157941c932ae9bb1251a877a35864a6d58d60c223a1ddbadb0
BUY,0.004,7367.5,1770073952,No,0xebaf036e63739e6953a9d25f994d615d68d188abcad78a3c13743f8a34a9d940
SELL,0.996,0.95,1770073944,Yes,0x6664bef1e100dd3d3a9cd6091a346b0b3e8dcb65a84eca5eb17dae504a9d679b
BUY,0.9969999115262576,7.482446,1770073942,Yes,0x19974e99e86b572236bb835ecc6a459d9fb6a1ac3e21a7df951967c416d39fb1
SELL,0.996,0.95,1770073942,Yes,0x94736e78201e6ab87b28b7b6219f9c2391d535b5f05f491f7538878976f62f5c
BUY,0.004,250,1770073942,No,0xcbb8f65c6ab3beaaf8a571631ceb985caa8a2879c59691ec1e0cdd2101d6432a
BUY,0.004,250,1770073942,No,0xf2d86e76135ef9b03ecd62e8ff798ad4e0d761c95dae96ac99172f1965df292d
SELL,0.996,0.95,1770073940,Yes,0x5dfe4608860b223de3c53c5d6e0ba9d0c267705f9579f2560e5f82bc0f7ac936
SELL,0.996,0.95,1770073940,Yes,0xe3de981b4db74536f3999660f0e216664786221330709fabd2b4ccf36842a236
SELL,0.996,0.95,1770073940,Yes,0x16db82ddc5f36f5c568f816843946341d16b5b2332c5765921adb2b0d58e3764
SELL,0.996,0.95,1770073940,Yes,0x15920fcf8805deb888fa4314d1dcf1e687f14552ade39112400d77167ba0c6a2
SELL,0.996,0.95,1770073940,Yes,0x545798b41dcae07a855cd8a314ca02c06a5790baa5dbb3f1f65ea2c2d56de655
SELL,0.996,0.95,1770073940,Yes,0x80a98a02045ca819cffe852c39eef2f30d79e09f6949f164a54771f82d213146
SELL,0.003,12500,1770073938,No,0x2471463be55a18e9f6daade9d6f1a2a0b3b4cd2a3ba4a2e7ff01bc74a208e023
BUY,0.996999783005808,3.580741,1770073934,Yes,0x3af28cfecdad8a53797341c66c02906cba6102d9d55c96badd7745e5d419f140
BUY,0.9969997519559101,2.487461,1770073930,Yes,0x30a42054dc5d0d2227b9c3ee5c3e036ebaf780c1ad73d2d3be8c40308d052eed
SELL,0.996,0.99,1770073930,Yes,0xb676ad799dcb9b90a58dca2e4666e6b37ae75371b00f3f3aa36ee14d548cf990
BUY,0.004,750,1770073926,No,0x6a601963aa59935b94443117a82363d23ec1e61d31a052762681422827f5753f
SELL,0.996,1.01,1770073926,Yes,0x0e0f8b4dc5ca298fd9594062be9f2af52ac7868fea2f7ee88e35220c4dc861ab
BUY,0.9969999813626097,9.979938,1770073922,Yes,0xd4c5c1b47c608d3714a2b52debb95f56dd7e18b30a6e6a439b6b8e4029fdbd5a
SELL,0.996,1.01,1770073922,Yes,0x36db3e0f0db197090e1b5aed2cb2894ce9f2e1bcb8c29fea8ed1687f19b88edc
BUY,0.9969990269270036,1.003008,1770073914,Yes,0xd5be349dc5f95e4aa721b1304b16da06b93501895e908161547eb2928859a134
BUY,0.9969994598854403,1.153459,1770073914,Yes,0xe26986306850833e667fbd0913ef67ffc134d59c928ef904285578577b0a0cda
BUY,0.9969994598854403,1.153459,1770073912,Yes,0x84063bd5eb959c5fb8423ffe46fe838c7e799fac886fec1ba398e6168b35c404
BUY,0.004,360,1770073912,No,0x21863309b3384ef36931cac1b65f4d90eb3a2fc42efd5bb40cf2f5f695037f5c
BUY,0.9969999269198907,10.030089,1770073912,Yes,0x8cf1df6a7e7edd46cc68b6e12bf588016e2d41489dccd3b133ef1be2da41c013
BUY,0.9969999269198907,10.030089,1770073912,Yes,0xe489915d8be365595d4dd7cce765d8780b78537e69114244c3b29de8b4785b03
BUY,0.9969994598854403,1.153459,1770073912,Yes,0xe2bbed3d6f603528c379c6cbf3f462faeb93407c3805cb7964324cddebf08bef
BUY,0.9969996336986249,1.815445,1770073912,Yes,0x3a610b50501e3ba0bdc7c4977bd81211e350c3db9695d7fc87f7ed2daa24f450
BUY,0.9969998731505302,4.383148,1770073912,Yes,0x2ce3bff6200f60b0046b0ec0af0291132d675ec7c77440be603d2ef932dc347d
SELL,0.996,1.07,1770073912,Yes,0xe2c77029f0a65459bab0ea3252f5e73a1afa4da59e76bba5cccf1d90b0dfe5ef
SELL,0.996,1.07,1770073908,Yes,0x9292cb52d40424f865fcd7f89b5077bd79cd1d11095f5e517b3503d7078e7d19
SELL,0.996,1.07,1770073906,Yes,0xafa02cd2dfcb494498d3c015358fc1245a40b5b4f08fcab96043e4c56848967d
BUY,0.004,250,1770073906,No,0x956577d22950633db8416915a19a8b8914cbff352ad81ea7d28ad05316c763ec
BUY,0.9969997597960114,2.597792,1770073906,Yes,0xf7db0bf2274fd8ccbef14944b42ba1b77a0bf8cb801245b165a0cbd44baff0a7
BUY,0.9969994598854403,1.153459,1770073904,Yes,0x2dcb0a15fd74325c2a9bfa2a1031ca455b6804e1df53b0e4e1cec6c75ef9c592
BUY,0.004,1000,1770073904,No,0x46e0ee2b4d92f6535da9683eda88fc534f92630e882c9c57872c4b44e5b774be
BUY,0.996999425727412,1.25376,1770073902,Yes,0x6c6c96cce5df88f9405fb16c397e0064727bef23bb69622eba77e0310ba046ed
BUY,0.996999425727412,1.25376,1770073896,Yes,0x4f786bac6aa6f12ee1d23cbbd4d35361aa7ad6dd7c61f7746197b77b7ee7d296
BUY,0.996999425727412,1.25376,1770073894,Yes,0x5a48ac7ddc0ed7c157789bf67b0006e8b328f0a660997d7b2f5f5b5d62b81eaa
SELL,0.996,1.17,1770073892,Yes,0x1434fd8cbacd3cbf34e437d08fbcda66302f06abcbd58d7e03cb2e66cdde5c40
SELL,0.996,1.17,1770073892,Yes,0xf8b81a74efa2a009038e59fc351c55fdd0934fe5b4080011d7edb3367a6b3327
SELL,0.996,2.62,1770073888,Yes,0xe2ba972b94e87f4c9a16308670a5aced1c169f8736632901f9176d6d2900057b
SELL,0.996,1.17,1770073888,Yes,0x7bc80d70c95947b1a54da115bcd718a1a701e560f9e19bf75fa289c95c6c6cad
SELL,0.996,1.17,1770073888,Yes,0xa97d333839729d210cb708c94e0b30429d53e9a0bc1cac4fc4bd08f488b650ad
BUY,0.996999425727412,1.25376,1770073888,Yes,0xdd513865ebaaf1b64f076b8772a969a3885b695b612ede932dd0802d0c391c33
SELL,0.996,0.02,1770073880,Yes,0x5f3439c16e6952c80b636de68542158b9e0b4347176479a059b7a8d2d6bbcaee
SELL,0.996,0.02,1770073876,Yes,0x2308f2df040e382ebec29d116fc1c6c8084bb8f935cbe759a76cd9f588f7cfe7
SELL,0.996,1.27,1770073876,Yes,0x0cb4cf674e8c095c35c008452b1b105b2bea1a52c0e9946c7a81a276f5d959cb
BUY,0.9969999311162432,1.103308,1770073876,Yes,0xe80cb96d81a71dad07c2d511bf73f5f029105cb9239748b600ef2c671822e2e8
SELL,0.996,1.27,1770073876,Yes,0x81506c6c814869efe56f93b734f2d09860744ab38994f381bf503da0e203899c
SELL,0.996,1.27,1770073876,Yes,0xda19cae7f59e0c342900e1f3159cc9963035601a1fb4005a27b609df0e4fa10c
BUY,0.9969999311162432,1.103308,1770073874,Yes,0x17cebc465643e3414a408da32ea5dc3f698aa22ebe80ec36595ec4fa2043a034
SELL,0.996,0.02,1770073874,Yes,0xbbb861c55c83498919f47684abbce8297948b45829fcc34c938fc5abf9dd4889
SELL,0.996,0.03,1770073874,Yes,0x9067c12dd326fb5af01e46c43368c6d9defc30d3b4a14273a55d358a98007f3a
SELL,0.996,1.27,1770073872,Yes,0xb6488a3dcd5d6cb4f2c326b77579130df898d6c4228dab335e02c4dca07d4e18
BUY,0.9969995760782528,1.27382,1770073872,Yes,0x2469b9d872fcc786221293c363e49eb6cd6c40eb393799642da2555a0f22cd13
BUY,0.9969995014994579,1.26379,1770073872,Yes,0x0e0cedade3f78a50343dcdfb2a8de45c547ef0c5b970913b188ccfa9483b1e5d
BUY,0.9969999311162432,1.103308,1770073866,Yes,0x050a78ea7ad56551b7f4874e2e4b2bade5091779d79c8684807198f1de713678
BUY,0.996999649491763,1.28385,1770073864,Yes,0xc2306315a45e857ca790193dc0babddb82abfd3492f8b9bec528b2a42780104f
SELL,0.996,0.03,1770073864,Yes,0x4761c3953797e072c577af281c31e5e83b983e7f45822067a06d5e3c34e71452
BUY,0.9969990269270036,1.003008,1770073862,Yes,0xf848045f4dcc7dbdf1d881fb19a06374db9eba52b0321650333f1149b41ecdc5
SELL,0.996,1.29,1770073862,Yes,0x2875dcde8368f712bb289dc6a751c67f338768fa94814e395876f854b61f010e
BUY,0.9969999708784423,23.590771,1770073862,Yes,0x299843406ae6c0e141a5157ecacd1ffa62461641bc21d534626fe4c4992551e4
BUY,0.004,12500,1770073854,No,0x8ef3790e01e46a9c6929c5372ecf875801da176182b0e76f99daca8563de8f11
BUY,0.9969999311162432,1.103308,1770073854,Yes,0xfefa8377a7d931c4dad63eb5a838643489021936211e532e539cf8b9c7732639
SELL,0.996,0.14,1770073848,Yes,0xb96f3aad5bc38942d9c6382464f4d358b6a7f4cc377bf083dd50fe08e480968a
BUY,0.004,12500,1770073844,No,0x5e92889fe50407c3087358a0441684d7e9355053d455963c9766ca9927c0caaf
SELL,0.996,1.32,1770073844,Yes,0xc84f013cd31dd92a07ffa6d12b8b5a9c1a13cae835d8d49c8125d4f80cb1df86
BUY,0.004,250,1770073840,No,0xa636e6853f2c7c67dbdabb8c9beb37fb62c08f40c4e598d044ae209d3fe5f649
BUY,0.004,250,1770073840,No,0x65896710f71634d6280128c054bf17757799717783da3805bf533528c0444040
SELL,0.996,2.76,1770073838,Yes,0x1372adea5d6cfebf23c07c4f5e2edf003b3c5ea28ff24e70a7c3ecaa1b0a3202
BUY,0.9969996776051091,1.073218,1770073836,Yes,0xf12cc2ecaf5f8a8774e7b4d67d8488d45bf462b253982811f2fdcfdb732b48ce
SELL,0.996,2.76,1770073836,Yes,0x94aa608aeb090b67322ea3568f1c2af148598ff3e47c446d5f2d2559d6d91931
SELL,0.996,4.51,1770073834,Yes,0x88efff22704625e3517e0e00620586b9e56f599f73dd30b1512fe6e5a44de770
SELL,0.996,1.88,1770073834,Yes,0xd685aa466ef336ee8c615dd34398d5a7be50cee0c3444f3ede9482dd75a9fff5
SELL,0.996,1.97,1770073834,Yes,0x2612b2c253fa20bff7fef7dc12ec685d6d8aa1c98ed7b8d9ff80fabbb20c1c9b
SELL,0.996,1.97,1770073834,Yes,0xaa20b7bf22d9226543e1f0e5e97f306884bd2259c65fdb2d919efa7e3c5d5a27
SELL,0.996,4.51,1770073834,Yes,0x02b443738388b3a5eb5f3a2a81f8b933011d07c125bd5e264393b10505ebd2d0
SELL,0.996,1.97,1770073834,Yes,0x9af440f6b306291e5bebbb7e4cd8359cd4290f2a777aa0b5a79ab6d52e81f496
SELL,0.996,4.51,1770073834,Yes,0x5f2f60b257d748aea9e0b34550ab6f3856fd3dc9b91b1a27c63872dad8ca237b
SELL,0.996,3.76,1770073834,Yes,0x05da61ca2f8f3779cd686042b10ed0660e5e428394f2d079355389bb128ab9a1
SELL,0.996,5.01,1770073832,Yes,0x0d97975141841a789cd4125350d60ecc664212304feb5fd51a0c19446205956f
SELL,0.996,5.26,1770073832,Yes,0xc95d8413c12563a3e338f649a37ec18733e11ad55b50e3451748fd58802a99e4
SELL,0.996,5.01,1770073832,Yes,0x40c54458702de20d1807cd686d3c96455bcc4822e3947cfd877217e6623f6ec0
SELL,0.996,5.01,1770073832,Yes,0x5d457b18cd8c9574207fb7fbc65f634cd7a12412f74d4f6fb06e3e56ea2140e3
SELL,0.996,5.01,1770073832,Yes,0x3043996891deb1ec06082b64b631e51d26e4e1c9a24cdbaedb9b6af3fdca39ea
SELL,0.996,4.51,1770073832,Yes,0xf71dccb4d5a3243a7042d6a832170d0d769762ad691b15dfa653f5937035b058
SELL,0.996,1.97,1770073832,Yes,0xc0f7b6e05517d3210561efa0b9f4479973b86010a1a88c0ee4b2d1d7f9b37405
SELL,0.996,1.97,1770073832,Yes,0xdf8faaa196b0f606d19f62ed0324f41c29bb631ba453592b59e4cf0bdd160cb1
SELL,0.996,5.26,1770073830,Yes,0xe76dfa9db518fab6809ddce67a62d396b68198add374d4aa9e3158f2fc9b9563
SELL,0.996,5.01,1770073830,Yes,0x5f67bba20c178804551219815564d2c99f375d9c285f8e1bcc42973570ecd721
SELL,0.996,2.45,1770073830,Yes,0x3c6d98a2bbfbad97b5211a24362c69f41537764739b289616fd7bf1d53b3589a
SELL,0.996,2.45,1770073830,Yes,0xfde7500a28b6148563f02d4fa26a1992624e412a36400fd8b8a7fc50ffcc33c5
SELL,0.996,2.23,1770073830,Yes,0x4e036f0c992a2a42cbddf5838e02cc284ab524beb2092b3b3c071cd113e75944
SELL,0.996,2.23,1770073830,Yes,0x7c207b1089beb170b6d4171d8441ff29ccdde6b8a72363c509e9c03635b3001c
SELL,0.996,2.23,1770073830,Yes,0xbbde59025c1abf9bec830f2a49177be24062eead866c6e17ebe093fb1a20a992
SELL,0.996,2.23,1770073830,Yes,0x9ab247ba38a1e2368a9d9be6edc9ff13b8b562782c756fe9623b82ee1fe61067
SELL,0.996,2.23,1770073830,Yes,0xcb0474c8bbea8bbbef4dd711369e4f345e7cf55103651158bfb668c3ebedb2fa
SELL,0.996,2.45,1770073828,Yes,0x7be38ef1f89d91b600bf835bba687c74ddde22da982ce08ad5bae7a48359ef6c
SELL,0.996,5.26,1770073828,Yes,0x291ca3071ca6f387e8f8150e9d0b59ef762cd2e446295cc6b4230e02c98ddbac
SELL,0.996,2.45,1770073828,Yes,0x6153d08241d73a37af142d5214acdbb98fecf4f2808718744b8ff19cbd4d5805
SELL,0.996,2.57,1770073826,Yes,0xe68cf0323f0247f42983ec997e62b02651f4859302815d0e3f3b0d52104dcb45
SELL,0.996,2.57,1770073826,Yes,0xedbdcc3e703276780e343f59a616ca62cde7ad2b6738901ca18e80d0435cb620
SELL,0.996,2.57,1770073826,Yes,0xf7cb0fb3347d91e3d9688e0214e06f60884f52b51d0d44ca8fd62f5946c07c65
SELL,0.996,2.57,1770073826,Yes,0x0bd9760bc88c5a312c82e6f84ef54fc7237f5453be6e2ae8d989b35145cc0117
SELL,0.996,6.26,1770073826,Yes,0xadf4e799942925721926891ad03ce5e89ccb0c381aa4b376b74eedceef89276f
SELL,0.996,6.26,1770073826,Yes,0x18710436245137943c3419c96e700b3ee22bf16e299dbda2ffe2a3dd475d7f74
SELL,0.996,6.26,1770073826,Yes,0x6b0f0a9af43922a1fd02609837c27681b544a33c169930c7cb88f0e9f571b2ae
SELL,0.996,6.26,1770073826,Yes,0xc8a8a3c0eed353bfc1ef88b9f1a7ddb14f00865a6a2256bb3059b56299c6d6a4
SELL,0.996,2.57,1770073826,Yes,0x3fea85e40bb13be36343c4752ccfe908647599a2ca13c1fc553fb3ee44b1bb1d
SELL,0.996,6.26,1770073824,Yes,0xf1e0370460608f75434a1780da793acb2091e12aeaec5ab91fbeb48ddbd8aefd
SELL,0.996,6.26,1770073824,Yes,0x5b3ad8d07e2d17585303aae4a0dbd2dd456b433005bb5d7580d510ca25f63e87
SELL,0.996,2.63,1770073824,Yes,0xfb11262e7ef6190af941a597e436f0e51f114d5837bdc247b911d3b2f35b570b
SELL,0.996,3,1770073824,Yes,0x40565c7a6497157d0dc0fa4c95a234253b090d46420d01e528c1e6cd501c8394
SELL,0.996,2.63,1770073824,Yes,0xacbfb6ec6bb9f40e7a8f7ea67750ad4a9caa67db6a4f9cc44ee3bb440b39f368
SELL,0.996,6.26,1770073824,Yes,0x0aafa89bb4a5e9611d8c24edba1696e34b2e8138e912a974fac0fd5258f35fcd
SELL,0.996,2.63,1770073824,Yes,0xcb829847c63d517ed5eed118f512b207c2e2a969c60d4b601c5b3533c77dbff0
BUY,0.9969996776051091,1.073218,1770073822,Yes,0xe4ac156b532af2f5104ad24fa0d51d5b63571719c772f02754d873051e369bd2
BUY,0.9969996776051091,1.073218,1770073822,Yes,0x8582d3109a5f3d23b9d873bb761eefc1b5806ee34e357143b4f2cebdcbd301be
SELL,0.996,6.26,1770073822,Yes,0x17b1da8736b42f97a809166b2ab37fddf3353c467bee659ef8dcdba271de0ff0
SELL,0.996,6.26,1770073822,Yes,0xf7f74aa497d6926e779f027f5211a2fc900bc6dcb0383f27f458045448095532
SELL,0.996,3.06,1770073822,Yes,0x8a8a985709d98691f546c5c8cd44b59433db306f7c585be97caeecf17cd25584
SELL,0.996,3.06,1770073822,Yes,0xc538d3ed04b3ed67d71cf8ffb978218d1ee8f876ff2db688d5639e30f4dbe3b7
SELL,0.996,6.26,1770073820,Yes,0xe06a41eaa90861d651a4d55e6fa089e6063b2151dcb1eefa0a04d087747bac69
BUY,0.9969996776051091,1.073218,1770073820,Yes,0x1eebb72f7338bce4802ad515d3769866c52eeb91f32e930f61532682d961a567
SELL,0.996,3.06,1770073820,Yes,0x9d0ba2fe00a317f88739707adabca753dc120775f355c51af7724c5a1b06acc8
BUY,0.9969996776051091,1.073218,1770073820,Yes,0xc6fd5a7c3017936b29fb752ba4b8aee2831ed64314b7b6feff5cfcb8af896535
BUY,0.9969996776051091,1.073218,1770073820,Yes,0x4749bf9174ac9afb3abbbfe09e5515d8f274474df1eaebbc3604359b0539f800
BUY,0.9969996776051091,1.073218,1770073820,Yes,0x417cd1ac69235f906121c17ba617401d0b76ce28ed9e5a21f26f07ab34522829
SELL,0.996,3.06,1770073818,Yes,0x4f09d7d7872ee4218ad2fbbd4497ed0078ba838f4f623a8dd44528a4baffaada
SELL,0.996,3.06,1770073818,Yes,0x4d9d4111c82d62b79b3d4663480215f8d6b9fee0e9551d6f56d77c1b7562e267
SELL,0.996,3.06,1770073818,Yes,0x67788332b23d9722c65d04238376c5cef2a59ca2aa41b4d4c55ad09db2289654
SELL,0.996,3.06,1770073818,Yes,0x45a3c6c9fc8b631850c78c6e09b65d37fd6aec5f579ab92a575e9dd6d3ec221c
SELL,0.996,6.26,1770073818,Yes,0xd288d5d4fa34220a65ddc8f5f148b7b7e216b28df69a2a0da7b21c4c1a5d031c
SELL,0.996,6.26,1770073818,Yes,0x95970bd13587b740fb764e004aad0ca6869a0d404fd281dd6c0e6707ebc0a8e3
SELL,0.996,6.26,1770073818,Yes,0x08bc9e11aa3377f60e4395ff99e54b767f042bfc9b8d7dbfda1d8822ed80d73c
SELL,0.996,3.06,1770073818,Yes,0x4f9e22f3ea8827293a0ba1ea2516a11cb0cc77311eebb13250b29869eb9a7589
BUY,0.9969996776051091,1.073218,1770073818,Yes,0xd7cea84578d8aef0a171c3cbb2ed7d5abd64c14e932cecb1d99fd9c887b90fe7
SELL,0.996,3.06,1770073818,Yes,0x0b7fb4c2dec2e91cfec4968e729429233eb825fcc8098592f747323b6f7be93a
SELL,0.996,6.26,1770073818,Yes,0x262287187d2ca39da090406b5c55fa94d6eb310194c20547235daf3318aaa151
BUY,0.9969996776051091,1.073218,1770073816,Yes,0xeb6a2dbc1ce256c16b88b3af50dba1aceb047be2ff2e3d11e104ebade6511e19
BUY,0.9969996776051091,1.073218,1770073816,Yes,0xc46cc085358cd98614d101c92dd48f3b52d287ac57473ba0945dac2257d5634c
