side,price,size,timestamp,outcome,tx_hash
SELL,0.999,400,1767255747,No,0xd8c36ec05343ab2e052ff7fb275379ab8a1f23a95d14bdccc3c866aa8f02b70c
SELL,0.999,400,1767255685,No,0xd7961e228c8a154ce4d007319bbed2c47ea7518bf3135b5061f69e221ad4b7d1
SELL,0.999,41.53,1767254865,No,0x28e7e8ff9ef7585f3bf5db6638c5e28506d06928bdccbfebf45ab85b49f0f637
SELL,0.999,5.21,1767253303,No,0xad82c907085daed81b7db6b556ac3fdb35f41a9dcd473e3c8a72d041097db51b
SELL,0.999,82.65,1767252059,No,0x315ae2f62f205ae06ab4fa20b3406ee4f19c5654458f9fc561795353db9ad7f4
SELL,0.999,40.96,1767250775,No,0x083ea1b26c25953f30ec6069245a08fbcef3af14e8917fd9627f8b0dd3172ef8
SELL,0.999,70,1767249639,No,0xbc153d54173b292d5cbd99e042bc21d0d27dad7ae90c8b6a37bd0f8fba9d1a89
SELL,0.999,98.12,1767249497,No,0x7b874d5225e5cb7d9bef4bc73e3641d29d9502bdef471bcba06c5164142be750
SELL,0.999,10.4,1767248795,No,0x790e9d37c7e5cbd0561b8a521cd2878c15853010f4b4843e9dbc277242bf31e5
SELL,0.999,79,1767248057,No,0x90d992a49e41aa92b2c46d5b076d010d72509a9b5eebedba3c5d92bd42f38076
SELL,0.999,1,1767246893,No,0x901324fac0a70fe0cee5b08c4feb2ddfe75df09979a32faa37b81cd7a02086a4
SELL,0.999,5,1767246875,No,0x0c13f47fa31b96942caa26321c21aae8415eadecedb9fb4fc2c3e51b9a1ae302
SELL,0.999,100,1767245793,No,0xf32c31d6febba505494f14028ad9bea5af0fed5b1588ed4cc9a1795a5257ca8b
SELL,0.999,1.12,1767245535,No,0xc2536ff7dc43fe68099fd28f210bbdb6b83b907fa08be61461fa933e98da3598
SELL,0.999,5000,1767244789,No,0x6a68218e9d38212fe85b898087e724dd45e7eccecc8ebfb3461dcc3f77564e7d
SELL,0.999,600,1767244523,No,0x9132fb26544e0f5e0bfc3fcbc5f85c6f8698d9c72d5e62c964d1f18c84ba35bc
SELL,0.999,273.19,1767244055,No,0xff2024fbde0a2e8b337e994050f9309028998fe238c090002e99b84c651e94f9
SELL,0.999,10000,1767243829,No,0x2d77fe43160cfc80d950c710a64ef7024875b49ae0a8cd09a27dbc41c8ed9711
SELL,0.999,16.62,1767243737,No,0x006a42cba58e048d94ca575682ae99558be010109ac30e0e39b77dec000244d8
SELL,0.999,12.98,1767243609,No,0x78d0d8d2f4416cfb2bb54c42409a18f5d58ac070f2ad118eed16f4b4571611fe
SELL,0.999,267.73,1767242703,No,0xafb943a8892e64915c4b0b6245fec43bece63f0653f335720dba3e7fe8c5e3dc
SELL,0.999,10.01,1767242627,No,0x9df2952d3c2e6975af736a16ad220c89b6aa22c838b48a62a650015ccc0e2e4d
SELL,0.999,20000,1767242563,No,0x38a33dfc6636702be1bad155d8936dceb1e10af45835bd80c163a6c467a45774
SELL,0.999,10,1767242483,No,0x21cbf8bbd9debebca14e97c4242080c1353d9d05c200df5176155d16285fb3d6
SELL,0.999,10.01,1767241703,No,0x2123f74bd7b0da56bff4f56ada1a213e12c9fd900ea33c08e848532b9a839406
SELL,0.999,10000,1767241581,No,0x72c968fb209590dcc6cf8c314b4d82817520402cf45ccc6173f0fbed025c1766
SELL,0.999,6000,1767241091,No,0x990df6e6076019df19c8b1cd9377ef3ee47a46eec4989f8f8e9cd93724aa3fe9
SELL,0.999,5000,1767241001,No,0xdb8f4282ae99ddfabc7f4bc8e5542f422022e3cbe300fd6f4cb0483de030e939
SELL,0.999,123.69,1767240657,No,0xa4e19a57e51b30de0b6285261e86449d9bfc91543d6784e5e16a7848cfdceeff
SELL,0.999,501,1767240621,No,0xd6fb8e8f2bbc5476cd1732076d8a4cf47c931a0d531f7b4ae355904f8147c38f
SELL,0.999,212.1,1767240541,No,0x3b00b6830044dc1b06908a4c1e968a31c66a73ac16ad9105bf79cafd18418919
SELL,0.999,6.49,1767239969,No,0xb1da3ec7b1a95d9067036832a3eba9d4f538faabb6c72f840a18f21230760c69
SELL,0.999,10.03,1767239263,No,0x4f0dad6ea9a5c137bc8b439e8317ca0900987cc66646c0e6f4c0ba00b8f52a36
SELL,0.999,2.21,1767238857,No,0x7889b5ec11ec017f4e4a63c44cb6768a1551790096bad45c78f6097bdd0317b4
SELL,0.999,100,1767238817,No,0xf8c784a731859ab8487f77a334ad102bd338b1f20de4578fb1ec7a1cdc67e99f
SELL,0.999,6547,1767238353,No,0x74631245a621ef332e124163c4889d90e62823db36c5f8b8195e3dc690601aec
SELL,0.999,11000,1767236547,No,0x37396e7a66f140be77bcb56bebf7ca2952a785d3dd0cb21da5575a3336a757cf
SELL,0.998,1315.78,1767235655,No,0x2c82fac2515465937699a8755288dcb91a0d09fb12faeb4f394958a7feb44daf
SELL,0.998,4,1767235149,No,0x3f7092dbbdae5959dabfbd3a301233875b412f2cc644b4b75bed2a15f891ed4a
SELL,0.998,1.77,1767234557,No,0x88f53473b839f0b76ee089bb2d253384dcda3a2b3ca82cc94d99a55c9eacfb01
SELL,0.998,4,1767234301,No,0xe300339deeda67b39f3cefee723ceb121f44faac832ae70a5dd8991c55ec8a72
SELL,0.998,2.01,1767234251,No,0x9c61ccb990471223505718e6463c49ef7a34683893bdbf9ff6485dad877eea62
SELL,0.998,266.73,1767234043,No,0x36a23225ea13e6cb583a409c8d80c19b97f294f2a137cd22f9d9fa2b30caa024
SELL,0.998,5,1767233871,No,0x78398247442da9ef070b99ed7bab64b6c98030bd7a3dc61a1e664af2ad73d84b
SELL,0.999,5.93,1767233813,No,0x2b773a8b1c749663863c789c96692cfa5bfb63143b3b863cd55f6132bcefd8b7
SELL,0.999,269.73,1767233785,No,0x5a749266ed98e4572d964af22b805716b5b4904b3c689f2bb0bf8eceaf8ffe07
SELL,0.998,4,1767233503,No,0xde3cefdb3aa5d01f751e49050a91f0c53ec0fdd0e6b6ba3e04f62904a957d41e
SELL,0.998,5.01,1767233091,No,0x0ee26353700e911e8db1e394c773c99b6517710cd3c17224b01806558c3ff8e3
SELL,0.998,9.15,1767232955,No,0x4f25b2008b1e54d241c2216be99b2913fabc439a7625f41ec3e1b1f5670afb15
SELL,0.998,16.02,1767232943,No,0x529b6f033546fb9a1e5ec8e6c14f16ea6d6ef20a5feb7c6ea0b912f0ac5e3c65
SELL,0.998,16.73,1767232933,No,0xe9d660debbe7d926f8f35a5f22d01d0495fea86020327d138dee67008223e391
SELL,0.999,29996,1767232911,No,0x04684b9091e6f0dd52189321880a31e11901b2f480586e98b8fa180e962c0aeb
SELL,0.999,4,1767232753,No,0x09a82457906387aefd520f746632d06ab29e103f039e9102a6d7223dd72fdae7
SELL,0.998,5.01,1767232365,No,0x63c43047deb905af67d987c09a5f7ddf1c07f6c323b59e05bb1ed3964ca20704
BUY,0.999,10,1767232223,No,0x4ebdf9d90587728e93f5ceee7f393ffe2684f9824ef17a1339742d0d61786f9c
SELL,0.998,3.3,1767232085,No,0x1791bc52b06c0ebf03c3c08d76833cd927af685606f37d8433d314ca7be9a482
SELL,0.998,4.7,1767231265,No,0x34d0917ab6472d6a04ef32d20cba48448cf884777c0c1f92384f913a2fc594ea
SELL,0.998,50,1767231035,No,0x3155166eb6c0f16a4b5a4768e272579a6262c0eb09f9c2b076311f46d98d53a1
SELL,0.998,70,1767231023,No,0xc5f5e7a8b6beb49963fa73ce9032b4877dc991ec219a18eae3280d826b92335d
SELL,0.999,12500,1767230435,No,0x7c60676ca02e565bc4696468de492d23117c96562964fc15942672489cbeac7e
SELL,0.999,5000,1767230319,No,0xf77b42ce88ff536287d8dcafe8dd670a631b50a692273831a0b60a1999c99844
SELL,0.999,32859.32,1767230201,No,0x8db2efbb418b375ac27a4b32c0744f0635c2f1531ff4e51ffe7ebb35b39c81fd
SELL,0.999,4.83,1767229597,No,0xe6e177b8532d15a5aa77858d8bca2b1f3d63f345c31e68432fbd01b56a9ec8af
SELL,0.999,30,1767228941,No,0xe761e9efbb348e0592ad24730b28f38ccb62accae4cb570a5e26aa7316778f3c
SELL,0.999,200,1767228265,No,0x7546bf15c78cbc97e485150a5d2fe699e8a6fe25a70fedd8d45bb0d324933081
BUY,0.999,27482.88,1767227317,No,0xe883f4bc506d5a3a0dc6c50c59c11b827611b44515b16504489783cc71db4317
SELL,0.998,11.05,1767227203,No,0xba285c9ae82a5e93d881e65438e0bed9ad5803ab61a6f35f607b2e1f92154457
BUY,0.9989999598319759,20.190189,1767227203,No,0x746ca689a538d83fc22c5aa8c9f36caeabcb403a9fa9b7a6d8b2681e3c6cf6b3
BUY,0.999,877.73,1767227191,No,0xdbe7fbc0081b1d2c7d73ba088f9fbe602483bc323b723f5c3b22ff58524384ce
BUY,0.9990000008991001,10.010009,1767227079,No,0xc385dd69be94844a0ed22438b82d8b94bd82ff30b636fa2dff143e6877133ab7
BUY,0.999,4381,1767227027,No,0x8c26605a68227af1dff09de1ff8b934f6810af94e18102aea203751bb82fd610
BUY,0.999,100,1767226845,No,0x0b8504829e0195859f5b1ac83f9629af8bb354b1ab606233c452aa95485b8cc6
SELL,0.001,656.25,1767226615,Yes,0x32f949e597e96d98f050fe16651e532a25c4b71a9531c4a0dbf50030f2a86f55
BUY,0.9989999999220925,2515.805804,1767226397,No,0xc97ffda87890ace178c4af8140ff6070af91b9e267a6094d0b0f9fdb838101c5
SELL,0.001,2500,1767225641,Yes,0x48c387432ab3617016964ce731d012125570604943202afb6fca498a22536a78
BUY,0.999,100,1767225297,No,0x584349ce3fc73e6511654ed8410713cbb70df19aa6238c2ef97ce88cbe8da60d
BUY,0.002,2500,1767225257,Yes,0x3d2d5a7752a20220db860205b8184f34017d1f8167afc0e0a7c67b85b429d268
BUY,0.999000000999,1.001001,1767224897,No,0x9f14ac86073f6184efa47171538912930b32ab7249242328394e576a4c1dfd81
BUY,0.9989999782717495,44.044043,1767224715,No,0xf095eb5f8335697c8c6a7b9591d7910fea15efa0b178c09fa14bb1c85ea78731
BUY,0.999,105,1767224679,No,0x3c6aa10a78c6d9dfe860c5f7b4b3368f18a8323487b01e44658a5a3d825a6938
BUY,0.999000000999,1.001001,1767224657,No,0xced98c98291504418dffa2372650e51553cbcb3ac1bd82cc3be6bb6b7b441d36
SELL,0.998,100,1767224629,No,0x7adbffd93773e50591960098225bb79aac6d98bd9168b947651eea0195d631ef
SELL,0.998,300,1767224491,No,0x8d2e145013ee98b12827189aed7332bb68b8131c6735be7584a664169a8cd1e5
BUY,0.999000000999,1.001001,1767224425,No,0x8e1090d5ff724b562d3c7e54d1c49219933ca77def2ca08f7a43c7b67a961249
BUY,0.999,2507.26,1767223547,No,0x2f51766db7947e879e06c8614880b950d5b0b3a41d58808f5b33b2927b17a00c
SELL,0.001,100,1767223529,Yes,0x8ff70d1f9a8c340ee81135ec985d46e85d05b49f8357da302f0a222071d2dc7c
SELL,0.998,200,1767223511,No,0xa85f2c3c418fcbbabbc77d27b2dab1890f4c039b650b8038b0837e45b646afc8
SELL,0.001,10000,1767223499,Yes,0x9693cfcebed66500e62b7494287c2b8da0b757be406507469e8c3827b0f40c07
SELL,0.998,5265.13,1767223471,No,0x67834ee087e8669aee3367262ffd929f957b89c6123496c05902a2765de797cf
BUY,0.998999979722425,47.047046,1767223395,No,0xbb5096b68a5486bce21a248bcdbb3c35bd3e33588fc743a795feb8e82a7c82c7
BUY,0.999000000999,1.001001,1767223075,No,0x7819fcb0ff73938baaacad59d2124ef47739cc2f5ac9d98a6d111593fddfba86
SELL,0.001,965.98,1767222789,Yes,0xbeb5cf6024e4191c3716d4496a606c11f73fa0e4bca586ee8d4332c2829ec744
BUY,0.999,275.72,1767222449,No,0x3297d63106c9dbfa63c06d1a68580535b2e8fc0633a1dbf08055dc74a908d7a8
SELL,0.001,317,1767222335,Yes,0xa62eae9ad3e742759d14d8822e7f5183e78c45b1f057d0a504358bf16a95e713
SELL,0.998,82.19,1767222305,No,0xdb9456d7e4aceaa03450a22c6283a2e50d307b8b1a8edfa205a5f286bba30633
BUY,0.999000000999,1.001001,1767222211,No,0x36202db3380ae7bc4764746f1d8826f723005e7ec54208691dd80d007f6793bb
SELL,0.998,40,1767222011,No,0xefd83dcc0f36b2faeaaf05cbe5e199fe02d9b8e6189eb2aaba62cdb2bcfd169f
BUY,0.999000000999,1.001001,1767221463,No,0xa8afa2c43ed37db79ca103d4fe7cea037659d9464dc119744ada3b65f2984285
SELL,0.998,1.88,1767221325,No,0x0871f14d4ae9b90527f6a0bfcb0474c1066541dfef782f711e6b94cd0879e5d6
BUY,0.999000000999,1.001001,1767221251,No,0xaa92a8ae5560e7b6143a147b8a5b04736d86024a3459a7fd42444724cbcb71cf
BUY,0.999000000999,1.001001,1767221109,No,0x9eb68bbb443423087bfcd3a130ea7e9b16adc4a801ccf9b9fb245e9ee7bb54f7
BUY,0.9989999362339788,1.88188,1767221095,No,0x1b4683aed2b98b7175fcb0a8446d9e1d80a689ec58b1e598986f7ca8e8be5433
SELL,0.001,2770,1767221085,Yes,0xa08e52e02d0fd48885a34de52f88896daca7ca37bd7cadd0e92d7e2b1761be80
BUY,0.999,2762.24,1767221035,No,0xe0179acbbb476f6eaf704ce6f47fd02582c66a9c197f58774e77d7fa4c7a43b1
SELL,0.998,22,1767220899,No,0x80220d23a4ca34ee51bb60fd2331f2bcafadaff5ba78ae32ce3d7c0aed0dadd7
BUY,0.998999230857638,1.13113,1767220647,No,0xe556354b20357b701c10289e6be42da2cecaddf475600a1efe51d6a4875d6b0e
BUY,0.999000000999,1.001001,1767220463,No,0xb67c3754455ef6b1c55411d82d086d1317f326e77dd8445fcbf28b689de983a4
SELL,0.998,17.37,1767219897,No,0xc6b226f70fa1e5bfb8ffa2dd715fe7a8ac5fdffe5b7fdd3b9406993f023d6d94
BUY,0.998999995999005,200.200199,1767219633,No,0xffe438ca04bb3186cf84fd50cc74b825c4e90a1f4397ca71e0baaae47a768e06
SELL,0.998,10,1767219557,No,0x3265aeaa0d99f521c72870efa5a0b5b3596bde2716e336caee8e9f61a289c562
SELL,0.001,540,1767219501,Yes,0x504857eb0dcbee6e0c98eecec836bb748b17e5a94b69302a0c36f09c0041977b
BUY,0.002,540,1767219477,Yes,0x7757320f0bdbd504d498b470de8c45bdf80d77e0a37440975034909fd6245806
SELL,0.998,10,1767219243,No,0x806c3f201700ed3ebbf7286d202381e1be77e3c35eca072fb99bc39c3789c37a
SELL,0.998,4100,1767219143,No,0x644b2c9a8c4e91b81536d9cf4b8deadba74d498e5895258aaa749ffccb9decb8
BUY,0.999,200,1767219093,No,0x0bf3e915156a78182c3de4d30bd8ed08c813ae10a3d736d1381eb7223f3d5bc8
SELL,0.998,291,1767219091,No,0xbd858c84bfe517f0da150861580cea5d29d8be51a8a976002c57c89cce59ef6a
BUY,0.999,291,1767219079,No,0x1a4b6a453363916c4c7f69fd15494210442b2323c4032007414d95c19303d89a
SELL,0.998,290,1767219053,No,0x34d2c282a239b847baf739944b923fa62a9dcec06f5c9ea5e914eff2e9832223
BUY,0.999,290,1767219005,No,0x011c4bfa4c31c340e32231a17ff8768416425f2e59b9b63c5785b57ddaa70b07
SELL,0.998,600,1767218745,No,0x0517e493aab4d681344f789f8a42ab1f6ca59572ea8fe745e0733d44df8ba6c1
BUY,0.999000000999,1.001001,1767218323,No,0x9dd27ac853ca2f891f9a5ced8ed1534bf1f63aa291904122ea9a910f817542d4
SELL,0.001,531.19,1767217941,Yes,0xd069dcecc6104f4f1a0390e27ea96a1955b22eca5064edd93907d618d981b557
SELL,0.998,9.11,1767217931,No,0x50651cdb7862115be7a690e133c0e3a2ac5f7358d52edc8dc0bcfdd3c8aaed3a
BUY,0.9989999966511782,230.230229,1767217903,No,0xbd1e499d553a43917acc72733eb2e7b0355978e7c1d02e19be6931d138b49703
BUY,0.002,2500,1767217849,Yes,0xd2487601397a09319391e5e2a5ef426980bf1f39ee07bb1c1650288d32c9a629
SELL,0.998,4.11,1767216985,No,0x7e7ca9c203974b4ddc13ca863d19eed8cdebb6b0d0ee3e573f4fdfde4d648003
BUY,0.999,10485,1767216961,No,0xe8cf567feb7a0c0fd496b7cad37528fa1a15cb1e4fe285c2e05c141253c13f7a
SELL,0.001,200,1767216339,Yes,0x66eaf02acca866c27ae7213314440a9eeb34be8e8378cb38c84c20fe03a0e9bc
BUY,0.997,11.69,1767215815,No,0x30a0fb5c6d8869e67b82c3b1db5f3248652de62a940466951df6f4a900aaf077
BUY,0.9969999269198907,10.030089,1767215771,No,0xe8f106042e61a7eac54ea4c98dc8c8a4f0bfdaa136f90496ccbbd299f367bcb6
SELL,0.996,16.75,1767215767,No,0x30ebff25f852bf98f47a1ab36f8a0a568a92f44a03f2ddbbb574d46ad0713136
SELL,0.998,40710.19,1767215693,No,0xf1126461d698f75f52731046d9794e181337cf553fe4b02fb8986a812bbb43ae
BUY,0.999000000999,5.005005,1767215669,No,0xb4f5335ffcdd8f7ac449d7f31c1421cba322eff0152f097a60a42bdb4bd2a140
BUY,0.9989999533799977,21.02102,1767215119,No,0xbe914cc4aa7b5137a196807b6b772424e64c4adb074a3d8f3c10861069b30503
BUY,0.9989993200077234,1.19119,1767215057,No,0xd6a6c044c26cab0a3759dd876c95efdb022774d216427c6867e281471225bd6f
SELL,0.998,361.67,1767214843,No,0x82e9da3f9861d4ce68f0e0b77cea54a61e8fe267b60e2c3e92669b606122b698
SELL,0.998,13332.62,1767214115,No,0x54b6da053588f444dca67dc956fbdc7d53f1efa85459cd8b8e7c57bdfe622f36
SELL,0.998,8.79,1767213113,No,0x69b2da8ff1fd1ddf223400b60c64d3e5c6f588ed6af07b90fb80e98099295665
BUY,0.999,10,1767212989,No,0x00eb06432f5914bc6ac4773e08f23b0eee1d36504e486ec192d8b93354f689f5
BUY,0.002,1000,1767212925,Yes,0xdb342f91cd205b16524f860f210f23c08ba074145aee1987cfe1124b8da02d64
BUY,0.9989999914493579,91.22122,1767212491,No,0x7c9dc028762d54a685b95646dfae1e900903e6f60a949af2f7f4cc204ae92908
SELL,0.998,1.28,1767212351,No,0xfb700f0b334f7e38c9fbac7b783b548e8c8b8adde184a6fc43b1d1c0774b5519
BUY,0.999000000999,2.002002,1767211941,No,0xe1e52cba6471d873509654aa45ab8e1788b25e970ca09f052218bf01012b0e56
BUY,0.999000000999,7.007007,1767211075,No,0x70352503dcc36991b6ce5c2e6301c553a149c2a5b7408738d5048ace667f77fd
SELL,0.999,209.46,1767210091,No,0xffce5b1131f8a5df59e3721b230d5b88f79efced844769b80973461c48563d92
SELL,0.001,790.54,1767210001,Yes,0xee5c006f25e11e14919d0822729183d8a8948b6d497c514733d715a39cfd5f73
SELL,0.001,200,1767209959,Yes,0x6b1aa51b1db3448748be9355a0983f5605c2cc96fe54390b3dc064a262264e3a
BUY,0.999,10.46,1767209831,No,0x4ae51c3940e94d4665825513f71fd8ea6ff065a61e67a9e5edfe9a7f51594dbd
SELL,0.998,2005,1767209781,No,0x84b1455686c896e2044bd487872659fd428a2d176b077dce128f234e8cfa46d4
SELL,0.998,1504,1767209553,No,0x25d31365137e4c20900e1f68a7059ed3676e2b0236ee537df4377122eb75a3b0
SELL,0.998,500.48,1767209533,No,0x99ba2a7c6d690c61f5c263646c59365b0527a86d14dd3d96c8ac2e7125ae0d13
SELL,0.998,1002,1767209495,No,0xa6dd4eadb004b7c14dce7780ba53fe2de8a5d63dd0f7b06fbda07ebef242f91a
SELL,0.999,18923.37,1767209461,No,0x74018c91675e2cd21f42c761d80515e80cfa65f20a9ec6fecb6d8ef6923aca8f
SELL,0.999,25,1767209309,No,0x92824fdca31f401d11b5bccfe01a561c66cda2ffacb43266da4d46bc50cb26b9
BUY,0.001,10000,1767209147,Yes,0x82598ee57d8356fb122a7e578029770186959c4bfd1a7a39e1683fdcf6ce1077
SELL,0.999,5.01,1767208971,No,0x04b4e5d0020d3e3671a03c4ccd3834acb3f3df7776afb44dcab58b31343a5546
BUY,0.001,1000,1767208795,Yes,0x54ec9422f32d852ba6ebaf28c0b8cbd8288217522eb8d99a6a030a48db09461b
BUY,0.001,10000,1767208791,Yes,0x0e5755e6eee52748ef6abfbb848a64dfeb743958c6d85f18f80c4dea86af281b
SELL,0.999,0.37,1767208585,No,0xcc8c89e7c02bd7aa31f073a46178b8a4a1637cb4dcebdb0e12559b3b60846564
SELL,0.001,23547.87,1767208299,Yes,0x22f9797eeffd8c142bc0593707a2a705865876cf368c12789c18eb20ab1e4a3b
BUY,0.9989994620763851,1.3013,1767208145,No,0xb227689cd1495a95df46577dee214f27cf5222b90adfcc2341567a5fc9715e72
BUY,0.9989995615894897,1.39139,1767208033,No,0x311f1e9b6f721f7d29f0a2903754b5799bbc59c6f2a26e8401f1da083a570afd
BUY,0.9989996114996115,1.44144,1767207981,No,0x609cb76d8fd9be2b3f403f1b7737b96e1b85dcb67429df598c3a097c33370b1e
BUY,0.9989992150706436,1.12112,1767207749,No,0xb3892f2d7babd29fb4e17e3efc7c23d6a94ca61dc36256921f8f1c5a642f9d27
BUY,0.9989991317094121,1.07107,1767207731,No,0x26e130348db5e9474a96b6aefbecaeac4a0a4724d4664cb8cac86332e63cbfaf
BUY,0.998999230857638,1.13113,1767207685,No,0xfb008fdb7e82db01f67696282caadca4dcd0b725f883aed933701152c3532e88
SELL,0.998,500,1767207571,No,0x7296055f2c3d5021fa1055534da4af602bbdae7375629a299271e170f3724f90
BUY,0.999000000999,1.001001,1767207447,No,0x050406f9a0593c309d3d7a0a4b42348a4f9303016f70e6d367f93cbff22f6093
BUY,0.998999648999649,1.48148,1767207217,No,0x5c216527167e6668e0e9cef0ee7ccc89186a6938b2a633562574b9e0bd0e28f5
BUY,0.9989993746091307,1.23123,1767207015,No,0x81b994fbbba249570712f6490011ed16e9c104a97de538839b914a439603fcd9
BUY,0.9989999909990099,100.100099,1767206973,No,0x62afa7f2540552cb116ad58dbc4e76d8a215ab0fc40251bdee24db7293ae8451
BUY,0.9989996398159664,1.47147,1767206943,No,0x4da045cd2c13dc6e39325e491a524ee3760d805e1e0537a7e45e43fd83d4f4a4
BUY,0.9989999509990475,20.020019,1767206931,No,0xa540d6c8f9b385eeb2bc4ba665ddec1c85c06a7fe94e193b397cf0d8fc590324
BUY,0.9989995298818828,1.36136,1767206775,No,0xa4a199f1aa5ec5b5b2af8c080f5b737fe1344a53b3482dfb2d5e575cb8be4939
BUY,0.9989996017968046,1.43143,1767206357,No,0x27b6205a3732b959632e106d1fd7e570ddbff3879064e54dc998a0d588171111
BUY,0.9989993746091307,1.23123,1767206241,No,0x43ff14fd4b4461610a68e0973a5689d7a7ad91130a916b92e2e11f15968a48d2
BUY,0.9989996398159664,1.47147,1767206055,No,0x45898f81ea292e0d8ef5aba8632992cfac2b595d5aeacebce32093b7746efbb0
BUY,0.9989996114996115,1.44144,1767205829,No,0x2b859f29dbaba6e38a6a46480667e3f47f46b22196c52688d8b4a9d022a16819
BUY,0.9989996114996115,1.44144,1767205273,No,0xf60f730255595300c7ea3aabcabe7c0d41003d3f2eb99c84f405bdbbc4b80fce
BUY,0.9989991140934538,1.06106,1767204915,No,0x0309f89058d69ed73a65e178486d68c32adabb3d3b4cfdaa4a9dfe306ed01f56
SELL,0.001,37.5,1767204893,Yes,0xbbfee88a6739091de81cc9f4c2abc67fa74dd812ea8f7ee08d00d12d64ff712c
BUY,0.999000000999,1.001001,1767204857,No,0x7d9295f6cb7105e6f2a653591ccdbe0c36ad7a8f8b5eccbc1382582afe1f5360
BUY,0.9989992913069836,1.17117,1767204837,No,0xd43ac2ca97ed7c25ea9560ca1a62a6184a6444d6996038aec67baa43611381f6
BUY,0.999,5.1,1767204685,No,0xe86194bcca59fb8909dca0d72c43310eb6ddc62fe78a7d5cc34e6767b02b30b4
SELL,0.998,319.82,1767204489,No,0x7f40f8f3878b1614f57148b2e99148571abffcafda27dbb1056abdff9ee3d34a
BUY,0.9989999912516428,54.524523,1767204439,No,0x2dd9c5f0caa637a1435dc5873c9572351c221aef0be65e160b395d9cf4791e7a
BUY,0.998999020781199,1.01101,1767204369,No,0xeffc88efca63914d7e55138a0c4ea687468fe47b686adb28f4bfd002e3e237c5
BUY,0.999000000999,1.001001,1767204259,No,0x314bd7f2660f2edf98f86e9a5391eecf62dd0a3b97c4606c162dfdc07b7db1fb
BUY,0.9989999996220961,44.984983,1767204045,No,0x002da0aaac9aedcb3cdb5bc3536a8da5c1c83a017e85370fa6a76595a2019f18
BUY,0.9989996017968046,1.43143,1767203933,No,0x2064ff6ffcb170e539203df4cd624908f841dd8a617f3f1b669cd0a3811a4d17
BUY,0.9989994501622409,1.29129,1767203793,No,0x64fd66f3b12ac3bd299d9e4627be4c7ac536122ec9147ace24d0a16c26891acb
SELL,0.001,1114.97,1767203779,Yes,0x872f7c6f6a95063b02fbe4c75bee316348ab2975e16838e2a02da24ec64e49e4
BUY,0.999000000999,2.002002,1767203635,No,0x35685ee7dd44740d875953a15dd070b8e846961756ee91d9831ef81580437599
BUY,0.9989994132851275,1.26126,1767203563,No,0x23d88f973bde6f2f50efbd588f31c6d09f10136db9290d604984722f63ca37c1
BUY,0.9989991659716431,1.09109,1767203537,No,0x497ff22e3bd6f4bf9723dc7cf8df5b74a49ee624dce6181def9c5836b46de52f
BUY,0.999000000999,5.005005,1767203147,No,0xa8241932e719922e49b1595801c069adfd64ac7c9574d825106dde529389dc5f
BUY,0.998999994166912,14.914913,1767203079,No,0x896a5c081a43577595560bd70defe26aec560a4ad3d36c1427679d835c437e0e
BUY,0.9989995511734642,1.38138,1767202807,No,0xc328f02d64886fa7edcaf039f4c12a0d3f8de57d9d7b2bbea5c2969c77986f7f
BUY,0.9989999996999249,39.989988,1767202699,No,0xbd60701f7c0f30987be874ba8cf8c8f788d80393fb8f702d14b898920075bc7a
BUY,0.9989998267878292,5.115114,1767202669,No,0x030c987d9f69cdd77f5f3a4eeff956dda323a99cfe869a24dbc3a3d462d2e2b4
SELL,0.001,3500,1767202595,Yes,0x9704f2d6b2697f7b3400685d0b9309d5f392e196dfc72851b3255cbf8f439988
SELL,0.998,1000,1767202549,No,0x3b4a12896e38b7da2124a8c4d8e9df4d1bd9d5972aa96106030150f5351725fc
BUY,0.9989995511734642,1.38138,1767202341,No,0x09f444c17b5f72d18505cde10521cad03a768de84258ec049b32283f8278b17c
BUY,0.002,500,1767202189,Yes,0x7f94c401eff423ecb6c56c0a88b5763c3f4f329e072cc22d1724f3a834b4c477
BUY,0.9989990401755108,1.02102,1767202091,No,0x5b390ec4aa60c6fb032ceeeea4ad9994e43324991a5414e2214f99ecf4dcb35a
BUY,0.002,3500,1767202043,Yes,0x55b0ec0e595ca7374d00af75ba5b52f55401d5cc0d776b5a58a25e3c9a3a30de
BUY,0.999000000999,6.006006,1767201893,No,0xc69baff2117ad92daaa5232a957c1a31617867524e083b5554f9f46a8d483c08
BUY,0.9989990961419533,1.05105,1767201811,No,0x4479b540b9c69df1c46fd686a62c5a649ce9599502747c937baedd196fac8411
SELL,0.998,5,1767201765,No,0xf05eef9424c877b06eb5008049f49b7cfee54c0f77e2d9429a893809093e2508
SELL,0.998,36.09,1767201735,No,0x4d39b46a2ad2d0582ef5a7a56c697dd5cd0d230aa71ad4aa211a62ce48ebe43c
BUY,0.999000000999,6.006006,1767201693,No,0x032e2d7e29a81710fdece6d46b9e8725a91891ad88daf3b1675318779ca53f91
BUY,0.9989994005994006,1.25125,1767201581,No,0xc530e529ce426d7391ec44ad287e08fbb383462e53b5894d8d38527c879547b0
SELL,0.001,203.78,1767201481,Yes,0x30dfa6b9573331d9aad1b7332e4749b9e458a0075e3945bdb031a4aa431b06f8
BUY,0.998999333999334,1.2012,1767201263,No,0xabe5d09e6cf98743d9479b38897ca7dcd689e06bec2d952b539f52b26b4c6651
BUY,0.9989994853631218,1.32132,1767200951,No,0x349861489bdbb77f8903578ff89f13dc20336cdc13e27454df565771b482b939
BUY,0.9989992765854835,1.16116,1767200937,No,0x7d46d7231632dfaa6fde108b401fad429e8a7917e9f4c6d0a8b8485aab8ee096
SELL,0.998,4.01,1767200651,No,0xfc7a312ae39e00fc8adf4bb1dc17dbb4aa043489d612b177f3e58f9bf5bda1df
BUY,0.999,449.95,1767200619,No,0xca63355ab1cb1f4e30a9ed4680db8759824cf77b9c5c64d80754bbd2543b3a56
SELL,0.998,202,1767200613,No,0xb7d1d19a1c3c14ce6a488e8e866f326013a5d5b1368870946a8fc58226efb9d4
SELL,0.998,1004.05,1767200123,No,0x8d5d9de0e1e5e98372942b2ff70577bcbdf685f04ed566b91081d0fcf8cdb3f5
SELL,0.998,1000,1767200053,No,0x9ed0ca016d886cef7cc3af6d24bbc162e36b1253925c7bc726242361ab51d073
SELL,0.001,1500,1767199847,Yes,0x76bcaf12ca795a98416567a9dc5a6d441fc7b1f71e4d6556e5880488a0071c4e
BUY,0.9989998033903794,5.015014,1767199733,No,0x8353d51114aa18ae9cab336682812ad751d34c77f3fec532174f2a45573c416c
SELL,0.998,9.23,1767199545,No,0x429ff839eba17c26c1f9d6b28cb435fd0675496bd8964e84e09c1f50a12fc185
BUY,0.002,500,1767199489,Yes,0x0f991198960e84f5bb7b2347bab8a1bf5086eb41c0878d5952acc70a6b3208cd
SELL,0.998,10,1767199407,No,0x838b45b3c773b86c2cfe051b688728123eee8464ae2b6256756b391a31d3d587
BUY,0.998999991565047,106.106105,1767199389,No,0x11a533634a407e0d562d54e5e4cbc3db6de410a6b3737bfb6e2f105552e37f1d
BUY,0.9989994967438577,1.33133,1767199381,No,0x601e6b3487c986ee3439fc9ef215013ca008d61fd89bc99cf297feca3003612a
SELL,0.001,3225.8,1767199377,Yes,0xa529abb8a463cd491d63b51659e90dca29a73e000b7ea4fcee4d46926943c689
SELL,0.998,10.05,1767199357,No,0x9f29cc1dab3942a48dbf1650d3a9c2a32a1c6d147554ec8bec90b30ab41eeed3
SELL,0.001,23510.46,1767199351,Yes,0xdf6643464831404cf59373f0bea99fe7c8f5ce2e5f0ef194f5a0057989a17e8d
BUY,0.999,1.141,1767198837,No,0xa89f09e3df806563ce9c0df02e6e4cdbba00ba75cf790562619ec591035cf7da
BUY,0.999,1.421,1767198835,No,0x7b8f8f977068a5500439f832602312650cb67be9d75bf57e79ac0b78c40dc5d1
SELL,0.998,63,1767198805,No,0x93cc2949ab8c7a864975645ca946591ad46f4d22a6bc9ab4197e0d6b633a9915
SELL,0.001,430,1767198715,Yes,0xc2fe05eab42b428bf962f8843eaaa8e502dce8a4d2eb9f47a5923962230e569f
BUY,0.999,3.003,1767198707,No,0x1eb17752d65b26f3b8009ab0af628a4aa99b490207db5793278f91a10ae70de6
BUY,0.999,1.111,1767198689,No,0x443d3ec54ae34b6ed94850717b2d3b713df9552479dcd9eba17415aeb0a43630
BUY,0.999,1.151,1767198651,No,0xec580f84f298d624eb11279c9cc7cca7490de7941e93e0831e7b07b6aa90a603
BUY,0.999,1.391,1767198559,No,0xe8e6197e155969934ddc2e7c1946a0df4cd04b76543f4b08a918497d0924eaf8
BUY,0.999,10,1767198505,No,0x2aa49f7759788d15c06c6cdfdac75e0d23e01fc08ab1e707905937dc7ee0bab3
SELL,0.998,109,1767198493,No,0xdee2070072c433b4d6b4d448adb49aabd5500d918c9ae5308c4cd448f698bb5e
SELL,0.001,78.8,1767198445,Yes,0x0028543204febcd10e06a3746ab6259da6b5ba94998db3dd6726bfdacf05a6e1
SELL,0.998,537.63,1767198285,No,0xf6f855827fe69a25b0b6c482daee2f41ecd0825382722b881be6a4aa66ff8d6f
BUY,0.999,1.121,1767198153,No,0x0747be35b4f29364350be16f0acfff7a0570f6b1e25ab527630b02118433f423
SELL,0.998,1.21,1767198137,No,0x09766dd79389f76427735a5990271ef55b6a580ccf5a9121077925cee410f2db
SELL,0.998,5.19,1767198041,No,0xf5f14d97da09d0e181d6ef484b281d6e7461f17764059ff10052abddd3949cc7
SELL,0.998,3000,1767197715,No,0x3d8f3cf4429a0124c3b637464796956badf5adb85be54a7b08dc7f9951385aca
BUY,0.999,97.777,1767197665,No,0x1be7b3f41f1d09ea036e8c033af29e3ad679c33f648835e8932d1607ed76cd79
BUY,0.999,1.021,1767197513,No,0xf9d75b4ac3d8ce11384734319ba8f9fdb99261b224f1bbcd8ca35ceecb76c7fa
BUY,0.999,19.879,1767197505,No,0x071f3ec3a416db44f758b4b1c3fb30f431b727745d539997a44cb64d71140949
BUY,0.999,1.441,1767197443,No,0x4f7e91d6ab48a031ece5b785c69f4c0d964b08923efb1027912e4c0f58553b1e
BUY,0.999,1.001,1767197413,No,0x01de2e987ed66a4d4c24bb7207a85642009ee7b01b963970476e63a0257127dd
BUY,0.999,1.361,1767197327,No,0x3e4506edd483ef758fdb7660eb82a718d1d4dfae0fefec72112795c30671baed
SELL,0.998,239,1767197317,No,0xfc543994d5a0c8f81a2c7d9a4fb9c19de66eb05da7e6b86949e21d240e57288c
BUY,0.999,1.241,1767197243,No,0x29e997533c9be453717a601ce2f3a4a608e5bbc0748e68dd6f6bc71ed94c84b2
BUY,0.999,1.251,1767197239,No,0xcab2cc8f2f54cbf92adcf5e24aee5624fd9aaa4e7a3056d75bf7d50248a91316
BUY,0.999,100.1,1767197083,No,0x72f2fd676f74346587952cae608476169ecffc1df46357933434c2c629ef848d
BUY,0.999,7.007,1767197039,No,0x0a5ee2b4b317dbb6fe4e746d87936eaff21e779b25078183ef45647dfb1b2089
BUY,0.999,82.082,1767197009,No,0x7200eb5ed7f02cafe7124f1b3d0c909965daf24badca19f5386a8641773e61bd
BUY,0.999,1.301,1767196923,No,0xef332e97681877e34f6ce8e9c5afed48e904b845363e42b1421f6ffee994a605
BUY,0.999,7.537,1767196883,No,0xbe5289dae5a8f0409afab9b6414d7ff7b01ca733a14fadc3abb590f87a60bd59
BUY,0.002,500,1767196817,Yes,0xa44d2916b3cc7d4448635c89466e09040c8b5a5c63bcbc81cd7c40955cbcc54d
BUY,0.999,6.126,1767196693,No,0x73ff703a69310efe033bcfa618e029ba5ac7c16d3c83e045290a151de4f39f7c
BUY,0.999,9.259,1767196541,No,0x90a8e7b4bc348653a2310170b4ce1f7c19179b3d6ea6d150a7acd556cc9f4840
BUY,0.999,6.646,1767196413,No,0xa9ba0609572c4562ce81d8a9dfbbe15df425fde9bc2d5e8bcf05d82f56429274
BUY,0.999,1.051,1767196143,No,0x713c0c15bbc51c7313b7c5dd354e55b73afb2e8080daaaeb651ab5bd6c41badc
SELL,0.001,4.16,1767195947,Yes,0xfaa0452a70b66842c5a9874f69d790f08d5521ddff117f52f7f23e054c314994
BUY,0.999,1.331,1767195931,No,0x48a7baa5d2ae9b265707d4f2c4a53f04fa145fa713a37837e404aeddf2a7818f
BUY,0.999,1.031,1767195891,No,0x3f6634b97aaf7e616ba6dc6e82ee655de2d8169857d2bd11fac7d1f3160946fc
BUY,0.999,7.007,1767195795,No,0xc1360454cf385627dd67496ef4603832148da2f0bede162d0359a6dd7f4d0be1
BUY,0.999,15.015,1767195741,No,0x5be8ac03702ea439446e640ba633f6396dbaeafebd379f141493923340943950
BUY,0.999,1.361,1767195655,No,0xf31e18f3786b1690ad7c47b46c904b37bf9256dc26cd1c734531c154310672b0
BUY,0.999,3.443,1767195433,No,0xa808e8d5b1d715e078381fb0180090eca77ce7fbca402294c3f3bde45ed727ab
BUY,0.002,50000,1767195369,Yes,0x09846cde30fb3f498c439e6bafc57acb9f47d5354f8246846319087d53f91115
SELL,0.001,131,1767195117,Yes,0xbe4fac3236ec5133c1dd63f0bf97ca1ee671d06113211c137862b9c6d2d18473
BUY,0.999,1.811,1767194977,No,0xf0966c2edacee816c249872cf4c1e2dd7276bdda4ece583d12e64274ca7599da
BUY,0.999,1.031,1767194947,No,0x5a2a8e73ac039fd136b00cc3bc3c7fd22d64b807e751abae0e7062cb9178bf3d
SELL,0.001,1222.22,1767194523,Yes,0xb6890979d42a8eaf4d958ab5024367275acfe76905bddd2295bd21c8e4f6d386
SELL,0.998,10.44,1767194501,No,0x64342a2b86f293ad145fc629d3f54c5ff87fe6892098cf3ea4dd464d40cb3ebd
SELL,0.998,4.54,1767194437,No,0xab56a4271050a1bb09bd72289a9e635732cd237a38c0e7fa297c07dd0c73e631
BUY,0.999,1.441,1767194419,No,0xd11d8530a643ec986139319924a9053f2136095357afef589384b4bfde35c66c
SELL,0.998,50,1767194259,No,0x92b6a0e3f912734f6fc248d0d6626f675cb449d625d6ec4b30ecbc2e4d569fa0
BUY,0.999,590,1767194223,No,0x7676d9735ed3870e53decae1de2e82a7b3ac043cdad51777dcb49f11f31c1112
BUY,0.999,1.051,1767194147,No,0x3a89d82e196695d233666111e536553313b55af782d324c9c5431681cbc24ae8
BUY,0.999,1.191,1767194105,No,0xc7d28fdb0970bafeabacb09fb49fb66862b2e036387a9e5d9c7f9abe436c998c
SELL,0.001,117.39,1767193889,Yes,0x96b517aa19c005ac5a33b66e5c9d8f0d2146c169136d1b6a3ca3e366ec67fa62
BUY,0.999,1.221,1767193781,No,0x652c6247e1027b6da92760a4f3a7c5dcf148e579da9cb6bdc6a0c3aadbe8cdbf
BUY,0.999,7.007,1767193733,No,0x1b20188addfe023e6c383790facaffb943ea6b0d2385a8685c72dd528646688a
BUY,0.999,1.231,1767193717,No,0x2bec070212c226705e99f02af7f1b82724c1b24a643acd4ffd4a80fd76b7898f
SELL,0.998,1.19,1767193653,No,0xe60b864b4f0986d9018bff4b616d3a4fc6ddebb4769013c24111dc426eb62c83
BUY,0.999,1.041,1767193597,No,0x51927998d4c50f4e54568150fd148eb25485468b1b80ebc27243716d2437af14
SELL,0.998,8900.99,1767193489,No,0x27ce7294ad6172af733c38979bfe4f470be4f62433e8831b51385cbdf996f03b
BUY,0.999,1.161,1767193455,No,0x22c6628b05867ddc5c66e9ecc5872a236f20b63a4bf864a28a6b78c4e5d26fd6
SELL,0.001,8000,1767193385,Yes,0xe98ea772f9265d12bc1622d739dc9f61697de231d0f418a308bd4f4e96c701d6
SELL,0.001,2000,1767193381,Yes,0x6f6462ad46dbeb64ba23260ba767c06b0f5ad45423f75c68a038e16bf7824ae0
BUY,0.999,10.16,1767193317,No,0x1ada89ce34baa5ffcafc25c4f5bc21148638829ab9acc27a9edc898e6eb48972
SELL,0.998,9.37,1767193309,No,0xe9c9b32d0e59ed8c2398a2b96f215487d7110891a8d07da2c19727cd2c76d277
BUY,0.999,5.025,1767193215,No,0x0dd92a08f502a3860b745f92c9a9742cf3bb422ff19012f290d3d031e8f6f45d
SELL,0.998,39.21,1767193177,No,0xf5717f54037377770289a16c24bc707152469f9927542f78bb70b1c3d2cdb0e3
BUY,0.999,7.007,1767193045,No,0x3d9e2d7c109ef791c35c899203a85760feac9a889a34e079480880f2256aba08
BUY,0.999,86.676,1767192953,No,0x94a71a79050212aa861b8c37ce68690f04bcf27e4d8f843bc20c6c1483ee25a1
SELL,0.998,196.4,1767192937,No,0xc37a8eb3e3ccadf9de53af808e857c2b3cb459bf55f3e49c6b1d83e4904c6233
BUY,0.999,1.441,1767192813,No,0xf924a61bf35da1cdcdf83b18e3fc6560860418be9f4abab6bdd382dbf3344abf
BUY,0.999,1.001,1767192755,No,0xcb34b2132684c6d5abdf3d44b7dd704a57d90361ae4a7bec62dc3be912c243b6
BUY,0.999,1.441,1767192639,No,0x588232815038220b1f9f0706591741b16795377e6266d71a19bf1735e0d09d33
BUY,0.001,27369.97,1767192557,Yes,0x361e2eb189c852bd66ec3f5ffe5a4f68b118278a12c3e50045f9c970c534f4fd
SELL,0.999,25.98,1767192459,No,0xbeec5ab99715962d03eac7a89fcb875d9fa647eda2257c7ba76065c276bc209f
SELL,0.999,107.25,1767192451,No,0x1d8cfaf9c813cf78ad6a873c1bb05ddb5e26c12973a96ababc312043f195adf4
SELL,0.001,14,1767192401,Yes,0x2351aea1c7c8cf7f9950a9bfe25a54f068e8e581da64bc09f07f48ee9607db3b
SELL,0.001,42738.34,1767192391,Yes,0x6b8ad93a3fbe0aaeb7d7a12067e4be3f8df02bd4beca4ad74fdcd40bf713a673
SELL,0.998,36.57,1767192353,No,0xa34434c986864ee63e7805e4648aedeb515778b695a824ffd3c8696513ad49c7
SELL,0.998,186.95,1767192351,No,0xbacc9ce021b8e6aefc2cf634c26b0ba1d23bb63865d3c7034eaa2cc921cc2e1d
BUY,0.999,186.956,1767192251,No,0xe1ac60cc13c10097bb010a8efa7c8aa7152e81a31c70468f121070d9e905e7f8
BUY,0.999,36.576,1767192249,No,0x017f23b2fe20d77013858480ddc17fa01cf6178557878e636631a3e88b32894d
BUY,0.999,1.201,1767192199,No,0x1dcdcdc5772e787bdb85e890da0be4243a0b2b1af1eb9441a27636f48aff264b
SELL,0.001,12002.55,1767191561,Yes,0xb9253c4197ff629655470439652944e3878c0c5ba62a994902cfd32b36dcd21f
SELL,0.997,68.19,1767191551,No,0x6560d212707e486fbf2959850b4356e56b4c63044f3783b8acc7ca8917c06ee4
BUY,0.999,50000,1767191539,No,0x6cd71c632ac9134cdc2856ed0ecfa7c2f2a3a83d66e94aef355061bb6167deea
SELL,0.997,149.72,1767191539,No,0x8f10975f85bf0ffa00038be200185a04cbc01fa4e8923a5ad94582482ff4db96
BUY,0.004,260,1767191503,Yes,0x42077dd8fa4be9bc718759ef18c8dc446758e24be2ea9c6029f2dad25ccddcb3
BUY,0.004,260,1767191501,Yes,0x44d2a7fc8503909bdce0ec74579589ac55b5748e9d754e756f408bc6c0ff7823
BUY,0.999,68.198,1767191495,No,0xa970441f2a924897b8565afd6576a267a129a0fad42e0fb6b1f07466ec746eed
BUY,0.999,149.729,1767191493,No,0xf4bc66bb691389f395aea7f65c2543fb0bac1858ff1379f3face43db818b8e7e
BUY,0.004,260,1767191477,Yes,0xb78fa259b884bb53d6dc14df09a2a9f036cf73c63c6b0de20c09466fe40ade16
BUY,0.999,2.892,1767191467,No,0x5c97db90b6da2d48b422270ebc20b7b4e1fbf7a684e803dac0d0ae3314ad0b21
BUY,0.004,260,1767191459,Yes,0x93962a7abbdb91bd48a20e6b6a64f3d20db052393ef953620f7596fd8534552a
BUY,0.004,465,1767191457,Yes,0xb3a13bfb47c3435c4f3df828e2108703a229aa7c8ac1f12758b6c86ab37b5234
BUY,0.999,1.411,1767191449,No,0x20ba8b3dbc9fdfe09c73d43ccd7004824766a00685609e36f96d72d9c944da79
SELL,0.001,137174,1767191449,Yes,0xb0784a7aaacef577635c61e465013a546d1a1468cb459b9a9f7641bf32b953fc
BUY,0.004,260,1767191113,Yes,0xf3cc1c6df1878c408317a0f0f9c73cc6209f1ead12d5b35d9ed7d501cea30e09
BUY,0.004,260,1767191113,Yes,0xd5b78b800f0afcd64b9bfa328738e2814c0fdea61a55236ea463ff2869e6b0ea
BUY,0.999,7.757,1767191103,No,0xf1be5699879963b4d845c8de37b581b0c9a7f27d3bdfbc5e93ce2894a7f90793
BUY,0.999,1.101,1767191103,No,0x6e32f5a0694807d7911db3ad538e1478f156ea08790473be331f18ab54d864a9
BUY,0.004,260,1767191095,Yes,0x3a7da5ac5be39559a684da521d5bf89934ff442f7602db24d1f241c044b13f3d
BUY,0.999,7.757,1767191087,No,0x83b0a643215268dc234da3812e2ab14d13ca85e02dc4de8ae96a0f32da2a0723
BUY,0.004,260,1767191077,Yes,0xedd055ff96c973cfea5164fb2dcdf96a4b3f134a93c3bee0c09d20c2318f9f2f
BUY,0.999,1.271,1767191069,No,0xd9f788bf052290dfe1b2d0a8555c00e5c5035663de8734afce05d0e55e9852f9
SELL,0.9961331178780239,4895.06,1767190991,No,0x30c5ec8509736ebe4fee1eda9a6f7b7db901a2847f11cdabb33d5c4aab4efa9f
SELL,0.997,134.25,1767190863,No,0xedf07cf00aa1fcf73d7a5319a7d648b57fc66d258ec890f29ffa46f34ed1f7e2
BUY,0.0030000000057692306,346.666666,1767190811,Yes,0x05eeff531545e36fdcbf1792db2f0e238b90372a241d867f5a85f396bd5a7607
BUY,0.999,7.007,1767190803,No,0x11df64dfef2ac570fad7cbd202fc1d468dcfe0a22bc9ca3e604777987a12a125
BUY,0.998,9435.77,1767190791,No,0x9d0051bf85470ce2cbda2c04393504862d0aeb266bafee97bef92e9286916ffe
BUY,0.9979999881266844,6.232463,1767190783,No,0x9d994398329767b110205c493bf7ef21533fd5aeb45623dee5a6a7157fbd1d62
BUY,0.9979999794126849,35.070139,1767190755,No,0x82f73579c9c91426e0c7ce71d031845a23d468a937a7bfd5f320faac05171e41
BUY,0.9979999079843901,10.020039,1767190751,No,0x7044fb55c0041bd4ce8937520022071d55ec7122615be5a6d8a87186c40aa7c1
SELL,0.997,21.97,1767190699,No,0x24fc2bfca0c0305e232ebbf76a609174d18a9caab226d0148e8ca349c2344ce4
SELL,0.997,5.01,1767190569,No,0xfeab997b714700e8caddbbc81927c77e6d88c1f283e23d5d4cd2594548b44fd4
BUY,0.9979998960984986,1.462924,1767190541,No,0x466bb0298f9ddf247aff6dc4f6473be22d32eecd29cf4c709db63a79e4399b02
BUY,0.9979998079847602,5.010019,1767190495,No,0x26ef75dc1368cfee833d31ad06134504190f27881dff543a48102f19f45e459c
SELL,0.997,7505,1767190321,No,0x1991e39852959e0cb98e2eb3f219a204d34207937a9096625437bbc729ff0f81
SELL,0.997,4,1767190301,No,0x34c4b2e556692439d3c0f7685ea9bb3780949aa2d62ae33412f737aa049d5042
BUY,0.997999245321038,1.052103,1767190253,No,0x5a2074866ecf59d3321ec11272ce1cb87ede1d942b027ac19d26c447e81310d1
BUY,0.9979997579849377,4.008015,1767190247,No,0x437409c9cfd42a75fbbbde53f68f59c27ec947de2566a9fb6a738a6b76f4fd4b
BUY,0.9979994271017443,1.312624,1767190235,No,0x5ffc4695ee5e97d5751a04765ddead3b500f23539b7b5b507f4987165a2533c9
SELL,0.998,1000,1767190175,No,0xde8a495d26b5e13a9f31f9cf3abbeacad68a344c1ff84cd52a3d60a6ddaf7ef3
BUY,0.002,550,1767190081,Yes,0xa0b8cb3f59aa40368493e5ec063f83f009ebc2a38bed0cfdb91d593be494ac9b
BUY,0.999,5.005,1767190073,No,0x66262fd55c21597075244f8efa48effd5bbd9256b323d56a0f129b8ac8f90347
BUY,0.998,450,1767189943,No,0x69b49a43c449c6b535164c3e13e2920217b1d02570ee1abd15695fd8a43f98fe
BUY,0.003,660.06,1767189853,Yes,0x4865ef7683c93addd9ddfad328a6eca0b8b5bb9f5d08404ec5c5482cb6158c3e
SELL,0.997,66.36,1767189743,No,0xf83676bab1e34d917a320871cabebc08ec5812827864db7a1fb6666db95444a9
SELL,0.997,2038.44,1767189665,No,0x9516ca232793fb1a98984530ad31726eb583d7d2c8e9141be4dcac2f2a39e5b0
BUY,0.0030000000057692306,346.666666,1767189639,Yes,0xda5dc29bd114ed32ba6139874af361d46ef0ff015fdac2372065359fbe268e8e
BUY,0.999,1.351,1767189631,No,0xfab21aadb1b48918a1f54aaf59f4f11784e5b6545b12c9531638aaed9c4cb783
BUY,0.0030000000057692306,346.666666,1767189553,Yes,0x62bc48d7b226d1760b986dc6206cf2d85c39ff5a0ae38868ffd2727e6b851b1b
BUY,0.999,1.431,1767189543,No,0x7ab8642427ecdcbf83d45a38db493edccb617362d354ff1b730454addf3fea4d
SELL,0.997,2,1767189491,No,0x982bfd98b51ed9b30120a3b9334831b000bb01cd6e1472e902f88173b5fc17d5
BUY,0.0030000000057692306,346.666666,1767189465,Yes,0x0dc486f1ddb8e17d5c432cc301aeb5ae0a3f8cc7c864dabe749c73b04ec4389c
BUY,0.999,1.001,1767189455,No,0x956f3bfe33132bb2cb69209e11367380c0533cb7dc1c0300182c3432d944141e
BUY,0.003,351,1767189455,Yes,0xc4a022fbdde3aa799491135ce2bbf9c146ba09a84ce92a0fb737a0629ee49172
BUY,0.0030000000057692306,346.666666,1767189415,Yes,0x8ab4b165add15746a706c0decb69a722e381131162e9755545badb580c02b403
BUY,0.999,1.391,1767189405,No,0x6bdaf36e8f93790b1ad54a4e8e831ac8428e02c203adb9005835c00f20f7a8ce
BUY,0.0030000000057692306,346.666666,1767189307,Yes,0xb062e8714b5106fdee0542f67e1094859079aa60781e0b7d0988654fdf522809
BUY,0.999,1.331,1767189297,No,0x186eeb52535c5912fa84ca6b41200e21398e3fe7ccf4ae70c4c01483af989cd6
SELL,0.997,869.52,1767188943,No,0x263a8db51dabac6ff8f57d6b3887cfa7c1cef0f2f223161980d6d4efdf102abc
SELL,0.997,86.22,1767188927,No,0x76243bb491837de68dfe900ff5762829fbfbd20167e58774df2f591dba713b68
SELL,0.997,77.28,1767188927,No,0x8646de4903378b28268d6fdb20a480ce910cd703b37a694527f447b0b314cded
BUY,0.0030000000057692306,346.666666,1767188921,Yes,0x264860cf094fd6db90732400ef84809c0333f298eac76d220b95aaca00d24f2d
BUY,0.999,1.131,1767188911,No,0xfecfb11e54ebb8cb8ddde5cb8a9d8889eb0022bca3b7f673c34db8f43548f844
BUY,0.0030000000057692306,346.666666,1767188877,Yes,0x1c5b3142130f394e5a74524fa33f7d690a2e967a6b7f4037661a0733964cb7c5
BUY,0.0030000000057692306,346.666666,1767188875,Yes,0xabd6aa44c36f7c6be5147b44ded19ca4531e515b76122de8000fcbbcc30f0be7
BUY,0.999,86.226,1767188869,No,0xfcc9b69507f3615e1a8f0623a06d7df7fbd8a8f14c3447fd0aff9f823aaa8b5a
BUY,0.999,77.287,1767188867,No,0x861b55873632a87003febdf25e8d1062a83d651cecd62c7ce72971dff14382f3
BUY,0.002,5,1767188815,Yes,0xde1c47c7ef73998fc0964451c1fd5e0d65780f29aa415df40e86493bb64b346b
SELL,0.997,2488.34,1767188809,No,0x3f69429fa45d2ae6af723a3e2d55e34e815f8b53158217ba9032918d4525d1bd
BUY,0.999,1.301,1767188807,No,0xf2e072ca7794b33e47031e207e9460106cd827b4fe23390ba659f80c3efcb917
BUY,0.0030000000057692306,346.666666,1767188767,Yes,0xb93661c7cfe2c7faf5adc940f976f8345d898ddf0c18f53ae5fb2527a4bb53f3
BUY,0.999,1.101,1767188757,No,0xcdff61aba55894543104927ee93f03e55fd0e6432e1872bae6b7f8a8a9b08732
BUY,0.0030000000057692306,346.666666,1767188753,Yes,0x0a7fa9f1d4f1b9e02dc85008789518685bc4baf6d5a565ea0136d9d4f6987502
BUY,0.999,1.091,1767188745,No,0x617f6507e90b29811f79749d89b824e5423ea5e566ce8a6b800d8b23fdb0e29e
BUY,0.002,100.86,1767188665,Yes,0x2b605c089fe445405c81f6cda1936365dd1aad171389cffe58ab0dc03afe5e8e
BUY,0.999,1.091,1767188655,No,0x95c73f15c23bb491ba24abeb87131adb869978ed69acdb12f48cab0bb7dc9437
BUY,0.999,1.211,1767188597,No,0xe599c6631c5d14169e33bce0bee2a2a068c40ed3fce167de86831443c85c4011
SELL,0.998,5.14,1767188549,No,0x0aa40f39c685ee018adb58fe9048b90065fac340cc84cadc9caa58561f99bc1e
BUY,0.999,1.491,1767188497,No,0x80563330a5aaadde187b6cb2bae824026e94a0bff15fde2f4558ea1ae3f315c6
BUY,0.999,1.001,1767188467,No,0x5718ac5043ff3f03ab61a0593aaf3d5d43dc197192f346b4df486acf98d5bf6b
SELL,0.997,41.32,1767187625,No,0xfad2b0a2c79447ac1aa27d3fc5c8418158ef0df6a661afd4f83f7a8c52dcc898
BUY,0.002808534543109758,391.663333,1767187565,Yes,0x4b61a81d9fd2965d7fbb639e39aebc4ddd33ab0dd2fdda71c69f9b0392871ff5
BUY,0.999,41.321,1767187559,No,0x5fa907041c424db0ca657b6458a5cbe7facd0f847675077e4a332cc64442ecfc
BUY,0.999,1.371,1767187555,No,0x87a2ce444e792fd31c6429bb74405b40532e5bedd994f0e8ad86ff8943bfe000
SELL,0.998,35.07,1767187479,No,0xbceac1d66b325adab4d660e52e5100334e312bf92ecf7357b061e7372e00e20c
BUY,0.998,185.97,1767187479,No,0x1962a632bf11adf5d5559003f8e5544711ce19267d38d6a1c5e2e2e28f92aa96
BUY,0.9979998079847602,5.010019,1767187449,No,0xcea626999ee707cbea6535bc7c168d1618a1ee4ab456d943b94324e5859ebfd0
BUY,0.998,5,1767187447,No,0xd4ab4bedfa6ca9025aaee7da11263900465769c98d31fe083590f8971939f83b
BUY,0.9979999794126849,35.070139,1767187427,No,0x8ee2000494b3c7e0b46c22d215611397b2bd0b5577b367f310bdc70ca67a3d22
SELL,0.002,500,1767187341,Yes,0xeff9afb2c98b444fa626477acb346b4a88ac359a9ec0dbaee3f72f61fbbff987
BUY,0.9979999925994459,65.130259,1767187329,No,0x2fa88a53824e40cdb4feaccc3e7562ed2f79225918d9e5e199acebbffd3556f5
BUY,0.9979998960984986,1.462924,1767187181,No,0x7ff3049fa648239f69d4ed7c1cb7cd7c2910277e9318c5d3eb9d702224b17a6b
SELL,0.997,4.1,1767187159,No,0x00f4ebd6f7d4f0e3f1b6f71ac2e9c0caf822d880af4733ea1ebc81b6b69c5e2d
BUY,0.9979993919871273,1.302604,1767187047,No,0x5b76e0b7a82ae85d8e9a26e906a8d1821ca543520afd512c60b7f5125971bbf2
SELL,0.997,22.68,1767187023,No,0x7ab2a135544b77528762db1555e14363dcd286e2c5d5b4ee9456e18ce692df26
SELL,0.997,31.82,1767186929,No,0x06678dbbcb5685d6cb7f21464430b08588347e13d19ed2813043bc41211feaae
BUY,0.998000007984,1.002004,1767186927,No,0xa16c0c683e99bd3b1e624a7b522d44535a1cc16691b3b2a1f2ac80b2f1232923
SELL,0.997,123.66,1767186751,No,0x61620806af864b9d12f0fb7db72565c2fa481bce383674acd0e8149dd2d24e92
BUY,0.0030000000054545453,366.666666,1767186719,Yes,0x2ab97e60521a0c992c46bc41f8e736d6cf1f34a8998d3ebff850a6bf4fc706c7
BUY,0.999,123.663,1767186711,No,0xb02b4522e2bd4027dd7649a72f95dca34eb58ab9752a8603a6f82ae2cd576111
BUY,0.0030000000054545453,366.666666,1767186653,Yes,0xd22f3edf85d48f1f3f02e12af1b6d6214bad422f824920174dbc193f3954b2a8
BUY,0.999,1.231,1767186645,No,0x4f9bb2c1e79e25dcf29d0eeb27eb7ddc40e195729f30023951424b695dedd327
SELL,0.997,130.08,1767186629,No,0x17cb3b7d8d27f37bff1dcfa8b7742d6b5610f985dc8624aae5648eb9757692ac
SELL,0.997,21.36,1767186609,No,0xbc9392ffd20de617e429b0b1b23e0cd3312579268c256c7bc50a1ebd16685055
BUY,0.998,130.08,1767186587,No,0x8524d48aff9de8a61311ea24ce01e4f2c09ee4773327414504655f14a31f8085
SELL,0.002,100,1767186581,Yes,0x6d4f59063f636fe1e3c88665f02107c4a2020be5b39b807970dee95665a2bace
SELL,0.997,6999.99,1767186559,No,0x76e12a78398adb48d63b6a0d7de4f75cbb50faee9d449cde4ff6f7c304a1f406
BUY,0.9979994195111991,1.092183,1767186421,No,0x33d6fcb0ea25f250112330a128eb5a01ebd135d9b23b70724ab070447741a513
BUY,0.003,100,1767186311,Yes,0x8a3d6613fbf9a6ff4cc6b9f2eb6c5d511e3e9367cdb8cca916224ad3e503dd3a
BUY,0.9979991996798719,1.042083,1767186173,No,0x30f465752d6e6a1ad940a49dc1002058542a56ea4401f77d5385090b0c791fc2
BUY,0.003000000013636364,366.666665,1767185913,Yes,0x7495179fd1dff967dccd477f9ae59d5625f67501d9b12bc3ff8cb4e0bddebdf6
BUY,0.999,232.232,1767185905,No,0x65b0a94e90f56b49812c08df1ab7ba465fe4b0e2538de4e956c891d03d0da439
BUY,0.003000000013636364,366.666665,1767185903,Yes,0x61e16d0ca5d0d2b6061f123ed1f127c41dc62f1a221ab23eaac8655611f81d09
SELL,0.997,80.09,1767185899,No,0xc27c66cd82eb51885a2052d7f099465aa3a17a347e1687be6d9f8c990e02fb36
BUY,0.999,1.341,1767185895,No,0x4e8f47ab18a5f28901d7293a7610e7ede8e2868867d963fc45cddb642cfdb7a6
BUY,0.003000000014423077,346.666665,1767185855,Yes,0x678734dd71784b4d82cb673d74b241b94ac23adf7952e1136a4cdbcd6ba5186e
BUY,0.999,80.09,1767185847,No,0x4e732e10c3dc964ef89a5b9b4d22846111689101f3f5e0e9cf497875615e8b35
BUY,0.003000000014423077,346.666665,1767185615,Yes,0x01e78ab732e284721da21895e5c32ebae1cdfedad0efd20855835893139bdc77
BUY,0.999,88.088,1767185607,No,0xe3553ed2b903b828af9bad33fcf8f8f261bc358e0ea89dc5c092870f24422840
SELL,0.997,5,1767185575,No,0x25ea99f819509650a2684a4bc567b180885435deb987a6083dda9ce07368cb40
BUY,0.9979999979840399,100.200399,1767185531,No,0xf66f794b6745cc0ad1ebf8b24d9501508e1428426a4927c2b58835abc6539d45
BUY,0.9979999942854245,73.146291,1767185515,No,0xfd87154537f8ac2b4a1f967c82b8b598a3d626a219f2b01a320f38e110f5a6ed
SELL,0.997,8.56,1767185413,No,0x4e074e152047a537dd944b8fef6643e6dc4a00ee639f4901e9204a02ec440f16
BUY,0.9979992901010524,1.062123,1767185383,No,0x98d9aeec4b66a9d779eaec06e28b971a88160e9170ac3f81f13afc7207ec2be0
BUY,0.9979999940951665,72.144287,1767185231,No,0x4431d57a879494ee912faf76f1d0a358b289442c3d3580af58043d00acd147cc
SELL,0.997,152.48,1767185225,No,0x085376b357fd9c6273a3c83a76b8b073f8afe6f9fbfb0a3682e5628da64b4c70
BUY,0.9979999992121052,114.228455,1767185193,No,0x41f403442e16dc329217b146f1336a5976c81cbe580cdaf7bc2b70157c77a3b7
BUY,0.9979999744880035,38.256512,1767185155,No,0xf24aee2388584646d719466b5a87b4f3f0f02dd07a3b2dfc6a475e2d500d6bb2
BUY,0.9979999940951665,72.144287,1767185151,No,0x65b0a5bf123f086b7b0a568979d97bc7b6cb0a0d8d3ba443c982a6aaa2e20bef
BUY,0.002,5,1767185093,Yes,0xce28d67a09f838820a3bcbb1b19617581d6dc6fe2b1234d0d130872ba797e09b
BUY,0.999,70.07,1767185085,No,0x92ad852707b4fa0e8a2882a25a92052784c1bd2d67ee9a2d149db7d6487bf2c5
BUY,0.003000000014423077,346.666665,1767185065,Yes,0xe0ae3d778e0945ff28d55b387f4f92331d5f4f5d5d157f21fa76e53c9e8c2c4a
BUY,0.999,130.13,1767185057,No,0x1f282efd2140efabea5da795e10bfd4de385e217063b0d5026cc4bf87b00ef8b
BUY,0.003000000014423077,346.666665,1767185033,Yes,0xb114e12799e310f0c64c5e931bbc191e0f9079a0af3779c8155380199340f3d4
BUY,0.999,94.094,1767185025,No,0xefce292f52439ab16a8fe65e2622ca12bb9c8cc338e28022ccf4a36804cb8539
BUY,0.003000000014423077,346.666665,1767184969,Yes,0xe17ad11c2d82759c70c224875c8cfdf27afd52b0a351cf0aa5478d05d016f1c9
BUY,0.999,95.095,1767184961,No,0xc60d37108a8e2f8c9ab0c893f7d439e8c2ed325b21524b631488366d4502f5f1
SELL,0.997,15577.54,1767184907,No,0x02e3cf2c47b91992b0df081e1686f290a49be58f100595bd3a17a58168eb69e0
BUY,0.002,5,1767184895,Yes,0x085196629e479ff3e6a4fe774b67d4a4067b9757d0af0a14077f9c2a43c7c53f
BUY,0.999,108.108,1767184887,No,0xe59ee0c37a1ca0e5982787ed4c646812142f756c3e7ec1864c62e2595890e1e3
BUY,0.003000000004285714,933.333332,1767184861,Yes,0x6fb0fa0a8abd96dc738d58dfbd47e8275e261214203f7d3986164c9f38258273
BUY,0.003000000014423077,346.666665,1767184779,Yes,0xe7f5e9f5b40cd7f23dd2251c030a88203d4ffd069b5fe522b4a628267c88e430
BUY,0.999,1.301,1767184769,No,0x05afafa150a34fba462fd2afb0a584942013d8332315fe67923c357988fd866e
BUY,0.003000000014423077,346.666665,1767184691,Yes,0xe262f708033845259ea59267b8e21f717649dc71d68db8a2cdc3cd90cb95620c
BUY,0.999,1.101,1767184683,No,0x8f41011bae6d9670993135c417f607ce234d07bc779243f65be5c5bb6926e7d1
BUY,0.003000000014423077,346.666665,1767184649,Yes,0xd00e550a8fc19197c7d1048471fb340692fff66ecfed95acf1e862bca0e6a3e0
BUY,0.999,1.311,1767184641,No,0x9f31bf01b9a38d72926afd2238f7506f68b47e1f6d3e87d3be89ac2afd6cb406
BUY,0.998,5,1767184379,No,0xaf3116e08048ad28ef35e3f0224a2dd2c6365c64bd8e6727e8c087ae8ae08e4f
SELL,0.997,54.07,1767184291,No,0x5396254426e892870e999b3fa90ee139f6892c89c29d7067e60aceeb2ddfc0e5
BUY,0.003000000014423077,346.666665,1767184251,Yes,0x0f987778434882a534614f278bb575af1b41ca91358e3061cfb0dbc470f568c7
BUY,0.999,54.074,1767184243,No,0x9e26b83fd39ae4c3da7e417ac8033b87e0c78f2663d9cdf6a089604ce49d0711
SELL,0.997,12300,1767184033,No,0xc215f983e1e06e07717b9cb187505ff9411db3d5785752804d979705a2d078b4
SELL,0.9970140869565217,517.5,1767183981,No,0x6e559c39f921df7d19e15cfd09596e3b8c4085d72faba8775b2b7767671d086d
SELL,0.998,4500,1767183979,No,0x16c555c077455f01068cef998206ee25351450be84170e07870261ad6e3c1111
SELL,0.998,20.02,1767183845,No,0x0d4d13971fd0a9749a536e2482be2cda1ee321cce35bb54ba6840a864e0ba87a
BUY,0.999,20.02,1767183823,No,0xdc46fd086730c89e675fec328e202616d46d71e39659eea4d59a5ba6a5dbc00d
BUY,0.002,100,1767183551,Yes,0xe1c040b6dcdb59e51ef8c6d549a48d982cd0c205a999e2774c8d231b9b1511d2
BUY,0.002,100,1767183551,Yes,0xe7be888e89933d867184c15c35ed1b18bb21e383c201bfe84f41b1b07cb4c8de
BUY,0.002,2500,1767183539,Yes,0xf9c0aaf3ea5ee834f6dd82f38b73bd5b42ee82bb66ecb14eb4f3bb6f86105b66
BUY,0.002,10000,1767183531,Yes,0x5c21fafce9769fdfd7272ce2d2edf7e86c1c776efc2a5b24b1ab6efb667e1f96
BUY,0.002,550,1767183507,Yes,0x6f77dd430100b20257d644ca3b5c4fe0a9e27088167cc00ad8e67c5915eed69d
BUY,0.002,200,1767183505,Yes,0x849e2198c3156255a8e3423b909c5b3851ef85390ea9df0bc15ea943615abc10
BUY,0.002,10000,1767183499,Yes,0x163a4c79ae9cc969579938ffe21b74dc84b37711e499c9bf696abf21c42ea029
SELL,0.998,2000,1767183337,No,0xaeb9cbe6aa8e9bae77637b5c0f5366611cee144a2d446fa9f6510cbc667508d6
SELL,0.998,63.2,1767183253,No,0xc426e5d114446ad4f962adf4ca11c75cc3a85b26c0a07358d23ca9b50528e893
SELL,0.998,300,1767183207,No,0xadee873d4e0dad5a1cf85367efb89233633d13aa4b14ed1d80ecb650ac09dbde
BUY,0.999,267.73,1767183187,No,0x63b94c737a7842209da820d1b65b4839779fe4d7a457d4c572319a00fd0ea722
BUY,0.999,63.203,1767183161,No,0xe1644933eb52c42ab7cc4d85f958626e7a96ee6b35aa561fe6c66de5a61abed1
SELL,0.998,1.02,1767183121,No,0x6499c5e48d5d5151beec3d4eb00a4a00c41edb03efb18801f1882ecd4e2e9e95
SELL,0.998,62.42,1767183117,No,0xfb2ea88477a71b1d0720003d7079c4dd821c605190e4c4dcfe4d816cfca045c3
BUY,0.999,62.422,1767183001,No,0xfceb22288edb20dd8c62f109d970fafc43f71e7b1b9c5ac707850c57dec29912
BUY,0.999,1.381,1767182863,No,0x6a1cbfe6b18ecbc686e01f3ac57496c4285075c962e5ff4d4fbee0f1c634440f
BUY,0.002,550,1767182851,Yes,0x3a5260d79213c45b6442dfc1a4a838413e74e501b470b01bc4fe64768dbdcb41
BUY,0.002,5,1767182739,Yes,0x41c90e8ae20aabaec23d96fe40799e58336878026e78f3314c231ae722c5fbed
BUY,0.999,4317.517,1767182735,No,0xe5c9d3267c9b7e6ca863e40deffd7a1bf9d2a0e36fa4a507c3de60376d9b172c
BUY,0.999,1.251,1767182457,No,0x24d455a9c2e0f856b1e72d09c31edc840454923a9fda93700c9144d29a89b170
BUY,0.999,2.002,1767182415,No,0x53cd85a649ac08cb7885052002c5a4c7791be1d2d5db9fe236f8d1a0a3be1f84
BUY,0.999,266.73,1767182189,No,0x084842361d43c738e329d8acfca656b080506ef2b13edbdc9ecdf096f7dbc225
SELL,0.998,153.88,1767181955,No,0xe8e0311158ee279ae1b537d0901b216168555c28c57b070af77cbc75f4e64030
BUY,0.999,153.883,1767181911,No,0xca5faf3372153992d0c411c69fe59aa03cfc7c91762049cf7c7d920c9c41f58a
BUY,0.999,1.461,1767181849,No,0x72305eb28bcfa8c91221b54b0259fda4efcceedacb650db8670d6d18e394566a
SELL,0.998,101,1767181769,No,0x8181b1de43dfbf9b995b8759a0c7b2d4d74d4500eb71e51e381609166862882a
SELL,0.998,18.89,1767181759,No,0x3de44c21940bc67f1a63c9e304cec0fa1635e5d08506605d6aaf39c4103a4762
SELL,0.998,65.37,1767181739,No,0x40a95a503940e3e7efeaf6faa64f3580667d74ea56f786ec724f3e0bad0862ee
SELL,0.998,201.48,1767181727,No,0xae54c0b4f3436c9e5f23d0f21b92a52186e0c4fe987d7ba24becca02c2ed4e23
SELL,0.998,48.5,1767181703,No,0x04b39b1e48f3450d7c5e9165d2197d6b3b0c84e92217d245346a29415f7c4c32
BUY,0.999,201.481,1767181697,No,0xbc3e808d880ee165355f6218e76d3e240c292cd1016d908045122e3021ba2b3b
BUY,0.999,65.375,1767181697,No,0x098cddf9a4989f9432d23fcd6ae39e603858db04aae64a010ca3ac834b709cd2
BUY,0.999,1.281,1767181623,No,0x550d9eefb8a54b7b09e21f70823f7ec0b0050d622b32674ebff2404560dbcaff
BUY,0.999,10.01,1767181513,No,0x940d1e8e51aea0e7df955af6eefb4bcda2a50a4a082c90f154e2cec44549d3ff
BUY,0.999,1.181,1767181415,No,0xaeecb093f54d96af85785541ef0de45a244b8c39cdf80f4cd7b89a4bac82f621
SELL,0.998,11.38,1767181333,No,0x9386b14246e555682255a7091768266484e768cb1beca35ab58e2fbdab715227
BUY,0.999,1.061,1767181323,No,0x2c0ecb1ef339ecf26ee349b455b1a50311e9db5f3fbfe3b5b0e5ce82e1487f99
BUY,0.998,616.98,1767181117,No,0x77061098fddf7126f053ce15e75b66d5ab93803cf2dc5353ea5396e6b11dd528
SELL,0.002,2666.67,1767180943,Yes,0x9b165b48a18b23a734d8f500162a43ceeba807299651fc1c2995ec2dd0998a5d
BUY,0.9979998392109137,1.442884,1767180911,No,0x1ba98a575f3b8ae83e88f4582d1faf30ade9ca30c581dc3d12fc0e6123d09474
BUY,0.003,4000,1767180867,Yes,0xa9ec4e4df7554ba6d449a367f6cc5a3264ef2c1429d2fb82c7de7f521e85881b
SELL,0.997,103.31,1767180865,No,0x32420a89bfceef6b4a729f4284fb6b52af25dd636a17fdcc12c1549c2b484b2c
BUY,0.998,179.62,1767180827,No,0xa998768bd8f672ecd8f762d074e55316bc6bb56ddc5a93ac26d48d51247b4330
BUY,0.998,172.68,1767180815,No,0xc2fc3b8ae94af389466fee84223aedb441a25a7d43508f4e89e456c1ed0ba6fd
SELL,0.997,46.8,1767180773,No,0xdd2b4c2e8e7994b19f5e7d1bf4f057e45086c0466059893457ac08032ae61f75
SELL,0.997,35.18,1767180481,No,0xc6b4ef26afc754ff434b96194831a6872847103d640be9ab22294ad4ee4f36ca
SELL,0.997,15,1767180469,No,0xdf471fbccc3f7c62d5eba131c76db852f54b485de5393ace3d68bde8b6b4aed4
BUY,0.998,5,1767180423,No,0x91588a6c308ad16cc84f75ce6bd9db1bd71d132fbcb558c56aa11028b103cb84
SELL,0.997,7643.13,1767180363,No,0x2e99c4f4a02b588bfe5cfbd8953aff1309516610d129ae37a9512ea9c6b8e130
BUY,0.997999541988678,1.122243,1767179817,No,0xa41cd6f3b8aa560d89b11c857ec606dba3a7cbd1242d5666a5adeb0ea03c9e53
SELL,0.997,276.46,1767179703,No,0x10a0ffc0defb9c9314adb719f960997010e7bffcd4047c6e5305ee3fef896f33
SELL,0.997,501.3,1767179703,No,0x3c5f7f81b285bd51af12f92e8d0ea8a905c7d18cd0490b2eb7b65fa692256f95
SELL,0.997,494.8,1767179703,No,0x41628c22458aa26de1fa4ff9de07ead13db4ac292fa71014d9db4758265b5a5c
BUY,0.9979999994501976,276.462924,1767179659,No,0x31daa30fa5a7d9628ea4f37e5033510a531ee0ccb03e0c936882626f93d65af5
BUY,0.999,494.804,1767179605,No,0x8958bf4b01b779561f79ca073cfea9894752945d060fffb6db863ea7c65dc8d8
BUY,0.999,5,1767179575,No,0xa7d2f91eb4814d852cdd15d779c0aa66f4f13a70387805181662df5717d9a097
BUY,0.999,501.301,1767179573,No,0x6cc1d7d7be9e08c9367895dc1fe52b0f57d2a58fe16e19dfece07dc7710f559c
BUY,0.999,1.181,1767179505,No,0x7113f06b5fd71990eaf391004d7b3e0b95ca1f335500054713b243036da23bee
BUY,0.999,1.261,1767179465,No,0x5f6abb08486387752e3e08ad5e2c71e20332dc02246d8ef448541a1b2199d517
SELL,0.9970855260763548,549.54,1767179381,No,0x742ae97ad2115e09458d77dfb92ea7aefdeb613265f812b27798fa1ad71f56c3
BUY,0.999,549.549,1767179361,No,0x92d2f8ffd82620b686d2e9590fd33709790f0ec4bf43283482d2fc3c6a86402f
BUY,0.999,1.201,1767179051,No,0x4bde2dabea434fad93391392d9277f3f008f805960707f461a93460656b3deac
SELL,0.998,350,1767179043,No,0x14212fe72948b5231168f14dc0e348fc30b18a0364e3293e3fe8d6c3c869fb4c
BUY,0.999,1.051,1767178839,No,0xa4553bc2887f4653fae86d1b6337d749fc86f271170a5b1dcc10e8f6adf44c16
BUY,0.998,3472.12,1767178709,No,0xc81ba9669cb9a7651bf492b1ddb664b20b1ca7eebea2777444b540100d9ea962
SELL,0.997,51.52,1767178659,No,0x25bded6b22f3d303e8725abc3cfafd02fbccbbc934ac09eb85d5948991c97c8a
BUY,0.9979992459549284,1.262524,1767178423,No,0x652a7403c54454eb176f0cfaeb434383d6f11086a9f5d5f3009d2ff16fc51cf4
SELL,0.002,111,1767178385,Yes,0x80778ca30a6e4e8d1de6d48d699bebb826b339688b480f7996fd8dbb25a4836e
BUY,0.999,580.88,1767178297,No,0x27a741960a448720be0b94905f9408dc37af9285ca0bbe01aa9f731c7e0e696d
BUY,0.999,5,1767178291,No,0x816164295fa1fe15ea4236a7f76e5136d535a96c424c12580cecd3c3f2cdf4cb
BUY,0.999,2000,1767178281,No,0x4be757c4949ce2763d328746b60d79093d2e04be48ab5eb4ebefb2946c853602
BUY,0.999,1.141,1767178267,No,0x5ce2473afe988659578bd95570e56f9da9a88d944381f05ec92ebda03ce8a75c
SELL,0.001,9471.85,1767178157,Yes,0x8239f26d93596a81db65b2e97d969cde1e0e90daf1924d35d026803ee4cabc82
SELL,0.997,543.47,1767177993,No,0x7e2364d882da8ce52e781b1a4244ee595f8f7f3b8e76309bb87d4331727b5892
SELL,0.997,70.26,1767177899,No,0x8dca26588d529668a8812ff451e7490da462c73715ea1cfbe35a370f78ca4398
BUY,0.998999020781199,1.01101,1767177697,No,0x053c8f786921de43f14a7074df481df551a43d0506c332c26b2a613f4de2b2b7
SELL,0.997,20.04,1767177519,No,0xd9a5e062269cf56f1d687d03cf1d45678db14be847f40aee056237026942ce66
SELL,0.997,158.66,1767177385,No,0x21de41e1b5fec170bfeea249ca6186013ffcfed5b5135edbed77dfb9b25a6416
SELL,0.001,85.15,1767177339,Yes,0x37546fcfa0346e369ca563e18ae29e3d9e9f07ca3d3e9e2a4c8a2cc7c180ede3
BUY,0.003,570,1767177295,Yes,0x19db2c8902c6b674e700ce8710c782ccfdac1cb9b5b5d69b0a2e23ca451ead62
BUY,0.9989995819783054,1.41141,1767177241,No,0xa5bbdb2d3e7a1ab121e5474918c7786774503835cfbdb0b931c96c7c8f97b019
SELL,0.997,31.56,1767177221,No,0x0dd0882484180fa79ac4ad06d63dc82e09d73616555ec59c0e96e9d8218586e3
SELL,0.9972019688269073,182.85,1767177103,No,0x4546a9da90876039a82c86340972fd689c4e079bb594f7cd1a94a3ec9b23a5e3
SELL,0.998,71.26,1767177103,No,0x9d5949266a414176757cd04912995beea94b50da630eaa96ce21e5ea5ba7204f
BUY,0.9989999687409667,31.03103,1767177067,No,0x8763cc7ae96c59a90c04d25f1584a660c63267a76212c2e292300f69ab02f3d3
BUY,0.9989999896156762,71.26126,1767177023,No,0x9da6a670aeee4f1444c9843ce212374986ae761b29ea82d81bc499895dd97dc7
BUY,0.9989999991851372,182.852851,1767177005,No,0xfdea25ddaba0f273a9e2d4068628b22d92d501bd9a21982d781a976c9ced11eb
BUY,0.9989999894534974,70.260259,1767176985,No,0xd668a8474dca325325dd3883a378d4874242462667f27f18acd3a69702a04573
SELL,0.998,79.91,1767176965,No,0x78ae0057d71e3b351cae8dcc78ffeefbe65cf46934bc1564a01aca162a238ea6
SELL,0.998,11.9,1767176873,No,0xcc0b03d54d579c416e816ed9755341d80e1eb7d8e898fb61d78305945f30156b
BUY,0.999000000999,2.002002,1767176575,No,0x988777fc0452580d2f83d70b527d7e682ac6504a173cbc09c5b5de2e2b2c186e
BUY,0.999000000999,2.002002,1767176567,No,0x91656aab72834ef1cfe91e8db74167b27b47479eaba8eff0772d0b16d6e444de
SELL,0.997,190.65,1767176497,No,0x98e0e078dc898d3d0474d9b94f5a9efecde18729ad03a5b28a3f7d47e4102cd0
BUY,0.9989999981589363,190.650649,1767176475,No,0x43c0dc3419a95511b2974e8da11bbd480a76e997699004060c864ffe92fd2dd3
BUY,0.9989995298818828,1.36136,1767176435,No,0x6154f95bf399cf5ec70e2e2b454ab9defc318e60e1d4721e61d4a80d0df55559
BUY,0.9989993877090652,1.24124,1767176401,No,0xed5dae8c589caa1bba1a483b8fe93b9b932088a14e9257c29b77592da44ad3f3
BUY,0.999,269.73,1767176395,No,0x113a7c61675287729e6c006a0add567c8bbb966f616cb57b14c665e222caefcd
BUY,0.9990000008991001,10.010009,1767176395,No,0x018a4f87f2e52179ac0496982add19329a76a031d7dcdd8cea08c1a343053e16
BUY,0.9990000008991001,10.010009,1767176389,No,0xf5b23004462421373b4ca4a686a4e2071c3343799c6525ce781f75fe334eba13
BUY,0.999,395.74,1767175999,No,0xb74ec9d24fbdb648ac8a7c96a74f8529c61cca1cd30ed31d28516eae902da113
BUY,0.0022376003377952355,44690.733332,1767175955,Yes,0x100ae9c0791c75fa40c2c8ef1d06d1e38cf4c18d9f8a51b2d5c57e37706754c2
SELL,0.001,500,1767175727,Yes,0x2fe7dced9bbecf097ff850955ab66fbbebebba743666b00cd60779e1803d728e
BUY,0.002,500,1767175687,Yes,0xeee61804f4109520e56df9815ee0bbd148a585f05511b6226901361d79a3e4f8
BUY,0.9989994853631218,1.32132,1767175603,No,0xd689848d8e705a31f7e3ccc2dbf9fad4dff80375965577d017c9b4af5ee43160
SELL,0.998,2000,1767175599,No,0xa6a73395bfe68309a480406d499affa5c8978fcfc1f6ed0074c26fc38c5d9161
BUY,0.999,1.1,1767175587,No,0xf62d5322c572805b0791bdbe0b522307e7a5110679d1e9010d251edee60a0b73
BUY,0.999000000999,1.001001,1767175579,No,0x747f5d5f046577790c1aca46fe9a34318c07a7b9a4049eb4ad440cba49a6931c
BUY,0.998999948367471,19.019018,1767175553,No,0x0b32c46e002fce9fe7c31308f87fdce1a5164848cd7b1a44826a13607fb32afe
BUY,0.9989996017968046,1.43143,1767175521,No,0xa9ad319ba0452b30a3697400499af40317b4fb76fececac8d35b306f6b2ac58c
SELL,0.998,2000,1767175455,No,0x07a8567cb762b8e3488a5a23eac2ce90a954558789eeed4e04f5208ee1b9262a
BUY,0.9989995718567147,1.4014,1767175405,No,0x990c05e9a55713c51f657d7f9ffbd0d6d24b969004e3dc32b9cac67e07fe7bb1
BUY,0.999,1.1,1767175287,No,0x5810db5bdbf533ac996c431b1161d549084205fa0234e7f07fc534a184454547
BUY,0.999,1.1,1767175281,No,0xfb0318a5b2342a9de96f87659ee281a44f7b449c055d7e7d80b4dd68e4cf4f09
BUY,0.999000000999,1.001001,1767175273,No,0x1a5142e58f38e8482e3cdfafa52e07b001f1e2890a501cf021448122234cce3b
BUY,0.999,71,1767175217,No,0x02389e1113f1af807f4f900c67961b7762d482f8a50a59db9dc975a920830a4f
SELL,0.998,6.88,1767175205,No,0x5d634265fa2ff162b81c55a4f76f9c84e2730372e5cb1abd907f21d0f9e2affc
SELL,0.998,4.4,1767175157,No,0x1f9f0bf19bcf1ff3531cdc9539eedbeffb5f48969e406950955a7a312eb86a1a
BUY,0.9989991826355463,1.1011,1767175125,No,0x3cdc60df3dab861fcfeac82ef0141b507a49c593d300a103a8f5587a7447cb3b
BUY,0.9989991826355463,1.1011,1767175119,No,0xd4356193c42bf9062b254f1b2c5c8507bd8ae32f26691832943983241e9b6ffa
SELL,0.998,1.36,1767175113,No,0x8010699ad6d35a3514165d6827a437c8f5334017848e9aa899cbf49dabea7b87
BUY,0.999000000999,1.001001,1767175113,No,0xbd1c50f598edbc889fc4ee0a4de704bfd460d0ea4220fb37e8c535db61c6a43a
BUY,0.9989991826355463,1.1011,1767175071,No,0x99b3b986baabea8954ebf264400545f7256b75023bcf672c122bb4df2f1ada1c
BUY,0.9989991826355463,1.1011,1767175065,No,0x3e8e56df256d001e63f5be3925ee1e6c78c5d7f304741fed8c8a6b6ce26bccdc
BUY,0.999000000999,1.001001,1767175059,No,0x3cbbc5bbc619fec32fd68124b0bfbbace01f6c138e9ff3199936a28f691d9936
SELL,0.998,2.2,1767174991,No,0xadf0d220e4f207932e08afd32da3a17da6536d8ea078352223a493e1babf590d
BUY,0.9989991826355463,1.1011,1767174889,No,0x81b7e0f1c8c26d532c9793557dcd7ede9257e209531120c6c38b16fabe9779a6
BUY,0.9989991826355463,1.1011,1767174883,No,0x37e99d37da1662543ebe5e7371afb0d55d82239b68db0ed8e9f1abdf762a0e7a
BUY,0.999000000999,1.001001,1767174877,No,0x5bf8373a79dd02187ee3c341bc81c1cf57a0f6209e8fd3997cc05a1783010bc1
BUY,0.998999648999649,1.48148,1767174821,No,0x275537dcd9601ed40a8487543c08589a19c5df5665e07e16a0f3ccba13647eac
BUY,0.999000000999,1.001001,1767174727,No,0x882810bcdb3d80021c120d563cf03ac13f060a0f00ca2ae9c7b52a9e1fbe3e7c
BUY,0.999,69,1767174715,No,0x4e191e15dd4195fde0b3ba0082e0235a5b81afc55bf2d9269da0219d7b7fdbc1
BUY,0.9989999987028929,87.887886,1767174683,No,0xa139f25f47e09d98c088d0cad2d656a60e6d208f35e5e96a9a687612b710a74e
SELL,0.998,444.88,1767174635,No,0x597ba9da0b29951dd0b202f9721a415b9e0bb8666dc4908a1d17b8874c5a4e50
BUY,0.9989999842678938,44.304303,1767174625,No,0x5e197a4bd85c0ff3c18602bed9690f166853b4a3b4544d858c45f4b8513e294d
BUY,0.9989996114996115,1.44144,1767174581,No,0xb3b9aedd1582824558147f577ecb994e86fb470607f890e8110e5d77ffbf217a
SELL,0.998,10.01,1767174561,No,0x2492a465ff4febfe7a22878e869c314d988d863a23ccdc5964cbafa0bc419251
BUY,0.9989999958676717,103.573572,1767174501,No,0x0d848c9800adf5cfec6eb71f489ab24b66aeb828cf56d0c27aa722e9a30c2ae9
BUY,0.998999148999149,1.08108,1767174453,No,0x489f36730652fb484f118f149cd9ba52e766aa789319b41dac6b8b6368c5d8ce
SELL,0.998,3.01,1767174205,No,0x96d168040fd301d0e1a82c092a88659faeba50335590ac60279002eb5c4bdee6
SELL,0.001,33.33,1767174121,Yes,0x57ace05ebae299b5c5c4fafce4fa37fd8e7e42e7b86713c1285b9514cdbd5673
SELL,0.001,10,1767174061,Yes,0x0808a341e3a0ce6deb31eb35d4b4a937487061d264ae1723ac055edf5a391f7a
BUY,0.998999666999667,1.5015,1767174035,No,0xaa0079b21788e637d01e1f527f354d8479654f7b99aae53086ce97c4c4160a36
BUY,0.998999666999667,1.5015,1767174031,No,0x348f4edacf432df650a02f2ecd4d694f37e75a6fa783d04f4fc4ed07aa3983f4
BUY,0.999000000999,1.001001,1767174023,No,0xffb656dcca788f16e8f7c1cc3abde5e076e3f5d84d5ba2a5956d20a44455414b
SELL,0.998,22000.09,1767174017,No,0x71958fdf7d87aeac0478ec2b45c0af68d9d39962f771f6307beeb7cabb972fe3
SELL,0.998,7.5,1767174001,No,0x51689913b827601bee625cc4eb4bf879a74c2c20f97bdfd200afa08252753284
BUY,0.999,246,1767173997,No,0xd4f85f06a70861f05fda3f77eea00163a102ca3bcc2dbb76c39ad535ea244183
BUY,0.002,500,1767173783,Yes,0x97f2d80679ef881f08ed8c69232dd9e5f397aba875b358efe715357c443ba3d7
SELL,0.998,1633.31,1767173773,No,0x2df05c59d9e5707a63780af8e8c60d2f2d7d8a1cfff2bed219d1b87dd1e5b9c2
BUY,0.002,2500,1767173565,Yes,0xd5db7ddf88442ac41b7d111245d2ee26fcc02e1920b426a9a8041b73a7b4de5e
SELL,0.998,15.8,1767173487,No,0xc5ee538f99d70805237a884b1eace3d45f6f31e0bad8358c8d963365772adc25
BUY,0.9989999880352151,67.197196,1767173457,No,0xb3a8a9eec2d9e3e981eb6dd1b62b45a7e6d9fcca877074b9c745bca7dc45c2dd
BUY,0.002,382,1767173403,Yes,0x46a6ae4defba7844bae496af841565ce15a0d50faf6c14fba18f7954b3d6d41c
BUY,0.999,616,1767173377,No,0xfd16e0c76751cb2dbe5618d917061fb5cfba854e1342b9f45d3d7c51e307a5c2
SELL,0.998,10053.08,1767173369,No,0x8db2d1c73e4bbd48e439a3f00b14187bde7afb63aa6a897498785275fcb86223
BUY,0.9989999860071359,64.104103,1767173355,No,0x0a8d0106088f2567b0a99e7dc3948bdc411360339ec045328d1c0f1fba9e4ba6
SELL,0.998,15.8,1767173347,No,0x78ee5d86a504f9c41feabf6aac976c5db75dea8562737f1d22f240b1e5e4032a
BUY,0.9989999977302153,67.847846,1767173289,No,0xb8fcee7bfc0a159b0552b1612a0e9b3a1e9aed2b51b512964a3da40322ff90a6
SELL,0.998,4864.84,1767173277,No,0xa07d0d612192e2ab5615c62bc76b9bc4f931282e439ee6d79a504a19e2f99cb3
SELL,0.998,328.72,1767173233,No,0xc6bbb7f95ee99c2707aaa9b003faf83ab4104936581c9ed2d8a5f2005439cbea
BUY,0.9989995718567147,1.4014,1767173229,No,0x78eba76cac9a7e4134cf1cdc5d1958e7f0f3c388f92887ee8afff326e997e7cd
BUY,0.998999518999519,1.35135,1767173101,No,0x5556e1d204e08acbea665f3d4beaf662798996151db474d3cc718e85c8aceb52
BUY,0.9989999777432088,43.043042,1767172975,No,0xd1db627a180db07b347e3053d92d9865f69eb71af94f619615fdbb62fe3cbf04
BUY,0.9989999777432088,43.043042,1767172969,No,0xb025d378eaa13e13f24318f107058a3fe5562b94292a3639b24e506043a2db0f
BUY,0.999000000999,9.009009,1767172955,No,0xcf16f2e93158ccfe10385287dc7922a8769f5908bdea4d3f052fdbd09dbdb649
SELL,0.998,10.02,1767172947,No,0x6cdb3a374f56cbf76c1fb165819837ced7c6446258289e9d73c193b99d20004b
BUY,0.9989993057789668,1.18118,1767172889,No,0x929f6f5753c2ea0dade6c2cd4956256564f1d69923201ba1b0edaadf97e77b34
SELL,0.998,50.97,1767172887,No,0x4c36ab925943c40dee3caeaa9ba7041b8b7526240aa714e9761c923a32b332f4
SELL,0.998,3000,1767172845,No,0xb6cfed0debc40c227e69d15bb8aada4d34cf8752a57f941d1ca83615ba55e031
SELL,0.001,20656.09,1767172829,Yes,0x645e295cb4bf23e11c0d6d760df14e86649a74ab9efa4df4d98e53fffeb1b1fb
BUY,0.998999666999667,1.5015,1767172749,No,0x8b35d68992a227b3e39a7c81baecb940be81d30443fe9205bfca75fbb2388479
BUY,0.998999666999667,1.5015,1767172743,No,0x53071ec744b7dd1ba480a08bc9c2282104c4e1a83349f223fac8849e7dccf0e9
BUY,0.999000000999,1.001001,1767172735,No,0xeab473c997fc70a2a47f2ea5d6b9ec2fc2b2cdac3defacba6231873f6d28d5f8
BUY,0.9989999997442136,1004.744743,1767172707,No,0x9ad4cebc71773834f68f3d807e1cffb436dfcbcc8ef751ef4d15cf2bec0aacd6
SELL,0.998,200,1767172689,No,0xe4d0e98b1518d7e7dbcd9d235eac07cbc1356b0a8367f0bbafe0f83e31e9585c
BUY,0.999000000999,1.001001,1767172685,No,0x5baf2ccf52c6430908aeb6704c159f51e38b9675280486d47fac05ef31ede696
BUY,0.9989999990341605,341.67167,1767172665,No,0x0540f945b556a5b2559f1fa594c63da0efce382f2cc516f67b483f5c30b9eff5
BUY,0.9989999895589707,68.288287,1767172653,No,0xb10609be028268407fb8ae13339d8575aa31235215a1fac69d4a299f5d160e14
BUY,0.9989999988753062,80.910909,1767172607,No,0xa8392f94a0615c561c98e1259fdab2cc4ae05d1c07c02408db33c081137d9c3a
BUY,0.9989996398159664,1.47147,1767172493,No,0xf6884d066b8c911f1a2ae9245ff30bda3f683d3ff1b50be4ab8760d328a5e40f
BUY,0.99899998815415,81.04104,1767172453,No,0x91ac825473dfc1f04d4f2559549a02293145c1d90f6fc75136e47544a7521895
BUY,0.9989994967438577,1.33133,1767172399,No,0xe9b256bfa4f97918625d6259a5812c1fa7e4c0c413a9f38d009c16592ef28d5e
BUY,0.9989999949749999,66.666665,1767172389,No,0x8fa0735cb984e33cb0d61e083586286942d4f36eec7b69e1d9843e3d5070be7f
BUY,0.9989999509990475,20.020019,1767172333,No,0x03433bb02253eedb79d2a4fd3819b347af3782ab5a658d1bbe98d9cb70457671
BUY,0.9989999509990475,20.020019,1767172329,No,0x190a652fbda11776230a8c79b5c0eaf102fa02697baa217d5f774ee0c18ab39b
BUY,0.9989999990539253,72.932931,1767172293,No,0x54fbc35e4bf842b78769dff53a9bf687fe3516142da9faa4f63fc9865ac87e6b
BUY,0.999000000999,4.004004,1767172073,No,0x8c2d8ce7f29657ee5262bb821d7fb8fb4fc44b1430eea5c464bdca1ac4152aa0
SELL,0.998,200.2,1767171963,No,0xcbb009146d7a2cb1ea1d1c469fd13a96b2948a630c007519d10adb717dd68892
BUY,0.998999995999005,200.200199,1767171941,No,0x227b8fe26c02493a52c43417bd114408f50fac868dd13cc2dfb57f8b1458eb97
SELL,0.998,202.15,1767171883,No,0x5f9e2df224496092509ed1b33daea4f3dcd965d3446f6de751489510318a6de3
BUY,0.002,700,1767171809,Yes,0x9c759d595697887371fb77c57de3f9bbae713d104c1f5031459ee76ae0d048ff
BUY,0.999000000999,4.004004,1767171573,No,0x4ffc2a2b41412fbb868768fed3e1fe929e1e5128d7411c501b06bba007b6b372
SELL,0.998,4359.3,1767171471,No,0x41ccb4bf2387231d5c0edf40a4e33738cd0a0bafdfd3b1dc4182a96922035de1
BUY,0.9989996398159664,1.47147,1767171363,No,0x64b68ac8a5c355b2ac9a220b88e4ce86f7eec0e6f22dd021c610220ff47bc71e
SELL,0.998,11.34,1767171253,No,0x2ef163afd57fcc63d3bcb2acd479039988b1af6e5cebaa1d44d8288665096318
BUY,0.999000000999,5.005005,1767171165,No,0x54790bf06240ddf91b3e3bd1240184daaac2bf155fa2528c6b7704a250d8d4de
BUY,0.999000000999,1.001001,1767171101,No,0xa99468330193d488c6019021cabdbf460ca002f6ef8f19af05a4549dab15a896
BUY,0.998999666999667,1.5015,1767171091,No,0xb0ca4847a9d2aca3c1c5a832305925627c6cbfa43bbc892c860ba3c50172d677
BUY,0.998999666999667,1.5015,1767171085,No,0x6417dc6d2227d7a0484db6e3b4984eca2aca74de1330d5986d569c66e3ba25eb
BUY,0.998999666999667,1.5015,1767171079,No,0x9fd9e20bba92f50d787171e25b66f9a0ab035a8605278166aa3dcef14d4a4ce9
BUY,0.999000000999,1.001001,1767171071,No,0xe8c91375a9e00e609ba731fa6c6a4bed12a9f95d797dc249f6d8ace287d48f44
SELL,0.998,6.07,1767171045,No,0x4c1ad20cb25bf1eae94c34e27e7ebf7d690c065bd122fe1af792f6191c9e9cfe
BUY,0.9989993057789668,1.18118,1767171017,No,0x8d35645d1118f54b98ad44587a8960210c9c3b7cc43a69b8187c8eeebd251cb6
BUY,0.002,2000,1767170869,Yes,0xd0e77103c736809a677a29f6ccaa7da2124fa469787627f3c4d09df11e09da16
BUY,0.9989999997386264,397.897896,1767170817,No,0x1aafc02d9899a7689e789f5e69531a37e8bc7d79f887cc320b671cdb3e139b80
BUY,0.999000000999,4.004004,1767170687,No,0xb661fc45279828def302a0e6bc37d41cfb8367294db74a4c00df483502fb2d3f
SELL,0.998,1000,1767170557,No,0x59c2b2ef3d6ecf398ba7f268579e7bee4144a3a6b4b6e3448135defcbacfff4d
SELL,0.998,15.8,1767170495,No,0x7b6f75484cd6d5fd40a1141e6a8e37a1ca2af970b62fe81d3fa651cd6c42dc04
SELL,0.998,2000,1767170475,No,0x3aab71c010c2bdcc87d61302694803ab7dd2eaadf23448242319a89e5d0164f6
SELL,0.998,31.86,1767170469,No,0xddda5a00997ceb3d97e0d74e1329e4faebbad6809184bbfcd8093f68ea28c60a
SELL,0.002,191880.37,1767170453,Yes,0xf6edaa0e9cabe6c24d9943792d828b1931ce1d8c826dff2620e737c43032cb3a
BUY,0.998,19.038,1767170365,No,0x0cbdbf2d2a5abbfddabff2ae815800faf7c3e6f5d50ec544b7d5e96d2393652a
SELL,0.997,8.9,1767170247,No,0x9cee0a127701f0ed032b050b5e3181ee50db44937121831328182cfec369f04a
BUY,0.998,5.01,1767170229,No,0x13f13c8a00fadbb23fafeaa0594ccf81a11954cdfe856374aa2e4084a274b194
BUY,0.998,1.3025,1767170185,No,0x47ecbebc4bbf7a7b854a02612d987f7c43a56c2648978be0f7f54fc0ccc3ecbc
SELL,0.997,1,1767169997,No,0x02be929885d40f77974f6d9037b930527242ae0d58917c19d05988866ef9b250
BUY,0.998,5.01,1767169919,No,0x7fef2fc80417387141222e55cc22f1d44ddb7aeda7cbb97a2da4279ced2147ee
BUY,0.998,4.008,1767169913,No,0x09d752c0aa364737e8a4c8008e2f1f7691e0d74871be7d4b72f8981e3590c097
BUY,0.998,1.002,1767169907,No,0xa28b29c20edbcef85b5380429cc5d584662ee2505656dbc5e627b4d2dc4d8312
BUY,0.998,1.4325,1767169897,No,0xb62131a2b929ab551c57895dc49f7e7f7a353932d98d96cfd2719e4d4e1eff53
BUY,0.003,2500,1767169803,Yes,0x2c38d314a3a6d783b30f8082f035c7b144283374b2a5977fca60a1525e82d9a5
SELL,0.997,2.09,1767169753,No,0xc4183443d9a5f55506983526de5880ae244b2618794a3f901c899f9e8c72f23f
BUY,0.998,5.01,1767169481,No,0xbeccdf505fc312c55395224f82a418026e86a83dab908bb8b540b1c8a28376c3
SELL,0.997,6.21,1767169481,No,0xcaa0ae4b3cb397a6a33df387a8598f14eb9c9f07f99557532bf1c95d8da40b73
SELL,0.997,26.07,1767169289,No,0xd077cd62e29326e4de7fa853eec66830b568428f1fbc17c148f6679138d37272
BUY,0.998,1.082,1767169061,No,0xecc0ea4bea79f54fd2dcd6867d0943d2aaf2d4ca5e2bd3667283c0d903292499
BUY,0.998,1.3625,1767168995,No,0xc4b6a143b266b18cb99523c5ea36e01621776cb75a7a70a2b6c5b667811e46c1
SELL,0.997,2999.84,1767168923,No,0x3f75ed22517dd458fc892c4a206f4aa75121fee143c58cd32a155556e0497adf
BUY,0.998,1.002,1767168919,No,0x4b748356312fe8bbeae8bf461867778c9d351257d720d34ed2453cc391bf9067
BUY,0.998,1.4725,1767168849,No,0x4be20ab66935a84bdec0293231ae8c80a7c12b2bfab36502769b42c5f1d14a34
SELL,0.997,1650.46,1767168653,No,0x19404514989eaa07bfb95c256edff3b119544ae224926d9684021b5c142a8435
SELL,0.997,30,1767168635,No,0xfb1bb0734f50751f6c5778fa6c82e71caa9901d73d8f06ad0dc486dc5a5f22fd
BUY,0.998,1.052,1767168391,No,0x6ea08502fd435991db7f0fd2dd50dd098a2a041d4a65ce1f939ffeeeb66d9b70
BUY,0.998,1.4125,1767168135,No,0xa5b8f1ce442c41467ffcdac86ffa4474faa6af6cf428e8f7b252eace111c6c03
BUY,0.998,5.611,1767168027,No,0xa7547e0bdb43a77defe5edaf1c96a0410edc4c2a5e31b7f7220e3f186eb8b602
BUY,0.998,60.12,1767167881,No,0xed196522f395085758ec56296813a4613017246f5da78e9c0c9fcf3ca3aafb2f
BUY,0.998,1.4325,1767167857,No,0x06aeee54981e57915649d57d6e2a454dd784eb58dada2356b5075fbcd7493f87
SELL,0.997,2.08,1767167755,No,0x008e081d1414bbbeac6e4736e67e50b157470c8c481df15984256defacd746e0
SELL,0.002,26648.24,1767167305,Yes,0xf5fe24a7681e192d758b7473a837d7c0d06bd5e8cae13a42dcf9bdb1b0e535a9
BUY,0.998,20.04,1767167159,No,0x6c868b025fd8bdbb979dd4b60239b94975abb5dac20a76ab5b39ee08cf9eac9e
SELL,0.997,143.44,1767167081,No,0x4ed13153203c2fbb4a4a1aab898496c3d0936370c3ca18ed041846e2e5951439
SELL,0.997,80.33,1767167081,No,0xad2277cd9de62ecc0cb4185fa3bfa97a2bfe8362dae71140319accb31d1f83f1
SELL,0.997,1.36,1767167071,No,0x45d42c4b91192d6d95b114401f00e89d0390e8d994106403b07c1d480b54eeea
SELL,0.002,59243.75,1767167063,Yes,0xc6274f038de855c4765d2e51d9c89310aec18aab1543d799f698a166436fb352
SELL,0.002,30678,1767167003,Yes,0x0eab8ae25494e472b5765f2f339cd9cef582e80f50a1bbfca425e7fead681a64
BUY,0.9979993413195565,1.503005,1767166881,No,0xfa00b6c51f11acf88f96a3ca191c2c8d6d238b88bcf17dabb34b1ee3522b0ef2
BUY,0.9979998101704,1.432864,1767166853,No,0x1f65db759cb3f32286de265567d3e4a71c879a75c25b263efc38901a8ff35b09
BUY,0.9979998413179724,6.012023,1767166837,No,0xdab8326b3b0b7b1e6706df6bd30cd251c28dcb8ed9d56f62cf89d55a728d6f55
BUY,0.9979996954374989,1.162323,1767166781,No,0x76f31102ef2bb4fbc959d45f2b64ce85906e4a8bf2f4ec0f7fdda2c6545bcc51
BUY,0.9979995949289805,1.362724,1767166741,No,0x0eff6e1b3640c60d4f17b946582e16c1e2164e510f0d42fa8b9e05867a2f6fe1
SELL,0.997,55,1767166733,No,0x33a32fca2de990d9aaaf66836dea1347e621d101cef04e48e18c11631f418f31
BUY,0.9979998413179724,6.012023,1767166523,No,0xa1a83b1a62a0b9d1ba7abd2da766686447a82fa8e20b1d4dcd91ac9e0bc4a0d1
BUY,0.9979999579841976,20.040079,1767166463,No,0xd6d5d51841561590e85c3f36ea8d45292fbb2999f356d9f6f51007d7943cec9c
BUY,0.9979995813693462,1.132263,1767166457,No,0xa1f680c06f81fc13625cb19b18d271bf044217efdea118f4726a8a5c3159f9d5
BUY,0.9979999663174983,24.048095,1767166015,No,0x76771bb69dfb6409190c45b5047b96d74ee09a485e4b2acc600de8a4966b3c84
BUY,0.9979999663174983,24.048095,1767166009,No,0x524ea769a3e49cad00936ab7fd902a7ceddd9bc8ff59934ea03f3aba50cfed6f
BUY,0.998,26,1767165961,No,0x262c3dea670c2430b8d9173b1edd82510ba10e0cd48722ea94ee502484c4cf1b
SELL,0.002,61391.34,1767165917,Yes,0x8a3592ba5bfc71692f9dc87ebe51ec42568ad38caf7687693cbcb745839dd658
BUY,0.9979998829844845,8.016031,1767165895,No,0xb1e4af2434adddb957e349b2c5f9717b727b2df568a30f3383aad7edbbdb5d48
BUY,0.9979998829844845,8.016031,1767165889,No,0x52686ad758a3ba99832560eef97e4934253ee290c05ee9ea179dfda3df78dba5
SELL,0.996,5,1767165551,No,0x100797717031734ef8101a7dd82146b9987260adc889cb2fc8454bd39c2c7203
BUY,0.9979991057127733,1.022043,1767165295,No,0x5bc11bf99823bf114c90d1b9d3f4493ae850bcba984857b8340fc27af3cd96e0
SELL,0.996,2106.55,1767164805,No,0xd00c129ded365d6c724b4539f08de1ba81f6a6e18b8bd8a3fca4432ec5df527d
BUY,0.998,12,1767164769,No,0xa94426268b547112f2c36433392745e39b38635d3d97a02fef2fdbef061edc3a
BUY,0.9979999785664146,1.492984,1767164745,No,0xd433b5536872afccabb67b5016a0ae38017c25691df693db3e91cf967f18de06
BUY,0.997999720559679,1.402804,1767164739,No,0xc1bab0597771b912620ab0703a95e4f3717defccfaede7439273e32f6f821678
BUY,0.9979994271017443,1.312624,1767164603,No,0x280cf19c67b554df28b32b63247c549e76facce2f047d9ed653940d550dd1b4d
BUY,0.9979993919871273,1.302604,1767164537,No,0xe71e7df9dc508e8485acc255a3339258e9d521941f580eda5b526198bb6c71aa
BUY,0.9979993919871273,1.302604,1767164319,No,0x18ab23b333803c34b392b70e964fab3c594fec5c3cfe238ed8396cc1ec960ce2
BUY,0.9979993201119008,1.282564,1767164289,No,0x06a54be96390f853246d9bbd28db385b09c0ec406d2957763209243c5e6a4017
SELL,0.996,6.41,1767164251,No,0xfa9142e7621e0ffb3179bd48269e6aa2d38b6080d12237a58c91c26961b63d99
BUY,0.9979994271017443,1.312624,1767164231,No,0x6860f41025654f145b29be72770c786e020fd79051b565dac54e0fc35a939230
SELL,0.996,7.16,1767164181,No,0x17144dcf5f385230a5be3b7556eb15aadee2ab6a3ce8ebad0c1b04db92cbefbf
BUY,0.9979999517051636,7.164327,1767164165,No,0x565a95bb22a85bd694e47850f3f01af00630cd82d49aeca6d9ee55673c0910a1
BUY,0.9979992459549284,1.262524,1767164153,No,0x88a96b183e4a23f8bec909cba98f65c8a23e77810dc7948856ef8b385800336d
BUY,0.997,6050.08,1767164131,No,0xe322a93cb756a6cff857d9a0ea5e32e9b96d46db8b80253954153eacba816cd0
BUY,0.9969990269270036,1.003008,1767163891,No,0x0901acd9445cf9ef076be807a38619aaf370ce6fe147ce3a1cfdeaef9037953d
BUY,0.9969998562656145,1.203609,1767163761,No,0xf11707d25f10f0d53a74ea102559fa96f967bc63de39b433caa994aa2a533615
SELL,0.996,2800,1767163729,No,0x8d7b53000df1c7e14a86afc6dccd4c408acc4dac6a818330726de1bcb96ce3e0
BUY,0.9969995269232514,2.006017,1767163715,No,0x36a08c28e9b59b22aff4b3138d185c95dfd1461cb6359230507c560ab20daf5c
SELL,0.996,1.06,1767163675,No,0x9b40fb02ef1bea9f295f7f7d53c6f90a23f405bc85fc64a8fa6f9e21501c6d49
BUY,0.9969999323712386,1.434301,1767163667,No,0xaa616a900bbf02df1e13ed16485ecddcd1b9c3b1e7141c90a1dcc886076ff768
SELL,0.996,1.06,1767161365,No,0x276fdb8da7161726100f7a95b1dcecd0529ed710d5e000ead8d04166c5ec5744
BUY,0.996999868704762,1.424271,1767161181,No,0x70363b15840f4ecee7e82f3a80977a795a7e86f1a2e764abf32713cfc66de5c4
BUY,0.997,79,1767161121,No,0x50b5b599d223c8e27af6eaca8ab45d2acecdf8f91b24be75ae6714c9752ba480
SELL,0.997,43,1767160755,No,0x907bc47ade1a467c76c7add97bcfa58f8d04c9f249fbdd66107a9b1df4f18ec0
BUY,0.997,1607.4,1767160725,No,0xe5fb2f42e89a0f17bf50d63ee59f8ccf56ec7bbd2d092d41bdd50f04ffb5175b
SELL,0.996,1.06,1767160613,No,0x946120be24d7336f9645ed9d15a89c08fcdb0b9c92aa8c36c112f1a72fdcbf88
SELL,0.996,7.81,1767160499,No,0x14fd9aa826f710fdae0b42022611205f46cd7b7ff144b65c0676b2db0f761509
SELL,0.996,10.04,1767160495,No,0xa63075f2fa2b73e96b23792630603f10c8d5f58bd70b61a74ff284b9072165c6
BUY,0.9969998481630473,1.093278,1767160419,No,0x1a6723d79c45768d7e8c8b2f1200d2e3983cbf4c1124c84d1614e1fcee47ba98
SELL,0.996,1.06,1767160377,No,0x11a8372452fbe302f748c2c4f551220fb8d595f2c767842c02483620b14167ec
SELL,0.996,1.06,1767160343,No,0x75782cf97feca7bed32fee07305082a853979d12bd4cf93ae9dc04d5063af158
SELL,0.003,418.03,1767160335,Yes,0x6ae4009a1581abdfd202b50bb8d6c81c9b460756e9deab0af0fdaeea6c27d233
SELL,0.996,6666,1767160327,No,0x02b70ff2743e556e018a0b66a9b9c544218b9dc2871f397a471de2c6ff6626e9
BUY,0.997,100,1767160315,No,0x71e030eebb809e41a1f7293f84f452d711475f3170a1957ac9e44a5db29c1ab7
SELL,0.003,1.06,1767160235,Yes,0x454463021488c278ad06d99e36d1e39bdb5911794794079c17609569d8ed6510
SELL,0.996,1.06,1767160227,No,0xe5f55dc931e65c8c4ab2e25cdb4172e33e380da377e02edf0cb58181fd3d1e40
SELL,0.003,278.41,1767160191,Yes,0x86bb61b377b22d8f1b14b0ffb82252dae89c22e97dc7715caa52d185fadd6c5a
SELL,0.003,6.59,1767160155,Yes,0xc92ffb57f0eef045b74128062d9707d0d7742947196b20b09e153ee6839b9915
SELL,0.996,6.59,1767160147,No,0xb44aebc27900f5b2c5aacd40cf04bb971713649d83ed496b450bc70a789ac9b0
SELL,0.003,269.32,1767160099,Yes,0x0910f6a111b6a5b45bf48f3c3158a372e6f704d705b09d2a84d7d1607cfaa50d
SELL,0.996,500,1767160091,No,0x991438c2a2940280a2cbbc92827daa8f90d22cf6cad3be354f11719d350d798f
BUY,0.997,1.093,1767160055,No,0x1f49212323a031a45d255ee0d47bbac3f8cb2ab2a8a2710e45043096a44206fd
BUY,0.997,1.414,1767159955,No,0x28b68b954d4fa961713761ecbdb0e4f78bcf1c7e21cabb34546db66012f32255
SELL,0.996,15.43,1767159901,No,0x2d3f6009bbcd2687899af37c8b423d6884f2841b85f17f434d2cc1e9982c5894
SELL,0.996,1.35,1767159433,No,0x5730c0670d324b2aaee41b8fd1237e6dc3f8f6598b7715c29003798f6a645fe3
SELL,0.996,261.53,1767159337,No,0xcfa64dc84d484d47fcde8b414916abaf4b4e1107c76734a6c9cac0a9afd3e8d4
SELL,0.996,146.45,1767159337,No,0x173f1545985369e0e3749040bd707b46244c4d12ce03d32e74712d50cf91b49b
BUY,0.004,695,1767159333,Yes,0x980069c2e19e2802eaa536dea52ce57825f6fcb058b7aa24e5db07ace7747e4d
BUY,0.004,375,1767159329,Yes,0x93b71cd872360b05a3a2c133438a393d4f16e5e12a146c4b6bd2de68c4641e8b
SELL,0.002347733244208589,21602.68,1767159323,Yes,0x10986433285a8856db4a95fec8337aa7269956ac068b07f429e54ea3e66fc3bb
SELL,0.996,1.11,1767159321,No,0x96b5d12951f2eaf6470bfd4dd3b8007edd684c2efdb1971a862d7ce35f3b5033
SELL,0.996,1.35,1767159321,No,0x9d59fe7c1a723824eb8f8143c3e149921b3485430f7154173279c911efd1cc96
SELL,0.996,0.89,1767159321,No,0x58b02f419928972c7a9a2d1d255670afd507f9515c7282ec3dde3d1dfd5482ff
BUY,0.9969999993076389,1.444333,1767159313,No,0x9751754b120f5692d89d8c2fb14a107dcaf2044c2f62a6626644b0ac63d381ae
SELL,0.996,347.12,1767159273,No,0xd9b9911de2b2f6467102f98d484bf49d5d0f73eb9b0e262e0763be9507966f7d
SELL,0.004,27.53,1767159261,Yes,0xccb5060cce3bf281eb7479d14533f9fc4f1bca9da401ef05f9d3894bed1fd3ff
SELL,0.995,7142.04,1767159203,No,0xcfd98489e94ffbb69d5cfe1ff2fc8a8e5cc03f759867a6ae3cff3f4faa8d7916
BUY,0.9959999929998827,85.71285,1767159077,No,0x92fd77fc69f292eef55c16feb9f049fbcd42edc04653c53316793b2c0d7ec0da
SELL,0.004,175,1767159055,Yes,0xe6cbd6da38317e745e21454931d5116dce366398dac50646a1ab3a63168790ba
BUY,0.996,54,1767158827,No,0x75777d19a0102dec685d73409f596bfcf3f96b7e87ff38ba07199249feda02d1
BUY,0.995,27.53,1767158761,No,0xd23a57d9f3b9aa7ee2a22794b58ce079a2349484da09e6290e094e56470c5a7f
BUY,0.9969991170703623,1.113339,1767158747,No,0xf7d036e4a09276098566565ca74416582afb9e646c90248668733bb0429244c3
BUY,0.9969993966298416,1.354061,1767158745,No,0x84a805d39ce95dd8368cb4e484f1f18ed6362b9f80211741e73126feb347f2a8
BUY,0.005239534076528059,190.856665,1767158737,Yes,0x9a3fd15e530646d0ebd321b4fa5d74b75fb313a5b7b998cfa94fd1f1986001d9
BUY,0.006,1000,1767158585,Yes,0xb95dec740a1766610f46c4d82cb6f1b94e2cf817426124859360e87005d05023
SELL,0.993,0.22,1767158579,No,0x375058b17a695f0578f1d80b8d01b365780f03582fa142b70546cc5e5693512f
BUY,0.007000000024396783,532.857141,1767158579,Yes,0xeba2fa3fdad20cbe244aa0f479f3e625fcbe517ed6a513ff1db3e1baeb9f0ef2
BUY,0.006935384634590296,464.285713,1767158577,Yes,0x0330bb86ac5163a33dcc9703d513bb8f310a98b1d9d4c52521916030a537e7b4
SELL,0.0021228091705014027,94932.65,1767158569,Yes,0x518b6d050e61c9c21faba84af1968fec1c1473bc519d6f72e8af74070200ddb8
BUY,0.9959992701062907,1.31526,1767158487,No,0x1d2da5e7845cff7a00ce14b761f6bdbd5de8f1462f0ef8490edb716fdf18baea
BUY,0.006991480124860591,66203.435,1767158421,Yes,0xa93d0fae601a81fb1830cf17c878d9105df56b52fbf0516de71ba8114b93bd97
BUY,0.004,2625,1767158237,Yes,0x07bcab8f4028aca2b871521ff90fda97b8005713b06f10151549608702e9c1cf
BUY,0.005,3000,1767158221,Yes,0xa2bf9af7b1d5ad75f1c8f58d302cc83c6a62ed13aebf681651d7223be54aeef7
BUY,0.005,230,1767158219,Yes,0x392d812425c0eb56f05f2df2752d1b2f324a33f8affe0f12227f80d92e184683
BUY,0.998,1.112,1767158217,No,0x5fbceca683288d072a7f0b1242db664de39b894a5fed2e000395b1e06fc8b14f
BUY,0.005,788,1767158213,Yes,0x656a52f354826d228ad5a8bda6fe3b8d757bf59ca6391ad92cde9280c22b58b7
BUY,0.005,788,1767158211,Yes,0xee2f66398bb65143b4ff08fbb70d3409e8dd9fb3b4dca9421e7379031c520394
BUY,0.005,788,1767158211,Yes,0xda2aede1c1cc571f895b41cf71e379da47cb3e18aeae3639b30c42d1e53cdf17
BUY,0.005,644,1767158211,Yes,0x9e9b02ade64341c0586408213e465196d478b27369e5998061f200cdeb128008
BUY,0.005,676,1767158211,Yes,0x3cd56a109d2e33cd7ed21a41832f6d6f1256395f8bd72f473f9592f003e57e64
BUY,0.0043411194358748345,907.6,1767158209,Yes,0xa0b28916b7858cc4c5c359c9602729b8765ea67c8ad23d012deb85cfd34b924d
BUY,0.004,1365,1767158207,Yes,0x9dcfe07878052179fe50902e923adff9e96773c84a560b5974296db7429abdcf
BUY,0.004,275,1767158207,Yes,0x95b6b24f79e8879c1bcd1bcd19e08feb948804ea48b3210a11390c6533e607e1
BUY,0.004,805,1767158207,Yes,0x752e9782808985dd81187fbe2db78c3f427b49309866035ed45e7a6d2f5c54ad
BUY,0.004,985,1767158207,Yes,0x128d3f7c44551de87f04b680a90b55d6d9a054b3bba6b0da7bba9310d9e5c439
BUY,0.004,985,1767158207,Yes,0xf8f4194ac73522a05094f4ff62dcd43b2bc6b800ecc6cd692956bbc526297178
SELL,0.002,149.16,1767158205,Yes,0x7f8684e90303553fb9fa3c56977c565067704c769e7f5a9e6f6d734c3559cf43
SELL,0.002,515.97,1767158205,Yes,0xafc1e64bb9e212173488f01ed4c1885cf2d1f77efaffe3c77f16244f56f9afdc
BUY,0.004,985,1767158203,Yes,0xc1cfb7aadfb71eeed807b8d3b801b2b2587df48249de552d6b76bd3688876b99
BUY,0.004,607.5,1767158203,Yes,0x4a7bdc8e5dc1428dcda8b31df47a94a435e98b7b47fb005d51a6fb49c9ca70fa
SELL,0.002,500,1767158203,Yes,0xb6ab07e8055a305c85e34d4181e234278364a753b8b37d372db2c7752e6ebed0
BUY,0.004273161293401328,922.034,1767158203,Yes,0x88740d7240b0de30a85bf55f979edc38b21e66678c25c62f52cd24c693c70da0
BUY,0.005,788,1767158203,Yes,0xebe846a13cdb938f40dde5248bbe59497aec23a3e2b0d1cae14929f4cf8ce530
SELL,0.002,298.95,1767158201,Yes,0x3fe69c648aaeab566f7d06d2d6a56b786dce7f6600b8aca65d147a62587b86e9
SELL,0.002,182,1767158199,Yes,0x77f150687d39a8fbce21eae8055402ad746ea9f5283ca57f4656040ac141fe44
SELL,0.002,1820,1767158199,Yes,0x6a51b0b1737764cc859d171b1a7ed3c7b1abff1654078e10886046fe6968fd4e
SELL,0.002,3838.72,1767158197,Yes,0x107646760964fe569a273c8ed31bccf51c8c71874afb56d38abdc3eb400dc9c0
SELL,0.002,131.33,1767158197,Yes,0xe665a6ee83fd1a723bd4c0da830899ef6774e69cbb5833fef3b556bbf6246c07
SELL,0.002,1313.33,1767158195,Yes,0xc71c3889d3a24b8ddaddd4884091d600d71d5289fb1d7a2040ed8c0a23b56511
BUY,0.0030000000003045685,3283.333333,1767158189,Yes,0x6f59d75720cbdcf4d76a5bc3f5b3edf8c717445a67eebd6b1962a37287c4ab4b
BUY,0.003,1820,1767158189,Yes,0x25cc074c10156cf8d54086dd77b2548e134dd57b237c13336c827ac37f16acd7
BUY,0.0030000000003045685,3283.333333,1767158189,Yes,0xe0c8eb5f6cd0af234c577c22355a1adfea0e314bc2fba27d3379f7f87138b178
BUY,0.0031452160548983165,349.7375,1767158189,Yes,0x56f49049b705094d990b849b6d39873ca4aab805e0af5ef74af7a8f4c7271edb
BUY,0.0030000000007614214,1313.333333,1767158187,Yes,0x617db2d73e7762e974c06d56387b7ea859991a63e586e9cb5bb135237256ee07
SELL,0.002,107611.47,1767158179,Yes,0x61125253839f7a29fd6bb67d0e03b1156503312ea36d49ed4376569bee0d9742
BUY,0.004,985,1767158059,Yes,0xbeae9b869fcb4df69017b51d92fcf63f3a6c78c4611c52b2d82ba89d82ca31c6
BUY,0.004,462.5,1767158059,Yes,0xac1aba762eed431d68ad885d586312b8b1866b392d5009f14c4e7eab0346b0ca
BUY,0.004,462.5,1767158059,Yes,0xe25100f78a96b78acaff3b45feb47d92a2e896f388f03f0f7ba89c75dfc6413c
BUY,0.998,1002.004,1767158051,No,0x4c74b883ea1c3540b067089a92ca0012f57fede30f8177b855b0f6a13e0764e7
SELL,0.996,9.83,1767158031,No,0x35481b118da869a11c704589e21af6de0254fe73acce83550ad93562bc5e0b11
SELL,0.996,1.69,1767157967,No,0xc5c95b543b79a9cc0ae2077fb6c156fce0e0a4975c43b7108f37af106c3aa161
SELL,0.996,0.86,1767157943,No,0xabadf24a06d2ff8ac21218168f773193733f90403072987207de371a005b45bf
SELL,0.996,7.24,1767157943,No,0xf7a0a784861a7cd734a44f4385df331c0113a675d8b283366edd8e484614c8c3
SELL,0.996,11.62,1767157943,No,0x96c60a6e655683a1cb6fd9923e89417863ce34e9b5fb96513e8644210d83b6b1
SELL,0.996,2.15,1767157943,No,0x0d7ef046616d60e9527e81a80d009c679297abd6698e8cc5a7e97ccefea41737
BUY,0.005,3000,1767157907,Yes,0x4bdd8c0d14b07248f6e12409d5163eb0aa6020410ac814eca00309f487d0bd6a
SELL,0.995,183.08,1767157901,No,0x224c09afa21f2aba59c4970ebf61f8c19c3066a655d6fd17185d6f3e62d17fdd
SELL,0.995,326.94,1767157901,No,0x35a5817e5900222b0459fcb89425e40fa63bda713e0ed5007e00deb53a8997d1
BUY,0.004698281669964328,3948.252,1767157893,Yes,0x34ebbd9d28ae98552dc6edfba11aa90eca64927456b59ca1515d5a8a50e7b998
BUY,0.005,314,1767157891,Yes,0x37b15edd5bb8ed0e7f1c96a1302a1bf51ac87565af4fcbb40a40ec54e448b742
BUY,0.005,788,1767157891,Yes,0xe238b24a5669548158c97dd9fddd657d025ec1c72284e052cbbecc893c40c1fc
BUY,0.004,462.5,1767157891,Yes,0x29d0038391ca4c37e2e51b920a01a95af7bc448594b4bd38b0f83c439021e9ab
BUY,0.0038896167703897804,2930.88,1767157889,Yes,0xe06101943391e4a5da918deb4299dbbfed7cac443d5975de0b0ecdcb45ebd4eb
SELL,0.001754005958735074,300479.88,1767157883,Yes,0x645ab99e55fe02f7d01acd836da1687a9cf0010648705ba0c253793fcef064c6
SELL,0.997,10.02,1767157863,No,0x2f66c30f03c474954a79ca449de1717f47abb9b4d533f3ee9b0b9f5f4d1e3a85
BUY,0.998,1.082,1767157861,No,0x296cb89392905cda817c656be69b93bfa10200856f6df564d838e1b18ddfb76d
BUY,0.998,1.002,1767157679,No,0x07e6e1e5fa2bd146ab36643ce20e61343a22b43a29a3622b80b470cd7a16d2f7
SELL,0.995,1.24,1767157645,No,0x1f9343d0729aa7efcb783bd9df64e144fa5d146f037e9c4600f806a3947acd5c
SELL,0.002,4.36,1767157627,Yes,0xc07ac44d42e83fcef667ab911be74a94689485a350e7ce10e68a0d44002282e0
SELL,0.002,12.6,1767157627,Yes,0x5510f3c5b607b61b4a61340c7b6de2d1a533df3b665524db370ba4dbf755e5af
BUY,0.998,1.022,1767157595,No,0x259fed9c7a8791cf58b4f3b13e5ffdc89eb9dcc15d0cc903b296c91b175e25bb
SELL,0.994,1.36,1767157587,No,0xa0fb73f9aa64319924eb3b8c760a4d4a301dba598bf1d1d1e788b32fd06f2171
SELL,0.994,0.26,1767157587,No,0xc44010bb01a8b41f6470aad315ae982ab721a265a8f857b1900a47a7d90101d7
SELL,0.994,5,1767157579,No,0x73f8a642e8f7501b783dd7cd0cfd77a3bea628f470e0bd2e9a45e7a9688eaf4c
SELL,0.994,284.78,1767157577,No,0x642ec1fd2ac50abe4f3d73e80b88dbe49dd064b9aa3243ae42f83ee207f3c3ca
SELL,0.994,508.58,1767157577,No,0xfa0c8bfb56d89046dcd24810ec790025fb6cefde5ed5ee807317f77f3591f37e
BUY,0.005,2462,1767157571,Yes,0x2b4113fafb3686c33e17c216eca07515074a0fa6f2d2708ed16f84d450e9b90f
SELL,0.995,406.47,1767157569,No,0x47a0bd9a2f1a32c509f70dc851c84ed3854071c9099f7ef25dfebfe1be9dce90
SELL,0.995,227.6,1767157569,No,0x75334513d21be94bc07abfb346ca1d64a89bee18e04db234d8330e5daac09119
BUY,0.005,644,1767157565,Yes,0xea80d2d218eb9a566ae85adb022eaacfb159735f1fbc0c05211fc3fb7f63df98
BUY,0.005,1092,1767157565,Yes,0x38c9105a3c8af089d8b9ff72540b153a8a4f063377f512a8d95dcf442da212f0
BUY,0.999,1.261,1767157565,No,0x0f55b82c4c89fa13d673b9d8da679e9f9865c280f356a721f71f3ac90ad9e1d5
BUY,0.005,788,1767157563,Yes,0xe164f0d05c4ee4b3cf4f081c46be2120bbc6a3c6c0bd0f118c4a9f6d3a28804d
SELL,0.995,10.05,1767157561,No,0xbe789b7466e16a8acef2cb9d2823540c180e6d2832d2d130d0f0ad815fac298b
SELL,0.0018871660179294737,752654.55,1767157555,Yes,0xc7ef901e8c6cf1d26fbddccab0254262a9f92c627513bd166d20a0bd3bd8c108
SELL,0.004,2034.84,1767157479,Yes,0xf02e7cdd827d0a0299f4477745ecdb675f2204aed45ca46c75c436e34a9442cb
SELL,0.994,0.09,1767157251,No,0xd6322e19d4b0dbcc78581732296d295c787d5197eb58c693acd77bea48aaf1fc
SELL,0.994,0.48,1767157251,No,0x17abe5f4ac14c8d28db41f0f109d52e8267a39e0cd32b1af3e32a83f99444691
SELL,0.004,95264.99,1767157213,Yes,0x6760767d7ca8b86e5d6c3228e7facb654955dd5c564f08aa50539271a5ecc523
BUY,0.995999256765692,1.194778,1767157071,No,0xa84b4b802fac876725134de4c9df291bb12ac2195ca54bd059ca85429a55f201
BUY,0.995999532455645,1.214858,1767157067,No,0x766f6840cb9c0afc244c2a21f5246084c01468a0bc02adfff7648639f773d22a
BUY,0.9959999859086773,6.244978,1767156577,No,0x87a2c2a0d7b6e348a0fdc3fe9f9dc8761ad804c7400d6792838ca09985c27895
SELL,0.994,0.39,1767156529,No,0x7116493ffe530dece34663671d245692201f15644f3b9797c5d7cbfc167eb575
SELL,0.994,0.07,1767156529,No,0xe37e2226ef86371dabc3e6baa2b05d72ecbef7d1cea862591fc6d46c757e1d0c
BUY,0.995,42824.04,1767156517,No,0x255ce8cb978457da45858a83c85419d5a73dff9c44ee19688102a347b134743b
BUY,0.9949994487157767,1.487436,1767156493,No,0x60b1c5061857065d1e68db2e9d64d990809c8d57f67eb47a6aec67efee357924
BUY,0.9949991243990193,1.005024,1767156379,No,0xdcfd0d804fb6628d5a43663a806ecbaf0f349b918bb958f4cd45d428477f8fe8
BUY,0.995,110.51,1767156175,No,0xfb0dfa160d07094f75d8abbd42e7e1ad40accf5288123b182e5736bf85e038e6
SELL,0.994,215.11,1767156015,No,0x9e89ef9f1a1ef32cb7a508d573130a990758ee4b611b3df636009a6288090f59
BUY,0.9949995024994265,1.216079,1767155989,No,0x9d659617a230e072055afa93986b1ebe15410145513268833427b73ada719ea9
BUY,0.994,1048.86,1767155963,No,0xb25650fe114a3700a6e72c6c3f3799f8860bed50f0313e5c22c7545d3b80e82c
SELL,0.993,1.02,1767155631,No,0x1c52a41be5d5b35405dec36f15e89d7f1ba077c9d77f43e5b207731f8c4f03ab
BUY,0.994,1.187,1767155579,No,0x61947b7f7e450d980ee5205015d23d55000ff4ddfd4740a4bac15f24ecff42ae
BUY,0.994,1.0965,1767155519,No,0x2ba4ec9f072cd1f565b60bb0de8751aa424dc32d11cd1462285f75dff96f6635
SELL,0.993,240,1767155491,No,0xf34430483c22a6707039269d8c52b5631733c899b42ee242e988b25186b24b66
SELL,0.006,306.15,1767155461,Yes,0xa3ff679d18eff67a18179563115a6043ff868b9b0f5efffc33a821d416179965
SELL,0.006,104,1767155461,Yes,0x2af6c98dc347cae8f8f9847dab3946a5cbf73371754a37ac38d77cbce7988b7d
BUY,0.9939999968936044,1.287666,1767155409,No,0x6e96376cce76093794c0368c08e9957fad5b4c371052230342e0f64922fbbf5f
SELL,0.993,11.06,1767155251,No,0xf9d97c77fa3825a06415ed047a118af0a0de80de2a12d26da60a4230d90cb980
BUY,0.006,3096.74,1767155227,Yes,0xddfa11ada8e3eb09703ce5acafef47e95fa7dafd31e3b05f1ace4c9ab398df49
BUY,0.006,10000,1767155197,Yes,0xd763efa670cc89102c767e944f0c2b42457d74fbe83718fde9f4504692d2fa3c
BUY,0.006,2000,1767154877,Yes,0x6714bbfc97638253627767f0cab97a8838d0262aa4df9f5ffa65219d97b92d0e
BUY,0.9949999753737482,20.100501,1767154793,No,0x4c021f99b8323761fe3668636245bf7bf8d0505ddfece02bf5838dad459296cb
BUY,0.994,1490.82,1767154759,No,0x17d8a13a1dd8ad9f8ff836c45869cdfcaf9215a9138f3f1edb5961e872ff8a2c
BUY,0.9939996888343389,1.15694,1767154739,No,0x41d0e1f2dbfe0ee33c2c0fa026651b0e749dce3353714dbcad8c4ad133228b75
BUY,0.993,1002.8,1767154735,No,0x50d5498e41555a1dddcde96247d93d25bb89c80bb0467dd9c37cfc37ec1ff7cd
BUY,0.994,5,1767154555,No,0x0f60ec72786c872588cee892fd9420b35f0cac0fe7c9e11d64b829b6f3742406
BUY,0.9939995768112233,1.016095,1767154485,No,0x70b0bc66a37e8c9eb35135cf1d2675f726d9cb17cd98b1bd4f0b58986af61563
BUY,0.008383816401828682,1301.316665,1767154403,Yes,0xce2170732b4db36fa1a4aa1501112c69c7ae108cecf482f2dc75b1b4a84acf6c
BUY,0.007125355488438665,1403.43875,1767154305,Yes,0x83de252778b1d50e5b57f88e3a4af77226135b202c7146b13b6772c455cb6b25
BUY,0.9949997104709211,1.226129,1767154227,No,0x0ac25987fde2eb90c6b61c7d1e7a40f9fc9e9eefb3dcc9aec3297e0659f630e4
BUY,0.993,19.73,1767154131,No,0xd5629e0035b57f9f39129600bb1fff824bacded71ba758b2bcc1962eea735542
BUY,0.9939999969175427,1.297666,1767154027,No,0x6127b339f81919d3d5d7bbc0fd2bb457b800b2d3812988387f6b9d9719548543
BUY,0.9939999966587758,1.197166,1767153951,No,0x03019f031d813f2b36fe7e27780ae5b2f1d9a3b4d3b423befcfcef4a42bd555b
SELL,0.99,257.62,1767153839,No,0xf599b8312cde2ebb26ab23d6f66f4293ebddba44ea7ac70fa94c16fd3f7bf4a7
BUY,0.994,293,1767153789,No,0xe1bbd072f781decd9720bc158b52af6d886244d8eb0a386f6f8c468a921f9685
BUY,0.01,104,1767153773,Yes,0x07a943e7130005ee86ff7346ebbd19362a66bb8954a1098f55648f8e41d5c289
BUY,0.011,138.43,1767153771,Yes,0x028d8f80daf84883e135198e413e29e4ea71a7c078e0368971790e82f5adad49
BUY,0.01,135,1767153771,Yes,0x9aaca7e7e8cb30fd490eedc06b79603e2fcd562ec2c67ccf816c571cc9f250e4
BUY,0.01092123847955752,380.909089,1767153771,Yes,0xdb24ef7fa2f5277b47f08d2f61655e632cc667f6780f81798aa88144dbfca6d1
BUY,0.012183417091549456,306.153846,1767153771,Yes,0x9d95103777341ae16afb8a9adf60da85ddad32b9ec0359393b18a0f62e5c5255
BUY,0.007849014588301305,570.32,1767153763,Yes,0xda34a9c2c23b4884aaa8af29452efc295e7a62428c5f96e6fa8820e84d0b149b
SELL,0.005,5,1767153761,Yes,0x01925539b5aac3157145ac105998736b7b6ff8a2a6a27e87d407d11b930750ec
BUY,0.9949995223994651,1.25628,1767153579,No,0x82d5284b81cb4d33602743d395508c50993c9e4975ac7170021cf8d2fd1d715c
BUY,0.994,200.52,1767153499,No,0x127abf64ec12fe8cb0b1e5061fb9b37cca035d27c3f0ae831f57b9e0cb8865f6
BUY,0.0109154272868462,916.134544,1767153499,Yes,0x7a7f29b727b071123c662cbfd6efb167f3eb3cc007ce559f329b4795ef2e41ec
BUY,0.9939999504325292,15.090542,1767153497,No,0x58f7d4024277dfef4c0f0f40781df012ebec4f328fb830f0e79637b4cda4b8c0
BUY,0.993999996584192,14.637825,1767153473,No,0x45a1b2e5f182e5639096c446b3e814c7b3161ac91f5fcb159162a3d9963f46ca
BUY,0.9939998687105528,5.895371,1767153473,No,0x8b062b1507f44b54ea095208ccab2c0c8e613cf48a72bec6b4c89647e8628e68
BUY,0.9939998000507917,3.480884,1767153473,No,0xcb7214aed178c0c3f904ff4d047e5e3069531b5a582774ed905f393cc53e6ab6
BUY,0.993999874940304,4.014083,1767153473,No,0xfd37aa30e1ddc36f88ff74b464db7349ba64f5040ff7a72a13c1f6538ce8e44f
BUY,0.9939999766821046,40.140844,1767153473,No,0xe378dc8e239064e6b1f82752aca6c25d20e9684a4193c7a3982bb8a44a35e661
BUY,0.016964341825902337,7536,1767153463,Yes,0x926a2932068013e70bfafefa2df9f237d5ee0482d56625310e458c5a70d6c777
BUY,0.011384536003080478,2597,1767153463,Yes,0x94dd57023dbed8124c4709ad6291f43ca0ddedcb6aa17d0a2d9584421e00fd28
SELL,0.991,0.09,1767153411,No,0xb8a06c254b7b839ec83653054305b621372631aed7776e0febd00acf9d12d84a
SELL,0.991,0.01,1767153409,No,0x0b0baaf7cb773b5d2b8079184a998ec489aa5b3e8ae8df280c0249938e1e7f42
SELL,0.991,1.97,1767153383,No,0x9763bd39229d40a136f4fca496d1fc23b32dfff610bf2b97f3e843127a70fc49
SELL,0.991,56.77,1767153383,No,0x122689239265e82149392fb2cdc883cae311847a616903d5f95970f3a0af6f3f
SELL,0.991,4.84,1767153381,No,0x7a74ccaf7edaa3b7f517f4e71cf187f03585b14fe3fe097fae5421f298062bd2
BUY,0.995,10000,1767153373,No,0x0d7d8208a80bf3915c20f1966eadfe0472dd5b86b5030f17080da7b3071ccbcb
BUY,0.994,2779,1767153269,No,0xbcb18e49324a01a00dd9bd185eed1c98e9e6fc04ccfc5e3df60bb85af4e91aef
BUY,0.993,1300,1767153251,No,0xf856b7c7049e940fe8bd191a44b45616280856384027aff5badf29b4cef765c5
BUY,0.991,547.5,1767153219,No,0x2a1ec273fd765963786ac04a67caad9e433a22d0a515c96573ad34318d80a307
BUY,0.992,967,1767153197,No,0x8e7cfdf5d2715a8395e9614b95b9196ec7258fbde5f82ac7972ba4f147277d95
BUY,0.9909396720665715,1015.45,1767153191,No,0xaedef8d6274600a640a8c0d6fc9aa265eed46f3f1092b83ff068306a0851751d
BUY,0.012,13,1767153135,Yes,0xa0138b223bd8520be7f9a291d838093eb8a0f4043eb09f3d44bbd73a799fa442
BUY,0.9909349096397199,258.41,1767153133,No,0x125404d9fbf3757b984653bc52210c4f09e35846b6bbbaf096ae7117c1eb4109
BUY,0.98708014571949,87.84,1767153131,No,0x3538fb5cfd75d7438cf2cb2316f2d16134a671427a2d0013573e248a15e5266c
BUY,0.978375843116569,9.372666,1767153125,No,0x377eeabd453ceaf732e9a8095855735e04c0a3835d8c9fb4913c2e34007c6b1d
BUY,0.9789999860142506,1.215523,1767152987,No,0x1f5bcb5a46fed609f78bd743885e3d86532ceed7f1a7a396de4e4a8c02f8a2f4
BUY,0.9799750305821401,833.82,1767152961,No,0x52c3f23a4c0d1b9cb7fece4457c345b5681c705cfa076201640daaecaa1218d4
BUY,0.9788335377373252,495.487714,1767152951,No,0xafcbc933e0878d458639bf01c86ad67d1ede22ce25584f72518328f80e13c26c
BUY,0.978,101.29,1767152903,No,0x7a44f9ee19e19a14d23f993e590f6454d617f5aca8a3b9e0ab9c803d61c3aa43
BUY,0.9779999902196822,1.226954,1767152897,No,0x913000126f2bf2cf407a86cc253ab18a1032491019ec07a9a126d953944dd3be
BUY,0.03720516108086346,126438.640832,1767152667,Yes,0xfe6662be505a069c5d6a9be939beacdc008650bc685425107c66d81e62cc1881
BUY,0.9898503435352904,240.15,1767152645,No,0xa9370e7dea32330a8b31f5a8aff65626f327b68a0006b62840fc3ab5136ffab7
BUY,0.9878929365486574,58.47,1767152635,No,0x60a4f17d20126c6fe8326b4482039e2469fc946e10d7fdabc18abf0076a6b435
SELL,0.99,16.98,1767152635,No,0x7d909b2f60a07441377023ca174e8d622e854f6c15d04b54f415d35e44b4a104
SELL,0.98,300,1767152597,No,0xbfc5b69991db54a9976eb8027bc51f431d3fb85f7da4e08e03061c2bf4d95356
BUY,0.986999999002019,10.02023,1767152543,No,0x99b8cf1a4e1a76cb8ad7e8c22581e571098f6d80b8612246448a0fa47c767fe4
BUY,0.9909995397954737,1.473258,1767152441,No,0xe0e757de94ce8a102e15aae4dad9e3d2b01648ef177e658ed5f0f7cc9a75a479
BUY,0.9909999992604157,1.352111,1767152321,No,0x8dcf1178374c1c24347b2e7d9baab01dd61f5e15f6a25574e2d48c7d048939fe
BUY,0.9919998525551594,5.534273,1767152279,No,0x366d287dde3102dc801b6333c954bc132dba0c7ad8a251db1993c3a1abbb9e96
BUY,0.014611726410732502,148023.576284,1767152243,Yes,0xfd451538960edb31024d6815f553c50790fd38d91b3b125da3b6a971e00b8161
BUY,0.994,108,1767152153,No,0xe5550242c72390ef12511a1d6d794a7b13b193f0f0855934c7062f04e8b36fb6
BUY,0.008,700,1767152093,Yes,0x27160f9f879667d8b7e16969b3d4d45f90c1d86a4ba2dde8f59ea78d386fdfcc
BUY,0.007904382347019701,11386.088887,1767151913,Yes,0xd66485b50a94cad49c1b0f993fed3ed37d29b7b48bf5e0b9cbbd94367480a45b
BUY,0.995,10.0502,1767151699,No,0x84141a1c94a4fb4f01ed4d026453ae4b68f60e15dacae980dea4a0d2b036f598
BUY,0.007172076582498807,98487.515,1767151695,Yes,0xed9ea9d3df648f69b37098e29d37f71c6dec0d1b4ac9f5c2803a1aea9a323347
BUY,0.005,400.37,1767151611,Yes,0x34890811b6224eb9ed644f61b08cd492a91fbb4d1f82b8424bb6553c3ff9d3df
BUY,0.005,600,1767151473,Yes,0x4b814cc21a8f1500360f9cdcb2bca6f0517d7e742aa8578d4032d8a32f2aaa17
SELL,0.995,897.83,1767151429,No,0x9865f391921214828e2722e9ee5565307109ff7a063c750edd6b1cf366e0fb22
SELL,0.995,0.55,1767151375,No,0x2daab33d3d8edfe3b33b73fdf199e22145430bbbc36aa7d5e56c108e0262aa37
SELL,0.995,0.98,1767151375,No,0xf2df1c5dabe7cb650a4c9e852a9d13c837d81e43326d0cbb3fe70daaf406bc2e
BUY,0.997,11,1767151353,No,0x9951c95502b22ac5186a507aa44e7fea9d6fd81d3f37050cfdd03be3592b4dcd
BUY,0.005,20000,1767151189,Yes,0x185ff7c58d03e10e6538c8e6883178744839b22029386fa36a59a07bc07805c7
SELL,0.995,0.09,1767151107,No,0xe00055b3e4e87558914ea92d9e12769f033a6ddaa37347ba0604ce1c4e61ac0d
SELL,0.995,0.16,1767151105,No,0x5319354bd4000750b037b8a498977f8983425bc8d54e68744b67d50a83075048
BUY,0.9969999311162432,1.103308,1767151091,No,0x04bc065af24e11f86a557f1a75ab129e9f0b087185918d89325b338ed6abcb2e
SELL,0.995,10.03,1767151033,No,0x93ec7d3c5f70e426d2f30bece88958b1126c14a7d2c902da857c21801107a904
SELL,0.9954750440917107,226.8,1767151005,No,0x5ce635ceb2c47051860b77a797a6dce5bf244a23fb0799340f450db6b59d8ae3
SELL,0.996,26.62,1767150957,No,0xb68071f6e8e054950e333ddb83779a01c79215684f77dae6026eb8e01c0210a6
SELL,0.996,14.91,1767150957,No,0xe42d7315a42168fa81fd9857f0ed7989b6e3eaf494cd6678ecfac0e88c048852
SELL,0.997,320.22,1767150929,No,0x8fc4ec8c5564050e44c55231d464ddb571cc00cd78e412c17ca3cf2288f4bcb0
BUY,0.998,1.4025,1767150757,No,0x9e30182bee99e7feb403f9de147f8abe40ead681c10f09b0989a12cc9fa7ced7
SELL,0.0021032124082438334,2918.06,1767150575,Yes,0xa8a8499484eb5c4253bd777d45cf05207da20ef64f06e226b419657259494c71
SELL,0.995,320.32,1767150435,No,0xd08c4c49b478c6e0d4fe5ffad8cc105646f0c709ea76e2cc553211371303f5e1
BUY,0.9959998195279294,1.174697,1767150335,No,0xcd80f1d335f1567e0940c953c40599115d49446fec051555a524ca1dcd8cf44c
BUY,0.9959992404328044,1.074296,1767150259,No,0xa0f35129bd8fc947a3030608e5e59fa39a1c37c25e15750f5d6c817e79aabbf9
BUY,0.9959995991704041,1.646585,1767150145,No,0xbcd6e82958d0256f14e1f869800f20f565e97abebd594a39c06a45e63900f111
BUY,0.9969999983655671,1.223666,1767149937,No,0x875a346341e4497909fb95789d3110e7ec214b3606130741b6d8ac8d4d2bd8f1
BUY,0.997,1.073,1767149841,No,0x45e4b16a23b8b164e0fbc4dfd9715b0482487f7a84b92dcf71f7f1cf3bffb8dd
BUY,0.9969999989927812,1.985666,1767149795,No,0x4a379a1f93adddc72c9ed76f1ed09569cf690511f35cff4b0fbc3ee6e076359e
BUY,0.997,1.053,1767149771,No,0xe100a3fc4874e4bfc7d944ff43230e75844cd16c1f991387901075daf0902d5b
BUY,0.996999998477543,1.313666,1767149611,No,0xe05bcf23a77fb90bb2ad151976e262ec44d059dced72a431fb97dfd2ed98c37d
BUY,0.996756093498339,100.325333,1767149515,No,0x7d52dd941bbca0355fe788fc4169347f25b21e30e1a5a5238e0ab10bb172f29e
BUY,0.996,20,1767149453,No,0xf4f5927d197b41f53f9b0e439549a421f3a2f0ccf618801b18f4c0b93f22c3c3
BUY,0.9959993957593595,1.204818,1767149449,No,0x9561627462aa9428fff774043c8116729d97b13d48d91e54d3430eb379240d48
BUY,0.9959999928857144,1.124498,1767149441,No,0xb82aad9f69ca1848dd5ac3c3c65a1ebb0270610fe518f066141d4c611cbbff0d
BUY,0.997,1.063,1767149401,No,0x4e6e2292471670e4d1c9b908cecca77a9df6a4f6c3c369fe2f4c1b51bfbcbfac
BUY,0.997,1.003,1767149315,No,0x5e63791b47834f717ed94a7c330033d4b8332eceb032f24116790ac52e0369a4
BUY,0.9969999983918512,1.243666,1767149219,No,0x425995db319df227b539047b1762f77cd2034d2f83d294fdabc47fa4cb411c5b
BUY,0.004933939971120662,20267.778,1767149177,Yes,0xae8f8ebfa930e1cd42cf0b05bedc1bf039c66c4048db22c1a50fcdebc93f1f2d
BUY,0.997,18,1767149127,No,0x78882e3e37f2206a9e3f547176f9683a3149163d52d69216289a2173d9f1bdd9
BUY,0.997,1.033,1767149091,No,0x2dc115bb80ba39b7c55010bcbdd9b65dae91513d6df6602ed0250ea38ea543fd
SELL,0.996,8.1,1767149007,No,0xdf865bd39221b604ea9516734a0956fbfee1a5d5510bb337704bb8532f3bad4f
BUY,0.9969999991477271,1.173333,1767148935,No,0xbc8466822c681b2533b40a6267fb2dead34f907c186eff53b7f95c360ffedc82
BUY,0.997,200,1767148921,No,0x3128cd9f51da866ca95baa29a843f88db90dc7d22cd36c4a06f2901a3671fb6f
SELL,0.996,2.01,1767148895,No,0xdc324fbd5e1ff4ccdb930a3757ff2f0a1bb72699c1737bb6f885d259f167ccdf
BUY,0.9969999994639027,1.865333,1767148853,No,0xa615f4a79cc3cdf8c63f0d0ec58ba802851c69376e8eb254dccb2ca2de25a2cd
BUY,0.99699999999003,200.601666,1767148737,No,0x15ab8d3e29552ccd24194defe6e071c235e3b235b93b97aa45a0c6dd07590e46
BUY,0.9969999993123996,1.454333,1767148663,No,0xf906e5e9b71d729fe9c8fb4f6ffcdc7cd6854076bea7570fb2cfdf5cd77c4d1e
BUY,0.997,5000,1767148649,No,0xc74206f30fe186cf65935426f1dbe6228634bebcc26d1d44928eaf3a03bf1264
BUY,0.9969999311162432,1.103308,1767148533,No,0x5b938556d728027f9840abe1f335cf6506f907590471a2d05d4dbc71d113194c
BUY,0.99699920506975,1.123369,1767148487,No,0x4a4cd35d38dafe6b399134c362654941fee57f1ea4600bf7b150b5f82eb6ac22
SELL,0.995,200,1767148189,No,0x53fdaaab828f6c36d6d8e35c5d1cc74f5819a302d43586aa80bac49f31dcc5c9
BUY,0.9969999182724615,5.285856,1767148121,No,0xbc06686ffc8effc124ae572b7d958f0836ef489e9c86135f58fcf9ef841b8ddb
BUY,0.00600000000024,16666.666666,1767148075,Yes,0x73fcc9b2a536a60e004c7ef7a0d47c835b1852f957a2d845f4ea8102f1cabeb9
BUY,0.9969992704871524,1.2337,1767148055,No,0x030424453107fc1638d359c4a34ab7c868128029bfd3985dbb76f9f3ab5eca1c
BUY,0.9969997796543002,1.193579,1767148049,No,0xb0ac41282522b16d5440b2526b0645951416a8a1260961646b857d0c0eab7c3f
BUY,0.9969998847552658,1.865595,1767148027,No,0x0d67dac60cce50bc55d8402bf334566e4f91a196352db565cdfdc6d98cd3034b
SELL,0.9946528856881809,8909.14,1767147961,No,0xec7c73b7c78f39258679a77a92bca7d5be7dbebd2828e9bf8b4e01a541751460
BUY,0.9979993771733093,1.082163,1767147931,No,0x4ef4ad7aab01e134dedf3a14e201ce1beb6d18bab793d66a814ecb27ce0ccfbb
BUY,0.004,2600,1767147651,Yes,0x08970658840d443f5b051d2e044bff9aca8928dcbd5dc2503246e01bdbe56183
SELL,0.002,56.6,1767147565,Yes,0x1faa86ea006a1f74f2a1aad3adebd059ae094073bce5f6cfd08dda0ed9ee7b54
SELL,0.003,1831.4,1767147539,Yes,0x8675bf84c778dcb1e1218a089d8c743725b1b2e73f4adb16cf34ab5aa59712ae
SELL,0.996,0.01,1767147441,No,0xf49f50aa531904dbb80f79836c74a8778dd15a684561469aa3466504c38cc6c8
BUY,0.9969997929304937,1.30391,1767147223,No,0xa93fd48d6f7c13444d780c86d008e5c838b77688dab66b789a96ede48866248f
BUY,0.9969999326700469,1.544632,1767147193,No,0x0c4253c7f90428993d7752e9e874c2883670c505374ba0a952e3cd3c48491569
BUY,0.9969997796543002,1.193579,1767147157,No,0x97d6fe91733c2189d0c00b308b9c4b8d80e19a4acb35f19cf94840aeff8547fe
BUY,0.9969991170703623,1.113339,1767147073,No,0xd79b883fad98e8914b531f6b24ce2149ec9e5431698cedc0ee5a9871ec49a07e
BUY,0.9969999320226289,1.32397,1767147053,No,0xa1754b45e3947a4b03d8eb53755e46e1f7387553c29bd82b08f5d78d168e0e22
BUY,0.9969990269270036,1.003008,1767146989,No,0xa636176268ee07ed822a08c9dd7ee5cafdede291acde85ac11a8d872248409b0
BUY,0.9969995418951103,1.163489,1767146823,No,0xdc854905804dc90c9ab676f8cd356bdb3ca56b162d426fd262b2a509944a3cfd
SELL,0.997,10,1767146789,No,0x3278d8067520324496e2b089012cbffb8189eb5436e197826434d1035484616b
BUY,0.9979998884587048,1.703405,1767146701,No,0xa17926f2bc961d2c1a4a40c7aa4e5620f71761e2684c457ac40f16e451628121
BUY,0.9979990573336772,1.012023,1767146509,No,0x4fc6f2137a1d24de773b5f2d70a12906a56c74a9afa0127b87ae4fa721d27b90
BUY,0.9979994195111991,1.092183,1767146333,No,0x99b05df1757d345ed1baa42e1a1e245e67f43123002c8ededa78f0b2aa5a1ec4
BUY,0.9979998392109137,1.442884,1767146231,No,0xcb68cd49305cdca3c393717c467e48b2f1ae87e13af80f0b98d09997c7c6fb0e
BUY,0.9979999772904063,19.639277,1767146185,No,0x1e9d759189dc006fa06842d49dfea68554381ebde217a4f6ab8ee203f42b170e
BUY,0.9979997321602978,1.172343,1767146071,No,0xb2d3258dd2c2782285c0a1209e269b123015b4685a656af8a3a0658650e26cb6
BUY,0.9979992901010524,1.062123,1767145893,No,0x30e91ab30a953835b1ea481395fec538d474d8a1047eb5dc1890f1216ff3674b
BUY,0.997999982793084,1.743485,1767145797,No,0xddd1e95c7f1ed1a29f595734316d9329bbe029657c4646f40adcb70a19e2354b
BUY,0.005027383319884086,9945.531665,1767145695,Yes,0x1dd221369df9cd25b68dcfccd62620f0149d6afccf7cb6567f27bf50a72713c1
BUY,0.9979993201119008,1.282564,1767145683,No,0x5b6a8d33060c019e5adeff48c2770be9175ce78b878324833383c3c307cf92c9
BUY,0.9979993563280993,1.292584,1767145541,No,0x68f92fb5955f8fd21a2cea4ea754619c8263b1ec59dab83690d7ef4dffd0e993
BUY,0.998,50,1767145495,No,0x4b03a69133c4b319c13b32946a67a86ff52776ef214b99f37a9cc901e109f44e
SELL,0.002,27.7,1767145489,Yes,0xe12fcf7fc01d1e7f1c7e39b7c736fd4a3e9fdf96ea7475eab1d87cdcec0be881
BUY,0.9979994271017443,1.312624,1767145295,No,0x7525b2e515008aeea02cf68759982ef2d81ac81e6e02852ffa15caf590773db5
BUY,0.9979995018984502,1.112223,1767145263,No,0xcb541b287a331a36ea44f6dbfd59f5ecbeb634b4b9e7075eda9f17bc2031a4f1
SELL,0.996,12.99,1767145219,No,0x35d77b6f612b5b694369db5f3bd3a36b766e4ff71a25e65513311cf6530b4e2a
BUY,0.997986993633467,1001.856742,1767145215,No,0x803e1d455c8f927e1711bcac4430d162941b2192fe489416d4fe5b02d666fb96
SELL,0.996,52.24,1767145197,No,0x228413c25d94719d110264cd34c26107f7e93d552b42d717ff3422674a0d2f95
SELL,0.996,0.02,1767145155,No,0xee2738515f6fc5079bb665630feb89a9816886ccecfe9e69a267c2bdd1b8a809
BUY,0.9969999993076389,1.444333,1767145149,No,0x1f82f4a52e11f1045b17e20d8a2f8d4c5f0778a47e752f4d131afa673a9c3eff
SELL,0.996,0.02,1767145131,No,0xc3585c0ab6575e088037cf81f97edde30a40a3aeb9d5dc45c3f6f36b731f712d
BUY,0.9969996776051091,1.073218,1767145125,No,0x733c3cd048a97c7b2d6f938b73d77a4c2baaa6a5c95385f97200602b08d29b9b
SELL,0.996,0.02,1767145111,No,0xc8ee3867c1e563afeabeb3698a8c9704ed22fc31ed268204fd10abf755b177c9
BUY,0.9969995899126025,1.063188,1767145107,No,0xf062dbbccd3f170f7a475e0d9df17dabfcfbd78d7af3773bab77d87e6be335cb
SELL,0.996,9.58,1767145047,No,0x1921578a0a6d4779d93b0f5d8bcfeee0c99d4f0adad5ac6ca15b5f005ace275b
SELL,0.996,0.55,1767145045,No,0xda37b0da58bfa5258a67a1e48f64d7c6dd3298b84f18d9d2e650b2fe3b2485cc
SELL,0.996,1.14,1767145043,No,0xe77ea4a0c72d3419be0e38799e3c615426356f762316b3f1acf32f7e9b4663ed
SELL,0.996,0.11,1767145041,No,0x8c0938dd299c99c9ef86e476801c57a377a2c334fc6a9cb46a2c6bb1817f956f
SELL,0.996,0.2,1767145041,No,0x45c61cc7f8f5d6c31265b675c4516e8ce68f10236a9937b8fce4aba601539aad
SELL,0.996,1.11,1767145041,No,0x1244a078b3343b8e547e32242f6412c90d605a7738ebd90617b07e4d2b132f91
SELL,0.996,0.11,1767145037,No,0x8afe8d2463a9f2dce090b0401abdd6874ac9d17bea417805594ad31fd553a3d6
SELL,0.996,1.13,1767145037,No,0x5a72005197d7d30f08a8c26faae8db3946e3140624bfd066c3c21305e6b622e8
BUY,0.996999944455517,10.712135,1767145035,No,0x1f30320ae10087f777bdd8e286dfc050285e8f6abe71c8fba142023a35bef97c
SELL,0.996,0.02,1767145035,No,0x3aeb78a049c00c8679141a2694ed9a5c50353a1bd97cefdd56f931c621624b8a
SELL,0.996,0.11,1767145033,No,0x0a762a822fb9130cf4b3693609124b77ec8c54b6a079c7eedc2c2b1aeec2d960
SELL,0.996,0.02,1767145033,No,0x74524dfb8d976c2b951df8016909b7bf207c87cdb1ee75834351b8d0baa7c8b6
BUY,0.9969993764370153,1.143429,1767145031,No,0x82e81afd53ef554c3b35c470d530239b89443e4da7f09442dcbc29717a09b3d4
BUY,0.9969991170703623,1.113339,1767145029,No,0x128873d1705b7e25cc161ba09fc11d63391b77336207df2b6507bfc26e8e4b90
SELL,0.996,0.02,1767145029,No,0xccba19df25f0e0063a2f3aa8a6d987d29c13841708da4d595046a101bb038a82
SELL,0.996,1.13,1767145025,No,0xd583959c44c23bda7cd77b53e85cc0e7775ff80721ebd7c2ab8a6098ee8b3cfe
BUY,0.9969992915116389,1.133399,1767145023,No,0x02fa0d459056ebefece7c07c1027a43287d0b6598d269e37a97a37a34164e6bb
SELL,0.995,0.11,1767145019,No,0x6c7b1e2d7eba7cb73e6d7f3e81f2c4a1d1874f558eefe3a92d7a71ce73d81aac
SELL,0.995,10.75,1767145019,No,0x0a1c48cdf48f8de1674ff8ec86590cbc8e9e8be4b041b0f8f16007ba7344e13d
SELL,0.995,1.16,1767145015,No,0xd1696bc53bc50f364de3e80d31ea81fc13c0dc764c06607ad99076e2dd908c07
SELL,0.995,0.02,1767145015,No,0x2d0ac61230dffe89d31c28025b1dd80403e0630cda2546925f1f63a3e609861a
SELL,0.995,1.14,1767145013,No,0x5a82ed3a05cfd6c8b5749094e780704ac5fbacf35ce067007c18a569ab4c374b
SELL,0.995,1.07,1767145013,No,0xd68a9d5b807de8937efae9ee16e3fa935246638441c2addb8aef8b228f09d07d
BUY,0.9969992915116389,1.133399,1767145011,No,0xc70bbb91ee361ec9e35d29e25a558959cdb74ff27e6eb2e9f73c4d08e8c38853
SELL,0.995,0.11,1767145011,No,0x24c5263f848d8fb4e30e0d2a28ef2317105043230841467187ea65641c992575
SELL,0.995,0.2,1767145009,No,0x88d3748c1753c24f0c91b7d43bb1ee9704112146887c72e8728f3994f3d4d8f8
SELL,0.995,0.02,1767145007,No,0xd4be7790d7b5644495ac97e585d752ec065c8b1d50993627efe3bc6e898f2af3
SELL,0.995,1.15,1767145007,No,0x5f2a87d1f84fcdc84bf4d374bfbbd7f41b7e389b487cda5d81f37e330f9eb806
SELL,0.995,0.11,1767145003,No,0x79c6f2a58188153f244dbdca3bf60a3d12aee5386740c75d7e8f3e8d581384c5
BUY,0.9969999865270247,10.762285,1767145003,No,0xdc28d8a14eb7d39ccc81f04bf8ece7dcf8a254ce25aab159019ba6b6494eb997
SELL,0.995,0.02,1767145001,No,0x984426c9f43802170b85dd5379dbc8036ae3d4c41d8d7ced57626d640e30a69e
BUY,0.9969995418951103,1.163489,1767145001,No,0xc3944e71ca261df32691dffbd9ed2e2dd1c32199383bae5baec94d443c834c74
SELL,0.995,0.11,1767144997,No,0x21cbf23bb56c4ed4ad784690fd13fecce834ded01e762c130ca73730f85ffe16
BUY,0.9969993764370153,1.143429,1767144995,No,0x7574bc09e0948a364aece8d08a33afd968dd8acec8717a29a95acae46a683cb4
SELL,0.995,1.15,1767144993,No,0x08b340f2afbf9570974d43a7a4e96a73a7ff04871501efbe849c8e6c08197e3f
SELL,0.995,0.02,1767144993,No,0xa6af54d3009cf038ef7f2218237fc7197834d681d08ab64058c3dc1df204c99c
BUY,0.9969994598854403,1.153459,1767144989,No,0xe8fa1a1402c8c32691c817d0c7e1b8f4c4cfd318d18c723fc43fd1bb9dfe4054
SELL,0.995,0.11,1767144987,No,0x445e7917c77655515a59c1401e234be8093b0a6f93b71b0748d09909b3bc4e69
SELL,0.995,10.8,1767144987,No,0x2c3bb152da798afb64601af99dbf13a7406a43344b9da3fc50b2a71e6479cf1f
SELL,0.995,1.18,1767144983,No,0x0b3a63cb700f6c26535e537ad61658e1e80ddf851a26c4942292c877b04ee0c5
SELL,0.995,1.16,1767144981,No,0xcf12ed6f156d476ad541a66115db826cc6cae46f35ff88385cefb6322a679508
SELL,0.995,0.02,1767144981,No,0x99f790c9ea82cac4d0f80907a580fb9ee05b2ebf544223dfadc26c7bee634bcf
SELL,0.995,1.08,1767144981,No,0x6dc4f82e76dc543f539fd819e5567696fb54692bba19d893263a3ce22758ce02
BUY,0.9969994598854403,1.153459,1767144977,No,0x6548bcc9d96e4eaa4de13c15f7aedc9f1ed580f80a0be44fde74d1e4a0547b4b
SELL,0.995,0.21,1767144975,No,0x5963bc416808cce0b0cf4d88015d0d6a3db9ffc083b85323ea6b4dba6ccc04f4
SELL,0.995,0.11,1767144975,No,0x289728f1ea9934f16d85a0846105a17716f42888a18dbd1c4c769cd3197b2b38
SELL,0.995,1.17,1767144973,No,0x4ac329c8292bb2b5c932d9de4647d24b90efd3abe202ed9cdcbfc95d75f57eac
SELL,0.995,0.02,1767144973,No,0xfea2c4adaa94e5c1d50121ff3a27da98e53c47ff0914d7b93224d84f0bb6d810
SELL,0.995,0.11,1767144971,No,0x55690787dfee079f1b6e30437a2fca89eb2ea4c9447760835867b516d2fe8a1d
SELL,0.995,0.02,1767144969,No,0xaaabe4ec90d74bb5fd1ffa8c0c5adb3e1330bbf4fef53275fa1d4c5fb691307a
BUY,0.9969999359996212,10.812436,1767144969,No,0x1d735081aa9987336df126a991f859b8a3f695fa8fba234004fbabf227dc3a20
BUY,0.9969997017444989,1.183549,1767144967,No,0xa95883c7b4668f8715a5c33309b3b09d92fb29acb9401aa613fb2bb64e483de0
SELL,0.995,0.11,1767144965,No,0x7b78929a9c3f6dc797b60c7f5f09f2cbcc3cd843f6db935c8205952486251060
BUY,0.9969995418951103,1.163489,1767144963,No,0xec1895d8c513e788c1431b366540da81cc20352cd384c74d0876bc4291366073
SELL,0.995,1.17,1767144959,No,0x70bb60fca084681bda7f3ab68b203658aa86ad8f76d195da7a8f0305ac8de518
SELL,0.995,0.02,1767144959,No,0x032565073a1ea35652616acf572af08c966899bb10799ebafc93a493d81cbad4
SELL,0.995,0.11,1767144955,No,0xd5ba0f9bb0e1865ebbb1b3cb092e2e6b922f74fc0b62025a1f26739edfa8270a
BUY,0.9969996225029164,1.173519,1767144955,No,0x48239831a68bdbc99899e3898c221f3abe4ae63c787a5e190f5b011b17cfb99f
SELL,0.995,10.85,1767144953,No,0x695bffad57e32241d2d88cbef35ca7981005c61188869af97f800a3821f06525
SELL,0.995,1.2,1767144951,No,0x83c4b69212bbce05554cee3cb149c393912f0f82549165b42081aad946dc19af
SELL,0.995,0.02,1767144951,No,0x3cf568ea095c0fb4f2ca9a46d99c52921ed340ccbc6f61e12887475b6c1e8d72
SELL,0.995,1.18,1767144949,No,0xd3724669b2fbc9337b8cb39375da0252f6d4d526d1c234e5350c305c9a282705
SELL,0.995,0.11,1767144949,No,0x5b74c930212b152704091753480f6dcc5a3528094d1ed2f1f2af427ee6c319e1
SELL,0.995,0.11,1767144947,No,0x2a26e09fb0c3651ea1a3a9858320b5db8398e7260046ceeb13d8183a3d6e36c5
SELL,0.995,1.19,1767144945,No,0x234d65519f21f71035ac6fb1b67e665dbf21f0da1d1c06424813f3640b4b2737
SELL,0.995,0.23,1767144945,No,0x4ae3418b0afdbc3d03121a8bb2727e49fc0c347f715b1db4e24490a84547bc46
BUY,0.9969996225029164,1.173519,1767144945,No,0x117851224f6fc88b37a294b1cbd5e819cddb259983551b914b140af0df2ab6e5
SELL,0.995,0.02,1767144943,No,0x057609b0bbf8b55f5c9cbcf9c350b1da2cf1bd06687fe40c6212745de09b1d03
SELL,0.995,0.02,1767144941,No,0x3df5c942dabd0944b161c1f61e9296765a3d61f427353c86ae749e76bd2dbc80
BUY,0.996999951104657,12.046137,1767144939,No,0x9cad43395ee5f48b51c7d5dc8173203720937c8b0c3f10dbd03120a74eedefc0
BUY,0.9969997796543002,1.193579,1767144937,No,0x06fb4d4c46f01d4ad6b157ec604f26e39def5f6a94569e52af7ccbde07ba6b21
BUY,0.9969997017444989,1.183549,1767144937,No,0x5b21ed98ec156bd854548249ab62fa5fdc142456fb11b67c2a453023aec0a8d5
SELL,0.995,0.11,1767144929,No,0x4d3a1a5876492afaccab2132950659c126b4e201460216c4be2d6706bda416af
SELL,0.995,12.09,1767144927,No,0x0a637983568ac77bec8a3ae265c0fce94ccdae330feadfa2f817653f86dc8642
SELL,0.995,1.2,1767144927,No,0x064e656304fc422f42158ff5f462e0d860f829cbf38e9ed8972d747a08d2ba2e
SELL,0.995,0.02,1767144925,No,0x1e2191ebf1ecf025287eac7db9623a543ffb311b7081924d2f5fa709c836a4fd
SELL,0.995,0.23,1767144925,No,0xe436e6cba9ed9440f4692b10632c89cb69fa4c69e673675d6607e844faf06075
BUY,0.9969997796543002,1.193579,1767144919,No,0xbe58eaab186e18e1485cae2fee618e551c95380a974f0d2cd2d7534ea03bb7c8
BUY,0.9969999885088705,12.096287,1767144919,No,0x670233be6cbf975b03ebf918ad17e67c672c65b9fa961a1a3601ae40deef334f
SELL,0.995,12.14,1767144909,No,0xc36256bf8a944786acd4894980c669cfa8407fe40fdef7f0ae49d796b3939857
SELL,0.995,0.18,1767144729,No,0xdde742aa4479363929c556c03535a2239741d51160867bff8a5ac2cd24e01435
SELL,0.995,0.03,1767144727,No,0x71567fda01a3efaf23e1b0b49e5b46406a6f9c5317f9d2bb4b5ce93b623f2c93
BUY,0.996999785969922,1.845535,1767144721,No,0x5ddffb958c5ed671f2c9e4967e97e3bcaf0803ff2eab6e555979b7c24908ebbe
BUY,0.9969999997798973,4.543333,1767144541,No,0x64559713f4b22a192eed3886aec5dd047904c01f20c54cca81a6839326579c67
BUY,0.9969999999178735,12.176333,1767144537,No,0x999e702c74303ccf15647dccdea7e926c60406352347be247ded66ffc2d53234
BUY,0.9969999991215225,2.276666,1767144535,No,0xb923fbdf1ce474a0c53115cd5f6ac1533c5228be90cd31484e4f9efd4e988d79
BUY,0.004160707608769219,1802.578,1767144531,Yes,0x75a3b661d254267e891dad9ccd03d43b1e5a2db872e88341f4d968f642c8c8b9
BUY,0.9969995418951103,1.163489,1767144191,No,0x8168a8ad731b6fb17908b45234361e8cec6a188f4803a077324b515206e33879
BUY,0.9969999316106355,1.213639,1767144093,No,0x258c32f93d2a4df0ec72ca7fc7d2fa2b3851a9e5af3fccabf28d44982d5f3118
BUY,0.9969998269207608,5.015044,1767143969,No,0x61b42bba4695c65b6a3d74da308c13209cf464d6ed41dc7d5cd52c50ff044764
BUY,0.996999425727412,1.25376,1767143743,No,0x186f38765685a0af135ae0ec75c3f536203139ad0afed75f184fd9cb8fbfd0a9
SELL,0.996,10.04,1767143723,No,0x9996b4aa7d234ef3e7dc081158b1a7d773515681830f593f79a2dcbe52ddc9df
SELL,0.996,22.66,1767143693,No,0x485c26bdd84c6dfe401805c2077d8085df476faa638eed35abf30e39248dc9c1
SELL,0.996,454.41,1767143679,No,0x388ea76a9c9c6e51841e316b9c83dca0cb20dda064d4d46026d9f95c0187f3ee
BUY,0.9969998481630473,1.093278,1767143661,No,0x5927d71bfedbbe775f661e6b4161775bb6dbfd1484a3d3c234bfb8f5430db276
BUY,0.996999325164375,1.344031,1767143657,No,0x3b74ee60ab7a378f20449ac56612ea3917a32ab6e978601ef178cd5df44bca8f
BUY,0.004,2000,1767143601,Yes,0xd3960e9e65a788a6623f803d8775935dc61f0efd9caf60b42abe04a04a697e54
BUY,0.996999868704762,1.424271,1767143593,No,0xb0e4605297a9fe375a0af4335eb256987d1e435168f4c501e5510ed0ec8df428
BUY,0.996999467044354,1.364091,1767143589,No,0x87082abeeda0fa2ebc2127f327ea1539782ccfc5f5e08557ac9d607913ef99b7
BUY,0.9969999929884362,72.166498,1767143587,No,0x4c62feb41229f6f322408b111ef453da10439c531caef3bb091f376d460a1c4d
BUY,0.9969999918316231,78.595786,1767143567,No,0x666bfc216c03e261a0e4263df5fffeedaab281571c5e82ed81f98eee8c6052f0
BUY,0.9970000003970354,22.668003,1767143557,No,0x7869860b2898c9506a07d9b0b15fb86bfa3c89dd9032335fa00463cffcbeaba0
BUY,0.005,2000,1767143539,Yes,0x247e17ae950e9551f6c82c4da8f8dbdf20524a3b677529de7bc16a0a9fa3f324
BUY,0.9969998041352216,1.414241,1767143487,No,0x5b534d58bb5e796fffe81136bdbed2cecd4cc09477c895318d2f674966717b06
BUY,0.9969999940655889,105.486458,1767143403,No,0x8975afdd36d83337ac4958b69d8ad5a7a37e6a4e785e8da95c0f544f47416289
SELL,0.995,103.19,1767143351,No,0x79c0826b97d30f9b91d6790e887be4c6da8c270ca1e8940efd4389ee13123dd9
BUY,0.9969999914804122,110.451353,1767143303,No,0xb1dbf9693dc4103eedeed88aec94520281fc881c2f8a7066382472245ada25d2
BUY,0.005,20000,1767143297,Yes,0x43f699dbea276175704173b218d349cc6236d394cda0a29e0bedaff710e37aa6
BUY,0.9969999944287818,104.824472,1767143267,No,0x7f7a1ea858078c2f6c53eecd9c4f073c69dec8a105c8162698c0c70b5092d960
BUY,0.996999500549775,1.053158,1767143175,No,0x86aaa9abd46f0558caadd33f47865922fdf7d3b1f8a9c1ee128b1d7610c07223
BUY,0.9969998041352216,1.414241,1767143155,No,0x94b5da4e9cd8c9817105166d7be5fe46234f40f76f1ae805656213cc2af5190d
BUY,0.9969999970328387,118.294883,1767143091,No,0xcadbd8b7d32c67f2195ad19aed6fe99ace76ffe911ffdbb6d4cc22c6cbbf9089
BUY,0.9969999971820275,149.398193,1767143033,No,0x4a98c2b1b4b3a1abbf99e2edde7d6ae523d222b184453a4d76b6833b4589584d
BUY,0.9969999359365611,9.709126,1767142967,No,0x4f8ce5667e7078dddcb24b74430df8372f6a60eea057891b20a9bf907ead7e32
BUY,0.9969995661698728,1.484452,1767142943,No,0x0467493475107623965b9435346aebea64c06cd812fc90a0fb28f6e48722cd45
BUY,0.9969999992164058,141.654963,1767142881,No,0x9f61618775e4a97eea1211c246f1134de0ab2776136d58f8ebdee110b6405925
BUY,0.9969999957251139,140.822466,1767142781,No,0xde496dac80607b989812d70cea6b5aa03788f252c64388f2e38cc5c819aff90e
BUY,0.9969994094684449,1.043128,1767142763,No,0x62e41e6aeae0ffff699689f5d1a769b58f08df5c9fdc67d3c77f90f66af48999
BUY,0.9969999958251471,132.938815,1767142763,No,0xfb9f59b20f89b307cdea0132c52f9d30d34dd3d52894429d664a7c6f18dbea47
SELL,0.9950140553253444,357.16,1767142753,No,0x805c86a7fc4394b8c629918fdd812c5ad27fad3513dfadb33727bf8270d26bb0
BUY,0.004848427960263448,20625.242,1767142545,Yes,0xe7e5071ab804833cdf9e4017b4c25c9d2bda06e5b7a3afcc73b0859322cff7f2
BUY,0.9969995661698728,1.484452,1767142341,No,0x283180fa79f58abef443a466c20bfb1295521779778c0dc05a0864bedd7dc5f1
SELL,0.996,1153.68,1767142317,No,0x950ffa578934a8514b9dc1dc260d0288317ccc8f904cd97cbfd3e9b39c89140c
BUY,0.9969999814388104,1.885655,1767142295,No,0xae2a4e87549a54a14fbcf9d7372b6f637010d6d1827cdb3cdf5b769092794810
SELL,0.996,720.11,1767142185,No,0x01c33416940aa3dc1f7dd07f2b9fcab13312af1891089c13f9ad369e9621393f
SELL,0.995,400,1767141823,No,0x87603642fd3a21a135385e3475ce7af530b15c16f53ba6ffba24469e20c421ac
BUY,0.9969993764370153,1.143429,1767141767,No,0x1a89c5e82f0cedd5f8a71daf7087309fbbcc71843771218830db5e1a556dd26a
SELL,0.003,1333.33,1767141717,Yes,0xb9986d2a6e0d071734fe6b503f5fb5f18796fc587f565350548b9a475eb53be8
SELL,0.995,100,1767141653,No,0xdc34caea98e92bc6d4d3f8b33bb24385f0818f31ee7a729f213cf45323bd0004
BUY,0.9969997530606612,1.514542,1767141605,No,0xad656040cc31405426c30486b64d0de537c03f93e2a2d6e0884275e589cf9b47
BUY,0.9969997217670882,1.29388,1767141531,No,0x6bd446341e0000d58aa97f7ab81c28ca98f96bc20dcd860dee5347108a99e312
BUY,0.996999868704762,1.424271,1767141185,No,0x12d430165605b3387bb8d69ac7a14d9643bc45491fd009559766543ff37c1427
BUY,0.9969993166185589,1.033098,1767140965,No,0xde2828faa824b5e8f3104f56095bf5063b212415faea8d8f6214a4c2c593176d
BUY,0.9969996510497586,1.925776,1767140957,No,0xd8c2f69597afdadc75801e8307013d6aca85461e91cd97b61e1e80848e1f2dc3
BUY,0.996999425727412,1.25376,1767140909,No,0xf5f811d988bcbc33cc0e5f7221f38d9dba35fef2060f52a02aa32224ee080ce2
BUY,0.9969992915116389,1.133399,1767140863,No,0x5eb173ec4a33e2777168124f296a5624db5253375876a4a018045615012f77bb
BUY,0.9979996593780068,1.843686,1767140747,No,0x6d9de00877f061f34ce4a7ac87f99d1f9bfb3ba3f5e319e8ebf0783374f04587
BUY,0.9979992459549284,1.262524,1767140685,No,0xbea2842247e4d753ccb6d680b6aff8d25b31ecc5ce68f1ebda1c9041bc610d95
BUY,0.9979999239618071,1.472944,1767140655,No,0x4687bab2e723e16f14596d0f14302ba4d30737a383bc5d70c29b76ff30725cb0
BUY,0.9979997895781041,1.663325,1767140639,No,0xf570db8e7025654551d0e33c80b948017c7271bbbc05a3732052e0972483e912
SELL,0.995,200,1767140577,No,0xcef13640d2e5392a8e33d456cac0e4b0ee11a14ad1c818d23164473d486f71e9
SELL,0.994,1121.41,1767140343,No,0x1ec9e16b9033dd72701be13297722ca33c0aceb37aea17eb3ee6b6dfb8cf90b6
BUY,0.9979999037824747,1.953906,1767140305,No,0x594c7ad06f069193b593596dc86fe51fe9c839d4b95d285801dc3a522e58ac7f
BUY,0.9979991057127733,1.022043,1767140107,No,0xf131b3d88b19d8edf6f8a5b53e4fab1f7933cee5d347706704051b42fa5d6b39
BUY,0.9979997122328588,1.633265,1767140063,No,0xcf3d22b652b9eb4b20e22e3dd3e5d6302c973c244bf534f93a870bcbd21f6062
BUY,0.005482163160046611,33526.911665,1767140029,Yes,0xff3f7216930e89f13d2493ed2bef2bbed0621e15c5f1dffe0dded481b781b985
BUY,0.998,43.31,1767139989,No,0x793adbf126e2e5a934227beb25b70fbb5b4f71f7b5f81245170129f9181e5be9
BUY,0.9979998003999108,3.096191,1767139979,No,0x16a40ad6a58a1a35e0cb8306888b50e1b1fd72c5e0872c79f4548f36f6447752
SELL,0.002,260.21,1767139969,Yes,0xc2068515da20f00a533db757c5bad826f850d36a057fb57d2eb945f5ba351337
BUY,0.004316163973301977,64990.58,1767139963,Yes,0x9879431389014c34656d4805514cf92cb109b3603c48169186d40e8ecc50ed6f
BUY,0.9979997508536095,1.412824,1767139959,No,0x992001c8090d18deda24d40e0d56fe935c918fe2462856e3cb89b1114fe9116e
BUY,0.998,7.24,1767139885,No,0x09571145def67bdef62be90a1f327c5ea7db45dd2d3d488e9c289eb9ff5d65ce
SELL,0.002,6.38,1767139867,Yes,0x18ef355b8672af33c020844c17dda6a562b3ff4369ed604debff96fa138aa0b5
SELL,0.996,6.38,1767139859,No,0x2acf5ee6c8708a9ea2dfab2a9fd51995bc593a221f80f82612e335a22424e05c
SELL,0.002,506.74,1767139851,Yes,0x84e9c7c7782e92b19a68d272a189acbd1e1bb054fef404f8e3c5ea74f209fcf9
SELL,0.002,435.94,1767139851,Yes,0x22076b641118bf05ed4a11a58ef5351a157bf16cf529ecd3e508da601b67cb12
BUY,0.003509897141746474,24798.4475,1767139843,Yes,0xba9e122975b29c2229758ecd0c6600c0940065aa5ab3e773c38aa97bd95fdfc3
SELL,0.997,192.51,1767139655,No,0x386771152af9b68765b6cb8a78955bfb5000ac663b33ff64a048a506a0ae84b3
SELL,0.997,62.67,1767139655,No,0x05671779aab6f216fd1e0cbef9abe5d9fa2fc3ecb327d4f2ca0cfe6a47d74e81
SELL,0.997,54.25,1767139655,No,0x743c1dd6576c93c083e2ffc5ade11bf01ba2aa7e1820f152c60667aa1735c0bd
SELL,0.997,2,1767139595,No,0x7919a620701a7d1f6731948421401d8035575782f4ee0fae9d119650ec9457c8
SELL,0.997,0.1,1767139569,No,0x9ed4396dc348df4a6d000ce271d96e89c8e8f9801aa77ee710e687bb5eeface4
BUY,0.9979990573336772,1.012023,1767139561,No,0x1d10a721e21b8ee7efad863e97f185fd21f529d4032fa415d6d16b6c4304ffc1
SELL,0.997,0.14,1767139545,No,0x42d18a5007567f0fb0d58188fb6459c1cc42b6dbb0cefd55a682eea6d49b2862
BUY,0.9979998678508697,1.452904,1767139537,No,0xda7c4e1cbfed6e278dfb7126fb7ac61e2f13d24a5df9dc3516a771ed15e39826
SELL,0.997,0.1,1767139503,No,0x738aa13eac6bcebfad593e740f99bbd09ae14b19f583f16c5948a92bf473a3ac
BUY,0.9979990573336772,1.012023,1767139495,No,0x4a96df7b22c6705e5502e6501ec07f75c69d74913fc0837873751dae712b004b
SELL,0.997,0.12,1767139463,No,0xba72cee77db8456793b3f3a88e363916e67ad7e04f1148f7327daf0493c87537
SELL,0.997,0.75,1767139461,No,0xb0eef0b19d6ff36d84c63a11bcc254bb4fd9689cb50f9063ef7da489958a1a7f
SELL,0.997,1.26,1767139461,No,0x040787188f6875168e1aea71f713d9ef132fe1d90b7e5f53c75d21a29464a346
BUY,0.9979992459549284,1.262524,1767139453,No,0x794e50390aa84b1c3fecb1d22c3f161da763ee4c23693e8e7cc35279a8aea1c4
BUY,0.9979999181060537,7.595189,1767139453,No,0x230a992bbd1b09aa60fd7dad3407e82a0020238ce983b018363763719b73dfee
SELL,0.997,1.28,1767139445,No,0x6520bf510398d0d02d64442cf54bea3a4e9a87f37c3666d8914b0568acbe3279
SELL,0.997,123.15,1767139445,No,0x4dc54fa2a226773b7378625871f98a4cd6dcd40449a6e2e9c20b31134e444a31
BUY,0.9979993201119008,1.282564,1767139437,No,0x42cee978757c6d0d5b32be48e498aa30beac57d3b1cc25446a87637b37c382c3
SELL,0.997,1.3,1767139429,No,0xef6ecbac327a396ba93f27eb6b07e159bc637a2dd240209725f15ebbb88b2047
BUY,0.9979993919871273,1.302604,1767139421,No,0x6c8b32ac338357eee81c033e00a3a4498d19a13f38846fe7ed63942cae0f2222
SELL,0.997,1.32,1767139413,No,0x33d08187cda1b2f71c97e88f729a27bbad3ebbb7cf7f8696ce84c6f5b345589d
BUY,0.9979994616843232,1.322644,1767139405,No,0x2fd7f02ffbb26daee29569530f97b1182a8ca9cb3bfc02adf0811b37a1bd1454
SELL,0.997,0.01,1767139401,No,0x3c0899c5c2ffea6d87e4280e441159966ce78f7aacb8d1eb0860d569e01862b6
SELL,0.997,1.34,1767139395,No,0xc0ab29454364c4455c8f73e268a6145209d6f5f03c04f253dc584ac9fe8aa8ff
BUY,0.997999529301012,1.342684,1767139387,No,0x3bc979923143a60c9cda64b2fe8beb1ea26cb8801769316b70ce81c828568a62
SELL,0.997,0.14,1767139385,No,0x2c968b8780c02fa5d2bb1344b4be6652b71f837aa4038e670e5f9ddb9f53f45e
SELL,0.997,1.36,1767139377,No,0x30e689db7c11af26b9d8ca490016e7d70038f0561bbccc011d5324696eaa70cc
BUY,0.9979995949289805,1.362724,1767139369,No,0x0f60be655f82ecfa054f460ae51f865029a92f0cc32acfed7105923a8ede689a
SELL,0.997,1.39,1767139359,No,0x46ff15a198fd74310fb2e838fd9253db7d465c08412a3fd89fc41c476398f156
BUY,0.997999689829866,1.392784,1767139349,No,0x2800a3fdfa618fab4f2f39e8fb1aa45eb261ed895e0dca7ee18be4c1be54b523
SELL,0.997,1.41,1767139339,No,0xd7173ef0082a662c0c5e6c2739df9e90dab15f27b2c2dc14171341551a67fb2f
BUY,0.9979996200591272,1.142283,1767139333,No,0x2de5de78b6114f4b6728ae5740522c4a68501be6a56c58c307a4a906ed7f50d5
BUY,0.9979997508536095,1.412824,1767139331,No,0xb245c48a5309b1ade753623d5d70d418b1fcfc0a5433b334091e2b31176d67ef
SELL,0.997,1.07,1767139325,No,0xe6fd6c1c1f1ffad30646796a1b691bb269ef4c12f0548fe3351f8e30922ca0f9
SELL,0.997,1.43,1767139323,No,0x47d890d4a99ec6a9869959843a0401eb08039bfb1d6081aba0c473c3fff2a8c2
BUY,0.998000007984,1.002004,1767139321,No,0xc83a117afefb41c8a10643f1028b1b4007b83849224ca423974194c16d66154f
BUY,0.9979993340440594,1.072143,1767139317,No,0x49ae19f13b5e8c13b71b65c97696674c77f3f6431f6d575a4769d007242a3e4e
BUY,0.9979998101704,1.432864,1767139313,No,0xb98d71c3d882991e33fd5981feda91248676b4f113451fef1108d6bcb5a36f5e
SELL,0.997,1.09,1767139309,No,0x42a2e45ea494e6b33707af420b3fffad9a811ecd6ca22cfa8b80a44c2f5beaf2
SELL,0.997,1.45,1767139303,No,0x4a5812cd5f3f79edef199dba57c4beadddc26f03ad6b36927658993087677845
BUY,0.9979994195111991,1.092183,1767139299,No,0x0e9f24a4e508de327ceb6edec5f4ae5a19948302ac131756801b0668fd2b061e
BUY,0.9979998678508697,1.452904,1767139295,No,0xa4213e17de198223531375ef43777b98ba8771d948b5580d36ccefe86fb88b2d
SELL,0.997,1.11,1767139291,No,0x3b5a54ea97ec2251cd6f4a4d9200f0375a42f8f661920e29b1bba6f09442b993
SELL,0.997,1.47,1767139285,No,0x0d705dc458947111017589c3361b4f31504191f513c9d299d7f015156485dd21
BUY,0.9979995018984502,1.112223,1767139281,No,0x80b9f6482b0aa8d7d775fb10684609ae318dc3d529e807468813624d32ab0e46
BUY,0.9979999239618071,1.472944,1767139275,No,0x3f86bf7f4880a6b2b4e745e6f285d1f0de55f745fde30b73cbabd3b26499e1da
SELL,0.997,1.13,1767139273,No,0x2f27f9c832a9d7da48c858cbb2ed714d4d3fee809a3508b8a7099530a68b8d16
BUY,0.9979995813693462,1.132263,1767139263,No,0xb0662f74189726d3aeceacf4173bd199cf84827962b0918117d4b822ddd903c3
SELL,0.997,0.47,1767139261,No,0x6c82cefc4499242a1aa3d3da2323109c0cc4dabcf4f731a19d8fe05e56311a0c
SELL,0.997,1.49,1767139257,No,0x82b2fb911628b6f4c1daae24d064527d7a9e9e3b23fecce11196fd756e56e195
SELL,0.997,1.15,1767139253,No,0x3c0eb83b78a37256016bbc3bdd8416742270bfcf9b8ca74392243e2b779009f6
BUY,0.9979998273555458,3.116231,1767139251,No,0x5fbbb55255669881c1e0ac7bb434000d43a10d4fa0d959d7856357bd24c6ddd6
BUY,0.9979996270244125,1.372744,1767139251,No,0x0b23a35b8dda6298f52338feb5a4c635efacf09f89d5ba1072337a0d9907775d
BUY,0.9979996580760442,1.152303,1767139241,No,0xaa47a323659f3d6194d199f15a74fcf2a33953ddd09f4804efe72f8c21bcc81e
BUY,0.9979999785664146,1.492984,1767139235,No,0xa0cb60122b90922f6382174444f7051d76f620609428a3671acc396a9c5fee2f
SELL,0.997,3.13,1767139235,No,0xdd4c7ed2cc8bb5e7575010885d7ee1205190226e8193afc88937c730e41fa407
BUY,0.9979998539667012,3.136271,1767139221,No,0x998adb13ef62d7d766ce2d9fa56937669dca9ad427e058cee6855a257022aec3
SELL,0.997,3.15,1767139211,No,0x730a2c0885c41683c8f3ba60274ce991ac402883b123d0bc1c323d4ffcb6d28e
SELL,0.997,0.02,1767139205,No,0x710a2006a83b41a8f145506acbfe43bbe3c19af5568ae5e1bcf261ae126e227a
BUY,0.9979998802399384,3.156311,1767139203,No,0x8f29fdca87020892501c2c33ed2dd80741222adcf1cc352384831ffeec97f052
SELL,0.997,3.17,1767139193,No,0xaddae9bcf7f6f2edfb3f2e946d65230c8d6063c84ce004956beeb2a63482f152
BUY,0.9979999061816531,3.176351,1767139183,No,0x38eb5f4b6f200bdcfb06e66446449b1f7707bdc3ef7e3ef42dabb7e905fd6db6
SELL,0.997,3.19,1767139175,No,0xf687e68e0511314cdaf823d9b47e9c4e989febf1349cf816bf7e7b67c4064ede
BUY,0.997999931798081,3.196391,1767139167,No,0xa8454ab00f6b22cf6a14be81e144c7fe7746b7623118f674f5b4e75a9b2a8557
SELL,0.997,3.21,1767139159,No,0xe3263d0bbb8a9c2a64451a0e328ab1a6b28ece5f38085f730f9cf5d17277a0b1
BUY,0.9979999570953022,3.216431,1767139151,No,0xc97532d3172fda526cc98beb6a15bf8d43583ee0d9ce9762af5dcae4867c1499
SELL,0.997,3.23,1767139141,No,0x3193a585fb6f7f95119bff2e7534a8d73381078c6188fca0532971f7a5363241
BUY,0.9979996593780068,1.843686,1767139139,No,0x0c54f90d1f1aea4c96d29ccee287889785d78d2f8d82c4688a5b3132acc417f5
BUY,0.9979999820792462,3.236471,1767139135,No,0x68c99e224835cf1db10b9a94f41aa8166e2a08c9c6b2ccc8bd31d06e9319acea
SELL,0.997,3.25,1767139127,No,0xd32d1bd85de81db48f6283001c646753285d5a34f85104955e7391551cdb6e0e
BUY,0.9979997002928287,3.256512,1767139119,No,0xd07b070dfcfe9b13515e3987ed360c85ebeb56b16c22f1e7b463f4d63ed62e0a
SELL,0.997,3.27,1767139111,No,0x29e5e7031f09eb3f6cf046a0afc0d94bf90677d088550bd7fb6f8a4c7133f711
BUY,0.9979990573336772,1.012023,1767139109,No,0x04bed3351b777af31c580e44f9878ef48bd5164738879ca49917d3d0baaf3ea4
BUY,0.9979997265418037,3.276552,1767139103,No,0xeaa6ee75af9a5cf3081aadf70eabfae10a675c5ff733283ace73238e542197ee
SELL,0.997,3.29,1767139095,No,0xcde924ffd51dcf57af38b1ad54f00f55e35a2a989579bad4730d0a13485a97a6
BUY,0.9979997524716434,3.296592,1767139087,No,0xff014ce2450a827ebc4e82856f7871fedc4be84492275a9038ac5da5fa615615
SELL,0.997,3.31,1767139079,No,0x2f3253da2af793f5b01f13b4534a9e3f52c8bf114bfffea3807431a0363bbb6e
BUY,0.9979997780881328,3.316632,1767139071,No,0xddb181f44cb652d8001eeff06ade39121a3f384027af9d6cd29477e05e01e9ce
SELL,0.997,3.33,1767139063,No,0x0d880cdd4e8493dfdcef574b3f5ecb237c6cd21e129f5f57aa63176c39f513aa
BUY,0.9979998033969176,3.336672,1767139055,No,0xb744b0a12eb5b7065047ade20c1a06558a6220e9b07f681a8c781c31b28d017b
SELL,0.997,3.36,1767139045,No,0xa51c775a382db9d98a8480b61ab449a9557a2e9701339afb4b0daa1df485680d
BUY,0.9979998407951687,3.366732,1767139037,No,0x8ed64e37b68c2d0aa1731d0ff3771c60e28533110c9b58fd23af550db07881b2
SELL,0.997,3.39,1767139029,No,0x30b034669dbb8d847952e3a51273148c3e4862383b41e2e0b7bf37d5db7c97e9
BUY,0.9979998775315062,3.396792,1767139021,No,0xf302a116cd73a0b58e13594d03d4c2b29243b5e309f1bbaefc11aad2db2f0990
SELL,0.997,3.3,1767139017,No,0xaa63eed6f54751158fd80cae1a2497c054759a7303a42f728607c69ff3731b91
SELL,0.997,3.42,1767139011,No,0xeba018585d0a53866d771c842dacb8b5d929670f97a629878d75077aa4066084
BUY,0.9979997653187008,3.306612,1767139009,No,0xa2b74e20df00548e0ce5eccb7e4e1896da08ba25df1e56adf72d0573a612d44a
SELL,0.997,3.32,1767139001,No,0xf957a859517fbf76d8d100133c3a6c042e6876de0ea3b154f9733eb2124fb3a5
BUY,0.9979997907806407,3.326652,1767138993,No,0xa19b9d85497de0fb8464b6f2d08ffc302448df3989acd4c25ea5d93d1512a4a3
SELL,0.997,3.35,1767138985,No,0xae81e3b26849b05f07adecc39202378fcf72544b11dd7578d5df7f54be0e15a0
BUY,0.9979998284035091,3.356712,1767138969,No,0x3ce13e57f081047341de8c549cd19923f8ea0957d10c198494b795631a582e2a
SELL,0.997,3.38,1767138959,No,0xbe4b2ee5d8d21f136fb8b3e00001c9e56ee8faeb93f58a1a196737284bbf5e03
SELL,0.002,333,1767138951,Yes,0xdef94c6e62636e83f40db92d51df060b5f62f4fb89f205a5eb25d63f3bae8639
SELL,0.997,0.17,1767138935,No,0xf3601dcb7390a48c9463dc015f4d409b52c89ee5197cfe661e6746ebc6cf096b
SELL,0.997,0.11,1767138933,No,0x7b9e983bade1d1d00c8119ea716b86eec39e872ede2df4c726178a116c366ccf
SELL,0.997,1.01,1767138929,No,0x70eac22ea32b6e24c94afc7c82d020986a7f0a92c8246260b7a18163be414443
BUY,0.9979997682606779,1.182363,1767138925,No,0xe75a76de234d1c143fdd0014155a086cfe0eaf051a9033e72471416748de4b25
SELL,0.997,0.1,1767138925,No,0xf149976729e828ace9637d8fb6531e07bb8e8517e39e452a243150f59fca58d5
SELL,0.997,0.11,1767138921,No,0x473454bb9fbe5f82b632d2ade994374d4521c04a04875da350e19c88cca7d6b7
SELL,0.997,0.12,1767138917,No,0x495a56263076a4ee316e0265039839997ae2e0738f7b92e3851605098d11d0c0
SELL,0.997,1.2,1767138917,No,0x8c824b2d4215d0f2608a93ddd738d5dde6f8575e5e127f851e822444759337db
BUY,0.9979990573336772,1.012023,1767138917,No,0xb172edafdf58622b560b5c273e4ee9a8da6170d9a16afbaa34b7dbb2d237570c
BUY,0.9979995018984502,1.112223,1767138913,No,0xe7c1c31d325acfba807db22a78576cdbf2293bad1838cfae4b056e6b2e3acaaf
BUY,0.9979998386564238,1.202403,1767138907,No,0x4385f43ecd1bcd1f63803d9d61c3648c4fcfcb3356de47b60e593cab945808ca
SELL,0.997,1.22,1767138897,No,0x6bd6d9c662e71cefc9cfe7c54a779169a02387735d37bc567d0cd24bf0546149
SELL,0.997,0.12,1767138895,No,0x2ebd4a206f79701413b0f4fa8c7af47bd55092ae18ba53219ed948421d3f7e0f
BUY,0.9979999067441181,1.222443,1767138887,No,0x5baeddbad9896ece04899f7ec61bafc8cbb24f3e493f4034c18743d7ecc1ddad
SELL,0.997,0.12,1767138877,No,0x650896de22644aa958e96e7dc4c8b356d320daf37d5f5d8762869fda1030a033
SELL,0.997,1.24,1767138877,No,0x645525b730b19895982df8fd9707f58a13263189a0aee21c946bf8f17225b952
BUY,0.9979999726354405,1.242483,1767138869,No,0xefb73f86604ecadc906831801920771493a33b940f58b1cd670a6904be9dec67
SELL,0.997,0.33,1767138865,No,0x18df6fd535d33038b715fa722828336169386f35300770002fb8f6186cfc0db5
SELL,0.997,0.15,1767138865,No,0x738b0215551e8cc4ec2ea225ed598e9f8d4a9d08585bd3916bf029995acf2df7
SELL,0.997,1.26,1767138859,No,0x7e9967ac5b14364c6f614b94279855b45b8e5661d193d4b6abb6549b51d5a7b3
SELL,0.997,0.12,1767138859,No,0x1a2b19608befc288e08558b57c3aa49478a30afb5fdbdffa20631671ca7c175c
BUY,0.997999604565697,1.593185,1767138855,No,0xf8e2f91d914b1112c99b85918b7f10a470efd36e61ad46f2caa0b64beb8d89be
BUY,0.9979992459549284,1.262524,1767138849,No,0x73b4ed280cb7fea2d27008940d92a11d95c07583a07e1b8a456bb96e2d88db14
SELL,0.997,0.16,1767138845,No,0x31b1a183a25373ea542eb19ff8115424575b69303b753a44feb3f3e911304128
SELL,0.997,1.61,1767138845,No,0x57a168c7c0a2ca9ee09f76dcd55bb8f9c8f381ce087724b04c0f9d5dcaaa6275
SELL,0.997,0.14,1767138839,No,0xfd567061e3e6c0dad5cdc371094dca3369f77fb79251c3b00b29414a54b17f50
BUY,0.9979996590680159,1.613225,1767138837,No,0x09005a786765de94ff10026bed8447d7466c201152f0156af3ebd2c9d742b378
SELL,0.997,0.16,1767138835,No,0x17d2fe695782443700a3764b345583d33a3e9f666dc13478662d32f6541eebf2
SELL,0.997,0.1,1767138833,No,0x004556ab0d03d80066430e081e50d0e6312a418a74908f3a70dcca9188524b2e
SELL,0.997,0.39,1767138829,No,0x889b0664dbf642de19b8af40c4f23ef1a682237d71ef5996b71f2e18d4c0b76c
SELL,0.997,1.64,1767138829,No,0x043eabc0a6ee1ba315d3977263ad8c9bd948bd9e24f48450a8fd3d0b16961f1a
BUY,0.9979997383290178,1.643285,1767138823,No,0x01773cc5e9af39fa0aac09f9f7493cf4900a4cb2542502e9e532cebd4c889ba9
BUY,0.997999720559679,1.402804,1767138823,No,0xfdcc5277ff2732a0d5153748097d4c3ac47068779c2df13d3b994222a94280dd
BUY,0.9979999979989975,3.997996,1767138821,No,0x71d7903e89c8dde399a88ae7506c2e2c5c0407c306d52dc8493a1a433aa0d90d
BUY,0.9979990573336772,1.012023,1767138821,No,0xa28025a7a0e7dbe4683eb1ae863189bff22e752256c2007da261bace9de4d5a3
SELL,0.997,0.16,1767138815,No,0x3df5b5741a2b721ec3de9260373fba224f9ee327447ddf82e126c70ba19e52e0
SELL,0.997,1.66,1767138813,No,0xabf5cdc6b8cc451d4c5d3ad2c48ddf8863311dc5c584b31f13397e428dd037ce
SELL,0.997,40.13,1767138813,No,0x72244f2dea3548d79fb57eabfb691196a973e265b9c874c4f84cc05f5e355c5b
BUY,0.9979997895781041,1.663325,1767138807,No,0x0bc7a98c1c398abc13f742d1f1bf4d5890e27bdbadce62e397abcb7e418bd7b9
SELL,0.997,0.16,1767138799,No,0x2b085bf2f7c0826ddd781c3ccd9563c02bedd609e5670e572b8683dac239f2d9
SELL,0.997,1.68,1767138799,No,0x014978dac27b8bd63086e347aaa5477ecd34f37e0b393a6194f6658e1c0ae959
BUY,0.9979998396069777,1.683365,1767138789,No,0x645315c38c6f3ce9440b916429f84bf133458952d566cf646093dc2d91afb8f8
SELL,0.997,1.7,1767138781,No,0x7d775563bd1672bea59911a728eb97cc7eeb155bfe0d0a73240a9c67eb522780
BUY,0.999,1.911,1767138703,No,0x3647c513bc984e30ca586d24daea2bac431eea53277243bb24a77fb1762a2c27
BUY,0.999,1.591,1767138637,No,0x8500005af2ce00409ecfb0e6eaaf6b48ffc3a4b6b56fc3d484950fc262be893a
BUY,0.999,1.611,1767138581,No,0xcaeaffe83aa1e26692dae40479620d6263040367dfe287008d09ac368b27f60c
BUY,0.0030000000051724138,773.333332,1767138575,Yes,0x29b7a491b9d9c10b1681bae6715836e41dcf0800a738700bddb4768582b5c442
BUY,0.003,16.25,1767138573,Yes,0x731fa536a121afbde6a68dd317ec8806de27bafea0f9f4e8ace0455fc1690a9e
BUY,0.003,10.1,1767138573,Yes,0x29394967c535aea2015c2da22d13a26337fadfeea87386597fa837b5dd6c0f66
BUY,0.003,10.1,1767138573,Yes,0x874d412ff8e39f30cf00e847ae87abfdd84ce5b5ab487577462d4bc27e3e7779
BUY,0.003,5,1767138573,Yes,0x23e5a9a3bb7fb8205fd635c025055db82ac8baa2b731abb19b76f4b42effd8c8
SELL,0.0010322573070258383,84319.19,1767138567,Yes,0x89da88621b79900dbbe4735f8dcce8bea134845afee51ae0a0a624537d917f38
BUY,0.997999720559679,1.402804,1767138531,No,0xcf272269b3bafd8a3197bafad809c0605459cd83c8767732727db9095a33ffcd
SELL,0.997,0.3,1767138453,No,0xc39aa426c606c1a115324f04026a658c9da190789e83cb41f6b1d207a3e1a4c6
BUY,0.998,105.26,1767138449,No,0xb0d863822d17f54858acc23208e58824660c2a0525de4d4222f8bfcd8ac4cbbd
SELL,0.001,93.86,1767138443,Yes,0x4ea4855bab9dc8d83335380c362bc0d3b422de9e098b11bc18bab5746687093e
BUY,0.999000000999,1.001001,1767138441,No,0x35ed5b21957368f020a082fe5f3927b625f23563a1a0d1acc0d261308e6d1520
SELL,0.997,232.25,1767138437,No,0x7a1780837e844d8c42bb21b467a65f90de6c6ff24719da4e5de4cbb86a603de8
SELL,0.9974638827273604,414.76,1767138437,No,0x57adb3cb0656a2080246c07c3539c90d1adfbe5e246cbdd513eb85bd2b00b6d1
SELL,0.998,7.6,1767138437,No,0x4deaf144bd4394f2bb6ae6e170c1d43231163ff598b8296e25bca8ad56872aee
BUY,0.999000000999,1.001001,1767138423,No,0x8f798dcc40a379ee1b7db7d92c02e14c7aa6254c7b0086bb1eae7562f0b330f1
BUY,0.003000000013636364,366.666665,1767138417,Yes,0xb6ac28d6e50ffeb2e8743a5daf43cf5a8988c971bce98d6eb7bb05ea46775d1c
SELL,0.996,0.13,1767138413,No,0x2230598e05ac466aacbb0efbdd87160dd8ec89b105b0eadf9e0c3251a9d695a3
SELL,0.002081762116852634,88288.81,1767138409,Yes,0x35e1f1d4d1ad67e668ce4799d622a530481cafbba97543ca44d56a1e542bca68
BUY,0.997,1.083,1767138377,No,0x6ef1011bbde4cec4f505248fff841437e1c49fde7019db61326b02e7174101ca
SELL,0.996,9.98,1767138341,No,0x785ff331967b431a10939191086d0a06cfee887798aa933f481d8bf7019699cf
BUY,0.9969999994639027,1.865333,1767138341,No,0x8b9ad6baf6be970018f797a8d706652f4942d550821425e6040505a8876cc125
SELL,0.996,1.53,1767138337,No,0xd2a9c7c9eb5ab5e050066cd11f9ff53388e35a8b604463e4b36306e77dfd5787
SELL,0.003,93503.97,1767138333,Yes,0xb86b1abec0e164b6943e4600274e8aa5f2ce65532e767e4ef18cb46958585f03
BUY,0.9969999984419623,1.283666,1767138199,No,0xa8450a525998cc40b7e49e2efbbf3d855813a204fd88fe1e91388bb072edb491
BUY,0.9969999983918512,1.243666,1767138169,No,0x219d06b224bd366f936a540afb7ed14d11ec127ad75e98ba78040ab6f635bd23
BUY,0.997,1.775,1767137919,No,0x28e61ec4c8341a79f0d231d41768bb16552cf299bac17f49567a37ff61cdaf59
BUY,0.9969999989559767,1.915666,1767137861,No,0xf93336777f220434a7186a586b525a008beb85017fe760bac7a95256227f4e8e
BUY,0.9969999993170953,1.464333,1767137709,No,0xdadf267f90bf7ebc8bcaf4301fe1d055aa7a53f1f413b8e005c590713436d98a
BUY,0.9969999984046788,1.253666,1767137641,No,0x3696d934d911b00713f5597f78e386e276a103b376b722ca6481726b1cf16d7d
BUY,0.997,1.083,1767137535,No,0x94364795f62d96cc08c4ed7bf716aa941ee01f3d251bfb17e5d1592199feb8d8
BUY,0.997,1.424,1767137535,No,0x1fae671f3b9e4679af8679c0ad6b44c74640abc6d88331326092a7397e9be4ea
SELL,0.995,4,1767137513,No,0xb2379a4d9cd0a94eaad9088e482b96f10b4f4ea9b5e559401bb233edb28b809e
SELL,0.995,20,1767137427,No,0x4d0bc6365989f9ff591965647871e3e4d1d66b2629177a6d0bf9e542c35245ef
BUY,0.9969999995297067,2.126333,1767137341,No,0x1c9f881bfbd4b42bf57f8bba66a7e5f010f8efc578e830cb7916fb3217e1c329
SELL,0.995,60,1767137335,No,0x5543f9ab43bd64e657a4312699ead8d15fd0ea87153e917b8e9199a7e744c3f1
BUY,0.9969999999742509,38.836333,1767137243,No,0xcb6fa48b61e217077cee601ab1d178aae4d0f58599f6fcb0f38b5fc5c128b27e
BUY,0.9969999991017962,1.113333,1767137055,No,0x2b356e374a065aa9776375aa47cfdde8c2ef12fec4c480ef29814890e368acf7
BUY,0.005,200,1767137039,Yes,0x8fcaef27c7ca243284515979338ad257d3c7ef30d69a5a9673823081672ac36f
BUY,0.004896871878244178,1021.06,1767136903,Yes,0x984ad4f79e39e5ae218593fdf4c00388e814301fe27fe1f2d7c5925c351afa08
SELL,0.995,1.04,1767136657,No,0xf019dbc43658100180b4d779d2ac1cfd5a370f3a4fb449b73b5ae94528802d41
BUY,0.9969999987458189,1.594666,1767136631,No,0xdc91f3753feba5e6541c3131765cdfa17114978be8344c9246eef01f9d15b972
BUY,0.997,1.093,1767136459,No,0x60a14a572034ca11a29532689fb91a74a4881352b4e3cd379b1b476fc6c164f7
BUY,0.9969999993524713,1.544333,1767136455,No,0x4a833599ae4453bbb053e09eb2175e01bd782cc0a997708609813b7c2e813104
BUY,0.004310344827586207,4640,1767136375,Yes,0x76030ef843299b93b9128e48faa53a543bace3ad83fe1c27b3b99f23f1b7222a
BUY,0.9969999993123996,1.454333,1767136231,No,0xdddcbe7cb8268d6dc161fccf6b88d9ca15bf993a0792a5663f81586b2e601fef
BUY,0.997,1.434,1767136161,No,0x4d93e81ff3e0780fa093aed7a4d95149174ffb5f6c87e6b65eaf8584331990c8
BUY,0.997,1.414,1767135923,No,0x96d89b8ffb6e23df9bea58d24bdc753c96188c08362af5f29039083192a617b7
BUY,0.997,1.003,1767135893,No,0xfb6334293a17c3188102d3c452f8e952d738cc74e6dbb882cd4c3b170c6748c4
BUY,0.997,1.063,1767135675,No,0xb2fbe93af3026dd4dfef28b2ba10147a66ed93c8b77980f8e8fef8f7c2ffe85b
BUY,0.997,1.003,1767135595,No,0xd32774df3e4e4c869901438f3798b75147f96cb3916832f0002936c178399176
BUY,0.997,1.384,1767135483,No,0x7f13574a40feb219509e17fed79de0191980bbcbd2a0fa90ea6cb450e6953fe5
BUY,0.996999999109792,1.123333,1767135447,No,0x23bb04e07225a347f0c21fd72d55dfd20f948112f6221b1b68dd5dd6e44e84e9
SELL,0.995,20,1767135379,No,0xffbb8069c4313a0fb1da5d1962d88220bf04ab406351d04faa67edb0b1a06113
BUY,0.9969999993217272,1.474333,1767135243,No,0x741ae236472362a4c0373f4fb8a8588d1d83cdd4451a3ba62f642c2ab9c5663d
BUY,0.9969999993308051,1.494333,1767135087,No,0x33a826df016829a3366fa25c1e1fe9dc19e7b0d4c686776346330f916e85b9f8
SELL,0.9954012240734444,117.64,1767135063,No,0x36ef797a82fe2d0cc38ab0268db9d3d79b3482cdd9274b0a50cabb8d1ef1ef96
SELL,0.996,30.8,1767135001,No,0xd4f48331258d5c646d118c0d14e55ce976239dada2f3600133d483262b5c909e
BUY,0.997,1.374,1767134915,No,0x9f211353f96d4b530cf1ac6685960c10818f56feece32692ba66ac5465af502b
BUY,0.997,1.374,1767134809,No,0x0c4d05e5bcd64128c47404e1bc2dc81ae6439453c6f88509344dfef8ffd6edfb
BUY,0.9969999998067757,5.175333,1767134741,No,0xc755bf385215a4674901caf6f19b51306d65556ea9557fffce13a32f8ef4b9ce
SELL,0.996,20,1767134731,No,0x9ed37185e68392911ebf3ba5499c491650f0e2109c1e3f93641b66e1ea06fce0
BUY,0.997,26.078,1767134579,No,0x315a7a43a819391ab9c129d87c0f94608d61080f42f25dfdafe4610cdd6f1b02
BUY,0.9969999987379043,1.584666,1767134573,No,0x40049b04a1c81f1ffc98b99e75060d6446e595047cc62b82f7030811a40fe835
BUY,0.997,1.354,1767134493,No,0x0aa18ba17d5ba0fbdb1724ee1e69110f999e3bdad3cdd7f19c1e064d6918fb65
BUY,0.9969999987912969,1.654666,1767134327,No,0x734c99e3d37537e739ce0383318dd98d578fa4b1b18f87ac70b5aca4f799ab4b
BUY,0.997,1.033,1767134253,No,0x0b460204d9f7aa275dfb20f1d1957ba4452378487662d54f7e955f3f3a014406
BUY,0.997,1.364,1767134203,No,0xbe1bff1967d2067bb42cc5f11c9b4e7cce4c6d4771562c871a153f8d01f26595
BUY,0.997,1.384,1767134191,No,0xbe6ca9c817618962cd111e8f8ccc48118c53e8a8dfed496111f6ba49e5130b6d
BUY,0.9969999991689749,1.203333,1767134177,No,0x1fea276e2824f0aad369d3352256c686fd6526a02b4d314257ff9ae2a6e96b8d
BUY,0.9969999993308051,1.494333,1767134145,No,0x16e0fc9f5f9f9337ecf28d21cc1f2a921c476bff5cee03c44d4607dcbd00d3ee
BUY,0.9969999993566372,1.554333,1767134045,No,0x3cefe5b0afcaf837d31fd1c90168b4a295f9d9f46a84f22af8a6a8d400ad9380
BUY,0.9969999984540059,1.293666,1767133889,No,0x0eef4a7fcc3b77948460ab48c4c2a8a5ede464273a0e0ad7879334e28e3427c3
SELL,0.996,100,1767133865,No,0xe16c36d790bd72e9b50eb80e2e16993c448c01db66e374ee44410dd2cf8e4a2f
BUY,0.997,1.725,1767133827,No,0x3d5c37b9ac26895d58d3daba7cffca7b1d9ae5cf938b3a321a70747b921e3501
BUY,0.997,1.404,1767133769,No,0x69785de00d83725a203f6f3ba5a5cf1265dc2b98573ad73833b65c53e024315e
BUY,0.997,1.384,1767133745,No,0x95cb9d8651417e7c51e79194dfd3ef77808162d9e639155b760918012ff57302
BUY,0.997,1.043,1767133667,No,0xd14b1a8f15de1f1b804d038c2cc7049c455e90792f8a4d1384e13ba868b75054
BUY,0.9969999994398804,1.785333,1767133499,No,0x399455021ee9ceb0bbdb8ebdbeac22533aeef3757aaf7db99a94af1940c79a7a
BUY,0.9969999993524713,1.544333,1767133495,No,0xe7ac14bd81b83d0491be95916f5eaaf2fa24c566ebc166d92d8aef8e53d1f2e8
BUY,0.9969999999291902,28.244666,1767133471,No,0x44a2eb605a7ad386fa1232d8374dc3ee1cd6167bcb5a32bea25645204fed5d02
BUY,0.9969999984173034,1.263666,1767133445,No,0x13a473416d05ea0997bbdad9a30adadd45cf72cc76da7ac90671946486e10ec3
BUY,0.996999998477543,1.313666,1767133313,No,0xa494b2d489e1d593d62c1008a7222832ba481646ecbd258ae1ec74b7a9ffb4b9
BUY,0.9969999999229515,25.957666,1767133285,No,0xe03a8def6923072d1b51c462c59fca5b339e12d213cf6a3994734bd7b9f8ea15
SELL,0.995,1700.02,1767133235,No,0x93989405ced82ce628cc6bfe4b5fe13e4faa72a22e2a6f9877fef2b30da397d5
BUY,0.997,1.414,1767133195,No,0x642e3d8b44c7f70c479092154c3d5df5d74ebd523c5ad38cb4a3f66f7a6fc0d5
BUY,0.9969999989613982,1.925666,1767133111,No,0x3ab879146f8ed52dd11acc32f503084ad6efe27002c2291d4456359f37116d45
BUY,0.9969999991549293,1.183333,1767133075,No,0x7fda244641663e5f4f3e42119aaa294b6be24cbab74b479b7fd57f75a361cbcf
BUY,0.997,1.364,1767132947,No,0x32a3e5507899d6cac24c38add3278fcced8ac7dc33d2ad7adc10e5a191982608
BUY,0.9969999991253642,1.143333,1767132831,No,0x317dd10815ca0f6592bc71fe4900c9d993de37180c8416d33609783997b61f71
BUY,0.9969999991176468,1.133333,1767132801,No,0x810cba8ec44aa088d56b672c9334806788ccb5a67056f75a511f107f89480412
BUY,0.997,2.036,1767132781,No,0x8f24f0bb3b3dfc7cbe99622a618d4ddce7c5c8601f43430f302d71e4204741d9
BUY,0.9969999989449618,1.895666,1767132681,No,0xa42656bba1027981fc4dc92eed6da13bd8d7eb2ba958e21e035e1d56b1c38bc2
SELL,0.995,40,1767132599,No,0x46a3feb14099660c71c40095793784988fdb7653982180e5350b99f72dac2d77
BUY,0.997,1.053,1767132547,No,0xd45884542b450f127f2fa87d6c8a5450c706d904ee76a412d61f30e4dcf9e086
BUY,0.9969999994491369,1.815333,1767132501,No,0x4babc28b3b0814b9bbebaf6c122e86f55dcad8a803e4d2cbc94a35902a81e385
BUY,0.9969999999750812,40.130333,1767132399,No,0x9393ab35ba7512f08703e1004958077243957a943af1776175adf51797570b7b
BUY,0.997,1.404,1767132395,No,0x8071bca3ad1200f3c5a8b16ab46717ea2bc2cfdc8f5eba578a78faa4a8342724
BUY,0.005,100000,1767132395,Yes,0x0de273646d5a861bb5e74b3dccf9a483d093d10d830b76ee719aa09fd166ed6d
BUY,0.997,12.036,1767132353,No,0x29e8381a52cc6dd3cc0917a48b100b1577bb79cbbb600f00bcd5a7768bfd4162
BUY,0.9969999994580924,1.845333,1767132329,No,0x40ac3ed20196edba68a319b45b298260ac0dca2775132552b744c16e1debc94f
BUY,0.9969999987379043,1.584666,1767132313,No,0x160d8aba068c20808b302c64a0327f65795ff12c1422a71724521cca3fd6f91b
BUY,0.9969999994610133,1.855333,1767132297,No,0xbcb08e9b712b159e13ecc39ab4eaa54e3d1ddc6c6e1f600cbbf32b7afe19a255
BUY,0.997,1.344,1767132161,No,0xf0bf5e1e8c3d2a9c3ab81bac6e1b6297cc701c143885479000bdcac9fe9429bf
SELL,0.995,1.59,1767132141,No,0x6e3bf7d2b72b7f7b2cb7ad66afd0d5867de8bfc9f72d1e876d0fdffe3baea8d6
BUY,0.997,25.677,1767132125,No,0x3a1dfbcb30e14099f08fe3eab7fc103099f3418caff518c0f6678c13a9ef981d
BUY,0.9969999993217272,1.474333,1767132037,No,0xe71b605c85ad8f585c0d9ed3571c285ec85f9f510850febc5faac17f6a422df8
SELL,0.995,11,1767132017,No,0x3bde91373446825de47174ac05971cb7a7aee2d1ebf8cb9bafaead8bad0920e5
SELL,0.995,1.04,1767131993,No,0xe0586b74cb70ea7ac1bb2bd780cb0eea87a8915b1c8f6fef780de382a89e6edc
BUY,0.997,9.027,1767131987,No,0xf94c839b91929ccf497e53a7c00153742375e8d79b9cac7d383f060d164f5dc5
BUY,0.997,1.725,1767131925,No,0xedf863795bef0e7f551aeb8382a1cd8a58abdffc943931e3ecc30cf809321246
SELL,0.995,1624.99,1767131849,No,0x42e29ce76cf0b60d3f9df68da2f0e62a5a82c4b8ec94520d2c2ba30dd947e219
BUY,0.997,14.042,1767131811,No,0xaa5e1666d581461295511451de65ec59f5e5d382f013f8c19589164845b9d927
BUY,0.996999999162011,1.193333,1767131783,No,0x45c26ef1eafe16d255bc5f47e5b04aad9224e63d6ceace3817ac045582e478c3
BUY,0.9969999999687068,63.911666,1767131755,No,0xa15ddd644125ca8c01497df99a63449cc3552b1c0251de511255842a7ae8c8ce
SELL,0.003,4.34,1767131705,Yes,0x0b1c67e0d29724ae5e28656b87b2240910a118e7fbc43b00ae92626a6e5bd233
BUY,0.9969999998535942,6.830333,1767131705,No,0x167bb4896d57bcb2896529173601d4f9f74c39503b1beb164f337289e4762682
BUY,0.9969999993123996,1.454333,1767131673,No,0x0039805150b86f2c2aa6a1a07f317b9eacd3abbc1e974f6c96f0de0458d53bbc
BUY,0.997,1.374,1767131601,No,0x911b72d583aacf60a9f2fc872f1d3b76f623a6d51ded28b279e0ecf91bc9c265
SELL,0.995,11,1767131595,No,0xe28efefa1c8b972fb53411432c05cfad7b5cab39a317159adf79829005c88e4f
BUY,0.9969999998368235,6.128333,1767131533,No,0x7fee8200ea4a648aadf93d4ea8205b6e0dc71e01db061d675c5e52e67dfc7dce
BUY,0.996,3584.37,1767131511,No,0x29a11c27d4d8d8a8848fc0fea36a25626ff717a2404d8fb3e5f4cdff93022871
BUY,0.996,8000,1767131499,No,0xcc9d0f201b89247df98ceab435c4162b72e2324f08394e6ad4f211348ef0c205
BUY,0.9959999637455941,10.040159,1767131419,No,0x05f60bb5f5f669648e4f4614dc9e2498e0c039ae61fa5a71cd1a176c41ae05e7
BUY,0.9959999208891266,7.028111,1767131301,No,0xfa6fbed829ee4bdd0c23bc69edf6e67548ae55c40e466d24150e2babf34ed5db
BUY,0.9959995467736865,1.094376,1767131297,No,0xee98b993f8f0858377ef50bf1d2df0f316c19a8a1ce4ea32239d65de7c379dd3
BUY,0.9959996957668125,1.104416,1767131237,No,0xf9fbcb8a3625ec710e2e91da293731abc413a5c82c84e894226bff1211d1bb6b
BUY,0.9959998438700838,1.485942,1767131213,No,0x268c9f9b0611546339703ab9a1e22749c745f79357d97abb2f54e7747d656c89
SELL,0.004,1178.88,1767131095,Yes,0x40bdd65c78d3950dd5a43610d4a9f172c122c84d301745c84dc63988b521a591
BUY,0.9959992637561662,1.255019,1767131077,No,0x7a3ee2a4c21279c19bf11b304a78b69a22426a2bd3a7cf3c1e690a9c872af85b
BUY,0.9959996781285538,1.777107,1767130929,No,0xee71e24b64acac147f7da9d3987e5877653597e0f55deb59e88ce674bdce90ac
BUY,0.9959999208891266,7.028111,1767130897,No,0xa8f55da1d6b94ff3ca69cf6ae5eca3a4e7b3f89ec1e7d9d738e08571cafb171e
BUY,0.9959997093431154,1.596384,1767130877,No,0xbc3260757eeb6ebbaa5a0b0ff67e0207914c9ac5ba2ab4536495f2fc84a787d2
BUY,0.9959999109166675,1.616464,1767130803,No,0xdd025d45e8a13a9b2a20d404fc61eb57e8282efa38d7293c8766802f5f3f3d36
BUY,0.996,7133.53,1767130765,No,0x6e211dfb2ff96413f53850fff6a65f83f1c7e2f9386112564f310bbee207ee35
BUY,0.9959998195279294,1.174697,1767130595,No,0x6e363d9c23ecaa4da978437b622efbaad138556d9c7f8408f1a67bf330b58622
BUY,0.9959998420754161,1.114456,1767130573,No,0xd10bc674518ac889885252b0f9aabd68c6f81cb4f3c1558d3b3443841de1a8a5
BUY,0.9959997343997095,1.475902,1767130403,No,0x42878fc899243283e7c47e8a8f5e581fd4c0f365426e8d6c9330bf6fabded227
SELL,0.004,1927.14,1767130331,Yes,0x1ade20da8a72160a668f6b720810af6680828591e54b31542b71da32d6df4bda
BUY,0.9959997639108173,1.35542,1767130133,No,0xc1d729bcb0d6e4bbec64796921e1f133bcb3494417948f9dadf1f48b079f4bee
BUY,0.9959998137479417,4.016063,1767130041,No,0x2a1ce67be25ac9f9b473cc0f812fda3e8decadcbf82f93072d2ccdfb63da242e
BUY,0.9959995551838009,1.034135,1767129915,No,0xb1222bad456077af598f990023551e1798135aeee3bab6fdcbe42a7257996558
BUY,0.9959993972918997,1.566264,1767129707,No,0x25ce608ab47132984396e5575dbfa37cabbd1bede01532e73dde41d39bb0f931
BUY,0.996,31.96,1767129677,No,0x6cafe60a89ffecae9ec11a6e9efff271b39843e579afe2de67936d0171049912
BUY,0.9959995392411509,1.154617,1767129589,No,0x68dad5460c72e20b97e98adba958a9dd2bcbe7152cbfd4c738f709bd0b8cbd98
BUY,0.9959999985006207,616.255019,1767129527,No,0x89e262dd384828255f31663752712de2fbb8c2d7844c5d397a91f1b839a0091c
BUY,0.9959993950214694,1.084336,1767129291,No,0xae5b3ee2f4a095036b59d12d9a7c060562907c7bb3e2cde908df0ee3861571aa
BUY,0.9959996147049053,1.526103,1767129217,No,0x822c42f1364c0d4e8e0fd273abf2bf6c28a5e39278c837d5dcf51f924af176ac
SELL,0.004,62.5,1767129205,Yes,0x44b8c51898f4f40cf34a6117b2a0c220979fde50a1ad4d4b2596c132851419ad
BUY,0.9959995263112903,1.275099,1767129077,No,0x60575068b536be1f225bfed253953f306f9f8da23f6797c3673077798cbf9d80
BUY,0.9959997639108173,1.35542,1767129037,No,0x12b1dc0c14a081132a655784040f1f8bbf7b7d88014826a4e352bc9ba1437fd8
BUY,0.9959995026340097,1.576304,1767128967,No,0xda8d1f12b46f5e800df8e2c861f443926cbdcf6aff258cece7033e79c03de2cb
BUY,0.9959996690882729,1.837348,1767128785,No,0x0aaf0c1530f2d55aa5a7027739992a98087f36638d211cdfa4cc60d556451f23
BUY,0.9959997213801058,1.536143,1767128755,No,0xe77468c7f4c190db5c417c9580084e4662bb0e5838a8bcf96ac059f34376ab69
BUY,0.995999396625578,1.385541,1767128625,No,0x69d57b05ff5f59b23e7f93dad02027581fe3ec53efcecf0b60609c479d1dae11
BUY,0.9959990637590076,1.004015,1767128227,No,0xb58bfcb100fe5f3e6f2b945d41208f81ae5babd50ab5fc10df93a43809182660
BUY,0.995999946879995,13.704818,1767127987,No,0xf1b85650f696dfe5cf6397400b65b77756bf724554f6c1a0400f2811d6bfae62
BUY,0.9959995551838009,1.034135,1767127945,No,0x6bf471d63d03dfbbc74406d9aafd091afe64b5e47588ad6072f9cf62844efe2d
SELL,0.995,5,1767127859,No,0x9aba5426c08bb4ec960d2a3d6059ef2af46de8253d0c455cdc7743091d7b52fe
SELL,0.995,1.2,1767127833,No,0x1ae1c8e37b15a5a343f9043e0b9e79306125de7587b904077289436e23cdea51
BUY,0.996,91.69,1767127793,No,0x1cf191e672f53c258fcc997d9d3afaca96dad73b2d8868a5a9283af1356f6c61
BUY,0.9959999961784164,8.373492,1767127737,No,0x65e5c50ca73ecddfe13553fdac5a1a24eb7c1eafd6a075cea29416539ced4766
BUY,0.9959998472962629,4.086344,1767127681,No,0x99334eda94dc1dcf1307828c58b19df3d9ee5040ab8552c3696b22b4391ede6c
BUY,0.9959996957668125,1.104416,1767127551,No,0x20fdff3a608f4d15ed3fd1aab2928336006e6df35fa033a0a31aa95a92234325
BUY,0.9959995392411509,1.154617,1767127491,No,0xec7b60b9f83127fb02dac0e9352a7c579059152167c3bfd06479669c6fa3af2d
BUY,0.005,200,1767127441,Yes,0x27520b2a22a8882217f0ede360fac0dcb4842ad99588586fad7c14a8ee7d5891
BUY,0.9959998970799764,6.024095,1767127257,No,0xeea7a051e077597b08852264dd188a027f79325c05dde56e6618c6b561ac2cb4
BUY,0.9959999975432,120.481926,1767127197,No,0xc869ce1085c8e4e6edcb01b51858f805ac5cc05a4c91267a281e4e662b1eac1d
BUY,0.996,70.26,1767127169,No,0x1b1c57886c45f44c14ca1600b2b851d777ca5428063fe0b7d01153aaa86ed60c
BUY,0.995999532455645,1.214858,1767127143,No,0xfac86cd6c2b1a54d08fd72a673cf67b2c2f923c7001173d9018ea42caedf6ade
BUY,0.9959993954098326,1.144577,1767127097,No,0x612d5e8eb1ca60607b4fe851fee454ccf4aa74670a0cde301664a16a078fbd1d
BUY,0.996,27500,1767127077,No,0x7c4903e632cd94190d303e5fa08f9741d25f7674844bd57a7518004014d0bb5f
BUY,0.9959996147049053,1.526103,1767126989,No,0xb2ceb6ab85e9bf3d58f0195de89b33b4c37ef5874366921b18c2a1a158228799
BUY,0.9959995687420101,1.94779,1767126917,No,0xd46725562fb31bb8cf31d27aef1174415f6d696bc1ab68171d93f5275b103dd0
SELL,0.995,1339.95,1767126911,No,0x0f468111eb70ccbe3f25b5ffc6bb516aa63dabea8b63b639cbd7519b1b40b9af
BUY,0.995999904996786,1.305219,1767126789,No,0x0696d28a3bef2fda72f6fdfff45f7abc754f5331e4801a52a5516479d203f8ec
BUY,0.9959995687420101,1.94779,1767126777,No,0x9c0901e35f0c3940b438f08b394fa10dfca3de0253afb8c6da28e3c1a7b1ae65
BUY,0.9959998107597994,1.606424,1767126747,No,0x9eb6441cc1dfe08819c8caa614196fc4353c8cae197c91add1f49834913c2bb3
BUY,0.9959993950214694,1.084336,1767126715,No,0x613b60a032e88872b92df84e6b8342d3e315a8a436b3f1cf20616eac15ff0a67
BUY,0.9959999208891266,7.028111,1767126703,No,0xe2c76de2b169f3dd02b1f6058937cbfdd440a328d2981a1da99782ddee3dbbac
BUY,0.9959997807252897,1.295179,1767126685,No,0x5c6df3e4f92c2c6aae109d70d3ee5aa652a815bd9ebbd59b0972c791f4aef487
BUY,0.9959994893433439,1.817268,1767126677,No,0xdb4d480a038bf594873be35be60b78c198ac73dde43a94c227ff99df3843880e
BUY,0.9959995156139271,1.395581,1767126353,No,0xd97a06872d2ba0f93ff04360427b2fd7f5ed236bc87624f2dc4efe210e0a4d0f
BUY,0.9959993960755981,1.265059,1767126353,No,0x69732702e1e9b31cf1432d78f9b50b8fa19c3fe2c9d4042d8c0be2a25df1b136
BUY,0.9959996329024681,1.405621,1767126271,No,0xbd43f67ee1398769c966f7579b5ff8ec08dbeec01ce8f6f282c64713fb3aae0b
SELL,0.995,9.02,1767126111,No,0x00a4b70ccf07a6ee5256c27b976889b467c8ca7457f8625a394dc35836462fd2
SELL,0.995,5.05,1767126111,No,0xec93dc20f9ec50b0c5e75630ac70f88067c643e594df26e39acf33f2ac28ead3
BUY,0.9959997126918381,1.044175,1767126109,No,0x4424b02ecbe302708ab266b80341bdc1d5d41bdd45235c1fc8bcc2e66b1b4079
SELL,0.004,833.33,1767126089,Yes,0x72d221bba80d870b18488e81d591a0e8e34e9d5f4dbf3a021ca5f231e573a1d2
SELL,0.995,0.2,1767126067,No,0x31b4ca386ba53acf1b85f4c9d613027d128e3c501ea7d17d34a21163b8b39620
SELL,0.995,0.11,1767126067,No,0x170d45af633058c8a48f15c0d8c2792a4bf1a656cb2f3b86948ab2de315fd46f
SELL,0.995,0.11,1767126047,No,0xe4452a584456e65693ee66389c22f7757842fe0ab03a8a6e2f737aa233a66a9e
SELL,0.995,0.2,1767126045,No,0x21fe79f5ab4f5376cff55061da6ca033a03fd8300f8aa05dd4d34633b9bef1e4
BUY,0.9959995687420101,1.94779,1767126041,No,0xc8782d5f38a461e9e58d885a0f3e25a1ce50b11b99a44f7afea80c3b7ecaddf3
BUY,0.9959993968661942,1.445782,1767126025,No,0x5270145a421f999feeb3e0fbc27629ac91c3c646dbef4a063db72d50d41f6bff
SELL,0.995,0.2,1767126005,No,0xddd6793073e548ad73fbd44a181947abd84e59b1a972958e2a0918c2e71c31ad
SELL,0.995,0.11,1767126005,No,0x7e576a3de6e64db4aa7af00b802be5eb9380f5e183321df990b111b3ee0baae2
BUY,0.9959996329024681,1.405621,1767125977,No,0xd3a77069e327ded5b1d7461e08d574f86cddd97e876bfc80c18ac9ce2a6b0960
SELL,0.995,123.45,1767125687,No,0x576f0b28364a7bd363c8c9c7d50ee80b59b3958792928960f18fc42d5fb21f19
SELL,0.995,0.2,1767125675,No,0xfc6e7722cd3c55e6425c143b64e4d5b408e5c663df057a4177d17278c1624f3e
BUY,0.9959999561084021,1.184737,1767125675,No,0xb40dd0cdd02ae23e40829988b95467350c8d520f695cbd1680978a086ac6d882
SELL,0.995,0.11,1767125675,No,0xc18a5aa7997408493190b09f08d5c04816bc3bdbf4ef02b9e77edcb7961b0735
BUY,0.9959998449468835,1.857428,1767125627,No,0x4f70ecd03a8c83e74b40e092b32f57d443ab1af938c7f02971f1be8786e45bd0
SELL,0.995,0.84,1767125607,No,0xc587cd55428b657be0b909254c5755d3ef43373c6c0bdfc4d90c1dc909578d1f
SELL,0.995,0.47,1767125605,No,0x99f01781ef91812cf9f006de74e40a2dbbef569b039eafe88113a5bbc2194114
BUY,0.9959999416463557,9.528111,1767125579,No,0x4b17441ffae99f1ecec62b2d5a3e3a8ce99e6568b6a9db1420185f9cdee34a19
SELL,0.995,0.35,1767125529,No,0x3f615de0927f2c7fcabdd22c8d629c40b3d672fbed8fa9216992dca3b1d72001
SELL,0.995,0.63,1767125523,No,0x25d425f4b7e8953affce31b7cf189be43868a4b322a9db4010699b3665cf14de
SELL,0.995,0.11,1767125475,No,0xc5fec2e6148d32ee8b6c87d338aa5ed533f9b7f78836f38c7e3bad3f12e0e7c5
BUY,0.99599996985969,7.299195,1767125471,No,0xa4fa75b19e354566931b5f3a852d4bbf08e0bdb109c92d26dc64db9a80a1ff8c
SELL,0.995,0.21,1767125469,No,0x03b0134ca9fe8ea9821c3d9e1b580f91e767450a89e375b4f31e74d1b7f07985
SELL,0.995,0.11,1767125461,No,0x669e12241bf0afcdf406a1f062e94c9e86026298d2f65933f65c61d1b1b743a2
SELL,0.995,0.21,1767125455,No,0x7072857d6aa9563db6257e59aeb89e40feca79c21014c99d926777be93dde09d
BUY,0.9959998195279294,1.174697,1767125453,No,0xe338e0d28bb7623fea8b79950899d37d8d7f18382edcc8dde9a16866d59f13b6
BUY,0.9959997126918381,1.044175,1767125453,No,0x0b424a51ea5ea3d704a90b1f6420c39a252d12fe060c80ac4b1eb712196674b4
SELL,0.995,0.23,1767125399,No,0xb70a537d2023e75faac9b93583e2b10191320507a8bb206adc3a742f27895ce8
SELL,0.995,0.42,1767125399,No,0x8771eec3db6e66bafd01db3a0b3290742b80c4568befacb242455f9b35eef105
BUY,0.9959996432234759,1.34538,1767125329,No,0x651b3ba73f009387f7ba3c96fcf1f0cd4faa7c79b5f6a8390c4afe241e53188b
SELL,0.995,0.11,1767125303,No,0xa123b8d20afe01c2777493cbf720bd7d46587e551aa1be0ebb27bc0595180c51
SELL,0.995,0.21,1767125301,No,0x9ad3fc84d985b0b8d36a9db7a45c200df90b0ecadec654f0ec9576f667e39d2a
BUY,0.9959997639108173,1.35542,1767125283,No,0x44551480ef3db33e5a9608e7a54915f2c9ddf8fbaddcfa407901d234a3718a81
SELL,0.995,0.01,1767125237,No,0x719928389d034d6ad50e939286cf8fb3439b94018fcfe59f0eae4a3ca2ff1f70
SELL,0.995,0.01,1767125233,No,0x474462526065649c1edc41c8fb668e08de95cd131ef2aa97ba734a9f5e7729cb
BUY,0.9959998970799764,6.024095,1767125225,No,0xc439ac965ba19033251b282ac91d0d36dfa6d63079d098d9b60df5b2a4e6d323
BUY,0.9959996981815438,1.656625,1767125223,No,0xbc827b000eb852b3ba87b2205a7fe1ebaa27986db6924633eae94483c95fbe05
SELL,0.995,24.99,1767125155,No,0x03b42526908cc0329dd6b013dda8476c496a0416f6a5346dfffd1ad28cd83472
SELL,0.995,100,1767125077,No,0x0f0172d57a60a9b9e210311376280f651e199e0ded49236cd65480c43b75c7cd
SELL,0.995,0.42,1767125011,No,0xab62fc946553f665f5d84bd5f2e07b290b203cd33ab143200b0f5f17ae5373d2
SELL,0.995,0.23,1767125011,No,0xd4b03bdd72cab2fd1a09aea9c02ebfb8b08605e38ec22d769e89da424bbe2495
SELL,0.995,0.01,1767125003,No,0x398894570546ecbfe80cef98b7e44b666f49dfcb9f79a3dc73816bc49f9ecd4d
BUY,0.9959998137479417,4.016063,1767124991,No,0x663e6c07d6bdf501b7746c753f48a015d1140bbe472d55dcd0f15544ecd8d750
SELL,0.995,0.21,1767124755,No,0x0840a20ecbfc4c7269e7522236c10fa77f7b61e02fa3f54a87e72772f60fabb9
SELL,0.995,0.11,1767124753,No,0x4e8ec827c124813a3a727f1708b77df1b7a0d6b6b0455bc6dcf7057bc2fba390
SELL,0.995,0.01,1767124741,No,0xc22ef02b09d6be8581f8f61bf5cf1952b5a62481ba6fdee87d069c854ded8598
BUY,0.9959996432234759,1.34538,1767124729,No,0xe8a6483311f5e6e446ad8ace22460bac8943d5e4085b3e01084faa15a86b627a
SELL,0.995,0.23,1767124651,No,0x915d906af948c09e484b22222954ca0e1e124a2026cf9d7fc53b01978698fe7b
SELL,0.995,0.42,1767124651,No,0xd3ae2bb89af33fe55181cda0eda00d3e956e3323ce37f428fac64585f763544d
SELL,0.995,0.01,1767124633,No,0x52f864effdd9f52db9119e4ce78f6a4994790bd5fc9f7703ef44cac2c0d393a2
BUY,0.9959998637471641,5.020079,1767124623,No,0x3748dff4ac1320eb25f41f6deb85b62a4d3bf19355f8f34dbe6c47b9a4402143
SELL,0.995,3.58,1767124579,No,0x1afa6e2efd6980d9d9a117c1c0ddcd15387a180391c906669a800874c538c7e6
SELL,0.995,2,1767124577,No,0x582d04211273be97f91d70de391ec1b9b7c65b8c16d6c1cd2262e04669cc01e2
SELL,0.995,0.02,1767124569,No,0xfa69931ab0cda2b6aa2e10d55cf80d3b18803469abb7efcd0d9c7d2df2f1fb9f
BUY,0.9959999926959997,42.168673,1767124557,No,0xdd64fa3adcecb7d7a8fc4931bca9a1ef5d2bb862591eede3a6b9ebd27029b19f
SELL,0.995,0.02,1767124407,No,0x4148960226c06bee55be57587fd146d61719760cbe497e44f89877ae5fc4be1a
BUY,0.9959995467736865,1.094376,1767124389,No,0x7e874439e34c414ebe8117cf6319e2d807229518b871229bc3855720ebfcf942
SELL,0.995,0.03,1767124213,No,0x0ec39c8f7e26ed4d207312ad59d189d6140a4ea6e98aaf42c3de335c1d7bfdb6
BUY,0.9959996805926552,1.164657,1767124201,No,0x201fe96f8f7789b742bd762226ab5ed2a53e08ada969b249b60235246de79f12
SELL,0.994,0.04,1767124089,No,0xf213b5008824e153837d27a09186ca45f15cd2157e0faf8619889dac3bda03bd
BUY,0.9959993950214694,1.084336,1767124079,No,0xe87b2190ad283d71714e22fda49bfebd443d41581a32a4dceedf8a7af50b10b0
SELL,0.994,0.05,1767124023,No,0x17e79f9999e645d04d0879d81d16da14d49d293a53865a25277c8773909dd411
BUY,0.9959996805926552,1.164657,1767124011,No,0xf6fa5e7b3cb8f874a23f2060d001c0ec5a591966d55c62ec24a30205549cf575
SELL,0.994,0.11,1767123907,No,0x358f3787b639f309e4e8e598ad794cd17da373d0e196bfeb694da01281b7f2b1
SELL,0.994,0.21,1767123905,No,0xb01d388c5c0ffddb58237e18ecacd5265d5451a766df98dd43e83d787d67d506
SELL,0.994,0.06,1767123895,No,0xc093a9f777314d714e70c8982f840a60e108a24abbb95c82409be3d6f2d00c29
BUY,0.9959997485273664,1.415661,1767123885,No,0xeda5342ae0b175b14cce8839c73eff1ab4a1b6751a7e915e0baa4db161872e93
SELL,0.994,0.11,1767123791,No,0x850508ff9ce88fe12c591bbd0a88da3cb154af1e8e207e30338edd2a74a6185f
SELL,0.994,0.21,1767123791,No,0x5a65aab8dae6f33e999075479577569ccfc15436efa8f38c6fe8ce34ea4e37a5
SELL,0.994,0.07,1767123775,No,0xf0bfe412cf70156eed3625ffe8f87256b92901812a7d9bba1bc1a577c82df0ac
BUY,0.9959997574954477,1.847388,1767123763,No,0xdad2fb51b53bbd45ec36b29c6e2c11a3c4719e73ac54040a12f5aadd10c93b52
SELL,0.994,0.21,1767123585,No,0x64e8b6c20506789c987a49ca9fa3c8fef1655f49cbc1e6d89d7cdc70d402555d
SELL,0.994,0.11,1767123585,No,0xe6d05dabc04cc663c90646f17c3fe347129fe54fdc16931abbc234b276e5fbc1
SELL,0.994,0.09,1767123573,No,0xc708a1c175436e633d22cacf1cbbf629c279e17c393bf78ccda14461f1ab22c6
BUY,0.9959994989444225,1.636545,1767123561,No,0x61349959bc96510d8c76821d7506afcc5174308346f85e3aa12fa767774d286d
SELL,0.994,0.11,1767123521,No,0x929c476abd749fcf908721a6b1f2cf58a5b1589aa14023aaab48f66af20e2d36
SELL,0.994,0.11,1767123511,No,0x9fba965678ca53a95f848976794b6ab924d37ae6daf506370a02835fc1790ba5
SELL,0.994,0.21,1767123511,No,0x4c075db74944203c748206fc7d4f6fcbd682fb3884d765d624e8ab68db7e8609
BUY,0.995999532455645,1.214858,1767123509,No,0x107c63adb0255c61150b4ead843ca79716475840f8adcf9af4439eab59049c85
SELL,0.994,0.19,1767123491,No,0xf16e3255dd7beda7eddf2768e0c47db50ed7586f80f7d4f84c87e055c0725cb6
SELL,0.994,0.19,1767123491,No,0xa1bab87aa6f18ca81a19529109ede06550b14390396f2f38aba38eca316c327e
BUY,0.9959995207213144,1.33534,1767123481,No,0x44ca923ed6fb4ede6133f9776f90252bbde42531168abbbfac9554d939edad25
BUY,0.9959996669110408,1.224898,1767123479,No,0xad8cdee8ff0b6d05a03eb7edc0b212f79ac770c29842ced99e53afc0723dd350
SELL,0.994,6.16,1767123309,No,0x314c9eccb2060e7434b87b92e99a71f63b4a2fc4d63f8517520c171aeaefff1b
SELL,0.994,0.11,1767123193,No,0x3be51aa3c1b14c4e1910084edb3eb735252ddcbb76d32bb76efb4c9ceb10f88d
SELL,0.994,0.21,1767123193,No,0xf9a6a74545dcade17ebe3227021bc55b802b07baad69bf41c9ca11cb433ab47d
SELL,0.994,0.23,1767123177,No,0x9651889ea732ecc6fc13cd1f2f37ee53ea2ed3161634cbade2643fe9916d3680
BUY,0.9959993963630877,1.3253,1767123165,No,0x282983bc4566e08f45537a5db5c2dcbb7560fcccda787a79e04f9a3f925cbba1
BUY,0.006,100,1767123143,Yes,0x8eac5b3a1f5eef326a267f90218d6f46bca0e71cf07cebc1cfd1d947edace94c
SELL,0.994,0.11,1767123083,No,0x4cd64595c78b9261f0b69250fdf227e14db92c347eefe17fe907fa84037a831b
SELL,0.994,0.21,1767123083,No,0x63cc8c97ead2b62a853f7350fec79a244e0b0855456d772f5efbbd7c863c2bc2
SELL,0.994,0.29,1767123067,No,0x55fedca85e64841062c4942750aa9116913044f27a30e8a3fe272444207d9230
BUY,0.9959996329024681,1.405621,1767123043,No,0xb7dbe036bfc15592bd4f1ea6697d3dbf1bb5b803583ab3e97080cd3bc6b56bcc
SELL,0.994024990366158,2776.67,1767123027,No,0xac1e90bfa727c6402fa89e75b4dab90a970901d670bcb948ad981888ae9d6f55
SELL,0.995,0.37,1767122985,No,0x9098c3d38b1c444e205dea405fc069ed66bd31c904137dff71932cb6fcaac2cf
BUY,0.9959992490328654,1.134537,1767122969,No,0x9f9856f46d9a3ff4f4180a182f6c6175fbe41b348a30bcc15e778f9072219396
SELL,0.995,0.11,1767122935,No,0xb85007aa80e614abea711ca4981f67465bed1ae86730c085967f105dbbd8ee3d
SELL,0.995,0.21,1767122933,No,0xd35d85ea8b535a3a41a2981d57aa53ef349571dde703b5c65449762d58cb0d4a
SELL,0.995,0.46,1767122921,No,0x1f4104d082f770354b731e577e616efa72380610d350a8b389db4d2d9e253e79
BUY,0.9959992701062907,1.31526,1767122911,No,0x7b84988deba73827a711fe62c65f1b730729985268bc261002624ae42483c79b
SELL,0.995,0.11,1767122791,No,0x50d01f68cb911437ad61c227488853b2ac03b167b10f41769878ef714db6baa3
SELL,0.995,0.21,1767122789,No,0xe8b3e6751641a720c2fc15c3e3f588e50af16630b4a8af291a110b0900a88dd0
SELL,0.995,0.57,1767122775,No,0xbabf0c727a1344ef6d696761a9a5adbffc3f3e6c1c3ee404ecd0cf11a029df7a
BUY,0.9959995156139271,1.395581,1767122765,No,0x392a20a8bfe3b015cd7a0ac8d02fcafa148e99c7f521e51633a03e4f8590b22f
SELL,0.995,0.59,1767122737,No,0x6d1a121fc8541a3fc45afd579efd8b6e6dc1e42bf1c7d592df1a25f360d2834c
SELL,0.995,1.05,1767122737,No,0x910a81021ac7a8690263e6f25ff349b176af313199b584271c37e397929c46cc
SELL,0.995,0.72,1767122727,No,0x051ded5105a292edde60a440d9f4120bb2732caa0d3098569b7272f8bdb5eeae
BUY,0.9959999458713862,11.897589,1767122717,No,0xcbfda06b28eda95ff544da18265520f98eda360ccd838cd32bc981604d44b8e8
SELL,0.995,0.11,1767122695,No,0x0cb5b0eabc8eb3804ea17ed198e84b8f6f06ba599ecf9527ed98cd85c408b9d3
SELL,0.995,0.21,1767122693,No,0xada0f59d8acf90dd8d6e1690b2faeb240e58e24f1cf40dc643ebb8c8af7435c5
SELL,0.995,0.9,1767122683,No,0x6bf288ddd7d1ff5002169d2c861437691f6657d9bd415b3d019ce4340528e086
BUY,0.9959996432234759,1.34538,1767122671,No,0x8f139424215718c13311e2bcb55d090d78ffe506b9c9b7f0781aa15aa7e3bb79
SELL,0.994,0.21,1767122623,No,0xcfb88a64681db565a8c4302cab2c9133fc2f53e65fc424806a219606b18f5028
SELL,0.994,0.11,1767122621,No,0x7058a518e6e478df90c1f2a84ece66334e0b7f7beaeadda72d124d3183dd3f82
SELL,0.994,1.12,1767122611,No,0x169e005164e0b9d8d203afbf01a9a2083e937c3977f032e7cb3c74744a44cde3
BUY,0.9959997343997095,1.475902,1767122601,No,0x6aab45765e2069cf0056b3fd394bc32328aea402e4b55e50d16dd74258153185
SELL,0.994,1.4,1767122531,No,0x9e6f308a606b47f7f4c38300e286b6d3ee5427bd3ae4753eef671feaf015d2eb
BUY,0.9959998420754161,1.114456,1767122515,No,0xba1a637f74fe9abcdf63ef403379bc13bd8c1912d8984e1bfd790f1a1860707f
SELL,0.994,1.75,1767122489,No,0x231e1b7197547de739b92b4dafaa57518e0a4a76203a11fd2a840a12191aab90
BUY,0.9959990637590076,1.004015,1767122479,No,0xe3658d6b35778c27ec4779737f79b7d8d3f598862485026c14cc4631449c5fa1
SELL,0.994,0.21,1767122447,No,0x79dd7526d0e1b5d07e4c6fd3cc6fb7cf0d42425bf7f512c98ca56922f4a0cc30
SELL,0.994,0.11,1767122447,No,0x8250d64daee78f3e1dcc818a8834eeceb94783a75100096b29c65032853f9a49
SELL,0.994,2.19,1767122437,No,0x72d0a62aa9e5751af91239c259fbc505a2aa09d0eb29e65e0a84a8f22cc7f32e
SELL,0.994,23.37,1767122425,No,0x8cf9aa885eb6bad12236277174ca42b8437e4ae6b2931b46857cf3c2da9d829b
SELL,0.994,41.74,1767122425,No,0xc71e23613263559be16171319a00e8a4b25e92608aa60fbd92ba459f578aaca6
BUY,0.9959997668621041,2.710842,1767122417,No,0x3a4bc3223e6be912da0a4e7651dd0d611ae714487316be6890a0404590a29882
SELL,0.994,2.73,1767122405,No,0x36811199c4b3f179f16733dc96c443fb2f14a612230150f0a2d6899453ed2c59
BUY,0.995999998255008,502.008031,1767122395,No,0x4d8965a2690a7448401502e8aee06170f11da3c116ef13705353b26afa7d5855
SELL,0.994,0.21,1767122351,No,0x930934b9d025586700ab7331d5c9758d34d14b2c972b2a5dbc8ce8d463b9aea0
SELL,0.994,0.12,1767122351,No,0xbdfa77a048b06ff41197c1231cc46e299fa02782a9ca91a48aa67671a0b092e5
SELL,0.994,3.42,1767122341,No,0xf6ae5f83918889b861cd13930c19fa5d6bb688d695cb058d9b460e0fc3a85601
BUY,0.9959998756438024,1.736946,1767122329,No,0xcf338877d0ed71005b2789c86adab8b6077ff34041391e79d7e7f0c995e85fe5
SELL,0.994,4.27,1767122291,No,0xcf1bf1374d9e560bb6bffd8b2f5ba79652e41af125fe41c5edbe1f09913f22fc
BUY,0.9959998671997647,1.054215,1767122277,No,0xa6b4dfecf6d8264bbb68e98682e9d5a34576c3efc0088e5891ebbb049f2282b4
SELL,0.994,0.21,1767122261,No,0x7cc8784cd4b3727dc065e121365d3ddcf949186ac9bd473ebf89c4278ab19308
SELL,0.994,0.12,1767122261,No,0x6aa847b03ad9c98cca200db0c234d1c1be2dbd2c9c64198f0207559de91325fb
SELL,0.994,5.34,1767122247,No,0xe6d1c67ad5b7ec7739a0bac77cd4ceb5c5f63a74131f114481e94e3f74bf3964
BUY,0.9959997694649628,1.787147,1767122235,No,0x3f55d2fd1fcdf52011035e4dcd7405beaffda1a3bbdea1f3219d225341de02fd
SELL,0.994,0.12,1767122141,No,0x22032ddfa5ca8451545fcaf70e366682983028acbc45ac3bea82cf593b0b7b52
SELL,0.994,0.21,1767122141,No,0x72751acfa8ed81a9bd16b58f0d09831d8734b510d43108489e7c6f47b6da9053
SELL,0.994,6.68,1767122129,No,0x9d0558787fc6612b8a8e006c0c58e4227091ee01877624bbe8b545e7b5a7f961
BUY,0.995999862523769,1.425701,1767122115,No,0x20a7c54e253b85afa10a52333ab6dfa4e23b39ef6dc858b1ce804750745d012e
SELL,0.994,0.24,1767122037,No,0x29044897e50742816a26f006a81092a9a0cb89e858eb7c569f2de979c0206ed2
SELL,0.994,0.43,1767122037,No,0x6389ef46d2ee37b8893c1dd39564aae8e021b3159a989b358a9b9174d6d31dad
SELL,0.994,8.35,1767122023,No,0xd3758b883d29e7efe99ab6f379d25106d788bd000dd293f8e9fef82bdf18fb23
BUY,0.9959998970799764,6.024095,1767122013,No,0xbf677df6ca17efea087ba37028faee7425f89bfcb70a01e6ea84c29a27952936
SELL,0.994,0.48,1767121705,No,0x8fdd32199d2d65b584c6d152dd9ee599092e3e2bbb471708f8906548499030e2
BUY,0.9949997104709211,1.226129,1767121553,No,0xb7519d5c06781c8679f95e32b8e23ad9f211724e086f12b057990f496fd59141
BUY,0.9949995429938645,1.728642,1767121483,No,0x4b7926a195ab2bd389bfbed9fc024898e9abb05cccfc3ef6d84f3ee83b9b1910
SELL,0.994,0.21,1767121243,No,0x3ef46b084d5fcd74071c3217dcc8fe28e2a27b498a68f5d4d0d8bbf695432c3d
SELL,0.994,0.12,1767121243,No,0x498c26051f5b47c2ad27811ce6d7e6211f84366176a7d385566c400682b1d129
SELL,0.994,10.43,1767121199,No,0xc4806eb98f191a7d888407e5c3f09094cfbf26e187805e79fc09aee41f23f390
SELL,0.994,0.21,1767121193,No,0x45105650d19f901f6628b37bafb2c1d379881b6553d8e52a2279ab513c2d12d3
SELL,0.994,0.12,1767121193,No,0xd9052a188fa51a2ca23f9579bcdf6dd11d7d071569974840506c60b97d97239f
BUY,0.9959996545120801,1.285139,1767121189,No,0x5b0314815bced55330c62d568f2d69d9770dff7f55a4c6352004840eb484c2f6
SELL,0.994,13.04,1767121181,No,0x850507557cebdba9c3954c17621b23e577336e1806146fe8b832e8c5fc3ea59f
BUY,0.9959999109166675,1.616464,1767121171,No,0x23dee7f53462bbad2a069cb78072d56536fac9a7330e0edc4f60a95de05288c2
SELL,0.994,16.3,1767121161,No,0xa28cb85699c7b575d669d03284053d3de8cf4dccb86753c6cbfaafaef09385d6
SELL,0.994,20.38,1767121147,No,0xab9117d44254ff2edb23838bc0f6e84b35ff9c4c51b7d65bdce3d43a3ae6d250
BUY,0.995999396625578,1.385541,1767121147,No,0x0da42f785d9c204b25e6dd165425f0b6777ef2b70db1eb170c973ed854809bd4
BUY,0.9959992637561662,1.255019,1767121131,No,0xc6de8125b241d1742dfe409bb3f3e55b8fbf148c767c3001f5b9340c9e02dad3
SELL,0.994,33.96,1767121081,No,0x9b4b43b960c077e3a1c8808ba48c81118bb8338bc54891d3b8f6ea9d944073aa
SELL,0.994,33.96,1767121073,No,0x1d317241a0e03555d6fd4ce562ef778f0a51bb4b8655fac13484a40b46083e24
BUY,0.9959997126918381,1.044175,1767121071,No,0xee5a92ec0df3ca6444b5ec5c057234315248a560e01f6914332af3d801bb1985
BUY,0.9959999561084021,1.184737,1767121063,No,0x758a0c517f20ad46e2f3b2d65092cffdbe11e4819f52ff52041fb093115f0e3b
SELL,0.994,0.12,1767121041,No,0x0240b2846bd4d9079134f84f231b4ba8613fec96a17a606e310ebb54b9067296
SELL,0.994,0.21,1767121041,No,0x6278ac0d8c8610c1c7147a1f75c418c4de8bcecf8c5e260646711583d8c19123
SELL,0.994,56.6,1767121031,No,0x10495e6711a367ce8552af0c234f0476446c66028aa463f11df3485613c96efd
SELL,0.994,0.21,1767121025,No,0x423f569b903e46614bb978273a2d39f64ee438ea8005816ff11d823bb27c057c
SELL,0.994,0.12,1767121025,No,0x2ec5f9d7040ef04267505563deb4ff34dc497df156255d52cee3e7fa8adfe85b
SELL,0.994,56.6,1767121025,No,0x3da1b069959ffcbe57fdbe625f820489ae9b8a926ee1d173591d03902668de1f
BUY,0.9959995467736865,1.094376,1767121021,No,0x8056b25bb360225cbf3f557315914253f0ad962aaa279c8da2812160f2f8674f
BUY,0.9959992701062907,1.31526,1767121015,No,0xcb4ac0dd8ef21fb07628964f1abc0317de20db6d96ccbde2c0ca55b42dcc341e
SELL,0.9940652957388171,94.34,1767121011,No,0xa31409bc0d6f7f9b36ed7139ad9ac263cf68f4f3b97d2d333a85260511effef6
SELL,0.995,94.34,1767121003,No,0x78c81493587c4828c1731f3dd0805ecec5be5a99eed94638f1b1b457b55075db
BUY,0.9959996981815438,1.656625,1767120999,No,0xef320e3d0c5e68b78ea1c5f3fb87757d8a776fbf7f6a6dbae729c589b02cd5d1
BUY,0.9959995392411509,1.154617,1767120991,No,0x7b4a4b5bb153830989b55621c9d6c7ec3b95680a64d8605470725f2aca321d3f
SELL,0.994,0.12,1767120819,No,0x1eb7aa8f54019d4e07faa9acf8ddf0dd8f72dbfeb4dab82721bf3f21a431256b
SELL,0.994,0.21,1767120819,No,0x9e8473f64a61ca582db13df0e091ff46a9f2f1b0849bf9c78e4ad2e2f0946b01
SELL,0.994,117.92,1767120809,No,0xa129af822f23fe4ece468973170e0bedb47691ca223ef113831de0a426ddb9d6
BUY,0.9959996329024681,1.405621,1767120793,No,0xa7fa0d6cf1a98641744db6b5158239b893c8f8c240c0dd0ff88369366c862d23
SELL,0.994,147.4,1767120693,No,0x439f839e3f247a6cc2ecb85c972bbfdfe3eeb5a4e96789b862beebf12b08aa7b
BUY,0.9959993960755981,1.265059,1767120683,No,0xff5109f9ea5746466131aafea0019d109cce0e940f900838c5a8a40659aa2bbe
SELL,0.994,12.78,1767120675,No,0x0f84a8c9bb22713a931280ea8a7b990fa0e78beefbe2ad587c247579fd08a411
SELL,0.994,7.15,1767120675,No,0x7cdc9eae8524cf6e9e8b5a9cb5191dd0089036d1ecd4bd1ef062823b407317f6
SELL,0.994,184.25,1767120663,No,0x5e420568c6852b3174d40bbe9797e46e356e43616b6b35adb3818e92c193c064
BUY,0.995168739887798,913.312448,1767120653,No,0xd53c8073a6c3d206574ef35343be910b2c8408701bf5e05b5a89565898045456
BUY,0.9949999753737482,20.100501,1767120649,No,0xe80f22d23873bd3cef42c8c9b4f7c4ea7e6652230b11348cfb1d3fd2c521cf9d
SELL,0.005,55.27,1767120637,Yes,0xefdad550dd1d422711da6112c18c953b3e2f039544358b2cc9799a6399f4d190
BUY,0.9949997262431719,1.899496,1767120617,No,0x4b83e4e49bf898a19fea4cb51fb0980069f569e2ae2b9c3e3b7bc973941a164d
SELL,0.994,0.18,1767120541,No,0x1423a2eda1f8d8fee520b75287a32351c7f005c111dcbb7fc304480c9eb98d25
SELL,0.994,0.09,1767120541,No,0x2fe28417e47dfee39500a27c77e27ed79f1e77b93b6cbcd5e97394fd36fd8a28
BUY,0.9949998047782722,1.587938,1767120529,No,0x34cb64b04975e49a3820545292d9752c8cd0a29d6a458853916432653173f7b1
BUY,0.9949996035544325,1.929647,1767120505,No,0xdd608fdf969b92f6e70bac04f60f544a4154446c4f875e971da52a5d4ace74bb
SELL,0.994,51.44,1767120137,No,0x2ad65b595056cc27dbd92abf511a2cc012bb2ce2ce8d6cf6427ed8343f320b33
BUY,0.9949998924322503,1.115576,1767119959,No,0x5b8a5ed5d0fc80081833f37f27ad1cb181cfbbf1ec8acff77f1a2f7c85eb919c
BUY,0.9949993179429159,1.24623,1767119921,No,0x9224f1adaee6e496bbf3acf0172a582f0e0283a03493e969da8c06bb845bc2df
BUY,0.9949994584727876,1.135677,1767119811,No,0xf541cbdb9dda59a852880d767c4f7ce3d7c2bfee9e4438f4fe4fe9d4e061613d
BUY,0.006000000009836065,1016.666665,1767119707,Yes,0xbf3a3ed71451f4362113a46ccca985fbb0290a2520b14e428e8305d6c707e977
BUY,0.9949991984713836,1.085426,1767119697,No,0xb2c94fa43f6dce7109af81aed3e2368d86acaa4635059eeff13f92e79abb123b
BUY,0.9949999243799755,5.025124,1767119651,No,0x7da09cb55ccf24c8216d5644d4c857c40049cc9530d28629219633142c1209fc
BUY,0.99499955620708,1.768843,1767119565,No,0xeca82f2ec5aa6f7b73f01edb1e799e4b4a4ca972226c30a3361c49a4ba31cece
BUY,0.9949999492346274,1.477385,1767119547,No,0xcd13bc260deced6d4afc2a7f380c99e01dfb020c7e485b7970cd735d6bc731e9
BUY,0.9949998315855005,2.582913,1767119437,No,0x1c31b616161f7dc44d9405b62ff8f92a3c87afaf7704fe1ca4cfbad31df8e960
SELL,0.994,25.97,1767119429,No,0x24d507317d2bcf43588a1ce8398b0ad70bc43e1a3aca62933d52a96d59c8dcfe
SELL,0.994,1676.77,1767119391,No,0x3dae6e99e474468bfacf90b93df58d4e5f730b4eaa7c4c8cef14844c1b5889dc
BUY,0.9949995907088076,1.417084,1767119331,No,0x882d0ceb6ef50f2d1e2a89d171a480322bfb4cc6d43ae302caaf75b22ffb92e5
BUY,0.9949999253749907,10.05025,1767119331,No,0x4dd17dd0daf147e1d20f5338b021681ce68194e77bc2a90d371f0f6ab4d78a7b
SELL,0.994,100,1767119253,No,0x16f254783cd83a8d7ee855f32b256c9a3323e5f818c2ddbeceed982e1ab92f4b
BUY,0.9949996814249817,1.145727,1767119235,No,0x6eb7206e345b25beda77b8f4fe6383a01a429a5bb9ce4bbafec0debbfd0ea8f2
BUY,0.9949999488972733,9.979898,1767118895,No,0xca16e327c9eba8e565d8cdd4c2c110b1b888976485fd3434da0f4c9f7ab3eeb5
BUY,0.9949993793555938,1.015074,1767118889,No,0x8096543c3725310e1dc24d009dbee12230f7ba6377fe2a831ec499ab4254e854
SELL,0.994,100,1767118885,No,0xd1f08c76e290eb33c03465f3707e084740a599c25a2578d217c7e844c48e5b34
BUY,0.995,1000,1767118857,No,0xf5639e559165fc1751989732066c0b70d4dd7c6a940213a1288b3af99467284a
BUY,0.9949997877330956,1.507536,1767118841,No,0xefc8ed4bff69407bef88bc3eca52de1667c268c3f72e262a4ea376579484575a
BUY,0.9949998743812031,4.020099,1767118817,No,0x7ebeae7a98875162c6cb7302653ed30608abe513f2eba9c3bfbfcfbfe64a930b
BUY,0.9949996526884728,2.130652,1767118805,No,0xaabb80022106c0b98107cad53d9f4bfbacc0e97e2d39a64ceb78551efa1fb013
BUY,0.995,38.5,1767118799,No,0x63a93cb6f877e7a4a0f93a4f20f56a2f4f1474cc250827e9f17ce8a35f40639f
SELL,0.994,2.15,1767118795,No,0x3f615ac0dff0ded5a993a6720f5d56aaead65283d354fbd0e108230c3deb557d
BUY,0.9949999999719457,9445.949747,1767118785,No,0x2d9e217fa8c965fed7ad975fc586bebd30dc3f9010093f7da2b627ab091e44a6
BUY,0.9949999582741414,1.557787,1767118689,No,0x6252f19e82bd601ceaf9dae7488154373b114d975ff56dd91052f983a77c2a2c
BUY,0.9949999997494965,19.959799,1767118665,No,0xc633f9bfbd4413ac48f8a9bc8ebc30e9d88898f4f9297bb8393a2e7e0ca529c4
SELL,0.994,200,1767118657,No,0x6bb826758a2dde12162ec91b5f3e6f523137dd7329db2f1786da1d78660cf829
BUY,0.9949995907088076,1.417084,1767118491,No,0x6d96c340b3d80b0d9e4d4af56e2a7a5617efa46425eddaca1afa7c58348751a5
BUY,0.99499986408493,1.949747,1767118375,No,0x2ea6c805f588d5193789cce5561cd5c15ba4bb4d356d827a958eaa84b2c1da40
BUY,0.9949996243872662,2.010049,1767118373,No,0x472d2da74d114b90a2bb99906ae9da587ddd36dd30a909a16950d08e10149db3
BUY,0.99499986408493,1.949747,1767118365,No,0xaf875026c248cb884913c51f03a52cf1cdec8e39110525b381d6ed55d14da73c
BUY,0.99499986408493,1.949747,1767118363,No,0xc5c495c63fb4eccf4d82f65e50e338c86ffb09b38cedb36ca6a2ac0d1f506d01
BUY,0.9949998666494336,3.899496,1767118357,No,0xaefb1ce54ec98d22f40bb0ec4301e6e83fb132c7a191950ee128282100751eb7
BUY,0.9949998666494336,3.899496,1767118345,No,0xef102410b798156c381b024da14c807992fb6ec835540e2fe99b3bbb6005320f
BUY,0.9949997877330956,1.507536,1767118337,No,0x66e85a9f2ced3d27d213d1c8e8e2057dde484bbfb0291fef394907c73dd028e1
BUY,0.99499986408493,1.949747,1767118335,No,0xd76302dbb1a490667568c9cc71b657d4b982010e6dbf4e3ec5e00a675c87eb57
BUY,0.9949993668176254,1.326632,1767118243,No,0xaf178a8f25a461115fe24d6eb24ff85cf82891d0866cdc78f8e159c622a2765f
BUY,0.9949997104709211,1.226129,1767118233,No,0x6a4ee0ca59fa4f5b3f7e7b8e0288222761b9596a68be0b3e95335d28e58c9b8b
BUY,0.9949991243990193,1.005024,1767118183,No,0xcbf1ad72f108aff37e753a956e419883511ebcf74b090b5e1bf8a7800f7c5226
BUY,0.994999908025064,1.195978,1767118123,No,0x80e3367d6c329dbfb1fd78af54c42f25157e64bd2ea870e2400b709e530f153f
BUY,0.9949996894217032,1.738692,1767118123,No,0x109b936c0015c3fd6b74f2e4d8a272bbcad09fb3f5c0da8549805fb45277af02
BUY,0.994999908025064,1.195978,1767118121,No,0xc9a837df2ad3796057da191f830e79cfeda08e936b8778ab2cf1238063367d5e
BUY,0.994999908025064,1.195978,1767118121,No,0x7e1d899b945f69970a9fd592e0d2bdc6972d64a1e7248f5a1a50f38db5123df5
BUY,0.994999908025064,1.195978,1767118121,No,0x6175c652cf54e2260cda480180fad098d2b15582890093c8a6c0a4217fdd74f4
BUY,0.994999908025064,1.195978,1767118121,No,0x3bc4f214c0b4339f82b00449a4326665c2d352c3fa672a93ada1ffe4c3b9d621
BUY,0.994999908025064,1.195978,1767118121,No,0x346442eab4bb2baf2237546de0b02834f8b0fe8cf9e3847b5fc98f8c46b41bf7
BUY,0.994999908025064,1.195978,1767118119,No,0x1641c2d7c43cd1e1618a8b9a08831580e42dbf3b7743c4a4f98404d92de2a6d6
BUY,0.9949997475370007,1.346732,1767118119,No,0x99c5522b6f52fb16693de5c484f822c29542951a57f99061da846490427c6018
BUY,0.994999908025064,1.195978,1767118119,No,0x195ac5895a9391a98d7225d25359930bf4457513067767cb4cb292f718ee09f1
BUY,0.9949999004998369,1.155777,1767118119,No,0x91c25c7dbd1fa98494c3934dd6f107487754e65084e35ef49f47639b97d856d7
BUY,0.994999908025064,1.195978,1767118119,No,0x644ae2515c6b8003fc5a6d3c3e0e9a6cbb15d9dd3c84ed184305ec4ce147a0e1
BUY,0.994999908025064,1.195978,1767118119,No,0x5dab436861ef59421239ab0969423bc15a85454c6f48a8d501a25eeeddc1b2c0
BUY,0.994999908025064,1.195978,1767118119,No,0xd61ee75a4b95d63688c42418c227ee43861cd9171fa76eb1aa211f9570946e1d
BUY,0.994999908025064,1.195978,1767118119,No,0x9493a7ec422e41e7fd8c37be173762d7f084322c05eb1ffd8b0fb526e34e9ea1
BUY,0.994999908025064,1.195978,1767118119,No,0x5fe6d0efcb5e5b7999c01f39675a98aad81cc323f01ccdcbbd6c12c1a2296cc3
BUY,0.994999908025064,1.195978,1767118117,No,0xe08ffec332eace03a9ae23a70d5d2e9e4e9efcc70f427e5e7f123b1e47bcab75
BUY,0.994999908025064,1.195978,1767118117,No,0x98549ac5f37054ef9b898adc3f56c20ddbd19aec9e3dc953798cfcb019bc2835
BUY,0.9949994584727876,1.135677,1767118117,No,0xb31602908cae5f93f4cece2227c919a20a8482df64c6dd16815189d5c51c2cb7
BUY,0.9949999035266008,7.929647,1767118117,No,0x39b59d1b7633d2f345ade8de8ff28116dd05060a9ed1451a0a1d6f0521c9878f
BUY,0.9949999948623046,5.839194,1767118117,No,0x22ed4246bb518615dd5c4d45aa545bdda9f360cb87bf5668f77a239a851bce34
BUY,0.994999908025064,1.195978,1767118117,No,0xc340da4cc2909ab78ff72871e93914f2a3acad9880632cb5b8f4ec277b831833
BUY,0.994999908025064,1.195978,1767118117,No,0xe05807883b6736fcfaf870e0ac26d022863e6bae3719e73e3877f59a333f2802
BUY,0.994999908025064,1.195978,1767118117,No,0xab16d7af56d6ce15b91124dbde8bc60086a0d6e51fc870f94295862d5d0f253f
BUY,0.9949998743812031,4.020099,1767118117,No,0xeaf97fd053210194d2ac078c555bab2bb073d4e7398ec3f1c08078cf8df11af8
BUY,0.9949998020283608,3.889446,1767118117,No,0x8052658e07b16dd25eb335606966d4420153d71dbaa990cb0d58bf9674ed7b64
BUY,0.9949998020283608,3.889446,1767118117,No,0xe3354634989c72db3454f50168ad2227cc5cebe537d8db60a2d9f1cdfbad4963
BUY,0.9949997910499045,3.015074,1767118113,No,0x068516dd00a5482b52919977661c656828f8b857790fefa7c68a0c5cee422871
BUY,0.9949993179429159,1.24623,1767118111,No,0x309b91a1f0a94e75b309b580a3bf93a827b1157c4b6f7758fc564261eab9fa8b
BUY,0.995,39,1767118109,No,0x486bab0df5d1e857d78ca4c1df8a7f464fba45ed5ff6a43cf714b32dfb0d0e2c
BUY,0.9949997687673336,1.427134,1767118091,No,0x31a7808515ee5a7660f48110ed4d196cadac514d98a43ecc33c798f964bab114
BUY,0.9949997687673336,1.427134,1767118029,No,0xaad68a3ec16b553493cd379fa233062950ddec56c6d3b9c17eed9782c5ce00db
BUY,0.9949998837614785,1.075375,1767118021,No,0x7a2dcc82bee9f8a9e4c51f14b7a76de6b9c3b61ee4bb79c314d51160e85b095d
BUY,0.9949997424109727,1.979898,1767117945,No,0x859ccc6630942ec626c67d164ed34cd6fdbd936860ea13741da201abf543db25
BUY,0.9949999629177065,20.090451,1767117945,No,0x9492c68fea4686ca9c3cd0fc2ecb12dd46ec78c35e58889db10c6c791d60c199
SELL,0.994,5600,1767117937,No,0x0fdaba06591752a8be0cd7742f1ec10a8197b3d89e0e6544d55e352d3a861479
BUY,0.995,10,1767117839,No,0x9cf0d3e2b1f3eec433dd65a769f72a3dfaef2294d451bfbd57962fce24359640
BUY,0.9949997236107492,1.26633,1767117737,No,0xb1028fee7452e2cf7fa1ac9fad645465b3e32d1383745d788dd067504ca428b8
BUY,0.9949997785100199,1.467335,1767117683,No,0x4f165ac48552a23efdf4754bb81bb5ca4de6e36c922506d43869a2bb957566b3
BUY,0.995,5000,1767117645,No,0x6abc1cc2216698c295945cd30dd8110ac3b04d4fca1a27957fc29281cc43065b
BUY,0.995,5000,1767117623,No,0x65012889f5e83db4bf48df3d1bf51cb3af867a39db554cf963bdd4ee27a39902
SELL,0.005,24890.4,1767117587,Yes,0xd0c94e960c20d5832fc820cf3c76b77c36ac5cb0a4b096b206b6b1e90609a301
BUY,0.9949997359419716,1.306531,1767117493,No,0x597d699f23824fae59752dce193102e07348c33d11cdc88d2afb9ea46a37d714
BUY,0.9949999635588953,3.155777,1767117403,No,0x68bd9d0c2e55f76d15a40900df342e08df94c97fa37392c059b8110ef7fd2e73
BUY,0.99499971763491,1.859295,1767117327,No,0x74348b9ae013bea3b529872a119febd6a4a1f3c3331dd75bea29af5e5cb0fa84
BUY,0.9949999253749907,10.05025,1767117117,No,0x79bd2547160e8847b1a4d811914f045fd20316fa9ed6fd78cd36c5540fb53e05
BUY,0.9949993668176254,1.326632,1767117005,No,0x639f5c296f4b7d7687bd035d365386e1bbfd3810dd4532bda3a7bd3eed2747a4
BUY,0.9949997785100199,1.467335,1767116999,No,0x22733cac56c2d034c6e70227b78581f94b75eb3b78c79e0993425a0bae693a02
BUY,0.9949998963162434,5.497486,1767116883,No,0x427a69b0f53119af2a226b0362c00c7e103bdbb8ccdd0ca6df02a3b3f64b2b83
BUY,0.9949999627684355,18.532662,1767116881,No,0x0f913710dc371856265a5e1172a25a56686f100ae22c1a645f2a60ad282b01fb
BUY,0.9949996964402561,1.185928,1767116805,No,0x7ad496e47307ab85d50bdb0e5a4b534fc6ff5895039f588ed97c5a2236a0c105
BUY,0.9949997620651019,2.773868,1767116783,No,0x25301b7326e6badf8deb4eeead90839640623ab71fe0465decf75e1ed8ed8f7b
BUY,0.9949999253749907,10.05025,1767116611,No,0xadf82b42c00cf25da4a9a732204e71a4f73140707b52ad26aa9a8423dfcfada7
BUY,0.9949997424109727,1.979898,1767116569,No,0xdec1fc4087d8be54763c2d0a83660444604783d8460fb55e73574a154b3846fa
BUY,0.9949991243990193,1.005024,1767116553,No,0x9611ead52491b569c4f6fc75ef6b13d1d4ab9a9fa4b59d9e7ad9a0203724824c
BUY,0.9949996653176859,1.105526,1767116417,No,0xabb9d57f4787611366df0e2405bd3e31d417b6bbb2bbff1e1904f3e18b0ecdfb
BUY,0.9949994664962946,1.527637,1767116317,No,0xd1f2712b462e9870dd3f76341c51cc30e287554594cfc311061d346d170df661
BUY,0.995,2000,1767116293,No,0x203205f688911e67b297f26f3ecbd90d22c1f9ae7c46d949d4c638cff8a82c51
BUY,0.9949993179429159,1.24623,1767116187,No,0x9e45c7d1deb43c22861c00bbeebd445212dd64d3b62a2c4a517e27749408aa4d
BUY,0.9949998469229323,1.829144,1767116175,No,0xc9b6fe1646684097d091232644eb1098dd065a06938e33659a2bf5195a394974
SELL,0.994,1000,1767116095,No,0x983ca00d583358c2a7ebcf99d10042dca188e099566c722c01d0f2a8bf1650a9
BUY,0.9949999336665728,1.356782,1767116027,No,0x687d232bd77e79f354bd6bfb71c662e991152f95732f6a4c918df9cf5af9fcb8
SELL,0.994,759.17,1767115995,No,0xa4c9929b4cff07b79f7d28e6fc0e4d71b869289fe3629d87abae9db9b43611d4
BUY,0.9949996193620508,1.497486,1767115929,No,0x82e7fabae94cf4d0fa1119736d46b60bfbb35277824387dd8aca422aca78e899
SELL,0.994,5,1767115887,No,0xa898c6e696487ece1258aacaf9bebbf97243ffc3758cd88b3a7ce0e1cba97752
BUY,0.9949991984713836,1.085426,1767115819,No,0xdd3256061d7de46646698f0b06adc63e6f5a7c31655516298d3e45105dd1077b
BUY,0.9949998660972711,4.85427,1767115781,No,0x70ff7c9e5961b9dbb7a7cb3a6e6736435d8284dc3ad342d98ccb8506a915e767
BUY,0.9949998406880487,1.788943,1767115749,No,0x1425367e0d801187f8bb9df2edcdb8668727021e7393a9b6e4c8e8fc39c5c721
BUY,0.99499971763491,1.859295,1767115577,No,0x412d183a946664dc108782d28ab54552bbaa2ce08c08d36d88bd504d378ef010
BUY,0.9949999004998369,1.155777,1767115577,No,0x64a0dca15bd4b31dee501cd6d9deb067a0167dc2f3d9734652ac9e6d8a47038d
BUY,0.995,25000,1767115559,No,0xd58706522bb0c5471474d68f7f7c53b3f4c5ed285a59fcb68f5445569aec1f7b
BUY,0.995,1000,1767115521,No,0xae232817135d8bd39acc6987e5b654fb8d6e272a1f9c52c9dc050f12588d91ef
BUY,0.9949999391545924,1.396983,1767115505,No,0x2474877122979124935e6042b82d091d0fde0d65bbcd665088721813bdece509
BUY,0.995,1000,1767115385,No,0x9c74d797df886b4f2bf99dcbed64459629c4a3463e2ebc7341960ecaa7950fea
BUY,0.995,1000,1767115373,No,0x16ecd2c5c4a06d0e8d28a023e02a9b3fcc516b418b6dc613b20880046965076d
BUY,0.9949996193620508,1.497486,1767115369,No,0x6930b8f3007d7cc9063988b01ed37c72081ecd5247a548b525964b7717eaa6d8
BUY,0.995,1000,1767115363,No,0x05bbc49e5da57726781ef322e312c5502fa3286995ab084a62f12f8d022cda40
BUY,0.9949996683330419,1.65829,1767115135,No,0x43ddd359a9fbf7eba9bf0c7ef9a185663030e8a58def6848de292417bde6d475
BUY,0.99499999458297,23.075375,1767114975,No,0xd06674674c2b59c17d247e4dcd007236ddfb2d22583bf8217ea07f8f5d465925
BUY,0.9949995223994651,1.25628,1767114893,No,0xbf7908cac5cd48623b41c5dc29dd4a91f727351c79b0c067e3a40ac4eae2091b
BUY,0.9949999253749907,10.05025,1767114887,No,0x02bee97905ef196245d50033663821a75afdad293c4d8d5dda70c602b1988a5c
BUY,0.9949999253749907,10.05025,1767114873,No,0x1aacb9fec5ae8e2685587e436c6b3177ec1fbc106f67d9355d2bf21dc322749d
BUY,0.9949997785100199,1.467335,1767114813,No,0xc8d7eac0b2d89ffc9e8de037059662c333f71861323d89b4821aa7d8899ec9d3
BUY,0.9949994584727876,1.135677,1767114691,No,0xb37d527b95b5e309e155d983a8f71e9a12f5476636e8e7893ebbb681fd119bf1
BUY,0.995,2,1767114395,No,0x8778e87ddebbced9754621cf83d2b347e1eca2f7512ea08fb4636d9f0cabcf05
BUY,0.995,1000,1767114329,No,0xe1b3f74304645ef1761cd433cc34bfd327f7d4fcb722593186e80df2ceab257c
BUY,0.9949998469229323,1.829144,1767114181,No,0x94636a0a34614845b48b5126e0a1495a12b712d73635d21dd4d7f1058d070035
BUY,0.9949997475370007,1.346732,1767114113,No,0x1a69acfcc13f172557e66a79e2391f33fa71a4e0bd0baee054f6537e80e5e05b
BUY,0.9949999443355896,1.437184,1767114041,No,0x0fdcb735d2e72fd7243ca8979d390d21ad59b376339eec618403e87b3c7b710f
BUY,0.9949991243990193,1.005024,1767113921,No,0xf933d1e199e09467e0b959fa21b4da4bc8936b988cd650ce50ba53e64c12b6a0
BUY,0.994999970209546,1.67839,1767113919,No,0x444158a9479534d26ba366926192aff65622b5401e95b65957aca3d5812c56c5
BUY,0.9949991243990193,1.005024,1767113879,No,0xaae99eb91f56d9fcd1fa3c6bf5d096b0ad90d996db22ac36cf85175007480e4d
BUY,0.9949996653176859,1.105526,1767113873,No,0x7988130358cded91e9eff36385c876429f2a8a5489b4495b42b042e9e12f5853
BUY,0.995,500,1767113785,No,0x180e169af722caef0bceb387bfbb6781ab2154af2d346983678a1776015f2820
BUY,0.995,10,1767113783,No,0xf6d64792db1b679e4e6ed055f76748a1daea1199367d105f19bedc3b6c71af13
BUY,0.9949994101066498,1.407034,1767113781,No,0xbb3cf15702062f374f844b290f98657f9bd70eae2558cf99daff3a669fed5c86
BUY,0.9949999336665728,1.356782,1767113687,No,0x2ef81dc7f889b40ca1dea631c11d42d5e6dc4e761c62959c698521cd63e7503e
BUY,0.9949999753737482,20.100501,1767113635,No,0x03b54dd865eedb4ee435fcd77fcf92894871932f8c3a6388133e8ae566733916
BUY,0.9949996325650149,1.537687,1767113367,No,0x338873f9f457cf369a9c497ed728dd2de6466ea0acea303b2821d83a8639c9e7
SELL,0.994,100,1767113339,No,0xabd188216579096364fbf26e11a12a84a0b93817bc9badfbc07e93f0b85fb50b
BUY,0.9949994812387,1.175878,1767113335,No,0xc249ece326a737a1dd71ee2e69cc03c8844ecf66a90c5485e0776d1eb99b21ca
BUY,0.9949991243990193,1.005024,1767113285,No,0xf1f496164df701b16e3924ce30bd6771bd1eb2d728e599a4612152dcbadb014d
BUY,0.9949996054306467,1.457285,1767113077,No,0x2d9fdd5b3ef8d3e1d8934f8139cee1a6bb83bfe71c8849e9144fbaa9d2e8e864
BUY,0.9949999278434065,1.316581,1767113043,No,0xbaf46890fb3ec1a357a5517acb66b6e026269a408ab07e691bae76630820f173
SELL,0.005,1303.33,1767112991,Yes,0x2cda16c9567a0dc5ed9b0688d7bd12add37a0a8ccc395338f13117c61690d32c
BUY,0.9949999577124877,6.030149,1767112965,No,0x77e32eff0f8ccef57500a5769c30ab0580635161142c35f0c00ba396e051517c
SELL,0.005,7500,1767112963,Yes,0xc2d9c5ee41cf73967685e00f3765e8354f6c6a94324b2e25ef93ee52fc25180c
BUY,0.99499955620708,1.768843,1767112911,No,0xd029139d595b36462e3e342503b9562270c3aaba4dee644c6c317e4abc784364
BUY,0.9949994299474515,1.447235,1767112727,No,0x55fe48e34580b963618a4062af14c62dd4b79fe43e1e905edc6a09593dda70a1
BUY,0.9949999391545924,1.396983,1767112671,No,0x7fdbd8e87d49ff899552b021125252da919417be8f56c9ef6a91a0ed843089f0
BUY,0.994999580910047,1.849245,1767112487,No,0xde4e2b10eb2d6b5fba568d57cf3f924afcdc7c5802a5ea6dd618d2e4bafe72a1
BUY,0.9949993890987414,1.366833,1767112465,No,0x6a14c6ceb6b2ee85daa9cd5a255d10fa1a7920cd0eed3da68da25279f54b5292
SELL,0.005,2384.46,1767112459,Yes,0x54685f9bb94707751e17be2148227a8573a85d498c04308a589fdf0185176622
SELL,0.005,199.76,1767112427,Yes,0x43813eea98035d4f19aa6cd337a3dd8ba0e03a26e9355b563bfb05048b5a6ca4
BUY,0.994999943465902,11.055275,1767112373,No,0x930e594d53c3c023eafee7ee0f65a33c421f9533c105d940a538080ba0f032da
SELL,0.005,5000,1767112313,Yes,0x9c22f8e594a98b86f816ed8f0aa6d5467725f9d18357419804bde069f7823f59
BUY,0.9949994487157767,1.487436,1767112303,No,0x4e61324e42bb014405e1b67573078b9f893e05d5922d381f03ef482a1c9f0ffb
BUY,0.9949997359419716,1.306531,1767112285,No,0xe14cc794d493600ff07ff480334fb9f46ad553bf484e65a4d7d8ae85970baf48
BUY,0.9949999336665728,1.356782,1767111933,No,0xfa30852bb071ecba184aa6b065c038f0bb49754a6b8209e8a81cc8d08961830c
SELL,0.994,285.04,1767111915,No,0xc27c46cc1aa7199870e0ac6c61503479fe47a24f5b0d31805f44c8e3127bf87b
BUY,0.9949994487157767,1.487436,1767111857,No,0x8c753b3a3758c80a3a8562f89875662dc6a0840da45e190e09f0d6666526cf82
BUY,0.995,4639.78,1767111743,No,0x2b97f202e7257a88c8fc779eb6904e5a0087246956672135cd5a81e7a68ed9f8
BUY,0.995,1.035,1767111665,No,0xf3c352e9cbffe693cf05f9b14e196fdf31148906517905837281b305433eac3a
SELL,0.994,43.85,1767111481,No,0x144e46c46bb1c737a0ae9a5df1b68e63843fd280ae4b5201633270c245849ada
SELL,0.994,10,1767111473,No,0xa70fd8497eca4e3c4cde333504b5956efb59d0be1012acef6bb4ee03608bf283
SELL,0.994,116.27,1767111463,No,0xf8e71061061624f1b1ccde0a1ea5103fd23b627c9b00f5157cb44f37c6d81cdb
BUY,0.995,1.005,1767111451,No,0xe2d3608ee2ffe7d0c6e6e20810b595690cdf0293454e5141a6ac18e62292ca15
SELL,0.994,10,1767111433,No,0x3bdde589ec7f28c8d41e8879c32cedc4e971b0f97c4dda80ea8084222a6c6d10
BUY,0.995,4.03,1767111433,No,0x84e9dc33967d78571a5aebe9510ee90047fcbbab2716c9c8d74357be2399ffef
BUY,0.995,9.9898,1767111419,No,0x734c0b6491af37b77206031193a679a03b6a2355c0f3c12fba3cdad3d49f0139
BUY,0.995,1.005,1767111415,No,0x1f92a1ddd55e3cab5266d8ce5ef02960b5f61f8db05f5fba151c0b9944bcc427
BUY,0.995,1000,1767111411,No,0x502e5ecc1d924a4dfafd1ff19780bef7fc6b9bd25ab96631c999421dfb0a74ea
SELL,0.994,6.56,1767111283,No,0x939f09f59f30ea878bd905d6ae464eb0934f18e6add967e48ae2b3a9c3d5d072
BUY,0.995,36.09,1767111223,No,0xf25f8c5820a36a6ec78250c66f026d18b919406c1e3d7a011913bd059508fe1f
BUY,0.9949996054306467,1.457285,1767111207,No,0x8ae0b471074768333a07d8a4d3b6df3fbbd1e681bed1f095f7bc6c912f7b059a
SELL,0.994,200,1767111193,No,0xf07c57cff392f06705c29ce67b20eecfbf9648608c3ecbb83fae6fb52f2ed5bb
BUY,0.9949999490794084,17.085426,1767111159,No,0x7cbb590d7a5deaeb5677766475bf39c2494e91b33f8bbf566fddcad3258bfcd3
SELL,0.993,600,1767110531,No,0xca0c3f6982625aa885ce1d046c55236654ccf9ab1b7bc9d8a0071568587f4ca8
BUY,0.9949997344946143,1.939697,1767110469,No,0x11929a3125a0fa58273fe2165b63c6f1eb1f7e287539c4f0dd423a0ba49de5cd
SELL,0.005,100,1767110357,Yes,0x93580637ed7f6d3a66426909fc6405834f10fc564d18ffde75e2cc8d503e009d
BUY,0.007,100,1767110295,Yes,0xf85afb687eca5754de518a3ed2a58c84d9da29e5456ae73e007410e290cf7af2
SELL,0.993,0.06,1767110155,No,0xe1cd9d3dd2b54b12ced084694b5b48b007d49934cc74f4a8a89493daddff8c3a
SELL,0.993,0.01,1767110155,No,0xa0592a4a1e5e9369469c61b8966fb238b7c7f9b2a1dad12cfe990391692f729c
BUY,0.9949999253749907,10.05025,1767110145,No,0xd7430cbfe562b56bc6aa84f4d6d3abc82347586964cd8f2e7000ec19b1df0ec4
BUY,0.994,10736.21,1767110139,No,0xd7cb01250721914efbdf5fac29216c87958ab9ce429bfd45d82934861d88d1d9
BUY,0.994,118,1767110127,No,0x94d390d5aa0116258c0930b5258f9d31c6b5b343c0281068739b55b3f153e3dc
SELL,0.993,0.02,1767110119,No,0x939dd1dcc0b2c937f6994469efb34aab7ae0a4dbac3bf462de1d64435d649443
BUY,0.9939999999668667,3018.10865,1767110077,No,0xa1151ff85298c6a6074c02c83d6ffecf536adaa9148aa43906ffd02484d4d19b
SELL,0.993,40.17,1767109587,No,0xb6b8987a78dfce77d6d882e99bd87840c1f61ed4840f2f2a60aea9e0c27f8b97
BUY,0.994,34,1767109141,No,0xbbada7729a527a5ccae15a0bd0a08bdd72f64280a8a4c636c25eb13d7dfd18ea
BUY,0.9939999171003904,10.060361,1767108957,No,0x7107d0d09839903227312fe8240a267ba53095c0bfe3420eff8b678670226909
BUY,0.9939999920976996,40.241447,1767108955,No,0x751c92d7e968bfea81335e5494c0fb10653e81aa68f06f629c8b275ade0096fe
SELL,0.992,4228.84,1767108951,No,0xc9c0744ffedab0ceb6b1c69ae4a90c9cca135b386c2d4ab8e86a75d1bcb2a4c7
SELL,0.992,2.06,1767108843,No,0x08b7e7243000d5af95d7ec3cda688bc81905535bd0e1686d9f7ffd5ba343628b
BUY,0.994,1000,1767108683,No,0xe47ebb0e1bbbe0c976dcb2d9aed3b904b62d1ce1787edeed07f9a3f0c7b5d658
BUY,0.9939992147390498,1.006035,1767108669,No,0x8bf90e525b45f2b6a003e4a340df880264a9c70eeef3ff8310f91f5920afcf53
SELL,0.992,137.07,1767108657,No,0x1e84489935db20faefca9db3b6cffcd2eef2d3bf645af6dd4525a5eb47a3801f
BUY,0.994,500,1767108537,No,0xcd23599095d9de199c08c7c06ed28e0c741312d9933a29450ebf1e9c49cc4430
SELL,0.992,51.33,1767108211,No,0x5ca091d747f8e4c7650429cf7dab955139bd4b9ed811184a9bfeac3b49cb187d
BUY,0.9939998171039605,5.03018,1767108093,No,0xf6812045f65f09fab223066196485d5cbfea7b1ff3cfda91a6f47c64b1c34487
BUY,0.008,250,1767108079,Yes,0xf8c7d7144dc3e3b7cd99cb93dd82c16e7b9e9934653411565ad5d2b170c445d0
SELL,0.992,16.12,1767108045,No,0x75c75787a1cfde2b226497f62235aa8402476efcbef70bfa59b97b23fc045872
BUY,0.9939999539520641,6.297785,1767107971,No,0x12a9083452c8e20a7e95c16d3603b74e79f95fe2f90356ddfdc218e81e9184ea
SELL,0.992,10.98,1767107937,No,0xbc0a968cb44beb3687c607705b135e3f33a97ba0782ab84949ed2c0b9bc0c6c2
BUY,0.9930069457870728,10.070421,1767107791,No,0x6a0d3d811f5530489851883d19b340e6d294ade8f58a65f9a20ea44ef605ec2c
BUY,0.007,278.34,1767107673,Yes,0x9789d3376c9ce39c3b0c0290e2c3bee38d7a963a0bdead9eb26b2ce36b3ebf63
SELL,0.006,85,1767107647,Yes,0x3508529a1733d2424d918722ec60a190749cebb30f467a9710fdf3937f224c11
SELL,0.006,875,1767107497,Yes,0xe1fea4ce16fa898231ff6ed1cf307d6263b4c567cf8fa4c70b3d8dc4eecf27fa
BUY,0.9939992147390498,1.006035,1767107485,No,0xbaa9b50e5e4cf1cff4373702f4be01e79adac05cb29d85f1bb6b53642c71b671
SELL,0.993,0.08,1767107365,No,0xff6183377a5e26014e1826ad008b0b19a8675a6d29acdbd38459fe7dff746071
BUY,0.994,10000,1767107337,No,0x755a66f1443a794b3cbc42c0d60758b7fbb25c47ed49e159e852c3974049c83c
SELL,0.993,0.05,1767107323,No,0x08a7da6cee2202040c46f988f59d59b1065492b4d09d5a0ba367923ee8b32d8e
SELL,0.993,334.41,1767107313,No,0x2ed5d54a63901bb56472340acebbcdab0df812d8893db838c89ce1901b3eb1b5
SELL,0.006,6001.4,1767107279,Yes,0x1241fd1c03e27db06673c8adf7717b522f7dcbfb37e651cbe516850b08e393a3
BUY,0.9939999971901056,11.388328,1767107237,No,0xe33e37214362b33962b8368b8b7fdc07de5c839576f9377c27952d809a20c4b2
BUY,0.9939992147390498,1.006035,1767107059,No,0x5465981fcb3b7237b2fd9623dfaa9f51692f0424d4e3cdf2b3dbedf2b1afdd07
SELL,0.993,6.5,1767107045,No,0x1a6ad851a364122ac23bb0cceddc6791ed58b66f221805d7a1ef9798e45c7018
BUY,0.994,709.56,1767107037,No,0xfa700767677d26c31c088c4f47aa4953df54429208cd95f698b1d3ae3f567d6e
BUY,0.9939999171278564,8.591548,1767106961,No,0x9c47c78756b08572faeac6d417a286fb4770292ab1e7bc0140f66d00a615b5e6
SELL,0.993,4.81,1767106805,No,0x6e9a68f7a9df3549f12d79ec9279eb7d09c1a2e88c998c5fbec30a9d741cc15e
SELL,0.993,1.79,1767106805,No,0x8f82a9747e0bc3e64233f994c7237734f9d368201345b9f82655de76acd42a59
BUY,0.9939999990335816,800.895371,1767106797,No,0xa11daba83e601fda9eba0678750b7ef87b5da2f10e6d0930feefaf9afee924ed
BUY,0.994,1.006,1767106741,No,0x20e2824b22bebae4bc775dc105217bd3f2205757eb504415e1bf4f51ed4b2e1c
BUY,0.995,25.02,1767106619,No,0xced4837ce455cb817b9f798c9d66403445d461d8c1e7c075b6cb3b8baaebf444
BUY,0.994,34.12,1767106569,No,0x882cd7d44e93f086b827cb407fcb1bd5b603481ed1fe2a15637657aca1a376d2
BUY,0.9939999148972384,5.87525,1767106511,No,0xaac28be6e2f22935aa3ae1110f396d908fd7c744fc3852c4690111f0e157d2ec
BUY,0.9949999243799755,5.025124,1767106457,No,0xd504479cbc7e35a23119ba770e00ad9a52fc0a91a1f2ede4b488bf1d4fcefb71
BUY,0.994,200,1767106425,No,0x7634f1bd94f9ea71157465bc12fb92b5bd87df1de66987d79218568ccae30ef8
BUY,0.9949991243990193,1.005024,1767106349,No,0x17ed75837c5e60ed9a06b5c5a3851f4411437bef903de300058a48d1a646eefa
SELL,0.9933104511310842,230.31,1767106247,No,0x45fa9a0a1c1fa1bffa222262610a5f31262952adea24a323c74fe6fe544ef587
SELL,0.993,16.35,1767106119,No,0xec224cbca7a3951026c5395946948c835954a72d7e1010e7973a9f53bbb53967
SELL,0.993,29.2,1767106119,No,0xf79828bdd3ca44ae979108cbec4171c8a6c5b48fb604af0daa28cb86d31c1b1d
BUY,0.995,1.005,1767106107,No,0xa8d2f40d90f9710d883a355befb60dcbaae9e891d4e7ec2d9fba36c4e4ef1563
BUY,0.9951113961317248,797.498653,1767106095,No,0x5d59bdb15513e852dfab08a067fe370d6f4e7408294d774cc9522fea3c6db066
BUY,0.994,1.006,1767106027,No,0x960a59fdde65b715c584ac4533f1bd02d024029c7c9d6bffa942d5661cff89ae
SELL,0.991,88.52,1767106003,No,0x150c100d6c2259ac3c6dec071080efb84dce3ed4d3d97ef04f774020f4cf4dac
BUY,0.9949750623441397,401,1767105989,No,0x344c60643bfb66fcc923015c987b7b2d64e3ce4017ca567135c39de3032271ba
SELL,0.993,110.65,1767105979,No,0xc97f50117248abea97083889a9d725c34f6a0f830e309d03226cc4be2bc11ae5
BUY,0.9949999805446714,1.798993,1767105967,No,0x780348f494e0524e3308622a6339b386a2fbb6c2cd27f0ae0d4ff9fdccc4c941
BUY,0.9949999916052383,11.316581,1767105967,No,0x209d13218753a84733cda470abc6ca01916fc806651d18a9e8fec3463dbeafb4
BUY,0.006719131265870912,100459.415554,1767105957,Yes,0x02701c3116a2f3d538023c1bf0585faafb3a90d23b1c881388c7d6682a4c9aa3
SELL,0.995,2.33,1767105903,No,0x758e1557b339ba36dba1a3a3bc1739271760c092e2cb846ae29486fff433abf9
SELL,0.995,1.6,1767105903,No,0x6af84640194aaa2c53d41eb4857a2a7b2a050e3638734183713287fd52e82717
SELL,0.995,202.21,1767105881,No,0x8dacf42ee41ce8bc51eeee1ad98b80226d804f56bee36cd23390aed87824a028
SELL,0.995,295.2,1767105881,No,0xd5e6fc055610af6af8b1479abac127dc07bc7bfababc194e564ec2e5a9ffc320
BUY,0.9959999973439998,30.12048,1767105879,No,0x3c1512fe403207dca3e0cc811641efa28c833c0e2f9909088becc0b6aa7e9eab
BUY,0.9959999999671266,5597.238954,1767105855,No,0x26acf7e95f10363e335c2c5fee53ef2a542694db2120f863877b27bc554daa59
BUY,0.9959998637471641,5.020079,1767105811,No,0xf7b9b15437c6724165bbc0b8b20ad52c663e9cc5e03bc6bd67a8a289a424173e
SELL,0.995,20,1767105691,No,0xda60c8370fdb15b75262a1f3affc20f891f7d3f63678fb3c35d0ed4eb094c16b
BUY,0.996,11,1767105631,No,0x1b5e34b2c3b418caab2ee36b81a67511c4d94712d7e1c749c7132f8e1e18a4ab
SELL,0.995,3500,1767105579,No,0xa15c9f43db12d49869e67097e55f951798ec7dd4fffe8cb9379d1b286be7a5fe
SELL,0.995,1.06,1767105541,No,0x05f6af390d67ebf68a0457380a5133ea23e958bef167ba1acf9fffd6c90dc181
BUY,0.9959998338261478,5.753011,1767105521,No,0x33eabaa0cea1c38aed12543c38baa5fadc5425cc3ee2f4ac3ef77a965104a88c
BUY,0.9959999376417332,12.700802,1767105289,No,0x68decd2988367021f27a37e8af57b579690c96c9ddc257eb52ce3197f322459c
BUY,0.9959998017669335,4.136545,1767105157,No,0xb137fb279f38317972dd928fa153b7aba5ed66d22c569bd3fbef50da8a652ebb
SELL,0.995,1.08,1767105043,No,0xad37687c38ada9587a60ef7ba8cddb68289476f51ce789b75a0a1ef0fe4a1f8c
SELL,0.995,317.78,1767104961,No,0x1cd0d340c617f462400b3fe454aeaade660d7efb58987b8e585d538e288e5932
BUY,0.995999946913695,7.911645,1767104887,No,0x75c20ffdd5851353748dce353ebab3091a284c133c54fcb2e14b8fce29854ff7
BUY,0.9959999641439977,20.08032,1767104805,No,0xfc37f5d7f450cb1a9793e5471d7596faaf0affbdc5f4cbda52ad633f17ccf805
BUY,0.9959998637471641,5.020079,1767104719,No,0x8483cd9c3551a94e63691ba3fc27ee3e77c39bfd2acc89b829d8fd82a3ea3ae3
SELL,0.995,2217.35,1767104713,No,0x1b78bad440a318fb276d37101daac8e546ce0833bdd5592c30457bb07ff2e2a1
BUY,0.9959990637590076,1.004015,1767104655,No,0xe5969dfc500c35dcce0251dedc8a9a478d06278bb4cabc73e6fdb80d5de71e11
SELL,0.995,10749.98,1767104471,No,0xd32b688a68dd1f7561b109da9e0af9f74798c28ce02e88c50b4af0f19a68cda3
BUY,0.9959998875105679,6.827308,1767104443,No,0x11b3226615b42d969767673ada2715269b92c8d60382b267aa6c86839ece5120
BUY,0.9959999931293174,40.170681,1767104271,No,0x7ad6bcdf5fc9bb58241e27c672ef26a44b3e9fe7237cc634eeb191d42bf4277c
BUY,0.995,37294.69,1767104267,No,0x0a9e9b24b285b188caef62f9247d5a820af460138f98fe17819dedbd68f615fc
BUY,0.995,1.005,1767104117,No,0xd2aaad20deb263dd9528e25a53d1a4cb80fa196a9a49cbc05f7eebb095b4dbb2
SELL,0.994,10,1767104063,No,0xd429ece0b61b5aec53d18ab77e003d181b615dfe5f9c7d057ebd59b53247ddee
SELL,0.994,4.2,1767103795,No,0x23b1362481cde96274cb7a02a279b71ffd76899c1e86cf1d843897892743bfee
BUY,0.995,10,1767103351,No,0x7d14467804672a4af9809873e798ad7c8b7b42122cbe561062548403b05202ac
BUY,0.995,11.8592,1767103277,No,0x5c5f469cb0849424056d965f3468f4c6d1e68b0338f72ef4d2638fb32ede4dff
SELL,0.994,30,1767103201,No,0x3fbdbef19413a7d45cb28c3a71205059cdfa78ea6e95ac227bdd2f82b3b642b9
SELL,0.994,1.11,1767103129,No,0xfb67c7398d5d4b0180d6fef1bdea2b096d28b6f122b1cfa4215880274c0c67d1
BUY,0.995,1.005,1767103057,No,0x6371891298b2c051bdb45a22267b0998150c38cefb96980d809de8300d1813d4
SELL,0.005,2828.18,1767102909,Yes,0x9eea46a719d372a295084f0844efccce70e7ad873e885fc76d7d2f3e1045838e
BUY,0.9949991243990193,1.005024,1767102773,No,0xdf95f9189c85ac76f8cddb0141371cb359cb93ddc7ec404cfdb058739186f1ba
SELL,0.994,1.03,1767102771,No,0xe4802d0f1792f4bd8bca045bc8c9b104058115f9aab91734ebfd6593106b6647
SELL,0.994,200,1767102613,No,0x4e97b2cfed27d208cebbaabca877ddd6f022240e574b2488aa34c9fa19d1ec75
SELL,0.005,25,1767102525,Yes,0x4f448ec431a86951f7c7ff95e419f2b5aaabc37e471de337b7d7e84de6373134
SELL,0.994,221.97,1767102523,No,0xaafe36c3de3ea011908741d738775afb32c92ba45bd49184194086044dda20b2
SELL,0.994,184.41,1767102521,No,0xb10de4baf8283e07193232ced536a4c29df67dc1816406c6c169b9efbbcfac66
SELL,0.994,184.41,1767102521,No,0x1f5f3c8ac7d0efa82187ebdebf6cede5bf5532fd2a4acb6dea39259dab1d7f7c
SELL,0.994,2918.27,1767102509,No,0xcdf16306645bc3ed386d09d4fb1561ce43db3b206c0e5077623c6ef1dcf1206a
BUY,0.9949999977024947,221.979898,1767102497,No,0x9359ea515319b3646f2845a8ab90bd7b4e9e4dc98daa5b1d71c3335edc474737
SELL,0.994,6000,1767102461,No,0x7355d6d006e2f39591cfd22fae513127e8b334c883f4deb6cc4f710a510efedb
BUY,0.9949998669903773,6.804019,1767102455,No,0xa02cf88ac3b588bf85062859e9d5ea18c40449eee860defb7835715e282bd60f
BUY,0.9949991243990193,1.005024,1767102437,No,0x2253b4b65a0e4aec466cde95d2c45cbba7662c8487cfd04e67ed1a2d5acd3c63
BUY,0.9949991243990193,1.005024,1767102309,No,0x9b9e5888e4a6472c9d87420b9a3338242f390de00da744bc63731de66c2d5621
BUY,0.9949994077373197,1.055275,1767102283,No,0x7e0974ba9bcbf1a30e4fe1a10134e2b9e9b86b6fcb3e863fabab529ae77e0107
SELL,0.994,2.11,1767102123,No,0xb297c48d19b9e838ba452aaf5ac0eb9597e654d1ecc57c4474e8986bbb3f4857
BUY,0.9949994077373197,1.055275,1767102053,No,0xc22dd84172924a6fb8eea6d2b0f9bc1e31bc8f17fefe4a09adb5ed1e1f40f99f
BUY,0.995,600,1767101747,No,0xd10ed5f865ea527c63c06645809d594b00dc7a0b87a88a0246874bb1821d43b8
SELL,0.994,4156.35,1767101615,No,0x161a1ff3da687744fb9c906a014dd363fb75eb369d0555d069bca77e53e6320f
BUY,0.995,1000,1767101579,No,0xe3dd604f0cc61d2c53f275aa12a5d51cfc0a68ccf56a8c81cf79e6ddc74a1ffd
BUY,0.9949999107050981,4.703516,1767101541,No,0x24bf788c98d2aa39ff73c64a69f08f9cd527901dc73f6743a6a34f72a1be3bdc
BUY,0.995,1000,1767101531,No,0xe1b9d0abb10f8e617e69cf7215d2c413a6e2f9238f7cb5107501e63597f12201
BUY,0.9949999192873428,10.964823,1767101521,No,0xa63de0a8ea22ead042c06ea66e601f23ca468d8c314d2ec440ed9e6dcb2d2165
SELL,0.994,579.91,1767101515,No,0x0967b7b9e70c53ffe8c1c8ab6f046143787610ea93a92057aee2642bac842d4e
SELL,0.994,699.77,1767101513,No,0xc26dc01fd2a4fa5e700953d44dce20b15728615f70ac000e36b8cb25ed1257ac
SELL,0.994,600.34,1767101513,No,0x1c6a725ec626e8403df4c4687d954c1ed5e68bcaee32a51734488b6045ccc615
BUY,0.9949991243990193,1.005024,1767101509,No,0x47450760fc95c3268f363e8177b4a2ea3433fcd59149b54c205ddb39bf372a96
BUY,0.9949999992354728,699.778893,1767101465,No,0x769e29251d23549a1913393cea86009e065ba22c1e099313b3f58537cbb4dcf2
BUY,0.9949999999655125,579.919596,1767101465,No,0xfd79d62869db7650da7b60b9f8ad99a8007fd3d7a8e41ee43bd27e2535f9a57a
BUY,0.9949999992254411,600.341707,1767101463,No,0x7c3c711326b23b6be9e51ed9909829889c3f73c638e78f6b57bd30b2c682287d
SELL,0.005,1689.7,1767101387,Yes,0x9f8577f8f504024e0c330bbf19296340d3099b535f2f7548fcd54d7f1b3a3759
SELL,0.994,616.19,1767101339,No,0x338711fd8565c9960d09e815e9517baffd1adb6e6f359a652200d6fd246f56ca
BUY,0.9949999577124877,6.030149,1767101299,No,0xeba3d0d08e637a37c3ac76fcdcf5c62f4db6586b9bdaca57ae99883cfefd2aef
BUY,0.9949999996186247,616.190953,1767101285,No,0xb64a6f520928c9f105d81f0a61b3f1e38eb96a1c23218fbf04eff32e9ce8856e
BUY,0.9949991243990193,1.005024,1767101237,No,0x0ca406fc31f27e88b73e62f4835f81e246c18448c071be0e94403a5253766d14
BUY,0.9949999992668421,190.954772,1767101231,No,0xc5718a2e16a684b6ad4e8a21b81e9dfeb61d0e22ec0d390208ecc39fa1521848
BUY,0.9949994077373197,1.055275,1767101147,No,0x3e33aafe7d4cbb257422b85a8996863c3e94e15c2bcf72b9132f943ff1fea04d
BUY,0.9949996243872662,2.010049,1767101107,No,0xa34889d591504a08e7898c7761aed93c512d3dceefe77219cae438ba2623cf72
SELL,0.994,40.99,1767101083,No,0xc7a111dab6789bcece6aadc9fa8d13ca6b7c91268b6640d5d48aeb770bbbaa30
BUY,0.9949999253749907,10.05025,1767100315,No,0x89b780dc192ff1afd56883f6c2ecc8d333b7197f49a4f73595ea2adedd9eac08
BUY,0.9949996479947434,1.065325,1767100145,No,0xa200a60b9f8bdf30c9c6d8afce96fff99656426dd74fc1a659303aceadbb82cb
BUY,0.9949999930540988,5.758792,1767100125,No,0xeeac0bc69e1dd74e5d8e22b8321dd8677fa7f81a1a2d10eb3087436447a18b70
SELL,0.994,679.84,1767100101,No,0x2d234c93ed820ffd42440889d8ad8777df325b802086f52ee7829e20fe5dc280
BUY,0.9949999617307608,7.708541,1767100097,No,0x06a2ecefe18c678e04201bb0d7f5613baaa11b26c1632d1277ee26080041d242
BUY,0.994999999955872,679.839194,1767100073,No,0xe35084b62017576a74d122a137c6fac104e6c8e5069a2c6568922b322c8de5e3
BUY,0.9949991243990193,1.005024,1767100037,No,0x487dde7bb2e00a3c8af01f4c4b56f0afd4bb44aa015df2d4dd607cf48c87fc8d
SELL,0.994,691.64,1767099915,No,0xb93a52ce5123d314c5641aeccf706f4495019bcb4c29dab050e3db180d994d26
BUY,0.9949999988433427,691.64824,1767099851,No,0xf4e9a05e75d646fcc5768c116cf0410df2d21851a073632197a972cb25ae648b
BUY,0.9949991243990193,1.005024,1767099843,No,0x0cce64846bc01078b70d3cc734ccfde4df629cc20efe50c91fc147d689f3a422
SELL,0.994,30,1767099813,No,0x8416c358f0bcc4cdfc2bf8c382dfbd2a67f1cbf1a8e007e71d41f859fabf7233
SELL,0.994,450,1767099775,No,0x45c4adeefbaae0f81ea81bbf59496c19698d70bd9b4b1267a8566adb437b0e77
SELL,0.994,567.85,1767099757,No,0x43003c40adcdb736c790391a4c05329f54c0b7f8160df97e6e48bfbb7a314296
BUY,0.9949999990754752,567.859295,1767099711,No,0x00da73332ed36c6921758191cf7119fbc7b7090129725de367c4587be3d21a5e
SELL,0.994,1000,1767099651,No,0x10af477e3a5ced6e7358be9336e0eb87b7d214258588c89535e6372e44d49705
BUY,0.9949999759007937,15.145727,1767099603,No,0x87da0bdb2bb8376eb67a5d66958c809e349eb037771a1917bf7c761bea6ecc3b
SELL,0.994,20,1767099553,No,0x8ec5f338b631e8fbd850dd1778ee4b10e8a419acdeddc6de9b3aa989ae7581cb
SELL,0.994,8,1767099515,No,0xa915eac66225e677bca0e0990aeda7c019f669bb14309c33ba19adb9b49a9559
SELL,0.994,180,1767099393,No,0x81e569a023d99eaa0a032ba46b559dc6ba8872879109f68762f60cf4a8a127f0
BUY,0.9949999824690463,21.105526,1767099377,No,0x6575e05104560d2f6fe74724f11490b4427e82e898fb6f20f2e06c111a52b339
BUY,0.9949999917083323,15.075375,1767099375,No,0xc7276b751484a640161dc3bfd1fc2ad594060e7223ba0c30151083f53b92f1fc
BUY,0.9949999253749907,10.05025,1767099375,No,0x7ac1058de4da33cc0204e80b3592b1c89a423ce5f922cf8869683a1e31de3b41
BUY,0.995000000621875,8.040201,1767099375,No,0x0468294ba059ea716b45c6362cd2c6e2e9324ebe124a5275e4887c1fe41d1c78
BUY,0.9949999712980734,13.065325,1767099375,No,0xa982ca5fd46cad93e47859c177c20ae652aa063726ba717d39c077525f91ff27
BUY,0.9949999253749907,10.05025,1767099317,No,0x3ee25ee79cf1dcabd937f5a1da8809e9116a646b01c4a3864098c29dcd70ab02
SELL,0.994,116,1767099315,No,0x1fc0eaf5063af38b890f9d2921be20ab62fbacf471e939d0ce9692e4b2cd63c9
SELL,0.994,2.01,1767099247,No,0xf4d646e884807b7dd1ef950fdaa3ec452907a6941a17d1f98afb6f46b2ecf8b6
SELL,0.994,10.06,1767099221,No,0x88978b7f0ddf52001e697901655452729fa0ca43690ad8125f2933e6b2197c4c
BUY,0.9949996243872662,2.010049,1767099211,No,0x3fecab0966d98f60ec0b5cdf94b029a78d299c68f789bdfd3e4755014d78d229
SELL,0.994,216.24,1767099173,No,0xc00cb91d5a3675122561bf547b2b246d61a4b06665f2fdd9064993a505896dd8
BUY,0.9949999253749907,10.05025,1767099153,No,0x906c54b862a11c291ae09edf7557aae5d07b0ae598b671b4610692423414d6b2
SELL,0.994,1.97,1767099129,No,0x113881a29f172ae468d78aef4ff63359f1ae46eeb0f57c9ee28dd137eb0b2cde
SELL,0.994,9.3,1767099125,No,0xb7084eebfda93cc64a92575998f84a9c27086a2461169848b61f144f251b730c
SELL,0.994,26910.24,1767099121,No,0x06c190f8f6d047762c3fae616b809ef382631bc665c233d7adef9c0825cd96c0
SELL,0.994,3914,1767099087,No,0x72d5be931d81212649666856965593098f98ca6bb8a9074300655a20769fd289
BUY,0.9949991243990193,1.005024,1767098883,No,0x01b712bcdd20a78dfaaa43ad42ca28e00f6b0317f514f28a075f20eccbbdbf1f
SELL,0.994,8.47,1767098883,No,0x37f64bf1aa39082888adb92de026454d7516578be83a3e1b853b17c3e78f4ece
SELL,0.994,340,1767098857,No,0x692a2801833e25aa5237fe5d64c90e9ad280a188059a448abb72198bec53f55f
SELL,0.994,1.06,1767098707,No,0xaae84b7932c515d2b5086fdfd463c80187e140b6570a94af8e16e733442b5574
BUY,0.9949994077373197,1.055275,1767098689,No,0x78af29c0088ca2a19ebc0d783bf6a0c9fe2c3f2c83c1f6f8ac9e4a109dedc1a2
SELL,0.994,388,1767098605,No,0x0a7e228973abe3154783e3464543e3bc9de022fb6781562f376e17794397dec4
SELL,0.994,100,1767098527,No,0x34093f12572dd1211b4c890c61586678062b71b290ebc3ddccc3699c0a27c8bc
SELL,0.994,4020,1767098469,No,0x1f099c0bb41be05b0625303547056ce7a4ddd2305619db7854a0d27327094614
BUY,0.995,69.83,1767098449,No,0xa170bc1f4d3da54f7d79af8a6fc3af0c083060c3ae340061180dd8bb07f8a6ac
BUY,0.995,68.78,1767098285,No,0x55f6e7492cf62f750e85552c0eb04e8ef4730a7dafa9d6101774c29da27642d6
BUY,0.9949991243990193,1.005024,1767098245,No,0x40520eaa19b91060df522a9eb2c80899425294c4f5c588c1fd139205d5342c02
BUY,0.9949999879504584,54.773868,1767098197,No,0x0eb3cb684dd641df6dda0df2845b152918ff265a809e34e25f61e00dddefc35c
BUY,0.9949991243990193,1.005024,1767098165,No,0xc6c617f5f7b4a4010163acaa0763a64ce7f153941aaaf7975ed65e8151297c4c
BUY,0.006000000060000001,166.666665,1767098137,Yes,0x741e92641857c6528c1c351a210bbc6359ce5276d314b2c3b703bb99c9b45af9
SELL,0.994,954.6,1767098125,No,0xd10ab0e71dc19838cc66af0ed78e042627db0b6225e25289e303b056dba98c34
BUY,0.9949999243799755,5.025124,1767098087,No,0x8d0ced7b428d4f7021b7cd37da932df7c947c7638fa4afac99d805d36afc721f
BUY,0.995,68.88,1767098085,No,0x459add011f8f449f1a1ffa8041d50292b4dc02168cb8558c488452b6939c6ca6
BUY,0.9949991243990193,1.005024,1767097947,No,0xcd2e76bf4f96a3a40247dbda21385852def2853397acf484a58bd72e5e788188
BUY,0.995,66.29,1767097927,No,0x04e728fd239250ac4e59c65416cc6f49df7ce82b93a41241bbd677e5190ef673
SELL,0.994,1038,1767097907,No,0x891435007ec881ec0f0afff589e201b660785d87ee236ad5963d1f54ff25d287
BUY,0.9950000004152755,12.040201,1767097873,No,0x827c7d32d5b443ea2dd6d8500ab4da6c5aebefab82f60964685a042579fd6357
BUY,0.995,67.59,1767097823,No,0xb14392d0b4579223d55f349db8ffa6a9b93361af2cc22bc212f3aade222ea7f2
BUY,0.9949991243990193,1.005024,1767097693,No,0xb79e27dd3877ef791352185e9657081d7051f78e62989dca6eea9956733a5843
BUY,0.995,67.75,1767097687,No,0x6160defafbc4dbb408c9aeebbf4114f1596c8561bab68619da3142b7bf25f60a
BUY,0.9949999243799755,5.025124,1767097667,No,0xc2a031dcfdbc390cf743d11fcf95fe1bc89cb9451d7d679f9f813f5899be3db2
BUY,0.995,68.18,1767097589,No,0x26222b6b92128e461ef5af381a9cf60ef0f5f4f0429360924593c611afcc42e8
SELL,0.994,3950,1767097569,No,0x3080b0151acffb60eec1ae14725ff0e1528bfa50415f2c4056f5b29273bf688e
BUY,0.995,66.27,1767097495,No,0x331304e3ab47d7aa939ae66c78b1743e41148ba5d780c7ce406558372c6eaa56
SELL,0.994,79,1767097461,No,0xfebf408196aad7083a2d489648be84738adcf7bd3226ecb9ef6d6f2fff5632f1
BUY,0.006000000024,333.333332,1767097355,Yes,0x7dca6657eda33930da9a6ae5c19cc842495cd1103703cc6d8344c18d0463109c
BUY,0.994999911481913,10.562813,1767097277,No,0x7baabfb53a7554fe5369a6a110abda571e1a9c22db30e2274ff4094bd08bc45e
BUY,0.995,65.33,1767097251,No,0x0aabdc455f8b8a2dc344221d9fa237625586ac1cbaf78f24fd25f5c948425e54
SELL,0.994,1026,1767097187,No,0x699db5019c928deaf9c807e914b51854fb03f058e69b46d8a0ec3bceef1f154e
BUY,0.9949991243990193,1.005024,1767097159,No,0x02350323a8682e04fa4d04ac74198946ec0c5a3f129b60692a2f4ab01cc843e5
BUY,0.9949999742894019,11.66834,1767097079,No,0x41a25068dc7d32e570789d917dfc6146a1f4aa5138a47e74d95ba9d36514b225
BUY,0.995,68.95,1767096977,No,0xbd537b2abb209964127b6c2b5a920e979fd20b56b74e0657f2324eb9e3187cf3
SELL,0.005,160,1767096737,Yes,0x2969cc99493f76c9216a85da86e4e6c7307c88b69b7459ff649e22993eb0c3f9
BUY,0.995,83.83,1767096699,No,0xccc09c30d735c21fc95c00b6efbb46639ec5ed754a312bdf761cedcf63a08fb9
BUY,0.994999837597653,4.371858,1767096627,No,0x47f3f38e64a0d4a04374d07d87cb41a70fd4f00a79c2fa07e01b3e95bcba2acf
BUY,0.995,59.95,1767096581,No,0xc1d2e3680f2cdaa195187f35c8fd99fd5d10258e65e641366987956cb1e28425
BUY,0.995,65.88,1767096511,No,0x5d412724d6138941bb72bf23d28d35c81941596279d25a219393536e8072dd90
BUY,0.995,67.41,1767096433,No,0xb249c3a9127b7b3edfcebe49c03494418d222258324cc80c0647d35b0a89d92f
BUY,0.9949999827467977,51.005024,1767096371,No,0x5a6719e58be8ac0f803263eb61224f8bac6217b0e7184e96ceca1c8f1b4abe21
BUY,0.995,59.02,1767096335,No,0xd7a8f0bd88326a239707075c538691dc085429db1ff14d2653b0adee6a79566b
BUY,0.995,66.87,1767096191,No,0xd2eafe944f34051461b32038f1f0007e954e02ce56e330d90c6d8821b48b03aa
BUY,0.995,65.25,1767096073,No,0x06e152ebffb9d3664b3a8f634e6ff3f4c26d7e15735992d2530be7bad8e621f1
BUY,0.995,68.75,1767095975,No,0xd857e57ff6bfb9618e5cf89742856e4e0b7d20c8127f04d6d723bb91ac461882
BUY,0.9949999629177065,20.090451,1767095963,No,0x91b28a816004b538d26ec8794b9af0edad2f88d193e1066c805b75fba8911cb6
BUY,0.995,65.4,1767095883,No,0x18ada22d82a2e12f64c192d25f7915beebeceb4123139e31c99ac987d94293d9
BUY,0.995,64.92,1767095803,No,0x4944c194f7b475d03bd8da552d731d5ee1430794133f0056a4b3392e9d312aeb
BUY,0.995,62.91,1767095717,No,0xa6541426a1ab24a88e724c6fe505ee43145c697520cf18fccdeb6ca970d0a14a
BUY,0.995,712.04,1767095639,No,0x6e4484014e8e6af7885a57bcdb761518fbd299dfe9e6ebc180c3fcdb0c13ec19
BUY,0.995,68.59,1767095629,No,0xdf6386faf779c4f240a0c6eb9921075e1c76f02f11d0f484a37e7b234091e168
BUY,0.006000000060000001,166.666665,1767095595,Yes,0x945683a1de80bc43077dbd777ddf4e16ec210fb061c14bb6939de484696301db
BUY,0.006000000060000001,166.666665,1767095591,Yes,0x41bc18255d86722856485fc36b6c73cddb774d264be4e20869bf043eb7d4ab9d
BUY,0.995,60.8,1767095537,No,0xbae0df02c154cf73dd1a0223d0740c7c996cfbc17aaf7bef6430eeccb0a565b4
BUY,0.9949999967101394,27.356782,1767095535,No,0x86540e89ec9914c578a2b8bde09579ee1f73821722e850186c6c8ed5c513a24f
BUY,0.995,66.21,1767095339,No,0xf665721d2dc39213fcaa15011bb8e391f863b498c670a21e1ac390eb3e5065ec
BUY,0.995,63.51,1767095221,No,0xd05fc484614222cfaf3a99a8f81513008afead7682fe7fcbb10bd413f33052b5
BUY,0.995,65.23,1767095063,No,0x33fb3c4be5880cc21d16705eda8935546cc977288fa9355e51b413fbfac53e02
BUY,0.995,62.86,1767094767,No,0x846140a3d94e2f46a7483b69660e4fbd7b48dfd7a49c3a2d1ea898aa09df605e
BUY,0.9949999955722499,100.502511,1767094745,No,0xbfc63d6e8f1959ca730d3104863ea4461128ec6afae97ae17da75c5501483a60
BUY,0.995,25,1767094735,No,0xb16fcef8d7779ddba139c7a6943571931bab0203306a43a27e95ece2e9c2fcd5
SELL,0.005,235.71,1767094721,Yes,0xf46580182280709aa35d455cb76dcbaa97935ca5b703e9c083cd7e75678d52fc
BUY,0.994999944722218,15.286431,1767094667,No,0x8ba86415bf7009fab964eabd4904b09bfc55f779858ed7674e747fcebe327ccd
SELL,0.00521940887763551,833.33,1767094647,Yes,0x6c11d1f1770c6378509e9b5a4109c1610941c843d005fe642cc5c2d6d872f49d
BUY,0.994,540,1767094629,No,0x5bef68681f7cd1f054c75f2fe2273b1b50ead39c1e4c10d95eec620f8d92516a
BUY,0.994,66.34,1767094543,No,0x895ad54551bc5ad02fdf10bff735428862741a0a4f7e3aaa8e58fcdc964b752e
BUY,0.9939999171003904,10.060361,1767094453,No,0x8e8ada60234fd91f89fbb9ef766fd96c962e44a3ebb976e50d27765e9f01f7a3
BUY,0.9939999920976996,40.241447,1767094453,No,0xfdbbeddeaa00753834c8bf96d55d095fe813ce32eddf130762edcd637bbd3643
BUY,0.007,3013,1767094449,Yes,0x6871b54994217866fc74ea906da7f35901bf8fa0899ea16daae4caf397695eaf
BUY,0.994,70.46,1767094415,No,0x91cd32eb32aba84abc64b5a70dd10de722d3427f3ddb01b802e7156dc2dc3994
SELL,0.993,1.01,1767094269,No,0x55f47d00423739b8f39788c48c9efea4a4e7fd47546e281018a455c0612a84c8
BUY,0.994,70.32,1767094229,No,0x39fa669a640f4a06b1887d0e3ed67301eed468f6453c51a946f88c87688fa8f2
BUY,0.9939999464280931,15.754526,1767094223,No,0xe108f089ef49613896f1cc375d394623699eaec47a337ee7f78342a12fac1dd8
BUY,0.9939998535157644,6.307846,1767094221,No,0x546db2617c5548dc847be9b0ad2473eece2fac323657321010ea9542748ff297
BUY,0.9939999925196424,31.549294,1767094219,No,0xb7f976d56ea6bd54c22f30605f8062f8d3d0af65c59086d1ebf395935604688e
SELL,0.993,63.16,1767094215,No,0xb4fbb09b2e1749b902c7a8e7591aed450caad6abddb106b62dceab287c43c400
BUY,0.994,68.5,1767093995,No,0x6adc3657957f6c4c82690819da0e52734c358363c447ffb1e67a1445efa5c0c3
BUY,0.9939999017832261,1.690139,1767093945,No,0x889fa7fdf352883ecdc973bbc6693644ff0d48b646ae8f17250e5de1437a42df
BUY,0.994,76.93,1767093913,No,0xaca6c00a16bf705d691c1027d4316873d6afd224e6fa31b1abf6d3916576247b
SELL,0.993,1.06,1767093877,No,0x6cbed537c4887d17f4a6243ddb18e3bf5d0966853b66468315d6bfadd8ab5ff0
BUY,0.9939999670985978,20.120723,1767093841,No,0xc07d6e6c2234b5cdfe67bec4be407ccb3a33c4e3be92d6ac08b8e5bdca76e483
BUY,0.9939999171003904,10.060361,1767093841,No,0xbcb9113afd5d6e019a68ab6979ef5296f0bc43739b1ca151b5540e36bb332f09
BUY,0.9939999920976996,40.241447,1767093841,No,0x811181ed90b442d214f8fbd26f33802db82958d8170eb8f8842810c39547095b
BUY,0.007,1785,1767093837,Yes,0x498f950cee180bc71065a6e317a58551eebbd6988de29aa0db2af38acb38de11
BUY,0.994,74.84,1767093827,No,0x978854bac9845c2d7b5bd183ce9db64fdf75a37d1b4fa7f7def85d7d15ac6d0e
BUY,0.9939996750381511,1.569415,1767093775,No,0xeb94b3b520ea05175c097c357eaecb307f5f07c60a76067315c857f211468eec
BUY,0.9939999766821046,40.140844,1767093765,No,0xa6a88dc740de72b66b9e8bdfc209ef1deea1c223100666587ccab86cfd6f4054
BUY,0.9939999670985978,20.120723,1767093761,No,0x5b9e2870ea87bd642467594c5bf9b5c8355d61aba81bf9caf5e6599c8583fd29
BUY,0.9939999920976996,40.241447,1767093761,No,0xda9b69f082f81b83ad926885315060bb95008028fd058f8f8c94c4870899d7e1
BUY,0.9939999171003904,10.060361,1767093761,No,0xf5ae259bcd4ad5b17b76a21fb9dfeb1c4616009b7903e7574298f751bf25c853
SELL,0.993,170.83,1767093757,No,0xf4fa6b9bc4b0fd3a37baef05290efd40ce0ccbd3aaa6dd6dae7d529a2885b1d0
BUY,0.9939999439133144,17.223339,1767093705,No,0x4555a8409264dcf9035dcb9dd095fec6062f40eee71eb7c24f95b18d5fba8291
BUY,0.994,72.88,1767093685,No,0xf2e31f15671b2b373914504e688e7c1e5eeaf51464d0df8d33da2510fa2d8893
BUY,0.994,77.9,1767093555,No,0x2f340d06da2184cc83e32421ef6d776390c3d1da50a9b5d8c994f717c23bcd2a
BUY,0.994,67.47,1767093453,No,0x342b03d641bd114197a49555f15d2ed4e3c8c8652f3f031aa922e516f5d73074
BUY,0.9939999171003904,10.060361,1767093375,No,0x3b5058972e821f24d7b59d882f588b9f4d4a4b44b2e7e5e6e2c53fff4496ce28
BUY,0.994,83.68,1767093359,No,0x9cc154455056db79159407f23df82fe76030194f206ffcea34e813aaa533d686
BUY,0.9939999065166384,5.070421,1767093347,No,0x69d78bc7d759ee4dd105d5be078ee24ad6fda53e9fb076e095b6cab7f4d52c3b
SELL,0.993,18.15,1767093303,No,0x31601b47acc15d190be9808f9175c17b817215edbd752f17bf5f0551f633b34d
SELL,0.993,2.51,1767093283,No,0xd0066c92be8bc21b68a911cfe46a20a86565369890cefe59082865d3a12e8a68
SELL,0.993,4.92,1767093283,No,0x270bcc168ea85115a139cd5cea411426a7d96b488c9bbcea45ef4e04c2a12323
SELL,0.993,0.96,1767093279,No,0x7edce7d9ceb6440c3d543be6a4d001bcbc74f87e508db733eb37925460d17ac3
BUY,0.995,100000,1767093275,No,0x76b25ec1433284a81226e035b183c861c8968225e44e77f6dc384455a086dd98
BUY,0.995,48.99,1767093165,No,0xe34ef50f5572af95acdd4f988506512ef2e5d19b355dce44663b8391e90383a6
BUY,0.994,29.28,1767093137,No,0x93277a1a54b28a245e5de93722fc232073ac09466f21a2a74f85cc0751a2c86d
BUY,0.994,2.012,1767093103,No,0x4a2fad17d0e6122682fed5f5c2a36d1e4162a5fff181544babad0706d7548428
BUY,0.994,68.7,1767092977,No,0xd72c1fb4349c98056e5e47231ed61b25f4276f6f4f645931b2f965aa4db444b8
SELL,0.992,1,1767092657,No,0xf8b51f7264561e7ae25dc550aa633c4e0c2fd9797340e308073719723821a534
BUY,0.9949999243799755,5.025124,1767092485,No,0x720bee06a58135e38e667fc5a62ee0303a15461f24b3c21e4900dd5e9a531b7f
SELL,0.005376400259221542,2268.33,1767092417,Yes,0x7a8002bedad31423041a608f3c1e0375a7bfc8d169f0b3ed69f96f2ef42fdd4e
BUY,0.9939999317295796,9.315894,1767092393,No,0x789ab9e714c1d9f65d6e10265d46fdfeeb42a5d277f366c76ac31f4762d1d371
SELL,0.992,10,1767092229,No,0xaa08758d594e8b5b86b662f322d6713348e6f91fe84bbd16947985ded8cd0282
BUY,0.994,729.26,1767091897,No,0xd40d57a2396c6a17a54611dff8981d920cea83ed9abda10b2a2f6402e4a0a9f4
SELL,0.992,12.19,1767091877,No,0x58dc183c8dd5b6f9eb062eb1d10fa9e6c143931377ca0054a2118d2afe449ab0
BUY,0.9939998844345755,5.814888,1767091807,No,0x390020a4d5692afd77b1b1417e3cdf0a4dc76f549633b7b705a90fd3cd333c3b
BUY,0.9939999939515493,17.525149,1767091775,No,0xb4099b2735885c716ba21a0552400b20dbe2a3deaa76bbb65700697b8c79327c
SELL,0.992,1.02,1767091673,No,0x9c30bd2fce0e81fe4361bfb069bad3f1a8c74482d0cd5d12151d22af3228a323
BUY,0.994,198,1767091571,No,0xcec0db545f127e3f29d708724e4a375f6ae522aea71dce6f40090e4bf770663c
SELL,0.993,6.34,1767091393,No,0x50c170daf04473bf42f00059773452232403f4367bcddccec1a25b7bb6939ffa
BUY,0.994,277.04,1767091287,No,0xd55ad6f4f57499db8bd42f622c0a841f4a6dbe4af1f23ffc447a828b4317a010
BUY,0.994,79,1767091189,No,0xa4b8789184ebb8e73f1a37b4ef7eb768c12aa5b502d681fed7497886d0b51e10
BUY,0.9939999750637563,20.291749,1767091047,No,0xc5aeefa6e1d8e1bceed49b542c7e572abd8fc20c7d0c4bab2bbd65a56c73c2e2
SELL,0.993,5,1767091047,No,0x3d5a581552458617444a5c8cc2588d37a8d65848a66a74aacbef7e614b6d03ed
BUY,0.9940000000268958,148.722334,1767090783,No,0x18752978d20fa7623aec137d24d076aca0f97bb82fd17b8a760d1d88272bc0ab
BUY,0.9939999991114903,123.802815,1767090783,No,0x20cb3ecf57dee1fb08281afe04d1a1f2b5fbff3b48e32c645091f4c342b583e2
SELL,0.994,396.41,1767090753,No,0xd517412326a655eb6c77df9bb4e28862f91ce95434e2ef0b3c9f0cc6482ed6da
SELL,0.994,177,1767090631,No,0x0dfe75abdb5198d0bc4f10146bd673765af69d878e9da93356d2c8a0313cf6e9
BUY,0.9949991243990193,1.005024,1767090469,No,0x3f18c407d7b1c267380c07db354cd281381fd37289e31543b4c2ff5a005eb714
SELL,0.993,10.27,1767090359,No,0xb95f321472f3fb4221b434bc61e654c2339400d9e5af294945a59b2fc88ca5a4
SELL,0.9932771038461539,2600,1767090335,No,0xc7b8d16b74d58b9a87b71032657481c651f5c3045987144fdbc1f5aa3614017a
BUY,0.9949991243990193,1.005024,1767090077,No,0xa30b53a4e69d431749bb13e01218085cc609f9929cedd40bfd5d31470fe4f7fc
BUY,0.994,213,1767089995,No,0x1807beb2fdcfe7bd153774ed003089b32fd7482b587d64c7ebb1a5bb86061ea6
BUY,0.007000000042,285.714284,1767089709,Yes,0x06faa35bff9ec67b0ce6c8b7fdb0f1cb6a278290ec0bae977fa3ba0db795e33e
BUY,0.994,330,1767089701,No,0x5e73d41aaa71600b3f10fde600b23a7d43f9797a444438facf6a6918ff373242
SELL,0.993,0.21,1767089607,No,0xdbf082bff18816745e56d290cf49d9d7395d20f70595488772ff1fc7a1585f5d
SELL,0.993,0.01,1767089607,No,0xedac903384de04b6317150830db63afac40b2c916a04fc01fb964e1fe7c8e814
BUY,0.994,18708.47,1767089585,No,0x29082fb890445a5b7feb50355c6b14194360d2fc29b734cd5cf81dfd283f6ceb
SELL,0.993,8,1767089453,No,0x37b4db1029df4e89186154166807d95437906be2f38119c6603ba95442b751a6
BUY,0.9939999662310136,25.171025,1767089157,No,0x8bfb1464894133ec420987b009e74ca634d9c69b8e04049408a13e9ba3704475
BUY,0.9939999307039851,7.042252,1767089067,No,0x1d385c397d0196f1be491a7c66e6e4b26d3e9261bba5a2ab1ca5b8d070e13311
BUY,0.9939999307039851,7.042252,1767088711,No,0x2319f2acd642e4e35ab0080a2e15a0df6f8e4c7ee642731797fda66f0d263594
BUY,0.9939999171003904,10.060361,1767088651,No,0x6d500c1838879a122aae54dd7e042239dbb1f237ae1e6e75e3f9eaaa05675d72
BUY,0.9939994806852791,1.478872,1767088443,No,0x95c6ba1fdf0e7e08b503286efb4f83cb020e63c761b128aba35df2e097203a8c
SELL,0.006,125,1767088271,Yes,0x9f30a3e3c69761663a99450b85d00d6e50d934fdf47756617ee2406c587672af
BUY,0.9939996888343389,1.15694,1767088239,No,0xbd4db87c7136161cf3b7b2976322ff00965dafe086ee76c9987e4a4bd8dd1997
BUY,0.9939999468997117,10.734405,1767088123,No,0xf22055a21a72a9830b8b5949b553a1bff37159f02b7cd7c78488e92300411ff2
BUY,0.9939997147217966,2.012071,1767088091,No,0x932535baa2d0e89f40af58a35d67946de8c19e85db59353aa0383ab80fc7e2b9
SELL,0.006,12,1767087963,Yes,0xee9c3d2cccc8cafe22125295d936be5fcfe038df39fad08fffc0399f9057a6e6
SELL,0.006,657.91,1767087839,Yes,0xa0a35a197eea7dd535b6a4872a348131d2750041e12e09bc87016ddcd3595c7e
SELL,0.007,100,1767087633,Yes,0xf172fe3572e4c45976112e2904c163b05665195b4f63bb351f360aada1444538
SELL,0.992,0.06,1767087339,No,0xa131068020ba5229a4d5db75a1e1e2dc6d87fa7d8ecc4e46719070eda9d5c5a7
SELL,0.992,1.64,1767087325,No,0x55a1f7437609931a2ac284fe75760c61fea142157c96292c0f72439901743705
SELL,0.992,9.45,1767087325,No,0x7783f7812c10ba43a1b6561704b3849e55d46d48fc8787ae1d898acbac0d7575
BUY,0.9937760659436617,10085.56187,1767087317,No,0x205550aa34eda13d2e9b70f486ec5f8e02892634cc3a82bd2f0ceb82304a80c2
BUY,0.9929999719469278,15.256796,1767087069,No,0x7004f0a3a2d05b3aa05de70f4b52c6d47ac5a219a2af44d944dce612fb2278b7
BUY,0.993,430,1767087067,No,0x539564adf07c8ce2db8d09a1d5e44706db2e8befc91cbf684733385a47f5836c
BUY,0.9929997378476497,1.25881,1767087041,No,0x7d1bfa52e1334cdc3bcd60fcb87ffbf9d880134b4d811a01fed57134c24bd59a
SELL,0.007,100,1767086515,Yes,0xeb0963902458ac8df76457acc15703a1ead48cf5c6648b8c1b2a9791acad41bb
BUY,0.993,65.56,1767086457,No,0x5d1017bf384c4625184e601898aee3875cb3c4c6796eb3dfe5959397cd6b2829
BUY,0.0086352,100,1767086389,Yes,0xaedf7d24bf82883435ed8e8d1955b8af2a303105f9a39ea30a2bb3eb452c2fb0
BUY,0.993,67.75,1767086113,No,0x24c1ab3379e08d3e5d1baf94ee53f51a1946165bd4770cdf424cddd0e05feeee
SELL,0.0053106,700,1767085847,Yes,0xa1a7d48f5bccd7d64406fbf3f76e4be68cb4dd65e87c41d754661f4b8023523c
SELL,0.006172512938470385,86.95,1767085819,Yes,0xb3bc42ac9b4fe4da18b82a69c78359224f6dd12f061b5ffe110a0357f4154257
BUY,0.9929999975630975,1.641428,1767085733,No,0xdc58a951bb72385565f181c42bf3a85922bcacdc5e97f8b5ab7405ef0db86dca
BUY,0.9929999993654918,9.456142,1767085731,No,0xe05aec0dd64db475156c88d068c36f7566a20decfb70ecd66e521d42edeb0fe2
SELL,0.9903629597718607,81476.55,1767085723,No,0x507552fa21595388ea74a2bf3f9adfd8bc4351db422e0e23b90b7d056381110a
BUY,0.9949999655999391,17.296481,1767085703,No,0x5b23ff6cb0c7559b4765e6567e1d87579d6e09b83575b109e48b16353870b239
BUY,0.9949999352114938,10.572863,1767085695,No,0x055495a6223461e754ea8bec716a3f11b0e469ecb981e987fe013e509ea886d9
BUY,0.9949999577124877,6.030149,1767085467,No,0x481ccb919f6a7819d501983bd599b84a3e5c49f7c232ea4a54f8da1277396211
SELL,0.993,1.05,1767085449,No,0x36b8166a32b20d937a9b7d49fb208b01f4cabf62f710c200a226fb26b9fe6b6c
BUY,0.9949994077373197,1.055275,1767085433,No,0x4f0a10e21badffa9aff228a0755967b0436bd076c9d37717a1737b4ac115d996
SELL,0.992,201.62,1767085301,No,0xbf6099e527ee5a976f5e9c2bf6d5a563cd12ace11c599be110287c8f45947887
BUY,0.9949999577124877,6.030149,1767085077,No,0x0d4739c9c2f619087dfe9d3d6ab5c8bb31b271395a2773ad9a22e5d9d5ae70a8
BUY,0.9949999802481361,12.150752,1767085025,No,0xa554ac699942391cc9a32c6e79d9d1dc872a8ebe7ab0be98c429249ff99938c5
BUY,0.9949991243990193,1.005024,1767085023,No,0x741de90d216aab85e5f814b618b9f598c3233e83b5d26504c6b6abd832eb486c
SELL,0.005,326.15,1767084941,Yes,0xa52448d08fde801eab12096985f2d50e80c0d464a0922e7de411d6d49e200f63
BUY,0.995,4185.11,1767084919,No,0xfafc3da5fa0f8af1a2a70fbf74f01dd258c449e60770cd533d0531edca7475a8
SELL,0.005,20414.57,1767084859,Yes,0xa560c368cfe20a8b349eec20baf6f119e31ba6960f3054c31967b55997b9fa60
SELL,0.0051177899499180975,20414.56,1767084809,Yes,0x477b120579884f700d87127e3d0ee2f9d204ebcf4780a6f1ecac8e62c6391e81
SELL,0.006,1000,1767084613,Yes,0xc1ba7072c8e2d9cfa4c80e549e0834b3e9e2c14cdb9bafc452ace79bfea1a27b
SELL,0.9925370831850006,84.27,1767084353,No,0x5a5e402ea807b961f6f8459ec612fb6f70942ef205e7c2f8124e5df51b8eabdc
SELL,0.993,78.74,1767084321,No,0xc0cd82f9ed810bda0431ab5e1b0b94668206b41ce6b8ee59b119680a2149ffc4
BUY,0.994,10,1767083991,No,0x3d23eb08ddea3ac93d9bd2e95f6934b67962031aa4a6022977ef108f7b47fad4
BUY,0.9939999881607923,12.162976,1767083899,No,0xffa1242760b63f1be405bda952c6558ea11e6005eb3fda30e8adf38de9ac1bcb
BUY,0.9939999565077925,13.289737,1767083789,No,0x4b9397dd5431027bdc3f144a2a6c9f2fc10c22a9045d6e0a692253b8e24844e1
SELL,0.007,24.96,1767083769,Yes,0x130e050f54a759e0992f5727f599282485615b4676a342c268b9ee64275d120b
BUY,0.992999981044539,15.035245,1767083741,No,0x2dabc580ce2a809ff98d9d181a99cc395884fc613d48b163649a0addb69c6df2
BUY,0.9939999589574158,15.59356,1767083663,No,0xdf9a3571d16d6a61bfa2d6f013ea480880c644e22918eeb4d777962e9b23e859
BUY,0.9939999454161801,13.92354,1767083625,No,0x8175392cc09d1a16942d3fbfc731d8da70f7008da1d9a1d83432cca622b3c500
BUY,0.9939999858277319,10.301809,1767083277,No,0xb400845d718ff41db5ed0f8dfa08d91fb80c91fd37928a7ded8c81c24afbf715
BUY,0.9939999992066934,1056.338027,1767083275,No,0xe201fd49f9052595ac1fa51f03263289004b4cc99ac47d4097248bd85f171abb
SELL,0.006,160,1767083265,Yes,0x6ca571f4b3dc7a0aa27acaa1cba2ec3ef64e957b3991badfe92b2db5a05b255a
BUY,0.994,68.01,1767083173,No,0x56c69c1d4723375f543a9375ec7ef92217aec7836dd5f320043085b824cbc7e3
SELL,0.992,23.75,1767083113,No,0x781a4d38bd73bdae4282fc147cc655ebca68788b1233e9a50a3ab54a58de295c
BUY,0.994,62.64,1767083067,No,0x7fb4d43911edd4e9efca9a1b779e3abc7eb54fe4f1e10e4452fca470b0d85169
BUY,0.994,65.02,1767082913,No,0x1de3989a61439522bceb454ce3b706afd4564dedc6eb85a076466e4faa5e39cc
BUY,0.994,63.04,1767082833,No,0xe1338781d8e5b65d92ca48086c5bd07175b066e594aad478dfbdb0974494f365
SELL,0.992,5.37,1767082825,No,0x88f99c9375b4dbe68b1ac03833647aaf20603d19f92af78b527236d35282bdb7
SELL,0.992,12.9,1767082823,No,0xc3e0a9d687c5a5c081df77fbb6290200a665b4a477fca2bb75976172f2a48f22
SELL,0.992,160,1767082811,No,0x5bf7b9ea6c215f54e4d0fbdb9c00d8537d34c04fb30cf3c0d7288f7a7e7fd4e6
BUY,0.994,69.62,1767082743,No,0x19b9cd0a75550a9f606e29f3447e20c5a74108ae6c5ab149571f00ca3c7f6c86
BUY,0.994,66.91,1767082629,No,0x8e61f57e1b0f5f23c279370e548ebe4e2ce77cdad42d748831cc0c8b7b09cc9b
BUY,0.9939999953974601,13.470823,1767082561,No,0xc67fbcefc0c1f5037ced476649128bc1a324f8d3f4c85b3839900b11e893f4d6
BUY,0.994,67.04,1767082501,No,0x60b26f19464970de8ee66bf3fb0ac33a41227c431d2b5576cf6594b8c9bd8e1a
BUY,0.9939999182353587,1.247483,1767082487,No,0x61234ca206a6f4de29a6ae104a44f59b9ec16abdc69eb6209e968e2a341a25b2
BUY,0.9939999614318976,17.786719,1767082449,No,0xe17c02d0fba04e13996f2b1d7969e677c399d582ad88e1e8f21d7c825a121d2c
SELL,0.992,200,1767082441,No,0x1dcccfc529279b2242974f830fec2d01582cd841dfd6b9046ef4c622e2a03aa2
SELL,0.9925045525,4000,1767082371,No,0x28957850525eba38351293a7cce1586aefd0fa461242b3b359d201b957249358
BUY,0.994,69,1767082249,No,0xabb9bcbf57316e85b2481beb4a176a01bd9afc75f25e0bbaf95b9e122b1b4b1c
BUY,0.9939999394082221,14.919516,1767082243,No,0xa4bc5575d0a4e01c81f760df8afceb0d2be601501b1836211f15827c737ca0cb
BUY,0.994,65.62,1767082157,No,0xbd698e4a8ac752568370a4874c6b5082c1bfab9ec330939ac9ac0d04a1cc9590
BUY,0.994,70.68,1767082037,No,0xd026b70f3baf99561a220cb7713872db044b782613add1cf41cf1487e4c3cbf9
SELL,0.993,1513.81,1767081949,No,0x0aed8b1f4cec3d940e96af0909fa8b75c131451fd05acfff81a159b19aebae5c
SELL,0.993,244.52,1767081947,No,0xd0f3394c6efa08a1a13069597087670575c1a0b4c552f74e35b422f7dae65347
BUY,0.994,78.08,1767081915,No,0xa5779f44edaaf0f84f4758874cafe69ba176ed43a14cbcd9410dc3a27d82bdd0
BUY,0.9939992147390498,1.006035,1767081913,No,0x27229c7a9dc8ef90f3afdd242516251be5a5edbb37341e93bb2fb9d44696d31e
BUY,0.994,104,1767081793,No,0x5d402aa48c3558cf642cbaba126f54e9549a182c17bf7554cb4cd11ce706c589
BUY,0.994,63.57,1767081729,No,0x9dac1394cb33eb0606388f2bc89d79f002c9c4d652095f5b09a41ea301e12d15
BUY,0.994,2891.05,1767081589,No,0xcb9b179920a0a465b7daeb42115f9603d031d34ff95db7bdcc6124ad385103c8
BUY,0.994,70.58,1767081563,No,0xeabffbbfba8bc87f40483f732d1274af95db4cdc005e9319dc5e756c7c8a84c3
BUY,0.994,64.62,1767081357,No,0x4cfcae445d1a77676bca1e0d054eeaf8e604434cfd31f72fbeb295a832012107
BUY,0.994,78.28,1767081235,No,0xdbd3fa1f469e0121f6cb83895493fa42ab22bc8dd1d45bea3cde0066622a09ad
BUY,0.9939999182353587,1.247483,1767081229,No,0x208a7e9b0136e2a1283facb337824b3f4687acf0cbddd9f3c5abce6e0cf1f38a
SELL,0.993,358.08,1767081131,No,0xcdabf2e386bc49a9e9266013cda0b2f1c730fe359e5309d313c30e8b0cbad285
BUY,0.9939999972168,100.60362,1767081059,No,0x11da723b7e915b31da0d9e893dc2f5418b4890c38f36347c9999a2bd25df8886
BUY,0.9939999946986663,27.162976,1767080983,No,0xe5b41d328ace241094f39523d042b13491c077e2d5fc98eefd30943aa7d4a47a
BUY,0.994,71.72,1767080849,No,0x39822c1a3f7cbb0dd269432cdedd0a149fda242ae78d80669b3383f79f070aa9
BUY,0.994,57.14,1767080735,No,0xdd9c6658e7d270b6148be32582e7569889ef1422747047c9f79344f5529cbc24
BUY,0.9939992147390498,1.006035,1767080437,No,0x3da50c018e389b8bbfb081e532359e2c8679f1a81275c8c85559197ee21f040b
BUY,0.994,5000,1767080427,No,0x309b3d55442cbe81337260547108fc946e2e2188256297e1d715edbb7f45471f
SELL,0.994,9.87,1767080415,No,0xb38a26e68c02971667a719e75a384911abcc8fe6033a611f0e4a74d78a6d5e2c
SELL,0.993,7.39,1767080381,No,0xfc0861e9e896cc34f643bf850cee4766b6216d33a48e440211bebfb4ea023aca
BUY,0.995,84,1767080275,No,0x0728f442944e8669dd98d9e691a8ad15746d4e19399c1172014098b71d0e9c30
BUY,0.9949999991955985,1118.84422,1767080037,No,0x59c52530c44001b2519edbbe28db9f1129af15c350a837c8ade882ed8e012147
BUY,0.9940059847511129,100.603014,1767080001,No,0xb9e078caa571aa68b13e59455896fd73ac419064889eeb85606a4119f9d31a0e
SELL,0.992,10.06,1767079653,No,0x454c58e35ddb285931943fe3f3a3b09e43fb4b504af9d50f295523ea4015f46d
SELL,0.994,10.78,1767079513,No,0xd5467c9c5d2a548cae03380d65f1e3f6b66b030522855b94fcf58dcb5162e81b
SELL,0.994,0.07,1767079501,No,0xe86aa57b9ffb665a1c5e48c61d02869fc819a91ae83f94f6858f03c9717eebee
SELL,0.994,1.5,1767079485,No,0x068c56fc6dff537d9550a9a4665f5e5903299a09dbd616d9457a9b9af656b134
SELL,0.994,3397.45,1767079477,No,0x45fd66b60566bb0c727f1ca851ae05c0f1a31d77e85793b736cd2d7315d9ce1c
SELL,0.994,528.55,1767079409,No,0x4a54760ee6b238e801e98470e37b84f828effe488c011696e229609442a93964
BUY,0.995,28.97,1767079373,No,0xa172b8894bf83afc0e67125453d294abddd7bef1bbd071be62bec4dd1c8638fc
BUY,0.995,78,1767079257,No,0xb7437fb912c73ba99dbad1c51f31b8611200e7dfcfedb1a3192e85f3cffb5f9e
SELL,0.994,155,1767079173,No,0xa2dc7b04f3f798c582aa19d39d4e81bde5a7431c9ab32ac27ee1598cb92ecdba
SELL,0.994,1130.47,1767079113,No,0x0980284443c37cd16bfd4554bd9a6a0c4ab6be9294de18aad31117844223be4d
BUY,0.994999943465902,11.055275,1767078953,No,0x9882cc97ca70fcffe399c2578a5687d5853ef72db75363eb2bb8d21bdabed214
BUY,0.006,268,1767078701,Yes,0x742d28975c7b8afc9333bdc4273f7d011274fffb901f57e9b002c3fc05af0bc1
BUY,0.9949999216534261,1.27638,1767078695,No,0x16284177223b21693336eb870fba24f6e1bd321d707614bd1256a242b4e87bfd
SELL,0.994,63403.26,1767078667,No,0xf099b17e75548c62cc929865dbd537b6d057a3cad949322ec5dba5108520d656
SELL,0.005,362.86,1767078651,Yes,0x5b4618a6032e499f34e1466cb8d111524b82706b9d4c8a760a20fc5636e90572
BUY,0.995,500,1767078519,No,0xc8374bfa5e4c55a940899db9fe890400c74e0c7e12c8c949c206fb70ad08a3c8
SELL,0.994,4980.05,1767078331,No,0xa1daeea73a5376f0d49ba3e14eda525506cb2295f916cd893a31f846df26d9be
SELL,0.994,2987.98,1767077873,No,0x3c293b6b1392b70a7e5742c3d6d5b0659586818fa856ec8991602453c58240ab
SELL,0.994,4999.84,1767077865,No,0xfd7aa3ccfaf4b4f103d4bb24afcb3a5aab09c210b01808b0f5a88daf3c839e86
SELL,0.994,1030,1767077773,No,0x4882baed13d4ff9873d65e219240945457fa1ee68aa43a6ed720e2e5267757f9
SELL,0.994,1660.01,1767077751,No,0xfe6e4de7e6bd7205ee4788b0c4fa9f844a14db7ab0d79672633cee44fe806d85
SELL,0.994,6640.05,1767077705,No,0x7698d05e3dd710ecb52e269922bddfc78341fd56dc3a090fa176702196bb9ac2
SELL,0.994,388.82,1767077627,No,0xb509fd6815693612e1a48e2e9ea5437307b757397db65900ef7011b3a7b26910
SELL,0.994,965,1767077523,No,0xa45a1bfe0c28e854d1bcc712933344b3c9d1ee3a7db37db2f0cdce24bc96df16
SELL,0.994,15,1767077347,No,0xe8de2f62bc5874af28e5de6331d76a07361908fae9bea000b618974f24a85d4e
SELL,0.994,27.3,1767077345,No,0xf8b4b003b5ad8d155833edddac58d379a3491b392fd19c30515a166f1e18fd8a
SELL,0.994,933,1767077183,No,0xce591566086a9cf29f3534bb255c3389a908b98fe8162a94800909c3df8b9770
SELL,0.994,911,1767077075,No,0xfdaee4b8dbb1f3b2fed6b431a8f1898cd90bea722bfd142b1be77753f6f33bb2
SELL,0.994,170,1767077027,No,0x07d590c314a8c9471ec94bdd86a6ce510f8265fde57422435d7d1592b187a0aa
SELL,0.005,5,1767077009,Yes,0x5f7f05488e9bb9ea0c47c6984fab68e2b7ade73b7d5d1a65784c45183895953d
BUY,0.006000000006,1333.333332,1767076781,Yes,0xe622bdb328107f7ca2f733c6310d61ab9873a423f38623738f9a44ed781ba9b9
BUY,0.995,200,1767076773,No,0x8484ae7e10b672dc1b781fef9560b21fb6efa766e45f07fe512b8b9dc43f42a2
SELL,0.994,1000,1767076763,No,0xf90a0426b7955c62d671d2560441ad43a1b45bf10c2543afa911c2d66572f209
SELL,0.994,5.26,1767076639,No,0xdc721483582831e7f7e168436218f071403aaaa2b8265dbfc2acb4ece4ccedfd
SELL,0.994,15.31,1767076639,No,0x942c154f6338c393ef9bc566a219ff784c4507690db3c57fa1764b48213ee4ac
BUY,0.995,27,1767076573,No,0xf5c389f1e122d0bf1601d0c21fc46dfd64eb1b5eedf7c0275eeedfb637a16909
BUY,0.9939676573282742,3038.71,1767076529,No,0x848efd88dba0a3b7e295f6745067e57b0c4bb02411e42fc71d890799b11aa74b
BUY,0.9929999999595353,24.712857,1767076285,No,0x2f81d7ab4065ff1764e48160c36f8ae0aaaed6f495556aa48c756b065acb14a8
SELL,0.9917277626493918,6657.83,1767075533,No,0x055a60d4d0e74f878390a297f565a3825be1818a0973b87cc5602dbe113ed0e7
BUY,0.9939992147390498,1.006035,1767075177,No,0x9586009b99b234449e6852b35f18bbf08c52c2bfeca53aa513d4679dbc4b05e4
SELL,0.992,84,1767074913,No,0xec223f5964bf3f850434d3b1c22b0ebd1a6c9219968ae49420774cc8ff75d092
BUY,0.99399999977635,402.414485,1767074619,No,0x31e648c6f5e689d38e5aa5ed574f0ba413f29c32b2a787326490cc99269a2fb3
BUY,0.9939992147390498,1.006035,1767074445,No,0xdf75297d0f4d841989166af8c0823659993c9c2c589447da05a6cb3d6c88c952
SELL,0.006,170,1767074377,Yes,0x2a2bf36629134ae318ef01d2d106a0615a87e01550ed5868d5e0cbfc2beeabc7
SELL,0.992,341.23,1767074153,No,0x87c376c7f8feacf4cfb301a49c7dc3ff58afad5dab30a8d884729edfb00bdd34
SELL,0.992,340,1767073891,No,0xf2d477d4e7477953574a68c3ccb221a8322e3480a91d1cc3d72252ec470c82ce
BUY,0.993,100,1767073623,No,0x56721622527c36b43b561fbee37f15f200ccaf9e61a968eb7a1b39351ebc6408
BUY,0.994,57.37,1767073429,No,0x0540f4585640f330ad4fbfc9646573b74997009c81a1414360502454f017ac28
BUY,0.9939999441552657,11.066397,1767072991,No,0x1b1865f73caaa149adb14b0ee12df894973139d6959f3935bc5a41f4f485ccea
SELL,0.993,200,1767072515,No,0x80c18649aaca1bc5c474345b920d8257c33c04b685f21ace38d3fd8cbeea9025
SELL,0.006,340,1767071725,Yes,0xb935836e610bd1cef4b4568105241310e41a23b0cd2566c2a6e01f35526708ee
SELL,0.993,132.36,1767071439,No,0x5995f8f63302485a9e45ba9af22e96c4880c83550a5b745fe85b37723d3fc960
SELL,0.993,317.54,1767070849,No,0x76b55a48a1f33ce648cc661f60a86775c765477521b79a71c27fc7b0a907713f
SELL,0.993,1000,1767070357,No,0x58ef28d9ed069e1f9813219a57de22339961f8ffc6a7469c92b5107ff8dc8a48
BUY,0.9939999998011995,10.060333,1767070277,No,0x78aa55e4f9336555a8913d2c3ee676c1fc869a4bed93a925317948492463355f
BUY,0.994,30.181,1767069933,No,0x702794b198fb8cc35217eaa5ca211bbc09f0c085992e64641953d58ae13e5cad
BUY,0.9949991243990193,1.005024,1767069621,No,0xe157ab98f3e81168eafc6f60f32e8fd233869cac9759a861d4f68abed9b9e97e
BUY,0.992,200,1767069447,No,0x57a97eab57bfe14d524ee9a55f4851a090c9a6cd01e6cf4d5e03a46a6eafe37a
SELL,0.00600854751993709,1169.93,1767069097,Yes,0x72a737f26a55bfccc59413148d51daefe4fb019d6a542b1259ad6f6cfd39a77f
SELL,0.990859,10,1767069085,No,0x2ea429ec2f5190a53cb8a7b6cfdc2ec931a9541d38992e7eeec0f21d5234c20f
SELL,0.991,1.41,1767069081,No,0xd7f425ae8e4c8378fead82f61e1b1de8c8d5cfdfedb7e72cce89f24ec5f90c6b
BUY,0.9925727978976243,1910.22,1767069077,No,0x6ca0e119d9119020d7b3d769f58bf00f44487e086de2f84a7e02c5027b8547de
SELL,0.008,370.37,1767068643,Yes,0x51f65ad5854bc145414258452824ea3ec210f823baaac548e8f64fddbb1676c0
BUY,0.9919997272697805,3.578628,1767068253,No,0xde0e0901dc2186800a7bb4c1aeb60e8150aec1be925a6d8db888f9888630e69d
BUY,0.9924964181414353,398.187833,1767068169,No,0xdd34b92ddb8080cd144ef83f436562816b9ce6665adefa4bd8870914690986c5
BUY,0.991999414120365,1.502015,1767068167,No,0x282badbaa232b4d58dcb39be5986e0b1d6b189b12608aa3adbf4fbe9199b8397
BUY,0.9919998928883114,4.929434,1767068167,No,0x7eee8d80f518295431f7ba70027f340f1616b03ec95256e782aa911785d40dae
BUY,0.9919997864493452,2.772176,1767068167,No,0x35d3add70138de678e4fce1ad85c830b26e266f4f9bcc00262241cdf4bab4a5b
BUY,0.9919999658751978,20.161289,1767068165,No,0x87da13b9d9fc5925f7012b839176209f738e726d40ba3f70bbdeae8f5a32cf9b
BUY,0.9919999158783903,10.080644,1767068163,No,0x3d86aade7ab41d9232199bd9de568cb6d0e416f6c7c94f2ed6454318137ceff3
SELL,0.9897366613453488,74943.84,1767068159,No,0x8b1f0cb261643530cdd3751def793f9c377a4d0a8827d8f45fd1c6a02fec0e59
BUY,0.994,77,1767067797,No,0x9ea74f08d79ca12cf716e45074a77a3bba51a0dd363e737315453893dde8f285
SELL,0.993,10.97,1767067623,No,0xd6e9bb737cb8d689f46f684c5fb5bea31c28ea2da2360518fa8fb38ef89869c1
SELL,0.993,3.15,1767067483,No,0x3f4703a82d60a7a198a4b95fd1715910baab7cce5be205575ad06d12d10f6e8f
BUY,0.995,62,1767067473,No,0xf2ab4bfc1604db01b470a7e1471cedca0aa9db2c363cd9cac06467419a40f47e
SELL,0.993,3.11,1767067213,No,0x338cf504b9e31b37f7b05f1f80929278860472a66346d7ceaeafd8abdef9ffd0
BUY,0.9949999987306262,740.522612,1767067029,No,0x8c7619723bf351bfc0baa083bf5f00adc78c94179c01f5e10f0b59d16a21e7e4
BUY,0.9949999336665728,1.356782,1767066943,No,0xa19eb630b7b8883bc2b38874a7808db6dd7d431f8397f4318679a1331a6500ad
SELL,0.005,15969.96,1767066929,Yes,0x7a5cd2f5f1d79dcf93805e014096faaccd8cf7f9f4b970bbefed64e686480859
SELL,0.993,2.52,1767066767,No,0x5c7fa4761873bfc2f8f3fd6fd23b027aebf7b951ab83ed660e5ee4ea658f5cc5
SELL,0.993,7.17,1767066767,No,0xc65b95f1690c0571006420d9593b486e217c75a17e62c91bb2eda8fdff4b62f9
BUY,0.007000000035826772,362.857141,1767066699,Yes,0xb0ed9a650930d7318eaedf614c5a37d3490d2a2fa0fa260a0609f2dc5f4043cb
BUY,0.995,52,1767066671,No,0xc6472b194bfefd28adddc63853227e3cc77d4381b8608f23c54a73031ae38683
BUY,0.007,10000,1767066591,Yes,0xe377b91ccf6a77cdbabba041a71feb0d124fb3c6535ecdb1c43abff4fdb39266
BUY,0.9949999753737482,20.100501,1767066497,No,0x06a244264709a185d20dc1f0171ac61b3124b2667b1b0cf981f7523eb7350c98
BUY,0.9949999253749907,10.05025,1767066497,No,0x79c0da5577da81926887cf4cdf7402c8f9134b604e2e2a15f199d7f96a1d6788
BUY,0.006645739807063195,100020.467141,1767066491,Yes,0x878d0bd327adf8b614ba55de13196d0a097dc57122b73bcd77ddc02c408b76e8
SELL,0.994,70.03,1767066407,No,0x923f382d135bc702fbc9c7dcbccf403d3f8532b89bdd6b5ee97c6b31b9a8a8c8
BUY,0.9949999753737482,20.100501,1767066129,No,0xe0d11a4a477d7a5d5741d303ef0c49294f8d40525028190425c9be871296adde
BUY,0.006,500,1767065865,Yes,0xc28a606ac62987633755be8702a20c9d3c22adc3100bfd1e40032f083d93e2bb
BUY,0.995,43,1767065833,No,0xaa7856a517469aad6dafcecb20517745955c3c812208498a4c7c9f667fac5301
BUY,0.995,28,1767065643,No,0xc25d198d31214b7da0bcc1c66245719529b48921787e06e5bda8bec99b680f3c
BUY,0.006,175,1767065499,Yes,0xad4d5add3bde5fd95409c31a121a91536153c6a3b5633bb66d93a1102e6c0068
SELL,0.994,1328.89,1767065457,No,0xbe079f72b55f4ca835b2785e49b1d425e2bffb06fcab7c5dda6058051af2f088
BUY,0.006000000060000001,166.666665,1767065381,Yes,0xde8f90bb521c455ecb1a68394b4486701111b5cd44e6ee1a43e0e8b6f84e2198
BUY,0.006000000024,333.333332,1767065291,Yes,0x42427cb6b57c8a1c2aee245d6cc3cccdb0b5737b10251015b4e5b14b9f8d7727
SELL,0.994,193.76,1767065191,No,0x9fa07dec5acaf47a0fa8b06927f0764b9a1a26bef48c39fbac82313aec4bea74
BUY,0.9949994077373197,1.055275,1767065125,No,0xc93c60c0ba26db0a00b63e3dc539e6f3600f09b9deb2f1d6d1b9570038422f7a
SELL,0.005,14.5,1767064873,Yes,0x781006b26787e9a51d872fe4fab802058d369fde9eb4579afbc372d8ab86705e
BUY,0.9949994077373197,1.055275,1767064863,No,0x49f5afea5545e2520ba5ef3b3ce1ad3df0f38a64c76237d4772beea0502aae35
BUY,0.994,929.77,1767064861,No,0xa3e5a4eaf9153921cb6b7aa6d1ab0601935fd3e3894859f332d8b95ce972e0e6
SELL,0.993,523.01,1767064823,No,0x6f50e329230e2665bbe223b10487a2c6d08d53c284fcd5a74ee9e5e4b0bc6123
SELL,0.993,399.99,1767064687,No,0xaf664886f645aa2e809120bb067f302bbe4df5c65b7959571f447358d11851be
BUY,0.9939999999710836,69.164833,1767064659,No,0x7f5601f7c4ae78e85b95ec32bfe01ddbc694af53ef807b53a106ee898e9f1628
BUY,0.9939999981066576,1.056333,1767064433,No,0x511e4f90a9658973d0f72def9978836063c22ec35eb466640b66b91500a71456
BUY,0.9944722613598508,3217.787084,1767064195,No,0x1bd843c371ede8b94ed199d634c631da593865221a39a0412f0946f4e1f79875
BUY,0.9939998171039605,5.03018,1767064119,No,0x36f6baae93a9b87dd59da1054f9766d894c778fcf353840ec8965aaa704e93da
BUY,0.9939999801000965,10.0503,1767064117,No,0x8b314734870d305c52e1c1413f39523edaf0e2213c72cad544fd0965aa54f843
BUY,0.9939992934947999,1.307846,1767064117,No,0x7f07880fd9fdea36bd320b55c094f42ae4c8e1379d2ad3095f098423596152e9
BUY,0.9939999910649449,100.503017,1767064083,No,0x4ecc5f2da44aebe4877a9ac21bca102610680804b1ddece9ef42abb49379476c
SELL,0.993,62,1767063957,No,0x46f52c330147e56596a04cb4bcdbe7c5f73dfc132684ba5f91571c0ab026c7b1
BUY,0.994,590,1767063699,No,0xdfe7b36f7b62e7d1e1058647e7c15c7282bc46ff378c86e2377228e03b35d9e1
SELL,0.993,46,1767063689,No,0x857572c22bbb3addac607c273bfc81fe366babfff0b1db1d13f6362065cb5bbc
BUY,0.007,144.28,1767063495,Yes,0xf29d257af503f0527c1833122c0f1518128230ab4ea455350d07d2d1f9406bae
SELL,0.993,44,1767063175,No,0x8ac3d0170b9efa2e618b6b244f7e4c4810d0e0109045b9db156baa8e00b800b2
BUY,0.006,1776.72,1767063159,Yes,0xf86268925e5098cb5861471fefd3276cd22110dcd045a1ef156eb5444c40c87f
SELL,0.994,1900,1767062941,No,0x2312d01864085b9a6146f55f748837647097fa3973b36a83263f79ea4f611ffb
SELL,0.994,590,1767062783,No,0x0bb88520bb8bbcaffe16094627e03f746a32a3fa44b1782db61653a932c87a65
SELL,0.994,1000,1767062743,No,0x4d68e09581996c583f043c196642d0457455c946b46fec8d1ce896e38121354c
SELL,0.994,218.64,1767062651,No,0x081c934d9c4127eb23d9eaf9756d172eaaecc569e102fd3642bafebe2186d4c7
BUY,0.994999943465902,11.055275,1767062531,No,0x791e21dc2b01dd6bb9e3a6fe48033ee534c5ef57e0106b1a9abd08806cb29adc
SELL,0.994,3548,1767062399,No,0x13cddc4f7775d9053d80d9da799f658a77afd231301a0dcedded9f025e24f8c6
SELL,0.994,36.45,1767062371,No,0xc4a60a6fc17dd478498465c459d14d599b08bf1ba2cde0aed37d773ed1f963c8
SELL,0.994,500,1767062363,No,0x55d0aa9da1c10542194ecffd01e1a4ea44835dbd2b80c24f623cbfcfe91dd5f5
BUY,0.9949991243990193,1.005024,1767062353,No,0xa696288f58d37b498f8cfa3e8e7180cd73d108c81fa8daa5c837405b76af79d0
SELL,0.994,559.25,1767062331,No,0x714b4a17dd84e3bee8208df90abecedcfab0cecc51332bdd7ce7e19de5500c5d
SELL,0.994,6.22,1767062277,No,0x2844a716882b87818a63d9d463832609966ae36ef1e90085b17cd7927acb0921
SELL,0.994,1190,1767062275,No,0x4c3fef9d6357bb672b9c14c0afd926669c6df7808d3b3d96123eed008609df48
SELL,0.994,29.82,1767061809,No,0xa382c67e2f4b078d964255e2e3b8c25e75f7b3fe099093f4a3d8d1ae11a7c0df
SELL,0.994,698.1,1767061553,No,0x9aa995f106de31ec07826f696c641fd2c2844fc7b8ba41d44e7c3a5437eedb08
SELL,0.994,10000,1767061465,No,0x47c1921ff13f26b7eabdf1569432f6d2b0751753f2baf47aa1fe25247c386b52
BUY,0.9949999918413545,56.381908,1767061309,No,0x81bd2063c35e6d8586dc0cae71e12f0fba68a1d8191caa510a48d9cb5c99d101
SELL,0.994,647.8,1767060965,No,0x87c0bb7796661f280ca512e3417084fc0f324eead39d051ae68a1a508acbc80c
BUY,0.9949999623793968,15.417084,1767060949,No,0xdd3684b896437023e6278849988969e1087f4783c2e45b52385f0133bd92a151
SELL,0.005,90.9,1767060389,Yes,0x2e8640209001ac7301b80d3b9527f49b53a6e6da6b7cc7f874dddc3b72bce0d3
SELL,0.994,8,1767060341,No,0xd0b75fb0d53979801fe62741ac5c2cd5d233f0f60db7590909bc0f46aed04c93
SELL,0.994,350,1767060285,No,0x84fd13cf7bfa3c5b5f45b6c3bc4857f1b4341b9c47ec842a099a8aeb9ddde4be
BUY,0.006000000060000001,166.666665,1767059785,Yes,0xf176bfb5236a30dae8792a074e6829f64b5fc9b7b30307336aced1a930b2a101
SELL,0.994,10,1767059767,No,0xa951ce757e380e9fb474140ad3b5fc33cd3a3a586242db1b943e25a347af7841
SELL,0.994,6110,1767059743,No,0x9c1fc0d391871b2cc6e8fa6f8111d25d4bedeff49d57a210a38d93f908705d41
SELL,0.994,10.06,1767059249,No,0x5a34494836227caf5f691ed1f50ff025ab022fa316190c30b9a769cbe62344a2
SELL,0.994,7632.85,1767059177,No,0x00a12ab20f5bb36175c34856d53ccf7468806ff4c03863f36409d60acd1acafc
SELL,0.994,154,1767059003,No,0xcdb528c5e3775f28638f814be14a6d4bd8441da4c5d3f915e458114899f3242b
BUY,0.006000000006,1666.666665,1767058973,Yes,0x0aa5279a03d316fb3c6926c9d8a85a7c23dc3053d86ffa3e52e1b27b0ad4a023
BUY,0.9949999571504397,8.984923,1767058753,No,0x0d3d37e4df9a0eb61f5998e9a2e3e1d8314c327c08e6d1a57d1e8d22516c1904
SELL,0.994,33.59,1767058723,No,0xa4b6701d5f975da6f43c8a58434cbd07e8324c74c20de79094b983ccab641a2d
SELL,0.994,4082,1767058661,No,0xd3c7a1578787d2ac439d3bdfaa96a083d6555d066e14457f48e3cf4838c941a8
SELL,0.994,7.2,1767058401,No,0xe089a680f4b1e4406fe8873e209e4015f4239893df8305b6e3a860f999b3bca2
BUY,0.9949999956219999,201.005024,1767058213,No,0xd25f141719525dbb3792840d1595c609822a9a1095976d4c841af1bfd78cff17
SELL,0.994,399.63,1767058073,No,0xb86e8292e56e815d3e78a2b259df4058b4f8fd0cd7b19ed4ded8cc3e10e94190
SELL,0.994,500,1767058025,No,0x9c0c83aee7265ae297589937e8cbcc3e815b7a0c456f60d55d2aac74303f9674
SELL,0.994,8000,1767057505,No,0xc34d5c6b4d295fd6c4280b762fe3ece962a4ea2bb5217c10661893c80c52fbb2
SELL,0.994,727.48,1767057403,No,0xc000a13f059bd5a93df4e03f89bc52320630d094489617b900c8e5227be4bbf7
BUY,0.995,16048.24,1767057285,No,0xb11ef630c00a8c5fc9f744423c73971b45315cc385245c984561d476c048fa4a
SELL,0.994,10.06,1767056869,No,0x7223131133ec0419226e7f916700fb96da53de2f3be8e7f80a5577e61421fc69
SELL,0.994,600,1767056825,No,0xe2b2de8fc53f5e93a36d87741af7bfe713ef8a2eb1e6ccb2ba27159d627a6ab2
BUY,0.9949999641585996,18.693466,1767056821,No,0x71da38c40d72fe7290ddc16674cb3740828b2dfb0eccf18c84a71b44f99c33d5
SELL,0.994,3.11,1767056737,No,0xb022b22cafbbc201d7da2db974afda900bfcd451b51cc53e8f13ad5d6e29971e
SELL,0.994,19203.95,1767056727,No,0xc53c11f91e6e72ca8b23054350d993697ce3481bea2a88a7e9563db7d4182670
BUY,0.995,10.12,1767056655,No,0x3b07c685e790ea91f0ca357670f6ee3f360e9fcc5e446b01471b915fe96af2b1
BUY,0.9949999736036843,24.814069,1767056609,No,0xf55534ba447b12e854e01b31744cc4b6e20bcdab5d25a2f6a510e3952dce6585
SELL,0.994,200,1767056149,No,0xab48af38b47e186d8741a50114043735414f2ee7b793ebca964b855764847aa6
SELL,0.005,1666.66,1767055539,Yes,0xdcbfd9b3b680fd33b06f3352b8c2ba903ef9865a572a5f29c39f5116c3e22ca7
SELL,0.994,2.08,1767055457,No,0xacca14f9a7a03c67ee4152b793b498170d8a689c5f0605c4d9b9cc5f77c29f5d
SELL,0.994,5.14,1767055441,No,0x051b1094e03ec340fd8ad56b60dad77e37ec8a683cc8861240507d95758eb78c
SELL,0.994,150,1767055405,No,0x20ff88a8b29b4859017ac2ccb2bbc2ecf9c7cba115457bc6f75b4c39ed7ff8e4
BUY,0.9949999223414568,12.361808,1767055387,No,0xa0abd96783ce956a3a5de779be1b8706cb60a1c8d60b293ef362ad6cdc8bdee8
BUY,0.9949998929313262,5.417084,1767054863,No,0x3c4634d7ff726c437cd56fe32db1706f40cba9c328f3e904f8484db0ab5c311d
BUY,0.9949999971716882,17.67839,1767054461,No,0x50a258676c4664c7676a201a091d4789235af1a30ce88f584eafa53bcc0603c2
BUY,0.006000000006,1666.666665,1767054457,Yes,0x772dc1a2be3e9b1582cf91b9dc490d07d9cab8ae743c6db702cd6cbf517ab06a
SELL,0.005,5448.7,1767054417,Yes,0x2f4ccf485c68bb39a9424985e426710392c0b4cad5922cc3e34e4c04686b9b11
SELL,0.994,100,1767054197,No,0x976026e06940216a8df2d2899f320957a6438a2560ff13711109799a73a46c1f
SELL,0.994,50,1767054071,No,0x5f46dd36648d8830f07834b7b25e67ce346b3539279e4f7a95a6578da535871d
BUY,0.9949999842504599,5.396983,1767053739,No,0x4742457d08b67378746c7e149c94d1ab020012e0a0d8b9b25df94e368036932b
BUY,0.9949999959775224,31.075375,1767053713,No,0x6bb5706a9cc7a347c52722cd27732ff4907682958e169b34e471a11e7dda6e40
BUY,0.9949997424109727,1.979898,1767053701,No,0xb23ec9ccd41fdfe283e252515c94877b80fa70f3d74ea197103177f693aa3076
SELL,0.994,10,1767053693,No,0x7424a3264ed0c7b842491c71e2c4ad50b547e16154f567b588964d7967c9842c
SELL,0.994,70,1767053601,No,0xf6832d0efc80c73c9824d6dc1a87d7219a36566f492f9ec7faf7277e00473318
SELL,0.994,93.61,1767053561,No,0xca3f7e99324d598cdcbf90c03147edecf02c2d7e1b2602f4f70a2f71f7fd520b
BUY,0.9949999756224994,40.201004,1767053309,No,0x3071cd955db8660bd56bc01e84d709d968229b1dfd0f79707cc54384d385f74a
BUY,0.0060000000024,3333.333332,1767053155,Yes,0xea5fe402533427348c73d330a794d4ba39a059e339d21411b93d58a2810b12f3
BUY,0.9949999668683909,19.015074,1767053097,No,0x078bbe9c933600aed0b9688d538e93e1d98fda5dc93ec70316d7a9b267378287
BUY,0.9949991243990193,1.005024,1767053071,No,0x32336f888bf455968fe7b2ed2dd5e2f11fd85f456b84a0781025cdf64190a3ec
SELL,0.994,205.54,1767053067,No,0x36c5adf0a9363d3b162efba799edc4161dee42829ce7f59be48fd08e4e194a81
BUY,0.9949991243990193,1.005024,1767052999,No,0x458252cfdc52759be861245a1db725d69ee36420506e782a44ab04483c45903c
SELL,0.994,1.26,1767052995,No,0x75864a3238d8e9f66c80666d3edefb7e1cfd91609e26e8a6ad9b222bb04ae965
BUY,0.9949997236107492,1.26633,1767052819,No,0x5d81fc6f5dec912c911a13eb61fbcb8c78121610bd38976f12e7812f9ec27cb9
SELL,0.994,3667,1767052809,No,0x6bfcfbf772dc853a72f01a393c71ce861aec9cdce03086f4842d894f43267681
BUY,0.9949991243990193,1.005024,1767052467,No,0xc873744bdc9781187834c50e22410e631c940d9ecb8810e936d944b453b95128
SELL,0.994,1000,1767052463,No,0xf5ca539f5eedd04e77348958c48d9674899462f7edd94ebba148b150a67e94ba
BUY,0.9949991243990193,1.005024,1767051941,No,0x52ab2f891274a2d107ac91afbb98492ca37a80030e86405ce9f55e3a42ff0386
SELL,0.994,109.89,1767051937,No,0xbc17a129bf90226a7346bf2271ce8c8a5f567c6a7e9d4a945603c25f89797166
BUY,0.9949991243990193,1.005024,1767051811,No,0x6363ef96f62a24113810a3f67b9848b7998a59af7d5924eb2a646bd85aae89b2
SELL,0.994,1409.9,1767051807,No,0x984c33d44d7e2178a4fc3b7554ff3cf8a2f1aa470518ec7b110f9391c3cfbe61
BUY,0.995,220,1767051503,No,0x94d9e4f0a1471d4e4217ba36fe5b4ade7bc1d95511415df7ffdc62d093ec3ff9
BUY,0.994999976542231,5.115576,1767051211,No,0x44b8dbc35d74986420ef03dd3b54ffda9e38827441c92a1e00e527ffdb0a86c1
BUY,0.9949999831355888,7.115576,1767051091,No,0x62b18696b5c1bce5bbfbf2dd9dd24d755861b3f190f42afa49e0837bf6760c74
BUY,0.9949999993363506,210.954772,1767051011,No,0x965778166334478d721a37bc3516fd50054cf88e6568a5cf0504d3cbccb8d2da
BUY,0.9949991243990193,1.005024,1767050931,No,0xb1f6e65656f468dd95b069a069f024580766237daf739e26d076bb44eb0b68b5
SELL,0.994,50,1767050927,No,0xc6f9ca4927514d6d690fc8eaa4309d47bfee6a67a0e650521b2224307e77bffd
BUY,0.9949991243990193,1.005024,1767050899,No,0x29e69fa37f9b325f04e472dcc4b44a873a00d23efcc630e9565be0700ec456d6
SELL,0.994,550,1767050893,No,0xe69ca6292318c3df8d5bb4a3d9e696dd041c481ade4b17af2ca9f90c9e961a68
BUY,0.9949999957478618,5.879395,1767050831,No,0x510ecc1884b66a9ec6207fa28bbf7f011c827698a7cae2babbfdaf59bd2f60cf
BUY,0.9949991243990193,1.005024,1767050669,No,0xfbc856921fb6ade5d02a382e64298413679a1e6b115354b317d14215dcc547d6
BUY,0.0060000000024,3333.333332,1767050665,Yes,0x99f7088a2534cd3fcaa37348416b9326162c169a823a8fb7652ec3de3a7baf50
BUY,0.9949999711213678,11.427134,1767050577,No,0x9a4011cd90932d510cd55bb8f58e3900bdbff6cce3b02e21ea6a159fb7a67661
BUY,0.995,52,1767050489,No,0xe77d20a4b6765b3cef72e79b28d9e214a83310c6146ba56b28c15cb6e7a06f7e
BUY,0.006,880,1767050013,Yes,0x7d209d1b8e0fcc5c90c308f6dbe4035a9634a220ea90f1785742de41fe3a96a1
BUY,0.9949999593545502,3.075375,1767049907,No,0x08bff4e3080eeb4f014f36dbccfd74d350c777dc5882dcebaf03f25087df7505
BUY,0.9949999611328109,24.44221,1767048847,No,0x42651fda15fa73bedddfa5e53c2105fce4bce621b43488df7eb14764ef30a204
SELL,0.994,114.94,1767048773,No,0x53790687169b2ae014e93e68e3a810d288557df60d6f82273da37f463ff10b74
BUY,0.9949999773328381,16.984923,1767048705,No,0x0a6b38c95ee85a9077dbf71dcf7cddf41dace526990a3267c3c593c25ff31554
SELL,0.005,22.91,1767048567,Yes,0xc6df7c123b3a9a81c70f68f648514cd3e526b59dc3787cf5ee9b538d78598a01
BUY,0.9949999902450947,5.638189,1767048263,No,0xc451f939f96167fe2b4ea05e1782f0c675b948fc9fa444c5d7ff80328eeffa12
SELL,0.994,200,1767048185,No,0x0d7e44fd4af03d9cc15e1aae174897e6020e8fccd4327b4c86be58b8d99f30f9
BUY,0.006,196,1767048031,Yes,0x0b6a88aeed0cf41dc32819d75e045f0e7d5d844b56960e7ff8aee8dd5ace5797
BUY,0.0060000000024,833.333333,1767047965,Yes,0xe0b0f90a260a5a8e0c0f32e61e963e0b0cce92b939f4ed71297979747ebb59e8
BUY,0.9949999037096303,3.427134,1767047783,No,0xc88fa6cf2670906a2d1d5898a8bae1830d9bfdc83bc7062aa85c1147a3072042
SELL,0.994,349.4,1767047597,No,0xb72c5c61e0bfde0768f03a817d15e08999d02fdb46467315dbc3d08babb29d02
SELL,0.994,106.91,1767047427,No,0xf94b01c8001a63b654230d589a81680d7587bde09c30511e4c6fe25fa7dbc575
SELL,0.005,50,1767047163,Yes,0xf4545dbc6ae17b1b9cbcb70a55b0ae1a0f81f326ab002a72357100d19ef5fc6a
SELL,0.994,12.94,1767047041,No,0xbfb871b8ae274488994be69e15f9187fe5091524dcc5d0a2668d6974a22c6045
SELL,0.006,9696.34,1767046225,Yes,0xc25f9edc6e8bccff405425fa33098a34a75bc3422f1ae2549497911afa0e775c
SELL,0.993,3.25,1767046161,No,0x84c63e90be40e81d31e5baa832db4031d84c39e9122a2f58763c5d6d570888ef
SELL,0.993,10.07,1767046135,No,0xaf4ebd97209b69abf94d7bc876876c3f2793d87b67e6940d93a32933471ba8ed
SELL,0.993,6,1767046117,No,0xe5c90d8340142e5f05d26c2dc956f9fcc7bfbefc6069208047604f5885e3ba44
SELL,0.993,34.78,1767046065,No,0x526e5a83d02d821dda72674cd698f911468b4fb565b210238c00d3d92feedaf0
SELL,0.993,499.97,1767046053,No,0x17f447b4716cb5c60275c16cb4e34b79c1f008883c4c1ee7361ba3a45f7bb66b
SELL,0.993,900,1767045967,No,0xe9120e31674081954570c3b545767b9bffe1f86596289ebd4c5ecc2f04850f24
BUY,0.9939999817344795,29.235411,1767045939,No,0xda5fc14b85d1fd66d92bdfdbc818274ac0f18b7709c9b534e8c970ba5c44ac19
BUY,0.9939999758323791,35.171025,1767045939,No,0x89f0f8b0ac24743a67fa162ee2aaf743cfc7611a7b68256853553962fb047880
SELL,0.993,17.9,1767045737,No,0x7a8e5ecf917c0139b68fefedf614816cd45393df467e36433c9d84be2f357aac
SELL,0.993,3.6,1767045737,No,0xff92ad666af34d05bddb5124efa237c1bdd896fe65eac2fbd5f7c84942e8a0eb
SELL,0.993,1.98,1767045735,No,0x4ea2845d693a83c6255be20ab7b466185d30bd930d9666f8b1ff8827f48709e5
BUY,0.9939997147217966,2.012071,1767045681,No,0x94a4360ae4337c79320cfa1d48def3b4134de739ecef174eb91e0e24e0fc2bf7
SELL,0.993,0.01,1767045395,No,0x596034395d089a832d02ee503f9d0b9ce0b18062db158c3d284f2deab4ad5cc0
BUY,0.9939998767004944,3.682091,1767045391,No,0x6f793d02080b9d9305cc127750c8f97685f6525be906e59b1be3067e778ee23f
SELL,0.993,20.18,1767045337,No,0x665f484f8057c3f5c4b19d564703c64b9c4919bb3bc2f5e8de46ba70fcb24c15
SELL,0.993,0.01,1767045331,No,0x05e9aa56028fcad5ec7c5740b242d69e8a3ec46038ecb1855dd32c6458065021
BUY,0.9939998767004944,3.682091,1767045327,No,0xdb54305c0ea906ced7b612d138b7e7a8b723b0d8cc842eee222cc00f8483eaa4
SELL,0.993,103.09,1767045323,No,0x473008a3d5cfb3698d26757480deb7b5a437a5d5906624b7680f67e55a9a1bb8
SELL,0.993,1,1767045151,No,0xbc04b31503e9940a6cf15ef5acf651a07beb771d16438993f797937b4fee5ff1
SELL,0.993,0.69,1767045147,No,0x0ce6c17ae86547356da50caf7c61791cf78cce15668c8a585a73a19dd7606c21
SELL,0.993,0.13,1767045141,No,0xa6c76d81be9269af0e8dcab0907da11463a8f88a9a29224053769fc40b8650fb
SELL,0.993,0.16,1767045141,No,0x6244933350b79fab7fbf3c6dd51387c107d11addcddc98766bcbf10b9871e92b
SELL,0.993,1.6,1767045141,No,0xbf4b8d849f0ab043354bbd8a0c26e417a313458287229b87fb09deba50568183
SELL,0.993,0.82,1767045141,No,0x98d9ec6d299361ba73daa8e22b8bbe7639a453b517d5572718aa4030d1bad015
BUY,0.9939999990963636,331.99195,1767045137,No,0x90b5e18f28fcabeedf2be5121ef83c9590130c5fd58e355d38746fe41741d993
BUY,0.9939999627502917,4.939636,1767045037,No,0x757e259782ad3ed7f7dd2c8bb6ca9a893a1c9d03011801b0e57a913d4798845d
SELL,0.006,32.9,1767044943,Yes,0x757e8422bea1cc4a3c9a88bdf7b7a660b370613ec78609955d8b1e7e4fded0fb
SELL,0.993,35.01,1767044895,No,0x1b06597dbca5e9421799a302a1cb071ac6a496d4f8c2cf09f6231cd907db252e
SELL,0.993,89.03,1767044545,No,0xae36c0bfe0070da59f2d947c7700847fdc8117389a690754b326d7827595ecdb
SELL,0.993,60,1767044497,No,0x01d6c58f3cdb0032aa2128b029ec132d59f94358c31abe235214b7688ab916f1
BUY,0.994999988658814,33.065325,1767044099,No,0x4126c4fd73fb0ee37b2eb64de746427d6c9b82293b5c024155267a6ac409a0f2
BUY,0.994999962207712,16.934672,1767044039,No,0x4c26ba314894f26a797c8f99450c1882cb233f5b5e24bf6b44f431c63ba42219
SELL,0.993,355.07,1767043957,No,0x83a63dedfda7c736d5be88b8c78fe69b2756c0a47290336db70d6f5f66643563
SELL,0.993,108.69,1767043913,No,0x1d998d25bae4bc85895056fe0ee96096da49deea6a154d641795d3b3535a3ddb
BUY,0.9949998839695879,3.145727,1767043717,No,0xae6ae4643ffdc560fddb1bddec5b78f91f6b336eec58863037be6e5e9b18f47f
SELL,0.993,462.09,1767043693,No,0x51c3e3d17aa92fd392d7296b1185caa9419ba2dce3c1d5e032cd154df742c3ed
BUY,0.994999986961055,27.226129,1767043625,No,0x03f92bc38dc08b158cd70806405c12c94b835c84bcf1bd75b8ea5632b40f332b
SELL,0.994,6102.57,1767043465,No,0x046eb766d9db74272ab10965391d8d486060a8c1c05895bca0e4b657830dc32a
SELL,0.005,6705.55,1767043363,Yes,0x8ba39a72971b1c6a977a4c6dc706e3aa9c337fea4233e82014ccdecde6abd694
SELL,0.994,3710.96,1767043255,No,0x350be0e638868104bf0f2c9200e05999371f118736275f3b6cc3672932c9c383
BUY,0.9949999923054609,20.793968,1767043163,No,0xc8a1904feb02f25385ead230740dc902ca27991f73c05e0d7968558d14d16624
SELL,0.994,268.81,1767042957,No,0x30dd1690e417c86c56841529aaaf1a45a7623e89a158a2b5632f1f423f9da39a
SELL,0.005,11.11,1767042867,Yes,0xe2db41b8f277fb30e3bf708bdf34505ef525bf24e34e2279689fe9c1f909606b
BUY,0.9949999713560441,3.316581,1767042767,No,0x9873ae0b7eda97ef5d1c7752f3baf5e3e57d8bdc30ad8f67c609b864da2ecaa8
BUY,0.9949999643120921,9.386933,1767042667,No,0xa00f171d8884e900b05e4ecbebd43fd50af306c07a67ab943bff9299b86a7e02
BUY,0.9949999194620637,4.904521,1767042503,No,0x10b400bc39e91a7cfce15f8ca70c138ad012fd60658719987fa263afb64883bb
BUY,0.006,5000,1767042357,Yes,0x105d4dde602d9e62fb0e8748ae458b9ffa625950c74edfce1f6bd174bafbf6f6
SELL,0.994,107.52,1767042101,No,0x4c83dce4de659af6560edb0c47926aa0db571c8ec157a63d6dc85e7a305c58de
SELL,0.994,1.03,1767041867,No,0xe6242eacc943d2caa5bade8c4b28b6104df60069e8d3a0caaa5e64c755ee0534
BUY,0.9949997950825511,4.562813,1767041841,No,0x4bd68dc57448ed6a1c99c32e848744eccef7f5d80b8d081668f54e2b53d5e3dd
BUY,0.9949999247766208,8.773868,1767041595,No,0x4651b9b0b2dd9fa69db1b2909008108a4358217a166e69176bdcf6ef9df18d5b
SELL,0.005,7142.85,1767041521,Yes,0x1cd78b733a9742e5b8f1ae9729927871d24868a9c6e63b8184b7a4e2cf9f1e72
BUY,0.995,31.1556,1767041461,No,0xce310112ddfe790b4eccf300123f01ba7ad4589b9216d10eab400a2b72c2245d
SELL,0.994,7.81,1767041147,No,0x7f54dc16e4bf6c46b82c4165c1ac075e1497af197ab84d75557a33752bd5b89d
SELL,0.994,600,1767041105,No,0x467d735f36594f53c8a636a132c35e3ab924d685eeb64ea7801e0ae9d2eac1d1
SELL,0.005,33.99,1767040883,Yes,0x583c87e77ce816af9dcf1e75b6e410dbd630a3995008dd2e18ca31f21f554c15
SELL,0.005,5.26,1767040617,Yes,0x78e9cd63b8f982633734616d16b52ee6ffb656755b553220ade4c61232864048
BUY,0.006,9090,1767040597,Yes,0x2df9e0e647b0b1289d0dbc6a0c9291c0242a604bc9a7056050950243f9bb202d
BUY,0.995,502.5124,1767040591,No,0x3a6d0157bc5e73354b194825eb02bb7319cd661e9ab3cfbd0207665610c6f21e
BUY,0.995,3.427,1767040381,No,0x0c0498d832a1249f6c81db961195b28fe7439470c49e2e6756131a17b5a8c6b2
BUY,0.995,36.613,1767040369,No,0x3a21d180b20ed66ad8d27322cdabc0e7b560805db06bbec3f83f22ac7d730c19
BUY,0.995,14.7436,1767040279,No,0xdcf9692e90cd66da2bd33c7d20344254ddb9dfaa55901620e5bf7639070c5e08
BUY,0.006000000060000001,166.666665,1767040199,Yes,0xd04861478b525932507003f847906c7f1c17efae310f9a8cdb74557b16cd1591
BUY,0.995,1.0552,1767040161,No,0xa9f5c2c0fed3b41c31a4f5c410377518e6975e2936240b464f738fd5572a0f55
BUY,0.995,1.0552,1767039777,No,0xe6ac454510776e3ee467c5581ad6a2cc1cab7f25a550445a2b1980b3279c4e1e
BUY,0.995,10.804,1767039737,No,0x1bc9dc29721797b635d1a09a4f557f659f74b890f9f1c1dfa0391920b71a9a1b
SELL,0.994,36.05,1767039651,No,0x3ad90ec7e1c851ab74f891c6569c50bb9a1ac10ec0fcd750dba50241fc5ededa
BUY,0.9949999866494441,32.582913,1767039601,No,0xfebd7aa3a74394ec49acf260d84e93671b8e1a3410fc67bc517b66c77ce2971c
SELL,0.005,7.14,1767039563,Yes,0x2b96433bc343059953cfd15485cc41eda8120e8d59209a4b208a01b35d8ff297
SELL,0.994,1711.36,1767039511,No,0xf7f618e0cb552e2504a92a5b279485eefa682cf4c9e2df00320be4a03a91694c
BUY,0.9949999876991743,14.633164,1767039455,No,0x9bbc5e19a27b433f5480a45fa8d46b5c44c5730ecd0a283489d0e3e67d046d48
SELL,0.005,82.52,1767039351,Yes,0x59e7ffb359bc0c5530184a64f6f1c7d916c1a57b699ec0af8aef835b92b8feec
BUY,0.9949994077373197,1.055275,1767039333,No,0xc8c9d7cff9baf3c9cdda3f10b875e9e7385e78da140e299046630d80f365372b
BUY,0.9949999896914397,11.155777,1767039219,No,0xe5a194e5c1f5ed21d0bcb38534e18b17bff812ef7b2cf8ee909942cdeab479bf
BUY,0.994999963219841,15.497486,1767039081,No,0x1a140d1cd94b171b46194212d578f47d11ed9552c4b8b25cae2c8ad7887f0af9
SELL,0.994,65.44,1767038749,No,0x609d696ccf9f614fb41c61119048c4bd4357a5bb0a96017aee67dc12866b6c41
BUY,0.9949999815214237,7.035174,1767038501,No,0x4ced85f11157afed27c41f563ec46cd4ff78088f0eea81efec6d992930e657f5
SELL,0.994,5,1767038285,No,0x4c0ca5d7867872687cd0fa042324191c979fedf78d2bb784794d45edb25ddf37
BUY,0.9949994077373197,1.055275,1767038259,No,0x84e6c7ee099baea6ee779585c8deaba7bc3a7a5187da298f4d4c3fc601fac04f
SELL,0.994,7.18,1767038067,No,0x5edacdb486c1252532b46acc06bfe2c6bda5f53c2f125fffe515cc0d80d0d945
SELL,0.994,580,1767038011,No,0xe93e41016de85424ab6fee19df980e374050b66c65ce2db3baea85c8ee2aabb6
SELL,0.994,1.19,1767037911,No,0xab2031cb5fc8d30afcc76b8c1472d3c55dd438b88b48eb213b86e1f1680aad9f
BUY,0.006,5000,1767037873,Yes,0xef4b76f12db682a41b5ce574ad0ff2da9b075b329bba4b1fb4f440e5759ce14d
BUY,0.9949998265686862,5.045225,1767037871,No,0x718944a922dd429d97e90ccc10280813aaff7fa24293d2ab4b777145fe8ff179
BUY,0.9949999990685264,53.67839,1767037781,No,0x82908945ff2fc4f4f34a6b9c01802c56dfd1f9b61ce48686c9b3d001b4a4d61d
SELL,0.994,24.99,1767037775,No,0xdf0f7d599db88f459be1c477820b48dd9948ddd11c774aebcd06f212d27c21ef
SELL,0.994,350,1767037655,No,0x44579d280f6893b0a9e2367c58d9827f84c0859ff74aa1e96f0967fa8b771d9d
BUY,0.9949999926998123,32.190953,1767037533,No,0x04611562fffc3e18400ffbc67a091c35d8a38e747d72ef96f2a3ae01afb8c11f
BUY,0.994,6497.78,1767037443,No,0x2a955298c80c4b87a65b818d1f995c52e32c2f566e6118c43b71f641bf6886ff
SELL,0.993,102.56,1767037437,No,0xcfa4b048c8925c7a10e933be98e023b72e6663ca5ab38cb83ce47e1421fc84d9
BUY,0.9939999998449291,12.897333,1767037271,No,0x50c2a8fb1174e6c5df89cc533900afbfc358afb0fc927ef744e3028b23339ced
BUY,0.007,200,1767037227,Yes,0xbd4bb8dba4ff9cd12050101f3cfd2252a749b55dda87bc9a055633b8c509c4f4
BUY,0.9939999997438141,7.806833,1767036857,No,0x7224c20804af0d230abd7fe486610891003afae977709569807dc01e0e1de4bb
BUY,0.9939999996459445,11.297666,1767036777,No,0x3785eaf665473e43b35ed108b43f305c778fe8198d06ae01cd282e44c0e979ef
SELL,0.993,20.18,1767036773,No,0x8acaac95ddfd7a3770e7f66eb2a7d4643ae17151667ef0dc6509d762801264c5
SELL,0.993,20.17,1767036771,No,0x8451a76c72fedf5c86576f622b4453b8030f94b0d15c61e7bba71b797165d231
BUY,0.994,1000,1767036599,No,0x00f929e0df3972f090eb06332441d2c9a6802685447a8e4362a082bd0ac1f0d6
BUY,0.9939999998011995,10.060333,1767036517,No,0x720ecf848fc33601e559117766fe2d65de24c0129956d36f2a1eccbb25f258cb
SELL,0.992,6.08,1767036453,No,0x0ddfc34862c50cd10fe1fd8a738b2421fc4b08fe8bc25c1427db999afb7e92d0
BUY,0.008,12.12,1767036431,Yes,0x7c84130dfe7af805eb3939e884b31f28709bca0cedf6da5588edf3cbfad232ca
BUY,0.008,10.35,1767036431,Yes,0xfd0b3e0912886af48c8e17767a70d1ab5e56e70b6f2744df57cd9bee42ff24c4
SELL,0.006,86519.53,1767036427,Yes,0x634913051e77bb84ac42f3c40471edbaad2d0fb26d1291b693415d7cdccdef66
BUY,0.9939999770982387,25.150904,1767036413,No,0x2a8fdd0a600d1854f6b99ac7a3bfa5a243ee884fc4001ce86fb75194f9fb9471
BUY,0.993,3747.7,1767036385,No,0xf354b0ee060b568cd9f1255e5625a3629bb48e9b1608c0222f8997018ba45822
SELL,0.992,1.41,1767036289,No,0x68d8b567dc5fbc4dfa3a0528ac04332b42d88dc613fb701133d5407e16262f56
SELL,0.992,120,1767036153,No,0xbb02416e8ddbbfa77e94ef0b3195e9f077d1cc75a3874ebd68a84df07f37b63d
SELL,0.007,1359.9,1767036117,Yes,0xe143e2be2dcb79dadee93d633ccc27ac9b1aebca1d5c528172fee0cea1b705f1
SELL,0.992,5.95,1767036041,No,0x0a10808eb4a41890c45f9ab95591a1aa2c48b1e004e533e6c393b93d0a56015f
SELL,0.993,253.66,1767035857,No,0x703f24e5be6822d315966f071c35220314ce52aaf755ebeb1c24bebda9d806cf
SELL,0.993,100,1767035507,No,0x93b3e1cbfc9e0eaa82cd4317df81f461ba95e768e1fe8535d4805fa3e93aa70e
SELL,0.993,302.11,1767035463,No,0x23bd1dc7a633584827ec8505657914ecc4c46f89a49085327319254b7d0cc2d7
BUY,0.9939999821315995,53.390341,1767035417,No,0xededc1b80e0dc9d65aed875bcde8f8d9564dc32dd3f270ccdeb9d6787f247544
SELL,0.993,542.26,1767035405,No,0x1a0e27acbbe51d1d8c0dca79d0da133481a5d024f446cd50cf6fbb7de5350041
BUY,0.9939999789021556,23.319918,1767035337,No,0xcd3334484b7909388fae91a0aa0cf76b07925532d9c8405d0476c6410a61d7ea
SELL,0.992,10.28,1767035309,No,0x9cfcb91d06f3c1f7da2c5ed640297fa99e5957d57e4d27005e99a54fd9e179cb
BUY,0.993,717.09,1767035307,No,0x6c44b9f0bd080e4d6cf23cc24190a0f25e9ed4f854d00f5bfa738a4f774fe9ff
BUY,0.993,8742.72,1767035301,No,0xb39ae419bfc954680219dd73bd016287b47122f83ee216178ca96c368cfefbe0
SELL,0.992,4000,1767035197,No,0x19fdc09960a2b22099489646dbd04495eb902faf3867b119ef52c379bc770169
BUY,0.992999982567844,34.763342,1767035149,No,0x3745fc5037ad8825de64455f49c2c5e638ebe8f36c6ee21d9e0ae376f704a7ca
BUY,0.9929993414340998,1.067471,1767035111,No,0xf3acc22a7cddc03c4e82be41650fdee22acd3b38f6741d6818cad2f7e5b17813
SELL,0.007,6.25,1767034987,Yes,0x3879d75607921191e49c75d8fe7c82d88e5f585ce2abefffe7db3d4e9be5362d
SELL,0.992,2.05,1767034883,No,0x18f5ccd64629494efa09515638543c484b758c7e7332902d84b6ab715e36dcbf
SELL,0.992,250,1767034463,No,0xc3cd0b3e5b89210d833e94411748bb2d5208c6d04062d9027c98041042dfa1c6
BUY,0.008,1250,1767034357,Yes,0x56331344ec96ef24485288441357c81fc59b177f23579eb9ba9cb91bb90450d4
SELL,0.992,301.28,1767034353,No,0xfb49cb84ed02e2a24d2b220cc4b68d4385846d50c21be4b724f7f672f68c2580
BUY,0.9929999497498322,18.328297,1767034347,No,0x5d9ca2efa464ee6f59e83229df1136ee53ac663a7e0944d41c036b65f0c73764
BUY,0.9929999334884646,12.839878,1767034275,No,0xc39135b8d3e241945bf69e1203e48459c71bc07734ef7e34db89e5356b5d48ee
BUY,0.9929999892417868,11.711982,1767034141,No,0x3c9567b8455ec473b393d9c5204e1258cfa595364ecac9b426f82e4a6a5d49d0
BUY,0.9929999761747447,41.510573,1767033977,No,0x4d1c7dff8ba2d43c1332131b47c9d5cf43ab4efe14fc7004e521e9e3894314c7
SELL,0.007,700,1767033601,Yes,0x6ffb2bc68af8e0fee240b9b40d60185e8d68fe098cb524727a9a55f4a46c3b94
SELL,0.992,782.8,1767032993,No,0xfdaa868668027b4a574fd617aba0f02bcde54d3809a0c3f15f1cfe19cda31aaa
BUY,0.9929999703348878,3.202415,1767032881,No,0x6aaa7306132534cd3d7a2a64d4c631507508d9e62c30a43c8fbbb613a4877676
BUY,0.9929993406471191,1.007048,1767032877,No,0x4536d9e087c0cb4ce4d76c061b0c6fbda26edba96470ec6f364a2016009417b1
SELL,0.007,5.26,1767032821,Yes,0xef25cb2eaf5be2c8c143f6b7638a9529b06e4b4e3f6a228f76202828ece2c973
BUY,0.993,1004.03,1767032703,No,0xeee315bdd8b9f3c40b504a3b0bb49a3651a6b4b1b2ee386a87bcf769a0b016bb
BUY,0.993,1506.04,1767032659,No,0xf2d9865d9f3328e36e96bbf455dbb610fd4a502ee48cf1c2798e85d94622bffe
BUY,0.993,31.76,1767032521,No,0x16c7fee72f5ab51de563331001489df731b7534139a3d5bbd490ea3129af2869
BUY,0.9929999873683384,50.191338,1767032505,No,0x52af57562cee673a80fdeff6e7656c7ecfc19ab444d14b51ec632a422054d865
SELL,0.992,37.03,1767032471,No,0x250b81649f1dd264213128e03b06af569510dab341e6e84f209c6629917bd807
SELL,0.992,37.03,1767032365,No,0x0d1c4e2ad808ff4063adbb8f8e137591610436e761ba97bfc9eca4f6aca1bfda
BUY,0.008,625,1767032309,Yes,0xc3a4c4c12cdc33c95bddcd2e78507263867a592d5f89d43d669a85d60e4d1bfe
SELL,0.992,373.71,1767032185,No,0xcaab2dfca7f2d3994fb054e363c2104dd15abe63e8a6cbade4445a08c029ad93
SELL,0.993,405.03,1767031971,No,0xea06a608c19c3ad9af5dc5a54beaef38f4b64b5ec782bdc203e218eeb0b4dab8
SELL,0.006,4,1767031815,Yes,0xc628d3a0e20d061caef0aa06723f49ea7d31293e1a357a40768e3de68c5e9d41
BUY,0.993,798.7,1767031613,No,0xa15d54ec66b1f8c9e776b89fed4ee35766fbeec7b9492f2b7c5c40d7f061809d
SELL,0.007,27.69,1767031571,Yes,0x7d1e45b7374633adb55a486471e50f74efe5bd0a9058f39e920044f0a5001da1
SELL,0.992,23.52,1767031501,No,0xa175596cf7f680e4d4f26b73d98c0473d8599536aa5a708c1fd2481b3fbe9cbf
SELL,0.993,166,1767031109,No,0x30d7834e807ce85d507eaf584dd90acd9140cce39455717439617744350bb426
SELL,0.993,410.68,1767030955,No,0x55d3c4223a2fb783bf0dc84535368abe40ee630faac462511b95ba13dd561618
SELL,0.993,5,1767030699,No,0x93000e373fe3520502c8f16148335bcf5d013e2ecdc65532f551d987b4b8394f
BUY,0.9939998520294834,3.541246,1767030079,No,0xf9bf7b8e4850bba9626ef078252a10e7e35f2e23434e37aee4a84af19d75ede3
SELL,0.993,382.3,1767029731,No,0xe976a1a69afe8bbb4e98df04ba1a8cb247ef124e8cfeea67c4d100e515073e2e
BUY,0.9939995768112233,1.016095,1767029333,No,0x1f73afa3d49b6b240797a4362ca4163eaaf569b7c0751cac102fc3a52d5b8a16
BUY,0.9939999993628205,3.138833,1767029131,No,0xda477f156bb3d2b4d3dd773c65e3182e88e36d4c262c14f114d38a45ecf16772
SELL,0.993,20.51,1767029081,No,0xc02e344a497592926b8ce950184ab428cc0201556e4abcc3acb475e23814fa87
BUY,0.9939997827069119,3.893359,1767029045,No,0x7adca02ee0ac3a6082d9b638193451d1426b751e0e57469e077092027dda0344
BUY,0.9939996290679788,1.649898,1767028945,No,0xa61b94117b2135a900f35732ce6503eda1d73021fc7332e24643c9e0f7f5968b
BUY,0.9939998680019135,6.227363,1767028631,No,0x5269f9be556d1560733d50ab56b2d003c419a5170195278e1597a059a8ba5590
BUY,0.992963908260176,17820.144142,1767028109,No,0x105c58334510a854f2545a35fff4b642b1f514f01bd97504aeb541cc7c245c25
SELL,0.9913420800352922,1178.73,1767028059,No,0xd156f46b781ae6cc47e1103c03b1967e48f2d198de7f9b79e35321cc2c6522ef
SELL,0.007,49.5,1767027783,Yes,0x3691fce460cc03dadb594a57a89d917e72349bb01deef58a2dd117e976efa981
SELL,0.007,21454.8,1767027665,Yes,0x4d2fa4737ee1aff371554b53c8aa7538143c655598867f96e150943060cb6ead
SELL,0.008,25430.69,1767027647,Yes,0x2ad28befcc7938cec29f71ca0e761b44d5b07e31e00a03224cc256d82dd7d09f
SELL,0.991,110,1767027529,No,0xbf3f5a5af848e1ed9ffb72126f6afba74a574fd47c566ce8b896705f8be02a2a
SELL,0.991,9,1767027373,No,0x0f8fd0e2a117818a2e68c1992ee14d11387f8f8ae83d5af481318bdef6a5d2ce
BUY,0.992,262.09675,1767027289,No,0x0ccb8a9660ecf1742a0e12feb2d309b8aad2e3b0a7e4122272cf1538f9a4e4d9
BUY,0.992,1.008,1767026799,No,0x32e17b1ff2673d80bc5e74686e8799950f203b04a46af1b5bf780a2190a79084
SELL,0.991,75,1767026707,No,0xb8012b22a58affcb5290a327b895223c0386e1ef1fa274d31e4086c0491e1183
SELL,0.991,143,1767026579,No,0x99a4b8c9a06ff996abc8fcb07017d3d6c29e67423eced9ff17cd3f8487b260e8
SELL,0.991,60,1767026541,No,0x6eafa0c0519f2edbc872f42ca11c743b6729817444b5e9697c2b61948b9579f7
SELL,0.99,2.29,1767026511,No,0x83da6c3079a6ebab4d0807b35257cdea14dbb3a385887647e121a563e1a1b349
SELL,0.991,506.07,1767026485,No,0x6e901ac06dfd2ca1097dec239faa14dc52eedf2c7fc486e5f48af4599190b3c1
BUY,0.992,1.12,1767026303,No,0xef44a83ae674590d7bb0a97991eff48201d7a8ef54404beb558a60a9728523b0
BUY,0.991,750.93,1767026239,No,0x0672ef378bc8d64078c7563c980f5828803580a362b41ae4a60f830a9d2378b5
BUY,0.9909999010651436,6.054489,1767026239,No,0x3dcdb07a7fac9887d9f77d1705a78cc8b01ae635bd119390cda996e94b036edf
SELL,0.01,100,1767026211,Yes,0x467c71eba6fe79dc8a8d56938d429ed17ef47d6f163feeda82d1aece5bc19aaa
BUY,0.9909997314388043,2.018162,1767025955,No,0xefe7692d3252b1eec831935560e6b43869f769204477ced8f918ab2b004ef75c
BUY,0.9909999398183235,7.759837,1767025889,No,0x2981bf0cc05890d7d850bb4dad1b18f7506137e75cfcea7c4facbee2a96cf5df
BUY,0.99,10.0505,1767025843,No,0xa12f5acc2db61b25c98771edad4747889f3c3ef2ca6c260603f5e6908d08a80c
BUY,0.99,1.0101,1767025841,No,0x4bc2ab698943d384b712acb182ab42a18e20d42269ada9c16902077daca2afd9
BUY,0.99,1.0101,1767025841,No,0xfccfb9ebb0b3bec395e61ce6dd48ebde9ad55ad498fcdd55e651bf4d19df8de5
SELL,0.9877521054728267,14258.08,1767025837,No,0xb5a071e4937824ebcdd8c690dd09267e29ac84de86ac3d16bcae481181140120
BUY,0.99,6.0606,1767025777,No,0x7221f3f298979a8402e92dcc9fa9ee6727aa9c9671b37919527e83b3bcd70059
BUY,0.99,10.707,1767025713,No,0x87a4e161495852dd8fc76fbf52f3a8c3c0542fc5fd0f971b082c0187e305e045
BUY,0.99,4.1111,1767025557,No,0xdbee645a4cad168a7ddf0f3fe6016eff4a1bd3050a32eee01aa4f207c770eeb9
SELL,0.988,2.07,1767025391,No,0x15a24aee361c409d39ad9c390ad701f1e64317883f71423c7c3b5f2a78d49fea
BUY,0.9909999933204641,8.234105,1767025357,No,0x2bd4285db53a38a0331bc64bf7eb98720b221fbf0839faafa68bf84273882daa
SELL,0.988,2.3,1767025297,No,0x14d9db1c7e8fa0e6028d0d15258520634dc3c82158cbfba52cf2d80a9c008658
BUY,0.9909999010651436,6.054489,1767025193,No,0x9eecb7ba76c876884e052f8f7657abff1510d1b8db85a43cc335c797f906b3bc
BUY,0.9907437968963165,469.12,1767025149,No,0x6dd8e45d750aa7dc0a549026945ac30cbbf27da4526342400997471140a2ab02
BUY,0.9899999974012499,80.808079,1767025121,No,0x00f0a06f65d14d0d54a682ffa229ba7abb7e9ba0ce6246235a7aa0abfc1daee7
SELL,0.01,49,1767025029,Yes,0x0a164fb1fd4f60a933bb654e98552425fce0cc0030d989507f900a2d07ee0e2e
BUY,0.012000000192000003,83.333332,1767025025,Yes,0x85d46cdf80badde994dc530ac4b676491d3b891d5a346a43709bae2e2e979fad
BUY,0.992,10.080625,1767025007,No,0xae7db5b2bb13896268e863db164517219de60441cfe29c7b61e5caea434858ff
BUY,0.010153340499313532,49220.254165,1767025003,Yes,0xaba73a11f96b7bc31a5884d9024b40a2a64700a979912d27ed1a4a2bbed38340
BUY,0.9929999946374282,5.407853,1767024983,No,0x3529941362fa7e526228e56e5d008e7f53ada6128f3af5a8451c5af2afc5c148
BUY,0.9929993446194962,1.409868,1767024771,No,0xe6dfd9a7004811337fa21141b99fd3838a3288f158ada0e79fd6c01b2dfd5f4f
BUY,0.9929999160205545,7.049344,1767024559,No,0xfc13264bc21e5d1ad0259d25fb964eedd5832e728ab0f7d872e7fd4806bc3406
SELL,0.9912016660844898,944.73,1767024411,No,0xdb4369168c13668d63d383b75abf369871a1bbb46735408e4b457a6900593ffe
SELL,0.992,10,1767024271,No,0xc86a91d3c65cea4235d725b2c5b1daa55ecebe2bad8ed6fbed842d0472d344a5
BUY,0.9929999160205545,7.049344,1767024199,No,0x5ad4b75f24d14f37b02c95228dff3b4724e5774aa91585ff63744ed21b48876c
SELL,0.992,1.09,1767023761,No,0x87d5bf781bfc79ae07438651f7ca5260548da5001f90fd316262091c94df4413
BUY,0.9929999777211258,1.570995,1767023697,No,0xa8946fa1210c2da2afd65b84b480b997260b2382e1b7696f0ff7e58718b894c7
SELL,0.007040834379050009,3888.88,1767023587,Yes,0xa9815080c00336ebbcb9d4ac611265ece141184d4d347ea03667e1f27449ad8c
BUY,0.009000000004371428,3888.888887,1767023573,Yes,0x3d69da4cef45568c9d63ef9f9357994e52f2bf28a1d1425cb25625e690e8dc7c
SELL,0.991,309.59,1767023509,No,0x064f29490d87f13eb13800f7cbaf94d059440352d3f77ef144c6e1c8bdbc208a
SELL,0.007,150,1767023469,Yes,0x9d9743391122a5d7edb237be54b814b2635a027b3ab2bf7b00fe390f6bf1ba17
BUY,0.993,5000,1767023283,No,0xf4974192c37c7c21b209f3b2171646aee4671eee31334500e5b15931a395959d
SELL,0.992,40,1767023269,No,0x9041216d03169607a94a5af7b706eb43e27aeee2d9205e0d75e2287075245351
BUY,0.992999988823367,2.326282,1767023143,No,0xde5c29c0b1418cffde83f2b1ba5abc5c4a4837185db4d726b1f7317e67c3cda3
SELL,0.007,70.04,1767023123,Yes,0xb86eff00159d8d173c89009dd04928a5ecb4937427a956d8e5876cefeea22ffb
SELL,0.992,117.64,1767023091,No,0xf56970fa53d68252267bbd432e0a151b4d2b9aaa12fb17e13f7d7e960fb1c809
SELL,0.992,1.16,1767023081,No,0x1099280021db5a22bfdc510e4730818177fd40aee313db85d0398718d3233161
BUY,0.992999929597829,5.156091,1767023075,No,0x556d60658c5a45d3f866e4cb5526b2e83d8e6d254ff0afac2261aec2c6a7d826
SELL,0.007725806451612903,138.88,1767023013,Yes,0x2ae6a26f8dcf4d915ca298fce0ae9e5c240ff065cfc1e6dfacbe92f5f873907f
SELL,0.991,141.41,1767022921,No,0xadaa25256e9a714640e0953c68a3713d7ecc22fce14e1fa8da726e8fa338db95
BUY,0.009,200,1767022907,Yes,0x772e40b934c547fe1f5592e01b294546cbee1969fde0773971def409b3f36464
BUY,0.009,200,1767022901,Yes,0x765d8775d843e7f6d5d1fad0021ab742c6af7d38fdd17d39ddbe290797765d24
BUY,0.00829705,200,1767022893,Yes,0x21508219b3e5e245a064f9fc03bea7b8a3b6b7acf036c7edd18860758655e461
SELL,0.992,39.47,1767022833,No,0xe4ae968d25c63c694a2dfa0b893c4061ad3b2c12ce12aad52df8399dbc71b923
SELL,0.992,20.74,1767022771,No,0x784fd0e87f9e90487896e33a8ede4a85f229a2ebc95828312c1a5e0ae082f55a
SELL,0.992,20.74,1767022739,No,0x7aa8643caa57091780fe552cfa60eea991935fd25d7260d0e68dcd3988831700
BUY,0.992999985065279,25.176232,1767022459,No,0x665866bd6708610226ca6c0d1043c16159edb0b913044b2411d62a73a93eb832
BUY,0.992,100.8,1767022345,No,0xe4ff8f3f8321b8dca2870dfa1995b7b55b9652ae0781cf4fa7e188445a4851cf
SELL,0.992,0.8,1767022311,No,0xdffda460cdeeaaf465c41c9ef4b29add608b189438e44db1f873df633db24a43
SELL,0.992,100,1767022299,No,0x06eb7fd8988f617014c22d5bba7930d682c22e37f057cb83d69821d7a8c6c393
BUY,0.9929999366399324,10.211479,1767022225,No,0xea5498ed086fe5f444e41c669996451727117734ed9b81dc7a3e8640dcbb5bca
BUY,0.9929998120723776,4.31017,1767022205,No,0x790b9264f09676e526ca50add55e4cd600abd4bc8f85c428dc65500129e11f48
BUY,0.9929999419760835,7.58308,1767022037,No,0xdbdaed4ffe6019b9330682e38dbe7437f2fd152cb5fed5d53f909497db6a1577
BUY,0.992,34.99,1767021623,No,0x657ba5051a7443486ec0cb549a9071728f110720962f8ed28a362a7cc0d6949b
BUY,0.9919998649829541,5.33266,1767021393,No,0xc4c976849b4e8357092437cceaf87dd526983e662c972fae467b3a1eec28139e
SELL,0.991,5.19,1767021299,No,0x32dce0d1ee7f2dda7e8a4f2b3283a437fac5c9b3b3bfc300696baa541415382d
BUY,0.99199999912704,1008.064515,1767021081,No,0xe28d2fc10e6527aa7dd01c88a5d665839f85d3ec24a4d817ac756b1532bad789
BUY,0.9919998312705985,5.594757,1767020887,No,0x0f36e68a1a75955effb85723a06f98c72d991a6e3aa0c7ecce274319ccfc038f
BUY,0.9930000032664473,1.530715,1767020761,No,0x8610088113ddacd9bd377c23cba669c8a47d9001e6617d2b95317bf9c3e4458a
SELL,0.007179800827083804,1724.13,1767020697,Yes,0xa18e85e5d11c0f72945483c4b6cf9b0c993652d4ae1d1241d88745b255f68c95
SELL,0.008,90,1767020573,Yes,0x3f155a0d3e31938445e473f77205cdaea5a28b8160d430dd15097c511cd54918
BUY,0.992,155.51,1767020323,No,0xcf3e00c71a25b01f236a82d97b05c3adb4158172be72cca6e738a96936b6b219
BUY,0.9929999605450653,9.808659,1767020125,No,0x014cdd1809527f734e5da4d82a4037311127f047d51b2bdbe21105c9f7f8ed9e
BUY,0.992,100,1767019943,No,0xcae946b48fba7e7c6a8b7148dfde46bb0fe07937162738541d8737dd4781de25
BUY,0.992,2896.7,1767019871,No,0xea984bf480444d7ef3ce679c1d9b83063ebff1a4663ee4bb4ad861bf6a0a22f2
SELL,0.991,3077.65,1767019739,No,0x6a4268e1542d3497a806c020487cd4ccc9be5190b3269af785a074023b6feebf
SELL,0.991,40,1767019669,No,0x572c898e6d6f55cc7b660a4fcc59496c38b46b248089bf191ee74ce7a772d297
SELL,0.991,1104.61,1767019303,No,0xec457f9b85f40d503291e9660340277ffcd7b9ff4094b73e160dd175989d516b
BUY,0.9919998578240783,6.189515,1767019251,No,0x4ab3fa9fc52ab07af5f49fca79891bf2541981d00a3474bd8a781004b8b7a866
SELL,0.991,68.4,1767019171,No,0x4dc775b65c9ba92d8d44f9379fd66c1a6772639608534d3b82f48f2b2704bb7d
BUY,0.9929997284525577,2.618327,1767019167,No,0x3fef4f33f3ebdc5d86dae740d2ec2b40ccd6c83fd90344b2dcd7e155d9f5d3ec
BUY,0.009,5,1767019105,Yes,0xb0af50645e2b6a2cd553c19500604106f30c29267f67b60dca11306a41ef1284
BUY,0.009,5,1767019087,Yes,0xde4a311f318b2d767a56b1a4e57f6f4cfc0c1c472b7e16819f52faadee474b96
BUY,0.009,5,1767018943,Yes,0xe50f78669f3e4951920493b259c513e7e966f8a3b08cb0cddccb69f4b57665e6
BUY,0.009,5,1767018935,Yes,0x4639e5da6299ed3da041a1aaaa585dfc458fb1b0f8d98ea872ecf5eb8fa7ae07
BUY,0.009,5,1767018933,Yes,0x0b2a5890e0065d4452726c56073510cd4b8c1e5798f306f2ca8f5890907920bf
BUY,0.009,5,1767018925,Yes,0x4259469e74df200a7dc9e5b60dabdca87aea5e1c39a7ff589afef9b96cf7fa0e
BUY,0.009,5,1767018883,Yes,0x2bfc0502e79fe22d3e9a37a8854cf3d4774c548568c8b315beb44fad092c367f
BUY,0.009,5,1767018825,Yes,0x406c0dcb4d553f2b0f7ea313487cb859fd40cb0ecdecb5fc74da0eeefe760d0c
BUY,0.9929996829779275,2.980865,1767018735,No,0x0705edba53e22f8dbcef275ac070806bd5ee3df4ea1a2d76561c8b558fcd606b
BUY,0.009,5,1767018727,Yes,0xb206cf9d4fc82a470f68becd2f0c52fb8e1c623b9ff24441c1ff35d1eb74230f
SELL,0.991,1000,1767018723,No,0x34f90a6112f1a4e12d74aa2c2b13d88c2107010278a5a390b64dfdd69ad89fdb
BUY,0.009,5,1767018713,Yes,0x7f828f252d599490223296d4221ee3897966e578d4aa41a58f788aba8547b462
BUY,0.009,5,1767018703,Yes,0x0cf32033b656fd60ed2fc1725650423b317e08e8de8dbbe8ef9285a13d13ed50
BUY,0.992,35,1767018673,No,0xbb3867b7d5a16838a62817a202e2c1e45e8fc32ac2b77a89d63c92f97d868a38
BUY,0.009,5,1767018643,Yes,0xdc430d46a2fe520b2f5dda13da2d064e000907ba69a9ff15c694511c519b7a93
BUY,0.009,5,1767018605,Yes,0xc32a5b35920f83e307693ee9d815dc322de9443f291ce2955123548a0600057e
BUY,0.009,5,1767018553,Yes,0x506534f49ef28ef9dd73a603e732aa62a9db188db5a34d45836d75d37be9aa8e
BUY,0.009,5,1767018501,Yes,0x742d0ef7f6a442f44f34ff96207395fcdcab7663f33da75378a1513dc12d1f45
BUY,0.009,5,1767018499,Yes,0x5a9fa5176c2d6a89271a7172d1567a5ef1b710cd26bdbb78d1d6510e22d30541
BUY,0.9929998131097645,2.134943,1767018443,No,0xe48eadbe96e10efc35f17cbd62aeb9619dcae440b72c3595e4dff22071592554
SELL,0.991,891.46,1767018379,No,0xcc3f1bfc4affa49efd3a0261b2f28f3dbf13fa8146599bd48569cb8c6db65660
BUY,0.9929999160205545,7.049344,1767018367,No,0x0ba72fe8b55808f0cfd6e9094f2e1bc11ca032a1226bad354e6e7a0d148c0667
BUY,0.009,5,1767018219,Yes,0xaad590a8b39639235a65112e32b138ddee88347d297ced337dc08ca5abbbfde9
SELL,0.992,165,1767018215,No,0x9799434097499f37f80a3b60bb2066d8d857a96e4a6abeea2352ccec97d331f6
BUY,0.9929999074448445,2.668679,1767018161,No,0x88343fa096e175f0f365350a4f0cbd00b6f074589f95ffcc9eacc0de929e4ada
BUY,0.008,5,1767018087,Yes,0x4b3b56c1265a31f5ae4d6151e032aca50bea18c176249030b6d68fa0f54ed0c9
SELL,0.991,1500,1767017731,No,0xb199d2fd6eccdf719ab0d6a4a4e932cca0cfd69719e0b4bc5a20c4b36e2b215c
BUY,0.9929998607752363,6.837864,1767017557,No,0xb7904e5ac47a53acac1f58ad042b1e0da00447d774235bd8c41106a023ff6347
SELL,0.992,199.99,1767017551,No,0x3347240a9325886487fe02d78edf1cf1f1ef7b1d2734090389315f42d4281dfc
SELL,0.007,200,1767017535,Yes,0xd56acf857b17b3520f7be1bbf17f97d1a3f8406c6399ca172ee661e18e2e0781
SELL,0.992,6049.84,1767017439,No,0xfeaf06e24fe2860d432f9998cb062c39ff1a614be5ddd354e2e7198874351141
BUY,0.008,200,1767017375,Yes,0xdbcd9d9f803d2ccce811bc616a44d24c68982284ca15218a2350d6d1bdc5e724
SELL,0.992,74.16,1767017171,No,0x8edfc5a8856cd59eafa89a541ea44f0e7b23b00e87e0169a07b109b699836d23
BUY,0.9929999997628369,518.630411,1767017085,No,0x69f210733728d05cf91d2a5f5fd090c149405ed0b2c69f5c63771df156991c0f
BUY,0.008,125,1767017047,Yes,0x70612c6c7936858b91685bec5241f3144ef5c5d8c5f5e8f1550c989def025667
BUY,0.9929999806464415,5.528699,1767016899,No,0xf551a1951b85486e949a7a5961ff700e5289fb7a7890f09e89855df206585a43
BUY,0.9929998452574725,6.042295,1767016807,No,0x89f3b06cb5cc87d10ca310e5967dbf125a89f05587492a749cdf223a740b66dd
SELL,0.007,12.5,1767016727,Yes,0x23efd8ed0ef628094741990ccca0f66a774e8529abd7fadeb3a964147bf8b249
SELL,0.991,1.01,1767016565,No,0xb58101392f90fc072a687cf88e2bb16c5a13855bed0242921183f06a814cc40a
BUY,0.009,5,1767016495,Yes,0x3e8613555404b6634f8c0bd8591ec7101ed3af306923194f70b35f25badf29b4
SELL,0.991,286.73,1767016401,No,0xb9215fdff9bbce8feba1b25bede416949bdb83b7cc2db9ffe435b65670ed2086
BUY,0.9929999906472003,18.710975,1767016219,No,0x1f68bd7776dcca97fc0387e96bf5f8aa538658a4d6e6e43941ac9a217579434f
BUY,0.9929998452574725,6.042295,1767016175,No,0xfad628012c55276fb9f9caad04a1239427b34a0fee9e3bb9148f178db62553df
BUY,0.9929993406471191,1.007048,1767016149,No,0x923d5cf06d99d0fb59293457251ecba93bcb28dc415d669064f493b67223e84b
SELL,0.008,10628.22,1767016137,Yes,0x84b4a83dfaafd0d89cd39a7ebe658bbdcec6e8e6820062e2815e9e0cd885f4d7
SELL,0.008,54.05,1767016009,Yes,0x9a99d6c06ce81fc60c3120f50a0ea14889bd0cf847ecd2d90bf0d6aa4d97e4a6
BUY,0.992,15.866875,1767015993,No,0x4964acdf7cf0ee5a9b7ca71e647027b82b4d16f8c00d8f2a9a13657817dab77b
SELL,0.991,9.94,1767015889,No,0x602a0c335f04286553d39732e83f2c1a7c487fcc8f345463bc1d046355574132
SELL,0.991,16,1767015801,No,0xa8ffce45b87970067d541dbd7760b7d900eaa35e6049dcdd707276240816c76a
SELL,0.991,135.74,1767015789,No,0x12663a23c22d9acb105b6fcb1548728709bbdadc3b7a851af4b37f4fa8d8d56e
SELL,0.991,76.03,1767015581,No,0xa68bfc7219ae471b5486eb601c4a3607971650dcd62722acfa085e84c942c982
SELL,0.991,191.59,1767015581,No,0x98b9de6c4350a0b4cd3be8d23a2e7e4f47f85c1ec773144e3a08a9a6be5c6d3f
BUY,0.992,135.74,1767015559,No,0x76ada9bc5e9ed310778ba83b12daa4b143821c4bcb843b221fdfc91af0aee977
BUY,0.992,6.72375,1767015511,No,0xafba2430051ce2ed30102f58bbd0191772dd4d49d920765e3ed23c6d5945d255
BUY,0.992,1.008,1767015449,No,0x9d67f565c18fa99dd2bc6ee4344f20d84d05b56a4793fc7485c4f21c11cf53a9
BUY,0.992,13.558375,1767015409,No,0xf0cb86c2060c507081c8f477053ec2c6aff24f898bb09fab0d2f5808bca936fe
BUY,0.992,5.04025,1767015333,No,0xe530d5a77d2b3dce700a9293630426612cd786deb697c627b7c38e09a80c39c8
SELL,0.991,10,1767015181,No,0x5fa360e9304970e5369c6cf9c93141f29a92c00fa5dcbf5090e6043145f90e56
SELL,0.008103607954588265,33180.85,1767015131,Yes,0xb37d957a816b898efd9ba61f3c296f8549858ddf3ba02baf794a61cde33876af
SELL,0.99,75,1767015065,No,0xb183ebc75b702694048ae82b49a75efce8d41067af736d8e8a6b6d4874d073cb
BUY,0.9909999332065778,5.045407,1767015015,No,0xd20e65f9b53f74fbe9698af450a3fac501517be19d14e8e78caa52c8a0abbb41
BUY,0.9909999073349532,1.553984,1767014997,No,0x5509326dde73b8084e7ac17c2c84f4c69bf4cf6794174b208f8f47ddfd855485
SELL,0.99,1.03,1767014745,No,0x4184983996dd486c5db0a322656788f244659e8f049333c723a09f8484c78bd1
SELL,0.99,0.38,1767014573,No,0xdf23f296c6ddfa6250e325d941b2c72225587c52c9a53ca338392765997a5d38
SELL,0.99,23.8,1767014499,No,0x71f574b6c80fc6bfc771b4dacacee90169a5a4eb427c3ae90c72f3c09570f26c
SELL,0.99,22.01,1767014407,No,0xcada67de84a07cf7d35897712408b33d6609efa552ebc17f05a9e296ed9f372c
SELL,0.989,100,1767014337,No,0x7ffbeee53c779ed7b1a8800d551fadf3bc729d36261dc19539f2ed4217ee175f
SELL,0.989,500,1767014287,No,0x56a763aa1b855fcc54f425c0288182138195dbe887bf8bf73900118b5a0ecba3
BUY,0.9909999010651436,6.054489,1767014267,No,0x6384a41a017b8a8605c771fc5ade4c7dd3fea82666494ca7e497e37471d37ec0
BUY,0.9909997225195227,1.00908,1767014213,No,0xb9a5010bb51d933194c388b02e0a50050a39b0ebf7a31dcbff609d15308119bb
BUY,0.9909999849863488,20.181633,1767014043,No,0xc0398d2adac5ed5384577aed334adb6799e44c6b725b783a66c7f09171ea2c4a
BUY,0.9909999923386813,112.643793,1767014039,No,0xbc5bf85f29aae9c98d4cf792fdfbc85691c5c9d18d4e2afa3457c47987072903
BUY,0.9909999843439443,42.411704,1767013721,No,0x2f1cc7a050ff73698060f8aae51d0b5a9bb5b6b8af33240966b92fb09a966ae2
BUY,0.010917626373626374,910,1767013711,Yes,0x1a221b349e523aa0b67613e9d45faa4e6d02d1be632301665b0455a0c6720383
SELL,0.989,20.02,1767013603,No,0x201f1911162756d71e2a161eb0e222a0c800ff7ca4506fbc0b78c7cf87e6a1e2
BUY,0.9902992616395125,44.34013,1767013575,No,0x0d45996daad44b85c3dcaaf71fa01d8efa78200baa9dc8e2375db3aedd2c585b
SELL,0.989,1.76,1767013549,No,0x408836b69ef95aadb2c664d9321da3a06d03fea5bfc3c1ed3eaf186cfb8af5a7
BUY,0.99,51.6161,1767013511,No,0xf102afcbb839a5e47198f6c86000dfcb6d79d821d532a9129524722e38a9ef16
BUY,0.99,30.303,1767013487,No,0x111158bcc4bb5ab7639854317747db557d33e4f67c1e517b60e4004630ac2418
BUY,0.9909999796046254,42.754792,1767013211,No,0x0e18b4ab185a683755bb40a37b2481c8c1c562c2eb7ecdf38616bf6ad655722c
BUY,0.9909999946756343,50.898081,1767013211,No,0x1055cc3d76acc66fcab4453ee30dd3d032e9332401a04a2716f1c2729f9aefb7
BUY,0.9909999875683112,50.918263,1767013211,No,0xf6f8cdbd51c2c2119e55a8f437730a4a8cc3462131f0ec8fe3b6fdccba42da81
BUY,0.9909999349903913,10.090816,1767012975,No,0x5f9bb7f7389fdfa97285317bb2bfdde8cb08cddccb7e514c4ed8e5cbea28ab39
BUY,0.9909999849863488,20.181633,1767012975,No,0x9af39f5f5fbd62d74967f4acf4cd5672b0cc50412a71677aefdd28a0c71b19b8
SELL,0.9895368235147405,2966.99,1767012971,No,0xc278f7ffc23d06027b556c7dd74948a54669f7293f069422cc932f84f1e8997d
SELL,0.99,1022,1767012963,No,0x46e24d7be9771849905b6ef706af1d318ba1cfb889fbdc625aee870e6a1b3fad
BUY,0.9909999010651436,6.054489,1767012861,No,0xa03e85d3bc16925a53d8c29d3fe0c582e83ff82e1a4cc040baef6fbddb976d44
BUY,0.991,5,1767012801,No,0x088025d1bace09cb09880632e370ba6ca3b03da62867ba27ff5816b1e8b3b196
BUY,0.991,500,1767012769,No,0x0e2002e1d592b3675f4be60385838bc1b950320623e9bcd67936b9f72294f501
SELL,0.99,66,1767012725,No,0x9ff326a07cb5c830247dfb9513dc41dc65e5596c14c9c1979d24683e0e680067
SELL,0.99,60,1767012685,No,0xf1e177a41ce85adb083aa1d92876ddad113bf9361f5492a05499795668d50815
SELL,0.99,165.13,1767012377,No,0x2e05da9b3a229fbaf016df3dcf8caf092c97725af7b55a74140c7f2bc3ec022f
BUY,0.9909999332065778,5.045407,1767012205,No,0xe9f3e9cc5c4d422bd4a2122e5bbc4ed87dc502c87b1ae3d1810010498903e6dc
SELL,0.009,58.82,1767012035,Yes,0x41f33b809c8435fa8e2c1c035a0b503bc0cc9f9b4561c3050f9a002b9c785861
SELL,0.009,105.78,1767011929,Yes,0xe705cd2ddc9a0b44291e3c0c95d7b7da53babacf0cbcbcc3d26dddc06c00bb35
BUY,0.9909996114751344,1.523712,1767011889,No,0xf0c6b21c74ea084ecc55c0e17c23fc3450ff005a5745e1dcd35fc09b59faacc6
BUY,0.9909995909594453,1.977799,1767011773,No,0x305428aa9d2bb9e0374fad9ca1ac716b310a2cee81e0ffa1b1da349989240719
SELL,0.989,20,1767011283,No,0x3908459047cde6e80e690c545ce465da37d29510b9942597725193b7e9469fc8
BUY,0.010543135733415362,20211.254544,1767011225,Yes,0xfda9e3e3384fb8303490138888435203685b00c70f7a71898d9535373d3f912f
SELL,0.99,123.07,1767011197,No,0xcafdf9b2d4618d5d41bfa2dd850af229c2d8b63e503056de8d7b68b2cb80a69a
SELL,0.99,119.99,1767011177,No,0x861ee5507441803b43d8802094f8bafa0571ea7d93a2b975409840faee8d576a
SELL,0.9907210720959712,3826.15,1767011019,No,0x564c7b6ab93c1ce2b2b51ab463a24cf870f4e22eeb0622edc4c8258920c88433
SELL,0.008,20,1767010959,Yes,0x0e32a2060c67014befb5084afe08fe79648252cf15c76e6a465e9d19e22c5986
SELL,0.991,19.98,1767010959,No,0x8a5e4886ab095bb5475ccca19ba30dfdc9b0651a3e495b1d77c2cdac9e3b8f53
BUY,0.9919999996839534,1164.385079,1767010807,No,0x7e17616ec8c7c7429bb982b2f8cc58077451ad121eb49dfdd50f39e28c4c2e4d
SELL,0.991,10.09,1767010727,No,0x01f6a08d01f4849094911a973e0767f5eb3f3de104275f0255f82a72a60993e7
SELL,0.991,5999.53,1767010657,No,0x988a1f711a711e0bf5e3fdfdfd7adb96790a4c4b192f4a4e202af84e96888178
SELL,0.991,100,1767010403,No,0xb438f86f233e4af16c6da1d219147e78c76821f39c10b78ab861fcc8d7883b30
BUY,0.992,2.520125,1767010227,No,0x6e1099fe39b909b1732fb4c81740c08489fc5aa7dc741101257d482129ff7fad
BUY,0.992,1.41125,1767010103,No,0x788f24c708d261579d4f2905dcb651478b310204f377e1f59aba317a20b43afe
SELL,0.008,5.18,1767010101,Yes,0xeb8b612e619a43ab2815379da7cc0f752bf6353557848fd2d524d6ccd0026c15
BUY,0.992,1507.116875,1767010041,No,0xa77fe9fd718ee1bb8799c444de6918a7ab9c50f2830e3dd84be2cd619add7f97
SELL,0.991,10.08,1767010035,No,0x066e07bfd09ee48dca9dca3450faaf34c9530e995fb15edf457624f4bf1c005b
SELL,0.992,25242.5,1767009879,No,0x0375764a41a1439f5a0255b4d5110725fdf1e0dc5ae2faa460c9072f34c733db
BUY,0.9929998452574725,6.042295,1767009727,No,0xa3039a5445b434319a0486875be86f8cdabd8391f41ed9e6104c4ac049145edf
SELL,0.992,15004,1767009357,No,0xedc00189bb401ecbcf8ce82b2d8bdc8fa9682220c54c35287555842fb373013d
SELL,0.992,702.7,1767009223,No,0x40668f06863c4b031b529f21f27f16feaec7e5232c7cecf8426ce2d1c5daab95
SELL,0.992,20,1767009159,No,0x0bab2ed3d49e2608beda76e3a6618a61d079db2a565f96c9144f2e15129ef4ca
SELL,0.992,1.03,1767009093,No,0x4a32762886d57c85d2f60b54c7c51f2deea02d111bbc1f05e75cd66acc190451
BUY,0.9929999796946289,34.128901,1767009087,No,0x5e5f8df285cbd6c82ab4719cb9febdcb53f3b3614c204b7ab5ab6475fe082d2a
SELL,0.992,1.02,1767008977,No,0x0307937be90c68f6e2b8f43cb50e7feba82c37c97bd72fd504010addaded96cf
BUY,0.993,68.51,1767008917,No,0xfb821eb38293100e70cb2ba6abccdd059229740fc4c89f7e4587abf5cc38e948
BUY,0.993,67.63,1767008859,No,0xf3f2e00ff2c11995180ca8875743f7860525a941bb0497ab807c22f1f733cc03
BUY,0.993,63.4,1767008783,No,0xea1cf3540df3531512702645abb440da72fa2dcb68d4d31a4e5aaf47b104e192
BUY,0.993,64.95,1767008701,No,0x04e786d853d2aaa7940a5b51373aed7e769e07238d63c434ead6486ae7fd4e11
BUY,0.993,63.85,1767008627,No,0x4a176cf36a570db2434f0fb472f947e4f8639c785e2b979eddc3573a8d7bb79f
BUY,0.993,66.25,1767008559,No,0xdfbf07c7e0f647c82b0ff72d0b99b4dcf88ae276cfc067b2b5bceef254c14574
BUY,0.993,54.99,1767008461,No,0xdb270f13c4e42bdfd85feae7276c2ae486aee4e8506f24989c9898cf09371724
BUY,0.993,49.51,1767008399,No,0x3e18dba68c49c0f90e3422ab8150d050adcee0e81fc060eea49d953a3a64c6d2
BUY,0.993,65.27,1767008155,No,0xf216b84e7cc8493c8b7974675af95691af956358ff8d103f52466c461ff576d9
SELL,0.992,603.75,1767008109,No,0xde338f2d2a82dc196632a22755518fef7aead4fac5202a394d1e2b4476ed4685
BUY,0.993,67.95,1767007923,No,0xdac26f043701d52bf1d72836535fee0e2b3fe805f99b58f53d302df8db438711
BUY,0.993,69.23,1767007841,No,0x2daedd1f6e4fbabadd4217e9c8254c8f63fc2c5e09aebb659e0b28b20ad49476
SELL,0.992,17.85,1767007823,No,0x59e76e17f67e03a0d78aad6c777adff86a2682c06a7caf0f637bb0b7f5d0c183
BUY,0.993,62.49,1767007749,No,0x1ce0efd7eff62b1233dd0c9da7576df5ffeae1e91ae7d198402a8f3718920309
BUY,0.993,68.41,1767007641,No,0x75bb45ce54874f835da0e2c2c59f01f07c9434fd91bc3782dda2b98d17846226
SELL,0.007,20.18,1767007623,Yes,0x9dc35e0792dd0b1001280283a15913dd812b72118dca679018f1605959307fab
BUY,0.993,57.48,1767007535,No,0x02ddc9072fe6a995bb42a9e0c6552357348918c166c9b3c135adae8cf0342ae1
BUY,0.993,68.26,1767007437,No,0xa13691e8c4291bbdc5d5df59ebf78a60c9f6dffdc69c9f2c0e8cba728db5af05
SELL,0.992,25.64,1767007423,No,0x951dfc7c382a2515f9efe797660c4bc13ec1cf5d9ba1902b19da12e94347df1c
BUY,0.993,70.78,1767007361,No,0x5fb28f9e9d19aa23b808669e2aede2df3f7b96c445f3371871a58c732f1ad788
SELL,0.992,18.09,1767007253,No,0x72d22da8fab6071972f6d1ea5ce81c6e00e7644301de7d363e7cd1747acc288d
BUY,0.993,67.25,1767007241,No,0x36b26f307d40293e98c928a7cea4c1347ca664cf12f25dd645f8a7fd2f20e604
BUY,0.993,65.05,1767007165,No,0xeb4054719ea9ea267a6db4da3bf067c38e394b2c2f5d7944b0077fa1ed76f902
SELL,0.992,25,1767007161,No,0x9f22af65230e1faff2dedc5938126b7477d0aa9f53dc53d80fff3a4c42730ce9
BUY,0.992,922.81,1767007137,No,0xd73bf9dd0dff85167f4aa9264b464a4df9f851707482d5a40457a7e4cb801a9b
BUY,0.992,1.512,1767007075,No,0xd9326dd1630a24655dd528da8b92f9d2679c8cafcee906a600b70163f2509639
BUY,0.992,12.09675,1767007073,No,0x459a725163dab51b3f64b7b58f75f25efefb3b94186bd4f6d0abc211a465522d
BUY,0.992,66.47,1767007041,No,0xea73da4a41309935170159ef707d23dd4048ac297af9c71ee0d40e72872cb813
BUY,0.992,565,1767007005,No,0xf131ee426cb7bd562a0d4348f2a17cbfd3fa700f491bfd89d927bbe260956db1
BUY,0.992,70.37,1767006965,No,0xba33c2c0072eacde1e264b5792fce6684dbebefd4aef421d06ca36344b719fca
BUY,0.9919999894421241,4.546369,1767006877,No,0x1e69097411e345439dd15e217542a1b5b0803dc76342f85790f948dc8097e702
BUY,0.992,66.33,1767006873,No,0xb6c27ac7df627e23f696a5b4617848a0a815550a037410aab68590c69733e474
BUY,0.9919999992692755,240.856853,1767006823,No,0x51f6b538add27a8601ceb2cee7e4a1ec5f59f5d3a5bfbc01d109a4585cd34125
BUY,0.992,62.17,1767006791,No,0xca31b9b8379fd078bff0ce87c67cdb120abec58242e9d77e1474d04b7177d611
BUY,0.9919999325439933,12.096773,1767006775,No,0xd7c63fc21a14bf377327bf63d17097a1f9b742942f21a011fa97d0459edaa12a
BUY,0.992,22.5,1767006727,No,0x2eaa210d8c8f86ea614db1780be1b80f5f236b8cc6583181da54e68fa0b166dc
BUY,0.992,62.14,1767006707,No,0xe8c702b9c186e4617d2648299f06583bbd1e7e35e2877dc7744debaefba1fc7a
SELL,0.991,2200,1767006585,No,0x2ddfc6c9afc486c0e2de4748516390684ce72d50f7770926eefde6000656dae7
BUY,0.992,67.61,1767006465,No,0x9f1b88de7b59543120673d157f399a3541fcf3384ddd920730bf9d7d7bd0462d
BUY,0.9919999746968098,20.866934,1767006337,No,0xc99851e5d543d5ff683e1769b318e47eb0ebd87c158f8e1e3f6619f4a6eb975a
BUY,0.009000000090000002,111.11111,1767006231,Yes,0x1628d018970ea238ae15d82eca8b8d4b8c2c9ad35ce01069faceb779de6964e1
BUY,0.992,64.07,1767006161,No,0xbd5d4f0414cdf27a7df23af8ab817e8f51b568d1435fc0bebe08fe2a7acc3d41
BUY,0.992,61.94,1767006069,No,0x7bcf1f9f211d6286c0f15edee8ca92ddb4cf0958cfd2cde498865f158124db91
BUY,0.992,68.97,1767005995,No,0x72119fa4209d1e58b9324eea625b46cbee4e931db9c8b55093fbdf113913f10d
BUY,0.992,65.42,1767005879,No,0x0ea914cc125ec4a60099b801dfa477cbbf95c9bea5e0741ee28f8325bc02f508
BUY,0.992,67.49,1767005793,No,0x5ad2f87e6849b2e7e36242dafdeb3585d494224c8baeb3a009135c05774113cc
BUY,0.9919999920396314,98.487902,1767005753,No,0x9291c9b2ec090c35784320ec46d0057d2436e62e667560857c6b4239f6c48362
SELL,0.008,19.8,1767005713,Yes,0xe51a2c03b91e082aa3ab673949de67bf2c34ca62e7b48150fd75005abb5e9114
BUY,0.992,68.92,1767005713,No,0xc276a53b09f517d53801c75eb184a39212dd8bca801ce099d6992d57dfc77e1c
BUY,0.9919998465705882,3.024192,1767005653,No,0xd022d75eae9c03a28142c75cab6d506c8d7f30db2ca39f227dc5647b974c1882
BUY,0.992,67.95,1767005635,No,0x16f9ca183f2e7a9711252e78f716352db04f37536968ebdb8ab7a9b286dde2b6
BUY,0.9919999158783903,10.080644,1767005615,No,0x11f9c9e88dbe02ac6074fa1d3e5a8096bb1dc1903515d579628a71c0caccb2d4
SELL,0.991,1.07,1767005569,No,0x09142ce7432ab909b1990ed629568366b7e4a3aad26dad8c6de7f8ee4020d4a1
BUY,0.992,66.79,1767005565,No,0x6a88a4a0ae99738de3fc01434500ce907210a65b3e1ac175005958689c755b11
SELL,0.991,20.01,1767005513,No,0x21a1050e5ebab7a05c538b7a8b13cb1b30c3f4617805f15670e575303c4f69f8
BUY,0.992,68.71,1767005473,No,0x96b34991b1e28b05f1520039af51b9210c899c4c6efa566dd264b093bc5863d7
BUY,0.99199950796726,1.008063,1767005387,No,0x317f8e764c46b65a4d3f1d0216e368b76c2ddd0a01c043532affc5c564c471f0
BUY,0.992,69.32,1767005377,No,0x11dbc41e162360ac9e804856cdea6ef1d9de5ea2ec3b9eaaba75556d57a422b3
SELL,0.991,20.01,1767005293,No,0x6ec23765521268e2446e53ab0856f445224fc6f94786644f3a51934d9178cb4d
BUY,0.992,67.37,1767005285,No,0xc7cfed046d8590510c5cdadc7d06c34d6caa33cf40259b81581dec1db3757081
SELL,0.991,120.25,1767005159,No,0xce041348f7afdcab3b8851939bb87cda02670d646ea6a41ee57a2f3336daccbc
BUY,0.9919999955558396,25.201611,1767005019,No,0x24ae426bb5cf8603c1572ca9b6fa227579056f41514ed4c9c09bade5897d7386
BUY,0.992,90,1767004367,No,0xacb03a6e13a3cfd7b6a08a626484f74961f02e999b8cdb68c137a84f6ce7cfe4
SELL,0.991,20.61,1767004299,No,0xa6393f555ddc449bd5c347120a0dcdb075ae5ce92666d63f8b64677f2bc3fbbc
SELL,0.991,34,1767004197,No,0xcac4277ce5bca4d6b712ef7518057ed642089409b75c9a02973516aa0c78a415
SELL,0.991,146.34,1767004173,No,0x95817f4cebdf7a240f61fa153d4ad60b79e32b5923d98b12823d0fe128c167ab
BUY,0.991999988630372,35.18145,1767003595,No,0x6710c7d6d714ef053d25a4fdb5828a3bd38df33f3207ae5710c8ce3058f34c4f
BUY,0.9909728944378239,7216.6,1767003269,No,0x6962afa41c76fbb80006ed0ec48016ac7d769e476b7a2730eea9e7825185bf93
BUY,0.99,18.19,1767003015,No,0x6d67ec7b1ed481b6b37ef8dd49916d48943aa0bb20bb024d6e2c877264a3ec84
BUY,0.9899998240520805,4.262625,1767002931,No,0x692f3fb60e1c343d3c118ebf871e1a78e8864d80539a68b076b65a4cbdafffe0
SELL,0.9884717679919388,1131.34,1767002909,No,0x7809862f570e269b17bcb54cf2c3aec7cd946a9f981d7623bfe63f674d5c10e9
SELL,0.989,6.27,1767002895,No,0xa4a420dfc17e61b70d6ffae1d15680c77959b43afc8efd1d72347fd466224e1b
SELL,0.989,35,1767002681,No,0xf9e3dfe400e0d12133e88becdbc4de1f794378ffb9e65fbb0e6fd78d95bbde3f
BUY,0.991,1.009,1767002595,No,0x5b34b75e2e45ff62339bfa0ac52bf7789ad968c3e3169e7e38a749b24ffe33d1
BUY,0.98999902960299,1.020201,1767002589,No,0x68e7e88b7057b011722b4d4b4b77a94bb6c0ba900d8fc8780fca8da6b0ec518a
BUY,0.9909999999008007,50.403555,1767002579,No,0x5c2c6d9a2f0d176bdfc3f72faf12c12fa6eda3e159f9d14c69db05fedc4d4875
SELL,0.9891853698282886,1656.85,1767002571,No,0x1f394a522631fbc8600d889dc8ac3c33ee36341922ee3a4f0d973ea99858ae8a
BUY,0.9919999914205403,50.352821,1767002565,No,0x1526329cf4019123a91c47be04ceac54ad7c89c6f2e52b694d21bcc3de240489
SELL,0.991,395.62,1767002557,No,0xe96958139c353b1f192f0780a1a1e9b42a9f2f982de28ef04cb833fb47a2df72
BUY,0.99199999611136,201.612902,1767002495,No,0x0d6c35b2937ffed6d170db0445491f48000ed48328bb145c828bff2940048769
BUY,0.9919998341729971,2.026208,1767002457,No,0x63d2c8030696195d85f0a3c0c45c30c54d92aad1ced0ebdfca9a610ce5bb3a2a
BUY,0.9919998341729971,2.026208,1767002457,No,0xf88d762128f6aeaabd2345357686fbb61eb75df0053eeb34ffc6289eec2296f2
BUY,0.9919999914205403,50.352821,1767002445,No,0x2634ab204d0c6170819b3dbdfdf48c2c08ef10b86f570798a92c65acb5c11f9c
BUY,0.99097571554264,9194.77,1767002437,No,0x79593788f9e6e6b84d5ed7810665ebfbcd927c9ffbc140e4cd5a0cdab84f3550
