side,price,size,timestamp,outcome,tx_hash
BUY,0.001,1000,1772586359,No,0x32aa70cefe98c90f81f850bc009049278f3bf640901b84756c4ec12912ee7985
BUY,0.001,1000,1772586263,No,0x405546062a1d0bb111842711422010eab5909b4ab00ba0ff127ace30c4a477e2
BUY,0.001,1190,1772586177,No,0xd7e0cfc76ca39512e598e0e97f1d47d3436efe0aa7be622031646100e7aa7400
BUY,0.001,14997,1772586101,No,0x47f0e740f4edb56487b7cf64af00e37a967f346f6e1b39365a44d68dfe7a251b
BUY,0.001,15002.83,1772586055,No,0x5ad1f9b6ff9e16e3fbfb138a800905dfc54cc6aa590b53406459cc87a24abc8c
SELL,0.999,5000,1772585825,Yes,0x6cd132968ce05d6bc7cd9d0bd94ba8626e241a89232ae827501e84eaca9f1fae
BUY,0.001,10000,1772585791,No,0x07947a6016015dd5c16bcb8ef66b47d591e65c835b60e8b4067f27f728f6e194
SELL,0.999,28.57,1772585635,Yes,0xd296036b80f5804972a199dba3038179f6838dda30670ad4e883a8fce3f4778b
BUY,0.001,1000,1772585505,No,0x8869e35ea46ec282d25f11a5d19db3bda134d9ecf2d0c41d2a672a946cb51d9e
BUY,0.001,7470,1772585369,No,0xe60956346c7b6cd60b4aecf4eae30f54bc45cdf6ac0c071b592c90e6cb43d5b7
SELL,0.999,23.52,1772585351,Yes,0x090d1a5ab5e7a7ea8a3334a32274bf5fcbc8e40ee644a8b3866786e5bfb39303
BUY,0.001,10700,1772585327,No,0x7cd716766b750f4f022cf5ea51e36ee1a76da9b729ef36aa212bcde4fb70621b
SELL,0.999,202.44,1772585307,Yes,0x9ae5dd2c6cb52789f0e8cbfffe672b02e965988dca49472f7a2f32eecbeec23e
BUY,0.001,10000,1772585295,No,0xb130384b7453d827787952646a776656bc7f4573ce6c2bd471bf1a2d1a2357b4
SELL,0.999,5.55,1772585215,Yes,0xac6a5d284c1566c7e4fe110967b63cedfc140708690d14f038170a4cca1b222d
BUY,0.001,30000,1772585041,No,0xa2a4c66e24b507bd600928f117b0a8684178351705c4f34d88406fc5aa9511f2
BUY,0.001,100840,1772584921,No,0x2350e3e84257aad9a647febbd75d07dbd79648e0ea9a0183ba35c141254373aa
BUY,0.001,14620,1772584833,No,0x7fca23100aaffbbf76f09157d5b8c961a3775ba6c2669bbb7d1c7b0b800161ef
SELL,0.999,7854.39,1772584789,Yes,0xb598f21acea9f0661d5108e70e9931c0fcde17c8e143ca4e5bcb86d194dee25a
BUY,0.001,4370,1772584761,No,0xcdcd58144c10d76f2a2e09dd53ff270eeabbcb38beca5d9a7e166d428e49847e
BUY,0.001,5000,1772584689,No,0xff46cb950a7e0c618bb5ced3ea8af15936d591160e0c86499a2b1d998d1b7c28
BUY,0.001,1630,1772584649,No,0x7b330ada6236bdd80a8aa6edabb39a689fa09d91a7a8e219882e2abbd00b41ce
BUY,0.001,1000,1772584553,No,0x4d97a2aab6c56b1d8075afc38f0e45515d72345bc17301d74766b225699a8566
SELL,0.999,3888,1772584429,Yes,0xc713fd7768cd7fdf0d5392a6be3a0700f6ddf73942c236632f291263b93fa92b
BUY,0.001,1000,1772584403,No,0xb9021e3c80c2d2e018193b8162b128a6e38726e3c4343da8811c3cb4a312cf45
SELL,0.999,3900,1772584393,Yes,0xc84af37c2f8685a8c58c9e45b3daac210c3466601a2a8a92e72236bb42da6eb7
BUY,0.001,1000,1772584381,No,0xd75350909a076bec63af55a24220c26e8b630987a879d0305369eadb0bbb668b
SELL,0.999,3900,1772584361,Yes,0xe5a29d6e24027bc75575077524d4ff2b33e436bb780c375911134983b85e6c58
BUY,0.001,1530,1772584359,No,0x280f0342f7d4ed5af71d82d818854ae84ed565a9ceb2cb2793c225674f9a9e50
BUY,0.001,10000,1772584347,No,0xf077737083da1b906fe74cb833d4b307a81f7dc32bdf9b58c713de65a7dc6362
BUY,0.999,4112,1772584325,Yes,0x36e52e11ee7ee3fb14e866ff1c4315a8dd28a7535affabd2a9231fec0aef9db7
BUY,0.002,2500,1772584235,No,0xeec14099f8f84148c86c52876e598949ddcd96d38a787c640a707bfb141a52e7
BUY,0.002,510,1772584201,No,0x14d2ea46bf545aefe3512e3b088aea83d553cda26a61ad6b94451ec3a91d52b2
BUY,0.999,8888,1772584201,Yes,0x112dd74010a8a1b9e2db66663d1dbc19efda3c1da94145fbf0bcc367f801d04d
BUY,0.002,4500,1772584095,No,0xbf36a6ee68814505c3eaa105d5f041d9e5be068f1f71ad1a23d9a6ce2c2a75ab
BUY,0.002,5000,1772584077,No,0x65151791a6846d5bf7d480f402c499945dc10748a1766c9e3644869519b1408e
BUY,0.001093523606440854,914.475,1772583901,No,0x560cfc917a796b30f084ccf7d86f19683d42dd706c5688e9e7645a31e9d24ea5
BUY,0.001,5000,1772583891,No,0xb5bbc89d60bb4250b14cbfe6998260462860cef159d1dd7b622c8ff5c502ae7e
SELL,0.999,4111,1772583849,Yes,0x48bbeba36475a54e038177b8ddb55a43083cea16e002481bb427a829a0f1c480
BUY,0.001,2000,1772583819,No,0xbf3ca92eea42daa9b09e07bfa10c3d1db14e3a02ee781bb85f064053cd1c6eca
SELL,0.999,4000,1772583817,Yes,0xd2ba8352be0586f7f3fec6041517662108ab5bc3f51a510b4f90b13e96540f26
SELL,0.999,4100,1772583791,Yes,0x1850615a05b96ec3a956b64ab65c6e98c1c65ba2b0222b09cfe7fe233ce1b30b
BUY,0.001,10000,1772583785,No,0xa58fecb7d5e9163530faaf3e0e81fb1457d9b2724c7994f1e4e203e06dee5264
SELL,0.999,10.01,1772583773,Yes,0xbe0c45d85b283e2d84e6682eb4af0202783afbb5d49e35efb81d0f7a0a0fe4e7
SELL,0.999,183.63,1772583747,Yes,0x543bc9eeeaa1f45e2065635888ed0743d246e878cd4bd0e72a6b3046ff5b1878
BUY,0.999,8185.83,1772583737,Yes,0x09e50250c3d3dbf19ce43e05c4d8ebcfe45b8e7e5ec69dcf6ab58b6f7fddbede
BUY,0.999,10.01,1772583727,Yes,0x7ef28aa7ba695c3de82f6714d73cdbae654f5051dd3286ae19fb20f94244085c
SELL,0.001,10000,1772583713,No,0x2282bdfcf258f0e84a0311b9fe46352e5d8f308772cede0e910d32357993b4b2
BUY,0.999,2.002,1772583677,Yes,0xef894f62ca8d70290023a4430601c563f07cb21933eb3e47f2cb3ede94d76e09
BUY,0.999,250,1772583671,Yes,0xe7d3aaf779deb60d2947f55c07746b7ff2c061afa21024a902f6b7cc34afc191
BUY,0.999,50000,1772583671,Yes,0xec9bd71769e9e256c4e396d05f9d271add623c0976c78f80269d9de45e52f1ed
SELL,0.001,12.15,1772583559,No,0x227770008bc4bad631e72360f06046a67e750707549a00582d7d87d8fdc7768f
BUY,0.001,91540,1772583543,No,0xfae482d3e90756738b81580872d88ba4ebceaf4261297ef1efffcb5a787380a3
BUY,0.999,8460,1772583531,Yes,0x2c44fd37ef83f70cd5aff2c5143e311adf22b814b3d0f14bf45ed05b576db3eb
BUY,0.002,3000,1772583495,No,0x0e56729a8e6e5ce57c61884c7642b0fb0c76379c5eaea38771b5186923494523
BUY,0.999,83539.85,1772583495,Yes,0xab82165150d55738dc2894447f2556fe254d31fccf14ceccba6c218e53676dce
BUY,0.999,2.452,1772583483,Yes,0x995b1f1b9ae592787e4578aafe436de4eb47e00672746d2283a1aa3954b198f8
BUY,0.002,60000,1772583481,No,0x84dec5f87b2fbbe3495a6ef0565049c782e92f817a78705532054d6280998070
BUY,0.002,10000,1772583415,No,0x4eb77675f888ae6ee0ff277662815a33d0c025883d684bfb1acac41207a2e994
BUY,0.0012737076802662559,15702.19,1772583391,No,0x74a6f66eea483627205caf525ecad3c6d2dfd7a57ae03b9f668b0327d59432fd
BUY,0.001,20000,1772583369,No,0xdc882c433de4780978368f6d70f158e728201203d81fb99988ab20c7d5bf2c5e
BUY,0.001,136.23,1772583293,No,0x9c773bf929823d002079f1a28226931fdaf9ab7c69a88279f1b8232e343f6d14
SELL,0.999,10.46,1772583217,Yes,0x9ca7dd4f7f42948ac3ba2de970018247380bcef1881d3b194b538e511ae0e750
SELL,0.999,65.06,1772583213,Yes,0xb8cfa176029c3cf9bfdfa2a0753c83232da12dd4f9c6cda535f682bd089b3aaa
SELL,0.999,103180.72,1772583213,Yes,0x08a026f2c6f97085faf248bbb2edc277b70de9d1fc00f771adda7fa270e8ec94
BUY,0.001,50000,1772583201,No,0x23281367e760ad6b2180970c706dff1f8024084497b004437c0e22e062b699cb
BUY,0.001,10000,1772583177,No,0x7110834f994e5f5e1e5caea4ed168aee29929fe5ff985443ac7b5f263325f41a
SELL,0.999,39999.95,1772583109,Yes,0xd0d2ffab3f8349882090942d07ed52638b8a9b4451873144ea0b6b2c76db0cfe
BUY,0.001,10000,1772582979,No,0x27dcb3e59fbf14854ab28cd97feddfb3e62d6b127f42e42cea2192918f8b0494
BUY,0.001,1000,1772582941,No,0x12c76435698c54bbefa85cb5ec446a190ec8eeb7157b5e663c72c1810dafed06
SELL,0.999,2,1772582925,Yes,0x78022fb591166ccc025d32a9c47a59d8f6176915bcf78fc77b9922b8ae679f74
BUY,0.001,1900,1772582855,No,0x71d6250925344b545136dfda63e0b75c66ede45fcc40a3d6b7d3d4fe7f162fe6
BUY,0.001,10000,1772582733,No,0xf270b41daeb036feb6d6f38f985c79845767839a7dcdd5274d46f7f56c29e8a7
BUY,0.001,1000,1772582715,No,0x089ebff4e56583d1753476d9785f273fd5285630ca6e5a023a2aa4a004d9d89a
BUY,0.001,1000,1772582583,No,0x036cc623d7bc95e4efbbedce6c46d6fd74135e57f139e385bc1e5f92426b64bb
BUY,0.001,49876.83,1772582551,No,0x5d0a69c47c9b3cb5a8968eee0460a7b3ecb504f856a3ba5ea0925bb7e4f97bed
BUY,0.999,3407.9,1772582533,Yes,0xd785e2835e821432a0f7659eefe1d192ad6b44751eb7c702f89e9aba0179cb1e
SELL,0.001,16.23,1772582529,No,0xec93e81195b79bb489404c612244e1c34e1e1eb4e763883e9c2bbef8a198a8b2
BUY,0.999,81.65,1772582525,Yes,0xe817c4550c0df9cad8a9640b80d13a9717e57a225efcd0f389534bb5066d2f49
BUY,0.002,2000,1772582519,No,0xd61cce57481c9389cff9cb4ba202057c508bcad20f3f35552f89c43048942ae1
BUY,0.002,5000,1772582511,No,0x736051dca0a2be8eed622008320fe3e1265a0ec7830252ab89c16f5bd3b154e2
SELL,0.998,20.02,1772582499,Yes,0x85c972acb454ada5ff5fa1c101a683f3930e727e9d9c131fae586e28a0368663
BUY,0.002,2500,1772582491,No,0x0d4dfcbd5fa50952a12e843f1ee5cb2f7c5661a19b647a92777544dd8ad586f7
BUY,0.002,500,1772582481,No,0x67e740ca0e3f3f86eb2f3a4b33ae67382044444b8873dcfca8d605f399718a58
SELL,0.998,1537.61,1772582429,Yes,0x21e482ded41fdf86c4ed018a41574193ccc0ea398fede50ddb5ce3439a3fff55
BUY,0.002,2060,1772582423,No,0x28e460186560b1923260a3e841afff5bee8d36dda82fba2b5ab70ee6f12ea9da
BUY,0.002,5000,1772582411,No,0x83aab8f879186923b66b15ddebff74ff6ae649359e65d532bffff64c9c68e67f
BUY,0.002,3000,1772582401,No,0x764c3b308f091bf31a863eabb20b7d71b67381176f9cce57b44f0c5de2b1eb95
BUY,0.002,500,1772582305,No,0x0d744cdd53ecf57ac521abce3313d4be75f6f603f615fecf32a29f954b5e7b79
BUY,0.002,17500,1772582299,No,0xd115c52bcf44b39db6f08b626ba7ce4b3b4bdc79eb08fd1ecfae929b5fa27455
SELL,0.001,1000,1772582235,No,0x77e729b5d0b13887728a1cba91b519a34b3083588ab97699ed3a2ef39fc113e4
BUY,0.002,2500,1772582197,No,0x578293891a77562921d04c6d4781e904c881baf8a57bd41e9451588a187598c6
SELL,0.998,5.01,1772582195,Yes,0x3591f56fcf205f75fa619392af1b4f45c52a0caef23bcab5cf750ebe648e1b49
BUY,0.002,2025,1772582165,No,0x235893917f995849ec4aa83228e9b63b9ddb4f1ab3aa4c27c3bb48175fd11e27
BUY,0.002,8120,1772582163,No,0x9c392adcb96cc442d7b814ae8c202d1444ebdfac0b00f4deda1fdf15c75a6039
BUY,0.002,2500,1772582131,No,0x8a150297c22bc7a9acdd8c5372a1220bc4c2e0ce2c06edc2b5883db32b576a17
BUY,0.002,5000,1772582117,No,0xe2e8fe30a09232aa372f01fa4941372a48ee4d2a37a6741ce48672e556783af1
BUY,0.002,3295,1772582039,No,0xc25f265b2aace50fdcf99b36cda8bc1b77e7f7937b17e229160668d3e7e98715
BUY,0.999,21.891,1772582037,Yes,0x13b9eeca0d8e3ebae316a50d252a8c9d75be12c7503455a8675e07b8174e69d8
BUY,0.002,6000,1772581997,No,0xd24d49f25d03c258358652915b74dadca1e9ee2c536a3352d580d5dee48c2830
BUY,0.002,10000,1772581941,No,0x2cd3693c31cae9a0302943b6938b80b1ece5f6e6130031484e5d3c3a73005ea1
BUY,0.002,50000,1772581889,No,0xa027e4a74bedfdf75f5902006bbb96cc5b0eaf9d698279af0fa24c692df7eeff
BUY,0.002,2500,1772581795,No,0x6246f487dc61e942a9a82cb6cc2a3a72bcdbb3287236ccc28f663c3e12c2a0b4
SELL,0.998,100,1772581747,Yes,0x71e7d90a932405d1c0b893fb1bb42b6ba8c42f56ec10924d644f3e37618e16a1
BUY,0.999,10.47,1772581743,Yes,0x36a3a1191be624cf3ae04bacbeaf152cdfee96fcb16ea62dde99bd4ee8814ccd
BUY,0.999,50000,1772581737,Yes,0x70b7026567e78a000b9779eba370572adc31e7cf4e986d55f770f11826508855
BUY,0.999,50.05,1772581737,Yes,0xba86a33ec5592caf2ea2e28c0842bc7914aaa157df16edc0d215c4c606b4b8f9
BUY,0.002,500,1772581687,No,0x4be6eebb91f1752b1fa5cc0d451f37c0f74f353ddc87ff69285ce3600d62977c
BUY,0.002,500,1772581629,No,0xfc95a0054dc6c25846970d044bf0b193992af2fea17574c4592d320f07243055
BUY,0.999,182.18,1772581585,Yes,0x075e9775d36a9bf1a2b1bea4745f9cad12aa80e3c419d443fbdf39550a19aec3
BUY,0.999,176.176,1772581579,Yes,0x29fa28d78b4d63361e796708595840491fd6f98aa27ecfa4608f818aec8435a6
BUY,0.002,2500,1772581573,No,0x33785385ea7215bec4a14a2e2bbaf079e9bdf7a048bfe1d341037614a0fa67f1
BUY,0.999,820.82,1772581571,Yes,0xc73ffe179c8553dc2bca56354beaf621b803df25215e4137c8d152f82efef9ba
BUY,0.999,7646.64,1772581543,Yes,0xa949b0d14e6af10a23b9e03cf360a857b245d9f0b42e153eab54351ecbe470c0
BUY,0.002,10000,1772581503,No,0xfdd8cdc48af01dad9a1eaf159a600078f0cb5941f6cc4114a90b6ca66b16b8ec
BUY,0.999,5,1772581489,Yes,0x52928d72611defb94784da34ef4d0d41d2b7862b49fee5516a0e026208d6b433
SELL,0.998,1.04,1772581345,Yes,0x61793ed40c2b500cfd3e7bc7cb222a697294a86fa71802c483498ba6391b4afa
BUY,0.002,2500,1772581343,No,0x1ae3b62b6580f4f1bcc017dad3fc96ab17ae97b2e674db41fee175948a575ba8
SELL,0.998,6.23,1772581343,Yes,0x4b0d83a0506553b5b28332a8532e0d87fb495b1ce5f99974eed964708f7a900f
BUY,0.002,2000,1772581327,No,0x0d6f2d48e6807567df8d3fa754f3ed77ae41fa9f0674218597d8e8ac3cb52db1
BUY,0.002,50000,1772581309,No,0xeb02a5ed3b9faf7aff31404ac5e19eace4369619bf6e021383a189abb4f02f23
BUY,0.002,3425,1772581283,No,0x9bbc87635d933329d690f58999174e8aff0f3f74d26e381a44dd3ad193ab293a
BUY,0.999,25,1772581265,Yes,0x5093e8484f5f8901bd4795f08db8664f2af26a0faa8c76fcd8427f31ae98443f
BUY,0.002,500,1772581257,No,0x7581a95af4b99e95dc04f3d0ca779a678a5d9b48e0e2c22a7e9ef7a7fe641bf6
BUY,0.999,2,1772581251,Yes,0x7110874c7c1201299015e6fa58582e7dffd50e50a3fd90a618b69685a47f23b0
BUY,0.999,5168.55,1772581247,Yes,0xdee1807d2d54e332bfbc5e4f3ea5ac678176ed51ed235dc97eb33c3e0e2a4b5b
BUY,0.002,1000,1772581215,No,0x3de8683ee68598c3b090c90141fd9a3c849b68d75421cff39db111a0610f6465
BUY,0.001,84,1772581197,No,0x4c36cdee68c60926e43d709e4c704edd4a823faad5208d77b4e37b5288160e95
BUY,0.999,5708.78,1772581107,Yes,0xbe965d0503601081cfd7020da842bff210e230c3c1f7daea2d283ab65e0d0d9a
BUY,0.002,7500,1772581041,No,0x5bfc2e0c51ab8aa960b41197ff42a725c99e6fcc25a28eec330a0049da587fcd
BUY,0.002,10000,1772581039,No,0xb436777d9fbdbf92e3ea2d24c4fb6d57a0b9f7691d8affd5e8a357cc31715cce
BUY,0.999,535.53,1772580997,Yes,0xea685df3c2c7f6055fb0f387cbaf634165aa5f286e2678dca7134419f45cd571
BUY,0.999,2.002,1772580871,Yes,0xed53e46cd5077c7542ef1454e505010d3ef8f75a048d41d99f5c36acf982d1dd
BUY,0.999,6.01,1772580869,Yes,0xa77a814d61d0f1ff0dbfc7979fb76ce0bf7a2de9a4faa35a7703f60efc96da1d
BUY,0.999,10000,1772580865,Yes,0x95ce7f9e22e5ea4692e38f3f261bb89d8eeaf4d833dac7147bc948d271005df5
BUY,0.999,5.005,1772580865,Yes,0xc2b8e8a52bf87e50cc9f64b7aa1503f4dc01c6ab71ed861bb453af19d9d2b942
BUY,0.999,2.002,1772580781,Yes,0x70f34196e9f750cf50ad11681250f091755e0324b311a41c252d9b572250102c
BUY,0.999,6.01,1772580779,Yes,0x6a05007727003537cb7674bf058583d21199f30bda1f6fe88c8b05495355a4d8
BUY,0.999,5.475,1772580777,Yes,0xd244b29212290aa5ed6cd1e7657f7df48d099b9c197b4eabc5dcaa756502a76e
BUY,0.999,11111,1772580775,Yes,0x4d2c57ea7c1589ba428ccebfc230aa62b8ca863dc4359cf07b6627aee539c709
BUY,0.999,5.005,1772580775,Yes,0xc99cf2ddc7e79e103244d96d15610fea0ecda1cc35a16b2b09a16dbb5155f0e1
BUY,0.999,333.85,1772580775,Yes,0x4949f88992dc3cdf0d98acfd98bd3387123c0d1a34bb63b29d455b358474fcb9
BUY,0.002,500,1772580737,No,0xaaa8218ac69deebf482b3e4348a8af294cdce6c279aa4b505ce402eca9595415
BUY,0.999,1064.94,1772580729,Yes,0x5d50252f74b105a378a814fa2d32b70c880c7b55a17176e449db94ad2306fa96
BUY,0.999,1000,1772580701,Yes,0xca65de6cfde2c29f554d2bbd6165bc40385b8491b17887977bac719c967f9a66
SELL,0.998,109.57,1772580675,Yes,0x42aba6044d9099c6f5034edcc24216bc8277c42b0d21f504f2ce6835386e31b9
BUY,0.002,10000,1772580589,No,0xa0ecd936b4bd1259c3079104fde9650e4e8e29cbf24962a542217937e40eaffc
BUY,0.002,5000,1772580579,No,0x4ced5fa6057af1973b5cadedb43d9a3101dfe159051cacece2373a7a145b013f
BUY,0.002,500,1772580565,No,0xe7c1c617b1e3db64978bbb1b2f93dccdc3dcace4a07f25df2b3aa60f0a0c02d2
SELL,0.998,104.61,1772580495,Yes,0x82c68752a7de9417f444b1e0000ae7733117294faacc2f0d112a431c4bb0c0e4
BUY,0.999,104.614,1772580487,Yes,0xa4018ec119f2ebec0b1c8fef9a60b13643acfab1fe4fc3f5fa936db1ab9925e9
SELL,0.998,104.72,1772580473,Yes,0x1e81f52a493f04731797f9e8bc3ea81d9eb898bc00b99e484f0cb30bed09dcee
BUY,0.999,5.005,1772580469,Yes,0xa67c2fe69ebf682b3af407da3971690ee9fff7302e4823572ecccef98d88a3ff
BUY,0.999,104.724,1772580467,Yes,0x7008d5dd5658b591c0ec927756b1a086984da423543b4e5c6890acd244b6b314
BUY,0.002,500,1772580461,No,0x8cb5511b54b4436b5b55f5d8e7ac271daacab60ed33ee078baef5085c63eb30d
BUY,0.002,3000,1772580449,No,0x1d36799e9d0da865f67501c4a4bec59c67bd4969d8c7c33f9dcba2f6955de1f4
BUY,0.001,195,1772580385,No,0x0d02b9fdc16d6577a9ecc0816fd1b26db7652e0bb134e859eea587ccaebbad8e
BUY,0.002,7500,1772580341,No,0xd04443a8afb8bc7b928450dce19b7725223e871e1a9e3a187fbc94b11fd4a7a9
SELL,0.998,5,1772580315,Yes,0x3b6a4837a607a85d72ec4bb9a21d5654ad7119cadb0eab1c88e7543b5e4f18f5
BUY,0.002,2500,1772580297,No,0x177ed6e1c98439bf2dc233d0abb7fd3f37a0fc7a38f2af31eb8cc597a23c2e34
BUY,0.002,2500,1772580259,No,0xa9bf258c44253e5f76bdcd7c574d14b68e8d98680ab102318b4f34b425d565a5
BUY,0.001,95950,1772580221,No,0xff5165610809120326ded919ccfdea232f42f15e429ce20a0b6d09547c1b8bea
BUY,0.001,1283.54,1772580221,No,0xd299edd3982aa5d21eaca633fd17675db7b980f280d569a9dc42de92ca5cf559
BUY,0.999,2766.46,1772580205,Yes,0xc1696e51ea11d1829f389c97768ce9d995858c99a971e19b16288b4d337829d3
SELL,0.998,5.15,1772580163,Yes,0x2ca397f4d181c10b5c15b9da84d3beb3df3794df6a386de1b43792801c7cba1e
BUY,0.999,2000,1772580143,Yes,0xea9f876db11ee63ae4daa95ce50288701f4601b65508fe9dc842ff6f6dbd3832
BUY,0.999,5000,1772580097,Yes,0xe426cb90bccfe5a2cc229538575234b6225da1e9d4373266024bbb531426d6d3
BUY,0.999,5000,1772580085,Yes,0xc64636472b06ad8208aab08743241211d4f3ff9afaab9a319a7850b6eddcfef1
BUY,0.999,25,1772580079,Yes,0xe2a1b6be3e16a0a3763c16768d690eaedf4e7be4eba832d7db4eb0a9a0debaf4
BUY,0.002,500,1772580073,No,0xca136276258861ba065d229c50fa844fe6fe4f19cfe5fb13ee04b62f560357e7
BUY,0.002,500,1772580069,No,0x88bfe4c45c11c1de91fa72959fcaac9514f0650bccc30135089bb0a736b52dc3
BUY,0.999,2,1772580069,Yes,0x236ed496a2b21b0b0bbb55d14c8fc1c7d25d39b7a8d87eaac5c9f0ed6128bd07
BUY,0.999,30029.4,1772580065,Yes,0x908b05d17708ae88cb8a1198d82626f0bcdf7bdd37c7b073ee81d1aad70dd3a0
BUY,0.999,5000,1772580063,Yes,0xdacca3a5105cc53209b3d301471d94033a334695c5c48ad94f5522167a3f99fa
BUY,0.999,349.8,1772580055,Yes,0x6f69b1339df16ac03b23c8dbb2e604c0a4ec5e5522ab0c81b149d3f39a645b98
BUY,0.999,3.003,1772580051,Yes,0x4e13305363154c87d54ab353af4dc093e2a9f8777aae590041faf836ed7507d9
BUY,0.999,1.001,1772580049,Yes,0xfa61ab44d203c3528f02a2c36f70b1347a0ee7c926e20f352905d0e7f793e066
BUY,0.999,5.155,1772580047,Yes,0x9651948f244c5a0713ce8ac69e1a1afa61c6730c5b58b580292240311e3cb56a
BUY,0.999,5.005,1772580045,Yes,0xfe99db0410bbd548d9562fcacc8db27a6d14c1529b7bce42554b534f12aed489
BUY,0.999,12.012,1772580045,Yes,0xc7e314b9b1bc9cce0c3fd810fa1095ad124b58f0de3ead392cf6a7cb10d8ff43
BUY,0.999,45213.68,1772580045,Yes,0x0ffa363509f96257ea8c1652ffb830d7f700971b12ed069a2528e85582e91e64
SELL,0.998,104.83,1772580039,Yes,0x2bdaa46de8e1cb0da42de5edce0c73624632e8ad427806e4a5889d11c83da3b9
BUY,0.999,104.834,1772580033,Yes,0x61d9e7045bc8c12ba69c35a135278c2a444030860b2a04189fac40a58fbb46dc
SELL,0.998,104.94,1772580015,Yes,0xacb056df57c6155c06ced394b1fbb34a086029dacf56f47db0a817c3ef8ba9f1
BUY,0.999,104.934,1772580009,Yes,0x093a422f66557821103763a87b8417082f3eaaa2d6c58fa93d8873f63732b291
BUY,0.999,8000,1772580007,Yes,0x833add05dc37ce63b542931966495b908c484a5bf5fbe1d9e84b19d9017389e5
BUY,0.999,500.5,1772580003,Yes,0xb1d114d5bf8d969a25f0314372f42cfaced8c39e209a39005486f154237e7320
SELL,0.998,105.04,1772579991,Yes,0x070b504c51b2df3346aa6ec0c6be6d50d82de93742961c80768c2a9f976377cd
BUY,0.002,13350,1772579987,No,0x40496df3b28ca780a2a92309f20eac5260b578456fb1a423fb38dad015106b52
BUY,0.999,105.045,1772579985,Yes,0xeaa3310a5d42641b0b2af0817a5ad7cfe222a8a205862abdeca5017d4eb8eda1
BUY,0.999,20000,1772579981,Yes,0x421adebdaced6d0a1ab67e1fe3d45cc0c1b79421b684b3cfc094427359ae03f4
SELL,0.998,105.15,1772579965,Yes,0x2b70312ae695cba571180a4c34709b310d5e27515800270a57da64985398da98
BUY,0.999,105.145,1772579959,Yes,0x9772301ac6475930ed3c018e744dad9d0bcedd407962e1b8d58f004a8184bf4a
SELL,0.998,9.34,1772579959,Yes,0x9f1e6a999cd538196cf56444133f9fcab6747141e332839b772cbe5e5f10105f
SELL,0.998,105.25,1772579935,Yes,0xfc5593417506a6aba4444d7cd7f39f6e9e70fbaeb385715e9feab19458d31c7d
BUY,0.999,105.245,1772579929,Yes,0x33fd4d5fbeb46a140b4bb8abad3ab4fc980346186b71841de1f4698a5ae891cb
SELL,0.998,50.76,1772579917,Yes,0xd4cf0e4a1925bc39b844701f0639f2a2c98495256a0f31c665e1e768d923c175
SELL,0.998,105.35,1772579911,Yes,0xd43b8eaecd76ea81a01c3b61ee952d68182048b866e0be26fd0b48189f284da0
BUY,0.999,105.355,1772579905,Yes,0x3cb5c8de4623a626adf24e907016ec9499194becfe80729b80361a2b21db98d9
SELL,0.001,1000,1772579889,No,0x49ab3eecd85a259d2fb34caf6de1df02507560d0ac10afa99c2f8ddf47120ea3
SELL,0.998,105.46,1772579881,Yes,0xbdebce4a7713b44bdb404da5c960e2f278aeb7d683224f5b4d8f331a973b64a3
BUY,0.999,105.445,1772579875,Yes,0xf17abaef50c790745b37484eea9133de9a55ee1173ab044e7dfd33cfc81a214d
SELL,0.998,105.55,1772579857,Yes,0x73e20ebafeb674d726e5682ebac9616befdbfc557c70e38029ec358027fdaf96
BUY,0.999,105.555,1772579851,Yes,0x0859e17dfea2088ddf24d5d84ea04b86d49f6c0caf13a9f3685b5e31ea11b64d
BUY,0.002,1300,1772579847,No,0xc05a4aa3a59eeaf86358767fd2d3404614ea421d97a77137b82cde3351eae6e9
SELL,0.998,105.66,1772579835,Yes,0xcde0c1fd07392feedd24c8f69f1f1197a1e9cda70a7b57cd91cd935853e09e9b
BUY,0.999,105.665,1772579829,Yes,0x69803f73aa29f0ead561f632ceb0c29569e44898f4d865c43915acaccea05e3b
BUY,0.002,1500,1772579809,No,0x3d33292fd7b0cd771e4e2ad3af5382e0f8955db149380a8a8060337b00308fc8
BUY,0.002,6000,1772579715,No,0x9940bccaf777c88011d08371cb6822eb20eddecccdf45692ca4f1f74e8c67c29
SELL,0.998,105.77,1772579669,Yes,0x95ec3fa31c3dfa2a9d0e8508afa5bd5713bf17f9a675e6ffbe31e24bcb35e741
BUY,0.002,5630,1772579661,No,0x972454127a69490c27a07fe45a65e7df9deb6d820502b89822277f7326d2c006
BUY,0.999,105.775,1772579661,Yes,0x8d033bcb0b4fa0be556d1ac0d8733c698d329f53589233b3c1180eed1037734b
SELL,0.998,105.88,1772579645,Yes,0x0985ff25b3238dfcda5560baf1af933a928e1b8dd81b3ad6b34ce3c77c8ce0a0
BUY,0.999,105.885,1772579639,Yes,0xce3e3b23851dcb4ca9d289ea8476c5a65f0621d1984e11109d979fb3255f00f8
SELL,0.998,105.99,1772579623,Yes,0x7760214806a46ffb92467ed8fde3a3d6f3d634a12ae40564f382e1777e793084
BUY,0.999,105.985,1772579615,Yes,0x515258812819faa3e2e801cb5eb6f04614e05b3ee47e9edc3041d9787acdd66e
BUY,0.002,906,1772579597,No,0x002d04883e703250719c41dd40ba2ba3bc2185a94934578b935361d902ddba94
SELL,0.998,100.1,1772579593,Yes,0x02a9fcf6809ae05153843c6fe6069c8b83c779fef75f9c7ab5238700a7e3d3ed
BUY,0.999,100.1,1772579577,Yes,0x1bb2fb39266a1e9117a1b92475ecc052dddf91528bba99789806bfce14c175dd
SELL,0.998,100.1,1772579571,Yes,0x746de3e60097a30ecec7929f941145592f70a9acabdb51f9c66fbdfad66e5d47
BUY,0.999,100.1,1772579565,Yes,0x04a8fa208cc855c0d28a0984524ec85f841bacd294f134a1abbb4ab8049a13b4
SELL,0.998,100.1,1772579561,Yes,0x85802f9cd369770b6bfbe4626710896d9ba7c866202b6eb2c1361a7e5cbb71f7
BUY,0.999,100.1,1772579555,Yes,0xb5654759113f35169686a10910c05e6155864b9eeee8ba4026fd63fbe2e64cd1
SELL,0.998,100.1,1772579551,Yes,0xfb63980cbab051d8a16d78b64f884a475ee49df7888e708c471cbeb8804513d2
BUY,0.999,82,1772579545,Yes,0xeee2cd5148218cb62cabb6b2c0c24384c800bbad271ce02be8284775d773fea5
BUY,0.999,100.1,1772579545,Yes,0xf8075e614da0b8096fad5fcaf15dd196bc0a5458d2123b93fb511cdb5f7f3291
SELL,0.998,100.1,1772579539,Yes,0x97ddaa1057dc6a7b912638fa3913c1b94a538d3256ceb87cd16db093fa2ff84e
BUY,0.999,100.1,1772579535,Yes,0xd5190a30228f5bd1e1b025ef935d6966f7dfce8b9d7cbee1e392527cb7be81a0
SELL,0.998,100.1,1772579523,Yes,0x95a311d4935f4cbfc26bf07a615ffa1a070e56bfa90c93872e71e599dddce42b
BUY,0.999,100.1,1772579519,Yes,0x9a3f2c4afb45c8cf93c2d25246ee70b46228cdec3dc8dff42da8855596cba49d
SELL,0.998,100.1,1772579513,Yes,0xd6e04d32ba4590ebad6cbcd98c95bf3b24709d047b0c74f0f400e9a93c80e030
BUY,0.999,100.1,1772579507,Yes,0xb7ad6310989c1d63fcc940de89fe47897260255a24be149451de5c937b4542ee
SELL,0.998,100.1,1772579501,Yes,0x38af62d69dcf617b559ae7ae52fddf737779c2e09e5edc4e28a4767dc2eb4add
BUY,0.999,100.1,1772579495,Yes,0x355a3008af2b457637ee0c2441f191790baa1378b07524dc1652e35bcabd1b86
SELL,0.998,100.1,1772579489,Yes,0x5419ffec13e033e81619c584631dff7ed6e9e53f0572f91d8890e5394ee68ee4
BUY,0.999,100.1,1772579485,Yes,0xaae5d195733f4bc1f6057f743e5be6e2aa4325a717b510131e7ff156840e000d
SELL,0.998,100.1,1772579477,Yes,0x08d9dc41e25fbec4d989e25c8c473bffa9a4499053eab6a3763a900bfabcce3e
BUY,0.002,505,1772579475,No,0x0a6d5a8bda2d705d50ecfcc789cb246d9c7377c6349ef0391bc8d3a0129bd849
BUY,0.999,100.1,1772579471,Yes,0x0b2c847950ac27bb6f4bceb86694568cd9be47ce2533d2d156a5ed430057e30b
SELL,0.998,100.1,1772579463,Yes,0x5381461c2aa2f7809d4abcf4ef61a752cd7927652d7644162201fbadeeb1f5b6
BUY,0.999,100.1,1772579459,Yes,0x11e837671a08adedefe3505310055a9aa79bfc2dfcb983939cf57e63579f1168
SELL,0.998,100.1,1772579453,Yes,0xb3b23c5e4dbfbee136b4d7c65b3f892239f7cae758be9fad41833d06f543e8db
BUY,0.999,100.1,1772579449,Yes,0xcf05f93aba1449b6366f04f6b012ed7e5908468a50d769d0c74e5f1428d6f6e4
SELL,0.998,100.1,1772579443,Yes,0x9b17e098599a1a8381b7a5cc90ee03011a5f16e8248fba33857622a920d42b20
BUY,0.999,100.1,1772579439,Yes,0x59c6e6c79977bd9490fbbcad29052457e08f7c8e3835e22855da3d62d342aa91
SELL,0.998,100.1,1772579433,Yes,0x00d7abda6091fe66a6a8ec9a7985ea9823712c438a2e25c06fcb7a9f7dd50c85
BUY,0.999,100.1,1772579427,Yes,0xdafbf4a4c46204cea3bfaf914ab00b0e0d264963de0ee1a7ad6d5b5b23b9233e
SELL,0.998,100.1,1772579381,Yes,0xd891f81f22039e2fd6caea6767df9e37b0bf0741d923e3304f10f20bbe0b791b
BUY,0.999,100.1,1772579377,Yes,0x280949ec30632615b6949c4e9967083696febe532c3b9e3125d166b742dc5369
BUY,0.999,12000,1772579363,Yes,0xb5374f9aa556bef6a363da8f4e38b3379ba849994fbe85c7b9bae27ab58f9a81
SELL,0.998,100.1,1772579361,Yes,0xa5d6a1ae34420bf2262c6ca2a0419f24d95ad29dd4f3d3a588a204ae32017f73
BUY,0.999,100.1,1772579337,Yes,0x1c590dc1a9ecac87d1ccbb6235979bc4d4f40531fae3e88c4c726c54739491f5
SELL,0.998,1.5,1772579333,Yes,0xf826f2ccf2e3ee4c718a538406eb19fe43b49defd5211f9799f53e0b35daa4b8
SELL,0.998,100.1,1772579329,Yes,0x1ab9d8c401c006083e7eb409917ed3c8b80582c009cc53c2992638db36e7ea32
BUY,0.999,100.1,1772579325,Yes,0x7980dcb31fd96c12af3b43bdfc5da339e37097192a8991e727b49c173f7ace4f
BUY,0.002,500,1772579321,No,0xb5839f57021253158a3b9e271bbd86d62794ce540397acd62566ae1bf957213f
SELL,0.998,100.1,1772579319,Yes,0x60e99694594c10a5f81ade8e26f424a9ed12f8574ba846cbd801a3f6e5c883df
BUY,0.999,100.1,1772579313,Yes,0xb64f743bf35668c63cf80ee10b61d17a1df9f04696922fe32f20e8c1cd1de5ff
SELL,0.998,100.1,1772579295,Yes,0x7bb3137209b79ed56a751d2653c411427624562049b36781b1e91e432a2f85e4
BUY,0.999,100.1,1772579287,Yes,0x6146b84efeafcaf4cdcda109e4b15e26a70973002dff49bf7bca7e8e09595f31
BUY,0.002,5000,1772579283,No,0xac6b098ee3ce64cec87fa3cfc81e9a67991ac2161e53ac65002ade0cf324192b
SELL,0.998,100.1,1772579273,Yes,0xeb16db7a5c5efc4a12a51870268eaabde57cd2f7c4d68bd0245e3faa23afbb1f
BUY,0.999,100.1,1772579265,Yes,0x8d941d3a7a7b6580657a828aad7799b882b67287846720c5bf2b1ade19d51bb1
SELL,0.998,100.1,1772579237,Yes,0xb7fcd5b034605f9f8f3f75c1e00983a8caff04c7429244e1b4f8352cf87e8b85
BUY,0.999,100.1,1772579231,Yes,0x34384ed268c29fa70b798c069cfc0e1752c6819b051645284db5cdc1bc0ddf26
SELL,0.998,100.1,1772579225,Yes,0xb02596457079c28854892e23a313aab105aaffce134ebac464d729acb779d8ba
BUY,0.002,1000,1772579219,No,0x18e877c928f4a21ac2ecaf0a8bf75b06c3b4d0161466b21c53e9379ee74b53be
BUY,0.002,4660,1772579217,No,0x24a71232b5977f7c8d50376938fdf4bc18fe1ab8722b9d0c6171f60bf00ccd1d
BUY,0.999,100.1,1772579215,Yes,0xd0dd8096bee2a4d15a361ca1905157d8d69b33cf750eff34221f2236e73da8e2
SELL,0.998,100.1,1772579211,Yes,0xe878e022cf4827892f97e32b300a6c4403b7b8277f35e85b16806986d2d80c2e
BUY,0.999,100.1,1772579205,Yes,0x38ce3a54caab67960678284d07722f517c79a117395e3dfd1f8a921bebc1ecf8
SELL,0.998,100.1,1772579195,Yes,0x953af5e28f7ad4b1265d658e7c71104494d022d78d71bcdf9fa1aba11ec2c58c
BUY,0.999,100.1,1772579175,Yes,0x83c68fb99f4c4aff901ff0bc34b6e76557e4bda449ef7ac6cf6ef36ae8634572
SELL,0.998,100.1,1772579167,Yes,0x50f193fdf85729e3bb635a0276f79723a78082235001356b370a1840ee9e2822
BUY,0.002,9980,1772579163,No,0x009f6039fc18f287458eb355b88b9e5c7980e15387b13c59e7a42416abbb7f32
BUY,0.999,100.1,1772579161,Yes,0xdcf150c558883fce57aba72107a56e2a7cfe4d663da565c9674c5c85b3d6a1d3
SELL,0.998,5000,1772579159,Yes,0xe37f1c8294410841fd33baf8e75143c7b30d47e8d9b9f1cb2f66e169e992aaf1
BUY,0.002,1575,1772579157,No,0x5fbd2bf1733beee172d5d507d6a25d734bf171dbca16dead537a084776a11deb
SELL,0.998,100.1,1772579147,Yes,0x3727309a6e6ed63437d835c0f978c267b7c046ead036d083137901d79bf87917
BUY,0.999,100.1,1772579133,Yes,0x03a0ba1f62c41647f280a80f48e2331a7c7ea729a7522620bff20c0d1414a8e8
SELL,0.998,100.13,1772579127,Yes,0xded34a7bb01f79107abdff69048ed58ca749cbc9bb5551fc5e5ab3f7a79ea0f4
BUY,0.999,100.1,1772579119,Yes,0x50720635e62a0796788791614df4afb738cb7fdabf2c087abe1978b8e4b33ed1
BUY,0.002,2400,1772579117,No,0x49fb5c9f08001d567dbe0f448b43862e316a1cc5c5f8c153d34fea942151dd24
BUY,0.002,5000,1772579113,No,0xe1872340f17446aa287c5535f0ec7fcfe9ddd8a47cd56341bec896124f61162b
BUY,0.002,990,1772579109,No,0x4c3738a5b70ef552b27685cc7b936a3d416d92286dc19f413f734373077b6ec4
BUY,0.002,748580.77,1772579091,No,0x6b60878f52e6c7eaa41717e2cc95aba1faa546c94052f5be0f88c46653d11130
BUY,0.999,1.911,1772579067,Yes,0x38d45774f20f73c4339b7fbea7273a142cfaf19abfb44674e32998eb6f343ff7
BUY,0.999,1.961,1772579067,Yes,0x673c9dc596627245c2223afe2a5e979063b4b438bf9ef32d81d55f791b526c5a
SELL,0.001,52200,1772579055,No,0x9d14a695411270552da42a5cfc50a8a63ccf405d15d61db1ebc1c1245d045b72
BUY,0.999,20000,1772579053,Yes,0x0500b79f932614027245360589e565567bcc27c25675fc5a1c04abb8e36d4351
BUY,0.002,165000,1772579029,No,0xe6aec56ab0b8021c45f39e68c0ce4df5d717843ebdab2ffa5f52b51a7aa1de74
BUY,0.002,10000,1772579021,No,0x243044b482800845936bf47331bd3710721d6f26ef3ee307c2588853c5e6bb02
SELL,0.001,222.22,1772578983,No,0x91d44f2ed79a64f2089e7a36e1d6c4c011c96d48530c17fbb6c4489fa6a63337
SELL,0.001,500,1772578979,No,0x8965c9fad51e096289642a0fd1d83825a9208efd4492df6284302abe0b3b5dcf
SELL,0.998,100.1,1772578941,Yes,0x8334d2fd8b899e8b2216a9955b1096601df73925fbd9b9c5bc4382ae4232ef4c
BUY,0.999,100.1,1772578935,Yes,0xb9512b696a2eede53c9e0bf088b5b3ab5c8dee9367fdbeedf8368cb6638403e3
BUY,0.002,10850,1772578933,No,0x5abaf89b3d2111217e5af8f59e3c6d8b59df421bd288cd013a036053ae184da8
SELL,0.998,100.1,1772578925,Yes,0xad6f2be1e6f5f668012523a99d5635ea03ab6153e6fc40c346f84772e46a0dc3
BUY,0.999,100.1,1772578917,Yes,0xc39b63a5aa1565feb2e01ac35afc3323198348b0c07bf092c966a1c976e45873
SELL,0.998,100.1,1772578907,Yes,0x30c225c9ab7d1509fe9c6277c8be759177b894d828c15f8ac5599d16ec7acacc
BUY,0.999,100.1,1772578901,Yes,0x78270fd00cce4559398f7edb0d58dc9eb967a5e8840f4d86d598a445d125617e
SELL,0.998,100.1,1772578895,Yes,0x0294adeaf7dc5d3133a24af1f0c2eaf73797cf0d61a08f1f78865b60a5ea7f2b
BUY,0.999,100.1,1772578889,Yes,0x7776c200ab9d918af12e5d4dbcd50f8b994ad116ad7c7ebce8c850dfe4ff2cfb
SELL,0.001,13780,1772578883,No,0x5ce3256251bbe91b98657aae45bbdc649240a4655fcaed555e09eee356742a01
SELL,0.998,109.1,1772578881,Yes,0xc106469341eb75dfeaf517c7b270197d684c84ae5d9c3fbc66223cb90cb62de6
BUY,0.999,109.109,1772578875,Yes,0xfa4da1a76a93209f4269ccb525035027a80a2f0a3ec08be91907afeee31aca80
SELL,0.998,109.1,1772578867,Yes,0x596738b4884c4f02cba630d99541504167af3b26bb68fbd3da040ace5126202c
BUY,0.999,109.109,1772578859,Yes,0x675ff5e84987c09b119999348e80fa82e492e58e3dc853e02b392bffbfcffc91
SELL,0.998,109.1,1772578845,Yes,0x84344f93b1d94ad225c63fc253669086465f13e3e843e292aaf874bacdd28041
BUY,0.999,109.109,1772578839,Yes,0xae5febf03e5084b82ee6b03e1a29b5bf696013f8a05a071acab6c0a40a8543ed
SELL,0.998,662.5,1772578831,Yes,0xe8e58f0ac74f26044cb68986600fc371b2696fc65a2f0bf66519500de13d28bf
SELL,0.998,109.1,1772578827,Yes,0x1eaa735967398370a6049c136ce7bb3f6b13da96c9b460a646a07b9535dbf258
BUY,0.999,109.109,1772578819,Yes,0x0c4a8931f4fe5950ba6d5c11e62834bdb86e1c0e712d14d02730fa517a36c102
SELL,0.998,109.11,1772578803,Yes,0xc7f4683a6428a31d99327e667417ae8fe55c380d77e221ec9feb336619f01df0
BUY,0.999,109.109,1772578789,Yes,0xcdcf76ebdb07852697b61603a63fbda7c96f5aabb7531c80fe000d5b97976c07
SELL,0.998,109.12,1772578763,Yes,0xd1dc8a527aff35490d435958f1b00661dfc09280741f207f31931a717f3c7e90
BUY,0.999,109.109,1772578751,Yes,0x745afc26a6e658a158a0af11318029aa6db1f6df2a7e3ed92ac0483c438c0ef2
BUY,0.002,1500,1772578743,No,0x14832d87a109d22d23f80820dfc5ce6de7db1313ea9db78652ec9695f3dc18ac
SELL,0.998,109.1,1772578733,Yes,0xe1dccbfd93dea0af1933f36e28bba19f565d4edaa5173213256dcbcaaa5b3de1
BUY,0.999,109.109,1772578725,Yes,0x060e8cf0ea89db7b3e45aa140a1278c691e0d04e5cc0bc36628566b897770195
SELL,0.998,6999.99,1772578705,Yes,0x3581fb6e8a2f4e3b2975bd060c6065b3a4f76798178111210f8e627bc840e5c7
BUY,0.999,103,1772578705,Yes,0x0cde3500b4602fc32b16f17fd0e20e4b98aa40aef11963d89b9eb85e9d4ebba5
BUY,0.002,2500,1772578645,No,0xe53e19eb22c2ef9ffaf3fb0f8893099004221f87bea32668b59d2d739a44731d
BUY,0.999,10,1772578579,Yes,0x387337c7407f103f22184e48cdeab91d8592d4e7e1aae27f07a2b7f15e9737bf
BUY,0.002,700,1772578491,No,0xf3f8e28e1f0a3d01ad3d6726c9fabe4e8abd047340dbdbc0bb98e9c18671af06
BUY,0.999,6.236,1772578447,Yes,0xc8b0cfa38697bf83d0871fddb9ef4838bdb387bb0202a602211fd6e16bd1caf3
BUY,0.002,1625,1772578437,No,0xa888201a29e6ecf71fa83a102640955648b6266790554fef69251555e35a61e1
BUY,0.999,5000,1772578435,Yes,0x0351f920c2d256c8987c8b1a40533c04d2a970e4b06f94c302a4043f880328c1
SELL,0.998,10.01,1772578427,Yes,0x96b7e164154defc4e07168fe0267ba7516e25ede4da9b81412d97d7997806739
BUY,0.999,10.01,1772578401,Yes,0x39606fb4d33606943d3f452c6f6aa91a5e3b2a515e85496476ff51c1854c3623
BUY,0.002,2500,1772578393,No,0x7b88e6038aa5a30260d079fc88fb85a02c8f8beac4dfca52f708cbfa058eea9b
BUY,0.001,7000,1772578319,No,0x0cac60d70e7ed821d72b5b63e218cf0aac812d82713328c685192e8545a3915f
BUY,0.001,3000,1772578315,No,0x5dcdd64dc42e81751d63a0266b07bb8f4c454a57331d952d795adb0ced4a6b79
BUY,0.001,20000,1772578311,No,0xf66fad7896a4fb6d74564d13195166557b2b8665c1336683cbafe722a3bf74b0
SELL,0.998,2800,1772578261,Yes,0xcac08fbeba5fab45002a03466d45eafa981fdb7d13d787d1d9e7b1338e655539
BUY,0.002,500,1772578253,No,0x5fc16a915b8d7421ff4e92b6e77d0c05a773fdc47ba663635bdf3f07644835b6
BUY,0.0014810974932424927,675.175,1772578159,No,0x6dd9884ca376db4cf5dbea2811f3ed2247f836240fdde2c3e347d6c16a83fd77
BUY,0.999,228050.52,1772578137,Yes,0xc8526bf2a696d01750eb7170830e908ce2f102f07a64913639b3808966e13a58
SELL,0.998,109.13,1772578135,Yes,0x0b85e3e34db0a57023b13249438a31905cc9b1acaad60cfb7715066a162ab768
BUY,0.002,3000,1772578133,No,0xee3828ad1241ec7240cc126d26b4c68f8b73336654e6c11a5010125d321cc736
SELL,0.001,151.51,1772578129,No,0x87cb3c06a072e0aec6f8feaa776c97b4ae2b553aa941f4441c2b8ddef4e21eeb
BUY,0.999,109.109,1772578127,Yes,0xc9416be6e70230332765cf7af74a4efa1dc112f03961be0fa36fba8ab14874f5
BUY,0.002,850,1772578107,No,0x493ebeae3e391aecb959898993acaa683d767b63728bf05b82af057110ca7d7e
SELL,0.998,109.1,1772578063,Yes,0xec13263b5842cf913e612af8a0e2d68d554d671927de726142a846cb529406bb
BUY,0.999,109.109,1772578053,Yes,0x7a2c33cc305011650a3daa2cf44488bf172a09e791af35b2a88264179c14dd0c
SELL,0.998,109.1,1772578039,Yes,0x7dc8ac9c0ad17055a5fb3d652563697b2b82d070a5c5839c759ae21a47b2cbd3
BUY,0.999,109.109,1772578035,Yes,0x032844bb1c9b7f40b917f720ea3fe7ea59fbb4c1f26d6a6695825ac14bd1b1a1
SELL,0.998,1493.54,1772578033,Yes,0x3d1ff123cadebe22be68c83d99994e8ca10a633276231b8469f14a377fc50b10
SELL,0.998,109.11,1772578021,Yes,0xa814f27dc5253fac47d7f66ff2df4b8b65a4caa39d2ae74f7e41d86dbe8f91d9
BUY,0.999,109.109,1772578011,Yes,0x02939d6b27c458b60f72027757cdcf9e2968351ca5eec693e2f8746b110bb3fb
BUY,0.002,13950,1772577999,No,0x7bef2fc2460f82d8244c040d6139b70dc4ff28ac2ecb758c1a3be066df5418fe
SELL,0.998,5,1772577977,Yes,0x42eb63eac3f6bdcc28e8d7bed2d75765bffdc33fe2bafd1327e9522e444bfac6
BUY,0.002,2500,1772577941,No,0x3ec0dbf3529b9dde74af6fd37e555da6867ed01631a495ce8a65685e55bb0a1d
SELL,0.998,109.11,1772577937,Yes,0xaadfa11cf830a4f065b40f6b42d0f3339226a5e6916593d5585036bb11e95b37
BUY,0.999,109.109,1772577931,Yes,0x92a2242aa4c35eef23113af4dcd43a796da8830487589bd905fa8694f19f9d88
BUY,0.002,500,1772577881,No,0xa520b7972f57c0e2a1dcc89624a653fb03c3aeb314d4105d66765a838af04db0
SELL,0.998,109.15,1772577879,Yes,0x992cec2e55cc9431a50a18c595a4929701d75f81b33b81c9e0945273f10d4040
BUY,0.999,109.109,1772577873,Yes,0xf8be0d86811edecf090dfe2287b7e3ecff7bfea121b8039b2b23561bc0b8a184
BUY,0.002,6320,1772577851,No,0x1590873503f1f9436c289e5eb2fafd4e2f9ad4309746571d327c33ce972ee9ca
SELL,0.998,109.1,1772577845,Yes,0xdc554605a848e49fab27c494af39fc6a3533fe88463a713c33bd8e69a811c2a2
BUY,0.002,5000,1772577841,No,0x5de32bf8cc83fff8f897abd2ed791784bb877ad9bc3d222610cf3d3cc72c21fc
BUY,0.999,109.109,1772577839,Yes,0xe166717fcd3d8a5156c2db594a159bb0cad27ecf132348b0741a94f6826106cd
SELL,0.998,109.1,1772577829,Yes,0xa51e73a1dc7bf112efd4cc916d2aec1af7e799470aea7f5a60fbdc80d317c005
BUY,0.999,109.109,1772577823,Yes,0x0d8589d99af63f60077e5d1aae5ff6492f382d1809ac91489d427800ea43a1de
BUY,0.002,12010,1772577775,No,0xf7b9198ae6612b64df0321a1f414496a36d4b53448cb6ac9fd1b673507ac0abb
BUY,0.002,22350,1772577683,No,0x3e5d54bcb033796525bff6b0afb278f12fbd5670d52a4bbdd97dbce07dced1ff
BUY,0.002,500,1772577661,No,0xa1b10c96a7dd476f3e3b336b89fd726a2b4e7c610b4e9ef49b9a6d2f1c5be26f
SELL,0.998,785.71,1772577651,Yes,0x8a6821a84440334b2c2e7f4c5c118c3c9bccc01c4caf9b866fc2571fcc8ca91b
BUY,0.002,16000,1772577627,No,0x5fbc9b92a2f42bae5f9f0145465224a33f94e2ea1128a61b83ee8932259f320f
BUY,0.002,2500,1772577553,No,0x40faf731e363027dda447e02d5032254fc4dc8b30e085c1b1f27a5cbd3d8a885
BUY,0.002,50000,1772577523,No,0x5fdef8df305fc17d97eda0b076f7c7239fde6be3f8adf21017b1803a72ede8c9
BUY,0.002,2500,1772577509,No,0x5d55636e8780fa2c4ed23ab3b50ed4d4241e1be6a8b105b5f98a1881506fc8fd
BUY,0.002,21300,1772577507,No,0x38f2088bc60ae7131d86a51ff087e802af5203971545a25e3c7f451b79cf103e
SELL,0.998,71.42,1772577497,Yes,0x99827f9b84f981f1718f0f350ff7c8457a506fe6dbfe91f5768da715710a2173
BUY,0.002,1435,1772577481,No,0xac9c4519251bf3ff073a9455f3d645f65c1ed44c7bce8bdb281027af7086dc04
SELL,0.998,9,1772577479,Yes,0x6c2cc7fbc6527567ca6369b023a2606fc36737a1eabdb321797bbbf78d7e4201
BUY,0.999,9.009,1772577469,Yes,0x60ae3e7d0cb7daf3bf3ca868da499708ab8f3a6cb7bebf7bfd8268323cc0e7df
SELL,0.998,9,1772577459,Yes,0x45baedaba360f9de1c134793874dbfcfb16a9c04211e2682b25b1ca8ae3d7bb0
BUY,0.002,500,1772577451,No,0x0c19a8d59bde918a4da064af332daeacd090120eb3829c74d4d85c03c32bcc4b
BUY,0.999,9.009,1772577451,Yes,0x92aa4d8ae6c040f45910b290b262fff6e51e8d3a48aab899b334db759fd81730
BUY,0.002,100000,1772577433,No,0x5c94ba4278183c7d27c8298e0b7b2bc8d09a7c11e752339015c5eb93365fffb5
BUY,0.002,650,1772577415,No,0x10c2925cb3879e162190cba580a0a84f4722779fcfdd56d05f2e66e21969ba3a
BUY,0.002,1000,1772577389,No,0xd8a7b6035e36f3d96a722c8e5f7f5d1b5d7c801db6ccfe23f8f9ec6cba60fcdd
BUY,0.002,2500,1772577387,No,0x197346d455f1c652cf785d775ec3834ab3ab8bc5fa4b86f69dbab7352717443e
BUY,0.002,433,1772577361,No,0x9a9407dd2f98515a2d76cc4156f726968e8e2deab41e04e2f0eac016589f8e90
BUY,0.002,34000,1772577337,No,0xd0e097a1dfd2c68e11c044580046740fe9e692d6f69a7c9c2b6bfe9e49286bff
BUY,0.002,3000,1772577315,No,0x104e05ea4bbc3fee5d0cd23d7f44363ed4dbb0c29f667e620ef498dd8ad1d5bb
SELL,0.998,159.5,1772577299,Yes,0xd34da14f5a1975e4b35e689a540ee81a71c190e0563df4b68faa9b9bb086b6f4
BUY,0.002,2500,1772577295,No,0x2b8502f39f6965d28af715abe823c28de2a3380623c46982e62dbc3dce19172b
BUY,0.002,1905,1772577289,No,0x652867b10ea23e3ec39176557567e4c028c2232a2550872414d8059af490ccf2
BUY,0.002,3305,1772577261,No,0x62464c1e0fa84783fdb22f1137ae2cdfbf4306fe51a17d68bf99a71463fff79d
BUY,0.002,500,1772577221,No,0xf5d915cc43fd65461210fcd9aa74b8846f39c3e0705d32590ea2a853fb58b9c8
BUY,0.002,50000,1772577207,No,0xe70d79022edf1e9919ad13705f8c16cf5917d5dad0f20f8c45a210080851bc33
BUY,0.002,1000,1772577197,No,0x08c8f05ad1bf576205a51cdd69031bacc0924c0d9af40a0dd660a6094893e6c9
BUY,0.002,2675,1772577163,No,0x77c382385e9ea3f3c2daed56552edb54f6157c52a0af0ff14a85aab86e7da7ce
BUY,0.002,950,1772577141,No,0x4f3061fc85192c61972d8fd3af5d5e9102af19498aea9ddef94d5188c10256b6
BUY,0.002,12500,1772577127,No,0xad6cf243297239870f5669aec58ed7daeff2fe847991ddf50bfb2e219ef83167
BUY,0.002,4985,1772577081,No,0x813f18948c6a235eb9050658bc2e34edde2930c3d353b2867726fd8fd4db8f2f
BUY,0.002,100000,1772577055,No,0x4025a1bb8245c7bdf3101f2459926e53477fe06ce4622361f1008e82471ca264
BUY,0.002,16120,1772577045,No,0x73d09d7e0c502ecb5d4b017c98f56c57c4ba07db68608a0212e5b3d25980ffc7
SELL,0.001,5000,1772577043,No,0x07aa153197ad7a8ce4df725a0fa42504118fb95102fcd952a55c73b25b158e29
BUY,0.002,5000,1772576995,No,0xaa2211488e678dd4bddc3b3ff7878d2184a1f0ce91cd79ca069ad4c18acf33ab
SELL,0.998,1.11,1772576993,Yes,0x551f5a327a011c7a31f71859a3464a67a1dea5ad4b486ec28a0041291d566294
SELL,0.998,12.19,1772576889,Yes,0x5e1cfe580cc74859d9e5912d2f2093add7d6177768a5770866eb3eb6bd11215b
BUY,0.002,3000,1772576883,No,0xd0b0e1b28b38e625a59c15c4d83cd1ada7a3eb527e9ccecc0e03f1bc611e7287
BUY,0.002,9500,1772576881,No,0x2a9b6bef434d75ca0a960d32d900b6646af866ee9954325fd9d95913ff7dbf38
BUY,0.002,1825,1772576869,No,0x43225ff6fb404e421ece6b1088cb503c7e59a45488033df9b2ecc020dc68ede8
BUY,0.002,2500,1772576819,No,0x5a07aa05fbbe961d79f4e0f13cdb38de020baa81b8c885ba1d69bde21a913e72
BUY,0.002,85500,1772576803,No,0x189b13c64039a493d8a956a17357dc6a71f39ec20568e22de42ba624904247f9
BUY,0.002,2500,1772576799,No,0x200c384a178c5bb7b39d71c76cfdf33d3782c5807029a15a86d357e0ae6095d9
SELL,0.998,27.02,1772576743,Yes,0xc06e5e98d89a58cfe6b7ed1b33c7b6da630b53b2c398f6806dc6bc152e39d0e3
BUY,0.002,7200,1772576741,No,0x916e640775a2111a2c720893731d92822ec18876ac026d64fd6867d87d98ba98
SELL,0.001,500,1772576633,No,0xcd64547e4ce80f5270f160022786a1da4018a823c46022ca39129bb62964ca1e
SELL,0.001,30000,1772576627,No,0x702925410746758b92291c329a16953b9a638db7d7dd99f21cc4b996df89d992
BUY,0.002,2000,1772576581,No,0xd505f0bdbdb836d1dd43a84d26795a6f9719be3c7969aba0fa1d4218c507f68f
BUY,0.002,3000,1772576581,No,0xf862aeb203ffa3ef61a7954e94aec0b0fb39ac6eea2a41b24a1369c7b24ce990
BUY,0.002,500,1772576545,No,0x2fc5265ff4d7e51b985c3747c1fd154d4dbcd64ef0b62afdd582fe95a2902e4b
BUY,0.002,2000,1772576541,No,0x9e87b97bc7f71dbdb6c4fff6776e908e947b8e75aae85bbd3d52dcb531e5661a
SELL,0.998,25.51,1772576475,Yes,0xd6879ab7acd08f69439119eccb5c6671b4a47620e7f4413867af864eb6976b36
SELL,0.998,9,1772576463,Yes,0x725c7bbe2e886ba9af24562db2fb05a0cb23392e894a3e6b23a9410a3b2049e2
BUY,0.999,9.009,1772576457,Yes,0xadd265b1dac338225ed46b7387631a75ac816a7118f7c13fbc82b5cc42bfcb39
SELL,0.998,9.04,1772576447,Yes,0xbef6f7c945dd43144215e956e49885ba0783e23ee4ab2d70c3b8eabcab4837b0
BUY,0.999,9.009,1772576439,Yes,0x82a262a991cbbe0ff6b82fc96365a717e8568132df3d651ee91923e49ee7bc28
SELL,0.998,9,1772576399,Yes,0x00b388b631891d080357dd14e396fd60d72dd1e9bb22fa85b3ec803ddc12dccc
BUY,0.999,9.009,1772576393,Yes,0x4af6dc3b8d5a98a36d7b2bfbff83c63e27da4dba112cdd44f87a8cb21f74a8e3
SELL,0.998,6.01,1772576387,Yes,0x167c65500a3ab9e206e2c4b9d0979a3fa7745ae8b05e0acf95dde60148a041b0
SELL,0.998,9,1772576383,Yes,0x30e40785df6861d231e84e24cbad117d4ee2f239edd010f8ded917377f526e3c
BUY,0.999,9.009,1772576377,Yes,0xccbfbdf1cd4951480a1ae983d6f4fedb608f56002654104b49fe011c73d6ed8f
SELL,0.998,9,1772576369,Yes,0x9c703dcf3dea283a2df5fb9b8306395591cc3898d840b4156e676895ba021ca8
BUY,0.999,9.009,1772576361,Yes,0xc72babd65861f2127dc3c5df68ccf215c6bd5f09403ec55fb6fb173b128f9063
BUY,0.999,721,1772576351,Yes,0x31ca23565f60353b2352c5f0b9f6359f20274c7bbffa7cdbe874959c5bbde9a8
BUY,0.002,20000,1772576349,No,0xefe72a708f3809152e62897b245f52913b16bdf3233b0df85ca72277224116c7
SELL,0.998,9.01,1772576347,Yes,0xe51c806f488e41617b3b289d7c5bf84cff0b8d415e8d9e51293f5f2994499daf
BUY,0.999,9.009,1772576327,Yes,0xd7efb4f29328cfc5f8741c2f977cf9e168d62905d54ab8480c9c9f97527160bf
SELL,0.998,9,1772576319,Yes,0x803437890d93380b20f2184228cab3cf24a346a983c0d989f7f49efae1fe02ae
BUY,0.999,9.009,1772576311,Yes,0x750845ecb8fda0aa829c24922210f0ae42c1f0551b05e7043ca31080db603932
SELL,0.999,36030.59,1772576273,Yes,0x24d32f4c538289a92a55170937c861bbc3947f7260e1e0f6740e18200d8641ee
BUY,0.001,1000,1772576229,No,0x6b0823aaa1e4e44729a3730a5c96ff1525ef853a7e705a56582e9f5d460a8de5
SELL,0.998,272.87,1772576145,Yes,0xa717c32397e21fb76d3414e224094d7def5a0ffe2e18a25d6467832db9cb6309
BUY,0.002,2500,1772576039,No,0x4367987b19ee003d07c2200c212238d19ce4c4b6adf41e0c9cdf1122193b54c9
SELL,0.9980120501253132,498.75,1772576035,Yes,0x5bbced2b9aaa57d6dcfa7c0766e99b79924931c188582ee46fa6d59bf4f54e62
BUY,0.001,7874.27,1772576015,No,0xa06ef7f32eb0f8ac69f6b2fc90fb610d4d88839d2f8f744b3f06b5a2a3eda627
SELL,0.999,27.17,1772576003,Yes,0x54172e23bd37c819c7820310907346ae44076ca07025f0a059804e5e11f10dd5
BUY,0.001,4000,1772575999,No,0xd344c5bee859bc182706c7d48c94c2e4928c3bbc43df93542493be2aba2e23e9
BUY,0.001,1000,1772575961,No,0xdc72e87c5f1121a9db656eee3a1f1144bac1b8e999c4a9226a5dae5335c59e85
BUY,0.001,1000,1772575957,No,0x56d40557ed0c400c5da7773ebff57957a4ad202042667530687a479989f83517
BUY,0.999,18727.61,1772575945,Yes,0x9772ff6309fe528b8c3b938ea4efa027b2af1c3c71b52ffdf49ece4bdd161e20
BUY,0.002,49000,1772575943,No,0xf601f14a80eb3a100ad3ea508310930a4e110a90f8b7153d06eec76979a5db36
SELL,0.001,2250,1772575919,No,0x5fc36cf57f7408ba43604b067bbac9f9cb1dcbbc21e268c7f59da53ca7721fc8
BUY,0.002,5000,1772575907,No,0xb23bec8eef50918944356a20833a65ec657afc23e1afc165e3f1e9394b5c2055
BUY,0.002,4500,1772575843,No,0x8a8ff7ac5cfcd9f231b5e61d5f98b54c4ce53a8c9d535550ce4e27f49fc88b7b
BUY,0.002,2000,1772575787,No,0xbf1ef4127041d5d2c94c0d63e7a042b99d1a5aaffef3e92d68274fa55257f285
SELL,0.998,2.83,1772575757,Yes,0x1f63f2033a5349e419cd7d6ffbd2b969317f0082a228bf60d939b2ceb8d34735
SELL,0.001,27.39,1772575749,No,0x3eb158caf1d5e507dbc0579a4e16adf212b9f123ba769eb8b3be47d5691d981a
BUY,0.002,500,1772575709,No,0xbd5305725fb00cd4c730a5bd428474905e7a6d7be72fd8928acc1a4f7ab1b096
BUY,0.002,10000,1772575691,No,0x29c2609b492f67b439a6ddfc3ecc2c9e80c0a47e2b688cea764519084029f0d0
BUY,0.002,5000,1772575621,No,0x44a737bbf071a1e4c6ee643cf24b82d63f350a3b1ca44b8916744c9edade66f8
SELL,0.998,156.83,1772575597,Yes,0xdf52a759564dd16c83ba45592f10ad72640077a44f1fe8b51141712be8d5abc4
BUY,0.002,5000,1772575593,No,0xc136d3c95d313c8fb91fa1ead0ccfc1bd71475d1f55a0a8829bd03d5549264b1
BUY,0.002,1000,1772575543,No,0x81eff4018222b4f0297329215b2127ccfd952660620cde96009feea056a74d6f
BUY,0.0011751103557230522,31724.68,1772575507,No,0x2354b8f05be996b04ec5237850b53992a40f851d087d6d3fb086ea7d5ab5d3a2
BUY,0.001,9330,1772575473,No,0x3f5d32dc5d4538fd29f1959e02b84f7ec6704213582927f6c22d7fdcbea453ff
SELL,0.999,0.64,1772575441,Yes,0x40f26a386180d1fd5a93e985a2011b3101f7c858db5c5f85eac14c0d9f4c06fb
SELL,0.999,5000,1772575421,Yes,0x4816ce41a4efbc92bf274e45859ad64f48c9358dced8b9757a036d51763a77da
BUY,0.002,15000,1772575377,No,0x11c9a2592831451bee63e416b63fce48bbd730f1663fafeaa2d934b31af0c8e8
SELL,0.998,10000,1772575373,Yes,0xc12134807a815de69752eb0e64d80eaea96f749f2e3b39dbf573709f5f21343a
BUY,0.002,5000,1772575251,No,0xc6e45968dd019e44757e54f60a3e6fee2c288487885dd9bd78be96c0588b97f0
BUY,0.002,2000,1772575219,No,0x87c00da2e8a7df468aff324e488b916a554ae084851518fafe1faf03dfc4e0a5
SELL,0.998,300,1772575219,Yes,0x88c76172acd6eadd4ea670a9b8775e548dcc60621a38a18020edbe93bca1f2f8
BUY,0.002,5500,1772575193,No,0x4d029a5fbf859546e245a2c4523adaa09187bddcc039b2d2ed8e351a09f444da
SELL,0.998,10000,1772575175,Yes,0x6963281defe7b3a45e534a4e1123470e804702450134f0ef8848af7e5ea8b878
BUY,0.002,1000,1772575171,No,0xfecdfe31f1840f8451c3bc37503f99dcf8a4e2eb0eb5a837316f4fd1c7230092
SELL,0.998,164.15,1772575157,Yes,0x7b67cad6654b8ec929aa4a61ffde94b6f680f677215faf2c88613b7d44523403
BUY,0.002,10000,1772575141,No,0x53de6a21a7ba9495f4e20709fd63228e32a6514c69087c80ac52d67f87b23f46
SELL,0.999,15495.36,1772575109,Yes,0x341696bbd669fc5bce8013e48595a1587b8fe589146184b3606818347c32cc5f
BUY,0.001,20000,1772575043,No,0xfcbf5b2bece4cfa3137fc82d435548272c2a2bdc874afa89a322b1235be4f9ea
BUY,0.001,5000,1772575033,No,0x931b25260d6b4451aa92f7d079129e2a7a72665c595e6e1519ddee58997d962f
SELL,0.999,31.16,1772575019,Yes,0x5a3db7ced977501d99b228d23253844f39d924739eca53a1339e7cf3681621e2
BUY,0.001,100000,1772574983,No,0x89692bdbce9215229dbaf03ccae70787d5f15efd5fb21292c0ea15581c5228cb
BUY,0.001,10000,1772574981,No,0x9f93085f081479ad5e833aa5405f88a7f863572c4f7524c40eaaed9355982dc7
BUY,0.001,1000,1772574929,No,0x52a06d1a5f938e9bef1d7a0950bb7cdcbbc4e69651a15e69a289c5be1bf23511
BUY,0.001,23150,1772574873,No,0x438e9fecccafe4fa31c27a143bb5504d0b2848a7d47a1a6d0e0a2a0b61ced0bd
BUY,0.001,1000,1772574849,No,0x1a77b1dd52b3b2b052dd90dbb0c46b7c4472542d376e631b095072ec3be33c9b
BUY,0.001,1000,1772574845,No,0x9f54f57ea44560c19d2cbe5556cf6ff2560686de21ef2605089f1e8bb58a7271
BUY,0.001,5520,1772574829,No,0xf7fb2cc34193fce04d82fd7391bfdae81aa6a7043fab337d740f4ed254efdee6
BUY,0.001,12900,1772574821,No,0x7135283b3ba407756d1e9f71fbcd9d1ff7c14254274928fa9ea9224b6674a1bc
SELL,0.999,1000,1772574773,Yes,0x10d97194acbee1486fe769cb5c89f9444b0bfdc9f154333124c97b567bc02b6c
SELL,0.001,23903.22,1772574765,No,0x060fb77bb48fd8836a12e92d441e31a73487dc45ac0f9d8558bcfd6c0633876e
SELL,0.001,603.6,1772574737,No,0xaf4ab5cb53968408cb8e4bd42aec93a028c3ede085015f8c0f2b7953adbd90f3
BUY,0.002,72460,1772574689,No,0x2d00f979a19c491700ec244efb51d784557bb6c1b1b950fcd2ad6f18c480a17b
BUY,0.002,2500,1772574561,No,0xe2628065a3b4440423d95578bc0c961efbc2819dc70c0089feb152ff83f9314e
BUY,0.999,6.13,1772574551,Yes,0x369dfa734e4d4ec38f72944321628c7beb033faf7ffb0e4c51a17a700511bece
BUY,0.002,1111,1772574551,No,0xa5d9d333ce7d575f036c2786e17859c554513f77af1eda6083bb76cda931e539
BUY,0.002,12500,1772574523,No,0xb6912b73b612fc7ace476fd65d74af098e0d72d9049a6864047a58c4eb701751
BUY,0.999,1.981,1772574513,Yes,0x0b219741f669058985c177eeeebbb160f5a8d27bf17230d57953ac014e8bbf77
BUY,0.999,2.002,1772574513,Yes,0x67c1d9046e86a0cdfbe47c011d17f36aa3f0afcf6ac541bbd6c3588fbfc12b85
BUY,0.002,5500,1772574513,No,0x56292365b6a233a15745bcea0ccba34be8252bb33f038576476bba64a44ef3c2
BUY,0.999,2.852,1772574511,Yes,0x70322f2ad37b1f94fc94d255635ba123597b2a4eb4226a380f74589e4fb8edff
BUY,0.999,50.05,1772574511,Yes,0x578df7560f38f5271ded646f97c50823b7a1a8659b93354eb80ccfa886c18496
BUY,0.999,18.078,1772574511,Yes,0xaee4824a3c2679aa77a8bc1d396100639746f4ff2458722e175eaaa08f2025b0
BUY,0.999,25000,1772574507,Yes,0x691b3a7ffce925d8c79f98f9686e55125f5b454f9ede7eda8ce9540954c79d30
SELL,0.001,146.21,1772574505,No,0xe611390567fe63e76ca8e80f34876802d0a8dcb30098a2ae191995fb372d0079
BUY,0.002,7455,1772574487,No,0xaf5bf1f79f3a990fbb6aa72b3475481635cc1c59252a9202e9cf133a22300880
SELL,0.998,10,1772574461,Yes,0xb3e4d931c9d2cfc85fbba4182f44d3344e4d2a5aaa1d302e16d043531f40b40f
BUY,0.002,2255,1772574417,No,0xcd22fc589a24f307121bc7eb70846bacc15fb213e5429b949efcc0dcb3caa047
SELL,0.001,2500,1772574405,No,0x1879d71b0c9959b37ae648f449f1eabdd3a90656882c0057bd618974e61fc646
BUY,0.002,1160,1772574393,No,0x3fcf118310a6510a088cbb12278f37ce14e842ccc5d8d8380d5cb0a7b20e03c8
BUY,0.002,1250,1772574393,No,0x6ccd248c40fdbe4776ff7a6db8b77052be200f13a687da236496ca9d0957347a
BUY,0.002,11270,1772574373,No,0x0b958732cc5309e28e6af0c051e51ea6326ac5ceeb8ad8f8a0a0026c5d19f72a
BUY,0.999,4.954,1772574345,Yes,0x88771145eabe17b4b858ac94c41cffa7ba529c03805e3714c6e963ac41e26c58
BUY,0.002,11715,1772574269,No,0xf4a7e28a50405bfbe75abd5419bcc797e3c98361d6d63e581f7b296134f7a1c7
BUY,0.002,50000,1772574189,No,0xcd87ccf254455c6c3b9c8a98e555cb4289b8e64cfea353f24e9648b39aa0c1e0
BUY,0.999,1.001,1772574177,Yes,0xb7f7df165596aec0b24e731613c4dd1036bfca3be3f50af05b95420ef925b27b
BUY,0.002,14785,1772574165,No,0x7b3380d492ef388e4942806d73900a34938f7c83e7bd5e9bacb4d79622d328eb
BUY,0.002,17405,1772574145,No,0x0b778b111c571c047fb787ae6861ccb95415fa0059b7dc6ba308096b5cb33b9b
SELL,0.001,15.87,1772574139,No,0x62027a7c6cbaca7d77da134e7ba6080166440d7bdb7f882f0876953b549d3a52
BUY,0.002,500,1772574111,No,0xbc00cc46f674105074aef9348899d7fb6afc3d667181eb4196c5dccdfc50e404
BUY,0.999,10000,1772574101,Yes,0x2c35a4878f45a53592e884a3b94d5042470f1ebaa9861c3db644c000c5eefe81
BUY,0.002,6675,1772574091,No,0xf9e014765d24acfa06a252c90e144a84c1386ab4947edc32d75d1a644f35d9c6
SELL,0.001,3863.85,1772574039,No,0xd5f96adcac6c0c3a7a102606e1591d8a90e9ffa5469956d818c60a5beb0ba1ce
BUY,0.002,32625,1772574037,No,0xfac28a524ebbd3c3134a8ef3d23b8769c7307ff0ba0204893f57da5d3fca7cd8
BUY,0.002,3500,1772574029,No,0xde0ed13353ba5dbfbcdd14d41467796839cf4e72bee384ec4e04f45319cc39fb
BUY,0.002,14900,1772574009,No,0x6b065d4e96176f17c002c3c4c233b424aecb75a1470c597188c7eedecff559f9
SELL,0.001,1876.89,1772573953,No,0x514d7557c129751034b5b4193764af488c3927b58366bf6934edd042dd7c1115
BUY,0.002,500,1772573953,No,0xcde6d20d9c4798516813a6fa3bb5d264082f8c01a551ebbb0ab4730f20ba0ad7
SELL,0.001,1.61,1772573905,No,0x79dc8f12692537c992be6683041a7a2021ecd367d4edd5018cda0e11a082dbc7
BUY,0.002,666.66,1772573897,No,0x6d724eb184d8a531e1d4e61041ad3c424c8a28d47595d35d5218d3d64f4a381a
BUY,0.999,1.18,1772573893,Yes,0x0a4a71389ba929fcb4494396a97df5e101b63967341454b4a65197ea7a6834f1
BUY,0.999,6000,1772573889,Yes,0xe6d26027a375f8f6e18c1d327d3d23beb4c0706d8dacdc73ad67f0b39ed3260d
BUY,0.999,90000,1772573827,Yes,0xfd24b69d526b9fed659eb1cc8018a8048b2e75014891197cb9b5d0024fb28373
SELL,0.001,31.74,1772573805,No,0x2bcaad5c0a8c0a29aa4a8bbb7870aedac34a60ebfbc4d6212843d10b36fa8c3c
BUY,0.002,500,1772573779,No,0x377607422333f64e44053583945ba097722c81a08afadc6ba332a969e4d39ecf
BUY,0.002,10000,1772573773,No,0x05ef718e0a5ec567bcd278dda7258d3850cabb4e781d8f046555cf25dfa7f759
BUY,0.999,50,1772573753,Yes,0xf101e8d9681a5245d17780a85991a083ba1dddd3b5be8c1aa83f5a336659c146
BUY,0.999,65,1772573747,Yes,0x69798791bb6736cf80fe2e30aca218f682f96948b65a5ae5e7620556eb05416e
SELL,0.998,106.16,1772573717,Yes,0xfedb4c5442e31550a43a31c0b012de271d7574f51c3b939908a43820249a88de
BUY,0.002,2165,1772573717,No,0x37507c5f9c66a22369376f4e26dd46ca2986cd0550a9c72463d8ea6c374dd21d
BUY,0.002,500,1772573679,No,0x0e30079dfb9d8beec8bd02a39628e1e6fbb389a3a6a88c5b9885f44bfbc7e9fe
BUY,0.999,2.002,1772573667,Yes,0xd75c9c523b02264c4b9430ddcdac7ac15634fecbe589fe1f71a14982810029e7
BUY,0.002,1425,1772573661,No,0x71d52eb70498cec8131805ee305418963c22ba6102fb7f37a27ae2b98bd1dbc4
BUY,0.999,1.301,1772573661,Yes,0xfd3d4980bace8e48bb5b4b52326ce468c691f64c6f73031ed0c43aa378f5884b
BUY,0.999,2.002,1772573657,Yes,0x03356864a8ce946d35d8cd0d04352d2cbd6c3e9143d02b8f9340971e6e4dea2f
BUY,0.999,25.125,1772573653,Yes,0xbf6ae35cb7b72112c60df5bc40c1524df03c6e61a6a1bc76c04ccc23d1cce0da
BUY,0.002,19175,1772573651,No,0x0174343d2ed879e12227a64d086fe03d91442261522cbbd3484aa107400acc41
BUY,0.999,2.002,1772573645,Yes,0x7afe77cfc5612e2f587c2b0b2e6deae38b4e162b5202ea758ef351efab27f707
BUY,0.999,8.188,1772573641,Yes,0xa6908c653668f5c2b097c370a074245d6ad72f4513fed60b8fb4828a293840c3
BUY,0.002,6250,1772573639,No,0x7bd371d73dc1532e8489cd0ed637304eb10ad7a482b69a16f94343a39c2f6c8e
BUY,0.999,2.002,1772573635,Yes,0xe8b7671e8bad00ba24d10793e89d9b1acb11c227204ea3c60120a66dcf972f2f
BUY,0.002,500,1772573629,No,0xa13fdb542b0d3d93772caec34b908838bebe4e9f8195ecbde9379c2181d613fa
BUY,0.999,2.002,1772573607,Yes,0xea25afdcd6bb398b123e64c423d92ee5238d9cfaab8b7aa7be8dca7f858796d7
BUY,0.999,2.002,1772573601,Yes,0xdd1d80c6e78ddd05aa2fbe39b6885df29f09d451c4f64713f695120e521d9fa5
BUY,0.002,500,1772573601,No,0xbe024466f56d32a9f3cdaba1c0092068826aa20da5ad3dbafdc0f2efb9fd755c
BUY,0.999,1.041,1772573597,Yes,0xdd76e5c737ccd91280c4465b8f8b4b8056f4955adb885dea49e5c6c02a9c0a8b
SELL,0.998,20.94,1772573595,Yes,0x10a3966c8ffa09d0aab1b82dc4f1c81fcbd599db54d4f4c77cb639d76b70ffd1
BUY,0.999,2.002,1772573579,Yes,0x6e619b910a5f26ac0fda36192a2c59d44a98f30e608fca3550d40686d21b67bb
BUY,0.002,500,1772573573,No,0x821ede184a7ceb5e774391ba95bed431efba60bf7a4a279560e3a92d1eb929dc
BUY,0.999,2.002,1772573563,Yes,0x0514c6046eb6a157837e9d17f5ad53e3a6fe095db8eea5b6599d711e57c6f90c
BUY,0.999,13.093,1772573559,Yes,0x90145d22f794f255bd6eb08d4e59f160c2eec7fc0e909cb819ab289461eb4913
BUY,0.002,10005,1772573557,No,0xb19c0f1a94b4f1d8af73f130448e2cd213c11f7554129601a0bcfa456c85b6bc
BUY,0.999,2.002,1772573529,Yes,0xdcbb245258eddfe3963ba52d51874f77bbf0479ea65a68644a0e36d7d37efe1b
BUY,0.002,5000,1772573523,No,0xb982cfee8783c27bf209ac14e8c79b59c37a1cccad3b0ca5fd813ad20e069b51
BUY,0.999,6.556,1772573523,Yes,0xe9a292d082b401898e7b25ded0605db206e121b078e27d4183b7979c22152c3c
BUY,0.999,2.002,1772573477,Yes,0x22a807fb51f98f94856036c3c7882460bfde7f048cace97a636e2b84bdd1c30d
BUY,0.002,10140,1772573471,No,0xd5f5f01547d9cd6ab1b08ff58d6437c4d5a1def61da8c59b0fce84bcb5142123
BUY,0.999,1.101,1772573471,Yes,0xcd4a0afc1c53227e5fddba29580e9cf096cc03ef1ee71996ebcf06e167dd8245
BUY,0.999,13.303,1772573471,Yes,0x11a856000136f8730f43ef5d2434e3f10407a20d958b567de5b2ed69421d9320
SELL,0.001,10290,1772573355,No,0x3875684439c02334ee748ca8cb94196f0af7ce98bce066c5fa9460fb7100b761
BUY,0.999,4.984,1772573339,Yes,0x5c0a400b560458442709bb4dffc82d2b5d5395b77bb1253d797f75a8d3997948
BUY,0.999,2.002,1772573331,Yes,0xf25e0c94241ce19ff080896a9c6656a2729769ff1a22a9abc9b3b0b26d61c6d9
BUY,0.999,1.101,1772573325,Yes,0xe10110f4b946b8aecff9a4254c87605173138ef11056aa34fca64fd1e8ba1a77
SELL,0.998,5.05,1772573325,Yes,0x4d0a0e541db84f0196b644646969f3a8eae313deeec94452b56b25f067a0ac5c
BUY,0.999,2.002,1772573295,Yes,0x8dbbda4d8e41cc71738b92d430cba78efd104b600fb773bbcc382aabefa62138
BUY,0.999,1.101,1772573291,Yes,0x58cb32793c1e7a7dea9085d124890dfa7fd00b125737fe6807250e3809370fab
BUY,0.002,500,1772573289,No,0x9744ccb9ff2fa6f539694f1f05a1a1ba2450cf9878691f8dbafba82428acfe86
BUY,0.999,2.002,1772573241,Yes,0x214b3f310e5bd2eee1c26d36e548256850e4c3efa8cb225c14f7ccc7a54e5eac
BUY,0.999,1.101,1772573237,Yes,0x4b1d52f217746366bb9d85b3a7d35ad038a1ebff67063ab8c794fde4697ea3ec
BUY,0.999,2.562,1772573237,Yes,0xa6467b8d7c45f178b56b61037423bc9ce02a0f073e34f8e28643030a4aa90abe
SELL,0.998,17408.87,1772573235,Yes,0x8bbbf6f506c8a1386975d7d00e8a5d3f8179e8c0bf47926419ae2407ef5ef6b6
BUY,0.002,5000,1772573169,No,0x314cb3ad90c20ff4ee992c3a75b3cdbb14fe94c023b513ce06b6fce6ae28bfd0
SELL,0.001,104.76,1772573161,No,0xbcd3bbcfa757bf274a53ad015213904a1b7d207d58b2d38b4812c1eeacce5753
BUY,0.002,2485,1772573153,No,0x16dee991ac799e6a3cafe255c1dfae37db480dfdabe751c562f78c61bffc9f52
BUY,0.002,2000,1772573105,No,0xf872cc01f51a3616077ffd1b55fe6c8d160564f258a00202875f241d2481fe0b
BUY,0.002,500,1772573029,No,0x7e4d091a0d1e802b6a2e9d14f93febc39e31f51494be72c3d5bb0d9e3704be8c
SELL,0.998,1,1772573005,Yes,0x1601da95ece4ccc755b028565fc050c1aae48b8f166c931d49eb6b466be03061
BUY,0.002,15000,1772573003,No,0x109ffae7d05d9d2fb747425a36b8a85e9fe492d4a7f03c902acc3e3fc3287c23
BUY,0.999,1.001,1772572993,Yes,0x8f9732c0920eab64588a5cebb94bbf690396a7d9c9a34da6fbc50db33f2e49e5
BUY,0.999,1.481,1772572961,Yes,0x59ad11a09b2550d74683744d573d9f02c70c952e5461f1e63449061ef68b3c06
SELL,0.998,1.5,1772572957,Yes,0xade051657846dbe68f9b5c4f28fb180d70176c56664d18acf8da7dcc0f4a4feb
BUY,0.002,14500,1772572957,No,0xa9fbbc48c6d4260734c0565fa32c39966362a186e246c15b2b54af33e87050c6
BUY,0.999,7136.42,1772572953,Yes,0x6f39f2259f4dbeae2e6f571788fe5b8f84103b77c3eafb068e8a6e574169f0d3
SELL,0.001,234,1772572905,No,0x0a0a26fdb1f1a84fe86ab5c4410e4613317a2864125eaf2b5a7999f15ab447ff
BUY,0.002,500,1772572851,No,0x13b26732f0bc8227335668f0e3072b897bee98ebab3005c8a6f80e96c19dd08b
BUY,0.002,2830,1772572845,No,0x199c069b5c1b56e77c62f0b89b621b7de18dfc99a113d4366c9fc8659f97eaae
SELL,0.998,5028.26,1772572811,Yes,0x6eee175c7c6f93d6d32fb260b60ef88feb4da2fed1880507d86279b9ab0e86df
BUY,0.002,5715,1772572801,No,0xfef6326ecb93b060b38095218cdde72c4a9caabb5ae4cbe815ea17e18e75d7db
BUY,0.002,9980,1772572775,No,0x2e56893e480a237c1fac3553e8a0393dc074871c7ee341ce24de2c2d1056661f
BUY,0.999,78,1772572769,Yes,0xca49e2101749b3bf1cc9065da8e76078bb21e37ce4df57519b420c2b74eb52b5
SELL,0.001,677.5,1772572743,No,0x8ddaf11fccf7a8357fad9f892a2d7d3fd10ebeb98dddbc432946a4d438cc7fba
BUY,0.999,19.67,1772572715,Yes,0x39d677cb2327da890c15373e7ab3f743174c94b328c40b9f8357ba2353362d0c
SELL,0.001,11.52,1772572703,No,0xf5b0fc919a34a7d3819bd88876487f373cc80d46bb125ca752f3d588ba401561
BUY,0.999,2.002,1772572687,Yes,0xd98c6816dd46a2f12272a87d19efa2350e46b8f2f94a5891c61707cd705943c8
BUY,0.999,50.05,1772572685,Yes,0xb6026edcaed318563a4a74a8ca1fa5a8cc314776a3422a0e724cdb83971e6ddc
BUY,0.999,57.837,1772572685,Yes,0xdb25c0b3243aab2ce60229c6dca08bf60cc270f726829b08e29a26abd6545988
BUY,0.999,2.002,1772572685,Yes,0xb327db69b0a6ea14be90a1b5202480e058c351b52b42558de8b307ce8a16de6c
BUY,0.999,5.005,1772572685,Yes,0xb9dfa2bb2f00c0f6e5e2279ce8f3c39b4acf0c07c3dafcf0cfe8167ef1b81fd0
BUY,0.001,80000,1772572681,No,0x18f52562283c9794cc020dfae287f2a26adbae0a4b4d25351251e40eed33586b
BUY,0.999,5,1772572681,Yes,0x5e73d7c16f213a54e2358bda322c4a253f3e150cb906958946e64f1985ff7e1a
BUY,0.999,3.003,1772572681,Yes,0x2be18b9a758983605a55fb086cc1cfe42676e69249b396ff00789efc2ab368b7
BUY,0.999,20.02,1772572681,Yes,0xaccb0cb4304281f2107397dd7c05c1a6ddd98a7f8509cc138d1a77cbf69efa0a
SELL,0.998,5.22,1772572655,Yes,0x8bcac0528700c8f94f9e7433dc3daf116d8cd4c8271b51ef308bc30a0841f367
BUY,0.0010872842670357982,229930.67,1772572635,No,0x8f4915267885e79c8d6a957bd2c8ff0176ef25923d7d32a5199671944cbf7812
BUY,0.001,24860,1772572595,No,0x6f91e12fb29c21ad7169f8396afc0699c9011be4ed7ea9eb4ad9b42b7ede2e59
SELL,0.999,20.02,1772572581,Yes,0x515d265cf934155d84d33bb017de10867a7b1be70f504f3af754497b93164bdc
BUY,0.001,3000,1772572569,No,0xf1a0dda5b0ec9b3eeeade66cf27ea508cfc22705a2474b86406aa40c7fefb0ce
BUY,0.001,1000,1772572561,No,0x5cfdd5484454e1b81e177741cea219d52aa0594cef6b444d852dccc3ab2261dd
BUY,0.001,50000,1772572541,No,0xc475003e0ad48a59547fe360c55b34636994ff63227ff74b4392e0c82b65e635
SELL,0.999,100000,1772572521,Yes,0x7f15e675f6148b9a3a8c0703a5944aa2e3564360581d25f532ce3c68b96b29b9
SELL,0.999,196.85,1772572489,Yes,0xddb616ae0da195173e1c1e08045d7a7bd8a78634ab406f84beaff0b1f4b2b32b
BUY,0.001,1000,1772572447,No,0xf694b05358d56a2da3419dc05352fb3fc55b883d270c984227c33743a4b7773c
BUY,0.001,1000,1772572447,No,0xa6a098b3847c3ae769d9b6821805cf239f650d93398d47e623a990b386cb64f4
BUY,0.001,100150,1772572419,No,0xfa315727d229881d53e6d8894c6c7776557d7ac60636713eca32349541df6a5b
SELL,0.999,5,1772572403,Yes,0x837b3cdd77042d3cbe028aad52230c6d30fddf6adec837cf00ec450fd6bbeb09
BUY,0.001,50000,1772572373,No,0x81e39d264206767e376b381996aba7ec866cbacfbd09df00b7fe285b80cc85e0
BUY,0.001,1000,1772572359,No,0x70cb5c1f56f8dd784e913d640e4ee4491e05c79b6af3b5f4a7a3b3f5bf7bbf73
BUY,0.001,10000,1772572309,No,0x4d9ebdfb734e269bd453fd73c1246c8d15deb99069a07cebb209b95b35d3886e
SELL,0.001,7500,1772572275,No,0x3c3197d6c2a5874b8a2546ae3a20cf9fd6368a1f930511ab87d72137c9493c4e
BUY,0.999,25107.58,1772572191,Yes,0xd190acbed7ed778b9504a0b6a861fe39965bde537bd2f3c6a69e4f550dc8802e
BUY,0.999,36564.25,1772572183,Yes,0x8cf60764dbcb2b34e0a0f0116137de9fba3bdce9ba8902bcf20c9028aa542dc9
BUY,0.999,10000,1772572175,Yes,0x0f51773d11d3d6691038ee68790e4c0c6cee6f015fcd584210594010c430cf2d
SELL,0.001,500,1772572157,No,0x735034d7fcea52cca4d86de3ed3b39d5f5d88959f9968ddf9851d08dcda75f85
BUY,0.002,1000,1772572153,No,0x24b0cf0cc13fdb178e98c84bd51a64c5c00c4a491343c85d8c6adacf76ecb136
BUY,0.002,2500,1772572055,No,0x84af7d383eee0ae95e8683bec3e8059d43fcd5e743fd858f6f0f4d443ec5c190
BUY,0.999,105,1772572047,Yes,0x04538fcd804e7e431f5bff4a72842d755f3f94dee6f5a28cd7a59a91106eb25c
BUY,0.002,5000,1772572017,No,0x5e9765a0a8d59c62507f5dc0c73c926158c443ffabb6621d561611b6e8e0d15e
BUY,0.999,5000,1772571999,Yes,0x590230525ebfba6e8a5c68d97d611534e72697d3be1ec5391e94d8cdc73170c0
BUY,0.001,947,1772571989,No,0x6b680d04a2be6018f8fa5dd57d63b939d45768a59600d3d73dec70520e273d97
SELL,0.999,1192.19,1772571975,Yes,0x7d7a171496d914e766d2e64add0b5f5b2b6359a5e56820dd8e2cb02f20708333
BUY,0.001,20000,1772571971,No,0x2a93694fda2b62b247879c285f181b345f5f0fcefc8ed43706ccd6c114e1f8d5
BUY,0.001,5000,1772571969,No,0x6503ac79b8ed253e000a045e194e18af6086ed25c5f5db23f579a412e4ab8612
BUY,0.001,1400,1772571917,No,0xd1c8ef1ef6273c43585abe1173fb0d1376fcc361fa9e361a5514173417dbe0b6
SELL,0.999,5000,1772571869,Yes,0xe77625c571231b64ade11491f9ee461db976689a93842dbee4ebd031923a20b7
BUY,0.001,9930,1772571853,No,0x265da8dae8aa4af8d0d4cb08e3c5a336addb9631a644f33db61f750ee0e2fb18
BUY,0.001,4000,1772571815,No,0x4892d17a1e7c513b8ffdf9069745c4031dca2a44cd2fb88425910df53055c941
BUY,0.001,1000,1772571795,No,0xa97a8e521387957e7fea34b2b15ba7032b55aa0054f2f6609a7fcf5ee240955a
BUY,0.001,17520,1772571777,No,0x7cd385f1dd31332bb93c5b0054fb64f39a9dc98edc3a28e424c3d4172f32358d
BUY,0.001,1000,1772571769,No,0x871e567738d4bec214fcfb40563a757d4d275b20c08e17357f82f9ddb7bc247e
BUY,0.001,9860,1772571753,No,0xe28232812f08f20f382ac17a62272fd987317b699e76087c4bcbb4b4917c7772
BUY,0.001,17000,1772571719,No,0x021264530ff7b5addc6c45e9fccc2e581b9444dbe3e15da325a25a3c1def2b3b
BUY,0.001,1000,1772571715,No,0xade3fbcaaba17402ea66421f3415dffc33273589701ab46e9d4190770e192077
BUY,0.001,8000,1772571713,No,0x13cb03be6b02907e5b83a0cfd5fe02084dec6d3f5d947672cd18c139b94899f7
BUY,0.001,4000,1772571711,No,0xc7f057fe323eb24b2f806fc1dee4d3dc1ae5e88a6d6f008cb5d751144975f795
BUY,0.001,3180,1772571683,No,0x13abb5268950ee387c9bb5795dba720fc7b6441229929e6d38eb976d9ee9ffc8
BUY,0.001,2000,1772571655,No,0xbb2503c57633a4b553074970957bb625285d8a3834b6b497cd91d42ea19700a3
BUY,0.001,1000,1772571639,No,0xd04e6749b0968ac01876d62ca1d45bfd9ad994669ceb518f12164120fdfb3452
SELL,0.999,970.56,1772571621,Yes,0xd25a83af9d4e750fbb842e7e97ea2762bb010cdfbe0809d7c83d911e852cd53c
BUY,0.001,10000,1772571593,No,0xfdd66684b7c9715f0b802956c9d9477a9f951908694801f7b33498bdf8791615
BUY,0.001,1000,1772571589,No,0xf3bfc1487ad7ebc90b6072389c7decda83114e249ac99946662524d3bef1cfff
BUY,0.001,2000,1772571585,No,0x34cd85df9305fa62fd89a2bfb027069d0b228b747e12a0c9b53b1001d89cf83d
BUY,0.001,13280,1772571585,No,0xdfe3a737a38dfb077c4a26d4ce1c7fdd215ffb713f9473793d648a1310bca710
BUY,0.001,10000,1772571529,No,0xa8ec5a26a882580033f25310bf58e93758276ef6c8bdb87b978804d88b935fc4
BUY,0.001,1000,1772571513,No,0xde9ba1ef17305ab4508ec5604259f849555a6d09563ffa7648d4e29829961b45
BUY,0.001,2000,1772571513,No,0x377711f40ee1799b7671becc592860de612ebe88f8a619dd05e2265a35524f3e
BUY,0.001,74620,1772571485,No,0x2b298ec1793e3f1ec494d54ec0d24e7dac1ad7be663921a71ca50ec0cf5c6929
BUY,0.001,28000,1772571431,No,0x6b49d37e2ce2dc18f60dc7276eb9cd3e105c4a176999344d4597dff802c03e5c
SELL,0.999,20000,1772571415,Yes,0x6abc7e64cce85ad6ad214f9d449f631c036c41f806f287ecacb4fe2976f243c1
BUY,0.001,3000,1772571409,No,0xf2493857ae5b70ca9d2a875c6e9453570c8bd476371acdec05938468fefb4b53
SELL,0.001,158109.2,1772571375,No,0xccfb18d78c150344895ba5ccff03f9337cdd58cd6ff2ae587410d9cc8557ebc7
SELL,0.001,1208.33,1772571353,No,0x56a2719594a8fb8f305759932292f506700d6bc082238cb1f22fc49e7d111dbe
SELL,0.998,7751.5,1772571321,Yes,0xeb4cb9830a2adf1367ad126bdad9ec8df9f4a79d9d027e3250a43e128331302f
BUY,0.002,1570,1772571301,No,0xb499af325760f12a5819e4f87844c565ecd4fb576a8b9e9e0361857a19c8f08b
SELL,0.998,46.12,1772571283,Yes,0xa52822528cc19cad37b92ca87bbd50e8e8e96546be70a5fe1fa5da9771084db4
BUY,0.002,1000,1772571265,No,0xea0baf239a5a2de5cd101639ae3c38a5ddd73fb8c533abb46da66e4b12a3ba74
BUY,0.002,500,1772571251,No,0x6bb5e7c2c6a50662aeab7a8dee03c1667224259f4ede8cef1513f90d944aa14d
BUY,0.002,4970,1772571251,No,0x7896b31ad0a8a09439cdfb911699b202eedbdfa7ba7c0b5122709164ceea27c7
BUY,0.002,500,1772571229,No,0x773a4c17ce7edd46e3ed30b24048f759400ac0677eaf9c95c032fb650cbf58be
SELL,0.998,5.01,1772571213,Yes,0x4a7e17aa401231394101547b5d3c2135a8ba2dff9382da72e7a3361e4af301d3
BUY,0.002,2500,1772571203,No,0x23115f49b9b48fb123da930b3dec365f06592c09aa868e0b10441df09a5dcb0b
BUY,0.002,500,1772571167,No,0x7131756d26fb8093463e45dad6a91b088dcedc7a17d06d598d61157980bb68d3
BUY,0.002,1000,1772571157,No,0x321b0dfc1af2ca564809e9ae2bd1470ff45981d6874c51b5e2d68f774864865b
SELL,0.998,9963.36,1772571107,Yes,0xb382c4782d976e72876478f43bc90c461acdd9bca6441af7d60212ed7c2d60f0
BUY,0.002,2500,1772571105,No,0x45a9512d0e6731a62dc4cc41ceaf2917f1d0824be07aaee7a5697bdd36794038
BUY,0.002,815,1772571051,No,0xd259b555bb47a7d69bb8fcb8f05fa5482cbb97f89ab79e070c2daacd9b3aa22e
BUY,0.002,500,1772571049,No,0xb235d2665687e0c474a456dcb52fd5531f3352be8eb4ce4e431a639512f830c7
BUY,0.002,7455,1772570991,No,0x3a5d22857930d48118d2c528daf6dc31adb428a8728f74c8d3719f866bba1bee
BUY,0.002,2500,1772570983,No,0x9340256f63655d2aab2ddcfe7335546f515c107efb7aea9d7abc5307724a4746
BUY,0.002,500,1772570977,No,0x51fe46d7e12426a4adda3d234c7a71cf7885ade714cdbb3ded37d91f66b96f19
BUY,0.002,2000,1772570953,No,0x787f0164b027512891e84faa4f3583f58b5bb280a9eddb4e6f8163b54e8b1c1b
BUY,0.002,5000,1772570949,No,0xab7c334906c9df074b1de29be5143ce5975a1ef36a935feca8667c1bfaec0fd0
BUY,0.002,500,1772570889,No,0xa66a78f60ecfa28f03c0de1f220823334a606f6e98ccf3706b28154032e1da35
SELL,0.998,11.11,1772570793,Yes,0xf76a9fbe1e7beff4781e29a0cf53851fe06c5c7218db4f4e0b259604624cea43
BUY,0.002,700,1772570767,No,0x1cd9b706663eac921dff6f7c83ed45b976e1091ae048aefddbd80d7f7e8d0860
BUY,0.999000000999,2.002002,1772570755,Yes,0xd77878bbdbbc85aea7fb8719ac501f4b3b5065a3a0c93a4618ec0c47be53ad2d
BUY,0.002,14000,1772570693,No,0x0f12a1a9b3c326568e49766246ed86196ff2e13c268ae018638875f4c05d127b
BUY,0.002,35000,1772570669,No,0xf92a244345d3e3ef048ac05eefbec0beb99aed383a35969c774f3b196944a884
SELL,0.001,3150,1772570633,No,0x093de917b8839e753bd84c81c0254bf1a9db22f9d529efc38e57aae823a68648
BUY,0.002,1630,1772570633,No,0x414a1f7434ec27274c6be2f42cb5f32a59f16bcfdd265ac054c610ca6caeee45
BUY,0.002,11500,1772570599,No,0x5a1926760490a712cb4ce35a8925fe780c3376ce987fea9db8bed8f948c70e91
BUY,0.002,500,1772570585,No,0x490ee253fce85876425c0d5674af969b7728198d604fa28fdfd2cc0fdffdbe51
BUY,0.002,500,1772570583,No,0x017d642eef8eb8f49c2f4ecd4d2a30d86b0f3c90112ed279430bbc2388cc90e6
SELL,0.001,13776.66,1772570471,No,0xaae6af3dc6c1a8ea4fec1f443859bedc764468fe1694ddd13da962e87462ac5d
SELL,0.001,10030.35,1772570427,No,0xfe642542b93fcb91697b9ca54edd86ad94c710dfcc551dd7d831824841604284
BUY,0.002,5720,1772570417,No,0x0849ba1a753d569afa59486692ddd5cab22c8e74704747776f85751ef16675a1
SELL,0.001,1781.14,1772570363,No,0x9c027d9a15f13c96d8c60b4c4157d861cb0a8134cf12f93832718e97a95224d1
BUY,0.002,2500,1772570361,No,0xb752a6ec3ec48360615ce09fe1371ad6679b033d867ff9e66a621eae6933b7ee
BUY,0.999,5.005,1772570345,Yes,0xa745658d210dae41994ac29164589b6a53111c50b40efd3aac4b8aaf554f6ec8
BUY,0.999,270031.12,1772570343,Yes,0x6a8418c2c3ce43022f97e54446f9fd800691203dee6217d80b97496df1a76b90
BUY,0.002,12305,1772570327,No,0xbe162e527e1fd96a29f2dae429be6a2cee126b74dc76ff3152b091ee3e293fea
BUY,0.002,5000,1772570323,No,0xd4ebb455aa95d4344a451598401a82e8b29a7b438b18a7cc57191c7c0fc31f5c
BUY,0.999,57500,1772570305,Yes,0xe1b15490f49aef6bc2af3e6a6a64c6e7a8d62775f75ed1cef3e151033aaefcaa
BUY,0.002,2500,1772570159,No,0x454205c322a33da0cf2437e1b9b62c04d96a61724fc21dc99bd4b5d330277ec0
SELL,0.001,725,1772570121,No,0x6023017acb880246402912ba8dd2a4eb64456a523758f477b36d8d25487a7f01
SELL,0.001,99555,1772570117,No,0x30174929aa60b9e9f016a178a68a706e78178bf5ea0b12b23634ac40835bd38a
BUY,0.002,10000,1772570091,No,0x079c05a6c7328cc78c34d6ce7639d57b0e460d2487e09f85b7c060fd7aaa9df2
BUY,0.002,2500,1772569881,No,0xd947903ebeaf5dd3cc42a2326ae4c3ae3ae1a8e085f8fd58e28daa11fa6744c1
BUY,0.002,7130,1772569813,No,0x235cb376b7375b3a786d09729c13c97a753ed280875d8b4fa092c6a22e1e922c
SELL,0.998,30.76,1772569809,Yes,0x50f53bee4055294e2338ba24cbbcac8a9d54177f6849b02f76226d90a2a10310
BUY,0.002,34000,1772569755,No,0xe615ce3abc89426c96830c15ac021b8e2a1b319671f71cb19d0e128bd948d146
BUY,0.002,4500,1772569733,No,0x7dff8b31ad4ab04e42044927acc10d65c286e17fd94f09263b80083a7189eca6
BUY,0.999,10142.14,1772569723,Yes,0xd4d9b4cd46f4307ab06696e0b54ee3f4a29724b86f8f1281e08673b2974eb943
SELL,0.998,366.66,1772569635,Yes,0x6be506fef5c0e899a8ba7588ba844163d20e5a63163137ee31d77eb80802fcb6
BUY,0.002,5000,1772569623,No,0xe94a7b624509df41007a06f55a638fbad75e78efe5431c44bf913bb778bab4ac
BUY,0.002,1500,1772569563,No,0xb1cd3a25606e44964451da3aa5af30c07c9778445b6061acb7ef48ecd1989490
BUY,0.002,2500,1772569533,No,0x38bbe90c4d826b0923546e2e18bbc69b786217b7caf154178a51301b4d458a8a
BUY,0.002,3250,1772569525,No,0xd5f74e715bfe3b311f3fd31a8b1d45e75e593af7c736501f8ff82e63bbcd2f6a
BUY,0.002,409,1772569511,No,0x4d5307d0628ecb1225036e0ef3e8812360c66b593a7a91dd786ee303cbe4a181
BUY,0.999,1.001,1772569505,Yes,0x6b18f4a2f7ac601bb7d43314df442776c61ec571a771de0086c892eba8395955
SELL,0.001,6000,1772569493,No,0xd0c21a516a4569b26020296411c151a641ca2aa3944bbfb8c40da632e9bed68b
BUY,0.002,1500,1772569477,No,0xb7510aba04163bdda909f758f64ecc6a39f2e37c68747184b22a7304078a655c
BUY,0.999,5000,1772569441,Yes,0x0eaef195ef0e960bd3c822f45764f24485ef7b0b7fcd41d33a90a63748e95139
BUY,0.002,500,1772569437,No,0xfc22afeea811fb786c90c16128229db353c3f625624baa8862db4b7a9e4ca060
BUY,0.002,1200,1772569421,No,0x7136d665fbf313a79d93eeb3d6aa84e6724b32508eda27c54ae1849c3d3e939f
SELL,0.998,1793.48,1772569417,Yes,0xa6708b5ba4adcb293d91776c0c17851f64cc055a9c4a74a1bb138a9fe29e8a18
SELL,0.001,2750,1772569405,No,0xe67b91a3417df6ded28362f92ffb133d9cb8b35c81c824831c516dd8141f9e20
SELL,0.998,1,1772569359,Yes,0x312092893a3c2f26e368441c13e4328b5c905d351cab3c3c907f62fa96654cc6
BUY,0.999,42000,1772569319,Yes,0xbcc976a97e2a5e2e1fd518595febc848aeb79bc60848ed6996d57e43a3f3e7b7
BUY,0.002,1000,1772569289,No,0x114dd27473d1d8bc66b550ca243eb4d5d72828387d7362eee9cc7799a0cbd182
BUY,0.002,2500,1772569265,No,0x3390dc458faa2d11f663abab98bccac7f9a15a43458938c83f33bddb5edc0540
SELL,0.998,68.47,1772569113,Yes,0xe233a5ad797bb5f9eb9192a21dcc259c2aff1e19d9e115c4c6c907c74ea66114
BUY,0.002,500,1772569073,No,0xb85e5dbda4cde0b40fee1985ad834a5eef3b602d446e954162a7ee9fbe6ee509
SELL,0.998,14.37,1772569047,Yes,0x4ae849755d37435e0be542d62bef9408ce070e442dc073e175428525eeb3d1bd
BUY,0.999,3.49,1772569005,Yes,0x3b2c6631a7dc5f120485448d2d7233b0fc659267244dd3df0bf10cc2a323c07b
BUY,0.002,5000,1772568975,No,0x06f9ef4dd28d194fb6f7c699d40c7322d8caba59c1b746fdb67133fa31efaed2
SELL,0.001,10000,1772568951,No,0xa3373f86a74155e3c4bfa5f194cc8fe21d63072e2daab2c34f5c09eca20de4aa
SELL,0.001,150000,1772568949,No,0x07f63b50f22ed16dc8c5910874f758be2e4234ef59ca3656dee51ad4b38503cb
BUY,0.001,78,1772568931,No,0x235e177b00ea3c5c6e31f5e4c8b632905677eadb5ff367b5ba57369dbea12b6d
BUY,0.001,499329.44,1772568925,No,0xa00e3f94a3482068daaaa4b7cf00612a73cb59cb86f046f00dcb06857b1ae429
BUY,0.001,10000,1772568919,No,0x69c99bc9de60252d3119f939734a3e29f3c4e8d6e18fef7183a5a222cf0276bb
BUY,0.001,3000,1772568915,No,0x40f64493f63f1e350a5b9808ed4ebde508d4ec02d1debffc85fb8c3912355fef
BUY,0.001,15130,1772568913,No,0x36c45fc761b241adb02070b66d80e7631390632f202e8c7538100db963c90ec2
SELL,0.999,163.19,1772568889,Yes,0xb12eb828dacc171cf3db9b0a7bc31e359bdc918c5c9981e2f582c7b4bfb87cea
BUY,0.001,1000,1772568871,No,0x83ebd3f7e216dfaefc2408e8583b55d9dee65add2fce72a3e573d97ca8c509a8
BUY,0.001,1000,1772568861,No,0x6589afa500909d8fbfc1c3298983aa046f2d35378ad9e3ef5aaf800d7c7699a9
BUY,0.001,2000,1772568861,No,0x1866d22aa1b154b26c89df3f5bc7211b9eca12235d1a69a7ee23068bbc67fc0a
BUY,0.001,1000,1772568853,No,0xac359ca3cef29d2d887cd2281f76ea641c712ec057331a903a9cfc9f1492e95f
BUY,0.001,50000,1772568849,No,0x2d3f2d0a0d9ae6da1df7c1fb7eca1fef8909fd13ba960f4062fb2976be210c89
BUY,0.001,1000,1772568829,No,0xd319bc748c3ce5f50af3d1183e755064d12e9263cad09064dd5d2746015ba834
BUY,0.001,11730,1772568819,No,0x828f01bfe1a3b857695dc9135dfc4671e6dda13f80ead9a0fe4f5a946df11d62
BUY,0.001,10000,1772568815,No,0x4d3546189d83aa018b9473f09044fe55acfb449fefd8aa0418f61dc4ad8b50cc
BUY,0.001,1000,1772568813,No,0xc7816578e81039e10f0921dfc32847882bbfb95f0a79fbd55fd755ae3ed11297
BUY,0.001,11270,1772568791,No,0xcdd0c69a701bf9b35b10507f2698ad4f1b018ab9d543e7b162b4265073b4454c
BUY,0.001,10000,1772568753,No,0x435c28acfcde57cec5e131cdfb5ce51b8b2d7eec87e7eab1003508ae4cc16b6e
BUY,0.001,5000,1772568713,No,0x808e0d80b38de61cd5f3a9925977c0b9b712dcbb714f515d7c626247fd23563f
BUY,0.001,3110,1772568663,No,0x6af54bfe59015145a14fe82ef84745b279fb655636e84200115667e7bda0ccb3
BUY,0.001,17330,1772568615,No,0xf21658e26fa4e9a572175868f6bb2b1cc65d4d8c97bfee492fa1d9532fcef3df
BUY,0.001,1000,1772568603,No,0x739283a4400edbb35fb739d6a98ba4262810c975619417834c62a7d6729632b0
BUY,0.001,2860,1772568553,No,0x155e08186203e75ec2e0f7ecda2bfd35323f6a9302e2e2468fbaf817cd0b2167
BUY,0.001,15990,1772568545,No,0x6974581ba4b341e8fd15c09b3ff0e7e3ddcfc51dd069d986f6ef3f39e304885c
BUY,0.001,2520,1772568499,No,0x156d9e39996b6ebb9f9157bc36b1744068f2251d83c92ebb6766aeac3374dd51
BUY,0.001,100000,1772568489,No,0x75d05cf2bacb49a0589d2e6dc16bab891370585c2659aa4de574cd7582a2b2e6
BUY,0.001,1500,1772568463,No,0x8961a03fb41c502db54311c74fb25963c17e17d208ff0616246748f2e985fa15
BUY,0.001,50000,1772568427,No,0x9b488c02446115b71ba8020272ef78f4597aadc15abb4627ce8ed71d2141b5ed
BUY,0.001,5000,1772568393,No,0x932e81b24f19ce128eb545e0d74b58229afd0bb655e39b77be5ab5bf9ed38635
BUY,0.001,5560,1772568385,No,0xa942c35fe0302a753b1b414d87736d5c776264c1dbab7fbd2cdbebd25256d991
BUY,0.001,3100,1772568383,No,0x9b1f9f4cf144a765f03cb209c95c319b085d4070969534e71d26ca2e260cfc15
BUY,0.001,17000,1772568343,No,0x4ea630da83242ce120b65f0fe90ccb58dc4eeaa5e0282f28691e7c8c76aa2826
BUY,0.001,3000,1772568329,No,0x8c1ca5976d03fd4e8fd0643dcdb1e8676ff2a32209478aff3b5f1324248a7f1f
BUY,0.001,15000,1772568301,No,0xbe5e3bd337c722c0276dfe0a34d4d6a112f59af70f531183f13b48bcbf36ce36
SELL,0.999,20777.19,1772568251,Yes,0x5521b0158103972a8a284bcfc0c9d48f0f1656e06143a3ce00992da12e81ec25
BUY,0.001,10000,1772568153,No,0x062237f02bad8c8de82c1ba4b566d20afd925ccb5209637837ac9245e2cb9cc6
BUY,0.001,1000,1772568133,No,0x12ee8bd73c077832534edc833d4e8edcbf8fdafb2758d66e786459cd830d2817
BUY,0.001,10440,1772568133,No,0x2892aff4469e08de940b2b2db90c15b0bf439339d139bc8eaf1adcc96f755091
BUY,0.001,22860,1772568131,No,0x716fabfffc975e951ee9268d6b6e13bcac0f319753029796d6456cf39f5df570
BUY,0.001,10000,1772568113,No,0x66fbbc28dc473e4d41b0fef2406696c00021d72c2d444e20ff5f85aa7dadc642
BUY,0.001,5000,1772568095,No,0xd2b540b7d225e2e81f249b7c6e8497d0884848dc2b8d33da76a57546ee445df6
BUY,0.001,4940,1772568087,No,0x8bce34c0e6f3330bc6824e9e8d1063f411e5f2fb1cdf94ed2f3fbe943e7a0297
BUY,0.001,95000,1772568065,No,0x9d42707ede2c6555c256a6314706b2f3b28dd8e28684ada1f7c1d3bbf4466a89
BUY,0.001,5000,1772568041,No,0xdc0eddad9393e5848c3cbc0d4bd0efff83abc2bb88541e261ad34a9c52fa7853
BUY,0.001,74000,1772568027,No,0x1e904e7c52a1e2669a79cea529e4ec57a46b08bf89ae6c1f76621118c4bdd2c0
BUY,0.001,1950,1772568019,No,0x938e76a9b8d489cf6ceda74bb754da8d846d7f3e0c20f5744ec6dfcf94d6e7ce
BUY,0.001,4000,1772567993,No,0x56eff062663a94c771fe2fb22ceb2ec0cd325918f3bcc4caa82b5968e245360d
BUY,0.001,11290,1772567967,No,0x6250af4ad7d85baa4afdec57d6b417422f3551596d98f3c25a607878f8bbba5e
BUY,0.001,12660,1772567929,No,0xf4d330a4fccd301e7c5e07d1e0f8cfada13f8018f490e94fd9e9f888f99d1302
BUY,0.001,1000,1772567861,No,0x69ac7fe23f001f24a310254c42ea913abf70c09f3162864f1bcfdf25256ee030
BUY,0.001,55000,1772567859,No,0x85e1b10c5955168f4289767498fba06aa4ba0a119a0c88c6805bef2d9e210064
BUY,0.001,21176.88,1772567847,No,0x83177597ca554be8b6f755d6da8be9db61c194418d8c4239730f87a772a2be42
BUY,0.001,1000,1772567823,No,0x5aa0b8f6e37ba9d48a5785f7348dae7553ac3a1650758d7369d7824599edd8fa
BUY,0.001,109330,1772567817,No,0xcbfbe53e4d7e14a899ef9290bf9cf0c8240d73a2e890c63803a7cfdb5be113ee
BUY,0.001,7000,1772567809,No,0xd5596369142ac2f3a8eb63507f1235a8631a07519b5f2f3bdd8dc5141f8d58ae
BUY,0.001,1000,1772567801,No,0x33acb7dfc2308a94100628de6bbc17d1f654e28328dc1276f4042d7ddce9cd1e
BUY,0.001,4550,1772567785,No,0x15511758a46ea2a241228297a4fe43beebb37b8ad9453f96cd8faf55fb31accc
BUY,0.001,1710,1772567735,No,0xcd54bc15bcdc0ddaf8f074ebf00242d685b06a47060b863895c78d6a06d345e4
BUY,0.001,10000,1772567729,No,0xb4092b62211567fe10ee030fe854699482d0d4aa4ae00419d9fd44fefbe75ee1
BUY,0.001,20000,1772567715,No,0x7eddaafe6d5743adacca9bdd6f34868afd9b297c61ba25f925fa0f03d143d6d0
BUY,0.001,10000,1772567711,No,0xa06f70c92ba62729f463611e6809e8f65a05a600ee56c808535fdd1a7bf67cb3
BUY,0.001,10000,1772567707,No,0x135d4ae35d0279d5d9b2a92e0f01bd50ec9245cbd8de32e5003715a562eb3d6d
SELL,0.999,5.85,1772567681,Yes,0x964abcdf7be7c5c4919e0f4d0f288c0b5e1e0e8da773abe769c5741d47ee09e7
BUY,0.001,5000,1772567667,No,0x65e913371388fce9b7eefcb7b3b4b96f075927ecb377f3d0d25338bb9fa86f87
BUY,0.001,10000,1772567667,No,0x1b203dd08ff3e885f9d2a705637a5e57532446b6bce93b35ec397ce418c26e8b
BUY,0.002,2500,1772567651,No,0x85782e2e52bc74e258d10d6ad62185e07ed3bd37dc43a4f5884522f5cb016fa2
BUY,0.002,5000,1772567645,No,0x1a5c927161311745ddfff034e47ea1a8f2bff888330cdf79ecae98194029416a
BUY,0.002,2500,1772567641,No,0x02e03acc7d090029ead37ffcc148b8212b36261dc56701f4d42b4a990712b18e
BUY,0.002,5000,1772567641,No,0x34f4cf1721a7ac7bb50ee072ee94ea833116bb6745d1282a21238fb42a180543
BUY,0.002,500,1772567641,No,0xbe6158b177019c71d8b639f194a4c2533f47caf41c13898187aa7eda1465bf68
SELL,0.001,249995,1772567633,No,0x9349d3a2f607915eaecfb3ed574ce857f4a3de597b9346c4a02a7244e6aba561
BUY,0.002,2500,1772567621,No,0x03c85af8bc49d9976f5707b70e0153f02d074d0256d2e2581d510c53c2229a76
BUY,0.002,10000,1772567579,No,0x6ffe46ddeec0894cb407ee5a98e713f12366e770160a3d3d3a264e805050a52b
BUY,0.002,5000,1772567573,No,0x578d11057541966c389a8b204ae5c84b9bc03cfb0d2c329076865ff81de92478
SELL,0.001,50000,1772567515,No,0xe4cea0bd5ee57395cbb1f81310e7cd66ee4740955ecb3e334ab378e0854a0349
BUY,0.002,2500,1772567465,No,0x6daf85e32eda8f3b32284e5a1068782146c3018b849e819eafd00215994d1cd8
SELL,0.998,1,1772567445,Yes,0x634fc37c967e075ba821e8649d44491f99622619787c5808c8ff582014054a7f
BUY,0.999,1.001,1772567415,Yes,0xf76feb54158613339796f7f6fc3c6286c95397f07ccd1534c07197ffb69d45e2
BUY,0.999,400.4,1772567411,Yes,0x6e885d24ed6f2ee9601e34991189aa61a16e161aa51489067ee629cde7dadd67
BUY,0.002,25000,1772567345,No,0x185167eaa25b3b055bdbd40c3d9b0695d1ba8c1715ca9e2e4154e7e9d0dca35e
BUY,0.999,4.984,1772567335,Yes,0x8c7e1bb5fcb34bd00930f7f1043a8f70a7d5049a99f5178a01d8869b82a9c19b
SELL,0.998,9,1772567331,Yes,0x7d27c8114ce475a3bf081f72c47267e29bb38aab2f728d8751261bfbf990cff7
BUY,0.002,5,1772567331,No,0x6aa2ec5cae0e68d7a5b70bd55792df6348ea1afee735aac3e1dee521199a7756
BUY,0.002,25000,1772567317,No,0x4f46da49537753fd546ba2f8f2458414291ab5d18c225cdacf695a34ad6bbff9
SELL,0.998,463.05,1772567279,Yes,0x1c1199a5c82e5ebfe4c2009b410b86709e068539ebdb9a7ceee2ef8ca7b2f005
BUY,0.002,5000,1772567225,No,0xc531d8c4b14e362d44333758e7598a2d265785e04974f109b5cba32ec25ede27
BUY,0.999,5.115,1772567215,Yes,0x08704ae636b32f5f490a7e68fe00bc962993831ef05147c2fb688b6bed3b2cbc
SELL,0.998,5.14,1772567213,Yes,0xc7e9fbd12ca24166806f99df81963832c482dd44e8bf3b182108ef000a43b424
BUY,0.002,25000,1772567205,No,0x2797df9b6c1a523906d93af50d9bd021297cb327ce605b83dcef1809c33f448a
SELL,0.998,30000,1772567183,Yes,0x208ab8cfe689b9ab670d3a3b24f7f60b2a3ade28def09377863a948e2e7bc9ba
BUY,0.002,6000,1772567129,No,0xf4de6f34a13f1ec9ac1190f77825b09b1e3e57c5b740e4a1cdcd1b259f3be16e
SELL,0.001,6.1,1772567101,No,0x7621ae5096c04be80eeda65b09eed607ed7fd86fab9b2e718be20710302ffa2d
BUY,0.002,1000,1772567077,No,0x9bf1555353a1ab30f7f77e43b27ee7ef6ad1efd954e504529afe787820e7a718
BUY,0.002,2000,1772567071,No,0x591678122fd23db3b1917debdcc460b590280105576b93972a6649c1f804f4fb
BUY,0.999,130.13,1772567049,Yes,0x097837db330006a38dfbd174802fae7086111de72fbcbefbfaf17b1279d957e6
BUY,0.002,5,1772567041,No,0x4c0267984eecee2a305d8f5bb8fb12959d0c85bf8a9e59137ac111ebda5037ea
BUY,0.002,970,1772567041,No,0x6b73ca4c5ae1bcde1f4835ad2df78432f75899816cb1422f30a590e8a88d2676
SELL,0.001,1.51,1772567013,No,0xd316c7cd624f6e00899f048620073ed6014ac33ca5a5c9cab242245b11643973
BUY,0.001,509510.48,1772566967,No,0xfda16d04ba17cd05d35b91301daba8acbf7a1f9e5abc5ac58d803a61c413dad6
BUY,0.001,29980,1772566937,No,0xdef54e890c20de92184e05501f5f202d22cd375be160ddcb8f9f1ff7018224ca
BUY,0.001,2070,1772566935,No,0xea0d074afb358fd78495e0a2178fcb84b59086b4f5d02e57c7167645ca2180cb
BUY,0.001,1305.3,1772566929,No,0xc16d57270a3adea557a3f24669ad67d2be2e169ecf597cbebbb29cff90f8137b
SELL,0.999,2.99,1772566925,Yes,0xbc3bf2607cf7378cec14c235ee1e7f178fab89cc3bc7206e645418c75d3c781b
BUY,0.001,3005.74,1772566905,No,0x880f6a81eb93d038a55d57c9d49928248f3c62a0bda31f68bce422c8a0583366
SELL,0.999,100,1772566889,Yes,0x55e9b2c9a0b4cadba79a681447ea6cdce03429d5c7658bddb7ae129ed49a67a8
BUY,0.001,17400,1772566811,No,0x548fb52dcc63d7d3f414218328172d5d3dac19b7dc92d38655625cd4c8844c9c
BUY,0.001,20000,1772566807,No,0xd3c6b7c7dde36391bc60f0bc5c01773b8ffed3cc7da99019acf2d359a3d7e2ad
BUY,0.001,5000,1772566799,No,0x09ce16f77e62824d721e67e85969481e9fb9b63dbb7f996591dacbaa55ffdf13
BUY,0.001,16000,1772566787,No,0xb147275dd1d33a7c86a88725cae963e2145babcf1ee6b14519108aac199a88fb
BUY,0.001,3000,1772566763,No,0x0f47a65d7775a2a59ed2acff28390874b6348b80218577c1408f0f9700c83520
BUY,0.001,10000,1772566759,No,0x0b04b927f50b4338994455dd84117bd6c347b04e2f8b89c8c3de36510badbab8
BUY,0.001,1000,1772566757,No,0x6414656f11528d4782a3fc067c83d0d4282805228e097b0a5389bd747c90eea9
BUY,0.001,5,1772566729,No,0x76c80ea1e47f08efe671c62398b5ee556a06217c8254659bb1ad08a25e39b4c4
BUY,0.001,13000,1772566721,No,0x6e1f9e2671d6178c3af73e29448fb161b30788eedb2723e34e4e5165833bfb63
BUY,0.001,11740,1772566707,No,0xaa746b05d1ec136c98b4b2dd740302ac402a81d8fbe9e78e0dd6ad2723f9874a
BUY,0.001,2400,1772566701,No,0x6ee77f829176fe5dfa6271453ded5f933ee6c7c4395f647e492d7e17abda23cf
BUY,0.001,2450,1772566667,No,0x77314bd9471ec18fe8165aa92f92c5445bd11dbe9ba74429a60021d757965be2
SELL,0.999,67342.41,1772566655,Yes,0x109035ae6e758120c131e11c3e33036714ee9a0e6a275359dc1de8a1563d6566
BUY,0.001,1000,1772566625,No,0x27681de18f0fbced5278bd5e7001455d86eda4fc92c4589622ed78801404d417
BUY,0.001,14400,1772566625,No,0x25785529b0c3648a41cb012539157ca789c8ae301eee4d3fa8a3efa7ab2dee79
BUY,0.001,50000,1772566621,No,0x815d262309490378f799b185b236e11698a0848dd25d539430c736d7d7ff1c4b
BUY,0.001,50000,1772566605,No,0x618530c695573a9b88ad424697088b2dc3c8ca1d6a59458634e102decad62bc1
SELL,0.999,160.2,1772566563,Yes,0x00b406172980f597bf21b1bd9615ab06332dfa1b43616df84b164689f1061842
SELL,0.999,9.52,1772566539,Yes,0x569ea41e7b328d5c5d06b6657ba8d1a1a9f268bf97f476bdb11fb543a53032b4
BUY,0.001,9580,1772566505,No,0x7cde66f8f3b60fa6775b5469ac51fdaff5bc7acfd46e4b1b275016c300af4285
BUY,0.001,1000,1772566491,No,0xb58e59d5810c6c3f82e2f6afc99d492cb0d9da234895baa3bf69bfe8df026b3c
BUY,0.999,665530.72,1772566461,Yes,0x6f05b49ea0cd07570f91d2aec674c01c2fa079a5235649f48b58feb5a76bb9e3
BUY,0.999,16.106,1772566439,Yes,0xb7d6ac7ed79e601121417074bc834e0085e8e1f84fbf756e8f9a5cf98160658b
BUY,0.002,1000,1772566437,No,0xd76d1eb6c5973be0edc88b2d808f5c0456bbb73922821243b66d26151b71bcaf
BUY,0.999,4.984,1772566425,Yes,0xf76b043b5da7e24fa4572142c79be8f7ece5217971720f20f91aed5000533c7a
BUY,0.002,5,1772566423,No,0x9b8f3a808b96527749dc68a7c1a2fd71378644f9a727d546a90d4dbad4bf871b
BUY,0.999,16.106,1772566405,Yes,0xea834bc66351820bb5053b429741287fa9adc7611a4522c10d0b94a3b7199954
BUY,0.002,2250,1772566403,No,0x62707fd36fc1f33d47e87767627fe01713359758ab5e6b98123a290f7b4c8906
BUY,0.999,16.106,1772566401,Yes,0xb14e8caaa88586a02cc1a19dd92bcf57d5c62a51c97284d4394cb1325f3937ec
BUY,0.002,1000,1772566397,No,0x45b6c30f20bf92ec92d03709235315336dc55a792b4c8e71e56c9e3a0161b974
BUY,0.999,16.106,1772566261,Yes,0xfc1dc6279826d7117a0b948737e030f23880d41481be2dc3cf4bda1990a484f6
BUY,0.002,805,1772566257,No,0x094a1af5df38c3a13e4650bde4e671d349ffbca9d72e970f39719365ed525157
BUY,0.999,16.106,1772566229,Yes,0xea76c24f8748ac190b46f81d1527ffb4be17ce836c7fcb9d4d8777f2cfa963ce
BUY,0.002,2210,1772566227,No,0xd5204ad6ade3d8d3f825f2ddf874c299bc163a4772a0099edb30978c86622d64
BUY,0.999,1.081,1772566221,Yes,0x04e33611cb62a7ffe2e35ece588c653a0ff904b92e767625aac6d2ae9d70cdc2
SELL,0.998,1.1,1772566219,Yes,0x831f119d61c3d208b06b330756e184c3742ec6eb88227b6d52191dd073c091fa
BUY,0.002,5280,1772566171,No,0x292e76df2d06435a83dac8a171294af86f46a0c02a2769baf26d8be291254dfc
SELL,0.001,114,1772566169,No,0xd56e76ca5c34a378d9d51f1fdee7121f68626cc47cbf5c22a8a6e711af026219
BUY,0.002,5000,1772566163,No,0xa882defcdfa547041132b38aa83259b24e3e0303b462b80ae74f6d8d2fb2fa8f
BUY,0.002,5000,1772566157,No,0x20ae7d4fff9d8bf99dab423b12991a1fc201fa2e58473c6be030fddff0377a5a
BUY,0.002,5000,1772566135,No,0xafbde9fe3c7cca76e72bf6e6212027562b286b8b6da3a717d016084e1f565dc4
BUY,0.002,49975,1772566129,No,0xd2dae7b0094d70969bef5823cca89b4ae15622d464c5dd66c87a4ac6ce654271
BUY,0.002,5000,1772566127,No,0x9ef95f8011eb6aa34b376c00a0a33d8f2a6563de78656ad2152daaf8986b6429
BUY,0.002,5,1772566121,No,0xb26599a0f6dc4f394e941a8388d58225ddee884d179d9992d66c148a43e98054
BUY,0.002,2500,1772566115,No,0x3f7ceab900a79e7161130213d3260f4d6088996edba29fb6a22350bbbffab2f5
BUY,0.002,1690,1772566111,No,0x26f4691457380d787cf7d549deaac8d61196f3730494715532de0798066c8405
BUY,0.002,5000,1772566109,No,0x7d1a05b24c070c57d899b0ae9ff724f798472fce16f6369b6d95069719de7fd9
BUY,0.002,5000,1772566095,No,0x308d23be02067913b7cdfe9fc4726202e29b4216a0cbb39b60ddc95e965abbd8
BUY,0.002,1000,1772566093,No,0x8a9edde4290df0661f263d59374cd19bceebf1b99205c0904a406a89410ca3e4
BUY,0.002,2500,1772566067,No,0xe6944a28a75a553c9607d9b92a70ab1ea8bf0185a62e15d93362427d9ceca35e
BUY,0.002,1000,1772566063,No,0xdc745a22f9a83c96e1986c565769a96371efccda3ae49390f16fa4fd2f92d989
BUY,0.002,48020,1772566047,No,0x24c41d9ecbee57778afb9a61bb2509a3c6b3c82db021c54e74159b0d95891445
BUY,0.002,1920,1772566015,No,0x2b47e7c7938bdff5893976f7a0ba8441eace7cacb9ad3589d6aa3fc179f41ba6
BUY,0.999,1.281,1772566015,Yes,0x419fea6d3b7dff3ebf406573a875f65024f3944a96226d3722d0a86155e3e6c9
BUY,0.999,1.101,1772565973,Yes,0x2688d6e774429d0dee17e15259c88f765ad9b44d2a0eae042cb3286882020fce
BUY,0.999,1.101,1772565971,Yes,0x2e8a3a387167e871018c758754fc9ceec673fb4a0c7dc10c4d293e7a3a5a15e9
SELL,0.998,2.23,1772565971,Yes,0xfac55f3dcf8f0720f46c1e6eebfa29a5cc634e5b328e7ec8d082ff0bc962235c
BUY,0.999,62.642,1772565967,Yes,0x15a8e94baf6188c130b23743b4e66a9e2d6ce92ef1ded2019b17e6f69a0bb7a2
BUY,0.002,50000,1772565967,No,0xf25bdfe82ff471572238d866d86c055038e455a5305d6014c655824cc2eb6d3c
SELL,0.998,10000,1772565963,Yes,0xc630fecb66828be315c052670ef42b54fabc3511a4205a1eb915341654ab6b98
BUY,0.002,7425,1772565847,No,0x38e14dce7d7b6e8582fb550907fecee1f04f4e000ccd1014f563ad6ee1148088
BUY,0.999,400000,1772565841,Yes,0x6ae869a91ce23445f3b0a8312aecca34b3ee2c1d9979698a5c0b85c1ef407dc4
BUY,0.002,5,1772565819,No,0x4d926049d834239239ed1061740c60abd09aabb865c7bbdf029ea5a7b3178f91
BUY,0.002,3000,1772565761,No,0xebf77563bd4f1e1bf521004c0fc111cfc07fcdad83986a18a4658c13bc666f2a
BUY,0.002,500,1772565741,No,0x7c48adac4601b0e868fcb3640c031d09818d543a733a809bd3efa06d1180116f
BUY,0.002,10000,1772565709,No,0xd0200a9baae47694b84bab3291c33267a4d9aa625fc77b898852e8579c335a8b
SELL,0.001,459.64,1772565679,No,0x1386425fd67bc416e031aa276bc9c78e3e3179b0021a25062b98ed6f7fa19f83
SELL,0.001,134.14,1772565675,No,0x21bc40d6d1ec81bd2a7423d1c5ddfb14351d35de4a5482bb6d0d1a609afa10fa
SELL,0.001,10704.59,1772565627,No,0xf51777a1136ace7ea7a738ac4092a1ba7fe11d926ddaf6efaae76c66fd703092
BUY,0.002,5,1772565515,No,0x91b104ee3f1f639f7279dfa4e4f84da65db753a8ae8eb332387df66013034c4a
BUY,0.002,6375,1772565483,No,0xef96385882ab90072328149d159eb3e209ebd8cfac36aab44fe280aa86dc7043
BUY,0.002,30500,1772565455,No,0x0d63e6fc551851f2e1952a147f9fd3e7e20aaed7e3bda5df15f4da9786e39bd1
BUY,0.002,685,1772565443,No,0x47997b8fa9bf758e1da3cb9a548dfb7b4014808b7764846dabb2639d3e406dcc
BUY,0.002,4000,1772565373,No,0x3107deedc89677b1a58e7eb6032417c33eb501701e808af1c4582ace67881993
BUY,0.002,500,1772565371,No,0x107b6bbd3842df9626bfe07c6a108783352eb7c36e01a8ae3f0ef95c38acf16c
BUY,0.002,2200,1772565337,No,0x489df113c10bb50caf7c83d629fd734bccac1b52d7d26791c340700753ca1c37
SELL,0.001,644.88,1772565335,No,0x0349abbde0a5e009e0f2d2f8c6f7ea26b4fc51ee34e67147db647da1707b0d9f
BUY,0.002,150000,1772565299,No,0x63738575852b82ac3a91d5d525eb8ff0868367303796d1540847443c1c4551f3
BUY,0.002,10000,1772565269,No,0x1c3f702be520f29a94469032a516ec612c3f2074c9a12b0f21891e13e1a38c76
BUY,0.002,10000,1772565251,No,0x461abcb30e3b5fe8ad741379e9a30a4ec6f41da2ed5f33895f0a63a8b62c76b5
SELL,0.001,1500,1772565187,No,0x11e4ab64d1afebbd205871e2df526c2d173b153a7f3bd54fbb4b8026b3b946d1
BUY,0.002,50000,1772565149,No,0xc0d070a5479c39f87508df7ae365d91ab994cfdf7ec2ef628d8ec1895f758400
BUY,0.002,5000,1772565131,No,0xde14fd9b0d877361011776dadf2a6b5cfc7518ad34f7c15a6a6c084196a0ec6d
BUY,0.002,500,1772565121,No,0x609834ce0178150a448f69c97397608129784eacb58e77be8bca1c0dc4c7bf64
BUY,0.002,2500,1772565011,No,0xd29054ccaacb8f2bf407f8653f93f25b0ea8d8a45e27c6eb8a79075405c55af3
SELL,0.001,2894.26,1772564997,No,0x5918446d5b9723d62433f845e53ae71d25d17d6841230be415f3b090ec37960c
BUY,0.002,2310,1772564979,No,0xfdfb2b285444c599bfe766c412b6b4bd6d35ed70e1008eff0246f06c7805c198
BUY,0.002,1000,1772564937,No,0x51884db7b5e56b893323e224d9457ec40ea89e03512e40905e0817218665937b
BUY,0.002,500,1772564935,No,0xe258cc5a896a4941c2a27f5eb43b539382bc19f799973b84a07d8700e840fde0
SELL,0.998,4.13,1772564895,Yes,0x7714ec31f42ffc4368531b02fba9ede5d33a58b849876f4b95a3a8e98760e8a0
BUY,0.002,1260,1772564861,No,0x96d65c67d08fc4a35ea34298eedbb7df981defaa51c339f5c64dd7a6ea8717a9
BUY,0.002,5000,1772564843,No,0x209268925a4ed642b626b0cafec2f2b09695d5de4b43d90f1de0178c019792c7
BUY,0.002,18370,1772564831,No,0xb5a761c904292310653f8bdf22822067343fbc1426c4f80b220c6f6437c787dd
SELL,0.998,1065.64,1772564785,Yes,0x4d4a4e3993000756bb019b71178076ca866a2f2982afd53bf991fb30ed3a1c88
BUY,0.002,10000,1772564741,No,0xf740438c532caa29a79701021f64bc0f9595824384226589cdcbde5c814af627
BUY,0.002,34000,1772564731,No,0x2c5e1840d89c25f6ff0a6dde605f9addeb295dd8cc6bb84b685e3297022b5c0d
SELL,0.001,500,1772564657,No,0x707a89f7ec21542262bc357db8e01c90035b375735657e46919f390e1365ddb7
BUY,0.002,1000,1772564653,No,0x7564948b4833fcce63c46b1bb15e6f3fdb2beb90d40459808aa5a93b9292ce4e
SELL,0.998,143.22,1772564651,Yes,0x108c5b12d29364350a47ec71a2db9138746eef391b6dafe5e37fdf64e44a6e11
BUY,0.002,500,1772564635,No,0x3ac525dbd06caba7a0e042a50633901ecb8be92d10ea6c1f50c2a29f59a669fd
BUY,0.002,17500,1772564629,No,0x28ec0d41d85192c2c1d61f04dd2c527348451cd521a5d0734524098ede2d341f
BUY,0.002,5000,1772564621,No,0x7ed3ece8100878e3de749dc1ecec19fc4ac177b6cd28f6f5b38af6e4bb714772
BUY,0.002,19200,1772564563,No,0xcce7561c45d9451fc21a65e7a7b6da85e7b6a09e0d1d1aace43e3e4243230c44
BUY,0.002,5000,1772564495,No,0xa3b2a7dec94e57f331bb087e3c7abf2cd68fb9ba264fa254a27ca939e779329b
BUY,0.002,1000,1772564471,No,0xd650dc6f2a3c15b38db98d0a50405ffbccb83aece62fb8cdc22f293f7e1ad033
BUY,0.002,15000,1772564459,No,0x486eb4146a6d90b735e89d9d8807a10c28b8509413d8e7a04e31bee6c1ffabe8
BUY,0.002,13965,1772564325,No,0x7e32f8223efd1c04ced65969629e660384010f3fcefe55fbe1dce1be2613ef7a
BUY,0.002,500,1772564295,No,0x72fee2b169bdd3e5f6111235f4f028b751deb24178dbff3719ae705e160ec5f5
BUY,0.002,1000,1772564257,No,0x7f0a98511e2c4ab96bb25babe7722f12cfb3e6dd375932298eab674b6e691e08
BUY,0.002,2500,1772564215,No,0x5d547478584e7f3d121dbd5112de6aa4d194587fea339024ae596f0ab3701f7e
BUY,0.002,500,1772564125,No,0xf9145cf7bd6805bfc457bc8feefd27781199a6e8974756350fa218b59a64bef2
SELL,0.998,6133.7,1772564115,Yes,0xf6fc56cf7ca91082f677076cecbd7eecc8edfb32f4c892443a70d930af355f3f
SELL,0.001,5500,1772564115,No,0xb0a4fb3669cda61746b075850ae1b668d7f95b62b522319b8dd43f0f7f379046
BUY,0.002,2500,1772564043,No,0x09599f964aa0c4b2a477e595c2f80cd7d913c108e7e3bc73a350e135a4f2a338
BUY,0.002,500,1772563939,No,0xe7afaf0d1c25ea3c3e26e606413e0021841b110b352c68b488b9808a23130979
BUY,0.002,500,1772563923,No,0xbb3914f0937d95a9ac3d0d9ab15e4d771b8f6961b02cfc76a44c82eb2156cfb8
BUY,0.002,500,1772563895,No,0x8025bf5623674305ab9eb1e493df3d4c4bca50c45ddc5c8feef4ab6bf454ed97
SELL,0.998,351.49,1772563881,Yes,0x5724c3fa362469670667b9c82ef3f10ec106b664e90b53d098bbb5f9ee245289
BUY,0.002,2500,1772563845,No,0x7813585b512393f746b173fee7d3f4cf6622992e78da927ab92e035b0c01d91b
SELL,0.998,63.58,1772563817,Yes,0x1a472996103e56c1de7a7c21b6c00df29b66fb3ac24741c3b79831f8a70d0908
BUY,0.002,500,1772563705,No,0xc7ef4991e575e586dadfb2863d7f26916f1ef640ee096ff91267dd2a369a324e
BUY,0.002,75000,1772563683,No,0xd71c3bb25d671ef8a5e9a2c92506a630977a8d71cd593915a41f2626c8c9877e
SELL,0.998,108.73,1772563625,Yes,0xc28257f02f63660d235c2659bed6f6952b0af549d353c539302111006d887049
SELL,0.998,5.1,1772563611,Yes,0x493200f2d17753d867bcdc1a365cab67955181c718d95a79f26bf4e0958ef5e6
BUY,0.002,500,1772563607,No,0x4c59da9b5230c9c840a040bfcd7c3996a78585ff9ff1e6728262b2b759e268e0
BUY,0.999,29000,1772563605,Yes,0x61254cf70b6666ebc7a77ca5c8da275ff406a8427a396fd2d38d49dc12d332b3
BUY,0.002,9000,1772563603,No,0x3d5943e21e24f53c8f836909068a03159256dc3c2fc6c7c333edf4f17f558376
BUY,0.002,5000,1772563585,No,0x1b1319b66093b18b83084a37fc13d969ffe367e127146cbdda08f5e173b2b01a
BUY,0.002,1685,1772563581,No,0x867d9c8ac4606bcc7cdad670a3c84b51ff873dad3fad594a6af43bcf218e0e23
BUY,0.002,10000,1772563517,No,0xe36f93cf3bbebd28d68327632e427aee6c53cb620b79ce93b0deeb34f725d5a9
BUY,0.002,2500,1772563457,No,0x1d19c893e59c73665fe5cc0b8383b1ff04ee2167480264886091e95e60ed891d
SELL,0.001,14970.96,1772563441,No,0x5324770f998b725612966af0796760b3749236303aaa6936a07424ec3386288a
BUY,0.002,1750,1772563355,No,0x2f29f1cfb3752d21483910672e0b7a475878ee5c727e3046320eb0ca242e948e
BUY,0.002,500,1772563299,No,0x56721598138d0ebb9adb4e3375d0fcb042b8dfac076b831f97afe476d4fdbf2c
BUY,0.002,2500,1772563291,No,0xaf4e109dbd49c44772d58f75b96850c8b65f51b0fdc64c6a6a0b6417750d3853
BUY,0.002,2500,1772563281,No,0x9cde6443e3051cf71bef0bae367ef761de300a62570cbd3497fb9f0ed5e1c58e
BUY,0.002,5000,1772563261,No,0xa37211b463d14474663bfae11e5957094b315ad0222ea23807565eb255a29ab0
BUY,0.002,2500,1772563255,No,0x3c5064dd6c83c9c76f69f8b759a9c9a75efe4bdf4c3ad24f66808461f9f10e8f
BUY,0.002,4500,1772563225,No,0xb8d0e3c6a27c9a986c91376a5b77c1d9ca18ee18f29dd43556b86bb535a90e3f
BUY,0.002,12500,1772563207,No,0x914d757ab89dbd97302f8001cc7d9c88b0f2e4a9104a0a37cd874d06bdcad595
SELL,0.001,526.31,1772563205,No,0xfe036051edff4fb8f4107f7d4955dadc2cb4aa857ce88500e3af9d6ea2a233d1
BUY,0.002,3285,1772563173,No,0xcbc2b86fb6668db90c9b4ad8f1631998293f6a36fb35abc2d4429309b9bbb819
BUY,0.002,5025,1772563159,No,0x51ad90cbe951c4b9eae368d4584ea42102a8e2d1a9217828a511ae646958cc24
SELL,0.998,124.41,1772563059,Yes,0xb4a6dde9cc732c772b469ae46405bab74a5f83d3b68bbed204a2973e884ab0ad
BUY,0.999,111111,1772563027,Yes,0x938a0249f2194eac69d9cf044a4a07f73f49792352192820fe7fa57f46736ab7
SELL,0.001,3000,1772563009,No,0xb9117df7a1b6615b8d5f8c0575bea559243e8748962cbc416cc06f4fd22ba785
BUY,0.002,2500,1772562895,No,0x92b879983f7c94a234342c47a703ebbfa27f4ea210324cac0a073390560b12de
SELL,0.001,890.21,1772562885,No,0xa38beef247e303a4c292f7ff100b735b714e66366ee9a97e32569d363aaaad36
SELL,0.998,9898.76,1772562883,Yes,0x67dd6ff4bf06911c81f0af6191e1d28285028eb373ca883a19df308528e253fb
BUY,0.002,20355,1772562859,No,0x2e3f6f59f99c84b374b13919f0e9a2fc6c51a600889b9f2e67d66b099925596c
BUY,0.002,1190,1772562735,No,0xb8a8d2c6523ba96cc2d44f8f452503514a173a3c31714910b985a2e7448d62fb
BUY,0.002,9575,1772562699,No,0xae103cd616e0d20652572510e87ed539d5c38b758f34f193e3a5fa7d5ab737d8
BUY,0.002,500,1772562679,No,0x6cc88ef124c829747700fd6a0eff76f65e56134f3f810fc7ff6696e6b80f2752
BUY,0.999,500,1772562663,Yes,0xe07df6d19ba5b5b98b0f4363d04a15573071828a5defdecb8e0c428b6520e693
BUY,0.999,57,1772562637,Yes,0x12cec6a6cf294fd9f4564c9e1a7a327d70def7c24bf987b8a8ea68dbd1a61a31
BUY,0.002,2550,1772562637,No,0xf10eb3d4f2c2adaa9b16bbd7484b7c8ed17242f9b552acaa7142e58c457e51c6
BUY,0.002,500,1772562605,No,0x2235398829e90db07e69a6079d2d1818f9e337572c7e13809a0c5e576877cc4e
SELL,0.998,332.5,1772562599,Yes,0xf3054547bc05aba9cf77dce3d1915811025ecfdf886a97033d93bfabe50259d6
BUY,0.002,500,1772562585,No,0xd3352e5d612c695d45b6801b746097ea7137aade1f3a03dcf761aebb5d79a2d4
BUY,0.002,1000,1772562563,No,0xc754d733db2e193eebe86d05756b49a8cd7646e89a1607bd279278ea340b903d
BUY,0.002,1965,1772562517,No,0x158ed56e4ba5e6d53be7ec8f88bf722f77185c2e84fbd861407ac9cf67a73e7d
SELL,0.998,4,1772562509,Yes,0x40aa9a62672094ce757d05daf52180356485723452d45abb6c85ea4ebcc2f913
BUY,0.002,500,1772562469,No,0x79c35c8771c5aa00ead3251294b675a95858ba1196019d501504567c137e754f
SELL,0.998,323.98,1772562469,Yes,0x2e26ad0c9f119cd7f5bc4e9fd67821763868f1d2f24d6a2a9ed82cbbd332e93a
SELL,0.001,3897.28,1772562465,No,0x52f732e05656643bfe2866cc03ce65c389e33206869bfd8e233963fdb354797b
BUY,0.002,50,1772562369,No,0x0cde5424073778de1fb0deaa52997ea5aef2d9ef01b372de07b3e489e3fd1958
BUY,0.002,1235,1772562369,No,0x6240e26dd874a319d3c5a0fa6e7bf58f04c80c03196ffb0428e51fe0703c2391
BUY,0.002,500,1772562345,No,0x7639f6dc4b1ec3d23b847c11410b784bcbb325efa41eca1a94d878b56342eff4
BUY,0.002,5000,1772562335,No,0x71768c596c91319ef0f63ca8e8fc8a9fe171ddf4aa5f1087642d8579c2e9a108
BUY,0.002,12500,1772562267,No,0x56237e2151a106fc1dc02dc81a13cfbca96087ea37f4651c322bff8b920ed2b2
BUY,0.002,1015,1772562255,No,0xd77eb3d1c88670883196548ff1132b8cc4b9cad46f0135efede00eff7247849d
BUY,0.999,73,1772562227,Yes,0x890e99b017bd3a82ea17cba45c983d4f8ef63d07079a133f52184fe8affa5f02
BUY,0.002,6500,1772562219,No,0x4308371f024d7486974097fd409900dab4f4725942b1c455220b12cd2ecf828a
BUY,0.002,10320,1772562193,No,0xeb651c6085291a9a3360c7d1d5a80a9c216be74a51b2bccb615bd471dc7965e0
BUY,0.002,1105,1772562177,No,0x60fd72a56db628d9cead95f6cb4b9e0bfcaa67a38301d4518437d68f926554eb
BUY,0.002,2875,1772562081,No,0xec0e4dfac11fbd1053b1dd2020781abc091d67126b4aeb11ccbfc14ca0385738
BUY,0.002,6265,1772562077,No,0xd383422cd87348e74e07f7a62e9a5715ec65dfefd326967c532286f49816e01a
BUY,0.002,500,1772562073,No,0x263ab39d909e2c4bedc78922ebb5439cc5a07e6e90b52096bf7d4891a6dbacb0
BUY,0.999,209086.99,1772562063,Yes,0x1d1b67d1cfea518d1ae1bce7c6840e1ea6a48a6cbda8c0d7c6799c5ff038f3ba
BUY,0.002,2500,1772562049,No,0xc242adf20d6cc558554de52aba003c2e806a9b5724328cc1f81effc7acc26611
BUY,0.002,9000,1772562043,No,0x6799b13edfd7fbd032330825d0f8249926d2af284b217aded1ae4ab25d4d0c35
BUY,0.002,10000,1772562009,No,0x8d71fccb0fe46004c9e945350930175f8da84a503308f91589b4d477cba19fde
SELL,0.998,74.71,1772561967,Yes,0x7735d8b9ca97ec0a2e2759ab24b8d726124c5f444f8149dd523474874358ba69
BUY,0.002,3000,1772561955,No,0x8dd0a6b08abf6fd1332e399fea256734e1df0c472faaeea2c4e7895c3a425090
BUY,0.002,20000,1772561939,No,0xf1a9ae5c41d579e49583684fc9223414e280312a72276e6762b63e286d7e33f9
BUY,0.002,1500,1772561915,No,0xb2f18963661c227951ea74d85a9f5dc352d2c470095a602e0c585e7eabf03d5f
SELL,0.998,83.33,1772561911,Yes,0x17450870a9fb1e29d3f551c705f3fbefe67abe3ebe32ba9912b7a30896f2ab04
SELL,0.998,500,1772561907,Yes,0x53c6d64cc9d3374dc5d0372954175087513071ad13ea7b5435f1317821927cc0
BUY,0.002,10000,1772561889,No,0xdd77ec226d7cf7eab1e70e1ad46d3f96150ef1343acf36e5d72a94572d92c71f
BUY,0.002,3000,1772561801,No,0xc8b8575f1c73581c9f7d787bf95474afc6e552791974f2476569e988e42ef1f9
BUY,0.002,500,1772561795,No,0x6f409bc0926d67cd8af1c00311ec0edcbc72cf5893b36c1151ec1bed755a14ea
BUY,0.002,11720,1772561787,No,0xb163b4295d27a473007d99e4ac41a4486bd4d78bc8c50d3815e28b322ebd7c12
BUY,0.002,5000,1772561785,No,0x976fb373fcabf12bc835a90c020b862c010bb8b17785ac65b4698062f8fd8a81
BUY,0.002,1000,1772561773,No,0xfdae4623e9f554d8386ad895cd5a86f985b7be287f64e349014bab72d1ff21db
BUY,0.999,74.714,1772561743,Yes,0x5a978030271898d32d27ca023544bd7591652cd5514cf6bf5c76f888f2c883be
SELL,0.998,156.25,1772561735,Yes,0xd9a5d494e36cd54f6cc3e69f080e58a6bb3ae409bb7920c2c8c85f7bf00deba2
BUY,0.002,500,1772561649,No,0xa9f4b8e50dd4ad3396fac8d089edce949cf98f07118917844bb8b2d6b12353ba
BUY,0.002,6400,1772561641,No,0x105247e613ee0b9fb0a48e9d851676dc77699bc94febf1d325592e0c6744e047
BUY,0.999,1000,1772561637,Yes,0x84522952ab11c9a5b7d22db938d0020bfadb67aa2e99c41735e55df04482f3c3
BUY,0.002,2000,1772561609,No,0x5ff199ed0ba622f0916760150e15a91e33b51160a8dd42a40d1b51c88756b8c5
BUY,0.002,4000,1772561597,No,0xc7ccc7541fc80417aadd0c31fd92c39fc51dccda2571edc075feceeda5e83350
BUY,0.002,500,1772561587,No,0x130102d055950269dff3dd93ac20c54fc348971833f64dc5f080712df8b90f81
BUY,0.002,7195,1772561569,No,0xedfc2543dd256390a81311d9e53836f51b551c75bdcc8a6bf12db464a040073c
SELL,0.001,15294.94,1772561553,No,0x7cead04bbd18bd8aebf021e70eae100f3565abb18dd9799e47271d1db63422f4
BUY,0.002,3500,1772561525,No,0x6b55f7812f1bfb9bd9b7995d583ea5114e35a628dd6f8f0f04e681d66d4f80b5
SELL,0.998,33.18,1772561497,Yes,0xbd33fa50073319fab56c209ed19fd49c7d45675290f1ff7906ea2eb5a4ce6c76
BUY,0.002,2500,1772561395,No,0x7ea6f4ca473fef539b1edee6568cf84ec2b8752c5adf303e1a5a1e7249c7aa73
BUY,0.002,500,1772561373,No,0xf807e134d8ae0228d615354691c185ef7d66bcaafcb25d6eafac9db060b8ba29
BUY,0.002,500,1772561353,No,0x4eab1c1167c01c4d2ffaaccc801c922ec8c360827dd083fcabf143e2954c97c7
SELL,0.001,15000.01,1772561317,No,0x468130834b71fb8506893ca8ba3071eae034f290741cb9fffe9f8ee3be03ac46
BUY,0.002,500,1772561201,No,0xc8168cb71b7054b6698f17bbb0e5e8e86502bb71b046170fba3b085ee8ba6cf4
BUY,0.0012377377959614916,81018.775,1772561175,No,0xc266a28b2e953dacba1abd37d727f741b896f261264114d46b5a2843f4a2fd44
BUY,0.001,24460,1772561173,No,0x08b4abfe1102f0617299008e951fb46f40e11a88f8131ab4e4d07f8b9bdb2f73
SELL,0.999,99.12,1772561127,Yes,0xb3745b3eaf301b1f1d227619c57b2fbddf13a97afabfd9768387cd5054950b1d
SELL,0.001,402381.25,1772561113,No,0x503e3005192bd8f9a67c24f2c2af2b1518181f6973d4811e825c6f8142d9aaff
BUY,0.001,44000,1772561113,No,0x5ad8aafc4a921736fdabf87f022fb977181b14cf7e4753b9a2da03ce2d6889d4
BUY,0.002,1900,1772561077,No,0x3b2a7c731c8dd5aa94bbe8e76a3f13918ed2de442559c4f0b79700a52f4b7e48
SELL,0.001,1750,1772561001,No,0x8624a267aa782e6ba992398946930518712a320262e885f46ccee4ac6210edce
BUY,0.999,74,1772560989,Yes,0xe4b31f5b8bd5907ca92db31ab70ed7cc8f5f84bfffbc87f617266419929e404c
BUY,0.999,5000,1772560983,Yes,0x2320434bbf94330cb62b251e5d2900342fc1681e2366e7d6f6c20946940e6978
BUY,0.002,10000,1772560977,No,0xfc58a275b13c71c23c6759b579457f03b05f1b1facd10440ee065c0c636191f4
BUY,0.002,100,1772560973,No,0xf48ed4cf81a87ce7e51779446b0b951ac2b0028274319fce4c51958efe380380
BUY,0.002,10000,1772560961,No,0xa0afe4446c83e323c4aa1bc02397150c257f8e516b9b3d348798c9b32fe810d4
BUY,0.002,24400,1772560909,No,0xe4db5fafeb2e3d1c7bcfb3e074fa00ffce36cc11a5f575c36130ad2e169996bf
BUY,0.002,500,1772560881,No,0x4d57015ae2330fc7d8db8213de8b2f21f5b44b790eada744a19c1bbfaee15078
BUY,0.999,139769.46,1772560835,Yes,0x44f8d7891201e350e7ee118f60639a152fd888758bb91f1ffc23b1b0ad80db53
SELL,0.998,320,1772560803,Yes,0xae1dd02b611787819c1ad79a61a90202b8f1646092862f8a46f2c5b3ac3394e8
BUY,0.002,5000,1772560791,No,0x498ab8f791623562c3a1b0b12226d5ca8e9fa1b371628b874d0cdd79666da81b
BUY,0.002,500,1772560771,No,0xab445e966c049fe94cee47c0c8499c16d58db3b6b163a64d4f87322034eff4af
SELL,0.998,340,1772560757,Yes,0xd2c6bc66d3dfd32269289450cb28efa0bf85bbc050676a6a4e7ae60824c0d24a
BUY,0.002,1000,1772560747,No,0xcccd1f021a70c5793b027c2ce3ae6149e0d243e93f85438f87a6c139d0a2dd5f
BUY,0.002,34910,1772560729,No,0x93c3e65873f4e0c9dc1608cde7e39228db5ab94676b90e17ffdab82872ef5bcf
BUY,0.002,30000,1772560663,No,0x48d298b36ac708c19de11951366ea0e62dadf1b0d3f6027e297e81ededf8526c
BUY,0.002,50000,1772560659,No,0x98daf918d4f1b7001e752fa24b76145ed590741f775206592dd7f72f442f5d49
BUY,0.002,2500,1772560651,No,0x4f4c04d5dfdb2ee47a9ec370a709eacd3c04721b46af554b5f5244d2a024d0d8
BUY,0.002,3625,1772560645,No,0xbb50aa10550ded1a71df57dff586382fc0eaaf390476b3b5971c61c64e20f198
BUY,0.002,5000,1772560595,No,0xb9cadf291146fd063e8ff35a213790800b91dca6793f13f28d14c4420436b131
BUY,0.002,4755,1772560595,No,0x46dd6b6b7358c7da06d0bd373e36530f53f8c57e42ee0101fc7a32fd67f20e52
BUY,0.002,2800,1772560581,No,0x9080a9be19d4de02379ca9d84788d42bf919077e25ec4358458311bfaaafcec6
BUY,0.002,6000,1772560577,No,0x1c7837a9295663c0186d750f46d66d164e466eb9f9f10fb3c09dab1d7a8c22a2
BUY,0.002,1008.14,1772560553,No,0x983b949d8556e1c0cc1f4c767284b81485e3c3831b8724ca9efacbef6362214a
BUY,0.002,5000,1772560525,No,0x0284080b02e15a24ba27ed3f9e338d5f3cd94c8d82bb104d261ae2bb13240c4f
BUY,0.999,100000,1772560483,Yes,0xc2787b71a158cffa3d35158974bd0bc31be71562d988ff14995cad48dd22c6a0
BUY,0.999,400.5,1772560471,Yes,0xa2cd745313c9a7539dabfc5b025f4aaa31bf15f47c7f549645aac08fb505dcd1
BUY,0.002,10000,1772560439,No,0xe1ad8cb33fb25c27262d2603cda5af36f79e7e5dd9b04f856b5625751431b059
BUY,0.002,11000,1772560429,No,0x79ce3f249747477507de59883a12b7cbd0859743e53699057ee0dcacf867f537
BUY,0.002,2500,1772560427,No,0x7da1e6a950b0952cbc08c27ab77baeb5c33e6ca76f86bd2fb31eeaa7e23d6da7
BUY,0.002,2500,1772560425,No,0x6ca61559adf04f2b49e553bc609b634c4ec5565fda6706108b82728cb4775c46
SELL,0.998,20.02,1772560383,Yes,0x9bcf268f69d3ec4478f4d2422a1f587330a6d63c012dce8a4fe7b1cabb0d5fed
BUY,0.999,10000,1772560365,Yes,0x67f902f074eef59e788bdb3ac9d9e38b6973f44a24cff17ee71434a33153fb52
BUY,0.002,1000,1772560361,No,0xbc1838a30aad211beecb54ff88ebc330bb288f3fa9a169c6f803c65948bfdc20
BUY,0.002,6000,1772560347,No,0x214febf3f2a0ae5cb0bce1412ee3f983fd5ac548a42a786fae2b6f6fdfb044ec
BUY,0.002,24000,1772560335,No,0x8948ca705dce03303b43a58492bdb4d3178bf0893b03d709a34904ff7dd290de
BUY,0.999,1548.248,1772560271,Yes,0xbba64b87aae8abb8b98a845dc5eb277626a9a8e53a88a06c03ee57d0bedce41d
SELL,0.001,50500,1772560199,No,0x99a9f3ebd508b3a122511752ff9c6b4299662fe4bdb4571b874a96ada1620e0c
BUY,0.002,150000,1772560185,No,0x6f33841b9ebf45216f4f156b82b3c77ca08de015f2e30e5daa46a417ec6daca9
BUY,0.002,1890,1772560169,No,0x6554b46886daa10affa4bf6e1b21189a5e68d01b6faa796d34b72c489a00901c
BUY,0.002,5000,1772560107,No,0xfb0f78f5a02bf87dd18e5280d1e19f36975844ef038f519505bb95b51eae8b6e
BUY,0.002,1000,1772560043,No,0xfff3b3602246b106c701f6e658260b571903bb8e367b94948d04d62a25e6bceb
BUY,0.002,2125,1772559981,No,0x63b80bb68ba4bb2dca5d60176772f048f3e1b407462e0f9d3f89e8f9ff459561
BUY,0.002,20940,1772559959,No,0x331e3e225f00bb4c463697fe47ac8fb82bba18c273a26f11c2996f75cf66704d
SELL,0.998,11.11,1772559923,Yes,0x9f57b699309289811cf421c419e841c38a9adb53b1b0738fd48ce447f0b72d75
SELL,0.998,1.1,1772559863,Yes,0x7d1b895de6f4a5a79e3374ef8c8cc1ccb1c7ed33143b813d0e26074effa4b596
BUY,0.002,15950,1772559835,No,0xd6393cb624cdd3cbc20545484e477a28ad342e5e5ccc5163ab684eb72418e45a
BUY,0.002,500,1772559825,No,0xc0f28d39dc9e80b6891a68b95296f4d51039a05d99be4e7c43971dd4ffb1a4ea
BUY,0.002,20000,1772559817,No,0x43b8800f8574c2f05023478308d2f6b56904375c3f528c375b1f46c0551994db
BUY,0.002,820,1772559763,No,0x6bdaf33a21b4474fb6adfd09827bb78f707381718ca00c14c536189058e82cb2
BUY,0.002,2500,1772559741,No,0x63733800b7c58cdc6ef73034d70eee0525d757e83ad08ca02aff5201181c3ece
BUY,0.002,2500,1772559739,No,0x125b5fc386bfb59aedc930b23276859bf410f73043d7a8b3de4a2b1f66329c21
BUY,0.002,5000,1772559679,No,0xe81733e0c2c505c9a4c26152695161e4a1342aec0883f8fb29154515bf7a3271
SELL,0.001,45,1772559677,No,0x556e453e6d2050e604f6e2dc7564d85e59f3fd6cfe7725fa9353930b633a2652
BUY,0.002,5005,1772559651,No,0xc25d091c536a483d5a0054ffea74e21a4409e9b8405996c2bbbb0e12f78967da
BUY,0.002,5000,1772559649,No,0x44e6d9bcc2584dd4b94923db6e1b159786bd26bb6f41aab49487fbff4ec23305
SELL,0.001,1.02,1772559637,No,0x847b2bd5d6d852f63f530fa3b583c573b7df5a0dc629dfe0db75bfdc54510a24
BUY,0.002,1500,1772559635,No,0xda07c6f1548fe9ee0f90b39d4b4ea9db5031884295994b0f1af1efe1233b2b67
BUY,0.002,25000,1772559599,No,0xecac8227ac745616d920ad605158a0c2446a5724dbc5bec745c63af2f12618f9
BUY,0.002,28690,1772559565,No,0xdd5804d92ceecf29ea5c3b580b0e78fd22bee24f6590a7b9784fbf8690bd0b8c
BUY,0.002,1500,1772559493,No,0xfb0e09c30e304c88d5400ba4c2fd781dce8d7611055dbe5e270a72b7c69a888a
BUY,0.002,2475,1772559451,No,0xdaf93460fced620a9ed77cae164fe0c6ebfb944700f0e288097016b5f03b6305
BUY,0.002,10000,1772559449,No,0xad6f63450495efd4bcbb3b0646f2c352a248a1f47aff0246fd38d87783b25f8d
BUY,0.002,5000,1772559419,No,0x91357540a19a697a74be65c9e6a3e0df86cfac2d7d199fbbd870041115279bb6
BUY,0.002,5000,1772559269,No,0x34e839eaeca83bacd8c75f0e204c75d7d59140edb2172b9d99f9929be417c5ea
BUY,0.002,12500,1772559225,No,0xa04ca41533743282c486c5f53300a17ac453016b85137e8cc7ba1bbe313c1f96
BUY,0.002,8000,1772559199,No,0x4fe31fb6b8b7e22a1d08908a97553ecc3cecf529473a25105149708c51a0899e
BUY,0.002,2500,1772559149,No,0xd3a39eeae4853ba4f8ae407ecfd230478f293e1a08b60be9ddcc71967fc5ac06
BUY,0.002,2500,1772559097,No,0x3b9d6a8cdcc26ae4f833c9f7f77031a21eb09bc9b970d9b101905dc1f3c7db2a
SELL,0.998,229.65,1772559089,Yes,0x381777d1bebd21ee9d02adbb587fa7dc94cb8a9e1cd5f395ac48cdf0dde3ea50
SELL,0.001,5000,1772559059,No,0x4676355ab4e5b10e0e8d4d80cb3037a8614731e5ed9741afe635d377a2884d86
BUY,0.999,10000,1772559053,Yes,0xd6587d88b1a2d6cf0d30ad3d5a8bd07a87fe888cd17b789bc69665edb1c0336f
BUY,0.999,1.101,1772559053,Yes,0x26830b9c254753aa9babf1abb5630ee9784f00e9eaa5fdae697200e093e6640d
BUY,0.999,2.032,1772559053,Yes,0x4a430ca5a081795b42721440e6fa0e93f5782dc269e463d92a977b162e875061
BUY,0.999,2.002,1772559053,Yes,0x8c8283cc84e620bcf7d5b5d71a9ef6254dece5b20c5a41c20ed1b212aaf7f735
BUY,0.002,5000,1772559047,No,0x94ac23898445516a2e8c2d014174dbac2f489835c101a4d085e9fb6ceaf3040c
BUY,0.002,3500,1772559041,No,0x5ee654133cfe3fd812840e777fef7224e28cd1d192d6ede4b4549d9e57cc608e
SELL,0.998,147.39,1772559007,Yes,0x8d8ff362140b504531542b50f8da985ea35dc0dc690201acddf7e23a4c87dc54
BUY,0.002,5000,1772559007,No,0xafa9e635828973504bb2b52b36e7131d97e108d214f5c60f259cb5779694931f
BUY,0.002,2800,1772558979,No,0xedac6c0bc108885370b32cc7c347a29ff85067e716646079dcd1e5c264c9422c
BUY,0.002,49950,1772558969,No,0x3cd009a4933896e835247b971f2b6550a6860c80b909f7eab7be1c943d9ec90d
SELL,0.001,100,1772558957,No,0x9a30d7679377a7b16a3c3cc6f57f7952e6c11bf7588562975fbfbeee5f31dbc8
BUY,0.002,3000,1772558939,No,0x7108c57d0ca10f8677ad0dddd92ac5196edf8930cffb17396e081369799a13b4
BUY,0.002,5000,1772558909,No,0x1731d830a2e7a94e4c344a182f9636e90f2c4fa10ba328b2382b3e1480bfc399
SELL,0.998,5.54,1772558893,Yes,0xeccc47874a29743f732968b76350be724f2f51744b33f363db25c06023dabc28
SELL,0.998,11.01,1772558891,Yes,0xf65356b9d50b9c16ef4ed63f09e7f3bcaf6288f24fbe1e05a54ed56ce773d073
SELL,0.998,209988.54,1772558887,Yes,0x4aacbc12ace86e4d6e7ed08079207d0be39080de9bb6fedbe8d755ad7ffe7d14
SELL,0.001,219988.54,1772558883,No,0x9d7283a0eb72facab2480971ecd410f448fad91f74717df5359e18f617879073
BUY,0.002,1400,1772558851,No,0x57d0ca85180ed9cd3a73c562725657287bc0aa4db2047469915a08b1165e46c6
BUY,0.002,209988.54,1772558847,No,0x3481fe11a799e2f2cb7a86d46db9a9a94ef4cff17d58be5a594486146530ceef
BUY,0.999,1.001,1772558825,Yes,0xf3cffc1da36545b6801450c4124dd1de9c6e9c6b28a3d195a4d99e0ee80dd1f8
SELL,0.998,550,1772558819,Yes,0x9c5c54da568f58d5c78059e2574fcc61b2afde47f895f5d1006c01ad7060aeac
BUY,0.999,5.005,1772558809,Yes,0x6b117ae48a372b4957db3987d38cc04c5a20f9eaa80a0f403b3cbe0da7b23837
BUY,0.002,500,1772558799,No,0x3c8a8f2078e6e2666b318c227b9af711658748b0064e95d365834f02901a27af
BUY,0.002,1500,1772558789,No,0x9517314e2a4b831ee9c3ad28ded63f8272ac3c8c9cd8057cabf8b5585f02c9a1
BUY,0.002,25000,1772558769,No,0xcc7d759e722f59d79ae5fd6526d199ea019de2947316eabb531d5ad0fbce9121
BUY,0.002,5000,1772558631,No,0x4e715b074e986824105649419c3579e9074bab00868942765e017a2dd0ad599e
BUY,0.002,1500,1772558623,No,0x1f96c31c6855b75258c1adc80808a8cadb571d284e9102abe85bec6983d56d4e
BUY,0.002,2500,1772558595,No,0xa007c635e0e82a2c2d1c249471ceb9a13bf80d6cd636c22a3e7074ce19b146f2
BUY,0.002,2000,1772558569,No,0x476d57e1ce29a072e7194b9da0d7640f330cf2ba35f22b8ec00cdd544ce3180e
BUY,0.002,2430,1772558543,No,0xc6a36c6cd153f1f05457fb4042c74e109b526f475577b702092cd8d26a9469f3
BUY,0.002,600,1772558517,No,0x8a19bd1b3598e9866398e1d8e4db6db9a268777a8e90d5f7e1c9440ad25b08c9
BUY,0.002,500,1772558467,No,0x23c970b251a5487dbe4ddc21d73ecf33a60a84977a1381c409283e838c616b04
SELL,0.998,714.28,1772558405,Yes,0x9ab6ea9230420450c9713a7dfc553f10ed5922ae57a1ac5c01ec7b2fc2bc1ce8
BUY,0.002,5000,1772558365,No,0xfa0c24d2b478bc63bc9bf0940f93303e4f4334e1b87e99a94dbb75a43e6b72cc
BUY,0.002,2000,1772558347,No,0x5314cd3841b52e0297a73f18a8255cc25d08cf7775df0ba69cbe727ef59a9ee2
BUY,0.002,40000,1772558311,No,0x7da335486c0a5c82e4a1eee636307b35a9f64f31d54fc8d9ea7ad87f648eaf11
BUY,0.0010134094336257356,4933.84,1772558223,No,0xf410858c7edf5543548b9b0061079cec26bb366be3a36193d6220e6448063870
BUY,0.001,1000,1772558195,No,0xbb733d04b5e0f96e4e8c5042e40a305948df9323addb5c2d463d8fce13600ff4
BUY,0.001,1000,1772558159,No,0xd4d143beae1b6d10ac72c3b80d07fd9f8a53d5295ec9cf18648a7b149f1584d2
BUY,0.001,5000,1772558157,No,0x77d4458ff77efddb970f1c0f59c9be88458019f01f346bf088a5a04961950d66
SELL,0.999,17.5,1772558123,Yes,0xbca0692df9e4b43932436ea3da524a87226ea5023e9052b3d33eaafb61f275ed
BUY,0.001,5000,1772558111,No,0x3bd800b1db7fe8b2e875a734a5747ed09fdc49633764caed8bb07002fd3c4f33
BUY,0.001,2680,1772558109,No,0x372eb43317cd1f9223969b6b510123b3a7ef019c596af570701f68a6711f50a7
BUY,0.001,1960,1772558067,No,0xcb618c6d06c87d2b8c795ff3895c98a5c14cf30826345c7cdd0ac62289567343
BUY,0.001,16000,1772558055,No,0x87fcebb696dd604322a8ba69c78d904fe9a18117438a0a9d2fa8024f9efa3c67
BUY,0.999,3474.82,1772558045,Yes,0x6024a67343146e6814242e2c48b1aec73244da5e371d20077f97629c5eb593ce
BUY,0.999,10.89,1772558035,Yes,0xcaee62ad1a80995a81f84188d3d338b95fcbb9bbcc01823db56579b321b94984
BUY,0.999,2.002,1772558031,Yes,0x0264d7abdba3007be9c0079faa94103da415c27667e3e840e8eb8e4e4cd1abd9
BUY,0.001,1547.28,1772558031,No,0x58e3bf70c317e404154c1eb0659200fe805e8cc847f1035b626a3852da6c9c56
BUY,0.001,20000,1772558021,No,0xa48791ba426dd2b401990cc47beab30ab89f1d0e6b78024b0d28348579037a59
BUY,0.001,15000,1772557983,No,0x35320a0994313534e094d9a2e6e29f963e699c548cb1c8a632c340fd525e9b21
BUY,0.001,50000,1772557883,No,0x2be9de4b387317cb6f4276ce6f2965c817ed1191a8413d1250a758fca23a4a27
SELL,0.999,142.85,1772557869,Yes,0x3815d4fb5724b0e5dcc3ecc299509c2a95d17bcec81dfcd1db55eebc8d62fa0c
BUY,0.001,5000,1772557869,No,0x03ef6654eda8ad967aac32b64f1f2a0754bdc7f5235adc749c19a4fc6dea691e
BUY,0.001,6000,1772557843,No,0x622ab58ab1817be9e8600e7f103448efe49d84e7a7d4ebecc1f90d0cd5875e1b
SELL,0.999,26.31,1772557773,Yes,0xa88cd5b1c6cf8c5eb796a419030ba795aaa9c767d8aa32dfcc34bca24f958c34
BUY,0.001,132080,1772557745,No,0x7d0005b91f9431f674a317ab1d141e4e5f8fd997e9a393999df29fc1d0dce0f6
BUY,0.001,1500,1772557745,No,0x945860b0c2c0401f6cc4932d121019d550d575432830cfa0c81ee97711174a78
BUY,0.001,10000,1772557553,No,0xec92f0ef70afea976c92fe544b1065730eca700df25d42266caaa76baac8d12c
BUY,0.001,4000,1772557469,No,0xa72836639396e85b864cc7780ea0a6a4250e867c243b0177fd64bb3a2c60348f
BUY,0.001,2000,1772557469,No,0x6b11f6fabe99bc8663ef7040a4b910d6b799c80b195819c206df7180cf2056a4
BUY,0.001,5000,1772557411,No,0x0ebb6f0a5e8d51aaa9b6374d7360b1944cf449ac7f2b26446d78c20eebe7d147
BUY,0.001,4000,1772557313,No,0x110d4fb613c1d272df7ef2efdcb77a97dcf60c40234da19d2415fc70c53282d0
BUY,0.001,1000,1772557253,No,0x502f59eecdcf9e8ad2256c0e6766b678dc4ea0c28f56c336bb89086db549017e
BUY,0.001,1000,1772557237,No,0x4cfb49b5865c57f57cbcbd1aa36ac0c7bf0ae719da2da2a16fd69f8f3a5e842f
BUY,0.001,13490,1772557187,No,0xc9fac35c2b383ae7b5fc34329f108e4c0912c7f61ef48f0e1a8ea4c1aa9ed57d
BUY,0.001,2600,1772557161,No,0x9c8a3698e38817d4d910e01680ff3b8cc71f8a5edf786bfbf74922a070be83e7
SELL,0.999,100,1772556961,Yes,0xd86cc17f963b2a959fa60dd91327999ca088a532e670033f6884941b76f17506
BUY,0.001,5260,1772556955,No,0x69302afce203342f67d6b3b1b01c9a6d41bbbfece4957b4dd6db5796b7d5aba3
BUY,0.001,2000,1772556929,No,0x2a5f235d55894a9207a979294b6da386ad90261370af9f2ddffdc5a16c6ff9c0
BUY,0.001,18000,1772556889,No,0xa073ac0a2f97c7e6fb0b8895add6ceeabeacf48f1188ccfec0b75df5fff170e9
BUY,0.001,2000,1772556871,No,0x4825a51b0a2d7528b280e636c9a39b7d25e5a111d8a81a0e4a3a060255c2aaa0
BUY,0.001,1000,1772556789,No,0xdb5f574b93674c8d2601344b0b818c45f63c8790e9ffe66b9a04fb12af827b94
BUY,0.001,1000,1772556769,No,0xd2772c9354a774e08f13e12e1bb43b95d87a18b5bfdc21be67e19f094f03cbee
BUY,0.001,2000,1772556761,No,0x052a2a05aeb592453bf53595ec0baef85460e29294408079424c2e80f8d5cdb0
SELL,0.999,40,1772556753,Yes,0x3416110ffcb31b79f5b2930dd6bc886462c1e4a98f616a117043533752e39071
BUY,0.001,1420,1772556737,No,0x84dc427993a573392fef2139f62a28230c94017e76325d54c9925bc7693b2271
BUY,0.001,5000,1772556721,No,0x45bd77f939b7391057cfcab1bc667513603a3d42726c9060ad0d389a8398d961
BUY,0.001,5000,1772556713,No,0xf1bb726cbb6bf1c97fd6d8a70f19d7369472dfbde8e780c19591766e17c32a0d
SELL,0.999,39346.68,1772556711,Yes,0x0172cfc52936a7d641f034e8e2c6407451e1a8fff588fda953a5c07ed8164884
BUY,0.001,5000,1772556701,No,0x3d8e103f9b1fe2fa2429cc19382a1eba70c65cdf3ce3b8b8b6c3602188ecfadd
BUY,0.001,5000,1772556693,No,0x2db1603fd71a0f1028fddf0a84adb997acce8b84b494ddd7091587a5d1402702
BUY,0.001,5000,1772556681,No,0x73a21e5f68cc0c09ee1e2a3071865ee6f29f09ed12f72a73505179b778567b9d
BUY,0.001,5000,1772556671,No,0xedfa601dca31f489004c1f7d008a740a31ecc6bad3c25603fd8c577e80154d18
BUY,0.001,2000,1772556663,No,0xb78a655c17a53a8a4260457a652d4816948f97a47c77b8322c60418e7ec02e98
BUY,0.001,5000,1772556661,No,0xe527aa9ff06b29ed4ee339bc3462764691fc1d2235bb736de683afbcb4c23c3c
BUY,0.001,5000,1772556651,No,0x36d0a5ede5a491e15f5b8582524ed836dae580d2907d31c9f1a9d5be8dc345e1
BUY,0.001,1000,1772556555,No,0x5cfe4509fcd3619aae900c2122e5a2a7cd710b8a6f7907b6071aa46c37238ea5
BUY,0.001,5000,1772556489,No,0x9cac101cd9493cd80c653d0aa649eb42e89278ffc16e98089a6d20c2b5c6b747
SELL,0.999,26.31,1772556325,Yes,0xffd6d8a5972bd96fa7eee13a972ee6ff121f554ee401afae000719000de3a80c
SELL,0.999,40000,1772556311,Yes,0xa3488649683dba398ba7f3368ed64d4b4f1ab5b9a45a7ff48eaa6b6391a0fa73
BUY,0.001,6630,1772556303,No,0x5e62dfd5bbf6b8ff3070a7619667a8cf9b1f2c833779b52081f9b60e76799a17
SELL,0.999,1514.85,1772556203,Yes,0x3597a45749f54da0808944a3dbe78e261cbe76516a1e28b596bfffd44f9e5e96
SELL,0.999,40000,1772556183,Yes,0xa233f04459bddf4925e82b840166c542ea9f23bf574894acdd9543f7dfc5251f
SELL,0.999,35.91,1772556131,Yes,0xdf3ca838a58f8f29e40655a7823b41bf980705576a3edcdf8555be83a9322c2c
SELL,0.999,80,1772556115,Yes,0x5f3e6f55ba3cce3488321e2bd2c0f7016ada9cd6aab70899187c88f571c6969e
SELL,0.999,51.6,1772556115,Yes,0x14e02a813fdbf59ed2953dd24393df53f5ed35184600f01553048089d6cc1507
BUY,0.001,2000,1772556111,No,0xda879928f740ba2d61a95f7b42adb8ff42374525ffeb13021ea2696763c48a40
SELL,0.999,150,1772555941,Yes,0x0b4f84ba1b31ca1461a219d70ceb2fc2b5ef396863a7715ebd36fcc57714060c
BUY,0.001,1000,1772555863,No,0xf9327fb445073f6d52a87436162a25f88d6b5c2c2f079ebdea8ed536561278a6
BUY,0.001,30000,1772555849,No,0x670197703792ccf3aca5a5f4c4abf7ae1cf198bce2434e1e6c80e0ca63632b8c
BUY,0.001,1000,1772555831,No,0x4d9e26d9d79c068a60d00f4ac9790659997f05def849e2b21ad5fcb87e6665c2
SELL,0.999,5000,1772555671,Yes,0xa691c9fbb4531a7c0ce09d0c4649b2e105b23499886d04473a6740b78a619c07
BUY,0.001,2000,1772555547,No,0xda8910dd9c96683f96ce357b93a0c0af3648b97764060f7d7c80814928662c76
BUY,0.001,4000,1772555491,No,0x170c33c2f8bb9795a668748a86c6ba411359eeebc761555e4557e83db3ff4cd4
BUY,0.001,1000,1772555453,No,0xfb746accd464f632c2944c172ab92f21c5424e3ddb375b765c330c7cffe5846f
BUY,0.001,7990,1772555451,No,0xbe2b9dfd02c11b22ac14ba2ea010c016d177b9e1fffd1fdb07e0dc17d4d91349
BUY,0.001,4000,1772555355,No,0x1f9f7c4a599c826ad67212b2022170c06a3afbae885b4c3af42befc206d194cf
SELL,0.999,1000,1772555299,Yes,0x75429339ecd6ec2f7fec8af69225397e594ab3b4bf6ff835f6c9b235b3ece880
SELL,0.999,5712.54,1772555285,Yes,0xe33e237ae2dfee524a8f49a346f51c7c8ff4c05edf693d1432d1f073b134cd1d
BUY,0.001,1000,1772555269,No,0xe4f9a8db561570ce5cfa5ea0625809b711ec7508e8c96d8a1952c000a00fa4a3
BUY,0.001,20000,1772555255,No,0x93764023f4a750c35c64db50fb3423904ba721bad17c7eff78216612ffd0fa73
SELL,0.999,26.52,1772555165,Yes,0xe4c460d2300d43e22354d37c0032eeabd6a44bb71a1694a30610cf9bdfeee89b
BUY,0.001,3000,1772555129,No,0x2a62eb1ed00beb463fc86e271f9397a014abaa7bf5cbd5f5cd17a1c241ef3277
BUY,0.001,4000,1772555073,No,0x62c86db72fb5bb78faed550a7ad2ad6cacc91cea85f9a9c230c10f0cb7a9d62d
BUY,0.001,1000,1772555067,No,0x6cd18b2e20d0dbd2f9944bcef72018d137c1e99188fbbae0ccd62985970e45d5
BUY,0.001,1000,1772555049,No,0x3838ca478f4eeb8d85ed70c5cfb55142eca4972b57bd0b241d9137f8454687a6
BUY,0.001,1000,1772554977,No,0xf3f2546d5920c3bd3558a2d6578204f7acb422ab6ab421abd8b7925c603ba762
SELL,0.999,10000,1772554735,Yes,0x75ccd918ee7154299eb3abf16a20d7d007a3d36fb4fc3581662a137297db114e
SELL,0.999,15,1772554719,Yes,0x607994ab6b31b584ee1fa65c317720a1bfa32402041c1787ddd9e225581bb1e4
BUY,0.001,10530,1772554691,No,0xb1ac08f626f6e77c01f3a673d1f91b9811700dfb7a138efb35c305d7d3c017ee
SELL,0.999,1000,1772554611,Yes,0xb35746659f26a037771957fe6bf8b1252b540c74f95046f8a376e1f921962cf4
BUY,0.001,30000,1772554559,No,0x15368a72917d6fbc1bcda06e84bd40af159108ebd02308bca5b4b6e635b4f407
BUY,0.001,1000,1772554531,No,0x80d5e26b3ea1e9e71908d804338004e0aeeaa79253aec88a88cdfabf181f51dd
SELL,0.999,54.19,1772554527,Yes,0x3a3a418248b64f12914f5e2d1587ef4950977e279b324119f4dc72860cd718cc
BUY,0.001,36990,1772554505,No,0x43385b8db21b0e9caafc87404f12d820645da107c80491cb69c8932ca6ece76e
SELL,0.999,71.42,1772554449,Yes,0x5bc35437077aaf6050c2a1324db7b230541f688cac549fb5eec5b8b808176e76
SELL,0.999,771.55,1772554429,Yes,0x5afc18cc5585804b99b806985180ef6643e5b4c0ae0c6225e45b9e2e239db5eb
BUY,0.001,1000,1772554335,No,0x919af93ee174edf495a3d48782ae945645f2929a4565d8263cc7136ea2100d10
SELL,0.999,23307.91,1772554327,Yes,0xf26a0ebed1b0a85e21f3aeaad4b67af7d803318b991c2aebc32da5bbc13589ff
BUY,0.001,1000,1772554243,No,0xe1a38f696cd2e5b230a31dab9d6bea1b05560214403f050a542702c8ce72c89d
BUY,0.001,4960,1772554229,No,0xa3d0425446bbcd0688355287cc3a923a20c60408de9fb3b8bc442b70a376a054
BUY,0.001,2000,1772554219,No,0x90b18ac20dc16199f9cdc436f919314a21931c831aea7bfe49e9aa0e7db25855
BUY,0.001,5000,1772554185,No,0xd40925e3b0f5ad5685060a1c08541aa4d9f160860bea6200920b0e08a95e0f2f
BUY,0.001,2000,1772554087,No,0x9db2e48c09ca39b3c1044949d0cf12437ee42346412d7ac5cd971ec8ee7e54be
BUY,0.001,1000,1772554043,No,0x6634684d2ae9401d40b4b973bd409ab3fab27a0a648df12a57156d687aeab528
BUY,0.001,10000,1772553973,No,0x02def49cbed97ddef7bed40e9ff7f4c8c5f4f4d324f1a3b98084193b9561781d
BUY,0.001,1000,1772553951,No,0x70601419fcb11089bf978ec5ef0e2e02d0a8638bbc2028ac493140e8679444fa
BUY,0.001,1000,1772553941,No,0x8ee8ed666e843369eb3a8d610d2aa5d2bbe15ac6558cb409138ab648c0783a86
BUY,0.001,5000,1772553895,No,0x9f52571dafeca0cdd1df0196f0ae6f62d9d10e97226e29c5b1ac64d95a625f9c
BUY,0.001,2000,1772553779,No,0x2266b65813304e59e5040ddbb768ae3f90257ed824f3d4479188ce8b435318c3
BUY,0.001,50000,1772553673,No,0x83a497e0ace40ebe2acb8281dffc6cef1e93e3e640fd75d9c6ba118fa56990c0
BUY,0.001,10000,1772553667,No,0x565d295753892a951ba351639cbbb0223d3b5a73ce14f8b164199462a9e045e1
SELL,0.999,8.01,1772553581,Yes,0xb7d7de6fff2e3be6844b40c52e9e3b19d31e4f46f3be7da7f6be8ca88601e165
SELL,0.999,41699.51,1772553577,Yes,0x1c47197a21f56151378495ab7cfb780756c7328808c79cce5e665ec4ab39bfe5
SELL,0.999,104.85,1772553573,Yes,0xf649ec222bce7386e5667fe2c5d518493f3b200760c1a850eb4dd32c9f7c0758
SELL,0.999,19268.13,1772553351,Yes,0x2455d50e22b56279defcae5b64b1483aa28f2746eaf2f366c2442b7a0751e170
BUY,0.001,10000,1772553337,No,0x1f9a7799da928c5bfb85d71c0fbd670649903b7c39615404b0e03891fb20f843
SELL,0.999,125.4,1772553253,Yes,0x56aaa92052209866f995580e0112ded1075aceb8a2281b0644963b3e49719c0f
BUY,0.001,3490,1772553209,No,0x2acd45cbf928d0dd5f1377519a0d04be9e6fa429d2b6d89df145f241a20dbf70
BUY,0.001,20590,1772553137,No,0x017dc3f47c0c648220305648eeb17ebf05bf6e260377d172592cff38bb1ae368
BUY,0.001,6000,1772553055,No,0x0ccf6f757aa902bed1ba2944e3eb1a3378122c6baba560578f2a2e5eac0cc7b7
BUY,0.001,1000,1772553041,No,0x48af2697bd5a06f9287b9efe5160b424003f14db3421a9f55d620e8d8f73eccd
BUY,0.001,2000,1772552991,No,0x77ff62f7eacae20b377a8ea4436907336d65cb086ba326a6c27ed49bacf0dca8
BUY,0.001,1210,1772552919,No,0x324ce5ff93b3866216f5de43299cef4e9d0fff26becdad84929f0020588f5540
BUY,0.001,1000,1772552881,No,0x5aeb0399a0dd37f768e3529abeed22019e8576fa376ab37cb95d0c4277ed4f79
BUY,0.001,6840,1772552875,No,0x9b5a4d1c15aee42e5dee49e9144399adbb161bf1b41edf6409cff9954e8630c7
BUY,0.001,1390,1772552871,No,0x0011ccc6a4766d1a723c66fde5bfa9bcb9ec4dc0396b1887ea4cf4ca083e5c7d
BUY,0.001,5000,1772552823,No,0x46dc9fecc40b27a99e1657f255af61af4221cbadb8f7c99ce34a0747aa310755
BUY,0.001,1000,1772552813,No,0x914977c3e32a105d5cb16560e85bdb6038dc4e4a1d69d557f3441b40ac6288a3
BUY,0.001,1000,1772552807,No,0xf2ed255c8803050a9f7bdb441d13f74ef69618a8aba6f9beb82d8810a7dbff03
BUY,0.001,1000,1772552799,No,0xd6f9b1abaa389c07e715bb14a176bd971792937aae877b364280d88163b7550e
SELL,0.999,38.4,1772552755,Yes,0x85aaf3a4c590ce66ad007d897fdadb35392d489321f28a0dfd0ea3748af73aa2
BUY,0.001,24500,1772552631,No,0xf428662ce87664febba860163ce7ead1ada9d7b72a9e05ac1319e4c532cc5369
SELL,0.999,26.17,1772552547,Yes,0x7c86587500f6f768f42ef1119b20dcd715b412183ddb6fcb9ef0be64ce393fc3
BUY,0.001,1000,1772552525,No,0xcfcbb157885e77acc961bdee984fffdc41e38a400fa4426e0df0af4d6ab83e49
BUY,0.001,2000,1772552493,No,0x9d924f1b4d35210f92b6b594ad9cff9a4594067bcd74fd4612cdce99530b69da
BUY,0.001,5000,1772552447,No,0xdbe772cadd509ffcfa1d065da28b4f122e58236eb81df96cf31c3ae5a23a5441
BUY,0.001,2000,1772552397,No,0x2c9ce60d8dc3822b97ba9661bb10defa6f2da1fa72c7dcfe76d16198821165ef
BUY,0.001,11000,1772552393,No,0x427c6db6738421944b30c3eaed8bc8345ab68aa65d401d73977c59bbcdecae7f
BUY,0.001,8000,1772552387,No,0x0b880de4a5f8d184ad42ccf0c715d04f1b25d0c605ef3b419d546cd1f1210e65
BUY,0.001,1000,1772552141,No,0x7ca45847bfa496dcb3f96e2e5d62bb0aefdd95efff61db1983ec146cd8fd02b8
BUY,0.001,9000,1772552129,No,0x92d311eeccc25fd1a9173330e0bec73d3f2569cce2b16d25afa5beddf945cba9
BUY,0.001,39990,1772552053,No,0x12d9297faed2f3980dcb2fff12a611aac826503506a5f3d4519163db28940190
BUY,0.001,40000,1772551943,No,0xcc4e3866d72fb5b409d12fd3b1bbe4929afe1bd576b66af83ec6e34d9ebc6744
BUY,0.001,69360,1772551863,No,0xbc02b2b28ee78853ac63d635e88900f9b134de257c97084d6086d8e27951a5f3
BUY,0.001,3000,1772551763,No,0x33f7a1388d8d6074a6041e9bcbf8f845b0496af76196541348b79368366c8e6f
BUY,0.001,4100,1772551761,No,0xe16953b20b81d33b2b4735c91fdeae8863c390e8e7b28bae2e22501f0ed23704
BUY,0.001,1000,1772551685,No,0x5097b51b2fc22259b054427a0f8c53829bc92e493f8966aa3ad5497c80b71cd0
BUY,0.001,42510,1772551677,No,0xe58840b3ca29e6cb16286d5319e1356519af8c07f1af0f30cc8fc04aef9bc696
BUY,0.001,1630,1772551673,No,0x0044166a629e36cc130a2f27225ea6e4fdca432f2818d36585539aad40c7c914
BUY,0.001,10000,1772551617,No,0x599638fbc07d5a3a879b46ee6abe8654400e86dc8f29dbfb194ebecd6718a2ed
BUY,0.001,1280,1772551589,No,0x218686a9ea9dcff981edf37c1fb34d86520465bce961d761f0babfa09be49d55
BUY,0.001,1980,1772551343,No,0x5aa14d8f62c56276afcb3f67ee58149d12ac72d5f6f0159cbd9136c26866d1ea
BUY,0.001,7000,1772551331,No,0xf19b2f36a155d406cd9aacf7d2bbc0770d0aaa6852b724dacf161fc01659c429
BUY,0.001,10000,1772551267,No,0x2b9d1496518a85ac2e3d9e01b1b022e0340abaec5d449438088abec7eee2f69d
BUY,0.001,9700,1772551153,No,0x20f9d535f5c668cb8e8ff1894d8d4f9c11f1b7bb932f4ee55f2b184ade66e33f
BUY,0.001,1000,1772551029,No,0xf873761acde8765b40a281308a5d3c11014c05537b1ad8e03f2f80ed26444805
BUY,0.001,2000,1772550989,No,0x1f4875d12812b9792afeeecccccdb8f3030f2983f65194e90866d16ec4e08681
SELL,0.999,500,1772550799,Yes,0x01c44bef4e5c36fb3ac60791d31657904f05bfe03df92656dd14e6ba206a0e9a
SELL,0.999,0.1,1772550773,Yes,0x5f63bf5f3359352d55cba45d4a569ca7d6799f58693fc5fe4abf58c92e338e6a
BUY,0.001,10940,1772550771,No,0x62900cc86f1ca997e6b62bfc19202ac3357c2634541dc9bcd5661de32013f2bd
BUY,0.001,70000,1772550589,No,0xb378896b0a9e62648e7da85a25b802c1594f6630e6a48f031c18b9393dd40c0b
BUY,0.001,22000,1772550521,No,0x4b01cf291cada20a83ba0b1944710c3e8c987d659f0a446a95e7eee8d8a236cd
BUY,0.001,100000,1772550457,No,0xc5c9861e4fb685ab45e0baaac530f6426d0093c101092acc0fd5464dd6af19d8
BUY,0.001,3000,1772550399,No,0xb311c7c389a69995843261d52453ef510743976c3cf85861fa12051dee3aaf7e
BUY,0.001,4000,1772550307,No,0x49cf80a9e80c5a4058b8b10f3c1b89b915a1315e8a2768aa929a040f296089ad
BUY,0.001,1710,1772550251,No,0x16751aaafaee1a12971dff3a92fc0dbdfdf5c108d8d71f57c29e9d9e9d36fd54
SELL,0.999,105.4,1772550125,Yes,0x37120ab1955c2898adb3711663a135c272bccee6c7cdb63d9d3b765a734605c8
SELL,0.999,300,1772550085,Yes,0x6d564bfe4e03488ed19e1bcf6acde8653f668a1f8122ee242b5910dd98f52c71
BUY,0.001,3860,1772550075,No,0x1b477d94ae1394487bf9ca5d012467ac09931ef92d7b83383d89dcaf5296b582
BUY,0.001,4000,1772550037,No,0xdcbc486e3578910d8c020e41a1c12ff247d52e9e96af8be64d18c50038c24799
BUY,0.001,6740,1772550021,No,0x4efbc2128aac87e6152b1b26c8e4eb6a3e5ac411823cbb054fac514b190cda03
BUY,0.001,20000,1772549973,No,0x5a339d23e140a9ae29730665317d21f75635f66b1e233f8cb07faa894bbf30a0
BUY,0.001,20000,1772549951,No,0x5facf1126ef52a945dce50f6647ae2950e16e082e4cdb46d152d2a06bd5a1d86
SELL,0.999,5000,1772549927,Yes,0x2100cfbc1a30ea4aa1758c06655fbac867825ccfc893596c8888d5714af4e3ef
SELL,0.999,5000,1772549909,Yes,0x73798b1b22d8f261f4cd8a3eb7db7a2d046e416e77083e07ff4633595557a82d
BUY,0.001,3000,1772549853,No,0x4db5ec7591ee3fb517b3400a93b76deab6120812f07d95f14858e29acc26e3c1
BUY,0.001,105000,1772549823,No,0x4e7e3b32ddc8e32bcb18b2a8aadba1f7d31585885da5549629da613f6da4f63f
BUY,0.001,1930,1772549821,No,0x33f92c5ae2b809f1d0ce51318a7fe3da858316a1e602dfa82c9749fde113e4e5
SELL,0.999,783,1772549693,Yes,0xab2250dcaf3bac7c4c42e719d890d5b59d1aacf2113dc8fe2a89b9e735876608
BUY,0.001,5000,1772549565,No,0x688c055563939cf4449a2f461cc4f0f9016eb4917803a91b21483a092d28bcd6
BUY,0.001,3930,1772549519,No,0xc2fc61077221cc5d50e4e89ff509fb078602d5c280ca1d08907d308ceb0c5da5
BUY,0.001,5000,1772549467,No,0xb18cdc06693972ccf6973b1473f0b96a33c0fb8554b43770d0ba9dd74231f3a3
BUY,0.001,8000,1772549467,No,0x98d7b444123cfb94ab1df6f87beeb356e8ef3152b83dbb3fa09b4cd395553b55
BUY,0.001,1000,1772549385,No,0x581497640fd8cfadcb07d676585e6c79c568f521e4689fe57b275e33ff9375bf
BUY,0.001,1000,1772549333,No,0xfedac9532fcca798d30da67b844ba4afbd5f24c0ab3ba7bbf39d22c74493d966
BUY,0.001,1490,1772549331,No,0xbe0e0f898ccf000b60627a737396539ea675bc968f89952b22a07c3811b7bf06
SELL,0.999,200,1772549321,Yes,0x997b9bae592fe2b7b6805ab5da9df496dd73e92b0fd4478deb717e4b0e436fe2
BUY,0.001,10000,1772549309,No,0x88f36b9ffed3dd2d2ff47af8121624afdd7bb08400368c44781150a58fd96781
BUY,0.001,3000,1772549285,No,0xa0cff2cf00594b95770d0e413c4784c37dd147aa6086c0fd5f4c321b86bae6fc
SELL,0.999,110,1772549283,Yes,0x9b59d7667f622d12f3bcd310e3e0a0feb7e375af43a379bb4daae73d8dc9de4f
BUY,0.001,1000,1772549277,No,0xdc5d875331e195fd82c3e6a8d88c54d5bbf23e2416c7a210f7f306c6186e5e59
BUY,0.001,3000,1772549243,No,0x281ea99b35a251dfb88eebf5f242979e5f1ee3ebc01afed7a0138766ff0b11b2
SELL,0.999,0.64,1772549087,Yes,0xace27df44f70b2f2d07bb1c797fdf0dcbd3235d588e68cd6760494dd01927819
BUY,0.001,1000,1772549079,No,0x1d188bd33032113265bb863cd81512094cfd42192e107163bf2325bf06c9cc74
SELL,0.999,5000,1772549063,Yes,0xc69c094c92e9abda5a8afb9f01aa98d09332bfd2cdc66bbe70abaa5c1e6c4ae0
SELL,0.999,3.08,1772549035,Yes,0x7ad5b46a814edf474d670590aa22d67ed49492b8311d4f23be7dc275c0c89acf
BUY,0.001,20000,1772548921,No,0x37937abb419faccb81200e9564c2dae3670e3afa609c169895dff992d474ad60
SELL,0.999,2000,1772548913,Yes,0x0431286f8a523f7a2b9d39b950b4d494cdc388b8f7544b3252d79fb551bf5e73
BUY,0.001,1000,1772548807,No,0x6ccbb8a0357ecf53918003e307c46ca28605b9a9cbbe406ed81c76ac3b35d64b
BUY,0.001,2000,1772548807,No,0x90c7597fb016698dfabfd0029a41e26a8cf6e400a7acd85dbb81c06417c6e74b
BUY,0.001,4000,1772548721,No,0x8ec93ace2f80f879e4677a6c1e5d959b03041b088a2822776880851c243eac6c
SELL,0.999,1000,1772548713,Yes,0xde475a47e42060296c90a768dfb4bb292ec916ec316c1fee95f544240a8f5426
BUY,0.001,1000,1772548651,No,0x62e1e837e3420d3ea2d6c53b43eb51e8d78908212969f5437e8d3aeca8761b02
BUY,0.001,1110,1772548639,No,0xa02c93a77b3a18461b5b002f9047f713a545ddab71645896c8fa183f23c9f77e
BUY,0.001,40000,1772548633,No,0x6432b66ba15af0e9371b97e496ad42fb9f018f7c474ca2ab5e93005b06696de1
BUY,0.001,11990,1772548451,No,0x01fdd0c5a7b23e95d6763726d45a4397a8159bcb571108e61389febe386adf2c
SELL,0.999,20028.43,1772548427,Yes,0xba35a55120e7ccabce6db350a2878aae201e53ee5a552ffea4ffe6d386b6027a
BUY,0.001,1000,1772548413,No,0xac674ecd3de2c385dcde0edb8382cabd92b0df0b2285c065144c0be66cd74b4f
SELL,0.999,134.66,1772548377,Yes,0xfb9f0ce07916a4b400040d4828e395201d448794ea2b66140f0527977c1584f8
SELL,0.999,73.11,1772548323,Yes,0xdb9590ab99406260ad262beacf28bcec6a34aa0479f5385df8e6c6c4c574bc9d
SELL,0.999,5000,1772548237,Yes,0x515199a66c78a3929b9ee007a7b326c6cdc4f15b2f88d11538b512b6c8c39c5f
SELL,0.999,78.4,1772548233,Yes,0x9f20aed24ad082469a30b80e96f7427e104e9be0030ded2b194090f66517f55a
BUY,0.001,10000,1772548167,No,0x2afdfa1e1fb9c9d3393fa241f934e0a65acf3622e3bc48ae925ef0de9e0489f9
BUY,0.001,1000,1772548153,No,0x61c0b7e59455a30f6a2f662ada8d28499d993b276dfa564142b19bd20a8bc161
BUY,0.001,1000,1772548147,No,0xe61162a4b96b49c7acaa838d21e629509478d7a90cc9c0559e3e6978d8a32741
SELL,0.999,10.02,1772548055,Yes,0x9813ca7927a1445781f72e701be23ae2ebb89919e281b66ddf3d3790b763df12
SELL,0.999,230.88,1772548033,Yes,0x4652c04205596e99ac0d6a6887c9e939559d4abe9e42d50439144480ca43cd73
SELL,0.999,5000,1772548009,Yes,0x5f1117ae64d5b10433567b2cf8e9d5deb5dea8f207e35db0c325e6965f7c83e9
BUY,0.001,10000,1772547991,No,0xcb8c7bfc1f673e5ceb6c26f4dc7ea2742e2548399720f955491882bbbd33323b
BUY,0.001,1000,1772547965,No,0xfed02fb43bd78e68d502d38444b05e4b5dec50f9095a3f36f3701245f293115e
BUY,0.001,19000,1772547951,No,0xc36ac57d62125f42ea90cb52977f7f3c3afbf894ae0813a8c761ed553d79d76c
SELL,0.999,10.53,1772547821,Yes,0x43263fe2d8f76186c51e14c1d18e2d950e19774b57392a513377f954dcc03647
BUY,0.001,100000,1772547803,No,0x44d62553c55a77a88ca6d67b012424c49672b28141592c324542f35803de43fb
SELL,0.999,273571.02,1772547637,Yes,0x51c24b6099d351cf3a1ed623f568a02902a6193bee85522bb64c9906e9e5533c
BUY,0.001,5000,1772547579,No,0x0af0a778508533d7414148f5d0c97b78c98dfaf655db64c74d20c8c36f44f87b
BUY,0.001,1000,1772547563,No,0x9b2e9b49f3b6ffe4f2bfe5871a26a6c47b7d1adf9434cf726981a88a260672ab
BUY,0.001,1000,1772547559,No,0x07edf811f7518154ac16bcdc6595e0fbeff38a50f9700f9333532e1b3082d55a
BUY,0.001,5000,1772547541,No,0xc3e3c24ba7394dd83912d2dff4f3aa908cdb8ab174de27f83e711e268e102f7f
BUY,0.001,1000,1772547445,No,0x5b2f564e90183ec71b3b8e1375345a5e09c0db82078b8dd6a46ab4a671d66a7d
SELL,0.999,1047.09,1772547419,Yes,0x0d0b22e4c4ba49454285ccd36e50ca5d045e670a464e111c56304e2f2d82b4a9
BUY,0.001,1000,1772547349,No,0x513967fd7d2a8c1c3b7122a5831f35712b742b1e89e8fb01559b5d5edcc3008a
SELL,0.999,200,1772547349,Yes,0x0ca82ea1c7d409daa67097c0b7aaf77c89a987bff847ca417d341862f55ddeec
SELL,0.999,15000,1772547269,Yes,0xaf54772a2562cc62f8da98a730571b1692bb8ee0ff6f3733a7d088785474d995
BUY,0.001,2920,1772547167,No,0xe185b3ad379e4085301d27cb4e24ae46973c54683ac4502e71057eef588ff11c
BUY,0.001,2470,1772547131,No,0x1ef127db4d7ce76f2e9b325dbe15ad58805cfa0836e4967ba98a922284392e4b
BUY,0.001,2000,1772547049,No,0xc4aeab36bf0fcb8f6410333bebd4ef2423acfe264b5e2d73a453e6ea35efbece
SELL,0.999,97.87,1772547041,Yes,0x00d4b5fe21615391814a1fd2a0d0055fdeb30a26148453be6c4478a7d4eb3eb0
SELL,0.999,33.64,1772546911,Yes,0xf0ad26db8d2cc0dacf16bb3b4675ab65cbc54f15b1a12af79bf1b4970df5059c
BUY,0.001,1400,1772546875,No,0x08e6e80e9f2fd1177457b7ff132090009f805ac42b79dd613d477552618b4c78
BUY,0.001,1000,1772546675,No,0x91b2808aebb4a6f591dac6f546593587a3ef04f46e235862c662800adb763afc
BUY,0.001,9000,1772546557,No,0xb0ce76080603e79378e651a302f312b783f24a375d38107f7c63c9746e6df7ed
BUY,0.001,5000,1772546545,No,0x47f68b54b5d2db47de286bc9f9794b11b747ab91c4431001bbdc863142e21fee
BUY,0.001,1000,1772546435,No,0x9bc2ffa71bb8d159b7a705f9a2239c0496ee50571599e8afe98d2bb695e880b0
BUY,0.001,1000,1772546429,No,0xd6eb7c8dc658849e9d7f6560285f5c800cba4b756e91b3e767418a645be4f67f
BUY,0.001,1000,1772546361,No,0xec66cd05b0c6960161c7847c28caf4af069f7a5555010abf08e9c6e94b586a42
BUY,0.001,24990,1772546335,No,0x0f932ef20285d7534aacd0e20cd7dc6d813f0f7f1c5ede1958dc795893961572
BUY,0.001,2000,1772546293,No,0x2b2ea4a6aba95d3392caeceba762685d38609e00410e68840c6582342323293a
BUY,0.001,1000,1772546239,No,0x00ad78b6cfa9c83b0267e6cc7ae7f7303f78cad411671718cf5d00ad0a92c979
BUY,0.001,20000,1772546173,No,0x28cee1da8413b38daedff3cb67eef1be1064a3cf4e9250d559967090cd71bc9f
BUY,0.001,4890,1772546163,No,0x4c264f14741996bbd5d6b13204ab41791d121f0f7bed2c8df7cec742d63a5e3f
BUY,0.001,5000,1772546121,No,0xbb07141beb73eac115592196c7000d7a1aaf616351ff992178f5801c9c2abdee
BUY,0.001,5000,1772546113,No,0xc0074f3bcbacdc0af9f1362399d1bd99fa6b3031b623653e5dfccbfaf66d13d6
BUY,0.001,5000,1772546105,No,0x78dfdd4de2c2b685af3ed16ec0a935c8fc14fa6d55a4e24dfa39e002993193b4
BUY,0.001,5000,1772546097,No,0x556992b6b7f59fc45e7bd5ed734c8a3ed0f16e713df14d23a98f04a51a50b250
BUY,0.001,5000,1772546091,No,0xff02b36ae8465291bad8610b57865d5be3c95b4a1a9e0fb4fe8fc98005d401c5
BUY,0.001,5000,1772546081,No,0x9b4c7245de8c242d01bab7c3c2552b7e097ab17455f77e0ce8c7bf6c24ccec28
BUY,0.001,5000,1772546071,No,0x577e540924e6e3f25ec18f88c6c81ad8b4ecb51b939779886b70eb50efec518c
BUY,0.001,27000,1772546059,No,0xa892c16ea93b16153e9fc25accfede5c9e27d1170c66b0716e61fdb770f1e896
SELL,0.999,1.11,1772546017,Yes,0x5b50067cce73e0d37d940245b84e903e0898eabbb37833040e8690e472ad44b4
BUY,0.001,2970,1772545945,No,0xf234d6315fda0511846f570a1ad9bac40f87b14ad06503602f89282903c65550
BUY,0.001,1000,1772545887,No,0x6579e60e5878e020884c8d0246bd4c9cbd7f86be6bdb5f744b0a3eb8d834f745
SELL,0.999,63.2,1772545777,Yes,0x583c565be03e3954504e2a0ece92994f51dcfd829f16cd587cf3a86292f7fbf9
BUY,0.001,23000,1772545757,No,0x70d2c7c66f01d915889e8d0c44421d8f5c32b3287121f2907919e0fb3ea10a8a
SELL,0.999,38.46,1772545685,Yes,0xaba2218218ed2d0b00479fad5a47666446c057d6e15cd2c8502b073c64eb2981
BUY,0.001,2820,1772545641,No,0x5ad221c0f8e2b85622b54b46748f75e9fe9d6656c64d0a6feeb308c87e060377
BUY,0.001,2000,1772545631,No,0xb3ecaf953aa7670b68c565d0a8c6d0ba7328783fc494007b2e7d7d4bd7945bb1
SELL,0.999,82.32,1772545469,Yes,0x8ef74e314caaeb819ed11b50893173a3b12081e9aaa22e9d3fe5344c64056891
BUY,0.001,1000,1772545391,No,0xf59e68eff9aac0e9db92072c4138392f3404a3c84a7f3e864da331772092f07f
BUY,0.001,1000,1772545299,No,0xe42c194e85b4154279e6a9e2dfb6993d2bff2e0dd0feca91530bc2758f5e2794
BUY,0.001,3000,1772545253,No,0xf3ad25c012fd6a6e8b539cdaa6b049f4f9b8712c7990e58b444110b6c1ec438a
BUY,0.001,1000,1772545211,No,0x3de1ab715a38995bf6b4d0ecc659fa56c2ad25975c9e4819b530f1b1c6ea5bce
SELL,0.999,114.29,1772545197,Yes,0x201f20a95da908f52962f16dd06b7d52df250f3eded71cdc477ba2b6fdb15f1b
BUY,0.001,5000,1772545115,No,0xd98738df9ba40b1a1b0acad0f71dc403f5dc977b981740f0447ff8297236882a
BUY,0.001,90000,1772545111,No,0x29b1f487d709c3b52855ecf8038f7d1160f2ed3cd757e038d7a84d3866b10b21
BUY,0.001,5000,1772545049,No,0x1c4d7647e81a4550960662b95c4f9dbd6c0cd0f1478df573e38c28803a1104e5
BUY,0.001,5000,1772545021,No,0x4289e4f2f57a0d924ac2905ffd1140d8b5b123e382f7c74dd95b20dd661a2115
BUY,0.001,3000,1772544993,No,0x721b9adcf590d37c275baf4cf029e0988556d1ecb9813f6472da12c5939c0d25
SELL,0.999,15,1772544971,Yes,0x6c2595bf45f9e5fc1e6435ca38d04ee6e7bc85930e3927544f48ce88aece46f6
SELL,0.999,33.33,1772544839,Yes,0x04a280b7afebea3a329bde916182cdbda96d0431f750032279b051bd5ee2241b
SELL,0.999,10,1772544837,Yes,0xf61a3869bc37fd15f49c8247805893721846e8dce32ceb1bdbf72d68dd1db069
BUY,0.001,3000,1772544729,No,0x9dca0ad3efe18d55d489c5bc08b4a7cf25b60b3b953b03c7ad11937752fb313e
SELL,0.999,1000,1772544675,Yes,0x737a2c5f01761bba480003fb6bcfe7858fff74eef28e4f2aac73e9a7adf98af4
SELL,0.999,102.92,1772544657,Yes,0x4f7adf3a89e74ce64f2efcf3f8de18dc64b61a07671e0595d6021f9b92371621
SELL,0.999,170.25,1772544499,Yes,0xb4c3f4fd9a8a69aecfdf780da014bfe544e5a28f262a796617b1abbcf66fe00b
BUY,0.001,1000,1772544459,No,0x739f7732c5226487b0c0721bdc56b846262e8e676f67efa76d2da770806df560
BUY,0.001,20000,1772544459,No,0x95ef13c61e1ad7c049ac2719e0343d5aeb4d49085a5b83b69bd5e3a8d4829582
BUY,0.001,1000,1772544437,No,0xd78727c8b8c2168c3d3a0d52a7d4fe5381cd3569e5d96bb726086cc1661256d9
BUY,0.001,1000,1772544301,No,0xb45b08dc94de93324aaaa8a1598c259d721925e033f63523bc9bb13d94f578ac
BUY,0.001,18000,1772544301,No,0x5ebb4812470887a9dc78f29a68bf04758c65c7d8d13d277ed1779db2ad1cf62a
BUY,0.001,3990,1772544277,No,0x0270b6ffbd2a445e7b23e08be3901b634477eefc64650a4f790a7d4b3fd7b612
SELL,0.999,192.1,1772544259,Yes,0x7a3bbe1dfb04573b970903b862a83a27db9bfd2a28d2fc8e7147417f77f52ea3
BUY,0.001,2000,1772544057,No,0x451421490a84803f12e6f857e1d07a0eecca57c05617be62283dd8f95039235c
BUY,0.001,2000,1772544031,No,0xf0015f8a7420f9f7091c53d847729807fca10e83c8fb65383050ca4c3dc9d1f2
SELL,0.999,242.16,1772543985,Yes,0x6f8ed59181878db35c9a210ff44d8a7e2693fefbe4a9c4e4c4f17d04b80c928c
BUY,0.001,4580,1772543749,No,0xccd573233bfaf5dbe8c23f14a2c60729a8dcd6433e3181351792881c1bb82377
BUY,0.001,10000,1772543733,No,0x9ce583c777ee9ce5988499636b9819531704dadbd58721ac57eda98bd900f3ae
BUY,0.001,20000,1772543695,No,0x41d68d6c76dabc58f32f6c23848cbac664abb7e6a8aaab6b04e01a5edea1b460
BUY,0.001,7800,1772543685,No,0x7548e178616449fe0e00cc4cb39b2e1020b06ded80c24f2909b4d7208f707a0f
BUY,0.001,20000,1772543661,No,0xa7142561f595da9a7ce449d8235981740715960ca86d65109832d32e853c5d7a
BUY,0.001,100000,1772543619,No,0x8a264554f70805c903a4e5e003030808208703a9761372451b13550cc8aaafbf
BUY,0.001,2770,1772543513,No,0x55c8aed2b76f138642f0cda444bbe634fa7d05870cd926b2dca29485d585f109
BUY,0.001,1000,1772543403,No,0x9be084f0984c2a48b3712e64e0fdc97a662780dbefc0ff1e12fe030ad2dd7c2b
SELL,0.999,107.6,1772543309,Yes,0x9199b1f5a1a20c5c0fe078a36364fd25fd9b4d981ddce6905f0e98b39c7adc8b
BUY,0.001,34870,1772543183,No,0x649a609f86a8a0b7500c87e556d98dba6c386d4a7a41b961ad7bf6f3d17d253d
SELL,0.999,71.56,1772543177,Yes,0xf53b55dcc5b1ec7e3c489142920e452b205b82590b46f358b0319cad669a0589
SELL,0.999,53.79,1772543041,Yes,0x39555b65793549880acdb15f280c18c4b7c684ebba6a3385bd3ea5a16edb1e0e
BUY,0.001,1000,1772543023,No,0xa0311fd709beaf9330ba90ceb1303bda7176074fc2ee240615276eaae3d69398
BUY,0.001,68350,1772543007,No,0x0f8c889920a5945f10f9a292c680516e1f9a0ceb43c7c054f4d804e1f887bbba
BUY,0.001,1000,1772542775,No,0x420d04f671610c33aaeb003364a6e782eaacb85c23f6062c1e000bc7001e418e
SELL,0.999,40.04,1772542759,Yes,0x0b9f5193d3570b9b53b316e6bf775e531269034fb7b8f830e235f0352de39cc4
SELL,0.999,2.2,1772542723,Yes,0xefa8b937e7e8523b7d1e548956124653cc8c088028cde74d6eb2e2dd033933ec
BUY,0.001,30000,1772542465,No,0x8a51c51170db3422612a7c78643b83b8ca00d43edc4bf44943fbdd82dab687c1
BUY,0.001,5000,1772542461,No,0xcd97a0bb6423348ca00ec9072e67b86d2fd81169f57284220e442860e293c962
SELL,0.999,71.36,1772542389,Yes,0x46dbf1b267ca8db1299e48442f6b066727610fe404a387122839b10526dadfc5
SELL,0.999,2.51,1772542313,Yes,0x4a060474d8df76fc7406ca3301714b535fb01522d22270c734c09c9a6cd23cc5
BUY,0.001,75641.81,1772542247,No,0xe7df2d1cf1eed3b79baf752607906de5d0bd37c72da057c127e0d2e8084e7202
SELL,0.999,104.44,1772542217,Yes,0xd4dc7d1370c532c440cedb5525fdcbededa014c13e3651f5a0c4f716d7c84070
SELL,0.999,16314.87,1772542197,Yes,0xe52f91844fc0b9b4d38936f6bf68264f2d7aff107ef49f9d13bb21143c869043
SELL,0.999,500,1772542149,Yes,0x0d48cf6300333dd6263dc75cd7358013814816755bd7787fea46078d26dfc8db
BUY,0.001,1000,1772542009,No,0x99131e2998e41712313c1f6c0dfd3c764ff5b7ae8baa0bbe75af89f578f15579
BUY,0.001,14000,1772541959,No,0xd5059a5abce7e7b6bcd905ea82ee81eba35dc59d665fd1b9c81f5140ec7ec97b
SELL,0.999,19.89,1772541941,Yes,0xd1e572d00127b0e8150d5340ecaabd36065c3d476995c687694a287053fc4a8f
BUY,0.001,24819.85,1772541843,No,0x79600b70298abbf0e2f92677388bbb62f071a7ec7309740b54da776a3fa758d8
BUY,0.001,10230,1772541743,No,0xe864808a4522fc3b51f9ba58525b6c225241ec2a035c02cb96d0bd8db4c8a242
BUY,0.001,5000,1772541665,No,0xef072c2a80ad26f4e1b51a7507ff1cd715c97de51a98c9339a3ef84f9007a447
BUY,0.001,1000,1772541579,No,0xe5bcab0fb8c8aa0268044e7a209ce0e6c439f8ce2a559b5245bdc83d3a87eaa3
SELL,0.999,500,1772541493,Yes,0xc0b5650a2a62754a5bc81436af32924162ae23cd42934753589641503c6d56e0
BUY,0.001,25000,1772541401,No,0x0ee408d9fcdc5b5823717e59a02b052c5b321130dd69dafdcad912f4bcfeea36
SELL,0.999,15000,1772541353,Yes,0xd21e33837cfe48338334ea80d7a56b28719746db8f206f325efe84969192cf5c
BUY,0.001,10000,1772541297,No,0xcd4fea9604d2897868ff3b04602011615f7f9345dd84710a2a0764e306bac592
SELL,0.999,78784.66,1772541279,Yes,0x99c00607ae450acdba5de328740b09a32e4e23b44f5fa1e6a9553365636e36ed
BUY,0.001,4496.24,1772541269,No,0x1701dad0055cb49f75551685ce7feca5eeeb4d567ec7f53f0188f8f13d252967
BUY,0.001,10000,1772541245,No,0x9c89abb3ff03d7b4b811263b062e3e4815dcc0322affc0e6fa89e4cfd6326440
BUY,0.001,3000,1772541187,No,0x753d1a44ade8bf1519481dae7d6541788ccee316e9a115e4dbf46b5a1f03b484
SELL,0.999,137.46,1772541163,Yes,0x45f10039e58dc976da0bb00a9faca550f82b347443efaa38897928727efade35
BUY,0.001,3000,1772541129,No,0x31505082706f003ebd8097043888ee09af76de09c558d6f216264a29db25f630
SELL,0.999,652.9,1772540803,Yes,0x48bc3b2affa6f8812908cea083dc5f432033ccd1de65900714b6a5279971c155
SELL,0.999,500,1772540745,Yes,0xe79af9d687677837c5dae0d4a6c69623fe8170b0bb2eeb60a3389710ac7c96b3
BUY,0.001,13310,1772540647,No,0x7769e831b94b007735706ced2075972dedea220de95ad890fa5ea2b20b6b6673
SELL,0.999,5005,1772540565,Yes,0x614858aa8857b50ac6fb96f333ba49499b17e9c34a359b0ad340a4fde0e4da87
SELL,0.999,10.1,1772540429,Yes,0x91b0356b2334cbdd8c827287a97936b2aa7c23984e54232b9e5c1166b4e615e5
SELL,0.999,62.5,1772540407,Yes,0xe018993fce5cf0d85d5c36e4b11dbebcbf3df53ee836d73f1240cb1402ff9f36
BUY,0.001,28230,1772540365,No,0xac4004f005d59aa2960596f556fc9d70adb9cf7df62affdbb62c2afa6b9409ff
SELL,0.999,15.6,1772540365,Yes,0x781542f0b603c742162c0ed5936d76e98a15286b93594c521bc6bd0b88db887b
BUY,0.001,5000,1772540319,No,0xe42cba98b213f46d070921a8c72eed332f2ccb7f1134d041e2141ce9c2766cf0
BUY,0.001,85140,1772540297,No,0xc61a8e35e3630385ac2b351d6014842b0fdf48afce5edf3c098b9df52e6987f5
SELL,0.999,11720.48,1772540039,Yes,0x2f8003911bb42dac5fdfe7826c77860a1e35ec90e4bc17b42604746814225447
BUY,0.001,2000,1772540023,No,0x5cbc407e2e6b4cee5c646039f09d69b0134eea298c0ab3191f812b7baa862805
BUY,0.001,100000,1772539733,No,0x526268b45f9e591c677e4d9924e057f48bceea577d9efcb7af46d7ac93ce612d
SELL,0.999,10000,1772539727,Yes,0xf6bc33abcbb6bf6997a1b9457e27af87812ea8226dd0e29cacc20eed67d4fe94
BUY,0.001,14000,1772539663,No,0x8c1ca3cc76a161b831bc149287142037a6a293a00ad95340594e312bc4d8bf49
BUY,0.001,2310,1772539635,No,0x1d399850d12876fc750226120cd6e59d27ded7108dc6691e442c9f764955bf16
BUY,0.001,30000,1772539617,No,0x282c848bb0850ccd769f02ad2ba65578c08df1ecc477ed3c7e2c3dcdd52d3716
BUY,0.001,1940,1772539615,No,0x52f5cb5eae4b46727a67c8167fbfe73daa67eec86fe407ec6faba6ad0b4bf57f
BUY,0.001,2000,1772539605,No,0x77950ac2ceceeb75d1cdc63112aebab575988a3aa597d1803f77b72b0fa9705a
BUY,0.001,4860,1772539575,No,0x2294412ac4d98f00ab29b1a74558f988d9ebe72e21bff3cb197149118aa0aee4
SELL,0.999,15000,1772539551,Yes,0x140ea5a005bc3bdc180ed5687faa7ce71498820fd5fccd0c77607f56020e39eb
SELL,0.999,1,1772539529,Yes,0xc6aa46a56ed7aff16be116987456a6a28ee582d36fe0a90d4428dde7fe891a26
BUY,0.001,66420,1772539403,No,0x71a41a757de7e2205b76d883a356573bebfe4fc28d290d0a93845f6efcfda346
BUY,0.001,1710,1772539377,No,0x94c347d998fcffa7e112b989b8e04b143c4492735d95a13442ef9ee6b52ba2a2
SELL,0.999,7000,1772539369,Yes,0xdf1b0b5d6b0e6a52369ccdcb3f863d0ffaa51018a58ba21c489b7ae6ce2a923d
BUY,0.001,27460,1772539129,No,0x890de144ceae9f3523fc1fc7d483a415484df9e59873d7db205e14148d8df0a9
BUY,0.001,1000,1772539105,No,0xa462d744f86db90a0d098b3be69ce9ec50176189a0cbfe4237099c6348df47fc
BUY,0.001,28000,1772539069,No,0xa06436eaf4d029a272a445f4dd6d720a06ab52bbc86638a04673bc66968d432b
BUY,0.001,2000,1772538649,No,0xe57a3b3d8c5365e3a8ce10ed9c41e3d748af271b505bc4b86399d692e08eb9f3
BUY,0.001,10230,1772538647,No,0x332f08ca7e844677bc166175c9a067c215da4798f66c33dafb5af505952c10c0
BUY,0.001,18730,1772538505,No,0x2eaf9e9b87b21f7c63ec26cd439fa6a0be6d983acdd3d721fdf260e4bc32b0fd
BUY,0.001,10000,1772538493,No,0xc87f04f7ae4c61150beaca139fca717ea4ca017b7ab63616596ba46736ec7f82
BUY,0.001,10000,1772538455,No,0x61c97cc8e20cc2df10fae3a9915b39978dec8c0ec27a29dc75e89f0d9f82c9ef
BUY,0.001,5000,1772538309,No,0x47df4a42c42b743117da738945c52233fb6716c376798e15c92bf4e565ec1c5c
SELL,0.999,4700,1772538035,Yes,0xe147ed59bc2b730b75e6065ae533bee8bea9af23ca1b9df2e8399e7b9efd246f
SELL,0.999,4700,1772537997,Yes,0x3e1a904b521005fefaa3bce75037ea855300af89df839f1d73dc2010e807cc81
SELL,0.999,294.11,1772537953,Yes,0xcfed43f163bd4774c092f477321b9e5a635685ea05176de844e1238002f33a3e
BUY,0.001,1000,1772537877,No,0x792dec5a756e89bc3898293e86af5b9f6a75a3e55c5e1444eb29382136927a7d
BUY,0.001,10420,1772537681,No,0xaec56dddce6b8a6357d7a7d1aeadac31e16e03b68be1be4f0131cde32bc67f67
BUY,0.001,19000,1772537599,No,0xcf473711ae909075d53a486a74b5b2fe661acd68f43e5452d61be21f390ad7cb
BUY,0.001,6000,1772537357,No,0x8be4eecaebc2c21f1c50124c06a2918061888191a2a77e74c7d6695bec21ca4c
SELL,0.999,7.82,1772537145,Yes,0x92a5141a482a577883cf084309f751eaf20f42e4708c2e8f3449c0aca94d003f
SELL,0.999,20000,1772537139,Yes,0x3c43121907c540b72364f5e727d300383c15e26f899f43f31ccd4fa18f18dadf
BUY,0.001,25000,1772536609,No,0x6c1470dd97396af6277034d12fecbcc1ae39e027f1bfb07a02c09aae3d073264
SELL,0.999,10.01,1772536565,Yes,0x352838c56a40eadf52ac02678f2a3a729676cffa5de0ad0f1c351bf29d404149
SELL,0.999,23356.66,1772536403,Yes,0x63d2f6217edb703765f2a22dd1f4866e6d3775d0b14fb86548038ab2c3d9f967
BUY,0.001,23000,1772536387,No,0x62b69a6b1ba00c571981067187b8235f348754203784ffae2fd1d51ecc91c5f7
BUY,0.001,5000,1772536353,No,0x95624c0b8d4e050837dea41e37d175a24d40e4647b1aafbbb9c0d3dfd8fc0537
BUY,0.001,2000,1772535999,No,0x3381a2b5ee915f3ce1795d4730966a9ce361b357536331aac52e7c334f3f071e
BUY,0.001,20000,1772535807,No,0xa75e186308e86f568565b8d7a249b65b0fe5cb2eab56978f3e3a75433b23bc0b
BUY,0.001,1900,1772535799,No,0x69427336dd99438102cb02aee5f7bb8772689e05280e610b481f2816f6fe1f2e
BUY,0.001,1000,1772535639,No,0xfc71f0b7e820466f0e024b8edf8b1239b5bce230d40ad40a6031b54f8de1e71a
BUY,0.001,1000,1772535595,No,0x9c50ef1852f2e6d6fcfdeb66856c65aaf3adb4b0898fef1500fa948745295d11
BUY,0.001,5000,1772535563,No,0x041b3849dc03d15e52a4bf3d947e70fbb3bfd4c658b3484c1afff02a7a188e44
BUY,0.001,1000,1772535445,No,0xb9a5f6337104b5ea8ca92aae6a85aa4c5d89b9d3833cb15b33f347790cf11d35
BUY,0.001,1400,1772535385,No,0x784e0ed944d552c3212debed5ab3ff165d6dd01ebf634ae50dc1deefb0d25fa3
BUY,0.001,1340,1772535179,No,0x5fc0a43b0d7bbbc80b79fa7046d6fc16d51de0bfc05c714644709d6fd7b53652
BUY,0.001,5000,1772535175,No,0x2a72b31de378fc60a50f1a9be4a7a1fa6324ddf6177a21954c7e97cc7c0dec84
SELL,0.999,1,1772534977,Yes,0xcba7af2b4bd9cc9691e2688e2c4615345551d12a859d3c4f3b6d4039711a02bf
SELL,0.999,500,1772534947,Yes,0x07c21ea67c69221ec12c3f1efc1efe0c81c7e33d865b4ec0a8f94f4a62bf5501
BUY,0.001,4600,1772534891,No,0xa448027240fdc5ed7a57616f221aa6fd916e5c60d55cb3977b4bbf9550e676ec
SELL,0.999,15.01,1772534885,Yes,0x32fcc04614d8cb25c51acb2f0b30d6edadf0953b833ee6131026ea8126e2bd8d
SELL,0.999,1,1772534863,Yes,0xb030f9de709fd324ab6e670c8608f5ae84e8523259e28c94507dc6c471d096db
SELL,0.999,17776.96,1772534723,Yes,0xf3c642d3a431b1fba9385c48b0f635ae85da64e384638b272ff8a4fa781a2510
SELL,0.999,5.35,1772534425,Yes,0x9ae0bada75ed259172f89d310a03a8078bfa6897c4c0b8ea65ae40c6d0d8586e
SELL,0.999,3,1772534423,Yes,0xf03071e6f54f235949bce314969a0d87d7f527906e4b167b70fedb13a09bb6aa
SELL,0.999,2465.71,1772534411,Yes,0xef03198be45d4b0584fb38ee86e803ecf4cc2863a28f87699099a2b7c30015b4
BUY,0.001,1000,1772534209,No,0xdaa34b0c8dca8efbbd8cdd4d6a3fded05dc7a3e7e6be52bc54f3040b3f01325d
SELL,0.999,284.01,1772533505,Yes,0x54aec73e8a4b2d91f445cb1f4c8db6d3613d86a24462f07282c50bb1c0cffca4
SELL,0.999,8.57,1772533395,Yes,0x6e3d40cb5dc02b2c4bee49625bda8d7ecf8df76fbce2a249d5d8f4dbd0d9deb0
SELL,0.999,10.03,1772533129,Yes,0xcc9f43d52b13324b95fccf93d2d1dd5ebf1e9be3179a436f9d61ef5b0ac23df5
BUY,0.001,3290,1772533077,No,0xb3455c73d6619e6dde291eae9e493f694e4ddf3bb1de85c97a58e499df40d83b
BUY,0.001,1000,1772532887,No,0xa96f2f7ee86ff50bfd3fc5b976302a28a6dfb2da78cd55d065219813301cd15c
BUY,0.001,1000,1772532641,No,0x23a67e5023520de079c8417eac0abed8ea54c69755ed1bd73250605b3524bf51
SELL,0.999,1080,1772532633,Yes,0xeba135c5b0518eb2992d6cae0b19745169ccfcc1d395469c52f929078411ad0e
BUY,0.001,10000,1772532597,No,0xf7e39f90ae4bfc28043921f5d3698d8e18c2167cebef3d9158e0239284e646bc
BUY,0.001,1000,1772532591,No,0x8f51942482250af2098789ed0b6e4eb2e03e219926020d79338c21979646180c
BUY,0.001,3000,1772532559,No,0x56a8d7b39462b66758b3eb3c0d1b63629296f692c09136d5f52bd357eca2ab05
SELL,0.999,14.28,1772532449,Yes,0x57256721c94c69062e41cb43ce16bcec572f05c33db98e0caccc8f95cb44d2f5
SELL,0.999,1.03,1772532319,Yes,0x15388208661c577cc09f0caf9032dde16ced761493cecdaf65dd4eb8ba4dff3d
BUY,0.001,5000,1772532205,No,0x6605bf6e1da7cb73177701192dbeed18b3d4af5fa57b5234882eeee215e3e9a3
BUY,0.001,5000,1772532193,No,0x76720ab544fe7b638e65454d8e4e49837d4503250f89b55351a613fc4da5dc6c
BUY,0.001,5000,1772532179,No,0xb8375baf699ece4064566f5e3c7929d02c9df245d1f23ec2401d3321a4fce237
BUY,0.001,5000,1772532167,No,0x94d2f7252bb8975dcd1eb633de35d5dfc8723029745cf6d47379b3f941ac29de
BUY,0.001,10000,1772532159,No,0x8115670057e470eb4531f5c2a585f6d26bf4020852a622e4aa0b22dffe2a0ae4
BUY,0.001,10000,1772532147,No,0xd12183fdf2dd9d338eeaedf71f7d553cd23938482da424eb8e9ece9ab304654f
BUY,0.001,5000,1772532135,No,0xb75c90782d1d4b855c29868c7f585e79013690cd174181d253a854d60cfbd56d
BUY,0.001,5000,1772532119,No,0x55901bdda8f7098e586c4f3388edde6fc3b378f4d5f07a49a78c74daa80ce322
BUY,0.001,2000,1772532115,No,0xed346c91cbd22ada5f4f14311e622a5b6ebc718382fa6917385e83c9e96d16ae
BUY,0.001,10000,1772532095,No,0x42010231ad125fd42571acb16732e0c396ab2e77cb70c4f6e226e7a1757737e0
BUY,0.001,2400,1772531967,No,0xaa7d4a02a70754b1067335cdbf9d73779f26f5f496c3a5d1a8b65741bae9b127
BUY,0.001,2400,1772531965,No,0x4cb0f1689a47293f06a4a704fe094a6751a9f47b6333e22e76a79c2355158ce9
BUY,0.001,47730,1772531581,No,0x9db36d87c16a77a5c57cf1f0cf5bed4fa4e24792774c2d6c79f44608bb9da82e
SELL,0.999,149.32,1772531519,Yes,0x9c5326b74469c7218129acb191e8bf7b753b44e3118577518e7be5a563a3593f
SELL,0.999,10.79,1772531075,Yes,0x982568c6987ab5a3706be6278a625bc9879f436e07899b34fadd4de5ed47cc43
BUY,0.001,10000,1772530925,No,0x57683a7dba7b96cf52e38b12128c092752f3e48054b4542435e8b8d720846456
SELL,0.999,53.88,1772530899,Yes,0x989b81d368a618237d6448c686e3541c2f99c947fc2b47032a2865f23601a331
BUY,0.001,25000,1772530435,No,0xe0c3931f198448172651acea9af609fa2b5a202e174bab9ac0f524ceaa643cda
BUY,0.001,1000,1772530373,No,0x5ba75dd81a9108416a21c06580688d1b11e8f81e7b30f16875acbacbe12c4f5a
SELL,0.999,4034.41,1772530335,Yes,0xc61685baccb7983fea535be02c0d0d0acf1b9f8873ea1276cf73ac6dd72ebead
BUY,0.001,5000,1772530311,No,0xf5acd2757c9248a5b69b973627f6993d85f56ca4d02216a6596f47f68d5a696d
SELL,0.999,30.03,1772530275,Yes,0xf6a632df28afcb209164b4e1a3ba423bf3f9290b5b9f1e4778e4c767ac83f9f6
SELL,0.999,5.89,1772530145,Yes,0x65f0e4c427fd81462ace461fa75fca4b5c5b982e0b14657105f1625c9249cc07
BUY,0.001,1000,1772530091,No,0x56764486d9fdc2f3ab89566e426834acb0d22404f337b775bbcd3a3be5429f7b
BUY,0.001,1000,1772529815,No,0xdcb99164f9c0efab4814a43fe9b8e62d3ec4ca9565f585647859d1d19c3c3bd6
BUY,0.001,5000,1772529783,No,0x65da294cd48f521a1c8c5f9159d8544edbef463e0999b108c6227b3e8f7f5b66
BUY,0.001,1000,1772529675,No,0x16b30815b1f1b653448764d2c29cffe13d0caa0ef9d61501dae1a8be42ccc46d
SELL,0.999,93.74,1772529621,Yes,0x54e2fc613b0bbac2937567ff92d1e55bf5a7545828610cffcbef626a17381bef
SELL,0.999,17429.82,1772529467,Yes,0x122dae95768bb1fd28179eb8c677da5d8cc5f3ae4c7579a287896491a4bfa23e
BUY,0.001,25000,1772529415,No,0x06801df607e05c10c0d8202b4b441084d5f2d1cb81237e862d3160f70ff54624
SELL,0.999,2.91,1772529279,Yes,0x48b2f11a9d3603bb7f893662eedfcfba6875dceec0192571321a25ff55c17400
BUY,0.001,15260,1772529125,No,0x641fa3bda270fc58459a59249b8ba127b1beaf553cda8ce9fbe487f0e8a7f644
SELL,0.999,26.04,1772529105,Yes,0x6fb15584225633d9c12d3da615d4a6531100bf8795334109c5e2a596d884012b
BUY,0.001,10000,1772528895,No,0x3b693c09cbf2a37b2c22d9b31b53f9e0ba9c33f952a23e73ce801d61042f38f5
BUY,0.001,1000,1772528821,No,0x40aae7c8c91049cd895c027a5e942274e94c1420bfca7166d9a8162cc962525b
BUY,0.001,10000,1772528815,No,0xdb452fce114e797e660af03667cec3ef9a3a54d058bdb1305fbb85596146be3c
BUY,0.001,14160,1772528815,No,0x0eeb59ed3ce20cdc72d1363b65252315a76604fc6bbe1a39e4f2e506796bca04
BUY,0.001,29040,1772528697,No,0xf2af6f591a843698de798d2e15523097c536c64d93e1cb37f32968e262ac94aa
BUY,0.001,2000,1772528607,No,0x2c46f627adcc0918277610ad9bb3607f8a3357de8dfc004b2a433a93a6844fc0
BUY,0.001,50000,1772528459,No,0xd6963757b6dbc0d8edbba32d4d87a027b64fbd002bc7d70fa7c03d3f800e03cd
BUY,0.001,1170,1772528435,No,0xb8080afd803208beccf3bdc3dc3d938a7405341a8aa3bd609cb83d8556421dda
SELL,0.999,25.25,1772528391,Yes,0xbc2c0d8534a072c53bc4cf96b58866bccafeea226e8555f6beada70c19941235
BUY,0.001,1000,1772528293,No,0x928a6ca99656494e42f3568f5e7f87e8ee888b9d5de3494b02b2779d90446014
BUY,0.001,5000,1772528143,No,0x70c2b4b0dbe8bbcfe873fbd16f47093530d029191e677e47fe5350569545f374
BUY,0.001,1000,1772528103,No,0x37f4bf3755c7956b428e760b8a51273c479080c2f5cb2467a5ba7eb34e008717
BUY,0.001,1000,1772527983,No,0xe6a925aae89e8333c9f5ce07df7181e2e95e19f3958fc5efab0b528eb3106f42
SELL,0.999,10000,1772527951,Yes,0x887267055932ceae308ee5a0e02b97af2831c584dcf6f76140f150a55ef2ed36
SELL,0.999,21.52,1772527835,Yes,0x530ef6bb0881a62533a0ad07282d3b5e0e042e28306c51580587adadea10306a
BUY,0.001,1000,1772527827,No,0xb7a124bfcdd35758c88e3c1f20acef7b927c83619e9ec038f9a66d9fdcc10d8c
BUY,0.001,2820,1772527779,No,0x764f9d3ee6d6a9a2bd6269b8a3f186f933ef39ade4da1174b455d6a240e3ad76
BUY,0.001,2000,1772527779,No,0x59be484e5886bdfd5e84d5353b5eec37ac39f63ca3881e05a1d9a1ed39419977
BUY,0.001,5000,1772527749,No,0x2c7f330410c69f4d4c76abf46d9a18ef7fdb4c5d204d8382c025a472816412f8
SELL,0.999,5,1772527735,Yes,0xb4cbe392fe80158fe4431c24faeebe576102a8a91dfccf13145ebc1dbb56a7d7
BUY,0.001,5000,1772527731,No,0x9dd85b5ed9ea3fc3f53be3f39d2e9ca810796425b130e568ce27b20056315c8e
SELL,0.999,5.03,1772527721,Yes,0x4de09c0bfc432d02c23fab4d6d59cecb05563ad7284d532335b85671fbfdee71
BUY,0.001,14950,1772527569,No,0xbfa94c5ecf3bbb7c08c6a77a64a8ac63c557715120aba9e254ed39091c7a07c6
SELL,0.999,10000,1772527559,Yes,0xeee8f53b1a12525968e5a3cc04d6f155c30d840fb38f93980eaffd2fc777c66b
BUY,0.001,1000,1772527285,No,0x67d28c27b82b889f373d39c274d48170f3b1e7ad3be16756681c0b8902467a3f
SELL,0.999,8000,1772527195,Yes,0x60930c4c73223687cbb1f17f626cac52cc64f99429ebd9c5ec1078fa9cb909ac
BUY,0.001,1000,1772527077,No,0x3f15a1ec71e5096f36293f6f72c430f770c81249040aae0c34d1af516f0405c2
SELL,0.999,6000,1772527071,Yes,0xabebd8ee5d5982c4c495a49b64e0f3cc9d6502918db7028cadeaba28395fa174
BUY,0.001,20000,1772527015,No,0x634e21b91decfa047e3d5d250e55a09648e641f3832921add0636270e533ae7b
BUY,0.001,5000,1772527007,No,0x73f4366df038aad0f90a5ab230fde3e5398d9ad5e162bf66594a1c025e058d4b
SELL,0.999,11.62,1772526987,Yes,0x704abde12b3113169ffb7ecd5e38cd60c41add790d692cc19b976b6e372b1ab5
BUY,0.001,10000,1772526933,No,0x4319773fec6a23f61c9ad622e0771f8127d9b17a2a7c6cd0878abc0f76673836
BUY,0.001,5000,1772526925,No,0x1afee25140827dbb5555030f9a89b091e6972ae0d9b4bd7b3d9a4ba39b7e42c2
BUY,0.001,5000,1772526867,No,0x8ae2d51e14f42bbf8433438d5a8a0b5416e8959ca7771c58cea083e8c5ac2c2c
BUY,0.001,5000,1772526829,No,0x968eb48c30e630cdb66c64f34d69052cc2a8a1d35b3eb602d10dbfe6e29aa04f
SELL,0.999,35.33,1772526817,Yes,0x037443a539bebaf13bfec8bd4db09dfa58fab87317680dec63ef61ac90ab69b7
SELL,0.999,1,1772526817,Yes,0x7b81de7e82b974acfa419a8930e40e4583babe922cb8177f7d1f30eb4afb95ca
SELL,0.999,1.46,1772526813,Yes,0xb13e06e88ff604e740517294a992edc96d498ac2c96f88e51fc36b1130f2cd4f
BUY,0.999,175162.18,1772526813,Yes,0xe40ebe18743f951de875bfecc671a56edf10b667fb48e5c7035de6eb47f0a072
BUY,0.002,500,1772526805,No,0xccd486cb856096cca66f578cd8357a051fdca5473950704b2651063804fb291c
BUY,0.999000000999,5.005005,1772526733,Yes,0x6df376229bd1ad99d8e9d22a031b60bf7a9b9de0fed3d09d3469c8880da21875
SELL,0.998,40.54,1772526619,Yes,0x239c727af15b143b58bc7cc37914d145f7fc530977c1dd7db9ff7a0b736b8273
SELL,0.998,1.02,1772526585,Yes,0x0406c81d4fc6b777168d576e634131a5bb0dd0b6a0618d2d8865fb52705b7989
SELL,0.998,0.03,1772526583,Yes,0x9653de76c0c483cdb133779f1a748de58a9f67a7dc79f040afb80e2ee1880398
SELL,0.001,2310.99,1772526581,No,0x41d870b50d58528fea18b33206dcf2234830fd044f9ddf983d595b670de593ca
BUY,0.002,1500,1772526545,No,0x1aacb9a42ac161523c2031b630f56bab599bb62f2fe9a280c24580778f68a77e
BUY,0.999000000999,1.001001,1772526421,Yes,0x7b905117ceaf4b47fc3b040f0743607b9f26fbde56a7ebe061c33afb64b0881d
SELL,0.998,1,1772526417,Yes,0xed79324bb7f5e54eef400fb61b6172e37caf9fee64c3eb9be58a1e6910dc336e
SELL,0.998,11.1,1772526371,Yes,0xcf544f150eda1dd4a1fca8429d3dd7b3ca7f9312669eced14a0ea81aaf5c05fb
SELL,0.998,0.37,1772526369,Yes,0x3774afb787ce6339fd70a122b6e4750ef59be57188a82418cef86d5d7a9a08bb
BUY,0.999,25000,1772526367,Yes,0x224799aac3cb613b699342d0a69d8b5d9b1151b83b92719897d8dbc88919937b
SELL,0.998,100.1,1772526341,Yes,0x63ef5c46511485d125f603c904268e3feb226e5745a925f3d06d96abea632596
BUY,0.999000000999,1.001001,1772526335,Yes,0x34e930bbd2dfcd5915ac362db6bd374a85b2fd998e6cd48b5e0dc90caf870b2d
BUY,0.9989999909990099,100.100099,1772526329,Yes,0xc0feee6a3cbacc5c4f7096d86e02d6eeebb1dc3625d3254ec76dac500e7da543
BUY,0.002,1000,1772526327,No,0x399770103f4a1b54ea88e11712b7829ebb2c0c98e53bf9e369a640119f285661
SELL,0.998,100.1,1772526321,Yes,0x106c3f65863e59e89d0c7186fd0a674176115ca665c5e54a0a558109cef9f82c
SELL,0.998,0.14,1772526311,Yes,0x6fb987dae0b3b72aaba14f9629b1addb2c71746ba8a5d27febd9fd68f48c6e3d
BUY,0.9989999909990099,100.100099,1772526307,Yes,0x539ee8aa290969061d381557e761d6e4515bd6aea7e483b985fa71ddc547705f
SELL,0.998,100.1,1772526307,Yes,0xb034f175294f7d812408716b08c669c1a99998ff10fefa0ed71f0a0fee38e053
BUY,0.9989999909990099,100.100099,1772526289,Yes,0x5a7b351eb299fcb810bfa3b231c80e907f633862f318307108c49352aceed6f1
SELL,0.998,100.1,1772526267,Yes,0xe195470d1d50ed8acf448c040977c30bf1025499a0f9f483b25f30cc885bc417
BUY,0.9989999909990099,100.100099,1772526249,Yes,0x3ea4d031f34b4023a9dc740cd600f32f2a00a56841922be44896ec72df65d2fe
SELL,0.998,45,1772526237,Yes,0x03b322572bd20fc64c0b111e590aa54cc4f6219ed58a0dba1d2e11a397b09153
SELL,0.001,50,1772526035,No,0x81c3398e375a919c8bdae5f8eebfa408dc865d4b3fc591dc2be05a3c160847f8
BUY,0.002,500,1772525865,No,0x2010830b1ef57ea33abf6ead6a36dfa62b511dfe094eee90b51b5bac696721f7
BUY,0.002,2000,1772525761,No,0x3faf644677a662141a7978d4e186b63b55ef2099f4373571acb8ec9626b77144
BUY,0.9989999899090808,1.98198,1772525679,Yes,0x79cefbaf91b52f02802be30ea6f53ef34e3ef0424c360fffd4051a3ffcfd2deb
BUY,0.999000000999,2.002002,1772525677,Yes,0xc5aad2f1a43bf4e36acbff5cf4e47cf73fafda02f61262bd0b16f34b7ec68577
BUY,0.9989996114996115,1.44144,1772525677,Yes,0x7fdd96947353caad046bc6eda340c4e175f128f431c163ef7f9dcd7150ba0875
SELL,0.998,42.5,1772525675,Yes,0x6b88c369886084234eb661c67c5ebe084285e39cc6e9342bbe96fd559454625f
BUY,0.9989999509990475,20.020019,1772525675,Yes,0x4aec9019bc8e34212a4d7bf53ae92416792522671506411ffa4cd202a7e6288f
SELL,0.998,1.98,1772525675,Yes,0x2c0cad43bfd90eaabd48cf8813d91e261f5a63fc2e4f9e4de571267a7e1f50a3
SELL,0.998,1.44,1772525673,Yes,0x40cefa807ccd7bba0944405bd7244462a45c1d7d78c7f6a16739499d891ad4fd
BUY,0.9989999222657756,6.496495,1772525673,Yes,0xba00f3b6b7ded2a5493979b66714cb906cc70cfdf2c951b88f253fa16a1259fc
SELL,0.999,95871.43,1772525671,Yes,0xb531b9403a992a33236104d162e657c565e2bdc9a0ca1b66f068a43a1b38cc5e
BUY,0.001,3000,1772525567,No,0x625b77c89ad605e7ab006c7feebaf6cc9a26ff6cd4ae7ebb4c9541228ca6be7c
BUY,0.001,1000,1772525531,No,0x7fd080f8a5b8a1147785b66fb770dafa00298168021d70fa4d32f7f23ef13a2f
BUY,0.001,1000,1772525515,No,0xdf191164ac148a256e0e607ea9691ffaab1c7b7f70ae71d031f800a56398a90d
BUY,0.001,1000,1772525435,No,0x8766601865488ab0479c0d108af4226183138ac2fbc058e813f7a7a70dad4e1c
BUY,0.001,4955.22,1772525347,No,0xa8caaeedfbbcb0ebecbbd0bfbb3ba2fbd3d709116b16fa413d9d8554d97377dd
BUY,0.001,1000,1772525261,No,0xe40f4dfff55e67ed8f4bbe3fb2abc3e1cacff46f0766febeb695a886ae78ccaf
BUY,0.001,1000,1772525261,No,0x80ea8859ade5fef26bd69374b7be882042fe8fbb9b8e6c805f234d6f07fd2d78
BUY,0.001,1000,1772525235,No,0x5df34455c171f6a529a260ed502aa12da24d055fc7b22e70dda2c341f6c0580b
SELL,0.999,1606.9,1772525129,Yes,0x259d2b97980ec449d7105584ee20e0a4ae175b542e437f3906f5580ccd67f286
BUY,0.001,2100,1772525093,No,0x35492a0bac4541e2defa0497ec39459993b10dfb474500db78cfdb0f32908e81
SELL,0.001,4408.52,1772525091,No,0x6218c34c2055d6740f00bf25a48b7e35e73b3b25723f1542c0f13922263407aa
BUY,0.9989999749005268,34.144143,1772525085,Yes,0xa54c76a1c01b0a94985bd9a4e479fe82e0893564095de61707459b1acedb09fc
SELL,0.999,557.33,1772525011,Yes,0x5e6cc5a27b215ec66a40e1d6f6b6b0b548c68d686156af40ddb5bfc968cdda14
BUY,0.001,1000,1772524955,No,0xe234b6781b8a36f6276cb3a70fe538b24a4595db1a92351b0cafc5d0d1b49303
SELL,0.999,42.67,1772524947,Yes,0x115782d2df2e08b729ffed25f78ebd90740ed98ce8be8aaa92f92c9bcdbb2b7a
BUY,0.999,3360.03,1772524839,Yes,0x5da1411ea2252602f7a0c103194c1b4e3412e7fbf6737c526994a2dd7e06fe59
SELL,0.001,500,1772524821,No,0x1a1ace853f40da9ff67937306c7fda1b56f0d2827a005e48d80289c81e568de7
BUY,0.002,500,1772524809,No,0x6e1c495cb1701d1763856f26d55483e8488c923260d60961646dfb0d2d2e8b62
BUY,0.999000000999,5.005005,1772524771,Yes,0xcd65932766745531751b7b8cb9a0ee70ddfe5b6e192f80b34acebf45d31a6430
SELL,0.999,14134.96,1772524771,Yes,0xbbfb759c04c319877c0d3225e781eaf8eb921758e73517553412ad95c5f79e73
BUY,0.001,11000,1772524679,No,0x1d298b1859eb398fe7190a099e9805b8db81f3b3cd367313af049b10eac9d74a
SELL,0.999,24.59,1772524247,Yes,0xa0405b9c29622f1a01705d064ec2b04acf392c2cbc3d760dec9525538ccdb628
SELL,0.999,13537.31,1772524231,Yes,0x926b3fe02ffe8b00ef6839eeaffc588688ada5d63ff7537d7b4d16d7bffd2e85
SELL,0.999,17.68,1772524149,Yes,0x65a4d33e21f2fd5b836a631a04c7c77cf53f26a9630c533557f1030d95caf97f
SELL,0.999,17.64,1772524123,Yes,0xc678b02326f2529340f183bd98150d59d178a18ff7e26af7106f7ca9ebb639ed
SELL,0.999,1.58,1772524091,Yes,0x4c099fa7b4adb5b3246f5e7a648e0c0368a5fad96b224425caea18b35f76f786
SELL,0.999,7.78,1772523997,Yes,0x52f3c52024597461b544ecabd78600a4aa2790df287a1e12755882e00aeb7b3c
SELL,0.999,6.55,1772523977,Yes,0x5c211d2d032d0354004ce8b3bfe2c7863331403b78767d58b961ff175707045a
BUY,0.001,5000,1772523959,No,0x69940c2cede7e1ad934ac5f1d510f1954d7bc8c02867bcb4ca395be1adaf4099
BUY,0.001,1000,1772523917,No,0x4019aed9ce9b2da52405eab19a0e0e473bd2fdaa48380bb2e8882ff0b88363c4
SELL,0.999,130.81,1772523887,Yes,0x72e0edcbd140c72b6bd49baca909a7ad3c723ce677de47c8ae7d37d4a5138fe1
BUY,0.001,3750,1772523783,No,0xc49e00baadf6f1fd12165362aa77ce24013918fc8e1f4af46373effc986d8bb1
BUY,0.001,1000,1772523783,No,0xadeddc4172cafdc647c29d86c6325df0ef88de535c1cc7508ad16939e92f5782
BUY,0.001,1000,1772523751,No,0xad84d9f7c467177909994ff1a93d81efa618c237a70af45339d5c6b597f79d34
SELL,0.999,2.05,1772523709,Yes,0x8776e7b4ed0466ec6ddb1a9e11a6e8af27c67651c14cc0922ac562726d089ce9
SELL,0.999,58.82,1772523701,Yes,0xb708b1d6d5544ff640665a955cda1f9bb33af0e660ddfe269987e42e9b118945
SELL,0.999,94.4,1772523635,Yes,0xe850a9cd93298896a3c3c33c8ff0875a15205e6d89691cfa6c312b6e1724645a
BUY,0.001,1001,1772523595,No,0x048049c8e3bc6c36ceb0c79976d7af005e87f4708a5f8159f1e0c240e8b99973
BUY,0.002,500,1772523461,No,0x5c4251c9f59f7082707b251dfeec8c99b87aedb05eb74393af6c893132c18348
SELL,0.001,1.01,1772523409,No,0x43fc3461461f41fb05c3a53a36010498b3f3df06a43686f8ffe0b70b036f0398
BUY,0.002,2435,1772523373,No,0xfc5664e502365c48693341393de7ae5c1ca21a8ba276d93557c345c45bc79088
BUY,0.002,1500,1772523369,No,0x1623ba5bb06dc5b2da57e232c6ddd5311a979615207acd5e5aa2a8cae738c3ef
BUY,0.999,9783.84,1772523281,Yes,0xf012edfa7e030692a3ab03e03914a8b2554f78ff7f698e921789c9b62d045f52
SELL,0.001,1.01,1772523199,No,0x97ad26ec5d458681b826ca586d8e427d7a01fd343e35920c2418c0b597dcbcac
BUY,0.002,1500,1772523131,No,0xc3bd3fc6a10472cb311a806b266eb9429b996e6c67fe325dcf2c4edc57cd0bab
BUY,0.002,500,1772523091,No,0x3df591ccaa6902f1f926a3dffd6d6cf94ee00928dc794aa4554df5bdce4ffdd6
BUY,0.002,1000,1772523055,No,0xec7cf9a994100168344036537d5f03781884d28013d450c21303d28f0b18a4ec
BUY,0.002,1000,1772522977,No,0xee7af0438b27b02497317be5dfdeda4fce2dc92af4abdcd829e073f4198dcd44
SELL,0.001,2480,1772522971,No,0xc2f2a6220a97582e99fc949a2ce02dbdcd68384876802d1eec9671d9e8fd5654
BUY,0.999,47,1772522951,Yes,0x8f1f0221be670af6c8d8ea8107a601b6e34f84586f84ea6a7c8ad0f9306bcc12
BUY,0.999,92,1772522939,Yes,0x15bde875eb32e6a256871cb676f3e2195fb6c63711a39c9f0cb4df18c4dffa7b
SELL,0.001,1.01,1772522907,No,0x4d4da9882fc02cb3e949b8dc952800cfa92f562e8af0ae27c4fa035da7008e75
SELL,0.998,100,1772522797,Yes,0x83c5bd49dd81639bdef725931c22d0ab9d95dddf0fa2b25fbe032e08b0bd3a8d
BUY,0.002,500,1772522633,No,0x96b120c139eab84c80c6711261972aef0ec863607bbc6417679c5e2062c25727
BUY,0.002,7500,1772522421,No,0xa853fb421be9af76b33c48a0103255f93d8e136e2011271c8311ed4d777509b1
SELL,0.001,1.01,1772522373,No,0xad9fa7bdf70fe40921bb1f6569bb1964f58573d15c1e4aa75b4f7a5f26cdbddb
BUY,0.002,665,1772522369,No,0x019e635a35ab5f5c21c066ef27ff46a760674e0cb11f1e45d1a44fdc433979c9
SELL,0.001,16.18,1772522269,No,0x2e2e4105d94b5b946296533c74d1e8aa6f3bf36896732bdd189dd0a5d6a0561e
BUY,0.002,2500,1772522209,No,0xac75d8d41251f903151c123512f4ed3159a11220fa76d3085d557e8e7c402500
SELL,0.001,16968.14,1772522199,No,0xea95b17fed1ed211cfeacf4ead4ed161a75440f20c0df33e17760005509d357a
BUY,0.002,3246.49,1772522177,No,0x5b3b61f57b27f190647d9352e2a0667b6076164d4617b2cdc8b692c7c6950de7
SELL,0.001,11328.75,1772522133,No,0x27940205354a7610fa9c780eb65f7e0057f25ff090e70e56cb3ae939ef675459
BUY,0.999,15820.28,1772522027,Yes,0x6448768a9ec5a55a970264ae4d328c4853ad61a345f0353c95ad07be2f67a5d8
BUY,0.999,5005.005,1772521997,Yes,0xc2b2c069dfcd002d08c264bc6086d69791a4f3e20aff09b9b82d36bf2e430b5d
BUY,0.999,3634.784,1772521963,Yes,0xc9cca678fdf53ffa29c4e28d36d76f7a2644d247fc6c0fcc5e5de69621a94be7
BUY,0.999,1.501,1772521953,Yes,0xa994eab53fc54a62944dd18c112e9e07861c85cc0ba4a6ee62992a633b0f454a
BUY,0.999,1.501,1772521949,Yes,0x8cc5fd80f6aa0f218d5b3c9af4bab6e4e6edf7484a7aa8f3d0647632ae850eb8
BUY,0.999,20.02,1772521927,Yes,0xf3c4ebf3370b71cb162fb692ad93683a65a514d0e35403896a11e9b3ba8d3c60
BUY,0.999,2.002,1772521923,Yes,0x769e5dd883ad73cb5d21aba9d58e38f0ca3b68a98ec5ea4e46c6fa0b52c4a27d
BUY,0.999,10.01,1772521919,Yes,0xec2901bd554afb3d03a539bff31d45da4816c07cfb330595d15dd6f0b8225839
BUY,0.999,10.01,1772521915,Yes,0x48740ceb515bc308b651df821b5d1d8929f2a2ca0319af2fd1f2c5ecff98ae27
BUY,0.999,2.002,1772521911,Yes,0xd4de4970d1805ac745ed24ef618a4826f827c1fb42493c81676fd87987217ca2
BUY,0.999,2.002,1772521905,Yes,0x5191c6d4e041bd503edc74e2d635144a32652ab1a8f552da553a5f3f48579285
BUY,0.999,1.501,1772521901,Yes,0xe72388fffa12d8c97d840b642bf896bd38d28b928ce51c077b5ad5fb31b3d983
BUY,0.999,2.002,1772521873,Yes,0xe7de364e53b877d172e7dfa5f240343b8fc1a0321544e9d95a822adc41ccd011
BUY,0.999,20.02,1772521867,Yes,0xe81aee95f570932d53ce8d2a3f19316e58203b8c90c66889c6192fd20b2015df
BUY,0.999,2.002,1772521863,Yes,0x8d5fab424d3768687d3d091c54aad830435d59d3974c6b5717865dd08fe5e7c4
BUY,0.999,50.05,1772521855,Yes,0x7c924a34e98d69ecd254f6a7c099e7f5d67ee792c820830ab7975b8728bc7346
BUY,0.999,2.002,1772521851,Yes,0x275bde25de590e964eeeac8fefb8f63b2da0836cf623882b4ac00b6637bef929
BUY,0.002,392,1772521781,No,0xe698bfa95c3b737e9186f97acaa6f7fb1cde71a1808464fe0e72ec450b7fc8df
SELL,0.001,2500,1772521759,No,0xf1515ac8a81270c8c7cee1597bd7398bbab2d2ed7f69a05e78018b4560db4e0d
BUY,0.002,12295,1772521735,No,0x6edb024c5ce9de8ef67832096c846944d958e28246a62fb0ca22fcfa048b30e9
SELL,0.001,159.99,1772521577,No,0xbdf8c4527cd1dd5bb6e430cc7f5513a7da9a6d16b25f90beebed8f90443d2583
BUY,0.999,2.002,1772521559,Yes,0xb348da3db2303b979ec571ff9c11967ec35af7ebddcc2cafb3f6c72ea34ecf3d
BUY,0.999,3.033,1772521559,Yes,0xac0604e5af2f18b9dc706d00f523976a0af30b2e4a6afe48f09e076768907953
BUY,0.999,1.001,1772521559,Yes,0x875e1bd65810017993cf72ae55126223182ec887ce14056ea99d50b52fcb4dd6
BUY,0.999,6.01,1772521559,Yes,0x992a95a92425dd42e7dd5df4e0a11571f0d98ebda7294e192cace69b799435e9
BUY,0.999,3333,1772521553,Yes,0x7b957029d2b30878c8b521409cc3e12c0162b587a3a9d5c80ea2703d835f44a5
BUY,0.999,166.65,1772521553,Yes,0x81249bc60c74cc97026032fcf6660421a304abd763a53aec32fd1b40544409f2
BUY,0.999,5.005,1772521553,Yes,0x8f93a7506018d3bacd9ba6e143ea28eb89270978e5fc189fef9b1b825ffd3698
SELL,0.998,100,1772521533,Yes,0xa8fbbe5d36873081997d533f278cf6f1471cc6b12f4c34daf205c7c7573e478b
SELL,0.998,103.33,1772521413,Yes,0x8404a851725e7a7d5e6a9dd929ea6f0927df515b2e9a9eee2a5435a4351f88f5
SELL,0.998,2772,1772521357,Yes,0x6502491a9c3d5969ce8d76ec414f72ad8758aad04fdcd566311b49a525fd7ddb
SELL,0.001,150,1772521311,No,0x21f8ea80cbf4602583a88d9c729b6188503552f720641dab336c05d63907f10a
SELL,0.998,4.99,1772521265,Yes,0xe3e6567ddd95e869030494e0de0fc0f9512736c7f910bae3c5c87621387e16ec
BUY,0.002,1500,1772521207,No,0x815fb45d41e9c3adcc031e48f842ba9b3b0e009dafed9403ddc39c6ebd27d67c
SELL,0.001,38825,1772521201,No,0xc5c11eb0a82503fee0847d1f96c6c13b3e33127fea43a6d608a301913d4c54ef
BUY,0.002,2500,1772521191,No,0x2d9dbd63a58c165cf06b51f637b379337dfb8f96bf6583affb088e1a7dabdd90
BUY,0.002,2000,1772521183,No,0x2836c360061b1b9a8ea4fa5d2f5b46e596a3247693f63e5b409e92f93023aebb
SELL,0.001,275.71,1772521141,No,0x54c0cce45d0dc36b8f95895cdf0c0868cb2acd48655c0fbe0c738f524433799a
SELL,0.001,46.73,1772521133,No,0x13889489787aee5a3747d56130227100a9ada80fd983d0d382208ca42e7d9b9e
BUY,0.002,2500,1772521121,No,0x7e5512e20aff8ac3a1d10d977a92c4c31495dcd3ba236b11db1c934254aa4e8b
SELL,0.001,500,1772521085,No,0xb601c4ad1494212e46327cc3c62a48b42906fb70f824ca6f7cd613345e5c0af8
BUY,0.002,5000,1772520967,No,0x979b6ae7939a4a8f5ab13546358461b488389b7ec0bad63fb4fff88a7023e938
BUY,0.002,2500,1772520959,No,0x5150c6903bab8d4d59f7d5a366bf1d0f7f5ad6bc29c3aa4d2b754529bdd71dac
BUY,0.999,100.1,1772520901,Yes,0x124d5b6767364317547925b595f514ad694518592c5bf99635bd53ef3175af98
BUY,0.999,100.1,1772520887,Yes,0xd0436228f1e3246a829e95bb4710f589137d6982ef6eb18129b2cb0a8d9b3e66
BUY,0.002,500,1772520857,No,0xdd9e782efb67b60c70edead36fb8e843809991e0603c0472831cd5e14261f75c
BUY,0.002,3000,1772520679,No,0x4fb43ee70e0e540571da71ce8acfd71bd354ba57feeeee53150e0f3e1c294b35
BUY,0.002,2500,1772520637,No,0x35921e5d5f09bcb3b4034df1f5aff6c57816b82f1447a0807983c52da9514926
SELL,0.998,500,1772520591,Yes,0x7a37a8a8f806c1b88fd0e2bcb91366cec33df8ad47e8bff770fee31406cc8d1c
SELL,0.998,20.34,1772520483,Yes,0x4678064743455895b115c64235e9efb05b12b353b552e6dea4262279b7044252
SELL,0.001,15,1772520473,No,0xd7539a0b15c432a018faa1374638d2662f424f22d89f4738b35269f676eeacce
BUY,0.999,5.005,1772520427,Yes,0xa98b02917e08c6250aca7935e0fd1f2d3974561d29446a4313aedf4ef20d4263
BUY,0.002,5000,1772520371,No,0xc1c06678f16ea9b8415462c47a2f965d149a5383cae5b0b9e84a08cb66d3c0d3
BUY,0.002,5000,1772520211,No,0xcfc14427f254b52c6db856425b11b5bbff6c7535d0e37289dd15cfc372ad7e43
SELL,0.998,2026.29,1772520103,Yes,0xc33104ab6b63d355b5e203a1daed91c39c45987357125b575c4b516082ef7463
SELL,0.001,1.01,1772520095,No,0x4a4a54f6cb7588389ad721197418a8bf5124e7b0eb4d3bc174edf3b26e811016
SELL,0.001,1.01,1772519909,No,0x5e9ed8aabc066b95c9fce6f134820f84bc191314322c668c014d5f1b9e7ac26a
SELL,0.998,310.34,1772519837,Yes,0x27bf259697149e1aa697d535493f67cf99f865fc3dff5535d70a9e67e2ad0235
BUY,0.002,2355,1772519767,No,0xccfeb588f66d083ac704163a632f787d240532087e9cf8d681ef648b08761a2a
SELL,0.001,1.01,1772519739,No,0x3acd67c2adf0096c14a6d84172b054942b507254030ba333894328379f80a508
SELL,0.001,500,1772519717,No,0x86afcdd7fee3789fe764b5f614c9313084c49f9243681d74223e6eaddefe49a6
BUY,0.002,500,1772519709,No,0x4ee92c35cb7f0ac54aaa9496b50f53654cf8a961231a886f6cef4389b0034aab
BUY,0.002,10000,1772519687,No,0x3a8628234948116d2895ed1c69157f64e72e1c3c74858daeb7f2f84e8509b588
BUY,0.999,63,1772519661,Yes,0x14c9510101f8ff4df19dbffa923846ce8eba54af9f5c3ec1460a61a47347ab85
BUY,0.002,16000,1772519651,No,0x51610153890acf4d41d626a97bfab8c754f8a363f7bfd7b66aa1b5e5706db7bd
SELL,0.001,500,1772519573,No,0x925a12868a3530a62a102d9c9c8de2c6c800227b48aa8f64b56974a37c4745b8
BUY,0.002,500,1772519563,No,0xc1f7e49c7f2261e75656fd75da13705aa88723927a9f4b4ba47fd8849ac3e9e5
BUY,0.999,9.949,1772519531,Yes,0x6a26e72b0ad4f2b33db2e759e5d8feb54e28d1a74d8fb108c93ecd63633131e1
SELL,0.001,173.41,1772519523,No,0x4f8a80a8357241f84bcb6559cbad5e70ba09d89f51fc2e4a720c63a1f63ed570
SELL,0.001,49370,1772519519,No,0x5624052ff4e191525c20f8ecab4e2cb7eb0a8826dcce9401253236d1887e2543
BUY,0.999,5.005,1772519519,Yes,0x221b847fa414f6a8d05181fa8f1b08be28e70813e97b2f6f0e7cc92ae540c4cc
BUY,0.999,5000,1772519517,Yes,0x063607146100a22fb6c3e912b39764e5e0fe03d7d33e178ccff239c4f6cc174d
BUY,0.999,1.501,1772519517,Yes,0x6d1af968d21e950a363aff67414238313fc70c1a9c0bef424afff9e3cd4e6d64
BUY,0.999,1.101,1772519517,Yes,0xa79d574e3117c5e88809c346552c2c07ee65362c2906307f98c41804075b4c75
BUY,0.002,5295,1772519499,No,0x578f7b961228e01b15ae9686b334f89f6de5bf5482764a321f926be60d789756
SELL,0.001,9000,1772519489,No,0x33374653e5167cba127baddb6d45c4c4a037c5c02eeb14482995e473228d6bbd
SELL,0.001,500,1772519457,No,0x3a250b24021e81ba3f2e0c841778eb3f9b504233bb6e822658f26acfdda3b1ea
BUY,0.002,500,1772519449,No,0x5e8c24f5127dd3feef98986280bfe2a062b48cedfdc64cc20efe0c826b913b2d
BUY,0.002,21500,1772519419,No,0xd41046e6bca61383a054e7d36ff3beb8e4b944774b289fea8f59a575184866f5
SELL,0.001,500,1772519417,No,0x7cf7e060dae47003dc7c62c9816c6f7dcaac3da2aeb40b80fe10626ca5756a34
BUY,0.002,500,1772519403,No,0x996932b1b5f99c9ff17213b3817a8a74b13416dbfcc3eb075acd331b183722ae
BUY,0.002,1000,1772519347,No,0xed530fe431ac1ccd5715edab118afbd69b57a196b338a3c812fa8ffdf8c98389
BUY,0.002,1000,1772519343,No,0x302636366a2fc801c9022c1e39cf048d3c533d657b6527a2360f489111b580ce
BUY,0.002,2500,1772519343,No,0x450bfa8ba23b7329c6ca38e195fb90593853876f47ba893cd22afedcec442883
BUY,0.002,500,1772519343,No,0x085e91387af00002d04b3679fedfd39c28db9e4126217773b66f656c6a7e6ec7
SELL,0.001,7.71,1772519295,No,0x8e81e31d8ae43537b03fc1287a6bba6cc6de07631e7d72c6c47fc694f904c99b
BUY,0.999,6678.108,1772519267,Yes,0x4201ee22608a7244f8484e4dec615eb5bdaa134a93ca08eb49d9a9e7ee237aaf
BUY,0.999,33.033,1772519201,Yes,0x311a7d0eb64a7bb72387c68619feaa6830f9d2a31160cadf7ff67c966e650d83
SELL,0.001,188.67,1772519179,No,0x6cd984c5eaacfa178c84ec1196c8859100eaa2a28d1795629d3306da7149e746
BUY,0.999,9.949,1772519073,Yes,0x31dcdfcc38f89f393164e119b7dde8f6dfcadba635a186e15566156f24c7f5f8
SELL,0.001,70747.61,1772519067,No,0x543c4c20ef1f9428a60d146c68e4452db0061595d6ef752bb40223a5453ae969
BUY,0.999,1.271,1772519059,Yes,0xe19b0d5ae107a79cb9ffba4621a04256844fbbd715e3df320d03990a2ac5945b
BUY,0.999,10.01,1772519059,Yes,0xcd365ac11802c368db4769f25970a5fa427b06e241c4c6b7e61c7bef9cc92561
BUY,0.999,15.015,1772519057,Yes,0x7b869084bc6026f788e6c628757fc19870fa9e7739809b6ba9fd36a0da354aad
BUY,0.999,1.501,1772519057,Yes,0x1a5a292d06ef171df68eb9c38a11b9146df02120c7e1630514aee5e9ac068719
BUY,0.999,10.01,1772519057,Yes,0x31e31a924eed13a1c859556dc78fb03c7eb851b0c4201064c64d3454583ea8d1
BUY,0.999,2.002,1772519057,Yes,0x71ccbba85fcd5550b3192041927b42e57e1927b6e32ed3e7020325641d936927
BUY,0.999,1.101,1772519057,Yes,0xb5d0419e649f0517f9e6824d04f16037b51dae6544897fcbf5cb7c492d858cf4
BUY,0.999,1.501,1772519057,Yes,0x8b537a93300f039d746be16c6c086461d5bffe8f118c3f6096feea871c9dc204
BUY,0.999,1.101,1772519057,Yes,0x873f4a8ad4050bcb01b0b21f5529f43e70b621506889dae91defd22988acc9f2
BUY,0.999,5.005,1772519057,Yes,0x024870747a8e8857e391d8913473a722927bbf92e9b997f25281518062aa0896
BUY,0.999,10.01,1772519057,Yes,0x0dd39bc249d6f6ed5ee14756019f917d6876605eac1bb0655ed57bdcc475875d
BUY,0.999,10000,1772519057,Yes,0xdfbe2edafc2bb7cebbe9cf0a32639c19647bb95492af4c8b3b7670a4cf60927d
BUY,0.002,2500,1772519033,No,0xfc7edddaa7c05540f376e21f069a8ae54802d5c900cc9f72435ec1f42e98b2a9
SELL,0.001,37.73,1772518893,No,0x6b430ef2ec3b01d62c6e73f5d8edaab544b71509e412c2f8ecf03fea77123bad
BUY,0.999,109.569,1772518807,Yes,0x036b45f0dd9fc9aa53aac0d1b6ac202e5510f43878668f49cc67680230eda97f
SELL,0.998,41.66,1772518739,Yes,0xad93c97d26603c97977bd84b089a930d2b5ec3b4da09ffe1509148e12ef0f7ef
BUY,0.999,72,1772518615,Yes,0x3a77e24517e412defb81ffe847ec9c7e923f2e3b72d3b5ad905ac9603743743d
SELL,0.998,2573.98,1772518283,Yes,0xe8f0195a077805ccb3936924be9838c883215ba63c9fd8d52455cf11e1b602f5
BUY,0.999,15.015,1772518263,Yes,0xa5df11b5f05f1a2a048e400810087dc14f1005e7ea3c70fdde91e0b3909992ef
BUY,0.999,5031.601,1772518021,Yes,0xac2a8de6f27cd98106272cca50254a03b9efa802794c0e9ab874837c1102e5dd
BUY,0.999,42.452,1772517905,Yes,0x627931af6b0d0fbcae1dccf062a2d8cac8e6a3974ac8367cd6917b2b3df3dd4f
BUY,0.002,2200,1772517789,No,0xdb418a3672791cde37c5fdab087d916e93670e6a473408dc261ab2d4b68ce86f
BUY,0.002,25000,1772517729,No,0xdc0e15aef32db79c80a2302178ad44fb6dd3c43f856f27ded126492aa3d887e0
SELL,0.001,500,1772517691,No,0xee5b9584f7a6c4b1283e5cc64cd0cf3ec5c18d9c5ed0de8952795b52f498ba4b
BUY,0.002,500,1772517681,No,0xd47bfe76928af8b9408d6d5844fc09d0f154c00f800c63558e4bcf300b857082
BUY,0.002,500,1772517637,No,0x94b23eaff62e1cc331a7336246a7a7af7958c0a8a53ef4dc0f7d402de7321d51
BUY,0.002,1000,1772517607,No,0x5d500226df6c92700c369df25d7878b82713a55e14cb216322887ce4a936acc2
SELL,0.998,28664.95,1772517571,Yes,0xb016727a53a48b8b1256216f7584f555877c793acf7dbc7a2af07dc353ff0171
BUY,0.999,69,1772517535,Yes,0xe7a5fac678590b1569d02ac5395b8d99aa8b3c4f85386be578666bc324825e7e
BUY,0.002,500,1772517443,No,0x293e152eaac18a38deacc6cf62b5a492e8de95f3988ac1631ffe8b1c56f5eefd
SELL,0.998,5882.35,1772517385,Yes,0x15b37892866f5c82fd01f8a5fccf53246feab73913c49d1729e8ba89f63ac943
SELL,0.998,10.02,1772517359,Yes,0xf2fb2b557892ac1317f6fa738ee9fb81955e3b7f049c5cf87e4eade1396c17ae
SELL,0.998,20.7,1772517349,Yes,0x6d3435483e68ef47ae48aaad61e1ad5cc23efe5cadc02467e1216c904fcc91f5
SELL,0.001,2.02,1772517343,No,0x68a26da84ac6f2aa3ef9afa54489925f15559d5f935cd86272078982b81e0880
BUY,0.999,15.015,1772517217,Yes,0x9764b4b2ea3842d484f620e126a70b4ad54905f594a6f5ed8f25a2ea6380f018
BUY,0.002,500,1772517137,No,0x2fbcd475385b7fd8b1ee84b81d7489b12cc41c59d12a42c992f048f32cfb9163
SELL,0.998,398.39,1772516949,Yes,0x0693cc27cff66244883e245a3838042bd34aa2267513aec94d7b88cac84ca0e8
BUY,0.999,398.398,1772516933,Yes,0x0fd52619ae2ee840d9a2a10a2cd91dd1d6dd4a6b4f1e663cfae881e16da66054
BUY,0.002,3725,1772516913,No,0x13addf3bb2c74211390366a62176cf5bd5b89f011de0ca895cc34eaa5e9fc27e
SELL,0.998,480.4,1772516819,Yes,0x73c7ad7b7553f4e456fb29bba34d447b43008b692c11af6fc6cd8c4c055bd3f7
SELL,0.001,57,1772516801,No,0xfa724cfc1eeba8184a1ede168ce70cbb26a20bb697e4f15c4e39ef10ec2cb170
SELL,0.998,400.4,1772516703,Yes,0x5374a846c459988793875a63c4dc72100eab79bc8b55a2f386463c08526bed5f
BUY,0.999,400.4,1772516675,Yes,0x197f90c20c7dd32c7d91816d69e0b9abe8cdc5fb9140e0b5e1f6a7000a522093
BUY,0.002,4300,1772516617,No,0x5e25bd812a4ff3c2cd3a9f14da9d4816f4f83d574311d4f4994c054ac17208d3
BUY,0.002,1000,1772516597,No,0xb76655e35d2dd9de6949adca11bc25428ed8691e98ab459d05c92f9173868660
BUY,0.002,500,1772516503,No,0x061c0576cd5b62fcf4420562918c9957eec1458191a564c9a3459c15ac1ad1de
BUY,0.002,115.65,1772516489,No,0x71702954526adcafd4b417889db642d2fdea6f7c527b9f97a9d75090f8f7aa96
SELL,0.998,396.39,1772516439,Yes,0xe7b8b781a6c21cb068c8b694cabb0c5b1a7cddd5d88b0ab9b7c7b4aab39c3d33
BUY,0.999,396.396,1772516419,Yes,0xb5768151cca76a55400ef4fd0421dd8fcb56b9154d4b16b07fa224bcd67a2c79
BUY,0.002,500,1772516401,No,0x825c1482eb21afd5ec7a7522af37290f85dc58749bf71899f1b8a58892aad919
BUY,0.002,500,1772516379,No,0x410bf657994e00433cd43b1781f7b9dc2856c6bc534de3421056e603fce1bab9
SELL,0.998,450.05,1772516347,Yes,0x96439c3be036f453e9d7f7784f963f108c62a705a28a1d57c6d394dc907a1f08
BUY,0.999,2.002,1772516335,Yes,0xdfd87dab97406d205684c162296d9fab050428d715e68458d09f71c679407cb8
BUY,0.999,8.308,1772516331,Yes,0xd307e6e73b6a457fd396dab9355933241bbfd42ed75bc6297b7aec57433d0545
SELL,0.998,396.39,1772516225,Yes,0xe9d2ce09b2631f95d5d8181d2f08f6335ff05b290e0fd15ef030dc331694b37f
BUY,0.002,5500,1772516223,No,0xa0db3ac490ea2c32bc455f5a5c9031ba505f82289a481564996296876c9c416f
BUY,0.999,396.396,1772516197,Yes,0x47e863cb13dce18a6ab85759f70c4e95e76dbe68b2adf937ff74dffa1b54597a
BUY,0.002,8700,1772516185,No,0xe42c3b7edba08256c6cb3f56e58eac3943547d84cf91c751242b327bcd0f7bc5
BUY,0.002,500,1772516113,No,0x58f4a62f4a1eaecdd32e69b4768be3d6b134eb648f3be5ee166cdb4363e22515
SELL,0.001,1.03,1772516087,No,0xdb4d79a1b5bdb1f5d8720f479583a27c8bb57d37beb115e532a5e91808577e6c
BUY,0.002,1000,1772515915,No,0x8091b6ab4dc5b1717a741e4bd6ac061357f7f198de5fe6f8ad7d0d0e10186d38
BUY,0.999,90.56,1772515839,Yes,0xc50e2abfec94efd5874e807c6301c783b7c544717311678f0fe6a208ee52cd82
BUY,0.999,2.002,1772515833,Yes,0xf5ccaf9476de9c69bd5882b737d599233ff9d41712b38ffac83153dd163013f5
BUY,0.999,1.101,1772515829,Yes,0xa47ea685edc9bf4781a6f76b3ced52be51d0d46b583acecc4e7249aa2b5346eb
BUY,0.999,25.275,1772515829,Yes,0x497462aa73a4acdfb6571a269574e0fa48f5f547d9e14333dc70ad8a9483905f
BUY,0.002,5500,1772515799,No,0x6cdea78b8e2ec15ab4fa32acb3b8747818daa69b2f0016a332f9d0f7b3499948
SELL,0.998,398.39,1772515793,Yes,0xe6a5eee6bbcac18c4a0e0143a2cadea47786c8646683c0e63abe188fde6e787b
BUY,0.002,500,1772515791,No,0x719434801c5d7c8ae7c3cfef23cb232f329a01860a0c275f5c093c980e9e20e1
BUY,0.999,398.398,1772515783,Yes,0x75893c5997d23b5d2238622380013c9f5790fab49a4abf77327b5aabc7085908
BUY,0.002,500,1772515753,No,0xfc7a29b744b88bed084dc179152d5cc5ada72891814357ac0e114bcdf568850f
BUY,0.002,10000,1772515745,No,0x516df2ae3abf80960ac05ae547c4ed7117af27f0f03572a136654a625fe26571
BUY,0.999,1.091,1772515715,Yes,0xb123c97b24acf7f7398c1557c3214dfd81fb98e3a905e7daf020715010e7768e
BUY,0.002,500,1772515711,No,0xa23a74d26f218d0e722d4c1314540b14c1f3f42b21a6cd51b95782dccea822c1
BUY,0.999,1.021,1772515615,Yes,0x4dfd7417c9459d74cd1d74f5286a7721837e1d09141f885cf47ac2565f1acd65
BUY,0.999,1.091,1772515613,Yes,0xed143973977052c6ea92e392fd01353b6b097821d1d9196d71a0047ed76b6cf0
SELL,0.998,15000,1772515611,Yes,0xeba54f8c1c8f8ce699c55d0a1b513c5b805c5267b3ec8a9e743bc778de3ee9d7
SELL,0.001,138.88,1772515605,No,0xbbee2320f5cd130da4d5c5e0b26d82cf038d4aaafd79a66aeeb895f037111807
BUY,0.999,1.091,1772515551,Yes,0x58b0b186c23d6581a59fbef25f17f981d68924ec6d7196670ea0a44cf115865c
BUY,0.002,4000,1772515549,No,0xacb7682bb1df16d52986a62b11e70fb1bafb15957c17e4e25254d03c6c8e775a
BUY,0.999,1.091,1772515527,Yes,0x59bd128f5a31755f548e8665e8e56fe741d4b4c80041e70cdc22e7f76aac6c6a
BUY,0.002,3000,1772515525,No,0x945962cfc5754b5f56be25ef2792b1e8ad289682d126bc75db15f004c703a97c
BUY,0.999,1.091,1772515495,Yes,0x36293ff72248a6e1dc37ee4ce9f027bdfd61544fe17421b676c8c1c6c0bd95da
SELL,0.998,390.39,1772515491,Yes,0x3c0f5e7ccfa8ad5f93a0a78527944897ab2f0ab2c8c0a9efdacc9aebac4c4b5a
BUY,0.999,390.39,1772515481,Yes,0x5c2de409310f91a06464e62a18cf3416bf3af7693dbc9f90e86a8dfd93b4a5ce
BUY,0.999,1.091,1772515441,Yes,0x1d1ffb7208cd7653215dbda87985529d07522401eb29f36c3438ace6559659f0
SELL,0.998,17.53,1772515437,Yes,0x46d403ab045b9f3d838958c86e441b1cde7db11c797deef51946ec7bb9eb896d
BUY,0.999,2.252,1772515349,Yes,0x4bbf605900c75ed56ff5496345f04e89293e601b98a00c86cd00d17550db43af
BUY,0.999,1.091,1772515349,Yes,0xe24418cebc7be5c58bc6d75b989a7dcca5f6ecb060e1f923fe3341deca053357
BUY,0.999,1.091,1772515347,Yes,0x2cd37dbf5236ff1f74f174e26c7d1a95e3c2eb452911fecc55ecb99124aefb76
BUY,0.002,500,1772515345,No,0x9d60442b4424ca53135acfa256b569d56f29518d3ff4a946aa7739580d494d2d
BUY,0.002,102630,1772515345,No,0xac427eb8932accb5bf49345dc1550f372aa851f0946631009cc5f3d1b6617036
SELL,0.998,6022.77,1772515285,Yes,0x4732ce5d7607aa0810666bbb79fcfa101561b855852b6bb196d53827eb9ce00a
BUY,0.002,2500,1772515271,No,0x3af901497933cc4a489f4de736d1f925b9a112fdcc0374e2472d64f2e3bcbd54
BUY,0.999,89,1772515235,Yes,0xf37513247bf374bcca59c0be7c598a6cdb2e8a74504c698d5ebbc4a826bccbe0
BUY,0.999,87,1772515233,Yes,0x7954645c7589d45f698bfb287774fe053ba1cc21671c8d8f82fde7a9e7f9b2d5
BUY,0.002,50000,1772515199,No,0x2b9ce4c5520da00133bea8b954027e7a724c651c4a2540cbbd19c14b7ef0de53
BUY,0.002,4760,1772515123,No,0x90ef9dc8712263dbc99367af2f42d4cfd64cb92a37add20921915a3fc2783461
BUY,0.002,5465,1772515103,No,0x0594a7033ecbae909354b4b683c3a89cfe2d3bf256cabe7885e232c8ead358ca
BUY,0.002,2000,1772515085,No,0xf735dfe9e0fca426e28f5aeb3c024af6df117942de2d8cccc6c056562c231493
BUY,0.002,5000,1772515079,No,0x34bca4cbcd03e363217775c7ed793cd8f3c86a3161a43d38553ad59a7f9afd50
BUY,0.002,25000,1772515049,No,0xa5e5bcae4f2d12c99ecd61092ae5b9af76abc8718235c01d12989e2ef323feda
SELL,0.998,390.39,1772515039,Yes,0x7f640e93dfe2eb5b2a5d0a61b214bf2079ac02ceafe26a7cf5fc34940037b082
BUY,0.999,390.39,1772515027,Yes,0x40f4c8773ea2c25057c7e8fb77b3e12f8f0f802da1844df5c2999e7cd13ea39f
SELL,0.998,5,1772515021,Yes,0x9055e50d10e6a60574840332d08d3e27a5ebac2aa99009653bd70c4804a64ad3
BUY,0.002,500,1772515005,No,0x329434c1123e7be645fd991f875a71dfad9a97f79973b004c58c90dc82dad9a0
BUY,0.002,500,1772514999,No,0xb2bd8db27b7dd0f119755a96be736c0e3436ff1e4edb4d60a4d521d527854bc9
BUY,0.002,500,1772514981,No,0x8051f88d6db17e0c2d33163605c9f8483a873f08fac4242140ca6062222512ed
BUY,0.002,10000,1772514977,No,0xb90689dbfb09ccc8d5fcda2d41d783b9e2033eb96de24e21821414e9a7a6abc7
BUY,0.002,500,1772514691,No,0xe557ff70e69cbcaa38dac216b3205c6d83e408c62355a189ccfeefd8770826da
SELL,0.998,399.39,1772514635,Yes,0x55a66535ccbc53c3ee4fb1a5ffc4a440df171de431cd33bbd270349c285ee537
BUY,0.999,399.399,1772514625,Yes,0x399777779277ebd52395427ba5ddf20d11cb42ae754ab35705438ac8ac504ffa
BUY,0.999,2.002,1772514613,Yes,0x139bfafe1fe9b1034f51df5f4caa598d2e56d6f8e371ab79c80ce880eba996c0
BUY,0.999,8.758,1772514607,Yes,0xbe86940eed38a274b3b428ed08ac48e24529050122e7a4e9c47db2cd8343202f
BUY,0.002,1000,1772514545,No,0xae87cc4cb9d798611e9dce28368ba9dbc1696dea00f0a117abc46e6f53a872ab
SELL,0.001,312.5,1772514479,No,0x499e127096254db8d36657bbe27559428f47da29111cf36277eb82fb0038071f
BUY,0.002,1000,1772514455,No,0xef5b4a6536087153ed5a6a1db1f58470cc64a67e98362c2e99ab92931932a9a0
BUY,0.002,1500,1772514445,No,0x8e5be2207053fc7ae9be53cb7d6dfd86d84b69bea86b394d900d2889e344ae80
SELL,0.998,399.39,1772514347,Yes,0xad09f078d35f10e045bed91461573924ae3d6e29d5c409644d13787120e197ef
BUY,0.999,5.005,1772514335,Yes,0xccabbb4b5acedb6cb0b3ded85fd796d24e8af63bda1ce3b60646ceb9e17c0d22
BUY,0.999,399.399,1772514331,Yes,0xdc66ced71e5433723ffe36c0d8e1d283b2d24f4eab43c6af08cf237c087ad38e
SELL,0.998,2500,1772514297,Yes,0xbb6aa429d2372ff31668df03cb0b2e71d39cd960bb232b84920efeb1586cded5
BUY,0.002,382,1772514221,No,0x9b3858204a9f03e8db66a67f197b36ab3037ddea42e85a7349a499413bea372a
BUY,0.999,64,1772514207,Yes,0x476032fe90b97c16a6792c955a9098f5a615dd9370986f785fd222286dea06c8
BUY,0.002,1000,1772514135,No,0x0eb368d0f99132215c8ec8db0aa792fdca05a44261361ec6769c27a4deccac38
SELL,0.998,0.76,1772514127,Yes,0xecea9ff6a3b8f798f868064d43094d4969290512a8761041b146e6133246b44c
BUY,0.002,1500,1772514089,No,0xeebad78da22d6b8f0002fb312acf740f5b7a08d5bba5e97de5668d65d1327b40
BUY,0.002,1000,1772513973,No,0x2e0bc1fb411e6e64941374cf7f698ca238f243504f7f2dacd6b8290d9c6a3419
BUY,0.002,500,1772513959,No,0x50af0edf7aefa4ff26262e396d3b4b4a38c6abe6fcc89113110af16a9b34bf37
BUY,0.999,286.556,1772513799,Yes,0xe2412fc456b2a3ad3014631a4a844395c40f5cac3cf2fc07e47a9564c28f4370
SELL,0.998,287.13,1772513729,Yes,0x59d66c599f877996c262b6dbf969dc38bd30203e5d2e8e3fb3e474ad70d98c35
BUY,0.999,60.51,1772513597,Yes,0x8a93ee3336f569430eee1497d5c792c6ece041e96e5468463b8fcd260ff003e5
SELL,0.998,1500,1772513549,Yes,0x90c4b00fa59eec4c927da29f77546bc0203a6c96a5ded586cf9637a539e61806
SELL,0.001,172.38,1772513541,No,0x77ee00a82e86e6b9500ee67ca97340ab94e0b62c5f85066ec06b193d4d00ccaf
BUY,0.002,500,1772513473,No,0x0a546c75824c2998e193bff9a7a76a013f696aa5cc479bcffc5ae5941480cad4
BUY,0.002,10000,1772513393,No,0x48b6554517f013d4ea92362a2804b084fd412d5e2376368f98b120d0b0b46606
SELL,0.998,5000,1772513379,Yes,0xf2d4ca03e1334d5a0555a3380651f31077104fce11e72201ec96652bfb92e8a8
SELL,0.998,2,1772513273,Yes,0x4ea6a3252e91fbe91d4a85b0e147aba57528e7665b84d0a0ce277013b73f441c
BUY,0.002,1500,1772513209,No,0x7af622394126b33d2ba937f84766f301e5821754fbf4ec00c4bbf6d11985248c
SELL,0.998,860,1772513097,Yes,0x00dde4593b26b7220215ad161d868e50fc1e4acace75b718dc4f62d599cc4cd6
BUY,0.002,1000,1772513069,No,0x0158548e49425348011147e605d109d49943839ed3f8734067eaa598f42b4d48
SELL,0.998,387.87,1772512859,Yes,0xda5dbb7391519be2300a4437c5bdef29a58c2d7a646ee5750155bac59f50f08e
SELL,0.001,500,1772512809,No,0x7630e3b5bb608e194ab22dbe3cbbd124c45235a47d955798480beeeb2fbac733
BUY,0.999,104.94,1772512767,Yes,0x0e1d2a43e59ba161dda16c35c5db5c66ddd6d5d19f640c849b02e4cc6224818a
BUY,0.999,1.141,1772512519,Yes,0xb269ee6430ed608a9b0a82c14059417c3afc492f88fd2336ab872d8ee557f616
BUY,0.999,329.23,1772512465,Yes,0x1773d4f1ad3942c90dc77e4f3e6770b66119c525d9bd2a22b4a9b59c9e36d610
SELL,0.998,12.8,1772512451,Yes,0xb918f7bd78a5aa13d7d026709725387b81b3d32c194cf75dd30bb0d7fd7cddb8
BUY,0.002,10000,1772512395,No,0xfcde12e14aaca83b40d52aceb19461c27239d5f64989d5a944c2719cf29b305e
BUY,0.002,1490,1772512305,No,0xf7e29e4eeb933d0ae969a5969717f7770df00093b6183ca4429eef58eeaf7c15
BUY,0.999,77,1772512239,Yes,0xe4feb74bdfa82c39b8ed8b5c1a23514801f9ea9777c33d97836602ce3ef68f8a
BUY,0.002,500,1772512225,No,0xd9ff777715f9cb76cbd240e69f125f732d4674fa5863e164a4e06cd72680e62e
BUY,0.002,5000,1772512081,No,0x390fb1c4753cb0b18985ed0573f992b57d46a7a037c8148677c4b1460bba810b
BUY,0.999,2.002,1772511963,Yes,0x5982f7b47c0e4c581573b522071c1ac40705c504c46a2643cfcd0880a695909a
BUY,0.999,102.232,1772511959,Yes,0x9a0623bd25f76af5448ac73c581e734721b2c17161f7823b46b37fa787ed4bf7
BUY,0.999,20446.94,1772511957,Yes,0x1e4d0157116e1dbf106cc516fa0fe1c36b8df74d4e76c55f9d89e089ad7f7f8f
BUY,0.999,56,1772511889,Yes,0x1f0e40a9174fb4c05200eda0a643ff7677a01076120a693aea54c6e0cd9fa62e
SELL,0.998,5,1772511637,Yes,0x05b842b95cea44207af1aa6d99072043d0f7f1872eefd173a15cb7a53337d49e
SELL,0.998,0.72,1772511443,Yes,0x851fc96239d8b21e2b55d548e5725329de543448d617d09ff854022f6bb7df89
SELL,0.998,2.28,1772511437,Yes,0x79e6d36fc1d153bebb7136205048c05d67de3a330dc04378d58fd95880bc43c1
SELL,0.998,78.12,1772511429,Yes,0x29ee0d8f41a0f2aca5f2c3a2df81b5e4b4b14ed5e094a58cb3041ed926e74634
BUY,0.002,2310,1772511395,No,0x2b0c58cd4e45d4e4bb19b3495df8808e3f0fa1b9343731396de67cc2d4905909
BUY,0.002,5000,1772511165,No,0x4ecf9c993a89a33eb88e7b6492db8bdc64b50771f6e75b73beabdf0b79037ef6
SELL,0.998,1,1772511117,Yes,0xa9caf86438cb0a33e256729952f4d5aac50cd5d244baf874877163a3718f9806
BUY,0.002,5500,1772511033,No,0xa4a3205d3cb57919e736bb7895e2188f191a19f9514ec20b5812136938c93f61
BUY,0.999,1.001,1772511029,Yes,0x17f1e79927f81991b2304251c253e1bc89738e5923c0a77ffd12572fe520d740
SELL,0.001,500,1772510989,No,0x00cf69e345b1d63316b164c68ad216950c64b63f80d3eeeec94f02500ed11d3d
BUY,0.002,500,1772510941,No,0x2e00c55e447611aeb65bb1cf3d2a98ee7c5d3d86c3d4e400d40431cd65bf8cda
BUY,0.002,500,1772510759,No,0x6497df2451959f6f64708c70e85f3bf4732a0e1b3adf6841b357655ceddef197
BUY,0.999,92,1772510661,Yes,0xd69c2da114abed9000eb8a468071b17758956b9e26f1e8c5ff628e1f2f9db2bb
SELL,0.001,343,1772510555,No,0x20e63b467652697ec756b4f427c27551116dd4e422d940b3c9a1ef3c52d4016d
BUY,0.002,20000,1772510415,No,0x87953d76b72c842cc7446cae2b32bbd81be8b26056aa43651b9577acd717404c
BUY,0.002,500,1772510371,No,0xa9e244c15708fca7c8298b50f90dedada1d8aef0da98f3d30cb94fdba16a1fae
SELL,0.001,3240,1772510029,No,0xd06f95215eb90268e7dc5fbaee3c11a37311e584bfba604ff4017342d169a422
BUY,0.002,3240,1772509987,No,0x926d5763ac8880c1859aff58b30c0822379215704c90b9f09b28bd13c39d1483
SELL,0.001,29500,1772509899,No,0x65200ebea8a63db8ca7ba29077e4641a43b80eb51056472014c0e05cc082707d
SELL,0.001,3446.66,1772509863,No,0xb95e3fec99b8192c81a40e4d1a8c094490b64e2678fab9644b71abb124dc89e2
BUY,0.999,2.002,1772509781,Yes,0x10d8759e5aee298435e7bafe612c8a2bd5840626793d238d318b6cd8daf147c7
BUY,0.999,1.091,1772509777,Yes,0xbf7e5ac2b046182cc4514af22f57a6a713a2f44461ecc86c3f02a0d6e0ddb53f
BUY,0.002,50000,1772509775,No,0x7a50a34fc61687960646716ee01b5b5caee49517aa3c483fcaf1aafbe10a6db2
BUY,0.999,1.091,1772509755,Yes,0x951e75c5d9981d4173f107b66285a7553ac6f8222553a32ff3ff94e408574e42
BUY,0.002,5000,1772509751,No,0xf8f0158b581261cf922ff6cbbb79fdb962407c4a4dab03a3b17c02642089bd52
SELL,0.001,6550,1772509677,No,0xc9163a2a05c8b32e2eda5f8648c0f8228f88cbb0c845094a06c2cd7c44779ae1
BUY,0.999,1.091,1772509659,Yes,0x78fd12d5617171e234443e8bc627e7a843bb93806fc368e25b631086cf05796d
BUY,0.002,413,1772509655,No,0xf70df8bb4ee29e5822cdc162e37a3630cd8d035c85321b6d3cae08d910d53cc2
BUY,0.999,1.091,1772509623,Yes,0xbefed27e9011adf375beb3d537160d7ae6f82101ae15a629a7ee0c1a63af3994
BUY,0.002,399,1772509619,No,0xdafb19864bda11b1a5365ca8af7c8a1ce3e6410af2f9201d1d751fdd4950220a
BUY,0.999,1.091,1772509559,Yes,0x926ff00fb2a3f31cc11797c615c0f5f6460d8bfb4d76da2522b318449be718be
BUY,0.002,500,1772509555,No,0xfabaec1592103478cbc093d7ae565d3979b03c004e4809c3c9bdc63e636e436d
BUY,0.999,1.091,1772509531,Yes,0x82125181b326fc6d883c008198a85670255a70fd32f72f535381ead29561c02e
BUY,0.002,500,1772509527,No,0x2d0ca5a1018fa693b37db665cf3d4baf9e87ea046c1fc212adb825b82e69e833
SELL,0.001,1.01,1772509511,No,0xa4e42c5e06db9511f37581930e8539465bb5bd08392c9a7c6648aed2d0f22022
BUY,0.999,1.091,1772509505,Yes,0x93081df01a0f14355c80f34906e1b6d454d8116b45ac40860bab47bc072166f1
BUY,0.002,5000,1772509503,No,0x33a663289c60b1b793781b60c205866eb0f62102e6c56a9144e09c0a3e85d7ac
BUY,0.999,1.091,1772509435,Yes,0x2437ea09652e70551f09ba35133d3d593c2b25c0d258894039033d5ae84129f1
BUY,0.002,3446.66,1772509433,No,0x67b5d44f474ced3e34c3eac989e59c369972ea422709d76c7afc67531f148f7a
BUY,0.999,5.005,1772509427,Yes,0xa8303ae77a7524e5832a800c8efe757a441bcab6a1d5ba1a00eaff23c860e671
BUY,0.999,1.091,1772509419,Yes,0x834f56f539e9037b0342c11a76f5a09c9b5f91e54d35a271d30f1efbc7f5a96b
BUY,0.002,3250,1772509417,No,0x2ae5e815b2a806756de976fdd3603dc51d87f356b98ca977360c939a363dc268
BUY,0.999,1.091,1772509373,Yes,0xd8e46a9a3d76111f44575d7e5f9dcd4e825e705e918b5d9230a641de72a69c71
BUY,0.002,500,1772509371,No,0xf1986447c7a062c3af8e2a525d5f1b520e1588dbb863163800e46140829fc59c
BUY,0.999,1.091,1772509301,Yes,0x6eeba4838fa93bcccbe0d7b8332e43cf7e04c69472e4331b1855f77e91d1e9ca
BUY,0.999,1.001,1772509299,Yes,0x056dd54abbabf6e5e3f9150707bf2cabfe5c6d4275e67b4a8512be2dc91a7187
SELL,0.998,5119.04,1772509299,Yes,0x2264105950c2a810bf2e2373a3f0a8f3818dd870bc662a1d21035e1a3db3e4fa
BUY,0.999,1.091,1772509293,Yes,0x0c00ba66a21f3d1001cea049c6afab201eec8e8cc015835dcdbab5f16781247b
SELL,0.998,17.64,1772509291,Yes,0x88338aeb5d7d9cf0bed4416a52354825bd9d67adabca92ed55ceee1f6e0d90e9
BUY,0.999,1.091,1772509183,Yes,0x81b2e51cd44f3213032689847520354040e76008d3aeec6cebeb8947841a9d9a
BUY,0.002,2305,1772509179,No,0x9151d2e5842010151d70341a300ffc01c64643dde1e659688800672cb5cf1cda
BUY,0.999,1.091,1772509117,Yes,0xb27e617053b6b711a2de684019b7a872eb1e1253713b3d96b1bd62ae5be9b0b9
BUY,0.002,5000,1772509113,No,0x71ab45b3270ef3d542300b0ff8bad1ddec28589c43a85ccd39dea3c4bbdf5295
SELL,0.001,1.01,1772509087,No,0xebfd192031793eb04dd37ca5e943eea523f34b9461175492cd8eef6912697b02
BUY,0.999,1.091,1772509083,Yes,0xa9ecbbbb23fc232b1eafcb308ef699ea421601437d98a451ca552313d484c096
SELL,0.998,5.04,1772509081,Yes,0x49ac456305a0e76cfc4c2c459e5b81598255b553c0ea93b9fe6449f1c68db566
BUY,0.999,1.091,1772509059,Yes,0xc8316fd18b143501dd885763f8492659a6372586cac36a5e9b40f91a0e9c6b41
BUY,0.002,5000,1772509057,No,0xb29597bffcff17f690fe0b0226e34b433529fa790ee83943642d057e987212ac
BUY,0.999,1.091,1772509051,Yes,0xede34e9280cec4c4ab607ff482bbc9e34e1b2932106d9413c76938f291939cc7
SELL,0.998,30,1772509047,Yes,0xc0175429f8893927df824778a9a926b9186b78299e5fb16dda74be9611f27714
BUY,0.999,6.006,1772509045,Yes,0xeb2c4c977be3e83a78fbf04b7093e8e572f4fc6f1985733f97b0ef2452ee432c
SELL,0.001,1,1772508993,No,0x11136a82dd07a88524a8c003e917365e995b7372341c029d6ee1f2b623df8032
BUY,0.999,1.091,1772508965,Yes,0xa2f36ae379031ffe8edbb9b15de585c520ed565526649f366d7c4c0e2ed08934
BUY,0.002,500,1772508963,No,0x00de6cf5ac423faf221961a9a651266f37ed843dfd2243d338aeb50efccbcc91
BUY,0.999,1.091,1772508937,Yes,0x166ef75a03a7ec12a84b30670bf540210c1772a40587aec4ed078429a15b8de7
BUY,0.002,9000,1772508935,No,0xc31e8e56940558dd5243ffda82bd6c611c3d899873727a1e0ff0b077049d6c0f
BUY,0.999,1.091,1772508933,Yes,0x3171210f05a587fb1c24f4def1afbe7acb5bf41010d1b01e315fa7194cfc8d17
BUY,0.002,2500,1772508931,No,0x69ace2f87816c4eca229da981ca5476808ce975f1288631beaa1b2213de029b1
BUY,0.999,1.091,1772508925,Yes,0x5cc9246a0f610214325538b70836a0a670da0e240deeeeb9b6bcb7b027382446
SELL,0.998,161.29,1772508923,Yes,0xf90a29db11725b0e679d05fca72a57b06f722cab9e5823d2e2097ccf6a5d262c
BUY,0.999,1.091,1772508747,Yes,0xbbc96f06b5e45dc8bc834d62a9ef43cb9e125a36c74ed980e05f852118d5c994
BUY,0.002,1000,1772508745,No,0x07fc3cf019614988aa380493e37d18340d2e062171e3ae11fa9af58d9f951576
BUY,0.999,1.091,1772508723,Yes,0xf272c519e99e7cef85bc197f3745e19d2e277786a70a2cbede4a4a807a6fa798
SELL,0.998,475.7,1772508719,Yes,0x7a312bef1e6f6eefe16d378a4de71f667573e02f0baef915c91a3d574a11cc56
BUY,0.999,1.091,1772508683,Yes,0x9518bf5755e44d701f9fb4aa8af50cd4a4c8247d25572fcf7fdba565fa6b25ee
BUY,0.002,5000,1772508679,No,0x206100a951135971af940e3e1970a8c8dffc0f99e85f758a9594d994ede50200
BUY,0.999,1.091,1772508631,Yes,0xe01be7f6d0bc07880611f3eccc9a3ea6cb360c3830515cebff35c36646e1b218
SELL,0.998,953.34,1772508629,Yes,0xfd9b2b46978923185690fd3cc0e68c8136e2c195d291088daa04cf9b311d5ac5
BUY,0.999,1.091,1772508625,Yes,0x496dfcabc3d3482e0e714a5f142279260a520c935b78af95b50d691896e3b500
BUY,0.002,500,1772508623,No,0x9d84f25e1d97e50e568559b2d6b8e377310709f4760f57a75d64fdb7b013d9d1
BUY,0.999,1.091,1772508607,Yes,0xd60cd0aee8e31ad018cbacf259b8de9a9f22bef4ed400100c066da81266a6758
SELL,0.998,418.63,1772508603,Yes,0xf6dadca785839db1d7e6b66aedaf7bcf513139f8bfb3bc7a6f24ea76c1d86427
BUY,0.999,1.091,1772508585,Yes,0x696143f22e5e323ed4ffc227b9aed4ed744b75046a3994e5306e16ee73abf2cf
SELL,0.998,195,1772508583,Yes,0x3bf2cdd31de7475f1b45a977af18455911344d900c72cf51c0a178b921544f21
BUY,0.999,14.244,1772508577,Yes,0x5afc7497c2fe2f8f38e9e215a807eea6a84a3a5da6ad96a5a24651d18b0d3308
BUY,0.999,1.091,1772508345,Yes,0xbc5c68d77392f6aadbe9f36d72c50b10005a1392d96090f8ed8a2a2e2bfabdc7
SELL,0.998,10.52,1772508343,Yes,0x8814acb0ba1f5ef0668b979f19fc5996d168c7ff2d4c7c105371d5bea964ddd1
BUY,0.999,78,1772508321,Yes,0x7f814333d86e139384ca0032a2bf41efaec140c4bae83356a3dfdd3b06416b9e
BUY,0.999,1.091,1772508309,Yes,0xa30781d9f1a2806092ec05971603c81729c45c26dfc6e315a438539c7ebd8263
BUY,0.002,1485,1772508307,No,0x96200644d0e9c5a78e97e719666080fbdd42e1aca114cb2c393879a1774ffd55
BUY,0.999,1.091,1772508305,Yes,0x3cc51571f8589d153f10c67063185184cd87f6468b97180610566a29e5484144
BUY,0.002,5000,1772508301,No,0x0bb2639bc96ee42012fa977d7830527309f5f2193f5263533cd815179eb28284
BUY,0.999,1.091,1772508251,Yes,0xa14cd233deb161480e16bbec071b681e4d5bd7bf0b915cc8ccd9e30ce0bb8a3a
BUY,0.002,500,1772508249,No,0x91a620f7ace28d9da22788e056c4122709c06ce9968687ab3e73beafdd6b8560
BUY,0.999,1.091,1772508213,Yes,0xce8f98b4e9c1afc905a739ea49c1e1166ced92dd6ce7aeeaa9a7f40c477b17fd
SELL,0.998,20,1772508209,Yes,0xa52fd1aad9f7c18915efb1552f214ad6bdde7268f85734fd8eacd7bb444f47e2
BUY,0.999,287.137,1772508179,Yes,0x21c9d9d3388d824b891e05bec9bfc270abcdab2cb807940ea9881aacc9cc286a
BUY,0.999,1.091,1772508149,Yes,0xe717a2225181a2020260666982f822c8a3a91bfb7c667f234731a5972a6fafe8
BUY,0.002,875,1772508145,No,0x820132284356d716bdb9a689a93d02f32bcebadaef5b97d877b36dc36f021be8
BUY,0.999,1.091,1772507945,Yes,0xcf100f7762c52457a9c3d37371b0f5c1f78a2d281b99055da5893155dbe36fe8
BUY,0.002,4280,1772507939,No,0xee93a930a6b7dfe7fb331b25707b73cb85a8dfe3ae47d1dafcdb0fd7a5c6dcf0
BUY,0.999,1.091,1772507921,Yes,0x65c8edbf749b8c7d47a331adfd68194f7c75dc9274dd9cc5ec8748fd39a20abd
SELL,0.998,103.51,1772507917,Yes,0x45f066217e5ce30f5ccb909f4875a671b64b10f326aef25a083352f846e28dc9
BUY,0.999,1.091,1772507861,Yes,0x2ec8e77ad8be1a1237e5144e7289f5061e39851e6d413fa9ef287902f23df456
BUY,0.998,12498.13,1772507857,Yes,0x90a1205c95cb7322156c8e44da1476cd562aecbdcf2e1377011bca8f4b0a4304
BUY,0.998,1.8635,1772507745,Yes,0xa3f91b4a14c6de6dbced21d590d186527ab2c38529f3b27510ccb676153d48f4
BUY,0.003000000001714286,2333.333332,1772507741,No,0x717187f661ae65221e517d3d26f2b97914f39ef4de03071fe4eab07b8426d688
BUY,0.003000000012,333.333332,1772507629,No,0x71e44ff034f4eafb1ca70104d22e262ec7546c117096ad472dcf09a5c3825527
BUY,0.0026086956612476372,383.333332,1772507611,No,0x1171ab3b3fcaf0fae2d260cc025fdf9c9df495e66e1135e2df9f3c4b19fef1cf
BUY,0.0030000000075,666.666665,1772507445,No,0x5e842015ce07ddf505a40038e0d2f2b43fbe6d3f1754ce330d46d7244b9d4ea7
BUY,0.999,3.193,1772507395,Yes,0x520b229c29070fb15fee24dc03673147ec86e0fbd690ead40a7e3c30a29df810
BUY,0.0030000000010016693,3993.333332,1772507391,No,0xc23eec5b1fe7ec7cf23a74119b70c5338579e87d020a71d652aa176c3c221684
BUY,0.003,650,1772507383,No,0xc7f800b3ae4c23f361d97f863534d27d223406abd7d2719cca01957514cee625
BUY,0.999,2.662,1772507375,Yes,0x495b14ccecb90210a8a1be107f871434d3ab886fe26128f2c4550cd4f1ed5f96
BUY,0.0030000000012,3333.333332,1772507371,No,0x62990ea9f4ec3f0d236da0bf0f43b6a58ceed11faafff9a54d890844c83e4163
BUY,0.0030000000075,666.666665,1772507359,No,0x2a2ea5ae6931f4dd44193e1aa240ac2d73a27fc8bedcab227adebeec6a448d3c
BUY,0.003000000005514706,906.666665,1772507319,No,0xff6848332009e2700b845beb620e45ee47d9f22682761a6ab87eaf918a2beaff
BUY,0.999,2.002,1772507315,Yes,0x81de75bfc2cd80e865bba872f681ba1317ae0f6375ea1557a8cf16c2147796d3
BUY,0.998,3679.44,1772507307,Yes,0xbf00df35ca6bfc8f7244d73946b0c9d9450b85674bd4e7616ccf5fb9e9b3f94e
SELL,0.002,92,1772507187,No,0xd0299a2fe113d7a00b15b7b2e7d646fb85dc1e739447cc58be044ee9d3db4a34
BUY,0.0030000000075,666.666665,1772507175,No,0x79eea34f839e514f990a7a55198a18ab6d003c797c8b164787f77f5b48be7c46
SELL,0.002,22.62,1772507173,No,0x33e55a4e4b5e9811d2f11948ee1af3e4c3e08ca802eb5def2204118efc539021
SELL,0.002,557.21,1772507097,No,0xd7328571cbdc5cbbd22089bd076430ed64cd057cd58053b941e91cb551fae753
BUY,0.998,1.9835,1772507057,Yes,0xb6c29dd92615c549e73033fce8f46439db4e26d1c267555b43b2cbd7d6a046a7
SELL,0.997,2,1772507053,Yes,0x3b92e190702dd91ce66ca9e8b5f408f02e3b38d92d74e5dbfa72d78e3a132f94
BUY,0.998,2.004,1772507007,Yes,0x09027e0ae17382c3f62103d2ce200afa1b28f811136e12261dc5e585a15479cc
SELL,0.997,113.09,1772507005,Yes,0x9b4b56a6cd858b2888796f874fcfa9fdd2b38151000efc64dab9254d09f003f6
BUY,0.998,1.693,1772506931,Yes,0x9c29ea73eedbffa45bae7078cf5d2486278f0ae6558fb030e98d6dc37e43628c
BUY,0.003,2120,1772506927,No,0x02a06aabc399cdf7d98805a46b5b82cd8787a00684fe635183b070a535d6916a
BUY,0.998,1.002,1772506923,Yes,0x5ffd81abcf425033f9ef5d6ffeda6b6ddd5d895619963bffce5337c23de8bfb4
BUY,0.003,1200,1772506919,No,0xff76982a97867fea8c5accf41e5794ccb40587218b51e2a85393a170412c8124
SELL,0.002,333.33,1772506897,No,0x75b2461bb520031b0e3a341950a24b757e70676b0198147ca4ada691d2381f99
BUY,0.003000000012,333.333332,1772506869,No,0xff1d675520f17ff1662c6a2d635b3870ca0d0d21facba2a250b29e8b169e4599
SELL,0.002,1.49,1772506775,No,0x0970eb004742d25a3c57c404fca0475256f46dbee027faff5256843b2e6ddb10
BUY,0.003000000012,333.333332,1772506639,No,0xb1f891319b7d9fa7324d1b4f7cc11e7992d5eed53bbef7d312753d6e39bd8d41
SELL,0.002,5375,1772506609,No,0x79a135e6c2626dc0856f2bbe5abbcbeaf740ac2239d7daf65c4d584be97a1ce2
BUY,0.998,1.002,1772506577,Yes,0xb4c50d0cb2032627cb6e27894a63b67b0a656f914b0e5b29d2c6f6f3bc0bfde2
BUY,0.998,1.663,1772506577,Yes,0xee29cca0214fdb743418b37b73e1f1cd7cd6edb75c047a80195150f694a9302c
BUY,0.0030000000012,3333.333332,1772506573,No,0x9d4fa324caa51013bf2a3d75dd64a02f6a0a19595646923d8bcc8261c27178c1
BUY,0.003,1000,1772506551,No,0x11a883755f6315008aeba898ac8a4b1a9a7b3482c73f7d8e15389905611fd329
BUY,0.998,14.148,1772506533,Yes,0xefbb0901c9602109cc984701fad7e583bb216c35ac5e559ad3991bf0709f5659
BUY,0.003000000012,333.333332,1772506499,No,0x8d134300d39795a8f3317f72e69d9726a0ef1d49f1b524f2547e5987c59bd9a1
BUY,0.998,65,1772506495,Yes,0xffcefb96f5f42f76ba56bffd74cce43b86df5f9d430a8b367cff5b3ef9d16bdc
BUY,0.998,45.09,1772506477,Yes,0xdfb3d2b635c39b92d943da2f20d43c13d3298d084899ea1d7dad16d116283047
BUY,0.998,7.4445,1772506451,Yes,0xc74a4286b11ed9e2f0a38c04109c3d1d846e10312ef5fd527582e7c235a4ffbb
BUY,0.0030000000005366728,9316.666665,1772506447,No,0x84b0818967702797d3c4e536a3c40a302a5f0f517040fc422aebac1d80ecf939
SELL,0.002,1.06,1772506415,No,0x852e2a8d5ba28843facf57cc481acf078122cf8d9a2aba3ff1e9bfac255c3787
BUY,0.003000000012,333.333332,1772506381,No,0xbe4fe05992443e670df211fadbe82e01c71d26613a947ad45ea6d12f89c11163
SELL,0.002,12384.11,1772506303,No,0xdf9a3535eacb7b91a8d99d5ed83300a9dbbf5cb35c90ba72c5c9dc9ca077c053
SELL,0.002,2198.1,1772506299,No,0x8c6f68f8afd85f89d5497e346379efd15ba328dd2c6b80468175ae493bbc1e0f
SELL,0.002,1000,1772506283,No,0xd14a872aeabe863e851ee3d84c0f6a93c5500cc173e2a651f1b695d07c30d494
SELL,0.002,322.58,1772506171,No,0x24f339fa81def852da774ba99067aee3b6a85ebe6a53c47299077885c8d3d361
BUY,0.0030000000075,666.666665,1772506143,No,0x23d14d1c934fc940cc288aaec4265005cfb5462c4d405c9c8d9e053dda042e58
SELL,0.002,185.18,1772506087,No,0x9713f15bfe202835389fbb1c24f3198f18ef1381d0703aba75af55b90a36b81b
SELL,0.997,2.59,1772506033,Yes,0xdc0c88421a2d84ca2a6da350d33c34c8e7d90ff55b4f89d126583ecacee41b0e
BUY,0.998,80,1772506023,Yes,0x28c1c9ff12470867659e4e2ef982bb81a4e4864b713036a4a378c1b15fb319c3
BUY,0.998,6.9235,1772505899,Yes,0x8fb4de22dc86bdc181195bd19a4278e60b0e4d95616037494036dd75e1431ea5
BUY,0.003000000000576923,8666.666665,1772505895,No,0x1521b4cb966c383cbeb5a654c001b0287d57b849be0021fe1480334742a6b0bc
SELL,0.002,15.4,1772505817,No,0x6d5324bb87bc669d72fbb41a22bad0e93d4279120e67cb8f2b00b3bc4c239408
BUY,0.998,1000,1772505765,Yes,0x7c38dbd6e6ca29e2473377e009289e519a227ba504bbef3a73e3559866d8b58b
BUY,0.003000000007614213,656.666665,1772505747,No,0x5c8ca1b1819170f812627dc151c83a18e6c07c10f74cf1e384062653f4871d9f
BUY,0.003,890,1772505721,No,0x0fd052bc2d4318a32e93aaf15f1f232c8634c42d0a45e2f0712f1e96cf06f659
BUY,0.998,1.603,1772505711,Yes,0x50a18070f52b501b4c001ac925291f04f2fff2116ce74b2e8dc1f4fd0bb42162
BUY,0.003,2000,1772505707,No,0x1fd688695c4dbb5fb3f158b1b3b8b6d2ce3546672a0c35bb79507721e8a9b879
BUY,0.998,1.102,1772505699,Yes,0x0dfd0a9b18098d75213cedcf9572663d680e7650ecd9ef61eabe7d2968c4a73e
BUY,0.998,2.665,1772505699,Yes,0x5a4629936384d75909287ddcf43ea6689cd9a450b299b738126f87ca7a46cd6f
BUY,0.0030000000012,3333.333332,1772505695,No,0x5edb629438675eb067f7f6c6f2b63a628b4ff14b1ca0f17c1903480dc16fd751
SELL,0.002,4.45,1772505689,No,0xa4eae19f4fff70886ea6ce0ef29facc9054e55e96fe6ad2dedfdd837d243090f
BUY,0.998,1.3325,1772505675,Yes,0xe67ff33f4081b549c3ef121c43d954a2d2ec7d046225c265211cdfc0187b3991
BUY,0.003000000003,1666.666665,1772505671,No,0xf9119c7050b9444137a9af6ffccb7f33086dcb4ef752ee2c146aca2d9717dd0f
BUY,0.998,1.102,1772505671,Yes,0xfd69a540430de32e43ef7730c2c1a8b90e816f102e8bb8832dbd3f955ada5097
SELL,0.002,44.74,1772505577,No,0x3be8e1dc880ee5a7ed9f45f7259501b9f484866b9b6db0c0eee545295da42657
BUY,0.998,40.08,1772505509,Yes,0xc169be015060ab6b3f878e9a31f6e863160afdb5a46fc84a09f8bd2ebe5dc8bb
BUY,0.998,88.09,1772505301,Yes,0x48ddd9dcdb75b63407f4536f2e386416d5240c899bab03880853aa72c05fc6ef
BUY,0.998,1.002,1772505301,Yes,0x528aab553c8e97dce777fd3c82b5fa97d4207ae26872c0222e1e57af03e6fd3e
BUY,0.998,20.04,1772505301,Yes,0x51cb2f0c3d244b4fd5892c903e6654d5c9f2ae66bbc004d758364b54ec011952
BUY,0.998,1.002,1772505301,Yes,0xd08b1ec499f60903ab183df08a31d943e630a2b27b4318abf5eb13f8a2762b91
BUY,0.998,2.004,1772505301,Yes,0xfd3aac15164ae60fe580e4473b986c315d085e25d800a45746632af749030f71
BUY,0.998,1.102,1772505299,Yes,0x5ea6d3ba6ad95025d5fdd2c7eed67464908ac23cd94f99fe27d0f7adcc6b6e5c
BUY,0.998,4.4385,1772505299,Yes,0x66d4bacc3a8a8d29d7f4cb2844883d4ae54f5b6e065f7b4779534c0491205a76
SELL,0.997,77445,1772505297,Yes,0x38dd02ee44072c42f8e1424417fe75e533a619ecbbc7d61292c9ab7ab36bf213
BUY,0.998,6.67,1772505293,Yes,0x710e9cff6f82d3f65cba5d1af2e49279271c23261708dfe0307718988fc94108
BUY,0.998,1.002,1772505293,Yes,0xb8b67029da069e227838302ec004e1efdad170982a326fcc7af5241c7dc45a64
BUY,0.998,1.002,1772505293,Yes,0x2a698ba0e488bd1c4e87e8c11d92a5d925235d4dc08859a29e257b21e8e06209
BUY,0.998,2.004,1772505293,Yes,0xeaabffffe774a68a0a5ae09c92998912686f22d19c0a02b5c6a9e9a4bd845f4a
BUY,0.998,9.4685,1772505291,Yes,0x08c8ff8e186e2b588d8a7f42ae732007606201afc0e3a3b9f2b5f6c362598091
BUY,0.003000000012,333.333332,1772505289,No,0x968443c9bdaf3dbdcb1ff33c7a66ae260b12bf0738e0c98e68fede833d130d95
BUY,0.998,1.002,1772505257,Yes,0x3fc9a1f08aa36179a2a0a5ec0bfc63371a672abf97d7c36152f0ef98d6ebb6c1
BUY,0.998,1.002,1772505257,Yes,0x471e00890dd01d5049fc4023ad428138658c784156d2a13a0252f1258d88ee52
BUY,0.998,2.004,1772505257,Yes,0xd1d0438982344e0c2f7046568153da78a47711e7bf43fdad59a72775608a42f1
BUY,0.003000000012,333.333332,1772505253,No,0x9d09ec1a79c4b5923c76313aee33b6afa8258b5a68024e2779c68ebea4124e8f
BUY,0.998,16.73,1772505221,Yes,0xf6046dec79f2b9867f05581dd8cfd8e17a4114cc37e3e09166b49624b778538d
BUY,0.998,1.002,1772505221,Yes,0xfcaeb9e42f8ad0712c3bf5bf84e2388d25d728abfb1a4eb64e0cfa8d04501db6
BUY,0.998,1.002,1772505221,Yes,0xe000f08ca155992ac8ced9a24d1f11d9bbb9e7c3d6dd3eb0e2f52f61e02b8ccb
BUY,0.998,2.004,1772505221,Yes,0xf8f7ca558c5df7eb75be657a10918c34117e856dfcfd99b7ee1ea99a0ca5df3b
BUY,0.003000000003,1666.666665,1772505217,No,0xa7c2584f96f4a1c93a2665366c7f74015da7fb5f8c474274e2cad704abddbda8
SELL,0.002,16.39,1772505207,No,0x0b3873f40f9e9a984422e8b1733640fb4ec9317eb8585a79eff6aed457b9d746
BUY,0.998,37.18,1772505101,Yes,0xd9d69b86947c83437a3405898763ed098b9c6c74e5d1bd7a58dc0a7c68cc0a55
BUY,0.998,1.002,1772505101,Yes,0x0100390b934e1a59abfdd38bfbd547b385b95651bf272f04839ef25e89bcec1d
BUY,0.998,2.004,1772505101,Yes,0xfa9a75c32203bbdcb6e8eed6431cb8333834f7c5caa7d4917555e485f01b74bd
BUY,0.998,1.002,1772505101,Yes,0x18ca79acfc949ab4243e6292a9d9566d2e66f134efd8f356bbc549b6d6cbc451
BUY,0.998,1.7535,1772505099,Yes,0x057045a7719127134d7f9bb9ce83519c112c2e97f7bac47ef83f7b414b1a1ccb
BUY,0.0030000000012,3333.333332,1772505097,No,0x0a8cb0070d3fe909c46db5c996e837b75df8574ab7f47e7015ed08e163bc1b42
SELL,0.002,1000,1772504979,No,0xfd856f01d0292b5e5a3330c81484ada22cca35dcd828c7cbadce50b0cc3ec9ad
BUY,0.998,1.002,1772504957,Yes,0x0340681600f22162094a704e76661d6622ed2dea511d42f5c5259231b8583899
BUY,0.998,2.004,1772504957,Yes,0x5e7b91262fe0a6dce9386489c6aec7653dcbd160b41400cfce11be82a3d4858e
BUY,0.998,1.002,1772504957,Yes,0xa7004c8cda865c62abdc5c46785fef22645e1a199e11d9f1c140283e8880d019
BUY,0.003000000012,333.333332,1772504953,No,0x789d201f6807fee54a297f00c7cc8cbc41bbdf03742e1fee29bb93fa48c1dc8a
BUY,0.998,20.04,1772504853,Yes,0x5eb96829531e843a79a09ce50590fb02360b66763b5336e807cdacb30d39a04d
BUY,0.998,115.1,1772504769,Yes,0xeb9a99bb75eb7ca95b9e0a20c72cf9f2e40ea770f083f0eb958ed517bb0ebbeb
BUY,0.998,1.002,1772504769,Yes,0x8c88aa99c5069dccffb4c3f46cca9abd0b788a69e7f1e48786bd78fa6873d3fe
BUY,0.998,1.002,1772504769,Yes,0xd578d4bbf9a8dad1ce8281726fe8ba80d4853a41c71ce3b05da6cc2971d304d0
BUY,0.998,2.004,1772504769,Yes,0x7c0cd467c5ebf30a458f37a08cdb171aeed980f43a42b1e552b87a32a22f8c37
BUY,0.998,5.9615,1772504767,Yes,0xd900133ae5107608d05af28e2c522fb33c3406a859f2c54e25be8f5d6a8fcc21
BUY,0.003000000000443787,11266.666665,1772504765,No,0x467618526a2d56a6090a3c9f22fffcb6b2835461acc44ab33d7646e63eeb9023
BUY,0.998,38.076,1772504623,Yes,0xdfd16178bc2891d66508fbd251322fd4138dc2e76d5e5a14890c4764acacf822
SELL,0.002,5540,1772504615,No,0xc1eb88684815e3fbbbaa7b2b190fd95e1bb6293012b08cb8d8cc889c18772f42
BUY,0.998,25.05,1772504603,Yes,0x2158e8f06f0ba622ba0965a893e49b5cef92858a1bfaa47ca323761dd4d6e2bf
BUY,0.998,1.002,1772504601,Yes,0x156c1f22674c60e9272a577063f3bc3bd31083843058a540b799353bf1a4e5f6
BUY,0.998,1.002,1772504601,Yes,0x2605a315c4c4b7c71792bef584d0c3106446b6ef9d5ec2f01fe7adedff5a8298
BUY,0.998,2.004,1772504601,Yes,0x912e468a6d498592f5730e42ba0139927f0f8654205f1365384b7ed62419195c
BUY,0.003000000012,333.333332,1772504597,No,0xbd15b86b6e33ad629280a68c14d74d32db5893d0fb45453b4ce61970c4cfc38e
BUY,0.998,25.05,1772504549,Yes,0xa8f8f3084fc15a2daf29a007634d8ebccff830d03816123a6d9b0c82f7a9bb1e
BUY,0.998,2.004,1772504547,Yes,0xb0089ead1aa937b104adc89bd18e02aabbe0518570c2748c7689e8c3edfbd89a
BUY,0.998,1.002,1772504547,Yes,0xe5cca43c637d0e59e98ce048a1fb0c871dd33e57eb1e58cca722556d5e2bef1a
BUY,0.998,1.002,1772504547,Yes,0x1dd6795b2409ce35578b7511b21ac471785de0722c0aaffa035dd39b19641733
BUY,0.998,31.78,1772504547,Yes,0xe0f271a2f301ce7eaa483b9480868bb7d712ed045a2aac8d5d1341cb20bf8c41
BUY,0.998,1.693,1772504545,Yes,0x6fed924616cb06592372e805181dade2a233772cb289eb4d2bbf5385864c4e36
BUY,0.003000000001248699,3203.333332,1772504543,No,0x5a5406354a844fc1bf44db31b0ab2587ad4cf72f91ca138096a4d29cc3aa8e98
BUY,0.998,25.05,1772504531,Yes,0x1f1ec6daf328813d975ba844949632f49a6de0f4da06efc46706f1f70ca8d942
BUY,0.998,2.004,1772504529,Yes,0x05c2e6b0ceb3bc49c2d64abb24b25f2885b1c10bd7edcaa8f4440d1783d32263
BUY,0.998,1.002,1772504529,Yes,0xa647d05c4823795c3c24b9fa0cc7eb2c5bc45652b554558ad9687b998f6113f2
BUY,0.998,333.64,1772504529,Yes,0x25607d4699bd84d5ab0e135b63c1856f598b3194f34f794734a5762c3137c4cd
BUY,0.998,1.002,1772504529,Yes,0xcc3b0ccac09f30e391c5e0b6d7e1a2ef0939833536c7ae018a0de5750b9e312f
BUY,0.998,17.555,1772504525,Yes,0xf57dc68b192c15c045c2dc7972276c700b16f21dbd87c3b6ab8aaf0c51881716
BUY,0.003,33150,1772504525,No,0x886de297b829e1f998b57ac054eaddf4e8126f9719ab3ebdb2742a74b21832f5
BUY,0.998,12.2745,1772504513,Yes,0x3f52867d3dd79cd995052b659e4550bc03e1913e5083c6aa0fb1fa27e185f6fd
BUY,0.998,76,1772504511,Yes,0xf86f17e1ca706761e59b290c8c9bcb8bb384eeb96826d181ed80deeb018e2d69
BUY,0.002,4507.88,1772504477,No,0xf6772758e675d9be919cb5f3eb10fb22a2152ea8d3902b36d36b6c1b5cb11824
SELL,0.001,85.71,1772504453,No,0x2572cb3ce93db5369f807e18dec86ae63bdfea20970de2d6d5ebb72fa585f095
BUY,0.002,1500,1772504445,No,0xab3b815464d3798f4bee3eece0cf648d44d33b91450dcd1def04bec3bd683b3c
BUY,0.002,1500,1772504405,No,0x2906984fcf9bba1cf7646bf3447c193b990f38346d2bb83b200aa83dfd115116
SELL,0.002,60,1772504399,No,0x89fbc3d2260f13ec474a1648cf2071bff8f8aa5d8d6fb03499a734d794316d6e
BUY,0.999,25.025,1772504383,Yes,0x6c7e0bbd43ee32947f44e74c3343488c6273db38fed036b9bf363c0c452cf667
BUY,0.999,2.002,1772504381,Yes,0x87d054ed288835d6f7f246c7ed9bef4178755646303c0c47d626065ec991ffa4
BUY,0.999,1.001,1772504381,Yes,0x3f96f8746ff9132615659226c442d6bbdc2e0ab04594ab28b9b4f3ed29bb997b
BUY,0.999,1.001,1772504381,Yes,0x0486c3178f234ad10efbddfcd758fa9b7184e376c455d7f22636b86160daa73f
BUY,0.003,470,1772504377,No,0x62a746ef76d4d2a1441ff96dd1c6fab2c5ff64e7cbd1bda66581db801f96f85e
BUY,0.999,25.025,1772504371,Yes,0x33f7c7324a6e5fb85dbef721e6b07399fcfa98c382cc643d8fbe488a48078b82
BUY,0.999,38.45,1772504369,Yes,0x389485248152eb6eadd8b85f724a67d0b04086536f252965f28163707546e5d8
BUY,0.999,1.001,1772504369,Yes,0xb197c0497c66a4a581cf24adc5f395c341751e32d3caceda527a8d1d67b88c1c
BUY,0.999,2.002,1772504369,Yes,0x3405494588921112d06ffb359bec35258e9abada015025d1b84949fe30a688e5
BUY,0.999,1.001,1772504369,Yes,0x5e9a7e351d10da0583456bf117257358d447dbe403d2a313957d220c6d3cbaf6
BUY,0.0030000000012,3333.333332,1772504365,No,0xfc3b934fcdc5f419b2fe2f106cd0133373cc059f8960350de943f9ee5d6e8a83
BUY,0.999,1.761,1772504365,Yes,0xac02c8237011fe70a8919f56fff612d0dd61802540189d40d87d60588ca904de
BUY,0.999,25.025,1772504353,Yes,0xaeedb42fe1c4fb25f95744569abe84950ea10d9e3bfb799cdddc25c3ce1ba13b
BUY,0.999,2.002,1772504351,Yes,0x1c3692978d3f068d8a481565df533a54c2a5c4c7d7587ba8883788bcb3e9ef20
BUY,0.999,1.001,1772504351,Yes,0xea4362e75b5c9f884f469f056f2c11254a18ecf252e5d8819b94b925eacdf317
BUY,0.999,1.001,1772504351,Yes,0xd0b8e6c5e98658784c1df5bec42eacba4551f820bda4cec0d9af2fc6670cb628
BUY,0.999,5.145,1772504351,Yes,0xffacb334a00d723139165bf11458add9f3c8ce911f7075d3ebafeae6b11bc878
SELL,0.997,34.48,1772504347,Yes,0x9fd54c82223cc9cd1437a58b7207c993aee31c10b96e81b1b42328a99c2051eb
SELL,0.00108128375,8000,1772504347,No,0x432d474c3d3e65fa15394f82c729baea4827cfb1defd204fc6213a107b4283b5
BUY,0.9979999679841585,25.050099,1772504261,Yes,0x15531410411f9c1b5f82323d8be4e5b31fc46fee9a8349e53ae0c982c571cf02
BUY,0.998000007984,1.002004,1772504259,Yes,0x6d7ade3436f9fdd96dbce86bba915e9c871446f139a9d7ffcfcef0edff2838bf
BUY,0.998000007984,1.002004,1772504259,Yes,0xfcbf88cc734bf989cf327e86443745a72f3fd668ec1b9862078f84420afb70e6
BUY,0.9979995079857505,2.004007,1772504259,Yes,0x1c2c742389787a8f6e14c1e52a4542eb5e7469a6dd984d5669a3e963e8d2f6ee
BUY,0.998,5.63,1772504257,Yes,0x160556269464eb7a3e350d2880d7803e30f425b499ddc040d20ec832e75bb98b
BUY,0.9979999679841585,25.050099,1772504257,Yes,0x33f0d17e624853d55bccab5d7236850a5684224a04f14a55254ec15253a2c56b
SELL,0.997,423.55,1772504255,Yes,0x078be08b0be90b63c5fa8fbbc8183c1ffceaef9f79325cce51410d6c194bc4fb
BUY,0.998000007984,1.002004,1772504255,Yes,0x7e7cff3d6ac5a397d1d408e25fe1182196c099cb0ac3298485f0af93086e0e8b
BUY,0.998000007984,1.002004,1772504255,Yes,0xac328c4a183da99fa82114a77d7677d9a4ed1f1382922ad7dc85150bc8262f7b
BUY,0.9979995079857505,2.004007,1772504255,Yes,0xbef2181ef674159cc52f32c117353c00d7c1daa931e2d286778c3f3114bbf25d
SELL,0.997,564.74,1772504251,Yes,0x018f78e9cd23a8aa8d0ceec1701ca848d26e43978b47b5f3ccc64cca2a7308a7
SELL,0.998,116.72,1772504229,Yes,0x1a57778c0276f1420fae17c79f3f60ef6eb6e6dc31d957a57dbc557f3f54db3c
BUY,0.999,12.48,1772504177,Yes,0x0392b7a4d82a1bfb41d35aedfea23fa1cfc11416d79f22ec37fa0147e25b3887
BUY,0.999,25.025,1772504177,Yes,0x8c9e5de0d68cc884dc6fa3aa1ee7abde91987554186de866b95b016eed43a75a
BUY,0.999,1.001,1772504175,Yes,0x6fafcdb726de56ea07a6dacab20b92daa587db2f6b387a333f27338c5e947567
BUY,0.999,1.001,1772504175,Yes,0x30d9d835640af84efc416ce74d33e46ad85e9bf9734a6e035072e2b0d84a4772
BUY,0.999,2.002,1772504173,Yes,0xd4f13d14c6ebf970a91f9d569b18c821758a196476cb48df0dfe1de33d6025fa
BUY,0.002284194529743235,4386.666665,1772504167,No,0x6d0197a82e8ec190dd2cc1e25e26139b2ed9992c7af37df6d0199db30005b90b
BUY,0.999,36.01,1772504049,Yes,0x82ac58b84d3f2e741b743839316918a9db1ed1b102db63212ebb55b6a57a2840
BUY,0.999,25.025,1772504049,Yes,0xed4584762555d8b1a5be6a7852ec74b0a8aa750ec476118d90693068a0c354ae
BUY,0.999,1.001,1772504047,Yes,0x8c2d7d338951e55cce869a8b91a58e634db9cb2d005146eb2687043c1ffb7eef
BUY,0.999,1.001,1772504047,Yes,0x7d4a3c7c15b8a188cb14ae76d81db66706c8198b3f557c72ac4c070b4b04b058
BUY,0.999,2.002,1772504047,Yes,0xb7f5e2aa14b760bbee7e358e439a99ec55cdb878fe9d5918ee78d6825577d1a4
SELL,0.001,8.35,1772504045,No,0x4522f8d5c391ca84a0f3fbfbe5484312346a0feea6a526466baf93e14b35ce85
BUY,0.999,1.771,1772504043,Yes,0x962c16e7e89e7ab848999b4b7ee07a25c4fd3f9fbb93d1cffb90daa2bb1ecfc0
BUY,0.0029854699236330313,3373.003332,1772504043,No,0x9dd32d8ee851affb26ad97eee37fbea879e7588c58375a00a245b2134bd19e75
SELL,0.001,0.05,1772504043,No,0x3804da89044c609588b18a4466886035e418e4e0c22e91eb8e707129285c5790
BUY,0.999,25.025,1772503971,Yes,0x37fcf89d12306853a069a2d2e492aa4df02fbb6009cdcb7d1e2bbddb7c4a32ba
BUY,0.999,1.001,1772503969,Yes,0xd86e30f8329a7cab9e2af05fad9abc0d8e2c005febdbaf8fe8beb2d3b243a596
BUY,0.999,2.002,1772503969,Yes,0xc4629d01ef379f8c29c045131a18a830dd0760d3a140d5ccc3a69c679a8ce921
BUY,0.999,1.001,1772503969,Yes,0xc7a7865d30bc78e685e4bd3fe43a393e28ac0fd108b12bf81c8cc59b38de91f7
BUY,0.999,1.861,1772503967,Yes,0xb5b271de1d42a9cec8554a0fb2b7bb293a4420549371df2727e9e58048fa73ea
SELL,0.9973659401926,19.73,1772503965,Yes,0xbf3def9c73e172bd25aa040770f827af2f4a1713866fdf982cb07037a81ec044
SELL,0.001,4.4,1772503965,No,0xbf0abbdc67ca686b3f07199c88ee973b0e0b504e929c50dbdf8f95cfe79a1ffa
SELL,0.001,0.02,1772503965,No,0x14eedb375604706c8352694cffc185b45ee55e0d35c1dcd5085de1136a5b9243
SELL,0.001,1.55,1772503861,No,0xa3ef62683cf67c3216d6c134cec5c6d32392c1050af15588a639261d412680fa
SELL,0.001,1.32,1772503861,No,0x5196d2a5c6c7615064cdfbc3eff79f5f56085bb3c6cab4f7335be682010a34f3
SELL,0.001,10.83,1772503861,No,0xfa4bf8541d330fd767e76bec75f9bf00cefa9a6dddd8917c52ef51324dc9e205
SELL,0.998,2375.98,1772503859,Yes,0x814e9626be99d2e44e50aa49e1212a7d166cbdb3421805d5daf94db94005a54b
SELL,0.001,0.03,1772503753,No,0xc3a2d1cfe270e95b28c5e5b848f23ae5ac8840faa3390de026041f4e410bca8d
SELL,0.001,0.02,1772503751,No,0x51ff7a7f44295bcaf70750b054b20914df37f52c9debb63b6e31f57397e6c02c
SELL,0.998,3.16,1772503751,Yes,0x1bda3820484a5815732e0eff3f7757e21da38c998157067fc1e9b8440a650ff9
SELL,0.001,22.42,1772503739,No,0x0b57b28e91bf8f05e76a6d2e70571b6d3fe46f1818cd037d6982613ac2a1fb47
SELL,0.002,5502.47,1772503709,No,0xa7ae1108aa429e7473a418832dfbfe133763dff0c4259a0842ec962c7d9f8703
SELL,0.001,68.13,1772503709,No,0x19a5fd7c3bc240c3bb5bcbffb83c2f44f142c1054ffd310e244d0a9b6cb39a4a
SELL,0.001,58.2,1772503707,No,0xc0dd62b14b518bc7549d71ca0b03bfadebf1062fdc9651bd784072ae26820804
BUY,0.998,25.05,1772503705,Yes,0xd02d5e8075d273cd86876b3a11f964a0dd7fd10e54ca9d987ce23f65a14f698d
BUY,0.998,1.002,1772503705,Yes,0xd0764a2b74ddb83b11637a7c6c329eba1ff8820dca1858e77c9d4c6a5716165f
BUY,0.998,2.004,1772503705,Yes,0x85e54c52a71eaae5d507a339ba8e26f9b4732812685ab725440e17c765dc51b2
BUY,0.998,1.002,1772503705,Yes,0x0d082f799a278bd49fec3004c46d1a769aa902a093b0927cf5082167ce09b289
SELL,0.997,205.29,1772503701,Yes,0xa4a859ab18b801001626677d973fffd411a94c4e4a03aca1725b9373fc4faf50
BUY,0.998,25.05,1772503695,Yes,0xcb97140932ab5ae46d5d14c10aa86f2a7dc0e8b2adfe5234e594358b3a916144
BUY,0.998,1.002,1772503695,Yes,0x334ea70e161109916f76495db00d117bef27e45e844b1cccdf8bb33fa3eb7379
BUY,0.998,1.002,1772503695,Yes,0x371940f456c1a39c0cf5f449ddcfce8304ea3d39ae310b9ebcf8ecf6d1a022fc
BUY,0.998,2.004,1772503695,Yes,0xb8828039249aa4e71680816afc0061459f696b9e7df860286cf09925d46bce26
SELL,0.997,7.01,1772503691,Yes,0x9db03a07e07c89a6bf266d6ab6ca460693a4d557c55798a5fe8866bbeea85d81
BUY,0.998,7.014,1772503667,Yes,0xf199d41e0f3df5af6baeeb0041ad61bf40eaa6a06f8892de4202d68854ccaf9b
BUY,0.998,25.05,1772503621,Yes,0x918c94b4b434315c1788548b16a358f745d744cc80c63eed97eb46d216aef380
BUY,0.998,6.62,1772503617,Yes,0x476d3c2b4cc027b295634cb99f69dc0a19a5ffc9bdb81ea4ac3e48d8152fb924
BUY,0.998,1.002,1772503617,Yes,0xbe8c46f996686050a2949fce55456fb1ca3cb934b2834b0ec27d18860a689477
BUY,0.998,1.002,1772503617,Yes,0x0c363946496356669f9a0d7d36c090f2def20ee4934f188f3082159e9dc1fdb9
BUY,0.998,2.004,1772503617,Yes,0x168154b1a78b7254b4356972efbe43a2f986f19430a22e9656af93c32e7ff076
BUY,0.998,6.643,1772503615,Yes,0xdcd7de8d69df6851d3e9d537ce4cf3824c2b592cb5ed9aee05b43011a21007b6
BUY,0.0030000000075,666.666665,1772503613,No,0x898f9d4d80bd3bbfcc9cbe754bef348a930fef2cf81d4a0446fc90b757f2b33f
BUY,0.998,38.63,1772503583,Yes,0xb63079182868767d039ddc638fc4dde9ddacab9f93cf1bd529a11d095c3be038
BUY,0.998,25.05,1772503581,Yes,0xa49c435c38272196dabbaa53b57fae14ffbc8c11d2e60411e3bfa9dd491615c9
BUY,0.998,1.002,1772503581,Yes,0x440521377d614ea5b67e5ceff962ce12aeedf5f8d24573d85a6b430e8de32b13
BUY,0.998,1.002,1772503581,Yes,0x87785f466795bd40a1486f9891164c2645261c7323a142289bc3c8a481487fcf
BUY,0.998,2.004,1772503581,Yes,0x1b5775b1d14022af95d192fc46c9ff579527244d70c819c82faa09d784aeb8d6
BUY,0.998,4.689,1772503577,Yes,0x82312fbd5fc4f9e67c3b286aea7774fa6a588538d467ca01eb010499a9de239f
BUY,0.998,1.9635,1772503577,Yes,0x8b8777ed2c6c7ff1c830bda17ed8ccecf9f65c38ccdee47de5401a501792f00c
BUY,0.003000000001085973,3683.333332,1772503577,No,0xf096d3ed5975e520d6e4a505352a231ba6c26e9c1213ecea56aa3e1b21d7d7f5
SELL,0.001,1.82,1772503435,No,0x36ef38512924f511521b3dcc876b2d60c8c423481f8863b007eee6a05e4b39ac
BUY,0.999,25.025,1772503385,Yes,0xe9ce38115796a59fcf51c0d3628a3b24cf0c6672e4a1c2cb98e624f1f75cc80a
BUY,0.999,2.002,1772503383,Yes,0x89d94a797d369715d8df5b8adf7a330638bb637f2dfbc83ba9e1db6d85edaae2
BUY,0.999,1.001,1772503383,Yes,0x9d29f73c18b39378a7a4b6b4075a895c3dc5afbd35e1b2addcb799d3e5f041b8
BUY,0.999,1.001,1772503383,Yes,0xc4171381aa192c4430fe1ac42f99eb13c2e5b2dbf265000d2be8f8dfdfa1c372
BUY,0.999,1.091,1772503379,Yes,0x2643a7d9b9f7b032f1fa812ff512f561c70df52811142ea48c409265d45ad193
SELL,0.997,111.22,1772503377,Yes,0x161090ab8308542ff2c11172828ba550e03c2a887851d4ec302e4df5521d27f1
SELL,0.001,1541.66,1772503031,No,0x33fb2ef69115edb38256e7635cb27ae27c1fa61704874c6daa80f1d59e1d6bd7
BUY,0.999,89,1772502977,Yes,0xe09a589e53eff2e9280db10de02002c86578e11ac76e38904e21d4be797bc6e5
BUY,0.999,16.75,1772502951,Yes,0x142f13a891bb248801796bd2c70858e8628161168c1fe34404380a86b47539a8
BUY,0.999,25.025,1772502951,Yes,0xaf764b5f6c31a494483eb586187d3a8c917b7d16063f9f54a2b0aca47b865471
BUY,0.999,7.417,1772502949,Yes,0x2a1f16f84e0153991eec1a337b91d447990fdbd0f1d4bc9932c71ed26b126062
BUY,0.999,1.001,1772502949,Yes,0x93b0e3cd4ba9b35d40cbf2934cf9a0c74d884bd4f479396236343dfd528d31c1
BUY,0.999,1.001,1772502949,Yes,0xdb741757c60fd1bba6704cd8d048237e44fe08e791f2abe27f57671cab3898fd
BUY,0.999,2.002,1772502949,Yes,0xde17fca77c1a78b9182c5d91b941cb603dfce1afc71b68ad6b6257ecc56bb28c
BUY,0.999,16.606,1772502949,Yes,0x40817b2ce846b2ccf904e681c0957713a7931fedb30b9f34c485db20ae454b28
BUY,0.999,5.705,1772502947,Yes,0x20ac3c6028768c0229b718ab92e35211e6291c2081e3b3a25ce3f2137ded0dc2
BUY,0.999,1.101,1772502947,Yes,0x086abf0aa59a0a09d5c74c3bd3a263fc6d1a6075c2abdff82fe77762c5dfdf3c
BUY,0.003000000003,1666.666665,1772502945,No,0xc8111af0e7b4e62c8de2bf73bec4fb41f2080312652c9231ef372800f3477dde
SELL,0.001,2.29,1772502883,No,0x7e6edf02cc90310b4fdc783829b83a5775a8d45fb6e298df69d0f23f702c060f
BUY,0.999,25.025,1772502859,Yes,0x605d1d06c689e2e2de1ea007397efe972cb08f2054a078bde6ec78a798a228f6
BUY,0.999,39.71,1772502857,Yes,0x15ae63588415ff192bb3f1f8a8e333c87917a37c3822e13fcc1b5adaf5e0b949
BUY,0.999,2.002,1772502857,Yes,0x4921b20e6fa7b50830869b036c0bc1d115e8d2d5634914c4da6c868986d2ecdb
BUY,0.999,1.001,1772502857,Yes,0x136d3d5522a0c1b0a4f4f614de9b868bb14ba1e96616883b8ce991c3ae9bd665
BUY,0.999,1.001,1772502857,Yes,0x32d1f0c2411c357ece79b7310b3e40df567df471a7da23bc8b29333ce4634295
BUY,0.999,13.323,1772502853,Yes,0x8ce32a4a2fdd63734ca0cf36f9d92648a3715ecfe097f5b788e4abfbbe5f5a64
BUY,0.003,4000,1772502853,No,0xbf1ab33fd1aa7abc01c865b9318c2784895b0a08692e2d41a6489629ddcb298e
BUY,0.999,1.101,1772502853,Yes,0xf1d36a0db0214226fb79e009fe44e12561cc1d8b0d1561cd9860baafab2951ee
BUY,0.999,2.092,1772502853,Yes,0x6afeb71f75eafcdcb4c73b714f33dabf07b37a1607595e481200188dae155239
BUY,0.999,3.003,1772502735,Yes,0x01925b3ae346d008147069a68a65818fafb9f5720ca5ef57c209d214fa9add0b
SELL,0.001,106.38,1772502699,No,0xafb48b1e80142104743c58ba392ecf904bc285ded45c07031a0ccf3408213bbf
BUY,0.999,25.025,1772502679,Yes,0x7ddde6a66cf0b2ae9582c97a8cd98466afb1154777a83259bf37106bbc7ed0fa
BUY,0.999,83.06,1772502679,Yes,0xf8fc7ebfff2f1a072ac2c0e50dc2e49669eb64451f2a6faa9b01b1b6cb0c2075
BUY,0.999,1.001,1772502679,Yes,0x11383ccae1c96e9ccc38ea96a7fcfda1c165f746fc96f53cd31fde62e4b3f916
BUY,0.999,1.001,1772502679,Yes,0xc8b2cad5e615a0e9538ac78afd8d48bcda9b2eecc4f18c57fb7434eb170a8223
BUY,0.999,10.01,1772502679,Yes,0x1faaa46ee0b52cfaf537bd29d630377e2f2012fcd226cd1a71d63d3127ffcde5
BUY,0.999,2.002,1772502679,Yes,0xe614f713788d097a7894629d9c619c1f93c410b78559219e6111ed00a7fd5f40
BUY,0.999,2.002,1772502679,Yes,0xab1d76fc4a4aa29e83cf0ee650d6e0fa02faa49c563cf9adbbc091f97767cffe
BUY,0.999,1.001,1772502679,Yes,0xb7e7a7249ecf8847c543dabd6829a6e15e1f859d8d5cec2cb5ad87098c8981b6
BUY,0.999,4.144,1772502677,Yes,0x84cf5828b7bba2fb8b1ae2f1b061d851059c4a523a38a5488149c46a8d7101ce
BUY,0.999,1.091,1772502677,Yes,0x5a03706c69d065b6fcf42caf69b09cc8eaa3e209e4c3de00242b9ff510d51829
BUY,0.999,1.101,1772502677,Yes,0x6bb0739d381bcb99c5d79ea4dd15e646595f6b2adb86f1bd8b9a9c9ded74f5a0
BUY,0.999,26.336,1772502675,Yes,0x7ff0ac4c45a6a05b4385447c42abec551c63a094f44a82bcc2b08d767adb0442
BUY,0.999,6.506,1772502675,Yes,0x3bd14fe9ffb0cf8b805d62defd019f1b462bde9b04d507401c3bbbd03cafb697
BUY,0.003,20000,1772502675,No,0x929fb0885bfa62465970f26cc7a69bbd65bd45b2a39c619dd21349dcbb171101
BUY,0.999,1.091,1772502649,Yes,0x4554ae951bd12dda4e6e5bc667e6ba9455c8f8b4e245c68ef74a2a56fdde352a
BUY,0.999,1.001,1772502645,Yes,0x321122a5cbcaf100ba0c8022187514cb12c209c2f2317043be5fd379e803b186
BUY,0.999,8.318,1772502645,Yes,0x12749a43bb7830971cc824ac3d4b008c288ab404f88d5bbcb9ae4f57e611f795
BUY,0.999,2.002,1772502645,Yes,0xf4c3290f2559550b2b3017999027163d4ea8a89c0f9cf4a233166e6c0219f128
BUY,0.003000000003,1666.666665,1772502641,No,0xf1e0984b96656914c8ef9c47b1ba28d527f0526272f261b681603636debd6676
SELL,0.001,235.33,1772502629,No,0x5908b0a84ed643880108c6816682e267f7f4efe81de90ebe73a88bbb3a748a83
SELL,0.001,201.05,1772502629,No,0x78f0f5fe275258f4e477c99fc500800e7b3e8634694230f734a41e0106c9bc84
SELL,0.998,11731.87,1772502627,Yes,0x35828f450b7c27cfd6f47b11c5b2cd882eee9906bac24585fb81bc1b16d96084
SELL,0.001,423.82,1772502535,No,0x478c4171f3583703b97e8afe274a35b3c60b9815b3a21df951c17b93fbf3157b
SELL,0.001,362.07,1772502533,No,0x3dd8b648d499f5e51b8c9c8b80e6f15ea9f8d094ed8cc9f4b923c3e832fd4a59
BUY,0.002,20080,1772502533,No,0x4a4e1b15aca48faecb750f89b5ce75c4c7f22abdd9f6e6d421b48fed18422a60
SELL,0.001,267.61,1772502527,No,0x77832c39179be811aa0c398d584f3cbd573d818c6f0f9fd912995951e909cb68
SELL,0.001,228.61,1772502527,No,0xba8f37ec1a18829c3fb18068435b1b3bad400c055f2165d9ad3196b97f8c163b
BUY,0.002,12500,1772502527,No,0x50ba7a2a17d26522478615aa2122c2b2fd885ade35db736eff3ac9d6da99f590
SELL,0.001,402.43,1772502467,No,0x80ff670eef56132083a19553c09ddf0bee5a6b2176515bc4134833d4be27b54f
SELL,0.001,343.79,1772502467,No,0xd827a92419aa3e3e11bea6149c417dd8f6e9dfb540a8ed0d31a470b0ba7d3989
BUY,0.002,18500,1772502467,No,0xae12af9e9b9897a36f3920b67550861da0c1da9754343305768bd71bc7c8f747
SELL,0.001,187,1772502385,No,0xfdaa9255f529f0623e69cee73fa4c80bc64786065ab45fd94d54c028761f754e
SELL,0.001,218.9,1772502385,No,0xdfdfa047d34b8c148573f1b73a3126b64badb871aadb8ecd50241e1d290d47a6
BUY,0.002,10000,1772502383,No,0xe8790c67136fdb876f847bb37b033a2c4e9f3e3f3e7bb03b593876e85d0e6a8f
SELL,0.001,108.69,1772502373,No,0xa6101b4c470c550ec1e45b2a004354b541aa81cc6bd0da9ededbb7e882553413
SELL,0.001,28.11,1772502369,No,0xa426d6c68032af7141c4e3349e7ba206ac48ee10e0b90857b0675744c491f349
SELL,0.001,32.91,1772502369,No,0x17164eec802c4fb8d7699cf911a62bf3435c3bb9a7a704b3b2be727f117d1c54
BUY,0.002,1500,1772502367,No,0x75b8b5686a4483ec2be21c366c1467de6dabebff5081bd9f64aaf98e458be81b
SELL,0.001,1333.33,1772502323,No,0xeab17366bf3ac715f970b1f828e3b873afbb80c57d17fa3d9bd5293a182bb615
SELL,0.001,86.53,1772502233,No,0x300fe58b2e45274e87d31a85d4df146ccb5b0cd2bc652d017f0baa0eecca7462
SELL,0.001,73.92,1772502231,No,0x1aac5cccf5cf93bd282ce865cf5ef70483dd5c60e7e4530b9b298d5d1290a7ed
BUY,0.002,4940,1772502231,No,0x4d36fe8879aefcd5ef1d25402532b0806479d748c868a7e2ef1191cfb3426bb7
BUY,0.002,1000,1772502091,No,0xff4a8446e0f7086e94c5490042690d884f24668d243ee5006f66ca71e18f6c0c
BUY,0.002,5000,1772502013,No,0x324b9f25ad9ead1f0f3c2999ef072be0978a82efc697f1a0ce5543528e62fb42
BUY,0.999,1.051,1772501955,Yes,0x90cf0000d8579dfae6d126d5a313e91ccab66e0b73efa65cf86c6e415851102e
BUY,0.002,12500,1772501953,No,0x26f9990c1dc72fb7552d94398ad9cf03127778f21302e942fa3689911be7cfc9
BUY,0.002,2500,1772501889,No,0xae2027d73e367db54d5f9fa482180f6767e38e25b59f4a24944f1fbb063c4021
BUY,0.999,8.498,1772501887,Yes,0x26fe8176357920a012491428792b1ba93493006a32b04959aaf6783b6b0f356b
BUY,0.002,100225,1772501887,No,0x69514e9bb97d3ebc1de7e841e30593b9ae0c836117438be34ba25f2fbda2771a
BUY,0.002,500,1772501839,No,0x8099e06e3f5c33bd589ed190c7881240ce14e1bb46502f11b9746ab599c22793
BUY,0.002,2500,1772501819,No,0xa21e45d3c047f3302b7fc72c2855f929603fe066180811cebd62305152d952ac
BUY,0.002,2500,1772501807,No,0x614a157f254ae6217317c3ca38a4f1563079617ce8a43da19bd11f4c36319827
BUY,0.999,2.112,1772501709,Yes,0xf28d4d2792fc9464ab18849bbc78ed834c659bc112c725a780ff24e4290273d1
BUY,0.002,25000,1772501707,No,0x000286324b13a53c92708d0b6ff2742ab0ea4c8ac24cff940d617ba0485ba563
BUY,0.002,17300,1772501665,No,0x1a1a7e4d89a1d808574d9e32d25dbac24c8ba2b2ebafb2f855ebebb0f3ff76a0
BUY,0.999,1.441,1772501665,Yes,0x931f95f08504bc76e61a34f90933f75507296d631b0111180b2249b74d9eef8c
BUY,0.999,35.015,1772501651,Yes,0x33ce9ae79f7f838c73a03077d370976ec28ac71c115ca58e11d282c132cbd3a2
BUY,0.002,1500,1772501615,No,0x9dd55a2e5cdc6c70e6d593c0e8a02a3799cbaca63669cfaf4889b8ab18f9b228
SELL,0.001,3.19,1772501589,No,0x7b1695e68788a2904b67b05fe78020955230f4c25591b40930f14223830db1a2
BUY,0.002,700,1772501551,No,0xfd9354994a57fdb4ca18f30ad8cc90463dfcb1ae7e87e6ed3fda6922f08df4da
BUY,0.999,1.001,1772501531,Yes,0x06e3b0a2f040e20dddaf1c69d474f3ee81f48d97dc6b34d5b1a3b475125a2be6
SELL,0.001,5.22,1772501521,No,0x77e55826e8ff4efc8a48dce46f79913e023d62ac232b84119999be4efadc2493
BUY,0.002,74960,1772501485,No,0xbca2a7b3195355d9155d85c8cbd87ca21b5b20b681f918675044d4227cf40229
BUY,0.999,6.356,1772501483,Yes,0xb02a00029050ff217e47baef498c81db003824137189dec216bd95cb27f34ee3
SELL,0.998,63.31,1772501461,Yes,0xa5f361e88b1d31c2e2f53b200a2edf995875c748a014fb07c1de6e547674c742
BUY,0.002,500,1772501459,No,0xb4582ff4b886d81e325971727ee215ff89a6f2c5e593b597299a4cbcf4cd2e5f
SELL,0.998,10000,1772501457,Yes,0xce96dcc4d5b83b672472070d7f3e3f642b6bbb055e7291d58ad9dbf762158475
SELL,0.998,6.01,1772501401,Yes,0x0912526ab767774723f6598af1094a3584775805b9d86c77d962dcbe5a660a37
SELL,0.998,55.96,1772501399,Yes,0x0b870178411cba2581e509b4daf746953af3a125e31da4bab8f54e910375d4a9
SELL,0.998,5597.32,1772501397,Yes,0x9ad36af4f4bc439073f28ac0ccb8a8ec076403a131ae889f6b465631f487cec9
BUY,0.002,1030,1772501395,No,0xd3bddbe779c46074ba5999950add7d6ba9559a67835efa41222be4fac0439fd4
SELL,0.001,325,1772501335,No,0xfc03d12443df7b5414a7723059af9bb4e400316aaa0882b31a810c6aba98d5db
BUY,0.002,125245,1772501275,No,0x5634aba5101ea56e110e575a9b42c35266444e9f6297a856f87a456a3ea756ee
BUY,0.999,10.63,1772501275,Yes,0xd25bad9928e790e04baddd2afb37f7c8079696c3d3125ac1f2352fe4d5799d4b
BUY,0.002,1000,1772501251,No,0x096fbaf2df06d65420096f735cf91eca9487fcded425d5f6621c7169f1b58373
SELL,0.001,1375,1772501249,No,0x4c77812331b0892ebd50b5cbc4f5a846a38500e5196e28a09bcddab845acc46a
BUY,0.999,84,1772501215,Yes,0x46d2df4dd143e712b325874863e6f2fe9f5f3681f8cc0d0043f856866f743a6d
SELL,0.998,320.04,1772501183,Yes,0x70a62465d56e85605185b18f4c50c2f74bf791d905625666b0b491bfa7492453
SELL,0.001,31.25,1772501151,No,0x127ebe026ce611c225d980db76cb08dac949b6a7c92ce910508366b06ac55861
BUY,0.999,6.356,1772500979,Yes,0x3a21accc7a4c2e881178b5aedbae6a163154c5f93a316b1e61d805507e8c4094
BUY,0.002,75000,1772500977,No,0xc949aa8c40551e49a6129efe1c837d4f5069094196f802235ff3bc5458becad0
BUY,0.002,3460,1772500975,No,0xc1b720e1a8114f3353341a41c813450d1ed5db0dd069c7ef175e422d11339f95
BUY,0.002,2500,1772500961,No,0x8917fe12d0e470ef1b844690e52bb0a0e2f35ced9cf5975da68d337b21ca833b
BUY,0.998,33963.79,1772500947,Yes,0x8ee09e25fe3a61082b9d1a34c8c152c2932ad865c49bfca9fc76c4cf6c8052fc
BUY,0.999,2.872,1772500947,Yes,0xbd551e22d0f65f4a006e97a142c56e814f5b13936023495111eaee0b11b550b7
BUY,0.998,1.002,1772500903,Yes,0x9e1d71d18b2f9c1aa28f39cb6858070d572308ad19fc379d0fc54efc0eb411dc
BUY,0.998,1.092,1772500903,Yes,0xa967af62933a4b044a60c5d32aaf96ab026d6b73aca1cd9c25400cb5b6e76177
BUY,0.998,1.002,1772500901,Yes,0xc0f2a4d69e732ecb7e0ad148cbc7eca734364babbd04937a9d9c3c8565f40d75
BUY,0.998,3.006,1772500901,Yes,0x6d146ac575f45d5b874534e4534a305272611841df669ce185515a8f9ddbc8eb
BUY,0.998,2.505,1772500901,Yes,0x80067266d673ed51f0c614143c6e77ef0d882b0182c14ed6534a6145da9c12b2
BUY,0.998,10.02,1772500901,Yes,0x6809e9971d3af2a7fc60fa95619d6e934c84245c2a0c5ccac4f1922d16996a8e
BUY,0.998,2.505,1772500901,Yes,0xb332db05fb4ba47a1e939484e69394402da4ff88a8117b2dc86f88d14a718d78
BUY,0.998,10.02,1772500901,Yes,0xad5cdd755590917d17866085ab7f3f572a7b1f21b05267ac637d32807ce8d64e
BUY,0.998,3.006,1772500901,Yes,0xfa998c4c0b2f6c6d571224949cb657a5178212c113714f3f4392e0e9ace61fff
BUY,0.998,2.004,1772500901,Yes,0xb3a3507b21c36cffe0773b435f6e038cb32e3750f8038b91501a00e2ac81743c
BUY,0.003000000000075,66666.666665,1772500897,No,0xac92261014ab3f8bfe5702fe492168e061f59be8f172df68d06b387a6b866fd0
BUY,0.003,3220,1772500817,No,0x69f757332c3eef7627131996452765d5ee5cbb476e082b214414d59a106e75d1
BUY,0.003000000012,333.333332,1772500785,No,0xdb0e566b696fad4e3de50358704d81cbe14793fbc611284856b1cc7d2022b6e7
BUY,0.999,2.002,1772500757,Yes,0xb508cf78ca86b3d99227751903370a6f906836426b8f9b370606ed6321c5f268
BUY,0.002231512916875111,52430.796665,1772500751,No,0x34ca235157e42f5b456ce51e15939ea3c136bf3f4bd0bf600bff5f1b6130c99f
BUY,0.999,2.002,1772500725,Yes,0xba421ae0b2cf29235f133e6a7caad2ae2857f040260670053f39397db04b22c4
BUY,0.002,500,1772500719,No,0x0b7f1134e3cd352e2221b5da6bd5595a43d05218f0f82891d0e64a29fef3e5d3
BUY,0.999,2.002,1772500713,Yes,0xa100e9aeb845a3c4a100a22a58e0935e909d820a0459284819ea221510ad49da
SELL,0.998,117.12,1772500707,Yes,0x15dfeabb4aae889cf6fe1f49600a8ccb7b94d64ee9542788d37c12510e0b0235
BUY,0.999,2.002,1772500623,Yes,0x6720d897ef3780fce0b0245b9153037caa1f03ad7ecd7323a8fe38dd825faab1
BUY,0.002,1000,1772500617,No,0x82bf0c8893c11a59ca16e1408a3ce7090de10ae263c7682a5574859e61beb0e1
SELL,0.998,40,1772500519,Yes,0x990c05b8ece93bc1e79c14cc672112b15b3e5a71ed47492610275858aa164439
BUY,0.999,117.117,1772500451,Yes,0xacd88ac3889b3475b738c427e0607320478c2ccd038fe62b6389d000342ff2a0
SELL,0.997,44.36,1772500437,Yes,0x599be5c7d289be40cd6ba38fe9b531d6b2253d83d64f87ca227b1ec3316ad7fb
BUY,0.0026649916247906196,5970,1772500209,No,0x952989a085718e6c44419f0e94b7153640d437cbe778563388fcf0222e5f2105
BUY,0.002,10000,1772500105,No,0x698e5cba49ffee639f7f95b1597c76a7f33564dce676f538a7bc73da6f33046e
SELL,0.997,5,1772500005,Yes,0x14999822aa203d048cdc4482b192ecfee206dde11d9ee08b081c0bf05ee065ee
SELL,0.001,3000,1772499977,No,0xc292281591f3b70def88774b9ac820a6c74ee001eb2f6a197bff9299f1bb0ac5
BUY,0.0026080233314991503,71226.356665,1772499921,No,0x520eb08fc3c05eb6a170f1407b7769e0c9ae4387ccf9a8303439ac48e34652e7
BUY,0.002,500,1772499887,No,0x12768931ac7fb641de12c47cee542b8809b7e3f06999adc9c271e196911a3fa4
BUY,0.002,500,1772499837,No,0x6c06401a32d6e08f743494ba8faef3b3778982c3186780730280d99a7904fac9
BUY,0.002,2375,1772499781,No,0x9f53f0d8e5222e95ddfe57cb49eec037089d0626b85cdb1a9335382f3ba4ad76
BUY,0.002,49750,1772499763,No,0x28e2e4a0d09c84b2e9720d82c328892789519f33679d004a441226ab522b392c
SELL,0.001,166.66,1772499737,No,0x7e45be41ca232e8ea1591d270d4b2f0c94f5abf205831c4dfc12a60fa1edb2e5
BUY,0.002,1000,1772499713,No,0x1b205d62d6cb4bafd1a72544f10b1e7a24de11625287bc3848209ff3a3895ff9
BUY,0.002,25000,1772499711,No,0x894d8100525f15f1f66f4bded277e36d1ba17ec210e405c958318c3900276c5c
BUY,0.002,1510,1772499709,No,0xd352b5f80e7bc2a422aa97771ea61d410dc9610e8269a252f56fa7a9455774be
SELL,0.001,1111,1772499701,No,0x8164de828271c1b485437e0c893596187d3eda0c8a16fd1f3bce5b1d09ef5c7c
BUY,0.002,500,1772499699,No,0xa5e78380515e443df9efb892582f3f7a367f717739910ee77d406b7d23b137a4
BUY,0.002,1000,1772499679,No,0xed20ddf6fa8aeb713f3b6e41a404c9a33b6da4b55f64e527517798415af071eb
BUY,0.002,500,1772499663,No,0x336f6b56d041b802b342e6f3b75b496c40e29f36cb342e0e0fbe9d1df1b1f911
BUY,0.002,500,1772499661,No,0xdb37bf8dd68cb37d8b2962654a45328fb6c29262cdb659a2e31f29606b9a197b
BUY,0.999,10,1772499657,Yes,0x0909584e1b4c9cdb79d49825c0c1561145875e266b9200205c64e734575ab086
BUY,0.002,500,1772499621,No,0xc176f0a99915ce812d8a2852fd850cd1bd819b5b082a3c5f5651a2041df2b694
BUY,0.002,500,1772499621,No,0x1e6ee018f92f1f003e03227e9bc8b860ca2be896d1060811e1e78efcbc25e5d1
BUY,0.999,5.005,1772499611,Yes,0xa322156947fe4c9df768ba1a0beca3cede3e03f1c1c696fba5ae3a8e8b8f6ca2
SELL,0.998,29.94,1772499611,Yes,0x1e0cab2268936bb8d90d30eb02f10bae175c04a9fefe7546e516ab49065e3a24
BUY,0.002,139500,1772499591,No,0xfc6cae41428d386597aa290cbf3b79a25d557783ae221333da57d1afce664dca
BUY,0.002,1500,1772499591,No,0x651194f62bc5a80563897cbc4abddc7add3c1ef4cb084f41d03e5389999b8a8c
BUY,0.002,1500,1772499577,No,0x58ccf5034267c09bb3dc0f2d2c1a32ffe5e395fed996f81f49b873de372090fc
BUY,0.002,500,1772499551,No,0x35d76944d6233262cc21f847972b1892c8e8b695f400de73ec2ee90e4cc9ea27
BUY,0.002,2000,1772499545,No,0xdbbbd8766cdce97c83acf898a3f13ad3123b53abc04a7823c92a949be21b8a1d
BUY,0.002,314,1772499535,No,0xb0bcfb4562cae97f439009c35fd3b7d5b2d1c66cca850bdeaac92ea521d985b6
SELL,0.001,5,1772499529,No,0x7bf9bd586ddbb76fe760ed5b117ae58f905c6e57f10f0941284c034cd08e4a75
BUY,0.002,500,1772499529,No,0x8d8ae40cbfb3084b06da51a925cf50fe13348cdb6ea734cf5ef5b74583cb269a
SELL,0.998,104.2,1772499525,Yes,0xd36936081c98b6ac7d4a8d4446624527ee9b2d319af943279cac78b272b957ea
BUY,0.002,7425,1772499523,No,0xa5a0849ece707125d4aa90ee09fe19250a91c1e136eb5a8ce8c6f04e7536db78
BUY,0.998,36072.79,1772499521,Yes,0x45ba8a565cf643d654785608fc3f3949419010a9ece449f349ba85e1e93f6ee2
BUY,0.998,44.3685,1772499507,Yes,0x0cf26293ce0e80e86cd24ef8c33a188861e8a53958897b8c4fb48b5195b7b260
BUY,0.998,2.004,1772499507,Yes,0x6139d5eddb5a7f2e5109f1c20661ede1bf1a136c9e667e63142f461fb3089bd9
BUY,0.998,2664.2,1772499501,Yes,0x7f8f56c983453a44ecd2009062f8e5508b7fca8e46d148f43086ef93d7321f86
BUY,0.998,26.633,1772499501,Yes,0x6cde720ff0a650ce4f44b3e5338ecf5b098b2f4b78e0117849476268104f04ad
SELL,0.002,10250,1772499499,No,0xbf45c47e36914e29abf47597a8f100ebf3fe64d3539c2630e08966627a57616a
BUY,0.998,9.5,1772499443,Yes,0x6e5f59bdf5cfd332675a71769e0a5fd98096c42f2a745bb258e34701109d6afb
BUY,0.998,2.004,1772499441,Yes,0x1c63f0f6ef358f099d04186266bb38947bab12222ff15dd0e70446fa446ea083
BUY,0.998,9.3285,1772499437,Yes,0x6b763269b6cf5371f32434535812f7ab8ea38c37776e7cae00f0400798da2ba4
BUY,0.002,5419.15,1772499435,No,0xc09f957a3f243176f9f50bc5281234c3df2a815d9d857333d1f33ee95b7fc8f8
BUY,0.002,2500,1772499417,No,0xa6f513d60baf32a4131833d6fafa39522f3520a5ba98b83c0ddb698728b575cd
BUY,0.998,9.87,1772499395,Yes,0x8e820b1c1f040d7defa678fe5973e21e2860729d6ce7da7f17a8469b28676d39
BUY,0.003,500,1772499323,No,0x09ce1c39faefa9467dd6bb2660b6138d8668c84147d75bef90d6d57df6a65015
SELL,0.997137526,20000,1772499289,Yes,0x06fdce32f7bf18537fca6dc8401294b66e35f477dab2e303c9bae6057ce1387c
BUY,0.002,3140,1772499199,No,0x5128be656e9d5e7cda51fe50aa839e2c6550bb8cb1e7d415f8812057871715c4
SELL,0.001,356.59,1772499187,No,0x514b114c780a3120dae3cc7fadc6bedd82205ea1e8b6fa6930909881089cf817
BUY,0.998,1612.77,1772499177,Yes,0x2e8289f8adcb53016a829232ca6b1af8ca9ec2e1158f185830feb25d94e77ea1
SELL,0.997,5,1772499175,Yes,0x2f3e3ea96ddbf340d58f7bc9aaad619af6faf6f8d5d4bf82e51e09961d3ce00a
SELL,0.002,500,1772499169,No,0x263f829b659026e7354611032b26c770399f6c5b117a3f74201d53cdfbe7a976
BUY,0.003,4000,1772499149,No,0x3b48b041433f639741565b209767aea26481ebadb746a910a26a5555dabe0933
BUY,0.9979999983686538,104.208415,1772499121,Yes,0xb62bc3b0c6e2e31fd6f114ffb493437949c806f35d9a4110c16169ad5d1feb9c
SELL,0.998,724.02,1772499087,Yes,0x67a75ef8ea79d9230e1665cf3cb7fbaba91a8157183702a729ad016a1925c9f3
BUY,0.002,10430,1772498971,No,0xb826ed5300fc8e1bc4d9d8aa14e96d7125df400e9040f9d5074c2fe5bcadd531
BUY,0.002,21965,1772498903,No,0x3d7a531827c89627c93b265bbb77278248d530bd651907ab658859f3dbfa9461
SELL,0.998,4999.99,1772498891,Yes,0x032f3297886dea19241335c7b1aaefb57ca00f96e3605869221cc42888cccbdb
BUY,0.002,1500,1772498863,No,0x2aff6b3dc7b87b289db52cd1a0dc437efaadbcd4cb1ef6e286847fa559d0a12a
BUY,0.002,1000,1772498827,No,0xeb01deb30bc63e4fb16ffc45286ece2e5167ddd50e3b1e4956a139b82ecab076
SELL,0.998,1,1772498827,Yes,0xe20175f1f61701603cea7a84d86053b1106fdd11741e9c64247e70c60cd506d5
BUY,0.002,1500,1772498819,No,0x142166952b5f480608b701f569ab0037609afe7dce4e9a8c6b2860dddcf45f6b
SELL,0.001,200,1772498803,No,0xecfc09b8d43b55eaa29582b320550561276a2baabd6942d08b9ce852404dc271
BUY,0.002,2500,1772498801,No,0xe570895c894d33f3ce5c3471ccae32aad978f77f4e1d1a5b1e2cb29496edf244
BUY,0.999,1.001,1772498791,Yes,0xf9b1ed190355644ade662756056af55f95332121e3545d9c043947804f71f71b
BUY,0.999,5.005,1772498757,Yes,0xb97eb806267ac286411b11e408f0632213165760a19d504a241e7ff1116d9893
SELL,0.001,11700,1772498677,No,0xe4a275d1e1479e6d47d200249ab195f68d3529c36c56ae1e60f4399ed70f4af4
BUY,0.003,2050,1772498667,No,0xa483f506613e57194cb52d4e2c23522bd72d24bbd3db924acee5bf8992a8d232
BUY,0.0030000000010997068,4546.666665,1772498627,No,0x21ed7514fbe95e6983b8bb2927822a80bf33fa44900f13822529362d70917cf7
BUY,0.0030000000018820575,2656.666665,1772498621,No,0x26c6e76c2e8c0f081200138b1622c6496dc4b0e78891bd54e710972aae86dbcc
BUY,0.003,2500,1772498569,No,0x828fdcc6653330f205638cc6442e6b665c4c207017f7cbe81006c69cfc484e08
BUY,0.002,5763.81,1772498549,No,0xf18ac9d1d91205b8550332f8dd2b92dc6020bd685e0db0ac35d3412916f9454d
BUY,0.002,500,1772498543,No,0xeefe3f21bfcc71c1d5d7939c6fe9626f7c5f24b478cd94b7c6ee7f6f45262fc2
SELL,0.998,0.34,1772498527,Yes,0x6c1165a0ad67026bd31e44ebdcb8da602a3b185ade343eb5796664e5a9ee1e62
BUY,0.002,2090,1772498519,No,0xf9712ea09c62a3b28438efacefd073967abb3f6fd95b6a7e8e7c659c1ed1ca6a
SELL,0.998,36567.64,1772498487,Yes,0xf2ad58dc81169c195747e434d925f3aeeea2e5fd185b131f4896475f83a993b3
BUY,0.002,27180,1772498455,No,0x41c6bafbea305fb6abe2cc459dba1ed520dc0036a2f5717a398fa88869259f1f
BUY,0.002,5500,1772498433,No,0xdb61cee431deb20f59123a446e3a104b7718b4121ce52b31b2a4a0432df8c499
BUY,0.002,735,1772498373,No,0x5369f28117e32b5e3af6fcc36d545e5bea9ab6a4d15d6d8cb840b29c52b02739
BUY,0.999,2.122,1772498345,Yes,0x4b6f241b3b8eed76d3d7c3146277280944c287930b2fca389437f990e1cb2d17
BUY,0.998,39400,1772498341,Yes,0x98c73098c16fd1bdf2129d52c86d7a3e5ae2e2e3da2df92e94632669c0eaa3ef
BUY,0.003000000000604108,8276.666665,1772498327,No,0xb3000ad4fcce1952f99194cf88153c1dfec684418a05a8fc8c8dff7ddd23dcfa
SELL,0.002,100,1772498221,No,0xde84d582d56ff1ceabffc87910195954c3e46f1d265f3f4b455945da7eb1f705
SELL,0.0013000030000300004,333.33,1772498207,No,0x0340ded84f643e09a5d658ed1c75541dd7a2e626b4d5458d9cc9537082ffb353
BUY,0.003000000012,333.333332,1772498171,No,0x5b3a74be8ba6d935c12fa469b3aedaf4cd5b6538480570aff6036c34e3a00968
SELL,0.001,491.26,1772498141,No,0x71765240ed6656188f809bd418c788520b771663dba21adf40311a66c9e5117a
SELL,0.001,181,1772498069,No,0x7f61a30e49718716706021008fabd3dfb47935e54926c39eaa2e48aa80af4632
BUY,0.999,19.579,1772497993,Yes,0xa837af10e96ff2ba1d8d91369902c9471ec81835ce93dd47a8c6020ebc36c179
BUY,0.002508543889620285,49841.663332,1772497989,No,0xd3efa56e0c6651f9dfcf269165e36850ef9886bedf84a1b5aad94c8c53006095
BUY,0.999,20.02,1772497969,Yes,0x0bb5d0fad0f1e9fad1d0292802807726378bf84cb5a4b981c73d170fad234f55
SELL,0.998,5.01,1772497967,Yes,0x1f48bcf23d651128acd93b9c87868487cf30c0a179fbfa850f80d712cbba5f11
BUY,0.002,75000,1772497965,No,0x1f0a81edcaaf7815a7bb4784092d8038a3b16e806d0a5f6948046d651897fc77
BUY,0.002,500,1772497961,No,0x89504e04db98a6083d236fd98504ee78ae261dfc00493eb3c2fec266678bce31
BUY,0.003000000012,333.333332,1772497861,No,0x50854e001578172531dd0d1817464178e7c0b53eb8e86fdf353588c6a1e62367
SELL,0.001545024545955572,12556.04,1772497845,No,0x2d10dc20753f17bddabbbd7b1fe51698aa4c5fa7f0456cc2ebf0492930cf5a40
BUY,0.003,340,1772497837,No,0x3bd67b3f9723aa06155badf0fe01e5efb1d627908dfd6ab8c6f426d285f35e53
BUY,0.003000000012,333.333332,1772497831,No,0xdfc057640ca002940abdab07f0a09c16eaa4dcaa9a94b59ad0b941a0371c38d1
BUY,0.003000000012,333.333332,1772497803,No,0xdb26dd0bdb860c3254bf7ab740e41b096a9c4489158af4ae8f673579475213ac
BUY,0.998,94,1772497791,Yes,0xec144b8b596bc34c1e1216c4ee0474d3030e40a6d139bfc19a106b76d2e466fe
SELL,0.997,11.11,1772497777,Yes,0x438b516f7f07ef575f1625014bda5b2cb4ebbb2c79d3946aa84598a7105f7c7d
BUY,0.003000000012,333.333332,1772497757,No,0x327c63dda6dd4b145b054f3648a5c0219b97b90c4d63a8594c5697d95c60e1f3
BUY,0.998,5.01,1772497717,Yes,0xb1f69e885cf7892ee8e017255b680ab58b414609a47ee0f8ec3219f176d20bdc
BUY,0.0030000000002858504,13993.333332,1772497709,No,0x4526a1e4107766eb0d225bf993113970a380a08f7db40da363af8936e6b2b7db
BUY,0.002,16308.64,1772497705,No,0x4ca6ce474b8ae311c4da25239399752db66b9294f1754e98c2bb9b8611a4a45c
SELL,0.998,6.23,1772497681,Yes,0xccf59e5e81a5855e04a2dc22cf9aa5def4b790f02887b96624259f978377d984
BUY,0.003000000003,666.666666,1772497659,No,0x0564e1c331f7a3eda44b34ad857494cfd8519b996352cdbc5becc1779cdd03e6
BUY,0.003000000003,333.333333,1772497635,No,0x2c793fb378a331a5144d8247575f8b6525569ad32e97786ef54792a47dcb7f2d
BUY,0.0030000000004285713,2333.333333,1772497623,No,0xb6b572e0b5349c0c6ba214e94bda7c62d5be1150a91fcd79f622cb33e34e31c5
BUY,0.0030000000005454544,3666.666666,1772497595,No,0x359084840544cc77bd511ce5d179308130af1d603fd1449a07e71d478f01d48b
BUY,0.003000000003,333.333333,1772497527,No,0x6889b08e7a775f9176b582d4f16911ee3b64f6cfcd048a6988e7cbaf34dbcc82
SELL,0.001,333.33,1772497515,No,0x49b67363250e15d608e3c0f648cee298895e6f63af3377573aa66411d273de1b
BUY,0.003,4340,1772497503,No,0x764cc7878309979453962b343b20d86490af2b4ed2b2009043af768f5dd42f87
BUY,0.003,100,1772497501,No,0x4cde76aa648aa2a40240e8aa68e253e486f1dd2c82686126da8abb92374a4920
BUY,0.003000000003,333.333333,1772497347,No,0xde9f324ad252d32bab04c9b9e53f1f79a634c2fde70efe75f87f07762e1e0913
BUY,0.003,100,1772497299,No,0x166b1b3c3084a932862eb8783f19aab64d450bb7ad224417b666f54c1cddff38
BUY,0.002608695652400756,3833.333333,1772497279,No,0xf16cdc2dac75a848418176aa0825af56776de7d96b8587f1728db43c7cff5fca
BUY,0.002,500,1772497253,No,0x13a02bfc64b871c0351cd2ad2109849e7047bd5855f1981e347f6f536cdf8083
BUY,0.002,500,1772497221,No,0xb944e8a230accbff79cce8452d1d086345a2bb8e32b2fec94df2eab7124e5958
BUY,0.002,500,1772497177,No,0x8a832b69f8d4b0fc8b352dac7a16f46d7e6e18ec5df261a17cc52ef71be1b5b4
SELL,0.001,200,1772497173,No,0x257faea8b132e7a148bb815a22c1496bf75e31a25b26d9358bc2b2bd113ab6d0
BUY,0.003,1000,1772497159,No,0x0b99c7e5ea5d4f2460e831c6df84bc8663005953447b762ccfe1ef5e2f0da328
SELL,0.997,34.88,1772497153,Yes,0x4312c0f74380b884b310fec6f5ae081fa2229fa6a42ba28cb7b2b10d9d237075
BUY,0.0029910269195404814,3343.333333,1772497129,No,0x902e0ea16cf4758b9635d5ac68ef172883d1bceb0bb0bd24b71eedfa7c81157f
SELL,0.001,512.89,1772497097,No,0x9f14af9b7b50ad990905bc466a15da7fe8c2a2f5caf043c2d3c5e13e553e5a94
BUY,0.003,100,1772497085,No,0xad87b4498f3aa7a16154651ea00fe55977b30865feea7952ed46f2b6a26c1f8c
BUY,0.003,3600,1772497035,No,0xd4bdcdd4d108c672e468c43ce3aa63ad94bab93e1d3d047cd2be80b42058688f
SELL,0.997,1,1772497033,Yes,0x1ce58796e9b2e16c4fa7d52eb3eb87bf314b18547db4a7fa0dc110e5112f5885
BUY,0.003,2000,1772497025,No,0xe4d1fb8fed4f503aa3f540b8220120a63f2c921cda226a6fdc9a4bcf4549bbe4
BUY,0.003,7000,1772497001,No,0xd9d6adf20d521bf5b3f8ee0809e1684f36e0443b511d429fda52038cd70bac9e
BUY,0.003000000003,333.333333,1772496985,No,0x1c4ec9a520d2400d04d268bb1d39f60f823b46db452fb237f85f2794c739618b
BUY,0.999,1.001,1772496981,Yes,0xa1061e23d4148f7bc880a698a2a866a87db44fb7dd9bf5dbfb9f6a9ed5876c0f
BUY,0.003,100,1772496961,No,0x8df98873e98eed8e2afabf151b8853d69ec5aa63206cb737ccd0139c535c832a
BUY,0.003000000001401869,1426.666666,1772496961,No,0xd1fc3aa41215d0ccc93d4daf91f5972ef150a650fe3954242d3836b13d2ce823
BUY,0.002,500,1772496941,No,0x58b9338cf3133fbbc1745cdaae928bd9b60ab1ba1e2b70b433ffdaf7139beaee
BUY,0.0030000000031413614,636.666666,1772496931,No,0xcc88a88681f22df1fc3fbc32c790a1a150eb15eae70f003872ab0b79c407b0a2
BUY,0.0030000000012,1666.666666,1772496925,No,0x93133751f2af22d7b743ee5cecc4fdbb793d868cfbc69040cce4f4522ee29b54
SELL,0.0014262395094608404,3229.1,1772496911,No,0x780d7eeb96f7a82bcad49fd40fb638b9a9f3bb48d250f86b6225b42187c8223c
SELL,0.002,100,1772496873,No,0x2461c9251b4fbce49786c79cd2268398e8fac3341db7f8b91a10c1d2681c7b74
BUY,0.998,53.3865,1772496869,Yes,0xbc2516d3762787092a59f658ea07c58481e0a393d0223ac231d483cf3c0ddd89
SELL,0.002,600,1772496841,No,0x26506fc2fd5cfc4afd42a38a20be1da249f86a0789592363229962990982db5b
SELL,0.002,540,1772496835,No,0x3ea77651c34be9a5a9b848433604d229aff447ef2e2051f55da5a91c6527060b
BUY,0.998,14.509,1772496835,Yes,0x69eecc50cf158c6b3bdd016b413ee15113c2115014e7d8c2aa57ce136fe8e2bc
BUY,0.003,33430,1772496833,No,0xdfc56cf7156c161e69d5fda3d46684fde9b3e61d9fb63d3165c8f4b4ec9b4387
BUY,0.0030000000025684932,1946.666665,1772496831,No,0x3396bf9f96827de0fe27d28ca5ab15256b8a50dc8a90210a48a21d7da35ef9a0
BUY,0.002,1328.51,1772496825,No,0x16ee59d8139e813728c755e1a941434c4e7a589b542f582cd871444b98d09715
BUY,0.003,100,1772496825,No,0x4bf53ab3890f7c932f9a6ad69180715074da97aec88e19929f42e017bae8bd4d
BUY,0.002,5000,1772496813,No,0x43fbbf3cf4f9769cb5afd2bf6d8bba896c00815780df4b1b3902a3569c593f13
BUY,0.999,500,1772496789,Yes,0xb262447f7e9a5804f51b38991c78067511767704ef72c85b1b5a2edf566df57b
SELL,0.998,2,1772496783,Yes,0x7c543abd6ecd1e6b17fe301706a8b883902f8d5021c1fb606baf2242be4cbccb
BUY,0.002,500,1772496695,No,0x70114b19c70930cd079fbd5dc34d57baf72c9e9a10d104c83a24ea7f06780aa5
BUY,0.002,610,1772496677,No,0xea93c411d6f3b4b05123396627ac8607ba93621b5e20c22db1577009a19ea0d1
BUY,0.002,100,1772496677,No,0xd40360cf96a951e8e8ef5323b17dd66c1f9258b18a43f501233a6fd9b559f63c
BUY,0.002,995,1772496669,No,0x3f1ed8fdebb56c8737aafb08f4b1753a67349ee976efdf8b2c1612714d730c32
BUY,0.002,1500,1772496669,No,0xc8ca3cb1307f9308851fdd829a8184c260752e8726c152a3e11c9f9e19bcf8e5
BUY,0.002,9500,1772496655,No,0x60d26c7b2eaf1eb84400476237bca1c2dcf50bf2af1edf4376a60ba043063929
BUY,0.999,1.001,1772496651,Yes,0xbe36f5cff936de580f6d424027346e61fa9a3b288bf3531b72820e3c2395ff2b
BUY,0.002,605,1772496645,No,0x3c2a44d5424597265b1a516ebaf77368bfb65e3aaa8c222088cb5f54953f47cd
BUY,0.999,72,1772496637,Yes,0x26e38dd701058faac604bb65f40b468f73e783820b68a11a4c98abdeda37e338
BUY,0.002,2000,1772496591,No,0x1bc6be5cbfd6437d8748d84860646a2f99ed464389e1b5183b3274b462ff5ea5
BUY,0.002,1000,1772496583,No,0x644f9631a9a8950fcd82635e62e14a87dfc7f992cba37b8ad45d91fdee24678e
BUY,0.002,100,1772496565,No,0xe5d41e3321c532d4898f054919a2e1a1879b04007703d0dc170484ee1dbd695a
BUY,0.002,500,1772496563,No,0xef6ff17e997d0f0417011f4b85358a4bdefcb0c02da9396079f1aefb1ab9bfce
BUY,0.002,2500,1772496527,No,0x50fe123aac05028d2d3872fd7581e6d876b9d7a2129d2f40ee8913567ae9a00c
BUY,0.002,2500,1772496519,No,0x85a55947e66477cc293ea674af6fb5f2e5e3d52b9d435982aec14b1d3e604a23
BUY,0.002,500,1772496517,No,0x553ab2c97582c4f39f5e462277ac22b1c9a379b3061a727873d3ffe8d67e6cf0
BUY,0.002,1000,1772496507,No,0x7019bd26f57b3ed301b242f5ed698a5ff506c32491326109bf569013d7c47e62
BUY,0.002,3450,1772496503,No,0xbaf0c56d2b454cd3d00057e646848b1838177721dc1e2dc223e1a2ba9c1ff3d5
BUY,0.002,530,1772496493,No,0x9a57d8cf7294c0e5b7c6210115132d8d0e771b9cbaf1c0d157ace53af2e9789c
BUY,0.002,3930,1772496491,No,0x36904ddedd0a912ecbbd26021d781b6cf1cf75cc59c048b79378be6fbb1770f5
BUY,0.002,62345,1772496489,No,0x9caf8f15b1ffb30d7e1cab43b4c3d010c929c1bb9fcf846ef20e132512b1c526
BUY,0.002,1000,1772496489,No,0x1930249a0313013c8b4cff3ac3b293ef9340844331761c2472bef2d4118b7cf0
SELL,0.001,10155,1772496489,No,0x22d9e972c1591274a36e8801e0ee6131a6729d838fac3ffeebc323f831eaa344
BUY,0.002,500,1772496487,No,0x2558bc48e780b31c058c06078760ca1e09906291637c280df7773a876b65d91b
BUY,0.002,2500,1772496477,No,0x542b08740d87bb04f25aad9a4385713dcf084aeedc4c96bcb9fc3530c3aee229
BUY,0.002,500,1772496469,No,0xe4422ccbe53b8b045751d6de967252f665a8d397faa4dcd665d1ca2a1fb85af8
BUY,0.002,2000,1772496467,No,0x3f50583faf80a06122d3901b36ae852cfad37635535fc95cd501538172d1e26a
BUY,0.002,2500,1772496437,No,0x0488bc3d5e6b2ac65b4cdde621bca47839e96114722a89e18115a69b3b849d6b
BUY,0.002,1150,1772496435,No,0x8aa54d6312c6da0e437dc6004f7c6852535ffa016ef04d59d9f4ae844f52f305
BUY,0.002,100,1772496427,No,0xe4feaa486f7d05ddcc905a80014a0c07ebda2b2547d09e074e3202724a2ada86
BUY,0.002,2270,1772496427,No,0x7f688ed42d4631e2e773fa35cf2bb35b463697e1d8954b6b3319b8611f2277f6
BUY,0.999,1.001,1772496335,Yes,0x111e98a5ddb6e3facb8f4aa57154fdc15831a9ac49469fcea6bd2ef1811d025c
BUY,0.999,20.02,1772496333,Yes,0xf29dae87b609614ef1816cf9cb5b8ac8e931d65d33a6e6d12b790b3f40f75e67
BUY,0.002,500,1772496331,No,0xb568494d5f65b7db8518f1ad75d1f7cee5fac133e98949e5e908f5e5c56e56b9
BUY,0.002,2000,1772496311,No,0xee7266fce5050ab166652f208e7ad4ee12cc60656b4a4f25d0b79d35108e7510
BUY,0.002,100000,1772496305,No,0x43458b808a23d2151a0a14e5a6df210631358ff2498e63f3315c0007b6652766
BUY,0.002,4500,1772496297,No,0x9e75a003fb05feab2d7f7f6360fb9fcbe619646e5dac7f38ed4ad75510cd42a6
BUY,0.999,1.001,1772496297,Yes,0x62ff8dc6b0ef44c4b46b544d6f822b0bc86c5bed99ef415bd1efe6481d73b729
SELL,0.998,4.54,1772496283,Yes,0x802808382fc970d1390a3a29f75165099ae93001567bda3333e7263fc28c91aa
BUY,0.002,3000,1772496249,No,0xa0c32e965d7cd07f413619fdf2bae3f3a0810fb4787f4d6b1f29b825d86b37e8
BUY,0.002,750,1772496243,No,0xb27b1317073aa40ad487f62833f4a890363ceaeddc2ba55a6171c2b0bc4f1513
SELL,0.001,500,1772496243,No,0x000c2d05a695f52dca3ce52f68ff7ce30b8aa1955579db1e827d3098e0f3972d
BUY,0.002,100,1772496219,No,0x74b5fda48f8d2616e2932b623d11c294df70f46a2c1a3ef6a661b55f757fd405
BUY,0.002,1000,1772496217,No,0x94358a4ed24b3e298e3e77fd87dc518a5bee54fd56d346efa36deb802856386c
SELL,0.001,49.23,1772496197,No,0x135e4ba9e4bcde258b1a3410a6cf80c2cce184399718f1b0c31533fdd6915eda
BUY,0.002,1000,1772496197,No,0x9259863948c783b56d27b733f0d074301513c20ed0d3f1311e7cff62dbcf994d
BUY,0.002,1500,1772496177,No,0x39696b80bdd094166fb71ba1215fa17869d26021253499157fb20833ecb55f39
BUY,0.002,500,1772496097,No,0x7b8a0a4be874bd42eb1ebc6e53cc08207f0909f0ec392de8d57b0ceb304c37b7
BUY,0.002,100,1772496079,No,0xe6035d44be95513086c85931f0ced9b31971a6c5d1055e2079b6a8f848a21961
BUY,0.002,500,1772496077,No,0xead64346134d345220a6e784cd5d1207c1fa1defecbe60ac0c563f94a2627e35
BUY,0.999,101,1772496009,Yes,0xf99a32dfe12917ce0fcc00de8a13382425fa52329b3fea2ad08f091ea9c15eea
BUY,0.002,2500,1772495999,No,0x76b7639349b8b29265f976b44d974d9271931a3f9acefd2b8965d8eee31209d5
BUY,0.002,1000,1772495987,No,0xbd2d2f856b6865951f23fed494340f20678069d1da7a9c1551bee41321e9b1d8
BUY,0.002,4940,1772495985,No,0x32e6b866be80f9dc21989fdbb88e2b49266e57651762d6cc6cc4a949edfc22db
BUY,0.002,2500,1772495983,No,0x1c1cb2020d97cbb2939cda73f33a318a759721f63e74cbdac01da129d4bb536c
BUY,0.002,1000,1772495983,No,0x77fac6c43fe34a107a849a4cd578a82a65a1b4080c4bcdcc776b462d96cca8f2
BUY,0.002,10000,1772495969,No,0x29495ff08c7b8bcf3218ce907021609b2bd831774466021475dc2b074a571874
BUY,0.002,5000,1772495959,No,0xc20e58058ace6203b78624ff8c6940a9fcc54dc3db54aeacd0d7bd5653a6b725
BUY,0.002,500,1772495955,No,0xf82e9290cfd708dc564bda1cece7f21561ee2ecf1f09a631e26f02ed69468093
BUY,0.002,500,1772495947,No,0x48e66c6687b67c71d6fdcf6f58439565724e813c0ceebde18c6a6fc782fcc9cb
BUY,0.002,100,1772495927,No,0xd64e334dd9c42720e82c306400b9f71d159581de7092e607510faab95caf95d3
BUY,0.002,500,1772495923,No,0xf12a030fe070d6fa73e853156e4b32f3eb19382f597fbfa8f43a0fd6951c40ff
BUY,0.002,11500,1772495913,No,0x46ed2860bb09bb970b5a51221e09b0e943b26c724ec4b149beb73b2afaf6261a
BUY,0.002,500,1772495899,No,0x520970950e1d2d41ebe42f0d045d2d8ebbb9379c2d47edde7862fa2ea5910197
BUY,0.002,500,1772495897,No,0x53ff75ffb4a7bb34e14e4e73d35bdc2aeafff0c874ba202c5d3f012ac86d5203
BUY,0.002,15000,1772495897,No,0x11658e0e1cbd2db475587167a6d29cea964383539d52bfef85b20b363d8e8a46
BUY,0.002,1650,1772495875,No,0xbd3079c1515c13aa608ba2cf4c73f8b6db1f4485e5b6a3b4e0c20a11423490ef
BUY,0.999,11.011,1772495849,Yes,0xe63677f5f99c5c2b7a058341029c2eaaadf9ed7f5fd2e5f02a07c82934338f2c
BUY,0.999,1.001,1772495843,Yes,0xee2535bbcc116a22b17e3a7ded74ba1a0dd1dfe5d0892424f0fc0858e296d16c
BUY,0.999,21.021,1772495835,Yes,0x4e4478823a8afb2e136b1f3b1fa88fc93fed55b477f03c8d08c902b278f4ca48
BUY,0.999,15.015,1772495821,Yes,0x2ac7e8b8bf1fbc7330a6c3659a7a9f6e88f7c2216a1a35d86148fcaa81d3b1ee
SELL,0.001,205.95,1772495821,No,0x43e1e4feb301c1f48d52156aeb9754f2c9239e351f3371c68a8923ffd9704eba
BUY,0.002,950,1772495811,No,0x709a0e90ef1e48fc5907671ce32ea25ab5512c4fc3b2e8b8e339b695086eb84f
BUY,0.999,20.02,1772495807,Yes,0xc19d54330214be443b415ef325b9ecb1e8635ec00dfd4e8ffa7488b29b60c1f0
BUY,0.002,500,1772495799,No,0x22c5b95f39481e5102ed3b73c558710778063f5656e04fd62f475f3cc2fc6a12
BUY,0.002,1500,1772495725,No,0xdf98651597f94b12e259d5403dd24e14050bf61b2f579c7f5bdd7657bd2c7935
BUY,0.002,2500,1772495705,No,0xc542441665e5b9e4f621c944748f87b5967d39b25fcfd752703501c80feaa0e1
BUY,0.002,500,1772495691,No,0xbe54e212eeff19d7f227b32c7a7307212e7459f7c4d660a198dc18f347153d00
BUY,0.002,4495,1772495691,No,0xa62624feb20453cbb7285cbfc3b446192b55b330c90fce12a3e8e4dc6e74b583
BUY,0.002,2000,1772495651,No,0x33884845f3bd1e55685682c8f51aec6cbf541a4b676c130ef363c42c142bfd51
BUY,0.002,2500,1772495613,No,0xd819dee0bc1dd5b1490ebfffacbf6c029e1966a0a978216a10611495cb1fbab4
BUY,0.002,49440,1772495539,No,0x65c6ed95f51b7db16eb04312753fc79631e6da395b13347993b1e32d54a4809e
BUY,0.002,1000,1772495537,No,0xe0a8cae68b1fa2c325e71b1ef51393fbc272e71939265204b962290c51904882
SELL,0.001,75098.28,1772495529,No,0x8df2f1088fe61c7b3546e83695c4d2031f966bd1dc357909d8865d924e5c57b9
BUY,0.002,1495,1772495529,No,0x37e5fe2ba30c17dc1f5802578b092bd9b9343c14270308ecda961a5a581ea0bb
BUY,0.002,24990,1772495469,No,0x3e50a97c90b65a2a58734df1c0a48ee7959166ba74f68d371085b13b5a7cf44d
BUY,0.002,500,1772495453,No,0xf499451326e989a968dbd2918b145528a551c8238017f6b1ffc982f32a1f100d
SELL,0.998,111.24,1772495447,Yes,0x07cb0e7d41f049a3443177450f32790eb9ef0d4710d9dd24526e8636e853363b
BUY,0.002,6825,1772495443,No,0x7f0bf306648b72574bd377c00cb041efc6778a626a5f13928d5a8962ea516b01
SELL,0.001,166.66,1772495421,No,0x1604e5998ade1b03516746bc18d3b044d70c071884816d3ed0fd8e10d9bda1ca
BUY,0.002,7945,1772495367,No,0xbe512efd7e08f357d48cf2130c2b34b776e291435dd37dc919861198ed1d58a3
SELL,0.001,1000,1772495309,No,0xc218c67b943482e780e322a8ec6422b1a0921bfc7fb1bfb4328ced3c97e638ed
BUY,0.002,4000,1772495303,No,0xf0137877ddece559f60cd37b0accb75fdd7f88b597d4a38d9ca097bdb479bf53
BUY,0.002,3410,1772495287,No,0x45cd73549b0fa7ea4767c307887b2d9020378835d24cf6e459061c1825936b61
BUY,0.002,630,1772495269,No,0xa65daca7093d86541a40e87f7fa5029cfb7b3065bfa70791ef3f7d47bb36561d
BUY,0.002,5000,1772495225,No,0x35127c2861f2c5e5ed3eb5da5d24cb7166e1ed2ee4959ba1870b4a81b60dbf02
BUY,0.002,5000,1772495219,No,0x02060d6b994b7cf325eac5c0a58ec1a81ccec9eef5ba5e8e4837e0a290978458
BUY,0.002,5730,1772495187,No,0xe1c84b79819c65f60790fb309beb6ab11a903507e31e4ef6636a2b75fbdf1461
BUY,0.002,5000,1772495177,No,0xac5e181aa55c9955695864e96e526b87d4a92bbd676c807a129d250f1ab80274
BUY,0.999,56,1772495079,Yes,0x126f1ecddb450e28f2996c51f1c64cc787c2419bd8a3fb965e0752b9224eec8f
BUY,0.002,500,1772495069,No,0xd6f276be9dcc4211010f7b55717d3eefed5d366ab6a68ae8c6f036f403e4ee0e
BUY,0.002,5000,1772495067,No,0x285d397f09f7b944c098fd24b12cbed6bc36b976ead150effab46d0239d3f229
BUY,0.002,500,1772495031,No,0x7a063a2985573b7779fde426c506296828585d9b37062828d9b6e8d825a4d438
BUY,0.002,10000,1772495023,No,0x4b1d9a03d50df5fe5da632b3db156bd95d8424c9b57ce0cac9850755504526f4
BUY,0.002,500,1772495013,No,0xeb63534db8c24d4ddd52dfc5e56bc7a9f42241d3b9f3ec3fdabcba18da68c1a4
BUY,0.002,20000,1772495005,No,0x86f76b6e537c4c556325d96305c4e0e096f2f78aaf8e2977ed8e0fb8ac755cca
BUY,0.002,500,1772495003,No,0x23ce6a42c69a5c167ec493252290856f97b20894a573d000e919b9e1e5b6daae
BUY,0.002,1120,1772494973,No,0x0ac80b6e8c23ad92e58f5364fadd89581177505bc51c1f582185525c6de2b25b
BUY,0.002,1000,1772494971,No,0xa23634d1f68aa23d48749b3fcd3cdb882accb0cbf93ba6b044b28659154b4458
BUY,0.002,500,1772494969,No,0x4287ea008fa3237257488f9120174ef891c81a58e76ad2f7c751718825fcea89
BUY,0.002,2500,1772494955,No,0xc357288002f04f0469d2ccf771fbed6fd5b93ae4fbefde84a8d4896f571ac235
BUY,0.002,2000,1772494927,No,0xc35fd6d3eeda988d2595a1f8dbebbe9ce02c35fc236511e6f637b0862ec4b2c5
SELL,0.001,3.89,1772494897,No,0x642c7be2a4cd5f444589c644e08b8520e5adcb9192d760a2af6861145dfba564
BUY,0.002,4000,1772494871,No,0xc1dd41059d18bbece1a6f268422c45b4d8116bd70d78a22deb43d4d7d57d1f44
BUY,0.002,1000,1772494871,No,0xd122399e738152a5d4a5d46a88ff9471b04c2961f70bc3b6b6489eeab6eb7f11
BUY,0.002,5000,1772494835,No,0x8704ccfa5be4b8fd52f10ca46dc40d9fb05f271eb2a215cd8eef6198f2ebeec0
BUY,0.002,2500,1772494821,No,0x93f108d6c5230340d30e6aac24428ea57cb7ff724798c294f31e0e2ae52fc2b8
BUY,0.002,2500,1772494811,No,0xb1336575d08327d264b62556d6163f6507803bfaabd431cc841b5fafa3c63663
BUY,0.002,500,1772494737,No,0x8821539cdbf6857fe21d1ded99cdb50fe5c26bd4020be8dfdc3a68c087c4059c
SELL,0.998,1,1772494677,Yes,0xe36c951ae18ca24050fc69c43850a4c720c071a0d12d4f2e4cc1c42529147d6b
BUY,0.002,1100,1772494671,No,0x880c44f4ac61d7174c14f35b7cc3e63d1b44586c00af80d2dd3dfb728566c85a
SELL,0.998,70.33,1772494653,Yes,0x47ade02504f29a9249705fe79b4ce6d70e806ca85aba20a1bc56f22b3b2cd142
BUY,0.999,70.33,1772494615,Yes,0x418da7b9e9773e43ea97925e1b4a52f8b1f86f273b9f098ec92e31c9235791c5
BUY,0.999,9.06,1772494607,Yes,0xe4414afd7212b3105e597af455c56d91b016b0ff3ff1d0ac2776a456de4a170a
BUY,0.002,500,1772494603,No,0x7da9142cd07e8e55fb9dfaef2ebb90ff8b0ef1764ef0ba521e9bfc8b7af31f53
BUY,0.002,15000,1772494599,No,0xe3273894ef4ba726b19d4740edf65d42a603bb594f997b2e605ef6115d6f4c63
BUY,0.002,50000,1772494585,No,0x54f23ceecbaeecf994c83cf2fa2f795b23ed3e5904e80fc3729e23302d268142
BUY,0.999,35000,1772494509,Yes,0x3635cd60e2ea45a18a45e62354c128876e9b561b63819297146dc3b74a8cd790
BUY,0.999,1.001,1772494501,Yes,0xe8acc75312f1589ccf9662b0305f84dbb82dad02ae009f62f185cb6ac7949e0a
BUY,0.002,2500,1772494459,No,0x6a25c6dda0ad086b946579a0a025e550621d87d518d68b089d61bf277a49026d
BUY,0.002,780,1772494449,No,0xde2bb634deff63823000a3f05143671168d14291c48baa4523b25b014f6d536e
BUY,0.002,1955,1772494401,No,0x896c7e4376bace3bd0180dbb0d4ca07501ae453e6448a20cff32c81c71800be6
SELL,0.001,1.11,1772494393,No,0xc4f93ccd735c71a548bb29cf1d2a584b4b42f0df580536d34d8f870255cb83cf
BUY,0.002,1000,1772494335,No,0x4cf8a941dc8fd8e8c702173acd0b59d96c1f11da309ea64ba8c323b84e099a42
BUY,0.002,4785,1772494325,No,0x372e0d7f36f416a4488b11ee4b1953a1c86b4856031d54930ea087138daeb52c
BUY,0.002,500,1772494325,No,0x05119dee1aed67dd0fa47b1ef3b907d7aced46611d9fc451f90aa13a650fbde0
BUY,0.002,880,1772494305,No,0x2cb8fb38e212e4785e05c459b6e8e3aeba62fbd763578c2df01d9a00cd8401ea
BUY,0.002,1000,1772494297,No,0x2dee437e90139ee948ecdd47425d210ff4a1495786f63a890f2cee83d778b73f
BUY,0.002,3000,1772494289,No,0x644d71fa279b9f95c42fdd498a895af476e563548f170485004b00114f501f87
BUY,0.002,5325,1772494265,No,0x09f297edb8950a1b2c0e42e0d38558e88cdafe7521a51f86ed5f9cd12dbd549c
BUY,0.002,500,1772494259,No,0x0f094f268af0528ac3ff61b69e985ca1e083d0d293c32fabf9c98b48438cae5d
BUY,0.002,500,1772494153,No,0x2dc8a6b5035d4a84d60b63f1104ebec018652e7b5f76b57d92f74db63ad80738
BUY,0.002,1860,1772494149,No,0xd512123874b3bcc492b60f6a58af4bed33706094daaecd3b56427269bb5022e2
SELL,0.998,1,1772494139,Yes,0xb14bb00b4bed7e1497b3456fabbaa5d644ed1284504680843e98bf8ee06faee0
BUY,0.002,6435,1772494137,No,0xc28268fc3826848d02bc8c55dca1233b5ed47cbfab0743d19751757b65d2d708
BUY,0.002,5000,1772494123,No,0xbda3b4069726848da87e4f93cf042a0d8ba445a547ba4ea606eb8b7135959974
BUY,0.002,5000,1772494111,No,0xf9b25a8c9f1c3e21729e54a06d7922c5b46fe38c66b33a084e442e4365c82cb7
BUY,0.002,5000,1772494103,No,0xf4e2f30847ee15a51b2f8b91d1cb2c916ea07c9bd667f204dc63e10de6e87e03
BUY,0.002,7500,1772494093,No,0x2bb15c012e52b73cfd1d2e47cf8d7d7ffd3300c0231ed878c19fed556590fe8a
BUY,0.999,20.02,1772494087,Yes,0xd2a79e3db561ecf470fb5ea40562ceb0c6b04b0320272edf3c532da0fe27c22e
SELL,0.001,2500,1772494081,No,0xd5728644e6bdac320d871cbebda8ad76606cc826d7baa1c21af6300c37f5b7f8
BUY,0.002,5000,1772494079,No,0x98a020844c71a65887c3c14d8ff079de6f7549de39ee8a60b0715d5635e74e3d
BUY,0.002,2200,1772494059,No,0x327229bc3ed44888fb3c70bdac1d050eb25565e19aafb4732ebffa86aefe0878
SELL,0.001,10,1772493973,No,0x56ba3378e95bf16e72ec00c41c30afcece200910588b9e46115538673b85bcbe
BUY,0.002,500,1772493969,No,0x7c9b53034d41a5df373aa6f774f3068977b96bfb2bec9a0847288f6c4db8842d
BUY,0.002,6500,1772493951,No,0xfd5fab63a3436bdf1653cb5cc1ae171aadb7b3c1fe86a6feec63c8599fc4046c
BUY,0.002,1000,1772493925,No,0x392a8e4ed84f195369c5cd8885a95ccf57c6fba66d16a004a04a5402e91b2bac
BUY,0.002,1500,1772493891,No,0xe131a62eaa30ae5ac84508c1dddaaaac7e0b28c0fc27372f15f7464e89bd4d61
BUY,0.002,3150,1772493877,No,0x58c0a775e8568e18b96af51c09ef086e60cdd61de39240e9459f69cfa87629a4
BUY,0.002,10000,1772493869,No,0xc133e355d595bdbf1b2df8258f9fb499acb3c88acaab867f243a8d2716de6c58
BUY,0.002,9000,1772493859,No,0x697c56c7ed88083df8b851a790abdd52f4a788681a4364afe01e1b159e5d05fc
BUY,0.002,1000,1772493853,No,0xdf4eb82f901d2b13765bc4d69511a1bf48b5dafd80b49e5eb3e1ccdf003c3eb3
BUY,0.002,2500,1772493849,No,0xa24f81c113dbab5df2d5d8eb66954152c3e2e4441d24ec80263472e234a6d0f1
SELL,0.001,200000,1772493845,No,0x7ebbe9319d0943745f74b195d40a23257ed749312d787f513b94944bdfa188f8
BUY,0.002,5000,1772493829,No,0x026efa56aca2ba955c1b2859307137296664048bd3405c7caf39f35ea04d33fb
BUY,0.002,7500,1772493821,No,0x0c833dd69e4655571448cd1b6588520a565b36d64f7bf42738a6c41127476bbb
BUY,0.002,426,1772493807,No,0x14b24728750e028c5596f92fb9641dae51f3297bf6b0355685e1d2dcf6dbbbad
BUY,0.002,299500,1772493781,No,0x58f57db4a2f90848e2bd65cfb9cc70be3133fe4e75768339c72b40545dd4a1d3
BUY,0.002,500,1772493771,No,0x9cfcadedb9215a0247df721963c356318493d864efe7d17812d7d0836617fb7e
BUY,0.002,50000,1772493767,No,0x26968f941d2878b7a4771cfb465b9918082452b0ce70d98d53727ab42e5f1f07
SELL,0.998,4.16,1772493759,Yes,0xd36e20b0b0853d6d2386a6de6bc04f41e165c0cd7d4e194ec9ff68ce39fdfee3
BUY,0.002,3500,1772493719,No,0x71349d63e59ca7dd54fbfa8c84dd60f38db2421cce47b35052e1e247fe829355
SELL,0.001,2500,1772493685,No,0xbabca97b93939afe2f942e467aa0e15e4f63122403af32818a69b5f069d1ad79
BUY,0.002,5000,1772493681,No,0xad8cfe32a3e67b3e2cb04832b4e0b19f186bef2cbed6d9f9037b24455d54dc14
SELL,0.001,2500,1772493649,No,0xb3453d5b9f44483ab09d8dea9a0f4be2a891dbe0dd1ea3512f3b47045856c64e
BUY,0.002,1000,1772493635,No,0x6ae4f57e70d812f17f252d400284196a53eeceb25e2d962fbe8224e3ee07a50b
BUY,0.999,20000,1772493607,Yes,0xe5bbd411a9f96c6b47203b22fa4170d4bb203a4d4937f97ce465e1b60396cffe
BUY,0.002,3500,1772493595,No,0x45e94251e7136d6cfed54e045a56a6bb6b5554be3119b4944c3f37a2797b2274
SELL,0.001,19500,1772493577,No,0xfcfdc53213121ed2e7d04e7eb22b70ed2448caf1906d21e428cb0ad031300c91
BUY,0.002,500,1772493571,No,0x77d15a06c2dd2218baf61428d4f002e2ecebb646e8d9365603aa7a0a1cf7506d
BUY,0.002,1655,1772493569,No,0xf1acc68caff40c1a3ff4f0d8e7f1a006bbd9cdc929f058c22c4a8233f68f5725
BUY,0.002,5000,1772493553,No,0xbc8bef15e36b29508113b6ecefb2cdc2b6d4661ef92486f9c62bba69302c97db
BUY,0.002,992,1772493529,No,0x3055a3d6497e86adad2eb59e7da88c2434a823ed0a69ec0599468ff3ce91e995
BUY,0.002,1000,1772493519,No,0xa2bc8b6b5f93080db8baa4996a32b01d0fff42ffbb36d69c2754a0f17e40ea09
SELL,0.998,2169.04,1772493485,Yes,0x4cf0fe696a98d458a47b1e7f03f402f34f735b3ff5d64190d56a001334c02d1e
SELL,0.998,2.81,1772493463,Yes,0x7720d348a1ce06860d676d55f68f2601b965255460886c856524aa7283b83213
BUY,0.002,1190,1772493457,No,0x7cc00165c44c6073599c4c28b73d113bbdf319da83e028053dff3d7bde0a2fc0
BUY,0.002,2500,1772493453,No,0xedb3b2393f328683602ec3fa3ef17e5b0f895d6fcd7d4040073843ad343dc0a0
BUY,0.999,2668,1772493447,Yes,0xae2e1d6d4314b7098699bd188d4bf5aea3e0f00c645831c34850fb2fa2a26e33
BUY,0.002,5000,1772493437,No,0x930023df3c617d06ba1e93e41fcebf0c6db906a3419035fdc5eed4e3d976ff7d
BUY,0.002,1000,1772493395,No,0x6f3bb93db24af84ff4654d07c1129102060b3fdbb46317dde68c51c983b4fb27
BUY,0.002,1500,1772493371,No,0x8bedacca2bda677f4f62f2308bc751702bc33c1e48674c92764ebb9ff1312b22
BUY,0.002,10000,1772493361,No,0x1a0e8b48755010a9f01cd09656e78a4b3864364e9294c29e5524860d782d428e
BUY,0.002,500,1772493359,No,0xb9e6b06c594c54b424eb083ef9029789656d0879a5a20d447f4186e0ce8a2fa3
BUY,0.002,1000,1772493341,No,0x99077da0cd959834686613d8e041132e3aca995fa80c48ecd9f64db8eece53bc
BUY,0.002,10000,1772493339,No,0x467b1169645e027e8f580f5726ae363a386c9d59e39b683fbb0963767f03dcb0
BUY,0.002,500,1772493325,No,0x9dca2879252e2fd461089e3f13912ec9e4f49bb3d78040b1b967fb7a8065cc41
SELL,0.001,2368,1772493323,No,0x9771bc9465df1cea6101133a9a62ab1459c5b9590a1159e5b983125f22cb952b
BUY,0.002,500,1772493303,No,0x2d37a525a43cbd2147f40788738fe91f7bc89f0446a2fe5f1d3d2f84e9274d52
BUY,0.002,500,1772493207,No,0x453c00a63345531bcc088c5c38679f89a5deeecb273d9d964c5a0024e5802823
SELL,0.001,500,1772493187,No,0xdd4c1276c8d85079a1b474c6f08f34cc5b550910c41080b912c0149c2fb3350b
BUY,0.002,5000,1772493185,No,0x56827716f584f0da5be19b0bdf81ecdd58303bad75d05c97b63e65bac3aa72f8
BUY,0.002,500,1772493129,No,0xa13cf4ef29c9ba4de89626e1a9000d0c2dea6ccbe66b1959481bc4bb275ef4e8
BUY,0.002,1500,1772493063,No,0x932c63c1a60978adb488919dffa0627a39154bf9eb620923e002b6290630e0f9
BUY,0.002,500,1772493007,No,0xcd3bcfc0562e9362d8433e7344ec987d65c6f2b9dc9958a6e687459d89133718
BUY,0.002,24985,1772492983,No,0x68008a02c298c5dac9fbd5536df5801cae0b8310b871ba7d75c6f40b62c65540
BUY,0.002,1000,1772492963,No,0xa7e83178ab9e2a4584f3a88f2a12ad1633ae8b578cb05ed3fc413e0e72d4ab97
BUY,0.999,7.8,1772492935,Yes,0x56a6e426df428a7eb6a3def9929ea3f5d5830176c6fc80d8485abe1b5ae7cc15
BUY,0.999,15000,1772492903,Yes,0x8f60dc48e8802876f01f7f09ae3074a1ade54c337ea9aa360fef8de5863bcfc6
BUY,0.002,500,1772492867,No,0x37bdc786be56213677b65176e4f9dde1e5d1bc6c0241caac86442f95c6195838
BUY,0.002,1500,1772492863,No,0x2b43b7da75f6ef410ad392583f72472ca1a1e66367c881114d882df9c93f4294
BUY,0.999,8.6,1772492859,Yes,0x26e53bd34c7c82e30cec1ff7fd7c743f074b9ed6e27cf98ec1eaf70956325c5c
SELL,0.001,590.09,1772492859,No,0xe020d47a9f776b6f41f16d8659555dbf32040c490eb6833a301768ccd30b9af6
BUY,0.002,1000,1772492793,No,0x1cbbd27d228b2ba6c153601f37111f2dc6bd5cb94ff535dbda6f22c88b849e2a
BUY,0.002,1040,1772492771,No,0xf9575a34aaf6dd52cc95e5f8a76c407f4ae793949a5b8d353ae96a6211475901
BUY,0.999,11.96,1772492755,Yes,0x172a83ae0d55090a75e3a0bdd6eb9ecfca6849c7b7e34454949a7343e1649091
SELL,0.001,322,1772492745,No,0xccec9fa3d1fa1f09cb9582acf1630c837119364f108a025c9b59fcdeedcef482
BUY,0.002,2460,1772492699,No,0x83eafd4f84e69a1875466926a0fa64657df3da6cee496c218ec268c5826795ac
BUY,0.002,1500,1772492689,No,0x476c3585f52624f6ba811461d915fda4fb282c98952d4ac6df1bb38678e7d0b9
SELL,0.001,2255.39,1772492683,No,0x3f58087d93e596282df40ce4df896c339c48da5ab268c7d0e54238ba825ebf3d
BUY,0.002,2000,1772492655,No,0xccfb31a5d7b7babc32e187c6c789fdb15c7435f180e6f7f1bfea03c09827335d
BUY,0.002,14595,1772492639,No,0x28e57199d070551a3884dbfa8152e31ee3bacddb3615d6ebcd6ca6f68cf6b319
BUY,0.999,13.55,1772492635,Yes,0x50b9dd733d1450300516026c8516c21798ed9b5f302932ff89f6b159d6a7bf1b
BUY,0.002,7160,1772492631,No,0xfe8e5ece5a607f1af0cc3425bf4649fedde382df2d5dc9df9d0f53bc2d769e85
BUY,0.002,19500,1772492607,No,0xa3c7cd581454664f8be13a31ba067e00da31432e087b875ca977f2afb4de8f5c
BUY,0.002,40000,1772492573,No,0x8e5a564ef30ec16ee0f2801eec6ff7def15e569d2fb5d44840309563a98a771f
SELL,0.001,63.82,1772492551,No,0xe42f01b5d081a050c7b4eb5a4b3c92464f7c578094efe6300be6bcabb6218aed
SELL,0.998,60,1772492545,Yes,0x1d8ccbc2658ee1e1094f4c30db544e58d1b5b85aad334eaba712475d1973f783
BUY,0.002,1500,1772492517,No,0x4ee5e9fc11fe4c3277bf9c8e0e78a061e9bc199faf43bf866c6973d5880085b1
BUY,0.002,2500,1772492511,No,0xcdea9609ccaa70040843171e7525067bc287d4025bd6a9ba38b3e3e52f1fa005
BUY,0.999,21,1772492457,Yes,0x7dab6027a81331afa02dc89e62b6ea47935a57365263f6d55a40d234452ee6e1
SELL,0.998,167352.33,1772492449,Yes,0x1f258f71f22c2f5cf8f33db39353fff8183b7ebcbdb0ebfa6d4e54aba9fdaf8a
BUY,0.002,3380,1772492397,No,0x5b5c02ea5681efca86b98e5e1ba124ffbc2a696cc73ed5b56bc2f91835c988a2
BUY,0.002,500,1772492353,No,0x155c7b859366dbc00a391f0e3e3fb0e8d2712bb0e79c122b585e2c21f1c66e96
SELL,0.998,25.9,1772492351,Yes,0x0475731bea5638ef6ef9fad52b15aea7355c36d263ff6c73fec395b93e9f4e06
BUY,0.002,2500,1772492295,No,0x276a702f2e8ba0c54cc210cbfcacdacc233358995975c3582962107f9950b112
BUY,0.002,5350,1772492287,No,0xc54d1a79ada38007a86587a14d7400be388afa7f8db0d43784534e8e99585851
BUY,0.002,31070,1772492273,No,0x94acd5274903530d0c9b3e5ccd979efb9aab728449973a21ae5b458f1afd983d
SELL,0.001,500,1772492263,No,0x55d67bcd39df49f573e8963317461f11b3c7afe26b7b2d5b88034323c74d9777
BUY,0.002,250000,1772492261,No,0x06ead211a726150ae95b7321a05939eec6dc12fe7d9c17c11d3e4d8d26e471e8
BUY,0.999,21.82,1772492259,Yes,0x6e295bc175e87d6b078b5d2372bb850734bd9904c41d1aa6dd5e296a9669ee53
BUY,0.002,2000,1772492187,No,0x4f719d097047d34710490ecffdc37656573d65443b00864f6ec1490fbdf0b3c1
BUY,0.999,50.05,1772492113,Yes,0x88ccce8e0491c9931a2505307a084f1779aa63392b41cffc6aa6c52991611324
BUY,0.002,500,1772492107,No,0x5833b13cfeac58a75774d3cdb7a3211bd91ea58f891a3e46ce3f231c23cf12e5
SELL,0.998,43.74,1772492095,Yes,0x45d14dd81b3212101c7033e0e9372e5dcea5e1321f4f38c5bec6c07cf1774d6f
BUY,0.999,21.13,1772492069,Yes,0x26249f575338d16547b452d8eec462b8e4593c891efc6d0b08f76edd9869ccef
BUY,0.002,500,1772492069,No,0x658cdfb9228371eee4053f80431670c2d5314f26a69b78ac4bce004cf4b6d0e4
BUY,0.002,11245,1772492061,No,0x494f8070496a5e3eb554a9342283a07c227a1c438117cbd7569bcd2d475df38a
BUY,0.002,2500,1772492029,No,0x51becc02932a8acd484b98219f6473ec6479d8ef43a3a7f835c413ecc0e8c96b
BUY,0.002,2160,1772492027,No,0x50136671392936251cd51dcaf8c160981b9604ef7de3483c5cd9368ac14bf14c
BUY,0.002,1000,1772492021,No,0x9d218c6c6e241249d84087ec5a00d9af3d5cfcfdc80d15d2aacce2010e5c68ef
SELL,0.001,67.09,1772491997,No,0x9e9283e12e673fd8cbafd5b5a4ec57a8f60bb2c7759bb14fc8ecf1c928f546ee
BUY,0.002,2500,1772491959,No,0x2f5fd94caabcc1eea663685b3268fbbafc855293d0cd26e3904bbf6ba315066f
BUY,0.999,10.82,1772491959,Yes,0x10dc81cd30adb2819b9af816f84daad5282ef093ad5790e3f04877a44b160fd4
SELL,0.998,373.56,1772491959,Yes,0x1eba39e10fd4dffb15e3182250f2ebae9d8b1c0dbe382c16a871dc73795ff848
BUY,0.002,500,1772491933,No,0x1486e133f4ac81e57ba0cdd354d53871e942b500fbdc1e62011f118f578777bb
BUY,0.002,5425,1772491921,No,0xe1c11c37427f4d0bed9fba721fa358706ed60724c83ebda66786f1b1afc1a187
BUY,0.002,402,1772491903,No,0x3dcf5ff9d34392842a5b74e5c6d2a2c5058586c83a9a597757644e192d405bea
SELL,0.998,10.87,1772491899,Yes,0x23af52e60477cb1fe5e7884ed5833f4f55cc557a02ed68dce4faee56a4453878
BUY,0.999,100,1772491887,Yes,0xbccb3b90ed92543b31ee5ba2fb595fd418b5f75a86200fcdd510c434bf599f35
BUY,0.999,10.87,1772491873,Yes,0xa1e6d94cc0b77a83b0202e2da00fd47354c1211a448bc87361bdb4b3b0c753c4
BUY,0.002,560,1772491865,No,0x31d7d13a4557be758e488e51e0d3fe6804e090dc5ab4173486f15ae9d5748a18
BUY,0.999,100,1772491855,Yes,0x0ff8b127e3464f7f5902ec6e4932362d5736b6715afd852df103dd4d9521ca81
BUY,0.002,5905,1772491849,No,0x58e4c41c438b51c38d2b7357de9f9ff8a6aa57e04089d6f40217402637f015b4
BUY,0.002,1500,1772491849,No,0x498c53ce9d029d93b53f63ad1c1437f55be5a1685677eec878aaa968e4ab54e9
BUY,0.002,5000,1772491845,No,0xa3f1226c9d3550316e41a3c67e6d2b55e4d2e3747773788714ab64ed8d4a37e5
BUY,0.999,100,1772491827,Yes,0xc44ba203c1109d379fe6cf887da307d0273898f60b4f039867763666c360f064
BUY,0.002,5000,1772491827,No,0x70690b814babf4f128cf32b09f1e2faa5188140cb3363fed932f1d0d99287e71
BUY,0.002,10000,1772491821,No,0x221d783c3b066b837210f1d7da20a2064823634362334709be0c2b4084b33182
BUY,0.002,5000,1772491803,No,0x8079cde9a8b9515656897581b628fc80aa32c6fb9af093b857a61878a57f1167
BUY,0.999,100,1772491795,Yes,0x1d8fa1a229d69b16cad555eb33b2ab8d97b2a8715b24857115cb32876605296e
BUY,0.002,22000,1772491787,No,0x9e3dd7de6125d78f5f793446a3de74215f7977f6fdb02532de5ad29d38631521
BUY,0.999,100,1772491775,Yes,0xf46dd52d477e16b0fabcd4ac7ef51819a264f0b9b4c2870fa8c1c4060aa5e158
BUY,0.999,100,1772491735,Yes,0x0794efa7e8de6d06770e9f9dba2846d46c5e178a87de5bdf5ac168180c47ec0f
BUY,0.002,1000,1772491731,No,0x9798b01e5468ce3bbc8a6731b512d30f6d2d184705556bf715db71d00437efb7
BUY,0.002,1000,1772491699,No,0x6e5e974034b9283cab8ae89f813e4bc62344fb40e7d6ef9dd8fc8bd3713c7b0f
BUY,0.999,10000,1772491699,Yes,0xcbdfb6d3e9c4b835caf7f7064cbed2e0ad961c9a611190292bf54fc340d3e94c
BUY,0.002,2500,1772491693,No,0xf5d470c54ceedea513483996ef1b7061d7870767a8e392e21135dd2d24b3fa5e
BUY,0.002,1000,1772491363,No,0x2eb9c209588c8fc93e6e7c56ef2cfb6612fcda8ba13de5a9f71c60f2b5a80c4c
BUY,0.002,775,1772491335,No,0xfe14ad2f8cdd0d8a16fb26201479879f457686b5eef593252a8f5f4ea0146dd7
BUY,0.999,10551.74,1772491333,Yes,0xe2024a1ae25d0af6d90d931f3cbea2714d247b8a4c90936a906544797ef40d1f
SELL,0.998,18.75,1772491253,Yes,0x4623749e23f89449ad4fcedbf6575d3d804089f7207e398ec6e16afc07e411ca
BUY,0.999,18.758,1772491241,Yes,0x88ce864c3586f4c896a4b9330670ab9f8e7ebda89d7b465d18de4f666d6f9b17
BUY,0.002,730,1772491239,No,0x43636847d64f2f1dd708310da2d60afac581a96db146861a374ffb474d963375
BUY,0.002,1900,1772491183,No,0x755452492838aa41c3e4d3788ef38f92ef6e682ee1e75d0bdc0718aacf5a1352
SELL,0.001,3607.56,1772491181,No,0x3c688df5198ca073484b56498d6137ad9db7a86c540a998efdd0370c6767c940
BUY,0.002,2500,1772491133,No,0x22fbf692d57b677efb5d8b492a40722a22d019454c0849e2bb1fb2584b000f00
SELL,0.998,464.05,1772491095,Yes,0x5d3f35f75840e6c828040370546d253860a3e2f9040b4cc11d1b37320cdfca37
BUY,0.002,4950,1772491013,No,0x7c8b786434544f54b0b915635ca05a98ccb645d66a92aa65f24730443d6a1b34
BUY,0.002,8000,1772491005,No,0xf20e93a21ae8ad1d903d10c8fcff6a0d7bfc0fbffbd5f0942dfb8b03bc1b5e95
BUY,0.002,54420,1772491005,No,0x22f0fe1b5ce160f5990fef6d71220ea0ccc7a7608bdda57bc840ee0a9206529c
SELL,0.001,86.2,1772490979,No,0x65151d2f3b29d2dae5b4667941d037b36af4bef462db491670cf38244c4897cb
SELL,0.998,1.92,1772490969,Yes,0xad8073a53751f9fba74a04d1c5c63289c0d86b708830de51c9fb510e5616f861
SELL,0.998,31.03,1772490901,Yes,0xbe164358d046a6a4348e5e355bc159be665ba60259a03064f01016bc694b3aaf
BUY,0.002,2000,1772490897,No,0x27c5346dd8ed1793403a1c73f147dd0f20c39baeeb88bc8e6f3d0b0656079b5d
BUY,0.002,500,1772490869,No,0x379e82f31ae765cfdfb1461dc2717f5f6da82285a89af0d3a8535b4a3d97e356
BUY,0.002,500,1772490851,No,0xe8795bbf6f8cf888e6c1e1ee492595e9698759bf752b4f1f3a91c41746497337
SELL,0.998,19.69,1772490839,Yes,0x1c6d8b80f3a3626c73210503ea7b4f14864fa0466987c2ac32b0f481e627236c
BUY,0.002,500,1772490825,No,0x06c57650fb7c04ee339771d54915a5de43998e10a86c92786cc395e62bc11dc2
BUY,0.002,500,1772490777,No,0xc12847b121bb778d5978d7f6212d0d51d287d9d1a19f19e4d21b6c40773c48a6
SELL,0.001,9.25,1772490661,No,0x5cf4952abf0b8a42325120cbcdf2b693c8283719343348207b6eb476e776eeb0
BUY,0.002,6260,1772490607,No,0x2c11afc8ec326e2ebbe3283ebe36e425561fbe0d6d32c5f8c876d34372935be2
BUY,0.002,7490,1772490573,No,0xda3287fef40f3c61e718a4cb58119b57f0c8771e33c647e76d4c2cfc790968f2
BUY,0.002,2500,1772490523,No,0x6c74fd0a5c5e2b0121d427f9c5da5c74e2486091953e690336c7b2db0b69655a
BUY,0.002,500,1772490471,No,0x13b4af581a618dc3ec7487c27826af9cf8f0e73ec7bc5a1466b36352a0e28004
SELL,0.001,10.13,1772490455,No,0xbcc5d2e82437b78f2a37adaee6859636f6300e6ffd2c555b4caaca1feea5c041
BUY,0.002,4085,1772490445,No,0x8add552381fbe9b88bf5c24799aac76545442939519764f4629055b4d9c6ee00
BUY,0.002,2500,1772490443,No,0x3dd25412bca48a7ca82c5333caf5a452f95662100a9e22128803ae8bc91866b5
BUY,0.002,1000,1772490425,No,0x4b0e2f4374bfdeb06a80bcf430c77f901eea2aa6474e36168a8409b0e842f762
BUY,0.002,568500,1772490419,No,0x68ab4fbcb57a7e3ae1f074c5f31c14fb84a16555af3172bcb299f3a2c7b59d83
SELL,0.001,1569.92,1772490405,No,0x35c9809c27e5545f5522ab453c6e5dd1b7b4968c246d3a77efcd7173de0cf8ea
BUY,0.002,2375,1772490395,No,0x7dd5ca4ad992fa5454f7dab896af8b9b3aadc88d833aa5cf76e8ebb1135eb867
BUY,0.002,1500,1772490393,No,0x8d58d092027ddb0be4d6ce370eff69ba5139082171931831b535e345e5311105
BUY,0.002,500,1772490379,No,0x27c5d22c3486cd610a27b98505418d32acbac799a521cd835e86917596adff1c
BUY,0.002,2500,1772490355,No,0x2dd79dcf0cfaabedd94b353895cf6f3b3206c1328b79a4c42e825dfa33effbca
SELL,0.001,2857.77,1772490347,No,0x4225ac6bbbba21c1c5e88a15e3a0d47b986c40ef809f9abe958363bacd2c7d78
BUY,0.002,100000,1772490317,No,0x98000cd94ee4ecc13d65db5df4c7438e29afaf9313e6e9c8b415896dd08e979b
BUY,0.002,517,1772490239,No,0x4495893b4471ec1386f2cdc63090b032a3d1b799926f5344e39dc138fc91f0d9
BUY,0.002,1250,1772490187,No,0xee2426c2dfda17168ded29f0407120c11e2f8419e713989d4b43cc89ef949d7f
BUY,0.002,4000,1772490167,No,0x75af8c5a0046828081a65f62d5495929b3e0ad00baf782bba9cb22f03e79cf82
BUY,0.999,1.001,1772490143,Yes,0xf7686bd8234685fcbfa803809e0e91d91ff89e297eb0134724ce615d7deb5d9e
SELL,0.001,3016.26,1772490133,No,0x0e0fbe4efcb2f04b871621d2ca2f9264577bdda12e286f2c7d2902d882d9198f
BUY,0.002,500,1772490129,No,0x97850b27eee22b195a9a2b74cabce9148c30ab662773566f709009a7122b0b47
BUY,0.002,500,1772490119,No,0xe244e762f292be7fd33d010dceedba5281403cc616bf11b2127d7ced6dc6d6cb
SELL,0.998,21.73,1772490033,Yes,0xe5d374049366838a1270965dfdf650483ce03ccbc4c94a9998e7cb468d74b7ad
BUY,0.002,100000,1772489983,No,0xd70ed1cb6d84f9d51534023fcd4624850d0c6fa3512c2334a9be2aa9a90bf142
BUY,0.002,10000,1772489961,No,0x34f570f98a4cd30d90945366dba81b39b8f40b2735ae9a124b5182fbab6fc922
BUY,0.002,8000,1772489953,No,0x03e7955f77bf8d7bc2d26371156a8fe53bd2e655b5849316da51e791e2b11f09
BUY,0.002,540,1772489925,No,0x151caf240151b1573fd2f8ff515784ca9ebc6aec977afd8b1455dd503474eb95
BUY,0.002,780,1772489871,No,0x430d112a91a94ba161fb34caa77827e7a5819c4c3dd6d43539a094cd893422be
BUY,0.002,1000,1772489817,No,0xee8ba018760b6ebf82f0033a027d48d7255a1709ac2d6f86383d77beea230f43
BUY,0.002,4995,1772489809,No,0x88024be89b0d2e2b7bc7a991cd098253914082ab004666d37f0d7d031fc478de
BUY,0.999,7.9,1772489779,Yes,0x5cf1a5088da69822506029fc77b4c0acc2dd1b9bd1f325f9d1b2838cec2282c4
BUY,0.002,2235,1772489775,No,0x6c6a1c65e970748b9b65189fb676e9d3f3f56771b2e3fcd0265b92be59d93773
BUY,0.002,1475,1772489753,No,0x116b2e26783e26a00d6b12381ff75e95c66236462af27401d5aa23cfb2937b60
BUY,0.999,25000,1772489751,Yes,0x2be4e3ab5c474f9af1717784ae3dcb547ce7c1537bbf6046fb412a75314d4f88
BUY,0.002,2500,1772489711,No,0xdcb7b71a5c9a12a7a542538592fe6cf3e2f0a034b1b72ea7507424c5f9a5e155
SELL,0.001,5000,1772489675,No,0x2eb96ea4b488a82d0c39d438c82d5129f1eec63b09efa032c8dc0207b1a41e65
BUY,0.002,1000,1772489629,No,0xd0fb7c69472a5180a70e6d017e65c566cdb359a94c3ca5e24daa1b379b12027a
SELL,0.998,17.45,1772489615,Yes,0xa2b7473bc9031c2c07c31ec5fff297c07c3f8a5b4014b5cda9380a767af01a8b
BUY,0.002,3000,1772489611,No,0xfbb081162b2b4854ae3aa1db7159a9f2dfe762d490fa9af2aba462b58d70b27f
BUY,0.002,1000,1772489601,No,0x61e25ad4725d4f717d0d5de007bae4d023b80e1c50423e8a99b65cf707507cd0
SELL,0.001,500,1772489567,No,0x4f78ce2752b14324eb19564f07098e8ada90135008d4d617c920cbf5ac9fcaf4
BUY,0.002,14935,1772489537,No,0xbdfdaf80a464fb6a81a0a3d28779ff192fcdf9677d6ad473cd0b67dcb0b07a55
SELL,0.998,11.03,1772489537,Yes,0xf722ad53a5e24bb8734cf68d4b9d74d7964d315c42a374bb4005cd70818c836b
BUY,0.002,1500,1772489407,No,0xf45c92ed099e8f1907fd80a2ede521ed5cdc38a13ff4c8381c3387c94d22c99c
BUY,0.999,80,1772489373,Yes,0xae6e0f20af185118f958a48c69b3681ec730927b3ad2ce9c598d133c5a20f460
BUY,0.999,1000,1772489347,Yes,0x67bb41feb78906067ba6e74a165e05d01228bdc30f59f75570fca3d00697a0e9
BUY,0.002,500,1772489335,No,0x20c087de55eea94da1b44a75ef530de47edbeec41d6d44c9d043398f29c456aa
BUY,0.002,500,1772489287,No,0xed9e79feea079ae545e2ae1a01aceca4905d8bc18534b091f36b1909037c5be7
SELL,0.001,400,1772489275,No,0x7e83a810b440c8262844704b7a6e3cf1fd595f21c495f82274f91551739fd5e5
BUY,0.002,500,1772489251,No,0x9edd086c82ed1f9d8b46ee9e64b9771dcb0b8476a5fd928d8dbe96c88515d28f
BUY,0.002,500,1772489125,No,0xaac0014e0cea9a75d8b4b97c27ec507f640a9eace300d4590ae3902afb1fabca
BUY,0.002,5000,1772489083,No,0x1242c932ce3b9f9477e48ff10df381033babf93ebb32bc84ac165aef4638fe03
BUY,0.002,100000,1772489061,No,0x7e24a5925e19ec898baf3e62a84363c0638ebabd9ff9bc383df3d32c11d548b6
BUY,0.002,2500,1772489047,No,0x82e0c4d5d7cf9d6227358b41bf371f4dc2bdd757df4e1707741501bc552a48da
BUY,0.002,1000,1772489019,No,0x7486d3f31c84a6f1701287e0812bcdc68c11e3d685bc444292ffbb7687ff205c
BUY,0.002,2500,1772488969,No,0x716cd3615509bff3b910486bbfe290327f3deb17ad5caf74b3d5e1e1925b83e1
BUY,0.002,2500,1772488951,No,0x19d04e4a17498ede027c3d7da8fd9186255daf127c1b0ac0f785f10a1ae8af37
SELL,0.998,3027.24,1772488887,Yes,0x0403eeea65d4456f8100cb5a9e61a57d1162a5aa68f5187bc75caa2f8aee4e1d
BUY,0.002,1100,1772488869,No,0x9f228187a4692564039f5f9f604270a3da84a5e78a4f091764a0d477046439ba
BUY,0.002,2000,1772488849,No,0xa8b8a0031938eb52a9c79f1dba9fcb152e031df9d1cccf146f1d6bb23e0fe149
BUY,0.002,500,1772488827,No,0x6d92bd40a9248f155e2761eac2e9aa43240ad08ecbc61127148c06d49ef986a4
BUY,0.002,500,1772488801,No,0xc9889535004f9445a8c78554f08cbf3096be8b8d2a52f60376fa44d73519f627
BUY,0.002,800,1772488795,No,0x4ee98256910a3be98477b033b955609b4323016c0cf53945b02041e57535acf1
BUY,0.002,500,1772488693,No,0xdbe8804f3dada4641ca07c7a89e3a4ad612f4f77309545c763860c81ec51e573
BUY,0.002,5000,1772488645,No,0xae2518cb82138c44a2a278d91d0bbf3497cec9198d70ad00e79e6fd5790f0989
BUY,0.999,8000,1772488591,Yes,0x81df98b4a974847a800a2c6e6c79f904ad7d3a6a3ea2304be0d1da914d61075c
BUY,0.002,49370,1772488577,No,0x017e89c5ddf393c9c58e6162efe5d6085620fa9cb6040a6cf31509b04e25fe0a
BUY,0.002,500,1772488547,No,0x75fcddce5c89a605a65aa5cdc045b919a11d82aaeb72fc38b9735b73ccdda5e5
BUY,0.002,11200,1772488533,No,0xf1eef36251c0bf829b7aea80a928534a708f371f20c27b5b82e95fb5205eadfc
BUY,0.002,500,1772488525,No,0x28633ccd96daa717fce350b2339a84fea3d89401b652cd74f018514d8f32a039
BUY,0.002,24000,1772488489,No,0xfd419d2ec74b55eeb6a4262b3be820ad6daafbafc7bafb2872e2687fc085c301
BUY,0.002,58000,1772488439,No,0x1fcdc3bd5d980f358da054dcbd256a7e3e531c67acc69d8a6e44ee607a0c0cc1
BUY,0.002,6000,1772488421,No,0x7a116ab819ab891e6eb844f11f68e8964bc101080ebbe088adb0e089e04c5537
BUY,0.002,500,1772488419,No,0x2dfbcacfd8d3ac697ec8ff1b2f1b5289177b8331cfa205d5b132c26d9837c7e2
BUY,0.002,500,1772488401,No,0x108c4565aba3931c85c956f9dc3d431121d647b6ab5d5d510d19cf2215a17a2e
