side,price,size,timestamp,outcome,tx_hash
SELL,0.999,78.54,1762321505,Yes,0x916c8254c3f635381dbb38cc8a73c42df7d7608d8d9c514955768c40f3a72e70
SELL,0.999,1.18,1762321487,Yes,0x96de8317a751215d09d6e06241f41cdc192c9df6fb9fec9d418eb30f9992bdae
SELL,0.999,9982,1762321459,Yes,0xbf41454b4b586a48332a24ff97507df38fd6e14b0f5cf93a650c62852dff7a01
SELL,0.999,191.98,1762321437,Yes,0xa9eada6dbf7bac40284f3a79db60dcf2a59c48081b981313f53b79d045b1cdee
SELL,0.999,281,1762321423,Yes,0x3bd5d147c0d151a82df37159f27bbb1d66340430b6c970feefa06d936acb93f4
SELL,0.999,11.06,1762321387,Yes,0x619ea4ff8a9a93e970f5e9e8d1c4b5fb2bc42b351fc6c4135c94088cbc4d7b97
SELL,0.999,10.99,1762321387,Yes,0x002ee385b3e8a90ed497bbf27d1ef6deabf9ae80e664277068cc1889d0e10787
SELL,0.999,4.23,1762321379,Yes,0xc7ad5d6c7cbb7c876623da5d8cac37da7534efd5c68afdacd1fdfa414fe4d973
SELL,0.999,9.17,1762321321,Yes,0x0ee973ae1092a536f0bd28a2884394b1acd4cba0a16463a51eb4744d1c08dbbf
SELL,0.999,312.22,1762321313,Yes,0x0d7e14b9aec38bbe4004a9a8988755694e63d9a270b6471689837ecf32f24bfd
SELL,0.999,1.09,1762321287,Yes,0xd3ca98505fcbe4b8e4e1faa7dc6d120d2cac27f58717ef67ad648180b0fc5d41
SELL,0.999,105.37,1762321283,Yes,0x215ef448a8087de2c6c26a009833b340123ab9420670864be983bfa58af41095
SELL,0.999,25,1762321261,Yes,0x45e871bd3d9c68cd745f1b2a15feb588183c444856e8f131d374163bfd5f6d75
SELL,0.999,61.72,1762321255,Yes,0xcd7f881dba9cc34c23be1f1d807bc36ef051ea4fbc8c921415b0375ff827db66
SELL,0.999,1.1,1762321243,Yes,0xb273d47c972d65c6ac85df35b5b2365f3dc8433cff7ec909200371333cc1c0bc
SELL,0.999,1.1,1762321243,Yes,0xf7225d72e8bc4455e97ff2f95ed884590e9a740a5fc25330dee61a6ea21728fb
SELL,0.999,1.1,1762321243,Yes,0x1eb48164e8da6db450096c3d69d46b8cbca8c3d208d124ac9d3010c632de9a3d
SELL,0.999,1.1,1762321243,Yes,0x00057351c6d4ac04e3e02774045af1490d0896556aa73f8535eb03c5e09e9f4d
SELL,0.999,1.1,1762321243,Yes,0x014789c52edd273fc276cb1e7db5095f424a0829b59fca70bd22b2d768669438
SELL,0.999,1.1,1762321243,Yes,0x7db95a4f1c2cfe91f02296b1b78675f646754951c0d01a285228e566900a796b
SELL,0.999,1.1,1762321243,Yes,0x35e94030a05fdef58d416cd6d96918cb1afe0578f00db69d0d14707c21f9c350
SELL,0.999,1.1,1762321243,Yes,0x567cafb333921740e627bf83f29fd20e244c35b415c33f4ad809363b9e63ae57
SELL,0.999,1.1,1762321243,Yes,0x3325aea96dca244fbc9d8402115211d1926d3fbaa53d561adab826a03288ac71
SELL,0.999,1.1,1762321243,Yes,0xc7dadfadc92370a864fdca7c28016ddd203016bb36df521f304dfb7a894cc9d4
SELL,0.999,144.92,1762321221,Yes,0x0239e7534a1205625e1966d97ca36b42724856433d05ed74b1bbb84665bb88e5
SELL,0.999,102.93,1762321165,Yes,0x8c0e42f876374b1c420889dc59865be11adc092ac81d30612d3ee903f142dea9
SELL,0.999,103.8,1762321163,Yes,0x9dd21c67e3447398e4636c88a501a5960dfba6b97a5cfe23de973512bcedffc6
SELL,0.999,2.25,1762321137,Yes,0x5f7b270d1b150e6e1509a6afb8ac3387be17a30104e983d1c331026deae26389
SELL,0.999,200,1762321121,Yes,0xf6cf4d565dcb783fed51d85624faff0ae431c37c5cdbcca8f30f3e10ead0f9bf
SELL,0.999,239.31,1762321117,Yes,0xf4f050c827ad2e2b09adb2536becb2ae3f2501894d1fb834cde07b73a78c31a6
SELL,0.999,1.12,1762321059,Yes,0x5b9c7e9ee4d2aecc3bcc21d00c3b755b0fccf36c1ad7b8113164c55b76528325
SELL,0.999,1007.94,1762321045,Yes,0x624d5cea58fad33ed1394d3003e66ab7b9608e484c7f2f12472810472b752d5b
SELL,0.999,11.09,1762320985,Yes,0x1da9266a09e8a8a97a0e9113dd949ff48e42234b4bce2ac3499325721e510d0f
SELL,0.999,225.87,1762320973,Yes,0x02592f347080c5b1b17b54f5a978ded634ffae26b1afcff1721090cec1d0fb63
SELL,0.999,5.26,1762320969,Yes,0x3d155c8cfa22229a9a6aa14b15b92e262249e17888f23ec1a5068d004751e7e5
SELL,0.999,58.26,1762320949,Yes,0xcfc729403d94f8c5d23d3ac02c0a0894816b0a9cca4250c8a72550e1755fc5b8
SELL,0.999,300,1762320913,Yes,0x1f23b1e0ed1f48823ba17fc3e06b6a30b49cd04ae9cba948cf97018c9500064e
SELL,0.999,212.62,1762320907,Yes,0x7da1413400b759f82e6154fb8065ec4820580a76de74be65fd661653fb0047fe
SELL,0.999,988.02,1762320885,Yes,0x87d6af590f4ecf1b95ca1eddbf0d80635e72f16275a08443e8e410a6a5c255ca
SELL,0.999,1558.42,1762320837,Yes,0xf73807a8b2295f4f248caea5a17f642a07b662a9a143cbb5319c3d8f4fadfea6
SELL,0.999,1004,1762320829,Yes,0x1dd77cf9b3e6c81a839cb94d8564b89fe82f587eadd003894c8300772442ecee
SELL,0.999,1002,1762320829,Yes,0xfdb599168ec7d3d0a4e10f9178f05731a1b61cd2afb537ef94364b6b9c857e75
SELL,0.999,1003,1762320829,Yes,0x542c452c749bb473767b16996653c722f8379b71cf3444dbb1d08e62ffb79714
SELL,0.999,8632.12,1762320827,Yes,0x05dc01f1016b04e3fb5e5510a629195a79160ed7a8f301af8230a8d595c25398
SELL,0.999,779.81,1762320819,Yes,0x4a6d132792f474706909759142034c5cd4bc5de08db5d734253babb61a1b0c7e
SELL,0.999,1003,1762320757,Yes,0x94919d7366bceb9458459abdb278acaa05d6e8dc8248b610f7dc0ea251190a03
SELL,0.999,1001,1762320755,Yes,0xd4b83c9678e06e947a24fa7b8d7083ae179a1970980e0c104cf0ac599d016a8e
SELL,0.999,1002,1762320755,Yes,0x8cc9f5da3c860c6af2b29c39f7be2f6f76d2763bef9803ad9da79b000111f83b
SELL,0.999,10.68,1762320753,Yes,0x1b288b5134bda34108caaef5f8ab1f0b5c3035db8b76750a79828dff0fa1c69b
SELL,0.999,33.22,1762320729,Yes,0x90b9ec826864d812a91f1420e7cadb6bf0e2796e36e46dd0fc62737249dc9e66
SELL,0.999,2242.17,1762320719,Yes,0x55fa5fa1ac4804b5f8eb4a8d6d69bff3a72e21e9b46cc8e3272a940362240b69
SELL,0.999,1.08,1762320713,Yes,0x02788f5c57dcd7de3dc02887b5d13959699bf37d8204b8a85e11d3ff7ddc4a0f
SELL,0.999,60,1762320679,Yes,0x7f5d8b3cdfdd6b7501783776d3e1092912e56778fa017e624fcc997b182b329e
SELL,0.999,113.12,1762320675,Yes,0x57cd42740d4ec6bb2c9cd7e951c364b1fa33a537fdd6b00a780d945a3c6309bd
SELL,0.999,13.73,1762320655,Yes,0x5230df79b39495fb2b835c4db85585be85c912597487d5ee265aa7669c2daf2e
SELL,0.999,100.84,1762320641,Yes,0x93547c7251d659f58e0c2870c509a444a7f09c18aa4be931532c34cf3a7f8769
SELL,0.999,1.05,1762320637,Yes,0x0b0ef0eff4fb0f470f667bebb71dea1a99a080f9326cf36eae3d0cd404122313
SELL,0.999,1003,1762320615,Yes,0x45645f4af317fc536524eb261a75641b90fc7998600012e839bd5f87823c0ac8
SELL,0.999,201.58,1762320613,Yes,0xf349076b63f3efca0b4ac5dbaf7dd4dfa97c90f6f314f3c691f5793172c4d613
SELL,0.999,999.72,1762320605,Yes,0x0669bbaafdd71c7324759729d02f1a5304b041108372dbba47e63d7ae9bc4322
SELL,0.999,1001,1762320601,Yes,0xc9512c3a4c1479f86b629695a804f0026567ebc741c5075409b5f11f02883492
SELL,0.999,24.28,1762320591,Yes,0xd66a0ad07147c852aa354e1dc1ed0285beaff54a5430d0a677813c4dd21b044b
SELL,0.999,3415.91,1762320579,Yes,0xef5b2fd2ffb8923618ce8d1f64d0ae9e4836896d15188b99f7f9b911e2f6085a
SELL,0.999,64.25,1762320571,Yes,0x51517ee2c4eda56e731503b181cb73c09688b359d492009bcafe439590cfc45c
SELL,0.999,93,1762320529,Yes,0x31cfb4bab8603010cc5e654c2f2beadde9583d637f84afa486d79d117ed38a9f
SELL,0.999,54.06,1762320451,Yes,0x2dfb8474868ca5aec60205e32c5fe62cbe6aa1441e264d9e9f2f6646d221ce65
SELL,0.999,41.15,1762320407,Yes,0x42b229401fccef0f24121d20a2a7002a32be41ba264e2fabb37e10aa296f33f0
SELL,0.999,4.28,1762320405,Yes,0x00278345306c2d900a5dbbe53630a590c3c9f000a90f7082fbc7907325e95aab
SELL,0.999,2.11,1762320363,Yes,0x6f1fd474e0e4dfc5946f054083be2ab02cbcdf1aab08c38851cafe4b1080e10a
SELL,0.999,20.23,1762320325,Yes,0x09fc8d932ebf45a0093655fc10e9b790dfd3e83258099d9a375c60f2e45e8dfc
SELL,0.999,1006.98,1762320319,Yes,0xa57016d54a9e891e7c01c00c013dd81220a0b4a459c351fd00e07dd83adbcc75
SELL,0.999,1001.05,1762320301,Yes,0xa5aa28b2c9802e5bfcb46b8513945d9cf23c6963aa20209e5c34c9b2e3001fe3
SELL,0.999,10.01,1762320271,Yes,0x273252491e5dbf742295492e51202e052e99e55f122ce71917ab7246425ea288
SELL,0.999,105.59,1762320265,Yes,0xc5ef07173743973eb471059aa5dbd60ad2866843a91a3a519b659949b17b1c1a
SELL,0.999,212.31,1762320249,Yes,0x68ef154e18eb003bd630a4b34d9668fe51f2a937549f8ed8feffd4e280cc3320
SELL,0.999,31.87,1762320215,Yes,0x14ac010cb9ecb162596ffe48f4cb85585fa8f6a2cfdb70005862609b01119b51
SELL,0.999,24.28,1762320187,Yes,0xb466c183a3e613ec2321e80281ca020f1af3237b481fc8c2cce8eb373e2072a3
SELL,0.999,15.88,1762320119,Yes,0x56184e64bf65810a283065b0d4ea85aaf50f81450cd9fcd6070373c23edaa698
SELL,0.999,6.7,1762320053,Yes,0xee5c37fa01082a8c69a048699c1501a94fd3268cd32b6d9d91f4ee9d165ca356
SELL,0.999,70.88,1762320029,Yes,0xa42e01f4e40276591db890637980c9cf94a6df7e9276ad001be29040fa41f204
SELL,0.999,108.34,1762320013,Yes,0xe0c7295740747bd0866bce51147b05962daf9c33c6cac695e820617e324d4cba
SELL,0.999,208,1762320001,Yes,0xd50c363ef3e86431565e630af506d57d51fea779073288139b70976d8122f448
SELL,0.999,25.12,1762319997,Yes,0x2795be1ae9b71bc5ce9363273c3982c62ee9b4b3838587bd3eee1a747410d28d
SELL,0.999,2.15,1762319993,Yes,0x833f4bc87db05d51e48468c2d24f9519d568218f5577e1315026eb052ca8764c
SELL,0.999,25.89,1762319993,Yes,0xd8109f803c0a1b1d520d9d7bccb34744defc610cd126e75acf4786e401d57a5e
SELL,0.999,14.28,1762319989,Yes,0x41d9cf8d1726bb11b45b1a80989f7c5242ccc57ab9117e20e59c326334862099
SELL,0.999,121.35,1762319979,Yes,0x92bd8721fec94622e2e3c0dcf80fa65771205a9fc78c72552e6c1b1d1bcf8878
SELL,0.999,1.07,1762319975,Yes,0x446252df2f512ee3881c07079e54da5a6437ce76b2e276f3a8906db8a1a2347f
SELL,0.999,12.76,1762319957,Yes,0x81666c1fe88562c95ecf39d35d28fef77db11608e136b379999b54a962288576
SELL,0.999,5668.68,1762319913,Yes,0xada8e8c4351457ce471f90dff48f1c8e950aa27913e4e3c34b17ad982ac1cd6e
SELL,0.999,9846.31,1762319893,Yes,0x20eb20e7dca1a85962e72140497f88b729c833b2b754b3ac368e9bbdb9f992d9
SELL,0.999,10.9,1762319855,Yes,0x1722a6fb15be4ca088cb84cbe77bbf3006fc15af3951a1d9eb2420f9341a5814
SELL,0.999,24.4,1762319851,Yes,0x58877b02bcaf74e4512fd43f19af3309c9c3d70b67160b52e0d6b9ec524397e2
SELL,0.999,22435.48,1762319837,Yes,0x559ac7498f853038b430db259afe4d9be6e4d6a78485f19e289102d026fca2d3
SELL,0.999,20,1762319821,Yes,0x7327782f90939aa44deae49765ee731b6a57640b94428d7bdd75ce98fb623077
SELL,0.999,1165.42,1762319723,Yes,0x92ae48a3fb0140ca87feda06c48c6e15b1bbe102a90e1cfacc645476386908a1
SELL,0.999,100,1762319711,Yes,0xe91dba222a976d0397a1cd511e8728c9c07977dbe63be503cb045c5d6006baf6
SELL,0.999,284.37,1762319695,Yes,0x10471a294cc045860ff3147556bfd97330363111991a761ca656f7301ec1e404
SELL,0.999,200,1762319693,Yes,0xe8df155900d79951e1aabb35ce1d2af0f0b1435ae04513258e17b605c346aa71
SELL,0.999,10,1762319687,Yes,0x7b73643e977c777d6ce18a60156f84a296bb869bec1dcfdc1d38324d5e1b40b0
SELL,0.999,42.9,1762319679,Yes,0x7f444ac59d2afb15a77d50e79af974999ee3af90a9f68caf55a3be49b2a00bd4
SELL,0.999,5.34,1762319663,Yes,0x8cb2f27d9b2e6eb46bec6d0a9ecac69db69f841a9851154f5b110514331274bd
SELL,0.999,109.64,1762319643,Yes,0xec086cba90009b60afc97c8d3d1d9d2f694e59ed923d0037f23fe729daddb1dc
SELL,0.999,63.69,1762319639,Yes,0x59b49ec86bc9211bea545b2051dca921b6a38f7354c9f6c69f02cc96b071df8e
SELL,0.999,107.52,1762319587,Yes,0x92a8460ff646d156ca778b82a9cf6f4244974d0eb5afdf192dc405d32bacd8bc
SELL,0.999,4942.4,1762319565,Yes,0xaeaba0220601ccdcecf069e530790e3c5f95f54a982e164685c4f831a2cf6641
BUY,0.001,1000,1762319553,No,0x9d4c44a0f95b40d19f04b9f2607d6acef5e7e58aa93f10a95b12040dbaa3597f
SELL,0.999,397.97,1762319527,Yes,0xac860ba84b571cbe859f1d52c18eb761493998bf3b1e4aa2d2c2524878375392
SELL,0.999,1063.82,1762319493,Yes,0xa0966c593c0c3d676ff49e042b14250e120d498c8d13f5a68b92b2993421521a
SELL,0.999,1.09,1762319481,Yes,0x5c8c54e03b326ecfcbdc015f32df0178b824112f560e8b06bbaae8f68efe62e0
SELL,0.999,1084.74,1762319467,Yes,0x0fa16ae3186bd939cdb25bbf991b3789916ac37f920def35a3cfbfa8ddd135e5
SELL,0.999,1076.11,1762319467,Yes,0x7a4788ede5ed15a4fd13c9cc28e71fee830c31722d8b24c9e65bd6981bfdf55d
SELL,0.999,5.29,1762319463,Yes,0x6859fe043564c59b8c356ba62707d52ae9f8d5b2398dad076128ddac041456a4
SELL,0.999,113.9,1762319425,Yes,0x9311c57685a7ab10c6b419eed704129ced490fb6b45ec87bb35f9a04ffcc68e6
SELL,0.999,3.38,1762319409,Yes,0x8f41c9a6b327c3e6901760e02d8fa13101d1167ceda50aeedeb5e6e6bc7cfd98
SELL,0.999,11.32,1762319395,Yes,0x5b85a3664c6b04d928fac317d79044a5783969ed421253d067adbfb113fe935b
SELL,0.999,2074.68,1762319385,Yes,0x4a81048e22a4c129f449fe3b8cba8727e8c771e48aa46de3b4b3327b75aac36d
SELL,0.999,168.21,1762319365,Yes,0xe5ece4b216aef38e86094cfb3e242d7745ce969d8efb2ffd94e9eb90ca7bb3ce
SELL,0.999,1069.49,1762319363,Yes,0x4e784802a1dde002ac35a0eef222c9b8b5c776f3b3c4de893d1ac1a856971789
SELL,0.999,1073.31,1762319363,Yes,0xc4ad67c1ecb82dda5ce5cf42e82cfdff1d58b68a6a0f144f16535440846a2eee
SELL,0.999,1072.25,1762319363,Yes,0xe705f879aae95033da94641602e56715454c9b49dfe26f68b584dbee471182bb
SELL,0.999,1024.89,1762319345,Yes,0x3281d44fd571c7a087fbc8b9caea0a3ec52f078c24ac3dfb603953368a99f425
SELL,0.999,23000,1762319345,Yes,0x6b05b4246707f3131054e1f03134fb02b9e0f4fad750bc982530f5a2c2cbce58
SELL,0.999,114.39,1762319311,Yes,0x20699ca7c5db8a1ed9c581fc670b3dae513c1273e1bfb4039d0b5edd5e4f87e6
SELL,0.999,1071.04,1762319289,Yes,0xeb77d5e2bbc0999f29658389644b0f3bab46d093b4dce0939090ad94ff93a4a4
SELL,0.999,1.05,1762319231,Yes,0x760077e66c668ec35f5a78f1578f1d128665fbe03845f5a3d74796d0e6485f21
SELL,0.999,22.85,1762319217,Yes,0xaa41c4b262f88c9c758f856a369c3416975f79f5a28115069c7f10e0ef87a64b
SELL,0.999,1084.74,1762319215,Yes,0xf3fa4acc324c2596dcaf7dcd7caff3c3731927629c2bf0552ab2787100933d85
SELL,0.999,1003.03,1762319149,Yes,0x6419c7ce2741539715ebb0c002a6a9d59bdd2cf1ff9d0b3c730b4b937d62e2f5
SELL,0.999,1003.02,1762319149,Yes,0x281978abf4ff585acf08e84d652d0980ebb9eeba04ddaf11b39208f3e918cfc0
SELL,0.999,1001.02,1762319149,Yes,0x5ba0caf7f10dde79775f1372bf54dc26b397898fb387d37a8a152f96cd62a407
SELL,0.999,142.7,1762319141,Yes,0x3ccdd1fec94e4ae56352547be7e3d9a8863351354c641c4221a0db34a1c97512
BUY,0.001,1000,1762319109,No,0x8a966a30867634aedf612af4c822419993d42f693b76b56a62a671f01dd78197
SELL,0.999,214.54,1762319105,Yes,0x3cb584d7fd77841b0c847e2776fa33ad81f9d0442fdaafc05fec9487feaefd9f
SELL,0.999,250,1762319103,Yes,0x324085de5aca5edaf220429ef41d2c2dfe06f47adeeb2129a8ee5bff1fe3b439
SELL,0.999,716.24,1762319081,Yes,0x3233f59293b4a9286c7637a42718142eb49995f40ad4069536446307a7176676
SELL,0.999,20,1762319075,Yes,0xdb3f8c10ef5d63163d2834ad9d10474a58ac940f8a2053a7107b3ff4c4123222
SELL,0.999,382.39,1762319069,Yes,0xb3e39a7c602dd7e153709139e0237d035924bed1168f10031c2d665c43cb3fd9
SELL,0.999,8.36,1762319061,Yes,0x1d7922bf0016a0f2782148728dd1b47bef2e8a51371324f26cbb391d83940896
SELL,0.999,4.37,1762319039,Yes,0x36b66d5e24246bc04a9448e03c2995cd2687c1945abb97ef60a93435c45f89de
SELL,0.999,1000.03,1762319025,Yes,0x114530e60bf247406850dcb15e9dadfd1a45450ce8805472d7d7451e39b5151f
SELL,0.999,16.8,1762319007,Yes,0xd70d7cfeadea7e09e02e0d81d88bc6ee8dfd2e452932108e33ccec94d66b87f6
SELL,0.999,6335.79,1762319003,Yes,0xfc26a4ba5688ece6af6f96792cb447cb1583af3ea7f70de84c5d5ab4702f2e46
SELL,0.999,1.06,1762319001,Yes,0xc1a542cbef77163f1cd023694d64704951d34fce6599d16526e1844f649370aa
SELL,0.999,27.87,1762318989,Yes,0x46b52136aed973edd4bdfd8809a18c9c2feb4dd06ac6cebda8f0137da746bb7d
SELL,0.999,10.4,1762318981,Yes,0x3a0daff5c39d1395449ecf60b4f379e7ae200d3597262e06363ee3726a7021f7
SELL,0.999,5,1762318957,Yes,0xe75aa77ad2287740c101b9c27b7bd6b55d1f5722b7d4eb563f40e63602289f6e
SELL,0.999,1499.99,1762318949,Yes,0x552d1120a29691e1ef1e65788d7c4cabb8c1e9dd7cc4193a63cc1ff6da2348e5
SELL,0.999,10.58,1762318919,Yes,0x966a180f3f190969ccf2fbf1fb3b32a0e45dffdf0772096b51b1f6b78518d678
SELL,0.999,100,1762318883,Yes,0x2e3629fa55c56fe7cf4c993bf3a157447a01a70581d06fe02465b62c42f9bc6f
SELL,0.999,6.63,1762318859,Yes,0xe03ad382500edec6e948a3bd5000a2979c8c003733e02881dedffc11e6cb38e0
SELL,0.999,10000,1762318849,Yes,0xba338094c3c4884d217f509dca7f3d2642d1a149089be1aa6e1d203a7ea25420
SELL,0.999,240.13,1762318813,Yes,0xbf8ecda1ef1d0cbfa6d003252860eed176acdfa0772e6d16bd937c0532daf5c5
SELL,0.999,1.05,1762318777,Yes,0x8ae1b34bd528bd048247df84ec1d326b544010b2c0313817f14f2380c9710a51
SELL,0.999,50,1762318735,Yes,0xb4be678d55a1a3bdfbe6a67deb725b519583fd662a8805ceb52cc586f23a2b78
SELL,0.999,524.58,1762318715,Yes,0x44c9a7417dfff33c655d93d75550de037f35da5e435e0137865f07341e66901f
SELL,0.999,20,1762318709,Yes,0xf1429b4890de530915ba62af6b04e72ce4f427bc2c3feda89ae445e569bbc364
SELL,0.999,36.7,1762318709,Yes,0x29f39b0b151b8f60b2adb0dd07605d2b1ff841a473e18c0b474aea4d17732f40
SELL,0.999,978.26,1762318699,Yes,0xc89f4140604f01ac12cbe67614bcc32e23bc685d2d3d310b112a293f25d65400
SELL,0.999,105.7,1762318693,Yes,0xb7371eed7588554bee8dc52405469e1fb9bb1c9a27028157dea216f4eb60b211
SELL,0.999,532.48,1762318689,Yes,0x9d5bcbae7e53552e663cf3e1a09654ee3e7b02edeced238a3b817e7506664ba9
SELL,0.999,3000,1762318673,Yes,0x5fc4262fce34ddf9c9a68bdd7c84d020c28e9d12c1b4ad27d294f99e8b38cb10
SELL,0.999,148.02,1762318657,Yes,0xcdd78674b1b3d8fc168cc0216773396086a0f626251b8b92ce00597eebfd9d53
SELL,0.999,200,1762318639,Yes,0xccf01f7c72f29e295d3cbd2cd5714789f4c94457806b2403f0ec39b7253a3ff3
SELL,0.999,630.53,1762318611,Yes,0xba34f84fa6cd6b06b048d315d5d0faa0657e4e3464bc19f1ccd735e1590f98ca
SELL,0.999,7.8,1762318611,Yes,0xbf5093f5e1f2f918d8f77f498d9db8bb28d7120cc5b460284239d5ef7edd1437
SELL,0.999,22.39,1762318609,Yes,0x4dab6a4d32a1e40dae2f193687a5f238b9ccf9bbb81f12e880eb157881f720d3
SELL,0.999,59.52,1762318579,Yes,0xfea9e3b3682826b505ea3c7d009d345a5108a8762a9eaf54334f6023b1978448
SELL,0.999,2.27,1762318523,Yes,0xc663a342a66eef4fe0c0ee185d0505428366c21f73a9fd5582331a8fef40b279
SELL,0.999,179.56,1762318509,Yes,0xd6eb3a5d3998a51e37b3f3902c036996328ce0e69d2cdab63679480ad4227f4a
SELL,0.999,129.33,1762318503,Yes,0xac1101eff8665c358fe91eb37614152f527dcfb14c07c0218b536ec14a1bb4c4
SELL,0.999,10.55,1762318483,Yes,0x0466ef1d8313ee0baa2986d4f4594c3232535126cbde11f3d84c9d8e09fb6a16
SELL,0.999,14.52,1762318457,Yes,0x217b225ba654b1fd66b9a25be1d249a06fb334a0ad116be4c70e72a729a3c91e
SELL,0.999,59.95,1762318455,Yes,0x9ff39345053da7af9204ad55664d8b8152b19552ecf2fa0bc6d463ff8163c1df
SELL,0.999,426.35,1762318445,Yes,0x51c3a175df3622349e212bfc389162093497268be3f9f693ba0a4fdef299277a
SELL,0.999,1092.9,1762318411,Yes,0x1161b008a1cd969792e901b4bbc7a9e5d58f8d90e1c49354f07db312b549d04f
SELL,0.999,1001.06,1762318393,Yes,0x2482aa046e53687f29d0dda70253460a7f090dc722871de59b734547d9206ca5
SELL,0.999,10.55,1762318387,Yes,0x1393085b93dc83028716b5f25f97d48c4bb69d5d74411d8652e8228e76742a78
SELL,0.999,1083.54,1762318387,Yes,0x62e04409957449e81720e496ed8a7fe58879015de363630748a33b29908971c3
SELL,0.999,217.82,1762318385,Yes,0x5812fbe212f0bc25e655826012cba05361a1c0be38867b7ce03d6f35d1167a5c
SELL,0.999,512.56,1762318385,Yes,0x79c7b5314a4199d30cdfecb94ebf656d83ffc318342bb8dc4fe1b6c38bf9f9ef
SELL,0.999,1003.03,1762318383,Yes,0x1b0cccd478d506ee5347ecfeceed7a0a3773140e11fde94433adb9f645c4e16e
SELL,0.999,1002.01,1762318383,Yes,0x677ffb965d95392e62b75b7f7cf3a956dca7ce9bcfa5f6db3bd7c16b4ec10cfb
SELL,0.999,3.32,1762318355,Yes,0x95c19e225dd55d04932e81d7708c99a5a0a433ee71dc7368ed224361c339574a
SELL,0.999,1.05,1762318333,Yes,0xcd6df410678ac7708c6889bc447f641ad2c557f26c19585c634ff4d26415ea26
SELL,0.999,322.92,1762318327,Yes,0xbcd4498baa9f2f477979c21e9d7330c5aa2d2f7b5debc8a80efbc975b5879951
SELL,0.999,31.61,1762318297,Yes,0x9acc01c7597fdace273f928e36b23ab3fe371f305a0ee45a05655639ac345710
SELL,0.999,1.13,1762318285,Yes,0x756832ebd1c634e3a752de95c0281e149ef8d4e2280fbd1c446811ae2431fb62
SELL,0.999,265.33,1762318275,Yes,0x490318114a2cb8b03ace01f1ad37fa17eb0a6455da7e79a46e8be6f4a59bb220
SELL,0.999,22.44,1762318267,Yes,0xcf15cee30a749da121d14ac2cc0c46fac47c8b50fca6ede45d2a571d9a42530c
SELL,0.999,3339.7,1762318253,Yes,0x8809d31e66c59a38802ce361e2fb41b723a57e727cdece6e7a0089008187b747
SELL,0.999,61.69,1762318253,Yes,0x0d318dd351c4083399f3e7c0f9185ae0c7c0d75d43a749f283e1bbeb55fc5584
SELL,0.999,2000,1762318253,Yes,0x8595133a3354cf4339b2a0d530e6382f27ad92542e1e60cc78a7966f04cf0c8e
SELL,0.999,1000,1762318201,Yes,0x6307ea9e5ce84a1a6c0815ced8e02f3cdfcfbd9e3a33ea59d2e7877cbfcfcf1a
SELL,0.999,360.81,1762318191,Yes,0x2712259b3701535cf846d285c134e02667ef0da8740e28321c1097569cb112db
SELL,0.999,8.53,1762318187,Yes,0x0346f0f13b92f01302cd30fdcff8c2c6d3278b293572ca0654054e8aa662d9e2
SELL,0.999,5.74,1762318145,Yes,0x780ab90db12980df513a2e0ba014e0a26543fa2b9f363b951fbe0a71e3ba589c
SELL,0.999,209.08,1762318129,Yes,0x42d2dedff90d48cd63066b5d29bcca1760558eccac61ec1da6c14c670ef17bfc
SELL,0.999,326.98,1762318115,Yes,0x6ae48d4651368049f473ee7738eb0ecfe8a547ce9128dbd68842dcf6191b6af5
SELL,0.999,123.82,1762318113,Yes,0x2bc1e546af001ffa39d843bcfec47086db824d266f83051e99c62020aca8dadc
SELL,0.999,436.08,1762318105,Yes,0x365eb9973ec0c5e333380c011cec0f19f90410cec69a5df522f59a4869440e93
SELL,0.999,1078.74,1762318085,Yes,0x522cb7df2cd16222c1537854353e97d169f794e4335cc430a106f6982f4d4d56
SELL,0.999,3.15,1762318083,Yes,0x1161669489fc236935f23fc03e009bbcb2ecc3a944681f5eb365d58dafc77d0b
SELL,0.999,436.57,1762318079,Yes,0x765bbcdca042843864a478809c37a69c5d8fe64ae0f1b90806c71928e03fe781
SELL,0.999,1084.74,1762318053,Yes,0x9c3debe7068f669ffab10825ab4309fb366d575e8b22f72d7a697c351ce0de6e
SELL,0.999,1084.72,1762318051,Yes,0x02d8f768bee2dea8f75b072d0c32610e1d63a7df1ee08bb555a9053a63d275c7
SELL,0.999,4.73,1762318039,Yes,0xae43427fbb6a48fb9ad89438d241391dd091c7c49d616751924eb37a8d7cc27b
SELL,0.999,100,1762318029,Yes,0xf637613fc47b22352c5d7a79dbef604e3ec580ed420a872e3cbda860754be126
SELL,0.999,1076.27,1762318019,Yes,0x2307e71b122af137078fe5ec455e0b695a198ed6feb967b7ea129a960f60e086
SELL,0.999,1.08,1762317975,Yes,0x8387da227361d4337d49f64cfc82ccac3420473c03f577f1bbc4f0b84aec4e35
SELL,0.999,50,1762317955,Yes,0x830ce0e18ecee753d5f8bc25345f6e3775d93575fd5700a856afb9b3e7cae6db
SELL,0.999,37.31,1762317919,Yes,0xaec6a45376930341cd95d58b53332f3b81127968c5f8a146612e0da190194198
SELL,0.999,52.24,1762317893,Yes,0xd1ad7db05d845169f35ab23902de41ff88280faa2b52a2b4f4c79d8ae30d18c4
SELL,0.999,1002.01,1762317891,Yes,0x774c860fe3e730d77800437007a5a447d202f546b424d2b3588a4ee3afb80d99
SELL,0.999,1001,1762317891,Yes,0x0063f4e28ef4e7006701dab51bf66163f952a06915a39434d709ae62803f31f8
SELL,0.999,1003,1762317891,Yes,0x92cef485105e9c9d0e93574e3696a9fce924db3c2ce2e78934aad54953dd939c
SELL,0.999,2000,1762317891,Yes,0xfd9e063e3b24f34c8f7883b2908a793faa56c04b98f235a4411956aa09fa69b7
SELL,0.999,27.35,1762317891,Yes,0xea21b7690f10193d39bfa007574dd7146b5c5dc328c996ce0b74639b2d97ddc9
SELL,0.999,507.24,1762317869,Yes,0x74a91b3bb59ae7f7bfe45503c4b22001286916be61e5608718e8f8e9cc8091e2
SELL,0.999,4358.9,1762317845,Yes,0x4d90e9a320a10f554cc512176ae124aed80fa222a1ca4cb741ed6777724129d7
SELL,0.999,2000,1762317843,Yes,0x61124bfaa77cb2332cf01c15fcec00a6e50f182df3958fcc5348aa07a3f30355
SELL,0.999,20.32,1762317839,Yes,0xf6427a143fd553f407de400f9cf66b1edcaf42a1c30b8d0b04cf7a53aa7fc869
SELL,0.999,212.76,1762317815,Yes,0x9e31b236fb5b1d9f7599e1daadda4d665d50883011196941bd32bb7c6f9961b8
SELL,0.999,3713.62,1762317771,Yes,0x266faf77bd23df96473a09d6b837efd466bb591b853130b9bc0a4b639a69a6b1
SELL,0.999,100,1762317749,Yes,0xfb2247d499074dca8d5910d5473b98ef381fb23791058608bf5cd59174720623
SELL,0.999,11.54,1762317729,Yes,0x80aded06036e690af788bcfce4a4480c02fe620ba685dd8faec1f05cc3eff85d
SELL,0.999,5,1762317707,Yes,0xf31fbd5e3015104ce0760fce91e970bafcc6e7a6a14cf7f0d3645b518b4d737e
SELL,0.999,52.96,1762317655,Yes,0x42f315e1643894b94ea2615e5d73d98df72beb476f71a655970ad5d5f9f1e272
SELL,0.999,362.09,1762317641,Yes,0xd2c223b67e8657e8152c03c98ecc15e08a0881d43d16352ad5ade2901ca91f61
SELL,0.999,4000,1762317635,Yes,0x08d2aa43294564b16786a441b4e3d2862ecb4f153cb2a02eb220310c976dd1ad
SELL,0.999,4223.48,1762317627,Yes,0xb2303f6c2e4f5d9681d998007f12c0cc5f050e666dd6593835aff7f13f9e77c5
BUY,0.001,1000,1762317619,No,0x0d428b8086445a6d05c6d52402dd9631e4e4119beb5ba242fb386575129e1ab9
SELL,0.999,25.06,1762317617,Yes,0x8f9ded08d854d749148d59547e3ff81d8e0cfce5b450d7a3a0adf669fadee94c
SELL,0.999,113.56,1762317527,Yes,0xda1efe0825af0ae258d1899c8647f72c334fb731be12653e35c7087b9d5b650c
SELL,0.999,13.57,1762317527,Yes,0x79ecf36c3bb494af8e9e7f9bff35c46ebef6237df54ff88f8a73c9bc19a6cda2
SELL,0.999,78.08,1762317521,Yes,0xcf88bfe84317125b63432259b933b1ed716398f788a5d0bfacd008a9843c55c1
SELL,0.999,2.3,1762317519,Yes,0x290d521254b430dc0b603dc1cf89aef31824975229a318c83dd50e26597ab247
SELL,0.999,2.36,1762317495,Yes,0x415025a49e3dc6a4a26bfd85c2430467eb2bf48bddab78b708eb355cc992db0a
SELL,0.999,529.1,1762317469,Yes,0xbddeb85a09d4f7184f7b4aa6d779799e4f57fe639c9b2d89e77421bdc48c57b2
SELL,0.999,137.42,1762317459,Yes,0x369a771eae013d0488e8dec51d3c32f8be6cfd84701cc039918b95e4936d2664
BUY,0.001,1000,1762317447,No,0x95f710428c2525e930ce1456a43ef8904f7b40ae3cd901c99d10adec088d1232
SELL,0.999,1.06,1762317441,Yes,0x56ec2751e3efb850d8fcdcd0e705fd2f55cf0f19b786a7b44191fc960cbb7c15
SELL,0.999,2.17,1762317423,Yes,0x4c98782ec145afff5e07f949b69d1bc3080d7a753278baa922c3f79221f20a1d
SELL,0.999,1002,1762317413,Yes,0x80e501ca93598fb5b406acc5badeea6ef5a034625d109b7869b876d77ae7639e
SELL,0.999,1003.03,1762317409,Yes,0x2e679cc45bbaeef32ec3d4f05777577ea0fe6b52c34de60383dfef10382cc7aa
SELL,0.999,1001,1762317407,Yes,0x0f16b9848c71681156e24c8fb1fa3e19a2f0dc55405a0cb0d3a8043c853123b8
SELL,0.999,5.46,1762317391,Yes,0xb9a7c3c4712ff4a5f8c6a57a3f0e4c02a33c169b1c4c1942ba6a6f1ac66ecc11
SELL,0.999,1245.42,1762317369,Yes,0x9f57f1ef6ca1164b0a07fa7835239d5fbe94f2854c664ebed483f8d90a853b5c
SELL,0.999,39.45,1762317355,Yes,0x64e22ebf350bd2735e952f4e1b610aef4ad1ee4d746aacc0ba08efd8b383e2d7
SELL,0.999,1119.82,1762317353,Yes,0xc75734e75a935802846c5827e8c3a534ea7143486c6da3a4fe934c499e31717e
SELL,0.999,1.05,1762317347,Yes,0x865ba78083729191343b645394e4141d0a069da52770a31e064ead9c2cb0a70f
SELL,0.999,5,1762317347,Yes,0x1f918f054bd83c2af6c1f54e3a19b0992f8b02fc6565b3432a13436c4eeebd0f
SELL,0.999,181.98,1762317339,Yes,0xe4aa00f7273112c1d76c6708adb5438ac383d457cce5eddc91ca1ec86961ee5f
SELL,0.999,18.07,1762317315,Yes,0x969490d66f59c810ec22edbb18d1abc98cc49ef19b9bd9c8ca3da90b2ff78a8a
SELL,0.999,60,1762317247,Yes,0x6d44168c41ac6a4da493bd13f3b623bdbb3ed1c18be496695d13ec5317907f88
SELL,0.999,21.92,1762317209,Yes,0xcdf91cf21229f3ad6e11e7e1dc3915a14794cbfb4522641682088f512b4908e7
SELL,0.999,11.14,1762317195,Yes,0x93569f2b428a8bf97c7591cf9f4fa1d495d5a2e47ad46453c2bbc9ea2a270123
SELL,0.999,60.71,1762317157,Yes,0x621b214de0dcf42bea9e167363fa77c6cd6d4e517491c4e5a05de305e5ee27d0
SELL,0.999,6015.83,1762317149,Yes,0xb0b92cda62d50793feadfdd4213b5998c6e26e669a745ee250df8d62dba13d12
SELL,0.999,151.86,1762317127,Yes,0x16502aa078cb895270dcd89a555cfe935c645ce8acb1c1c2d530187f538e0f3a
SELL,0.999,3014.69,1762317127,Yes,0x58e76de35ae85f5db038056833e90105e605dd6c596cae98df7f7ec4f63a872d
SELL,0.999,108.22,1762317117,Yes,0xf808b5dc7d9e7971340fde5fdeebf892ac5b7be8113cad1c348a8c2796d44e2b
SELL,0.999,4322.37,1762317075,Yes,0xe040336126148bcc74411363d90dd32e05b4ccf6a5890429a38af18503d5bc20
SELL,0.999,4.51,1762317069,Yes,0x8d7e631e8eb96ee44b52baf90b4e6dba943e32e54e7fd9a3223af2cb9d8cd7cf
SELL,0.999,252.75,1762317031,Yes,0xfd32dfdb32a873b965b483ca9a2e07fe9d4565747b8ebf48f144a5e36496e7cf
SELL,0.999,5,1762317021,Yes,0x9f17db897731a19cebbb097f0fa01dd79ec5c8daeb190b5c07282696b0223f27
SELL,0.999,3.39,1762317019,Yes,0x08d5a7ecbad53510f19e5bc3839b290ef699ad077d6d8c701842559d5a2e4aa0
SELL,0.999,10.75,1762317007,Yes,0x06c5bcbafd5e204c47fcc0089bdfe6158e5427e655899b889c19c612049bfa5f
SELL,0.999,55.99,1762316987,Yes,0xf1a9acd9cf3a4d275ca941458cd45a485da988bd9446f09bdb37cb7e4690b7ea
SELL,0.999,6050,1762316969,Yes,0x8549d06313d378fa581d07448259ad85016adaf437007862b8a10a3527f9b40f
SELL,0.999,150,1762316969,Yes,0xcc7db026397940b9e7eba7eb0244e34cf0895b0cda1b0c817c635d200d8e7fc8
SELL,0.999,8.62,1762316913,Yes,0x59c586b089c7db3312242c6a7d79321dedc09ba4204610a0096bf6ed78abf03a
SELL,0.999,33334.93,1762316855,Yes,0x2fbbf32f1c8253843d86c74e0787d296c089e852908ff4369665715af5e5f96f
SELL,0.999,163586.12,1762316803,Yes,0x437df28633e14b9f5d8bf106efdf57eea966e09cbea6f8023419afacc7cb77ad
SELL,0.999,4.61,1762316775,Yes,0x243c0730777c3e7a1ea214c0ff90f63d42a7b5f2b1b08bd192baea7815ae08cc
SELL,0.999,39.03,1762316759,Yes,0x58c3992488622b5c2263b4ed35ee2d6d34b49a923bfbe8dab346032a5831a74f
SELL,0.999,5.58,1762316747,Yes,0x1ecf5b46c4205563378ff3fff8fa5293816f2a534705fa683bdda08b0e193611
SELL,0.999,44.05,1762316721,Yes,0x976dba8cb80d76bc27ad7d54e6255a73b6c9111e490b98d14ddcacf40d576e32
SELL,0.999,3000,1762316691,Yes,0x5eda294182d02595e3a773ff3bdf10bcd53a45edf9fa70233752cdd9fc451306
SELL,0.999,8.64,1762316677,Yes,0xe7a6b575c7ec7d6abd5dbaafd4024e637e21453cf541e3a39c6d1291635d09af
SELL,0.999,105.04,1762316641,Yes,0x16c5f143f6ba1c64d00d68d6be3130bc14bef6bb8b2bb4ab3a04948a86f5fa78
SELL,0.999,5,1762316603,Yes,0xeb89c7f176aacc15b93566d170a24cadcc1490fbea9c8ca8b659f5ff0cc4222d
SELL,0.999,12760.15,1762316589,Yes,0xa78fa9f617e99b7a52d94385f354ecf5fc4f43159ebf9f67a74db1010eaeeae1
SELL,0.999,110.45,1762316579,Yes,0x0d3ab87bcca6a8ea1986e6f99ac2b901bfbe1ad6f53c2e4e289053c781c3732c
SELL,0.999,1586.91,1762316559,Yes,0xf8dc72ff930257e454b5898116fcfdeaf6a3c0bed7a7a1f72c0764f71c9a278f
SELL,0.999,1300.71,1762316535,Yes,0x3984c1f9bf2fbc66c7c7e2516a6148766b6e99e0bbbfe4422b6c32e4e051c1fd
SELL,0.999,200,1762316535,Yes,0xf29817961f3028b24397e5685d49825e6a4e5d73360a9920c29857c2b9597cd4
SELL,0.999,100,1762316493,Yes,0xb182ff932265d9cf2b238b41f539d1813a231c50c8d92329fb1348d7d6a484b6
SELL,0.999,61.22,1762316493,Yes,0xaa20bedca933cd4b362c0080de8bc1139cff968baf35156bad66c331c395c6a4
SELL,0.999,80,1762316485,Yes,0x8094e06199986e78f4e78df105f6125f769a1a4e8e508c2035a11d35349d9ffb
SELL,0.999,33.62,1762316469,Yes,0x2aaf954787f1d099712db1e1c1655c6526278c8a05a0d3f58321792ff554e775
SELL,0.999,2000,1762316399,Yes,0x4ecb9306cdde0ca79a5cc1167e4abe96632731e4cd5c58fcdc063ef7193fbd90
SELL,0.999,200,1762316375,Yes,0xdeb9332f944f24fd6398876d52bd7ccdc8d62f37d904472185952302237dcba0
SELL,0.999,63629.33,1762316287,Yes,0x3adbb131db0f6a315b2f47d0934e0c90e09f114a0463520bd39f1514f8707123
SELL,0.999,11,1762316219,Yes,0xa7c9ff79bd65f53ac4098a183a88a74cd51417656c03aa13ecda255fa9f5de0d
SELL,0.999,988.65,1762316213,Yes,0xc1ed92079029c6b8e3b70d6e1dcd3080d417b7d6872400808c2a589f47df1e75
SELL,0.999,2.12,1762316197,Yes,0xf4d912caef8048ce270a192ee022c0e1ba0c638d4c7aa1a6ad225207f8acd71c
SELL,0.999,208.12,1762316171,Yes,0xb078e1ecb16cd79e6826fa65bca3f474d277cecbfeb248a0908ea3caa09c0199
SELL,0.999,5395.95,1762316161,Yes,0x0d023de02fc435ebdbe7fff74b43ae9d60b6ad1f6456a72184c29103178126ee
SELL,0.999,42.41,1762316135,Yes,0x743e75c0f385dd0a52fa98c29a6048e07490a6c5bf176397a727a2c58edd108b
SELL,0.999,11.61,1762316087,Yes,0xbe612803bd5a7a4a5594427bf376fa4613a5c9c8b1db8e22055548be26411b24
SELL,0.999,1004.01,1762316075,Yes,0x2e4f4198bf31d2320a70d8f074930a6866d528b83138bed8ae250299a5d77e21
SELL,0.999,1817.84,1762316067,Yes,0x89ecf0b15930707d18f9ae7fcb333d41b2f07ef9f2759d8c3291989086a51507
SELL,0.999,1000,1762316063,Yes,0x54348ff6d2bd55cbe91d0c413f5f523b372c176dcb164374fd443eba7f8bf4c9
SELL,0.999,1001,1762316053,Yes,0xb7b213dba1b48314bb9879d033724d9fd2a1f062aa7ba3eb7edb8d943e857bac
SELL,0.999,4.28,1762316045,Yes,0xf629c0e994be452098d1c411b725fade9da6a0555eddb2455c299f1b47624f49
SELL,0.999,313.32,1762315999,Yes,0x2fa2226a730a2c84e8631f078a69c6330ee9856991e81b1318bd5efcef0c5567
SELL,0.999,4.49,1762315987,Yes,0x38a80328418ddd0beca259acccef78c54caeb07951d466a2620c86568ed99f3a
SELL,0.999,33.43,1762315967,Yes,0x2991012c2bb69ccc1f797f2407e987c7f37e2e834740e488c6ac984ea9f2a572
SELL,0.999,115.01,1762315933,Yes,0xaed5cf259e7e917de4ae0b516f4313626f031f8ff8c4086581b40281b367d70d
SELL,0.999,56.36,1762315933,Yes,0x0cc28689f9d936b5827f95a357345771b6fd1192fdd7bd197cdddd37f99c7f5e
SELL,0.999,540.52,1762315817,Yes,0x7a8127573968b1b61cd7eefa41e3e91bc9675961edaa0c756bb3ab106fdcc57c
SELL,0.999,21.05,1762315793,Yes,0x45571191ff813da4ae89962603814b3acc2407185c7856bc960eb8fa12e4c1e3
SELL,0.999,238.19,1762315763,Yes,0xc57c96ed33ac8faf37e8bb5d7349ea904957e9a2473fd3771de9e55405d145b8
SELL,0.999,233.88,1762315757,Yes,0x1f4eb6381d2bb75a74038c49e0e74ee78432777844b7ba683ed7c443ee46baf0
SELL,0.999,10000.67,1762315741,Yes,0x55e0d50daa93665d1efe3201a9da327075eae164594b77559f0c7e93cfe354cc
SELL,0.999,1.52,1762315733,Yes,0xeafaf61c8d9a9271294e296903eca8dea1a78cf71ff376aa337bc9b464d3930a
SELL,0.999,1005.01,1762315705,Yes,0x003df9e77955bbc7611f0571c6d0d8afd3db42ff51b933836f329af4b28f79f6
SELL,0.999,1003,1762315705,Yes,0xedc5cc23f55edde58052661ed44257e4a4dff0e587e10eb7e012b76faeb63b4b
SELL,0.999,1002,1762315705,Yes,0xffabf4e5ad70eedfe5f985098ac35c23eb05928e917461d75064f1b82a66310c
SELL,0.999,21860.1,1762315691,Yes,0xd20c4b1cb1af20b5d19f911094f8259818dc2e337a670b3a98e5c98c0cdd70e9
SELL,0.999,5.88,1762315671,Yes,0x5b7e0f28261a712988eba6e32de69ac9e5418594c55fe3034b9a73bab13c2a36
SELL,0.999,3503.9,1762315667,Yes,0x957ad1a9303b5ffdbe37ad940144592429ed4836665fc9f0f7e1baaa889711bb
SELL,0.999,5014.73,1762315619,Yes,0xe01e5f4cb1e902590beaf665362cf944148e06a9203cae3861cb018bc62cbf14
SELL,0.999,1.13,1762315597,Yes,0xd8960165d1ebabf6c4d97d0570b65c999a4944efd168f2bd6b9ccb8984e65170
SELL,0.999,355,1762315591,Yes,0x04c60e07359dcab78d6692ff7d8c2053d2ba54b88b0fc0218da9b1ea5837aa55
SELL,0.999,1150,1762315587,Yes,0x51d2b7f7982001708b9c8bc440b1f6b9e4368f013c57948ea4b48cfa2ae7be5b
SELL,0.999,11.25,1762315547,Yes,0xc97348d42eeed6472e896a82ce4250be08018b38c7d437e5ef3ab00c8e9c771d
SELL,0.999,5.46,1762315543,Yes,0x567385eb091d24347811bc33839df83615a8e6d138ff8bb6967e1ecd474028ee
SELL,0.999,2.26,1762315501,Yes,0x6af35e3d447172bbfcb150cd8391d9794d14c2bd8949bc50c6ee11912e8bcb4b
SELL,0.999,100,1762315457,Yes,0x5165eb1ca27e7f64b0393a9efb0a03b821f7427ac33e1afa3d8763aa2e18b7b0
SELL,0.999,198.43,1762315453,Yes,0x3aa2fb56b707de2fcee32c80296aac1d66549310e5bae0de3f0e4fa77ce29950
SELL,0.999,316.69,1762315447,Yes,0xd8c71b4906afa5930fd9cde63f18151d54e5cbe7b5f429ac51a2f7efa30cddcc
SELL,0.999,1102.45,1762315435,Yes,0xb0f9274166233360aad043b33026feb1890f7dfc994ebc3dbde86c0f480a0080
SELL,0.999,597.5,1762315417,Yes,0x0ac785a2e364f3cc6e7107263cfc4e101e2e9707bcfa9dd87f09991b42086dfe
SELL,0.999,7.55,1762315365,Yes,0x74e27ab6d8b2178ef6d79754d4fa1ae10965c8ecb6b7634669fac2803640efe0
SELL,0.999,5.57,1762315335,Yes,0x2abc2a4422be18eba4ba0e5bed49133ead4a14301bc20cd50a844c7ffe679c4b
SELL,0.999,57.46,1762315317,Yes,0xfe45cfc0536261ebfb87625138da2b3587c67089a2f7f56dac6e6d75bc2ca226
SELL,0.999,1644.51,1762315293,Yes,0x34c4f31d05877053e57d87868c0af14fc30d773dacff63a44822e4d4465f927b
SELL,0.999,21764.24,1762315247,Yes,0x50623d5b61ec9dc5bbf895a48800273e486a3588a4849ae7d846a2c6275ad1fd
SELL,0.999,1003,1762315217,Yes,0x74a0aebb306c92729d85c6751a6826688df3c73018194e1e22c375c7ff31142a
SELL,0.999,1004.01,1762315205,Yes,0xd157772b5cfca14558fd84dfda72d7b4d827e69e7194bffebb7f6998fc63cada
SELL,0.999,1000,1762315191,Yes,0x5422c6038acdf103dc72b2f6c2636600358fb75086b8835088b46185f6956764
SELL,0.999,5.31,1762315165,Yes,0xae8099d6e4f5a42ae513d04bae72f7bbc4c96463fc9b6c5af0b84a8cef344279
SELL,0.999,11.07,1762315155,Yes,0x732fb33c7a7deb37f325dfeeab454c6c2cb77d02654d712fe148f5292f64551c
SELL,0.999,528.54,1762315141,Yes,0x17a59abda2492694134472f2015685572c5952a093be4e9000599d6c26e35dbb
SELL,0.999,2.09,1762315131,Yes,0xd4c0de69ec4305fac2c9c9759be0ff369525d3e577052e42fdc95131b84ba29a
SELL,0.999,5.49,1762315119,Yes,0x978826f27194dbfe840b6afc9820cbaa70dea1c2212cad9516ed7380ac8e5b8c
SELL,0.999,37.22,1762315119,Yes,0x2592f90ac3f4238143de1243e2dbf87cea99d4775189cc18181757aa0daf12ae
SELL,0.999,2170.98,1762315117,Yes,0xbbd8b38168bc5b76e58d7f40eb138e7bf90a79f4f731bb33b2dd4af58833eb93
SELL,0.999,41.84,1762315107,Yes,0xe46fef7b35010956813950a2fecc9784b617740e5ad9b7664c5c91f0db3aad3a
SELL,0.999,88.56,1762315097,Yes,0xdcf5e6ed1852ff41ba649d0162099200df1ab8001a5b5e38973682400425652d
SELL,0.999,833.15,1762315097,Yes,0xdd535722db5fd3e2a8dcb4106a5ed183c98ef23f59312f825f981e479f86750c
SELL,0.999,4.59,1762315089,Yes,0x4128bbf199ec50f32902d88675bb60ac97813e1f7b6ed3e8d5ebfcb88ebca4dc
SELL,0.999,2460,1762315085,Yes,0xac7548ee850b6f38188f63740988301b201055f391862b2faf24ab67d740d6a5
SELL,0.999,3045.56,1762315081,Yes,0x4fa225436e2ea3a875f13d4f40d4520c21e2e9c94ec1a2e12305b19667d360df
SELL,0.999,1.13,1762315069,Yes,0x76aff93386aab4750fb137444445c04ae8edb8e6804b5b6c8b6a0319628b8820
SELL,0.999,4.04,1762315065,Yes,0x485d0ae2f866659a3947a7ee89f610a6bd01cb27af47ee39c431675a033a8b93
SELL,0.999,119.56,1762315057,Yes,0x08b340b8dc95c2ec0f0c7f094c7032e56baa41d69aae6eea4daa29b898a295db
SELL,0.999,311.57,1762315033,Yes,0xb9256ba883b9e70c53ef839bbdd5fffe7722266c8279299ccb7e97fa3a104dc5
SELL,0.999,90,1762314979,Yes,0x4dfab037f5d6c86affc962a9f17cdd5103fc1f56e58c2b929dd69b3998abad00
SELL,0.999,200,1762314979,Yes,0x73253fbfff983778348c7d8c99e27d96f43cba13c35e7874869be673289b43aa
SELL,0.999,3000,1762314955,Yes,0x5dacc15f753f62a017609ff00612b763c53bc2beb6c4c7e697b848ce9ffd84e8
SELL,0.999,150,1762314945,Yes,0x7129e43521e2dd4f9d6354b3ebd50747d5661a4bd572d0ea14f81e11f495078f
SELL,0.999,1,1762314933,Yes,0x56c0cb7dc34a4a9be25ad27b089df6dccf486679182d00ac8aa32c14ca95c198
SELL,0.999,100.1,1762314921,Yes,0x106136512f142385fa023644b24a5a68f6b287390067e61512914b75f6738bd2
BUY,0.001,1000,1762314827,No,0x5d106ecd6c1448f07082b1011c7fdb4e035ca0906d938d7aede24db24d968bcd
BUY,0.001,1000,1762314827,No,0x3328e43b537b3abcab426ddff24016f3691856adcdb807e0ebfa2a12a061ec63
BUY,0.001,1000,1762314827,No,0xf0510add0a062c2dfa5af067e7ecea0bc579399ef93c2fd4872358e84db67a7a
BUY,0.001,1000,1762314827,No,0xfa3a3b20c6c1b05acf9a23947a7f8a1fa2bdc0f42edbf08f99a460bf19a310ed
BUY,0.001,1000,1762314827,No,0xeca0e24be231e8f96a757e863e034af3c36b628114c094176e7ee7049c18f5f9
SELL,0.999,1500,1762314825,Yes,0x3d37ad6d36ad6bc7ec28c926a893b0983d95c1a7299d4845368d57331173d95d
SELL,0.999,2.18,1762314779,Yes,0xf82255652a16bae996a01b3c329c573812258801a8fbce9925179f494f2285e5
SELL,0.999,90.91,1762314765,Yes,0x7d3b96bd0198bd72a2d15ef1bae8b37b60718cf20ef40385f26fa9a3557a9ba0
SELL,0.999,41.66,1762314759,Yes,0x1e6f056b0530f74bf8d03c4b4b3a979621c6e148026930c499eacebd5c21f6d6
SELL,0.999,28953.42,1762314745,Yes,0x8e15bc672ff6d866b8e0ab8365b6bab2b68a6b1a31249a23d1d6e9b3518270e7
SELL,0.999,7743.97,1762314723,Yes,0xf22692dadfe13a355c4acb02bb5d182e050e2f648c22b2b4e366f91a303eb57d
SELL,0.999,12,1762314715,Yes,0x575caac259dd0c010a02ed5f8db029146fc90375abec8016e1f154e5888fc16e
SELL,0.999,34.45,1762314711,Yes,0xca705fe25e91b330ca8dfe0357a8d6f20274ba06122af2efdbb1c0710d979f0d
SELL,0.999,1000,1762314699,Yes,0x046f14c2dbd8b1a31151dff7c4139667e91cc106179d4a4b99ec9693d0f5a599
BUY,0.001,1000,1762314677,No,0x40f00da3bfd83e6b5a314eac9f69b16d6b5004ac0db0bfc7bf1e354e8c839a29
SELL,0.999,21.81,1762314629,Yes,0xb894af752c5835e7ae29a35505fcb1f91eb75eecf41e89eef40796f8c144a645
SELL,0.999,200,1762314533,Yes,0xf176c8066b5b7e782e982accef74e7b46ad2dc65877d92499cf68b6c95a0a6a2
SELL,0.999,10.9,1762314517,Yes,0x77c2251636b1f880d93516a35c1c9599a1a6775dd15c393afaa4b06bead68541
SELL,0.999,127.9,1762314509,Yes,0xb2f4ac4d87ca35ea266c976304ad542f14074722e3d57f7680bce6366d439a22
SELL,0.999,44.46,1762314499,Yes,0x2188c8bfcbf948dc35e073bf5f5a94ee049b88faf024424144f698a4d996ce90
SELL,0.999,47,1762314471,Yes,0xbc96bbd7013e3d5fa599e205e0520b67a7443f8608439d2ae3ab766a1cc3e231
SELL,0.999,6314.57,1762314453,Yes,0x4aa49c6721a514c8c1efd87cc2f61aa565390206e1d59dc82858df90c5a21f71
SELL,0.999,64.03,1762314445,Yes,0xa2c042812fe03f63424b48b16c72e3ebd9263229b611d734aae98318ce79cbdb
SELL,0.999,8.47,1762314443,Yes,0xe0f5c539592a13f8a4010f8e14f2caf156c321c3f1fe3c5673ae5ebba4d80e5f
SELL,0.999,1000,1762314443,Yes,0xd8e7ad871b7892894f83c51c34893b2566172943f6e23be6ec8d7ba166d8e899
SELL,0.999,84.47,1762314435,Yes,0xef72af45227c4045b2cd9eae87e2b07b0b8db494e6ec9af86ba8d8b9da2e4790
SELL,0.999,6.66,1762314407,Yes,0x401fefee1fbf4dee98f6dd0832e182189e08b2883e7991e06da97f90dae0005e
SELL,0.999,53.05,1762314359,Yes,0x12a1b05476cf7423956d78f5fe74d76c6f51f7a664fa27f9463876025fe49e4e
SELL,0.999,5555,1762314353,Yes,0xca5106dbfb9420350aca4940ed0d48867410f25dfe5dfb6825d8d820b28a77b7
SELL,0.999,42.64,1762314349,Yes,0x96638f51a1a70e79448c8fdf91c0645a0f25ad3b3309dddb187f73c9ff06d3fc
SELL,0.999,40.8,1762314287,Yes,0x5385941364f90d4cf05c7321fb2eaf0b4a6dd17d730bca90c6e40be3d75ab527
SELL,0.999,343.5,1762314285,Yes,0xebbe4923b1c563015c8955b8389bb7724937eac8308d774cf0d5c56d319aaa90
SELL,0.999,838.95,1762314281,Yes,0x4d4ba64c565b17e87e415276fc39e099718daf703d67e97a20ffd1c56b92de3d
SELL,0.999,21.11,1762314271,Yes,0x44560baeb115cc3f9cada9a9b346d3126c54bfa7c27eee754c2abb49de326c7d
SELL,0.999,100,1762314243,Yes,0xff89a9c36e665bcb289d871fa5a5bee93cfe0957bc3575b25bd3a82f0da34eca
SELL,0.999,6509.29,1762314227,Yes,0x9d204fed8d6c5c0f5bcf0d0a6b813578ea1e77cded81a3b7f9d2e7494e803211
SELL,0.999,31994.71,1762314159,Yes,0x8906d9d672f211e002d3b099791b7a734402b89506d04777652aca99e1fa19b7
SELL,0.999,144.52,1762314151,Yes,0x9416cb6760d5e17850d01d73f1f7d662f74eab9bf2502033f40f06774dea9b3e
SELL,0.999,21.19,1762314149,Yes,0xa3e0982aba43d48b2e230a7fc514254f21c6e6736a71ee8a932bfd5a13dec828
SELL,0.999,1.13,1762314149,Yes,0xdb859e7f7e1d68bd59eee31a4aa1c00c60b70e95b7e4bb2533b70f05ca5f6f44
SELL,0.999,542.7,1762314127,Yes,0x9bed4254fc07bbcda0c330309b422d0ef6e448e6a945ff82e7610254edd13003
SELL,0.999,1.1,1762314127,Yes,0x33645f5011288a490d6cb4bf889b3ce4aae3abe1f834d6d9cb2ee3ab8312b2f8
SELL,0.999,159.04,1762314121,Yes,0x83c5eb5bda33a633bc471b14b330926df608df7fdee144980e9bfbff52b6a11e
SELL,0.999,10.54,1762314113,Yes,0xe6f11812d164430af520e7541b7ff6402f646b823b796c9458cda6368b66db40
SELL,0.999,1.12,1762314085,Yes,0x5d83ef7aec9c013b5c4a040b7c9a82013a602eac1ded6dbcdb3b8bf8931e7f43
SELL,0.999,146.36,1762314073,Yes,0x65c6c537672d4954f4b0bbf69b1f4c9da3fb55975b504a0e0139dda3eb9c02d3
SELL,0.999,10,1762314063,Yes,0xbebb7b337b009667e041a188aee0bfceead730adaa54c25dd04192ead45a242b
SELL,0.999,11.71,1762314063,Yes,0x8eddb08d86a339527e1c9574aacc1bf11699b859d370b124e8091f9713db20f0
SELL,0.999,26.36,1762314061,Yes,0x0b0977feef6704d71e681eb6d1eac97e9ef10edfdb64777f92db53709f5c2b27
SELL,0.999,100,1762314043,Yes,0xe6b429954499d62fbc715dd07d05761610980c8f9eea9a97f08034bef5c88c80
SELL,0.999,10000,1762314025,Yes,0x5676a6d109300f835153dab06049ea95e5d6d86541da607b30e269391c56cbb4
SELL,0.999,79.28,1762314017,Yes,0x7c2ac3b032b383c0b0fc9588eb961a913d3e62a1ff17a87986ae5c68a64ad711
SELL,0.999,336.78,1762314015,Yes,0x3749a70a84529b7e3ad0312573a4a1f7e3a653affd8765910c4989b9b635262b
SELL,0.999,814.03,1762313961,Yes,0x9417750a9f83b882c955302411d9a4b4351d56bedfd1a492674eb440c2ca2bbf
SELL,0.999,2.18,1762313955,Yes,0x5a6b1e82e28eae1ed353343e803893b80c28f96bff3b1ada0f497e151f32fac2
SELL,0.999,1911.21,1762313935,Yes,0xe360b27f877baa455320dc8ebb20a3bbdb20b42642bad0ab49e3b25325d67787
SELL,0.999,270.32,1762313923,Yes,0xb422eec33e5c809cae60a91e90f74430e6ff8c12a41c22a0a0ade44e555f5f0c
SELL,0.999,406.54,1762313917,Yes,0xeb119c97a63394440c40e86dead7c8200315e0dafd9ef3c4678a21549fa18a2a
SELL,0.999,5.68,1762313897,Yes,0x390e864b8ae2025b78fa7b690142b8baf4a53e69f416db55be148f8354d01ca0
SELL,0.999,387.99,1762313891,Yes,0x223797f489c29e129ec6c3f88efbefcf5256e63b6d0b2b33630f0a1162d2a421
SELL,0.999,445.63,1762313883,Yes,0x8c720d2d90a355b2978ff2e3ef7d837ccf8ff3826892f252065a151026d3dfad
SELL,0.999,12318.71,1762313855,Yes,0x4940b855c0e6596539015f0f148703f40d4e7abb4ac9b978ff729acf74533eee
SELL,0.999,1142.02,1762313843,Yes,0xf9da638a09ec314020f19130a789afca6fe0f222352811b8a5e0ba59e23ce796
SELL,0.999,5.68,1762313837,Yes,0xf3f770a04fe1d0383aefaddba908b54c577416dcf92563fe3577dd1206363411
SELL,0.999,1088.19,1762313833,Yes,0x9c9e2bf0fec8d44540e3e12fa76902c679bf05c79068b3dead3f5e2cb6b14e23
SELL,0.999,11.03,1762313831,Yes,0x2aa87b6cba77254a9419915e358899cfaba2200bbde9a286fa7fc1d80d1bb000
SELL,0.999,5.68,1762313783,Yes,0x498b65f2dfbee8aa9dfe4fa4b7975fc6cf216d7ebc5055d677c45be0a8afd799
SELL,0.999,1080.32,1762313783,Yes,0x46ac284643167eca838090ef9c71c58bc63b805761391201c02193ac4d08fdfe
SELL,0.999,135.74,1762313781,Yes,0xfe76c835693a023d193d19fa9ca6adac4d9b5d5c11172693ae11f72f94e616e8
SELL,0.999,1000,1762313761,Yes,0x76d197803584f39e7056216274b591d6475305b447ebfdbe14bc092d661a90c1
SELL,0.999,5000,1762313747,Yes,0x4d1b92463ddecb2899734148f85aebf7d6cf3d934cb9de69c95d5d43e878f417
SELL,0.999,1084.37,1762313739,Yes,0xd91a7df17c625b9659b7bc5c1755bbd3065afe455bcb95bde04e88ec4d175c08
SELL,0.999,110.13,1762313739,Yes,0xaee2793b62b1295c6036a62345a0bbdcee4b30937c7b4afcd8b59c487665caec
SELL,0.999,1771,1762313731,Yes,0x4a9d35e39c4fdbc7ce1081fef84f92b3e5d81224396fbf6b7da9de195d896e2c
SELL,0.999,3582.45,1762313731,Yes,0x877c439d97b78a62ce73f8ac5fc4966107774f531cc412f0af6f4358862f4752
SELL,0.999,5.51,1762313729,Yes,0xa61404fb0045e781a1c52b5b989a817beb3b408b6488ca375d94b10dcdb4dbf3
SELL,0.999,5.68,1762313727,Yes,0x3d9e78b2cd49fb9ff0fab7ef2a3fb12c369fc22c07b32f719d4a2f2d920dc208
SELL,0.999,2645,1762313719,Yes,0x476202d0eeec0d29048d66e9b47257c9491df637d3821d927132a04c94edf769
SELL,0.999,108.1,1762313717,Yes,0xbf58c9f831acf93eab3ef347b30f9364387319b60ab1f04194e8847cc5337340
BUY,0.001,1000,1762313705,No,0x31037e97b5e744220eeb2b63f8a89045acfebde2d8c2ce4f2b66a3ed36661307
BUY,0.001,1000,1762313705,No,0x15bcba2f4f32255e66818cbf28b0b4d89b30b4233eb3602609f1465956a0c643
BUY,0.001,1000,1762313705,No,0x1a6798808b68e840d13dd55a6456a7b6083a18c97c0a83f2a92a7e1260b4397b
BUY,0.001,1000,1762313705,No,0x6d7f07f2f6127e6c62e2dab5eb36e72d66cbc0acee838ee13d282e50af642526
BUY,0.001,1000,1762313705,No,0xb690d99515735484e3df09fb545fe0b0da2448fad76bc4873af6b91da6512d52
SELL,0.999,4.21,1762313679,Yes,0xe0dd8a830150524d93d59ced5a8b9809c2ebee6228c25f394b35229605a6a8b2
SELL,0.999,125.9,1762313673,Yes,0xa052a5e3558811d0bd6632c865ffe1d5b956cad36ba5d4f5e51d5bd5d0222e66
SELL,0.999,18.84,1762313673,Yes,0x173d350e6095f147d3fd2d26bfccfdc220af5e5df444f2afbd1dd682f1f7c1d1
SELL,0.999,1120,1762313669,Yes,0x8d28b9a7e5bff48d93d530cab9aef9668896dc40489e96091a8d0a03762460db
SELL,0.999,12.13,1762313653,Yes,0xaf9b42e1a411c96342e84ef42bbb7c944974d20b973ec1772765cc6e05d9fc65
SELL,0.999,961.1,1762313651,Yes,0xb0f13778abbc3532afce8ca1447838516effa5ee181eb4f514f7e66dcedf659b
SELL,0.999,21.16,1762313639,Yes,0xfce24668f2dd0c0cdc38d07d2311bd18ae4a2d232c6a9efaa1e1b95ba2950cf3
SELL,0.999,3.18,1762313633,Yes,0x38bed00d45fe79c9577e3af0bd9cdda2e8fe84b71d0c1fcb46d07b081f979283
SELL,0.999,15.68,1762313629,Yes,0xe929843b82a75a51d983a85772b1fd97bad083357ec9a4e4bb8c1738d5d23204
SELL,0.999,11419.2,1762313625,Yes,0xb926470a8633b8202065056eff715873f05e46d9f57967eba83783ece13203a2
SELL,0.999,79.8,1762313619,Yes,0xbfdcd1feb22a92bf6e4b7f2745d3a17a5f606ee867a74831bc81f0b3bea31004
SELL,0.999,328.66,1762313619,Yes,0x29edffd2268f74f85475f29999c75a6d50fe0d4faa1b012c258014444df9b4b0
SELL,0.999,300,1762313613,Yes,0x44ea0582bdbf576ac806a0842fbd6cc1f98aa1e6d0150988e0d12cbc37853f96
SELL,0.999,10.25,1762313609,Yes,0xea2a0cd2c587b2bcfd18a1ab5ee73dd0d55a357739afb913e44fa131bf77e9af
SELL,0.999,2.28,1762313585,Yes,0x1e5407693ffe873414905cb7d90bb54c9f1389f7e9a934e450ab98362c7a39c5
SELL,0.999,1.05,1762313565,Yes,0x0e3b8c58066f9f6d10337df003e795f52f578b6dc3812b14de7f3b0bed638a1f
SELL,0.999,56.62,1762313559,Yes,0xdb95f6e4a750b84ef17db2cf642678fc33134fc9eb0ca105f14f4db48136456b
SELL,0.999,280.82,1762313545,Yes,0x881c2b048b4e57b61d41516f3ed82f70bc963f10a4f177c488b0766041a664c0
SELL,0.999,6.51,1762313535,Yes,0x8b769d1f70ab5456e258e6a32ba80d833d2aea5f198e4fa7ff4bf3c6a009598c
SELL,0.999,16.3,1762313535,Yes,0xdb658712756c36e22ff62ca78b9d50d14689548057d785292ea373b55347888a
SELL,0.999,19.19,1762313533,Yes,0x9a03ab98e80f0986714cad1e7d3337807b9083dfd33aca8ce886d8bf9946e7fc
SELL,0.999,600,1762313503,Yes,0xbcb54d16d597cf552c442c1d3471c00325c5449d0708a0f7aa98afe1d105c6c5
SELL,0.999,50,1762313475,Yes,0x7e7d5e0224bc47eb17fedf134091ae725d8547a499242698cb338f5433ac6157
SELL,0.999,356.43,1762313459,Yes,0xf863f10c2132bd9c5ae10c8986ffb561f7527ff2acfbcc3a3c186aa592a3a356
SELL,0.999,1720,1762313453,Yes,0x367c4ca8c44bcc3f6e1adbf8eb631d5b30b31bf421c271f9558d8aeaa5e12723
SELL,0.999,402.31,1762313443,Yes,0x6d9afb26c5f6fccb75dc19bf700fdf6750f01e032f23a29922fd0fef74aa45a1
SELL,0.999,6.16,1762313437,Yes,0x98c736521b5b58e5aa0b8d6885afcccca4522b1a4803adbf09d369bc7b71539d
SELL,0.999,2000,1762313437,Yes,0x02f3d52bfdd6ebc7893631a26052230a0e05a2a0705b9c7d71e8345f04f5763f
SELL,0.999,5555.55,1762313429,Yes,0x11d8670d39aa32bb1248dec321c1e0189b701a09ddb6af6d253e8bf1402221b9
SELL,0.999,69.05,1762313425,Yes,0x342277511066b35cb8a4ecbc010508cff3866c5b4fc6c665bcaafbf4bea43a3e
SELL,0.999,338.08,1762313419,Yes,0x0da30d6259c2507c23c6835d0751efe718a3fec0d15e86ba9740c82f5ad5304c
SELL,0.999,111.1,1762313413,Yes,0xd0b5239fd6d4a9c14303230410745de904d3996509c09d29db5511651c742a87
SELL,0.999,5276,1762313413,Yes,0x8ad6be41f8efe1ec5aa5cd1dd352197f0aef79320750cc9b45c51b35f29fe018
SELL,0.999,22.46,1762313409,Yes,0x5df7b3d7123df979a3ebd8180031a95f74a756267e972f5ef208fb3d979bc5ff
SELL,0.999,532.48,1762313391,Yes,0x4c3f70adfb9ddab5f172cd09e50c7cdc5214a2b94fef4d1d486aaea38614ace9
SELL,0.999,21.34,1762313383,Yes,0xd88de6ff965ce2893ec52eec969fb780d56e2a183083f7dae8130307e37a047c
SELL,0.999,3884.5,1762313381,Yes,0x84db7936caf441d4f8a7884fe759a0dab4683b322f52554c6ab034511ce5e1aa
SELL,0.999,227.59,1762313377,Yes,0xc1be1eb4ebc15b6ee61e086cf32cd1e2f8ec5654fc76fffe70a13d18d49ea981
SELL,0.999,741.82,1762313361,Yes,0x65774778b67f1a0837902552f4ab06f661716a63eecf65c171f99af06076e13c
SELL,0.999,43.91,1762313355,Yes,0xe50b4ea09b8d4ef52815dcff02212252796388c761b738a5a770f94ef97c546f
SELL,0.999,41.26,1762313341,Yes,0x497a2047c41a84c2721119158c176d140f23a53f2ce206dda5ab415f2af8cf55
SELL,0.999,379.71,1762313291,Yes,0xe0a127a022c9e4218ed2b482b0db8ece009ba2312f269f983cbfbc34f13d263b
SELL,0.999,9.21,1762313275,Yes,0x407514cecf0342f874016031aee0255a0b1a208ce6677019b0984f493812d59b
SELL,0.999,526.31,1762313237,Yes,0x91c64805b2980049578c430aea89b50e511575b62efb59c0e13295fac25183e7
SELL,0.999,532.48,1762313237,Yes,0x08e518de19d83fd696e776dc676eb775dcdde7a7bbc1afe8d1f46640f3fc93a8
SELL,0.999,1.04,1762313223,Yes,0xaecf64669269fa026c47b394bf0a9bf9546e12b1b0bbd2c94e9978c99d595838
SELL,0.999,53.5,1762313167,Yes,0x7a4df2737896979ffe07f421f3171810d59213d492c913062ee7c681493d87bd
SELL,0.999,5.4,1762313129,Yes,0xda5f487c2067187a1812660099909033900878580a9e6b198def2ee1dd0aece7
SELL,0.999,2000,1762313117,Yes,0x6c07048a9494a016a9d623245e840b09cbc595b96d436d0de906dd6b13fbba29
SELL,0.999,15,1762313089,Yes,0xe325783d672dd954bd676f9da35c34d0feb285e5b146cc7b8643aca45c48d8a6
BUY,0.001,1000,1762313077,No,0x64a55ad28b8e471f8ebb8f9b78eca8d7d87f2f1415c851d955e0b9903f08980a
BUY,0.001,1000,1762313077,No,0x90b1031c3a5f78b0dc321407436d2562ef487d340f9b79d8dbdd6fd2d880329f
BUY,0.001,1000,1762313077,No,0x4f36336c2ce1c1e151360ab62ba3fb638deed23f0546b9ae137cd88390566025
BUY,0.001,1000,1762313077,No,0x3d27340a4a53c51244f817fc10f0bc07c934a26039072389feee147d3add927b
BUY,0.001,1000,1762313075,No,0xa26e9b6bbd7e4c5dd4381ea4863ed521f8fbace1fbbc7a80f25d8c3836fe8665
SELL,0.999,535.79,1762313071,Yes,0x2c64514778195a571ca87594f710bc461c3136c16d1872d811069a24128d24ec
SELL,0.999,110.74,1762313069,Yes,0xbe9007953cbd9a9e727d6c0a2d924b177d4a3da3e4e5a249fe4721e3cea40306
SELL,0.999,0.38,1762313067,Yes,0x24859bd1eba17183beeacfeddf68b4451c07b65efea48ab5428b593ea5f319a4
SELL,0.999,540.54,1762313051,Yes,0xd2021416db4c6653cf46567547c72fe8b98656d4257462ca4835e6344d84f8ce
SELL,0.999,22.7,1762313043,Yes,0x9b84fe57ca7f1ee9cba3febf7a9e3afa6d17325221f80ebc9ca098f41772f0fc
SELL,0.999,45.14,1762313039,Yes,0x23cb6fa41625f9d4d9659a95b9dac3259171d98a0ead4eb6c62c9005d5ad5912
SELL,0.999,274.18,1762313025,Yes,0x0033e905e5a810b4978b1f9d8ae070a1b80c4f39568332fca6b35ec16f7ff25f
SELL,0.999,159.23,1762313009,Yes,0x64087ff218f47f81ffc29e88e843026837051f296f20c6c6b98b1203ec8e1607
SELL,0.999,1140.81,1762312945,Yes,0xf01fc0c4535542727ce58c887881ccbaf7ee2c4be9cf2492c1e10ef46c723427
SELL,0.999,12.15,1762312945,Yes,0x584d42a533aadf819747ba63ab0032a48108f65ab126bb53661b3bddcd6158ce
BUY,0.001,384,1762312941,No,0x5827bee4ac242de0ed6e769e361eb1cb6e37961ed3e0325a10563414bb482400
SELL,0.999,2165,1762312935,Yes,0x2526d9df0df7bf5327e9416c1abde04ab2d5c2ef3f07caa9fd2d22dc8ebe46d8
SELL,0.999,21.85,1762312923,Yes,0x405042b4e8646c13212719b1bc5b76cafb469d34a63a47c42de002a949966c4b
SELL,0.999,10.32,1762312915,Yes,0x53075d3b0e3b14af1d92d7f39928ebfe63eb732de4d402a2fff0863c59c3ce1c
BUY,0.001,9000,1762312891,No,0x36263eba001a8393371bad73fa1685db3c280da527bf1dee71888c963e09ee31
SELL,0.999,500,1762312885,Yes,0x747f3ebd02d5036c5d465ee19164909a82c4a357f5e0e2d10a16364f52559ca1
SELL,0.999,110.86,1762312881,Yes,0xcfb3105af50d543df0102ef656eff10c61cdaa2d7dee4a0461823cbf218c38f3
SELL,0.999,125.27,1762312873,Yes,0x43ffd19b3cc1278707208fb56a254a90044e102b8fff2f83a7c6342b3d66108e
SELL,0.999,220,1762312839,Yes,0x58e0601e542e371a574cddb5c3eb6f1e9ebe55b39950d53f46209d7c2629f2a7
SELL,0.999,8.54,1762312831,Yes,0x81377d82d227c95f804bb6a6f4c1e52adb74be525fc939715de20178baf64b76
BUY,0.001,1000,1762312817,No,0x8da98272676793dc43721f7e1b566bc4c5217d864e391175cf80c8c14c9afdeb
SELL,0.999,1122.07,1762312759,Yes,0x681054fe17d3837f20fa4a0259b361671881506f6a526b073d6f127abb690dc1
SELL,0.999,100.46,1762312749,Yes,0x06337c2fe7734d1c57d3efabfdc75007762a02aeb3940dff1b086013ccf8df97
SELL,0.999,90.48,1762312725,Yes,0x54744012ea21313a2092c97c8dff390cc8816aa254b834ae63e7dc81fc940ae1
SELL,0.999,2000,1762312707,Yes,0x22c02a1e598577819b45b56bd4e75dc04a1b8965239d6d1a5624da878569bfcc
SELL,0.999,22.54,1762312695,Yes,0x3440ca28d8e747f35bcf341cda1f94128571e858f605127ae9c8bc0bb50f4920
SELL,0.999,6.31,1762312643,Yes,0x92a45b8c44f942462c2164f961017c7934793c9d1b82a1b632e98b31d83dfe23
SELL,0.999,2.91,1762312621,Yes,0xa2546b7553c514bcdebfd7883f310cda8d7314a5c17ecdead772b51ac08afadc
SELL,0.999,60,1762312587,Yes,0xc9322486d6855cf1f1e2eec66214a25e64436279fb2ff271bd8b3f344cd61f33
SELL,0.999,10000,1762312563,Yes,0x2f56db0eadaa1b84c491b306998a034b010ee37176de8fff97fc43c373266967
SELL,0.999,146.74,1762312553,Yes,0x82e3abc6bf5a3a54fbb090f72b00d720120271a80339d14faa55c889fea13903
SELL,0.999,124.9,1762312553,Yes,0x02c7fba779ad5e2825ac9de0c125c1ffc5c6478b326c45fe9fced23a9483e6d7
SELL,0.999,603.9,1762312515,Yes,0x5ef80d4f531c53fd5bc5c2e0e3287e344912e4ce0d9df18c64ba1175dcda6f34
SELL,0.999,486.78,1762312507,Yes,0x22a0cee32f2251b07d352bc0b8f41b449329c0e3c513fd468f85ec72d0839066
SELL,0.999,1.11,1762312505,Yes,0x80ca5821bd5d0ee9e8f29e1419c03f86077b4e264bc6fe51a11750ddf7408546
SELL,0.999,44.1,1762312471,Yes,0x2753c38c222c386b03b62f1a634f1c10fd70b363891e386ac735f1ae8cbb78ac
SELL,0.999,169.85,1762312463,Yes,0x046121cb05dcced8c45dbab43fe0b685e922049fc147b9eebc56679b88e42fab
SELL,0.999,108.57,1762312463,Yes,0xb30d019f66d941cf789d12f5d34cd06f502352ca1404521f4115967bed400336
SELL,0.999,14.35,1762312457,Yes,0xd8d905426800c5e4f385518d607c76386db5acfd5f72f9f316016cdda0eb9f81
SELL,0.999,10.5,1762312443,Yes,0xd255acc4fc4915e51ebc9442251c58184e23769ebafab315d5886b14c91608fd
SELL,0.999,1516.56,1762312437,Yes,0xce61b02e53c7e5c116ec08b02f3de1f1eec5c62950d569e63d68817fd9592055
SELL,0.999,10.63,1762312413,Yes,0x06219917b937f3718f7c0ebea81906bab0755978d25092fc6fd3d07c58d1e72f
BUY,0.001,391,1762312389,No,0xda2591b21dc27ebc7478027339d6da6f9c4f2a1b0a148f6cc832a8c9190e852d
SELL,0.999,23.72,1762312389,Yes,0x8a933bea4e7ea58cabe52d4e60f561c6ab59fcfeedc8f867ffa4b42f66de951e
SELL,0.999,88.75,1762312371,Yes,0xfc80c99b95b8c8b4305798271fc69fc8018f2f6a0ed46aceb32c341847b3f635
SELL,0.999,200.9,1762312355,Yes,0x5d8a28b5f624595309c37144052b8aee227ec86352a9ef703c7e18da6e71b198
SELL,0.999,1.1,1762312345,Yes,0x90eb853da1ee30e65bef7058d4f9181d0a5542a8c90e570b778a07600da73315
SELL,0.999,178440.61,1762312343,Yes,0xc3ebac3e815c318e2ef58f13a0ac412164cba307b6a2d75dd00626e8dbf0cfa5
SELL,0.999,1.11,1762312327,Yes,0x8e777e2ef88be64ff36c126b64146ade9d324e24e95d7845ffc2fcae5065ec9a
SELL,0.999,32.64,1762312317,Yes,0x5f890286456e14aaa0dd35e961ab05d342d8e175c33bcea76a82ad6ac416ed21
SELL,0.999,13563.25,1762312311,Yes,0x7e4d9fbc6e6d8856fa3c3533620bc97d4a1ac446bfcec9bc0cd86e7d4472c76d
SELL,0.999,200,1762312303,Yes,0xbd820133ec40fc733671682a2a695921ca3bd9c6f2f671500255fe8ac176970b
SELL,0.999,184.15,1762312303,Yes,0xec06db0c17e6658f2dcc12902865dd9dd0789d5a5005e9ebaec6a19b27c11b0f
SELL,0.999,1.05,1762312299,Yes,0x18f14a888e5f33a3bcb617d55d31143957425a801be14102c7f713c1fc01c632
SELL,0.999,34.84,1762312271,Yes,0x27ab37f00dc5cc699ba2e68d1ce4c0583c6f31455d8c04b1034a53eec392627f
SELL,0.999,13931.57,1762312267,Yes,0x15cc82294399a0c9f99e2575e3d4ee298a8f14d6dbe40a32fedfceb148054ef3
SELL,0.999,26.65,1762312261,Yes,0xa2f4adf1899fd0483b0bb1f8d242cfc8cb1294bff124714854674de6db54cb54
SELL,0.999,328.53,1762312247,Yes,0xa9c5ac43649ef5584e3c0ff5a47c3797724fba6c1cefff3199117046a9ef350f
SELL,0.999,1950,1762312241,Yes,0x96317312d0a033588b4cdedceeb7203bedad5944c0c8bd2ce9e79c79ce7faefe
SELL,0.999,7149.13,1762312217,Yes,0xadc7ab42680ee33e2079795e3ee881484b7cd0e8d2c5fde7f09f4e968542eb5c
BUY,0.999,10683.8,1762312213,Yes,0x9d2d0ba407830583450b2e26d59834a1688514d7e3ee0b5fd733f2d11a7e88e5
SELL,0.001,86.2,1762312211,No,0xaacc3353c1061ad74729540a1ed543914957d55a025a6ae57562a1c6d8c9f489
BUY,0.999,40000,1762312211,Yes,0xbbd18cb702f5abb8ecf23c62b9a1d7835cbfecbe1d87052759b4a91c7143cfa9
BUY,0.9989999887344163,56.366365,1762312205,Yes,0xbdf8c990808d85d8f191a70f5360fdefd0eb1ab334bb7d6a851c55d4c07ff8d8
BUY,0.999,1000,1762312201,Yes,0x07cd59be76440af45f56bc10806f4e37fdd2393c34477f0d55320869297f4c69
BUY,0.999000000999,1.001001,1762312199,Yes,0x6eb761283de7154a14fe49f7f384610e525180b25fcfe814a708470296c00d74
SELL,0.998,109.64,1762312199,Yes,0x9e09eec398d5bdfbb699924b4d50f376c7dc128a14e1b6a8ee513c635f0533b7
BUY,0.999,505,1762312195,Yes,0xca3c2dbdd15f4e69c0930a0ed6b7100bcbb3a993bc608057984f9b05fd7f0996
BUY,0.999,2000,1762312195,Yes,0xb57fb548fce0e3d163a4a76f0f4297bb577ab0b4ab1a00f0d0d3935230686833
SELL,0.998,57.02,1762312193,Yes,0x230d4215e237dea0efca1fe74afa4bc68f579311a5455f05a6016e04d033033c
BUY,0.999,50000,1762312189,Yes,0x42e718be571bf81f39dd8a8043b31d72b5877de2e99d2c6c71893c249721befd
SELL,0.998,22.65,1762312187,Yes,0xcf462b7a15848bdcf4f7fc70d2c5fa0ecdeec35e93e735b5858974c47821c057
BUY,0.999,3000,1762312187,Yes,0x67187e07de2f649ebcc88defb2e50609d55a3baa0c31c3f8347edad7f837309c
BUY,0.999,50000,1762312183,Yes,0x3943f9818846edad1da649179a516f0301c982f6564ab389525527b0a55763e9
SELL,0.998,917.92,1762312183,Yes,0x7478508d90d487f3492382b499028fcb6473ef331ae88c714e168f9907e6cae8
SELL,0.998,294,1762312175,Yes,0xb8e41eb3b847edae0307567da2b9749d8aaef18ddec5bdbffe5a032ed14d8554
BUY,0.999,100000,1762312173,Yes,0x4f8d24143f5a95c8229b9c86a2b880c86ff2be38e7c0075750b9864585796e05
BUY,0.9989999856342144,42.392391,1762312161,Yes,0x33c314baa12a18d841c8e023cd4ce4da379a4a2104dae4978de391b87a0bac66
BUY,0.999,40000,1762312157,Yes,0x45654141c2fd0852d5229a88e460f3eec8dac06854904a3345a41f0393b5b7d8
BUY,0.999,2000,1762312151,Yes,0x55d93fd23813ab02048bf7cf3e2938f4b57f6761b198357493f7194a730464ca
BUY,0.999,2000,1762312149,Yes,0x5cf878b019e2d9a42c79bacb87bf36016c7f38f70d0c52e71c081dc6f78c0493
BUY,0.9989999895905679,85.115114,1762312141,Yes,0x068c1c2c29b4d5819e15e5d51ebda233014a3e114b750655de3425b096aa6eb8
SELL,0.001,99.17,1762312141,No,0x5e860b60134f325b18e9e70b07c042991baa0998843a2ff45bc01ecbd962013b
SELL,0.998,40,1762312135,Yes,0xb96902b709db41a99ad4c2bff4bc45800e9b6087d8007d0819a793b7a023ed4c
BUY,0.999,6200,1762312127,Yes,0x0046d5e2171c64272f838a7b93e08c3601b9f0b96490505e5fbe7a34c6bcc7e0
BUY,0.9989999939958342,94.434433,1762312127,Yes,0x20dd335627fd051af6bf04461272d5ba2b320e11ca024111aab2bfdf29b155d1
BUY,0.999,710,1762312125,Yes,0x8a4dc896f048adcc084e438127e42cbf13fd7a3d2440358b5e8de940d5c72ce2
SELL,0.998,119.99,1762312125,Yes,0x6b1d414cddfdeca8e212de1df8a45a1fe00f0d7c7981bc8e653c434af4322358
BUY,0.999,5000,1762312119,Yes,0xe8cf42f74f66e0f9edafcfe0f69f4a15f4db9e9fe88f74d4aee566d21dd61b8d
SELL,0.998,745.8,1762312115,Yes,0x588a97b821172b3977f4cf0ff73eea2eb519e592e153b91452a0b3e610a3f1e4
BUY,0.999,90,1762312115,Yes,0x73bc54a4362be66ee4ac23a2c3506566107f4eda005580da43fe09884ba21931
SELL,0.998,151.25,1762312113,Yes,0xbf6c9f0b5eb9b51d385bbba85598db22cdfe2f1f674e175d3f460aa58de1b736
BUY,0.9989999999509991,20020.020019,1762312109,Yes,0x29de4b4cd549a5b3db4745f88a31769a233602bb55585eacd6cf1cb82dfb86f6
BUY,0.999,2000,1762312095,Yes,0x43e4acba27c4a9de6135dcc7241fa907d0123233e7ec1f63e98c5eff46afef84
BUY,0.999,1000,1762312077,Yes,0xca0faa991a65633cec449f1ebef8d0d21639b899c3a643b1ed5156e403ddf672
SELL,0.998,64.53,1762312069,Yes,0x91343f208a72ebc794693a0d5f533a773b51eac9e1527e61f1c33269e0f38049
BUY,0.9989999988641164,103.883882,1762312057,Yes,0xe24bbfee832f8997c07336d2dec1d090affa7ef9f3f911051135bb7b02ece493
BUY,0.999,10327,1762312055,Yes,0x612b3610ef6de29cfd81f46267bcd8af081ec8a24f906d792ea50233fbc2aa5d
BUY,0.999,349.21,1762312049,Yes,0xbd2a16d3295efa641923b6254b9e6b8dbaf0541b46b7e298a01532760e854c17
SELL,0.998,3112.33,1762312045,Yes,0x370dcfc08ba06a3b27581e192a69a44ff79de9a89df9e46aa80b3d63910f8da2
BUY,0.999,20,1762312039,Yes,0x622fa8e8d7cc6748fbbca66e7c76f9651144a4de0f37f3c4acf35edcd85d40ba
BUY,0.999,600,1762312035,Yes,0xaa81698d2c6ce51e99ad18ac542f744d2f99532897205427759d48671b131ed4
BUY,0.999,204.48,1762312011,Yes,0x779acd8664c560d8e77b9a1aea4b9cab426372bbdae9ccad1e4c2f44ba17ff66
SELL,0.998,1680.66,1762311999,Yes,0xb67b650c58a149926aceda41fb07cda5b9cc8c6d37b82afb7c8f7628b33ba10d
SELL,0.001,20000,1762311993,No,0x4b02003bea6ccc3111982e8220fb9875da196a61278e718452072fbeeab77a56
BUY,0.9989999996368721,426.846845,1762311983,Yes,0xc5b7c88accfb9b0efae70631d89b53b4c4506f68bab230a66c6e598dfc07dadf
SELL,0.001,20,1762311981,No,0xf1a06922507e72911c06cda08ee09e63692d6346c650e5bc8f5b440c90113e10
SELL,0.998,161.97,1762311981,Yes,0x38e11b4c196e8bc479f0d6f5873456fad53f9d0bb65248382a2893480a5004cf
BUY,0.9989999964748744,77.727726,1762311979,Yes,0x6857a1e6f5780f48b4d367b5f30ad08d5aefbc04d3f0e6fa77fdb7af2b0f7404
SELL,0.001,15089,1762311973,No,0xe4e7157c652c499aa740a333c08becd4f8a669dd9909c62f1b2617bcfc7287cb
SELL,0.998,20000,1762311973,Yes,0x36949e355f1207bf2960a557504a9d23c35f0b7e2641a216e72bb8c8a1b458a4
SELL,0.998,238.79,1762311947,Yes,0xc34fa0822f550f4478292fe3a8345ed2355c8076a267d4cb136cd8c756e15a97
BUY,0.999,500,1762311927,Yes,0xa949824b64af15446422d99d053d03f9364d08deb24cddd90c3fc9de02204644
BUY,0.9989999996483264,1902.332331,1762311919,Yes,0x6cad22a68fed78787309646a8350f515033803ffe8b59705cdb8e9d0d2f990a8
SELL,0.998,230.89,1762311919,Yes,0x72b0b64f4a757625e3c04fb2d63ac3ca58b1bfee02283cabb8a1b59e64fc80cc
BUY,0.9989999899615598,97.027026,1762311919,Yes,0xa341ae06509a2ff4935bf134c2351c4b5c16379bdcb8fed939adfd64205fc185
SELL,0.998,38203.93,1762311885,Yes,0x65e85f99139ab4ea814a3f4ab85137be550f0681df63c0ef36ebb4a92f1ce3a7
BUY,0.9989999343323955,15.015014,1762311879,Yes,0xebeadced44075ee878b8bd1af2e34b00887de8ad895294185cf94efa3760d50f
SELL,0.998,10.53,1762311873,Yes,0x6fb72c51579a6574abaa8f404bc683261ac18c5f897a39afd05fa1500099ebb4
SELL,0.998,185988.09,1762311867,Yes,0xce5adf8c926ae4710d60611ff0e921de633cd368d41ff66c542e57e837094792
BUY,0.9989999998720559,1109.859858,1762311863,Yes,0xef64ce4166a77ab9c0387c6c7e2b8c36fc267d7b32197e5fcfbb20c66870cce5
BUY,0.999,201.27,1762311861,Yes,0x26eaad6bef9d2b5d78f56dc1bec7449dbac48021c123e0ceb3814fa8952d432d
BUY,0.9989999991969867,505.595594,1762311857,Yes,0x8c7772e5083c1b3e4822ba2250250a303025aa488864dd26ee62c81249dcac6a
SELL,0.001,120.23,1762311857,No,0x3103febec1d60caba9cebaef2d42ac3480dc8b084c75dd0d036898a71a04546e
BUY,0.999,25000,1762311855,Yes,0x348a6ebb6e02d56f622d99a2693667bc757b71f9ae8c1e6b6d5caacdf621e29d
SELL,0.998,30.45,1762311849,Yes,0xf258b2eb2f9293718a8b5d3297eb8c592bf7993296ebdd2777b394c7a8794b09
SELL,0.001,1154.55,1762311843,No,0xa5ebefb241222c3b6a746c416940d8b4755188c56df0db8fdc1884b7c4dcface
BUY,0.999,100000,1762311841,Yes,0x72f77627ef2ed52ef76d8497046e3a46aa314e0a4a35dc63da44612536862bb8
SELL,0.998,3.03,1762311835,Yes,0x99e1384d03d865e2ba8095f54c78425c22a704242aba17cc0185a905c6da0670
BUY,0.999,100000,1762311825,Yes,0xaf5ccbde69c24517da867beb0d7e04d1dfdfb1b9f3b62a13301a250e693a0986
BUY,0.999,155100.41,1762311815,Yes,0x4604864cbd1d38db4f73f34379677fd34874f2caf03fb16449e117c2babf99f0
BUY,0.9989999343323955,15.015014,1762311803,Yes,0x76aa6c394d3f5138adeff6be86f4c5bf23ca0967a8dc075a32bfd95cc458982b
BUY,0.9989999866259609,9.869868,1762311787,Yes,0x47a0a831faa4c94408f21336e9cee7c98fbfdb5b8e0110177f63ab856434671e
BUY,0.999,93100.64,1762311783,Yes,0xe8315308c66b724c3c07bf8988802475ac6baf4f38af65f045f0f22e2960e2ba
BUY,0.999,7000,1762311781,Yes,0x027ebb4e74d31eae84ebb25c6b5986a255bbf7aaaa4e96eab7a320f70082ea77
BUY,0.9989999999309069,2807.807806,1762311779,Yes,0x095e47a5c4ed4c250791fc25eaba1ad3a0285cb9833cf1691d409d0adbb652be
BUY,0.999,1281,1762311777,Yes,0xd526d00b2da64f71989e50fe1cb9ceefad3cdbea5c9d35b8555d771402ccc749
BUY,0.9989999805466824,23.543542,1762311777,Yes,0xaa0b52db3e8e44c876790818bc2d6a4e53eadaecc9eacc4aa0d3d5a4976e6f02
BUY,0.9989999832468572,22.622621,1762311771,Yes,0xb6a81c79cad29905ed373100381d4603e2c25b58a8624e030f794b838e55f257
SELL,0.998,191.34,1762311767,Yes,0x264546c5f75261feb81778d4a72c65fc765c87de08beabaab4b5919a423998d4
BUY,0.999,50041.68,1762311765,Yes,0x75549951281dddbbe8bb7093d1518cd843b6ef48d8ba79890712d61ff6007787
BUY,0.999,95095.09,1762311763,Yes,0xbc4966bae0860f7302734cd3ae769c6da91709b76fe8387a57a32da3b937abf3
SELL,0.998,598,1762311761,Yes,0x29e55959e394e3a8ef7d961ee79591c5fbb36888660ff2d0a47170f80948e32d
BUY,0.002,4500,1762311751,No,0x454f44454fea7c40ca76ddca61a3a6bbe0c29cc1f41b0edd7e952ed8691f4630
SELL,0.998,432.53,1762311751,Yes,0x77820fcc94a49aca3080f76264c0eab01e60115c0e1d474d0072ca64def31666
BUY,0.002,1000,1762311749,No,0xfab2e0cdb09c8fdfdfffde93ccb548baa2c9049cc01a5bb76619becf4fad8e81
SELL,0.998,2983.04,1762311747,Yes,0x4d50c8ca23682322c438f78a890d5374804a2767a010b85098948db702675efa
SELL,0.998,1600,1762311743,Yes,0x153b23c14eb7ab4dca1ce7b7e7e2d4d0e829959da7375b1e434d49e64d30a87d
SELL,0.998,88.3,1762311737,Yes,0x3e1489f0c6463d23aac2790a032307529c31ce19ab62dd263c8f87cea55e2a68
BUY,0.9990000000004748,8424.004004,1762311731,Yes,0xb03bd13dd8f6eab29b6a378809c66d7679a1fc71f17ab8a29d7a0855505734f9
SELL,0.998,40.23,1762311731,Yes,0x3576f1061b8b212310efb851e2ba85c994418bc69ff8a3d46fc1baa5de059f73
BUY,0.9989999969006434,244.244243,1762311729,Yes,0x6d7f646b98e8f8a13c4ec5ab8f228f5661d40e035feab5c6f6ca1f6674d138a7
BUY,0.999,100000,1762311725,Yes,0x3defb771608e606756bf5f5548106f22419d2bfd643cc4225fce4aaac97cbee0
SELL,0.998,166.91,1762311719,Yes,0xc4e5fc6cd32e9ecc26923af5739794b44a294cef2a5b1618396b34933249f273
BUY,0.002,4900,1762311715,No,0xf08b5b3b1a8fae267cbcb9adb2aee8c9f0c88fc38b6db9dc9c428078c7dc2e1e
SELL,0.998,317.12,1762311711,Yes,0xc69312bf4903eb06aa0fb7c9375e2a003db072e663bf20e5d7e205e5820727e1
BUY,0.9989999986497963,464.374373,1762311709,Yes,0x21e85d8af79b975e07ffa9ee0572444c41dd013ff37b950f1bd2ff4c5a2e6677
SELL,0.998,1001.17,1762311707,Yes,0xc9da6d77d767a76f8f1729cc3fb93077463aee5a5d2b53a61f496b697a2ff187
SELL,0.001,20200.35,1762311701,No,0x10b7d79120d6f89ab5d43a78e265e73f9316af175e123e82ebfe4289fa0f0384
SELL,0.998,109.59,1762311699,Yes,0x427bccf4d8885a3fb933f7b44fc3d4cc01d6f4becc62a89783ebfced36ac36dd
SELL,0.998,2.13,1762311695,Yes,0x6768c34c8249c5c26f058caa79effbef1069f25823351079871941ec033e71c7
BUY,0.999,10,1762311691,Yes,0xcd558700d8a812d618d45cf11b232a63e9abcacae2f0a7ffcb08e0c5a105f750
BUY,0.999,68763.38,1762311685,Yes,0x975cc88463f2500299fbac30e604bfa1ad1b6357dc913b01a121a7452d51932c
BUY,0.9989999822838457,48.148147,1762311677,Yes,0xe4f1bfd74eaa6b31233140134a156c0c12d0179099c9dc2c959a0c7824e84888
SELL,0.998,8432.44,1762311675,Yes,0x2bad1df1e1a16be48121eee1c7ffb893124987d2458817f975081cb512c46155
BUY,0.999,1300,1762311653,Yes,0x0426812011d1f13b67073c9e31d0a8bd4e55a39548580f133ab8950b12f1fdbd
SELL,0.001,367373.77,1762311621,No,0x72b50c798368cf40c6d24d6ca5045ada1734a27a5f0b0a91277d4aeee85f56e6
SELL,0.998,11200.02,1762311617,Yes,0x7ec600cd3eb2513a9c60877d5bffb579ff3b44b75245dbb41db0fe323df11c23
BUY,0.9989999997715613,774.824823,1762311609,Yes,0x58ec035c9cb645389a5a83999d0cfcdf2cdea48ee71807449f96a7efe34821f6
BUY,0.9989999948282862,123.363362,1762311607,Yes,0xc786fc8322f041a10ff3fd8b06e219f5836b333acfb048b093cc2e4b9e2dc74d
SELL,0.998,21.14,1762311607,Yes,0x952565b6a07f40b360b8ebc9699327a4aac7073a922678e0d5ce9ab364574270
BUY,0.999,755,1762311591,Yes,0x99d6ef4c11fdfad95b53daeddceff5685e3fa0c8c4e78d4317b81d9852b0a115
SELL,0.998,7.43,1762311581,Yes,0x5c25379b6a215f1ede885faacbca9a35340a3d867af64f9308029d11fada882d
BUY,0.999,10,1762311575,Yes,0xd85fd0fa9513540472302b37c0569fc5ddc1a71ca09f032b80388a136cfa57fb
SELL,0.998,531.34,1762311575,Yes,0x722793f0e1962a61eafeab072521eb3c43eeacdbaf2b5727dc5d3588eddbd756
SELL,0.998,1.11,1762311573,Yes,0x5228e4a4be307c6391b63a6d8e5d3284a2d77b623f5387f2eb0bca1f2eabb461
SELL,0.998,2.19,1762311571,Yes,0x83200ae30a4dc34fb4ac08a731e137e7588e94d94b3361d91d54fa26ed7a2a21
BUY,0.9989999939723533,118.288287,1762311557,Yes,0x58bd03ce6144a79c972efdcd34fcbc882a70aec7cffe2ece1ffded307fccc3fa
SELL,0.998,1,1762311543,Yes,0x9f5b29760ec1951fe2666687f3c944795ebfe4a07166f461fef9be865cede92e
SELL,0.998,500,1762311535,Yes,0x4849cb62ef345a330e140c691a3183557855748cabec769a395f96ce1a77e819
SELL,0.001,1940.56,1762311533,No,0x96a57325567b7fc2c15eac4d42ea253767b34a659498c2fc64619bbd69ad5e07
BUY,0.9989999999748028,18573.533532,1762311531,Yes,0xd4a9400364d5b15c23ec4a0553f9b6d81c2f223b6a2883837723e6d492f31c3a
SELL,0.998,2.42,1762311527,Yes,0x71789cfaa30138c1e1913ade771d819ab9e6f6cbdf54a508d7e87f70ec94765d
SELL,0.998,118.99,1762311525,Yes,0xe96df9540decf28b0eca2c9e4f7441fb8a9e2f5f73236df43b1a9a2a32c54d94
SELL,0.998,517.62,1762311513,Yes,0x9d8ca1639ff6177f192d7aa92a4c5864d5f6dc666ec62a08dcc15c5de237f062
SELL,0.998,3542.32,1762311513,Yes,0xeb48b2c427b86aa443bafec5138fafc5319ec366e901cf9a565b43bc75719a6d
BUY,0.9989999974698286,167.577576,1762311511,Yes,0x9d8c39f0877971dd23abaa0dabde10d4dca4f67680099accc35f151b32e12061
SELL,0.001,902.17,1762311509,No,0x03e6e424bf7570c8030c70c3d31237a9b026cac698f3ef840bd3bdd50d1d2f7a
BUY,0.9989999941973582,116.326325,1762311507,Yes,0x1ae63f2328326e33e4fe4ff50f171471d349898c9684e0deeef5799a466310e5
SELL,0.998,212.25,1762311507,Yes,0x847ccde90bcc8837fb2cacde98c15a748c29f72aa3de68d5050e5da4c68b353b
SELL,0.998,212.08,1762311505,Yes,0x06f2fb85a7710443fbe6e5a180bfff8adeb36ffe0a2be0287e5203c3804c43c6
SELL,0.998,1100.05,1762311497,Yes,0x44de89840bb63abedeb65c78b04ce5aabb1dc1cf272ffe230ca9fa3596d27a88
BUY,0.999,25000,1762311495,Yes,0x36fa753b063cc2bed4d5bde9e09268942477e9e1c47c2bf357b2f2dab478d2f5
SELL,0.001,42783.75,1762311487,No,0xe794aeb84b79b60d11143e6aaca32606631c718b96e027e39c3045411871ef01
BUY,0.999000000999,6.006006,1762311485,Yes,0xf97b63269bcb790b389dda2047eb43c7262bb5443bcab0f7deb59eb760d627ac
BUY,0.999,212.25,1762311485,Yes,0xbf4fb70c96ac468711cc9d5cd510dd620dda9a5de890d7260695cf7e0690d058
SELL,0.998,185,1762311477,Yes,0xbb629e230c16ba5fae420fa90d267a7ffbfb6d11be4121665322098fd2225cae
SELL,0.001,5000,1762311473,No,0xbd2b9af6f7f3d4d226bf379f79648d79319bbf580a1f88ccd89dd7d9e66196df
BUY,0.999000000999,1.001001,1762311467,Yes,0xa2abaf964930971bed629d41702d0cef49047679362ee189ac64c26f7214aa0c
SELL,0.001,5265,1762311463,No,0x340babb97f571fb62ee153eed63fceacb2497236fff729efa1eebe37cc5d71bc
SELL,0.998,22.52,1762311461,Yes,0x8e4693df8602d66228c22b0b38d8705fa6d04189912c31126464309360f7b704
BUY,0.999,4000,1762311457,Yes,0x2d375047bb842f9dff7390b9c0e6957a1f5bbe60b55ee1c1a9cd1a7579257523
SELL,0.998,300,1762311447,Yes,0x5b74eee5133491b16d300d080e87f738613662e4bc2fcd537baa790b60223f7c
SELL,0.001,7500,1762311441,No,0xf57c48c7fbafbd47b07e859e15e11425e71a3176715e4546d64977dd49533660
BUY,0.999,4000,1762311433,Yes,0x6527ac2769be567e9a7fe1754e10586df791ff1095945fac1bc65f76c48a56ae
BUY,0.999,670.49,1762311427,Yes,0x37e664491c790059cdeb8c8f22127d2bdbca06800fe76966e3fd82e9c85f453c
BUY,0.9989999999733481,1725.955954,1762311423,Yes,0xe3d64b7ffeba173bc0beddcba10b536c299fd009dd36c912bc5ea16f5a5cfcaf
BUY,0.998999999968253,125.995996,1762311423,Yes,0xfcc3afe27c90d2ff4205e0a2c373626a3563d3a336124edde452fa8483073a0a
SELL,0.998,1.05,1762311421,Yes,0x161f8d51c195f0f2691617c919b286d5738227fa8ae45cfa2f53f1d614ebfb4b
SELL,0.998,654.19,1762311421,Yes,0x3d23ae2196ad3fcb7a7deb560e1fc03c0f6a86d85579267d35cd2d256dde15a2
BUY,0.002,500,1762311413,No,0xe36ddc261ee8c574922545fe3da683818b2d15e037253cc000a67860ebc2f71b
BUY,0.002,500,1762311413,No,0xd47ebd8aeeb887b3a5299f70edea2ad3e52b9815bc0273663ee063d94faca72f
BUY,0.002,500,1762311413,No,0x5a11a967e9dc1a4d2e42c620dcff20b382af37ca497c367111e03e566dc51d8f
BUY,0.002,500,1762311413,No,0xe28720e77efdc162a2fccae5f55c0c53b5730b6a9e13ab5ff2c96526afa8b10a
BUY,0.002,500,1762311413,No,0xfb8ebcf34f9d835a50f2f164ab9392926fb2723ebb1cec727e80a70267389c0d
SELL,0.998,477.88,1762311399,Yes,0xfa69e3230cd5f1e25c008e479d56b71d9eefd54a3a105fad7ca9fd797d687b63
BUY,0.998999987721541,22.722721,1762311395,Yes,0x58599a26734902eaf1d365cd3bc2e0161e5fdb276d67b6cc1d21e2dbe7d10f67
BUY,0.999000000999,1.001001,1762311393,Yes,0x1050ef08330048355d7e619ba39d0f55d2785a11906d76f4c07f9e8970530980
SELL,0.998,3.36,1762311391,Yes,0x3219e07c9283daa19e280691393e5a533525f6dfe013033f20eb36ab0b7fb59b
SELL,0.998,19794.84,1762311391,Yes,0x3909e9103e62ca6a43ffdbd47285ffcdc559f3f8e68fd6789b5e1189adbe3043
SELL,0.998,50,1762311391,Yes,0x86a53018f5f100a4a4a8cc44a31dc276c9c02ecceeb8664c003baf0ccf078802
SELL,0.998,99999.94,1762311383,Yes,0x92696b8db40fe18d75b957fc2fa83fcc1a700bacc8d6e6055c952bb1efff58b3
SELL,0.998,10.63,1762311377,Yes,0x6c95b6284f52032c4ad66bda26aa0a2c9f1f02298012506968a5038ee6f86e47
SELL,0.998,5.62,1762311371,Yes,0x36f16eea90fe77cee66492fcbac6cb32a283a6534f9b73eb520a2eee849103e0
SELL,0.998,140.48,1762311367,Yes,0x781311897e6abe59df22b2bcb109427a2d61d37dc30c2b687ec58ecc1428f2ae
BUY,0.9989999929826573,126.116115,1762311363,Yes,0x88fc046df70ec77dd55c20d50d46314952d992c97dc1d0c02e0caff39d0ae5f7
BUY,0.999,1600,1762311357,Yes,0xecc1af7b9675fc5ccc4bb5719ac62095b3509ebfce57d08ad837d35e4767f27a
SELL,0.998,10.46,1762311353,Yes,0x57e50cb51751e54284ad3674829f91ef21d8d045e98417552ff89a2f84f2f856
BUY,0.999,12000,1762311347,Yes,0x9b5412003ebb4f4eb5b56536ce3b499b7013fe9c92fb6a6015f95eadf4337692
SELL,0.998,15,1762311331,Yes,0x3fcaf42b25b06d16cf48b4f66af96069d8c63e4ab8614c85338ee9f677c215f7
BUY,0.9990000000028901,1384.004004,1762311327,Yes,0xf306f7705dda445964a719a249950ed2972b09c9b02c14a780e4db29e9ae7aec
SELL,0.998,26.24,1762311327,Yes,0xe377f9ff2c7b27f93a24715b68459c7265b16445334c2a3df827d4a5b494f829
SELL,0.998,30,1762311325,Yes,0x6f291fa23f165cb715708e1cd4afdaf6786c0f4c3ab6655a07ee29e0a4c3fd2e
SELL,0.998,325.95,1762311325,Yes,0x16f32fc52cf57de8aa727e721a9012a962ab3322ec51b6eb241261210df0a510
BUY,0.999000000999,2.002002,1762311323,Yes,0x9837dfe171b7809dcfbc09cd4fc51c39b3f2458b253999824280b3677456e4e9
BUY,0.9989999945430967,116.366365,1762311323,Yes,0xdedbacc2ba5ec6e2ae2e6cadaf561174d18ea74f40c1c9914130ae30131b370c
SELL,0.998,1.06,1762311311,Yes,0xa86caf3cbb6f47a24d68409d6ae597068f86b4e647b4de5d2d0162bc8a413506
BUY,0.9989999930701776,50.650649,1762311311,Yes,0x9088f0b5418b90ea3972d57814ca610c75472935f4149eae3af02d88a2a6b89a
BUY,0.9989999903698366,77.257256,1762311309,Yes,0xff1012a65ca5634772052586d694e26feb813af9a2f7a4e0d2ed89ffd109b997
BUY,0.999000000999,1.001001,1762311299,Yes,0xcb6271fe7b6e098d90795f762b1a70789f670507889cdaf7a2cbc15354f53c56
BUY,0.998999999861417,598.918917,1762311293,Yes,0x07f50a705442c447cbd817c610f6747035bfa40793ea8c6da73697def12d55fd
SELL,0.001,666,1762311291,No,0x1d7bed2d383184ebd0ac9f02eb23d31b531551716f077c157d3a167b72f07738
SELL,0.998,20000,1762311289,Yes,0x0ce13a9c87ee794510cf3c0faa433cd70b29fed0c6fd5a93d295944eae2e1911
SELL,0.998,220.02,1762311283,Yes,0xd83a7ec2bdd49c7563a75226c4bf58518a3075810f32c6d732bc68773188d39c
BUY,0.999000000999,1.001001,1762311283,Yes,0xfd62a95d3d41637812944ac7a1a9b00a5f899615774b34c69880f91cb50018f2
BUY,0.999,2500,1762311281,Yes,0xd8dd8f468bdc3a907b777868c12229a8c136217ba5acfe12f8be01b753fa88a7
BUY,0.9989999929826573,126.116115,1762311277,Yes,0xc3be88c1c2b4496526cb221e7025e4941a57cb24b8c79f20be30a5d75d59c4ba
BUY,0.999,9982,1762311273,Yes,0x9f135f5b8971c307d2e5d28c8efabdaa1375af4cee0072e5ed065b91ad5b241c
SELL,0.001,6448.17,1762311261,No,0x8f577a834b1eef21bd073be7c6e224a23bd3d34b77422e7a6be693ae0cd7b893
BUY,0.9989999984990025,400.400399,1762311239,Yes,0xab31d613ae77020e48ec6edc19712cc0d40f89b27adcdf9e903deb075f8ed7e6
SELL,0.998,118.27,1762311233,Yes,0x9099b432786582a1182898ae7b979553d0cf51d16738cb91817b6316e52f6fb8
BUY,0.999,200,1762311233,Yes,0x3b99249f5bfe42ee8e425efc395a27f9ca7f99c255004b342f99a2703c9fabb1
SELL,0.001,200,1762311231,No,0x27436e1480ba7dbb99078d4b6e2ce086de8fc3bd94af043e3f419002ca9f7c40
BUY,0.9989999931079224,128.118117,1762311229,Yes,0x08fcbc75661ca69734b4810b8e0ca18d9814527332e6b78843e141614fd42846
BUY,0.9989999999710362,10944.684683,1762311227,Yes,0x0de52867f43938bace135aa999c7d88f1487dc00cda24edd8eb05b580732f1db
BUY,0.999,411,1762311227,Yes,0x07d6f404bbdca09884e1b3ff4878ad17e305966a2200ed65c6178c255fd5a11f
BUY,0.9990000008991001,10.010009,1762311225,Yes,0xb28a52ce0960b680aab36e8db62d54e8a00022e69aefac7b8761490320fb7a83
BUY,0.9989999676656989,30.030029,1762311223,Yes,0xfe9f7da0f7b28f45f023f1b200d4c902931b85a195dea79a00255464dcbbc628
SELL,0.998,10.86,1762311223,Yes,0x38367f7b909eaedaa4a6058ab7b8fafe34b1a333e5b6a79ebf009cbf52a46868
BUY,0.999000000999,1.001001,1762311221,Yes,0x20ad0f452d498964c6ca4a31a17b57780e253654500824e127b7674962e771b2
BUY,0.999,4791.79,1762311219,Yes,0x63b990deea8739bfb783e8cfdd743063e8f7cc275584d8d6e7f0416223f61272
SELL,0.998,210,1762311217,Yes,0xc6d5c9fb88ac470bab5913e0eca95334bb6e0b7643171d3d5e8c7642dfaa649a
BUY,0.999,6666,1762311209,Yes,0xf1df38d02ee77cc1e3d95f45ddce92b5f12cb190ef4237dad88864dd704fe1b0
SELL,0.998,331.99,1762311201,Yes,0xb9d81d66698f6895d7569bf51b5f9e5d41b2cffd9d8be7237013d8692719c23c
BUY,0.999,2500,1762311201,Yes,0x50015ca93bdbe02f1f9ee092358db8538cd2d15cb4c06e74fce8341c76206155
SELL,0.998,10.68,1762311197,Yes,0xe980b062de674ecdb5adb7bfe91a1c4503eeae13cbe10d4de4a59af91b8ed29e
BUY,0.999,5000,1762311189,Yes,0x4b2f821e960abd6441d1e74d1645dda0651077797e85f3ac9ee980f799a3ada5
BUY,0.999,50000,1762311189,Yes,0xf90397e7cd36933fef8f48499bd1b77682c17614689ea2b73a01d4fef53b57b7
SELL,0.998,36.54,1762311187,Yes,0xb0d7beb536cee0b4fa357ba8f9a2841a4f15a0dad511cac64d13e103946c8361
SELL,0.998,84.72,1762311185,Yes,0xb37c58405fc1c72eba38e8c617bb1be972ad350adc7862e6d28aff450a8b7ec5
SELL,0.001,35.25,1762311183,No,0x5facaa23b447752295e4d9fe28fa4c26b45a47bd77ba4b94a79f80de60e07d12
BUY,0.002,500,1762311179,No,0xda83a9d57e9d564d1e685ef6043bb2a93a314e25a27b52fc252730b752c6c6dd
SELL,0.998,529.1,1762311177,Yes,0xd0b67ae61bbbb185d97523dcd36379f08c987aad82e4f36868a2563c7a97066e
BUY,0.998999998999002,500.500499,1762311175,Yes,0x712660627683296146cbacb5b0d17d7c30a643c683f8a0bbfcdf04859d1506e4
SELL,0.001,53.68,1762311161,No,0x90d214b53546b3ad01949fbc07e637c3f19a789a5ca6a43a8bf7f54aa86160ba
SELL,0.998,158.19,1762311161,Yes,0xfa8d3557ae6e8ca026f032eaae04e2d5a40a8c7eded6e710197c1850ae967080
BUY,0.9989999982069014,118.788787,1762311157,Yes,0x62375c35550f4ae4312ebe1a8ca792de42909ae675a5c98a3bbb3ca5d4e17e59
BUY,0.998999999776004,450.900899,1762311151,Yes,0x38ca15c9243b99721c8b48c8d11d221aa91d9b932c8ce1c653c6e717e2f1887c
SELL,0.998,11,1762311143,Yes,0xc3ceee8e4076e1ed349374bd564a32ce30b267198b0971374717e7f631434e58
BUY,0.999,800,1762311135,Yes,0xaf5c1591ef67b61ff90716d4563fb400fd09060e5f3e6163aec5a880ce1fd970
BUY,0.9989999787323985,22.522521,1762311135,Yes,0x0777998fa7e415d17cdd84b4c0fb704d206b98e80880bbcb48b807c4ce969fdb
BUY,0.9989999967305883,84.724723,1762311131,Yes,0x59813c4a9387492e5fa9e7aba0d63c75b51cd9f30fa7899997f43c30821694b4
SELL,0.998,142.72,1762311127,Yes,0x022f6154d23a01be0f7ef5761753598d46697b55795ec5c94fc65d3b88cf3f60
SELL,0.998,12.47,1762311123,Yes,0xefab4326707e37c617583df196cbe1ea79e5773ee71f53a0a7ad42dab77d7f8e
BUY,0.9989999809990197,50.050049,1762311123,Yes,0x3a5b66463e0d4ef0c530da1dafaec9fe0a182c3f3e4d507dbf4d490a0dd567d8
BUY,0.9989999973329251,199.469468,1762311123,Yes,0xabc6e6f24a3b5c92605e80fcaf00ad408f3da649f49efac748c6360604425086
BUY,0.9989999999292108,10750.240239,1762311121,Yes,0xc091b355a6491ed4d683fa7dd6fa50c9175d82cece39c0aa154d61c79ec5c4d7
BUY,0.999,50000,1762311117,Yes,0x26f16a303ef44d6c0b22f2fddfa3407a36e14b5940c90c6621b15d4b42e80072
SELL,0.998,564.33,1762311111,Yes,0x147a221d3533e6afa25e2e09e3d58e1972e10f08509bc0fa0aa96d5824a92059
SELL,0.998,490,1762311109,Yes,0xbde3eda10cddd668fc17578ddb789c46ef125bb6ce5604667d1f499c895601c5
BUY,0.9989999974525787,121.69169,1762311109,Yes,0x58127e45de7346e051829fac70745da5ca2477e3f354e785c344b7da17e16e0c
BUY,0.998999970539792,20.400399,1762311101,Yes,0x7285c3ae18c0bf7803e8e42ae3f656f365df2bbb9734973fa42f573277b7fba0
BUY,0.999,20000,1762311099,Yes,0x5672554af48d027c4e6ff41b330d191383720eabc7660687739c66bec9984498
BUY,0.9989999999647673,14645.485484,1762311099,Yes,0x559ac865c760b7440ff917d60a236de61fbcc8635a07aebf03d30fa60409a6ca
SELL,0.998,200,1762311097,Yes,0x427edf6eec34423945a1c10543289e9ea46c825c079507dc29ea0f0d39ed3678
SELL,0.001,370.37,1762311087,No,0x82b0892185e661bccc64a44a6a0ec5d256ea384f86cd3a8b368d36b94a278113
BUY,0.999,6564.56,1762311085,Yes,0x93c6ca8a5edb284bb424b8c4987690211f2702ae65ff3cb9c09df53d470fc286
SELL,0.998,1108.74,1762311085,Yes,0x9c3879fc29fae1e32dc76254d7a0a4ec2861014842c48fd20cc3fd46d88b5890
BUY,0.999,400,1762311081,Yes,0x6501a9e5d1c682cf702cae51e2cf75c988195561b50e7fc2ba34d6090a49977d
BUY,0.999000000999,4.004004,1762311073,Yes,0x56a51fb241ed6e37e0f32513e8a89215e597531842fe7413c98530bc1f8f7fd2
SELL,0.998,5265.63,1762311071,Yes,0x508179628bc077d4014c8c883ca3548c586409b167eb12ed321892a4d3b54871
BUY,0.999,2000,1762311057,Yes,0xd297195c5be152a00ab6dadb834570ae91ab30d0444ef0e056f0476059db11c6
BUY,0.9989999999706203,33118.028027,1762311055,Yes,0x0263a0afcbff64e8d1f469b0c0e4eaadc99133fe80364121e9755723b1d7c3b5
BUY,0.998999996983097,254.234233,1762311051,Yes,0x3ee4193f22fbe37bd081980e972dcd1e518bec2734fa8768345df37d18b871fc
SELL,0.998,5.58,1762311051,Yes,0xd179bc73bb51c5879a493dd3aefa509c922d7f49ef40008bbfcc2b2c93c11f3c
SELL,0.998,21.76,1762311047,Yes,0x5c1e677fa627f2ae0216703bcd418ae2dfe6d150f0ffe93ee348ff07368da439
SELL,0.998,73.14,1762311043,Yes,0xa75d4f3117abdd98a3c421e1d6f8bb8ceb01f6908c80952c78ce4050e5edb1cb
BUY,0.999,5323.32,1762311029,Yes,0xeb812276e25cfb358c76554b6d32236c06f67110f00062071439a849fe5ef609
BUY,0.002,500,1762311029,No,0x7cc6897a36db5d26195ef35ce3d7ad04e088301508f3f112c32f020a0face1b6
BUY,0.9989999949383024,54.724723,1762311027,Yes,0x4a26ab19e0c35ddeb85190632c6947c4980a7fe0f4b89160e90bbb64c9e64d2b
SELL,0.998,8.46,1762311025,Yes,0xa3249d371d8bf1d029e910d1a48498340fd25f34251ebf5ce149b1c9a421f383
SELL,0.998,10,1762311023,Yes,0x34f6cbc472fbb67e81408e7307a1223e593ba0e44f498a3ed11f67b6649971b5
SELL,0.001,3272.79,1762311023,No,0xc3e08e9018751121c206dabd87bf59c842386103e21668f028fdae699c387ebe
BUY,0.9989999999971911,45214.874873,1762311021,Yes,0xeae3b0a6f49accd3e01d6b3ef84a5f238cc1e59326f867bf6f1ae50ad6b23e91
SELL,0.998,528.11,1762311015,Yes,0xcc474bbef041fc60909e02f1a06205f2dbe541f61110ec0b04b1265b8c28fb22
SELL,0.001,500,1762311013,No,0x44fe9f2c26936f965b6d7917f98f1cea109c73e45a84b128f7634fb165d4f0ac
SELL,0.998,195.7,1762311009,Yes,0xcfd5b2095f20b460252a4c1c73f0215844b516a54a01607670306ead3cc9c0fd
SELL,0.998,2.16,1762311001,Yes,0x83048f3c322e1b9600efed22b17ac392a69ce1a4d89aec4086b1b1741e087f3b
SELL,0.001,200,1762310997,No,0x1d097a344bdb57c49f131b9608ce2a37555496a498bb3aec05e10c9624daa10a
SELL,0.998,36.68,1762310995,Yes,0x7dcecea0c728664a0fb110a47d66a66b5c7cbb2e65377956921b8063fdc145d3
BUY,0.999,1742.74,1762310991,Yes,0x67393ebedfa7d4fb5509e8c5c16bb8d67fc41cdbe93043fc151ea4b9208df650
BUY,0.999000000999,1.001001,1762310987,Yes,0x53a1d5d9c54eeda3944965e8c9cb1c9d82a36af43be3c49ef860476aad323b4e
SELL,0.998,1.08,1762310981,Yes,0x69ba3dadc8bdf28f604f1bac23a5c1367e623a643fe3ae091a8a8ba55dc047d4
BUY,0.002,500,1762310979,No,0xb050f75b979b5d5beb1cb7dcf18a39acc9ca2d86906c3f9c732487b9f211ab58
BUY,0.9989999994365015,640.640639,1762310975,Yes,0x92402ff18bcff839d2c4f5f526e5513f97d5f97e86062c7e8f04be8ceeee96fc
BUY,0.002,500,1762310967,No,0xa7b29cab3bc2f505d2ed4e5e19bcb19c11dd73868815ea901884aac275e29b7e
BUY,0.999,1026.02,1762310967,Yes,0xa7cb4cb2477d2f54be012976eac8103f00a2e55c6388f0e233e990e3e8cd3981
BUY,0.002,500,1762310965,No,0x3fdbcacb185a7942717613d761fb22fc8f1e1dd9e474c7d3dacee30d7cffa56f
BUY,0.002,500,1762310965,No,0x2766a53eb39af10192b312bc5116358196dd1feb509410864a19c9a0447e917d
BUY,0.002,500,1762310963,No,0x45750cf81c2dc716e7114561e031753d67b6e891b8dc78795e8aa950ecb82042
BUY,0.002,500,1762310961,No,0x01e338a527fb4e665e4d3869e38e614cf739dda6abe00f9e81f0d0fc73d06be4
BUY,0.999,3386.226,1762310955,Yes,0xa02b0626b4fa31129b5d1bd05788318b492c9487c9db9a36cc1f9d0bda2fb0fd
SELL,0.998,315.77,1762310955,Yes,0x9a7de4833d9941b43724fa0855c7ac3c17e57847e5f6b8a0bea69886a0246180
BUY,0.999,500,1762310953,Yes,0x40fb13364f37d7d06c43c0b5ff5e9afa1d1beee4d5830d467c2238a2d19a53ac
SELL,0.998,4046.68,1762310951,Yes,0xcde31931dd467cd0923028f71268f39e8a1d061cb2abf25264243dd98af8d2a8
SELL,0.001,166.66,1762310951,No,0x80ea28f849bde4f14fd6b6cc5d463ffad0d20fbd6c1c8b8602b2059dd66cef0f
BUY,0.999,120.41,1762310949,Yes,0x7a2d7a69fae68ed0ca324165f1518c85054c475bcac74906412dc95f815231bf
SELL,0.998,164.92,1762310941,Yes,0x296260515557a481c4d05a6866307078ee20fda7edc8a9f8a71eb6dbb355befe
BUY,0.999,1546.54,1762310931,Yes,0x905f26a231c46763ca20e7dc66d04df16725e6cbaa868757490dc808209b102a
SELL,0.001,301,1762310929,No,0xadaf87a397f943359942ad3a1e2fea80ee9e4e04d0a0bc8f6cebdc9f8f685a19
SELL,0.001,15960,1762310921,No,0x65e5579f6e70dbbfdf0299aa7f3a8fc1ec884e1aac4dee89c11c2446dbb619be
SELL,0.998,15.87,1762310921,Yes,0xb695311d5292152faa2271b117eac523111a1c28d180a8c6ec52604dde6c85bc
BUY,0.999,1140.14,1762310919,Yes,0x325c849f257126d1a15f45c8eb4c3259035e684172cf8d22bb6c446e6fbf3733
SELL,0.998,70,1762310911,Yes,0xe2db0cb384fd79b4ca73a8c2331fddf4faf00f2fc522bbf5bd6ee6530b04725d
BUY,0.998999999566191,112.952951,1762310911,Yes,0xa963c2758a0a98b4878035cd97298adce10fe3bfc8f820d58141ffa6a1dc1bcc
BUY,0.999,1265.26,1762310905,Yes,0x0efcfedfc155405a30ba7480409850e6484b3e353ae6eb38621651f065a5f407
BUY,0.999000000999,5.005005,1762310905,Yes,0x1703391104062a9310410b19bdba89f8ffa8cfa4edac057d5dfeec87d3631b9d
SELL,0.001,130452.32,1762310899,No,0x51404905407c8a39eec04ec7753e4aea0c6c4f1df9cbfdae1d918374781815a3
SELL,0.998,54.2,1762310899,Yes,0xbd2f16ee647dc0b717d4291afa93db9f7c4b15bdd11b835fcfd60df5f0d63fea
SELL,0.001,2359.44,1762310899,No,0xe9f27de3b9a8124b86a20a03374cf57a0eac1bed5f358fb4003097c0b34cc41e
BUY,0.999,4991.921,1762310893,Yes,0x832aa243a0b3fdb81356297921f3d8f981a68f05cc945a13f742af158ab79ce6
BUY,0.999,1356.35,1762310891,Yes,0x7adb352add965952227aa8bb0fecd1d29bbc741d077969952fdfb7930e8a4061
BUY,0.999,2046.04,1762310877,Yes,0xe4c1781152ce5d2405731cfe46f89b9ed5e880240bd14a2cac66d6bb5db50ed1
BUY,0.999,517.447,1762310877,Yes,0xd38fe3000f1dbff69247ac4c42ebe0dd94c22dbc4dad2b2907d91fa4c399babb
SELL,0.998,20783.37,1762310875,Yes,0x47a46242d37ca7f52838e8c927728fb7bb97ca18fa601bbd4d34e7d2ef861f91
BUY,0.999,1000,1762310873,Yes,0xa8479d562cf78b7969cc3cef64d96cbf5d258496068ad9341b2ac84250fbee25
BUY,0.999,5,1762310873,Yes,0x3d5f0cd283ffa80a20e5ae2e3743b1d6430344fad38286faea79c77a7dd1c9ca
BUY,0.999,400,1762310865,Yes,0xf039e2affa9db561bf668cd72bcf41160f96b3e2fe71924b06ee41fa4824ce45
BUY,0.999,121.721,1762310863,Yes,0x7b96486a74535349df57e95bb970c8b36028aa731b34226939b153815028cc64
BUY,0.999,2102.1,1762310863,Yes,0x2802a21d69dec27211049851e7a8ff3bf7a3bff256db6589a73fb6103e569975
SELL,0.998,221,1762310857,Yes,0x0c5a3d01a8b75db5d60f18ae2e6f7513129a29190ef25e805ad81e64114dd0b1
BUY,0.999,104681.31,1762310849,Yes,0x7c05e0cc1b823fe9c11f11c42643921112afd3e1e42acb87da705b4ef3738a04
BUY,0.999,1348.34,1762310847,Yes,0x475544513c5394420ec9407c795eb263243aed35bdd6269ef8e7f89269516b4c
BUY,0.99899999928764,117.917916,1762310833,Yes,0x9956ea9ecce1a3ec3d1e184e06ca92eb256b849dbee9e87c384d36bc285645e7
SELL,0.001,18326.34,1762310831,No,0xaf519dac9060b6239da5f3580e7fb8da0f7e000d876ddbeb22760b61055d0ed6
SELL,0.998,839,1762310825,Yes,0xf8413ba28c95a61961260c6fae58fa4123811134ae3cab7bd48beca1f8ca22bc
SELL,0.998,542.08,1762310823,Yes,0xeccee99b2b7d10370779c62072a40965813fd0a5cb3a05e8d480e2c3eb0e3746
SELL,0.998,178.92,1762310811,Yes,0x9d61f1c0232097ff6a18f6f2e766ce73005653bfc2d9cf259f79bbc9b864d405
BUY,0.999,4721.72,1762310807,Yes,0xd50cbc153c9ca2440f77550b45b8b85dcf707cd86e3d89ed369f92f972256dd0
SELL,0.998,130,1762310805,Yes,0xae615b20544b78cce584d8148975585de93670af018d7abbb490e566ed24dd5a
SELL,0.998,28457.69,1762310805,Yes,0x4eb581337cb0548ec0d8c8ce4a318a8401481a56f64541b7a82f77f9c5c85ea5
SELL,0.998,51,1762310805,Yes,0xd6577e5895701cf2e63d895f89066838ddd36d52f5b55100fb3a1b0a5cdd5019
BUY,0.9989999946884048,133.293292,1762310801,Yes,0x22be77d3502de8942470f2a663ddd38495d1e44ee17762be8570702d79679180
BUY,0.999,3631.63,1762310793,Yes,0x6c50e46cc15d3f92411801b9ff73849605e4aad5c52d607b5f8d13c6261a164d
BUY,0.999000000999,1.001001,1762310789,Yes,0x9f9a40f4edfaf70407e782132566d7205397b164b4f9d03ed80172b7614adafa
SELL,0.998,391.72,1762310789,Yes,0x30876c331402452aed8035f8653a68ed37d22523fbb20aae27681449e3cdb0d5
BUY,0.999,11228.99,1762310779,Yes,0x14ec9be69ab4946a72ce878c98ba849133820f4f7b224d55f1fbc0263815fa65
BUY,0.999,18769.5,1762310779,Yes,0x2d1984fabaaa12133ecdca5d55663faedea658a60a15c9afbcd258c6f0616e5d
BUY,0.999,20001.51,1762310777,Yes,0x3030fc59c0c72c9d9e2011255483f432749272a1f1d1459a134c5d5e64cdd90c
BUY,0.999,1101.101,1762310775,Yes,0x2550c1ee035e4433824b543b7d2a6623c3a9737a45f74bafee31e5bfc6ac0693
BUY,0.002,500000,1762310769,No,0xe793755f9277102fe736217cbe31c6e8eab4a7b55b97d1e6c19c207786ed0e30
SELL,0.998,92.74,1762310769,Yes,0xcb1ddfb3317141e805b69a49a09721fe919db9b713ad55933e32414cc6f48c63
BUY,0.999,33.973,1762310759,Yes,0x029aa41fb28d93b52f29bdd939bd1b2c34403822191e59466edb42a68e0ad791
BUY,0.999,68.06,1762310759,Yes,0x5fb10b3528d1b33c38c851f406b623f32d3fe86f24a3c9374b95b544f5e6a538
SELL,0.998,1437.24,1762310755,Yes,0x199605da47a09bddcc12ca36811a68caf9fdc061f896349aaa168b08a6652501
SELL,0.998,10.68,1762310741,Yes,0x2d8259a021ab03e5ddedd03f1c862743a05113a183e7e42528ee4590b51d0c51
SELL,0.998,194,1762310737,Yes,0x60cc0e20abadd9182ed401ed3d1c5540c8da65968a25874557a02e4a7fe25617
SELL,0.998,7923.64,1762310735,Yes,0xf05480d7fa46cbc867b3aee868a65734658d9e24064309b5ed17e2d83cfaba6f
SELL,0.001,173.71,1762310723,No,0x7bf043bdf3e9d1e6bad697fa72757933b176d8b11144566dfa46288e0f0a96d1
BUY,0.999,85.085,1762310723,Yes,0x4ed7d192455a58343f5c5c20cd6c3ce9aeb495cd54f2900d7cd44ab8042dd8fb
BUY,0.999,119.969,1762310721,Yes,0x48f1f7aec5b9714e02cac28bfc2eb3f0942fb1a47e5fab8417b50f60ccd09faa
BUY,0.999,50000,1762310713,Yes,0x09218d131ccca6de83cbb59db671d8a662c2955edbe296c8415b9fb9580f114e
BUY,0.999,198,1762310709,Yes,0x112e66987bdcb8c110bcbe24799a1fee7d29fd811768d9e81cf55ca39b3bd929
SELL,0.998,57,1762310699,Yes,0xeec3dbfae6cc837a2fef72a3fa79a394d8b75ed77d4d075d957f5fe01a4a522a
SELL,0.998,221.89,1762310699,Yes,0xed6c4c65e5b430a165a4f828d011bf122ad5e0a42c2254f35b92f1033054fad6
BUY,0.999,5555,1762310697,Yes,0xb9f6c9486b478824e8d9d02212c86cff3d8ff32ccb009603531a916ef6794c69
SELL,0.001,4099.98,1762310693,No,0x49b5620392c9e1bae79514b45d800d0136a7a65230d382d9cc1fc9f008b9f521
SELL,0.998,2691.54,1762310691,Yes,0x750a981ad803152bcc0956c0a0bffae308be06e577b2a7d3806d4b006a79b42d
SELL,0.998,53.97,1762310687,Yes,0x120fc9cf63beeb011f4544345e629461018e0c448ec9505d43bd53823173b0cb
SELL,0.998,3575.18,1762310687,Yes,0x6e0813f7057af3224b6f87fb10e7a62e35060df737991550d5f189d383c07a24
SELL,0.998,1.07,1762310685,Yes,0xaaed62dece6eba90f153097a17a6d62b524f140b46f5e8efbc40d1975a9b7ec3
SELL,0.998,10.46,1762310681,Yes,0x930bbaaf25314accc8a14bb8869b71480880977d70d2fc01a057de237ff7d25c
BUY,0.999,131.261,1762310679,Yes,0x4ec0eeca5821d8c6651a7c4fe229d0978c4c1eb71eafb1defaac0509febf0684
BUY,0.002,500,1762310677,No,0xd3bc1f91354c6a291b16d587c0065c9c7fe82003013fd66ae56532e9fb3e404d
SELL,0.998,3.68,1762310677,Yes,0x7da5e187d29320970592a98b9ae455bb2a5a3b810120643c4938612fa8fb5502
BUY,0.999,50000,1762310665,Yes,0xbadf2d7581803529f633eda485f67cd24b519b25c22452e067c24f4a861a25d6
SELL,0.998,505.75,1762310659,Yes,0x92bf2e062e59f36770351906efb1bf0251b41305463c1ffabda33d3bef36251d
SELL,0.998,6.63,1762310655,Yes,0xa29788de130791abaadc83a0c5a4ffa93bbad6221f4573d3cd09a9ea489030b2
BUY,0.999,64.504,1762310651,Yes,0x52dfc5644c3a38b55741329cca70d0da12c0f94b5c9b23be95f84c8756fe0f73
SELL,0.998,100,1762310651,Yes,0x86c8c19aa2b7e078f1892129cba877591ea03e55ad0ceb834799a925eb6d28d9
BUY,0.999,120.89,1762310649,Yes,0xfe88e146902a8f1acb47cbc496165eb4b0bae488a3b8925c7b51a2217f4dce8d
SELL,0.001,33500,1762310645,No,0x1676760ff2e134d333f72a1b068b09565ff5111403850bc920f3dc717b6e5a83
BUY,0.999,65.445,1762310629,Yes,0xbaa60629ced282d8ee86700706ce7ac2d7f58ef25fb3329e3ef178697f01e2dc
BUY,0.999,82.142,1762310627,Yes,0x0028e043637ecb48c0e71722c1e6cb1614263c65ed9a608d9462d09132aca3ee
SELL,0.001,500,1762310625,No,0xd1e72afc5a0d07631c596c8f003b9f3c18f63454564ca1633f1b68fe08cb5276
BUY,0.999,16,1762310625,Yes,0xdca463d99b9073232dc6f13836d56caff9bf5108ccc516cd91e90de77201f69e
BUY,0.999,64,1762310623,Yes,0xfd86859fb19abba6745a306130f4581f66032ab8b385cccef29d23a5042b1200
SELL,0.001,696.12,1762310623,No,0x3f92c2a1b4b38e1934d2d01b340d22e27e2a5e1e0c1bc7b1f7b6d35d185d308c
BUY,0.999,500,1762310623,Yes,0xd8b0c2ae15b0e991876bba8a289ec171e5c022f02b84bac49183b47b02793466
SELL,0.998,175,1762310621,Yes,0x35beaa637371f6acf0b770e72addf0710ef5b0bb7af908d68197e437c28ee2cc
BUY,0.999,40.94,1762310615,Yes,0x19252d775549761bef98cd3ffecd5f8811298d6e00c2b4db914fa6d026f4c06a
BUY,0.999,30.11,1762310613,Yes,0xbf69927615ac393ad546d1448f703970b9d57aba8bf1123586ce54798ec162fc
BUY,0.999,28.598,1762310611,Yes,0x7a83eef6027352e9988290a41a7b10adee3e1d18a649d0bdfb82693d55bbace1
SELL,0.001,11362,1762310611,No,0xbf1570038f53a13f0212ab2fe619d14fa00c74d8e9225d4d83d67742290c6616
BUY,0.999,32.852,1762310609,Yes,0x9a5f6055bf00cc21bb002f0eaecc453a9080608abe934bfc6473e7d22d98b5d9
BUY,0.999,5000,1762310609,Yes,0x12f82895fdd017160d393a540977488c09b31d7dc5353caffe831933672a809b
BUY,0.999,56.936,1762310609,Yes,0x8c20cd21e55e54a362fab2e2008cc910af54369fd19a31ce140bce7aa24c25c4
BUY,0.999,1000,1762310603,Yes,0xa042e02efe19f2f05c4d5c38d4413e86329d3b285349edddb83b3f5cf151db0a
BUY,0.999,28240.07,1762310599,Yes,0xaa88273165fde42366445bff46bf686ff9b7bdc0c78af234bc983b3cd7ef6f0f
SELL,0.001,20.83,1762310593,No,0x0b4a5c854f2cc5a4581d524621bb975f69922ca1f233a1e009d825786f3d2ee2
SELL,0.998,11.11,1762310573,Yes,0x7204f4ce547ffa5c7aced9fbcc2ab9717459a6b23c7a6cf762b999299e83615b
SELL,0.998,13.93,1762310571,Yes,0x518786ebe6944ee7ce08c73003a35379589527ed79797ca11019b95e7a303e91
BUY,0.999,3000,1762310569,Yes,0xe2b5705f0b200db0ca6569dfb274310916cd8bab582657b286aadf74f3a4385e
SELL,0.998,126.71,1762310567,Yes,0xd91b4c1500b14f00470749a86d3211d5ea6965cb017abc2c82f10bad529db165
SELL,0.998,1000,1762310563,Yes,0x7fcef603c8298ecf2680929e3210e451f923880fe9c9914664986368b75db133
SELL,0.998,560.63,1762310563,Yes,0x5c25fdf5c81f2df80478d3ce85557ca97c32d60046cc14c2fa2c65f0b201012e
BUY,0.999,3000,1762310555,Yes,0x0996170d4118c9a8d39000a7ffa14ceee92684940350e605abae1cd9de67f9df
SELL,0.998,2.11,1762310553,Yes,0xea635939727675a07cc7a51664fccc38f6d06ffe03145f5973ec18b2f62dc218
SELL,0.001,34.48,1762310553,No,0x215c952f25e07b590c338f6e1552a93cab48b8aa38bdf12435f718c5c50417be
BUY,0.999,3000,1762310551,Yes,0x9a0ec55fa2c6fb9cd8401843a905e18c57539ef1b3af8e55cb3f0d3d7e243217
BUY,0.999,501,1762310549,Yes,0x9958b8136b446cc454d8afb4b75ca1e930661642894f539f0562e9cbfc5b3407
BUY,0.999,20000,1762310547,Yes,0x5833a17755d42e93dcb7024e1e2ec179924200e6d1342827c86378d7a72d7bf7
SELL,0.998,11.04,1762310547,Yes,0x2458601a3c235d449577ee9edc36bf876e156b806d35ec046bd614fe7590b486
BUY,0.002,5265,1762310541,No,0x7c0abd0c738ab9039757a93f19784fd9ce98eb24b322d2de09652c661faafdca
BUY,0.999,11307.127,1762310539,Yes,0x8b1e68ddb97a130d995f0347a3e982bd42219d2c4e05a41a4e9e25509eb3f257
BUY,0.999,140.01,1762310535,Yes,0xe46eaada226f46bf4d54f7ad5c061bdfbf9601b24cd2eda28ad70ca20e5c36d6
SELL,0.998,14.56,1762310525,Yes,0xf071473a4c0f3fefc21d8fa76836cce9cceda15f60cadc4befeea292b10c0809
BUY,0.999,60.81,1762310517,Yes,0x24bbb84b0f6c808874a774223b3e51e2781f873f6d204fba036a03bce9fd477b
SELL,0.998,139.5,1762310515,Yes,0x928414568f301f4948c2903636a64e7a80f0cf30e107c74c2f3ad00b4a1947fd
BUY,0.999,10000,1762310503,Yes,0x747b90f5c46d925e841d06d2a556c53efdf29dd047a1e430ea1a3b619fe50123
SELL,0.998,114.54,1762310501,Yes,0x51a079ef69045ed2911b153b72af5e9433db897ad469204cd5765a0ccc6fadaf
SELL,0.998,72.12,1762310499,Yes,0x894b2873a857eb6c43cae0989576815154ad7820bd5ab5841bbdf2ef17c3f6d8
BUY,0.999,100.1,1762310499,Yes,0x3e97e1f0981f3dfec9130f395ae731d2740a09272177268249285f11bd17475b
SELL,0.001,24222.88,1762310479,No,0x352d2915bad9e8af76c588ede63c3ec6676443e3a564877f0c5654ae7958be82
BUY,0.999,114.544,1762310467,Yes,0xfd60b4fb9629eace49dd12ed142b7435f53cff8bf5150bcffc32423875f0db1f
SELL,0.001,406.51,1762310463,No,0x78a9619805b59a80780e2b07e737cbbbcbb7a9c2f20de4ee75919033c8ca5d2a
SELL,0.998,87.05,1762310455,Yes,0x713fd15c9e94631da351bc96b4b43a4eb21456ad49cc45140c31f23705da0871
SELL,0.001,6000,1762310441,No,0xec38b99b55e434b01b232dc1fa006f6b1c0f46e80eb6fab2573dff3d267341ad
BUY,0.999,20000,1762310425,Yes,0xacbfc7a77430cef53a791e0c9d8c0cc197844970b317c8ee400b9b32c3e11ce5
SELL,0.998,96.9,1762310425,Yes,0x778d38b2e7918be3bd25a742867d7dc0927bf939f1a7b2569f3ddb96ed434a09
BUY,0.999,270.32,1762310415,Yes,0x3427eb90612e2ba672e8078820ba2f8fee451788122156993f8eebe13bc9810f
BUY,0.999,20000,1762310413,Yes,0x7925ceae8eb30b046691b5402fef4453913b559febddcdd0c863131c9b437cef
BUY,0.999,307.287,1762310409,Yes,0xe3d663615da42984e4341939c42b6afe6c725427d1ef16b1377536da2a7df71c
SELL,0.001,500,1762310405,No,0xcd52d9a76bdd6e49f3ac0a8fe8db5f56df384a71a42e97b38b132ae408f7523a
SELL,0.001,6666.67,1762310403,No,0xa1ebd15eedde2c3f772787326cd794da085c4500e62f30c36a1348e574d26720
SELL,0.998,0.41,1762310391,Yes,0x9854a0ce13cbb5e0670da18d4b403fc8b6c93aac1b5097371f11fc26720a027c
BUY,0.999,25.025,1762310387,Yes,0x9b8654d0e22dfffe811fd98dce0c05d90004329960d9b5ae1e9e9e3de8724a05
SELL,0.998,1.09,1762310385,Yes,0xca26a8abea7cd54dc569606439a3d10a8e89924f791441c8cd0a55aef6949320
SELL,0.998,4547,1762310381,Yes,0xcd7cba3510abe8fdb94e1611bf961e99370090ffc5fb5a4240d82f3b7b7d9e6e
SELL,0.001,163.46,1762310363,No,0x16c36cb2742a5d1e8554456ce7f2826f12c67d11b9c55a3f6fa4a44424c31ae2
BUY,0.002,500,1762310363,No,0x3fd51112142ee0f0a4234d1d052489be2053101614b0345c2df2ab8465e1847f
BUY,0.999,25592.59,1762310351,Yes,0xd7352e48432e5d82b26452e754a9d89662a9098d4547035ce4414e6555e74b09
SELL,0.998,1553.63,1762310351,Yes,0x79f489273640229d6f99187b0fc9f13d1328a11b7c9fbb0672fa6a6929c6f6f5
SELL,0.998,1.12,1762310351,Yes,0xed0d1cd27aa5b855a3afb6636a7dc2492efa5d4fd4ef9d577222695a9594244a
SELL,0.998,1249.24,1762310335,Yes,0x3189f84a0b15213e3f40a084bb38f2f2be7163ae5571fb9632f6c2b787f672f8
SELL,0.998,300,1762310327,Yes,0x83221beb1533c25ff7ba02254fd941a8fe1412865e867b7599eee66a4a78aa46
SELL,0.998,24877.52,1762310317,Yes,0x843d2bdce7ee112d76f5d22a88f420e29d8b5322d598cb1f3c19507a3dff723d
SELL,0.998,820.65,1762310313,Yes,0x5c40a454559addce655caa749167f09042db4e02639d95bec9211f14ace3c664
SELL,0.998,5421.54,1762310307,Yes,0x4bb33352807ce4b2edfdaa0668027b3b48093daf281c4f1aa0f42531f4dfd7f3
SELL,0.998,2965.57,1762310307,Yes,0x1e486a404af33223ee8a5d9fa64078487416da2a8535f7b37716af3495b30bf9
SELL,0.998,250,1762310299,Yes,0x3214b7842345073fec4beb6580a8348957904c2a8d73fc3f08202b1cb03ae296
BUY,0.999,32.42,1762310289,Yes,0x3f141aa79986cf5c81b047e3b587b0e4bb2e90680fa5f3d224aaaf2cdd28dbd0
SELL,0.998,689.58,1762310285,Yes,0x22418955f26baeeaa3c0eb978581ac7408593a88c73cc266c132a3ddb47f8539
BUY,0.002,500,1762310283,No,0xddcc033e074ad177e1c1e6827aff6d5b3f99eb1810a09fedb491cc5006aa5f08
BUY,0.999,71609.17,1762310275,Yes,0xd9657ed2bb96fd4d04602471735a0407ac426fd27da01fbb396a98c06f6d4abb
SELL,0.998,100.3,1762310271,Yes,0x17e38790e7d21809297b545c6990c60ab20591ef9357684ccb69f14332b12a03
SELL,0.998,2222,1762310269,Yes,0x946ee65d66d609283de340bec1ecb8e5aa70837d23609b9871449181af3ad498
BUY,0.999,598.008,1762310267,Yes,0x17a3ba4e3edac1475c989ac0ee5049f5e7188cbb0e36d03609f6a523686cc2b1
SELL,0.998,58.79,1762310263,Yes,0x26531a514f9757b8c48511954cd8255d8c26e5bfebfae3d3c5429899dfa24d58
SELL,0.998,1287.79,1762310257,Yes,0xc11bb7bf67cba8fcdf073c4cd699d7f6cb105f72f6d7e10319bc42b95a6db3bb
SELL,0.001,200,1762310257,No,0xb333fb2e17cad08116fcb3fb99c30f5f3a9f58fe06cacbd0f427c4c5f8dc8a51
SELL,0.002,30833.45,1762310255,No,0xa6638f78e11c0d11f9902c1fc13fe97e3f2dbd78f9c15ec1b05a69efae0cb498
SELL,0.002,27000,1762310251,No,0xdd6be1126d44de29e9de72874625aff91f5bcfe3879c1df6150b8b33411a211f
BUY,0.998,55555,1762310247,Yes,0x2b3b579b7864388e1d54b24f06ced4df4ceb6dd65917097a747431dd17e3d907
SELL,0.002,345,1762310247,No,0x7a33ac4d9b529489d9d14cee565c782a9b6b0805522daa88b71b0f83accb8843
BUY,0.003000000012,333.333332,1762310243,No,0x58701a04d0e195d117c21ab72fe16fb048f2d20b49d381a676fadbcad5877027
SELL,0.997,1002,1762310239,Yes,0xa437c921470cd5dc369935e55b7deefd7b746d6fc3d07779332b7a549e9267fe
SELL,0.997,1856.2,1762310237,Yes,0x2e875e7588c935f0d57110396ce8982bf4c604ee59f33d16b4c1d095d6cd9688
SELL,0.997,565.01,1762310233,Yes,0x1d724c51dbd078290171c3d7c05de682cf1539a91e7bcecb751d0c883607f5c4
SELL,0.997,0.46,1762310233,Yes,0xe54f936f3168913fda22280db1753e3ede3cd1048bd6cd8ef4344828bcf21fdf
BUY,0.9979999995124621,598.927854,1762310233,Yes,0x28bd7f61d09bac4a6767027154b8eddff0bbc38c8cdc4fea76bcac72ab8a3a8e
BUY,0.998,50000,1762310231,Yes,0x134fc94bf736cda413f46b1b2fac96eceea80a7bcbacd5b8078dfc7084985879
SELL,0.997,199.17,1762310229,Yes,0xeaaecea05eb96d629ca8669b1089791887f6d9d28f75e6b4a1cc7f257a0768a5
BUY,0.997999999015972,1002.004007,1762310227,Yes,0x6b8f67e8352246a157e7db01c8003e1e2ef49e88b09926f84f0a5c0da5bfce22
BUY,0.9979999945931871,110.601201,1762310223,Yes,0x86440867f718d71afcfdfffe66a03ffbe0b0f15ad621cd381d837612a39bc8ea
BUY,0.998,149029.93,1762310221,Yes,0xb4dee2346de403d9007ab5e1cb7418f70c7a89a5bb7059f904dba01abccaf911
SELL,0.002,1599.98,1762310213,No,0xbb28ab76b3175e1f8d673d192b8948c24596fcdcdd6e099827a72032881e145d
SELL,0.997,100.2,1762310209,Yes,0xc34cf7cf6048cc31b9c89c2a306b37dabbbf2e4d85733c468ad35fa96ee401ee
SELL,0.002,175.43,1762310199,No,0xf524f9b9872557eb3de1c829b3d9817571624a6ba8f2092667dca18b6bc580a4
BUY,0.9979999979840399,100.200399,1762310197,Yes,0xe81cbd7cb8f010c41368e32e1dc867f496061148d53664d13904dc32128db74e
SELL,0.997,1000,1762310197,Yes,0xfba767b4a14db5be4005cbdb5bad4673988ccf1ac3f8f758e5c2edcb398b891e
BUY,0.998,2000,1762310195,Yes,0x573d22c30abf11b2d247187971aff4693df79d50dda9641ff5563d00016fd197
BUY,0.998,185654.79,1762310193,Yes,0x6e9c827d965d3e394ab605c90c4709a07c08b1fbb1b01facbfa043284abdc5b7
BUY,0.997999997027428,109.669337,1762310189,Yes,0x70e3b3dae7a2926c80c690efa9ca6e6efc83602f88378af05e6384d4653ec275
SELL,0.997,10.75,1762310183,Yes,0xc403025eeb5df9d80bff311860201db7da98a749ceb3d741948ffe364a8a330d
SELL,0.997,71.16,1762310179,Yes,0x1df986b5182e9072f5148f97c02a450d2cac63ab5f5e17fa605fffe3c7697a44
SELL,0.997,700,1762310177,Yes,0x01b0ddc9d5a6777403d88aa4b332d9e3ff74ae2c3fb40d8eaf9be16b10808d7f
SELL,0.997,137.86,1762310173,Yes,0x39b9e187f6712ff91494f52d5628b3c4d6fd641d2dc1b43320ff836cb5649c67
SELL,0.002,55555,1762310171,No,0x9f9f76c1c1182a68fc82092db25302c1cc9b5afdd417fb35728bfb1f2f7b6d63
SELL,0.997,140.8,1762310163,Yes,0xf3f4a64143797e9f16c9c82b79a32e074d444071cc1e5eb951dc6e0985e9a677
SELL,0.997,3.36,1762310163,Yes,0x1bb4553cf615860ea9849e10aa93a231418f12a05608d83ae04a314c0994085d
SELL,0.002,90.9,1762310159,No,0x0d56e9d22491898d5cdacda7b7c45efcf16bf8290a19291691854ce3ced2df5c
BUY,0.998,55555,1762310147,Yes,0xca2d7eb41fb0342e0bbeed7af973d985167685220c51dc483f7574ff4c8756c5
BUY,0.9979999943204606,120.080159,1762310143,Yes,0xcadf25c711e007b3b69c6c25ffaf86d9bbe795a1a2479af39d1cfa3ffc6667d7
SELL,0.003,6727.12,1762310121,No,0x7916818577e7f991a2b2ad089a3d9dd0548fd1b181b22042640525b050008d0e
SELL,0.996,158.73,1762310121,Yes,0xd0bc2564a7dcdd3cef59ebe3ccd35acc8744f589e7f27f2b80a88a3716030d09
SELL,0.996,74,1762310121,Yes,0x58a295c660d76a10dd366ecae5396b01e271165ec630084affacc3feea15d4f3
SELL,0.996,90.69,1762310121,Yes,0x16d08af9aedea3cca307bc3053e81afd17d1d0b58234a587db07b7c8c9e5ccb7
SELL,0.003,43775.09,1762310119,No,0x7403c81ead63d50014d3e26e0c022187fe62a4fc36caa150b0e9ef88f25ca695
SELL,0.996,110.63,1762310117,Yes,0xa49ed67bf6b9a69f784592a1705beed99ab26a2da3da6863ab1c8fbf96369ea1
SELL,0.996,0.04,1762310117,Yes,0xf52b60dac159dbe02ac62ddc860fac4380ebfeb3271eabe0db133e6cbcbcb472
SELL,0.003,8333.34,1762310115,No,0x7085f0b15bd12a57b1df1c26cbeae6fea923a6b4d772c872f49fdd6e1287a2b9
BUY,0.997,30000,1762310107,Yes,0xe30a7ad59ab7063cf99b1948ecc4bdd4e1a8b1c0d8a5c5c72f1ba2b6efc8c5b3
SELL,0.996,7085.14,1762310103,Yes,0xea5a13a8b1e88bc937e0a38d2151d81a8dfd41ed2c0c45fb0199ce9b6a5371b7
SELL,0.996,15000,1762310099,Yes,0xfa60926e7fcd56346865d9c1bc24b388d19d0eabc41066aba278ff6dd8c85df7
BUY,0.997,1111,1762310093,Yes,0x0c74d0d20087227933818a8fe563d73f020af5a41fd11dc976492e32db19366a
SELL,0.003,2894.29,1762310091,No,0xb82ef6dc4dbe95c34a096b8d0c6ab6daf6832c8a858dc6ef454b8c016e0d933e
BUY,0.997,160000,1762310091,Yes,0xa3f35adb02b8531558dc1b30913b56f7b3f7314d82c68cd0b971c0e2652100d6
SELL,0.003,10000,1762310091,No,0x6ef9484c5184de138b0faf16dc9adc84aaba562f49e6b629ff0ba3ceb63b4234
SELL,0.996,9.1,1762310089,Yes,0xb7c474a116f030f8d7946698f38101ce34cd57812bbb37f5ce1f05c709b5e0cc
BUY,0.997,100,1762310089,Yes,0xee100ca73a9cfbf2ce2bd5acc72e0cfcb47f8c3119ad615bccc36d1acd706b33
SELL,0.996,115.55,1762310085,Yes,0x2b53febcb2af7a3158eaf2943b27db96ebd0cf46021d4de574c0066fd12a5459
SELL,0.996,1,1762310085,Yes,0x0104fa40111254e0e9d97ac2bddedec7e491d7f8051b0728c1ff85494e208ff4
BUY,0.997,1000,1762310083,Yes,0x71ad525652fae968db2fe6bbc91848ffe1a3cf3b093100e7810ffa9cd456a4c0
BUY,0.997,55555,1762310077,Yes,0xb0271787720afb674151c28be7d08b17f3c44319be76d7f2785e7c20e9a389a2
SELL,0.996,110.52,1762310075,Yes,0x53da42ee274216a716130445cc269714a7b01cb9da3bf73f89f65af1277ec16d
BUY,0.004,5000,1762310071,No,0x4e0846dbd614ceddbc39e0657ec56d50c2186a2973c7fa3d3a3f7f9635fcc0bf
BUY,0.9970000000583871,119.889669,1762310059,Yes,0xdf4b10d03bd0f6dbd7ec7411fc7427feebc070fe862284bf18c783f8acbf2b72
SELL,0.996,177.3,1762310051,Yes,0xaed7291daec9e7dbb1045b915d117eb243b64c36f0a4cc3490b53c853f2a3e56
SELL,0.996,12500,1762310049,Yes,0x72a71657b2dd508c528faf95eaf1790daa2c3e44a9d53300249d40c2302a3590
BUY,0.997,5555,1762310045,Yes,0xf7e36d0116a161b04cc9fd57a50870af947ce18a2d8b9fdec4ad98eb9d566560
BUY,0.997,1454.32,1762310039,Yes,0x810b9289a7f2e3265dc2f18358f9f0a4dd23c5cf9cd87b0bfa2acb31c648fd77
BUY,0.9969999981942556,148.415244,1762310039,Yes,0xdfe4ae7d29fdc4ee0af6b2e98173f89399de3a2cc2a4e5fd60d0bbdaec4f3d3e
BUY,0.004,750,1762310029,No,0x9d912fc1ed0b032fa3acf8a519728e3dfcaf77cacb7261c1048610db762e60b2
BUY,0.99699999703891,100.300901,1762310029,Yes,0x1900ac1e7fb48d65a48964c1d9bc4ba355b53bd86620e617d204f75b0d0de825
BUY,0.9969998840631232,7.021062,1762310023,Yes,0x5ea16d6c3d5baedb668280af895bfed3848eb8bd73b8b5e4f889f5ad2ffe210a
BUY,0.997,33333,1762310019,Yes,0xe19bb1ce21b139782d732b7c93c36472bd1010372fd34ee48ffab022ee736d42
BUY,0.997,7000.65,1762310019,Yes,0x4e8a4ffb7d9d0d1a10075b3b014dc63eda6835315afc92f4b368a144868ffb74
SELL,0.996,5.55,1762310011,Yes,0x0e3cddfc258edc0dfe5a8f693df77d5dffaba6c0be1621e67dcfaf8b725d1322
BUY,0.997,11071.7,1762310011,Yes,0x4f7733fdb2b33e063082ee3e76524ebec81943d76a106f1124502f332e46ae1c
BUY,0.997,1500,1762309993,Yes,0x979ec1db79a91f28dea41692a56d3306d8976e9f5e961d5d8d97057ea61d4ee9
SELL,0.996,57.23,1762309989,Yes,0x465605a2f3c2fd0cc01a78f8cbb3c62c9eeeb48f726d647851e6db52b398bf46
SELL,0.996,17209.57,1762309987,Yes,0xcd1afe9fbfd5cd3d32e97f999b9bcd566e3f08ffc2e02f60325763e79b777221
BUY,0.004,124450,1762309987,No,0x1dbf0fd6a36a4be4825ddf881f4719ed545a37238421070e7492e7eb2b1dfe7b
SELL,0.996,41,1762309985,Yes,0x2f81f70602ccff6ee90c6df8e41ec794e94194b03e717da308f4842a194a1a78
SELL,0.996,100,1762309983,Yes,0xc33bd6b572fc91bad3fe65a5a77d04091c0e5fb492e07b20f1f9597b72c7c904
SELL,0.996,160.08,1762309981,Yes,0x38f1b8f8dadb5f9bf58e35409b6d78bda91f73d93d55157eb3c4237dc311c789
SELL,0.996,4183.45,1762309981,Yes,0xf7e650f605ce8fdf00ce73febc7c3786cb12c54bd0ad6b53a0da1de319c34b7c
SELL,0.996,315.56,1762309979,Yes,0x89645b531ee556b169b9d705f685e8146698891e1447e77857cc461ebe844d46
SELL,0.996,5654.54,1762309973,Yes,0xebb438f07f07c3f819d5f2f28ec4d0e7023fd46b4a60a0bc8dfda463bfb9cdd5
SELL,0.996,39.16,1762309957,Yes,0xa27c38ed27c68fbc1877892e9bae8d743f51fbed6da2ba407b5b385275987f35
BUY,0.004,5000,1762309955,No,0x49e8d203add9b682565e284ae0229f8a1f6c202bcbffb3a9cdc806fd753a9423
SELL,0.996,105.7,1762309953,Yes,0x54f868a8001f380749c72d0b4176da64f175013b5c7441e4474563683b491d06
SELL,0.003,250,1762309951,No,0xa4e2239b131d5ec7771b0e9e3d24d48c4575b0ab23b9cbfcccee0c6733a4c216
SELL,0.996,637.78,1762309947,Yes,0x0f210f5aef5945e36f785f811a56e3f0b47caf28d803c3adb45da552b4705a14
SELL,0.996,605.54,1762309927,Yes,0xeeed1aa5aba6e028d3db4f331150370e93015ce8cfcdc1f4e68d3f3c696fef13
SELL,0.996,222.81,1762309917,Yes,0xbf66b0b5acd872b9e0e2684a7e733047f64e590951da1d2f2c634bdcfa616fd5
SELL,0.003,1123.59,1762309913,No,0x699fb387f6e0aa66b7513fb558561dad1912ee1ff044c4acba7b53583c8472ed
SELL,0.996,300,1762309907,Yes,0x819a87dfeb9eeb93d5af3927fcb25ade5e4562b93869581f0a77a4e4fab29aab
BUY,0.997,47,1762309901,Yes,0xa45fe98b2d1d139c95986f65282add6b6f1546bc6c95bd05f32cc53bef552c01
BUY,0.997,55555,1762309893,Yes,0xdefb9c2287f4b8c0d1b5c10ef68cec92f1ba404347f5b9ef3be146198484cb49
SELL,0.996,1.19,1762309885,Yes,0x533c23de5c9df4e3e3cfdfc3aa755e6bdfca8068acb8c2a81b92ef864628662a
BUY,0.997,100,1762309885,Yes,0x644e3d254e1ad2cea2d7f51e0b5935994bcb9d0a150541ba4d468b0c918f06df
SELL,0.996,109.53,1762309883,Yes,0xdfbced19e8b805c19657291798788020c56e56d8806062a07388ef8580df9466
SELL,0.996,3.28,1762309877,Yes,0xce8d8b6a26a0f02e8cf476e35445546691289f67d1bde70b55bccf3425cd6293
BUY,0.996999996353537,133.279838,1762309873,Yes,0xe39a5b6bd1af69431ef460cb4bbf8f276ae8cc83d3ac932579e47682d6793870
BUY,0.997,2000,1762309865,Yes,0xd7d66018b305f6c75de5aa5fa7538326ab6ad0d5a11f7d26baeb6a8ec38f9b74
SELL,0.996,7040.98,1762309861,Yes,0xbe36b2fb14c990c8301b697a88e802d251eed808f09c369d938312bbe3e5eaf2
SELL,0.996,6231.79,1762309859,Yes,0x9c05b5b2951f3284787d968c2c394b6733f8dcd4c7f8ec6e6fb3c5bd71a34162
BUY,0.004,375,1762309855,No,0x172147af683b8f54aaae09f0fdeea6c02627e761db6c797c38533fb2dfbd783c
SELL,0.996,66.19,1762309851,Yes,0xafb7fa1aac9f29929a07bb6f43bf2da352af738b06864866c83bcea94d680a61
BUY,0.997,2000,1762309843,Yes,0xac100d7e60213e69df3769041ab2e012a0af6f2158eafeddd9df9202993971eb
SELL,0.996,1635.9,1762309835,Yes,0x6bf271973c1f7d16201e745c84c03a6643cbd3760ac2b10e55272c0d116df165
BUY,0.9969999986545794,115.205615,1762309835,Yes,0x1afb2d972c1b3ebeba53254f886dd6b9b2a357122055c59ab6fd5d8c67ba5799
SELL,0.996,22.07,1762309823,Yes,0x097e11af0e375cc3f8caee68b38d952818d0f7b16b3346682914392f9f14d9db
SELL,0.003,161,1762309815,No,0x2c543e5de0f05ef86fa10a306bd3f199674faccc5154100fb5c1dd3c29b44a8b
SELL,0.996,5.35,1762309811,Yes,0x0f510e178e62dad9f69a144733d442ea52ef06ba79433cfb33cf76ad85d624d5
BUY,0.004,250,1762309811,No,0x8019c8e1f413c6b270e3d4a2a456261b018d38427fbe8dca2e08955d07aff766
SELL,0.996,126.31,1762309809,Yes,0xf33bc680b784f4f7c10d51ee9fc157ee276fa0881b7e94283f55c17f5ae179d7
BUY,0.004,1000,1762309807,No,0xff3744ff9edaffabb1970bc18d42e3ed893fffb2ae3abc5f08672cb4e4235ef1
SELL,0.996,28.5,1762309781,Yes,0x35563bf55af32cdfd091fac725a14143559d2a7e45fc76fcc5026b5b5cdff7e1
BUY,0.004,250,1762309779,No,0x50bdd4496773349bea4f52fed2bc03b00d13b2d932aafc7af8931a8e09da4e2f
BUY,0.004,24997.5,1762309779,No,0x87a9f1b95499c33628c9ea53a85cdc53477513f37499017b870f9ad79d09194f
SELL,0.996,2377.44,1762309773,Yes,0x096b1c65607b01bc206c5b4aa29e47f9fcd9d1b5984d946f688d1ed59d1b8b83
SELL,0.003,17557.09,1762309759,No,0x558f93e7ca958221b5933684cd17fe543557739fec28ebf3b0c43e9df7377f62
SELL,0.003,408.99,1762309753,No,0xda306942c7645f5feb9ee6a009519e214a1c9db8efc4c171dd388f990ac24789
BUY,0.9969999982718327,393.48044,1762309741,Yes,0x5ba2586e2a6ece15b4f3ad71874e15f9383d1acb253757aa074398bd684f2150
BUY,0.9969999925712509,64.61384,1762309737,Yes,0x2e4377757e0ddef20e53e21919ac330fd0f5445552123eeea1e495264e8b90d3
SELL,0.996,4676.99,1762309735,Yes,0x6732ed00c9acc4f86b25bbc2e6c01d0cc73063c339dd83807b53b662c0435e69
SELL,0.996,3341.95,1762309731,Yes,0xb93ad264462df24c9251927b523d2ba8a22b61fd7fcc488f3356f9ae93aaccc9
BUY,0.997,31360.37,1762309709,Yes,0xc3c3291421d48a52d6462d1e32e188bbee248e6aa59a648dbded9956ece29708
BUY,0.004,5000,1762309705,No,0x5cfdb28ff23c8b887bc39e27e22fff0a7b2060fe73acd7b4257e2d0fcb3cfec1
BUY,0.004,5000,1762309699,No,0x8dcf5b191c03eec41c3d5e5d9b070c03524295d3bd1ba388d1fb2daf9aeffbf5
SELL,0.996,5.3,1762309695,Yes,0xafecd06f6674a5d496f75866e82f295c90ce09e9528325291b3cd32e28f305b9
BUY,0.997,2000,1762309695,Yes,0x53e19cd6bb49944c3599526c3ce33ddb7cea79e37aa3120b60386dae78770a70
BUY,0.9969999586477182,20.240721,1762309693,Yes,0xa172a714a46c8bb30f39074cbd69637f225393aefcf6d064da095f702b47cd47
BUY,0.004,5000,1762309691,No,0xf6ac6eb7408cfe9df8301abc5b60a10f49df3d255edfb9ebae12f506ceab1e4e
BUY,0.004,2000,1762309689,No,0x1832774d6990209b267e9656d6d8474b94bda3ac79654cceb8973d542355fe37
BUY,0.004,3325,1762309689,No,0x7cdf650a1632a7d49745f08293a37605041e99eea55f5b4045627735a343593e
BUY,0.004,5000,1762309687,No,0x6f5f709903171b720d6805c36e77a474cdd5448be011db160a48c475aa812ef5
BUY,0.004,10000,1762309683,No,0xb928d1989c8f62b360ca83e0c835390592d7bb4e92c48b9f81e4d8f2af9653e9
BUY,0.004,2500,1762309683,No,0x5db56007a63ed117ea3bfeebdad7efae88d116a9bd19751dce2b6c8595fe39d5
BUY,0.004,500,1762309683,No,0x1b41abfaab6b5b4a299931144c4e3987020da3a4bafe6b51e08e40c3879476dc
BUY,0.004,5000,1762309679,No,0x8849b745ae0b32ad9169b54a88523ab8891ffaad91a08baf1251bc7c69b710db
SELL,0.003,199.99,1762309679,No,0x296242b41252edc727ed72a467159d1f52795de7f9037e6acffa432f26614c08
BUY,0.004,345,1762309677,No,0x60aebeb6ae3bf9304988a036c478f5753a44ce87e9885b71553013c8297613dd
SELL,0.996,53.25,1762309673,Yes,0xf153166d505c2858d3bbc87785f24b3c6bf04c7584c7d53159f2d20383cb29fa
BUY,0.004,5000,1762309673,No,0x19b6d3b206ba0d06e1b50f24927b25d05f8942c211724b0305cd51988d148fc9
BUY,0.004,800,1762309673,No,0x3b5873ac7ed726f7e33c579082c47cc447810a10cab655f9a18eb0c1e4464430
BUY,0.9969999953717344,75.406217,1762309669,Yes,0x9c44f84e79d06672dcec26124178669271d3efc5f8a3fcbfe4c9aba5cf1ddd31
BUY,0.004,5000,1762309667,No,0x7842123740cfd7f0347af56fd4afc7e68a924148d78c81a2ccccb67c9f8c44fb
SELL,0.996,44.89,1762309663,Yes,0x83383067b49b25df60ba418dc37bdb3856c87d59d9d3e01a831c28dce8e00833
SELL,0.004,56136.12,1762309663,No,0xa839ce98d67fb0f493387b4f820051030b80475a738da9be5d4b14112dbd3a0c
SELL,0.995,200,1762309663,Yes,0x268647c6ce6238d67f42f73063dc76562093fa787ffc50955a5517da4ef7e330
BUY,0.005,1934,1762309661,No,0x81a5772aecfb4c284b7fa501549d2b8081dc2c32d59af30aa183ed5665cb39b7
BUY,0.996,4016.06425,1762309659,Yes,0xca336339cff1d2f7133fcf22cf1e62b1ecb58524df13eca3d3eea6c1de43577b
SELL,0.995,2448.98,1762309649,Yes,0x7eb7a282aab07394fbacdd4cc788abdf18a488ee2adb52e157634b791bf24f68
BUY,0.996,435.6625,1762309643,Yes,0xbb61482981baddae53166ee5d8eb0c77338b004f3f73405af0408afae4a188c8
SELL,0.995,212.52,1762309639,Yes,0x3250a2ac7133cef0b34173c7739c3aea5e1bc10f151d80c16df5dc9e71c89ded
SELL,0.995,88,1762309629,Yes,0x484c26ba0b0460dba9de1f3ba162cce8dd10879c4a9393e95a6cdf510408cb38
BUY,0.996,542,1762309625,Yes,0x9ac62d142157cc16a222efb1267b0339f4564db987d2f277dab284036e16f807
SELL,0.995,2453,1762309619,Yes,0x205fe6e5ce6211d2f75d75b498aaf395825f9938978bc382d920d3b356ebf5f9
BUY,0.005,10000,1762309617,No,0x95d2a45ac589d8617934f7ff82687fc121a2eace9052895aa0e9eb266d6ffbcf
BUY,0.996,1.004,1762309615,Yes,0x91e41695b74436f6b6aaf38ef1476927f32da058381fe8a7bb84f91136bdb76e
BUY,0.005,67972,1762309597,No,0x3ad433982535a5360e647c41a9979d8a1a5d9cd325661b55ecfdc6974ff13512
SELL,0.004,3,1762309593,No,0xe46c3858846f760575655d52f0b9a25c14576e9f58c02878fe47977c4fee7dd3
SELL,0.995,786.4,1762309593,Yes,0x6a5456ea14ecd3482051e532fc7febc62de03b13ee2c2ac386d6501da76d1da4
SELL,0.995,56.3,1762309583,Yes,0x323d3a0dc5ff1bb236bd79ae2e54a2f2bf077302bf6e79b16e30fe5770cf7d53
SELL,0.995,10.72,1762309581,Yes,0x71769e1461d25f43f14880d923300fc6d594c6cdd2240ccb12400e0c02a5fae3
BUY,0.996,50568.54,1762309575,Yes,0x8a73ffcc71d341ec85a1e0ffb91147e8e40dbe4b61e322329a4c48c00a0d8338
SELL,0.995,281.84,1762309573,Yes,0x06b1b31da8f4af6164729a465b60dd0c37489e7da91739c2441aa0251f234987
SELL,0.995,637.7,1762309573,Yes,0x055c359445ef6b9e11a9542faf863abe121c4c948f3e832771cae625ae8872b1
SELL,0.995,100,1762309561,Yes,0xa6e73f89edacf994b404ff4e2c08867d94022d8e66e4ea034a456d6468ae3015
BUY,0.996,114.528,1762309561,Yes,0xf45bf07e6ec7f088b2b0b58a92e0b50dfdb1efc3f4a6bd84984b0a90f49b012b
SELL,0.995,20667,1762309561,Yes,0x7cc09dc5706b0350e10227af9ca31376095c734804fb3914eb6b5149c5c43e9c
SELL,0.995,3185.72,1762309559,Yes,0x48e80d88b89a4826fd930c212366d492a76b15bc5db941b33170aae0a918d1d4
BUY,0.996,198.042,1762309557,Yes,0x0622b18db4216bbac42a46a6f2f2f9ca09e030a567675e70ca2c82a772d839a6
BUY,0.005,200,1762309549,No,0xaa2681eba96e182fa0c905f08f16b971db05663e7ea394051154fed5a1434c8d
SELL,0.995,206.29,1762309549,Yes,0xe214bbf25e9de9f2abea53d2fde9da5fd03736bbe6da1379c84c948805d8a62d
SELL,0.995,1.06,1762309549,Yes,0x52194245da04c41beb70305eacf962c1e6943c5fdcecf9a45ea4ef81dd84587e
SELL,0.995,10,1762309547,Yes,0x7142e761e5bcf715f3e8c0d4452533ad1381e7a1ad7d3155db84b88ff6367584
SELL,0.995,1181.26,1762309545,Yes,0x9433bc9a957aa2f265ab959bf7bab16c8e70882e81d0ecab49e90fe145b49d09
SELL,0.995,5.34,1762309539,Yes,0xa02112288f1cee3b2c942708d10b71d929ee98359c0067c3e9995d673ac34943
BUY,0.005,200,1762309535,No,0xddaca6fb1a557c601f28987f3ec7aa2a4e767fb2c795b53ad48b6588fd1a8452
BUY,0.9969998397049161,5.67703,1762309535,Yes,0xd38df3aa90c110d3d37266c198864eacfe4485e224688c0fc37eeb7cc9febe38
SELL,0.995,7.36,1762309533,Yes,0x4abfa3a9856109b889273a515f7e0a07fe8a7281d8f4ae7bc5a94833a4fc4c4d
BUY,0.005,4978,1762309523,No,0x1e275a62cf09456b1d6f0ec0ecb5a21acf20064ca6900ac740c2b7d0175f8961
BUY,0.9969999999916987,8432.43731,1762309519,Yes,0x371f2c27b828323cc9906394aa77fc12838f83255dd8fd3053089117eb2efe5f
SELL,0.995,4566.14,1762309513,Yes,0x31d22eb80099e1b59c59ec1ad0be0ba5a7a572c99164448b63f848c5fc898535
SELL,0.0031505319561444625,43970.73,1762309505,No,0x746b637277aef843d9f6eb38816b9a850eeb096a117feba2df1306cc30bfc71e
SELL,0.996,22671.87,1762309505,Yes,0xc6bf7e7f551f339df888f770e71a48d1465ba2a5811f1f6b450511536e035b89
SELL,0.996,27.18,1762309501,Yes,0x1d5362e127cba6650ae26bcb71ae22aac49f2d65d4bcfbf62da8869cd4b85356
SELL,0.996,356,1762309491,Yes,0x7678489f4e9737b04270d202608f32a642b4e7089fd671e62e8203086ce49ce9
SELL,0.996,3254.81,1762309491,Yes,0x620d69852ac86f67f4f3fca90662e56a3a87169026a50c59b86b65d6d6c810d1
SELL,0.996,499.99,1762309489,Yes,0x33fadcc8ee710278664e84259d622e20f27fd7774e46de3b55cf15aa237b96ea
BUY,0.997,94100.35,1762309487,Yes,0x9b4dc9dd283546951dca19678ec9f76c82055c13fa90b727fdef01213f2b19d4
SELL,0.996,671.09,1762309487,Yes,0xd4c64400d0ee2e6145c456eec003d66f502549d53382dbe5713c56f0e312de06
SELL,0.996,160000.04,1762309475,Yes,0x379a9327224e3e5d899f7ccf29efb8663b6dbcc361e7416ca1bc939ed442ec50
BUY,0.004,4000,1762309473,No,0x04e3cdb3d4c5ab10096fde62d707cf906e7c1b92404e2269379f714f5cda7579
SELL,0.996,298.77,1762309473,Yes,0xfb15d8fde243e8f78c290c9e43b0e1903dfe22ea84dc8dafbc3098caadafcba6
SELL,0.996,605.91,1762309473,Yes,0x633240b70b3badcc2dd10e639b47068bbc7537ece1882375821878b883d95a7c
SELL,0.996,546.45,1762309471,Yes,0x993557203097d3322abdf1edf781f2660e1b9660a964c4348b4f3d9c497fd37c
SELL,0.996,141.28,1762309471,Yes,0x22132ec9b190f8575c110b2e9c43f2b480cf44872ffca39f4aaf83861e285462
SELL,0.996,2000,1762309469,Yes,0x3f455e989d71e7e6b7a342c95d122cf240243d824ef6a8f8fd24b83d64c651de
SELL,0.996,3387.75,1762309469,Yes,0x73bbbfeef29c0430a35c5e89dafebfaeda951a0feca253fe92cf3d5798f74dc1
BUY,0.004,2500,1762309461,No,0xc68c6a882356a55d90bc9814de452b14e4bea3f9878cab420a1a2af854498210
BUY,0.004,1250,1762309455,No,0xc36f4b6719fe24b14353c985faea934e35e46ef3bb91dc9247c3c8e0fcea19af
SELL,0.996,5000,1762309451,Yes,0x3e88714f61c26b4f7b4305479c298782f075f0167da0e157cbf62ae4696a6054
SELL,0.003,1460.81,1762309441,No,0xbeb23e28afce5d8a2660f3082c7f602f589da42d19117a7fcf8471804c1a13cb
SELL,0.996,2430,1762309433,Yes,0x84f4fe382124f88357d8d2f8845c6a9900ea00255feb94b290ad97d0f4139228
SELL,0.996,72.72,1762309431,Yes,0xa9ad23299371ddb10f2cb4a448dde8631e8382a497a6f95ac177bde77717afad
SELL,0.996,400,1762309427,Yes,0x424ec04e91e6979b24ceb644e198438c1fa4a50adeb747130d49d992529ae813
BUY,0.003,18738.24,1762309425,No,0xfed7ef5e4ccee41e85ff1043b1d592a696590fc80c4ae2e98a2cf1692e0b17a8
SELL,0.003,4661.88,1762309423,No,0xaffd1979c49fc7051cddae1954910f79bf142bcd15a73378ddd2b17ef1519c14
BUY,0.9969990269270036,1.003008,1762309419,Yes,0xd691eec279900367d4ec5546c976a12c037db94d8b7ad96454a254502cd1a103
SELL,0.996,1491,1762309419,Yes,0x0dcc3e0a20d67bba9d001d471d313a407bfac0a64fbad8ef7bd2a28fe511370b
SELL,0.996,131751.5,1762309419,Yes,0x6929e2f3186cc2dce2b58bb1b9384ee5cbebdf205a370af2683ba7ceaeb2ac26
SELL,0.996,200,1762309419,Yes,0x0e048ae909c500786626d3d576e29b046f620b4e0ab734dc2de68de0fdfff7a5
SELL,0.996,1.65,1762309417,Yes,0x9997f300533d033dec3d261e0a450d7647e7d54f4308ab986884ef91a9e89f73
SELL,0.996,800,1762309415,Yes,0xadabd52990a1daf5d7b81fd2452e0d75574bf4e37d41f9ec8694c4eebf2db8e6
SELL,0.996,2.8,1762309411,Yes,0x662374aa88b1e242b857c77dec18a4db422bcdf8ceece849198b78dbc43cfeb0
BUY,0.004,50000,1762309403,No,0x3a13f2885e2e93639f2019dbc320da4cfa37c811c2d6aa4cd5d935441961a9eb
BUY,0.004,400,1762309403,No,0x9e91254e608cdf147de7a6f626c1bed1dec22390edb885b4c2068b3b24aa586e
SELL,0.996,38.94,1762309401,Yes,0x8a328b1538fab63fe8fa07b07380a1770ae51f1540d09e7d907a3aa91c5ae5f6
SELL,0.996,2.79,1762309401,Yes,0xb6117005720d2dd6f65969c2de2bfa2c72c5b0663f206a1fa0cbcf0f3e1cd196
BUY,0.004,1000,1762309401,No,0x85cc6c03141eebfb6e8810f087a7794dccd0e76a00a4b8ec6b9d1b9e237507df
BUY,0.004,145340,1762309399,No,0x2b95e0c6bce66c49bfaa7bad9c00a1ba172e55daf1575c7b922dba3d64873a77
SELL,0.996,10355.57,1762309397,Yes,0xb32da8073bd555af7d8983d5c572976a9d8962f39554b40b807a6c58045c9ca7
BUY,0.998000007984,1.002004,1762309389,Yes,0x9e133221c141219ef5af60e8ac6c481158077183b9e57fbe56ef7b5f75fba951
SELL,0.996,30.26,1762309387,Yes,0x23e9ee0cbc915baa53926b818313beaea42e8efc629e1c2fb9bcb3ac8e0fb69b
SELL,0.996,1.28,1762309385,Yes,0x34bb83d565417960b9ca10f5fa0f6391dcbbdfeb6e1d7178856e30aa1d54c3e3
BUY,0.004,700,1762309381,No,0x0278e8a3f26f62e8679aa8ea856c2cb8753e6ebd54c1d93ac5b6a4db9300ed64
BUY,0.003,40027.44,1762309375,No,0x85e3cdaddb16565693187588dc1f945b37395394146f984b3aee20ab3b96bce9
SELL,0.997,600,1762309371,Yes,0x61eb2e6f92af6b17fbcbb166dff1aaf5b4d493ee0bf3a9feb44141981216d397
BUY,0.0030000000012,3333.333332,1762309371,No,0x9c4a020c03ed67aea772d9af1f6a906fd45273ba481ce23655b33b3f7ee5499e
SELL,0.997,17165.85,1762309361,Yes,0x2c21b8876bf629e2d9196a760d6bb9af0e72629646384d4f4625297ddb4ddf8d
BUY,0.003,19560,1762309359,No,0xff8af9b290d94d31101a6b0ceed3992fcbbc195c1b441b0d9af4e52aa9d32570
SELL,0.997,4.73,1762309357,Yes,0x1b67242eb6c9cdbbdf86bdba32c7689ea9d4eec1bcdda108d7f0dbc585588bda
BUY,0.9979999997775606,3254.819638,1762309351,Yes,0xd41a4afdd14a24ffb7f8b8eee8ab964f63cca3de9978be4f24403dffaa23abe5
SELL,0.997,2136.75,1762309349,Yes,0x67ad26e82d3545016f6257cb1a6b0feb842658e1f897a963b2b895abc8cef3a3
SELL,0.997,138.72,1762309347,Yes,0x59c17a57783b3003577689ecd6c2d1887902b380e1ef5eecdcda228fadeb040b
BUY,0.9979999924404287,43.917834,1762309347,Yes,0xa0c8be7d64c68737344877e336419575bc4a0848a537baed9d609b22717d032f
BUY,0.9979999993196244,1152.304608,1762309343,Yes,0x28563fab76c848f4215bd96359823e441cc33e190eec3fafa3c46b8407df48e2
BUY,0.003,2348.96,1762309343,No,0x527531f68695de219f151098f79fd2d3090056887aab749ea5315519ea1ebf5a
BUY,0.003,400000,1762309341,No,0x672cbf948656bade8441a3989ddf275f402551f4b4c5f5be12ca35d69d2d5758
SELL,0.997,12872.55,1762309337,Yes,0xed41cc76783959a26388d6333b6dcb9521dbff8aebfa20010308841ae0d35566
SELL,0.997,1134.6,1762309337,Yes,0x3b2a52c9abf27d65dee2cabc2c9456cb68e18b1c0629f86ade01c57c7c07d95b
SELL,0.997,2136.75,1762309333,Yes,0xe6a18b007aafe496bba7c0ab01b964ff4d22136fc63552aa6a8976cdec3a76eb
SELL,0.997,1210.21,1762309331,Yes,0x2713a400cd4a7153444152e32a00dfed17ffe38b02f6c23bb07b91fd620a470b
BUY,0.003,5000,1762309331,No,0x59baf63bd1bde7e1aed9391fa3dc359572549e327062669859950da1983490f9
BUY,0.0030000000012,3333.333332,1762309331,No,0xe9a41f3cc7ae3d4502ba724074ed253226c7fdc603decd51416291384afc4727
SELL,0.997,451.74,1762309331,Yes,0x5cd3543be547e983ba3f516a78cb7001847fbe744964ad8104b4df04958e6f57
BUY,0.998,99.9,1762309323,Yes,0x43310a146e96a8ec01495aa99da537e04d5277637c7162820677618ca4e38f84
BUY,0.0030000000012036106,3323.333332,1762309321,No,0x31c7cbdf7c8d8d25a122da2ac10850a1b544dbe44ce94b36f04a95af30b9143c
SELL,0.997,2053.38,1762309321,Yes,0x392f83de8ae95651985c020ea56cd8be45642a7be6c230b1e730744a9cef1910
BUY,0.997999993425424,19.468936,1762309311,Yes,0x4c5057ffeb1c672a32c91ca9ed29c6a8d113411ff13e42ef0ad642e93dcf774f
BUY,0.9979999921601408,113.777554,1762309307,Yes,0x45096b5bb13f4876a77e3f1152b75da9040bba9d90d3c9a5fd25e13234a83896
SELL,0.997,4000,1762309305,Yes,0x842e1f5e8c5f080c5885819287932ba5d54617af146ea9c9a4e2fc90bc7d1467
SELL,0.997,20,1762309299,Yes,0x58f6f7aa511d22ba6c868867708ef6c7b2b6a3f8c30a452b74f3bca140d08524
BUY,0.9979999999754361,9770.44088,1762309295,Yes,0x44a4bef0a911a9181957833e3c71992a312afccfb0da64484ab15eb60bc3a0cd
SELL,0.997,228.66,1762309287,Yes,0x4a961a93d953732f178924ff92a1cff72b7fc0480a1a6a3d22ddcbbc852a26ab
BUY,0.9979999998374908,5993.507013,1762309285,Yes,0x02bd2a908cb868515922288e303071d20d8403d0a5ba21e0f244ff454b338fea
SELL,0.997,113.59,1762309283,Yes,0x422b76eae835191854e0336039b29eb790d17c57f912b9e77a47abd65b5b3c07
SELL,0.997,438.72,1762309281,Yes,0xf4ce43583fde6d7dc3d0e641a004879b64d63bed8e81a6586bddfa3a8cb4e7d3
BUY,0.9979999913173998,60.120239,1762309267,Yes,0x9f445d99491ae80cecffd951743c9fe6463a489527af37e997e5b8b0fbd21b30
BUY,0.9979999079843901,10.020039,1762309267,Yes,0xf554236f9797c48be6015f2e9e1699ef841235006552ebb12fd734be80cf376b
BUY,0.998,1001.58,1762309265,Yes,0x4499fe8021fc7c2996beced8ea2aceb692ae63c3447e65f51dd4fe341a052407
BUY,0.9979999997654185,971.943886,1762309263,Yes,0x8cea02104389f53226048176269ab0daae3f5b6fdb9f7cb9fab77a6adafc4f77
SELL,0.997,1,1762309263,Yes,0xb21ff0157b0072c31f631a4ea70f5612166cfd860262624824263de986680345
BUY,0.9979999946537279,114.098195,1762309255,Yes,0xbe372447540e5ebd3d56fd01b8b02561af3130594d51d41cd5c53bd65bfb0695
SELL,0.997,224.99,1762309255,Yes,0xfd14e959e56868937f28db8855dfc295385932c631d263641c890ec3fcd69b84
BUY,0.00300000000048,8333.333332,1762309255,No,0x58e767d90d672b9f863be9af97d6b3d0cb36e657baf4be5664cb01c2e7dd2650
SELL,0.997,1.14,1762309253,Yes,0x27576ef4b6bdfc16f9afcc91dbcd612cd65524d7d436bb4102ba64b4e46c5c06
BUY,0.998,202639.46,1762309251,Yes,0xdea2486d9eb1d2057e5c2e2e55dc964cd05ed06c53f5e6b6d6811ddcae6fe3b6
BUY,0.998000000015968,501.002004,1762309251,Yes,0x5067819bcb58ff63e5532735c77e620e7aab7d77fa95844d0b4798f9786e63c6
SELL,0.997,10,1762309247,Yes,0xc5d727df347539343341fdbf88bed4dcf6631386bc14d40f0b3180689f0e1b17
BUY,0.9979999746507989,30.060119,1762309239,Yes,0xb92b3e57cc11180067b8a9fbea5e993df96dd39349dd50d0010ca376e781eac9
SELL,0.997,14128.81,1762309233,Yes,0x869e7bb5e18023fb72bfee99d5e8d6f3ab0950cb2b8c3c0e1c9ad2f768841e1f
SELL,0.997,33.92,1762309219,Yes,0x10f82800c2c2edce49626bf2290080eae936db12df0b4169fdec829262449f80
SELL,0.997,105.84,1762309219,Yes,0xecd4dd3226e50cac5c86095c9a0259aa4c3fb1c3057684bde5730532c3a22966
SELL,0.002,16034.99,1762309219,No,0xe866d6e65dbdf2357ef8b97f556d849f032bf579824bea2c473322208b83e28b
SELL,0.997,1500,1762309211,Yes,0xe69d8b52a641d2ce1991844a2e18c74ce961bb5191147dcb6173374c212b1af2
SELL,0.997,1.14,1762309205,Yes,0x98aaec17ef96f55bd2a9e7dd488e79584ca4a26983b0bf963febb30326e609b9
BUY,0.0030000000012,3333.333332,1762309203,No,0x0ee73697902e8a1f7a87096590ca1ba8f1e98439b008db8bb57efe71bbb61732
BUY,0.9979999979840399,100.200399,1762309201,Yes,0x9de391db3cfd0450cf7ee60438374f6d9c6cd92fe39a541cb28bad1451b5e66e
SELL,0.997,5.6,1762309201,Yes,0xcc62c6d49883e06043b4212dbc22a912ac53be5711f79596b3b9e59bd964afc6
SELL,0.997,105.85,1762309201,Yes,0x94f2b1a9b6b17f3e20748687b88938f81ab76cc14c034eab55328e88f0cd3395
BUY,0.998,5,1762309197,Yes,0x5c877ab07c0be32d93ac0e13803b4c37aed73c8e59a95481c7bbc876940fb708
BUY,0.003,41910,1762309197,No,0x31e1b2bc452c06891fde4a0a9d8df86a0c8c2a3ce598dbc39ad515b0826aecde
BUY,0.99799999361421,147.515029,1762309191,Yes,0x998bb32c6b331ff6e58cef7383225f5ff65d9ab8958168406de07a7fc8cddbfe
SELL,0.002,2857.14,1762309187,No,0x350128804b2925bfa987362e4bbc75e1131515ed52793bddcff2a352574c0ca7
SELL,0.997,113.63,1762309187,Yes,0xe26b317fedece3c879fd4a973fa744db74f36171e7481792290b3ff73f52e302
SELL,0.997,1352.39,1762309185,Yes,0x1e05702c6d50d6cbc5df731a299e4ed64800544a89f860bc24f47d5737d6e35e
SELL,0.997,105.84,1762309179,Yes,0x7d0aad71bf9aab7d8d9020725e51b4a133d334fedabbf0f405b933b72b1f4657
SELL,0.997,42072.36,1762309175,Yes,0xe64605f6f92b5cbcc307c8bccec0ad9d4b91852fb1843b152eba0855d7f605da
SELL,0.997,7372.2,1762309175,Yes,0xd79653a9da07077dc268223747317642f55610cffd16c060a234c816632abcee
BUY,0.0030000000012,1666.666666,1762309169,No,0x961333bc061c6c7dabab89a6332b4119a12c09332da7a284c0705d71f3b94838
SELL,0.997,399,1762309169,Yes,0x70165e61afb080d5f810c0fc3f8fef9f52e8721ee3deff9486346f721b080f80
SELL,0.996,65.43,1762309163,Yes,0xeda27498ad054439e9cd7821d66900708a30a0673509d0564cdf9bf74936de12
SELL,0.996,105.84,1762309161,Yes,0xbac9f5daf9bffeffcbdd467b085593b731abf77d20a899a1195b092559d7ad6c
BUY,0.996999999988664,88.214333,1762309161,Yes,0xcaa833ec0ee28dedacc060f3a3b1f34a16508bc7a4486f95ed5ab2d1a7fba7ae
BUY,0.997,1500,1762309159,Yes,0xdb59e7443127d162f0bcdb6873745b994cf4d0f870a1c958cfba87d9aa6f47a3
SELL,0.996,161.62,1762309157,Yes,0x53bc6d3c1dcd4c61006e1e6ebf2960c1ab7653dbeac5f2837b9fd576c8078dbe
SELL,0.003,106,1762309149,No,0x0d9fc625c69fb109cb2f06b2b4820552b821eb8ca88699c01dd8fd953080ffdf
SELL,0.003,2083.33,1762309145,No,0x315fb2e2e9bf17db316ba715766f6cb14bc84d0869f908ecabc7a78af372c610
SELL,0.996,105.83,1762309145,Yes,0x721bc7daa504f8cc0fb0b479b4a0cec48a84113d48f75de7ac2d4b5d8d965973
SELL,0.997,2000,1762309141,Yes,0x4e1662a73e8605665e0341588dd14a93e182602dcae956cac89af09342ffb9e2
SELL,0.002,390,1762309129,No,0x4967846f29ea69d29dadd4ca74e29fd401857ff009c44109ccee544c3c5adba1
BUY,0.997,11945.21,1762309127,Yes,0xc2900d1526858e3f4e557175e6a6e3a069bb4cec1d41a5c9bf192f98feccdb28
BUY,0.003,38054.79,1762309127,No,0x13dd0717ad34d3bc2260a9a436d19c8aaaa8526942f06c1384d412a56538bc83
BUY,0.0030000000003,16666.666665,1762309125,No,0x025870faac573a06206a1e1e8219599de8617392a19eb8e607768bb7f78c9b88
BUY,0.9979999954310592,111.623245,1762309123,Yes,0xc5aeb7ec1e7efe551fc5387b66ddb16936ef6d06164d10bbfa6bd7e152171c6b
SELL,0.997,5,1762309119,Yes,0xbefea93f3d30e3017636f84038744c54d456c3a2cdf9c77e3a0e16d9aec7a04f
SELL,0.002,5000,1762309117,No,0xcef95b0fea9891006d1509318d5cbed797c6850933b4bb415c608165b65a731a
SELL,0.002,1,1762309115,No,0x5b36a597e742625ee71d1137a1b12c1f0c3b33286fedd54313312f0ea2247198
BUY,0.998000007984,1.002004,1762309115,Yes,0x48bcb8eba9c35760784a425fa57b59ee8dbdea5284bf7956223b9d4ea20651dc
BUY,0.0039155314325535606,254565.7,1762309101,No,0x9bd939b345337e0be6eed0f3ebbb523352ca2219b57a95e3b463712e2f0b8ef0
BUY,0.0030000000000974815,41033.333332,1762309093,No,0x2ac7b7c6be42f96c79c94605d0bc0e90ccaf6579031b02ed95528ff213bcca11
BUY,0.9979999993989362,256.212423,1762309089,Yes,0xa64b5975e5eb4fa0a1efd3de7086f70f42ea2f8116720ca07fdeeb05055d5037
SELL,0.997,5.62,1762309087,Yes,0xfc83f7e55164f71a3c2ce43adda6e9b605dcbca42faf2625b2607f0b1487551e
BUY,0.998,10,1762309083,Yes,0xba3c9c5ca559febc93e51dd8a8dc6ebb413de8336bf6f24e23e889241ab35089
SELL,0.997,137.19,1762309083,Yes,0xb569c833c0b604d0ec76b5fcc262e48908d908b39eaeedf302e7f4ed8b633bb2
SELL,0.002,800,1762309079,No,0x22121eb58c8d3e80bd19802bfaca19a7b76d5460224d7f95be943bf04a5aad39
SELL,0.997,42094.77,1762309073,Yes,0x988e89e3da88bd70a35f213c86d6895a7d9800c55f4c31533aebb086eabbbb68
BUY,0.00300000000075,6666.666665,1762309073,No,0xe5f6b968d7eb8b111733dab0a12de4a58bf62787bfc200108c8cc0cd4d0a8063
SELL,0.002,1000,1762309071,No,0xe81767874ac5f43836ca8cbb6296942fe6269bf652ef212abca2b101a3c41aaa
BUY,0.998,50000,1762309071,Yes,0xb0215e4ec27f07b8ccbeb5861f0b5a141edd0e8c4b80def05766817a9550923e
BUY,0.003,16620,1762309067,No,0x8677906596888ffb15e653c2bf2477ecbeb9dbcd8308ac7363bf4a64206b3b77
SELL,0.997,1800,1762309065,Yes,0xaf902e2ddfd65a7d56dc603e45d894742dd9ab45bbf2e6e87e742e62c1ca9e7e
SELL,0.997,9.78,1762309063,Yes,0x78e11bdd9129c53f32c1dfae4d00540d7663bcf422ae5ba1ce39f4ee67b79355
SELL,0.997,1052.57,1762309061,Yes,0x13fbdfac280f92bdc6aa5a757973ff691ae9689fb0709f45b1dd8873118cc548
BUY,0.998,300,1762309061,Yes,0x847bdaf9fc32517fc8da400ecd8acc86340561da96f42d89fb1f21792bf81d45
BUY,0.9979999979840399,100.200399,1762309057,Yes,0xe061fe9aa28c35955c24aff0a0d1d0048507f9730c03e24b2492e8a53d8d9365
BUY,0.003,1000,1762309055,No,0x6f21d120f15acdc21d7364fc77cf61b1377c5e650a24027c304cc01230457973
BUY,0.9979999999778492,30156.833666,1762309051,Yes,0xe07034cbd2e1f23dbc2289542406caf824223803deabcfc0fc14bf1da833b94e
SELL,0.997,12105.01,1762309047,Yes,0xc2f8bb16dd3fbb2c22edcfd8385b37a30c3138a87b52336b9fd0f666f914e2b7
SELL,0.997,1980.7,1762309041,Yes,0xf1ff070c11ecd63bf2a1122e0374196cc3c7239537cb59c947cc07664ee09d1b
BUY,0.9979999986817116,107.715429,1762309041,Yes,0x4e6c89046e9fefe0bcbf75371c036ed2690e659fa1ed7d78f7c9b29f79630b22
SELL,0.997,59545.36,1762309039,Yes,0x547c0b42d46c5da0df982198ac98522865abee50ca7f6cadcf2d30a09f42090b
SELL,0.997,11.18,1762309035,Yes,0xa8dc9c75f26543b11a640c5a9cbce02bb60f682cf498df0538b24f44b05b1b0c
BUY,0.9979999979840399,100.200399,1762309033,Yes,0xd6ff8834403c11dcefd8b141861c17f03f49a5b2b47e12fca6ee2caab22d49c8
BUY,0.998,890,1762309031,Yes,0xe3fca1ddf4cef8130e4737d46a0f10a0718e81ac6abbcb8b8de1f5083d32f58e
SELL,0.997,39,1762309023,Yes,0x582f0d23b2fe58dc7495d62e47033f0a001f197f1a3b0c4d28f453101f7f430c
BUY,0.003000000012,333.333332,1762309023,No,0x3befa1c4380a58bd627493db50b016cf15b832e0666b161f0d763902ca5fdf80
BUY,0.998000007984,1.002004,1762309019,Yes,0x8832d3cbc5a6e9ea30fa3282ba6dcd75fe09e5050f081db1beae8f9ea9338d01
SELL,0.997,14268.13,1762309013,Yes,0x6a178e2da445b8f69033ca7a1bf834fa41be627fc8328ed6d6b568e5db01099c
BUY,0.9979999983745691,548.777554,1762309011,Yes,0xd87d12585a68854ed68d27db1e12803122038d8d66f7d64ea1e76b989ca519a9
BUY,0.9979996746518892,3.006011,1762309007,Yes,0xfd2a7f742d632e873dc1843ee2ac1ad1dad3c0b07141bf2b524cfd299155559f
BUY,0.003,765,1762309007,No,0xe36d631e16723d0839fef0f50273161560a0c7056cc38087cdcb342f40afa2cc
SELL,0.997,128.03,1762309003,Yes,0x255dadf6c735072742438d5b843c71326577641425ee57db0f16c4f24f7f99ae
BUY,0.998,550,1762309003,Yes,0x6c621d48bc2afeb0affe44f3f724b31f4259cc0af013daad4ace0c2ab3c183cf
BUY,0.003,1520,1762308999,No,0xba08b02a562a73aaa55a1ed45f0ac357c3cf36607527f1415ebe18bae225f687
SELL,0.997,149.99,1762308999,Yes,0x27af35acd6eb44ef63f43f7f6823ddcebc747161440eb1da2c7d449fa64edd61
BUY,0.003,60000,1762308995,No,0xc92d26950070fe814e9c7d5e58741a4d9bc10e713cb5c92577a5d671f9cb14d9
SELL,0.997,69,1762308995,Yes,0xf54f6a04fe5be124131d952017a0cd2c549027376c5e189cc8fe091339a37e77
SELL,0.002,2545,1762308993,No,0x8784ec9078ae694879f8b7f57fcc54f7e80133e1ba606c82cf6cfcc1ef87fe74
BUY,0.998,10000,1762308991,Yes,0x7b44cfdffc518e1b8f64748d260389b9a3f7d8d6764248ea37131cf5fd5fcf84
BUY,0.003000000012,333.333332,1762308991,No,0x30ae0166aba020c6bca2ededed60d111f54adb748c021c79a60294d4c334c86f
BUY,0.003,1125,1762308989,No,0x42ff1ea18f6196cc420a5a2829e167f6ffa6936762bd655df59150222e05b23a
BUY,0.003,1082,1762308987,No,0x98b6a136ece8770a863b496a5ba6c2957ac01eaf2944cb3ba4e8425c3e0f6e4b
BUY,0.997,2270.66,1762308981,Yes,0x78dc78676c959e4419c0c1d1e5e3b491a23898580cd54c7b40e5207cd861305c
BUY,0.997,609.338,1762308979,Yes,0x50e389bb8ca36d6ac0fcdcce7e859a9d4866d174a02feea680c3bfc3e6dbb36c
BUY,0.004,37500,1762308979,No,0x86b1c2aac105a12de0c726e1a4979ccd356783cf255f6dc206e93af4cc46c6c0
BUY,0.004,16500,1762308977,No,0x740091b7c63c5692b237902f44cfede8702253d42094aa3e9e23fceed58e989b
SELL,0.996,2.01,1762308973,Yes,0xd8930c78019133761616100cace05a8316e0fd42bc3b5a442ed63ecfca641ee7
SELL,0.996,29.8,1762308971,Yes,0x9ba3d4165497cd648eb2c5040f6e23a13c58251815cdca074f496def8da0fd75
BUY,0.004,800,1762308971,No,0x16eecfeb090fb75d8319db265e64b48c7280dfe5e275f2a11002875c85cfeb94
BUY,0.004,1940,1762308971,No,0x8f5926b71b192093a0a07ea6370680ad3234b7c1928057d66960122cdfc5fea3
BUY,0.004,800,1762308971,No,0xda23b9c5e8ef42e77162289d838f5fa46e03817e1e17821c81bc56685641af56
BUY,0.004,800,1762308971,No,0xedf2291d945a5a538767b7aeb93804a851e270a178328c3a9b0c52d5e9bebfea
BUY,0.004,800,1762308969,No,0x94daf75534db92f27fc71ef62fcd452a18546bb7bd9f53d31f1719d0d014c27d
SELL,0.996,29.8,1762308969,Yes,0x7351c8f601aba12b1437eaa09dc840c3d42f702c17627c2ae17da41293708279
BUY,0.004,800,1762308969,No,0x773218bcc4e9e790f13833bc37e3a2c1be4ef2be55830f36c3243fe10b032f19
BUY,0.004,1399.61,1762308969,No,0xff520365201de19df9b19735f4a89283c2d39ded3432b47d0fedf11d09322da1
BUY,0.004,30000,1762308969,No,0x34145409a6eee85b6ec451f68d1f1bd89f280a042a909f9cbb3997cb17f66c26
BUY,0.004,1862.5,1762308969,No,0xae1424cec5c9bdda116daf0fdb708b7783c3401f72876722d6a160b8a189845b
BUY,0.004,800,1762308969,No,0x0db0a96abfa8af674c2139dc410e09073da123f8da1641f7dd136b5ae44281ef
SELL,0.996,2395,1762308963,Yes,0x36544f99a1792ca5b0d4915ab7ddefc2c95f7473849cc4bdd6bc8d30707eb357
BUY,0.004,1944,1762308961,No,0x5b2e09c671998ea19dded2c96ede3ae0e0027f5e1ad140b2336367b6cf88ca28
BUY,0.997,87882.16,1762308961,Yes,0x381759bf38d335053845e65fc5a6b2f7b4c960a3f8cb573237420e656ba38a75
SELL,0.997,3470.2,1762308961,Yes,0x3cac8af7fbc4ea1d73411933e3f453d2a89d191fb6fb11c0b1a7fc10dc8077bf
SELL,0.996,935.75,1762308957,Yes,0xcd31f8dd36fa0e3127e183b67394fd32109f614ef0f00f7c8e99aeb3ff38d693
BUY,0.004,2777,1762308955,No,0x86d2341c9c76fc8a352751e1edcbef43cc8c9c421092db17854896c12763ad99
BUY,0.997,350,1762308955,Yes,0x01c0b8691ae8890d6ba5a967196abf8cc19123df0501aec7b5a10d1341fdd935
BUY,0.004,3967,1762308949,No,0x5c9f1bcb4c0af43debb346149e75d4e236f91b4b43d729dc4a975cc89bf74b49
BUY,0.9969990269270036,1.003008,1762308949,Yes,0xb5d9456cb072cd745d10983e0ef920e6eee3e943d4555a1fada15330ac7c361d
BUY,0.997,2816.46,1762308947,Yes,0x64a31e5453aa600f4da177a81314559da0b05b1f8bf61e88a8e3818df055675c
BUY,0.004,5000,1762308943,No,0xac7f4316a66da510b08a4f499cbbe69c2e6f1b40ca30dc1a6b62d094982e6346
BUY,0.9969999985102147,302.728183,1762308939,Yes,0x43f86c1636327474030dd807d593311f5ef015a370e920d713960f86d6009a71
SELL,0.995,130.18,1762308937,Yes,0x98ea9dda834e6ec3640a197147ec914163d9ab9e42a561d82e51777273d1cf02
BUY,0.004,29596.53,1762308929,No,0x80cfc55a5e3a8facd4bbb3394c5a245d63869dedd49dfd5380b8a11e44fa4377
BUY,0.004,5000,1762308927,No,0x517ead02523ab05e11bdb68cdc3db9e07f83fcd7c76c07cae5e75661cb81db39
BUY,0.004,5000,1762308923,No,0x62a102f173623933665a1659e7b129c3db876f849f09ff8e72166454b7b9b66f
BUY,0.9969999269198907,10.030089,1762308921,Yes,0x7b6080ce54e70efa6271db1e1d96dc837b6836a10463f73163b604c23a3dc03a
SELL,0.996,2430,1762308919,Yes,0xcb26c48951e2883702caeab3a51132e25f4d393f6d1e5105d91e369fb5b4d36d
BUY,0.997,400,1762308915,Yes,0x95f4237b8d5f1972a2f6adc6a01e809db6bd798ad60330efa1242f44b87bddf1
BUY,0.004,5000,1762308915,No,0x70710a5ef158f313a30b74ad48bdec1154ecebef11bbc60f325c2cc6e6576eb3
BUY,0.004,5000,1762308909,No,0x3c67fffc1e5681d0ea601b72ccef39ea50b253ec8600f926900d6864160c5295
BUY,0.004,1000,1762308909,No,0x27810efcf87723e621673ac265db35147b8a12abf31e46cc31a1fa73bc45febf
BUY,0.004,12040,1762308907,No,0x343e0ede1a0f6c4eb973519a961ec54b424f51f47675f85f54d1491bc823622d
SELL,0.003,20.2,1762308905,No,0xee322629365120eb23d970c5d99397ed3cacb36073dc4fc0c78b15c07016ab65
BUY,0.997,10000,1762308905,Yes,0x6a4e866753ee9dc0ce019ae257c384d75d074912f414e504383d44e049cdffaf
BUY,0.004,5000,1762308903,No,0x2f0b15ce0686b2d324a4a837669b6fb4344429cb96362c72f9bb04610f7d3a29
BUY,0.9969999994685803,952.166498,1762308903,Yes,0xdb1ebbd53bb9269476a48aef1d924b21ff2294f13cc12cde7642b191143bf179
BUY,0.004,5000,1762308897,No,0x3dd96c9e206eb6fb151bde1a81ddad108ca74bdfb95b5f0781e10aa640f55924
BUY,0.004,5000,1762308891,No,0x45e4e3ee2981072ab5394793d1148bea47c8d485e64a8f48abff1dcfe761e913
BUY,0.004,400,1762308889,No,0xbf590d2cea6f68381c62729be81df1dd5e705f0a92b9bcba6a5f893d80fd1d7c
SELL,0.996,21,1762308889,Yes,0xa40189f11873a5fb454e7c63bf81e36eaa7eccb4301388542c786e97930a33de
SELL,0.996,440.79,1762308889,Yes,0x2808055a860b6bc60d1e77bf65192de4c9f134b4e9c3d8bce6a4fecf5f9c7986
BUY,0.9969990269270036,1.003008,1762308889,Yes,0x1a066e2c2862ed4e0e033819deca5d18ac9287289436cd495fa1e7680b1f8d44
BUY,0.9969999996343607,426.649948,1762308887,Yes,0xb48365581854457be4de70559e80f372de9a24667d546d45f104ed8c04181f4c
BUY,0.9969999999907407,8423.991974,1762308887,Yes,0xa581fe6d87de2a85f7fc7a869083ab5613dcd11b57db6c91954a81552f110a3d
BUY,0.004,520,1762308887,No,0x3f52bddef96f51fbe0707ffc94077fa90cf3f8fa8aba215a5404278eb0894be3
BUY,0.004,2040,1762308887,No,0x210a88c3dde766a6605fa5b71ad679bcd96adb934cd0b4ad81feeabdb28a9d6a
SELL,0.996,20,1762308887,Yes,0xaef39606b08d7790aee8194a2fc505a236a08668f1dafc404166ebd2c7e2e7c6
BUY,0.004,5000,1762308885,No,0x146d84085bb1b3ddf74e50c7c7d467195c80fe89488ae6d2e72ca6861a3aa898
BUY,0.9969999982793816,396.369106,1762308881,Yes,0x6b74037049e560a05ae0f93336d378f80a3ace744aa20c652e8be61e175363c3
BUY,0.004,5000,1762308879,No,0xfb87c729c3969dd1a62a2142782404813818da5c49772ea3f4f459572b60f562
BUY,0.004,100000,1762308877,No,0x6ff83a2ff638b969f5eb8d4f8ad1ed2305d988c560bf18016f0c31143ae0dcd0
BUY,0.997,2000,1762308875,Yes,0x5335eb9cf34600a57901c6b43c3d7abeb5adcbcc9277407215d67afa4675551f
BUY,0.004,1688,1762308873,No,0x08bec6c7290550e908cb34a3d80115c5403feef2b49879df6cd3c988985fa1ea
SELL,0.997,5622.41,1762308873,Yes,0xf0f33e6995a5470b7927a314707b39def2297ef66987d2b1fa06f89b9d6d2638
SELL,0.997,5.48,1762308871,Yes,0xe75855e6f0f31db93c0eaacf7c112141c5053239086fede6b278ab871afc865c
SELL,0.002,43.47,1762308869,No,0xb3ae56bfe0cfe89413023d8075f34fffa216b049829a92f7891a0ec9f7f982b9
BUY,0.003,800,1762308869,No,0x6a1a56b70a5098055e96852329d7a08ec005c1965bed1589fbc30bc3f5097ae0
BUY,0.003,800,1762308867,No,0xd7828842ccdef19034b74747ca501421c124c73bb0201daf65e918b22ff30687
SELL,0.997,337.53,1762308867,Yes,0x904d507155f4f8412e7c25c182b7ecfa0d2598b827bf063d106689911c9dd663
BUY,0.003,800,1762308867,No,0xc48ddb186f05c85cc35f51db47c943d6a512d88c1d7c2f3fd55e0d81bdb34d5e
BUY,0.003,800,1762308867,No,0xd0a5e9c7cdef518f56da892cd6964849fe826fbf98eada8742883fea4609f963
BUY,0.003,3999,1762308867,No,0x592c5ccbb82a7b854ba752ab170e1f6987150eb689636b72137cb58d80255efe
SELL,0.997,3500,1762308867,Yes,0x5666faf7f02393d88fa8ab4c242baf6ca862dbfba7bac61fa10a850fb973c648
BUY,0.003,770,1762308867,No,0x899a33fb80a71acab44014ec842a87fa4edea41c57bcf33f42d5024b7206ef37
BUY,0.003,9335,1762308867,No,0x8795f2688677b7920d2d24e21ef83d615f2f837e88f1f444f8b13de7613980f6
BUY,0.003,1920,1762308867,No,0xad6b999562fab96289cb7bf3f235d85e65f627e544f57e4513628a1fd396d9f5
BUY,0.003,800,1762308867,No,0x350a6f79c13975396bd69481884d2238c0c6800cf9b9c58a5caa142ab2884c69
BUY,0.003,1398.91,1762308867,No,0xa03bd6e3adfbfb39ca4bee9dd65218684b66ab510d8d9519dce92f25202ddd20
BUY,0.003,800,1762308867,No,0xab0e376a814a06fb1417758f1db643205240d9f701b7e4e0b1f32dc75a1ff7fe
BUY,0.003000000012,333.333332,1762308863,No,0x7ace5a72ce24acf4dfce2a56e5c038bebb2326fa4be29e6cc72b0aae4975f356
SELL,0.997,12542.13,1762308861,Yes,0x643a82c1703b3cef5bbf33e75c7a452e0a434dff5da21ff6db47411a6a4ad412
BUY,0.003,5000,1762308861,No,0xdf6761e32b8639bce32b3d185cafc44633c2117a7ed428fb64bd51891f518f4f
SELL,0.002,400,1762308857,No,0x9c394e65288e2131c9eecd4beb5a5141fba16020a13b9d822706446b0bd15128
BUY,0.003,375,1762308857,No,0x0a5edbe28041d8dad1042521bcbd936bc5776f2f6abca231f60260c08bc14795
BUY,0.003,5000,1762308855,No,0xffd95e864fd8a8277c11a05ff1dec8c52b78b4d96b7eeeb44e7c569e91b63aa7
BUY,0.9979999978497688,177.655309,1762308853,Yes,0x6b6894c00c74eea861531e4ac95707357c474a9bb9033e59962ac706f6be88ba
BUY,0.9979999960025311,153.597193,1762308849,Yes,0x9b4cd3c4130e4b2eb3e681cc899867235b753a502110abfc98e81de4d9ebdab0
SELL,0.997,26.61,1762308845,Yes,0x16b79854564ece612ffe04ed8d2dbf9787b28a255e2f5682b173de669344b7ee
BUY,0.998,410,1762308841,Yes,0x5b81beedf123865e7e2b7282519a5bd5e999907a79925da3c18c45e6f93b277e
BUY,0.00300000000075,6666.666665,1762308841,No,0x956a34fc684dcfa3fd04826582f7ed73d463f3e65137639f81250946fac8b30c
BUY,0.997999995595185,109.879758,1762308837,Yes,0x1aa5a646e359c39d5cb0d8f0eb3d866e45b30143032e9025cd641c43b5d2c7a6
BUY,0.003,952,1762308835,No,0x19b971bbde0149efbf1a15e2211d2ff879be0b18e263cccc23240997832e1e9f
BUY,0.003,800,1762308835,No,0x9ebce5e6d5f0fc6af2ba5645b7b88d4d6d98ec316d4ec1cded1f0f778303de47
SELL,0.997,500,1762308833,Yes,0xda719b7f7afcd2c2fe87cdc06f22f76977e9630f2da9588f8b7be87642827728
BUY,0.003,800,1762308831,No,0x0ea84387486baf98774e817339c9a55f1bfcfea722e8da18342133b019a1a1de
SELL,0.997,56.15,1762308831,Yes,0x5a1460d34254b393b56c1c5aebdc6b18860e19eab06006fb519c5fda1d0dc19a
BUY,0.003,5620,1762308827,No,0x01c76f11d0b14966587cca4708cfdd48ced2db2ed5794d7c90af525b735e307d
BUY,0.003,1396.12,1762308827,No,0x2137e64a0a6a66f961a6ce58842b4022b75b2b29a53cc293f28dd2af402bcab3
BUY,0.003,10000,1762308827,No,0xee7315c3992ea5d3372245b1a69ac849024fb983a31ad0329ab322cbedb986c8
SELL,0.997,5.09,1762308825,Yes,0x9a9a52834ddc841129e087bbbc1eb0935377fda942faad2ecc08433f41ffa3c3
BUY,0.997,16958.96,1762308825,Yes,0xcbc782e5c2c88a5f63b9bebc041f5c85d939853beb0656ee2eb25c7db1b01a77
BUY,0.004,5000,1762308823,No,0x07912230925488b84caf134945cfb640b3883198ac135b1625c4bdfe498aa3a8
SELL,0.003,343.33,1762308823,No,0x3562530e0fce7e6233a22ab31267192a538ab0248f88b2fe0058be491d6ddae2
SELL,0.997,34811.99,1762308819,Yes,0x4e95d5af13bcf681cf625bff7db60e71dae8d776905115192eaca75c62d0f917
SELL,0.003,47095.38,1762308809,No,0x123a2ae830c1fb7fbbe7d3f1df5627407554eb8b2cb0cbe957436d52f5296d49
BUY,0.997,350,1762308805,Yes,0x26f74c72ce00c33c80d9622fa81aad1c90fd496cefe955b6ee0e9ce803ffc7cb
BUY,0.9969999976340769,169.0672,1762308799,Yes,0x99703f7d3ea662f78d55e293a40b4425153ba5d601cfc994991203ab090afa9e
BUY,0.997,563.37,1762308791,Yes,0xfaffa8b63146958d878f4c051489732df140538b51a78c2137b90ee3303c5169
BUY,0.9969999974733513,282.587762,1762308789,Yes,0x6b2643f4023a7ed7200350221219ea5aa6c792d29ffdb364c17090ed376476c8
BUY,0.9969999769194482,20.060179,1762308789,Yes,0x512bc82a14ff4a7bb50acdd4bc2c81cd3c3490bb6639567a8cc92dd9a91047c5
SELL,0.003,5000,1762308789,No,0x8ca894fd03812caae7a1bacc7c8f9ddd527e04358ded1cc325d809242446dbb7
BUY,0.9969999925654921,95.366097,1762308781,Yes,0x4664a9e4549cc81168a1ed1b6045bb845fc80b811131388179c8dd3e2645ff96
BUY,0.004,60000,1762308779,No,0xfd23c0a05e1d73049770807fe07683cc64a379b8799a4fce419cf675c28ae008
BUY,0.997,24745.95,1762308773,Yes,0x4f236ba224cb9be081dc1e9e2c31e9f3d41a9528c3cdab169d4672019ba90717
BUY,0.997,400,1762308773,Yes,0xdf1666b62bdfb4c2926a35ace47fbfaa699687267386ab64bef94921960c991e
SELL,0.996,40.59,1762308773,Yes,0xdeab9482944e5630653fcc9cdd4616f5730da39b87c7fd1895e9cbd5e87e9db4
SELL,0.996,5.77,1762308771,Yes,0xca831849f6491354acedc7a0d1e3044aa1ac41d478743d90fce5e4b0306491fd
SELL,0.003,38555.52,1762308771,No,0xf543044ef8ccca27ba6b03d996aba7bba31cebc966fcc7ba7994f11c742c1521
BUY,0.997,130,1762308769,Yes,0xca49f1c483fc6e45bf28333c5e1b45b216ccbac2ff92e05c18c729eaf2d9c306
BUY,0.997,271.14,1762308761,Yes,0x38f0e908d6a1c1518601050f0d02efef7fdaac3dcfa8e0248635e41b5627f467
BUY,0.997,30000,1762308753,Yes,0x3f95b65232531ce2c0cf72a3ccdaa41c443254ae5edde1874674c70b9b51e5ce
BUY,0.004,5000,1762308753,No,0x4a0ff8ea385b045ad4daf489d929756caf94334af2764c83f2b167c695a35e84
BUY,0.997,59,1762308747,Yes,0xa7270ea25322485a210a7231c7146171ce9fcb5fb2a1faf01d13689262fca67a
BUY,0.997,100,1762308745,Yes,0x3aefc4b0e6abfcbf99dd11900633f341d5d835626720b0fcf6d5f79327b637f7
SELL,0.996,1,1762308743,Yes,0x9042634461e6bde1b127516b2e68c8dd2392879bc1d069f031f0543035568294
SELL,0.996,6.48,1762308741,Yes,0x6e838a84b146ec2b74cb905f24e557bda83158993f19e7e06a55145656f00aa2
SELL,0.996,0.23,1762308739,Yes,0xf5c46449dd01c0457dd6e6f9ff18dc4a7da09c62b43bffac4ee376039c6a77ee
SELL,0.003,12608.95,1762308739,No,0xbe1936080fd27abad95b9204ff9692f462e3336b75f620fec1ff5d407560bd9b
BUY,0.997,300,1762308737,Yes,0xa9572ce38a8222aafdd6ea5ef9cf8284aa2c144dc3cf4424b4dfa6c41a3834f5
BUY,0.997,200,1762308733,Yes,0x7b84d9de79cce686cb4ae948a5a08d1230b078932acf051173417f6fc4350653
SELL,0.996,1486.89,1762308727,Yes,0x3f7556fbabb2a71da405437802b2352274ada29eac8b08944910dee9c4920415
BUY,0.9979997579849377,4.008015,1762308725,Yes,0x55c71f9bbce711ec10e1b4734003b629e12c1c4f54b8f02b80c4b2cb7a223ac9
BUY,0.998,10000,1762308719,Yes,0xfe2fc760be9245a84982c77452dc6421dc034d6099c2a41accc76dba1a6d8352
BUY,0.9979999952287538,116.112223,1762308715,Yes,0x2f0686f97c0e3a5952c77bdaeef977d3bd6af30def98bf627f08118b6f32d39a
BUY,0.003,90,1762308713,No,0xedd9534f80dd95fd644b613dd26a54ae3f94910a663512a01dfe6ba87726e77e
BUY,0.004,90,1762308707,No,0x5b8e0d3d1f2971da44a6312ad6911230746877b6358f47b4cfa0cb9fbb403230
BUY,0.004,402.5,1762308705,No,0xb0f25812a975de5ab72fcdeda1d0cbd931c62c4fabb3d276f732bfa2a0129dbf
SELL,0.996533532518807,562.29,1762308705,Yes,0x333aea89a3407d3e4c38ea691f1157c2ddd09936cb6f22ecf02c6ab63c8d53ef
BUY,0.997,62300.56,1762308703,Yes,0x9163afab6392509cc4f36c051aec8cbfe4bad8d16680bbe969908bcfbb271c8d
BUY,0.997,5000,1762308697,Yes,0x969095da0656f9c80462ad9eec9fdb6c031bcdbfd161ed3bd8325d9a5c920207
BUY,0.997,2.006,1762308697,Yes,0x5e8bc7ae37a9e9f1ffc853f351f3b9355cbd053ad6d9e1f93a1159002da19398
BUY,0.004,3000,1762308697,No,0xbcb8de34da08ea32c8b7f974c938a8afd777f90769a14b81fcbfcb1dcd86a5b6
BUY,0.004,500,1762308693,No,0x15982095bea3dcab9c85bfb2881bbca4607663f10f0ff032c80e4881eb19f516
BUY,0.997,1000,1762308693,Yes,0x1dd60a199996be423b9db4471cd2dc5ffa175ff893b46dd6165cc16c8ca020c2
BUY,0.9969999999999579,23779.147333,1762308689,Yes,0x09450acb1dddde3be570831a396d3cddf37ca437cfe23c313dafa384dc673911
BUY,0.997,23917.6,1762308687,Yes,0x3e17ee5600f21d1ea5f7d02def872a050735be50b4f4cd02581e82ff92fd15cc
BUY,0.004,25000,1762308687,No,0xf5928ac46bcb42f6640cc187c451710d3973d57fc20cf124c2a4d999ec2fc96f
SELL,0.003,22329.09,1762308685,No,0x1e2e2e41e1337b64a8f5df79c4c1e66c89427ce7abd1d68a97dbe74511045585
BUY,0.997,5000,1762308683,Yes,0x629c50bf26b1a61d77b9315c0c8c2551ecc7120bb1ce643ff01e41a43f142347
BUY,0.997,1.003,1762308679,Yes,0x562b2fa14b0a92e8894ad7a20ac5eb68e3b871ad4b8fa47b8c3c2d8b40370cce
SELL,0.003,25000,1762308671,No,0xbcd5c8baf60cbc46ac7029225545459652c44d7bd92953f6f550b486985be409
BUY,0.003,31670.58,1762308667,No,0x03cc589bf1253e4a797eb28f0afe8f7270a414dc7ba15f2896744abb9a4fe1e1
BUY,0.003,12000,1762308665,No,0x8ec5e7bbd68de15e921026e90012e098a1df2570f43704f3f6482c57ca6b7e30
SELL,0.997,7.12,1762308663,Yes,0x7ac54b6ce07870c68516b366512b4a8a24663b0518605429bf244c5d77cd0ff7
SELL,0.997,15999,1762308653,Yes,0x3f83952a1ad659cdb0a69c350e7acbe80a410cca42a2038e2071d8c121208b5b
SELL,0.997,510.58,1762308653,Yes,0x1c0d416fb6690ad8f1030e32bceec4a33cdc27efc926b86d03f62eeb8b3707a4
SELL,0.997,300,1762308651,Yes,0x478a2fe5622490fe82c91125f78756d56e71f29dfade19d144743e44eb6ac3c5
SELL,0.997,10.22,1762308647,Yes,0x9f5965ef85c2c3c8ac4e560535f35d4cd0b70675864a870b64a74ea96cccfa94
BUY,0.997,23292.47,1762308641,Yes,0xa0025e28882601c721f7e7beae1c7e7391b1196ec24b7d22b76228ef3294ebec
SELL,0.996,23.08,1762308641,Yes,0x024c81f7a8640ffaa49bec26411d7a1831e121e0f8e958ded5f2b8851de21b08
BUY,0.997,2028.08,1762308633,Yes,0xc75e0a1701186ef73e7c5ff35351b55f3bb0ce304930cd96837e33bd02f93477
BUY,0.9969990269270036,1.003008,1762308633,Yes,0x18c37bb022a2234c24a86c2651caff17139c007cbd3a06ede33d3099d68ab6b3
SELL,0.995,33.79,1762308631,Yes,0xc370a34a6617483cee084e7f41e1b84e613d0cc5bcb97d622e51337a1b6fa6fe
BUY,0.9969995269232514,2.006017,1762308627,Yes,0x739a377b6bc2ae73bffd3ae1d6ea111db6b1b628dacee797ada9e9d367fce9ee
BUY,0.004451637953048058,19862.352,1762308627,No,0x1d16575d1040018a13dc1ca72afdc54d526a498674d587e0815354b1deae4696
BUY,0.996,53716.96,1762308623,Yes,0xe43ad9f80c8efb057e6671423abd16f32f9a1c20a6868cfdd6128b5f0cdc6af4
BUY,0.996,1.004,1762308623,Yes,0xfcd4a9ce993c9a1042c352a0ce99a474164dfc9daffd8fc547904a692d774af6
BUY,0.996,3313.253,1762308619,Yes,0xfe40220d6dda1bb70321e858a840768190d5aedd1c661049673860e81c9a18a3
BUY,0.996,352.038,1762308615,Yes,0x2e8d5ac3514af4f884e855450640b795808caefb9064076577a3f8a1e25fdce0
SELL,0.995,1500,1762308613,Yes,0x26534697572a74793a22299e09d7de3a4e6734db060ac6a13aa8572cc16c7e57
BUY,0.996,300,1762308613,Yes,0xf04393d2a0c9e615f2c0aab2287ce6ced6f3568fd736744ad6bfdb6739dc8292
BUY,0.995,1470.07,1762308605,Yes,0x5bd1a3a98c2c5388846244fc4efcb0b847b000679afb70ac475cb3d42ed02c75
SELL,0.994,1.01,1762308603,Yes,0x309a2fbf11ee6e0ba47fa85376e8d9e428378c1094b453e57a5dbcb20cb00932
BUY,0.9949991243990193,1.005024,1762308601,Yes,0x4c7bcf12cd1e82a2ab129883722a579a6ea11767f76ec4fd71d67a582150cfab
BUY,0.994999999849243,2586.944722,1762308599,Yes,0x49e74f1f32731ff46f921685277e82eb3dcc152d26e9daffc0782a4e9af638a7
BUY,0.9949999999229432,3503.909546,1762308597,Yes,0xd4a4b01bcf86edb3ff6c45b55f9f5184ba0d0e73c2624e46423ae306b7caff3a
BUY,0.995,30,1762308595,Yes,0x59408ae7030a270e6289b3781383e6ce2ef4510d181a00e15c76d9514b08c7a0
BUY,0.9949999995819938,550.231154,1762308595,Yes,0x7f52c6bd9d220249e6faee8f34dae46564d28121ab895b258d02f12000167c14
BUY,0.9949991243990193,1.005024,1762308591,Yes,0x5e4c4f30f650e454760d95516122413bf2977b8d58280ff160c8b6fbd664e58b
SELL,0.005,5000,1762308591,No,0x0c8710c0b224449aa3472dde0b0a4588d564400c392fb23c42eda3df2fefb770
BUY,0.995,2000,1762308587,Yes,0x443f1a68578df720c4711fe6bb43e4848c520e25d9241640c2c287cc07d1f817
BUY,0.006000000060000001,166.666665,1762308585,No,0x0197336961db78a3bcfddf70eeadbc75cf2d9ab390e4dcfeea10e950dfe5cf6e
BUY,0.995,10.06,1762308581,Yes,0x9b75f580adc9138f1fc3c543e3453a3c642d80a7f6d5806c9194f8fa12152d23
BUY,0.006000000056603774,176.666665,1762308579,No,0xc00b930f7a80c63b747a64f0ec17d9a5025be90ff434d1a8f3a95fcd4ad47941
BUY,0.006000000060000001,166.666665,1762308577,No,0x61c12482f7c79442d3c145ab90a47540e26ca82bceef90be974eac69cc2019b5
BUY,0.995,550.231,1762308573,Yes,0x23622bf09e7e49315c317e7b43bf67733b533ace87584c963a42d9208eed9593
BUY,0.995,11.0552,1762308571,Yes,0x46f261947024a69b282bc6ff0577dadf6c500a127214907d6d012e175828ccb1
BUY,0.995,1.005,1762308569,Yes,0x58ba7c3331e68b54204f61035f425b7565f7a63080c261ac557c573aba61e689
BUY,0.995,3.015,1762308565,Yes,0x319bc51fd9800cc57985d4d3f8c2da66d9481e3b20a9d69cca6900bfb834148d
BUY,0.0061293600688901075,8677.904284,1762308563,No,0xb9c440c66e73509b4e1067cb53a6608230dcc7d8569d9747f8b16a08380feda4
BUY,0.006000000060000001,166.666665,1762308561,No,0x2ac139901cadc865cc14d54e5255cec401ab5d3a26f17d456ef1a8a64280f032
BUY,0.995,2143.38,1762308559,Yes,0x86b6f2e9e98fc446c9f149bd56c255eb1f480b8082a9271f63a04ee92493a209
BUY,0.005,10462.56,1762308557,No,0x67723c59d0983949cff3b6a0c7aa0bfa53886068fd8ced28d3a8e5bf89ece3e7
BUY,0.996,1635.9,1762308555,Yes,0xe7b867fc11a03a06de74114b57993d91b4dcdfe3daee1e24a5f201e390b2ebf2
BUY,0.996,9,1762308549,Yes,0x6e635fede51d63df1c8f8a578c7d83f9a6b282a725a8938899238fc0c20f7313
BUY,0.996,2541.6265,1762308549,Yes,0x8f8ff0a6b42dcc32304445972b93bac940f4cf76ea38c1c8140fd27ec946c5a7
SELL,0.995,2900.05,1762308547,Yes,0x92d049bf3927887ef3a0e133013e1562c7c7428f494e9caf15b153a68affcb37
BUY,0.996,40000,1762308547,Yes,0xa059ac3ab0771de99c75fc765acff1363c3d2ed7e0d7622d45354ec299a4e509
BUY,0.996,20.08025,1762308541,Yes,0xf020f8b0367534b9a86d00a174873c485b72da0d2a9b7cd87795b574abafba6b
SELL,0.995,1042.76,1762308539,Yes,0x3762e71958a98058f1c6c5ca9838061d06655ac0d51bd2635052d605156f12ad
BUY,0.996,800,1762308537,Yes,0x09fed0b28fd1330996a00bad561e446e27f251b5df96a7f8a2f97bfaf33d5c51
SELL,0.005,1000,1762308533,No,0xf0d6676eea2fd814eb0da2b397f2e8a4f1981bce1d489a456b5001e6983a70aa
BUY,0.996,5155.92,1762308527,Yes,0xa8aecb271c6e53c01aabf7ca4aaf518f5f48ba4d861416f93bed4dd2bfcd747a
BUY,0.996,5165.97,1762308527,Yes,0x4e1bc8f5c4a7030f363b9a78208feb818a9bc442c5fb37de49f6965384a2aee2
BUY,0.0056292133250262786,177385.354284,1762308525,No,0x3c3515954b3129029655ebc4211af0f359e13e48580a4e1e0868dbd55ae3aa01
SELL,0.996,3,1762308523,Yes,0x785232f080b837e3d12107e10f1bdab8dbca718c879ca793b6c9577b1d7dd487
SELL,0.004,5155.92,1762308523,No,0x3a9fc2052a362b24b7e892cf6b59a225033ad11ca7f09864a0341c0b5cc1c6c5
SELL,0.995,20.55,1762308523,Yes,0xdd6a3cd37d488f140f02f0bb209475046d076aef38db185dd150a746c1b388f1
BUY,0.9959999637455941,10.040159,1762308523,Yes,0x6428c3adbcd3e79715a525063fab7b7ae65a40734d2a398f31ef9e675c699e00
BUY,0.9958045422243278,8780.72,1762308517,Yes,0xcc767f7af682c128a2cfa83547c143449478736e6b1f5ce61972d4597506b0b6
SELL,0.005,28.74,1762308515,No,0x7f43db962506320cb24976663fa0458023d827f0e789f75f9e81f06b610c3c74
BUY,0.9959990637590076,1.004015,1762308509,Yes,0x884cb872d5256e5a793066df777cfc343f499ee05928cdea5d82436b40e2edcd
SELL,0.004,13586,1762308505,No,0xeb9321258f0eb01d9bf3fbb0c884411695ec146aad6cdae469b3e8c026d70d4e
BUY,0.996,100,1762308505,Yes,0x68826259d664914de1e1672dcbff6973f4ce138510243ec30bf6595f33746b09
SELL,0.994,1.09,1762308501,Yes,0x22469edf1495f73983ffffd1edb9c14bad6a4e7e7984484c2fb9f427b81d4a01
SELL,0.994,18.46,1762308501,Yes,0xb1c293bddb63b804afd4e70b5fdd016355cec94771134e77e65abc1626ba5388
SELL,0.004,42.55,1762308501,No,0x8edef7bebee81d50ba57c58423faa8f90f051a13be44ef2ce78760428efcbf0a
BUY,0.0052710127250598275,11584.111666,1762308491,No,0x9aa7e077fcbef7d7a4cce9ab579d197397a81b48075a37582a062b50fa312125
SELL,0.004,9999,1762308489,No,0x9ea4c4776611cd65284de10cc03105ebfea9715f00b8d91ff546f014c979a3d3
SELL,0.995,5,1762308487,Yes,0xfe26e97d3ccbc1bbd5894a456e865f939d60845e44e344a523cbaf8a75931823
BUY,0.9959999974767999,60.240962,1762308487,Yes,0x0538302e4a3ac68487ff537cb904523179687a83e099d65f5e20806d2dafe0e4
SELL,0.995,395,1762308487,Yes,0x5f0481198ff14a81e8ec6f1aae32058d1ca67db79e56887c97d1174822422d6a
BUY,0.996,33,1762308485,Yes,0x37ec852fb3b3a3a545435d4e02b2150362f896a6edb57b59940edc4435c6d5ad
SELL,0.995,200,1762308485,Yes,0xf7a72ca727b938f0f2407ca3a5e9d2d80181b5b10b2e6cf5a848fabd7e4fc8fa
SELL,0.004,3000,1762308485,No,0x081349d65c18ed1b30e2f2b5d2a1be2a4e2d9dd95221e77bdd0d7f66b2587bea
SELL,0.996,330,1762308485,Yes,0xf05fbabd8bc8de2d62e2ec7bea632463324a02882f0d9f64f285736732f35dda
BUY,0.997,6,1762308483,Yes,0xa8c302fb2d34076162a5b39c38e212036feda2594438f8e75e9186e712d348fa
BUY,0.9969999959200845,42.647942,1762308481,Yes,0x0ed81a4b4b0f99ce0488f36707705d209a5e969ff2e180b370e045e1f02b175e
SELL,0.003,3000,1762308481,No,0xd0f4f933044a9d9ea4535ce7a397865d2ffb67431aff390a77b703a469d04f81
BUY,0.9969999991376884,524.172516,1762308475,Yes,0x4755cbfdcbb182ac8d1ff939188fecefd73e12923609e4b83581e79c4739d587
SELL,0.997,200,1762308473,Yes,0x03982f88f455b7acdafa8592177eeace585a8661e22aee97b633ac4e33ec6fa4
BUY,0.998000007984,1.002004,1762308471,Yes,0x3af63d791d5a876ce816aa6c3ca77d9f4b1f4190dca3190740c6bd06aa4df7f7
BUY,0.004,10000,1762308467,No,0xb08df40964ee7fcaaa0523d0d041a1a9f806d78a4b9b2b9e671a4dcb1ab17e97
BUY,0.004,126,1762308467,No,0xd49af7fd22ddc58c4b9dfdca5c73afbe0f1e09c3b2215e9a6f96c39953ebe962
BUY,0.99799999133273,55.38076,1762308467,Yes,0xf2993d1eff3f71f44128720bc9c6f88f91f000ba21549acd9f5efdb391ae80a4
BUY,0.004,10000,1762308467,No,0x901c13944ad86922c7921940155b918ea8251f0429334cdf505cea24194f5859
BUY,0.004,10000,1762308467,No,0xa42ba93a834edfe1a98d5fab3ce496384584ec78df4b8a06cea193075b15eefb
BUY,0.003899916,10000,1762308467,No,0xc8ee590783a0a78b73f1652b5bef03e0d895963f6cb978368257e82a4d8ca41d
SELL,0.996,8.82,1762308467,Yes,0x049ac8a7dafcb11be7bd1c9f4030c2f4a9302a7daf48d61fcfb38b2fb6e7aa4a
BUY,0.004,10000,1762308465,No,0x07649e723aadcbc9ee6e385aba1104f6839536bbb840ff9c714db0b24cee00af
BUY,0.998,445,1762308465,Yes,0x795fbff15aac97fce2e17fc4f343178e8f0eff01ba3ea04f017e8d39c9df3cbc
BUY,0.003,10000,1762308465,No,0xe204e3957e2e49b926bc59f1fedf6824c98e756faacda9611eb5785d2ac97d71
BUY,0.003,10000,1762308465,No,0xd1ed9fffaeb28ede47eaec26196817c7dd4aed153b3da1eebff2161466acf9e7
BUY,0.998,1700,1762308465,Yes,0x45c281657e9d2b619459248fff6c66814e1642a05512066821189ae4a730a02c
BUY,0.003,10000,1762308465,No,0x4536ad1019749f0777a8f81394dec1e66b12d7878fce439b750613e2a51d320f
SELL,0.997,168.76,1762308461,Yes,0xb4786eb75e78c8bd4bd2200fc509569dee464312b8b7a58083bfb0d59f12c31f
BUY,0.9979999952053873,72.164327,1762308461,Yes,0xca45ec027e2bc11020bfe027eaa0eb555403f9e929d09fcab8a05081a66ade10
BUY,0.003,5000,1762308461,No,0xfd0544e8b8d70077f5a88b434cdaa381c608761ae3e0752994238abeb9dc946c
BUY,0.9979999939581486,91.362724,1762308459,Yes,0x95a7feeacd5ffa02b494521e06e4f50dc82e7dea3e03fa67afe762d69b1ec820
SELL,0.997,3500,1762308457,Yes,0xd8e75e4279f2d0485ee5f383662a2af9674c8ce2a473e569ccc1fe3248aa2a65
BUY,0.9979999862236035,57.054107,1762308457,Yes,0x0a6b89b94160afd9bee7be8f2859dd8c830f814cf8599c3f6e5681bd043a8310
BUY,0.003,2115,1762308455,No,0x15bf0f3d0aca3b763ce1463a90390e89fae6d9ae686160951da6750b5e8d1686
BUY,0.003000000006521739,766.666665,1762308455,No,0x863747ab427941280c2fca487ae874dc438254bac4646cbcb33828ea40e73bf1
BUY,0.998,884,1762308449,Yes,0x8cba194133ef2cb0e785d3c566b6e5dcd487904bae731f2715a02a4b2ff52d7b
BUY,0.998000007984,1.002004,1762308449,Yes,0x43eab87455db1c547495d2ddaa729ba5e251ed9a121bac348221eafdc728517a
BUY,0.003,300,1762308447,No,0xee2201004d3b85274b5428ede59c9558d4018bb9148515e9763e84e4982f18b1
BUY,0.9979999984035641,571.272544,1762308447,Yes,0xfdc3e1310594647082dbc2d8bd60218d28715a77c41b270a1b8fef560c378718
BUY,0.9979999887573165,70.801602,1762308447,Yes,0x7431d3b00e589e0fb15683f62f0e2197dd6211e07f65987bb3313d89d6564c65
SELL,0.002,3530.86,1762308443,No,0x6662b325bb4a8149d4a65056e26ef5af356b6353b5ecdcf48f5fe9890ce10d33
BUY,0.998,398.09,1762308443,Yes,0x4c0c95fe0c33301b6fbfd996c5bc4c2be31e1f9784921b1d6f2009f0e179a8cf
BUY,0.9979999981780603,61.472944,1762308441,Yes,0x8fb4910ecb95d81ddc97742ea3ce53cd331b8a32199fb2d926b46370b65ca750
BUY,0.9979998079847602,5.010019,1762308441,Yes,0x26c4efcc24a593cc1e797e168a459d38ef067172c3abbe0345f2a3d10d538441
BUY,0.004,1185,1762308437,No,0x5b65eed787dc17a2f6fd163468558af0c874bd0a93a8a709f7abd14fa5f2d89a
BUY,0.002,4875.41,1762308435,No,0x1f4f765250089f156de8376c6ea6a89016e1f5955e45bc21b768420d3ec2e264
SELL,0.998,330,1762308435,Yes,0x1ab3cf12bd2fc0ecc7efbeeb8df3ad1a0cec370b545a598017b7b869beef9949
SELL,0.998,3500,1762308433,Yes,0x26d080cbcda98d19436063ef66a544b6623b7a0d8fca948b4ec0e667e1279787
BUY,0.002,504.7,1762308433,No,0x6ca4043794c98f4945526bf828d1b97bf7224c8719a87f8049c769335375f9db
BUY,0.003,35658.32,1762308431,No,0x96c4b39b1af1df687dd10cefd2f5f49da708848d9d6d1c480935b20b364dd046
SELL,0.997,85.4,1762308429,Yes,0x8f93b5239635b2b552ddaaf11b25397fb65b31a2ea1a04b0f67163502c296ec9
BUY,0.003,3407,1762308427,No,0xcb63db5ff3015134b5ec953a0a7629a31e4b1e2a945814a9edc798062d536222
BUY,0.00300000000075,6666.666665,1762308425,No,0x81966fb59e32d00da2777531ffe5db125d6ea3db93f2b12cb81e0c8414e11ff7
BUY,0.003,100000,1762308425,No,0x09034f23ef5206530e04c4e51a39e90853e6dbe48d4a3d80d1ff6309611f5bef
BUY,0.003,100000,1762308425,No,0x0c82782944eb6ae30336bdc9e2600f874b1fd695e5fcf3d783abd8ef5622c6b1
BUY,0.003,10000,1762308425,No,0x131b22259ee4268d0702e69c91f07371e644e8a74156bd3916b68c91b073370d
BUY,0.003,9997.14,1762308423,No,0xee2128c0f9ea2625c4144373043845b25bdf4de6c1292f4fa1772cacab470019
BUY,0.998,1000,1762308421,Yes,0x2e3138767c3833ed2630ffada5fa3b6026176c3d023a9e7ea9bb7ceb3e0b1366
SELL,0.996,558.4,1762308421,Yes,0x58f2651cae0d1361a918a2a7c61324815c1a35f24e8fd9dd8c1746e9d6ebff51
BUY,0.004,1000,1762308419,No,0x515f2a8ccb6b092cb58edb2237b9c820cea465f6c3a3d13c926256fb82f8613d
BUY,0.9975680457267284,36.74,1762308419,Yes,0xfed008ba0d20b3a1befbae18bbf252b7e47255e49783dc44da81c84b4e3c1ab5
SELL,0.996,15,1762308419,Yes,0x7e0b21d3ea3829a197ee6c22261e229a67fbb8130574b66f3c4b8d8d3f3f627a
BUY,0.004,1000,1762308415,No,0x11de60a26bb7d8f497efc4d8101c0fa9b3155bf4c26684f028150361b792f82f
SELL,0.996,568.72,1762308413,Yes,0x7a47701d91ea4b0dc3a7da9700abbbd1363b4622d2cb67b8793a1bba79b54976
SELL,0.996,3.04,1762308413,Yes,0x0806a9c29c4aba4982ca84608c40ce4cd81daa8bf9b651b32f5863c796e22cf9
SELL,0.996,419.72,1762308411,Yes,0x20c56750c9d6d4e3f4b3979c6086102dd42ddae86dcbb36905cba28ae0f54bde
SELL,0.004923512314517362,65.37,1762308411,No,0xdd04442c198530f512f4097ae1ad5442da9f9c520e8482462d76702c2061b48b
BUY,0.007,500,1762308409,No,0x7f6686bdd9a1479890682212edf0a447422919a0b3245c10c2e935f98bfb0658
BUY,0.0070000000028,2857.142856,1762308407,No,0x0d4930b1b1328c95d3e095e8ad57357b7d8846b8f444643a2be68bcaaa35aa36
SELL,0.002749446542008411,324193.53,1762308407,No,0x285f9fbbd037a6c910eaedcff91a687f4eb167402db492d0ccc4edb1e5bf5219
SELL,0.001,78542.71,1762308405,No,0x07c8df2f319d4fdaba659d45efdd9bc4c9c6cb453d65856e9da52a221736c665
BUY,0.994,15665.06,1762308401,Yes,0x78eb6d66cd50d119602b3138cd40d1dc00599f0ae25bf5bb566f0b490bf67839
BUY,0.007,715,1762308401,No,0x349d4a09ce606868b85de546ac7fd2634269de97c913c806fdf78ea581a64c27
BUY,0.007,698.08,1762308399,No,0x1fee0a58447ac7deaaa51689a3d7e95af29209e88fb69b89ed6dfe96fbddf7e7
SELL,0.993,22,1762308397,Yes,0x6574a2eaef9878b4967b2ce2791d8730c3732fc8fb222df5698303e54e9b7f78
SELL,0.993,40,1762308397,Yes,0xab5670d3b9082c1a8aaa6f5a17f8b36309c5845f04c1341ac35da85f7a8a4169
SELL,0.993,89.16,1762308397,Yes,0xa752d42c1211655bd0bc565ddc8dfae09fa83cf83b68b5f2469f0844c1e9175c
SELL,0.993,3500,1762308395,Yes,0x57ee1c3f8780f264ef3949ad8fa4584fac43f2583e3c5ed3a4c1d40074224b86
SELL,0.993,574.56,1762308395,Yes,0xccec79098a97ba2e04a49d4d052dfd8da2e543f3be83ac2a4093be968c18fbb4
BUY,0.007,2521,1762308395,No,0xb4883af17ad61ac925282adee71d3ab7b1f60bcfc247d1de53f80b299cd134dc
SELL,0.993,203.98,1762308393,Yes,0x5d10d67349d8108e56ebb1ea4c0913f02924b799811c5dc9bd03180de133277c
BUY,0.007,1394.77,1762308391,No,0x7544759c77429800d974da975b5073d4dacf4d104802cc6e1b836d029672a425
BUY,0.9939999999135652,23.138833,1762308391,Yes,0xf94ba52138f035fd135fb4dec290d7114f0e19ce776a859806ba4958c67591fe
BUY,0.994,200,1762308391,Yes,0xdeb3c609e1bf9b9a595af457082bad579e57d3b6710d0e1a507f0c0c5807b51c
SELL,0.993,500,1762308391,Yes,0xce550cd5df0d73f30af497f2f337307f03de44360c59e83dd968f353f0695d9d
BUY,0.9939999839634663,60.362172,1762308391,Yes,0x88088ab3f2f46a6d06454b127b409591f9112d0bf847e7c6e430fa4e234a1fb8
BUY,0.007,200,1762308391,No,0x6b32b9ee36fcab62459a7ae885cb4fb28101c92df531ec72c58779f2612feee4
BUY,0.9939999960697697,201.006035,1762308389,Yes,0xd428699a17ae96f3c02e70dd1d6b770235c30a8512129451faad9e000dbcd731
SELL,0.993,1000,1762308387,Yes,0x9592208cf3feb082d3c96d6939321ae8cb2f69efee98771c866700c39c5c0553
BUY,0.0070000000126,714.285713,1762308385,No,0x78fe4deecc0fbe68d4c13051bb88f6a23bc71c64ebe83bfcd4ee253d2b2f3e42
BUY,0.99399999955318,572.937624,1762308385,Yes,0x53faca3c6df26b81afeacd912ead8fe2257b6a58aeec3f62a983076b3bb3c8fa
BUY,0.007,10000,1762308385,No,0x50d9d0ff9070db0354251cea3e0d736cd91d40499b681f7e8784b0b0d5604295
SELL,0.006,81.76,1762308385,No,0x5574967949160f998bf1ae492c228aeb28b7ee1acb6e917b5b80250346dffbff
BUY,0.9939999925867283,86.871226,1762308379,Yes,0x5c7b2ea02604012ae8392cb9274ac03b00b800d12cf2c222babc448b2bea9f21
SELL,0.993,3500,1762308379,Yes,0xf3cbebcf21d9576b83d8aad5b557a97d926d8bff23c1275f30bbf53de0d16ca9
BUY,0.9939999990084244,824.949697,1762308377,Yes,0xfdf8901e61ee8c10051f25d52d50cd2d0854d2afc9fa4d7a47b89717fc32cae7
BUY,0.9939999890630149,83.752514,1762308377,Yes,0x50f996028be9ce9a1183be22bc41bf27d869a1d350456e812198d1639ac501e4
BUY,0.9939999999722069,10002.464787,1762308375,Yes,0xe0245edef689a0273b4bbdb99e89c9725700cf35bf35ec0b59d7a1abee3ceffc
BUY,0.007,800,1762308375,No,0x6da2b04cdfe49ac06fd621c8ca7caecbf0dab631b4a7df68cfdad537926ac2bf
BUY,0.007,740,1762308375,No,0x51121a728b26da4c18eb69ec4eaa9a96b9d21fe2c8b98f54eb1ae3c7f8f4f792
BUY,0.007,800,1762308375,No,0x5a9ef97467654be3f522ee168abc984f533779f317e6a2886793e6d049d3fd97
SELL,0.993,101.99,1762308375,Yes,0xcfa2389d6fcdf05a1676eee8acfce7f4bcfc3d38ebb0c2d3448a31a59a7040f2
BUY,0.9939999913744332,77.676055,1762308373,Yes,0xc3960743ccd7fd0263ee1077ec730e663a2690a2a8c266babea5f4fbf92e4959
BUY,0.9939999885557117,78.64185,1762308373,Yes,0xe5dea209b369100895464c3941c8142421cee0828094c5892c5fbdac68d27e51
BUY,0.007,144,1762308371,No,0x7716f1a4f7f0c468f7353adcd653674ad74bf67799dac3e662a3ec6032751c18
BUY,0.9939999995045826,72.665994,1762308367,Yes,0x2eb4ea5f1ca2c24539be9e581370cb388cec3b72338455e1be4f2d1fed51ed3d
BUY,0.9939999991216655,1106.639838,1762308365,Yes,0x9d0de9a498ac1a99b87d0f9fdcdcd04137c30df333e92cf49e4a31356e86d620
BUY,0.9939999998931309,2638.742453,1762308365,Yes,0x1c58251344895107e2382096d533b845dd7419d9b8423cb6c70e4ae86d66e0ba
BUY,0.0070000000028,2857.142856,1762308365,No,0xf2f0d2154cda71c2f5e80664b3a7459a8f9b5737971e8656f85eb28fa390a9e0
BUY,0.9939992147390498,1.006035,1762308363,Yes,0x6623a0ba5b526994b46aa4f6361a72332a78cc70d3c846d3b6cb4fa4a4bf9818
BUY,0.9947579577513906,5026.026642,1762308357,Yes,0x1ffc6e15cb327aeb54123827fd2594be4159b8f932fbea36ad8df6648aec8b3b
BUY,0.007000000091000001,142.857141,1762308355,No,0x4797afb57ff41c4e16ed5ff7e8d1bd697ef528985a4f2f67303fbbd439f19d8f
SELL,0.992,20,1762308355,Yes,0xa2c68987e45ecde24b201f35164fbc0760b93d8b6c125666c06a3d540018091a
SELL,0.9896717193333333,90000,1762308355,Yes,0xcf0a75f4fa45fae18caf75dbcf62116f0e76d617cf6dfaf0375ce53b4689c044
BUY,0.993,836.33,1762308355,Yes,0xadb136358d07874c908064859893889e4abd99138f334d3a39afa18208103113
SELL,0.992,104,1762308353,Yes,0x5d61e711fa770e91a9f723d60394ddd43acc29cbe4df924be43af28a6ff6406e
BUY,0.9929999997639826,2779.456192,1762308349,Yes,0xe233179b297c5bf57ac801f5af3a1298aefd3d7649577e49b8807922d00567dd
BUY,0.9919337374365351,772.08,1762308349,Yes,0x69c9e235c77b40b236b1c7ba8ec41a803f828905eb5cdae87c38e7255d875639
SELL,0.991,0.84,1762308349,Yes,0x7387c4333d27c19294f9e50505539deaa5ba38880cf3c9b98ce6473ef3e838e6
BUY,0.009,120,1762308349,No,0xfd5ddefe243629356e8ac287b23e3d8e59efab68dcc1f6baf5b57db693c717fe
SELL,0.008,11.23,1762308347,No,0x0645200ac1b06f753ffc08c0ff74ffe2e13dc5bfaed282f7ec09250ecdd8ed86
BUY,0.009000000009,111.111111,1762308347,No,0xdaf30b09677ef7fc1f864c69ff25d84f36a9fa85a7e6bfdc8798980072449aec
BUY,0.99199950796726,1.008063,1762308345,Yes,0xd8edbc0fc0657d298893c941093bf13608de73f5ededc9393544de23517445a4
BUY,0.009,300,1762308345,No,0x6204bccd140cab5a33f7c61287cb3ccbf48d32e485178a14be281b75bd3704ee
SELL,0.99,500,1762308345,Yes,0x216e99486a930f476677d4c7afe80f8702b9b409dbf4e7aec2e2f19af8b01dc9
BUY,0.992,130,1762308343,Yes,0xc96eb117a267fff8bde90f211e2cd310d80f6a6a480d2b085601634dc6937f86
BUY,0.992,395.050375,1762308341,Yes,0x041d3a27ce22d63c36660500a7ec0097805338ba01faec285a673c9bfc2f0721
SELL,0.99,54,1762308341,Yes,0x40e8be274b57a25165f39f6eacee8721a86169d8f838cf26d74c255d766355b5
SELL,0.99,100,1762308337,Yes,0x6fa582a9647c262aed4e870087f2a3b8c3af915cc1cacaf15b7c36b8c4ade95e
SELL,0.99,60,1762308337,Yes,0xb27055e870a84e0fae04e7a286daf1499bf35c5bd09ef29a6e6a61913558e18c
SELL,0.989,30,1762308335,Yes,0x83f353e4a14c8517f2ca94679444671a1dcf918b4a016a85e23806f0b51e82b2
BUY,0.010999989230999773,90.909089,1762308333,No,0x523937d53524ed5b05045914654584efa9bd517dfa5d30d32cb75128d158e1b6
SELL,0.989,100,1762308331,Yes,0xc3dc54d7f5804a8cca3c23741d217333fb145ce54229bf1949f51832e74bab73
BUY,0.992,154.16325,1762308329,Yes,0xb0f7791cda0aa20e6d6fde7e5f8dc9c3f2e4e0d13b6a11545301cd97d3bd9f41
SELL,0.989,60,1762308329,Yes,0x2a32d4ab6f59586cdd668b01f33e406283ba76fcefa45c1571e27271b0c070df
BUY,0.012000000012,1666.666665,1762308327,No,0x2b882c82f9e03faa6692489d7c4eab63597d6b50c152636587e2022ed32a9e9e
BUY,0.9929950346802474,1007.054379,1762308325,Yes,0xa36f4d5f942bb776d43701bf9d12d20f026a9649bad2a1fa2c65692d633631f9
SELL,0.988,94,1762308323,Yes,0x2da6233a11fe3290f03b8d4de16457a235144f3099ce545432a4f9e654c4aab4
BUY,0.012,4400,1762308321,No,0xc8ffebe299098b5238fdc9f89ceb7a94a46728b0ffb3982cec5299d2ef72f662
BUY,0.9918369355456303,61.330644,1762308321,Yes,0xcbe461804c49097345e1d9dab7546d2d8844d126c13aae932bb2541b80933dd1
SELL,0.988,100,1762308317,Yes,0x36c64a0b29b4e983db612d948db6e5557858f6a4634a60182d269525b44f1d4c
BUY,0.9919171859785993,573.576107,1762308317,Yes,0x08ef2cc75591e203a3c0a93d671d56d71e59acd4523202feb320e105b98efcb6
BUY,0.9918346876009915,60.49395,1762308317,Yes,0x90ad4054a4fd05d2abdda47bb49edead0fcc9ad725c9e05d63b6646f0543e40a
BUY,0.012,842.05,1762308317,No,0x25966bd86a1f190ffa750bdc9319040d7e3e5f4f74f9482d604560081b5a8f50
BUY,0.01,13222.61,1762308315,No,0xdee44ba1cf14abc3102a1c90915546a7c7ffc6e8d99f1f8c10043fe16e0865db
SELL,0.99,161,1762308315,Yes,0x0fb3de5b81186f0741e6fda2a21dfaa9cb0bb9fd6d320cc352169b00ba91ff72
BUY,0.9919920637063653,2016.14516,1762308315,Yes,0xe1d1f418f9889c2505efd3ed018f0e0ff443dffed242f8f7c3e2090b36b33d1b
BUY,0.99,21763.23,1762308311,Yes,0xf3ac95c046c94197260e6c1560ce4d1426af97e9e2e677750a75e4042d554837
BUY,0.01,119,1762308311,No,0x1069181212d49294460589cc6a1be8f41a341c878cda139b0bf7741e463f1c18
BUY,0.012000000192000003,83.333332,1762308311,No,0xdddb974157461808e5c2e66ea3c69032c197886105fbd3e83b5a8a1059c2be93
BUY,0.989,15,1762308311,Yes,0xf1605942fcbc2517914bc865ac7f13f120cfd3b08779b712a38b1feeb1bd74c1
SELL,0.988,3500,1762308309,Yes,0x6f30db0525f8a035052d8e731f4c8d3c72b321f1c577dceb447a5f0e5316f519
SELL,0.988,7.84,1762308309,Yes,0x254d09f9e9fa63a022110b4052ae810e0033eaf69503620fbbc47a49f869541a
BUY,0.989,151.17,1762308309,Yes,0xf38eeca3d24707802b4431a1779dc9f6ddb8167c52e77abd8f89c69dfba00b75
BUY,0.012,1500,1762308309,No,0xae8e51492fecd8c1dbd00ea4e35d4567c6564eee9077120b76387f5500e84b2f
BUY,0.012,272.5,1762308305,No,0x753b236d500259a468d207de40033336cc4f2bbaad22c9bcc1af3be0f8dc6dce
BUY,0.98799222225679,2571.44,1762308305,Yes,0x7dbf98de49d248cca287f3ed9f75db7355123abac7b2fc3d60156c99be6a121a
SELL,0.986,218.47,1762308303,Yes,0xdc4b52720e0a8a64e8546a92fdf700b754e225389aaaaa7b9c392fec00d28257
BUY,0.9876707736323368,60.748986,1762308303,Yes,0x20586d7a6898592a9fa1ce3e9ae6e7353cb56b3530ab69b46dffa54c36f5d7c9
BUY,0.987,25,1762308301,Yes,0xb3a1edb886575219b446e4af9f3e2f9251d47915e82bb889d829163ca757dec1
BUY,0.014,1000,1762308301,No,0xba7a2489db7ccaf60ca463b5d43a4d00e3efe2ed5d520e57318a46cb32ee7682
BUY,0.014,526,1762308301,No,0xc3583788b19743b04584725d955d64b6df82635d6b05707186a075efc2b77d12
BUY,0.9879029619959021,10964.781375,1762308299,Yes,0x91f7a4e9568a39077001fef9aac8c40523dc8ab9d169fb3c67d660b94f93b836
SELL,0.986,2.12,1762308299,Yes,0xb3c79bd936c941834411bd3a04e2fd501dd57e9698f9a30863abee86cd4285d9
BUY,0.986,2204.27,1762308297,Yes,0x541f59604cb266d6490d6451be0af9458610e82766a6543f4e14bc2c3bc19377
BUY,0.015,4518.36,1762308297,No,0xf10e690394146eed08d5dda71c3b54206e3a1ba69ac87c8c3d43b72fa52de5a1
BUY,0.015,2120,1762308295,No,0x2c6a992e4daa9078f4533a36a4af5c36c2847f62e61f85b8c5a1ae689e897a25
SELL,0.015209472204855266,5614.11,1762308293,No,0xff835766d5a412412ef2de1ce5e9ec920484bcf3a632ccd8679bf5cbf5eb4ced
BUY,0.015,800,1762308293,No,0x0557fef95c5903f3c0810144f5a8627df171d59d2caed003ebcd9bd709449d54
SELL,0.985,3500,1762308293,Yes,0x147450dcb1b09d6bc939aa956bd967b211d44e14a8bf0481ccee1a23cb646327
BUY,0.015,740,1762308293,No,0xdd93be33035a14a63ffabc4f3891f63a72911b93aa87a29f8c6ea025a55f6f8d
BUY,0.015,800,1762308293,No,0x6799a470cc99c23f7d0ae4c00fe7c7e9a8588d537325e16d58d738ebb6746572
BUY,0.01700000040800001,58.823528,1762308293,No,0xb1845a6bce2355f1a14d16559d403964a9f23ba96512b9848a22f5c1b590232e
BUY,0.983,2747.69,1762308293,Yes,0x5d4329428008085cdc136e072ab645e2dc85635b8b0c84e711d75e49f36078ad
BUY,0.982999999933156,1017.293996,1762308291,Yes,0x52af1c8fee165bc05e8ccb93c32ef93f7c16c2188d5784dde2a5e0aa1f33f91d
SELL,0.981,356.89,1762308289,Yes,0xcf15a605ab7c4331401947b468d027498da37ddcb82bb8832a3294368ff708af
BUY,0.019,3805,1762308289,No,0x82ebe2d874e9b4ae2abd14adad04faaafb8a71e1ebb100ec04713a3f0243ac24
BUY,0.019,800,1762308287,No,0xd2c875a2e8f7bbe2fe275b42c9e43f88aee634489c91a5cf493fc898213a7f33
BUY,0.019,2526.89,1762308287,No,0x2b0282a0e97d1fd761a75c142eac9135d780a5e5e67932be147c20510f378056
BUY,0.019,55.71,1762308287,No,0xd429bdba7c70876cb371673c9063a47f717d9bb8c53812edb27ed5f784fbc762
BUY,0.019,800,1762308287,No,0x48aa4f97344019c8744c196534b2d7e61dc4f885be2d1ef0d0454bca90f17ff7
BUY,0.019,8580,1762308287,No,0x5fa562ab88a05be2563ccc6da114fecf709dab2f8f7784ff33bc44c9ce2a6a9d
BUY,0.019,800,1762308287,No,0x4d73fdf5c80083a0dc3cd816148fa63c3d3c9c778780248754afabdcb638b5ca
BUY,0.981,1744.75,1762308287,Yes,0xce134a36196e83486af81ebe58249694582675f398cffc53ad903c95dae99041
BUY,0.980999999826036,1529.051986,1762308285,Yes,0x6c34c6fa0b971b27b723c2f0eec176fb1bb2ba9bf783976d29d3104751310505
BUY,0.02,100,1762308285,No,0xfec00039890b15c0703be995e3026c6168c0b62565b783c2f848959b85eee0b6
SELL,0.019,8856.51,1762308285,No,0xfcb4ccb49ef691cf5be9fcc368a62f3f3faec83bc75cf019f64a5afb0d392c27
BUY,0.023957364341085273,516,1762308281,No,0x528701a5f15b81a1371ecd88ae1da2adbe396e1838f2eb5858346993e93f618a
BUY,0.98,198,1762308281,Yes,0x0f2a261a8da1bbac3727a102ee5890393858664cdd6316eae69dabba71cd23ab
BUY,0.98,80,1762308281,Yes,0x536f52569a1dd41c0cf5a08f4270eae4c49ff9e57429c56c24149e6795001d2f
BUY,0.02,1722,1762308279,No,0xc1838c659f334000378be37aeb0128ef1b42f274230050d4a1f908ff41481006
BUY,0.98,197983.93,1762308277,Yes,0x6bc3c604be4f5be3587dec0adc7f95a4fdac89a19d9654a8378849067c72cfea
BUY,0.02,250,1762308277,No,0xe8bc5dbfd53e3d6ce5c6ee4931e5f1cddc5b105d22f11bc6c30ea946771e26c3
BUY,0.02,250,1762308277,No,0x4851b37ed4fe19c728c994c2ded81f87e6bd3eb161980a7b4e750b7be43eb6f0
BUY,0.98,2222,1762308273,Yes,0xd4053f870dddce0d95590782394e185dbab9072c0cab450666dc6b68c2a34500
BUY,0.024,304,1762308271,No,0x98452427892ae8e18d04401c459122a078959cc3a31e6e1259fed533381c06b7
BUY,0.0239999997696,4166.666665,1762308267,No,0x7c795133854707a35feddc62441760d81912a2c8706b62667610ee34977213bd
BUY,0.9779999858475514,60.76687,1762308267,Yes,0xb30a673af994d4507728387c97aeb203c049d324e7e395ac34f38c1afb66836a
BUY,0.024,472.8,1762308267,No,0x07fbb1bee47ab98f5a669318efbd7fa62ffaebfd145303e604e5262c0e0fb11b
BUY,0.97888107,2000,1762308267,Yes,0x527078eadf36950d398d4912b58eae21a886c29f3ba5294383c6f04828bd29a0
BUY,0.9772048464434571,25.153373,1762308267,Yes,0x4da35625f3608e3861338ebbbfd4f6b0ad7a654773ea4fc98bfd56f20f181f2d
BUY,0.977999996588021,66.237217,1762308265,Yes,0xd81efcf05be2cf47908888168d22de8f8b9f29f7d020d44b7499d4d73e8b7f04
SELL,0.9741173756867164,851.88,1762308259,Yes,0xffaebffc7612c1aac2434081058a9f7aeecd9982123ae122cecad8f673278631
BUY,0.978891122,10000,1762308251,Yes,0xa429c7f02059ca200bc0ed0517f726c7ac7bb685087db0e08990caf7b7921b3d
BUY,0.9769999988558669,133.725689,1762308251,Yes,0x350687f8367e49f803382f8ffd32760fed72bcd58edcaf314158231b493fe1e2
BUY,0.97699999936495,511.770725,1762308249,Yes,0x75c8a32bd81b73531f6749d9052f413e9002171a6189053165c886d5cb6196aa
SELL,0.978,816.6,1762308247,Yes,0x6ba8ef8aacf5152069370835211fa1b4c94b47d211203235b8d35a7b5c0fa9f6
BUY,0.978999992222161,31.756893,1762308245,Yes,0x9a67673bec121b633cac92ebb8237a7865b9e65914ad9f6e7b5e0e327e976c1a
BUY,0.9789998572617638,5.107251,1762308243,Yes,0x25be57ec28ce3c6d1917495211611646d250cf5635aad6e3428458522b84a84e
SELL,0.978,562.42,1762308241,Yes,0xca704c5b9f9c548c00b6b0fc2331ad7ea4d038e48416298924da89eba1d7d79e
SELL,0.02208321549233836,7594.98,1762308239,No,0x3c75a4c57b790fb280035aaee3801f2a64bda45098a884fe367102352c3bc8c2
BUY,0.022,105,1762308239,No,0xc6024d5f76bd450ee8f483c729994da9b81d8bd8ba26ab617440158b334d65c0
BUY,0.977,6000,1762308237,Yes,0x0dbf144d34783a17aa4855f58c14d40c44f02d3397e66090e8127022fc7ff084
SELL,0.974,5,1762308237,Yes,0xad6002d3c22e07b68040e1f8c0b354193d351871a53cf9a1406a5bb19e39c7a9
BUY,0.977999849387722,1.022493,1762308231,Yes,0xcc7d4084757edba0be123cb1bf64a865e0ee9fb331db71f663d97f8d36ddef6d
BUY,0.978,7.64,1762308229,Yes,0xb0f398d0561088c73283705101ef72160c8968652ec2d3a4eb79cb6754763dca
BUY,0.029,50473.15,1762308229,No,0xcfb8653d4ef35a3bf2b7a9a54c9084404a4b20dddeae59f67de9db98d6836458
BUY,0.02773057,100000,1762308229,No,0x0848c7e417a3b310a34e887462a0a522ea2cd1ca24db88d90ba55df3635b80ab
BUY,0.029,100000,1762308229,No,0xa21876745c220a0a82f5ce7c519d59de5d0c80740cca3b4bc89da85b55c22187
BUY,0.027753492,100000,1762308227,No,0x654717683317979b1934fb94f67a6c156659002d1ed3a13b8d265c2d36ae700f
SELL,0.022,476.2,1762308221,No,0x6406cba810a3521c800e79bc8e3c79aad00d103f041d7258b2af268f3070cdd4
BUY,0.977999999961737,52.269909,1762308221,Yes,0x422cc5ee4a7cfbd80630f0088f7aa42a0d5eeacc35149983304a71877697f441
SELL,0.9743453917469551,55.01,1762308221,Yes,0x7c5f283f8bbbaa7ac50d65e4246dac372e93c7cb45144d741f6f88772d20c408
BUY,0.978,5.09,1762308219,Yes,0x8777719ae7ffed84147f5005f809b6154d0fa2f38eb3f06435320c75dcc872a3
BUY,0.979,2000,1762308215,Yes,0x14091a01797b81c43734abab6f97be6b2390ca7e80f1f3ca51efafdb546250aa
BUY,0.98,100,1762308213,Yes,0x9935910302fca62d729e82fe9938fa637d410a503af3515be9d6482cbf28fccd
BUY,0.9799630154544449,59177.15,1762308211,Yes,0xb53d70542e8f52b65c67a56cc34ca1cb156218d078d2b894c7a322c37ec96f9f
BUY,0.9779999998695998,30.674818,1762308211,Yes,0x670cd6266ad032712a04334c93e58772e7cf8b3389e5db6b0f2d85ff0d82c20d
BUY,0.02687114092443658,37214.64607,1762308209,No,0xd9e08eb8377bd47f02efab41ca2fe3b64852f30052b3a65650ce0637f2ca4b69
BUY,0.024,10000,1762308207,No,0x0866ea631b9f564f6f3f35a906a04f8f6211039de1378e3b4c73d42b1cdae31a
BUY,0.024,1000,1762308205,No,0x90337427f12ce9311922b7373be9c4a043d552fc58bb6611c53dd27743c0df0d
BUY,0.0239834,1000,1762308205,No,0x045e3042248590e758de00b7011fae908029b5915a1a874611a794128770122e
BUY,0.023,1000,1762308203,No,0x985341f8562dc9c0391994d94fff1bcadadc330418d4f9acfc161ed07f4c8c5b
BUY,0.023,1000,1762308203,No,0x470117e0d760da37eed435dc9648eee140dfbb0fa735b1b9c7526d2a0a1446db
BUY,0.023,1000,1762308203,No,0x82c22c1b19d0db66c293c08da87b49fc0df397a2ab66ef9f024fa32fac624980
BUY,0.98,5000,1762308203,Yes,0x8425e73ddfe57d3dab5dcd05e4f6765de41b399e406f31dff6e11497d48e8210
BUY,0.024,1000,1762308203,No,0xe7cc48917fcc22dd67f2f1921ba70ef8d55c83d146e6f82f371ae2243034cd29
BUY,0.022981,1000,1762308201,No,0xde56258b6edc2c47326b6c5b66f6ae70a37efefe39ad6b97fd4a4f638ba1e2a2
BUY,0.021995,2000,1762308201,No,0x0f43c6cb0946962f458895ea6fe8ac0bd77e6426d85e130d8c2d8a1cf5ad3b01
BUY,0.98,1352.29,1762308201,Yes,0xe662c377c7cdda7e06a29532b4190bdd4c4afbcbfac4bdeeb16559018801718a
SELL,0.98,888.28,1762308201,Yes,0x16a2334b2358a837a027f34921bed9671689470a69f01deceb46602a06d41cc3
BUY,0.983,1352.29,1762308199,Yes,0x2df08beb9a0fb78dcc1de48c41619725d8176209a2e2011532e0cd4435ce68d5
BUY,0.02,1000,1762308199,No,0x7a83e911a2e8b29fcd21ccbbd77dad2e0447811199a8d7eb8510eedc21ded942
BUY,0.02,1000,1762308199,No,0x23e620c621606547dc74ae88e2ee37c863b0ef6ef6158b9b012ca681379bab96
BUY,0.02,1000,1762308199,No,0x9bbbd947114566ef6f12a00ab79260bc56561dfc33247fb0914362e8e69720d3
BUY,0.983,60,1762308199,Yes,0x4a8ae966aa709528ae4a5a3d416ee86db24af2fbdc52eb70b1c6985140e31bed
BUY,0.01994342,1000,1762308199,No,0x26d3e1fe05be8abc20ac422a3b572085b1dcc6f54667b6d36db8620e89ec13c8
BUY,0.9827219878626755,101.758176,1762308195,Yes,0x4093c1dc7c1d2019ce132d53239a4ca42b188663c33d5a8452e5c59bba441483
BUY,0.019,100,1762308193,No,0x46465e6883c58aabcbf279b091faa420f25a1d67bd34d6afcfab302e3a016bdb
BUY,0.981,128.49,1762308189,Yes,0x8107331c16cc90caac87be40b38c4bda80511f8f58fc92126e1c85a4749153b9
BUY,0.02,500,1762308187,No,0x04047f25f97055b65f5f9c8a9c76321878b7f4d0e90cf046535c95000e2d7a81
BUY,0.981,997,1762308187,Yes,0xb5fa05ca2b9e4a69e1beadb499bf4957793486b10d74a9c6909385ee658de763
BUY,0.9809999998461724,71.508631,1762308187,Yes,0x084beff17d1ca7619035c435f393a907d2274a86480e33c16150d0901271d8f8
BUY,0.9777640482220672,46784.39,1762308181,Yes,0x25748ed76497ce804e0d89f0429cc4dcc8d521e0df702fd57264682ba2ec92ae
BUY,0.977,2886.38,1762308181,Yes,0xb362b4c260962ff77e69e0c421ba4ebfc480552e014f3aaa9bab5695841c42c9
BUY,0.9769999999728272,73.602826,1762308175,Yes,0x0775b95130f418bd6003beab6b17b549afd941ab9e5733138e382f0ee0d8aebf
BUY,0.977,19392.63,1762308169,Yes,0xac7eb2d3d82527208af396d4afcc681bb4c406f4a032e6e29e9a9fcd37420630
BUY,0.9769999998809826,75.619217,1762308167,Yes,0xbefb4a89915fe69104fa18f926204def33d5d1a1e930ed1f3d14aa9568d24b00
SELL,0.976,2.19,1762308165,Yes,0xd6c839c78666a9fb54e0629bcaa043d7c34c9c93edc602a4ba9e96e2dc50eec2
BUY,0.977955886,5000,1762308165,Yes,0x861583ea54dedf2d80ad4fe64fb9d47bf08ad6ecb84ffb35c9852d616a67d3a2
BUY,0.9769998511051632,5.117706,1762308163,Yes,0x676b0776928d6492d1e49d18f0b1152f6d0c85bd6228c014c3772307a548c12d
BUY,0.977,100,1762308155,Yes,0xfc33bacae4ee2dffc5bfd257982c5bf27003cc0576c9b5b47f8ca99ab38354f0
BUY,0.9769999907493171,90.696007,1762308145,Yes,0x6ed97021c8f772757b201d6dd336634e68f79688447d31b9b84ba9c0245762da
BUY,0.977,100,1762308145,Yes,0xf63ae0d8e927106aec12e5b79ca566c686ac9de138aa7f8ca91051999c325dac
BUY,0.9769999904880126,84.1044,1762308145,Yes,0x1937d9621e2b32678414ac5c59195b24359971b095d86304d5764d0dd30d7d37
BUY,0.9769999825193622,41.76049,1762308143,Yes,0x8874219007a526d82fd528b9fb68488a36424c398d14083cd6ea84c17c5548d4
BUY,0.977,3000,1762308133,Yes,0xc64bc526038ed0638fb1026093cdf680309a42de22b455aba2c115f299e4ad02
BUY,0.977006252,5000,1762308131,Yes,0x28bbea556df5d30339664f4a820eb27c5e0ac2d0bdc367d6350cdf962046f89b
BUY,0.02495950105297262,2469.2,1762308127,No,0x3e230b4efc2afb650f7a39f0f7207f95720a7120a05a9d5b100e50344c9efb11
BUY,0.9779808256646733,29587.512596,1762308123,Yes,0xb232c8cfb3ce6d509cd8586ed1b7b59a08c3e26bf232cdf243d1bed76a502df0
SELL,0.023,600,1762308121,No,0x0640741c4b619b4b16575b1c285cb9898042f9ba8fa5f1574d6e5a646a1d2c93
SELL,0.977,238.6,1762308117,Yes,0x9f68be3a56c04f945f40d271450d766e026a23cb6ae8d40b4101c55af53f7881
BUY,0.977999983765197,10.224947,1762308117,Yes,0x9f632dfbb1f1e55b48c2e6e69384e9c093e1ad5c46c05ffd26909fb668695a43
BUY,0.978,100,1762308117,Yes,0xc804f1bae1d647c2c9ddeeda98582142a691e37c416523337d756a1dac430c48
SELL,0.977,84.48,1762308111,Yes,0xe67ca535c0f0b3b9fb5e294485230de1909b4cdb47423248f69b4455d15991ce
BUY,0.978,100,1762308111,Yes,0x7dfb6dfcc59b2687aecfeca4e3bcfa958f624039f42762197d57e60b70c2ca50
BUY,0.977,76.92,1762308107,Yes,0xf80f137ff567bcb68e444db94f8bb5319a5fb151ad6f3571930f0978a7266924
SELL,0.977,923.08,1762308105,Yes,0x66e4cd6886bc49c1a5904b4d4936c7f82fe1eaf6b3374b50330831bfd2c3634e
BUY,0.978,35,1762308103,Yes,0x439d0f70e4bbf6de6b83d77256a323d3cc85589fd40bb423b74a616747b02034
BUY,0.977,8347.98,1762308095,Yes,0x84c4effc7f0e22f3d5b8ad97045f9df5acc3e0fdc74af6ff81d22455c3a3c150
BUY,0.977,23.08,1762308093,Yes,0xbcc044ead57a9fef9ec85a54ed8ad3a629a21203eb726d9db764aac2cc5ae33c
BUY,0.977,900,1762308087,Yes,0xf4e870d35342d4e862a103ec78d37a7eb7cc6096db7eac44549571ba27d491cd
BUY,0.976999999409892,1023.541452,1762308087,Yes,0x72dd203e8828fa2cd14e4e379164d58f77f8c81f00cab2dc4f79d4771ee2fc8f
BUY,0.9769994333391954,1.02354,1762308079,Yes,0x79660de8c6a030a19d717361e43995ea2111b5948051420f045111729c4741b1
BUY,0.978,2000,1762308075,Yes,0x24770102d0a9a0e8373794bbb5863d0696da10e578b2317522d2d31bb420b200
BUY,0.9779999869925995,40.899794,1762308071,Yes,0xc00d1e97ed644993e2e4bb35efa8038274977304c971207db53aab4dc0715374
BUY,0.978,52.16,1762308069,Yes,0xa23199c2746516dc6920526cd4d114490c3893ca8e2b1e5a50e6092036780b11
SELL,0.976518074,30000,1762308065,Yes,0xf0cfdec20dd0db652404b99afc0f2dac002926f4d50ed92ee4bebe23f3cd612c
BUY,0.9779998780759339,3.067483,1762308065,Yes,0x876b87bf1dcbf93350ecaeea628faf3636d238bbdba85908f0b5760fcff80475
BUY,0.978,7470.75,1762308059,Yes,0x116147a4e47ac73792f88e7a02f2eabb76b3cbae975a17c3866db21d1a8ad7bf
BUY,0.978,1000,1762308049,Yes,0xb3687f8b750f8bebd4deb157b286ef8819b7995ea2e9e816c5222909d773ef89
BUY,0.977999849387722,1.022493,1762308043,Yes,0x2724ab291e7856e5fd267f1bd72c83b7869ccf871a5f0398d66d15aecb6af4c7
BUY,0.978,200,1762308041,Yes,0xc6ff2005dcc24d4932433f4723ed8c28f0b4172857be8dff978f3dc94bff0130
BUY,0.977999849387722,1.022493,1762308039,Yes,0x5f5f114627a87c9181b01d98f0e6347d7d263d09445b01098589a2d18881b080
BUY,0.978,10000,1762308039,Yes,0xcb25325346f907f098ea29576eddec97a837cc9f0baf3f3a968269eddc4f07ce
SELL,0.022,604.04,1762308037,No,0x4241158a257a1ab1b00d09246b2cee60ab339db3bd6eddcd08aa4cefb49a05a1
BUY,0.978,20,1762308037,Yes,0xba47c28631604b88a84b6bcc59e395aa18b129a19ddfbe9357c443dafd092128
BUY,0.978,500,1762308035,Yes,0x4032a83e3215830e55559a054320fbfa1b859bf27203d7d6bf0123e68f797459
BUY,0.978,400,1762308035,Yes,0xd0188d8689dbef1f8d33557f7adc111103c2ba90103fa9aeb187de86c6412e90
BUY,0.978,80,1762308033,Yes,0xf84deb60af932fa1b7841c0cdc888b8988d974478df4a06abd23249358e8b4c7
BUY,0.977999849387722,1.022493,1762308029,Yes,0xdae4397acff90ab75f0f2043b8a7fcb3972dbb54e56a9c009a25bfd87b2fd2ef
BUY,0.9779997652799418,4.192228,1762308029,Yes,0x6cce2476955dea6229494b735410deb319e95eb647ebbb4456ee7c0f981b2003
BUY,0.977999849387722,1.022493,1762308021,Yes,0xc59fdf4ba46441c5028be632b102958d1b92bc3163020bc4acc3bec69a5a7563
BUY,0.9779999791199991,33.333332,1762308017,Yes,0xc4caa7a11849a5709aaae796c82b08138f63af13f9b43ce08cdd50efdc7df69e
BUY,0.977,5119.52,1762308015,Yes,0x1444d04c0f1bc20b299125b2f5faf830b95da87a71f40362f96b388091634b62
BUY,0.9769994333391954,1.02354,1762308013,Yes,0x1d4042c8170f400e5047f785b0c95984f71d3cec7286c506f843e69d5d6c2174
BUY,0.025,148,1762307999,No,0x7c3cd4a2033e61e87b3aaa815dafeb1dadc32e59332e4d580fbba18fefa2ec20
BUY,0.976,18.47,1762307997,Yes,0x81fb813b9125441b337b5c4bfeb906343cc1ad78d7d74bab097ba3a0ee191ab0
BUY,0.025,2543.2,1762307997,No,0xb7393eb29ab7d3cfe71420f2a2a981b052c93ff8c5f6b99fc4d82cfc671d4829
BUY,0.9759999842548898,50.809425,1762307995,Yes,0xeb35b2c2202b50d019e29ea72121a086c92f5d415fcad7cb81c27ed44b340e2a
BUY,0.9759999746239975,16.393441,1762307995,Yes,0x8f2f4973281fa57108cb8ef0b76fb9d2c8b8cf61ceabe03e302cb983f0b402f3
BUY,0.025,2000,1762307995,No,0x536020584e3efd5c29f3ac61c7e20b24463349df84121ce19b0cad921a68ec43
BUY,0.025,40,1762307991,No,0x776c2378afac345397f31dd49264a400992e322120cf8ec61c693482fc713e82
BUY,0.975999156735042,1.024589,1762307985,Yes,0x638237cb12b33c258ff83d6cf251e36106b1826792f195c9b0a65862fd0393ee
BUY,0.9759999964213332,49.180326,1762307977,Yes,0x7772a1ea84280d47380ef5a061de024f59740a3abd136669ef853eed29470d0d
BUY,0.976,100,1762307973,Yes,0x3ee2bbdea52697c48b114c010d08617575769648632035f5ee20f31e010aed1a
BUY,0.975999156735042,1.024589,1762307973,Yes,0xbd5432fc290185c4c9d82e35994e46c73701533a85f3fb522c510ac9cd09c309
BUY,0.9759999993088354,740.778687,1762307971,Yes,0xa430d459bf12f59455684aacecd7fe162614db63ee681141d9481f1563cc5e18
BUY,0.9759999917676414,81.629097,1762307965,Yes,0xc626b06f3e3de11d6bbe5b6e01aaed373536cfcb4716fa5bed1c9677fd4df785
SELL,0.975,2.95,1762307965,Yes,0xf87030fcd96bd3361ee34d267260198358df8710330b2816db8eb759f224777e
BUY,0.975999156735042,1.024589,1762307961,Yes,0x9667a51c4f95192e9aa949f12b62f0b2324265d04bc2d9e463c918effe2fae56
BUY,0.9759999937535999,102.459015,1762307961,Yes,0x1d44862198e3b605026cbc3530b679146a00ccf61c5462b6d371517907572038
BUY,0.9759999942423593,25.010244,1762307959,Yes,0x99d0126095b7969d8ca45a1ef745bd5f31908ad6bbe696c9d66fca4fa267d443
BUY,0.9759999950779973,84.518441,1762307957,Yes,0x21cec9b1301800273c2583b78e8e4ecf32c6bfff0978e1de1505cdd0af3e84de
BUY,0.9759999913524682,22.202867,1762307947,Yes,0xf79c4659a19ac63a8e180f39e64f24b712c84de240c42f53db22fdb65bf691c0
BUY,0.9759999833320678,43.19672,1762307947,Yes,0xa9439dccc9a0f5c07eb203ab2f982b95770d6ddc6f5713f6a5419880f5ab7a0d
BUY,0.975999999494922,316.782785,1762307945,Yes,0xc7e5d94239de223569afed899e66a9340607edd36fe189d3294b3a83abb0bbd4
BUY,0.9759999873705039,43.073769,1762307945,Yes,0x8074bbab4c250f43f3ee03d08756a640087c61159fdec897a7ddc1ab3e3db1b7
BUY,0.9759999776275066,42.909835,1762307945,Yes,0x57993951c87277472502be77b0a52adc70b31e80d6a87fe920df548db0089969
BUY,0.025,80,1762307941,No,0x9e2db86f071738aab287358b244e49f020e15f0f037d80c2a17438181c73abf8
BUY,0.976,500,1762307933,Yes,0x5d10533316a2787a1c89f8470f10833030c3fafa1b07f06bbd9d738af6e6c85a
SELL,0.974,10.89,1762307923,Yes,0xd4a8b046dc1be0ff7b9baea05b38b3d783f6ad31ece72d9891f071f0d9cf18d8
BUY,0.9759999995890525,38.934416,1762307919,Yes,0x9eb0cff4c1d0a9ee75e07ecd1f3e8aefa8cddcd57ab63c6ff86514d8806cc537
BUY,0.9759999992191996,20.491791,1762307915,Yes,0x48dd87edb95875ed40f99c45e94e256ae5a060e50821e5b70f2db345855068c9
BUY,0.9769999510522926,10.235413,1762307911,Yes,0x9e726354d1beeb2d9867e9cb216d2b19c5b065ac59176c190652f8ff56486a10
SELL,0.974,100,1762307909,Yes,0xf190704d6780e65a4e5726c004d384ad021e5dfab1a40aa2005438c8d818302d
BUY,0.9769999999437134,12134.329579,1762307907,Yes,0x390f224d94d6f45a31c7f298c0fa20e61a574b065ed44a4317b3c5ab1f5b4dbf
SELL,0.973,426.02,1762307905,Yes,0x4866b8ee26fb804d1b746788382c43e9625041668ec4bcc4927c50e24bd5a194
SELL,0.973,20,1762307897,Yes,0x2e6f496f9088648caff8d4e31f569331486fda6b5fccad85f1aeb51a238e4ff1
SELL,0.973,1.02,1762307893,Yes,0x173853c64f58f54fa7ee51c4735c403b6f16fa7713800d7bb6a1b38257413310
BUY,0.977,716.479,1762307887,Yes,0x5617bc8b4099bd8ddb8850aa5d995140b46c19a23f744333d0537dc5bf0e3d20
BUY,0.9769999998882809,3857.891503,1762307887,Yes,0x0ba69505aadad62d28673e3c6e50e03a8248cb5fd8d2f20a074521e09c23d478
BUY,0.9770000000072406,966.765609,1762307881,Yes,0xda1e597718ca1eb112a861f55b145bf419d3211f3b2de6ace2f215bd6fc1c9d0
BUY,0.977,144.08,1762307881,Yes,0xbb6ada48005b927ae80d5e97ba8ff2588c117cc8355224e90683afb53a53f137
SELL,0.973484496124031,412.8,1762307877,Yes,0x7f2848acfa6871c4cdcde3e7bd24744ece56c9f9137184d1d337c38c39b4b7dc
BUY,0.9769994333391954,1.02354,1762307869,Yes,0x27dced0b734428d9bd2a95017f564542180af283083719413110d1e671c2bb25
BUY,0.976999830717516,1.033775,1762307867,Yes,0x1c8e976722f198f5e85e8c2f3cd83425108291a1801bd2e503b05646d8aa1887
BUY,0.9769999932110635,52.732854,1762307855,Yes,0x20f793642eeddbc8d5960ef9c60f4f8b7f08548feded0a4a33f5babe001a037a
BUY,0.9769999989002058,412.804502,1762307851,Yes,0x753568e078e554488767b6f8b0075297e348dd69d9abd73098a9668f2044e238
BUY,0.026892646316485684,37184.886427,1762307849,No,0x23348e6192f5be35c94d6b4f16f35ce92b35c2d9be0fc1c73148b6589cf1a322
BUY,0.024,211,1762307837,No,0x8405f24ad90d7f1d509b2f8c38a19637f718c407a186e9b06122fb9549bc1e67
SELL,0.977,704.39,1762307835,Yes,0xe86a99e08ada005426fdc6d61f9444008562f1ca70407b69bf23e2fa1583b2ba
BUY,0.022999977988999054,43.478259,1762307833,No,0x6ec2214827cc02cd49ac04b3651d1ac4700ae0fc1329d17da27b6982a6d92b48
BUY,0.023,60,1762307833,No,0x8f93b1d2070776458163601ee065d586dbfd80dd2db3c978ca9fa2f3f0d3290d
BUY,0.023,345,1762307831,No,0x849b3424e583fcba79b9887a0cfc5de4b457c273abdb83f6cef8811eff8ebe98
BUY,0.023,494,1762307825,No,0x2ab8da5d648fcf7cd36b32527a4670c82484d5a7cd0141af1b980283aa626401
BUY,0.977,1353.13,1762307819,Yes,0xf45e5d9938a24f4b16c3881dacc4f5326e9c1f3f21b449ae268cfd6c0200ece1
SELL,0.976,755,1762307815,Yes,0xa39ba9e334969589447e66acc7c93e00e07a88389db0d5307aaaf0e4a4c131e2
BUY,0.9769999999023,40.941652,1762307803,Yes,0xdd0561612e94f9474b7d36311bb09a4f23bb37a603a0fe4fc0da1d02a1b51c3b
SELL,0.024,6293,1762307801,No,0x51734e222db3577aa05096f3320b864122029dda60533804faf4b4c91ee0c9c5
BUY,0.9759999889843464,61.004097,1762307789,Yes,0x018b3195f04066fff9cac42cbf52743932af8917761bb51472045682d4a0f51b
BUY,0.97599998710487,12.407785,1762307787,Yes,0x244e33b74435dbcf0dddfa8184047d1a978da40add8ebf3d5f93aef565299361
SELL,0.024,61.99,1762307785,No,0xe8e095577dfb46eca52718814ee904ff072f326d8d4ee021bd29daf0f6725c78
SELL,0.975,100,1762307781,Yes,0x51ce97fde227878145ab9d3169e37c6ba684f735ddd0e1cfb86b16eb792e24dd
BUY,0.975999992630366,62.961064,1762307779,Yes,0x1daf3a30808e543844e2107eb595eb2251d677a585e9b7a75dec178a58bee4a4
SELL,0.975,1000,1762307771,Yes,0x8e00aeaf526ab200cc9dbf697aa3d1d6d1548b2a8ed0de93778fe690101f921b
BUY,0.9759999972411734,307.377048,1762307771,Yes,0x98480f95cdf251d11552a730d4491fbf1f911c6a426743e317b2ed37f50cf8e4
BUY,0.9759999895013961,59.436474,1762307769,Yes,0x4d2036ae158bd10eed26df0aceb43e8e23bc19ba6e0cf1d53a2aef5b006a19d7
BUY,0.9759999915356672,115.307376,1762307759,Yes,0x22e794591f99b1f296f817dfb9932b7bf19bf817a2a38d612abd1dfbd2cdae2d
BUY,0.9759996564477774,2.049179,1762307751,Yes,0xd77d93e0c2a12600576622812851232e027c852f803b2842d1b3b019214fcd50
BUY,0.9759999965336291,46.157785,1762307749,Yes,0x6eb8c8b027ef9a9cc45fe049cc935c0981b4781ce18449fec1a0ed8978e1aced
BUY,0.9760000006296775,12.704917,1762307745,Yes,0x5bd5162253b28e5842ef4de0324bc3f465259e9b92ebd4cbeccdffd70580ae6a
BUY,0.976,73.77,1762307735,Yes,0x97bc382f373106f6687d9f01dd3d9e94111c974b407e12538cb9ae8bca274b54
BUY,0.9759999822545429,12.622949,1762307727,Yes,0x2136e1201824f6764983ea8c55b44bc3e85e348877bb2fc801305cb53fb569ef
SELL,0.974,414.08,1762307721,Yes,0xa7a4a113272d407a6c45cb32372291c3576c6ea02e96f21c64b2d8a63adfe075
BUY,0.975,72.49,1762307717,Yes,0x6cb4976ac5861a912088d4a53f3f967d54c3a202b1a7b0bed2132aa62fd5d7b0
SELL,0.025,69.99,1762307713,No,0xbf6bdb0bcb7680e6cdea31c1d38adf788bb2050ddc1fc1011d9fffeabf84f417
BUY,0.975,13.2,1762307709,Yes,0x91964b5c212adbeb6b2ba9b740e9ba43e4f9a5e7ca2d1ec1eb0c699833b66dff
BUY,0.026,180,1762307707,No,0x5e638df01f60aa2ab3204c83ae078b6b10bfd2840eb00137ebeb6cc5a5d5720a
BUY,0.9749999995773679,414.071793,1762307703,Yes,0x0f99607cc963e85d85f2397d9a7be091fe5c0bb54931be2df81026cdbd3ad111
BUY,0.9749997738400255,1.989742,1762307699,Yes,0x823bd46cc1d65b5e6e33153feb7f51b147fe046b7f3370c3386f92d2356593f6
BUY,0.974999930179364,3439.169475,1762307697,Yes,0xf94f8688bc646fb1f31e2e415c0be95d18cdbef7c2a4bf3fe1d68995604514d0
BUY,0.026999982348979122,54.444443,1762307693,No,0x0df52cbbd96f0518cc5af7984ab082085741ccfa423813e0740387242be0f083
BUY,0.974,71,1762307691,Yes,0x0c2208d996b5a42d55f06abab63b29f7be47c32954d94f42d37252f4b20c2651
BUY,0.027000000027,185.185185,1762307689,No,0xd7392101ee0c7d1e62aa2169996018537bce96354a601c7ddbb7a8793151be68
BUY,0.9739999989610648,15.400384,1762307689,Yes,0xfb7f11b21e60fbeb201917c79917316763bd6aa21b21d06efa073b4417f60299
BUY,0.974,513.347,1762307687,Yes,0x8c2334d287477721ff3089e7beaef7c841a0a1b8aa4fa908f72344613f5307a0
BUY,0.974,100,1762307685,Yes,0x0db08271f7343b44a6d7f9d04b2322f43c6bcb89ac5115f76805113d2f727d6d
SELL,0.026,5211.43,1762307683,No,0x0c29218a1b59f4d370cc685405b2236b74cec31dcd444663f5609960ba40effa
SELL,0.973,170.38,1762307679,Yes,0x92a0da55a49c85a58ee3286bc6c5eb7b907e09a737e965da3d74b61ec0bbeac1
SELL,0.027,7000,1762307671,No,0xba5e92418a2a70ac043bf4bee240bae037391638e3c6078581ba9f1136a1f51e
BUY,0.028,52.5,1762307661,No,0x9456684b1cfadf6ce3dcbd8b9c6ee128ccb36780665563dd0b9fb37746c63cc0
BUY,0.028000000077538462,464.285713,1762307649,No,0x9e35837ea8226696c47ba359e71468e5cea0a5b152b5e3923edc413added0039
BUY,0.02799998655999973,71.42857,1762307645,No,0x588bc4fe220d87672b30d524a1575b02a3565ee0999bf8bbc168b30ff0e7dc42
BUY,0.9729999805398253,1.02774,1762307641,Yes,0x49d53abff8751fb2bba6d4e3ec62bd690e43b4a8a015f694500e1124b2c945b4
BUY,0.9729999996243243,31.942444,1762307637,Yes,0x34ed7cd6a8240e0a5da9fae237444709e0ef622eb063028b1f03256472c406db
BUY,0.029000000098639456,50.689655,1762307631,No,0xe1d9c2d65e6e93edbb1d7ff865356d0efcac8f7e602d6144197257d27f4b19f8
SELL,0.971,275,1762307627,Yes,0xef389a09c6569983ea3f7e9c6def472748545a394f726c9576b7581498702a3c
SELL,0.97,1199.42,1762307611,Yes,0x3087e17f2cdd4261a23b8660bce1342498da4b85fad0332f68f10668776b0803
BUY,0.03,2584,1762307611,No,0x43d840bfba401ebff3fb428b24607753ad334ec856917dfaf31a6a486facf3e2
BUY,0.03,4033,1762307605,No,0x4b20e97aad5e0f440e99c1a64bd5c0b4ccb68eeaefaa4219567381439ad7f9a0
SELL,0.029,300,1762307603,No,0x1a644322bc4dd2304ea2029f13a9e80650f1ed9a1af12b497dda9e794728ebc9
BUY,0.03,5000,1762307599,No,0x3e70d3f31a534d0599e2d47850e1613e63555b5ba740d752a8384edbdeeee755
BUY,0.029,7580,1762307595,No,0xfd499e85b58d564e1a0f11b1d57cacd5c8649400ea75e5d72ab555db81047730
BUY,0.029,800,1762307595,No,0x2b71a7682b78701d58c5d00d2181fe89bce57f2571c25a7366412f57633b862d
BUY,0.029,1547.67,1762307593,No,0xdb9345c6f555b3c2c8205bc4efed57514ffedb8fbe63bcd586666d53133e30a1
BUY,0.029,800,1762307593,No,0xd880cee69b49860594c2f1317a3a816111a3ca6bfe18fce9c6ce24d07734ac9c
SELL,0.972,1.03,1762307593,Yes,0x5b2fff2c3811b579095c9caa4147ab0b1b09bb6ccd90074c391ad1e5c2d0c380
SELL,0.972,21.97,1762307593,Yes,0xe8e0e4bc89a49941ee1ff6f053948747e104354ec8f6912940ed42d05c64118f
SELL,0.027,74,1762307593,No,0x9813aca206d5c235a149d9d0e9298ef20217fe7091189bdda7b79037e013ff3b
BUY,0.973,65,1762307593,Yes,0x7164e901d6f89d64763537959f0ff8987c777537a0fa7386bef549d492e7a2a0
BUY,0.973,50,1762307591,Yes,0x0f758d4d5455b31f0ce4fcd8313de0cfd4e205d6d31aa9824bf67bf08105bc2d
SELL,0.973,9.7,1762307591,Yes,0x4291e47dad21d0f17107d28a95d7a755b12dc76f7e5690a96eca23b0f460c368
BUY,0.027,60,1762307589,No,0xa73873b9cb95e5a1503f051e66fd936868d64d9dc3c97e4b1fa99077a6e75c1a
BUY,0.026851415336052637,487.87,1762307589,No,0xcfe249f65c136d56066977460cd4a43604048b9935b97017a3d447e05686bbac
BUY,0.026,460,1762307589,No,0x48b828bf011020de03378e9b5b45ebc3a22773182457a193ddaff68ec004fbc6
SELL,0.974,167.51,1762307587,Yes,0xd11ac594f4fc1f1b2ce7144b110ddcdfeddca5c66305ab417cbf551ad94eb418
BUY,0.975,10.2564,1762307585,Yes,0x6ac03f76604c3fc599080a59bb42b2444f39c8e4a89626750dbaa18025e1ed2b
SELL,0.973,414.92,1762307583,Yes,0xe7adc7e2070f0698cc229d7883ab40f21b39ae806629968d65864e08bc8dd823
BUY,0.975,41.02564,1762307581,Yes,0x645ed0bf201408e890934968cc599725cdbc916e83648a32a325aaf0dbab915e
BUY,0.9748885426883533,23592.44056,1762307579,Yes,0xf0e1f354bfaf3d1a033a0571e9698ce9da16fedfcf8d3153ebf9fc24e72ec65f
BUY,0.975,5.1282,1762307573,Yes,0x67465547edc3b4be63984502228e1ec66779dc3fce14be2d6b27b925b332c179
BUY,0.975,50,1762307573,Yes,0xed1e3d9a69ac0a5986ee9492e871af0f185ebaf9c0753438a39fc2a319a1a602
BUY,0.027999981333332816,51.42857,1762307569,No,0xd66442eb4d74d3be6bf201002a17cbf59a104bd4736640beb34b4233aa54a799
BUY,0.975,414.92304,1762307565,Yes,0xf506252f2e1401004211e0a2c1c406c39583c6f65708650631603f61c8a17e89
BUY,0.028,1000,1762307563,No,0xbb331cb754d383c0ff7b8e6291462bb63b248d720a5b5246dbc7d20c9836b9b5
BUY,0.974,666.79,1762307561,Yes,0x776b79c61c5cfae7a68f512b78191b1e28ff0d6608475c1c41f04a4f46d0fd38
BUY,0.9739999998966304,232.176576,1762307557,Yes,0x9f5563c1e0f7ce6cd6c9878c5e15bd094b7dbd3103e94d979a5662947adc2b5c
BUY,0.028,975,1762307551,No,0xa8c004212d5a8d1a1223bfbcc0405650f4f5f487312e848a0524656525192ec1
BUY,0.9739999922079845,1.026692,1762307549,Yes,0xb81c516155cb23f4d41e2ad34ba3c604ee8cf77a1a685a1a913d4398de60781f
SELL,0.971,5.5,1762307545,Yes,0x726352e045dc97065904c0975ca89499856f675c45ed314f5842d0f5c354eeb9
BUY,0.029,2000,1762307541,No,0x4bdd9a5e170cd2e098c7cc6d6a20f0d7bb134d79571cef766104cfe8002215a7
SELL,0.971,416.63,1762307541,Yes,0x54490b2c5e65b018d8db8e8f038d8beb8eb2a2e636eb146cd21fcdd2601d0283
SELL,0.02502724473290416,50032.79,1762307529,No,0x50b49bf589d808c94cc79e227f55ac4d9c37237abdd30d01cb657f55f05be902
BUY,0.971,207.42,1762307529,Yes,0xb838de7372f282d81313142d337452a0b7dd278f414c831beb44be57a293f207
SELL,0.971,2792.58,1762307525,Yes,0xf8dd627518dbd4a538070ebc9eb7a05eedaf234ebd05f45fcf358f4f961add2a
BUY,0.9739999999951996,416.632423,1762307521,Yes,0xb49bf376fb6813a83c3abb8ffcec0e8c91eaf16cdc5d2f65a73018a1797a9a9f
BUY,0.029,2000,1762307519,No,0xedd28e46377826706408a7da3cb85a2474b4f62970aefb842c84aa0a103a89f4
BUY,0.9739999999911455,451.745346,1762307509,Yes,0x40517b1ceb045882bab5e0ec10de4b5cff133333aa67fa5f935bf814a6edeb1e
