side,price,size,timestamp,outcome,tx_hash
BUY,0.001,1000,1730921076,Yes,0x42f571ef5acd8b4836abb3518a8a5c9cbf5bf91c6c194a356392a5312c07a2c1
BUY,0.001,80,1730918293,Yes,0x32a5f6143b7afe7458c348f019adc4b2f57ffd261d421a187a1084323340f1a8
BUY,0.001,70,1730915440,Yes,0x44e348333eb8291990fbca71d5d3a1dc69d95abb06d597d9a26dbdfc8b37eb9c
BUY,0.001,1000,1730913102,Yes,0x28f283875f8e1933f5fbc497ad7a7d91450eb7f526092bd0ee6652a8dacbe3e8
SELL,0.999,1.69,1730907890,No,0xf3b69a9602d2a07907b1e9c8befe78daf5a3a507b92157368c16b15cc9c92c39
BUY,0.001,1000,1730907069,Yes,0xf8dd6c12aa7a77aaf4fe5223d742a4d81dde711efb8d9564bddaf779ce6d732b
BUY,0.001,40,1730906713,Yes,0xaa59c93b31bcdbbf8d3f4ccccd7c152bd8097d723ba708cea2dc637eb9d69600
BUY,0.001,1000,1730905756,Yes,0x91f5a10fb677356f4078da059e5d9bb9c9349b3c4edafbb780a744c3c748e83b
BUY,0.001,1000,1730903725,Yes,0x0907643a49ed5252b5ddbce6d15400ee7ba2d7be0fdd9a6e17b58c3a8a1bb631
BUY,0.001,1000,1730901732,Yes,0x5830c0d1c728e855bee6d85654e5ab4105800a3942cce92049e60273b089c415
BUY,0.001,1000,1730899071,Yes,0x9ad39c11e4d54270a113f46e7d5403e99f4fa5f0996f089ee5bc9ff30843a400
BUY,0.001,10,1730898095,Yes,0xf1181fd6c7eddb48f69c70f128ec3f1a8b1b6b901cf6b1b4211dacff5945fefa
BUY,0.001,1000,1730897579,Yes,0xde7ed561a0fd617672e32d0ecd204dd57c5837ecf9a9a9efdf6b74e593027adc
BUY,0.001,1000,1730897579,Yes,0xf1667a1d0fdcf7bf6cc3b9b1ca9c6334c6a62b0869d0a0b82d4afd175c831cd2
BUY,0.001,1000,1730897577,Yes,0x8ae5b0216217937a6dfff0a487558cd26c58bab201f438e2648f4315ea85995c
BUY,0.001,1000,1730896286,Yes,0x866cf6c946f0dd8e9cb732efd9fd8a2ac1bbf239bd657da63a4043dfef926ee9
BUY,0.001,2000,1730894202,Yes,0x81639828bc017290a55c8c638ccd3b342eadc15abd6e4e7a79fb590b383743c9
BUY,0.001,3000,1730892797,Yes,0xab6b5cdde4e339fd5521fb78877bd03580f9f5e672d9d926764176967e8ab1ce
BUY,0.001,1000,1730885773,Yes,0xaf9a2216eb82424742563b8783a3787741f32dbbb97f7c47ec2e17d445e4bb6c
BUY,0.001,645.38,1730863417,Yes,0xc1d08eba948b207b165164d004b70151794a33a645800735e9df77683ad745d9
BUY,0.001,34470,1730862943,Yes,0xc966a6b044de8a21dfc5fae47b690848bec47dd6ea6245937fad210841b7d0c1
BUY,0.001,2990,1730855705,Yes,0x58c5f440305ac972949e0fe434441dabb35f4e4a8a2b9797cf4c03d965f06139
BUY,0.001,1000,1730855675,Yes,0xb6156a20fe4da8381c7ac6bcb18bad7b670b701868ebdbcc85b96fa0c6736379
BUY,0.001,11.55,1730854428,Yes,0x24dd561b00e1a853543aaa80cb43330be991a012c32f0c9812c98ee893683908
BUY,0.001,11.55,1730854420,Yes,0x3ceb02cf6e8955a6ac6f38ab1975f5049744b220b0c2860ecf1bd6e1453d3bdf
BUY,0.001,1000,1730853414,Yes,0x60fe7bac8784637def5653de7ab3d2f39e9af15307f43dacbacd0fcf0fe42d39
BUY,0.001,1000,1730851560,Yes,0xf090e667df715c53e87584e0420a3399729d9f418a3e4135619276fe6e49a969
BUY,0.001,1000,1730848727,Yes,0xee17632f91383aba7f5abf55de92c848f845a955d8d7d4bfe185f7ca4cd3120f
BUY,0.001,2000,1730843776,Yes,0xc207b177839af2547a9612db759debbcace438a79e9fb7fa3212ecd0c009f917
BUY,0.001,1000,1730842986,Yes,0x423d9d906997ff2b8533a7815f089cd7dd214be141d1d86608aad60a55eabd83
BUY,0.001,1020,1730839208,Yes,0xeb411b9c40874db85e7c6bca6655374b9bbc632d878a9523fd904c49e99edfcf
BUY,0.001,1080,1730839196,Yes,0x70911170e70b27c43f9e6302864f43e31813dd53396981de0cfabeb7e29426a7
BUY,0.001,1020,1730838882,Yes,0x6e13fd00880e5044689b18a0d8b734f69d29b4e07c2c8e3ffc6a33d8b4416f70
BUY,0.001,1020,1730837537,Yes,0xbb9fb4c79fbafc3a0003723e03c140e93cac259dee4619663af52ff76886ea1c
BUY,0.001,5,1730836835,Yes,0xdb5a61dd037be60c40be7192d60f990590ec09d1d464aa8292ea0380fa9d0005
BUY,0.001,5,1730836182,Yes,0x7e83f60fa48853b8ed3a1405751a705f9535c84a8208b82e533c00616e0e64b1
BUY,0.001,990,1730835594,Yes,0x5888b9361a1d7326c101e0d01147532d4b5e42f4abad36abb4b1b628861c2630
BUY,0.001,5,1730835556,Yes,0x3c6091d02081583581c3bac7e221ad49aa6ee7b0b2960acf2bd86d227e777ed0
BUY,0.001,1010,1730835284,Yes,0x6650fc995aedf3102b51c538180bc6a309cf391b8745cce5ae221dac658ed13b
BUY,0.001,1080,1730834324,Yes,0xa9fd2488316a2a8b229e59173db12388ab1c2bca937bf0fd62c726952cbdc488
BUY,0.001,3990,1730833832,Yes,0x0a1ec1ead0c73c9a43f5a21182333afd6b095ed88a98664d4cc8855b58071c6b
SELL,0.999,0.9,1730833112,No,0x4919f26c08a9f68d459577557ac50141416e39d6be1d16dad05444f9ee87cdaa
SELL,0.999,0.84,1730832828,No,0x20c388724979b1d01c56082462462c1f66947fdb93a9437165665f3b405335cd
BUY,0.001,2000,1730831704,Yes,0x6663080db6fbfc89cb7303ebe3b3d9c2a6398b26ff74d05fa3f84149cf819cdf
BUY,0.001,5,1730828671,Yes,0x8723713b6466b8b6751d82e9f162e1935c246632f329f82e3cf0660fb50c9550
BUY,0.001,5,1730826653,Yes,0x907c6747b59a5a819e0d413571db8acb1ec448a2f20ad95478b4fcfaccd1e1a2
BUY,0.001,5,1730826333,Yes,0x5307dc7bebf2b86414bb170de6ac794a10e3c584b05dc42d88050125f62f3af5
BUY,0.001,1000,1730825013,Yes,0xa2e7ff6361126c07c50ee7d81d101180ebfd34cf993c15ce4c8cd8c6bc44827a
BUY,0.001,5,1730823923,Yes,0xe8f76ffcd59f21376fd01c372e8efa920c95513b46459a61adbff2e891fbf3a8
BUY,0.001,5,1730823271,Yes,0x1aa5f515358e2a64da912454d2b6a02ee6dbfc8eb90b18f37cefa771ad36ef9d
BUY,0.001,1000,1730821903,Yes,0x36afad460b3d5b9407b41455bcb1d60cc0f72511f4f14bb11b663020ac5e6184
BUY,0.001,5,1730821627,Yes,0x831366fbe57339debd2b54a3a32ace417da990771327e4bef074f5a0dd8ac283
BUY,0.001,1100,1730820001,Yes,0xc4e35e647a6e8cb3904746003ff01d8efb54e99a6db6f693fb91d9ea9ade6646
BUY,0.001,5,1730819769,Yes,0x98f4afb001e4e07053d645b19f353052c1f56cc91353d529ad0274c6a4861939
BUY,0.001,5,1730818489,Yes,0x99750f16b4e3c0725aafe0f02e1fafaa84267b1b85070e701b810aae73170f36
BUY,0.001,1990,1730816941,Yes,0xeb51ff999ccf898c8337e59f7cb58b2e20d7e7e61e0b6361d8a92a17dcf3d373
BUY,0.001,10000,1730816669,Yes,0x9730b899d539768e84693e57a65cff569a47deac186f94e788a2a4927548b1fe
BUY,0.001,10000,1730816599,Yes,0x663b4512438415c8df4a7440365e53a7019d0853fc150bac098455b60116917b
BUY,0.001,18,1730816485,Yes,0x0b3139329fd651a574c34206eec7f133af5350ea35b67fb08ae2eda67ba858a3
BUY,0.001,2000,1730814705,Yes,0xa7f1e158800689a48856b260496a9e2519fa648c8af05e0b1897809e90b00e2e
BUY,0.001,25000,1730813635,Yes,0x3f8ecca81af862901820cf5497e880fde3aeac740d17ef8c1bfbb959dddfe3a5
BUY,0.001,5000,1730812315,Yes,0x1bb1e0099485bb669b7991997c173a2cd009413a42dbda073af42bd4b1863a82
BUY,0.001,1500,1730810874,Yes,0x517e28375746f3a58df4373e5b225d180c3be52ee6af867720d93aeec4ca5c56
BUY,0.001,3000,1730809924,Yes,0x83636332f8e64fb84966951dfdedabf3d518573fce712700223e7bdf53095f3f
BUY,0.001,1200,1730808772,Yes,0x43592dc7d4b4f9c6b6f1c80ac5e99cbfd77a367abda21cf38652e26c2aa2a8ec
BUY,0.001,1000,1730808426,Yes,0x1b9422908c0c602ff618d75595b903a4c49021dc736cf71ba28b9d1d4fa06fdf
BUY,0.001,980,1730806587,Yes,0x4c54450a3e2e33c96bf2df747bed7ba1c5c373028f411f5e3bd87a54e83a60d7
BUY,0.001,125,1730802747,Yes,0x7f08ddbd4ac489a71f089e2460432077752ef08d19b871b61a0d1b0578add51e
BUY,0.001,111,1730802655,Yes,0xb1b23836eb188fc0b6740bdc08f9041429dfb32edd8ac79d5334c6867b09935f
BUY,0.001,35,1730802407,Yes,0x60fa4ffa6dd57dce33c40ff094e227f25fc47f1c82e86cd6a679fa8b06ec101b
BUY,0.001,1000,1730800955,Yes,0x18f66dec79bfbeb0c097c8596753f53e143b6aeaeecdb63c410be23e38958a1d
BUY,0.001,2800,1730798283,Yes,0x108530caf8cb7ec724ba714f1f8ed1fe0c60bfc8bf37911ed6705cbe05069463
SELL,0.999,15.61,1730795571,No,0xff064be2d80feecfc100f3fd0c238aeabac2476d9c4ce1d359c62c1133efe488
BUY,0.001,1060,1730794369,Yes,0xf336da445d7dfc5af0e10dde2c5b38b42800d5cd27b83a1d05ca875c847ba54f
BUY,0.001,1000,1730791685,Yes,0x3997132cea9f4bea246859381d1ab04edd13b49c6fd6061a4bf798adec81fc57
BUY,0.001,1030,1730791671,Yes,0xadd3cbaacf44bdb79af35ef6920f701ef30b03b603eb47f9da3c6f9c481e1f86
BUY,0.001,6180,1730790875,Yes,0x5edb19a590a2ae4dbb25d52781d41d76b5582604db875bdd02c16ee15b4ee7f1
BUY,0.001,4500,1730790259,Yes,0x10082752daff9c2a61caa783f9c9a4aa5f2ed9fcd2fbca100243488745dad8da
BUY,0.001,1070,1730790251,Yes,0x82548b239e12a5bd82cc0fd6b88852e985663fc5d8e7153c09cdf0bb429d2657
BUY,0.001,1010,1730789821,Yes,0x767bb658d7acb47fc4024bc24cc4b97be84afb35723bce58b468e5de9c2a9239
BUY,0.001,3000,1730789057,Yes,0xc8a2c6f485256faaf3448e28de713edc545533fd8e04740c2a9b1616ea7cfe2e
BUY,0.001,990,1730788907,Yes,0x80b2c7eea8eaa3a5c22bd6228e16d47fdbf0115420fbe04fdea084b7b0098c3b
BUY,0.001,1111,1730788901,Yes,0xba55d77afc1b40df78057d432854e5296143539534f02882957aacb793d07c69
BUY,0.001,1200,1730788803,Yes,0x76596ebb27930fef10397911495a8f65d94a7e66a171852fe6464e940bb04bbf
BUY,0.001,2500,1730788633,Yes,0x5d927b012f859de69c2d045d70144df7d501fb7f5efae3fd59eb9892a86e400a
BUY,0.001,1050,1730787975,Yes,0x5e7d2f59f16cc543237c2b8097d36a342afce0929b4aa08d7b46862b4299c7ae
BUY,0.001,2200,1730787518,Yes,0xd26acac7f83b216b582933b5eef92420a8bcccb169afa52f12b1762605da7625
BUY,0.001,2000,1730787128,Yes,0x31014ef4252c41864a59013a13f0c98226a2e02fbfd361f771bdfe8baf35b796
BUY,0.001,1100,1730786108,Yes,0xeb128f2cd6e148e55ad663a0c559f3cda2230dd772fed13a5693d0252c2ff8d0
BUY,0.001,2000,1730783824,Yes,0x249d0db1d7e95f351cde955a317387cb1d0422fd67252f4598dfb71de50140e2
BUY,0.001,1030,1730783564,Yes,0x1e74f0ea4646611f8dab4b8adb7f0ec7e1120720d8978e6afa070bc2ac151042
BUY,0.001,1020,1730783398,Yes,0xc56f1a2cbd90973d1c5eb8b80e2235acee10163f7ebfd9e6ee310da7d05f5f02
BUY,0.001,1020,1730779598,Yes,0xf3bdd5fa38529e3b71db2eabeea33fb77083d847e39277c7c29648782744b0be
BUY,0.001,1060,1730779350,Yes,0x7e393f9186743a02d26bf0ce2cd3c96fbd7276b88c719aa9798cd09ebd98a4ae
BUY,0.001,100,1730778910,Yes,0xfabb2b6e2310aab9947cdf69b1f0f1e336718bcd719089773d1f77ad5398152f
BUY,0.001,1000,1730778540,Yes,0x7a977a645d93fe00a4349eadf21bb2ba3b06df3f1ddb6a82ea252436bf780940
BUY,0.001,1030,1730778094,Yes,0xbffdfadcf287a9e340c749666107b03ca2b7dcd0e3a6964bd0f199c8f21ac878
BUY,0.001,980,1730777268,Yes,0xfcae15d64a59f54fc197ce2b1f346e3a404aa5a1fd2fcad0f055f67e66fecf12
BUY,0.001,5,1730775420,Yes,0xd36e79c588b87b773216a49e910a51e9b29e9eda32a4144b7c4d1de63afa6543
BUY,0.001,1020,1730775412,Yes,0x7fdee60066aff0f21c4c2111f04e94defe242fd3b787e99a616641bd2f79a152
SELL,0.999,4.39,1730775034,No,0x9ff77b8e4eeca9ec729f6f8a876e943cdcc6d68d741b5554ee7b420c092960d3
SELL,0.999,2.26,1730774264,No,0x7675e2cc3e9b5fc2bfd25c45b8bd401965b1f7b168bc867e2e03b216d3757382
BUY,0.001,1030,1730772058,Yes,0x147212de23f060aee2273b7cede5843b8e5d450cc0d129053d5e3b306eb170dd
BUY,0.001,1060,1730770714,Yes,0xcdd29b1d1a9a6253c60f2c3dadd83d5f2c70bf648b6a73fe8d1871f61ca14dd5
BUY,0.001,2990,1730769143,Yes,0x8fc6f07ac778bfa725501c58bcd0e2e689904f924bac3b781af0fd2fc54575a6
BUY,0.001,1020,1730768683,Yes,0x414c94e033352dc31da8a91a768f5c5806b0de9abd9a1fa557521ac3db8c9a0a
BUY,0.001,1000,1730768351,Yes,0x931df143879dce1193c93d9e8283221d9554b4a5596acf2cb02bcd079616f6c2
BUY,0.001,1010,1730768070,Yes,0x7616d4de18051764c766b6d2a3fa52c7bc11f90fdd74404a9de9a24b96c45da7
BUY,0.001,990,1730764508,Yes,0x198e2ed22e917be1700403ecb6b5b0f2f8d10ec768e911fbda5e18ae39c1c7af
BUY,0.001,1040,1730763344,Yes,0x922f9ad74487128590a90d1264643122b33384dbb2189fa34cded0d9ca9bd24e
BUY,0.001,1060,1730762846,Yes,0x91eb5f30822adc7189a8b7ddd4ee59fa1b0b54922709f926710cc49c78f46232
BUY,0.001,1000,1730761500,Yes,0xae0beaf3a4a476f720239a29b675415dab47096775016e3f1b4391d96e9f7db0
BUY,0.001,1030,1730759744,Yes,0x7cc0fd2bd2c100306b58c038bd055c4ecf4363a54e04242f99e994e1b9ddbabf
BUY,0.001,1030,1730758899,Yes,0x4c9740fb343d99be524470c8536b331b2f7a2ea934220dffb649707a6fcd9bd6
BUY,0.001,1080,1730758845,Yes,0xa04e758ed0fe1064c10939d665c43ba730b4d5b22b10ab6b298c4d752b278bf4
BUY,0.001,1050,1730757458,Yes,0xa0ddbda92212440ee64a176507988dde82a4b0492334f8559699d8c7a1ed688c
BUY,0.001,1040,1730756706,Yes,0x9c24f76ad9c3b65eea620e570f35cf56a79373bab07ce8add4cad11a2e236866
BUY,0.001,1010,1730756348,Yes,0xa81246da0d8f92f2b0281793310790bde3200cde449a1eaed68e4e3a916bf9e7
BUY,0.001,5000,1730755952,Yes,0x24e3bf4983025604007f7be318821bd0a4003cbfdae65b9329041f8a04ba116e
BUY,0.001,3000,1730752617,Yes,0x5448f4cb5e5cfdf8c109a2f0b8054f1770c0296590b26118cf0467b96da0c0f1
BUY,0.001,990,1730752487,Yes,0xa2adfcb7b3c8eb9ee1d1013de148620f7c49c69ede90846ed8ee65b6d0ac99df
BUY,0.001,8000,1730752457,Yes,0x11cb42995c65d7a24b220a581c0d7ae6f86d9a18290ab674ca429d9e2b355394
BUY,0.001,1030,1730752305,Yes,0xf77d19aed3b96d8bdd2f12746c2740aa67b42511002ed662758c3e79c0f6994f
BUY,0.001,1090,1730751712,Yes,0xc6b5582015d5527f9d30adc19b159a1f25fd344247f27bd527e32f73c5041543
BUY,0.001,4990,1730751527,Yes,0x42e97aa8a80f33cb195d825635b9cb2b0c71559ec55584f9fb83fc249ec364b8
BUY,0.001,2000,1730750992,Yes,0x2618a80f237fae1085d8811446799986c2888e623bff7543fa3329b15c41f461
BUY,0.001,1070,1730750950,Yes,0x634906c0896f30d9e8a90beb80117384fea48807e820d031c5f6600fd16b4a62
BUY,0.001,4000,1730750418,Yes,0x299ea8fb36eff50d15f09b06eb20d0d0e07f83d357763bd5a14accba544ed5fa
BUY,0.001,1020,1730750376,Yes,0x110fb35a8844521df288ecf8d4b008a83a11cfcead935b643f48320ed847e354
BUY,0.001,1050,1730749634,Yes,0x8202076ac19796d1c5acb33903787548b16ec620aa0832023ccc4735a3d05ec4
BUY,0.001,1040,1730748967,Yes,0x5689c40a206f714a326abe96ecfb6439a47972e62bdb34d91466061d53c72ded
BUY,0.001,5,1730748833,Yes,0x0969c849b10565739c77cba782e7773a5eb165e2f80af11f7cb30192fbf8ef10
BUY,0.001,1050,1730747569,Yes,0xfa1bbf5fde41631f5761bab0e7cb82844b7de915526af461bf837b0a88e66bcf
BUY,0.001,1090,1730747337,Yes,0xbf39729724aad5a3f4c8c26ebf090487acc91a1e261f9fc1771acebf765d801c
BUY,0.001,5,1730746584,Yes,0x9941e84534d07a83dfca91a92e9aefd3deeadc5ba0ec59471d223efaa30bada1
BUY,0.001,1010,1730745002,Yes,0xb3bd2adf4b7403f69dd83773268d86679d1ee844a740877c4ee651e4502ab3c0
BUY,0.001,50,1730744787,Yes,0xdfa023795c7808438c3f73efc1ed1939acc1a98c3b2f8d4f70c57765942febd5
BUY,0.001,1060,1730743748,Yes,0xde0e0e8e9348d2cb179b8470a215728400ca54561bee72634ea8477e74a90dd1
BUY,0.001,50,1730742255,Yes,0xa938a96c36177089b9c9379fd20825fe208e2b507bef1a1b64ed6ef70e4ce0f7
BUY,0.001,1090,1730739906,Yes,0x077b89a699e66f4ee02aa1995e30f1f6bc86313469c68972c8fb769ffee3ab7b
BUY,0.001,5,1730739692,Yes,0x40bb820ad955382ef674acc2a1a03794e89a28a037040e2b9f4ecbcf3a45ce28
SELL,0.999,5.48,1730739426,No,0x30b71edfe63e21c662027a73fcc95615a0473944ee062724b439c98e1885f272
BUY,0.001,6,1730738858,Yes,0xabb7efa340e684fdd40f9ddb28e09b0b359406800be8c093d371f43faf1aff33
BUY,0.001,7,1730738534,Yes,0xf198d7090b7df8e84213da0326377c5d52bd1170c9d20765b5cdd32da7567d0e
BUY,0.001,7,1730737954,Yes,0x6f248d2114db7afe3a0009d6823919980b0b537b023b318eacc049ab60a89122
BUY,0.001,5,1730736400,Yes,0xc1edb6fc06068f3987f2b0235b1f8b8e1d93155925391ad9b124d786783a3cc4
BUY,0.001,1090,1730732658,Yes,0x28d136bc20d02236c9e6b38edffa8cb6de61788eddf3211a79df4c3ee4e97a02
BUY,0.001,1070,1730731418,Yes,0xb856cfddb8b8569dc2f8f7fcc5358eef1402a7290db0d1b6a3f7569d9b71a3b0
SELL,0.999,3,1730729662,No,0x06e97e44730c0745d63be019c57b43aeda8746c95f236b85d7d9fceaedf57269
BUY,0.001,1070,1730729038,Yes,0xca6cb6472d334a41740c7ddf4d8692e6cb25e7f39caee5d168388ad35f1166e4
BUY,0.001,6,1730727780,Yes,0xd82435c875726bb9069cae49ce163ed52ada8b181588305e34b6b76ea3f23627
BUY,0.001,5,1730727508,Yes,0x6e502caaf94f23016a9a6f75155b974d7007fedefe5ff6bd266ac60c417b34c9
BUY,0.001,7,1730727104,Yes,0x13e9edf54b6f165171a656d6e97ebed513d91ba61175d0ff605a8298e1a88a55
BUY,0.001,6,1730726646,Yes,0xcd84a57734ebd40db7c6ac736d56d3c01e79f305e5294a8f0652c9181b7e8203
BUY,0.001,10,1730726250,Yes,0x39cf39685836e6549f2b738e566e2a0ba6cf1255fcf872ef9f82af755c10b904
BUY,0.001,5,1730726148,Yes,0x6b481609e559fd7eb43420630c8eca46ba931af4a56cc4ea7b724e36b9c1ebc1
BUY,0.001,1000,1730724436,Yes,0x4d379aa4af27fba2647431cc5db2a4e749d46943b464377b787f61e971613e0d
BUY,0.001,1030,1730722550,Yes,0x295f371f7a1aa46317e6cabac85bd9df0171f3ebb0dc8451f04398b625194d82
BUY,0.001,1070,1730720440,Yes,0x8e0bd3bd1d65a2d216fefb30b04f114df04390cbc13dded1af116bbadd9868f5
BUY,0.001,1040,1730720326,Yes,0x42741c902ff04a1987ec70ab0a5c2e6201049b72f2c84de3c652e6cfc2927470
BUY,0.001,1070,1730719599,Yes,0x7d860dc528b12e679e17e21a9a09f7cb6069159e936b9744b4dcfbb96e782a5e
BUY,0.001,5,1730718949,Yes,0xb86adec0c46e919d168f1ae09e3c98fa2bbac56827edacdd5fe7aaf1d631cbd1
BUY,0.001,1050,1730717897,Yes,0x5caeba4f10109c1a3456bd49d3d5a10ac808af13e4ae364a2959787489fa3ef8
BUY,0.001,1050,1730714765,Yes,0xe5f7ff385fddb9dacf36525aa764ceec96afe061cba9fbb9f0b81a53170ed783
BUY,0.001,1030,1730713611,Yes,0x0abb707ce2aea4753e52f3884f09023982c58fb0ae862f22b684752a452d358d
BUY,0.001,1010,1730711071,Yes,0x18736cb706e3fbfb0aafdceb2f33744fcf0e09d36a83ee82b5a4bde66a916da5
BUY,0.001,1090,1730709105,Yes,0xaab3e9f0508a45fb55e873e186a6907deed9f6e2e51cae49c6c4426c9a7e7526
BUY,0.001,1080,1730707293,Yes,0x40e0b2a4fb0151d51dfa4a60fbf06d4fc72e02cdc02c22a13d7388324a88f084
SELL,0.999,23.02,1730706159,No,0x2c90df2bd58859ebd0e9ddebe4f05faeea2517354f4a1447093d636ef8e45b52
BUY,0.001,1080,1730705413,Yes,0x7299652bade4d9e49d4789a859ff08a926166a9228190af44ac062c5b05f4beb
BUY,0.001,1050,1730704545,Yes,0x2da8ff21aed328692f5a9dd7fc3420f22d29ba3edc54d240c17a6bc3f9f31207
SELL,0.999,14.05,1730703915,No,0x3d701bfe360227b7bdb291835ef48fd7ba1e7d201264ed7d6cd62fefe1681745
BUY,0.001,1100,1730702772,Yes,0x135541c5c3e6bd8fd0fd737d15f90f184390cf040887fb0445b5cf41a0b465a3
BUY,0.001,1090,1730702194,Yes,0xa34d9d6461305f9d5fef69b6623acf883f8acb8cae78d5d344c470882d4cc01b
BUY,0.001,1080,1730701564,Yes,0xe3ca814931f618268d750ed89ec4b69eb717489c4fc756f37cb92f38f31fa5ea
BUY,0.001,980,1730699569,Yes,0xd40034735670f69795d560fb891c7f214160e4f146e1b58ab89036a97f901987
BUY,0.001,1050,1730698237,Yes,0x605a21ec3056fa5af5bc14304686a6ea2fcf8bd461bba922b60fc42aeb44a1cf
BUY,0.001,1090,1730695519,Yes,0x3aaebb76074c86e36851b4d95b3a38aa254891bd8773b80012788d08c9238c33
BUY,0.001,1000,1730695517,Yes,0x2fb8ace274979017a8ba0624cdd823e7ba827cec3b2f80b3f71df351b1e3f65e
BUY,0.001,990,1730693871,Yes,0x4be2aabee737105417cc4cfb5b8708920811b29025a7856997d2c6205190a7a1
BUY,0.001,1050,1730693045,Yes,0x4f853b8c1a72e0a8d96eebfca591bef4398cd2bf3457c539fada9e31ddfd2854
BUY,0.001,1020,1730692070,Yes,0x7dbabe57480c9121971e60fb8f9a76831fdc00f2bcbaa02898fc1a0e84ef3d7f
SELL,0.999,21.06,1730691372,No,0xb7e7033d1fc250ccb64cc78f6d12fd70f055044a94dc089a008a9c8fa5d584fc
SELL,0.999,50.05,1730690506,No,0xc2fe233cb7e6539f18c699ca8bca19d15715aed74c76da686902fd131348db13
BUY,0.001,1000,1730690360,Yes,0xfd2bb0be64114b0d833b11ccbb065b60eca554695287aa9c546b6dd02b459e48
BUY,0.001,1040,1730689567,Yes,0x4944778c738d50e51d247268b4f856e54b3526085ad860b7db98917b6bfc08fb
SELL,0.999,72.13,1730688804,No,0xa09da0b28d6a5403a3cfec3c41489bf16a445afdfcf123cd1b4eaaeae8cd7bd2
BUY,0.001,1030,1730688500,Yes,0x1357443216128271aba11443cf6596bdca85a7a03de4b5a8ee612703be88af63
BUY,0.001,990,1730687049,Yes,0xb8d71570ceb8d099906a075c311fafc6de01eeca12b39c05ec8123de061e08d2
BUY,0.001,1050,1730685638,Yes,0x759ce1abc6084822fd8583442f8adb2a31dc652fb3af0a154d368a6259c201b8
BUY,0.001,1010,1730685536,Yes,0xa2b1e7c9c0f58ecc9883ccf26eb45eb6966687fa42ef293924ca17beca99f6c4
BUY,0.001,1050,1730683547,Yes,0x022cad5a9176f1c03b8fcf52061599aef6f8769236243ef9b257780896115344
BUY,0.001,1070,1730681931,Yes,0xe9816747560ea8bdd6c02333525a2d3b089e831ddf71d7d6cb3a5a45fb43144b
BUY,0.001,990,1730681395,Yes,0x7b34d24a12eea228219a625d96ffed6d88d5a5567c20f0f1f6e489ede9512384
BUY,0.001,20,1730681233,Yes,0xc73e2a48e1e4ea1a53eef159f7b48249462854bc18f98742f8dbb5c750cfbeb9
BUY,0.001,1000,1730681127,Yes,0x4b17ff157ae1ceb2dcfb248737110053e87924107a10f6aadd17db06e790f307
BUY,0.001,1090,1730680623,Yes,0x3cf2fc397e885a360a66e92de0576f718478e07b87d228d4eaabfb834b147edf
BUY,0.001,1090,1730680413,Yes,0x40b4fdae20490dc5b29c1dd62cc974ed1f050e0601912ac3023f63bf5706447e
BUY,0.001,1030,1730679449,Yes,0x9fc541960134545801268da19dbb65d9ccb613fe5fe17cb4823e9fa6fe079d33
BUY,0.001,500,1730678109,Yes,0x2e4973c0a5c5570f442b7ceed2d5262b846dfaefe0923c348d58769e7f90c90c
BUY,0.001,1090,1730674510,Yes,0x7171f8233b1a2101ec3cd41507c8fcbcaa0351e313cf37fbd5ea95c2970e7ca5
BUY,0.001,5,1730672557,Yes,0x9fb3b9bbcc566366ce14d6e7164247ff40e2f1534711c9f83c338915ea47692a
BUY,0.001,5,1730671472,Yes,0x63199a137ea3812aa62ccadc8638e917af2421bbbe7a8bc416d693dc06446870
BUY,0.001,5,1730671038,Yes,0x74cdfbc9b580826b474bb89d23bd47e8de69b2f2289175472ab153e40d14e7bf
BUY,0.001,5,1730670652,Yes,0xeca5bd9be464d9cadbd4cc12263143e884415efa56adbce46fd8722fb9903df6
BUY,0.001,5,1730670640,Yes,0xbfeed1a7d34e16ecbed10bcbe6dc973ee1cdfc3179a14ec55bc0ba74f237124c
BUY,0.001,5,1730669954,Yes,0xab022f2fa215e19640c912201939cbbdc464965ca51eb231b3602e09d50a89ca
BUY,0.001,5,1730669560,Yes,0x47b5c87df290819421d5ade5dc66037290cb4d1bc816ed5abbe512529d3a642f
BUY,0.001,5,1730669308,Yes,0x5e6a7889c26e3e39c817df7c76df931b66dbc244f70050ce778dfbee99a4cad8
BUY,0.001,5,1730668543,Yes,0x791376de04b1ec2d951770911eb8961ddf9c8e7ab1994e1e48979f59b81105e4
BUY,0.001,5,1730668471,Yes,0x4bcac0a6270bee52691990a9a9460f871c27b1037d84ecedac2f5aaf3182413b
BUY,0.001,5,1730668203,Yes,0x4d5dbb64a3bdb9a90bf0317243a5fcac571872e03f0de9fac3bef6cb741d30c7
BUY,0.001,5,1730667689,Yes,0xc1cf1e98ca4c4569f16249798aa4aab77e4229d46dabf72c849c761c1c4c0127
BUY,0.001,5,1730667303,Yes,0x0b1b7f31096e208c645b9cb53a2b599f8d0eb6e702859ddb7433100eb2010803
BUY,0.001,5,1730666654,Yes,0xb8d8f1062850d81943f11e655ea25d2ca41c81cb2c42c1ae7c4c9ebef1c69dc2
BUY,0.001,5,1730666237,Yes,0xa191bf454be77c65faa16f5104dba86167a03b7a467e9653c1baf05767f27d61
BUY,0.001,5,1730665871,Yes,0xd0d420dfb244412ffd2d4cef5bc56887489a9645c4d3fcf31e1ca3a7587d88c9
BUY,0.001,5,1730665439,Yes,0x3e3235326edbde2e65e9bab8ccae081d56e3fcbfce2c0e1dcfef5cf34bf2d58b
BUY,0.001,5,1730664931,Yes,0x373d381c4399d8f99dd9288999c06d6a03871f69724754a0da7e7c6f874d7a59
BUY,0.001,5,1730664477,Yes,0xe9c3418d190da7148f3a3cb544af0aec004488e0578069ccb5a6521bb58c0028
BUY,0.001,5,1730664385,Yes,0xc855ac04e66a7414fea4adc2bd8012d8bba95aefe0e3c92a75eaa096923a383a
BUY,0.001,5,1730664101,Yes,0x1afefaeb5c128dace8f912519da8592e70f079752ddb2a496e4d7b984e6b17f8
BUY,0.001,5,1730663981,Yes,0x1d3b6f3390edd68a0409c3559936fd93cff49d31391ab1df817db5f46bef7d75
BUY,0.001,5,1730663831,Yes,0x9723af87ed31fd8b94f33267b095afffa6247d21836ead1c2d411118f7b71f45
BUY,0.001,5,1730663518,Yes,0xf647e5d05fcbcf11dd981d226082bb9fdd6f2f6fab22f4ebabf4c86014f8b907
BUY,0.001,5,1730663390,Yes,0x780f5040d4f9159f6119cfa2d0f941b5efb096c0cf53c52d1ed6dc060d02e4f6
BUY,0.001,21,1730663273,Yes,0xfbd04688d0e2e660645a553d5e7465677a2cedb133076e46fb9b433ab68d7097
BUY,0.001,21,1730663141,Yes,0xf6f9e8dcf77a97b688b164e533b738680786c65157f71a53b1a579ed69a126c3
BUY,0.001,1000,1730663049,Yes,0x6c4e8a3fcc47541be0944236e99a3170721a8009e8cb15908b06d103a4abe919
BUY,0.001,5,1730662993,Yes,0x5359f6c9bfd1e3204c0b19a528263ad0bf109c5e12c725567c195fe3eea37486
BUY,0.001,5,1730662343,Yes,0xcd22ff8f6f02dffdeb1e7f308111ee21f4d4d32f070b66032f22c60cbf253815
BUY,0.001,90,1730661061,Yes,0xa82fb96dcf05109af6ed6cb87d5e9a7a81934ff97e152e679cc938ae2e7d0cc2
BUY,0.001,10,1730655493,Yes,0x1a72082cf7271da274dcb9ad569ffa69a883360a9bc7814d060d7fcd9478ada6
BUY,0.001,2770,1730653498,Yes,0xdfcff755f7278fdfb19e0895368b43fb51dc3165d675e7ed9eddcf007f15f5c7
BUY,0.001,10000,1730648727,Yes,0x786be84d76d1a0b421a3f962a4988a296af8aed7a5dfda65a64e0b34de7ebfe8
BUY,0.001,5,1730647585,Yes,0xc80888f2fcb02be50b8e365885283a4658d5758577b0e9169eac9660f56c159e
BUY,0.001,130,1730645913,Yes,0x08649eb757edc5875b76b54606dcb7e287af86c60fafa43feda0b070e062b69a
BUY,0.001,1000,1730644669,Yes,0xaf67ee8093ce728538e8371df72202400fb2d9b4f2875576597ececb614b60d6
BUY,0.001,5,1730644309,Yes,0x923477980de9294a7f0214d623f3ad66e319d25d9f972b7742713fb4f61d0a9e
BUY,0.001,140,1730642391,Yes,0x6f74c29affe658cd7130250c43177d64dc92042224fab0e2fc8e062a2acdf405
BUY,0.001,5,1730641453,Yes,0xaa33bb130107f44f211c2a852e484f2dbd069615b241c9040c95b06dcaa003cc
SELL,0.999,4,1730640825,No,0x47497d0bd0cc962116e05e0a8a67222ae2f1cf8e012ad5a79fa383de43d44b8f
SELL,0.999,4,1730640609,No,0xb70af9190f01eb5cefdcb0c265d7f17112ed1c725f206bd64a2f3d62e0f64021
BUY,0.001,1000,1730640171,Yes,0x73562ac134215515c1280e2ad79537b4b0d2f4acd04ccb908f0883e9c4a41e8d
SELL,0.999,3,1730639259,No,0x032f7df74233d6403542624a59af54859a207e3856c6ed0dec7bd4cca67ba340
SELL,0.999,4,1730639065,No,0x7ec4de0945036c1b09481bed9a9e9e7b44fbfa79621deb6b254f305310c78ba4
SELL,0.999,4,1730638943,No,0xeb6c634297f1d13f354e3dba5eff2d6b6b66d9bde1a4fce952e66f4c98f0828e
SELL,0.999,4,1730638579,No,0xb2a3686782dab0c388dd3adeac242e9486ba8ca863a49d8683310ff2ee5607c9
SELL,0.999,4,1730638174,No,0x14475d5dc1412177030a947946ebb11dbcce779eb4571a5de13d0fafdf10d0c9
SELL,0.999,4,1730637113,No,0xed3ce6d0617b2d8a7edced9549943da22b99befe448e89499d11dda1e1fe27a2
BUY,0.001,10,1730633577,Yes,0xd229f58b3f090a065e2f97beafddc650c60fca5a75b278d6a04e7afd25e24056
BUY,0.001,2000,1730629916,Yes,0x29ff98c25399539ab2d0ec04e988305fe29b48a438531f5cc5e5a26880d1b6c9
BUY,0.001,190,1730628744,Yes,0xee3a4b191e669bd462e81256cae0df33cd1689c2924daf01fc5639c63fc13e44
BUY,0.001,1300,1730626666,Yes,0xc8d0f3cb18956ade32b387ff0d476b94d807b444e1159ce145e095c93b723987
SELL,0.999,11.29,1730626098,No,0x974d473d42d447408cb52b0e6985d1ec19e725faa2f4b358f0faf27a5289b770
BUY,0.001,1000,1730624155,Yes,0xc267e7938776aba426ff1cff631dc4d9d7149105c9cedbbf3c6ec582aac7311c
BUY,0.001,1000,1730622434,Yes,0xc4da17e7875bdbb23d67912e84766e8aa77539904c99902a039f9bd74289aedf
BUY,0.001,1000,1730621507,Yes,0x246000543300e3a2d71c5f9174e1c49c75f48ed6df7ffb23bf500ee65cc84b1c
BUY,0.001,1000,1730621435,Yes,0xfdf046b8a1b6fb39c41b228d2a472969bdaa86f03f0533b91ebee835bb328a66
SELL,0.999,4,1730616844,No,0xcd2c11c061b2804f363f14fa813701a1d6d6d9c2dbed90de270094ed5ba210fc
SELL,0.999,30.03,1730616836,No,0x8a33bb724c8d2188cac871227d3689086d198bfff579a13d63ce3d6e59eb582c
SELL,0.999,10.01,1730615235,No,0xa4f57386baa7ab43ac9a007967bdf6c593bed3f617e8d7c23cde233b7bf90918
SELL,0.999,14.01,1730614444,No,0xd3a299a408312cd4d25392b7940238cb334c125106174d17938f4f41c8618527
SELL,0.999,12.01,1730613826,No,0xb83ad3da59ea2d846961da7987e7b231e10fee6056ee386918daf38cc131d06c
SELL,0.999,10.01,1730612874,No,0x9569b8ede6a1c626ef50971c38dbbf6afd3ef337bcfae4583bd58e5ab646b88f
SELL,0.999,14.01,1730611340,No,0xc6e33c1001a9a836f4e550741736c5f04ab0b0af3b5ea2aaa7a41c3acbbd66e3
SELL,0.999,4,1730607355,No,0xf1d75d2564913f122225907d5de78cf4861f77d1adfdd5e5744ea6f118adcef1
SELL,0.999,3,1730607241,No,0xaed14ed0f0103e09e0ec48ba9fe2327c97d5c8c4a1fc39675af9e2fa3abbc782
SELL,0.999,4,1730606940,No,0x1f7bf8ab6d63cf3efeab3ffa828b0fdac9311c4b422ac4b67a88e1ac856cd669
SELL,0.999,4,1730606396,No,0x8c9a26221abf2edbacb9dca707659f03c39d5a4047a54c69516c372643c9fbde
SELL,0.999,4,1730606051,No,0xf5e746a8b3533f712109402e3f115fc628d0cff2de03aa90b0f304b910564187
BUY,0.001,1000,1730602997,Yes,0x28a3ca4082fd28192f9557ea6e2aacef0f151acfea519923583995da918130d0
SELL,0.999,3,1730602843,No,0x7d9461b816456f8190eb8a7ca43f02970b0ade93b3e56ece5ef462084f4b819c
BUY,0.001,5000,1730602815,Yes,0x1b506a2ac2bf5e1cff010073b4e83e812357a66f37ebaa5a90004ef5fbdd0aa4
BUY,0.001,4000,1730602813,Yes,0x1a7d1c52a51260315d21c315d19ca2ecb5e92543223daec16b108be052b40b64
SELL,0.999,17.01,1730602309,No,0x745da62d3b08dd517d5e9408c894d5200ff4b7cdc0f64b6a0a36802752bf9b0d
SELL,0.999,18.01,1730599620,No,0xb13ceef166b03792f8bc2edb75b6bbf5ea6b1d0eea3413061779280c154b92b7
BUY,0.001,3990,1730597429,Yes,0x5ba270d414b1dcf817a8f1edcae67f268e77b9ce21c02caad96aa5710dcf4d62
BUY,0.001,10,1730595259,Yes,0xeb61347dd440651e8302435a2370e9d82c62a0d96b5b87bf12da7ef3c4911cfe
SELL,0.999,17.01,1730594670,No,0xb4cb2845f7eb117a611157db7ae9c93b050f2f25853b0de8552be6615735ca40
BUY,0.001,2990,1730589697,Yes,0xf48efc122f95e0698e6b1aafa57deab4e2f98f161e2b667ffcd7055964b03fd5
SELL,0.999,12,1730582264,No,0x98a4f028744e8c6996b835bebba08e8d0826db0223277b4e5025ae0f1d08b23a
SELL,0.999,13.09,1730580404,No,0x01a6a720ce680691594ad6ba745894473d87bec77a8174d960797617e6a4630d
BUY,0.001,130,1730579824,Yes,0x0eeb6d3a2e855d2640370b647b1a20a9b4640d4c8614dc153d693b3866b03e01
BUY,0.001,22,1730576523,Yes,0x23ce2765daeeb3af33676f86529cf5d203de64ae3062758b00e1330de512714d
BUY,0.001,90,1730574827,Yes,0xbd7e483d4a2a60a74272770dcadfdff96ff9e589f6fbf9dd4b901759131276bb
BUY,0.001,22,1730573120,Yes,0x1fdd2ef163f29f54e78ae3146368f0698f5b2ce2723989ee233467d0a22d9bef
BUY,0.001,22,1730570879,Yes,0x0ce5272adf4f76ad3e5698a571d240061e5a831cbd0e52d0972fce8d66a05f0e
BUY,0.001,22,1730570361,Yes,0x9c5326b4035197ecfa77c990e43c334c96e5cc1fe80d0be5724536d0cb804714
BUY,0.001,22,1730569967,Yes,0x994f14c4f8fcf2a0a7812a5cdef7c1a56dbd023dd1e4230f407c5113a939903c
BUY,0.001,22,1730569571,Yes,0x9f7b1cad460caf4cf701cf57ece758a42df359d589506b65ba863d98412c3f8a
BUY,0.001,22,1730568911,Yes,0x3d6e95e85a59fb28b57fd6108fa844b88aefee6359cecd376d527ee895d9e9c8
BUY,0.001,1000,1730568763,Yes,0xf72bc791d58a115e6f6aa1fde5400752ccd578dee4305960117502fdba807b86
BUY,0.001,22,1730568345,Yes,0xc2efecb69ff213d13c0f293771bbefc9dc1d100cd375597180f3d7d14f373d45
BUY,0.001,22,1730567833,Yes,0x53017d51bfeb04692868d9cf582a77c976f419ec27cc93409480a08bb4852440
BUY,0.001,190,1730564280,Yes,0xeba213dacb6d2ff1c21b6d455a6bbd55e889def2d48d8f370706f33299468771
SELL,0.999,1,1730560676,No,0xb81f9e0216695c6bf4ae9b3357f8fdbb7c457a2db000ac593139b6bb0f6939ef
SELL,0.999,9,1730559635,No,0xc77b88dc6063a6f14fd47928bc3ae9c0ebaf401c63c5b3978587a168c5bf88e9
SELL,0.999,8,1730559304,No,0xf417b37b827f16fe2fb8c2ae3c9ed1952b640e494d3fe331cc743f4323160d78
BUY,0.001,100000,1730557576,Yes,0x524ea665923226c49afba1837a39486363f82ccef58d25c21183163671da257c
SELL,0.999,3,1730556249,No,0x6d715eec1af20360cf0b13d30248f79cdebc5992f9d6d08dd4fc18610eeb336b
SELL,0.999,3,1730556087,No,0x28216a5a581f208fc0cbb8a24e62cfe31ca15ef2fb7a0e56f79924dfbe643645
SELL,0.999,3,1730555915,No,0x1efb221ae77adf990599c10949429c100a5e327e83fc919b11312b95cda8c7e7
SELL,0.999,3,1730555571,No,0x84b5827f0f6b4df31edf2a2b7f7e3dd895683460dbc9739b44daa77975518555
SELL,0.999,3,1730555433,No,0x72f12510d414b673f64c160b899b1d83b4fc32ed3d4880472290e281ec299f31
SELL,0.999,3,1730555267,No,0x8c91a8c401dac8d472306a56f00e7429ae0ad7a16a4643e368b8a32bfa7b37d3
SELL,0.999,2,1730554817,No,0x29af0822043433db55945b470a29a92b8cccbd348a26d8d2bfc071952d01ba05
SELL,0.999,3,1730554609,No,0xcf2d078305855fb6fc18a16b47be847fe18182e65f75938d86b7da0ea41ebcbd
SELL,0.999,3,1730554429,No,0xcc2403568317cdbc944fc1760611ce2c3841d4b1cbee32208141413c31048cb3
SELL,0.999,3,1730554285,No,0xd33c68160a510a18c255c977429f8135758d5aae992dce2707bc71de26cb4a6f
SELL,0.999,3,1730554085,No,0x78190ce03f0e6063087aed855a746bfc0d15f277e2e4b42c331a143e909b2433
BUY,0.001,1000,1730554003,Yes,0x625620b69484b4626cecfb2385b2f013973a6fdb924123dc67cc72e68772bcfa
SELL,0.999,5,1730553658,No,0x9a11efb525937820619633b7f386a24ef4f2f02ecb1519831aea1540588f86b5
BUY,0.001,2990,1730551181,Yes,0xa6cd13090c8de43f9299186ee5471a66f73ce4f1e491f0fb47d8fe515202ab88
BUY,0.001,10,1730551113,Yes,0xfd92877b706dc5ea775402a0eec19f30bc3af4d81b2b49d57991982e4093b658
SELL,0.999,4,1730539399,No,0xbf9fa11d8d06f6f37c42740308b0d46a172e6f5fd907f64d1177d736e5eda545
SELL,0.999,3,1730538322,No,0xb62a6f90bf3f2c87316aff54961049a068b1fc1ca4403f4e2a19c67a2a612519
SELL,0.999,48.14,1730538166,No,0xa130f5274b98b03d7ae0aaadbb1bb545e548fa73eea690f3b40fd660fe9fa211
SELL,0.999,4,1730538164,No,0xbc4a927a9cf67c7cc0296afdebc1d2eb1665f19d9d5b8e4ee83afeae98070c60
SELL,0.999,2,1730538064,No,0x97b55562d2b9a0f44adb2cf058321f7f0486fffd6908b6668d4ea851a08e493a
SELL,0.999,4,1730537666,No,0x60adbc324efeba93405ff489d9fab8eac085aa468996dcb8f01ec988dd153662
SELL,0.999,4,1730537342,No,0x9db9ecfa5c573e7797d02ff0893c14c692a4091c1347027c0809f6bd0a9ad70f
BUY,0.001,1200,1730537274,Yes,0x47438113946f8365a081103b686bcf3b1b8ebff9b570fc973ded4773fe0c96d7
SELL,0.999,4,1730537045,No,0x433aa5d6a10aa1e527bad1ba77b0eab83c8eb83d585d792151e8450ffa10f43c
SELL,0.999,4,1730536271,No,0xdfa9ab7b0eb6e1c617c1d935d91cccceb6287972dc0a375f39095d219e03b0ea
SELL,0.999,4,1730536133,No,0x782154e2defe51ccc30083d56563dfdafaa861e6b02a7f196a907b38de5c896a
SELL,0.999,4,1730535915,No,0x1fd14de8801585a9ac877b6a73c57b4cf107a6a393dd53e4b45b02d5004883a4
SELL,0.999,4,1730535803,No,0xf823592117170e0f82ac524756c238610ef58506d69c1ed2b2504ee2ee5d5eb9
SELL,0.999,34.13,1730535404,No,0x5bbd36b8b546b07514e70cd560608260b47eb9c6daf047486b8c675894e5fc69
SELL,0.999,16.01,1730534109,No,0x1fb440abddd24f9725c6d517874126586f1fca239b146fe48d076a3bcf2d645f
BUY,0.001,20,1730529907,Yes,0xcca8dc4c33acc76c1002a46331920cc417de59c8e7bac574cb4a5533d704f6fe
BUY,0.001,5,1730529651,Yes,0xe27fdf0ae47283222ddd9216fed8159bd774d8c49dbdcd1212489edf8049572d
SELL,0.999,8,1730527667,No,0x739bf7d8e7b793cb36909fe25be25b9147c2fd3db841033817c4a5daa75a29e1
SELL,0.999,24.02,1730524833,No,0xdcfe74d1b9ee26dc5aec4fa45422b42eed9b2c155b25f086bac1d4428b5d3e62
BUY,0.001,20000,1730522060,Yes,0xc7c9fd189713789bdd020e14e8d3094dd6dc43806ad960c062a4a81752cdd193
SELL,0.999,1,1730519953,No,0xec7a69ac55491656cd50850990283e8997f768b08e07b40db340d6fd68f2add4
SELL,0.999,2,1730517207,No,0x64cb491ffafaa321591cf47ca4e01919865140e4bd773efe4f399f4302c6cd59
SELL,0.999,18.01,1730515811,No,0x542da67a1879990c30f0a0ae4512b1a8d993156b5ba542cdf61f1e3dde41242e
BUY,0.001,10000,1730514819,Yes,0xd78c1ccad7eec340e268dfcf0c72fcccd246e2c6f4286e0fa0f6fec16decb9fa
BUY,0.001,1000,1730514141,Yes,0x4fc107aa792a975cb7dec2f784812c1e926d38cd6c33fcaadf5ba0a496f56b91
BUY,0.001,80,1730509182,Yes,0xc09996610bec7fca3f359925712d9db276e336fa71cd847664a451775aee0c71
SELL,0.999,12.27,1730501619,No,0x7eb06750c09071cfbc61292e37f57c780d4fb1fd81493616d13ba4731f284ba6
SELL,0.999,10.47,1730500567,No,0x8c6f6ed44deb59f0fbfbb3d17d2a5f96f28fbf3c0ad190b96cce784f26bfc47b
BUY,0.001,1000,1730499570,Yes,0x78711464e9e83e0c57c17dd3c8bd05dab0d8ad6af71036e3f082ee2c428e075c
SELL,0.999,11.56,1730494366,No,0x5bb0d38550b27cea9050da2c5605ac8b354cb1d086ae6032f7c2e468ce31c359
SELL,0.999,11.27,1730490686,No,0xe6f9409433dac47c2965047ca6147f1cbf260f4c5f247b4a45f9cdbc7c525b5f
SELL,0.999,10.06,1730490290,No,0x71a0f28bc0cf0efc5e0b2dd480de723a32c43ab8f99a649e2a90925701625766
BUY,0.001,2000,1730487350,Yes,0xdf0bda0dcf2e5f0c2af488ed8cfc030d912231a614bff2b716c5762fea03e60a
BUY,0.001,5,1730483160,Yes,0xe3e71ba4bc3f175f8d2a6fca15e941a1fded5b9819be2e07d1e44fa6c0021095
SELL,0.999,47.84,1730482612,No,0xa75a56cb11f241cd5ce8f0df1fcd65a3be00d520a71605b74f809dbd5e44b14d
BUY,0.001,10,1730481774,Yes,0xca81fdad43711b57623912cb6de0ecd83b9a6f0703c374273a58133ec69e683d
BUY,0.001,20,1730481058,Yes,0x5bb01efe712287203dfd56b33b194fa00efe34be82c035a06e01dd24744d617c
BUY,0.001,5,1730478772,Yes,0x74877e3eeadcc3fbf1186fcf3aa674dea3d23961a047425160a20f5013b968b8
SELL,0.999,3,1730478306,No,0xf6a89381348904ce20c7d3f9522707b1eef8df490ca3f4bdcf3b3491038ae886
SELL,0.999,3,1730477570,No,0x3a922c5a53f19edd00172e25866d9dd49a7f3d327e2efa35e9b3aae5271e7799
SELL,0.999,3,1730477398,No,0x9c57be1bd0deb1d71860434887b26c730b504504e099c78c7ea33e66a371ad19
BUY,0.001,40,1730477242,Yes,0xb35bda169688a67517b4cdc490486f86b481d82d692763fb665317418e2cf703
SELL,0.999,3,1730477182,No,0xbda54122a8826625816fb54bb6abf2f14fcf13063ea47f09edcaf268b0613160
SELL,0.999,3,1730476984,No,0xad6f34cad4b118a27e1f8c9397f23e246a116d5344339cbb876ef31d6f5f36fe
SELL,0.999,3,1730476765,No,0xd2198a1a5a651ece611b66ea448d56d3513c0ba0c39c99bfb29b85220f62a875
SELL,0.999,3,1730476599,No,0x0ae909bb0939053a7f7f1bbbca60ed12151b18ad90c84982f17fe2674c65262b
SELL,0.999,3,1730476421,No,0x3878aa6f3f3d1816c842d1e4faa8edc00c9111f6ab0c5bad668ed855175c4e9c
SELL,0.999,3,1730476117,No,0x65e2a3f786f7763a6e06c2a421a5c3ce366ae2811e59eb13d1297e7dec5078c1
SELL,0.999,3,1730475875,No,0xdeca8a1cc309766eb6bf099ea3cf1920707e3b6bef74f27f8b053806084db2a4
SELL,0.999,3,1730475557,No,0xa3e757a87b653a453164639d7d4ebdfcd55af694a75e7fe5d942383c04e4f535
SELL,0.999,4,1730475381,No,0x6769960f9c258ff4f56dcbeba616b8c645e90a65b9eb0dc0e38ca3b8255e59ce
SELL,0.999,3,1730475245,No,0xd7b45e7a25a02e32f8e21410afd7ac58a270f5fdbce3ba921a01bd5a17d14d09
BUY,0.001,2695.01,1730470284,Yes,0x8800dc1ede0cb8f84a86805aef8b8393999658ce5b5ef4dff69cf0da9b86357d
BUY,0.001,5,1730469470,Yes,0x10032f7cce58dd01a616c3aed14bf115bb751717de10be7c089475d88d94e3d8
SELL,0.999,4,1730469012,No,0x2bafcb379dc61ac38a1ce1ac97289404c19ba02eac37244928e04314cf8bc136
SELL,0.999,1,1730468706,No,0x48f89c3689ef0c213435a1d7a09a3b45cf70173fcf8b328d049a4e6c957360ff
SELL,0.999,4,1730468560,No,0x1b723aaa9bf521b8a93e4c626c7cd28e7240e7c6f120b8eb10ee4ee44a8f8e70
SELL,0.999,4,1730468090,No,0xea337f58220d829fb81fc5e5b54eee23f4074e48ed4229b33e0a91db3c8e8c10
SELL,0.999,27.02,1730467952,No,0x55b97faf4ef07bfb93d1448bb05d8753a96570e2a78a6b2fa264b5514437bb2d
SELL,0.999,4,1730467846,No,0x3fabe9cdfede92bbf8a3108d7fda7ec35f27e2e6c5dfe11d004382bf82838452
BUY,0.001,1500,1730467656,Yes,0x2ab11a2ece196c6127c1a4810a14072eb7ea5176db7b430fbd499d20e408db08
BUY,0.001,2000,1730467528,Yes,0x46dbd81d3570762b7b8553d3e216e3bdf725864270dcb5fd3def2c6371631ec0
SELL,0.999,20.02,1730467170,No,0xab4b5d79c9b20751490c67a44c0f9174e1a08f48fed331ec9ea9f9b6cec57562
SELL,0.999,5.01,1730467030,No,0x0d8a1908e360aeb90796dc4211cc1ce2630ed94cf8701af7947ddb83ccb32e6b
SELL,0.999,4,1730466898,No,0xf2dd4c893c7a8367324b97835099f1dd43aeca6ee8c13cc642d2b359c3a6f6ca
SELL,0.999,4,1730466802,No,0xbda4febe17f818ca143e88313ff74db6995241af6907550e18606670c5efc0d1
SELL,0.999,4,1730466280,No,0x5a48c90e5de6081478f8f409165cb44da940d3d66d9a9525259df2b619735b99
SELL,0.999,20.02,1730466116,No,0x779968cbf3b1916d7eb2e3a30df3aed18ca20fe85e5778a87fe7b6bd756c6ca5
BUY,0.001,3375.01,1730465743,Yes,0x8091ee640227bbc09a98adccd5cf9b7457e207799458b69471caa788cc1073f4
SELL,0.999,18.01,1730465283,No,0x61c975370a8766d6b008ce7aa3529973060560372b226b282a5f158af7f9a25f
SELL,0.999,2,1730465239,No,0xa933c302edea51ec056428210b175f408826834b79d0b9e5dd6963d5979579ab
SELL,0.999,24.02,1730465141,No,0x8f2c33fb3b61662726a08f685b2c0c2f7a89b73044d4f3d0f3539ce016ff6679
SELL,0.999,3,1730464933,No,0x7ca092d6273e64f4e43504ef438b51a6a5d41480b87085233baa19997218f3a6
BUY,0.001,2000,1730464919,Yes,0x0da345a873b70913f68fbf1a7fcb9680831f0581fb7e1e665479582c0ebacad7
SELL,0.999,19.01,1730464903,No,0x319b1eb78662463db5f6dc99d14f59f486b24ddf9fb77e61b5cb7bcb28a3e6ee
SELL,0.999,2,1730464825,No,0x009fb7bd378454d15d0272f46e3f697c562928b31c582efe8e603db33fa6e708
SELL,0.999,2,1730464723,No,0x113fb539eb7226a9573b8742e1779a3a0462521153b10015322cc78dc745f8c4
BUY,0.001,1500,1730464541,Yes,0x8f2b80fd5134fb09766066ba05f459e7c7893c538afc3afaa0edd74f2b983176
SELL,0.999,3,1730464507,No,0x414baf3e65b09b590e42399eff01f6b94a41d485e72f71955c5ae6c53f2553c4
SELL,0.999,2,1730463429,No,0x78b803d97e925138725d50dbddaa874e8809515764123fe616f47741211a968a
BUY,0.001,1145.75,1730462846,Yes,0x51b0bacde96438da0a4b9d2fdb5cb9122b8aa2068612812fed5aa85c0d30ba62
BUY,0.001,1551.57,1730462634,Yes,0x7ef8de4cbb2d0f6c3ded479b42f67972a42ffb7f81bb881671a8c2025b56dc83
SELL,0.999,3,1730462552,No,0x16439734d4071d4a593aa9971be58d0a5e596d15c2ab6b22a43e7aa337d5ba2f
BUY,0.001,2000,1730459759,Yes,0x1bc3b094affd909b545ce4499187302919b7d700c1980d76475a0055bca96469
SELL,0.999,1.9,1730458811,No,0x240eac791304ed327eaf17f5ae24cd047ac41d0383f7629a1ecfa49bfa5a3cfe
BUY,0.001,5,1730458328,Yes,0x3d011730e1ae62c06a54597be7109b5392c2900b1e38f179f8d15f467c6af304
SELL,0.999,16.01,1730452915,No,0xe968e117216676750d503b35314429814b5baa81b70e7d96d7448c28059660db
SELL,0.999,18.01,1730452671,No,0xa197dc6051a84a94176b89c72f38e0f66844f173d4c1908d1cf995a859649a4f
BUY,0.001,1000,1730450725,Yes,0x6ea22d8ea573f5d5866ea0160e6d29fcd3bb59e645a764bfa0bd9e9024e02872
SELL,0.999,21.02,1730449997,No,0xd1dc518805013ec7d8c8e50fac982784923d9cbdc92a612cc2e4f54b4628f193
SELL,0.999,14.01,1730449405,No,0x7ace9051ec333b0ab8eee0b9650683a377b8c315c240b1aa17ee0d245ae3b325
SELL,0.999,19.02,1730449203,No,0xfa93fd4b810aff87aac626113e8e9a875fe346747731cf365818517f52736d06
BUY,0.001,15000,1730448339,Yes,0x77c464559b24047931c56bd5d23df98b4e390f7b98abc0aaaba7b5099b156f3d
BUY,0.001,14000,1730448275,Yes,0xd67080b1f72e7f238cf2fd5ffcb60e57ddb637f8251e52929d0b1975ae6e4304
SELL,0.999,25.02,1730448185,No,0xe9f037f2a15db716423cc09f3cc71053da699c1675a050a33c4687aec6a941ef
SELL,0.999,27.02,1730447983,No,0xe3c9f3d454c313cc2158faf5b4ab4715d4e66c320158157d093595a83e4b525f
BUY,0.001,12000,1730447957,Yes,0xa6391c8ab32f2c6f5daa0a13f7a5ac3102871a9e1500c3a28d411d7038f4d85c
BUY,0.001,11000,1730447903,Yes,0x8c148a1bc8cd2973d6494be535ed9c7dbcc3933f8d7692d7ac215ed6e46bd1a8
BUY,0.001,2000,1730446867,Yes,0xebc88aa924c2088c1954cd85eac1d89e4428e30cb94a2614dc08d29410af090b
BUY,0.001,50000,1730444957,Yes,0x018e9713a34eaeeb6f1277c5d587e904426308f272bd58218ab6defdf608e09d
BUY,0.001,200,1730431510,Yes,0xe1edd5f25e9a3852fd7977ffe07377ac71e67c9cdd3bedee8ba3d4a12214302b
BUY,0.001,1000,1730415379,Yes,0x6a3ec4eeef4686dab6e923cdc92cb7979251e95d69a3d9df57528916363ef5b5
BUY,0.001,14000,1730411081,Yes,0x422e2ff0b490beb2e971e8e9b834e2ec299c7d5a3e01889d43e5d862e124679b
BUY,0.001,2990,1730400039,Yes,0x11aa5165c3187fc7dbfe01658b042102eab176e567c264ba29589e8e693732f5
SELL,0.999,2,1730390068,No,0xe69afa5f9a4f72fbb65e111424d9420ebc85233a3ad355900fa6cefc0f4a9312
SELL,0.999,3,1730389802,No,0xca9ec1a1a152bbb65a67002a17226f4ff9c2b7a3178a53371671e8d84ddca107
SELL,0.999,2,1730389622,No,0x0b4238b0e6af13e0cc9d88bea5812fdc82d6f24e54e2aa5ad56542496f7a82db
SELL,0.999,2,1730389512,No,0x5cf87cf9dfcc095e10418b56d9b0ed24ecf972a4326755c03d6d9b5000eba42d
SELL,0.999,1,1730389110,No,0xb58395a81243c309fdc5a7d61f510d2f947777e3fcae65c1621e758fa28a4bfd
SELL,0.999,3,1730387444,No,0x31d91d873a0813ececec536c6312046f87725d0396b85199452ba1c6eb4da39c
SELL,0.999,3,1730386556,No,0x1e899970775e33d53ee46d23792467e0c7d3a0a0fdb4d276f45673eefb071743
SELL,0.999,4,1730386456,No,0xa9051be50dae0dad47b0c240a27efc5dd03a68674bddc16aa8bf26604634c558
SELL,0.999,4,1730386330,No,0xb5d29a35d958eaefd38537eb04e94fc94c0ece0491e2805427ccbc3011dd684b
SELL,0.999,3,1730386188,No,0x49a5fb61c737b5ca9b38d6b62389d1b2d5626f80c58008f7dc166f4b50cfa376
SELL,0.999,4,1730386048,No,0x67d4625b9d74eb41a9127bf060b727701aa197798b298471f522db06203fe520
SELL,0.999,3,1730385744,No,0xb7b88c668e85806ac885ca6384ea2ae83e587abfc28916adb4d47e7a76378706
SELL,0.999,3,1730385604,No,0xcbce5476a9342a23dd28dabcca98a637f2855ebe6d732dedc27e01142d9e8c0e
SELL,0.999,3,1730385454,No,0x6d44d0f5b0d35d6bd1a07a7c31214d2cba5dd3b477842f5079926b7904109ad3
SELL,0.999,3,1730385118,No,0xe63d671229036da1bd310daf68ee03a750b0d41fe6e5cc730f7cd2fd84de638f
SELL,0.999,4,1730384994,No,0xd7a7f5c4928bf25374ef7343ab0336af667a2c7090005ef37ac945c0f019561f
SELL,0.999,4,1730384604,No,0x17c2548ba86c70daf9f5d34e6edff1ad49eb797724f0fafef899e94a31f7b0f2
SELL,0.999,4,1730383978,No,0x06ba83ba93d3379bf3e71d1bbf465c920a2993788657a5296f5b19f988c95c5b
SELL,0.999,4,1730383838,No,0x6eb38d751236bba670b594f0083f9e9ed8f126cca6797a3548e7b33b28f33fa5
BUY,0.001,500,1730383836,Yes,0x89acd2aea08924ba7acfbf7a81e7a3fa3d9d27b0ccd23429fcf11517776176e1
BUY,0.001,102,1730383644,Yes,0x034cfd5c56313529266e11b2c7cc71013460cec23116e11c16a996be95f0ec6a
SELL,0.999,4,1730383350,No,0xa965b6b2643404ce13a22a92e60194054fb3e14cbc4949a85f4f1c2e58094b16
SELL,0.999,4,1730383120,No,0x75ba127c18a4799f1e81cc521fc05bd436e95b8a204db19cbc8f296b664bf6f6
SELL,0.999,4,1730382886,No,0xc555f932b998654533df53a63ed47171f65740150e2d4f0e30f319214cde97ae
BUY,0.001,105,1730382180,Yes,0xdca69706e37753afbbd5f48434fdf7c79a7a3f23438c47f0d66e451d7f71b6f2
SELL,0.999,4,1730381298,No,0x00ff4b5bf5c0b47605dcd6dc9776252506ca26936cd566149a56dff68e4f1530
SELL,0.999,4,1730380968,No,0x3f8042a1787d3c51ec1f764b0912a2bccf8b3d7b2e9ef13a7d568d04b7d47b80
SELL,0.999,4,1730380652,No,0xf96966b7fa3fe92e1a1399ef16764b97cc720a4d8c9c03db4e5c1ec5cf3fbd46
SELL,0.999,3,1730380460,No,0x582475e70ab9b0b4f4afc40c199691fef06f1ef0269596ecfc77865b747656bd
SELL,0.999,4,1730379986,No,0x35c9296966c1b289df1488063e4fbd2c4543a86983ebba082283bf0c987b781a
BUY,0.001,100,1730379916,Yes,0x410f6bc5541e6eb4de34ffd557d8116ad0c81b47d789353f0460a8be472a4aae
SELL,0.999,4,1730379846,No,0x5e7ea49263e56eb03f385b6d873c1acdd14732b0e0b9670c4c453df33d7c675d
SELL,0.999,4,1730379614,No,0xd5be5893c2ef1c0b8798cb00ba8a666a8146fdb7f61b4959661f61d3ce566902
SELL,0.999,4,1730379382,No,0xa5eb905a48ceb7cda35616037b78a5443e7e3e53b6bef5f707103febf0f5f436
SELL,0.999,4,1730378538,No,0xbf3f89e8ae1e7bd3d916c50fb9ae2fd1718f1515fc039bed468efee033a06fcd
BUY,0.001,1000,1730378520,Yes,0x1a5c709d106b35674d415db66d19b23a508c75a4262db28a5547ac7ff3d4892a
SELL,0.999,4,1730378142,No,0x4bc6b5d1b2ed11adae7a7526d1b7d804e0046d68e7e36b0f4a32f0cb7e53a529
BUY,0.001,100,1730373534,Yes,0x75c15b37f6282dc48026f9f3d51c69540aabb74519fc461918c5d78d4eea46bf
BUY,0.001,1500,1730369464,Yes,0x2fb50a81e0b96e311af84302f65ad708d7ce32bc29f06f4bb6b35bda851fee23
BUY,0.001,2990,1730346534,Yes,0xf86f2e70cdc409341c66a9a838ca892fcca4695f7ad6eb97afb222d53aa8f7e6
BUY,0.001,5000,1730346044,Yes,0x4a5b941c223008c48a546c32a548a38c202380cfb17095e61be74d13896bf4a6
BUY,0.001,4990,1730332890,Yes,0xec3e4c1c4a62d6e956fa382abda3e3d0962de93e9266ae8ac7e6b027fb1d3ea6
BUY,0.001,10,1730319111,Yes,0x0e41778e9ac9736c6dd6a64bbe40e0792bb18370732829883306f4c116eb3272
BUY,0.001,10,1730317405,Yes,0x846b4b761992e787cbbe7809027cb47d595bbc80193af42597cbc9fa9ca04035
BUY,0.001,2000,1730314153,Yes,0x61f762fc381c7a8115e5e584daf7c4ec94370d874b8315d3f5ccbd2028285581
SELL,0.999,4,1730305134,No,0x445c3b0f4478df755805101e80998fb5e08a3e768092da7fd4fff376cd686739
SELL,0.999,4,1730304886,No,0xbf5a037b5a2a1acd363eacdf944e8e885ddd10743f9e49504a8b77e0ce8bf5ad
SELL,0.999,4,1730304302,No,0x2d024e9a1e339f2593536e3c3ef80de4bca6214d11f0d80ef6c1338c56e38d93
SELL,0.999,3,1730304136,No,0xf036caf828ab7b7bb4199a1329c4c3fa0019fa03ca83af3efdbe7023ae3fdb0d
SELL,0.999,3,1730304022,No,0x2579d3b8d5e6b47431f0df435bcb7d16a710f5237c138d8db793a39612a2353a
SELL,0.999,4,1730303926,No,0xd03b21bfe989be32dce2ace5cac615104a9de8bb1db463dbbf83360e3cee85d9
SELL,0.999,4,1730303710,No,0x64609c37b91db446850c3d5f861ed59c7e073d18c2510961974e7a117438428a
SELL,0.999,4,1730303221,No,0x6c3cb5d4ddc0c8157cef99959f6c8aec049a60e7084b1c46fc3e95e7e4aec867
BUY,0.001,1000,1730298414,Yes,0xa00b399f1b08de6e57040617efc241bf485a90e2e3136144c7170090c20c2f44
BUY,0.001,4990,1730297256,Yes,0x75761567ed02b4e93ea7b7fe2635f62e10bbdbe5b8afe6525985ce8dd46b363c
BUY,0.001,2060,1730283707,Yes,0x23737fb556ade238827c86ff8bebba4d64a4084989a6d78f9b62cc140ca3f203
BUY,0.001,2060,1730283701,Yes,0x4d552195cc11774809abfa4ecad4166bbce9f6426f92618192ad0186d50bf92b
BUY,0.001,1000,1730283547,Yes,0x5f648dc6d11cac2deb968900f767d3a673f96da6bb8a074762817240c3a8817c
BUY,0.001,1470,1730280723,Yes,0x654bfefde4445bd647933ce91f08c09371ad866f891ccf3fc6af1449ef59c1e9
SELL,0.999,274.27,1730280135,No,0x7e68a0d4e71ed301da19f90970800c1722e7b8595041e117d201d0e0528e4605
BUY,0.001,2500,1730278197,Yes,0x6728d181e406c736b8530c292b4e626f388b3924b8b377137cd7229e2bf7df47
BUY,0.001,75000,1730275402,Yes,0xba09f76aa6bc51dd3c2648089a17b3bd36baca0e7f1f09908daf12c5bb51f26c
BUY,0.001,2000,1730273426,Yes,0xd43fe2cff4783b0621b7b0e35c4a645d56e5b8dc584ac4e40f4a78cbed5e1671
BUY,0.001,3000,1730270914,Yes,0xbe5add0b6bafc9b943646a8eb21fcd30d00c440e1f96b5172dbabc936fa10dc9
BUY,0.001,5000,1730236358,Yes,0x2a63cece1602cb9d97393834df9150867f757d024806969100967c9dd5dfc572
SELL,0.999,5,1730225301,No,0x0c6ff49d53ee3521b7d2a11f9dd17b78afae69ee101b64d577dabe7a1a6f46cc
BUY,0.001,1000,1730221413,Yes,0x42dd407b0365476a6cb1e4802fb50011a653f9c65280d06b65d6a3980bde309d
BUY,0.001,5,1730220790,Yes,0x01f85173ac7afd43190ee2626b8274623491ce3548525fda2b97362bec29c3c6
BUY,0.001,5,1730220286,Yes,0x549cc018fc10de260c5cf16d491b6e868017425867972a9d7e40154b44b905d5
BUY,0.001,5,1730219822,Yes,0x5b3243eb2346cc4317543ae71766f256a6ba7843e1898ccd048cfe5e7fdf4152
BUY,0.001,10000,1730219510,Yes,0x351d06c86fe812fb4eb102c74c5e8e832fbe94b0a25238b97bb2b84d5deff3c5
BUY,0.001,5,1730217191,Yes,0x2174fe22f73bab8744476b7c438c3879146057b92e73e97e8ba42cb7a0fe1b74
BUY,0.001,5,1730216323,Yes,0x9549f757c383058539f911578fcfc0b9e78b5b59ec3b63f883e889748aceea34
BUY,0.001,5,1730214692,Yes,0x17418575eb9a498665a9d54665e81f3d4cfcde0da09491cdd13cd1dcd1cd2f7b
BUY,0.001,5,1730213874,Yes,0x8adc0644336cee5f93fd44e48cf322a52484a80fd6e97357ecb48682e6356a8d
BUY,0.001,275000,1730212760,Yes,0x91c7e519d1d93e3d5edcc5ea24c14f008e3e2cd7d5cf251cbee3267f0075764c
BUY,0.001,10000,1730211132,Yes,0x3c939fa7406306fe0d06b414debd91084889b66a4642629dcd4b2e024d21740a
BUY,0.001,10000,1730211038,Yes,0x328da4cc6f4e688d9b52c4f6e98d98293cae196de2890e6cec2f5ce716196098
BUY,0.001,5,1730209980,Yes,0x4cf66e6777a48338a5041ecbe992e765c27f6a9f6a4fa994facea99360240886
BUY,0.001,1000,1730208160,Yes,0x898f51f520955f6b5463cac8d10dcb8232b43551e893d2da82dffcbce8356f48
BUY,0.001,5,1730202412,Yes,0x9e9c155435fe26813cc996c1e529602f986ca54db2543cedb4d4aedebf9ad16c
BUY,0.001,5,1730200206,Yes,0x024e156c9af501dff0888ad5e8a77f3e1a9654311e8145ac13e8dedde4a042eb
BUY,0.001,5,1730199514,Yes,0x2bb7c1472e5b61ff697be68a7220ac1b0389d82b44745500649dbbce8aa7be34
BUY,0.001,5,1730199168,Yes,0x651749d0eff434eb59478df9ffda7165e18b7ab248b33cc77cb1363e47446461
BUY,0.001,5,1730198644,Yes,0x8dce41dc9a772cabe1edec290943cc098ac95158e100b9552cb3666e113a6665
BUY,0.001,5,1730195414,Yes,0x3826dded2db78d781d291c6b55d1003de5b016b2c8b366c716340f07ebbec56a
BUY,0.001,1930,1730194692,Yes,0x232fad772ed48ae4c0f7fe417dc4ee0ffde74d00bfa9064e0e391f66006f3521
BUY,0.001,5,1730194628,Yes,0x46913f42e430f99448d84a8a678302f7083d12590ab67207cd05793e8f5862e0
BUY,0.001,5,1730191622,Yes,0x153c4c9ff70178e3cbb68b05d0ab6d223c1a83d13c34f2b88004a75119783eb5
BUY,0.001,4810,1730180232,Yes,0xfd4f5e2eea176caacb99f7beb73a612a314ce0278b456e06eaada57aaa018fcc
BUY,0.001,80000,1730176693,Yes,0xe4230effbbab7069681e0869040b4aef2f5b8db1f9e2a3c396889cdb3c546464
SELL,0.999,19.03,1730175001,No,0x8e098c3c86d46758f8f31e96a08dae28b3064898379b502b02da0d41643ac478
BUY,0.001,2810,1730172085,Yes,0x8900af71e30164aa2285449c01a9a3d14824ec1abfd769ff582caf39239dc488
BUY,0.001,5000,1730151044,Yes,0x06248c489b8b4679e011b26d6290e9119bca7542a3e0e9e1495cc662d1414dc0
BUY,0.001,2000,1730139256,Yes,0x93e99742742746985100fa9a083d9988226c8f8f76a7e0f3c348a36e01d671a5
BUY,0.001,10000,1730126890,Yes,0xb91305f4cda038e52315c261f03ce3566f79c9140c3082e6b40e02c09eb7642c
BUY,0.001,5000,1730126272,Yes,0xaccb769442b8678950c59411ac0d16f77ae5d31f8a1c1571ae3838194ed09368
BUY,0.001,1020,1730125021,Yes,0xe105340a56a18e2ee6a05c41aa917b199e96b5703d9d8ea366a0bb562f823404
BUY,0.001,1010,1730125021,Yes,0x9e9e4dd82280313657d06846ddbb1bbf1c75b4484e1b781ea41b39ed8afda219
BUY,0.001,1000,1730125001,Yes,0x8b41e6398d73b5d706cc5a73de512382f7c46083676c60ee535d5ac3827f7ef4
SELL,0.999,20.04,1730123781,No,0xee30bd8502b5b25b54b392a7c2e4e5786cd64a8c58adc2206b2516241baf72e4
BUY,0.001,13710,1730117668,Yes,0x75366bb6eef152bf96a9d76d3ab6d79345d7c328c43bf8a30b5c5ad482a425d2
BUY,0.001,4990,1730116742,Yes,0x672d5fb3db9c72a9cab83b6dd663d5d5af4050eba7ce6a730e6095b4e50c11c1
BUY,0.001,500,1730111347,Yes,0x7f559c48ae6df1835a3143b725d354102058bc81577a4e8070726b7065207a93
BUY,0.001,1000,1730108095,Yes,0x1c364d4752a9628326c960376da6b68f21ea05dd83582aa4d1e550bba3ed35b4
SELL,0.999,20.04,1730106341,No,0x2b228057d2e1f827f6d59a90e4584a5ac16565c646c74afd2a30bf817f30fdd8
SELL,0.999,10.02,1730105255,No,0x673081d83a0c9f7704b8be05bf58eafd49f1830b976ffba682b92935f2bd659d
SELL,0.999,50.96,1730082261,No,0x15f2c09634942f245ea7a6fdbe0be0392986e13304c7b35ddce8f5f69532ecc8
SELL,0.999,20.04,1730082023,No,0xad296c643c2e67f434e527783f700edd655680d211bb54a6bc6dcf20692ddedc
BUY,0.001,10000,1730051920,Yes,0xda303e7648a2d0ad907c891c66943de98bbd983cce2450af532a1cf05cc57d6d
BUY,0.001,8440,1730047804,Yes,0xe084db1633b32f0dd38b6b6542d61bf74a5f271ac0cb9d494d6d96f16080e53c
BUY,0.001,1000,1730042401,Yes,0xd2205c5f1dbd7d188e083fef75c4c589566054c9538502924060340244d74958
BUY,0.001,1300,1730039283,Yes,0x8bb6a92fe1db5b07af002c140224405159aa2fd139a0a430225b531c0bd6c5ea
SELL,0.999,21.03,1730038983,No,0x07f21a8766323998db027f7aacf7648c14e5701a5d98f755a712854d4b897c40
SELL,0.999,18.05,1730038321,No,0xd0c6997bd30b079d5205a20f34d627943c034f15f5b11888d6560bbb2aa53b82
SELL,0.999,16.03,1730038109,No,0x39cb63a67525f90a844896cf3c6a29f7b96551d06e9ce7761e878ffe02d9ad21
BUY,0.001,8,1730032369,Yes,0xfef1027f99c42eda64da5def70e912b508bc0658f130ffcdaad50393a67580eb
SELL,0.999,20.04,1730023811,No,0x59a815b71655871e14d3a81cc9893b0a36ad64e6930f94419d8c824dd61e9879
SELL,0.999,30.6,1730023665,No,0x957455e0a2e0401e6b800c91f2e51705a0a69fd3fff310b7017c6bccd7ad69d8
SELL,0.999,6.5,1730022999,No,0x1c7148439b34b1f10ad5690373d3bd60dff3a009607dde6f742e8105597aebf0
BUY,0.001,1000,1730021180,Yes,0x8dd0c6983ba0d1340561c1d45b585e6bfed156abbd3db94b3d0226fc73985263
SELL,0.999,19.03,1730017565,No,0xe36557b9c72dc203a91b98676bc9a0b58797f8d24a07328474259c36e3ed8a0f
SELL,0.999,21.04,1730005041,No,0x0309182acbbae7e78a4ec547b88593acc5b25388076a3c1c4ed28f245708be3e
SELL,0.999,12.01,1730002386,No,0x22d95bee09cb6f296c2dd858c552b51680b9a5041d81aee877f4460587cbd13e
BUY,0.001,5000,1729993567,Yes,0x02731db131e4d6e61c9248581cd49b76f2345e08b723a26b71d09c00c7416773
BUY,0.001,500,1729985405,Yes,0xdf464548ae5357eb2a5ef9ccb9d2ab713c0038cf10219381bf1b3d0d454d6286
BUY,0.001,1040,1729977983,Yes,0xc6274b48ac54de1fb0ea1511e45dd15af955890fd51689c1532465a2ea34891c
BUY,0.001,1010,1729977707,Yes,0x478bbf88219807744b2024370bddfc431cb7c15ff473794d4fd3ff44c0d8e4d2
BUY,0.001,1000,1729960382,Yes,0x9469c802c8a3e3a7fede4f9e772e79a8cb22aa1a193d15e1ff388b3cf9098663
BUY,0.001,5,1729959613,Yes,0xd406608c78e2909e12395fb2631574b8f0701c68962edaefb02e25229574b088
BUY,0.001,5,1729959390,Yes,0x86cae0e257be59baead143147727723e56c2dd3eecb141b8b4d63221be930536
BUY,0.001,5,1729959166,Yes,0xf09389490e903fa8aa677f8b43936feaf7b6333639a48690a595842f2ecbc4ba
BUY,0.001,50,1729958998,Yes,0x876d88041b94ffa319c111778b13a45dd22cb7daa3b79137e36a8753976efeda
BUY,0.001,50,1729958078,Yes,0xf8f01e1666bba96560855cdb54857ea93b9e7536e8a92b2092b1caffa2a22a76
BUY,0.001,50,1729957649,Yes,0xf6ac07172089c33ebf64e0b50a83c015ef71a9e08d417be259ad8c57de8b06f4
BUY,0.001,499,1729956968,Yes,0x22a6f052bd544c152c7353148801c20fbdd558aec156223d3b986e663da84a4c
SELL,0.999,12.51,1729950319,No,0xc2492065312f9614d514772b1e7dc9b29742ea76267fc2e068218654d1b9bc05
SELL,0.999,5,1729949874,No,0x42150882e3cc3f674785397957216b914595e8d9cfc9a032301a82600b98a251
SELL,0.999,43.08,1729949048,No,0x75a47068d649497ba90745814512b449378d6450148e98638e5ff74852852271
BUY,0.001,4990,1729947468,Yes,0x98599bc02dd7c4e22792ed670ecf387448a373ce9054236a18cefc49fdd5218d
SELL,0.999,4,1729947178,No,0x47b020c276e714322f03dd39bd106e3b7abe52034fe15a17a452c5b233a04af0
SELL,0.999,9.24,1729946592,No,0x4faa4dea474de1350e5cd44574c762a79312b2a44e8cd9312213ce8308c0bb69
BUY,0.001,500,1729944882,Yes,0x8893107317a3c1bc3b7383b808b4bcd4e3349f5d3677caa6a40f8628282aa8c5
BUY,0.001,1000,1729943260,Yes,0xb42f50016083524f2c9b6ac87d9de39ef1c257e5da9230c9a1a47d6186c8a884
SELL,0.999,52.17,1729942458,No,0xf9ce025e2abdaad7e1b1da508a6ff9f42594f25b33a3e656c17dc0489ea1b2e9
BUY,0.001,160,1729941903,Yes,0x77debf533768ab7e0c9b63fbf09609f3dc77b2e43c91a650e3154e5dc26a1d57
BUY,0.001,1000,1729935791,Yes,0x0527d5b82b0378d62600733edb07d1fa6bb72dc289e42b0e520f24e78d8a4f20
BUY,0.001,1000,1729935777,Yes,0xb63cb525f463939b99653b81d68f9b5f91603c7794ea37fe3f164ea72b4c77c8
BUY,0.001,5,1729935631,Yes,0x1bfdb2d2eed527ae59220883756d1e839dd9f469fa8d9510d5daf5b8d848dfbb
BUY,0.001,5,1729934641,Yes,0xa7a2230ba7c1ee77c7073c77d0c11b17153aa886d032879cea9e5bfb832bdf2e
BUY,0.001,5,1729934145,Yes,0xdc7888513bd79b567c3268b0a890b315525a9b7eb797e1823c5b37965e305ec3
BUY,0.001,5,1729934021,Yes,0x7bb030eb2f8c888901d5ef6ba2c640b90fa9ee504a1f1726e60a57ebbb99dcca
SELL,0.999,3.68,1729932859,No,0x9731fb80d01e8112fd2820a633c6365af1e330b15931c898234a5e28cd5e703e
BUY,0.001,350,1729926756,Yes,0x6b0aec0433d2f5e5fa3f948b45b0c10246011c636f6f36148f1d3f6a3b82ed25
SELL,0.999,50.1,1729924135,No,0xc62543f0b09949696d6c62c99ef41cca1437f9d98fa443c78e64be4bc8fec9c0
SELL,0.999,10.01,1729921081,No,0x82dff57be2d6b6d38fe9f6c2d385bf24a65535ddd727764f70f17ad6a1d1a6cd
BUY,0.001,241,1729920445,Yes,0xb6b2ebf42d1204724d6e8780bf3fd70ac95e4b7af199b3579da8f6f3af68c99c
SELL,0.999,7.7,1729914801,No,0x4ef86198c86606de73cce1f88834f9148e6d88025180b5833495672e1c08a002
BUY,0.001,111,1729914549,Yes,0x8891bfd404f37a5dd66404fcba7e060fabb7abca292a88deecb11dfd8b00d9e7
SELL,0.999,15.71,1729912233,No,0xf7ea54b94cffcf53cf7d4453228c24ea4efcab16b9ab3c75c49029b022b35ea1
SELL,0.999,5.5,1729911963,No,0x6b53e9c15ba6dfdbdc83a3cf3fb183f5cf5194de2f6aa3c742621e349a3c2fe5
SELL,0.999,10.51,1729911635,No,0x6f869911ef0f127137a1565886bc8abfaf2719c42aa6c0648cda4db6030699e7
BUY,0.001,2000,1729895350,Yes,0x037a4db2654663f7f77750ebda54ea724e10f115743c13ba4c852c3a462486bc
BUY,0.001,20,1729892076,Yes,0xc2cb0c895e798a53a60da13800ee64c7df67faf4db202955ad474cfed07e4c72
BUY,0.001,1000,1729889236,Yes,0x2b5d797b84810795485b2e6ce3a1f53a6c09d4cfbe7bfbde5c8452dec5967d26
BUY,0.001,1010,1729887113,Yes,0x59decc0435371b640c73beab7fe848049f8d535e0c1155d81374f57d2742829f
BUY,0.001,50,1729879261,Yes,0x38ce222e4f7eaeb6e483291ea8b7754588ad70f9d031e4ebb4cb0ecbf7406078
BUY,0.001,50,1729879137,Yes,0x3535fd6fd0aca2a32d4654897f61a4a68f8613e54033a19984acc9a98d603a89
BUY,0.001,5,1729878443,Yes,0x7ae40f963c2e2e51ff996da1b5839d2ea282b460c845f89ad7f25b5c51a02e34
BUY,0.001,4990,1729876111,Yes,0x256a43a8c9033f1bb36eedb950792900697ab281dbce8aff93b8e81c2e80c364
SELL,0.999,2.95,1729875925,No,0xcdc26fe87bdcd25231dfdba36c0a4fb9471bb18fece5e75db59f8e129c144025
BUY,0.001,5000,1729873321,Yes,0xc3096eb3b655adcc1dad7ecc3998d2d4a90dd6775d6ac3bb7742674f58100fb3
BUY,0.001,10000,1729869140,Yes,0x5d40acddcd57725ee0dca63db1cd46cc3a927570316b5c3fac3d4bdf3b857b1e
SELL,0.999,42.13,1729867346,No,0xba7e6b2f28a96ec78b3edd2d4fba81bfee79bb056fa9768dea87b3ab25c7ed0d
BUY,0.001,1000,1729867302,Yes,0x17ffaa3f0a6e3a51ab2442cb352db978420f5b3c4b1ee1607bb3b4a0e6b7701a
SELL,0.999,53.1,1729865688,No,0x81cf0b897bf26717150efda7e01039c3491f6521e3c3d871433f0d99ff132eb6
SELL,0.999,20.04,1729865318,No,0xf1e7758124dcd3096523d00095ad69136862c1b72e154950d705884b9b34a9d3
SELL,0.999,7,1729865130,No,0x8c8b765e1831b64b6674ca7ca700bc39941bc50c6b5c7d0fe3aa3b06508ff897
BUY,0.001,400,1729859724,Yes,0xb83b05a60490aa88734ed01ae8c79fcffc3803b51735e6f08f145f644d8fb8f4
SELL,0.999,32.06,1729859516,No,0xfd47a0e0c580ce90343ab16660c981e5ff8dddd2e94b8901a3d4a0f3d92227b8
SELL,0.999,10.31,1729858612,No,0xab0bfff869e411f7fd2cdaf11b7becd976ba7b05ae406dc02946818c7ec4a9f3
SELL,0.999,28.05,1729858560,No,0x74684632b1cbbc2b442c917d27ea99e4dfff266191b84254ebaf60aef71cce4e
SELL,0.999,6.7,1729858436,No,0x817a0790cf949cd1f65f4f9f4536d8ac0b6991ab60a301518e00943ec9032228
SELL,0.999,9.2,1729858234,No,0x9cdaaf09d8fd6e9087888d36f843a65c3fa194810ee8842a85352e2c917f8525
SELL,0.999,14.11,1729858038,No,0xf1a6db944dbfa6684ea3920f5682ca3525bbe9e38e3e8d27dd5b9446b5d3d101
SELL,0.999,15.03,1729849335,No,0x3ed4e57e9c4ace2cc899dd064bee27d0277012d6c9aa29947ed9b0118a1d02cf
SELL,0.999,0.18,1729848525,No,0xd61c78faea3936aba19f8d8985d88f077a7f9fbeb399d227f47aee34031ddb87
SELL,0.999,11.31,1729844919,No,0x08043a91a0abd319d21e1cdca12ec99e65414130191531d8fa8385aaba7156d6
SELL,0.999,35.07,1729844475,No,0x7117ec9511fedf51d6e93b04931ff7e4a0d2babc7180966d3d189f44c59f5c50
SELL,0.999,25.05,1729844233,No,0xb7c8fb8176ae1d901e445ffef20faf33eba7c1789ddc3c9871101211fab19628
SELL,0.999,40.08,1729839001,No,0x996577f35edcc7bfeb39769fd3cdfcc9313f0421af3bf89b49f2d70e26d80769
SELL,0.999,38.07,1729838399,No,0xd09963565a17350e81d5f001cb01680478d0337ff7c0a411955df6d67a7eed4f
SELL,0.999,12.22,1729838181,No,0x35fdb42b61ab8e2af1ef69b4f652859451625927e64c1f8e8514149db1ab276d
SELL,0.999,5.9,1729837709,No,0x2c2a7a7a346729b71bfd4812f2ff10036887af2b5727847ea831af95afb3c5ca
BUY,0.001,9000,1729837055,Yes,0xc26736108fb1fa11cf6352a463d7abf7386f1e26c738c8f233c9d10500d5b0b5
BUY,0.001,1000,1729837025,Yes,0x45c08e29ce124d128d5826e8ed71f85edeb145f385f764e72d986c5615457d74
SELL,0.999,13.52,1729831497,No,0xede8590be876cc2dd46ef1efd2ab08bac6a4747b6dcae9366a8b17a18803e0b1
SELL,0.999,40.08,1729829155,No,0x2ece0d1b4ee545478084171643fe941427d429db644a1d31d6ba847acac18f43
SELL,0.999,20.04,1729826847,No,0xe75beae1841944f8a14b8f1a04ca02bb42847b4fb2f196f937bd944a36caa9b0
SELL,0.999,28.05,1729825073,No,0x942d82a6e6a4c1d5a306fd862da3dc1a4321284fb94379ac00d52ae7309d9bba
SELL,0.999,18.03,1729824845,No,0xb700f38160d7a5729d6677e5598aa2ccce98841a7869f0a7d88530ee477ccba0
SELL,0.999,30.06,1729821149,No,0xc627acf4c52781cee4270ac7ac68d55a5bb490ae4383ccec4a53060be0be4abf
SELL,0.999,4.2,1729818641,No,0x6d4b674b1716353184bed57a5384cdffd077e72eee56e354e8299f9fe572b44e
BUY,0.001,4065.75,1729817415,Yes,0xe1bd1799995f914c9eaa9e2a4003113bcaf8877440fa83800c5bc6adccb14d66
SELL,0.999,35.07,1729816889,No,0xddf8490486976f6de928dd03d9d6866857a9cebba0b19c47a8442261158541af
BUY,0.001,5,1729793431,Yes,0x4208e29305eb29c736b01074ab71d49d6a0c4b4856630c2521ad9c7d13104b0a
BUY,0.001,50000,1729793411,Yes,0xdcfbfefef100fd30ff643533b2faf141b49121c50ac1a8ae878c39dd99a16f8e
BUY,0.001,301151.94,1729790359,Yes,0xfcbae5c4db2014628aad1b296c422c6db2b58ed92baaf993a954d8adf80477a5
BUY,0.001,800,1729789185,Yes,0x8e56aa04bf76558a4c5d60cc3292b2bb293b634e14bb5e7151b5156d116bf73a
BUY,0.001,5,1729787659,Yes,0x8808613479139057e42e2d3c87f6432bbaf1f461957c3148141079b8974628c8
BUY,0.001,5,1729787503,Yes,0x7f31912e6a5c5e087e9492a198b9ac6744f9320a830f6dbd57f216e1e2ca3267
BUY,0.001,5,1729787361,Yes,0x711c7e6a81d93bdac84bd2ce0c9df43d32906a2ea9a7e41254ef8a6bee6709f8
BUY,0.001,5,1729787219,Yes,0x4447f583fa60fa1181cc5c8fb3da0f38fe63d02d106e385113713c23a214d7d9
BUY,0.001,5,1729784929,Yes,0x3458eb12baf01fad4a969036a030e5a1e9463cc313a74c05c835c94d0935e05a
SELL,0.999,60.33,1729783907,No,0x795307c005f53530b2afd650ed3b19f1dc278e7176e6b39f1a2f1b1de6023926
SELL,0.999,3,1729778475,No,0xcfbe268a825ae8b79b0fbe709b6c3b0699c2d58d5c9f71fdb684135960f6219d
BUY,0.001,50000,1729778281,Yes,0x219b56517de3dcfb6d8ddac6db2b2339c83edbfd4c7f1c34bb3c5a86d19a4b22
SELL,0.999,39.11,1729778115,No,0xa8e4d2b914cdcc7edd0396d9fa839b615facb0c5e8ca520d09dd64ef9d7cfa6f
SELL,0.999,4,1729777755,No,0xcd862560d6dac41619296973724de27b684bb2b1a130d9e9670fd30c26e39f62
SELL,0.999,30.06,1729775863,No,0x4c5cdd6fbc6ae53bb5f6d9256b71fd53204ad8814d69975715fcb8c29a278762
BUY,0.001,5000,1729774699,Yes,0xc9a549698616be25459500c78f9d2b9777b87c702c37ca7bd7f1187c2fd1d27e
SELL,0.999,17.04,1729774477,No,0x36d273a0d15a81900397b5e5b9fb5e751f524258ddf66cc4350dd74ded81481e
SELL,0.999,24.98,1729772719,No,0x12d1237cce9d56693dd614a682a1fb4afbcfee0a59dbdeb93897daf3e7900264
SELL,0.999,34.1,1729772525,No,0xa0769ae76eb0ec18592cfe23c988f55acc63f112af7cd992caf98933d0238e82
BUY,0.001,1000,1729766895,Yes,0x4037abd3e2dc4a5184deb270b525961b928506c30261acc1bafe2b3f94556f62
BUY,0.001,5,1729763784,Yes,0x7b0a15e50eb8c9a1ec36f4427d212be8e76a27084dc1a9335b120b6abece3820
BUY,0.001,5,1729763145,Yes,0x88c4943677f0f839bceb04afa49eed35a3143e79157332d334c2848e62918ba9
BUY,0.001,5,1729762671,Yes,0xca721cbc8eb38018694171bf79abae8e2980d10ba284679c7e745f0d4ab93116
BUY,0.001,5,1729761767,Yes,0xfd7bf055d12a6d74ecb1e3653545a56946bde9ec24a60dcb235fe54843fe4a96
BUY,0.001,5,1729760971,Yes,0x2833e1d20db5c282a8af2012bdb1181973c1f25ee2928b1f7c9f0153abcc8c82
BUY,0.001,10000,1729755374,Yes,0x7e1d484af8fe89ca43a91076cbdf8dd14800f0d22b7fefc2a19c056363f98132
BUY,0.001,5,1729752382,Yes,0x34f7223ca5c40c938e6b7c2ebd349051f780f0abf58c207ed8c68267f0f9b4d0
BUY,0.001,5,1729750273,Yes,0x82220795905b1590a3452e694349e4e73edc20173ceddae6be5fc1985908cffc
SELL,0.999,56.7,1729743186,No,0x4413696e07f072f39b5e314734a0c5859300929c30c67e1c938ea36e5df4e92e
SELL,0.999,13.91,1729742934,No,0x8157748fcad7db84ba00606e9c8015e8ea9f840b2af66658846fbe4b8b368a29
SELL,0.999,13.71,1729735650,No,0x3220d2a73243ddd96c5f619f2df94fa007dfb1a69b7df0bd407cfb005115df3e
SELL,0.999,8.7,1729734866,No,0xb1a5748d801e8eeab88b7b9934b828259588ae1f9c4885b26f89f9e92bfa70cc
SELL,0.999,6.9,1729734748,No,0xf33df94e372dc5865d0d492b936e5380e1406f008e2ab0f74fcd466ece935b6c
BUY,0.001,30000,1729723301,Yes,0x6a429b1ed9c36e5bae3239def3986f78c0ce9ed6153fc0fecd4e42440c66eadf
BUY,0.001,5000,1729720732,Yes,0x62ad3f243943de57acf83010f29bbfd6fdf1cb9ab2cd00d382728977f81c4968
BUY,0.001,5000,1729715399,Yes,0x83125787810a658ca95845aa974f5478356a0f0fcb52abd7e54072acac66a526
BUY,0.001,2000,1729711519,Yes,0x44a6b023ee5f390d3af9e6d4307714da8d61d4f3ae31fe21bc546db07cebb943
SELL,0.999,2.77,1729710827,No,0xc6557d7d63f16485c73762a531c2c444d4c377cbf7cec1b8d421ed0a4d458fc1
BUY,0.001,5,1729704061,Yes,0xbee28892b399b228ef7e115eab61742bcf0309e72d43b15956f87419550f96f6
BUY,0.001,5,1729702933,Yes,0xbef9536bb00322a019c7c1291d102c2133c40c59c3ffd7e773767a41892cb515
BUY,0.001,5,1729702541,Yes,0x4ca53f32061e34971cecb12dcde163175d09931c54bbabe8381521e038fe7619
BUY,0.001,2000000,1729698895,Yes,0xcad748acd8cfdbbf86755c44bb2f10f2f00352e2053fee1dd2ab5f3c7d91938b
BUY,0.001,5000,1729697853,Yes,0xc661040d1736a15fc76214c1874f17b4e61ec756a88659c783cc4e1fb7709284
BUY,0.001,5,1729697805,Yes,0xbf1735dcbe297a3d16ac0f22e9ab9ecf227d79ff8e47a38e26acf35fbffbcfe1
BUY,0.001,5,1729697273,Yes,0x4e3a5026229eb8b7e5e6b4f94f7b00250f99ef5282d42097e9e384375b817369
BUY,0.001,5,1729696325,Yes,0xc4b2ff465fbdf5c5f8f7b5b47e00b8392e53e72758aa10d1649cabe414e3db47
BUY,0.001,5,1729695650,Yes,0x79253b71fa3b405a259eb20e4defb73b87fa0e8c988eb03bc6f5dbbf0d96b0e9
BUY,0.001,15000,1729695334,Yes,0xe4458a91765a8f852d683bc4f24f8cc3282c491ffbec3f644d288f83c2c14db6
SELL,0.999,1.03,1729692022,No,0x7e8cd3d2d655e8b0961f6898fdcdee5b571e201a75a276196663a9bca4ae4fc3
BUY,0.001,200000,1729689026,Yes,0xedef44e18a7dec69e100297dd70c69ed98ab49ca5e9f801a71e192c39a45774a
BUY,0.001,10000,1729688884,Yes,0x6912fc977b3de1efad074a429bb9bef02c912e8863624852d5aa712b2d5026ad
SELL,0.999,9.6,1729687526,No,0x471c62eee2ee8aa2d1279f02a5fbe268c39fca0de5490a19f661c9b4eaa5b2d0
BUY,0.001,5,1729687478,Yes,0xe4fc35212ddb47e7700bb9065a99aab21a2ffdfc191fda4b8633e4a49a9505bf
BUY,0.001,5,1729687414,Yes,0xc140a335dc51c1744e59073a7e0e0e01b7a903bc0c6666917a0166986cc80b73
BUY,0.001,5,1729687114,Yes,0x349b164d826d33455523729ec5db92a0d6df71b792b24e31e2d679ccd7a0463b
BUY,0.001,5,1729687014,Yes,0x3f92aa33f0dee9abc22541b958002e3c927e0ba5daddf3a22ae97f405dcde18d
BUY,0.001,5,1729686842,Yes,0x8f0add2cab342be809ffbe137b76efd58d92883f24d8fbc5b328c3531c7405d4
BUY,0.001,5000,1729682440,Yes,0xf383e0a13be9c9133340c3260dc35696f6c08a75e433af9ab05517c0a3b5365c
BUY,0.001,5,1729681740,Yes,0x91017f5849aa1add882e5c5e5c94975572db4bc8fec4fc8f63e2aba3a37d6aee
BUY,0.001,5,1729681446,Yes,0x19d76dc0114b5654dcabc1491c1548222359a48430001d1193ab8b7e642ac88f
BUY,0.001,5,1729681022,Yes,0xa4392c8ab762f17cf76e150c53c6325ff40b0f7a0d069d1e01a533980da9e451
BUY,0.001,5,1729680194,Yes,0x2eef0da3573b237a94a8f9ca1c5d5908fc98a3150d0958a82048460d317a3494
SELL,0.999,6.2,1729680016,No,0xcc24cd5a05dc83cdb5c3c561013188d2f2815888d54ad581a43106192a526fb4
BUY,0.001,5,1729678434,Yes,0xe45fe097bff532f7a085263dd1e68c6ad3e3fdc0ee4d0ff8c8908f3d8768b5a1
BUY,0.001,5,1729677525,Yes,0x89343a5e3bfb8e2e28ff5e1b2a70f83d4408992b57f32e8b92561adb4f76918f
SELL,0.999,50,1729677305,No,0x306092a8d319d5640c8de7132c468d2da16fc72585caef7ec8a65d481c011ecd
BUY,0.001,5,1729676501,Yes,0xff37bce78473c1b89a332b1a6af8863c439c02c3b67b86da16cf41cd734d5851
BUY,0.001,5,1729675091,Yes,0xe1e990bf88938458100951446483d275789aa2ba37e74d715b2fc6cb3c863654
SELL,0.999,8.1,1729672816,No,0x3918f292b6ce76dd353f03dfceddde870f06d4850de376a68f383e1d194a68c6
BUY,0.001,5,1729667945,Yes,0xe06672c14310053bed4423322053faa8f4fac54df4ee0b1cb340f609855e8aa3
BUY,0.001,10,1729667393,Yes,0xf190ed4ff9176841b6dad19822cf7aa7199c9442dd9a888ee6c31d59d07b342a
BUY,0.001,5,1729666909,Yes,0x021d55a5d619ee921b892b649e74021c1de17dd55a0a872df0e6679e34efe672
BUY,0.001,5,1729666583,Yes,0x9e0bb0e803d5c965cbcc13e0a17c7f68af41e53ac8324e5201fec97e17e68e89
BUY,0.001,10000,1729654841,Yes,0x1b7532c11e7c132e9488937a72cb57620e59b0bb6072f407d9108a1aed9f7c7f
BUY,0.001,11090,1729629418,Yes,0x280027430514400778afa870f570a1f385e2637839985041d251b4596038b36c
BUY,0.001,1100,1729625910,Yes,0x36ff14edbc83eaf33ae24590a015112c04a8d52b4b8da87339564dc01f54c756
BUY,0.001,33000,1729612664,Yes,0x24b2404fb358ee382637063683e6265f1cc7a12c89b5eb8c582dfd46437b1818
SELL,0.999,3,1729609074,No,0x1c52cc0df843f0f2cd1eaaccb65d1b14d20b198fb2b9b413120de864f34c94e4
BUY,0.001,5,1729609014,Yes,0x36826fe032edf752bf4dd6f54ee2d4ac90340a9f989a98984ec27c4941b6586d
BUY,0.001,39036,1729603148,Yes,0x8398ec4ecca7b871af7f7004c0430b253d138e6ee9e75c6c564bbb253de3c7bd
BUY,0.001,2500,1729602452,Yes,0x9a0572348e521e0c094850f7aa6994b7b0a2912b3eea039aab018f99dbb95699
SELL,0.999,3,1729587432,No,0x558ccfe886a72624a441bd2bd210e3d445b3ec8224e960f84baeed2b4839592c
SELL,0.999,85.08,1729583006,No,0x47dd375e610477d6cd63ed923da26f6746315b9386a7ff3b2ef214429979147e
BUY,0.001,582.15,1729577390,Yes,0xba9093af515fb8f26c5813a4187e7ce1037578f1095b07d8fb7a983ee8cf6d22
BUY,0.001,500,1729575715,Yes,0xffd4541752500145f9e668dfcf57410a2f06980186acd0f8253a74784c556c5a
BUY,0.001,970,1729569359,Yes,0x41155e91e79cc579ebdcb6abddefb085824e99b2d2697299e630ff773d1c4f0c
BUY,0.001,300,1729567107,Yes,0xb5832f3cb014af5966afc57327e35d399a93727c051833075c7d9f41af91e617
BUY,0.001,5000,1729562511,Yes,0xb49baaf21e815e12ec10c374aeca0d2d3091e6698641afa87f91a4065af01f78
BUY,0.001,5000,1729561955,Yes,0x7ccac271489a6d33bb94d1769b1b339e13cbdf56d199168164a289718880b6d7
BUY,0.001,1340,1729542603,Yes,0x63f2e88c5924125dbd7e7f902ccec2b8e0e05ffbd2eeb8db006c4403b3fc3f97
BUY,0.001,31000,1729541031,Yes,0x8d37488df6a03be2d7f507e98db4bfae8f2bbbb7d795069e1bc0fcbc29d7cded
BUY,0.001,2000,1729536529,Yes,0x38780a6252fa521eb3160855c8bfa27c9f45019f6abbe8fd3758d749f3a6f5cf
SELL,0.999,5,1729535933,No,0x94bf06f56758c504bf27f8a5cca4505850005884a9d40527c269b32638b9eb02
BUY,0.001,1000,1729532947,Yes,0x281702c253522d1a14baf0f8623659621a197f39d2e795bdd5090871bc607041
BUY,0.001,5000,1729524216,Yes,0x5767f3def035b7e7328a0f29b668a88f816c297d10d4c6ecf2e6eb8c02cefb97
BUY,0.001,100,1729522512,Yes,0x9160cfbbbf610890dc03198f8b029722c222f2a50f69e2999e72e1823fd45399
BUY,0.001,52.06,1729521078,Yes,0x9d1f69620004e918973f08e310915e6fc688c35ba0260eb69cfc3097d766fe39
BUY,0.001,5,1729520681,Yes,0x5144b1eb6a5167cf12bcbf9f5732781d617d7e8c84ae4e99c5c736fb982b58bc
BUY,0.001,1000,1729520423,Yes,0x18665e23b0390ad93bdd2df0a8a15a732b7875f21f52e58739d25f92646f13d1
BUY,0.001,5,1729520179,Yes,0x5790839a9a36e3119b1775a793eb15414f6f0eca63964938c688ad36f506f042
BUY,0.001,5,1729519293,Yes,0xa9cf959bc41fcb582122d9e10e6a105483fd648ce78da0bc891e510bff5fc9a9
BUY,0.001,5,1729517551,Yes,0x09f7990b413bde54b1740a0f2604c1ea1810aa6cfe1d5161cbff6c8bd504e5d6
BUY,0.001,43,1729513824,Yes,0x08aae8bed48ec8ad81972daa87c6cd6d40ed5bcd98ff91a7d4c1726ce38e421d
SELL,0.999,10.56,1729513326,No,0x3330cc3e885eafcca649b5b81217206cff0d2881182eca33c4d5193e7d652d83
BUY,0.001,1030,1729512349,Yes,0x035e39eeeac592c65063fb338775fd49d2304a1e09b907e22e16de390f2d98ec
BUY,0.001,1000,1729512227,Yes,0xbdd2b35298ae1c29f9e4a3ca1368ba205745287f8f9ed0befc56029361d5dd99
BUY,0.001,5,1729511295,Yes,0xdae5b065f9a2694368b77073825b83105682f2eb1436605072ae9409979bbc25
BUY,0.001,5,1729510679,Yes,0x90c487342e307188318bf8d025194d582b24df832f4a84bd6de1d99e8929a35d
BUY,0.001,10,1729509079,Yes,0xb5b8ca333b8591d51405072ce90b8b909deb553bb500c3f27a464a18906c2b91
BUY,0.001,5,1729509025,Yes,0xf3b99669f8d80ac7a9d8d04a149dce4763675f6c10bcbe709d15fa65e044b6e6
BUY,0.001,5,1729508771,Yes,0x022860cc2cfa42f2830fa83f5713940c38c8d26f00390dafd678d133ad671663
BUY,0.001,5,1729507029,Yes,0x201fa9b233c24b733508f72b4479f558b31f88cd065871dcd3c878080d9c339a
BUY,0.001,5,1729506445,Yes,0xcaca013338eec579ba9462fadd84576d8bf140f2af8f1d724e61958cd15cb38e
BUY,0.001,5,1729506169,Yes,0x5b14787d55594ab9c1a1c42db857a7e54f0c7712d1fb66fc5fc89cc19562d3e3
BUY,0.001,6030,1729505849,Yes,0xdf967f6107e0e4225ac3f060210e15c3ab783910ba60525b5bdbc6eb5fee07ae
BUY,0.001,5,1729501427,Yes,0xa14350eff2073ca0953da5e5f5a381290be6ff5762ee879bd4ac7c4805ff1de1
SELL,0.999,13,1729491276,No,0x1e4726efda0ffb2300dd05c2dfbed9443c25d0b87a8d81a8263af9eb576f0e0a
BUY,0.001,200,1729481718,Yes,0x48e3895ed8bee033238439308dca84b6724cd0fe17496d94a3523bd3b8e7938e
SELL,0.999,27.02,1729479700,No,0x0dc1d15a2216d58833e01850e9b8e6d437b5d2d198f2175e491ae1e07e6b9dc9
BUY,0.001,500,1729479226,Yes,0x7db02598b1953f6330f9a72d3e19510e39376bb93d806923bc9be0cc01c07f8a
SELL,0.999,80.08,1729477947,No,0x02307b7c5b402871ecc8d1b0b876c9dd6a148148b695e088246f8e2e79ab69f6
BUY,0.001,1377,1729476675,Yes,0x3ffba92fa28aea573ae5d2c248be50261e88778a6a38b4380b383f6f79b3ae02
SELL,0.999,75.07,1729476369,No,0x14c8a7f4dbe3df0e777c60b9400eca1fe44debc65ed521325b796d2e47389765
SELL,0.999,19.01,1729476291,No,0x67657a3b9ec98027ba35308884b6957a2889995cb2dff08f4aebb726bb6bc88e
SELL,0.999,11.02,1729474402,No,0xdb8d65b1992f16a1d7f025900fdbf03004ecf861e7a821d9e62b5204d284ab33
BUY,0.001,2000,1729453458,Yes,0x5ef239d895740831961c144dd48f149c029df4d780409f112d0ac07c88fa4374
BUY,0.001,10,1729450139,Yes,0x5e691cf9a0514387fc7bef32960bc6f9d3f7f8dac3c3953fa62e76c86021074d
BUY,0.001,5000,1729446317,Yes,0x23c4deb55b81d921f0ce0d48f14d0ad1c5ce470f0f5282845612debec3b0afa9
BUY,0.001,39100,1729434784,Yes,0x7a2024a64ff037a7009f3477b985c9aafe0a40c2a859d96472c672b407a65aad
SELL,0.999,85.08,1729433560,No,0xb7c336773ca78dbd90beff24ab96f34164d0ebb62ade9a606038a2cb46c77336
SELL,0.999,10.16,1729433388,No,0xa254b86346258d26bcfb34b2ab0a15887ae6a15467cc3c7e5f58a5af92dd1ffa
BUY,0.001,500,1729431642,Yes,0xc7b65fcaf98544fc1d9190fe25705f411eaca8aeb4eba13a9946394525458906
SELL,0.999,15.19,1729431442,No,0x231f59b8d52a75999d1f95d79dfc8b94a1ca12eb210ebb25f632c57b836728fc
SELL,0.999,20.18,1729431010,No,0xab1d4529e669ebe04f2dd0c30e568432e1a335531e413a9ef8a239d516f141bb
SELL,0.999,10.16,1729430094,No,0x5dfa3dc5aa9393823a68f1d7676171d6935d774e9070a0c0033ed9848cff8195
BUY,0.001,1000,1729427600,Yes,0x70f5e48a30d3289a39baf20a4b81890f2266c649e4b1a77711881ddff87c56bf
SELL,0.999,62.06,1729415481,No,0x51d316cd4835c567f204d8f2f4709c95873044de96b57f00cdc41ebf13de5710
BUY,0.001,10,1729415351,Yes,0x2efd31b3d0207d33a7acc15d12b285f7aed57854d3da11972c1c94482ba46cc7
SELL,0.999,45.04,1729415307,No,0x584612b6096d3027cbc92f5374adc3a10ca44342184e81918abc1c7fb6d38641
SELL,0.999,25.02,1729415051,No,0xb3b4a7a54521ca1789dec8e4517daf85d850dbc65a407793d19888ec6a15d5eb
SELL,0.999,77.07,1729413988,No,0x13953aa7e6e5f96d5c0b0bbf591f4637a11611b1a8a6bc75d7c63c7287049cb7
SELL,0.999,65.06,1729413944,No,0x2310716acc02eba124d0fa54f4f21dd5de6c8ce54929458789d8f555bcf849e3
SELL,0.999,4,1729412552,No,0x3c3fe9bbdfb5f0d98ec7aa12cc8b78419839106c46bfd2e3bc607600490ee209
BUY,0.001,500,1729411402,Yes,0xc478c87d39d559c8b1d2bf282460966c32cc86c59600e267b3cbe515fb98837d
SELL,0.999,20.02,1729409545,No,0xc5f4f9b7fa31e013c33b88694db30388f8fd0a8d90b1cc6ed79a7361df3338f6
SELL,0.999,29.22,1729409133,No,0xd6753a9613ac1977a2c085466f5422b5b444aca643eb01258291370aac00cf01
SELL,0.999,14.01,1729408816,No,0x6b4dfde9b7c0056f87e141626ae329a8aba9b906de5ad434b9ae25d735375977
SELL,0.999,25.02,1729408359,No,0x078ff5a087891257825f75f46dfbb169f1ebe4ebce8b2bdd25cc4b54088cc642
SELL,0.999,17.01,1729406409,No,0xe5e075d1d7b1e6422fbd9fdcac0c11ed429ef7174abec5b6e50edec94c205ed1
BUY,0.001,250,1729406381,Yes,0x1fd5cdbc1aacbaa27326ac3c6849d289b11272c16d41217c89dd3b3e29e97bcd
SELL,0.999,15.51,1729406285,No,0xe70be710b364f6d09058d6fc3b0e8bf68d3185c96d4d0a897dacaba780dee89f
SELL,0.999,20.02,1729405961,No,0xc4a09f992657bd0e18fcee8d5159ec6cfd03f07ee38e5477e6e9298079c38909
SELL,0.999,20.05,1729405665,No,0x4722aafbdc7425bfc7f1501d56d5827fc42459c348e4a6d15ec8b5f80f01f3a8
BUY,0.001,33.41,1729405457,Yes,0x8c3e1c2e19578fcc3af38416f8a75992657021210dcc451bbb4df1afc0e017ae
BUY,0.001,30,1729405141,Yes,0x894e308849b34c5eaea3a98ea167f957ba9befc5696c00a20e4aac3b657fac0f
BUY,0.001,500,1729404336,Yes,0x272b6058a6868cb8ab5716e1dd8fe47ede552740fc5ce521b87e900736852578
BUY,0.001,63,1729402593,Yes,0xf527890ccc1b40fcfc9647fc6d27379136f5b74c7c2c5d37cf5d164cb10b52f6
SELL,0.999,22.02,1729401342,No,0xa6503cc6a24c1d6465fda1dae2baba4e255a9b2170eaa63a1a25c8d903df7452
SELL,0.999,21.48,1729400944,No,0x9557cdb63e8017a006f01b3838e56d1cc1d1f7100b99422311e00b8f126f2952
BUY,0.001,5000,1729398568,Yes,0xcf18481d400fccb7fca5fb96003005b93145b24dabc815e025e3a9887c41277b
BUY,0.001,5000,1729398524,Yes,0x35fbb16d6cb991dd1889c29d6c9b5bacd75f80ea24f4b17103170ad41e09f1ae
BUY,0.001,600,1729375731,Yes,0x361741024603c9153f26738867e7bb6ee1bc1a1126009b3efbaa80910a9dd1de
SELL,0.999,7.44,1729368558,No,0xc6de8fbbbb606630f29cf021618e33746f05fd6f2c5a7b7bf796c0daf054ab47
BUY,0.001,4500,1729366172,Yes,0xbf574829c575d30f4b8f8b1a696fe415a6b9212c981d6ee345f2788b5a6fda91
BUY,0.001,10000,1729364698,Yes,0xa9497ce915d5e1ac76697bf5ca9ecdd232e27b2f711d2bbfad523870e633a978
BUY,0.001,12000,1729364658,Yes,0x56bdab48ca34fac671f78c26f1d87e8c8b3dda5529409c9a3e96747bf9e1328a
BUY,0.001,5,1729356412,Yes,0x36529ea95f2a32fcfdf4e9885ae165c9e1fa02c238187e25169a00cd98d44573
BUY,0.001,5,1729356100,Yes,0x20e4bf01facf9e772c09b5f078666b6a2e7da613a50101daa4fc86b110bfb542
BUY,0.001,5,1729355726,Yes,0xbc16542c8e47b977fcefca11dffd288b8db8d70cbdba50701cfc4d70b15bbb6d
BUY,0.001,5,1729355478,Yes,0xdf71b66a94c0955cc73862266d51441538504bd53e5528e48d42232df38973d5
BUY,0.001,5,1729355198,Yes,0xa15d36cad3b4aaf8401bf83e72bd87324efd20b409338fae5a2b05ab1f61bd23
BUY,0.001,5,1729354886,Yes,0x134a776f81a1be8def281d7abf660e5284b885deff8660755b7b14b74b27a6a0
BUY,0.001,5,1729354544,Yes,0x762aec48aea8de7fee50ef46fccd982a609b67c1c1261ab17f9e4a9c216d9687
BUY,0.001,5,1729354230,Yes,0x8685789a8523d656fb49d3b68a97a86a09904b118da78734d565562db9366b3d
BUY,0.001,5,1729353922,Yes,0xb2eeef40329638c44095e7397dbe4d2a45e2ecd810c45171c5d2eef250b87f4c
BUY,0.001,122,1729353914,Yes,0x6908c232b8740032b025d4182b6567ea3cb3ff6bebb65d67da4a514291563418
BUY,0.001,5,1729353630,Yes,0xea1020f204af00e317ed2d641381e7cd7312df4844407e1597f241a78995d49e
BUY,0.001,5,1729353292,Yes,0x1ecbf71699fbf645aeacfb2ce9e14ab48908ef31caa2fc72d54767212132bd04
BUY,0.001,5,1729352078,Yes,0x84c2b077195935d2d1e991589a98dd3f23993c6e9106dfbdb9eec884e0019881
BUY,0.001,5,1729351784,Yes,0x72f1047c0a73509f3ba26a74aa58c4348abf0ea2430aa256ab42df6999acdca2
BUY,0.001,55,1729351686,Yes,0x070e0b3b2dfc515917ef7bbed3b9b9cb8e27aaa605f9c02f62d42559bca8b1c5
BUY,0.001,5,1729351500,Yes,0x4b44799aa6616046f920fe901c9044078e90f6cfffad273f16e8b5f961cb1f27
BUY,0.001,5,1729351168,Yes,0xec0975c4d25f3a06df471a72abaf3c94fdd5f170643ed47eec9016856f216e49
BUY,0.001,5,1729350622,Yes,0x2b7a322984167ca1b615a8398e9afe0f0e448c9514b94cc06353ffab75043868
BUY,0.001,5,1729350304,Yes,0x87f9148ff19c9de3d7934272e9d9c32c3eb70a39009f4a47658c2642067ee7e1
BUY,0.001,5,1729350030,Yes,0x8ced39d0592ad7c92f4ab275bc9fd7b90b78a4909d940a529f5f74f7f6fa38f0
BUY,0.001,5,1729349718,Yes,0x8b1a6b2140a17f0b315511383ec4de1ee49717a9724a1918f82fd668cb52cb8f
BUY,0.001,100,1729349392,Yes,0x6d0f6a2b56b7e1979b834d748d3ddc23b1f8242d5f738ca30a72e0e317321923
BUY,0.001,5,1729349312,Yes,0x49e7a16e9549fb3f3d37aaf03877e56fef2880849d21f7317293492399c5cdf2
BUY,0.001,5,1729349026,Yes,0x3fdc78d7c27e9186cff0029f71b2fe158f7276b396df992cf666b9500e29832c
BUY,0.001,5,1729348764,Yes,0xdc6d7b9318fef3123bbffa378677c45a161cf767858880f287030666204229b9
BUY,0.001,5,1729348364,Yes,0xb2f2f638e5102b77c57974e98ba21ab3869ede8edb6587bca9ff2469b9a7d167
BUY,0.001,5,1729347536,Yes,0x4ff47a5f0cb5e6df8ea3879c0c1118810076d61972a00799ac900abeb4090a29
BUY,0.001,5,1729347137,Yes,0xafdbdabb2203937f8867728af63386643077b8a7263901d5249c248f63561586
BUY,0.001,5,1729346822,Yes,0x3a6bbcc1f06afede5f923935d15b27722b92836f5a3cfffb6b1fd38c07585641
SELL,0.999,32.03,1729346204,No,0x47c7ff04411d1588fd1d1a7b8151e05a0e9e3da96bc9ebe0fe0d9b86835a9a30
BUY,0.001,5,1729346186,Yes,0x93753063555aa661dee2ea4edd3a63895f5ab574566b2f32fd123a3a0042a671
SELL,0.999,27.02,1729345960,No,0x9be8eef3c146ab38446b9b63e592b77b2fa869d7ce37a45933e0a3e35ae666b0
SELL,0.999,13.01,1729345820,No,0xc0acd5318a301ee3f260fb259c3556139bab004e51dd0936dcc825a653dc1400
BUY,0.001,5,1729345728,Yes,0xe5a36f05a3ae6b5398b8f5deaa8cb40bd1a8926c65732a96fc7b965f1c0c37bb
SELL,0.999,24.02,1729345650,No,0x6ce91e68c43936ac867ff7f199a83596f85f97861726346a4891dab3899410e4
BUY,0.001,5,1729345354,Yes,0xf5560d2dbc6f62b53c186ea0b3e574395e44da55bfa6d888907fc9d1333bcd12
BUY,0.001,5,1729345052,Yes,0x441c67f2bc56ccf3d18039b0a4a54fd3acc0ca4ea6c8ccd62afa5fd07fca4eae
BUY,0.001,99,1729344810,Yes,0xb56d52d48822fd74f57eef7eaa6dac87172d06b4388e2eb2e638e7052649e944
BUY,0.001,5,1729344722,Yes,0xe41709f1c234398e1620a8a818e41811d099caa85a2b5f1abf4d5e333051bcef
BUY,0.001,5,1729344420,Yes,0x4a3ba622d6901c9e070e2a23a853a151caa2808e55c4dfdf29800a3d3dcf2dd6
BUY,0.001,5,1729344094,Yes,0x17028cdfaaf206074836858f5bad98d4dc025a292d702d3ff313a4b1fc1fe55a
BUY,0.001,5,1729343790,Yes,0xaef096051dc6fd827c4b7117f42b987d76a191537ac77c338876e7acb9496129
BUY,0.001,5,1729343398,Yes,0x4ae8701517c5b944117a82fd71af9b60bcef644a67035cd8f289d19c3c375c84
BUY,0.001,300,1729343338,Yes,0x8afb7afed7b6f35e547f3a4af5bfbbf248a05cf9cdc09caff70a47dd501befe7
BUY,0.001,5,1729343052,Yes,0x2edb2869c489eb9fc15c42de020956aa5b2959f605852320dcccc5d6023a473d
BUY,0.001,5,1729342636,Yes,0x059bdf4e92f5052b5f1667a1522e76b44a5aeecf11c6abff3329568c8108b798
BUY,0.001,100,1729342334,Yes,0x786a226f1ef37b963da6b311e9b6c674f93fa9457b145116a59fc5d735e2f81a
BUY,0.001,5,1729342136,Yes,0x6d5e3ddb3fbd10746a989fcdb86b1965174c3e4cfdc21916f636036f5c72cfc7
BUY,0.001,5000,1729341672,Yes,0x2eeaa1f66df374ede3a2d58ef7fea3f5f192ba2597e1e961079da1727aa36db0
BUY,0.001,5,1729341646,Yes,0x1a736ccf3021dbef80503e3984d058a8b1c4f96dc9165778c2ee64f9db5d67db
BUY,0.001,5,1729341196,Yes,0x3a70a4fceccb30760f7f34e95c2b69546d6d996e697d4e55f77d988ff655ac37
BUY,0.001,5,1729340786,Yes,0xaf8831ba030c6a2948d06a8ce4085bf3a508a6cef9a23b8b636e9f05763490df
SELL,0.999,32.03,1729340650,No,0x053ab45a5a38fe8c0972f3a98bb5ab81556520f81d7f46f4c8dfb3031f1cee07
BUY,0.001,5,1729340494,Yes,0x7b79c4c3a41ef6ab1cb3ae4414841ef8f1e484188932910aa29f8fb070daa0b9
BUY,0.001,5,1729340166,Yes,0x14c66886ee294da22a12f3beaaa1b9e85283b40c4028350fc289295e1acfd215
SELL,0.999,32.03,1729339850,No,0x1afd4bb0854a6a9ddab9126f3cc10b7fbb35278749d77e2bb63db9bf5efdc8d2
SELL,0.999,10.03,1729337322,No,0xb1d5defd58bda61b0ac7278060b35ca1e36359b04115f4599c4141bc78194523
BUY,0.001,5,1729336794,Yes,0x4959b5246886ab95b4649d896355a1220f43e2f11adceb8d2f07731573a08b3f
BUY,0.001,10,1729336620,Yes,0xb9d74fd1aa11686a60988d97c2bcd1f0623c8867fdc59d19aeaf0e1eddb1353e
BUY,0.001,5,1729336474,Yes,0x135b8c3a18cc36a0d945b2c4dc4598478a263f939ed92fef8bc0e6716b7b6040
BUY,0.001,5,1729336042,Yes,0x1d1bee806fb80e36b30764340cdb4cfeab97a232426a849d22460a13af5b7fc2
BUY,0.001,5,1729335434,Yes,0xc8fe7901a468fbee4fab6f8a1f641edec7ca9f3a7e7bd7aa189e5245fefceffc
BUY,0.001,5,1729335114,Yes,0x9aa733b98020119322a7b827110b4528d20728c32077c359f0bfc965875dd754
BUY,0.001,5,1729334746,Yes,0xbcfb9c3cb54543873513930ae5d0b13f88760e313b2d0b6b9728445839cdebf8
BUY,0.001,5,1729334248,Yes,0x57d07c94e968d5c6e1ae20585bb0c7677a398ec07d72351889b6786468c770a9
BUY,0.001,5,1729333878,Yes,0xec0654392483fa46ee3b96cd13dc35c1dbe84df2c7da072d4972937b68e7ee68
BUY,0.001,5,1729333520,Yes,0x4b1f8b086f08fa3845b30583e6ad634bfdace4363091dee504dd36b4b30ca1e8
BUY,0.001,5,1729333228,Yes,0x2b8e14f7050dce2fc25eab08e65d4a9995ee06e749c8d7a6e755b70db1c2094b
BUY,0.001,5,1729332956,Yes,0x79dae157a01e0e9f34796f6dc42f7fa5aea590acfef3e155e91521bd450241c9
BUY,0.001,5,1729332690,Yes,0x2c9711fb36c609f98a8cd1d43ec33c704c473e5c0b6fde6c7ecff126ea9b8ce1
BUY,0.001,10,1729332654,Yes,0xb317dd8009fba8dadacb7d2804dc30bcd91a560239845747fd9086da8d9d7599
BUY,0.001,5,1729332398,Yes,0xd923b4ad9748871a5ea1f4f520173772ed9410337309e0600939c143531e42eb
BUY,0.001,5,1729331698,Yes,0x49981fee8e935496829b5dc7cd802ba1c81a3c9de35b8ea3ff50045151ba2728
BUY,0.001,5,1729331358,Yes,0x333f814d9a15c3cd64265913516fa9d3ce716346cc6f98e8e4751329429dc5b1
BUY,0.001,5,1729330782,Yes,0xfd832872dd6f3500617a6b9ba4daeb7b602797de00b43779c34ac2e8a5b54ff4
BUY,0.001,5,1729330320,Yes,0xa3e2422fb4bcf12bf3c947e578d86e9c44f83c23f786bc9bb6b471d64f8e103f
BUY,0.001,5,1729329852,Yes,0x22ed5a476559ec232af91fef094616ce2b2efa8aca519810c9c93e050388d3cd
BUY,0.001,1000,1729329846,Yes,0xa84a2ec048074db0641a2cd8a98b1cde581670bb8c3a019e982782568ed81721
BUY,0.001,5,1729329596,Yes,0x44d163a7761172612dab27af8449d5edb606b0c72aab12e0f638c144ea618e6f
SELL,0.999,80.08,1729329576,No,0xf3c4b30300df3644382d44c521775c7a745a41fbdf0a8be0520fef5cbd611e51
BUY,0.001,5,1729329284,Yes,0x2a75002fb3c7f3c5b422557c9234be7aafb5657efa42f01e5ffdf0ff7338a941
SELL,0.999,75.07,1729329270,No,0x802ade261665f49e53d1604849b3ee97bd2cfb1acb6580a2b949f8742e6bd4b4
BUY,0.001,5,1729329004,Yes,0x173d815cd7530c69c68a7be8f908070050e05dc60b417d42eb6ee78f879f3146
SELL,0.999,92.09,1729328916,No,0x698e4042a2cfad5c2db81c0cdfa1c66a8a46e95f2717c0f5ffe653cea420a75a
SELL,0.999,60.06,1729328524,No,0xd35107d21063920964324c14e63a0521724b2e531dbc69fcc0cfd5b1b4d23cb5
SELL,0.999,50.05,1729328056,No,0xe695e3d4058b0badded5749a18a3ce60f19644ab8e6396d61509351847643496
BUY,0.001,5,1729327330,Yes,0x864764dfb70384dc361e8991e60d8b03c05e1a177027131c741a9d6526842d6d
SELL,0.999,80.08,1729326910,No,0x125ff8f3658acc5d047a03c7495e42d10249c1faa69aceea8ec1e1cfa1678a3e
BUY,0.001,5,1729326668,Yes,0x821423fc8cca044aa9f974b7cdac8a3f3db6871bce826b90e8c9cd0a42d76cc7
SELL,0.999,40.04,1729326464,No,0xa4c56dbfcc7064522b84a7df40a375b006e9c3123fa08881c5d178db34ed8687
SELL,0.999,88.08,1729325262,No,0xb9ed4053a433328041feb9d0dfb558f1d7bfe424d65922a93565d08b19cc3773
BUY,0.001,10,1729325052,Yes,0x80ed7f60a3ea01570614fb6f42e2f822de83a0e96130ef2c9043b3fe6e0fab75
BUY,0.001,5,1729324868,Yes,0x1d803ac106614895b28302ca2790dfdfb64e90d3be688b30a92688a3b67cd625
BUY,0.001,5,1729324458,Yes,0xffdd9d1f118714eddac7dbe7fba5a06a773a4c2847c7df2b75bce301162e9dd6
BUY,0.001,5,1729324106,Yes,0x591efdc44be76ee015c3d1652bec9f1fa459cd8698cd2e26beb4c69ca80ec103
SELL,0.999,50.05,1729324104,No,0xd7c039581a473036b4d19ea09a264884258b36d2ea9fe475677ac0ee017dcb28
BUY,0.001,5,1729323150,Yes,0xf390b4cadd3620bc99a5e887e672b82c701c47a75ce7c9449dcae05a02625e91
BUY,0.001,5,1729322770,Yes,0x97487eda6c031b46d0b70ef3a264e64ad871acf4d8dec6254edc5bbb4062c31b
SELL,0.999,14.01,1729322284,No,0x48968faddb9cb8f21160713284180412acf5b7ba52362ff9912351bbf53f9f5f
BUY,0.001,5,1729322282,Yes,0x56c784cdddabe9b97043873d9d8f8bc0be74fc3a2ce214f2a61415af39f9f9c2
SELL,0.999,20.02,1729322116,No,0x442dd77d3d27f90f08239b477520442dd248fb4723b43f3c6c3241a8f471ef93
SELL,0.999,27.02,1729321846,No,0x7f77ca3b76b7bcce964923e1f72bf3cc4c6804d9c18230a49a1b026e5a3fa32c
BUY,0.001,35000,1729321676,Yes,0x4d30e5ba3ccf968023de9196b28572cba7cf968d6dc188b64aceb2396528cde5
SELL,0.999,20.02,1729321254,No,0xdb0f635fd81539098f0ee7769479c57d4ee819c365209d0f96a5696efe14d5ce
BUY,0.001,5,1729321002,Yes,0x876cf826a94f53eac1ea6a5c5e2bd96d92b24300ab6d1cba5250573b034f8f55
SELL,0.999,24.02,1729320914,No,0x1198dd8dd6d5e08100c5befa2f45833198190d26d38542c3332a780cc8e85be8
BUY,0.001,5,1729320698,Yes,0x84101898aba691e371d6fa6ef7d9dbe589f02eef0de1e1fdc8ffbbdc376407f3
BUY,0.001,5,1729320354,Yes,0x218aac3eaf1a78fe290d9ecae142ac45c4206e95cd6fd8df3f656c5d044581f0
BUY,0.001,5,1729319650,Yes,0xc0d7a7c43177141829b2a78fcf31ceed93a166fe7b26a91a3aeb65c51c1649ef
SELL,0.999,16.01,1729319628,No,0xa02333f20daf45ba32e5a50ca28d01836be34d76704fc9569dfe6919806a99b9
BUY,0.001,5,1729319222,Yes,0x3aa8c4e921a0fccd8e8c893801d2e2caab81303dd7056bba841b224463b98ce4
BUY,0.001,5,1729318858,Yes,0x5f462336999ed01e2b8275d1f38675bcdf18dfcbb7ea585fd5830e27b8a0f973
BUY,0.001,5,1729318476,Yes,0xf38303bd8bd7b8cfb3d11ab60aa3e94e62c9e71d413fc71154d318716e5df0f1
BUY,0.001,5,1729317770,Yes,0x3bcee862a7e6eafc5551bb8112123344ca957690249bba034bef0ab3c29f0fb1
BUY,0.001,10000,1729317298,Yes,0x23b08a2ade337aa3e45b1b86071fea2103eb8b017ddcaa52289ff336de2b5e5c
SELL,0.999,40.04,1729314360,No,0x68e48a87cc9077e7d06b6a5de3d15a1fcc2d20e9246b2104da5e78673a2a34ce
SELL,0.999,60.06,1729312468,No,0x7a853d186094063491dce64c9df1669a5333e1b50e45f95de59d7eab7c5d8a39
SELL,0.999,12.01,1729311599,No,0x0b9e8fe7f91264a8ff6014e83babcd46eb2b5b0e4bd70f77280b674c584cbc49
BUY,0.001,3000,1729311183,Yes,0xcb53b5f76c138d1b5b48a356da06a672fbcd443f52f8996e2fc2117342555d82
SELL,0.999,2.91,1729310000,No,0x1d5c8e79e6685323777a7128c1fa648f92c140936a2deef6055513c0240affb5
SELL,0.999,22.02,1729309874,No,0x4ece0ebc198b09fd6bcb1066111ff681118b8480740e916995395f97489b30df
SELL,0.999,17.01,1729309710,No,0x5ae0d1ebc5dd230bca1cc0be2b0593b07d501d02690d48cffc053165e5f313f0
SELL,0.999,18.01,1729309582,No,0x706c6c1ffd5db68f0b9457c7c167f0132d69abfe92c2fd371e035f6e71073e85
BUY,0.001,10,1729308552,Yes,0x7ac35ebfcd618b8405fa50256c4e5d5366b643927706c6b0e504bb1040bc476d
SELL,0.999,17.6,1729307918,No,0x4df0190674cdbdf730d091217647c8d52b7042eabf7253e44937da3ee8403eaf
SELL,0.999,9.11,1729307532,No,0x61108914a06fc2ca652f2e527df3f15623d7bbedc78d3fad63d5493d79671b6e
BUY,0.001,10,1729306709,Yes,0x67444a7d36b75f339b61114e715cb6e51842c3fefae7013987294af729fc3d86
SELL,0.999,17.01,1729300841,No,0x7298ac8030287a58aceee8b52ad2e1ff2edd41ef3a98c49195abbf6a78a66942
SELL,0.999,20.02,1729300463,No,0x807b92bdc726defc557c2df2be0f7a1a2e81306f91804871ee73d2a79a6b1cb3
BUY,0.001,1200,1729298371,Yes,0x192b45167e4d46f21bfe43b291ff311be3549c0970d6b400dc5c5620a2e1ad12
BUY,0.001,1100,1729297756,Yes,0x0fa57b5a22900298161b8baaf06b7b5ee52169f420884119dbff7d02c9aae0cd
BUY,0.001,1000,1729297213,Yes,0x5cf5b8a93ecca7312fbd1dfe1486e0763aafd2529e912dcb14e7dcc44e92b719
BUY,0.001,5330,1729282727,Yes,0x5a44328dc471735b113bfcb4874b892218615c5b6d69a254e8bdad4399626a87
BUY,0.001,10000,1729275029,Yes,0x88281c28e28137f96802f67c9303a9596ac21b1bc84c742dabda495d2e5e0afc
BUY,0.001,5000,1729274469,Yes,0x1c9db0e4bd7aaa24f78996e4f6a652fbbb6ccfc2df868d6c56d951e3943fbb0b
BUY,0.001,770,1729271077,Yes,0xa17468e5b4bbb23464fede4447b3cb75104c4281b405c4c43275565a23aa3711
BUY,0.001,5,1729270267,Yes,0x2dfa836018c4223bb15f750d034597697c1b3e534985972c5d6e80c4e79246d3
BUY,0.001,5,1729269851,Yes,0xa019bb27b0a36f7155d16da3f2635898463c591a390d1b42b80e673cb42ee367
BUY,0.001,5,1729269525,Yes,0x0b43693268b9a1a569f66f360cd66b60e7733b1874c33050a26ed88a50ee0fb5
BUY,0.001,5,1729269177,Yes,0x02a771156c6f3131715db0673fabee41ef2d18b5ce197a61580e9242d94b7911
BUY,0.001,5,1729268791,Yes,0x9ce31f3b31baa5bbaf8ad3d82bbd9fa7d72c62e1d02033523cd08d0f8b6ac99a
BUY,0.001,5,1729268375,Yes,0xb69ea3244a1939d361391bee182de1ed42a96f4066d5043339a037266dca394e
SELL,0.999,5,1729268139,No,0xa80709208c98f528384034a9bad95d5e4be327fcf3171814867330646bdfd8aa
BUY,0.001,5,1729267989,Yes,0x66a37d855d32fa4ab2383b438364ac79713576cfd7a575624afab1c3499f58b4
BUY,0.001,5,1729267667,Yes,0x258b9a74f164b2cc83c4535591adc4b73bcb801f609546b3cd2dcd4033e9e7c5
BUY,0.001,5,1729267313,Yes,0x0fae48d6f4d13e15c21576f459bf99069613b87bd937b2c70768752e2bc829c4
BUY,0.001,5,1729266981,Yes,0x096942984d6eabb1c6acbe7ff92473c2e908da8853be6f475089badf43c972ef
BUY,0.001,5,1729266555,Yes,0xf3f854e6f603b1447fe28f897a7450c9d9a0d0c9b02b5652913a29a5116ab378
BUY,0.001,5,1729266225,Yes,0xf171fd977a9bb47175f4413b17072e831e9e42d5783f8991ce1339450db47bd8
BUY,0.001,5,1729265846,Yes,0x5afbc39cd2bc634dad4a1fa291892b7e0c2b3762dbb15f13bb8d23efd2877b7c
BUY,0.001,2000,1729265544,Yes,0x85e7611a6277cd892ed8923a9dfb54d8c5116186167eaa1b025980a74c82a1dc
BUY,0.001,5,1729265466,Yes,0x6e1ef52c828c409aa326d1d1de9cf6fa88441b79628725c441674b9a7d48d8b0
BUY,0.001,200,1729265272,Yes,0x9e524b63a45b74fad79b1edd45a4c30af072e9c46e3ac61756ecadfc9c478731
BUY,0.001,5,1729264956,Yes,0x552c72c4dcefaa535b871eec51e272001a95ae673a9546b653651026bcc87fdd
BUY,0.001,10000,1729264472,Yes,0xaed827692a2c693861b1b4887e3f14df5a1472338bf515ac30f66df9eae7c7f8
BUY,0.001,5,1729264250,Yes,0x922a960b814c460b6bd1e2b4c94469d3d08dffe846cbae9e9eabbfe1810248ad
BUY,0.001,500,1729263828,Yes,0x51fdfe7be5c32c02ddfa5b401d87dfc5dd59460d7ee6e6abcec50ddad0bfbd1f
BUY,0.001,5,1729263502,Yes,0x19a53d7216ffbba57f1be63ce36efcbd226d02d3d1674becb0e32d4acc54025f
BUY,0.001,5,1729262634,Yes,0xd4f6464a9d9817d6472cd989bcfe72e002765609789a7202e620ab6c045dcd74
BUY,0.001,5,1729262272,Yes,0x5dcee51366eca98400f1da2aa75c603f78033bf019c10844bd90065a26218878
BUY,0.001,5,1729261862,Yes,0x2d264d31f733b85050e0eb75f44aff88849997c5224c536327b1b306b223e99a
BUY,0.001,5,1729261276,Yes,0xcc8387b2ffdeb83760528cddae218f05ebf92fc349ef6e32ec2cc83f9ad44e14
BUY,0.001,5,1729260912,Yes,0x4dbeee8109d0cac4cded98db4b9a958aaf1635c386bb0adaa4482ec505d0c52e
BUY,0.001,5,1729260574,Yes,0xb766c9c5c07a7cc4b5ebcdddf89ad29b0e61c16202d8cd7721bf53bff6b28663
BUY,0.001,5,1729260268,Yes,0x4c702efcdc8b8f93627e85cc3d8dabb6e483d835b6c60569be5678fb279fb86c
BUY,0.001,5,1729259910,Yes,0x4606c7067947453b7109713fe2ba0cf34461c85b2efd39a0c28e2ffb44470820
BUY,0.001,5,1729259614,Yes,0x2041170f4e92e9acec009417ef8516f0e226276bfd2eef636ce356931ec3e128
BUY,0.001,5,1729259316,Yes,0x83d0b30a399d2472e2f138dbd78d16f8f9acda10db1e98f23b54f6de1ff2757c
BUY,0.001,5,1729258924,Yes,0xbd8e64e54cb41c0de2685584905c14a52f96271a0177bc114840436dcd99bac0
BUY,0.001,5,1729258462,Yes,0x9319832fa8fb7dd469ea7c76753be256701e3dc9e9a3d89755d43107bcc8ac90
BUY,0.001,5,1729257972,Yes,0x7cfe8942dcfa3a6c62414bd03b5c04da948f3e93432963d3f43bbf0bdda696af
BUY,0.001,5,1729257540,Yes,0x5f7282bea27c7d31888d6adf4404eae31736b4e0251c5cafaa7f0a84f7352206
SELL,0.999,5.63,1729257432,No,0x350525562a97594c4901699432a468d5e0d670952e9f6db1e88dccdbce9b34d4
BUY,0.001,5,1729257006,Yes,0xcb5de865e2270f3756d80e08833776ad31e01e5770975fed184a01c45ef6ff27
SELL,0.999,6.07,1729256067,No,0xa3bbcadfedf2324ba2bb7009fd2e648a787fcce66b1a9db66882b4c9c47e9647
BUY,0.001,5,1729255885,Yes,0x12f819240cff214c1697b01586e2dde1fdbed33b2aaab029273ba3c15a623937
BUY,0.001,5000,1729255873,Yes,0xf7ab6466ba852d76f92043499bcaec5566d77c3994a91b3703c55767cff2d04d
BUY,0.001,5,1729255152,Yes,0x530767eaf2f172fdead24e8f778455c266647d04c367b7268d0ea155ec39cd85
SELL,0.999,10.52,1729251480,No,0x995396a9da476ad747d4c4b34ab3c200eec4cf0ba67d06257f155449d5627825
BUY,0.001,8,1729249968,Yes,0xe35f944f4dbbdcbbe5384d808b14ffc861f7c5227aef231ae346afdafc9a382e
SELL,0.999,9.51,1729249618,No,0x6eae8cd1827e20812b34c19ff035d2779024a22d3d7fc32549ed20efea7f8d49
BUY,0.001,9,1729248950,Yes,0xdc64ffc9c5102d6dfd0cf8bd6c6f07504d57b406eab79dcd1d19ac32e6c528bc
BUY,0.001,10,1729247707,Yes,0x8941ab9dc7ef7a58913261a9d59367ab31a2133c0e43e24fd8215b708b39800f
BUY,0.001,1000,1729246747,Yes,0x97b0657e838ae27c7e31ec2c069edeff00872ee175de7a80c602d47bdcbedddd
BUY,0.001,5,1729243809,Yes,0xa9d9a65658d86f94a63db04125618d253f63e51bfd3ba0e291038568b5d13162
BUY,0.001,1000,1729243427,Yes,0x686484b9ab60e121e715b0436a2fc23368269e33dea8a7b90ad28d086c100442
BUY,0.001,5,1729243337,Yes,0x4940f49f55a795f3a6338e2ffb939074988b84c513e57ba538bb49f69b31d3bf
BUY,0.001,10000,1729243141,Yes,0xe14dae8173180b213e8550edb60f58f76c686036b27f5627dd53963196e5ba2b
SELL,0.999,6.41,1729242642,No,0x3e980c9079c51017cb6b7126b8e20efc27550ffdd637209364c3599988da1c88
BUY,0.001,5,1729242082,Yes,0xe6731bf3c40a2802d2a9a2c55450447b305f833d547e5a11be1bf0f7237d4a85
BUY,0.001,7,1729241832,Yes,0xcf26bc01662e5896ef9e6cabb4a32d299a005c1e3835f5a1b267f13290bcbb14
BUY,0.001,5,1729241718,Yes,0xdbe7b77946f4cb6f8f315a7024120b8fe99ec5fc9d1de7ae0604384846835c51
BUY,0.001,1000,1729241372,Yes,0xe03f691d50a24c6f5c12de4d398a1a4de07ff0f6cc1b6ef923000b1f311c16d0
BUY,0.001,5,1729241354,Yes,0x3c3bf88397a6e4973ead9acd82cd9d295eb7e608213c090d53f5e822f6c62898
BUY,0.001,5,1729240896,Yes,0xc1266d157acf85e6857134c6184f79cc75649894c4b57bf23cc4744746aeb569
BUY,0.001,5,1729240496,Yes,0x17936d2ab0a35b96566b0bf493424519530375f88f1015f03e3f4437a2fe5876
BUY,0.001,1000,1729240100,Yes,0x5c62a7bea82d14a786d836cf63bce0a919f6ae117c9ab1e32eead70b832e3816
BUY,0.001,5,1729240100,Yes,0x8004e2a0bad555cdac3b123f7498a312ad23d04e0b3fd2e8d05db8b6b4c562dd
SELL,0.999,3.65,1729239826,No,0x82815a1d2187396e995271031be056bcd2502c2c11e508a728554b5bcb150dfe
BUY,0.001,5,1729239804,Yes,0xfdeafffab472e58440efa38bb91a75ff88c9e002a25e33239fe279d090eb4c33
BUY,0.001,5,1729238659,Yes,0xdd811db3539f6b13fc03426f01bd082f137041f26caf1e512e1ff0fc68b3200c
BUY,0.001,5,1729238276,Yes,0x1655b4b0624f80631316c10017927815f7f785e3384c3da778f3f45dff7033cb
BUY,0.001,5,1729237767,Yes,0xfc54e02fdf170516b4fa13d6d6bb66515d9c9642edb3f243ed55b04b6bc2f42f
BUY,0.001,5,1729237240,Yes,0x295985dfe05e4ec4592db49f83f79fb4e0dd90de00acc641a8626abe3c002e75
BUY,0.001,5,1729236664,Yes,0xd224ad9501797eee7c9b86c9570d222118fc614ef94b4bb4354a68d7aed30dcc
BUY,0.001,5,1729236144,Yes,0x1ae1e8269a032eadeae3c441fcc870fa046131f8d1a834555e1fa5e26c3fe2fe
BUY,0.001,5,1729235666,Yes,0x73f140eb818ab3572a2d018290ce671ab5da646eb0309eeae01d81061b65a115
BUY,0.001,10,1729235154,Yes,0xca5e22e699f1d796b438c2ef38b52c5e95315a0249c772a89e3ffc19ccfa93a9
BUY,0.001,5,1729235060,Yes,0x81d6b4a6f323c0fcfa81e3098eeab328be82fa558cbe26cf10a5fddf65a26a94
BUY,0.001,10000,1729234856,Yes,0xfc077ae6d84c64a51b246fe0372cda8a0ad2aff69f4c7ecf8fdc403552613c3d
BUY,0.001,1000,1729234824,Yes,0xd404617a6bf3a591d8562a77f4be61cb362dc7cf9c4fad785282788999473c8d
BUY,0.001,8,1729234392,Yes,0xcdadfd135cb6e9be5b5e270a92070e2cf522e75b70c726a996a9581180ed8ea1
SELL,0.999,304.3,1729234378,No,0x8dde229e62c6bfc64acae09f6f3c8e4a88273d533ad401f4f0300a96cc6dfb1d
SELL,0.999,40.04,1729234290,No,0x3909513483cdf13dc4241945ab5a95b5d4990b751d677365174013f55d4a5413
BUY,0.001,5,1729234168,Yes,0xe0fe2bb3b0d1b1365f0714e3f9e96044b0a76552334934b2323c51e31b1c2c8c
BUY,0.001,5,1729232681,Yes,0x4fdae3bfc02b9f4f8c27c4ab98199e9e7ef8c19eac55d60228d3cbf4e47ae276
SELL,0.999,18.01,1729232335,No,0xc0b90d6164651df81711b3d31aa064a008390c830d840b3cc20e69d34dd50c90
BUY,0.001,5,1729232329,Yes,0x1ee5f5a4d5f8f3a2585d65f379721740556e63d30863ae8de7613a9d4758a416
BUY,0.001,5,1729232237,Yes,0x15e65d7634d45680f19267cef4aa0e4cfebede5cf8d9eb4924e64a821a66f5b0
SELL,0.999,10.82,1729232101,No,0x3e5f852bc780b571cf89cab5d4b778ccfdcc35e0922788a2303137fffa73d312
BUY,0.001,5,1729231861,Yes,0x8e214a14365c522b1e54e007a9e67749f7a84b70158fa424f4a7d182ba5795a1
SELL,0.999,28.02,1729231605,No,0x1750ed85be3cb8f5b9c4e5febeee602522d406a666732e0166bf84380cb3c36b
BUY,0.001,5,1729231347,Yes,0xdf4cef40de9bc9a01386e62d530c8d51709b07c5f25ad71cc70092227c452feb
SELL,0.999,19.51,1729230919,No,0xf2f316679c568b8e245abbe5b524b815eaf145164ee8912578595460b4b2a6e1
BUY,0.001,5,1729230825,Yes,0x21b70f1b7af8693e01723649f696539cdbc2207224902585420c0798a87c2458
SELL,0.999,25.02,1729230235,No,0x813b526085925115fe2c4337650fd4a4b892770dadf4787073485167a89e140c
BUY,0.001,5,1729230157,Yes,0xc3dcc2b50b4f00892ff2f96b81f16fe1e7bba4039e466c0df76b4f93612f5090
BUY,0.001,5,1729229649,Yes,0xe67a5af2b29309b5323b4914788fc81bb1a43f103b1b7a8bf613f0a7ceef7238
BUY,0.001,5,1729229271,Yes,0xc10c296ac649fbfadf3c9180732af27d3f363dcbab2015e7ff649d7ec356bb73
BUY,0.001,5,1729228905,Yes,0x281b2f1cd6847597b91cb06a8a1c86262fa77be70404fc529feb4cfe55aee673
BUY,0.001,5,1729228505,Yes,0x57a240aaf32636fb45f00761b4e4368a333c3cd9331b1669931481dc5ca2fd59
SELL,0.999,40.35,1729228359,No,0x571122b0785608f88e5049d75d04e01c450a0d6ccd9f500e1a636f2b63826a54
BUY,0.001,5,1729228131,Yes,0x465218c0f2ade07b133c9e14dc495a3b73b556285093655cd46fa574efe89d98
BUY,0.001,200,1729227009,Yes,0x308120e95932485c5f2a395751dc6aadfcfbb560d3c5ddd811ef8558ef668273
BUY,0.001,30000,1729226673,Yes,0x487ff79baa481c860eedf9b67d1da7e6a84cdb18fbffce4750aed192f65caf7f
SELL,0.999,8.21,1729226031,No,0x2099762e02c5269b627b865c34064b8546c514a460a2e919dc7acf801c2956d9
BUY,0.001,8,1729225407,Yes,0x626b5c2d01681fdd2e0b8f7ade8f030ec45632dd2b93f674c04d1338ac2ccf7c
BUY,0.001,5,1729225081,Yes,0xc759658850358f2e13ad63c6c70e22d91a0c65ebc79c77c7f0a7f29d73977d77
BUY,0.001,5,1729224739,Yes,0x127f6196107124718e188850bc091f9ffc8694a6011ee10ee050b17aed8e7626
SELL,0.999,20.02,1729223926,No,0x9710bbbe1ed9e275942fcda56f25abb71e512cb1708878b25b829a4d7ffc0d15
SELL,0.999,19.01,1729222556,No,0x579a370b8a5ad096e8e60b6092fb0964b14ed037c028bbd4991d9357397355c9
SELL,0.999,82.08,1729221108,No,0x5af271a3d9107c5c897f88de822f488a95eb2208c7c3a9094fd8de12ed07ebe4
SELL,0.999,16.01,1729221036,No,0x5e34fb39773b61089c47265549d29df3aaa4bda9bed7dd152085c266119234f2
SELL,0.999,20.02,1729220772,No,0x2ff0bc64c602c250b072e38cabc0a1b507bf49dc0d2217cbd0eb33497f60b81f
BUY,0.001,7,1729218924,Yes,0x472b05f93f0c2ce6e9439f77ae9d637407fc6455052debc4a87c97edbf8daadf
BUY,0.001,7,1729216920,Yes,0x6ad91e8a03ed1ffe0ab979757c2aca72f3fbf6363ba113b31173d9f04c52c043
SELL,0.999,25.82,1729215081,No,0xddd983e88dc445bda0a8a8d5e67a505080a8aabce3780d220fbf25bd2020882f
SELL,0.999,30.03,1729214012,No,0x0150415308aa847c00f68653b2b737bf9d0899736f1bbcf536cd652017efed34
BUY,0.001,5000,1729212558,Yes,0x9446c56467a9f610ea78e06e3afabd768a6a43be8053ac0c0353bb9a03283653
SELL,0.999,89.08,1729212500,No,0x329635dd60e62178bcc8b00f51f8684489e3fdf87f6609fdc12ae0539d1254c5
SELL,0.999,13.01,1729212119,No,0x7733cc83cdf769a0178c325930acd819a3839a9ded70a74f8210764b52997487
SELL,0.999,21.02,1729211790,No,0x283a3a420dd3ffe87fe5a48eac2d63fbce6664d99f1e8dc28384a4ca168196b3
SELL,0.999,27.02,1729210088,No,0x32b9ea69c8a0d6fc239db783d63469a8f8058ddd1c06e156a1ddb177e423aa37
BUY,0.001,9,1729209542,Yes,0xfa077483d7c08d95005fe90e0534ce24482b05f49c3cd47c7db440de6233dd2a
SELL,0.999,26.02,1729208179,No,0xf6226b882e9f4244fb410f283be64740bfe3855b8328343d26b16e49cd50ce0e
BUY,0.001,7,1729207519,Yes,0x4708070320c30de037cc7611ced74eaf6a0dab46ff68210fda3c9e1ac149993e
BUY,0.001,6,1729202771,Yes,0x39d2127eabff561f475318373ac1d8a31ea485ad6d91b071e29b31a0bd17dd4e
BUY,0.001,5,1729196378,Yes,0x12f1c4ca3abb376f39aa6e50a348f02b9542972beb05c17c879ae456a36cda6a
BUY,0.001,10,1729194860,Yes,0x4f769ebe8773d514f4e32c1ec02afdb95d61ef6d6e472d1599b9d3147cc08703
BUY,0.001,20,1729194784,Yes,0xf8c4563a85e299f5e23ff062d804d8418b8710c5957d4b4348fef203ccd89747
SELL,0.999,10.01,1729192028,No,0x7bb96dfe0f1ff653ec62da32c1724ee9cd0932545f0f1cfcd504fda6434f2e07
BUY,0.001,9,1729190595,Yes,0xf190e7a3f2cf294d2069a4e5ce31c8815663c8d2e134ec01c497224f4ac87ef6
BUY,0.001,5,1729186001,Yes,0x00b7e215ffc13db0792a12ee105c10a32e4819eeb4de9c34d2fc27cc7b22e858
BUY,0.001,5,1729185531,Yes,0x238346647622b83e7c023a3f254874ad015511d67f865a260b50f9d370b481dd
BUY,0.001,10000,1729184871,Yes,0xee6c718d5c1374e0976c69f7955395acd62d3f276c324c22869866663d233cad
BUY,0.001,5,1729184195,Yes,0x45633600622c59918e3a1d82663a5191d40c26fabf114645ce083e7010ef7d5e
BUY,0.001,2222,1729183955,Yes,0xd374ce24cdb08932ff274693c50484fdb055060bb0eba60a8356848f8408474f
BUY,0.001,5,1729183753,Yes,0x96d5048e46188ad10086e4a6afcf36e528d59fe4b76a38cb6b83e3a9fac404b1
BUY,0.001,5,1729183275,Yes,0x453f5a4a0ee6e57e10dd420c9e178a1ba874084eddbac01d09890d0850506c6f
BUY,0.001,5,1729182743,Yes,0x848df7a4c2cf7610f15acd5d4d1d599279e9355a070825f0e5d7946b30f7fedd
BUY,0.001,5,1729182229,Yes,0x19dc5122d878a4d12bd27f47b78552e597caadd95213ed604c840bb1ba09beee
BUY,0.001,5,1729181737,Yes,0x873fbdb5d2d49f2f13bf76a96498818313245e01f1db919260c142c987157153
BUY,0.001,5,1729181315,Yes,0xacf8a2c407508ab386d0bf2bc8710d0357a80f5d9248194647222c18e666217e
BUY,0.001,5,1729180857,Yes,0x27205c1be3bdfbd09c14ff7de7c1d63e6bcc46c810318fc2aaee6e61348aa464
BUY,0.001,5,1729179817,Yes,0x9f08b43226a9db99e0a007cff6092c53c2cd7449e6d7cc1a84bd5a0aaef50c69
BUY,0.001,5,1729179061,Yes,0x152541b476947122eb89e2842271f36d47403a526c2405942fefcfa65f5b7bd7
BUY,0.001,5,1729178899,Yes,0x8b8ce3a145759575cd62db3e7fcf81de32d3579e4a42d203840669a89af471f2
SELL,0.999,50.05,1729178619,No,0xe0995fb3b401f68e16147d482b575bd9757fb82a66124ec009a8e2a984621184
BUY,0.001,5,1729178579,Yes,0x711c838a86bdeaca9ccfcf71df194693e6d5f38bf2ae2c627e5084b3f0c2fdda
BUY,0.001,5,1729178051,Yes,0x90499675b0d9e5acaec30d7d82091c56af78e84f4b8d8932cc3ad1dca7dc412e
BUY,0.001,5,1729177350,Yes,0x04acfd54008d235ef58fb74a012459de33ef3543a29c575794f7828496dae679
SELL,0.999,50.05,1729176917,No,0xc0b48f74b899b9d5e793f227070e02158c9d238c68180c2b4aeb63cd25df6ef8
BUY,0.001,5,1729176769,Yes,0xc1cc367718f39f786c92a67906dda08790daf6f252d44a3d05c94d429917e4e5
SELL,0.999,10.02,1729176729,No,0xd6fc8450e19314ef0230280936b721c389b5132604d4bb82b2730a80e3158e30
SELL,0.999,2.2,1729176657,No,0x4f4b59a19cc9d7484ecb3010dfd3b327bb3ab244a4deccf13b6fd38c8fa79a4c
SELL,0.999,10.94,1729176627,No,0x0e960bb0b0e4e78b761dc48092dff2025612395bc0098f1fe30162776c104cec
SELL,0.999,9.22,1729176391,No,0x5074f8421e1ba6655a77ec4e503ac4d635a0e2f9099d495198ac1cf63cb6b494
BUY,0.001,5,1729176313,Yes,0x226f64846ddec30bc764a3e311d4ed0237b6ce2e8d30ec7201085f736a4ae25e
BUY,0.001,1200,1729176239,Yes,0x61081d87eb9160a3f0814a58bf033ac147c2b9ea19dec1f2e61f1a879750f605
SELL,0.999,1.87,1729176201,No,0xbfe647b2aa83a66bad9f0077de6e5b9ee9190e345ebb9c2c6981b9c2e1d4d6f1
SELL,0.999,50.05,1729176145,No,0xda716e8056e060de197930cd2ecac2d4316892854325b6067eba700169a9ecaf
BUY,0.001,7,1729175411,Yes,0xd13a9874916642c4c6113aae2dcff863ae941c27757bddcdab6250163a5d6365
SELL,0.999,10.01,1729175349,No,0x67d8101fcc0af0e2b9641b24abc2f2579fdd1865c13ee949fa329563b6df1cd7
SELL,0.999,27.02,1729174323,No,0x4c7cb534e8b76fe1f075ad4cd5f19f8f6c05ced1bf391d4bc7db18a5bbce7038
BUY,0.001,1000,1729174013,Yes,0xead7ff8d8e58e182bc91aeda6c45821031d21deb072be5ee7012ae0eccbbcfc1
SELL,0.999,15.01,1729173629,No,0xf671f4f40877d40d7ce64d5208e62588b5adb5bd6652b4420b27273c08cb5fb1
BUY,0.001,5,1729172248,Yes,0xbdd688337724e5c72acbb076e9e34cd510a7d90c808c9169b0042b183cf9d838
SELL,0.999,2.76,1729172210,No,0x629c83b10cdbf4f9b2647b329a6a18615fb2c7312c1bd513c33f668dc271b97a
BUY,0.001,6,1729170472,Yes,0x49ac924d2f99dc168158ae3ac967b77c9e3e042d0be8e2ed454d89195a4b6846
BUY,0.001,40.98,1729170124,Yes,0xe4c861b945d6620f9e4215e0170a13ecb5360b2898b8001755acbfe01fc697cb
BUY,0.001,44444,1729169758,Yes,0x885bd73846bb38e8751438b5bb6938a7dbc14a6e6fb54f24fe2e9e319c1e2093
BUY,0.001,225222,1729169742,Yes,0xf78350ec3433ee7638dd2b9bc1d0a92607bbeef89cdbad518064511ad1afc4d5
SELL,0.999,19.01,1729169292,No,0x9e9193383022eb936fdec8beb598ff6207e4acab8af32f40c56ec7c308522bbb
BUY,0.001,5,1729169198,Yes,0x4f87da2d255ed799cfa8f8b2ca3b4ebbf4953e6fa15158f09dc5d087ba8a13db
SELL,0.999,19.01,1729169092,No,0x9584a22374900e258e703c9bd6f0e87d37b53f56bcdbb3adfea8f9b9fd2a5385
SELL,0.999,19.01,1729168954,No,0x002f032eda76e4619a09a2621b73da98ab7d4d2220217ffabd26d57f1a5a12ce
BUY,0.001,5,1729168874,Yes,0xddd682e5af17d847a38829292d6137366572cf95ed5e34a1c74716d2c54e8350
BUY,0.001,5,1729168592,Yes,0xb5967451cb711c8dba6e25404d14a6be6ef49e0c0abf848c37ea4b0aec58418a
BUY,0.001,5,1729168512,Yes,0x743e2f6b7911644cd848cbf225c35b91fbfb02573a5d8ab2cea9785a0de48dc0
SELL,0.999,0.11,1729167972,No,0xbbe702c9756c0f8c5c3a5a67021cf10f877b0e1d2fb408eb89fb99407f77dbf2
BUY,0.001,63,1729167630,Yes,0x0a08b706c156b0f2c71e3fd1f0cd97b907da592f4cb55064fd5f100d850b9fbf
BUY,0.001,5,1729167220,Yes,0xe743bc98961d47c57300cb74fa1545359711d6259be1b01e3fc6904e4cfe7f10
BUY,0.001,5,1729166876,Yes,0xf697a4b752cefaf46d8d59d8d945fe984fabe4645fd7ebd0d959c61568265e25
BUY,0.001,5,1729166376,Yes,0xfa14e5571eefc1500273f908233ec8ba71b428ad61856dfe37d66b10b6ea7960
BUY,0.001,500000,1729166136,Yes,0x7c0450ce93e57c8fdcbee1bcb3fea07fb3ddf79215947fce6e7cf50cb640025a
BUY,0.001,5,1729166046,Yes,0x84beaf45ec553295835c7991d42b816ea4a3e34106a6091dd6fc77b513da1c94
BUY,0.001,5,1729165400,Yes,0x2c520bfa15c54c218dd9aec409e4693127d9155bee588a8a8343d1c5e8da5690
BUY,0.001,5,1729164942,Yes,0x3ff483852f7ed5412bd42884e07f4230316001a87388122df960c99c556e2758
BUY,0.001,5,1729163870,Yes,0x37992896ae1b0ac172c9dcc6cba7b50961aebc4f5505f70fe6325ffa381d549c
BUY,0.001,5,1729163584,Yes,0xc6e07b1ff158ab419f81fcddf9dd3cc02606ccd40522677dc2b823aa26998e45
BUY,0.001,5,1729163530,Yes,0xb332892ce0aa8ce48b85788fd62d35c5160d3af7773a2f5cbc02e822b5801b62
BUY,0.001,5,1729163184,Yes,0x1d4b72c0b4cf3d84dddaebf4306c694846a71c545a5b14ffbcce7892c5f835fb
BUY,0.001,1000,1729163072,Yes,0xf6c4ea6bba7fcbfb2c7b98871db5da452cce968515df7d95f18d8b5614f00a6c
BUY,0.001,5,1729162854,Yes,0xdb840130196bae5ad77813ee56269e3cad2841168ab0919291100939ef440d3a
BUY,0.001,5,1729161506,Yes,0x80e1330af25293db19314af3528e2bb12e2aa7db7af2c980f5071c71ea12e25d
BUY,0.001,6,1729160284,Yes,0x14f0c7b43766f99584c7642576c2d470aade951acaaa5d692ae96c3d65175615
BUY,0.001,5,1729160201,Yes,0xe794d731a813f019c14c0e3bb7fc84a49c8fd95824a78ee639c0ec15e6604adb
BUY,0.001,5,1729159276,Yes,0xa31eb4b2865226fd4ab6746cdc486806574a011de27daa6695d4a8385b57e7de
BUY,0.001,5,1729158954,Yes,0xb7dbea469e38c7cafc7e01fb84fa3839de6038f5b54babbcfe488e8c64dea5c2
BUY,0.001,5,1729158658,Yes,0x7c918ab6a1f58a5ec06a3e55eb5f055bc1e582128e1ca64f1cc3710999e80bfc
BUY,0.001,5,1729158344,Yes,0x7ace072f8872b136b1a5210a0428a23e2202d7047298f2f9f6322dbe605fc88f
BUY,0.001,5,1729158052,Yes,0x01aeca9fdb896109f86c63494d4247ea84139e052d3f30ba0281e61d99912cad
BUY,0.001,5,1729157712,Yes,0xe626f0308fb48ad78df08b2f870fee4a18b0b5e78f62d6aefa3f13367776fa9a
BUY,0.001,5,1729157376,Yes,0xcb1860bc955a94a2378e67e9194296668c71d7dcbc3e3b97c9cf8e5b1d1af25c
BUY,0.001,5,1729157046,Yes,0xa3db7b68793bba6e969b16e26b3c3c5f0ac6797d4b96123f7dbb2ea29ef30b3a
BUY,0.001,5,1729156764,Yes,0xcee0168d865895552ba287892f846be5c9bf53f0c44eb3b935a6bf879f109efa
SELL,0.999,2.89,1729156624,No,0x37b83816279c00c18ac41311ba89bf5d8baa268ac1173328c3249bdb49991e5d
BUY,0.001,5,1729156482,Yes,0x9ff1cb7cf57c03eb58820de2fab43ed876227a9a5c94c4b316168985de2eb9ae
BUY,0.001,5,1729156140,Yes,0x6435c8a7cf36afb1882516a39d6f5e21de7104fbc5538826f4d6905cc72b4504
BUY,0.001,5,1729155742,Yes,0xc53d7d23a00cb6a3cf2d43b09938e17f15a085fce5802903d76d09ab4da180c4
BUY,0.001,5,1729155686,Yes,0x2adc2b114db4cb9bc0de00e42edd6fe648362860e05555b5044f294990d455ca
BUY,0.001,5,1729155322,Yes,0xd49bf7a5baa2a0c0412c6910415fa1e399347d5129cb3980b6afbee7e68a8bc2
SELL,0.999,10.01,1729155198,No,0x55abc6be4409ee1b93cc6377e60b1a5872931546ed189e8ad6d089c9034edb89
BUY,0.001,5,1729155054,Yes,0x8b130c788f3c84272108eb6fab4c7c44ec40ea27116e52a15be6409a56d02b85
BUY,0.001,5,1729154544,Yes,0x58d78b551027c71a05c7ffe030918e9bf4e3d18c615b0050573d8c7cdfaabe4d
SELL,0.999,1.9100000000000001,1729154282,No,0xbf69fa0eaa5f4bdc542fa01f022b6f48567fc527fc916d52f3e3ee27c52db41e
BUY,0.001,5,1729154216,Yes,0xae0bbd24f4790bf97b8933633c882cccff0936d100fc86a0046e985e08aa78d9
BUY,0.001,5,1729153966,Yes,0xfc71ba05672a3f76b82153b8a8f22ad529bc9e4ef9b76f3f49cdf0b0387c5c68
BUY,0.001,5,1729153694,Yes,0x4e8e962e3f6d2caa5b8220a233d1d8ecfca4b131a7bcae0656e55a605217a82a
SELL,0.999,5,1729153490,No,0x78cb708c33cc1b5542d33652cef29be5c7cd6779e3d058ee0e0f70ddfd2b677f
BUY,0.001,5,1729153386,Yes,0xc5ade8b7f2ec1ed2757b5e1d045e3699cc684508584ebdd566d567aa733161ac
SELL,0.999,4,1729153254,No,0x36372101016f171c45be4f853330630df934608d8c06adb2f32df1444ff51a35
SELL,0.999,6.2,1729153064,No,0x29e77697ef0d8b21f75547460d6fc75cffeed0902b2684b4e6a34e5d903cebd3
BUY,0.001,5,1729153056,Yes,0x1084e1bb94a3a0fa39b2fa13fbe2adced69c07c60664fe617cbf7a2f2801373b
SELL,0.999,5.4,1729152874,No,0x6d96c7b844cd876321ad069fabe0361764000a7915d2be7a049cba6737d87c08
SELL,0.999,4,1729152754,No,0x4c5dd30c4ee71f992ad16bc2f3e7cdd3f2049844f60f1cfc7a693ab6f06180c9
SELL,0.999,3,1729151596,No,0x603ac275b5c8ce9629bdc9a413e89d2a5ec50d1f7ec9a606b08f514c4ef2f536
SELL,0.999,3,1729151386,No,0x4496953001e990472853aa66b48acf419ab6e543b854feabbc48a82877eecddf
SELL,0.999,5,1729150687,No,0x79838305235d4b178bad69ff50214b0d73eafe09cb0dc7e9129b04558489f18b
SELL,0.999,5.5,1729150507,No,0x2a1e368fd6e460782a520916768fc399e54ed94cb6db423e138f134931a7d4f0
SELL,0.999,3,1729149779,No,0x947f94eb9e8da23252a5125068950e8d92f666f14710e617a1f57a8ce50166eb
SELL,0.999,77.07,1729149631,No,0x9af89356bca75e6347aecd435670f5d234f4a9f1b54c4b33028891b8b03609d9
SELL,0.999,5,1729149619,No,0xf8c7e32c1fd53ffa8d2c8ec83c81fb03085ba92058b5b36e1c92dab92722b9a6
SELL,0.999,4,1729149455,No,0x8ead47afbe82a46e24f8c2aafdfb5b38f13bcf05942e3473a5fc53200b35d818
SELL,0.999,78.07,1729149233,No,0xa5aca4060c82348114181358d348ebb062b218c02f516af17c61ac01b07c1d1c
SELL,0.999,11.01,1729149229,No,0x03a7c501b109ba8294f4a52c3b7007a47450e78309ae241f9ffe46e00b7ce8fe
SELL,0.999,3,1729148785,No,0x12e45d5ebdc96f5bfd4d6751ee4a9dcbf0ffff543eac01b6a747a08e90eb9857
SELL,0.999,5,1729148551,No,0xcd7a8ccc978519ca633bf2d7d4ba8c4a9873b46a63faddbb5447a0d8ff25c70b
SELL,0.999,4,1729148119,No,0x76069c9577707d385ec294b55c63f6de056e1c4f629d580c96e992835ad51a07
SELL,0.999,4,1729147867,No,0x7e112acd646f8e1cca9b7da774433130ece75ab2cb27da47d5e7ad87f1700e53
SELL,0.999,4,1729147535,No,0x1e69a4807b5d1ac6fb965d5d45c45d48792bc4dfba86d50f9cc1c6346c0b2b99
SELL,0.999,82.08,1729147327,No,0xfdd5db7edbd388536f28bb082c0730b45e1167c8bf5fcad0466599858e3ebc07
SELL,0.999,5,1729146867,No,0x8f9a38e4e1997a9e21d5441aa99776b6fbd8eacbd259c18eb11da0566aedfa8b
SELL,0.999,4,1729146269,No,0xb0bb5f4755da03c973b5acc9048185908e282181dd67af3f95f68a6b7b8cd2f5
SELL,0.999,5,1729145945,No,0x55c5c89149a5655091840bbb421408008f5457e7d866bf907459069408175f58
SELL,0.999,4,1729145251,No,0xb3ac6f633a17114356cf0bc3df36c58384fc4e5bb3edd8cedcf77fea1bafaafd
SELL,0.999,7,1729145063,No,0x2324ec57071f471365777d4a4c69c3f29dce8b9d32991c693be2acda71763e59
BUY,0.001,12,1729144995,Yes,0x1983ae4581e90d59ce2832e1942a6d5feb77f830275e685bec49d89cf063b583
SELL,0.999,4,1729144855,No,0x78767045779c22377767a49703c4a9ee385fbaffbc82ec7254ed744c5a1bdf2f
SELL,0.999,78.07,1729141267,No,0xc03252a0e8a79494306fe4cbad46211da683028c4256c33939d8bcf398236f4b
BUY,0.001,16,1729141265,Yes,0xa3b9f6c0bf89ed5fe5ea42f60ff3a95caa489c10fec535da635a2896371ec93f
SELL,0.999,1.3,1729140038,No,0xbc25875e4ce45509829c3442db8686cb072a5bcd90f1bce3241f6020c1a700a8
SELL,0.999,1.34,1729138906,No,0x07f5b938c4225ebd7e376ef56cda6d3f0bb9eaa3e013c5e7143188704bc8bcaa
SELL,0.999,18.27,1729137546,No,0x3b850ab1730c11870c5002c5b323f038abe43f6042cb139d8872be577ef1e1a6
SELL,0.999,18.01,1729137110,No,0xfaf06e844f21ede9abd8d74880f6eb32b996c6d957cebacb46f9d4005e57a0a2
BUY,0.001,1000,1729136712,Yes,0x150626e459550532ee1d585428cef9d2178d74e7b6b5ea59f25061f615086da0
SELL,0.999,18.01,1729136500,No,0x48e01423f6e25beb03e769a9f08b5b8beac74b3c2d7aedfe80e1bdf68e6ff47d
BUY,0.001,15,1729136412,Yes,0x2de61a768670bc00386ec366ccbea98a210ed8c4da8c47ea00c430f0ccfbae65
BUY,0.001,18,1729135624,Yes,0x85a9a74067e805ddc5d8f5c399b896227d5217439b6c75a13149be6f3e91a879
SELL,0.999,70.07,1729135608,No,0xad7f8e1f13dd6826967713191150bb3108c62e2ba310963fd0c989a533ffc800
SELL,0.999,2.26,1729134904,No,0x97e1ea9617bffe7684cff156f59f02afb3932c5f30cc082c1e437b92f1192e40
SELL,0.999,7,1729134600,No,0x60566d3a337c97f6800fda89f8ccf63363379b2810e71addd60f3303971d1551
BUY,0.001,17,1729134426,Yes,0x349a126fc21ec5c4da7cd1c60cb7fd6f3c0969a3c7774c3f61a1f05bc1f44e1e
SELL,0.999,12.84,1729134402,No,0x947b13bafaa66713a6892dfd2f404b5e08feff0278d7fe7ed51a4841228517b5
SELL,0.999,29.86,1729133681,No,0xc583018267fa41f26d95de56a552ba22ead22b07e59f9b655d5bf67e3b464a61
SELL,0.999,2,1729133351,No,0x99463925f85357d71913d87fa98270c193e77df6cca6a66f162049ef113b9eef
BUY,0.001,13,1729132606,Yes,0x3a99a2ccd98e4384b92a74edd36bbe7fa44ae4501f66a357de3dab39c075ff44
SELL,0.999,60.06,1729132554,No,0xd8a4ea05ff5e2c976b3bfb95c0188684e6d31dcd75f9837efc3acf45770e12a7
SELL,0.999,16.01,1729128336,No,0x036603f96b1012fed64cfce1d74487e52d0cd337676302ab2b6a093eb47f150f
SELL,0.999,20.02,1729126972,No,0xd02c531a63e4367c7a50f812fe6fa95a785864c39f43b0191e96f90e9b3f4ffb
SELL,0.999,21.02,1729126133,No,0xc6cec904b95580570e576299c6648116d63811fd2e52df153265911f96defd1d
SELL,0.999,20.02,1729126007,No,0x3be3040ba1c517c53064299967a828125119556970fb13eb3e6b00683dc186ee
BUY,0.001,11,1729124166,Yes,0xd19b1b8e40a5a7d831c8a7e3abaabccee3fece8ce0e397250358428e5d31132d
SELL,0.999,2,1729117541,No,0xfee780121b2dbfb47e5e9d2d45671fe44cf8405ca167c8229c12d343997a9f13
BUY,0.001,13,1729117417,Yes,0x7d31afe6a08f58ed097b8e329cad61ba3366b090767b954b2db118033ae1b2d2
BUY,0.001,11,1729116529,Yes,0xaf75593950573af463f233555220ccefb50608f5952e0101bc4aff18e7c63084
BUY,0.001,6,1729116143,Yes,0xecb67547d8fcebd3fbe733a2275e537d99c1975649cc8eb9b64ab271958227b5
BUY,0.001,7,1729113955,Yes,0x05cb57b80d98e0b871b209e9915c6946998418a4569659ca3eed66fd63a6725a
BUY,0.001,2340,1729110020,Yes,0x3d870701e1472485b9487292edbc45875b8b7191faba3dd93a3dde8f8a1a2ae8
BUY,0.001,25445,1729109790,Yes,0x1689c8d32acf7a80d9b07811dd40950fc8f6a494e457b4c8de18d1d053eddfe5
SELL,0.999,97.09,1729104222,No,0xde2b41502163f325cda1c5dfe7d7a7a51a1f5694befc86f06ee580471c208ac9
BUY,0.001,5,1729096055,Yes,0xb6075d90821045361c9d469b50af418342d300d65eb78dee3f33008c9bbcd3d4
BUY,0.001,5,1729095645,Yes,0x7b01c574b0dbdf45bc362fa5b2fb883b68894c43771f1229a6d331719c71008d
BUY,0.001,5,1729095305,Yes,0xec99e835c8eb6a847e5ab71463fa6f6b88fee64d60d95426e2d77721b96fd7e6
BUY,0.001,5,1729094377,Yes,0x80bf4b1aec4319e6b6c224fbedb06ae5cc4fbee729b82948ad11158cb8e29810
BUY,0.001,5,1729094043,Yes,0xfdf2143d65798a9b31440a43fecb3e3dada77807230492b33a3a5a739ce6f681
BUY,0.001,5,1729093659,Yes,0xc8728502cd3e73a3bae9cd0afb07012a5b504d666977232f0c2a251a09b85982
BUY,0.001,5,1729093149,Yes,0xa8067f0d93cd98812c80e904870f732b52bd162e95a17ab7cf4caa9ce11e58a3
BUY,0.001,5,1729092627,Yes,0x9d1adef0ac12a53e51306b6cb4fada98c7bfd0cd55d09207b5e1785cff62b95e
BUY,0.001,5,1729092257,Yes,0x7c3efc95d5dd8303714960765a1a93ee2db7049223029460285f1dabdbf8eaa7
BUY,0.001,1000,1729092139,Yes,0x31eb01d5c3d7475528e00173475bf1b1edcdb8246ff0fb802443bdc2b4a0b490
BUY,0.001,5,1729091597,Yes,0x6884ce2dbc2529878469fa6bd7f75ec872b4af49a6462bf401ba0bdd153357c4
BUY,0.001,5,1729091231,Yes,0x4579e895587efca1b396c5d0087a9123dea09fd334eb6aef9a1392769745fad8
BUY,0.001,5,1729090693,Yes,0x13d133525722ea94230614db77a26f5e739f8a425cd91e3d039ec0ab377eded8
BUY,0.001,5,1729089731,Yes,0x18e94ee9624d6deb705530d599d3e10c225996c80cbcb330ed1666aeb03d7b02
BUY,0.001,5,1729089367,Yes,0x57aba5d3999f76de53eb8befce74701fc2b04b7608e6044ff680a51af2ef9787
BUY,0.001,5,1729089009,Yes,0x3c0b8121700ad5c788511a11a2db5e1581c998221e210d83b28adc7c164ca684
BUY,0.001,1000,1729088769,Yes,0x8efd197b730b3ecbd4ca6c0516def32a6dbdf40d91196ba29444b2e6a4859786
BUY,0.001,5,1729088613,Yes,0xba0491c3bf66212c942d80a289d593d6da6e2c9da950913af10ed927329db7a2
BUY,0.001,5,1729088261,Yes,0x4c33bf342ee3156a684a7deaec757eae0d799782d4c2e075ff9fff014ca8d3ac
BUY,0.001,5,1729087919,Yes,0xae892affb794480a1bf184d057f495c3d982338fa174deb21312a65ae90ea541
BUY,0.001,5,1729087493,Yes,0xd6296fd3810546ff07874d7b20f3c0d520227fe4747cb179de042a642652e485
BUY,0.001,5,1729087063,Yes,0x1b99266ce4416cf47a46ac7f8096e320b64e767eb455843cb1fa46eba86af3a8
SELL,0.999,12.01,1729086323,No,0x8cedb74d25dfc44a70420c6e41120f0e9cda9902e541fe7985a03137e0ee7f6c
BUY,0.001,2180,1729085804,Yes,0x08592d552123b7ddda81bc7046c5e0bd216a1e1de298840e040993017e4ba2aa
BUY,0.001,5,1729085446,Yes,0x6f2157e6194ee90be93684175faf5c92bfc23f48fb59c29468bac9c6de9af203
BUY,0.001,18,1729085338,Yes,0xb173ba3bc855a9eb2380a9a3c65d085110b6f6e0e18f3e0796c0817639ff9da6
SELL,0.999,1.7,1729085180,No,0xd03c2d356ffd70b462d59c35e41beed90268c86a521f93babb225c482234e307
BUY,0.001,5,1729085090,Yes,0x81faf95021e3ec00bfbdd6b546d5722b829ff6f538f000b6869a58ef35040ec1
BUY,0.001,5,1729084602,Yes,0x3206082bbf55e2b1ca03186ed29901384af6895e8a4d84b0b24f5ea34a85300f
BUY,0.001,5,1729084230,Yes,0x9289dc7c6cf1e3f703a7ce4f7786f0119ac6e7620a8d7bf34ffcaae726b8185d
BUY,0.001,5,1729083812,Yes,0x621a61d8801357999ea7a3d43e18dee2ffd74edac11bf147e52014a5ef85a44f
BUY,0.001,5,1729083202,Yes,0x1804242b5aed3b8bb36950b5b18ca2a8ff0ee44d18efb8b05eb9608560d59c77
SELL,0.999,22.02,1729083106,No,0xf3b58c7bc26553f95ff6eeeb438b2c0b5a3175bf3bdbf210fc1bc0fd08f25d1d
BUY,0.001,5,1729082892,Yes,0x937008d2f31f35bb2c66c7dbff789f3b56d5c96caf1e98ad482dedceb33fbd14
SELL,0.999,15.01,1729082712,No,0x7ef55ff0ab548a986ad2f3fb35ab3ddbdd99d8546102989698c6d8c360c20199
SELL,0.999,17.01,1729082512,No,0xa4d53df7325e0b9153795e1f5b5d9dd6e467844c4303d344b2da7f5b0751fc72
BUY,0.001,5000,1729082468,Yes,0xfff98ecdc7ca7e14c57145d7b3b233354f715eec4dea5a1d5b72219fb205fdc4
SELL,0.999,3,1729082246,No,0x0244c5adc52ffeaacc3c0db149a1c3dced3dfdf639189cecb28195932b31e70f
BUY,0.001,20000,1729082182,Yes,0xfe512ea7a4d9aad3c6d6d7a042e655b6be0c19b09287f8ef44f5618ccc2a8cb5
SELL,0.999,5,1729082104,No,0x50cb9a96b3191b6ca25625af88233ec503f4512d88c42ad3eb25cd4a92df7d17
BUY,0.001,8,1729082036,Yes,0x3b27cc22dbf9fe8b100a043e5915dfce9adddd27756dbc34edd439e3c62f88b6
SELL,0.999,75.07,1729081950,No,0xde8d0b822eeee44ced7ad56cbf6e8822237a9c8b2133718a4c94b919c091e13e
SELL,0.999,4,1729081950,No,0xd8fdb50754002ce95eb9a392471e5d843239804d5885704a0435454ee8555f89
BUY,0.001,5,1729081686,Yes,0x279a3ee3c722517f17881f6973564e5890fed1255a9d631cbc2bd20f0ff52b6f
SELL,0.999,20.02,1729080914,No,0xe3b88106ce9cc885350a4dea87a1947ecede17949017ccb24539253f794a4f76
BUY,0.001,5,1729080140,Yes,0xd45afea6265e60c403b6bb0ddf8e37d631c76bfc7ac49303a417bb2490b65731
BUY,0.001,5,1729079840,Yes,0x0af0009e2b190cf907d525fa1f256d1f686146da459722fb08e8d129d49c15b4
SELL,0.999,20.02,1729079760,No,0x8aa3d5a6b5df61f14ea66058acd7c0a6f8de0823a8de54a250cbb636f4263fa2
BUY,0.001,5,1729079576,Yes,0x12af1887f12ef9f20a5ef6d41244da75f62d296c8459537d346e10eebf8ec272
SELL,0.999,17.01,1729077912,No,0xb5cf53d9f1f8bef7c7ddd078e5b2b9240d086e835579023d5ad360375194ef5a
BUY,0.001,5,1729077828,Yes,0x9d6df2e0e6e287263c20730b150793034e6780dff83eb9b4035ba068e90255b8
SELL,0.999,3,1729077472,No,0x6109e409da7015b402180ace781b386dfacf18e312d44f52b1944123a6e471cb
BUY,0.001,5,1729077422,Yes,0xd71718bbc8281d17b8f460b0348bd52a464af7ae50e593053fdb5ce6e0d81a92
BUY,0.001,5,1729077034,Yes,0xd8186e12c414e20364bcb75551335d127cbb6e223df48241ad8c8f80726fdde1
SELL,0.999,4.4,1729076942,No,0xc9a83f9580f71bf0ee2d0f1a759bc025ce2d6746cc2ec4429fe159e737dacfff
BUY,0.001,5,1729076840,Yes,0xc56390698c4b8c16b545977b815d44cfc919dd9cc0b000338e1a1346800936e6
BUY,0.001,6,1729076646,Yes,0x7371c158a9fff197dd4c7965429d8d0fa74f7fe8eabd56e1168bf43097301072
BUY,0.001,5,1729076466,Yes,0x7740c5f4fa010d1170bbcd447be81bfa192fe5d6b16441c0a070e4cc567da03d
BUY,0.001,5,1729075378,Yes,0x26aee3c2c53c935cbb3d6c6e2627823ddf2cf99054f02fb9c6be1d3759b04115
BUY,0.001,5,1729075216,Yes,0xd5d463767a195c9bcbc5a9792df1113e4eb767b290b367be0f75462412f92791
BUY,0.001,5,1729075132,Yes,0xdec6115ef984165ce4a7290e627b25ffb3c040ad436bfbf19f377baa23f87f62
BUY,0.001,5,1729074952,Yes,0xdcd22f0164e3d0f6876d86de4842324cdf979b17885d8bf1e45ddd8b1b2dcb90
BUY,0.001,5,1729074944,Yes,0xbae597cadcefa6428367d422084bf9a99f5ee0471cca8f458f5f39c93f68c983
BUY,0.001,5,1729074794,Yes,0x358cfd5bbda06dbd37add031ba1f5c10271acb6ebd633c9556ad4d735b89ed09
BUY,0.001,5,1729074496,Yes,0x4d91f4fc653ef0aacad942825bee87654fb0847a2d3de740da16d1503e07d9a3
BUY,0.001,5,1729074442,Yes,0x9f1c0779ed67aa54ff7fc1084cf62c8ca2dbc0966427877062f03079b29b9b6c
BUY,0.001,5,1729074324,Yes,0x3bb440f0cc9c0b38e91db3f6f509b44123920e08b33ea82c64a938af891df770
BUY,0.001,5,1729074130,Yes,0x4cab8b0a133db2730e38e737637f872e3fbbcc19d9766895831a73baef99a664
BUY,0.001,5,1729074108,Yes,0x7cbdd6aec13c518d6753251a9b833747530eccbbb0be7f0074a20d2f2bf3a499
BUY,0.001,5,1729073908,Yes,0xda70dc01645dd8b8db7c71b3862465888367f874c7f9d8c15deabad138d72341
BUY,0.001,5,1729073810,Yes,0x9f299b1affed0b0b6cc128cd65e9b6ee7be54b34cb48b52b24123549dd6fd813
BUY,0.001,5,1729073586,Yes,0xa035bdb5696535fe6e207c2668c1a7dc4a2ed8b4b270c19304e93bdd23509eb8
BUY,0.001,5,1729073508,Yes,0xaea33e3cdd8639612f2be1be9f1b41b90d5e6842b143604af04511e929df03e0
BUY,0.001,5,1729073368,Yes,0x0a76de9b732e01d34f81f2abacf555a319ef3b74f0e0e87fa88d0e6dd5a86db4
BUY,0.001,5,1729073192,Yes,0xb874327e9faea340e16467d356376926e42e7c5f82aad9342f3a5237d3deba03
BUY,0.001,5,1729073042,Yes,0xe616a4271f1bf6ad12d2cce4a2a6212f60148a942301cc4a0e46fed9198ff5c0
SELL,0.999,29.5,1729072752,No,0xb6f4ba1663fc62bab345a0d022bbd24a3ee1dafa9b28baf48bdf1533577183f6
BUY,0.001,5,1729072466,Yes,0x3a21922a5bd7dcb1c9fe135bc97c0109936157f1f3fb45784de347593fc1b341
BUY,0.001,5,1729072330,Yes,0xa1c051eb26bfd4f378cbd8ae432f3548a5c3bccc900e0ac9c575ad7c3f4f9585
SELL,0.999,73.07,1729071138,No,0x08f02b6c1a772cfcfd52a85fea5e9f5a6c4ae0bcbec75abc3f6a34f9af68c81a
SELL,0.999,13.01,1729069694,No,0xa0b8068dfb7fa4562253418843f9b4df8e44197ed873486dd5274cc973a38434
BUY,0.001,5,1729068386,Yes,0xe3ebb22537103fb0808dd6082afc7693fd486e623db40886e43bd657a83d5cfd
BUY,0.001,5,1729067586,Yes,0x7688c02717ab2ab1f26734288c8223427de1e10154c7cf1f94a337020f17ce30
BUY,0.001,12,1729067554,Yes,0x4f7d2060df35b002e3fee3b6057fc20b6182a799d5143c092c7d44095643f270
SELL,0.999,7,1729067444,No,0x6508013495f7f74ff0c2d2eaa0e307f5863b9280dba7b4e92c2f13dca4c6a70d
SELL,0.999,13.01,1729066250,No,0x62375c5a1d1e6f05b32a9bd905971584c88f2be52475937f69bc276a9660818d
SELL,0.999,5,1729066212,No,0x52802f3655a1d3173adb95ff09ef6cb123d8da7871b5862fa39537c0090082e8
SELL,0.999,6,1729065968,No,0xc04d42c85ccf5a737f5b638f6ec15c8eca11a68352963d597cb6699c40de87a8
SELL,0.999,5,1729065830,No,0xbd4878d9c73dede6fbf4ce44272d5873820adef0e892fd08a56f61aa38e82f5d
BUY,0.001,14,1729065670,Yes,0x168eef3cb36ce4387043c0663d77fa99a5b37b7d7f9a2c0c2d00d61565137450
BUY,0.001,2000,1729065612,Yes,0xd66c84eb7a158efcd48c52fc385cd8558f3ec0bcf11a801c87419800fd6913a5
SELL,0.999,30.03,1729065540,No,0xcf4f644e70ce4ad49e89271da855afc9622ee5831807b130686ac33f6bd0c476
BUY,0.001,1000,1729065436,Yes,0x38df762c6b8ebcf1f7354fb54bb652e2af9b64e800c41951ea773890f3d45f66
SELL,0.999,16.01,1729064816,No,0xd536b2dff5d226066ed0796e62ceeae73cd4913d81aaaa3cdc175016dccdd1b3
SELL,0.999,5,1729064602,No,0x07a8c2fe5efa8b55bc9ba2f25b23397a9a3edfe3d9cecc1979a3ce5fc2733fb1
SELL,0.999,17.01,1729064596,No,0xc459137a97e896cf38c0b55117144802dbe7635afd26c854dd261f0c7094165a
SELL,0.999,4,1729064400,No,0xe588eef1ce9b695695bd8624a9cbe87d1f12e7afa282e7aff23d6860fb9cd2d5
SELL,0.999,3,1729064140,No,0xf93ab0fdf95416f6f7f252ade6f038102eaf1c74fa3c833ba3450b04ad8e7310
BUY,0.001,500,1729063504,Yes,0x48a9c84bd9896542997ece9b99d2d3060b1d0d07a49a0b38ec84d3f0bb73a977
BUY,0.001,100000,1729062942,Yes,0xc77b1176a883f37192a10bba4565ac0a853a7bda0f36ae7d0835722410d2ae70
SELL,0.999,2,1729062420,No,0xb0ac593f2f13def34e324f2a7ee2915dffeb34d08f90b4cac4777d772731ef94
SELL,0.999,5,1729062160,No,0x003434230d61920f8692e582597487df4bef22b1207c257954c5121744e9d2cb
SELL,0.999,4,1729061982,No,0xfbaa6e82046de98411098a25f188537dfb61f1cfd3f5df880ed81e6b8db13a0c
SELL,0.999,5,1729060998,No,0x8ee3b93b499fef9e7836ae767f570e2473b2b13c213804732d92a685592580f5
SELL,0.999,1.5,1729060850,No,0xae62c411641b09ed03bc9ecd043eb83c15e9b10a57c642290a43fbd8060e7454
SELL,0.999,6,1729060808,No,0xb50b30b3796cecc13b56c342c930ef465f4ef22f5dec987cee9ef169d5b835bd
SELL,0.999,4,1729059794,No,0x3fccf43368728e0e3ab2f1f843070d4891bc0655fe9ad13035f166d2d12e2e88
SELL,0.999,5,1729059624,No,0x019525d2d43b1a09a1f9d64b616cbcda04cd56b8f295e3a0f4ecc200f2183a4e
SELL,0.999,4,1729059354,No,0x846571daf5f892497503ee9df308c88218807ed2ff39fc560c9671f1ca3c1083
SELL,0.999,4,1729058708,No,0xf78f7126672acb2789bac84b6f7342dc2e2b63e923a2587789e99474f20383d3
BUY,0.001,19,1729057964,Yes,0x1819cdf15f0e1c00d94cb17f4209592d6232d3425d4b8f139113e82e6cf4db3a
SELL,0.999,9.51,1729057848,No,0x95482d2ea2d4cfcdf0f703b20c69f6a336d43539f1117518c8c6b37c3ee6f0e0
SELL,0.999,2.54,1729057404,No,0xa35288e5c4a38d2af917f981b4eb3116e5a0b466fc628edf1d1e7c8a75bc530e
SELL,0.999,6,1729057218,No,0x3aaefdd93077f6ca32de3e5dc3ce75c7c081c13548e11d10c81014b8f8b9a4b4
SELL,0.999,11.01,1729057048,No,0x50df0fd637c5104d1230edff22dce51fa3253ded5c17e6d8413519fd6771ab99
BUY,0.001,1000,1729055738,Yes,0x521f604c6ee38f8fff2b93243d65d560ffca5eee2dddb8dd2fc7d0013f9e7c88
SELL,0.999,10.34,1729055096,No,0x43129d7eef41594624c3d26c41112a1fff41fcd6197088079a52a67f93893ac9
SELL,0.999,1.46,1729054758,No,0xe66260c2cc98a9827011594fad6a0f66ee1c34d5c139af5257474c634a92a687
SELL,0.999,4,1729053290,No,0xb6c34df849b984b1c538e2613c7f67803f2699087c136e57b359ae11fa3cfd88
SELL,0.999,14.01,1729052784,No,0x6bd14df4359c0c584cc2c1fb791c1acc7007d869aaea6d18e8cd100f030677a2
SELL,0.999,16.01,1729052378,No,0x03998d161d9d8ea7bb1a58229b9deb3a497f7fbea7c00e614678bced0d3b7c74
BUY,0.001,5,1729051294,Yes,0x1579b8ef5b344e06ddeca6bcb6d2c40bb07dc8fb9cb75ba277ec8e0213f493be
SELL,0.999,12.01,1729051212,No,0x5169d6f676a4999963616df472864834217d78fce822214324783ab813376875
SELL,0.999,9,1729051120,No,0xab341f98bf779ccca6ec11fa3ae644b197c0b0d99d672cb13c4389432e822428
BUY,0.001,8,1729050088,Yes,0x4c2bb0325977a2b24e856daf5d2235f345833b562243ebceeef7f0c70c020256
SELL,0.999,5,1729050062,No,0xff4c16d7a7d4555fda89551b3083a7251f0a99bcd2c8dd181a6a8ea551b9421a
SELL,0.999,15.01,1729049900,No,0x1dee66553c39deff95c4813336984413d21a267d097b79122ac57d56bf077ecc
SELL,0.999,7,1729049798,No,0xcbf59116c032dcf588ae4ecb4a946b6ac36e1542726492c5fe42841f991bcc34
SELL,0.999,6,1729049578,No,0xec0d09f01d806d94e92bb271de32a69c218986e91162263925e4555a4301944f
SELL,0.999,5.1,1729049306,No,0x2259e90a9f82240a4ddd65430c5cdea5c1ba43de46adc96b782efe5493be8ebf
SELL,0.999,5,1729049216,No,0x504798428c51c27062c2ec1bd2eeed13a38f1ceb95fd496a49bb504017cac9fb
SELL,0.999,3.4,1729048838,No,0x696b2ceef9c0772257c7cd8ec2697d93896c0d8a03dd6472e55abd8eff5d9e6d
SELL,0.999,6.1,1729048382,No,0xe421f9b86b7f73037c60e5e4ea5ffc30dc928c07aa747dc5be0f4876f94eac89
SELL,0.999,3,1729048180,No,0x21e6eeeebea144a01b9afb4149fd79457edba8dbf1b976da15bf4cfd880f7bef
SELL,0.999,3.5,1729047800,No,0x1e65f2cb09c13ffeadfa2923a27491044fcda7f5ccdca509821751daeca047ab
SELL,0.999,4.4,1729047330,No,0x822234f6df988902082fde951c69482f1b9aa1c4ea0c7ea0f753f654953f9540
SELL,0.999,5.4,1729046802,No,0x6eb7ab3a360ca8e45735bfc616808b328111d618e24a7bf68a44b5d731ed0149
SELL,0.999,105.65,1729046758,No,0x06e4adbcc88a6b8a3255c35d92982c4ce8a01f59e454cd8f1925e66345383f32
SELL,0.999,18.01,1729043597,No,0xb28264df364902b8bffb5ee3b293f9216c50d1ada082a5ae9b18758a773005ca
SELL,0.999,75.07,1729043571,No,0x3f9cf3a4424f872b0e990d4779ff2c0917ecdd65ad1d48eeadccbb937743b22a
SELL,0.999,15.01,1729034192,No,0x1ef73d8ff32e85857f91cde1aff5f5658799bea39be3425a20e4444a8b4b5a58
SELL,0.999,16.01,1729033356,No,0x6dceacfa66a92f6c4b8312f08f11202786013d3d71f00f04d36c724292b99a4a
SELL,0.999,322.97,1729028060,No,0xdfb9b0580c10a9075166231aa08dada3c4d4ea71f7bb9ee47f1e0d6044eca2b7
BUY,0.001,16,1729026924,Yes,0x6c499f50be5eabf00c97f96f38699cf7365ba0cd95de3b8e692b603162581ad4
BUY,0.001,10,1729026912,Yes,0xe273363912f7d7d70cc0f61f563e429f72898ebd473bc49949f366b3a163ca32
BUY,0.001,5,1729025888,Yes,0xa373cc9a8079a3290a1bf1a3134c59744f6f2366bc2c416f5ed925335ecf3d7c
BUY,0.001,17,1729025040,Yes,0x7663faaa107fb2dad8534e845fddaff79125044bc42bd766bac8b9bffa299688
BUY,0.001,8,1729024812,Yes,0x48a1703187959c7efe8bc9855a3a0394fd45d89ae8b370a4dd7711d1ba54590a
SELL,0.999,50809.38,1729019965,No,0x3fc93fc6a79fdffc4dc9e9c448ce59bc5fe80c850d99c1f5fce0f8f50a00583f
SELL,0.999,0.23,1729018675,No,0xd797fef8ab5a9c9a1666f6341c0cd56c85bdd722b3f63aabde2e51354374fffe
BUY,0.001,15,1729017435,Yes,0x296f0b48bb70ff7f6f51cff29ed88df7c5ec9d0a0f49eb61808bd417a34ad0e5
BUY,0.001,1000,1729016844,Yes,0x87c79fab50e4808cce5bca300f92b8c29b36ff21314bc06f80abc79dd2b0d626
BUY,0.001,9,1729014365,Yes,0x13aea6294673d91155b628f9239fc7f1a5b8b053aee127011090baa3f07bf278
BUY,0.001,18,1729013182,Yes,0x2cb6f56bd60f71410458ab4ab927deb7abce81a7e6946ede580af24285cbebd9
BUY,0.001,16,1729011514,Yes,0x402ef18181a3b3f9321244356cbb1f0521bf90240b67200abfaed64a3926ef08
BUY,0.001,19,1729010710,Yes,0x3287069be8fdb529408e8353f36dc1dc54c25cab6988dd9f7da21c18e8ea7bde
BUY,0.001,9,1729010054,Yes,0x415dd93bd979ed357d47dd8ba3729bcbb15aa7c7c765b47b64a789b31f819312
BUY,0.001,5,1729009690,Yes,0x4556534d6e87ca265484844f6b2b12bd169d9b1f9655533ed4973aa8e0cb63aa
BUY,0.001,2000,1729009034,Yes,0xfa6f7b43b660eae0417b2f807cd15219c0f610eebad551cfe3e22dcfb24e9475
BUY,0.001,100,1729006314,Yes,0x7d5c0aa685c62868ea96f2c9ae762b8e4bb5186096be66e0d5c13d9f0bbdede6
BUY,0.001,5000,1729006052,Yes,0xa867e15b38dcfbbc8fef2a13fc5f4692a7971baf2b36d3dcf898c0dfd91692dc
BUY,0.001,170,1729005994,Yes,0x7d57239d9b7e7cdea6a63b1b760639d4c4d1619a760f3836486902f193759474
SELL,0.999,10000,1729004630,No,0x37d3492ab9f68b127d64b19d6e0b27db49b1e899619ba4586c1eaef497c90124
BUY,0.001,1000,1729004030,Yes,0x0efdcf654600b351670e913c811b2a6078fae040ba9e315dc83294a386da9846
BUY,0.001,1000,1729003736,Yes,0x204f6a8d640c96066f9fc548f3a779d3c0542b2040cf34f2814d3076faf42ceb
SELL,0.999,75.07,1729003134,No,0xa61871f769f04d00a5b18d07aeff6e10d17388696e526e3c640c9b2d31c8427b
SELL,0.999,10.51,1729000636,No,0xd2806132c587ab3e6f6d61fdcc1d592ea5f0d1a34bc404c510a5b1753d18caef
SELL,0.999,7,1729000254,No,0xf80c55a7a7bf3803a6bebf0f1155b36b23956ccbcf763b7b0719ae918cff45af
BUY,0.001,10,1729000226,Yes,0x953189873d03012fb015c95a9ed436897a40172be28b5ebf52f21805d37c2378
SELL,0.001,3735309.91,1728999892,Yes,0x0e2faead9817f772d5769a03961b0992942979c4a0825532cec77317c5dc5306
SELL,0.001,33030.61,1728999830,Yes,0xc2c7fc46f68db40de34bb7b1db6138258848ac168ef221c913592ee228fef2ca
SELL,0.998,79,1728999788,No,0x90db44c98a9311915465625180b76a0a394d72b6a3f06b92dd6b499942078b35
BUY,0.999,79,1728999776,No,0x754daf80616aa4eabb1c610449be9b5f8904574a32ce142728d0a94e3970dbe0
SELL,0.001,4560.89,1728999770,Yes,0x98d2ad990cbd536b6a5a25479e44c0c57b533c947acd31866f543f592997944f
BUY,0.999,1.211,1728999764,No,0xe6dfb0f48731e463a82f9bf0adfe204a0082a3154009a6b2860d3f7abbecb460
SELL,0.001,5500,1728999750,Yes,0x8b7dee5d45fbfbf2b93a81be081e05efa7bc2dab225e92ab2e055f4ded74795f
SELL,0.001,1930,1728999730,Yes,0xa50d7d9b041f5da743f92ff2ec06fc33fdb181f297ccfce1c99f632314133356
SELL,0.001,4.11,1728999718,Yes,0x96d361fae69aa0d5afb0df5fc1bf9891f81256c3a952fc804dd040d364baa3ee
SELL,0.001,770,1728999706,Yes,0xe9f4036e07641c85461e79a71c3bc7f5a457fb0aea820338d04fb01bc771eabb
SELL,0.001,10000,1728999696,Yes,0x8dd3c4ba1c4dbcc284a195844654afdf0a28e01c82d81e0b8f9b0447cb21775d
BUY,0.999,1.62,1728999674,No,0xdf8e54e794b61a202e51949c251c51ca7e0cf325ee2f7a16ec062548e8544786
BUY,0.999,1.02,1728999672,No,0xf029ab5ea521824d540a8762dadcb99bf76f98b364db54be5bfe79418e23b86c
SELL,0.998,3500,1728999666,No,0xd2523d89a566232bda7399a3cde4e62c65fa42bce74ca536b852a41ecbd23173
SELL,0.001,10216.06,1728999666,Yes,0x38a115592c30b6c55518dd4eba91386f2aba5b97d1c07aae001e55eb3ad04201
BUY,0.999,1251.41,1728999666,No,0x00befbcc6d59d808d7b8cb4d8df646451a97fc0e6201c934177cbc11438e6aec
SELL,0.001,10000,1728999660,Yes,0x3c9ceb6bd526aa0453cb8dfb0d1d6e1b34c8ef5ec3152e4e3745607705e3bec4
SELL,0.001,509.87,1728999586,Yes,0xa91bb017288ba1dbabdc35ea9709c493c321b6171a4d9fdf5dfd26b4adacf20b
BUY,0.999,9.249,1728999582,No,0x6bb6c26e82888384f1f355411e6a33c1a30eaf70f7fcbfc2136291693204ab62
SELL,0.998,13.01,1728999574,No,0x6f8b89d6df165cba2a2516afb31100a623a5e0486ed2fad40310f92da0122cc3
SELL,0.001,10231.94,1728999560,Yes,0xe17e734dd52e45cb27e38bbc7870936b927e6c21cd906f413173df4e912c7cdd
SELL,0.001,4870,1728999558,Yes,0x26c9c72ef7c44524fb22c4cfe6662a1b75315dcdaeea117bd92d387d1e3bf8c9
SELL,0.998,1,1728999530,No,0x7c7fc3f069dae0b3172edc6dcb2cad30b9d2b63e367f0a3a404944cc2d43b11f
BUY,0.002,15,1728999526,Yes,0xf38a11b73d6542cc1c959df6a164701c5124011ecd0db246dbce95ac3d6e5b96
BUY,0.999,1.001,1728999518,No,0xc21ca6562de150830b9d851258cd0015cc3a2e5c2c8850632c89743d26020823
SELL,0.998,13.51,1728999406,No,0x6ca316b8f6561c567d2496a9278d5dcbeae47e57e7508b03c9500ab5bc807181
SELL,0.998,2616.16,1728999230,No,0xbef23220b34499b37e20ec93c6668c9d140da8d0014204a4fd6f11f51fbbfaf4
SELL,0.998,2544,1728999208,No,0x9d75a8c23aece5237c417e7e58a51c2ac192b78f40a56ccff7bf3af0be9dd584
SELL,0.998,10.01,1728999172,No,0x0c9271e93511aa7ee88d3cdbfb4d44847bc2fb22e9a11cee6f176ebe4f76d225
SELL,0.001,702.77,1728999104,Yes,0x58e8cabea33f4ebc667e39267f7ead7a5a2c8c14f5b110b31f7afb9d2a47c2db
SELL,0.001,33981.16,1728999100,Yes,0x0421a23fffd7305017885f79aa438fe52dca298561ee166cc7725bacdcb7114f
SELL,0.001,10252.16,1728999070,Yes,0x57905c14faf7d9098a302b53873f704222eb79156145eaf91431dc92b951deb1
SELL,0.001,6138.66,1728999066,Yes,0xb00182bc0725d6bb5719f6358538eccea1ff9a40ba5b07147766e89faa4294ae
SELL,0.001,451.54,1728998920,Yes,0x60e177306559343f17e0d0aabbb07128f995f1e90f6e8f6e8e3ddc18046810d0
SELL,0.001,10020.78,1728998916,Yes,0x8e7abd787537f615726db66d45a92139384c90441f26df7d3e3690dc7afc1266
SELL,0.001,2099.19,1728998884,Yes,0xb19a7215e3688b1ec39898c0d3ed00967c905603787221c268c5f89a69487a68
SELL,0.998,52.14,1728998856,No,0x63266940ae036988d68a93e4ba437b9482494462cfb48477264ed69da9c7e1b9
SELL,0.001,1500,1728998834,Yes,0xeeb1c386755f8929b61ee468464fe80c0b17d2c1a11cd7109ab0cd2ff745f010
SELL,0.001,1119.15,1728998832,Yes,0x50a1131cd555d7c7304556ccd322e59fcce25f3294bd1241594e8e0fe54cefba
BUY,0.999,52.14,1728998826,No,0x11f73435c142bfffba5197dffcb8cc2a7a8ab1edbd8651fac26c459b6281b4eb
SELL,0.001,5496.99,1728998824,Yes,0xb74c6b63a114389be75331a9e16659ce584b7c6060f6f4188597015678aec976
SELL,0.001,7170,1728998820,Yes,0x850494b57cfce4330fb17297f854f0040525669d3489fa19aa54618d13c902de
SELL,0.001,9094,1728998814,Yes,0xf41e3bba32741def4b35b1dcbe9c4152870d365f533340a7fcef2251604522bf
SELL,0.001,2830,1728998812,Yes,0x2817cf00dcb430a6074e858b7c7c59f15dda9a0b476c3deb7957ca131a200590
SELL,0.001,7178.81,1728998810,Yes,0x7e988519e5b01cb1ec359d894609f266a828464b777394c67d31c7f12f48ef2e
SELL,0.001,1,1728998810,Yes,0x50655bb249be5073bb808b5d56aceba11a13d6f3cb103d61189792b554f142a1
BUY,0.999,1601.601,1728998786,No,0x1e205354b5141832c15d6c963fb85b3ac366a6f130a149229ba6e4be62368bb7
SELL,0.998,11.01,1728998778,No,0xb0c28a9c18adbbe8a4fd2ea09da9cbe2c9c92c977900905af3115aeb4b8260db
BUY,0.999,10000,1728998768,No,0x5da45ac5a390ceaaab85ff3ac6d85adca15332035f7c1df1a8cbf814b77dcf36
BUY,0.999,3822.97,1728998766,No,0xd77531026dc90a17a07b358b176a5d26c4a06b92529a0754e77568c7f9617e0c
SELL,0.998,52.24,1728998746,No,0x35abfc60e51fa948b94a06eaabb04fcaeb0216f5feedcf05f03585aa863f5d7d
BUY,0.999,3559.559,1728998746,No,0x472c2d496dd4e1b0672d31cf18988c824483998c6e92d5d5661da8b85474b5f9
BUY,0.999,52.24,1728998716,No,0xeedbb4325dc5296f03efa110f88d461984281e1b1bfabbd75c7a307cee271031
BUY,0.002,19,1728998560,Yes,0x7129341522f6090ed7051d0d258fecf19820a920f67cb59325e3067d19b2c72d
SELL,0.998,52.5,1728998510,No,0x106d286809406011ed8a2dbf37490079c5d7e96e0fcf06ed294c1a210730973d
SELL,0.998,187,1728998482,No,0xcb5f87d3a7df68b3b4246bff4e13e3d4315fa059404e1a6568b26f09ddcf029b
BUY,0.999,52.5,1728998478,No,0xfb9ff55eb8616b491f8b0ea71f32352ef1c353072eea86f03fdf1d611df76f00
BUY,0.999,187,1728998472,No,0xf1d0ba9570f5daf995b0eb8d4353ba8ec8eed85374bb29680bd6315356f68383
SELL,0.998,1.5,1728998278,No,0xcad762dcaecee7d685c870f5f2bce9e44eb3d5b451a119da908f7f37c134cbfa
BUY,0.999,1.501,1728998268,No,0xa189b5fbbf01452beb6979a2cd571a9ce21587749d02027f72da4095e53cc376
BUY,0.002,70,1728997882,Yes,0xc97bce5deba21764d980bf54aeedd9eaafc1cc7d9469f34271576f62e3289170
SELL,0.998,14.01,1728997806,No,0xce20709837cd61843e3ed4e7c0599fe8e6973c8872108b553b1d2bd078e7d601
BUY,0.999,1.251,1728997446,No,0xe7b0af944f25172d4a41b7c68f3e499ef3e2ddf059f96977ffff080c60dd5cb5
BUY,0.999,12.512,1728997440,No,0x1bea02f75a8cd2676d389e0250d1cce87d8d61d36adf3c2974ae4ecba64466d4
BUY,0.999,1.201,1728997418,No,0xa1fa544484b5aa01d3a676af6914a0b66355a004df18020a9b76b3e6aa8b1b74
SELL,0.001,12751.01,1728997252,Yes,0x8cecc35701982a4fb3913b92f7dc73126afbf45e06034761eb0b8c286e9a71ba
BUY,0.999,1.161,1728997076,No,0x8df45050110fd03951a3788f7d6ee710c28fb240e0d5cf490169c2f7d5167760
SELL,0.001,6191.47,1728997048,Yes,0x0456fcb30d05262122ed5205aaeded0da5e811443054e11b340a2b88a3d07b61
BUY,0.999,4.004,1728996628,No,0xd5819b749f62ecff2e657f7e778ebef65e517df5b9e3d0b2c4966b8fea1bc6ff
SELL,0.998,2,1728996542,No,0x740216f4be7d22e555382cd2b1c961a7b35262e3d11d731443713db8c46d6515
SELL,0.998,5,1728996484,No,0xa5794f4abc28d7929439e3337c62322633c025a19dbe4a55a29f957f0211497b
BUY,0.999,4.004,1728996464,No,0x6b8d0fd0701a608899edc6c557afaf99b2bdfae5ad45e0a4cb9cc6dc9cbd6485
BUY,0.999,5.005,1728996354,No,0x44de21b1a6dddade44952f9d1c98b3beaa350ab5930c34013f79907884a81eb8
BUY,0.999,12.012,1728996350,No,0xb753315a266ae15d092b1ac68eb92c67cfe0319496342b5f7b4e4e516bd1a36d
SELL,0.998,3,1728996308,No,0x235f8df5b0f5792e9dfd298f5fd06a05d7b3ee9ab5335d9cf0f675affd8cc8c7
SELL,0.001,17229.36,1728996112,Yes,0xbcaba72b41a18ccfef26784924fdc85d00d06f6522c9cfb2b70c3b691aa8db32
SELL,0.998,6.2,1728996042,No,0x6c31ddca15c4aad026f43c353f5c72a2a6659f8525b8eecbc43bc8ade8efaeac
BUY,0.999,6.806,1728995920,No,0xd19116e6050f6c4e4f9e615dd02e8d0c155ada79d17fdc12f69c14957e13bfd3
SELL,0.998,7,1728995794,No,0x9c8b1060ba2ca8a6812e4c3f91cb4524f140e8999609f5041cf1553fafb44d0d
BUY,0.999,8.008,1728995706,No,0x10fce44a66217a7e1f2ac071d306867725f82afef1a6c7cd6e28550463c6f1ef
SELL,0.998,2.4,1728995596,No,0x36b75e9db742c1265fdc575357a9553352e2b8d59e999886b204767568d9daa1
SELL,0.998,2318.5,1728995504,No,0x451b7a6eb185c1a2e51ed02084585db99f0b79505623438b96aa233552a1bc6e
SELL,0.001,235.86,1728995482,Yes,0x106fbd575ef05d657453b3482ac2eae5cca9ebc5b411eeb50b44d69413d8499d
SELL,0.001,1223.51,1728995480,Yes,0x08b1ea61dcac6e51e4fd355c6d34bc11682fdf039dda30591924d1c8b3dedaff
SELL,0.001,9170,1728995478,Yes,0x84b907f6da010ec4dd2d757cfb8cb41dc8ba32ee47197503ed13d61a7808a05b
SELL,0.998,2477,1728995478,No,0xdba86c87ef606f18ac2393aa2ffa61eaeaf706adf0e7552cdf3feba2074c30a2
SELL,0.001,12957.01,1728995478,Yes,0xfd9c27e3b8215ad67ee634cd688fe28c854332805f4ca6c22d85ef1738140b65
SELL,0.001,9.17,1728995472,Yes,0x480c97fca50e23566ae3cd64ba116cccbf1354cb8357e4b1d53471717a24681c
SELL,0.001,1147.39,1728995468,Yes,0x4ac3c71aa88d62c6453b71a33ffb211db50e40e6b70bd54961a0c09928ac1e4a
SELL,0.001,1490,1728995466,Yes,0x246d30f94f92928f4d7a07f1adca4b48cb9afc2edacf5a377299f45d66c30f89
SELL,0.001,885.61,1728995462,Yes,0x3e31a52b49a43d82a80b28de7a9eef8b6dd2f90db3406153b68f757f02a46ec7
SELL,0.001,9.99,1728995460,Yes,0xcb00902f925323a4fb29722047001d3e48a971f989cb6934ac4b5fd54b912d25
SELL,0.001,1136.19,1728995456,Yes,0xa3f3e97e6f765fbfebeeb6a7e5ac3bbce6f58b800b9791c612cfe04cf4c4bfbd
SELL,0.001,1938.17,1728995452,Yes,0x3126a0ab18ad2db4e6e787d5de9225186aab0d23c6eb0f1142b5f936f094271c
SELL,0.001,1500,1728995310,Yes,0x631dd8084b493a355a77c063df755a030a8a426a378a2b4e740b4ba7ab28d5c0
SELL,0.001,3999,1728995310,Yes,0xdfbd39ba7fe0a05286aa68c17be2143660f9d4fc04060894df0cf1e862de0190
SELL,0.001,1502.99,1728995308,Yes,0x7bd2304f7847e5119146b6805333d50dcde46e6297ec33bf72d97949096aea78
SELL,0.001,1,1728995302,Yes,0xa70c8ba9aa2ae08404da0d984ddfaefa1afe34c440c839963ad63847a1a1af35
SELL,0.001,6808.75,1728995302,Yes,0xcaa64f2ce841fbdfa7e1b493eadea52ef338a0e5d39a05c0e8488def5ec3805e
SELL,0.001,1,1728995300,Yes,0xa654b2549741868303448f0ecb24ff540e70cab95bea4e261782527874db3e66
SELL,0.001,1047.77,1728995298,Yes,0x56ad298d79192bc2f693b90b28cb09070054909fd798bc80abfcb031fe6d5ca4
SELL,0.001,1,1728995298,Yes,0xddaa7b1f1780e4d4a495ad5bfd44192256963ba41f1070b0432416f6d616ab63
SELL,0.001,1,1728995298,Yes,0x51f9e445a06955798e0e54df34fccd09dde0c0bb106f95f86fe0399e49fc8050
SELL,0.001,215.97,1728995248,Yes,0xc0e0d765b58f54c32c97b694b97706e2ab0c133b678ee53d7d0341a12612b4d3
SELL,0.001,5,1728995216,Yes,0xbc5bcb0fe6975753ac7183f0f5c5bc3336ff8a5fc8d2b777e2d9532ce2fa4abb
SELL,0.001,2273.72,1728995192,Yes,0xc9f299dc56ccbe5bd03434f18c31356e950c29a556000cb13b56513f75121716
SELL,0.001,1720,1728995184,Yes,0x58eb8a88d8b55b9358e72765767d779e045d452567d305ecc1f838df0b3dbe2c
SELL,0.001,7.67,1728995174,Yes,0xd65c18971cd2de8ac6996abc6f89029ae86a7e1df51f4905da135ac8d99cc96f
SELL,0.001,3281.89,1728995150,Yes,0x2af518346de4fbc8926b31562d41e04b3f0b3a61fda4bceaa9c973cd27ab3b89
SELL,0.001,3501.87,1728995148,Yes,0x38ed8d4b2c95fd0c54872162d4f928d246d2b8902a5b522a655a7a78de47cb9c
SELL,0.001,1058.73,1728995140,Yes,0x21e4ce7e41f77d86ff19e20976d4ed31abb801f17a2b19abfcc3ca62e57f67f0
SELL,0.001,11278.57,1728995132,Yes,0x4c60b049f5608f631f78ca5e76a1630027bd40e9e5e9217194d0a401151be1d6
SELL,0.001,187.54,1728995126,Yes,0x17f14f2f4d653a3b9882145619a7f1cd7e0489119769db8aed39d884c57a5c81
SELL,0.001,10000,1728995114,Yes,0xa3b2c9b6f353c0aa2f596af0be46fd4ebc933fd1a9e4f20d5a956c34b934b697
BUY,0.999,50,1728995090,No,0xf4ededbf2e6cd2a1cee882ccada5cfce80676cc8d6bb4b74841c1ff84d41742f
BUY,0.999,50,1728995086,No,0xa4e434a625b17932fad80f244a202ab40d055879056b445cadff8afa87648aab
BUY,0.999,1894.894,1728995082,No,0x2a97ff45a5b14d48b9b8ffdcab28b77ddec095726228b4fea178cc55de617c9e
BUY,0.999,2901.901,1728995064,No,0x580b4f04b20fa278dd2d3ac43b53d9c9cdbe07723302d606f593dfac4877517e
BUY,0.999,155,1728995064,No,0x8cdf043073c66c7a63abe083f69c76da8fdceadac4744c9c712189942226c8d1
SELL,0.998,1891.46,1728994996,No,0x20f5f73a08c27ad40600f0b9b9562ecbe5e65be5f11253c8b2ff99b7ee7df2b5
BUY,0.999,50809.38,1728994890,No,0x1f26f85c1a8dadae1baccc7027704d8b9226d3ec6ef4316190c951bded16248e
BUY,0.999,11.491,1728994820,No,0x9704b4a878294561ecee8ab884e76a36c311dabec5ec87c8022eebb24dbb263c
SELL,0.998,5242.6,1728994812,No,0xed2b74b10c08f62d7309560cf3c8691a98d8f2f48e8a63fd30e4b0904f963f1f
BUY,0.999,5244,1728994726,No,0x014ffa18fd531c0b6761c12593f36d4b56d10f7f65a251dd41ee1e6244a4881f
BUY,0.999,18.018,1728994576,No,0x7ec9ec6e27b7d43c530aec01f3274b4819d2929ea82aab2733b22292db6b8e91
SELL,0.998,21.19,1728994224,No,0xfab9e350edd9c460cf224586290e975216128faf1783e7323e2d7d9e966e1890
SELL,0.998,24.92,1728994224,No,0xa455d2bab01e38208efd96908de6d55556fb2ef199e02b8146d592575ccd8cb8
BUY,0.999,21.191,1728994210,No,0xe94db9060d9aac10d66bdb171c21d40b43feab8da66066b85bbd2f8837dafafb
BUY,0.999,24.914,1728994210,No,0x4c18b1724c9003085e31d4bb4024c3ef2d62d8a14be32f1a043db7fa0e062a1d
SELL,0.998,210.21,1728994156,No,0xd83a9f57544765119b516c70066e86163f1c2c838296f9c7fdd6bda7df996221
BUY,0.999,210.21,1728994140,No,0x1e78339d38534ff9c378f9d807373b1188403bb52dddedf0c721affaa57da6db
SELL,0.998,18.01,1728993896,No,0x78dadf19cab24b29cecea130f384585477c16540cee13442996f46ccfd328f1a
SELL,0.998,24.25,1728993784,No,0x7fe8579ae3805b41ec329ce972f6c936fa6d37966c0ae0e76301ae8cee3a2699
SELL,0.998,26.23,1728993782,No,0x95c531d9fd82904397d98d5b905f22de74d1b394f9e7a7017b5a138e3db0e6a3
SELL,0.998,22.42,1728993782,No,0x4b3035f3d1082a944a67c1ef73d98f8ea586df73261c9a34d99d54cf26667712
SELL,0.998,29.1,1728993782,No,0x87b66033a1201419765cf34e4fd2397a37a5717c5466278fc5f0360e919969fe
SELL,0.998,1.5,1728993780,No,0xf53ae574e27bd265462c9205740b879f860930bee2eff35e5df9cb7b771acfda
BUY,0.999,24.254,1728993768,No,0x751fc889302b6dcf796cf4cb5cf7a0a4642a3bde4beb49aa4d33ff5af1fcf16d
BUY,0.999,22.422,1728993768,No,0xcddb786ad95e592692351f11f7037e15d9a697119827388dc873bb5b415a2b97
BUY,0.999,26.226,1728993768,No,0x7580da85e57577bdafd4d297c397de293353be788908e14697d663ed2f843145
BUY,0.999,29.099,1728993768,No,0x10ab8873866249160817bd4dec54bb6962adae0ee681fb229e40a5d7cab5337e
SELL,0.001,1120.47,1728993652,Yes,0xfa2fa239a5e5d8f3387a5aa6acf5942de73b959c94f430a8a6b2c79debb345f5
SELL,0.001,880,1728993652,Yes,0x01b862e182cae9f8b4d6877b8842f81fac18d46bec57cf642ccdd5c9c135499c
SELL,0.001,1500,1728993648,Yes,0xa73703051bdcf7b1162721318e63a9d01442511497277315d316f16c35cee3f8
SELL,0.001,5350.67,1728993646,Yes,0x71b304b173765e04322dad3de10db7d75d86fe3e83e3d947e16b63e3f74c4722
SELL,0.001,889.73,1728993644,Yes,0x3c01e450c48b85e7e9a25875f514862ad3036ef75e5b24383c87e4861abf1ce1
SELL,0.001,1780.77,1728993642,Yes,0xff8b93cc1e4c56639e1bdfd715ae528890c6cbe121a13360e5b1449e3e026ff5
BUY,0.999,5.005,1728993626,No,0x2b55412cec2369c6a06c86e1748c3d6432d5562b167479110bcd0a706c9e5269
SELL,0.001,5,1728993614,Yes,0xb1da3e8d9598146be34ea650c4cf1a48330455a55b7c4f66f6a10b725a657fdc
SELL,0.001,622.19,1728993610,Yes,0xbf35f9d2c7430c49b2418ed21b51a15a31215198ae9dde50a9cc57285beda0bc
SELL,0.001,1230,1728993596,Yes,0x4bc09a4ba8df3173f36b38c05eee56e3af72df649d890aa2ec7d190847592d81
SELL,0.001,2998.01,1728993592,Yes,0xaaf1c0eed992ebcb5efdeb6cb65d21dd3e66f5dc044a071ecbda8906667911db
SELL,0.001,5.28,1728993588,Yes,0xe3d2e0176154525c9ee2d30ebf028c46f7a6082e04926f2451d2bb5cbbfac3d8
SELL,0.001,1019.85,1728993584,Yes,0xd3a208eecb7081b629b62c98e1e623fdfee9fc1d8dfb8bab903e45fb64caf37e
SELL,0.001,9125.02,1728993570,Yes,0x75dcf11907151fd0965d2119de302368ec51abba5e2966b5bf1c5c701e07b148
SELL,0.998,24.02,1728993450,No,0xaa6ac146742186b873d39ee082af3fe8faadaab5942e4b46bbd8337c21f667bb
SELL,0.998,27.84,1728993360,No,0x6e3ca1a59383b3c6480c6a895bcdcb11dfd6c14946388cabdecf6f50d94e45b7
SELL,0.998,24.97,1728993314,No,0x471690bc3ecdc26b6e74e2f37a8c38913847388f5c698fc432f7b0ec6f634fa3
SELL,0.998,25.38,1728993314,No,0x492ced1fed999deaef8cfe8815812a7c7c150ab4e913279ae8cc4dcb1a529e35
SELL,0.998,26.63,1728993314,No,0x5022a574f69e6647bb3114a06f35de4b2bdbfa92b7388414fbb222075531fb11
SELL,0.998,27.94,1728993314,No,0x41e0f298b47634685bb4137763eaff7071a4ae4457298db297c0841e419b774a
SELL,0.998,28.82,1728993314,No,0x2d418e5f915f3daff8c2df7ff1870fa1e2704b387f74b12e39468c5dc722fc00
SELL,0.998,26.89,1728993314,No,0x42b500acf1d2c3119559c9e15ab59f8dd6116ed2db611685fcc6dd25118c562a
SELL,0.998,23.2,1728993314,No,0xf1bef45cdc7a5cfb7f5f3155236b4c6856b909049b0c5df2a5dfec7b3ff7a937
SELL,0.998,21.81,1728993314,No,0xb37ffcbd62895635053734bed5db7bdda378b9f01408dc1d7965f27171d1b209
SELL,0.998,26.55,1728993314,No,0xc86cfd87620188284732728d3ee71bfa4f5429e46cb8617d614a866e9890bc2b
BUY,0.999,24.974,1728993296,No,0xca5e79fb9aece4fe9c42ee28e63bb558d767ad7d8a54b69fcc10652a8085eff2
BUY,0.999,28.828,1728993296,No,0xc4ebfe740806aa2cba5a3bff917be005fb6bb43bb4a7ce8646c6b9688f52b7bc
BUY,0.999,26.896,1728993296,No,0x7b90952fc1c45f22b0709fae055af38d4aafb2e9f2ad2c6ff844e8fd70aba508
BUY,0.999,27.826999999999998,1728993294,No,0xeea2e42b216d425b161a486404f1f7033388252eff606b05d22c6d8043c6caaa
BUY,0.999,25.385,1728993294,No,0x5b2bb12591a125645ef19b57238e548f4cf03fe7b01aed94355d15a351215b22
BUY,0.999,23.203,1728993294,No,0x2e20489743c0639880ae1a23e569a6c07c98924617bfda53e1b7c367a934db59
BUY,0.999,26.556,1728993294,No,0x40a27444c28f1d0007eaa7f804b0937107f3d355e82601dd248b45ce9847eff6
BUY,0.999,21.811,1728993294,No,0xe27cf113660d50d10bf3abf64e48a9bc53cceb615319167f717cc10e2202f1e9
BUY,0.999,27.947,1728993294,No,0xca7d401ae57844dff156893c4fc6dfbd17f484275b1ed96ba513f1161786960f
BUY,0.999,26.636,1728993292,No,0x94cfa05c93bc5c1e5aeb1374ff7a9c9bcaafe790b96791a215171bd3588f9ab5
BUY,0.999,24.024,1728993270,No,0x8b4cc235f1880c294dba5891949cc60e526a3fb921937ed8aa26be7945d30137
SELL,0.998,5300,1728993242,No,0xc4b09809e8eff09d10e15e23a19f73f8acbb3c7493e12dd7e8992bb54e3d3b40
SELL,0.998,1.5,1728993184,No,0x211a0775bbc69c1a2d77a9ad47aebad8c6e6211126252f3761be26a308cbe3bb
BUY,0.999,5302,1728993172,No,0x78dc827b6aa8f20d7dcbdd6447746d2ac7e443296310613be21fd00b2b9801cf
SELL,0.998,68,1728993128,No,0x859b6d1591df72835a1442a81e29b549a0d32156999cf21b486e1c39532bd35c
SELL,0.998,20.87,1728993116,No,0x0b16cf2822d13cdb0c4d7400ca50e1c541e5ac93d93b4fdfa8e9f93979053f08
BUY,0.999,20.86,1728993082,No,0x6a55b814752c4d2927c9e9e553ad035915daebedd06a72176bd33d5304d987cc
BUY,0.999,13.313,1728993058,No,0x372e6a8336d115de6557c5959249b72b7de4715770360032e27cd34d281620c1
SELL,0.998,6,1728992998,No,0xb47748184503a422249a9829af0a6196be7f50376bc44ae5e5f4ebbe39484dbd
BUY,0.999,6.506,1728992732,No,0x71767fceb46a10204f17a96eae2d678e77fea81cbcba69c033f36914ab8e0dde
SELL,0.998,2.3,1728992616,No,0x812b26b5791ad59eb037bf0680b79e0b4ca9364d60b37c3af295c419530194c3
BUY,0.999,3.683,1728992560,No,0x34db88232a07342fa62e865c88021d236e9ff5134e9b2628e066109f0d7fe805
SELL,0.998,55.91,1728992202,No,0x3248bce558c3a8a377e796e471f77999b32ade1d2d225834b9d67dccdc2f7f5e
BUY,0.999,55.91,1728992172,No,0x5bf0bbc8d41da5bf0aff8ef32d68004b8fdb4bee361c9daa22a468140e87c2cc
SELL,0.998,218,1728992114,No,0x06c65c2fe9d7a2349b1bfab7cbae13009cffc2ac36f37d7e9325748deace3fa2
BUY,0.999,218,1728992082,No,0x9d57a749cb48b58e8219693e5e8d335704a63affb8b2aebe8c75afcda329f9ac
SELL,0.998,27.24,1728992024,No,0xc24077e3a20e5701ae189326dd0cae6ed2f41d99c7bc3c2da71a9b13c3914b7f
BUY,0.999,13.233,1728991972,No,0xd3a5987440eaad3113e3eac00f6851e5bc736fee9cd0ded016422b36067e559b
SELL,0.998,174,1728991858,No,0x5bd75fa30d350548c142773914b6e2857d1ecc83d1f41be4fbfe9e62f407072e
BUY,0.999,174,1728991846,No,0x4898af7b28dae84c9cb2b5dfdaf4e6f4fa1fa71739c0f0d7212afdc348ae694d
BUY,0.999,20.02,1728991620,No,0xb02a872bb24f95a943d6c79b9dee2ae0fbd8e9be5fae9519b011a2ff1f68217c
SELL,0.998,11.01,1728991534,No,0x73e90141ed28bfbf318d7ed178275f734ff35fefb3513f6b14646d8de57b8d21
BUY,0.999,68,1728991526,No,0x7fb5fee52d2fd65c2ccc8b5970982038516788a64986a94b42a87ece8d624151
SELL,0.998,8.32,1728991476,No,0x5493ce78660ad02e2f98857d4bd214f96c702ba4568eb081ca017692a8bfb640
BUY,0.999,27.027,1728991470,No,0x0fbdac3dcf5489e62274a94a6dfee30a5181ae0434f458094b959c5b2c58cf04
SELL,0.998,6.73,1728991462,No,0x1f7f7596bf37f54b69fda1bc48b9ba15250a1917d062bdac7aa84bf42d5e6f7b
SELL,0.998,6,1728991454,No,0x888880a8a740f1e0e99d751824a3049e2dbb8748d1943a839dcbcf423b81e507
BUY,0.999,6,1728991410,No,0x09c851eec5f75235049363453bf589cb25cb50d1fef294b5cf2386ecea20d011
BUY,0.999,8.32,1728991400,No,0x2ee8d5d913e7a720da0665faec735687b41e30a7dada4c0b130db07ec691ae03
BUY,0.999,6.73,1728991370,No,0x74f035cafe18519777785cc1ae9e4d8c0c340cb7d70f0881ba1f6be6400ff0fe
SELL,0.998,28.53,1728991240,No,0x4698905fa3f9473f4b3b0931cf26f7e28dbdf96a512c88411f9f7bac38550078
SELL,0.998,24.84,1728991240,No,0x647ee86c4b9f431d13c247e5896e13b64e81a743563cfc088ff6be29b23b29d6
BUY,0.999,24.84,1728991210,No,0x9c845eb48b74fbe7fe7660984a6e922f9f6fc747b27ad6db7f7fa6ae6a0d0121
BUY,0.999,28.53,1728991210,No,0xfe098d0f3d5b1d24885c3e82d4a636556e3f1d655edc4b51dcd70f81277441e6
SELL,0.998,13,1728991178,No,0x1185f0d5ae5b76cc3cdf167522064f7bb92a2f665217ef48d1ba311349a2269f
BUY,0.002,5,1728991058,Yes,0x52c4fb0cbef6f05c6fcfcc0c4fc8d452046e4f141589abf57f9efd79d7961c46
BUY,0.999,1891.461,1728990970,No,0x271d4c947bd3a56666b4e1bf76ed79bdcf535409b79495ee03e906de97a9eae0
BUY,0.999,6,1728990966,No,0xe85f492923b295bd27d6c56d5fbaced2540f3dc7303ed867c42266f3c12a77ff
SELL,0.998,28.39,1728990744,No,0xaa5707a72c2ada2f73442723d590f6e9dd625804206d453bf8afc49823230ab1
SELL,0.998,27.59,1728990744,No,0x70a1f178cecefe7050bcecb730efb1651ac2cb205dad090d2e8170924a5e7aea
BUY,0.999,27.59,1728990720,No,0xd424a59d86f2de1352b4aa6033b646bb89c88d31cf77a038ef5f836250d085f9
BUY,0.999,28.39,1728990720,No,0xbf34b402d879261e695e1a3a138c35cefc34125824526997ca1ec11508a56faf
SELL,0.998,5.14,1728990686,No,0xcae0094d5cf664e7496b6ab48a21e017792af2289e1940506c958cd560880074
BUY,0.999,5.145,1728990636,No,0xa34a6ebc8f6db923948dad5a038e935f3723954ac55cf0ddeebb87ee73e04ec1
SELL,0.998,246,1728990222,No,0x822cd102baa406e352fa560e1b412227ea3ad446173f098b22ab80af0308419f
BUY,0.999,246,1728990212,No,0x484c5112716c6e5ca856a2ccafd00870063b60202dfb093e1e441ecde6f54c05
SELL,0.998,14.01,1728990144,No,0xb0d40dc6716bce3239b25206cb4bc49f3635839c96024e351ec907059aa75006
BUY,0.999,14.014,1728990130,No,0xd60062825c316c230eb37d28d6d0200f1165a23cf9000f3b585d3c07448e2e36
SELL,0.998,46.95,1728990076,No,0xb55a7cc3f41f521724b09e53d6fc4fbd8b2129a8ef6e4500191748b1482908b8
BUY,0.999,46.95,1728990046,No,0x63107004562eaf3368d2b7eb64ad8ea01223b7f28fa60e7255a328c3a66e3978
SELL,0.998,1131.59,1728989966,No,0x7dea96d8291486897c017cddb95f37a18af380cd84156ed075d75816fac6ad21
SELL,0.998,47.63,1728989718,No,0xd46cf8f1cb5cd71d5ebc1c326a01b7baaba353e385024999b50f1962a1729ab4
SELL,0.998,202.2,1728989632,No,0xf3568ff0aa0121095a121f38c62c641341568a718abf4fe83006b44c10915055
BUY,0.999,47.627,1728989612,No,0xbbdd43e2547463ba86de2ecda40b244659fcb63e92985ac1dd6ed44698b1f35b
BUY,0.999,202.202,1728989472,No,0xbb47a43bc4aac9b36c58fc24f3c8fb78bfbf2c233904b4ffb933a3bf6cba7b01
SELL,0.998,344.38,1728989370,No,0xf70b73e9352808ed145ae097e021fd6e2e0df2624785dec8918ff81cc54a59a2
BUY,0.999,13,1728989190,No,0xf50f6c2332a2b6699f8f6c6473dab910ed98470a9e1ed6d6b21e49f0a8d6327d
SELL,0.998,268,1728989178,No,0x68aebe87f5a868c5e20d68d496cd3e4eab7b751001e6a85349a2c8be4e41b350
BUY,0.999,268,1728989166,No,0x4e0b6149c81b3da154c71686eea509e8ab02aac754b27e4b51e413541b764f2a
SELL,0.998,27,1728989048,No,0x17275c09a1add6cdd92a030e1cfcadc460763b5adc88d5d1e8ba97dcb274fbae
SELL,0.001,40000,1728989046,Yes,0x7e21c2805de202de3fd58fe5e863e3dd69005264b9b713a9628746034897ebbb
BUY,0.999,344.38,1728988648,No,0x51250ad5caa7a8253d59112839618a3f3aa0fb474cefe24abe6b996b9f198edb
SELL,0.001,8010,1728988606,Yes,0xc8832dbcc25570e42ba4307e91712b7730046f59ffb18f1f0198a169d22e7c40
SELL,0.001,3998.53,1728988602,Yes,0xa5ce53f316253b24b6839c863a669da7d475dcdc4f52d65c29c7c40b397735f2
SELL,0.001,25818,1728988600,Yes,0x933fd7ce4960a43c168275b56ceb5e7b93381525ccbfb68c1ed3fd434aa08ee0
SELL,0.001,5.4,1728988598,Yes,0xf9b97900c3221e8fa1094f0377c4ef9a59ccd66dacee3b6afbd0cac6b6f41d13
SELL,0.001,890.93,1728988594,Yes,0xbbe3aa6b6fef55f2fb0209b947942475381cb70bd77d6ce3fd9bd383aa1beb71
SELL,0.001,1500,1728988592,Yes,0xa5ddf432c981a723170268a14df8d96243dc72a95b715c0f9e3a841b8ccd12e6
SELL,0.001,590,1728988586,Yes,0xb325db28cfd2fad91c33e1f97f430dd4fa3c8f1f660a2f8f01dd2341f7b12936
SELL,0.001,1139.33,1728988582,Yes,0xeb1b97db8df1fd713d27931815aea291067029d331f466a1cd523e353915c670
SELL,0.001,334.25,1728988578,Yes,0xb3adc4862c739c335553faf3a66ece55ccd5280cefb291a6ee23011d2a653837
SELL,0.001,1349.01,1728988578,Yes,0xbc2612aa404587a3b37e2764d66999f996c7a304231cd30c01298f5eebf2c549
SELL,0.001,465.98,1728988572,Yes,0xd1fb9bbe48828dcb49cfe60480582888657851e5149a37bc6ed21742924ccce4
SELL,0.001,465.98,1728988570,Yes,0xcc31fb2ad930883e0f887e82f86dbf73277be5f7ba07ff5382c56e87e6df99bc
SELL,0.001,1490,1728988520,Yes,0x6ddb11c20a8112d9e640921f20ef606be2a3237024b50e9797b04da073e5b1a6
BUY,0.999,1244.83,1728988514,No,0x036bad87014ef7fd57cdcb36f99e38fe3fe0bffb2bef52d7d9325a80803061cf
SELL,0.001,6053.8,1728988512,Yes,0x0f7d5fb31639be3e904e0c574d838c5f691dbd840b4c324797c5d8f1360c0073
SELL,0.001,8946.2,1728988510,Yes,0x45d2ff91cc517e828e3b6ce160bcacc332bf5f97fb0b59e29dfe9ef808f98276
SELL,0.001,15862.66,1728988508,Yes,0x52f8e5b974c4441055f03ac0a1b62957ae603eadd6a8843cebbde6cf696ee6c3
SELL,0.998,43.29,1728988396,No,0x4d4a35e45f07d67f3d4c882047da96b5b508db29dd0c349077e3c429bfce8b31
BUY,0.999,43.293,1728988278,No,0x297fd6af32527a9bb9c5b3ee5725f6db60296956562b96f1b55a608f54fb9ad2
BUY,0.999,27,1728988004,No,0x29786ac098b6a6b3a029dfb9ffb42b4f78e298c06b97da4459ddb284e52a1b1e
SELL,0.998,5017.02,1728987948,No,0x6d6c1120cb59839025c443598ce81d103dbb928b82f0cf12730ada2052c2e128
SELL,0.998,53.1,1728987606,No,0x1f576222b7b9decf5a94e8be0bfe8210d1d57e840802de78b3e95e23d67f4313
BUY,0.999,53.1,1728987570,No,0xe3a80a6e8db22dbe76636915c07a30f3075dba676e5efe5d0098d30ce7dadc44
BUY,0.999,5018.228,1728987400,No,0xee670b1bb10df4dc8322b773ec5a4919ebf5a1a2673a361404e73e0fbd8f077d
SELL,0.998,902.11,1728987360,No,0x68129ea1a383a580087e6b3e68bf05293c13dddb3bb713d7978af9be797ee29c
SELL,0.998,888.78,1728987338,No,0x1060ccfd3fc2f9d11871a73bccfad8db9e90337b3a5b6c6fff6a62d3ef83ae0b
BUY,0.999,80.08,1728987086,No,0xbb76852370f82563b7c2d2c2beaae66e3c2e69c75eadc8d5a7395ab5324420a9
SELL,0.998,100,1728987026,No,0x539010025e35ab049682e18745c3bd7e4c878bbee317178b2778d03124fbeb45
SELL,0.998,43.16,1728987006,No,0xfe3524eb819a89b98c197ee55574b48179fd0661696db24c811d4653104bbc14
BUY,0.999,888.788,1728986928,No,0x50b2a60c8d53a704d8fa08f3423962af20c2ad38bd75c4ad5360dfd94b97ad4b
SELL,0.998,43.96,1728986906,No,0x58a4414b4ea64ca5b033291e503fce4cfe8156c18fd21bfbd0adb7b86a3754e1
BUY,0.999,902.112,1728986906,No,0xfaa78c68e30184bef64cd1c1f906bd7bbe3de47dd4347b6814cc0ad1949c0389
BUY,0.999,43.163,1728986898,No,0x54b3b288dacf4a1a689e0f634bd878315c16c0f35b7c3ee77b7f6c573acfc593
SELL,0.998,1070,1728986870,No,0x594855917821e58220061db5418c6d7fcc8ca92346067767d95d48559746eb4b
BUY,0.999,17.907,1728986856,No,0x920bf5d7a7087cfde2f545ae81138d4333f2c8317f32e23465d3c03e9d91834b
SELL,0.998,884.69,1728986830,No,0xb485dd8f22f7c2a5ab96e0479e51579c8d945117272cb8c72fd41912a3a2eb86
SELL,0.998,18,1728986824,No,0x435057977284491f433c1363b53283861990cb7e92f6e92c220f17a7cffbf46e
BUY,0.999,43.953,1728986808,No,0x981cce9a7086f1c46105d20f5873b085685da3b2c98ff38279a277916da47a4b
SELL,0.998,5.05,1728986472,No,0xc4a5bc9f8eb30632fe81e4f475acda209bed76bdb532cb8f9de68c2fdbbd35f5
BUY,0.999,884.694,1728986406,No,0xd2b0c90d78eb3d201fc1a651cbd7c2f88a1646f0ec49297f1de982958563c946
SELL,0.998,26.44,1728986380,No,0xe8800ca6fb421dba38870261e31368ff03a6e5aa9787b6e2684200b4a3705570
SELL,0.998,4500,1728986368,No,0xaa70297db2b2f163cb740fb54d63126b4f53e5050264a4d1f7be4e9297b3bb02
SELL,0.998,29.12,1728986360,No,0x10c1ae2934c150e9deabffd7fa3e2a989b2d10b99ddebec43ee01e4381f93c6e
SELL,0.998,27.41,1728986358,No,0x89c6541420859889519a75b86c01bc5877c346705d39cda8feb61d1331b0c362
SELL,0.998,25.35,1728986356,No,0x84c9d661200dcc480ded6e0b567c7406adb2f5ca92cd72699c129996a6a45702
SELL,0.998,21.57,1728986356,No,0x3a8fee3eab60489a39d90e8b3cf8d624d13d7dcdf9da02320ce60a0c0666e685
BUY,0.999,26.446,1728986298,No,0xeb60b742e937bad8bacb3590795c667d485ec7f0c8ffc8b8ec2d2fed6f292811
BUY,0.999,13.993,1728986294,No,0x18933969d82f524c9e8478bb7c170ad920bc49ce6c549b51a7a49dc6225ea168
BUY,0.999,29.119,1728986290,No,0x7f697076b37d9f438faf252bc3113b626945ac643bcf29c9e8fd642c75c72974
BUY,0.999,27.407,1728986288,No,0x0106ab6526cade8e98b999627b88d439f4bc56934089c5532b2d01a185409c5c
BUY,0.999,21.561,1728986286,No,0x768d3f3aabf6e063da2e2e444a1a51423ba0fc2200c7024a02ef741b69c1e1db
BUY,0.999,25.345,1728986284,No,0xff82f286282fcfc891b28d7265a41b2961c4b83a5c5c79d87551f56f561a3aa6
BUY,0.999,5571.571,1728986132,No,0x7dbf13509882ddc36f4a222c1ed0ee92bfadf66f0b1680d21216c6190838d1f3
BUY,0.999,18,1728986072,No,0x8f44b00e8aca22845f823eb977309b1f834a200c3d78580f0ca3dfff558717a5
SELL,0.001,45078.32,1728986026,Yes,0xa527e8056c3bf0f9e72a7726e35a9527176ff6512015d36c7653f995a257e94f
SELL,0.998,177,1728985736,No,0x56cf03f0db373b453e0224c57123df96e1c1ef4870f34fd47d48f4b7c2cfc392
BUY,0.999,177,1728985720,No,0xb7f802e9aaee4038f7309c6f30b916022f44bb79645753bca54435c10815c838
SELL,0.998,19.01,1728985716,No,0xb5ef583849f61c286afc71266565470f5bd24e102f2b1bcc5aae973c3b558027
SELL,0.998,42.62,1728985644,No,0x8450f9303d8bfcd4f60194b8d44a40cad0dedf499204fe7f66a7419201efd7c7
SELL,0.998,5,1728985620,No,0x273f4df77fe57c8948923d31293f5f46837e4874e4575e09453ced950a8b55d9
BUY,0.999,100,1728985602,No,0x0ccb151dd481cd3786afe01bef8efd952974a2038d159fca883eb0a8cb130b66
SELL,0.001,23844.58,1728985552,Yes,0xa86b3f9bad8e617de44899a155eedd93731ead5aedc0ffb9d44b789d85aa5e54
BUY,0.999,42.622,1728985526,No,0xc0c127e7a143cb32a559de07b5791bf390312dc13e87e193ea36821e17a8b726
SELL,0.998,202.2,1728985406,No,0x46e732457228e5ab3158a3124bd7896155a32d1c92eebfb25f24e3684312867f
SELL,0.998,57,1728985392,No,0x78dc509d534d778b59e7901a4c5f2192f035c69d036c6fcd89eeb7a5f341b153
BUY,0.999,202.202,1728985232,No,0x50b7dab430fd447610907a75395fd00a74642b8a14f1dd9eb98d1e784e11539b
BUY,0.999,11.011,1728985232,No,0x8f5c6937f77cb90261bbec8ffcf57714b52fed926dc8d5763fd7e6a5ae76121e
BUY,0.999,57,1728984888,No,0xebfdc44ad5b3823356e32e91f333e6a93c21d3e558cb1e5473cf9ed4cdb1c72b
SELL,0.998,28.98,1728984872,No,0x07369d992aaa58cf2ec181cd90d80c6a302a4b5392e2adf88a460a5b80a9da4a
SELL,0.998,27.59,1728984862,No,0xae5fe80df19b88439a6c0591ffe92869a28a7e6a3b786eb5c79a41028a682dd1
SELL,0.998,29.89,1728984854,No,0xd6b144c0f205f596147b1f9b249885ee75524ce0a4e8171fbf97ce7f93b62a1f
SELL,0.998,25.08,1728984840,No,0xd9fa60685a37366c55d50738f5c1e7da223c28b0ffac1b04b20573cd50bfee40
SELL,0.998,22.45,1728984838,No,0x98f365420fa44565d8396d6483b436708dd82f6e8b46cae5267e10b14b9708a2
SELL,0.998,26.72,1728984838,No,0x3a078edd93734979aeffb3f35cd9a1aa5b52fa8b03a58b31f3091f330da918cc
SELL,0.998,22.77,1728984838,No,0x0eed25cab6d1cfa515f1d988d7aad4258feb9f7d8fd9d3f5b41a27f13bde7189
SELL,0.998,23.08,1728984838,No,0x14b8d7eff327b8ca7561733ee90fd105a32ed7b73cbb27b97f103d9e1d6db35c
SELL,0.998,25.84,1728984836,No,0xa0568226528fa1803b87e6ad8dfbc8ab052bbebebb67ab4c27ad9c3e6a3293b0
SELL,0.998,25.24,1728984832,No,0x97b947e04d67b4cb524ba280c572e3f0baf7bc2ed6c22ce410dd99b982f08be2
SELL,0.998,21.57,1728984832,No,0xd163783caa690005e3760b3b7f2d6a1a15de073f6732b9068c1cb402c2fafee4
SELL,0.998,26.01,1728984830,No,0x93d75fdd1a3d2537aaa866d2c7fbc3d4d65861755b3c1b39f7d766afaa23f788
SELL,0.998,26.23,1728984830,No,0x1201f0b51f2ec2067c6f6cad0b59e2784bca4644329e31e5de26f9c18aea56c0
SELL,0.998,28.22,1728984830,No,0xb5376922d6d70b1b2ff7d2e0f19db855bdabb3f9d43c8ccbe4524cf271dfa87e
SELL,0.998,26.05,1728984828,No,0xd249b33384e6a2cd7946431c30750a5165adccacd3e176fb00fa9982d042c63e
SELL,0.998,25.81,1728984828,No,0xc631650b204ecd185e5ee428f1d8f06db69a49ce5bec3c5267b836c8c52df0cb
BUY,0.999,25.085,1728984788,No,0x606e73fda7158360c9b4cb3a85d8d4efbd56cff600570264d8a113e806994a51
BUY,0.999,28.988,1728984788,No,0x839aaebb8d014ce43bfeabdae83c32fa12f83bcbf03530b9144ef79dd7f3f263
BUY,0.999,26.716,1728984786,No,0x1f7156206b6e224a64c15e013c2fcd63ac5253897d464e5f9a8506f32a3de5b8
BUY,0.999,22.452,1728984786,No,0x3083d4272cccd69ee79ca315b8e52abd91c643829fb22d67dfafe4c18c5d914e
BUY,0.999,27.597,1728984784,No,0x296f4c857c5f23278e543bb0669db7d01447c73915783b00fdbf8bda16b95e01
BUY,0.999,22.772,1728984784,No,0x11cb08fa94b8fc85cc976e53c31f4aac36ad66b9b5fa2e09398288d8eb765194
BUY,0.999,23.083,1728984784,No,0x29b09fbe281fc2acfd047dd1e546f39a517aa6c99a2be37772b87ccf3bb0710f
BUY,0.999,25.845,1728984782,No,0xa18f4e3bd53e2e2e4f667c352e5eeaa88dd8577d3bc319a976b664db932cfd53
BUY,0.999,21.571,1728984782,No,0xedbf5897d226ba9397bf6d9c5169c6fd9d5c47b6fc2a7e4dbd0398767a12cf55
BUY,0.999,29.899,1728984780,No,0x9e238cf5a8dcd46d84ce2d46f10adcb1c24530f50ddc3a67cbdbe27f63f90d57
BUY,0.999,25.245,1728984780,No,0x8126182236ab803084ce70010796010a35ab9dec0184c229e1a14fcda3a7537b
BUY,0.999,26.016,1728984778,No,0x89cdf7634ba4f707d4c39bd7a1bcab44b39783a3f69984fa4dadd5e8f8c8f4e4
BUY,0.999,26.236,1728984778,No,0x4aee3c33c71d992ea4f67409167e336e869b3729ddcf76df629094f4c154ad5d
BUY,0.999,28.218,1728984778,No,0x5ef3f51fef91a2a92bd13811a579c60af15a4f247bafd31244049bbe5decaae3
SELL,0.998,25.78,1728984778,No,0xfd8f3a22931eb5a5368d3d74ed6ddb1ff949f123f808bb85f0e80ae58c312e24
SELL,0.998,27.66,1728984778,No,0x22f27035b4dd259584fe5ae63e93c6f149a6af62e6c424f94b04aa31d193cbce
BUY,0.999,26.046,1728984776,No,0x589c34424c41ad5c8d2ca3dd36b8e5dfa1db76c72f0fff732ea9d7b7e7c57e0d
BUY,0.999,25.815,1728984774,No,0x2b2ff443af57bc95670b6dbf81b467b36291fd13299e907781cb509af081523d
BUY,0.999,25.78,1728984722,No,0x1c68b077e83a2ceb5d1c673ff972fc2d0dab1d2024f8df6408a163c2e3f7fbfb
BUY,0.999,27.66,1728984718,No,0xea2e474b889e95a4da8439fcb0327084c73fc592d870e7488c0e8731e16407b3
SELL,0.998,250,1728984696,No,0xd1ef4447107445f09dcf448a2b0d813bb48328eb8fa019c41ab70ea209b6056c
BUY,0.999,250,1728984642,No,0x9be61172157583c285faa99afe8e388ef6ea714df58e185d9996bce1dcd02e22
SELL,0.998,21.99,1728984564,No,0x77e510e202ec3ee8639afc10bc037fbb2a7d14d336c2e5eedaba761157c49586
SELL,0.998,27.99,1728984556,No,0x3913353d5d89762ce307301bcebe5e1f0aaa5e82dc86360539870f8f6a3006ae
BUY,0.999,21.99,1728984542,No,0x4148fd4f570e720d26f82a9387b238c60b21578f73bceef69c27eb90e3820696
BUY,0.999,27.99,1728984540,No,0x78053ef5398d9ccf6c06c0981632841e1fb1b8d8064bffa278a1595d5b9efd95
SELL,0.998,7,1728984516,No,0x3b2d9fb1087c5113fb14a87801212c466fd5e947086d0fc17a5cfaf9d6bcabea
SELL,0.998,50,1728984424,No,0x2213b8a61a1b270189ea3a155a1e0ef9403ca93b599a323644d49cb03809e373
BUY,0.999,5,1728984320,No,0x72403eea6c8b98efc00ce9a073e41b8c9894fed8fbba6bb35570a8d2f91048f5
SELL,0.998,29.8,1728984272,No,0xbaed5ac30d99e05b0996a1d25288014bc6e24c09c86139d76d9453bc7c229e03
SELL,0.998,77.29,1728984248,No,0xb304844cdaa79d2336c74a132b24271d085ea02e75b45d0f5b379125abd88be3
BUY,0.999,29.8,1728984224,No,0x3936ba05c3254a514cc3b8377a6b1f36866efe621292484ecda103a4c622f2ad
SELL,0.998,5008,1728984140,No,0xb4ac08f829ce4fc649e7f7510c99e9c1437198e79c0e724a0c832cb255af337a
BUY,0.999,7,1728984138,No,0xe04037aee68d21fbbc97578b17780a663a189e78296f5783367f4ce34ccea965
BUY,0.999,77.29,1728984108,No,0xd59c3871b79be19dca790638392551c009a0ed7f548b8504292ad2bbe766d5a0
SELL,0.998,66,1728984030,No,0x4d16165d07d5264136cf4c9a97496b7578b84f52d0200caaf4b954908bb4a86e
SELL,0.998,15.01,1728984022,No,0xcb00ad2c8658e27029de4fe468d77b1c504471565681b3aaf0b9f6d897e29f81
BUY,0.999,15.015,1728983996,No,0x48ad18067e4350863ddb192f67079df9058e1a410d160e7cb88210b965334662
BUY,0.999,1.321,1728983920,No,0xfa293f7a443f08d0c0adb15d6c15b9123ab7f4481bc41344824f896bde2803a1
SELL,0.001,5000,1728983788,Yes,0xf4b345703a047968637d42acd4e806215847ab63887635c75b34c59f2d51982a
BUY,0.002,5000,1728983782,Yes,0x90218d548a2284f29dfd9ed91e9cd088f54903d72bd61088ead3c594eac1fd78
SELL,0.998,10.01,1728983774,No,0xd392b6b8ac1f682431eb7be685145aba02984536c30edc160769a508f2130d70
BUY,0.999,50,1728983760,No,0x62f52fd3e0742dfef0f79782eaa2b63cb03944f4900439ec8709eb079591e2bb
BUY,0.999,10.01,1728983742,No,0x3d39ebd681b863ee1c76e58a5c7692cd40ba4b2c4ed8057cc8c1637f6aefd95a
SELL,0.998,1,1728983648,No,0xa6402e66b0dc7e45b299e32d27ddade97519738b906fe7982009c4d1d94b3115
SELL,0.998,20.99,1728983628,No,0x222e79415e9c771323630191bd68d7ac3ef43eb27c471e1cf4095cb0c1eda6ce
SELL,0.998,24.99,1728983628,No,0x5e985ad94971faa75cb6f505ebd7953e5174d6366f9ebd54e22def0db1bc95b7
SELL,0.998,27.99,1728983626,No,0xa5ff6e12f885c6dc446efa5c7d0eefd498b0d0065027572f0f453f380f20e7d7
SELL,0.998,20,1728983626,No,0xaa0503e37651399f885eeef80bd75137f714a98ff0ae0712bc51e3def5175f75
SELL,0.998,27.99,1728983624,No,0x4940e734a751a076213ed6ae79750f3bc489e47d51a156f0d7f947bbfe1bb550
SELL,0.998,24,1728983622,No,0x8d86211a7f6402b6ba67d417906d7ed2064374454a89700ed8aefd59b62c9d9e
SELL,0.998,23.99,1728983622,No,0x55ba38673f41b593bff7cebc498e8f04c8401435fadd58bee6fe59f0b2448460
SELL,0.998,21.99,1728983620,No,0xe23d750acc60dfe14eb0fe30fe9abbcaafb44b7effcd38c09112f37efc5d3ccb
SELL,0.998,21.99,1728983618,No,0xf7226fba1ea2b40421d6e84b0f917368d67824e4ee1e71696b45269063da1313
SELL,0.998,25,1728983616,No,0xab7498f5fdc5673afb49726074a62edd6d9cf551a78d607ec567413fd2391ef6
SELL,0.998,26.99,1728983616,No,0x074c3e06f8d91622fdd7c42676213b21370b9897d5b052f80d88f33e47a2b5f2
SELL,0.998,25,1728983614,No,0x9e0fb7ed4cbbcdbe9e4e765ff5f283d476b514dc58c46b8616a069f75ddc03d9
SELL,0.998,23,1728983612,No,0x2e9d69dd7fee4c55c88d89efa171f9536e16f534ecaba26405b34be4c1eec76c
SELL,0.998,23.99,1728983612,No,0xa435ed108c96acdf0aade9ac23692c7c0706bc27de097ea3b138b785dae1fcdc
BUY,0.999,20.99,1728983588,No,0x772f57b559338d5fd71c74c8675731ad1103797e89679f9a6df3c8fa65409623
BUY,0.999,25,1728983588,No,0x48a4323236fe561a3e8a32ebbe55c28824703892760728cc5118cff61c860709
BUY,0.999,27.99,1728983586,No,0x893292dfa38cef61c73dfa21c38ac6621905031994fdfd61b6019192f0eb5025
BUY,0.999,23,1728983584,No,0x4f9836df81780750bc0407a58bfa978bf8fd5e734700ce89cdeb3ad6136ea7c9
BUY,0.999,21.99,1728983584,No,0x884e26d98c8dfbb8ba29436df956675637367871dc314a7b84c489609343f97e
BUY,0.999,27.99,1728983584,No,0x7732be6335b173776e557ce805150ded6976155ac225fb36b4d2a104885afc2d
BUY,0.999,24,1728983582,No,0xf25942af726a232d58eb9b6f3195d5d713dce146b27293d88bcbb520f66a5bbb
BUY,0.999,23.99,1728983580,No,0xf6e7496b134189cb58ee44a2d1f863345d037398d95c6fc070083a86332c9614
BUY,0.999,25,1728983580,No,0x5e306194dca54ede932a22b8fb7660da08520f3f713e15f8ee8d70128df35efc
BUY,0.999,21.99,1728983580,No,0x36d7ce87deed7f94b1e553fe1e0991754e0718abb900b47a3c970a6e2059675e
BUY,0.999,20,1728983578,No,0xf17c4edb3eea42543f680f80721ff9fa813cb43e8732ab11e933b3dfd77f41fe
BUY,0.999,23.99,1728983578,No,0xac895d08121b4251ca9bb532b0246189d1f02cbe375e2cc42a2373fba9e43c0d
BUY,0.999,26.99,1728983574,No,0x5f5059e96981148a848562e04f197916fdfdec6400ab77d0c91ac31cfc093f84
BUY,0.999,24.99,1728983574,No,0x364f6411db0eb3c5512c2a1184f268be164c241cab307207d235ef75dd54043f
SELL,0.998,22.73,1728983378,No,0x6fcb07af4323ca4159da518fc9f4e388e9e1eeb0e42f369a589ed048026c4747
SELL,0.998,27.09,1728983362,No,0x208544cbbef8b717c9034e8019cb75a89b1f32263545f47e62c42423c5d3fffe
SELL,0.998,23.48,1728983352,No,0xd91fa15d50329dead9a20522c5cd181534ca63652af7bc786996ec4ec3fc76a7
SELL,0.998,25.11,1728983352,No,0xe48c30895e945f361ddf0a4362ae553babb33b462012709a312bd31d3a8900d5
SELL,0.998,25.74,1728983350,No,0x29905a2521dcc42975324c8270144b39802f1a882dee0316739d0224e0bbd7c3
SELL,0.998,28.9,1728983348,No,0x8b179f0fa5568e1595a2484fcaf7185d0adf24d33339406adeede5039246f038
SELL,0.998,20.58,1728983348,No,0xc338916a1742ca021d860c40b78844a79ad1981540509f26fa489e1bc4a689ec
SELL,0.998,25.29,1728983346,No,0xc9c039c5b405e560cd4b0a6d2c362c8ee0907ea153001fa2edf6d369e109d3b7
SELL,0.998,22.84,1728983346,No,0x572238dcc67d2e0ed65f937251c768580c1f1c788408942c8c77df55ef4228e5
SELL,0.998,26.34,1728983344,No,0xda7edc5259b24c13104a3541d5c6fab9223c03f42e87303eda50fe3818144acf
SELL,0.998,24.42,1728983342,No,0xd2a38ec98fe32deb118a7234de6095e907c75c824e3551f82e5245a3ac4d7c5c
SELL,0.998,21.79,1728983342,No,0x11205df97a23f49d17b6713c4ec2326b70e30a9d9e434674c66b1d55b26e49c8
BUY,0.999,22.73,1728983328,No,0x2721ac1de707401980a08a3bf62426374c0a27e266a154bd6ff598750216d759
SELL,0.998,27.8,1728983320,No,0x5da06f5a204141e5504e8fbd3122c1892be2038409312a182022ce0ca40741d8
BUY,0.999,27.09,1728983308,No,0x22c2438777312423e1f849883b3838799469e54598b329d5de54377a8b9055e9
BUY,0.999,27.807,1728983308,No,0x47611816abc9a1d4c3c11c2291214a475f06b912c4b8476a0f6088e7f3236faa
BUY,0.999,25.115,1728983284,No,0xdc7b8d1b0d64f70b75f25c92de21c72e724aca8fd6cad2e556f13881b0c07172
BUY,0.999,23.473,1728983284,No,0x224525ebb08314a3ea4ebf377165044c65e8a8347647eee8ce95e74afb0f367b
BUY,0.999,25.745,1728983284,No,0x7f12e67f7b143ffe872f8d1c6a37aecdb1dfeb3b394f47db20deb36328639e86
BUY,0.999,20.58,1728983282,No,0xb557dce6fc20899d80efef18b314acd7f0c327f129f480353f711de5895b10ed
BUY,0.999,28.898,1728983282,No,0x526521b1c67fa294583c3098d199f6928bb9e81733d03499d39d41d620f6ed21
BUY,0.999,25.295,1728983280,No,0xa3123360c42c1f2dd7ffda258ec70c4e8c3bb9ae3c13e75e7bbe8edcdee5b8cb
BUY,0.999,22.842,1728983280,No,0x1708f4e1476997437e6b9daf830161fc6033445801ea18ac9cefc5ab65a6de7d
BUY,0.999,26.336,1728983278,No,0x183d2d11343c1ff22e251300da642924a8a2c176cab0803a544764fe9924aeb6
BUY,0.999,21.791,1728983276,No,0xe7f78afd8a4e4ca79496e78b5e5fdcf80aae504bb815f37a600c98960a64afb6
BUY,0.999,24.424,1728983276,No,0x4d0c3897ac4b1b6565cd656e2711e851e22be3f075f81121834bdd1256ba6cef
SELL,0.998,53,1728983206,No,0x552d276e176874effe609d34f20ee7189e61ae47638e714bdc42a0cdb7625ad3
BUY,0.999,53,1728983196,No,0x45c316d2dbbd97a74f6f31b855c548da54da0c5dda536ab945fec3fde932bb35
BUY,0.999,66,1728983164,No,0x04c59d9cd169b836ed470e941158f137686a677936f52c9b9e408dc65a3884f1
BUY,0.999,10.25,1728983072,No,0x514d44b787c022a704d439cf95f4100662b54f5bfb5be529d80a2ce1092a6732
SELL,0.998,39.74,1728983026,No,0x370ba0adb0d2983cb3cbe50f5a230e6e85c17f26ecea7e0350e53d35ab172d76
BUY,0.999,39.749,1728982928,No,0x251d01be1846b2ad0efa1d56d8173b71b1352c8496ac479c82b31cd2b563580a
SELL,0.001,356.05,1728982924,Yes,0x04116561fba8f654b9197bfe533e8a4325a245d88ba7c0e5cf25e4deb57e971a
SELL,0.998,53,1728982924,No,0x48a43afef2177ae8f6d9194183f04fb2e2dd099abc7f834800f7bd4cc841c670
SELL,0.998,10,1728982763,No,0x74e78fb66c65abdbfc42fe42f0c6f97a9934a10d6f7fd1ca0cbfd1d1a8764234
SELL,0.001,356.06,1728982751,Yes,0x2f900e7224d1b19bbd4b4c27dacb1e74f87aaa91f13b71d7befb9d5f66e49dc8
SELL,0.998,103,1728982681,No,0x6fa9f4512f0e4e035f030aba1c16e89b51218f340cb7635d7625bec0cf6e8fa0
BUY,0.999,103,1728982643,No,0x724c661cd893a4981c7301c2a3510c843e28124eaaef4818c09e6d5cb288426f
SELL,0.998,46.46,1728982627,No,0x674bc5fd57adfc937f5689d68331819b6c6de4bf963f4734c0ed104b44bbe637
SELL,0.001,356.07,1728982617,Yes,0x3d7fb17e01910a36c328bc5ee98d9645662d48da8131e2ef0b7136275995cd98
BUY,0.999,46.46,1728982595,No,0xad7aab7b4ac2dda1555dd08ab21ff15dc69fcb7e81ba55d0a5680db1c939b037
BUY,0.999,9.609,1728982593,No,0x5bbbab7b1d9b204db22cff4f42f26e4d04e37e2502f3864a9c2f1a0314675ef1
BUY,0.999,53,1728982511,No,0x7dbc8d9da51ceb30a571a8563cdb072a6d5c9a40fa4af82b024073a14be2565d
SELL,0.998,27,1728982465,No,0x1cbc945b6a21839ed14234ac11dbca8d37b3ce851b4c6f8519138c1764763e7b
SELL,0.998,21,1728982465,No,0x852541ed65f61c0223bf5a6dcef44edcb3f08e4996554bd132917322fec9e81d
SELL,0.998,20.99,1728982463,No,0x560836e35564911de147a411668b506692e82009e34463065e3a45dc08f3a881
SELL,0.998,27,1728982463,No,0x98a6dd61229f342ff6532618027e94d41dbd6b17981a8e5b630db7808f8b4464
SELL,0.998,20,1728982461,No,0xb2b20501b70838a1de48ea0e5a6ccae4fa40cfc50cdfe87934b240db56ba9293
SELL,0.998,23,1728982459,No,0x5bc2af3c0299fcd56caab81e1225f9c10fcfb6bceceaf4ae3bb6127ac0add4d4
SELL,0.998,26.99,1728982459,No,0xb320a6ce1b893824613833f6c6d818851b9b2c5d1eb7f5c3c229264555db9562
SELL,0.998,26.99,1728982457,No,0x59acd8b8b36a1938ac02ba0edb2641df38534f12c3a512a44d15b74ed75c3d79
SELL,0.998,23,1728982457,No,0xb2e0a52be42fd4b9083eb5e4845275f9b0a07561bcaf94bfb5327cd25d3890e9
SELL,0.998,21.99,1728982457,No,0xba748564dc6a69a7ef43c242b4cf81ce718cd64333c03d9ceda0e9efc0068c24
SELL,0.998,28.99,1728982457,No,0xb55e0beb873fd556fca17ce7bd1487e27c81d5dbc93d7bb4c173b34a8550f213
SELL,0.998,25.99,1728982455,No,0xd258512d176d449a7d62e72adda46f9355f738dbcb9d2fe59513c90c7999b043
SELL,0.998,29,1728982455,No,0xea9f95fe9ebc176a779248b9f5604f1d1074d4c536f74ff339c69733ba4dd432
SELL,0.998,27,1728982451,No,0x4973623b485f0000bf86d0044412eda8ec7616c3b5a2fd50936bd82c534f1606
BUY,0.999,1004.004,1728982435,No,0x5c6243e543ccbe3273dd7161e44eb4c77b24b0b07dc9bf0afd087a617c296253
SELL,0.998,1.8900000000000001,1728982427,No,0xa69c68aeb1cbb95aab4e9ef293ec48c17050bc65953f0a627e6c998aced98ac9
BUY,0.999,23,1728982427,No,0xc19baa76f2d3f766e13dcd73f43535c807a311f0d6d3f4b36fa88006f41449b8
BUY,0.999,27,1728982425,No,0xb0e9fa6178807b8aeafee56cb98159f89dfab61caf346a97c72364a8a1310323
BUY,0.999,26.99,1728982425,No,0xfd4170b4bb37b81b37f0559eb7fc66a0d4eff45681393e1619b3d8feea4ebd1d
BUY,0.999,20,1728982425,No,0xcd7bcfdadde2e978fd24e1ebceb61a2f9e2d3fd0bf3f7028f3a52d446fda471e
BUY,0.999,21.99,1728982425,No,0x8fab69b09d67398d106bd3b56d3823837763e3f06508d6d8a9edc09a72973a85
BUY,0.999,23,1728982425,No,0xb69f88cff5c1173ef591a0541e9b6703c86901f801a9234ab64b0b5bb866f14e
BUY,0.999,21,1728982425,No,0x44a9f608f28b6fdf87798e7a970919e528b64bb366f20a1e316d700cf4a38291
BUY,0.999,25.99,1728982425,No,0x227d08c82a8d678a453423cd6f92b59a5fc7ccf78f971518e97d7e927f639701
BUY,0.999,26.99,1728982425,No,0x767c94ecf71f7e3be98cf1dc785a313ea96dc2f131a92b09da83a9a182474636
BUY,0.999,27,1728982425,No,0x432e134419db5a5114e9dd50281894b5e42a8e1d50503801d280a7a2c9b02ef1
BUY,0.999,28.99,1728982425,No,0x4e35ee3e5b720910a735ec0c3de5c584bd0d8cfa228da79f02430158651e86c4
BUY,0.999,29,1728982425,No,0xb22a9825fba576c770fff1ae260fa94d9cc8646201a0e9807189645b48fc912d
BUY,0.999,20.99,1728982423,No,0x1ea5d0ffff9a25368b417f0120635ef3fe3be7954e98affa2218dde3d1145307
BUY,0.999,27,1728982423,No,0x320d169a64b7e0146b245fea7f1693c078c607bdf022d67b5cc9544c61db2104
BUY,0.999,1.891,1728982411,No,0x0d5e993ca9bc9461bfb5afdece2ab97aeccb1a3a4d1ea9475f304dbfb58808f0
SELL,0.998,37,1728982405,No,0x98b3fa9d3b01c70e260919d94f201f2f12c43e60ccb4f0541f6a2da7b54b42a0
BUY,0.999,4004.004,1728982389,No,0x849e92ab0d2048dcb830b964f34f45d2937b92c7b6648a294a7a6df4a23c9cfe
SELL,0.998,49.31,1728982367,No,0xb7bd24fcb0c9a9d797803a85ac1e1e27ce4a43f06d026553f93de30ee8546f19
BUY,0.999,49.31,1728982337,No,0x9c9b34ca000de288d06856afaeb9aa74eecd62c128fea8dd7ba59ce87022380c
SELL,0.998,23.31,1728982323,No,0xf270f1a63c77cfc8f172bafa05bacc9d6d0abd036fd1c46ce9acab42fad46ed1
SELL,0.998,23.81,1728982321,No,0xeeb93ca330d390ce2b065acefd47a542d871c9bb4782241938a9a85c45b0f6b6
SELL,0.998,25.19,1728982303,No,0xad443aa0ae06dc3c70a128b3e10ec08783d0b99bb7140f0091260c85db8e5c01
BUY,0.999,23.31,1728982275,No,0xa6aba857a9dc8e8d2928ce05efe16c9ce9c17425a6836d5c0242425bdd3e3e07
BUY,0.999,23.81,1728982273,No,0x011249bc2305981b6afee51e8797b502adbade07889fbe21339362eb0d780640
BUY,0.999,25.19,1728982255,No,0xd44e935331bed6cbe0da094a0dd56e5ba231527e79d40efc856767ab35694177
BUY,0.999,355.705,1728982149,No,0xd21bc44b2fa34c922925b8a5db76d7da28c0004b5ed2f205f9d474af0840b467
SELL,0.998,12,1728982083,No,0x416e132c22aaaa3a093f74d9040c55723ed5fd2bbe28cc60b599cd58760774f3
SELL,0.998,60,1728982077,No,0x5eac5045efde0d09caab1c190101d59d6e53bcdf7dda1d36285672f113b93f61
SELL,0.001,355.7,1728982015,Yes,0x7201f989de619cf5539fa7940b8d39a4bbe0238e0b34c0662c21ffd6b200bb0f
SELL,0.998,5,1728982007,No,0xdc00a07f39038516cac6e10ff55aa706cd10459f976fcd1c52c1989dcf92b325
BUY,0.999,6.006,1728981991,No,0x6d6b436eb323a5ef8da4464dac6d439fa2bcff4870929f433c69afadec849b35
SELL,0.998,50936.93,1728981979,No,0x6322803016e1f6e29d5045a777f09e63ca3d081a89fa1cda8aeeb12aef54750c
SELL,0.998,74,1728981873,No,0x8150d28c44d8b43a65d598ceb2ad2b41fc902c101450a8592311a048f4185eac
BUY,0.999,60,1728981819,No,0xf9c1b2cd73ec91ce3a9cedc465570655badd4905ed60bcaed987bebf65408b8a
SELL,0.001,356.78,1728981789,Yes,0x4f9138fae4df6cc11e59a1984e9ba471659e12d4c80e48279de604748e3f1965
SELL,0.998,3,1728981777,No,0xcb76d4ee7c2624241c84779afec451e1e9a006b40ad12180561c94de7fd1456a
SELL,0.001,28615.96,1728981777,Yes,0x776d8e3539f6462097e806a23f352145ca1408786838b3603d0f843415271ae2
SELL,0.998,21.78,1728981763,No,0xc23cdd6f0ca46a8f8f85afc49dc51ec9a3262ece527caad94f90d54ff445a023
SELL,0.998,21.02,1728981759,No,0xf7489df1aa030751b14d0f98027921f7a64b069cac00e86c8bc6820c17639190
SELL,0.998,28.15,1728981757,No,0xad5496e2a7274c7cc37dfa076e8580afadad355dbc49871ad86cbbaff11b9419
SELL,0.998,24.51,1728981755,No,0x258907e4d3aa111d812c4c5e082fe18cf0fef13fa5c1ed60f1a72cc874cc5618
SELL,0.998,24.17,1728981753,No,0x1708d87d2ca44e27717c75c2d548b33eba4ecfcdbc7ca0f3070a8752460550e3
BUY,0.999,5.405,1728981711,No,0xce96e44bef0ab0225db5cddc3610fdc4ad104aab45239db25179ef16a0dc459b
BUY,0.999,21.771,1728981703,No,0xccfc51f77407261c3409ed79ee7e405ee8214e9d79b18b33ac8fc8e16ed98f32
BUY,0.999,21.021,1728981699,No,0x26f881499945330b2e8ca8694b4958bb83e55c140465a56a3cf869df627dd6bc
BUY,0.999,28.148,1728981695,No,0x4d73ad6135da400eb48b0962d5a428e2ae1d89217242affec75b5163301534e5
BUY,0.999,24.504,1728981693,No,0xa865a952aba00509d6fe31ccbca5339b915cae8a199c064eb47b456f48408d31
BUY,0.999,4.004,1728981693,No,0x950f1aa32326243170b0efaf9518c84930ff8cd135240be6fb613fa74da071d2
BUY,0.999,24.174,1728981689,No,0x3fd2b91949ed533d6f78629ff14735537e1601fe2f1e98540d4ff4d466df5736
SELL,0.998,20.02,1728981581,No,0x72f40ad0f7b742b397bfc6de69834ed7b25ecf3ef91f5b6beb126caf1d21170a
SELL,0.998,5404,1728981531,No,0x7cc5230177047bfc26e93dcfa5dc204a5a3f2ae97b1bfe1bf877805d17439ada
SELL,0.998,24.04,1728981511,No,0xfbf1c489d0e73eae03a73205b734e5f814cb00263b0492227d5234826cbfa764
SELL,0.998,29.3,1728981473,No,0x14b6c9f61d6bc788a1d9c56638bd896a1cdf25a7e95371a54a3389fb696a80e4
BUY,0.999,24.04,1728981443,No,0x2c49e35d6b1ec695b4122639b490fdba73aaba21f6e9cdcca872bd65049a79ad
BUY,0.999,29.3,1728981423,No,0x30e7a5a3a6062273a3fc18e3d621474b66bcc77ee1e407e9b2d40832dbaa1b81
SELL,0.998,5.1,1728981419,No,0xf2c2277cc21548c10f6e05964cc471e1e3af6b29bc20dca871bb1d32c979b995
BUY,0.999,12,1728981411,No,0x9428bf703263d3893e991960ae6c4c92347bf85aeb20c6edc65305cccb70392d
BUY,0.999,37,1728981409,No,0x3e52dfd0867eb9068c700d2fcaf7cda92e98ef005306e9d0efd20d4e7b0269c8
BUY,0.002,500,1728981359,Yes,0xcfe7fc796bf9a547c075a18cc5c9f8fb754e3d3feb77e961eef61e43cb02d508
BUY,0.999,5.005,1728981351,No,0x1774b1ec14da050a2b9b9c385c54f5a79ce0b0aaddbbe3da2aa3f09a8fc68aa6
BUY,0.999,4.404,1728981313,No,0xd5f2b56c4ce83f263f738167161e5d08d2d5104badbb52489dca8e71d7b11434
BUY,0.999,74,1728981285,No,0x4d8e00f3aaa79075a00a9b31f8f4b38868d8e885785dd087bc6f19f0a6609abb
SELL,0.001,1101.28,1728981277,Yes,0x60f6c9cd432e34a20bd336caf8a4e9a0bfad8fac58ad83ae891ba58ca58ba964
SELL,0.998,49.32,1728981249,No,0x4eb76699d105eb7d22c95fa6024f4e22d18bd9449a8679229041a6208d9f2cfa
BUY,0.999,49.32,1728981217,No,0x7b1a896fd17fcea4b35ff75af992ef2ee68dea2a7a8607e43c32d6c84c9e2af7
SELL,0.998,46.14,1728981205,No,0x0439060700fa02633bfa1d54d381813c7173ccf941cb39d44d874bb8300fc203
BUY,0.999,6.006,1728981181,No,0xd0d9a5dca957804d9d7496625322173bba308ac57097a5a5301212138e90634a
SELL,0.998,25.99,1728981165,No,0xcb849ede0ba59f2c1b6d239d72c7e6482094f071e1a53fa3d26821dd5a3966f2
SELL,0.998,23.99,1728981165,No,0xb7a29b16ea41cd8ec08c1f0bce47da8a6019bb2cef772ab8be9f72b279ceb091
SELL,0.998,29,1728981165,No,0xd04559c48a67250a6a4b5138dc5db569162ebf8a011db80d9f38c1ebcc3c7e76
SELL,0.998,24.99,1728981165,No,0x59641ecd97be49c170e6b04b7306a9ecac60f0d80f2229a8745f74480d21ac00
SELL,0.998,20,1728981165,No,0xe8482cf3878acd5a43479634540b7b02ad87ccfa8476c5642defca80fff45258
SELL,0.998,27,1728981163,No,0x43b584fb8fc535930ed497a4046b8f2e7f6f2c627d677ba5dcad3e5693baab36
SELL,0.998,26,1728981163,No,0x9ee1326a5dd3f39c8fd4c6a79e914db0732c50f099ecb4a593a62fc75efa0bfe
SELL,0.998,27,1728981159,No,0x3eb608349d63cc54523b3792739bc50a8818d2dfb452f101a84444813ee5f29b
SELL,0.998,22,1728981159,No,0xe0baee8f8108e50c996b1dd95060a6dd8473c858eab30176343fd8910b91cddd
SELL,0.998,27,1728981157,No,0xfddb70e3dcbdb2a0bfcb141055e9ddc3014b0f978c0a886c6ae6cec19a8c8b92
SELL,0.998,22.99,1728981157,No,0xcc0ca4decc356eaa1bc6b620fa61ef07c36a584c511b3aa1b41a09fac66eb834
SELL,0.998,22,1728981153,No,0x7f255ff6ec323dd31cfb9afc10c55d48cd2e2dcb07ff8865c763838497d6bae8
SELL,0.998,26.99,1728981151,No,0x1decaf7a08ec446db356d563f49fb325abd56387a70ae1d422dbe2ef29be8f3d
SELL,0.998,21,1728981151,No,0x3ad97ad49d027c6ea25cc6c0800ed644f2b0a4841eda41fae51848d5a530bb94
BUY,0.999,24.99,1728981117,No,0xd608a9f99cf2255d0f615e2238dea4a30a1dbed050191550a69dad4d11d61847
BUY,0.999,26.99,1728981117,No,0xf8c216c3b7eaa3e7133206425748bb43df760f44e2b66756bf49d57d8baf73ef
BUY,0.999,23.99,1728981115,No,0xc0125ea2edab59e36bad11a184eca560c18721674ca28dd712c3d496ac9c40e6
BUY,0.999,22.99,1728981115,No,0x3499e2c5c1eeef91bac797818864ddf3f39e4a58e97a733a19bf2386644b0792
BUY,0.999,22,1728981113,No,0x8403265c01b4308632364688dd7575ba73944e8ea4d2f868c178ae8214d25cdc
SELL,0.998,5,1728981113,No,0xdd836787e2958cd6d7a8c436351f83edcebd0749f3b02bda59806a1624a867b8
BUY,0.999,27,1728981113,No,0x8bf65acbbcfc83fc3376e5dbfbf3623880efd1508f07defa38f03e9bd711cfe5
BUY,0.999,27,1728981111,No,0xca1ea8718cd72a0225679f29114c951c7d6800b1edaf0608872d630a73bdb6e9
BUY,0.999,22,1728981111,No,0x9787caad696dbb031e2f0454dcc6663efa5f27c3d5f433a9c4b8c6c250346d37
BUY,0.999,20,1728981109,No,0x5f39d354fdba4ec1456664a8906207b39d8ae81617b53bcb1117eeaee690ac50
BUY,0.999,29,1728981107,No,0x6067510c7a6061625ccf69b302fd3f51ff04c53781e3db3fc956f56b53ac22da
BUY,0.999,21,1728981107,No,0xaa96c6e8ca89ee5c686005578a604f363d2cf8bbe201f6d99848e68d3cd46d3b
BUY,0.999,26,1728981105,No,0x4d316abeef7b6d9650cdf77c0b2e8de79435befbec16c743698ca79af7d3ac84
BUY,0.999,25.99,1728981105,No,0x62b385ee9007cd534c7a08236181a2047f50826164f374b4aa2eef11d3164ec1
BUY,0.999,27,1728981103,No,0xbcc0acfa7e4ff0365a7b2045fe3ce1faeae327f824d086781b9f37a41a93efd0
BUY,0.999,46.146,1728981097,No,0xb86aa3492f4d98443508e4be55ab6f4a190fffba7197ea52e21b7b73534b5b17
SELL,0.998,5184,1728980941,No,0x62472face0f9785474e90fe8abeffc4c52df1b0d5891220242b4fb5d4599d9c8
BUY,0.999,24.024,1728980861,No,0x79791ca87702be83ad4bfd89e0cbaa5c52bee21d417af28d260d6b4835b1ec04
BUY,0.999,60,1728980845,No,0x38ea1189e39d72e6c4bd30dcb842279fa88bff0914dc48665cf6095341075222
SELL,0.998,3,1728980819,No,0x28b133505a7a8a97c10861f7faa6c5a3dfb0535e29fff16e46d313e777427950
SELL,0.998,55.22,1728980781,No,0xb8ad01ff2f5ab785e61148c78799e8cc63c6501c239bce7c538ce137a9ad010b
BUY,0.999,166.75,1728980769,No,0xe94b425237cfb0616c68c67b452dd1f1eeb3826bd801bebba771c366bfedcd9f
BUY,0.999,22,1728980767,No,0x0cd9ea1e0318cab819a425457a8576a0a8389dfd8c0670c575ee231a18187a59
BUY,0.999,1.96,1728980763,No,0x59d0421e088b2dd47d8866036496fab46fbf0fd74c4f35fda4bd9f2c4a888828
BUY,0.999,23,1728980761,No,0xa26e2f3d71224d59541574f438030b1da55c8cd026c30df68cd69e34bca8c877
SELL,0.998,897.11,1728980761,No,0xe1ce2628eab818bc474b11afc3e61318e5d3d749de289b9538528c30a3dbdf28
BUY,0.999,5.005,1728980759,No,0xafc9f3771580a4ab80a8ad86c3d2a2c975d0a8dc47afd94556e820b172833b91
BUY,0.999,19,1728980757,No,0xd74fb988f6a17bc43fbd75b54817d91803b002426ea4cd966f00bae043f3490a
BUY,0.999,21,1728980757,No,0xe8e62bf0a2857aaaae0a9c96264d11b823678d074ad8fae75253fd91bb1cc744
SELL,0.998,55,1728980751,No,0xe43bc226995feae5994d03c0a6852179a5f337afcb68b418270e1d8a9345ce85
BUY,0.999,55.22,1728980739,No,0xea937c6616d1c071a7809af98a7a29de9cac10cb52a5e088d0d198d9b9a49d7f
BUY,0.999,1.32,1728980723,No,0xc5888507695a9300f86448892c00502e494209351b5689b514544f1686b7ad4c
BUY,0.999,50,1728980715,No,0x8a2da34715300344e8a989a0ccd02e1db0f9fc80a574db58e09712b74b40a0f0
BUY,0.999,2.89,1728980713,No,0xb493adaa63fc42873394d2908e68f3ea29bbf9b697d62020aa16fdf05e47e658
BUY,0.999,4004.004,1728980703,No,0x00f4d880740baff5d652fd832bbd1073c1ee231911d042a4fa9fb3c5ebd97d2e
BUY,0.999,719.06,1728980701,No,0x287ca710aea01e1814af02d98756fa6d3d23e85b37daa82564c3fcac6a1d4ad8
SELL,0.998,27.92,1728980699,No,0x31d41f5f5e03eb454a5a8de43263cb95900349fc39ae33ae31b016e5b209b068
SELL,0.998,23.02,1728980699,No,0x67406303b58d4ad57db52ec594e157c7bd877fe52e244dbf6fcdc87d22604fa0
SELL,0.998,26.02,1728980697,No,0xf5fde2be4c1b73c68805b88e0943a41d5292396bbdb63984553e59dc1978cc25
SELL,0.001,719.06,1728980695,Yes,0x9374d033efea86eed956f1b52785293940c7a7c494c401a20f9665f6da3daa78
SELL,0.001,2300,1728980689,Yes,0x84d0a342cb035398e29f7f7d3c4cc47b77247e27ca58d96c6a8ab2f68c0e2dc0
BUY,0.999,27.927,1728980687,No,0x199d65ee468ed130a8cd4d5966e3f67f3bb9db9aef8bf22c043e0905dea95c94
BUY,0.999,23.023,1728980683,No,0xe7bee0f50a9aaf603b9353fa7484d771aec19c69f27d6717884ff5928d333fab
BUY,0.999,26.026,1728980683,No,0x62b808ff098d1f656d68f5e0ab2e3be50db044cb92f13238227a5ae8ef011075
SELL,0.001,2309.83,1728980679,Yes,0x907907e2d23c216537ab784561b1b886de9fb7f5b93f1b4ac59e83b461d41e09
BUY,0.999,1401.401,1728980673,No,0x8a03d39f5a4d07baa0563e5aad9b56299555475cca3431ec1cb4f8bd5d288185
BUY,0.999,8.008,1728980653,No,0x37c80cf9373ce2ce9870f5264dd8aeabeafe9404bb18e81cea3839ab613008d3
SELL,0.998,12.01,1728980639,No,0xd7e40728a31e82ff4fdcdb3376a32bee46b055503c9713eb2ed635251bc60345
SELL,0.998,12,1728980625,No,0x98d935ea0ac8d87560dce142beee36dc4994bf512db3ab193d725bcb5aa2b012
SELL,0.998,28.64,1728980609,No,0xacbd85548b217b8566b847bf705092d1240d3d3b9f757a362708c4d9d7990d50
BUY,0.999,28.648,1728980587,No,0xb8de2f178fa7b7096073dd6ea38abcedaa8303beb69262d157280ea9a53bea83
BUY,0.999,5.505,1728980585,No,0xaa80a42c49d22a43278ebdae0c22e761b22c613eb2100d28a8b7c6f31810d3ea
SELL,0.998,171.17,1728980521,No,0xcf6e921fa846a1fcf188e751ddff3f6296ec5a2754ae0908a2bee916f0dbe160
BUY,0.999,171.171,1728980497,No,0x6b90a117bbc34949c5629f57e65fc4a9fdd182b333a06a30929d65e4d5659c43
BUY,0.999,5.205,1728980495,No,0x6095705c9016c16e067157f3272cb97e2d29a84f598cb6615bb04193b49fbc3a
SELL,0.998,77,1728980463,No,0x26882b137fe45abe2825dbaba5218dc1f5e45abd9f622c87653e442252bd9225
SELL,0.001,990,1728980461,Yes,0xf189e581fd71e9cb1d5341349757c53fd4ab70b652d7af727fd7de6ee455724f
SELL,0.001,646.63,1728980453,Yes,0xb1b08b47678ed3b4ecd20d321501dec6b292dbdcdfa6646f64c71d26917bf524
SELL,0.001,991.86,1728980451,Yes,0x5261096e8d7456eca0c95b0363b3aa6523bb2f08ca4b3b3ca9f531963c6f6876
BUY,0.999,7.007,1728980451,No,0x8797269139aab5379e244b368a0b20d511aa8bd5bbe7518560e144d36e85dbc3
SELL,0.998,25.29,1728980419,No,0x92fa6e6b5fdd7f1eb760ab0471121ae3d9f7a41ba465c44fb3d235a1cd8ad08c
SELL,0.998,27.52,1728980417,No,0xfa8c5948e21d2ab3ffb47960f39d78ec048a5745d0f85736703f27d9c684f8ba
SELL,0.998,21.96,1728980417,No,0xb16d52c31aa9cc6239e9448b921423cc872aa6f5f6a25eab42d5bd1e2d6825fa
BUY,0.999,27.527,1728980405,No,0xd4a9e0bee7a3a1f56d3fdf832083f4c6f20e35f877313f7af483c4478c209d16
BUY,0.999,21.961,1728980405,No,0x39b16e019e5df7f0a776b4f32b863648e999569627e22900579ea7c7d9d43e99
BUY,0.999,25.295,1728980405,No,0x9d490f39cbf1756de3815e46332fc0556a24f4e72feb6d42301cef0658a23cc2
SELL,0.998,4,1728980399,No,0xfb3291b2087f664bad971bb2ddb9058d63d04e28156a06efc9e6cb857de2f9d1
BUY,0.999,897.107,1728980317,No,0x8e039f81a735ee8d591728cfa937cf95dc266d0988925a4a5db310f5dbc0a23e
SELL,0.998,305,1728980295,No,0x29a8a5404d8055ba8355e1dc1db0905447ca5909fb3020e5ad8879b0d5d51ac4
BUY,0.999,305,1728980273,No,0x397fcdad0d8792a885283223462f2bb17fa0a454dfaebd51dbb1eca90e3edbbf
BUY,0.002,14,1728980199,Yes,0xa45c3c806d6ef74a04aea5f512fa760a9c8b270fc1c8e86861128eb14b8c8627
SELL,0.998,900.85,1728980181,No,0xd7d6cc7364f72662b101f076da502cd639059d75ec439b3d65c07a253f9903a1
SELL,0.998,3,1728980057,No,0xc6b983149b1af395e191fee8eeca5abe18f58901cb3206e6caa240390f9a30e2
BUY,0.999,77.077,1728980043,No,0x58b91bdfb03f707e74ac1fe44da693b0dc4d491924be9f2ca9d001187f765e95
BUY,0.999,55,1728979999,No,0x107fca236019870be5722f7ad52c0083267260454231d3e62455eb81849564e3
BUY,0.999,5.805,1728979989,No,0x5e88f739d9fb2d042d851c1232ad297b49ca10f54b6acdf45d7022753836feed
SELL,0.998,26,1728979879,No,0x2f23ea32c43115ea7cacd1ac5f9ca575f3535e05309952f926be352d6a3dee06
BUY,0.002,170823.77,1728979867,Yes,0x170389f887ff583c5cd76983026fa520b48df4ce76ed8a52360ae01bebb0f583
BUY,0.999,75.075,1728979857,No,0xc6cd6dbdf64814f1a985b9cbf9acc95881a754d8b5c9aca800f3d7555965b97a
SELL,0.998,4,1728979855,No,0x35bbcccc269239c76a7ef96a84024f8b43860ab6794284783e7b00969c6ef892
SELL,0.998,44.88,1728979799,No,0xc8caa85a46a8dc9eb43dc45601f5843c8f9760171ed8e13aa19838ab7a7ca84a
BUY,0.999,6.006,1728979795,No,0x619f1b2332021aa112282eeb108138515f09968d2edc518d676e2bdd48484950
BUY,0.999,900.85,1728979723,No,0x29a1b92cc6e659653d2b8e8d309598bf86a9d2e360c6c01f9d1eeba881648949
BUY,0.999,44.884,1728979709,No,0xba288e8e6fb7bae32f5f06aa106316d475a6db31f4acea37dbee7e68d518fbb5
SELL,0.998,4.4,1728979679,No,0xd76183868575c2b428e17171f3950337e5c4b2cae350faeb6a3674dd14efef4e
BUY,0.002,27.68,1728979677,Yes,0x7941b808dcb29a7e3b5daffe1914cb63af3567ffe8a89d44dc3ee5ba424b62e5
SELL,0.998,77,1728979627,No,0xf68654569c1c6fd12f88008a61d0ee577a5d3474e9300eff1eb3470d7fb0c614
SELL,0.998,23.33,1728979523,No,0x3f8b45db4b83335956a90c46c3b3ff133ed884f0a01faa58659d6e7c9a65832e
SELL,0.998,27.38,1728979523,No,0xc48408a9a36eed42f9ab435d842a7801f7f0c257de0af270365b4a2f41eb46c1
SELL,0.998,22.29,1728979521,No,0x366208e4b25088df80a4c308ecc9028be602b853ad163163c6899fe1dfe0f707
SELL,0.998,21.13,1728979521,No,0x8e8d5b027878e160ebae5a3f59424bcced2e18751a5523d12b558cc31bd14d62
SELL,0.998,20.66,1728979521,No,0xab9ecbeb58a8ec1c051ff5eea75286b012ce8a8d9333255291b16420dad74c09
SELL,0.998,22.01,1728979521,No,0xf70106c0093a8deb33e8d5b52d98639c3a14ef94187f8ac5105c6269592760b6
SELL,0.998,21.15,1728979521,No,0x6d5b83d0fad38f7f278f81831f67f61a80089da5ada1638fa4f50af3e056f5d9
SELL,0.998,23.02,1728979521,No,0xfecfcb8cd0a0786617f2e849e6f5306a5ce3898e4154aac5f1e9336366b784d2
