side,price,size,timestamp,outcome,tx_hash
SELL,0.001,8671.61,1729211124,No,0x582950e3f30db9d0b3b87ae7aa9fd050c1118b5b79acefbf6dc4b1129c02ed60
SELL,0.001,43690,1729211124,No,0xebcecba1eb80041ec9e5e4b6f1343403f4fd31a1860524705e6265b6922d3e64
SELL,0.001,51600,1729211112,No,0x51c3de28fd70eff654b36521e0effd29c7c4f52a9f24597cd128dffd8357d6e4
SELL,0.001,2608.33,1729211112,No,0xc8b5d8f0e6832d54b981dab4699cc2e28515fa86cfe7046e1f96b81749600a4d
SELL,0.0010091172962038131,27420.41,1729211108,No,0xd9cd989a676bb0e3f1d6aee799289051055d27db35d5c3858345338e84a2f038
SELL,0.003826267175490684,172567.85,1729211104,No,0x4b0b1f7982baeaa9d5a7ab433c836a2cb2cc5b36c500300817e7debba5cfc30e
BUY,0.007000000004484783,2675.714284,1729211104,No,0xd4498ee66ed9c89d168b7c06ad394d2efd04e37d10347538d69bf682a5b41ed3
SELL,0.993,5.02,1729211104,Yes,0x072297e9a2c2ece449080018b57f11d86b2acb2a96344adf542852c48f268d5f
SELL,0.0018754859998448873,975419.55,1729211104,No,0xe43e4d76e47418a6d8ecb310b102ce1d1a3f2327a4c4a85d9aadfa04ef7de385
BUY,0.007000000008536586,1522.857141,1729211094,No,0xc0de9a96779948a839ca17d970e6dfb6c50d0244c0a9f5a323d70556a4827463
SELL,0.004,4825.03,1729211092,No,0x52375791d7de15828d805a02a98f0604ea2f4c28b1535087ada9e7d06b98ab2f
BUY,0.996,5.02,1729211092,Yes,0x224963d2f5b6267414cc119c354e818b555cb071fff304bd2aa6061b9400493d
SELL,0.004,3995,1729211086,No,0xd13d9dcb5f45d8e9b791054c14973e2f41e80465c5b8b36e8c10a40b7a2647d7
SELL,0.004,2856.49,1729211084,No,0x01ce370bf37a88b749150a59eabc4ae38dc5413766a291988e9938f0c59679fc
SELL,0.004,14822.38,1729211084,No,0xaf166800ff92711b8ec13bd199744a7977f60adfcf50c1db9406bddbd8f5b5ab
SELL,0.004,2198,1729211084,No,0x895bbe5d1990921575c1b027c87453b56936467003fed174a9c6adca2a06b6ad
SELL,0.004,38528.25,1729211082,No,0x523dca3fbe997bee5e60261c9b661c3bfe16b28d18ef9f2fe93c2253ee359900
SELL,0.004,2314.39,1729211082,No,0xb6117c9702194c495fd51f4d095a0e595c0bc3adc2a27bb1ed0e9b723323bd19
BUY,0.006861394523640484,195965.994284,1729211082,No,0x6bf13767124b1cb96b1c9dc073a2cd91ee5dd874aef0950fc3520919cb63fec4
SELL,0.004,1657.91,1729211080,No,0xd0d7e89f9f7f08ca52a1002cfac79a95b6798dc92b77552bd978d294d3d017ca
SELL,0.004,50522.87,1729211078,No,0xeecd4537b895d787dd320039d75ffbd0b6a20dbafd03ac5c0ea65c6d96e3e81d
SELL,0.004,8640.83,1729211076,No,0xf25d07344ffa0134cac65e4044c30a3b64a8b466a927b4292b7155f5891d67b1
BUY,0.996,9.026,1729211076,Yes,0xc706ebf7e0c27de4933a562bdb05d84fc7c59719d8638fda3c5581e72dfdbca6
SELL,0.0040428067320235055,73586.79,1729211074,No,0x8de7bf0bed2257633f3874a6d4b3e17a04f8528b285703c0393dc8f263997b44
BUY,0.006000000000480096,8331.666666,1729211074,No,0xb0fbd5bb52056cd79e818ebdb392758571eed402d301244d13c701b0b0825ef1
SELL,0.005,1849.99,1729211074,No,0xb0e45f0edba85c836d32d1f87dc58be611190e4ef1675d8735720ee6551a797b
SELL,0.006,2695.98,1729211070,No,0xf091348987e67c40ea2c63cc8005e8684873cda93ee7b757f7c6930ce10532c0
SELL,0.004,43478.17,1729211064,No,0xe854e4f76bfd93d3e930ebe112ffa69b2b8d7e77dee0533f64c64f9e330de07e
SELL,0.004,12507.5,1729211062,No,0x3d72d9858039b5b35a22dc1a767088d52fcac3b7cee98f4216d4fd9902ffa16b
SELL,0.004,425,1729211060,No,0xe18d3ed513c0cf2abfe31b67fd184de10fc58eda5ec6e6fd984a92f994811357
SELL,0.004,18892.1,1729211060,No,0x97ede8ac071653156dc06f92fbf9d08e69570f4ba2f496c0b147ce7af8dda322
SELL,0.004,20977.93,1729211056,No,0xbebd49d8c9eb786385aec5e448fa0170dcc041479b2b04f5f33868c777abac42
SELL,0.004,16699.14,1729211054,No,0x0d1dbad0b3094edfae6d276b699750483de0b862072c92c765732bc2a5315aa9
SELL,0.004,2000,1729211048,No,0x0e14830d9ca543ce91416ba15c057292d4818007aa35c396e6c5bbb27eed62a2
BUY,0.007000000033478261,328.571427,1729211046,No,0xe29ca1c85a3bc7843a5d7e02a540f63f1166032185e9545c0093e77f20699678
SELL,0.004,2053.52,1729211044,No,0x933c2c79406929c3061655d3695b4abc576094bf5637cb1d4c214b59f9a6a4ac
SELL,0.004,29880,1729211042,No,0xab114105ff905f1638db3796823c20f796724b11a5b8f26b36f7947797e854a7
SELL,0.004,3787.87,1729211042,No,0xdbce5b3e9d2ddc1905749dbea695d798f24241254b7eccead443092cb11cdd61
SELL,0.004026391937157631,37890.36,1729211040,No,0x98bdb55a19d49357d6a0d65d167e2d2c6e2348a8c34c601fc76b867683bc7d1b
BUY,0.00700000000182,7142.857141,1729211040,No,0xfa8d97ac87200004a75ba330793ec7a289c9b567d77e474c43a57e731b9ece4a
SELL,0.004,399932,1729211038,No,0x5d9a63705ac42994caa887051cd59e4576e705d11912ee1a1641e3541044d6ef
SELL,0.004,66577.28,1729211036,No,0x36851d0f6e0c7b110f51a876a06607af4c2dd4c865ec8a687ad6d36adae69ffe
BUY,0.006086092827688273,4107.725713,1729211036,No,0xcb52aedf45fc45a5de2392e78cebb5ca31cd47ce7730205f48133963b3fb9345
SELL,0.004,3000,1729211036,No,0x25d68dfc2d03a02c23c46b4777b0c681024592fde0f5ad3eb5991e5056ffe790
SELL,0.005,8921.29,1729211028,No,0x593ea4549e7937e19eea432363037a037e0d9d0a06a24831b0b3f0f8a65dea6c
SELL,0.005,2700,1729211026,No,0x5261bc9487e2a8eea9a15ea1d67c19e3fec5adb0565f2b151aa6390072782046
SELL,0.005,70397.81,1729211018,No,0xfffed1b848ebcff999653610569bf6abc8f616d08d510887f173167a8168bafb
SELL,0.00527694396801006,1285399.11,1729211014,No,0x5deb9f72ca3494660701ef3e634059b6191dc35ed521c486d31fcc8c3be15023
BUY,0.993,333,1729211008,Yes,0x102009900639a78c9ea5a539e1f89aebadc308f4cdd7146a812ec89e81a92052
BUY,0.007,999.72,1729210994,No,0x3d98908319e63aa561bef1ceb262fb45d181ce510dc7d57e71e40702a41956a0
BUY,0.007000000001410153,7091.42857,1729210984,No,0x1c43ede87d1261c6f4215ef178d605ada7b3112dd45a7c6bb7d450ee5180e9b3
BUY,0.0070000000011224695,7127.142856,1729210976,No,0xca016946e10d5d182bb964dfdbd07f45ff70199ee2828919188b82101ca10d19
BUY,0.994,333,1729210974,Yes,0xaa7d2d4a7bf73601ddeebe97d4e766f3b752b22073d4873e2a691f9225c2682d
BUY,0.007,8020,1729210960,No,0x75975ad2a584039327a67575a2eb29e8f0a77d91ecad525e3143acd53cc73737
BUY,0.007000000000450661,24408.571427,1729210954,No,0xc22be08834c42b535a73a1afd28cdf3ff67f8f25655edec449308a1f5cc31154
BUY,0.007,100,1729210940,No,0x01fd4ddb7889752414ad41d09af56a1c939fd6f08d2d3f43a74674b3e770b978
BUY,0.007,2856.49,1729210928,No,0xc088cde2049f481fa050babcb9cb742b16fc9efeef743a9ca9fe5adaea713276
SELL,0.006,81,1729210920,No,0x5cc573dc897b188a7396900b1403b42184f2b9ef37f613a2c37a6a1bb0481c95
BUY,0.007,100,1729210910,No,0xce11c5be3d8cb1d88ae128c3edee9be10227ebfc1129738efc7d1413b49e3846
BUY,0.00700000000054383,22065.714284,1729210900,No,0xe7fbedbd203c8a8f0f5e3406a50ed63071297170ccb6c31d5f0ed4e562ff086c
SELL,0.006,1047.61,1729210900,No,0x10bb6dcd7b0e4649d79aa7db1f8f0864f88adb886a161a469f8d7299fe01ed02
BUY,0.007,9198.64,1729210894,No,0x61060937cf85386458b1c0ae22cbe347b39f801d4ab5bcb333f1e92d7d61548e
BUY,0.007000000042,285.714284,1729210886,No,0xac94f75bed426ac37a413d27226885644d8ac70382a970712b62c462924e97de
BUY,0.007000000000309088,35588.571427,1729210880,No,0x7b0787e91af32c284f04d78112e83487d8e9168dc0ed09eb4a4fad0fb297003c
BUY,0.0070000000163106795,735.714284,1729210878,No,0xc7ec593d10779145bdc8586e97d99645736d5a1ccf8b66705a28f19574326d7c
BUY,0.0070000000126,714.285713,1729210868,No,0xf189ea97df34db9384dddce9ec75360eeb296ef58f4c506acadad0239d8575d5
BUY,0.007,1870,1729210852,No,0x0aba47f299bb874afaa75a5ec108cccb89feba4c8a7bc2e42a57330e9cc20fcf
BUY,0.007000000007809331,1408.571427,1729210834,No,0x9a1421d9a0baee29c0dd97d523f09663df03057a593db9a52cb98acf0dd756f5
SELL,0.993,2.65,1729210832,Yes,0x87ece51d76fcfa5b952a157a520d309294bb2f631d4a0b2f536b50bf69a1c06b
BUY,0.006738589369589736,44127.93,1729210802,No,0xa8ff6873b0828798172d7d22ae82e9adce69e1e7b95872b31f5e2fdda83cc138
BUY,0.007000000006066666,2142.857141,1729210788,No,0xd1e321f907ec8a6a35c326927bc682ffce23eed6bae1c3259a9b4483838ffe6c
BUY,0.994874618526868,3987.83,1729210786,Yes,0xd9b98ebea7d9f2058d3028cc8a327adbb8076b7fa408e8c6fc17eac576b9a619
BUY,0.007000000002248996,3557.142856,1729210780,No,0xfe2fd047d0b33ea30fc155634c4b7a3af1c754662499d5e76ad4e18470a72488
BUY,0.007,260,1729210780,No,0x91e14925c857f4ad85f55db504c2d11f5d2c143039744304c52213e62424bf1b
BUY,0.00634978230066647,1574.857141,1729210770,No,0x06c1882698be1517870234bc7f35fbe60ce9d24d494d52db80c6c3f7b3b8a3c6
BUY,0.006026292196762813,24890.927141,1729210760,No,0x2ea9e5e81f697928b59bf8ecad3496e1e3c2de0ed8e54019a4b9d7b7430e6902
BUY,0.006000000024,416.666665,1729210754,No,0xf92617bd6b4b218f65de064b93fc602a70b103f2d56d2cab1d56f0176a3d51c0
BUY,0.006000000015,666.666665,1729210752,No,0x3861d541d963f55a63d59a46924f093e0397848963f568275ba950dc18a3ac2a
SELL,0.994,13.17,1729210750,Yes,0x8d7800e84fcce7bd5e166730a903bf5836022239e844e605e0a7fde7b33030b5
BUY,0.995,2.6532,1729210744,Yes,0x6ebb4c3a46a89432a97a9e20a7ec2e6a3482d87cc6921e3c71cbf40a8ff8b04c
BUY,0.007000000000315189,28554.285713,1729210736,No,0x0e1f8f77461f64f4fbe779aad8b2927e3f3f0c7b988ad660fddddfa9612d9c0c
BUY,0.995,13.1758,1729210730,Yes,0xd08ec6e4eeec0da1d98c8020b1c077bef0b58ce906cd7a09aefaa28a316f4a7e
BUY,0.006099723513562494,1639.41857,1729210726,No,0x69045986a8ef967b1ebef4908a1997f0fc56ad8a31b03beed3c85309c90d71d3
BUY,0.0060000000006,16666.666665,1729210714,No,0x3e448b4def5ada638b57c09ca437c8b6ce91f120637bddb9cb411a8caeedb546
BUY,0.0060000000096,833.333332,1729210712,No,0x84807c574334f186d34a84a7f9ba86f6307c4aeb458daac5b9ca043ac073fab1
BUY,0.006000000032608696,306.666665,1729210704,No,0xf5762b7df90ebe0388434e30104ba63c12292c805b3e55dc15ea64cf3065267f
BUY,0.006000000006,1666.666665,1729210704,No,0x0c426e88a754dded69a0ff430f503075dac27b1c35f1476ad8c9a175a697b50a
BUY,0.006,50,1729210698,No,0xec1e6ab2a764124d4970e1a96125a8b1193f3b102dd93478b1a3ea75cf0e1b76
BUY,0.006,2000,1729210696,No,0xebb13397c1d93e673c19fe16dc935009003c8e97f1c7deb5a81288d37095d616
BUY,0.006000000006,1666.666665,1729210684,No,0x28dd2f5a2fc6bdadbd863c80632d1c6556774d405c58439684604fc9c12f7b65
BUY,0.006,40640,1729210684,No,0xb82de3b86fc5e5a9516ab63f715f1fa259a2bc6f7d8704d0a4aef416b4b19df7
SELL,0.994,128.81,1729210680,Yes,0x9a00ee0a87e44b107979dac408298fd282a1727f9f17144426b7d1905ccde893
BUY,0.006000000000962889,8308.333332,1729210670,No,0x8f5fdbd51d5afb582c98e21393c3e0fb17113fae0bdabb2ec679f75da5d6066d
BUY,0.006,250,1729210668,No,0x3bc16ac3db61bfc2455e6e13f66e3c1638bf140075d7341fec45e970f2f06bf1
BUY,0.006,5555,1729210658,No,0x5da6a04b1478e6c0326ad61c0bc442711a67ff4153b4e47b69f8fc0bb238bd46
BUY,0.006000000000024,333333.333332,1729210658,No,0x350b2978a95f75eed4fd20da19d30e5c86d336f0130331289f770565fa555550
BUY,0.006,125000,1729210656,No,0xd49f3b29441c7bb534c248795b22e77b989f1fc812470a5ece8cd6a0d86f6430
BUY,0.006000000060000001,166.666665,1729210654,No,0x19bd0f8e3279a208072de54ce8372db24da243f03eaa5a77f4ffec66243fc108
BUY,0.995,555,1729210654,Yes,0xaa8adf440d6d20951fbc7b6ce4a75d0d0ec22521e1f4a46d965b2bfd1642a152
BUY,0.006000000060000001,166.666665,1729210636,No,0x515996b5259302678d64c23530fa0eca6d63ce54c2ca2295e9274f37e44c446b
BUY,0.006000000006,1666.666665,1729210634,No,0xabb347425475b5b2ef5cb5fd0c02430d7430e6c30d61e4b6cc86baac7aacbec7
BUY,0.0060000000096,833.333332,1729210628,No,0xa7674c89085f3b7c3850f9f231dd138d0cc57a83e88088f9e5e30d5ccf181c71
BUY,0.006,4500,1729210628,No,0xba0cae0771f1c98832396d45732b0f3a041f7d8d67b4046f9a7d9beadd91531b
BUY,0.006,2500,1729210622,No,0x7e0ca035b0d6d3346280486ae7487efbfd279e6a2df258cd5cb9b7ff7d2e25cc
BUY,0.0060000000024,3333.333332,1729210622,No,0x9b3ffac7805f5deed6c061b76971225441033f26b95207f91f45ae0d08ae1d88
BUY,0.00600000000060018,16661.666665,1729210614,No,0xc6a86056e0bc43b5cb11d73cce1662b7ae2d087bbe74a41e68637b25d1c8dce5
BUY,0.995,128.814,1729210610,Yes,0x21afa9a6efd77faab3ec977acf175ad2ba9ae82f8c686fb512cee229a88378eb
SELL,0.005,0.67,1729210604,No,0xbe9e09ef660079d504c762e046eccc0ea89c3bb536f76a6bedcb3585c0c76269
BUY,0.006,166445,1729210602,No,0xe62833c3272486faee309e32664d6dd55f3cad2bf0e321d8cdbba8422e99abad
BUY,0.006,364.68,1729210582,No,0x4a6df5c2d2373739180a3599568cd4ff779c01410a85afc273c623a214eb9ff3
BUY,0.995,0.01,1729210582,Yes,0x4726261668fdec02bf389ca700dccae7823dfc69d3870a8e7a8cc9b3afddee28
BUY,0.00600000240000096,1.666666,1729210564,No,0x5dc79bdc66d406036bcb257ef99a9e47c9cdbfcc4a234eaa73fb59a59661f878
BUY,0.006,1500,1729210564,No,0x879714bd647a09b314f596713b3146d60169196a6adf3a0da5273946cb43becd
BUY,0.006,173111.64,1729210540,No,0x82bbdd4bcd2b032b29f17d8fdee58869e27d2710ed0219b7dbfe23abd16a1c44
BUY,0.006,8315,1729210530,No,0x2bdb98a4b20886c06c320e2f41bae4b70edef2513f076188bf7f515cdcec6708
BUY,0.005,3870,1729210530,No,0xac81e3497acb405b0c175bc528b77f79fed154d8f5776678a84ed9a5ad51223a
BUY,0.005,6130,1729210522,No,0xc845ce431c3f5812218de6a6fd09456da01eb0d9505592f7a93cb513bbf9360f
BUY,0.005571758021727693,8973.828333,1729210512,No,0x4e444bd54cdc05d7dfbca11a79852f619c9857856d7ddf57974dbeb35f311907
BUY,0.996,1.32525,1729210510,Yes,0x9138d5ff063bc0f811693ba346d9c428c0ee616dfc0642051e5a479a9578ae43
BUY,0.005,2188.07,1729210506,No,0xe3227d5446281f31124b366711756112727e583a1591714283d0cb0b77f64329
BUY,0.006,2000,1729210486,No,0x86a7e6b7f01437a4860553d3ad073f143ffc341643eabd0f9beab4d5f3580c16
SELL,0.004,100,1729210484,No,0x1409776366a9f830f44f0155fcaab3248f076eada8f8cd20ed4c475477a69f1f
BUY,0.006,1620,1729210466,No,0xa9fd96a54bae50224862abe6616de513b56586b628a99b9853777ea30a0978b7
BUY,0.995,1000,1729210462,Yes,0x30000211ca01db900ed037ea4a39de883baaeff40f4b1a50e7421c5800429d95
BUY,0.005592344128535792,101478.018333,1729210452,No,0x8825580e25ae6a351e9594b30988debd16dd219364b25ca12761e4ed112c8421
BUY,0.005,100,1729210452,No,0x189efdca1c9dd5c531ce87bd908e4ac6741bfac75b7486ebecacce7e1d6a6a36
BUY,0.996,75000,1729210450,Yes,0x687e87a364549135594cf8acd2443979385c7dd8ba621ee1545af163236534af
BUY,0.005,600,1729210448,No,0x2538cfec201349eb3baf2f0203c9f9f3257b0407b720bb16c66a37fe825230a2
BUY,0.996,500,1729210444,Yes,0x1a213246e9fb4a5ef11872225d020685bfe87fb862ecb6a534cbee5902c5d8ef
BUY,0.005,1676,1729210432,No,0xfc5d8343873b335350f909c3be3f3629efed9c9430d525d6e0ded29eb7ae73af
BUY,0.005,200,1729210430,No,0x3477e9af70abfe025802dff1ae48c852badbcfa52d45305b0d35f3d49fe959cb
BUY,0.005,100000,1729210426,No,0xd3150ba894a03fe5cc23bd6093ef56542166afe4159531f5d7a2bf32a2786b69
BUY,0.005,200,1729210412,No,0x0d4691ff699090c8a7926611235cf9432ff5769ebfbcd0dbced0d60ef58d2b69
BUY,0.005,400,1729210408,No,0x2acec1e9f2ba1725155a24e77a5218dfee153411719717d38b50ecf21e8834db
BUY,0.004761904761904762,420,1729210392,No,0xd82488cf25b3ca9593f381512f3cb90de64722ef62c7dc139b1d98bbfeaef541
BUY,0.004820643150926624,2074.412,1729210378,No,0x36629cf2aed73599b805205f0ed7d3faac0a011b755d90358130a2b6cca87a6b
BUY,0.997,0.01,1729210352,Yes,0x31ae347e310f25ce43894e7dfc2abc228cf7f60629e21200ac61d1cb3701fbbc
BUY,0.997,6883.57,1729210346,Yes,0x9fd7ebf898a748cafa5e6fb0a8fdbfa3fd65522e38602fbc8dbe90de294b2d9a
BUY,0.005,7798,1729210324,No,0x99de89f8228dba7f56066f18d3fd59698ef501c74d0322753e2dd934743d1741
BUY,0.005,1000,1729210324,No,0x03b61ff2e71eaeaac09f7c00b75a8949937c1884b1170d6ec1a7ea242daba5a5
BUY,0.005,40000,1729210324,No,0x7d58341d1e397086b0c24af0dd7dec73fd8a26c350fdd3deac5661ea18a78630
BUY,0.9966165113124006,26207.944281,1729210312,Yes,0xa79be79e7753ced9515597c01640151a5254e1348124a8d608882374da56bd7c
BUY,0.996,13.98,1729210310,Yes,0x6a4100576829a0574bd363ab32066f1972b5b680d59b47d9abe56d5f5c7a8fc0
BUY,0.005,200,1729210310,No,0x2d4c2272594ec48c9eedb065103529a6849f8241a24ffd6f62ea15e92810f4a4
BUY,0.005,50000,1729210308,No,0x9c98872be5284fa5a291dec2bb773272cc485f9cf3aaeeb3856015cd6aefed3c
BUY,0.004,380.57,1729210294,No,0xe9ffa7acd00125dd72805c2ee682b9e030100086d01386fbbef35e419d314e77
BUY,0.004,1067.5,1729210276,No,0x3e1b05ba11b29f2223e9a3f1d59ef64d60ab77432dfc45a023faf656c0af73aa
BUY,0.004,70000,1729210268,No,0x28d176173dc59e13f7423852cc31a1205064d6e7756d788567f888a45591dc1f
BUY,0.004,750,1729210268,No,0xc99a436c8e6987bdc03dd98a3567a50ed2840629e74e64d6919a47b929a043df
BUY,0.004,1250,1729210260,No,0x85c04aaa10734425a2a472eb655af3cb76b7e0409513ad49f9486e56694cab6b
BUY,0.004,1250,1729210234,No,0x6800981e665bae0d6baf4beb293960a9fc0a75b78e9ad3d18a3b824f7be8f751
BUY,0.004,1000,1729210228,No,0x08723abf550bcaf085a2db7765aaa76bdf957693217fc9d083f56eb06e674429
BUY,0.004,250,1729210222,No,0xbaa5efd352fb5ee4d26710b1655e821af374a2ed52faa07ddd393d47cedf001f
BUY,0.004,6250,1729210202,No,0xddaa399aca6098b4e987f8dc4b4d96c00c85adb009d3c793d81fd6a1fa73d258
BUY,0.004,10000,1729210198,No,0x9e35e2a6f0247b7c5c62632b2d30d620ff8078e8e066da754f45326fce02b987
BUY,0.004,2125,1729210196,No,0xfc86cbb2452c4d65ae0fb76954710b1eed403284031c284c17ee318be7f12c7d
SELL,0.996,560,1729210180,Yes,0x0e27ac4b704860fcf2ce52fc84515f31ce034998d11eaac9f7f62e4db2c21765
BUY,0.997,560,1729210172,Yes,0xe6b535fc1259819a26675ed0297bf1b39772ed6b49e4e2676fc035e0482741fe
SELL,0.996,0.58,1729210170,Yes,0x4131c19571e73ba510cf7ab7bb63d8305335ac9692a5850eb7bad648a936dac7
BUY,0.004,4037.5,1729210166,No,0x2edeece8651accc284d86864e5be1946d4a594eef7890760d9e396de59d69181
BUY,0.004,75000,1729210154,No,0xad065df4b9195cac23aae018c8c063d26e07bbc25766482db0a05bffe417c052
BUY,0.004,20,1729210136,No,0xe776722a5be2f656d1aec71a3249f9f79494e8f8c425056b572064e629f25628
SELL,0.996,30,1729210134,Yes,0x33cb6480d90f7f53bd66edf3aec48bed694d25d35301a8571e307c753e393ca4
BUY,0.004,10000,1729210132,No,0xfe33198f137c348d5f01c770aca213cd2be64d3361e61327e05153b4f40e1043
BUY,0.004,7547.5,1729210126,No,0xf693cd0350300fcf31b9492928ac8cda1aeb51e84cc142e2c5899fe6e1beec65
BUY,0.004,1000,1729210124,No,0xa8025ce279de3a162d1ff3411fb17375ed16119be54a2996604314f60aeb43c0
BUY,0.004,2987.5,1729210112,No,0xbfbc45cc1ed81d701900af7b1c8f3c7224755ac24fb5daaba9973c967117df9b
SELL,0.996,1825.97,1729210106,Yes,0xc9c56fdf77f59d18dc5af0d899a68fadc6163ead7a01ade091f35e3bc1594e45
BUY,0.004,500,1729210098,No,0x326843cf64c727f2d1b6d46d1496c75c4461f589f700153e73b0796e14b7eaf6
BUY,0.004,250,1729210084,No,0xa15f2599eca10b0a83f3d4f483666931e9f7a43b511ff8ae1ba3f7c952ea6693
BUY,0.003464887813989212,28852.305,1729210072,No,0x0f31b03e52da369b0498381b98824873f92edf63fe12ed6631a3566e50a156d7
BUY,0.003000000003,666.666666,1729210068,No,0x1334381329db2780c208efac6338a867b425616347de2583f0db350ad7670b18
BUY,0.003,250,1729210064,No,0xe8e792e98e3b6f135e1b7f36d11e0e389edf288d7ff8ba91a3b67d46d20e65cb
SELL,0.002,2078,1729210046,No,0x9a3dfbd900ed1749d30e6dda84ce49481b75967ba4398b20626914d67441d27d
BUY,0.003000000003,333.333333,1729210032,No,0xd373ad24583b9d6a95dfa2afcde271196bf1e5d207ee33e3c99d4a4b87d0ccbb
BUY,0.003000000001986755,503.333333,1729210022,No,0x2ea843619d08e8bcf6aced06c92298bfa6330315cf1f22674548c6024812b8b0
SELL,0.002,13333.33,1729210018,No,0x5daed846914a81f65a2deb0f737fc62527d719f78e924f6bb3daa02d7c16a5d5
SELL,0.997,0.75,1729210010,Yes,0x22050c3064c06ecb763ed14cf53df50e4f1a2b2fcfda97f1be735f7274bce56a
BUY,0.0030000000206896553,96.666666,1729209962,No,0x55e9b69f5f86f02725ea3d72bddd7743cbb76177571e1e11d83948d77542379a
BUY,0.0030000000015544042,643.333333,1729209950,No,0x23f930ff414aa43f7ee85263eebffcd35d5b35dc3634dd394cff17101fcccf69
BUY,0.003,50000,1729209948,No,0x0f1d5798201010538ed95b0d0167b40efefec7764343c4706e9cdaaa080c29a4
BUY,0.003,3000,1729209944,No,0x32362d1cbce52e8f45d76b6824b713adb7a335d40a1f71bb5978846b5086240c
BUY,0.00300000030000003,3.333333,1729209942,No,0x5dca8651149bff0ef9ba1ef976cc0d3a458ab6f60b11b9c9e7395a746fcf46e9
BUY,0.003,2000,1729209936,No,0x5a812f4d00d71982557d40a6b3c55b13d4b9192dd65ba1fc8026395de067c7d7
BUY,0.0030000000012,1666.666666,1729209900,No,0x195467f30afebb09d66d8efcb0575c8156e3ddd3c9c2a41c0efc08a56517018c
BUY,0.003,4330,1729209896,No,0x70ead9c8df5d4e9c51cd88b53008aea66827559445e487ec574f44841c943962
BUY,0.00300000000075,2666.666666,1729209886,No,0xec17ca7a4b587091a6da41b933aa807d9ab14a72129e263c1c996a909e393022
BUY,0.003000000003,333.333333,1729209882,No,0xb1c0d2b04ad70f315ad2701e1d670be423964dfbfc3c8ba2d999a0f11e372231
BUY,0.003,3000,1729209868,No,0x33b2ea50675a76d0318bcda9cc14ddf8e00d46aa7c50b580a4dd2bff2b952f1e
BUY,0.003,1000,1729209860,No,0xbbba17adf12d6b8917cd088da3d66b9dfa8ab4b3946b80277554992f71459e00
BUY,0.003,3500,1729209854,No,0x186947a11bbf5e4623fa006e06bb946af608fc879e2b561f20091d80d014589c
BUY,0.0030000000001214576,8233.333333,1729209814,No,0xc00957edd4a5e0270bedb6f3fb8dc6cd2e4587cbba794ef94e77009adc819e59
BUY,0.0030000000012,1666.666666,1729209806,No,0x8da3bb41fad5af93114ec3bdbc1ec11fd74646fd30645731ff02fbaafc1fa79c
BUY,0.9979999667333176,3.967934,1729209788,Yes,0xb7812d79a58ccf74dd05a380bac571582dba00588dd797751dbcb08fcae8c31e
BUY,0.004,2805,1729209778,No,0x82b4bb44561cdfc02bf92ec6922080b32ba6a4cc4feea5a3dd0609fcb445a990
BUY,0.003157994801268201,51966.52,1729209754,No,0x9034332d4c21d2eab22f58e46da824250413cd829631018a60cf67d118cfb6d3
BUY,0.003,1000,1729209746,No,0x35be173dda6e604b47881b6712ba5ef481be572e825c9fc82b204031359ae2ec
BUY,0.998,1004,1729209744,Yes,0x1d2c74a13e82cfb86ae19adcc45d3fb26e771de511de53adcf42d7838e42f9f5
SELL,0.002,30363.29,1729209736,No,0x8195cc3b7dda0a5506fa59c77f2cef67f55c297d5556907c1e997613aaaa5e34
BUY,0.003,666.67,1729209722,No,0xa9d24017582188e6b9fae7f95227b09096d7df55908f4f69de554ad52c66d272
SELL,0.997,19962.16,1729209706,Yes,0x66cb8958f48d81fdbf2154bb215f9b03661b51a70c61a76bea2b934f765a35e1
BUY,0.003000000003,333.333333,1729209702,No,0x6e3c466bc052daa39d86080feb50c66276c1c1ae20b18e60e6cd871003fb36bd
BUY,0.003,1000,1729209700,No,0x4f0baa3d8e4b33374458d1988d153d82574a1941123230718792dc13c21f7085
BUY,0.9979973386560212,0.3006,1729209698,Yes,0xef55639d8a6bf40ad7f2021be6e24a7c0b19fb35607c8c2040ce139e105a53df
BUY,0.0030000000003,3333.333333,1729209690,No,0xe8d56fd1a2a03dae9f8304304a6be490716bc99862aca2ac080e584a6a908b7a
BUY,0.0030000000003,3333.333333,1729209680,No,0x6fe660e5582eac79f721a2fac321f186f1d782f12cf58e9127a8f6b4bc4fd990
BUY,0.003000000003,666.666666,1729209672,No,0x5adc255e600f639e162aa950349edfc6a8cd445b99c7d146d4f55f9caf61d9a5
BUY,0.003000000003,333.333333,1729209654,No,0xbf67a6126d1cb4b556b3230f15c3a4d47ea464e0b37a5d190a6db212e3b772b7
BUY,0.003,43690,1729209630,No,0x164b54c2a44121eab79dafb1902134477540c6f621c2c9f2499116a2ab0d3cc9
BUY,0.998,103673.19,1729209610,Yes,0x1042f22e212f9af817888e95535346f1a18660e606186e54165407992dd77d01
BUY,0.003000000003,1666.666665,1729209602,No,0x9a54d42f1f18eb470b4a172d3c08e8e7e15d943f71b3ce83384d6102146bb2a6
BUY,0.0030000000015166835,3296.666665,1729209596,No,0x78c6bec291d9c5596cd7ea1881559cf7a5d1d4feb8ef7fe611b2154a7f56dfad
BUY,0.003000000057692309,86.666665,1729209596,No,0x17ea76f388ce8316ccd771ab203d95e766e9d749184c73d599ed4c69b1708ed8
BUY,0.00300000000012,33333.333332,1729209566,No,0x100163b7253690e593acfcd33b7c24c0e44d4c4bdb17f1bd25ed768361b65e94
BUY,0.003,3665.84,1729209556,No,0xe69ab69f95566b25b7e0a3826744dbd3c8c974a719a7f38a4101f306e455d8e5
BUY,0.003000000006521739,766.666665,1729209556,No,0xa2be16d9455b588ca21c427420664cec12cd690c4c7c91a056c8f8d1cf817fea
BUY,0.0030000000075,666.666665,1729209548,No,0xb1467a3c9304d081b5a0631b6de72641d4f4bdb226db469b4fec89d8d862fa0f
BUY,0.998,19962.16,1729209546,Yes,0x9a5d7e766330460d8761e20b12a3eb1e3577c2ba748b12cc5380f4742f2d7e94
BUY,0.003000000012,333.333332,1729209536,No,0xaa2d34b4a4ddd56907bd5a01a3be9c36b2c7721ae44e7b7c53c94398b741f0e6
BUY,0.003000000012,333.333332,1729209532,No,0xb6b6055bc8752f08284b1ac9c345fa60e44b1ac2b5683ec8c510d6f944b6d501
BUY,0.003,1000,1729209528,No,0x00f586a3c613874bda0e508f1bc13afeb7d7a694d295c0fc78ec271707e89d55
BUY,0.00300000000012,33333.333332,1729209524,No,0xf46a8b9b3e61bda23c7c4093c7d0247789946d14cd4d53bfbef1f2479cb31796
BUY,0.998,0.01,1729209518,Yes,0xbdca28fb14b69e528305c6a1862912e36d3218718a0008f44b87b9a57e6ab5f3
BUY,0.003,5000,1729209518,No,0x8ecd0ef81468d6fb89e6eb4894ec0846142f4b2082fbf0c987ce66222976bfea
BUY,0.0030000000001155626,8653.333333,1729209516,No,0x4abe05c3b10e9764cc9f99fecf450740c4d902bd3af3eff7cce05eb18e68110d
BUY,0.003000000003,333.333333,1729209514,No,0xd7c244e05c1393a7eda64793e30d5e8e4014f456788ee2b6c7bbf5e465e725e4
SELL,0.002,426.82,1729209512,No,0x23e280e80debce5eacbb87c93203df82facfd6475e080a5f39a157a969484096
BUY,0.003000000003,333.333333,1729209508,No,0xca83e6521f45272bc82087388cd461e4319a61acd68a3c59eae90921e170e53e
BUY,0.0026809893458616648,37299.663333,1729209500,No,0x963a8780d81a5e2b379cbdcf91ed3a4fe8e647da75bbe0afae79e9fc697e272d
BUY,0.002,8490,1729209500,No,0x897ed10da215da9294428905a9d716553a8c648459f8e61de8dd85c9a0782318
BUY,0.002,9755,1729209496,No,0x1717961c16564ac0f5938ed1c90c404738fbff44d5f9d83b49b27264ab2e3dde
BUY,0.002,1345,1729209496,No,0x1552114a1e2b6e5aa50dfc82e104c957f86964f865ba53637c1b5f5227838efb
BUY,0.002,190,1729209494,No,0x90751b73606bcda4b59dadbe736ee4778f130445f71cdd3a4a9f31ca34119de7
BUY,0.002,500,1729209492,No,0x98bb0801f7dee82f3ee01432c518e89f390649e21939ee6181937f96b124f3b8
BUY,0.002,500,1729209484,No,0x7a334c7184206ebc89f4575e80dd33c806dc73618cc158ae0476f75f8dc94837
BUY,0.002,5000,1729209484,No,0xfff3d09ee5e1cd32c932009159a147403318c777494165a5ef70d59d5220d5d5
BUY,0.002,500,1729209464,No,0x2a2663ef05f67f2413719c21d20c6a5745142d61c3dc07d585d8cb60c3008826
BUY,0.002,500,1729209462,No,0x15d20beb149c2a95a208e074dc8e17389e293a8fa4d216774eea09ec0bcdbf9b
BUY,0.002,8100.01,1729209456,No,0x6cfd62baad5c25337e1c117f93465e8d664103d1f48cd10d1f8ee6d971ec9896
BUY,0.002,4575,1729209456,No,0x508262e375bae8402fb3a11dff011722f8cf5ba4ee722b8f81fd3a59e2529649
BUY,0.002,1000,1729209456,No,0x7d8d0efe7648bef30c89d2d56bdc1078fbea1a768a74238c297bb11e75f73138
BUY,0.002,19450,1729209454,No,0xfdd769bf2051ea5135232e89b681e99d9e176a6a8778f41c2d642ccead6c054e
BUY,0.0030000000001219017,16406.666666,1729209412,No,0x626ce07a001e99a7918238fe6146d24b686eac3658e5f66792ac23da65ce6bbd
BUY,0.003,2000,1729209406,No,0x12aa94838f5ea2d31eae9c982c8621b8181e9544452a006394c6b0b7f650b1dd
BUY,0.0030000000046875,1066.666665,1729209394,No,0x7aa1121cca9f1bd25ee5f1aa40149b24990131a926daad320e82b06db8176c82
BUY,0.998,681668.55,1729209392,Yes,0x753c57c3f874dddd9668aa0bbe3defa7ab80ee1173125a288a10ea3c5a11353b
BUY,0.003000000003,666.666666,1729209388,No,0xb5d727d29a2d550c9922e597832fa7577ecfcb6474f6a936a2721bc392633537
BUY,0.003,15080.12,1729209372,No,0x6446d7d3cd0bdb911d30b127957f7d56e8a811e465c784f1ee20f7c329ac8dc3
BUY,0.003000000006521739,306.666666,1729209342,No,0xe843d513e1b8a45b856c096c7bab16dd064991375838bd67cfb61dbcd2feb393
BUY,0.003,100,1729209332,No,0xe41672d4f8643efc3bb9ced566f7a8c1106570ba80bd9633722d69bdc2ed4ff8
BUY,0.003,3260.98,1729209306,No,0xb2ce87511df6a2f1923b7c24aa4a6438a915197f62e81a4182cd53d72069aaa0
BUY,0.003000000000302267,6616.666666,1729209290,No,0x0de24b47238efe2fe978e466b667d604ddab733e5e532082e870ef576557e552
BUY,0.003,762.3,1729209288,No,0x8a5cee18604a1e53ec6b832dc6d7adfbe0c5bb429df9530242438f0359d3a502
BUY,0.003,1000,1729209272,No,0xb4685ca3028355671edb72a2eb0c326f5ac2a62c4c519e5f8d17b0db67576096
BUY,0.003,500,1729209270,No,0xcef286285679c8c9430d4e27ad74cfab4c263a61e121e1828b18d780a6610f3a
BUY,0.003000000003,333.333333,1729209264,No,0x186376c498a052aeb2f7566bafdb3a9067d9869c722bc4842f17197f456a8396
BUY,0.003,1000,1729209260,No,0x6ba69c9796227f3ec475ed730217736ead51e44cd129a10caa3f9fd51c2bff93
BUY,0.003,1000,1729209258,No,0xd3230688367d95b793156cff1beab79b3d50066c6049aa0146a48d9a6ff8403f
BUY,0.998,112,1729209248,Yes,0x4787214df0cef1acf20ab132fb2b7ee02bee05543571c0e0a7e0c29453bf7fbc
BUY,0.003,100000,1729209248,No,0xe5c5ccf2fea98cf810111dfbaa944b693b264033138f646c5e707d94a099c211
BUY,0.003000000002714932,1473.333332,1729209242,No,0x16586ec3311065fc984a5aae15d3679f6151e9aba641ba0aec62e0c2e7b9b318
BUY,0.0030000000000302085,33103.333333,1729209236,No,0x7c80139ddecc35c8c6d6c9b03a0e7d1fdbc77b684ebf495e480e8e24d6872281
BUY,0.003000000003,333.333333,1729209234,No,0xe63a57871294c7946baa3890cd20dec697df4d7c9f7c010aabf8db52e28644b9
BUY,0.003,100,1729209234,No,0xc7f6563b350af8146b07911523ae78df35015370e4acdb08b7a9c37be8507ab8
BUY,0.003,3454.01,1729209224,No,0x3be182f2e0e4bce5cfcf07b99ad404e6fd954b135e46dbb1ecf110a679045262
BUY,0.003000000015789474,126.666666,1729209144,No,0xf847cb461e985efeb47075e51ba4388db6fb99cde5c53dfdfa98eef7e58c7d4b
BUY,0.003,6800,1729209142,No,0x939b6fba3243720fd1ec7f68a691d05155b46757fc4c3f2c0ff1f79817bdb9a2
BUY,0.003000000003,333.333333,1729209140,No,0xd8997a0ef8c7e1ea026791be139af0b812426513be81f8a2738a36de97d0d5a6
BUY,0.003000000003,333.333333,1729209100,No,0xa80c087bd80232029ad70aa0d344173abb09d3699ebe9c71dbfff2772a3acd33
BUY,0.003,1000,1729209100,No,0x1bc9225483a603076d9a8f2fb763111517dc4af9f1ae4e4342d2d81f5f5e632b
BUY,0.0030000000012,1666.666666,1729209098,No,0xb602a8517413b71858c1ca33b2412f17142d46aca41a1c86c0f138dc6ee5eb8d
BUY,0.003000000003,333.333333,1729209086,No,0x4ebbb40da93903d62f502e0ad8680f3c92cf9869d8796d274982c2da2f2a0409
BUY,0.003000000003,666.666666,1729209072,No,0x00fd8e82262fb1a9d8570f93cdd60d9b5f9c4f37e00f57aba61e2795de584364
BUY,0.0030000000001434036,6973.333333,1729209054,No,0xfb12a84103c56b7ae9996b77390976b0767e622f21180496e14540995c1bc3e6
BUY,0.003000000005940594,336.666666,1729209048,No,0x62280fc0d7e5e81d45fcb57492428ec1cb0b562248ec9e340a0eda4b27dd383b
BUY,0.003,25550,1729209022,No,0x864f8fdb6069eeaf8165506bb6043d7c4985aa5b3e3966e7e2b5815adc58b039
BUY,0.003,1000,1729208988,No,0x820770f389f22c3fd1671b5edee52f2395ad233c6d133c30a348a91cb374c285
BUY,0.003,1000,1729208972,No,0x813ae7371ad8bfa4c627e92e8833e850a1e3027924a975e6ecf978fef84e185c
BUY,0.003000000003,333.333333,1729208972,No,0xfcdd16d95e8b8af37e58c14bf541d66a16290052a201bb38b1ddb29019ab2472
BUY,0.003000000003,666.666666,1729208966,No,0x2d226282ae2102e53447532dab4033eca99675e9cbfa1f697722bcb366ad04c7
BUY,0.003,4410,1729208946,No,0xf20be29047d476fd546e4f66068e4e40d679272feb2255b07b6ce55ed6c7efa3
BUY,0.0030000000000669643,29866.666666,1729208932,No,0x3017f6eb0e665653787ced7d3ebc3e5aec9b668bc5d803ba42ab3399541266e7
BUY,0.003000000000058605,17063.333333,1729208930,No,0xcff5ba89e9d0473a30d76c6f4271a6a293d8330d818616bf59a78f598815456b
BUY,0.998,1825.97,1729208912,Yes,0x12865ce0903521b687d02997181195e2251d88b848d0bfacb8e151d853c25401
BUY,0.0030000000002000666,9996.666666,1729208912,No,0xdd9af8e539f3abdf895c993e5c59e97bb898e992019d91d16c5a9b382b239ec2
BUY,0.003,13330,1729208886,No,0x670b9826b1e05e81c60e0f927baac5dbef0d5201a96958728450dbae4b30c32e
BUY,0.003,2730,1729208884,No,0xeaf9223422a8369fe648ae285b6f2993a921150f405aa9a60eb0d4530b25c327
BUY,0.003,3330,1729208876,No,0xabed2336e78685246179f989f8c566390f644934fe30d3136a0a5c8864f5c818
BUY,0.0030000000003,3333.333333,1729208870,No,0xc19f634d407eeffc105b41dc2b5c73a3217033193b37a44c47fa086efadb0944
BUY,0.003,1000,1729208868,No,0x8408a767f521b38fd7436e7337002fed9ad29b36ad5b8978c2b44bd7dc7b26ef
BUY,0.0030000000003,6666.666666,1729208856,No,0xec14a1954bc52faf89d644849628fd26af868b3a65cef2879ba2559b45b7316b
BUY,0.003,1850,1729208840,No,0xab46fc19f12f11ba9b1f93f147015256698f19d5a184fb1f3b46be84d9a3daa2
BUY,0.0030000000003,3333.333333,1729208811,No,0xef31a572dfe5800a9e63ece631942aeab8615acca6c435867e69cb52a5e76cf1
BUY,0.003,13460,1729208795,No,0x58877714769ce50e4574b3c49509fdeb3661835c5006258c55dd42c0d5878fde
BUY,0.00300000000075,1333.333333,1729208785,No,0x262f8068f722814b3a1cde3571ba767e2d3695cf270901adb14d42b5669feb69
BUY,0.9979995564426702,0.4509,1729208781,Yes,0x9d845a0c1238c971f5a5160754230cc453b597b4c6323ec450390e0ea8fe8cb6
BUY,0.003,200000,1729208743,No,0x528b8c85058ad42bf5bbb496c25585a00fdfd997dfdbe106dcf48edc3b9e3db0
BUY,0.003000000003,666.666666,1729208733,No,0xdfa233b41ee1d2adcef4cbd6649fcc30b86bc516cc9370bda50123b47f49b0aa
BUY,0.9979973386560212,0.3006,1729208733,Yes,0x564798dd70511188f04b15ed456eb892042e78f728f4a3add7a41ceddaa8d116
BUY,0.0030000000015789475,633.333333,1729208723,No,0xe03d62324b7fbb85347a33593bcdc337da3fe6b309c61adb8083f8aa03d892e9
BUY,0.0030000000003,3333.333333,1729208719,No,0x9e28991784c8ff7c3ab73623c4f43f07d22777b38d7700dd54b4fd4600c20635
BUY,0.003000000003,333.333333,1729208695,No,0xf0d65277651a07bef5bd3e2d0d6a1084f69a81160155e1f1dbe64434b6b5f77a
BUY,0.003,1000,1729208693,No,0x3371f454d9915ced7bd7862a0693ba355e20a8feb2e5e8274d94399e6093d32b
BUY,0.0030000000003,3333.333333,1729208683,No,0x7af410b8900971bc4423160960108e5bbdb1972e584e58acf24c5fbd428c1480
BUY,0.003000000003,333.333333,1729208671,No,0xc0f0b3f6127325ab827734e76912a1402dd92a3ba9f254b1ad37cf1af6596657
BUY,0.003,1000,1729208657,No,0xbb65d4ee048f50f9a5f4f4935fd77cedf447c6b50011a7be9695e3c9cd4d3bf8
BUY,0.003000000003,333.333333,1729208655,No,0xd805da5f76a3d17a3e150990bc6115a6b0535eebf93c2b1b5deac1737489a78f
BUY,0.0030000000001875,5333.333333,1729208655,No,0x6f73b10fc95efd8e469633cf781e62fdf0fc1406bf641be76ab0d607de872477
BUY,0.0030000000003529413,5666.666666,1729208641,No,0xcc4471b09f3b2f7bad27bfe2d043b924c289806c209f1e1ee330c655f1a5dd5c
BUY,0.004,250,1729208607,No,0x2f845bf9cc21c8396aff5f6595e5c5359c2540f623b37998f9dcdf5654427ed7
BUY,0.0032196379215276316,11498.06,1729208601,No,0xe1458373b96d2f923d8eede9ec85985d5a63b27cfc4b74a875377503915e7fa3
SELL,0.002,4337,1729208601,No,0x0187d2f681b82683daa88ffc99909727d995663b4de3182daaa3b0a049175748
BUY,0.004,500,1729208591,No,0x8449824020fe55d85ea439b684a09602a0bfad3d390258910d27e37700407b97
BUY,0.997,660204.6,1729208565,Yes,0xb6bcd0af6de82ed038395157007beb1935af82fea0d56fcb95437c6c1ea6ffc4
BUY,0.005,21980,1729208529,No,0x5236531bc41dd3ea06e81a1315695984d64e37483b11a88b866dbaf272600730
BUY,0.005,400,1729208515,No,0xd721e40e964d76fd30fc2cf2900fa27fd21e85a1630df2d1ea3594b03e9e8a25
BUY,0.005,1200,1729208503,No,0x0108a2c59446301a1742328622c8e81a3117c1c95a0d46d2d5058b1e6429e164
BUY,0.006000000006,333.333333,1729208493,No,0xf40a05e31c8f2b7f7758527613342645c284b76ce5b8bc99f722be4a829b3056
SELL,0.003031155159534482,21111.11,1729208481,No,0x52a9995cff060a9db209e6df6c73be6c248d1d310e03caa2d74455a0c39315a4
BUY,0.996,0.99375,1729208455,Yes,0x2ba02547f0503c60d9a41fb0d47f9b72c22be838caa9ff426be54652aa9134e2
BUY,0.005,4000,1729208413,No,0x6b569c0435351103b4a3f895c507e2d019ba51000009bc733b9a9abc45b758d7
BUY,0.005,4000,1729208411,No,0x6fd44a28ab83dd3da581eae1fc9d8fc6c6880789cf861462a5274728e9577e0a
BUY,0.005,47068,1729208407,No,0x272012f195199695c1879fd5c81929cd1f874ccb0524c85a78f5fd864eda7b1e
BUY,0.005,399932,1729208385,No,0x54301ff0eeeddd925bbdd6883f72f35d477e726bd7bfd58b76370ee90bfc0c66
SELL,0.004,1750,1729208363,No,0xa80de8a9449c3277707103d8307f0a486a4134d7df9e790d6374840a93d4b4d4
BUY,0.005,202,1729208363,No,0x0fce9415d186961c0eb91e0d73c8afd0171207ec2fc2b756a3223da52a8d2efe
SELL,0.995,150,1729208357,Yes,0xb24f170ed9f729a397b9572108177b2bd88865be51d09de3172fad286d8b19aa
BUY,0.005,1170,1729208329,No,0xc789f6d0498b8280fb0a6e0c0adfbb54a4fad70a8c2f9db7962a8257fe6dc1cf
SELL,0.004,550.01,1729208319,No,0xe8153fbb188aeb3e72c41b4121469a0589ff4bdfa59bdfd6862c4cbf6d5bd6e6
BUY,0.005,100000,1729208305,No,0x71068f9e3a6e76781dec90ef6b9648fd570de3520872281dd90e83973d4b2d48
BUY,0.005,1146,1729208293,No,0x992f28d06244bce7772f4e53a2ff1cc0efd430a1c12d5028c8bd4666dc603dfb
BUY,0.005,60000,1729208289,No,0x376c321753ab16b146165d8e4abafd72d104718fccc79680988d7949a9bba19a
BUY,0.005,2198,1729208273,No,0xc4f4c494702d3e2f5b9f6a9aa7a2a73d2b161e47345e523eb6ba5b221a3a9599
BUY,0.005,51600,1729208205,No,0xaa776097f6f7a47163bf35d4d0d7b3f1d0cae838220943813f88d7cda0a8d53e
BUY,0.995999998464812,534.136545,1729208159,Yes,0x61c4d9a1933243e19e2b8bc1e465cf8d77c84b30aaf97a83a85840dfc3b398d6
BUY,0.005,2778,1729208145,No,0x86f3388eac6294fa42b79bdafb5cfd8987b01dcb7fb1abe25493186e8a96dbe7
BUY,0.005,688,1729208131,No,0x7695caa77db1950596c351d1fc9ca886dbade11c0113e9a54a1f6a2b943c2817
BUY,0.005,466,1729208129,No,0x09ecf77c377672ef76da5569d1cc16083c1034852d29285319f5c011c7b90269
SELL,0.995,500,1729208095,Yes,0xc520fe3db3e3a290008a21f011b0977acfd17afdda34c4460197b3eb200e00a6
BUY,0.005,200,1729208079,No,0xd5650c5dc1885eadd4a657f665aa43de68b8bbfec07c0ceecc902767068a7163
BUY,0.005,3640,1729208035,No,0xcee8426daba94ac3b9f6f197aee57a7c36836cb24f0c28532e3a25e4383ccb47
BUY,0.004429032375046058,223360.3,1729208021,No,0x8a6f55b42afffc07163dc86af253547249ff528183687f17a3e106fae2ca4439
BUY,0.997,550,1729208015,Yes,0x38a4be4e2e1447162174a722ebda944d9f35df5e13899b69679380350f2784ec
BUY,0.004,12250,1729208009,No,0xf6926fd809610979ffeaba4ce9dcde6a35dd3b619467a14d37ebcc173436df4c
SELL,0.996,5000,1729207991,Yes,0xb317e38ad0cd29b7d3353d51d50a403f56b5e2461a56232bb2e1694c70180b90
BUY,0.004,4000,1729207989,No,0xd0d46d0896de022809606a091bebeeb2725f76226bbf0f0a44c1e279ae2c2e8e
SELL,0.996,500,1729207977,Yes,0xcb03e40ac4a500f1398abe5c5b7df8c29680c7d5a5f5dd6d87cd4ad4fa17b6ae
BUY,0.997,500,1729207971,Yes,0xcf704933e54694a7055d383e57e33a271d8f996480e124d07b50e35eaa7baf56
BUY,0.9969999999993768,3209.628666,1729207969,Yes,0xa25530f9f6509ce1e8058ccbfd24e27ad2891cfe8357a3426dff19f010ce6b66
BUY,0.996,30979.36,1729207959,Yes,0xb9418e53a98666ecff267dc9c61b6cbae5da0255636cdb51a34c676ee8104b3d
BUY,0.996,269358.46,1729207937,Yes,0x81314899cf710d6f417ba4f1ed62b964551be61e5a32c46218cf69b48647c9d9
BUY,0.005,200,1729207865,No,0x52fc256a4b6040adad416764ffb0e31086d6f0ca079d3c754b0b37d12f1efb47
BUY,0.005,200,1729207861,No,0xc99ba26d8b11a88f27416a6600e6835ddf7c14ad092642767a68aa79a3c4d488
BUY,0.005,1000,1729207829,No,0x746ac908045faf6fef69d28dce1304b74a3fd23c23af3cca2ef70a808024a025
BUY,0.005,7000,1729207829,No,0xad5e813937156291b82e9c384932e1fcab09548e7efd3d4cb307428960606d33
SELL,0.004,24667.84,1729207819,No,0x70e2d81e9c1483136b5353aa7ee11b3310432919e1f944a8c9a6a6a11b77cb48
BUY,0.996,1014.056,1729207787,Yes,0x48138e31bad85f1c3752282a96920bf705da072976d40a35a1bbc184b5d2d567
BUY,0.005,10522,1729207783,No,0x3b34bd5552dc1d9afaec7d5fdcb16691bc0c7e07cef7b87c1d6fa2ca71e8aef3
SELL,0.995,4064.4,1729207727,Yes,0x7bc79a375384b5a87b875da72fe41fd2f30f6fd6f0682792802e3e08a58ef82f
BUY,0.005,500,1729207727,No,0x32554d91b5226c9dce23447b3cb9fd07ba9de1caa766aa9db7e39048a6922f7f
BUY,0.005,340,1729207725,No,0xdfbbd550347d5fbdb0cb84ed426adc6539f21e91a9f739144a2e914bbacfd9af
BUY,0.005,10833.67,1729207721,No,0x0a0236001f1bee8fe5a06206d14d3cd747beb12adf3dee484b7431e1fd411c96
BUY,0.006000000005535055,1806.666665,1729207597,No,0x95bbf40f65425692850168a7a0d43290a4ddde0643e0ba1b266d8d0da0fb695b
BUY,0.006000000006,1666.666665,1729207559,No,0x3da1d6010e394ea9fe12ea15f755f9abaa030e618a59c6f4d7282f7dfa313406
BUY,0.006000000003942182,2536.666665,1729207547,No,0x8ac5f28f9e613d8056f9efd87e44e3d60060d36ebe1ee7d50c27d2aabb587687
SELL,0.004,3907.11,1729207481,No,0xb4bdc559a742f2c9906bbfe0fffc80042455426c66f4ba6367542117391fabad
BUY,0.996,4064.4075,1729207461,Yes,0x077f090139c5e2318d619e840c837e18b519fd675d5e48cb58adaf2891ead70d
BUY,0.0060000000006,16666.666665,1729207437,No,0x67654f2c15d41af93e5226caf54e1fb989eaf7fc90ea0c88c472d49dd02e8732
BUY,0.996,21337.82125,1729207431,Yes,0x516c9af839b6fdeeb504de9e08350ecc4bb6067490f069576563ba225394bc0f
BUY,0.006,3000,1729207415,No,0x4c5ad2b2c557bfa5a4534f87e982c7bd9d131f52cd88f56e6e2c7dc9e585fe6f
BUY,0.0060000000282352944,283.333332,1729207409,No,0x2025c08db92257a4afbcc82db8ff1ea5163e00294d937314f69f3225152f3756
SELL,0.994,559.31,1729207403,Yes,0x448169a25114d4f920d74f62b1a42c920dead1e0d67320cc2f0fb129c1dd3874
BUY,0.006000000008571428,1166.666665,1729207385,No,0x94351be8e189c819bd3b69cdbc0721c961c74fe5d62b284ecb928f8a669e2f15
BUY,0.995,43606.26,1729207319,Yes,0xc152c50923fad74a08e6d91f3d4640ec60bc20440306efd91ac61d028ea5b17e
BUY,0.0060000000037500004,2133.333332,1729207297,No,0x79319bed55833b3e45b83659c411fe3c888291e16467fef50c33aa9658e374b6
BUY,0.006000000001378518,5803.333332,1729207279,No,0x9165530f35ac494796ceb69469fea85cb3744dec2c18864720f3faf81611a8db
BUY,0.995,9872.67,1729207275,Yes,0x655c0185cef3db2158e1f22ca4a39785b6f12d89820c9a347b649edfa0abff31
BUY,0.006,425,1729207253,No,0x5c4e1b376e9bf94e086ce90a9047a30f01982fb72bfb656dc4b63fa850936e1f
BUY,0.006,450,1729207239,No,0x73459158a6f972ffd7dc7f06c18387d411b0f803a59a10c9676b8fae9781c388
BUY,0.006000000020869565,383.333332,1729207223,No,0x4814e18c9f0c96e50fc2048d983ae0be4f30f1f1c2cc8c3e7ce1358b2f1a0586
BUY,0.006000000006,1333.333332,1729207221,No,0x6311b07c99f134182a164995f650a9632ce499d50001579a04dd909304e5eec9
BUY,0.995,2222,1729207197,Yes,0xb831fb99782e48543fdfa2046b61fcaa5a41a9802a6e3132a92b1a8cb7220f5c
BUY,0.006,6500,1729207155,No,0x2d1fe107eabd53c11efe4066200757a9385cb4b9a9d2dd0762e7dc313f8f9256
SELL,0.994,300,1729207119,Yes,0xaa66ffe779f30077abfb575576d9f330dcf5942905efd31d3af713736e952491
SELL,0.005,1245.53,1729207101,No,0x9c21a010c324dc3f9360eb1990a5e669cf588f6365ebcf931d561c7b2cf1932d
BUY,0.995,27000,1729207081,Yes,0xf27b70ec357d765ee0257b945eeb0a7ab4897ca03623dc81bad7be902db9ede9
BUY,0.005,16053.54,1729207025,No,0xccc319732968dd6a668be32f9d175988f3a5ec5dc3a927b5989fcdcce2da0a41
BUY,0.005,10000,1729207007,No,0x70ef765798ef5f3ca76d151a2fec2d38075a095e841e10a44269928fd93d1dc5
BUY,0.005,2000,1729206999,No,0xb76c29c8e451c59fd464102ef6eada2f2df8000460384c4c05358c1b9dd952d5
BUY,0.005,2214,1729206995,No,0x354c1621e6b7993952adfc40ea57091c1bb4ade82a86102505a20a6707e796ad
BUY,0.005,400,1729206965,No,0x69a85ea940fc705d1a1775a09e85bd3e22aa2de0e027512c09d0b9efd6667233
BUY,0.005,54990,1729206949,No,0xe6f6691e31ce49617cf54a94abd362c05d9b72a0b5b1a3bdaffb355eaf70f5de
BUY,0.005,2000,1729206943,No,0xf3c9b680bf646c0a072011ea96fea3338f1e20ef7ac9bec3b5b22b667461da90
SELL,0.004,4166.66,1729206931,No,0x6c9b933094c5b2a7393fd0636890ff73b653a65560a62453523225b5c21d4ad6
BUY,0.005,4000,1729206927,No,0xf68269fa46463b34eca2d124702d088ba8b92cf91ddc2d59ca6b2d9ea04d3f25
BUY,0.005,290,1729206865,No,0x04e65f26912100f5c28fa2fd346749768a02f63b13e1303e6a15c386665dfdae
BUY,0.005,420,1729206863,No,0xb36e3d6e343e7e7da85d1ec14eb8f35081885bf379890bb3bdec41af02e3025a
SELL,0.004,4109.14,1729206855,No,0x7fa915b4e73da676b224dd7ed4008924621d6cd2160f0cf9917fe9cefed2cf17
BUY,0.005,1200,1729206843,No,0x50c9e69b5b15257d3d3baa317f0ef807f4510510ad2f5cb6368413e208846dc5
BUY,0.005,100000,1729206825,No,0x92fc2cf7fb9e4ef4cf49a9a5ed5d8adc952b347e050a50cac8f2171cdc5237e6
BUY,0.005,152005.71,1729206779,No,0x549ee321781851a51323595c45a1544120122758527af69f6f0e73665d9394a5
BUY,0.005,886,1729206737,No,0x739d291ce6556a54556c51365c528ec1bd7857fb0a598fe18501b4b5928ad5d7
BUY,0.005,10000,1729206735,No,0x86bea200df5499c497927d1d008ce528e2e341d6bcd69e051c461ab3058c9c57
BUY,0.005,5402,1729206733,No,0x98b977661425adc24fa701725ea996f709346fe8c3aca68e69bf56d8c005cdc3
BUY,0.005,198,1729206727,No,0x92b42007664ae690a05e5ab7bfa16e72e0aac0c3025d3b64c4d424968d47c61d
BUY,0.005,5500,1729206703,No,0xb6dd06e44c92d5c41ad4f68a4a0bb869e70f2140031522311140cb7b9aaa454a
BUY,0.005,400,1729206689,No,0x982967ce6085a118abd7860b870779828a15fcc25f2e182619f193adae2a75c8
BUY,0.005,200,1729206669,No,0xb795ea1b9dd86142e2c94f852743bdc8e92f9b13e88e520dfbfb9484d06795d4
BUY,0.005,200,1729206657,No,0x6188d03a1018e8e5fb0e43056cc8b2d1bec238cb9d74ffdecc509b51376d723d
BUY,0.005,3414,1729206641,No,0x8f4eb602abc54fbe522e096f8d575c4906321cef478e6e2500652040007abf69
BUY,0.005,600,1729206639,No,0x7ca710da89ba975fdfac0cff68726cd353cecc0be6ec689c9ca141b530ee4646
BUY,0.005,2000,1729206623,No,0x42da289bbdfad4872cb5d4f863aab2a40ae579713248dafac910389d169e2116
BUY,0.005,40000,1729206609,No,0x293eaa4cff8d6a34124038b4ccd7887dc0a07c7d233c322ac189badfc94ed821
BUY,0.005,1000,1729206601,No,0x7a82d0202a66cb21e6a4692bfd388c1451c75721a0371a14db7b1932d5c1f734
BUY,0.005,200,1729206591,No,0x07d65594ebe2312e46944ce81ed9eb3f86409efa8fccb3f0da9b5fbb3ae05302
BUY,0.005,1000,1729206567,No,0x038294a31fb2943e4df7419f2144a7356799c9d21515e5c4b260fdc3bac756cc
BUY,0.005,2000,1729206567,No,0x61569b2ff59428dab24be89b0451ea1e2703276b852d9f3cd18217685cc25b68
BUY,0.005,600,1729206551,No,0x91a8997ac379b64e33a5a125442f0d03007c8434d4a5b980ba7715185c880b7a
BUY,0.005,2000,1729206541,No,0x9f3cd44c19f0217173d3c113e7fba7d8617b0e9ae5254466d1e63a6bb4e570da
BUY,0.005,1000,1729206533,No,0x82cbcbb7cfb41fb1885721db536de6fbe593fa8e03f580fe945f1191e9db8fbc
BUY,0.005,1000,1729206521,No,0x495a7cebfa91cdbf1c73353de871966a047c7d7ea640787393496a9261e3748e
BUY,0.005,1000,1729206515,No,0xc26cbecfeea4ecf5c4aa16c59e528ffdf989eb0a64831de4e9088c8990c8adbb
BUY,0.005,1000,1729206513,No,0xd74d93d608f79ed2f370a50bc96fdbe38b2a5585ecc74cdccc75f1bb5f7ba789
BUY,0.005,9296,1729206505,No,0xa1a4ea56afaa9840a9968be5480976b055a009f86d66ed26d6602bfdaad085cb
BUY,0.005,100,1729206495,No,0xbc2a9050dd46635a34485549fbb46a9ca045240d65d6f522b83964f0523bac1f
BUY,0.005,2974,1729206485,No,0x5b998bd1793b61e57095f5cf557d5c0a87edf158a677c5509107ae865465308e
BUY,0.996,165908.24,1729206483,Yes,0x0c8ccc20dfd08148808a531ab1a8fa70b843159a58f005f67a3c610d1219f64e
BUY,0.005,200,1729206455,No,0x0761f6e59d66abb3bcf6e280f5e7b0aadd2760d1a168ac38572aaad5624f194a
BUY,0.005,3000,1729206423,No,0x84a0ef397da570030bd191428b99d3d421816e64794fbd9e6bc85701bf471efd
BUY,0.995,88056.41,1729206401,Yes,0x1477e550f112c350aa143a35ea57a95b1eb364a9dc0195563985e676ae867fee
BUY,0.995,12453.54,1729206389,Yes,0x8a071bd642aeef17d5786a0c9e21297100a1b0643443db14f246c6a86d625d7b
BUY,0.006000000030967742,258.333332,1729206359,No,0x78e2773bb683bb1b63916370407ef23bf1d8bb5b3444ff9c578e7b6849032cd4
BUY,0.006000000034285714,233.333332,1729206359,No,0x2cb292789ea8ada5db662fadcff26a3d643dad891206dddddaccca9a4305aef3
BUY,0.995,4000,1729206355,Yes,0x57e26fe18a8b6bf5d2b82d8052d5f93e4025a65bae733359db69953504151b25
BUY,0.006,12500,1729206343,No,0xed20d7339dd51567b45f75616a8a8c09c6547915d7047220f9e735a8a5e1e545
BUY,0.006000000060000001,166.666665,1729206339,No,0xfa62cc3772894ae855c59594b04c782bd76f0b590bef252f3a7d024eee1f9603
BUY,0.006000000006,1333.333332,1729206329,No,0x70c8c0be6b7d75f37252fb80b79bcfdf1af92f5e3f5ec3634de0ac2fa7ff30a5
BUY,0.995,5000,1729206325,Yes,0x519f63c7d01efc419d373691f55cfb762daefe5671d5458e827926e937405ac0
BUY,0.006000000001648352,4853.333332,1729206315,No,0x318f2aa352e4f4194ee2f4c7ef3e219557d662ce96514c788b20be310ddd056d
BUY,0.995,1000,1729206257,Yes,0xd1d19061005164fc98c06448254307917c265fe83a9a507315ac328cc5e848e7
BUY,0.006000000060000001,166.666665,1729206247,No,0xb62aeb4a4f221ffe38d13b3e1535f7f10c3384117bb39d570be6a22fb7b6c6d7
BUY,0.006000000006,1666.666665,1729206245,No,0x5cd80c6d8fd183231009ce19b460bb50fb4a98bfbdaa1ad56168e89eb81b37f2
BUY,0.006,8325,1729206219,No,0x11c85a53626ff78bae2bc9f04437798ff4569c22286064d9d4534ff9e39c0ae4
BUY,0.005723153593522142,7625.166665,1729206207,No,0xa6a9a854f18d48f1352a3b667e21f5cd4acfa66b7ef5681533de0dd9d13c6c81
BUY,0.0058823529411764705,8500,1729206131,No,0x360803e78af868ac53b0a691b835b6d36ce16b07fca13d20532b6f0dca8ecb30
BUY,0.006,5500,1729206107,No,0x7b694c16b33352d9757c8f0d5db7b4f253aea84cde6c0b9a39678bea4ca450f2
BUY,0.006,350,1729206081,No,0x7895905745dd4fbf10e10a8dc087123a3b701fca440f49a326ac46a381d74bfd
BUY,0.006,200,1729206079,No,0x7b6e746b47907b7ae3d4a774c8a0db428da5b2d6467fdc19fdd7c77b56de439b
SELL,0.005,3000,1729206053,No,0x547aa5a14cf9fd17f0bc8d82b6c2121172ecc6d20e710514fa951527ee114361
BUY,0.006,1000,1729206033,No,0xd5e15fdc8d70042a72066efef948ab06a4935f4b73ad42f043bee4badcfe95bb
BUY,0.006000000055813954,143.333332,1729205999,No,0x68b99777f975be2e6d25a9a8029d08def28dbea25cf197092edfece1f24d648c
BUY,0.0060000000461538465,216.666665,1729205989,No,0x78ffbb880be51ab7a887a557cecc3f41114feba3cd64d5073ac44d99eaa9e85f
BUY,0.996,5000,1729205941,Yes,0x40cb71c943dc71e4057b7ff4a6d1b15f7c1391e644f4d8927f20146b17325ec4
BUY,0.006,5000,1729205937,No,0x80b918825979d7b6be951f4e93f8c443c3bac97cc3d0912a956ff86a1effb2bb
BUY,0.006000000015,533.333332,1729205937,No,0x83f2576189e000e97f45fc2fa9bc47a21e3b296b1fdfc90654d8abcd51ef86f1
BUY,0.006000000060000001,166.666665,1729205893,No,0x8f1918ff4f8d427adfebbb69153e663ca374c1d411fb47b81baaec5431cb5dd7
BUY,0.006,200,1729205869,No,0xb17e8cc6c8557beaec948536b5d8c6589533fb41eacd63dc011d9b2d51ac4c26
SELL,0.005,35552,1729205859,No,0xbb251a8da9c0c84388ae4aebee02e69050b419038332ea1d05522072a017263f
BUY,0.006,6018.88,1729205845,No,0x11f8fceeec0f182b19fcc831747f319b0a141c2af61500bd385b76f215ae7b6c
BUY,0.006000000015584416,641.666665,1729205803,No,0x48a0781be0f05e3e88bb71300edc1329e6600960f745f8c6da9bdbe20a4cbd8d
BUY,0.006000000034285714,233.333332,1729205725,No,0x45113ec167589ac7b28ab17ec6903727bde93d7ecb3fb19a1334fbef72ea9739
BUY,0.006000000037500001,266.666665,1729205725,No,0x784c8c44723070f23aedfbbe381a31c504dbe0cd179abfbc68511a553c86642a
SELL,0.005,999.33,1729205713,No,0x3ccdc22600767a5158b3bd8b057fd2eb5d03ff84dcc6a807b2f2b969f2ea8db0
BUY,0.006,1000,1729205701,No,0x97d7ee17314b851c114ce7c92c513fe0d858a6c0de9cf7d017d21d196e61c4ce
SELL,0.005,1467.14,1729205657,No,0x337370ec0846b51c34a3a1757e57d81a73b5b6967173c19c3505ff14d062b8a4
SELL,0.005,0.04,1729205653,No,0xf6666381780501b2f0cae1936aa6a41e96c1460bae50561dc8e80511d5b430a8
BUY,0.006000000000505774,19771.666665,1729205647,No,0xaa785fb46598b0cea3547309b4fcfc1bb6c2617d6669c77066fac149b688b081
BUY,0.006,5725,1729205637,No,0x5910f3266954816d2e4514972be3c92b9557ededc6be63373cb48389514cc4cf
SELL,0.005,30891.25,1729205635,No,0x8a3dd2cac5cc65ce9eea6841c946e5d91fb5ecbbb594fcf31682b0a25f6b0e9e
BUY,0.006000000001150528,8691.666665,1729205631,No,0x95ba6fe1d74e8631f21a4a5294ec80ef900b5b75df4d381395b23df1899b2a69
BUY,0.006000000000126316,15833.333333,1729205597,No,0xa498345431b341aad319d65270691cffdf9f47a65f2176ca87a39ab1f1afede4
BUY,0.006,1000,1729205587,No,0xa3ad7b95ef01e02de248ccf9f366895a47d6f86d760a4d8ae4c95fe9c596afad
BUY,0.006,5,1729205579,No,0x3df9fc61db87e265d56e8a0eedefd00289000e2aa4beda45561f6bd002c49b0e
BUY,0.0060000000024,1666.666666,1729205577,No,0x03b4f8ac8ba91c8e1aaa589954bec2d9718fb27a6faa88631dfcc0d79846f3f8
BUY,0.006000000000857143,2333.333333,1729205569,No,0x579db8b6d4d261b2dc13796fd1e09b983315c4ecca4ebfea0906bc0b5d1cd61e
BUY,0.006000000000234512,8528.333333,1729205563,No,0xe146b239ba17f9f22a7c34ef620fd69742c63c289a9dc8e9db9adf944c839e63
SELL,0.006,16495.97,1729205535,No,0x9b7e7c20ab69572136f5aaec460dbe12895f570d2a3443047251f30703fa7089
BUY,0.9939999968936044,1.287666,1729205453,Yes,0xef1ce289d59492797d23b0fddf7e935e8456ad090893e0aa356afb393ba81d5f
BUY,0.006,1836.07,1729205413,No,0x63417968918caaf56103ed624e7440e4be3d1c247cc38d4ca4447bb68f374261
BUY,0.006,8163.93,1729205399,No,0x9951812b5e8e2516de6fafd444953923ed1b7229229f36f18df0c3386619ec0c
BUY,0.006562915105487914,7618.565713,1729205261,No,0xbd25c1110d939fd7ada244ed65aa53e9661ed81a09e6314b1b2a4536e7b699cb
BUY,0.006000000060000001,166.666665,1729205243,No,0xefb88059dba350f55727814cdf4d18db92fe839c3892c28fccfed6d847cffd94
BUY,0.0060000000024,3333.333332,1729205235,No,0x2bc19b64041d48efae10d3868276ff2949b1079d94d09dfc9cceb5531e05b4cb
BUY,0.00600000000107551,7438.333332,1729205213,No,0xc73410a085c88151fa7586c36a1ea60ec75e856ae8afcc0f90a5b1f60bb36ba7
BUY,0.006,250,1729205205,No,0x11c0d41da0bf608bfad10846f314acc92d3e3bd314d029efe9f2e1e634fc9992
BUY,0.006,200,1729205203,No,0x40003a813498de91f54079118b88004498b3bf3b0272d046b13b8daef0262bf1
BUY,0.006000000008683068,1151.666665,1729205203,No,0xf5f73e6860d1a698237fd614bcc32952b4ae2901eebb633f73a917a276eebd59
BUY,0.006000000005561993,1438.333332,1729205155,No,0x5df872f5567a0e4a45a638f6a71f22608f648485617fb43eea9b6f2294fef067
BUY,0.006000000003067093,2608.333332,1729205155,No,0xb7f3768f0edf25d9d81452053ff8ea4ed7f97bb18aabf3254c2d95b96974b71f
BUY,0.006000000002142857,4666.666665,1729205153,No,0xe820adf38eb8937b84f54d77b3ce4fb5bec0a998aeb83d148887e798e0b98f5e
BUY,0.0060000000015,6666.666665,1729205121,No,0xedb612a2395d8d92d8cf4fa010f858d9a998c1d93cb3429fca2e55beebfd25a2
BUY,0.995,0.1608,1729205099,Yes,0x07d324ce7a5bba9ed498244be83d0205609b035c78c5ecaadbb9284466a46f88
BUY,0.006,8750,1729205099,No,0xcf3573e00695e4d8c232491a8c7dac15b3a4c58a75ed7fd26d50f0068b273988
BUY,0.995,12000,1729205095,Yes,0x6f11eafb741486edbc1d620ddb532571ef8615088c1157d2b31e7b853dfe0bea
BUY,0.007000000091000001,142.857141,1729205047,No,0x0dc16f0dd9870c4da74e9cb6009699b3ba2f462b1c34a44fc948d59f0c31fa8d
BUY,0.007,1255.33,1729205041,No,0x49f04884d6c5cc803b761f84f57c1ff6f1e0c034673d7f09ddf0ffab44dda1b9
SELL,0.993,11.11,1729204993,Yes,0x46c723617e1f1896b9828a9782f4ebad64603bd4723a6734e84b6093f4a59909
BUY,0.007000000091000001,142.857141,1729204941,No,0x189833f63da531e9e23ec45ca8de335b81c85d29c1aed17f5650161f6d8c5bc0
BUY,0.007000000003399709,2941.42857,1729204937,No,0xeeedb6743535c5d956b0b846265b196de4fc8cb5f37b5827e88f38076470705f
BUY,0.0070000000035759895,2237.142856,1729204853,No,0x81a58803d7fcfc1ce6e06c365f68daad8f25ce605fb0f8fbd3e2515ed0cf669b
BUY,0.007000000003621314,2761.42857,1729204849,No,0x7f39d5056b083435b7eafd66cb647203f8fd27eb85b4478f9cd92a4d64b7b51f
BUY,0.007,8420,1729204833,No,0x3e1567f14b67f2227f027200ed11d4c55acfaf6bae5cb5b14eef7892733a9f86
BUY,0.0070000000077,1428.571427,1729204821,No,0x4c9adb8d96d895af7dd53bae389a39afa8d8b04ed68a865a3740a3d8766e9806
BUY,0.007000000036842105,352.857141,1729204807,No,0x59f1e389cb93af2131a2c869a4b7949637dc9b87cd8d8ce44e866f8ff67abae2
BUY,0.007000000070707071,141.42857,1729204765,No,0x4b2666a7f40ae031c0362254bf599f35d493df4750ec06a229a09762d709961c
BUY,0.007000000036842105,271.42857,1729204715,No,0x1594c7317d8d78af90fb2f5a5b5e74cabf98f3d768d1ec19b9ba71a88798094c
BUY,0.007,300,1729204713,No,0xd45ddad6a475539b5f2e3b5d17c4ee3214d6675f51064e6830c5ef5d336b30c9
BUY,0.007000000009333334,857.142856,1729204655,No,0x34729078a4613abdd72a593a34f0967de85a5fd63e3fe2f89f599c95f873c610
BUY,0.006674696032921411,4344.767141,1729204645,No,0x00f524bdc2b0694210542147c6f3228bb3c25c95b5b3c3c64b8d6dda99809e5c
SELL,0.994,131.86,1729204637,Yes,0xf08ca41b06e46f2dc2fbc79bf05199302fdcaa177611416357c33997893f75e7
BUY,0.007000000061073826,212.857141,1729204577,No,0x3a8f5c8def2703d2b47f33f97c330ec6cab44b271b42782a366d6e6c350f9ca7
BUY,0.007,190,1729204561,No,0xad7432e70ab81e4c730439a78c5e36fc369dbf2e80b71182fa500c5ab3bb5adf
BUY,0.995,131.8692,1729204551,Yes,0x5702ab0c2eceed7398fb504e5339dd7664a974429ba1980cd3d461e2897fcd8e
BUY,0.007000000018236473,712.857141,1729204543,No,0x1c9c30c4c5898feec7f570d978b2b3c6de1ca4f2739e9869d99706a33c02b677
BUY,0.995,880.2712,1729204537,Yes,0xb0ca68fd78aa397c3b0cfc7bb6408c83c445eff48f6d9c174d69038d113963b3
SELL,0.005,142.85,1729204525,No,0xb68065f0160c81fd247dde47f6c6f132a01bbd5cadfa24fd455d110631650d4d
BUY,0.007000000091000001,142.857141,1729204499,No,0xf9cab9a40810666d4e1d73b85235d968fe8f82c0730079a25e47e43398747610
BUY,0.007000000035220126,227.142856,1729204485,No,0xe5a636c2ab576208230dd392178cb56949a60a8e545525d61f5868aafb5678ba
BUY,0.007000000000756666,11894.285713,1729204475,No,0x845518095d8f78040e7cc5a1b9145fe6a957e398199adfa3ec9501eaf6c1984c
BUY,0.007,150,1729204475,No,0xd8eed669d91220cb472d058d54eb67f57380c782ec15f2496a447a3d70ddf6f7
BUY,0.006683819041498648,1376.45857,1729204441,No,0xa9c7863ae62e5de507c9a8e0b284c5516eb03bd06b734119501b8d8fe94747ca
SELL,0.993,0.1,1729204405,Yes,0x1780eb80354e8b3d4800d9ac8dc5a47b5c25a778b068ed44d57d5a090e26bb01
BUY,0.994,139359.03,1729204377,Yes,0x5f20b8136ec8efa6778dbbf2dee15d53d92b55920c078dacf5cc4f8820feca3c
BUY,0.007,5,1729204373,No,0x733bf9ba1acf5d7307f3eff7fde41722bbd027c099f42bd4cd076c08e5830bee
BUY,0.007,10341.95,1729204373,No,0x9c32978f53eda4e832e6dcc4a37935f56bdb88ee2a49aa7511b931030a97d832
BUY,0.00700000000436409,1145.714285,1729204329,No,0xb2026a10e6db742de20f7680a11d196a73790dd816b70adde2922b9eec859c37
BUY,0.007,50,1729204323,No,0x4735751aec2bd28fe4afa6408410c5894d09b8e0294e3aa7179984a717f4f05f
BUY,0.00700000000084,7142.857142,1729204319,No,0x393bd3114e7bcfb8be32fa5ba9849c69db5d3aaebdf14ce9b7b0dcf56e55510c
BUY,0.0070000000175,171.428571,1729204299,No,0x4a907a2de22a918eaf1f76d566521979c7485cd8b37ee539d4a3102b04bb622b
SELL,0.993,0.3,1729204299,Yes,0x4835c7a50255b076c860ec739208251eeb5d0a188eda657fac26a1d58d92b038
BUY,0.9939999867403022,0.301666,1729204271,Yes,0xe75688c448351d5a3083ceb2a1b487699d680249f24cf333ccf1f2bc83e5d66e
BUY,0.0070000000006484485,6168.571428,1729204257,No,0xd0a9456366a7be562564e0991c6f0871adef30a834988d64176fa3ce92af3b6e
BUY,0.007,300,1729204227,No,0x554f68a11bc016edb524bca9429f2642bb5a05e748313b3c97aa2e1351ed0818
BUY,0.007,3930,1729204221,No,0x92fe071f391daf9f68deee77ce164a0570b7ff33ff7fd12e03608b9a41b7e779
BUY,0.0070000000175,228.571428,1729204219,No,0xe78d4b89cab9dbfaa4bae6a9de11d2b91e71b82fdbcbc95c3de07b012a4409eb
BUY,0.007000000009333334,214.285714,1729204197,No,0x9cb26a48a5d28b8719dcf7f4b6d41bcee05be94deb7725d5fc02cfa0a7e047f1
BUY,0.007,5000,1729204197,No,0xf8a41ca1f463dbdcc825e14cf8fcd5031e260a1c8e14e4708468b8950050d205
SELL,0.993,600,1729204191,Yes,0xd1f3470cf07b453f63f1542f22adc373daffc2df89c91392038d869f438fc273
BUY,0.994,600,1729204175,Yes,0x0583cf6065ee49d84ab153e23333aea73a41d69cae1ead1e4fbaa4c84e370321
BUY,0.994,3598.48,1729204173,Yes,0x17e3faaf8b4123ffaa0cbdb1deebac268a3a03c8f591739eae4f5ab36f77ac63
BUY,0.0070000000028,714.285714,1729204169,No,0x699d148912e477b5c6282eebb0e0db7947e4faf4f7e2c88542b4976210904da4
BUY,0.0070000000028,714.285714,1729204151,No,0xa2b86e082586a5b2930da62a9a1cfdbf44b83c3f4ae1902e60ce51183a1d7657
BUY,0.9939999983836203,1.237333,1729204093,Yes,0xc07b30381e266a893656fca31ec6228d520fd8a07c12c33c000928d085ab31d1
BUY,0.007000000095454546,31.428571,1729204033,No,0x65bb250dacf28e36343da0fad456806f9c0d2a86f981dfe08fa9cd3d0f14714a
BUY,0.007000000001044776,957.142857,1729204027,No,0xa686348fb618f36e5f9efb88c7a08668a19a3d953a6a8d61494141f373a7bf1b
BUY,0.007000000012173913,164.285714,1729204025,No,0x79cc8d9c8a702ec589ce2237741b40f51c3f7f542c50667df7e1742942f67e6a
BUY,0.007,3710,1729203975,No,0x0aeaef797f4d5fca1fcb42dfcf2345ad4dbe175211b373dd816c6a0a7e7efe52
BUY,0.994,10056.06,1729203965,Yes,0xca8c858ec2adcb733d9a4880cd81d492479173f4a69eb48fc08daa3e1651b767
BUY,0.007,1549.64,1729203959,No,0x278b317eebb15830a6d87b9baa2b8259e6928b17e5cd1b34659a2ade18e9dcc3
BUY,0.9939999996016002,10.040166,1729203951,Yes,0x8257373af6bfacfc07ca274613df69ac06ed66daa341ac498f13a48048016721
SELL,0.993,500,1729203947,Yes,0x2d96eb90335084342042edada61aa1b5aa2cf4cac4f42510306ac3338dd3f944
BUY,0.007,999.78,1729203945,No,0xd9048f942864241425334d90f4d68913e762721215800ae14856a6dd6a8172bb
BUY,0.994,500,1729203941,Yes,0x905ab647907c6f72fe8446ae814dcb24f2b9b9f2a526d869cc00bba216964ffd
BUY,0.0070000000175,285.714285,1729203915,No,0x8a9b5573c3821ded2c21597d089a6fe0e5226396d6902b541df45145ee78718d
BUY,0.0070000000021875,1371.428571,1729203903,No,0x110e76a4cc501daec2d78ae25787e89a184831e3a37df1e18cb78113b3545cb6
BUY,0.007000000006986028,715.714285,1729203851,No,0x9f60faafeb72598228d6a7bdb10cd2b11729b67b5ab2fed97a676b68635ac9e0
BUY,0.994,780.68,1729203845,Yes,0x9c5059ddb3dc6c48a3f32bd770348868fed830e92026684658c934716fc98b68
BUY,0.007000000042,142.857142,1729203833,No,0x3b8651b33ccc112240d17975b7dfd4f44fcbfca2ba3c5bf5b444eb93970de1b8
BUY,0.007000000012962963,385.714285,1729203809,No,0xd84c1eb3d79f47f068deb3a5f1badedcf28830a478a3bc932816663aa7fba778
BUY,0.007000000004605263,1085.714285,1729203795,No,0x29662f1a3a4bd596c0d65143043fe7b43ca3c9992e3163c8664a07bfe645db55
BUY,0.007,200,1729203767,No,0x775064c6e46c5e79a09b581ca676d8a60856aec4c9315dc1c673419c6c79ed75
SELL,0.993,625,1729203761,Yes,0x69285418c61a88a7e624f0ba08554d42b2a41d85764178554aa9295fa71ae96e
BUY,0.0070000000015217395,657.142857,1729203741,No,0xb5e3a0b02859c4f98ce8d6891174b0e2b8d7eb0e38306a49fcd84f8ce5f940f1
BUY,0.994,13343.9,1729203643,Yes,0x0e40465ebb2e2fde395c3f6069fdb75aa043eeba525bb1845841bc2988c30c26
BUY,0.0070000000004701145,2127.142857,1729203639,No,0xa5739f631e27f20b6ca5ab32f9457c204926a1702ee06494e80399170808e11e
BUY,0.007000000001750876,2855.714285,1729203629,No,0x13ac4cf43e4a4aef834cafed5fae517f777ea9633a8781cadaa8206d596e8f88
BUY,0.0070000000000706355,14157.142857,1729203629,No,0x2cccddce9d963c96efa20b5b099c34fe083c77c94fe9f3a8d9b78d6a45d1a7d0
BUY,0.007,2700,1729203609,No,0xb53b7baba428120209a2fc5955dfa25d8142ab8b8baac546ff9c8a3f5d5465d2
BUY,0.007000000005072463,788.571428,1729203589,No,0xbbce6d1e7f6c13d769a2aad2f5fa4e46548266fdd17b244871c92ec9730b22bd
BUY,0.0070000000028,714.285714,1729203543,No,0xf9d1e798e85c0baf9018c5ca0594c6f879ec903f3847380533d15b63739a8db9
BUY,0.007000000042,142.857142,1729203489,No,0xb3e1882023da67eb05cb79f0479761aca8bf9437e137263a10873dc8671c013d
BUY,0.007000000003220859,1862.857142,1729203479,No,0x1695db794efb061cc71758d0e302c496d328ccfd106f757f1310bd33d2671b27
BUY,0.007000000000762693,6555.714285,1729203477,No,0x5e635989f00fc4c17001296b87f1eec64c1d8529ce9dfd83336ad8c3d14f1177
BUY,0.994,0.1005,1729203433,Yes,0xfd28d2ec9358750897072c438fe71d1e43ee0789c2bec4b80e673ed4938767e1
BUY,0.007000000000222363,4497.142857,1729203407,No,0xc427765c0c118faecad3ccaffcab28d66bdcab4d2398ed4d320b44d401cbd0a2
BUY,0.0070000000028,1428.571428,1729203405,No,0xbffffd3d92a64ddec70c48fc2ac114c5496c1f932cea6c8fa3144771c39ace5c
BUY,0.007000000042,142.857142,1729203389,No,0x4de365903b6247289c5bb58500aee7701956ed1d5e45bebf0b2a5ff27022557a
BUY,0.008,500,1729203361,No,0xe8fe8bdb26f96cca40ad55eb96e71389607d750bb0fe8f53dd88921031d03445
SELL,0.992,12.98,1729203361,Yes,0xbffb053543d22f6312909f5dc7f480f25dec25d43acb97b4f48aafd468aa7200
BUY,0.008,1278.75,1729203343,No,0x35693077deb5017f581647c357638615d0f03fc906b91ebb1b6bc3ef2b32dbbe
SELL,0.00605669791555976,59945.59,1729203337,No,0x7dc13eff366a82ed7db1fe9e911489497e0c4ff733abd46db7bd7077b7d56188
BUY,0.9929999966899145,1.208428,1729203329,Yes,0x8251af0d25d62ec010c5961ae0a2b9189dbba175717cc5a14f67c5a87198d182
SELL,0.992,5,1729203319,Yes,0x3dd0fbc248d96a1d05ee2e8761f060cb6eddc14ab956185987a3abb0ff90c5dd
BUY,0.008,1874.59,1729203313,No,0xe7d92771359c96e69bd3ca9913d1f0e36fa3fc9da611f024e78be98edcf8ce40
BUY,0.008,1487.5,1729203301,No,0x956e4edc953fe9df00a44fdf3b03c5928523cd1e750737648bfd69586696762c
BUY,0.008,131.25,1729203293,No,0x2f3474394e86f573a4ff88c5a831c647d1641250efcc1e2f51668e47c13938cf
BUY,0.008,181.25,1729203289,No,0x750dde3826051ab22792c3d3890e70d04716e6a9502cf8405c444220f2f06dc1
BUY,0.008,250,1729203269,No,0xe15b928249c46cacc9d61cd1cc61841ec86239e734c75d95d0371edb07e95c0a
BUY,0.008,30891.25,1729203241,No,0x0708fc22f9b8da51730268cad6a7816f629e09c10c49437cf3280a6adf47a89f
BUY,0.008,125,1729203233,No,0x67647728a280521a818755055547b0113626d87a332b489e4f03f3306fb80a8b
BUY,0.008,1341.25,1729203219,No,0x620b04fde8ea84330d90394caf3b9ceeca3c2f15b41e1b81140bff15c05e2b0d
BUY,0.008,2262.5,1729203215,No,0x1e8343a7c121600eacf43b01916c1aefa4e1f627cc6a9edaee96fdc631d1e7fd
BUY,0.008,150,1729203207,No,0x54306ad5ee271b83b97020f77a3612d08c10b83eca7c2e8f9c3143283414aaef
SELL,0.992,100,1729203191,Yes,0x5d099977296b9e43297e067f2fedeeeb4d3e3f8c7177dce43703c80b4a47f475
BUY,0.008,3168.75,1729203187,No,0x9d9f1f02c6ee1364c431739a85b6d4b38ea166193598b59ae6565867ce79e3fa
BUY,0.993,100,1729203183,Yes,0x60053badd8e5f38afe9329d54246e9b9db0be7272f6ae28f0d2b3f483f604bba
BUY,0.008,150,1729203131,No,0x0f9c21466886fa45023088d73bb2a0daad2e887cd7e16e50c7498fbe85f524f8
BUY,0.007162340542865502,927.07125,1729203099,No,0x7e24d33b2eb5a98607e9fc0915e703a4d2904ec6b0deb434b36f46d36047b88d
SELL,0.993,6.6899999999999995,1729203085,Yes,0x05a5f6d7c5fa634650db74e94e09f71ff813738fb3b24d926a946c8c58d2de22
BUY,0.994,6.6899999999999995,1729203073,Yes,0xf4e1840e21c914707cfd67f5cafdc90c9ee02f22926eff7a2d52439b2af275f8
BUY,0.994,0.01,1729203069,Yes,0x16505b6b03ff7d50c8ab5f37722d7e9410215d393216bb59efcd57e3be526eb8
SELL,0.993,5,1729203063,Yes,0x3eaa556fc0f5dc02cd1e07a7fb2684dd04d9d1112349dcf4d857dd631947c62c
BUY,0.007000000091000001,142.857141,1729203063,No,0xb4eed77d27ce53dd0aad0433c862e1d3943710062fd14748aa678d2dfb9f66c2
BUY,0.007000000000909545,14292.857141,1729203019,No,0x9173df4a94a781dd6fb5ec22ce90a579edb220b937823d8556c08ce34f9a89aa
BUY,0.994,30.181,1729203013,Yes,0x94db8413c43142fca48f6792277b4227a148776b78d161cbd438726915d287d3
BUY,0.007,1000,1729203011,No,0x4c7e1743a2337aeb13b827cf6898688911ceb0f55c1021d2539f280a8df7d4fd
BUY,0.007000000004246714,1412.857142,1729202983,No,0x1cf2bf8daf164ef64a03f1c10bfb2ab5ed45fbdc8ff145848b763d71db628fba
BUY,0.007,2050,1729202893,No,0xf25733a1bab3f1168cd5732e5172afcd88248073bdef738be012b96d1ee4abfa
BUY,0.994,0.1105,1729202823,Yes,0xd0fbc92993a211b5573048f49cc0903d95de2aa94c4aeeadcfdf5dd194f2a29f
SELL,0.006,1287.5,1729202821,No,0x4a490dfd8261102f127aea75440408f0faa7e5daa7264ce39d098d7e5ff1b8da
SELL,0.006022694183864916,1332.5,1729202821,No,0xde32a4f1623bada9638422d423108b18f63b73261c468ac4ecc6fc98356ff6c3
BUY,0.008,1332.5,1729202803,No,0x119f6b6413c083f3e91e89bd916d85a3d8e79c8c9c69d224d6471e210c04c3d7
BUY,0.008,1287.5,1729202801,No,0xc38f6d2d070fec3227c1ce8f83b9a0638a7d2737022fa2e41c8477970e8c8bc9
BUY,0.008,115,1729202791,No,0x0be95bf2bddcdde101953dd6c722007595a29abfad0b81903925a4d86e7f8f13
BUY,0.008,6875,1729202765,No,0xc805edf250b26ae9704ffcf17ec12734e6028b72f7a197a4f1813d3a9bc977ca
BUY,0.007129337990043782,7000.65,1729202753,No,0x90ffeec0c8f37d7b4a2278557e4fdcb0444769e19ea7bc7e75223fc5a1aab4e2
BUY,0.007000000004246714,1412.857142,1729202731,No,0x44c0a0b5fd93fe0a8401d09c600a2dcc60ae99e949aebdb18b506b45d0950a43
BUY,0.007000000036842105,27.142857,1729202707,No,0xef6be3cb72999a80d9fb9685654a600e818b29ec04c2fdeea1a858c3e4267677
BUY,0.007000000000023333,42857.142857,1729202687,No,0x665f4c8505172f253f44ad277aa4a6ee01cd0566053105b80c4253007e113589
SELL,0.006,10567.12,1729202665,No,0xe5893b00180509cecbe818fc4184d77d4a291d59bb6437a2a91d433de73705b5
BUY,0.007000000042,142.857142,1729202665,No,0x9e3f0cf6802cc1398f32a39439834e92e7ddcf451e32ccdfc8780563c1c07bf7
BUY,0.007000000018300654,218.571428,1729202663,No,0xa6c6b1022b05d86ce26086fe829495a930b0314124645e2cf1ec90bdd84c0c32
SELL,0.993,500,1729202657,Yes,0x18578c0b905af0e9a79c8333d0e1da30c490a55c95b39439005130e43732c0c2
BUY,0.994,500,1729202633,Yes,0xf97d968178a41d22ed7fed1d9d05b5b21fabebf58c483e49ca4a9aca050c7803
BUY,0.007,1445.89,1729202601,No,0x9ff36a59c16df16c09510b468502ab7c04c266cf98c60189b6980622033bbc0e
SELL,0.993,600,1729202577,Yes,0xe26b3cd352ffde2f785ec4d0868d365588bd2f9be0fec90ab46135cea0714a77
BUY,0.994,600,1729202571,Yes,0x3a4092cfba863291e8df53ac528359be314d106d6d42183f8209f759e282cc56
BUY,0.007000000042,142.857142,1729202559,No,0xfecab3a270b7b8c7d00039e77a3be8c339e0f51cf1c1d536b95ad0c882522410
BUY,0.007000000000348051,14365.714285,1729202555,No,0x702f188a5380a5e0ae4e6044e11ade94e112e9778cb81e93d3ff88d0ad942935
BUY,0.00700000000525,571.428571,1729202555,No,0x5c1220744802c3d872de76e2c43f7ebf67d29b861618d2c3857a109bb10ec295
BUY,0.007,500,1729202515,No,0xb0b3488237608cc3153ff9415e7d4e1e62e7cfd1573569e71a2db0b5f315672c
BUY,0.007000000001176965,3398.571428,1729202509,No,0xc04e30fe992ecf67fb1860303ec63f6ca026fdd7d29b884ba37783f03cf7e9a3
BUY,0.007000000006363636,157.142857,1729202501,No,0x8d6db95991eaac8fe4e94c5ead066b072fd21bad5ffa1860450e963465ad1ead
BUY,0.0070000000038888885,257.142857,1729202495,No,0x458687d6c772fc56b9195692898f4b243e8913f18f9941eb074a93815e1a10f7
BUY,0.007000000000864198,1157.142857,1729202491,No,0x5bab2e44d579963d041d448cb42deb13c3a848bdaead3eb8a2b85ab299be9d3f
BUY,0.007000000036842105,271.42857,1729202481,No,0x178e7e1afd2c1fc8efcb8f5c7f4c1eb0b9877282300dd4898a474c07763d3295
BUY,0.007000000042,142.857142,1729202473,No,0xd292547c34bac8228a5192581055092206f41e750f097a50a6a064375acaf581
BUY,0.0070000000006145745,8135.714285,1729202471,No,0x16e1591bb31b56ba72c3023573f6e660367d577ff3766295734c778e624526f9
BUY,0.007,1000,1729202457,No,0xd869f6ce3bb3db75902423bd822f1b11acbc6cb7e4b41ed438f0b90703c7d5db
BUY,0.007000000002341137,427.142857,1729202451,No,0x5ff472ff8407a670662d3da0208ae06b063daeeac64bdfcb24896178c289a3b4
BUY,0.007,1000,1729202411,No,0x71b7e3d02320b8eba8aabe261eaf7f7c8ff7ab3e30607f6639ee81265909d007
BUY,0.007,1000,1729202379,No,0x271a60e6bf0cf54ee3edb4fdf0cfa2abf5b963f5f78f626130abc61234253cd4
BUY,0.007000000002839756,1408.571428,1729202369,No,0x68f1c4a5a22dcba531960fd5d7b4576fbdf8a82b7f69a0d0b7d2e57ca1468318
SELL,0.006,32000,1729202311,No,0x8caca0baa645960aa905cd5f5e76c57534c58f42449b5d033efc00ae5dfcb8a1
BUY,0.0070000000028,714.285714,1729202301,No,0x1116191c5a8dc7512c12922196dcd97e5b5c57dba4d796b2666892bca2c67010
SELL,0.993,1044.6,1729202253,Yes,0x85951ccca999ccabec1c80e019a0b8c7738dd7de4097793acfd7fb3dbea2ed0f
BUY,0.008,1500,1729202219,No,0xa1ee62597b5bdc1f5cc93f29adffc966870d2c258109a16e890bc76e306ba6d5
SELL,0.992,115.57,1729202209,Yes,0x62f6eb8ad7eecc364ff82de9507b2bd5018da1cd0d896a31bad6237dfcae08ec
BUY,0.008,625,1729202209,No,0x7b5dee7f79dc60432a8a39831a5389ece9ac58999a904669978c1b45c5bf3e54
BUY,0.008,650,1729202199,No,0x2397fe35faaa753544b1cec6d5f5ec67f3e0f76467b3ea0420c9a4b6c72da746
BUY,0.994,1.006,1729202187,Yes,0x271da4909c658e82e07434405ac64f7553303b44bc4a176f7e488bef4c538599
BUY,0.008,67.5,1729202167,No,0xd8276687856c50a34b99b516ae29050c4988fe8a0ccbd9f8e4a92a196ca90c95
SELL,0.006,1428.57,1729202167,No,0xbbee796c2a762ea45b08aee372a75c86baa3e80ef236192108df65ab06589690
BUY,0.008,13625,1729202167,No,0x64e5b3e6332c6e455cd139651a817f7a2b30e2959639cf906685b017d164c438
BUY,0.0074816366734866465,5346.42375,1729202161,No,0x05ffc392cb1412de4e5238e66c828ee53bc3031a310e372f1e44ce94b45e985d
BUY,0.0070000000028,714.285714,1729202153,No,0xa8159c8f7a21157ce702d7e7e9ca8bb27bd99df4d1811d7add06941f4f2fd74b
BUY,0.994,865,1729202149,Yes,0x5862dc16b0ed3616f6dfd4bd0faa8e9ab43218ca4dd19e8e2e10cf32f4058ade
BUY,0.99399999999926,5405.794666,1729202135,Yes,0x3e91a2415bf085f3c0f3333a8b452bdd3504b9e866bd6f90e86b5786915c4383
BUY,0.993999999982695,115.573333,1729202135,Yes,0x2d78a1a1dd7a8f15d4c6606465b1666c11fdc6369be0714411010fcab986cb02
BUY,0.00700000000035,2857.142857,1729202133,No,0x8ae7073a684795087c1e3b65ef960958bc6c83ebd324bce1a2b77d31bee80ca8
BUY,0.0070000000175,285.714285,1729202127,No,0xe12347192f6d702ae8893f61867cd085d04ef83ae4c7906c7ef51fbd56080101
BUY,0.9939999867403022,0.301666,1729202065,Yes,0x943600b0638e542ad477fd7b50548aeace23a47e09c4d47beea98d4a5dc8e9a8
BUY,0.007000000000239972,4167.142857,1729202009,No,0x30893040a894410b5c01dadd8eba12d0682dbd5af9db6f4aa003bad57cd440dc
SELL,0.006,4287.14,1729201987,No,0x344107ee47daa22d97e93a86c7570353f10a99e0fe56408899e8ddeb5b661130
BUY,0.007000000042,142.857142,1729201985,No,0xf9b4e7730f6b972cd3235b0533d098b2c0f48a1dbc33335dea77dbbf659b0ebb
BUY,0.007,270,1729201961,No,0xf5dc0dc090b44261f16f9be511229bafe2d602a9d7c90cd4cd06610b99b510ff
BUY,0.00700000000691358,578.571428,1729201949,No,0x9da1078804611212b27c37a455fe1d7cfc84138334793f70b049eff1e388781b
BUY,0.007,239168.77,1729201943,No,0xe758873bea2de3c924e525c0e0c7705c0ae26f394e4f1123c70b6617eb975819
BUY,0.007,7140,1729201869,No,0xe0a699dbc78a2909b824897447e47941147095795d9607c1d1472a1c872b1d14
BUY,0.007000000000420084,14282.857142,1729201857,No,0x13fbc268442cd8740cc713e44ae3fd057e5c3062e292723d1349db338ea3d90b
BUY,0.0070000000028,714.285714,1729201857,No,0x8574448374ed07f6c35e7fe67d67f93322561407e457199dda21f0666eb968ac
BUY,0.007000000011814346,338.571428,1729201855,No,0x7adf7e4f5b9067c2233d50cd3aca4afdd53dc42074284eaf6be5adea303cfdad
BUY,0.007000000042,142.857142,1729201849,No,0xbe71cf7f9e3e0601bd1eb5fb1c7e5ffa9fd305e753d0eca35fb598a74bc14c17
BUY,0.007000000000569917,7018.571428,1729201849,No,0x768cbc608e96181729f8bd87151a0e5f9fd6834f6fe6dfadcf7d15fb7d54c64f
BUY,0.0070000000175,285.714285,1729201821,No,0x212d2d07734f479a78970f559396a1c7b3a2a63d2d435d2a4e62a9b1240a3ef2
BUY,0.994,10000,1729201801,Yes,0x7a22d2508bbd4e3907d3a6e20d7d406ed662c1254c4c0d5913021586a6465b5b
BUY,0.9939999998011995,10.060333,1729201799,Yes,0x0a7023682617f9d669d4f7266a79baaf0ac64f868be7fcef74efee41db973602
BUY,0.00700000000084,7142.857142,1729201787,No,0xbe9a856507bb098d03367690c5c2098ebc34f09b7a14e821ba82d6a6ab6fd1e7
BUY,0.0070000000028,714.285714,1729201785,No,0x5fca4821d744220eb885836855af96f5c92d10cd1f236246d185e02d31ffccdf
SELL,0.006,1428.57,1729201781,No,0x9015c57f9f1f9dccc40ffc3038b281490de9dc43df64b40e5188d36f2e3497f9
SELL,0.006,1571.42,1729201779,No,0x40509185fe453db32bdecd581cbcd284914210d95f929094f856992cc8103395
BUY,0.994,800,1729201771,Yes,0x480eaeb506c17e67746567f648328cc443e105cf8185de22fb8b699fffd99085
BUY,0.007000000001909091,1571.428571,1729201759,No,0x8cfc666ac7b7e34732348146e65c4dedf705eea9015edd25ea54d78f51b7954d
BUY,0.0070000000028,1428.571428,1729201759,No,0x39f20947b24321c3d2a801bfd6668a23a1c04bd1d2316461fddf00dca6c6cb4f
BUY,0.007,250,1729201719,No,0x89ed5517258dd1341d0734c75f010dd76d63d422ae5460a8d5d630516760ccc0
BUY,0.9939999998792222,16.559333,1729201713,Yes,0xc61af20d03513cddaa19d004298c138f7c177cd98f3d9fe4b7c0d75e775c8741
BUY,0.007,420,1729201699,No,0xb6970521fcf95075426733278e1ee0f4229657119856b37b417d2e365472b3f9
BUY,0.007000000006231454,962.857142,1729201641,No,0x9574ed069c7d3f5d72e7f25adbfbb432353f3821ba66aa4b5fceeb6a7a8516c0
BUY,0.994,184.849,1729201613,Yes,0x86af546bdd7b8cd2f4bdbeef778e8bdc5c9391b9cefbe19318a0669e2cd94ec7
BUY,0.994,2.4345,1729201597,Yes,0xa845e552a8e54485c26ecc48a5565682d6c7e2dbf300e4f8b0d05c4bd777f830
BUY,0.0070000000028,1428.571428,1729201575,No,0xcc594691cded1530d8e65701f7c921a321926ce53964852632194b75396e9b93
BUY,0.007000000008358209,478.571428,1729201569,No,0x43b49ed00197d340260cc6646fd6257d804407b09293a7d3d6e7dce07393b959
BUY,0.0070000000028,2142.857142,1729201567,No,0xe4b8729132885f5fd24a15943e29925d67f7e68a2bfc70f4367892a8b51fcb9e
BUY,0.0070000000028,2142.857142,1729201561,No,0x745f7912cb273595cc4a9103dc83dd5616b62636c06bad97f290f24bef43271a
BUY,0.007000000019553073,255.714285,1729201541,No,0xba3bc65d902f754ca861d1685fffeb8efc6ec9d91719066389d2aad4321f5e7e
BUY,0.007000000003544304,1128.571428,1729201535,No,0x202e953643a61934458155634f1953df3c5c36d76a858c17cda8738eb5134262
SELL,0.993,1.81,1729201531,Yes,0x835a967b85eb61635e26346f3eb10ca3b5d0903591e66d735fb0d7c8c7e8cfb8
BUY,0.008,188.75,1729201519,No,0x291feba3a8caf97bf6f289912d30ef137744523e5a38b0f608aa1ce6eefbd4db
BUY,0.008,373.75,1729201519,No,0xa35b2d2ce7b56af4ed73055d2f4875ec710d6f91ef1b9b0fe26f3a4136d928d8
BUY,0.008,347.5,1729201517,No,0xfd9a5a54975ea4619040dd7293228763efd268742cd557a52dd2660b78f80797
BUY,0.008,278.75,1729201517,No,0x88dc894347c201ca6ecd7f967c673e0743ee8c65e252a8a6bfa2ddc862596094
BUY,0.008,573.75,1729201517,No,0xa647b874ddd22810b092a6b8fca25ec67b6ca78c7f852b138bfe4e0d82314b55
BUY,0.9939999988955359,1.8108330000000001,1729201509,Yes,0xb4bfb161f6ac6b5b90b86611c885c35fa98d91973be47ae9d455d4234dbc42f6
BUY,0.008,312.5,1729201497,No,0xab9666dfba0a7b3378f1d4423a634ca79169323c3a0d3c0c2c5d12ed991cabca
BUY,0.008,1250,1729201479,No,0xeac2784f37833ed0eb4fba6d5dfa15be36c2bf9abc676f8d9d05aff3871ce33d
BUY,0.994,63.4205,1729201473,Yes,0xd47c2fd566b0c0a473d361f7c483d092e73aff9ed5a0c77d0ad88f97c2edaa04
BUY,0.008,125,1729201441,No,0x00c04df9f118ce701801d5cb105df3d4f4c5ffcc3b5c62ddeb03baccb74ed3d0
BUY,0.9939999992047976,5.030166,1729201415,Yes,0xb91d108bd66c57846f2552a06a4bc5b978b3855cbeb92146b523db636e1dd60e
BUY,0.008,625,1729201405,No,0x9d9a4c05586529491e31ee9e44cf61f19f2d958dfcf51793a8e45d6644f7a05c
BUY,0.008,1061.25,1729201403,No,0x26c4824e0c78a9330e4c3850d515704cceeb9bc53fdb31c86fb9e435cf51db69
BUY,0.00767751534034647,38944.89125,1729201377,No,0x55c77893a6911a9fcc531f28d39a2b32630063125dc70b12d9660d9b6c4b9354
BUY,0.994,16.0965,1729201359,Yes,0x46fba238d6d2a5cdf060ef1befaeef70a81681647478fc27906f161027f83234
SELL,0.993,59.35,1729201353,Yes,0xbc20a46dade7013642a21ccdec50713e6a616b4e5cea5c414904c7b742069583
BUY,0.0070000000175,285.714285,1729201351,No,0x2549e61ace0115947bbaaf0e4957ac84724b26262034ad538e1821fca66096bd
BUY,0.007047129421802047,20429.595,1729201319,No,0xfcfee158f5ea7a18db4d311b2a1b7a4ff7b8bf335c676ec68d147e467c76fe81
BUY,0.007000000006363636,785.714285,1729201311,No,0xa5779d7bfa95f6dbc07eec27519029ec5316662c5774315820df0bd1efaac20c
BUY,0.00700000000467706,1282.857142,1729201295,No,0x8629663093e55693425d670d695152501fc19ad7455f8ef51a3de303ecd9eb6c
BUY,0.007000000000026672,149968.571428,1729201291,No,0x60e75202a575675a1270ea0d7ac2995a401354715f5aa178eaec24e6def5e040
BUY,0.9939999977908681,0.905333,1729201279,Yes,0x2be96e4e1cf842d3f29c8d1ae99ca84d401cc6d9511d953c6c7c4812b29e6852
BUY,0.994,59.356,1729201267,Yes,0xe7c3ab28b3a4e456005e900701f9215133f183bd94e8561d02a7221cf934a188
BUY,0.0070000000028,1428.571428,1729201265,No,0xe8ebba74182e5199119fd9b03f993c650cb9b01085b643ab8b7faa903af7052c
BUY,0.007000000042,142.857142,1729201259,No,0x2797074daba3ee4e317fdd451ecdde16199d83c5aef429c5def87ab4eba514c9
BUY,0.007000000003255814,1228.571428,1729201221,No,0x24fae9f7ec6c29b0b4728fbca14e98cd24b0c3063b57c2b31712c6cd3d63b592
BUY,0.0070000000028,2142.857142,1729201163,No,0x3c99e15692877bb4c41b8d7e62cefe7c907c5f3c29d87ff636f3d7b223c780de
BUY,0.0070000000038888885,257.142857,1729201095,No,0xb5a8d3f2ea4193fc141ddc32e091170036066195afc61485f7bffe5ef2531f92
BUY,0.0070000000038888885,1285.714285,1729201093,No,0x93668da35a16ea45e0b14a43494e7a63318a92697fe31efb37f76e9752e5117b
BUY,0.007000000009333334,428.571428,1729201079,No,0xa37092d9dca4a71a4289fcbedcd43c45627dc16c6639473b57697076d51cb34b
BUY,0.007000000042,142.857142,1729201067,No,0xa03a0acf49769cb099f0598b05a7c9d5391d0f0452d7838e376ce4d2005cd17e
BUY,0.007000000001166667,857.142857,1729201039,No,0x10f7f3cac2236f86ec839db253d25768b6ed08c07df8d1d94189934b2a626f60
BUY,0.007000000000107908,9267.142857,1729201037,No,0x8803de09127a2307e83636c9933ba1efb60d671828964d15589ada42ea305461
BUY,0.0070000000175,285.714285,1729201025,No,0xebb0f617c2d4e5000540066940de9354e8061f82e1dbebb74589583e893ae313
BUY,0.00700000000525,571.428571,1729200985,No,0x3e4480d422c7c35d17764320ac1039c6713cb6c4c3d36653f8aa1d104e7d79e9
BUY,0.995,100,1729200983,Yes,0xc751cf6838e22c3a2bd0549b14641d21521ae18386ad4eec340fc4c208cb8a29
BUY,0.007000000001885099,3182.857142,1729200959,No,0x259e673c0e91c83c6c9f63e57126d3efba06b1ef664ae0de7639b3d2c085608d
BUY,0.007000000009333334,428.571428,1729200953,No,0x09f40f0feca676a929e12fa07a0dd2f580a7e2b61d8bcc21b806ac6914bb5c80
BUY,0.007000000008358209,478.571428,1729200945,No,0xd44090ae6a5446714c09b03205eeb327e6ffe07dd8ddcd9f946d684711a26a07
BUY,0.0070000000028,2142.857142,1729200911,No,0x91eb4295872417f3a7d90e3ae442b11cc3f1c494dd7febc8f7eb5530416f9bf1
BUY,0.007,18064.54,1729200911,No,0x6cc00c35ae9a342aa8eecfb943ee046aa47f99dd5737ae9865151888a3f9e531
BUY,0.008,7372.5,1729200895,No,0x4986c34a3eafb6b910dc6c23ac5562b34b41e5882d6fdfd137b8e6c478055a54
BUY,0.00787948036769585,18892.10875,1729200893,No,0xcad3c691f1300bd8b6fc3071d6204a715773c63081b07b7f991d82586fa33ca4
BUY,0.994,164013.07,1729200875,Yes,0x552a2989f97c49f03cb3f055b3c2ef075caf922040d89dd07e4a72b62e683477
BUY,0.007000000028865979,415.714284,1729200847,No,0x7062d19ff8d8482605a685224860175ba534fe8c85f812122b8338258c0369c2
BUY,0.994,739.49,1729200835,Yes,0xfd27aa11c8d597e0e158cbb9d66cd7cb1e4cef3d155ccd5d74fc4a589e616de0
BUY,0.007000000007961505,1632.857141,1729200773,No,0xbe191e5380384b619b2d1024391419fe474a97de4cd4cf7ee23325e3a700dd8a
BUY,0.007000000025666667,428.571427,1729200773,No,0x2f253e796792e5c0a142dea3da329d6a43311c6c3292c431ae3c2dd63886bdae
BUY,0.008,2708.75,1729200763,No,0x6d3d151b5c6d9f6b2cf1e401496aa857ae83f133e01376e12c4e4f1b944bf243
BUY,0.994,30.181,1729200763,Yes,0x26e727f4cb998b195defd1f66b8a2ea9affe5f7c5507284e585e8dc2b2063240
SELL,0.006,0.25,1729200753,No,0xdee660581e52a8fd467ba83722e2738cc60e3f5921856f108c4bddc288c6df5c
BUY,0.008,2248.75,1729200753,No,0x8acd951e75773048131ff35bcdc4884652ea3ab07152f085b3ee154e06130e5e
BUY,0.008,383.75,1729200741,No,0x630005605ca24892b9f313bb8825260c8f5a421dde9e8fab6bdbf47375166699
BUY,0.008,1250,1729200727,No,0x2485ad5c447b67cb59317abf6cd85e1c691cc710a88566eefa998f94aeb683f0
BUY,0.008,1848.75,1729200719,No,0xc66e2f1c296d852e5e58766bfdf5564b09fe25940c3fe04fff68ab9d199ef672
BUY,0.008,85,1729200707,No,0x2f5aaed9e4b367e822eb86486c200dc4ea2739bfbb51515dbecb5046c56a7c31
BUY,0.008,10618.75,1729200699,No,0x58c78b1e9773b36d36d75d15f50152141d5badc848e8f31ed44d0b6c9f346a5d
BUY,0.00716148705721069,1954.90125,1729200679,No,0x18acebfc7b4081de5ba0b77be992e34c3a2475908eeba335152b9a95de971a9b
BUY,0.0070000000175,228.571428,1729200649,No,0xe98d358f16fbbe1794d74786c85d3d40f12209a4d2764a372d8538cf290abcfe
BUY,0.007000000010852713,184.285714,1729200639,No,0x3d6627f949654a9fc5c71ec30cafeec9916a6e02740dd9eaaf75bba14a35d0b7
BUY,0.007,14490,1729200637,No,0xa5ffc139e70e8dd72f90deb3a0df656a385c8ff99b1f4515ba6108103a2df19a
BUY,0.007000000001594533,627.142857,1729200633,No,0xf48e3b7a3e2d659396f3f47e33407b61a8c3c938f23d0c6188477a74a6ae1dac
BUY,0.007,1160,1729200633,No,0x71385e968fd779e7e7f4355e841306f6a93371e5a069df7a35dae2cf48ede9cd
SELL,0.007,11670.77,1729200627,No,0x7c2341aeaf18401e40c5a93de4397dc4f14ba2c35a11ad48d730cec2140961a8
SELL,0.992,444,1729200609,Yes,0x3069bea8dd147857856cab1ac91f89d9443eb3df058db51a640f20ce9f9ba4b8
BUY,0.008,1248.75,1729200603,No,0x724164c0f6f21d3b9f47dd3367f157fc66425d158ef01cf83b19c54103fe23a4
BUY,0.9929999999503497,20.140857,1729200585,Yes,0x02025bcd300e4e1cd5e2150b2888091787147714378deb313c232a0eda70dc7b
SELL,0.007,1850,1729200577,No,0x954b17c5b4b0615917159d6a0262913906a1b39faf48e33b11d981ee806a7262
BUY,0.008,472.5,1729200565,No,0xcff080e9113272dde2bcb601fcdd8eeb5f4acb1bd6945c95984569b488fe0101
BUY,0.008,3926.25,1729200563,No,0x9e9569aca855756908f7f7593dbd9677973800e3e3914365be8e24643f783c45
BUY,0.008,2500,1729200553,No,0x566549162a5e73a4b89c418f5bb40338c3deaeb51b1a0ce989ecf969ff7d1359
BUY,0.008,461.25,1729200523,No,0xfc8a5f176e25c29e5bc0864752cd8ce8d61b7cd523904bf17300db7dd9281963
BUY,0.008,1725,1729200509,No,0xc63f633b73b6d1d206f7a2d6d694e7b6b91f5c50d6db445c88c0bb3b1e8add4f
BUY,0.008,125,1729200483,No,0x1c339ebdc8d048c6f75a80cfd4cbe308bd5b45fa668db21facc2517be39367d8
BUY,0.008,453.75,1729200463,No,0xa2d63560935083e02e7e262688f79dc4d60eb41bb88feb5a4b507afb54e6e484
BUY,0.008,16.25,1729200457,No,0xe27bac7c4981382956665fa4cbdcb3de7a93c1e608a8ff82eef4a3c2d58a695a
BUY,0.008,387.5,1729200451,No,0xe3d96f45c5fe658384010acce5eff091767bc4da27f0bc06a30773300739351c
BUY,0.008,453.75,1729200443,No,0x72b44c763cca2997ddcd4ee1000d868fd9be9d6cca3e87ad5265400cee32775f
BUY,0.008,373.75,1729200439,No,0x10c222ba63ee545ffc3e9e4c13fabdd012af4f681fb94b4ce948028bdbc052b7
BUY,0.008,183.75,1729200425,No,0xba742348ccc59c75bba9275b2d92927e5b2d55507ac6cc126446deb2d208db83
BUY,0.008,337.5,1729200415,No,0x5390d13450d0e76b35027f5929461204b3cc063af0b0474dd16f5f2db5d967b0
BUY,0.008,37482.5,1729200397,No,0x4f131ce6acdf005985e03cb647c4a1d166d2deaa3edb1344cd3f52f839093ec5
SELL,0.007,1000,1729200383,No,0xe600a5aed055dc83b8ad4639333b0e25af0397268b81394f4a519eb5f5a0a60c
BUY,0.008,11398.75,1729200361,No,0x8a99a1ae187a2e7611fa33e2b04d447366e6ca10e1bb092556403495b07de078
BUY,0.008,3250,1729200351,No,0xdbdb6e4714ccd79b7c12b3e6076fd0caef1df7960f0e8d6155a42a5e29117819
BUY,0.008,42500,1729200347,No,0x9b5c9bf4d3c5fd2261ec173f6bf8ac18b2914be500f138e607457919abb1c946
BUY,0.008,1237.5,1729200315,No,0x5ee648e4811faaf58b7afe109583792eb4682e61a1b670497e4b1f14442fc03d
BUY,0.008,2625,1729200295,No,0x6ade0bc81c105a337cc0aa518a97d73d91af5b01cda74aa3b9db93dbd664086f
BUY,0.008,1475,1729200253,No,0x25e67bd7239c1d38715a85374d0b966e693d14fef8b3754be6b1ce41baf1069b
BUY,0.008,572.5,1729200243,No,0xd70c50d37ddbaa8c15b9b14b8723951191abc1c3733481b703b2625ec79ba705
BUY,0.008,250,1729200207,No,0x1410fd13ca2de5a59549dc22913f1e501a5f2c9104755eebc50514477a230d20
BUY,0.008,2000,1729200189,No,0xd46326635ffe0bfad3628b1f56134d21a746cc88c905dc821030632e01a237e7
BUY,0.008,125,1729200145,No,0xeb6e6104497d04685295e81cd26bafa65676ed24212f2b6c640911799d4de9e6
BUY,0.007497326875904145,1987.375,1729200125,No,0xacb66ddd519debb4cb5a3a1f413fdaea7ffcea88bc633faebdd3f8f6a36df895
BUY,0.007767892138121736,44858.11,1729200065,No,0x27d9546c9fd7c87341a3e985294e70b87f23fc8c17917ffa4b025990f72139cd
BUY,0.008,16217.5,1729199983,No,0xfee13397200968879fe6da38e03d1aaffa8b8f5d74cddc492b93c4c1e0487959
BUY,0.008,27785,1729199969,No,0x2a9631edf3c87b8caa8450141fe7174d8aa9a1d5badaa3534fe2830ca46310ca
BUY,0.008,123.75,1729199885,No,0xffcabe1f9850d4b87ab5145d6b75b671aa842b0e377cc0efa461299f2a95514f
BUY,0.008,368.75,1729199879,No,0x3257bf1393f91425d8a3d1abc6a89bf64db185b0a343c13e0f9b4d9f0ef377c9
BUY,0.00768103448,125000,1729199845,No,0xf5c099220be0fd245f365196c5182bf71c5a411ab140baf9dbeb9fc743e63977
BUY,0.0070000000077,1428.571427,1729199843,No,0xfc373db34826d0f1d17ec46a0c5e3a8e76463969cb326665251f34cbe0c2c27f
BUY,0.007000000006363636,1571.42857,1729199759,No,0xbea73fd14dc014953b8b70eac42dd406c68fc5307e4d0873b5671495dc4a65ed
BUY,0.008,75,1729199697,No,0xd22e1509e0e05b1e56c7ce395bf1434adfdd4a1c95d1c83ffaf2faf59b45b0f6
BUY,0.008,5000,1729199695,No,0x0b1ffaf797788915e1509d3b1dc51adf8ca247c5b5882c9f3a27a1d3d9382aaa
BUY,0.994,30.181,1729199671,Yes,0xd06db7b9d5154648a600febbbebaf1003921a07c13728f63d98e08eb40a7d7a4
SELL,0.006,0.9,1729199659,No,0x9720dfe200372a0d71e7717aa28a992c0704d9b49d9e42c7f0d58f7a8e0fcddd
BUY,0.008,723.75,1729199657,No,0x920264e94c8df5bd3c7ca930c7d92d26691b8bd84f9aa3602607ebdf48cf1987
BUY,0.007863659611825268,31028.81,1729199619,No,0xc2db928e9575bd0dfda3821e021999ecd501fc9007b713243144134d68f1df36
BUY,0.007000000000004418,226377.142857,1729199609,No,0xfa35a01e9c33d86f4b494788a1260d1b476de22146dbecd7b1a98d569404f1b6
SELL,0.006,3000,1729199601,No,0x0d18089e9823fce336ff6bc44942b6b8e4434a85c05b2821ad959cb7d7ee745f
BUY,0.0070000000028,1428.571428,1729199597,No,0xcdb7507ad79ca95f33b1b3cadb1b2ce1f6ab7b6b46bc880afa541feab9d06409
SELL,0.006,30000,1729199577,No,0x7ff8a25e5fe1e81700f684da88b83c34567aa73fa5ccc01929738669aa4015b7
BUY,0.0070000000010502625,5712.857142,1729199567,No,0x28a531b246b219587f8879fe75ec29b2054d48c519cba590c18403528230d7f7
BUY,0.0070000000175,285.714285,1729199563,No,0x6d6d830ae3fa8baa5e1d96b84f26c7248f2a9e2f3b636559b96c92e8a1451d59
BUY,0.007000000000642202,1557.142857,1729199559,No,0x1dd44650f7f08f4f798335d8b5ff2e7a8a7161a3f44cf287a41c4e624f316bb7
BUY,0.007,100,1729199549,No,0xf71153444cac87f61557cee377f1971b135870dcaf6e3cc6fce7f2e0ada5db3d
BUY,0.0070000000028,714.285714,1729199547,No,0x2d6c2d164749fa0ae04b4421b3c16019798473e50d85032c0273a8638210f1e0
BUY,0.007000000042,142.857142,1729199545,No,0xe9a6b9489603643b1626198259342786282a117ac9dfcfba85ec8898200d2a11
BUY,0.007000000042,142.857142,1729199543,No,0x13d27496f63abb41a876dcbf315aab73cb6d0169541c2e905d0b710279cee7e4
BUY,0.007000000042,142.857142,1729199539,No,0x3675a773d8782b4ebc5b4def1f2601053a973d361a163c658999d1cf2a66e28d
BUY,0.007000000042,142.857142,1729199537,No,0x317caa372185772d3957bd4a3e19a7fbbedf95c79057dfc549512e06db3d7077
SELL,0.993,116.01,1729199533,Yes,0x47a57dde9616108270d5d6790633875336e1c79be0b569118de72ec665c43fc7
BUY,0.007000000042,142.857142,1729199533,No,0x400c827d006130e07ac0b0a5a35e867e1ced8b5ddc95cb5c1ede3dea6087c2e3
BUY,0.0070000000028,2142.857142,1729199507,No,0xb23537cbc69abb666e18cb32f074131bfe2efb6db174509fe63ee2a41a5aac9c
BUY,0.007000000001971831,1014.285714,1729199495,No,0xdb938f4edff10035d0fe683a11765740e9a200940f54962d505cc9eef94d8f56
BUY,0.007000000001153212,4335.714285,1729199385,No,0x7b13c2499cd3f7287f6ec0dcfb045db7c1f5dc0b8bae8f9ec926ec84415595e2
BUY,0.00700000000035,2857.142857,1729199367,No,0xa6b3cdabcd2fde909cad1064ee8dd03cb8caa6224a3b8f65ea02554654f88e5a
BUY,0.007,1568.17,1729199339,No,0x2f43483cdc4ba58df0e582f7e4bd5677c3279a3d4dde5259ff86edf2a06f1647
BUY,0.0070000000028,714.285714,1729199337,No,0x372ee1419c6a6163286e7b0ca81356f5efc13102b079830541996a2140dd3add
BUY,0.007000000001166667,2571.428571,1729199319,No,0x179015dbccc67c5e4f8250626351aa51d902dde0a0c58f860d8524414bf3e5aa
BUY,0.007000000003652174,821.428571,1729199279,No,0xefc38fbec624ece97f58f703c12498e3d9c0088aaab55d56e9165cc863e03363
BUY,0.0070000000175,285.714285,1729199269,No,0x57a35ab26587582c7e493c9f1473e98280c57de1deeb3fbe33df2f1e1fe48721
BUY,0.007000000000424242,14142.857142,1729199251,No,0x5c14ded1e209926741771ddc3a813f46f5612167d26e455fdc5b671d7a0b4f1e
BUY,0.007000000003213958,1555.714285,1729199245,No,0x59c0fa9afcc050354112faccef6f7106b7c906bc55f7f9d827d4652c592b7d42
BUY,0.994,12437.95,1729199241,Yes,0xeec12e7407cfdff7d70f60a777e60165bbaa6cb56d43f4dd7726ed20c7ce3cd4
BUY,0.007000000045161291,132.857142,1729199137,No,0xc01fcf1ed5cbcb195c7654b95bb987823055670d2b7d721f8d11391e051c8989
SELL,0.006,1571.42,1729199113,No,0x1918912a4988ffaafbfd961ffafa68cb6c529c425f87e95e316dbc08095e5ec5
BUY,0.007,3600,1729199107,No,0x0cd4234e3fd6d570a2ba7439261cd8b9ca6fc1a5b07c0f65963fd01f0f9e079e
SELL,0.006,1142.85,1729199083,No,0x4196d57e8853b0c6c961954cf64ea869f7b13ec019f13ee3882dfc458bbe5b33
SELL,0.006,28571.42,1729199065,No,0x8040f8367c5369783dddb6fc606709c76a93875dfef6107e6c4fd2de9abd3135
BUY,0.007000000004005722,998.571428,1729199041,No,0x1f4c3e9501e5c2ffb9d7ed59a2f538dceb138ca90a52f50977adb5461d0e2a6b
BUY,0.007000000009333334,214.285714,1729199039,No,0x5498d0f934217e1f8286ff0afa8f62c0e88fce9e149e70d5d04df6d1ea91dbb9
BUY,0.007000000042,142.857142,1729199039,No,0x68a8d5acb99baa803a5e5177c61814c4175298f94069af62784b6ab447b9821e
BUY,0.007000000000700701,1427.142857,1729199019,No,0xd7b3fe4c05e27f4a8c1af23710756701dc9e164d6e1908d0133f86b4feca5eb3
BUY,0.0070000000028,714.285714,1729199005,No,0x94b7665016ced53675663ac8db8e97e5ebfb5a796f9dce6ab1bb2cc248e19287
BUY,0.007000000042,142.857142,1729198995,No,0x82ee55821bcdb947117d90b8e56bf95969ac1acbcb9981288edcf1e378ba3407
BUY,0.007000000042,142.857142,1729198993,No,0x0967f4cfb4a508746f6b6cee20f5297bdad7a62a540ff1329845be69b93f9226
BUY,0.007000000042,142.857142,1729198991,No,0xf4b0798ac1fac6d2d1c21615c0d447d4684307c09f262b530a9690bcce055a2d
BUY,0.007000000042,142.857142,1729198987,No,0x41cbd82f9b525e78fa13489f6b9508a96f65bdd9504452f16791dc6fbae99b4e
BUY,0.0070000000028,1428.571428,1729198987,No,0xc880502a23cebab83edcc926fcc2b735dd4b27840795673bc1539450ff0f25f5
BUY,0.007000000042,142.857142,1729198977,No,0xd8dd0bb9ba75e597fd57e11adf6ed34583c29d20ed1922db6f81c1c7ae5e7a98
BUY,0.007000000042,142.857142,1729198961,No,0x9e0a8ee0a6aa27a3e5bbc47f9ab417bcacd2e3d55d2f6466c40748bf1ff1764a
BUY,0.007000000042,142.857142,1729198953,No,0x1c766ddb38d26cf9a72f959f49cdd2290b063ce8cb338af6e338e5d39141653e
BUY,0.007000000000859247,6982.857142,1729198945,No,0x09defb923876444e6a66e4e245a81a9be26d88c5247d789106615c30d9224471
SELL,0.006,0.16,1729198943,No,0x128254de9855c73e7a2c3365a796cc22d9030086dc4c1878f67cb70022cf4484
BUY,0.007000000005982906,334.285714,1729198909,No,0xd7240370610f9fbc3ee4b08e0ab2432a88c2e93a21209a27283f3ddbefe215c7
BUY,0.00700000019444445,25.714285,1729198881,No,0xbffa321f70ec63ff979eafb4ae0d01b348df85bf0e3836a5a045e112d85b4bd6
SELL,0.993,357.74,1729198859,Yes,0x2f3a98d9da1039b297ae0fd0f92d223d3ad3490c19d959ce5b236478f3f35c98
BUY,0.007,10000,1729198841,No,0xd35ab55274e2b34004549a53e98c390102ac1fa4ef2c254a5bacb8375166272e
BUY,0.994,1111,1729198817,Yes,0x1803aac80ee78a4a41334072e08d03581db0a34f60cac8af145d94d052f51ad8
BUY,0.007000000003544304,1692.857142,1729198809,No,0x085a358530168d774df3d88f027573be30a3a34fa9b9d6fd64f569264d9e406c
BUY,0.007,5,1729198753,No,0xfef4f95c0005470d266c35ddc705467b8f13ba1cd25778b88fbee6962e817543
SELL,0.993,0.13,1729198671,Yes,0xd4b8c08e514eaa00e5be8ca49c80402eb59474e2fca636fc6474abe288c323de
BUY,0.007000000001909091,1571.428571,1729198653,No,0xd796369474ed0dfce00feae6b1124310148e08c6617182404c125795f33bbbe7
BUY,0.994,10000,1729198539,Yes,0x8b78f65825f48376f18ac70efb41fb71a029aa5fbbedd9e492199062fa8a0232
BUY,0.007,10,1729198535,No,0x24adf09e44cbc30e22bf2670668f86b41f75a7b857b78437a4674b2ee9c7f331
BUY,0.994,10000,1729198523,Yes,0x279291e0fd471173baf1469c44080beecf9f9f2238719f6aacdc99eea12a1e52
BUY,0.0070000000028,1428.571428,1729198521,No,0x756d02925c64f02a44e7b1bbee2c205032f4f2b25c491839728798fbd9ba62da
SELL,0.006,11452.08,1729198515,No,0xfae5588d1970d0a8d48ae6cf6b861507de0a9604f29d03777162dbf3b50ecf38
SELL,0.993,117.72,1729198515,Yes,0x8d96cb715fee7fb7f31e8e62cb767719e547e6b4b3d6886b1bc145083ab32e07
BUY,0.007000000003255814,1842.857142,1729198495,No,0x85fbb44f5710859bb81a290e30fc47db5f95cb02cb09ed1576a62b644e77a787
BUY,0.9939999999830115,117.726333,1729198447,Yes,0x287b156d97c1a7108a8f57669dd3bf5ed3320b7f70c64a090246c1aa2809194c
BUY,0.007,14000,1729198429,No,0x08aae9f1b243c2f4136a535494f55f7eb0d65a14a4a55c143aa2efdfd423773e
BUY,0.00700000000035,14285.714285,1729198383,No,0x71ebde8b35b6c1adf3825671132f7bb002343b4cae4bc6b00c2792c0bfefb67d
BUY,0.9939999998011995,20.120666,1729198375,Yes,0x6702058cdf13a1c7ad32b349e943b3faa229404bd7440c0e3102247ae775cff4
BUY,0.0070000000000090936,219944.285714,1729198357,No,0x9a527643d1f1034a3e081913e25a596ffe08249b7379f71bc042830c3575c98c
BUY,0.007000000042,142.857142,1729198347,No,0x514049f57bc7ee7274c69cb35dbf83ac25bebece1625d75720b60610141f9bee
BUY,0.007,3570,1729198339,No,0xbf405f9286f570b3b3b43406c5a768c13c02b38f12895c00769e658d24a38b4a
BUY,0.00700000000065268,3064.285714,1729198327,No,0x8a424429d0c27f7d85d4c080c7c97b15106af7f2c244f688f76c812abee083b5
BUY,0.007,10,1729198277,No,0x5210586e2fbcf9b7420ed613f46c4b168944a397bd4263fa0a7479557e202603
BUY,0.0070000000058091285,344.285714,1729198277,No,0x94795173e3a3d795ee8a03c6a888a4a322b444e6e6bf52c13f9bd457c36a0532
BUY,0.00700000000035,14285.714285,1729198255,No,0x5291584e6199b525087a717b4a478384c653deb70042dfc09de396efeada647e
BUY,0.007000000008416833,712.857142,1729198235,No,0xebea54a28e8999619f964590a66db32ad9c62ec255eefa1cfc5798dcea38d44e
BUY,0.0070000000017884515,2795.714285,1729198233,No,0xc90ac63546db4fefc5e6613cc0907d6638cea7c69be0f077c7871baba8b393d9
BUY,0.994,10397.19,1729198217,Yes,0x5d2dcc87e4181500a3ef101194b954d65041d9ca411bd70df7f4585a9a641f75
BUY,0.00700000000084,7142.857142,1729198181,No,0xdbf709c9f31269741d554e616b31982662f60a766e19039b6b29a61bbcb79910
BUY,0.00700000000013583,44172.857142,1729198175,No,0xa57d29e64736d161fae4014c362a5c3ec3ca156dd41eb85a58b5eb9539a498bb
BUY,0.007000000000844731,3551.428571,1729198169,No,0x96bbe6a16362900eccc99ab28ced5235897aee8a5187226d35d1690fc9cc7606
BUY,0.007,199.66,1729198137,No,0x211416124b6e47c574ee2914cdc7535ea221fc6a37556069c9d70c2b47c5f39c
BUY,0.0070000000003880266,2577.142857,1729198127,No,0x9cf9904544b089af4ddc4e6d778a3e701ba29e0622f8887f08a5e18ae4fa3209
BUY,0.007000000000087895,11377.142857,1729198103,No,0xe94b1779fdb16cb32482e9a387dc9116951656113700f8e0d7352e5b2433b26d
BUY,0.007000000001750876,2855.714285,1729198103,No,0xb89147cff0b4a3fdb40e5e5471c783fff1694cdbaa4a66241f61cf978c376c7f
SELL,0.006,13273.33,1729198087,No,0xc1b184e94076d52c08e971ec72595e6309bedd8270b6c8e635c6d6aee0d0a306
BUY,0.0070000000035029195,1712.857142,1729198075,No,0x3b8660fad8e13bd0ab89444da2518859f0d46593285094d4943e5e068d4fdf9b
BUY,0.007000000004246714,1412.857142,1729198069,No,0x483f057f63faf1acfb4c3b64adf1aa8d04f25432ec9d6cb13da13aae0352dfe2
SELL,0.006,1833,1729198015,No,0xe289a6809a701d557a604e5eb21fd9f480d70528ef8a4bf5b3f9966c3ed26639
BUY,0.0070000000007395665,2704.285714,1729198003,No,0x758f1ad8b1b69604ad0fda84527583d80fd7bd9601461a29b255193afa340829
BUY,0.00700000000035,14285.714285,1729197971,No,0x708fa54d738b19b21933a63ef2955059ea21441b33b034422154d83d208fedcb
BUY,0.007000000000136479,7327.142857,1729197967,No,0xd154494188fe3e3f6ef1b63b25bff003f58e763eb06e16eb97096999ff6c27cd
BUY,0.007000000042,142.857142,1729197959,No,0x2592223ce4a1ed4d27c4b117e85e990135e576d23754cc85aef94f7674c59073
BUY,0.007,90,1729197953,No,0x13d9231d2b950f10bab0d98b0a8ef637fea66221f8839f740ca2bb812e4af2dc
BUY,0.007000000001153212,4335.714285,1729197937,No,0xeec93eaf1a8c42bb63b92acce51feadb3351dc6c2e8b07056181bb0f6601b9dc
SELL,0.993,100,1729197933,Yes,0x6c44012c9a0e30461b4cd1b2660819991cc574af2e308a235d28bbe06c360622
BUY,0.0070000000028,714.285714,1729197929,No,0xf76f3a88e88aa57c5041a769f5b0475c210db2cd4a0a8c9b5445478722227b1d
BUY,0.007000000009333334,428.571428,1729197925,No,0xd5d72ca1b9f2885370c6a61fe17f3b5a3c0f6937500500a171b66ebfd0ec8f83
BUY,0.994,3278.52,1729197923,Yes,0x0cd2b4193b02e097b2f84ef76f897dc51150d95f95c28e957ea1cc7ff5d2c03a
BUY,0.007000000000525262,5711.428571,1729197919,No,0xb6173b36b014a53fe5ed2a8eb553beb904ac71f073a0253821f432cb11eb6153
BUY,0.994,100.6035,1729197855,Yes,0xdbc08a5c69f4283564b8bdb85fbf2d39b56d8110c213a088da6a9fb149c05e67
BUY,0.00700000000053037,11312.857142,1729197849,No,0xdf4157ee295d69b20977f047d0ff910f5ef697c5dde461cfc79120a50fb91fb2
BUY,0.007000000042,142.857142,1729197819,No,0x77cf863f7f3907389b9576fac63c896468c81b06e68348a91b62a4feac04af8f
BUY,0.007000000008416833,712.857142,1729197807,No,0x69c605607a6c927deed6a80bc8a8e300cbf075df249f23c5164b11d42c6fc3c5
BUY,0.9939999693875989,0.130666,1729197805,Yes,0xf2db8ff2f8613c17816be915a9490fe2d48dbf8370e23e70969b9333a3a92b33
BUY,0.0070000000175,114.285714,1729197781,No,0x19d35ecc6ca56fa0a08c85a48cc6a683b4a1d8a369cfcb4d7c93ba74ef2ccc9b
BUY,0.007000000001166667,1714.285714,1729197713,No,0x0b9db91f38dd0b716a1d9fadfe01c46149dafe82906f0fe2fae89a0a11733392
BUY,0.007000000004187438,1432.857142,1729197642,No,0xd749766476345799eb63edc0f9ddb0efaab03654b4e87f6695baa76970513aeb
BUY,0.007,7140,1729197612,No,0xb5f2fa8593788835170487b9e70a58e5b946d4c3dd87a99b90fc9b30c216e1da
BUY,0.9939999998830586,34.205166,1729197606,Yes,0xc4d6a1953bc4302f16cf32f069e5ff3556f6b6471f9d90ead24e84a863615df4
SELL,0.006,166.66,1729197590,No,0x017efa6aee07a4af170978420bb3a12ab1ba43b01ff331c24db11f77d9a0208b
BUY,0.007,700,1729197528,No,0x8b1125e5811f6042714ad6f0f59215c5231ccbf9f70814ead721027048775c64
SELL,0.993,5,1729197512,Yes,0x6612b7ff6800fead35a5b20d9b66b9f88030da8bfe40bb97d829a38ddb02527c
BUY,0.006747974798087126,1587.142857,1729197456,No,0xfe8ca6af7aabda7336e33f6b1fd901bdf3d7e76112dbb22c5e5f7e7f6b9e8b7a
SELL,0.993,10.78,1729197438,Yes,0x2b125b3227a831bb9228e89df4a653bb24daf9146d3e830659574e7db89c6b95
BUY,0.0070000000028,714.285714,1729197426,No,0x3d1e42a810dc93f22d0ebea58c47e085610bee19049420ee63c2e5eb71351c2d
BUY,0.995,10.7838,1729197384,Yes,0x1b5b144ab74aa41d8116626f70ba5586a2cdf8deedcc5c63ab4f29fffd192646
BUY,0.007000000000638104,7835.714285,1729197382,No,0x28a833aa65788181948a7e34e975a39e93c99515d86c11b06e6bf41e3f567f14
BUY,0.007,1000,1729197350,No,0x41450fb30aafb5dfe4d6fe3e62f8fcd0bdac088473bdf20096cef09e425b408b
BUY,0.007000000000309392,12928.571428,1729197350,No,0x145159c41ef58586edb606ec1063d0acfd070dd75aa235cae935ca505e512e88
BUY,0.007000000000105,28571.428571,1729197334,No,0x21cd64f54409fa7ec63e0a668494a722abcc608c87e9a1d1d3818a10d36acf5a
BUY,0.007,900,1729197324,No,0xbb4dbeb23719bf6d1d956b0df64fb5d8f6b1f303c822b5a3e462741d2c2969fe
BUY,0.006,1610,1729197300,No,0x9509266b9d6a8598c14f9d6f5d48f27821f10973adc23dce04b22084d901ac1e
BUY,0.006,1475,1729197298,No,0x2aa3d9d4a99be927a962d576d3b0a9cb25ee4d33f860f23c86c5a7b5a2ff5abe
SELL,0.994,5000,1729197288,Yes,0x08927ef3477016b9cde9accb0d1c61a0eb6e705033daa16bac3f7c112e203664
BUY,0.995,5000,1729197250,Yes,0x1d96530582f2da4e5d02558a1902f0ea44452237ce9387c229eb4790b197d5d3
BUY,0.006,3915,1729197214,No,0x84c56998526c9687b9f1fb6eed5467cbea8e04dda0e391f61154d4749db676b5
BUY,0.007000000001391189,4312.857142,1729197172,No,0x2588e577ca5192049fff9cd56e807fb2f3ec83d9330a97ee7910607b181a76d5
BUY,0.00700000000035,2857.142857,1729197160,No,0xcbc5e13277bcc826597813519a8eb0be545f1ce436ddd32d7939c554c4369131
BUY,0.007000000042,142.857142,1729197154,No,0x9de99c7e31496dbe923ea3e0a89c5d45b991d47414654458e3dca7d2bbda57ce
BUY,0.994,351.85,1729197152,Yes,0xe892635ccc0c1b128c7808743b9f42f0b44c45c60e1470bfa69beafc7e67288f
BUY,0.0070000000175,285.714285,1729197146,No,0xa5149aff2b31c67818a1683a52794bb8e0cfb0ceaec339f3d543d6ed543d8a01
BUY,0.007000000000493305,2027.142857,1729197146,No,0x5a422fcb2864c113dc49aab1bac0f53b372a6e10d7fec264fa00b3675863c53b
BUY,0.007,200,1729197120,No,0xbcb23f9b47df41a46b83fc1c5c74f5d6760b3271e13d82c03e24e104f794a289
BUY,0.994,22.13,1729197096,Yes,0x878808c8aead6807957afc003aecd4db2092ee7250b23048462d237997d336a2
BUY,0.00700000000035,2857.142857,1729197078,No,0xe9c6206fe2a67a8932a129151c61996af3824897c5ca7b2e4cbc6586cedf2207
BUY,0.007000000006363636,314.285714,1729197022,No,0xc9ee97c499c81e15ad9b26857916fa2868ce32f24d01dc0dcd603a7280527ccc
BUY,0.007000000042,142.857142,1729197014,No,0x9f0e9dd4504aee4c386a943faf7e31683d257b5c02729338a4eeae66865ed0c1
BUY,0.007000000001750876,2855.714285,1729196998,No,0x5bdfb6cec3e059e95904493cde0e9136c77fcbba751f74d431eff853d37defcd
BUY,0.006,126.02,1729196980,No,0x1881f3e5d0dbe7756a588f019cb44ef030dc355c07ac004a5c440ff6ef3aa975
BUY,0.006000000001655173,4833.333332,1729196974,No,0xdb40c125f78852a326120bcd9185e4e1fdb1caca4bcb1045bfd2a9b6fcf9153f
BUY,0.995,3.015,1729196970,Yes,0xe0fef68c4f7df3c9ad9576a68626d67ada9af2359f0367710e7ba922bfb0c04b
BUY,0.995,200,1729196942,Yes,0xac16cbae93d5389d726e233920bd8fdaad97f2c2f2710b217f840ee9c0875e91
BUY,0.006000000011741683,851.666665,1729196912,No,0xe059b0fcfbbb3b366a0f3c3e23a8fb23a72d819100e6e5c334e782c834c1574b
SELL,0.005,3000,1729196864,No,0xd8ebee057f0e98e6c7a46fe1559222409b73dd322521dd20b0ae5d1282394795
BUY,0.006000000002485758,3218.333332,1729196858,No,0x13ed97797a86c290110ea32c8854e6bf2b202385ec9560d822f7584e307c7dd3
BUY,0.006000000007779578,1028.333332,1729196854,No,0x1a79cf2547caf7a060b329fd68f666ade6d97aca8f71a8e35cb2b33a8d364e19
BUY,0.995,10.0502,1729196842,Yes,0xc80fe1eaacd772450c9b8a49830f8a95f1fdc783150b181e64f69a9155345d60
BUY,0.006000000060000001,166.666665,1729196842,No,0xc44ac563903859efb3d13d4137194c6b2d3f4670233af4bf196e4b5dd659e6bd
SELL,0.994,1400,1729196840,Yes,0x52e3f79bd984090bfd4fc312fe11b6bd16dd21f22a8922c78de8ec3c43a5b729
BUY,0.00600000000282353,2833.333332,1729196776,No,0x53a56f1d2686ced6ec7a4b544dd98a12871fa6f40fd78507e313bf404511a108
BUY,0.995,5.025,1729196746,Yes,0xa2ab8ee8907700fcf0b64d5a06ba9824cc836f83c89330ae0576df77a76a3dd6
BUY,0.006000000002888782,3461.666665,1729196744,No,0x52dfa4443a0b51d70ae8acb6288fc3f1e5ee753b566ce6890931631138b2b11d
BUY,0.00600000000024,16666.666666,1729196728,No,0xc52fabc418626142f1307eae84cbfff8c1cd58a1792c18ba9a2ce2a3849cc8a9
BUY,0.006000000005825242,343.333333,1729196712,No,0xbd12012c79e02f66838b7bba4c2d5014d1e6e25795b23a466c6b2432c6aa49a6
BUY,0.006,1157.75,1729196682,No,0x399c0f922c23f2ba2656ac7567d7d5313372235babfae70e91d48e1137f966d7
BUY,0.006000000024,166.666666,1729196608,No,0xd2cd15f2e380d467335360519ded38514ab57cbf8132483fd75afd30dea1475c
BUY,0.00600000018461539,21.666666,1729196568,No,0x06135a9c2aaf067c95f4f1f1e8b8d0ae2219ab90ef425e6c9bcd0c08dd8337a0
BUY,0.006,9145,1729196554,No,0x2ae0484b2edef7b31039ec03a7afb4d222ab8d52399a298fddd86fa46632f25f
BUY,0.00600000001589404,503.333332,1729196552,No,0x95d0f7bf053f8ba8a066ae053c24ae0f9a20f5245e2153301c96cd94bc21d080
BUY,0.006,832.99,1729196548,No,0xae50078e7964341e25db97e260cc432582458100dcb650403ac90d15d94671f0
BUY,0.995,21.206,1729196516,Yes,0xa0e0ff03888e500223ca5c1d3e340669581ac16c43942d4c2a6a5b31455881a7
SELL,0.005,5333.33,1729196476,No,0xc9cbebe568f5d6b490c403ed7d7265909d2f539bf1d33cf51f925a01e9427266
BUY,0.006000000000307063,13026.666666,1729196452,No,0x939cd8b7b21837cb493ba38515170eb9b82bc5cf050daa5fc5ed38c0af714e68
BUY,0.0060000000024,1666.666666,1729196432,No,0x12f8778d62b832e531f78176bd92098a761275af75a536d4cab544ee97a8d031
BUY,0.995,24.93,1729196406,Yes,0xdd04432edc1a0e7744de6f37b71cfc563853cf4d2dd0f9f0aaa7b796f146b1b6
BUY,0.006000000006,333.333333,1729196400,No,0x4c40bc9a82047f9a95fdf60cd0550e286ee5a867bae5acea17834ce5946c1a9f
BUY,0.006,210,1729196382,No,0x6affc0dc2e9469ea95ba6d41d932d73f694358a5979505079ac8bcd7f110eece
SELL,0.005,5600,1729196372,No,0xc6e40b0023c64024e2dbe12d43e85b0bcdabca7a92ba635fbae0f7dd885c568f
BUY,0.006000000000600901,3328.333333,1729196346,No,0xb52c3a046a67f94e0d1b3832e8a756de1ec8de20f46140b9df60e145d76bc4da
BUY,0.006,5000,1729196340,No,0x75fe8c0bc27bc4e555f98365920c98ea2aa13e13276bfea4ead9999284c6d3f8
BUY,0.006000000150000004,13.333333,1729196334,No,0xb4a21d3dbf668c187b2340ea212afe053a61cab62de9999dd2484a79908a4eab
BUY,0.006,33500,1729196330,No,0x1c33baa4b2d500a97fddc8dfdd467745dd8f5cee92f76dd1fd668a441a773f41
BUY,0.006,150,1729196322,No,0x3989d3efaf0b7920e1fd0faeb6e4684411371606fd64600ae7a231711dd4683d
BUY,0.006000000004363636,916.666666,1729196300,No,0x15ced325bd8d9a1e9879ea813e250ca395565fb26b7359be86896821bd0725a9
BUY,0.006,2750,1729196296,No,0x4aa21055daefd3071b0c9523aad78ac3d67657a91c39ed6851bc1bbce2af702c
BUY,0.006,2500,1729196286,No,0xebfc723e3170408825917f20521d9f6d4a95055482ef9ef578ee3cf1d93bf0b7
BUY,0.006,1000,1729196282,No,0xd62ecd4c18fa3abf1332543b730f0713b8b58b333b5ad50716ee28967bfed059
BUY,0.006000000000173035,11558.333333,1729196264,No,0xe638960186b29158102de1c1de13ca16c6468ca191d239cdf6d40fc91832a759
BUY,0.006,100,1729196246,No,0x8fb16f1679116127d463ae6be24e82a3743153e20c698405254b16978e2694ea
BUY,0.006,550,1729196244,No,0xac27ec454cbb9f3bfeb6a25a3bcd12adb09a4dc875b5bd0d79c88585572191d2
BUY,0.0060000000024,1666.666666,1729196204,No,0x366ed509f5e226fa915380907d1b9943da78ec6e95575ebf161885c5a3101137
BUY,0.00600000000024,8333.333333,1729196194,No,0x2bd61b8e1e44ebf24b04d6cda7d2adfcb9f1f403cbf50a5fa63bfae50b7acf0d
BUY,0.006,2500,1729196182,No,0x1ccf6be64504e0bc6d0dacd51bb734ff775f995052d0e86ad36d701c7fae8602
BUY,0.0060000000024,833.333333,1729196150,No,0xfbd6e27ab4b04ee36789bb26a2b3f90c9a61b088ab4c59da68f7f4614a36b747
BUY,0.0060000000024,1666.666666,1729196142,No,0x66649b45c320c773b584b5fa2fe644a2cefeef9955d5aa34aafdfa0d32b46da9
BUY,0.006,605,1729196134,No,0xc3ec36a5e0bda6980471ca92014db01a68db28e0ecb86d25cfc7f5a6069f4ddd
BUY,0.006,4500,1729196126,No,0xe300d81fbc995ad68f383096a57ed6490646f6d11b25a6684e686a495dd9d3d1
BUY,0.0060000000007058825,5666.666666,1729196104,No,0x8b5b4965ec067e6cf15eb945301b580829e4caac059010f056bde12f8b1d2939
BUY,0.00600000024000001,16.666666,1729196062,No,0x3b30b41445653c523363a5bf37083edb69caaec5a73f975021d71b0883511e9c
BUY,0.006000000005741627,348.333333,1729196052,No,0xb9b36136bb438b506dea2e26e2295373ae959c222eb6887f16a212f0dc953f42
BUY,0.006000000027272728,146.666666,1729196034,No,0x18ac38f4e23ee13ccfd99a81a0151f06b3e42a92c534352af93e2fa5fb17ffc0
BUY,0.006,500,1729196026,No,0x4331a5128e6b51f1b524068965e96981c0088c80b2df3095d44b23c853d28cd0
BUY,0.006,8500,1729196026,No,0x0c4c1c009372c6925a2d2726b0d093ef9ce5da014ec2a13e388d54578f730d17
BUY,0.006,50,1729196024,No,0x060b682befce27306dbe55b1c587756fe5a09d7916eda1d436b8d38473d83178
BUY,0.006,165,1729196014,No,0xe19b3f0ac5ab1b07334a4aa2af9a7fe55648f54b225b8cb175fb82e7e36b3499
BUY,0.006,222,1729195938,No,0x821ab7675e829ef1611d12def931e1f0e5362fcbdd05516fa8604b6bd5e4f2fe
SELL,0.005,10258.84,1729195934,No,0x9843851ee9115e0ae338a9986700d92f00b54112b8c8d564a88b63f2c1109c87
SELL,0.005,4546,1729195928,No,0x16354dc7e62e445bda62e09a5cb3233149903789c5503041eb3cf8a403bbb88b
BUY,0.006000000000277168,14431.666666,1729195922,No,0xde4a94b77b91b1a167fed9ad269de572736c22ebc37609e21d4d2048a6c025b8
BUY,0.006000000000060027,33318.333333,1729195898,No,0xefb8ccc4779fb82f8b0ce61bc5f24ae70140a23fbeaa5adb524af2bd095eccfa
BUY,0.006000000034285714,116.666666,1729195892,No,0xbbf1543798e371f30380e7e2600237c4805dc9ceb4fdadb4d6f2da305110f12c
BUY,0.00600000000015,13333.333333,1729195888,No,0x79b587d170a8f26e5f8fc98dbc72d21bf6f4d94641d6b3677856a62d6daa7f77
BUY,0.0060000000024,1666.666666,1729195876,No,0xb2928762868fec958e4131ee6f95d62b2e74b13d5dbc40a345391d888d90a4be
SELL,0.994,506.48,1729195872,Yes,0xaf050092e461edaf790801e52e77a3b1a1d06b9158ea4c0e0d00b148e433e4d6
BUY,0.006000000005504587,726.666666,1729195862,No,0xf1c8e95896b4125ec99eed22afc3c673d75b0e3d112159d912d1ec0f47e61710
BUY,0.006,1000,1729195860,No,0xe3b9c806e1478279bbf1e06cd763f4a93fb18eac0573e2695f09e7cf8d0ca5f7
SELL,0.994,780,1729195858,Yes,0x010c5991e9d7244a1138e8487ffbbdf77f99d86b0482a94ad4cb16b83d90b8c9
SELL,0.005,2000,1729195844,No,0xc312dce841590d6e4765c9ac4e9084cded6d49e195ba221047287b593c99a8b6
BUY,0.00600000000024,8333.333333,1729195820,No,0xd329fc06cc34cae52c2ba0ee5f2430dd2213b56156ad6c34fcfde282287eca12
BUY,0.0060000000006,3333.333333,1729195806,No,0xcda788bed150cec8dbbb882270715280a22f57758344b3549c6d5f22ecee492c
BUY,0.006000000000857143,2333.333333,1729195786,No,0xf63b5bce6b20f4e40a5a37d610262f045afe2d0078c4c2fe5400a59beea1e6bb
BUY,0.995,0.9948,1729195778,Yes,0xb8bf30d9306926dfb5f6645a7f6ae00e1b1110650990b810ad5934ce416b40a8
BUY,0.006000000001334816,1498.333333,1729195774,No,0x0dabc4a96310cdd3f61c0719bd1e5da198c4768b29c8bd82afdb3d8a6063d2f3
BUY,0.006,5000,1729195764,No,0x61980ff974f220e8bcb450bb63cf110a18f9b6859fb26cf6b2c647668e89af86
BUY,0.995,20.1004,1729195732,Yes,0x5c3c67d80890cb8e504ed6e71228ad67e18da5e52893ef4baf576be634aa810b
BUY,0.006000000000096,41666.666666,1729195718,No,0xa86410a066a78d49c15072caece7a288a8be606d69526aab4ff3fead0539dc8f
BUY,0.995,1.005,1729195670,Yes,0x62031c5ccbc96b5958d35e480194358f528ee47daa70ceda8c3a24e0fa2080d7
BUY,0.006000000000411664,4858.333333,1729195650,No,0x5e49f0cf8496d90f86b32dbee1d333262bf6c33956304998bb71f72557c13902
BUY,0.006000000000272727,7333.333333,1729195636,No,0x5468aa325fb4544b7a72edeaf34e149ff5b16f631e9668377dad1ad0068d8db6
BUY,0.006000000001412596,2831.666666,1729195620,No,0xfcbde63388e0d940c8e6fc4bf2e2004e6cf6722eb9f1184f4bf98d8883abd78e
BUY,0.006,2000,1729195616,No,0x14a2c6604d4fce1a07cf5cd64bcc206bdc1d96b5054181538189edbe0313cc59
BUY,0.006000000000804559,4971.666666,1729195602,No,0x407d2946c9186c4b0aebf3cbb8ba280b0c6e7c6bc423444f2c604bc08472b93e
BUY,0.006,1665,1729195600,No,0x6773c8fd83d579efe35c694df31f0653bcd500253109bd2278bdeb0bc154a297
BUY,0.006,88249.72,1729195556,No,0x9eef87245cd0bd9f21853e93860713a85d1f66c98c4fddd704d585a29e49ed63
BUY,0.995,0.4824,1729195552,Yes,0x250afba6ad3b2df1ef10d1b595f363163c7ada11d5666e5edf654b9e8aadfec8
BUY,0.006000000061855671,161.666665,1729195484,No,0x33111f13b73e00737bd6af4ae7e71934e4e47d05851ad77bb67c9707b6fcc5b5
BUY,0.995,0.814,1729195472,Yes,0x590564e04b6a3cc29a4c98275d1fd2617cc1d6c167e6376dd9bc52cdd6a4417e
BUY,0.006,500,1729195472,No,0x7e75d0824bb72ec3efa316229f1cc0bfe11a9e87b28b7675d8d6e630c0c9ea46
BUY,0.995,21.79,1729195470,Yes,0xb5445e37c6b2faf2fbbb0088cd4c04e0855599cadb02a447df975f327b600c0b
BUY,0.995,1.025,1729195466,Yes,0xbec0edb812c479e4a440796a1dc5ba8a564492ee1ee604a7474b3b581a5fcc8a
SELL,0.005,10000,1729195454,No,0xb65e4838639278f683c86dd701b4b28fc8150f5b5aacd23a3e3a54d9b8134d5a
BUY,0.006000000001204577,8301.666665,1729195370,No,0x695b731ecf6d7507c92436aa13e2e5f7690b39c1c810505ecf173ddac38533c4
BUY,0.006000000006,666.666666,1729195364,No,0x89299e6142632bd66842c12bdbee95490e559a931d70411d37543c19cfbf9a34
BUY,0.006000000001334816,1498.333333,1729195364,No,0xa6fc82782d317dd1ffd650a473e30b66b7d60aaeafc39e786b3e500250e33d17
BUY,0.00600000024000001,16.666666,1729195360,No,0xcec5fe3a3483ead51f511b8992b4be221909288d3452f2960eafe95ecb2276a0
BUY,0.995,0.3014,1729195356,Yes,0xca1b52c9c551a8239b39ccaebfb9f0bbf5f59f6e1c907889681f209b4f342703
BUY,0.006,3545,1729195314,No,0x9cec2773739fe7aed9b8c1e9a1b3d754367946cedeb0887824ffda95d9b3e0e1
BUY,0.006000000006,333.333333,1729195298,No,0xa333f86c9a6d36aa2445d086ac516eea4098b872ab64c35ca523837617cd342c
BUY,0.995,0.603,1729195286,Yes,0x93516e440922b7383a9cc09b4b7ab74d7b12f7bade3b9dd557b127439754eba0
SELL,0.994,200,1729195270,Yes,0x1594b4b73c69bedce37b768038aa8fe2548aa6864140b640faf2734924f8c130
BUY,0.006000000009836065,203.333333,1729195266,No,0x9180f97d8afd7c94c475d7383d2f1c61a4443c058da2b9d41b6f1d49768725d0
BUY,0.006,20000,1729195246,No,0xdedc2385861e95a78ae89938083d154a3d4727ef41f38e86ae5ebfc7e086830d
BUY,0.995,0.5024,1729195244,Yes,0x6c42f3e14dfb8b95abb0940f0bf7abee7109ea653d9cc57c52db682b9c9d933a
BUY,0.006000000004225352,473.333333,1729195220,No,0x3eaa3cdafe6c409e9e36d98feddf310a7b67f5c18771ef78cdd26843324d2177
BUY,0.995,502.5024,1729195208,Yes,0x2c0bac91bf37ceea4950d6ef5db29d0d4031c82a64d5821b76b4e28b6013a3d0
BUY,0.006000000022018349,181.666666,1729195196,No,0x8d4345d0117b25f74e9db00bc2bb072e04f5427ae22ed263b47596f7e653d79a
BUY,0.995,0.6432,1729195140,Yes,0x0e94473fb0e47d9643f1ea50e8b5bda9e8d395123df361cfa313e10da824cd19
BUY,0.995,10,1729195128,Yes,0x375090f9d75ed31c20f8cad2e7933e109a9a845af9af1905cd560d228b228b1c
BUY,0.006000000000579151,3453.333333,1729195106,No,0x7bf8cfa807f5685601d61a5015d3d8c5983e5a6e72038d6cc17ca4ef9bf508a8
BUY,0.995,0.6432,1729195086,Yes,0x445edb51d5aef96669087d02ed86093ff6d743edd19f8df9beb6305780a33d5f
BUY,0.006,8000,1729195070,No,0x7aa7a73ac182a78f83b0a0931933a47345968c62dfb7d185e86265b5002fdaa4
BUY,0.0060000000024,833.333333,1729195038,No,0x5e9bc2a69f118e6c09214c32776393b59114840acf67bd3c36cdc88a6d30a1c6
BUY,0.006,805,1729194974,No,0x6bb77bb5236cbed042665a5714162f3eaad093a60a52074961e3c723a41a8780
BUY,0.0060000000012096774,1653.333333,1729194968,No,0x8b60c0c715aace82b3d482479ec6e8464f70d807f202ff4d8a79129b1c704850
SELL,0.994,750,1729194936,Yes,0x27588729e6056e87bc5810c4ed91a25086c841e6b7e2fabdc0a9e87195a44b18
BUY,0.995,5000,1729194902,Yes,0x1ad4aaaa5af03b7d8ec8be20a7bea293d190120c0a463107c2ee6e7bf53ddd45
BUY,0.006,130,1729194862,No,0x0fe5c33860c0502f25de6117c208e5b6e12da732fabe3c996e24ba99f062c849
BUY,0.006,5,1729194806,No,0x95413861f4bd09a0d61049b8e79f996c4c3a2dfeb28b9c034d5a73897653f227
SELL,0.994,1306.53,1729194800,Yes,0x0b35b9047c678ccdad42e011a0ae98c6ca1c087cb97ba547b5fdd666af929955
BUY,0.995,1306.5326,1729194794,Yes,0x28b8aecb1be6150ac98842f95efdcb65f078560f0bac28cf9e97d31c191ca2e9
BUY,0.006000000000685323,2918.333333,1729194632,No,0xaf7d60ccbfadd8b5a310f9378bf6b97e970b3f738de6d42ba456aff8448b56f2
BUY,0.006,5080,1729194628,No,0x3bcf1a6d7ea0e391115a6a5f2717b3a4db785f44a11ac094d52b814867719582
SELL,0.005,5000,1729194616,No,0xef380093dfcdd6f6ce4c63039fc1319c922b9c8357c4891b8dc929ef2fc514fd
BUY,0.006000000002226345,898.333333,1729194606,No,0xe5a27b667d0089c193e76d0bd7fe1c9e8356c1f3dd54622d77149ea14e8b518e
BUY,0.006,5000,1729194586,No,0x3d3c8cc72b9c3fb2d125a930c5148c6e11247477ec6edc430db75dfb74133029
SELL,0.005,2247.5,1729194542,No,0x2ca6cbff184e0e5fe140227c35db9fb10f47c69281863d819d93721b9e531b48
BUY,0.006,5000,1729194532,No,0xc02cd0fcbe96e797a61f96da6c5eb1d3e9c5253a9028f6ffe72e1ae2b1b3ef6c
BUY,0.006000000000226415,8833.333333,1729194506,No,0x5722284dcbb5d460af28c776b03ce3abc33cc7768b2e13c38656340a69ede742
SELL,0.005,5000,1729194504,No,0xfa7fefe1ffb2591f131331ecfd293dedadcea0df6d80c965959fb8ba26e1a9b5
BUY,0.006,3000,1729194494,No,0xc189116dc37efac8ce979fc3d58954ada93f00ba6cded89cdf8c35151015069a
SELL,0.005,3654.85,1729194426,No,0xc85325e0699acc1b07b321c2f451248d85be1eb0aaa83f677f8dcfc4e48bec2d
BUY,0.006,17870,1729194426,No,0xec24911a4ead1f5d550b13215ad3397e56210dcc169448e7b219a6df58325f53
BUY,0.0060000000024,1666.666666,1729194378,No,0xfd393acbfd3c9e4b0b0e4b15a0f9fb43443c43e0dd8702247f19a9ea5e486271
BUY,0.006000000024,166.666666,1729194366,No,0x66931e2f8c5117d40ac3a260de53e263331df52645731901823bf9849b4e6dbd
BUY,0.995,97.74,1729194352,Yes,0x505ac3d3b2d297cbf3e65a93b5e5b71d533de65b093b19d1df7cf70a013aeda6
BUY,0.006000000000685911,5831.666666,1729194352,No,0x136a68e4f8f491fc9d01d79763c6a68a5c6b4f933fc2c5898f14ede1dae709d5
BUY,0.006,79.84,1729194336,No,0x424f4ddc06b83580b757b67d05073adff5086c099be92514d93f80037c94ec85
BUY,0.006,655,1729194310,No,0x3cd8bc8b38dd97bdeb7afb44a35cef74b02eb2db789cdf6782fa18c05cf530ed
BUY,0.006000000000813559,4916.666666,1729194250,No,0xcb07cb57cb52668133da3d3192e911588bc07960bf9447f3d3a01e263de14092
BUY,0.006000000000023796,84048.333333,1729194246,No,0xcf0e11bee4ba64120de34ad018f36b1aee5f186f75ee0e8635059dee170644f1
BUY,0.006,264.72,1729194132,No,0xa89eae26af9399ae34c37caf0318b560287b0861e77d22ab9686c4ff816740b5
BUY,0.007000000000145833,6857.142857,1729194110,No,0x3d5a59fd8eb9add8a425f3d31b0cf0c1e9ee3ca80f75b29acbb43fcca541a701
BUY,0.007000000000736842,1357.142857,1729194094,No,0x45f457436cc5f004a3ac6277bf1c5e8e37932abad9b3f126bdb1804ed5a89e21
SELL,0.0050000550802042605,81517.49,1729194052,No,0xeb54de715655836609edd5063c8388ca5dc0dbaf98c68732da68a26c1ea75b11
BUY,0.994,0.503,1729194034,Yes,0x745f8e03729932aff37ab4d460c7fe8be7d57ee4d680e6681aeddaca1e997084
BUY,0.007000000006073753,658.571428,1729194008,No,0xa5cf975d7fc74242026468567fd4fceaefe29a3291a2a491a4ca034e5f732ee6
BUY,0.007,7890,1729194000,No,0x823a0f18a95e88a823c6ffd99e67857f653ad22e6da478e87bd98059910dba74
BUY,0.00700000000071066,5628.571428,1729193992,No,0x35c6d30857831f9e0c9abd4c41c5643a9a2a4a4ee64612e806c5d65a023f539f
SELL,0.006,100000,1729193950,No,0xf773dccfc33ae81c32ba1fcf0da69e3adb919a9b2f59f666ff040532dbe00b5f
BUY,0.007,1000,1729193940,No,0xf791aedad89acb3a45592340dadb575335f2f8235e764ece3966e5363aa6a04e
BUY,0.994,1.026,1729193916,Yes,0x353429f14a5a5ee55fbb82a3f796827a9e2cbf5746d2863ce97bdd9fcd7855ee
BUY,0.0070000000175,285.714285,1729193910,No,0x16564ff11265a8b5e1ee98a1b995c724ea932063e4af96b0ee663585afc2d9ba
BUY,0.007000000005865922,1022.857142,1729193888,No,0xf337f0949ba403d1a3cdce72e12dccd67c19928952f0ffcaa2b0c51ec3a26043
BUY,0.00700000000525,571.428571,1729193850,No,0x5675a0ea2f8d5467c329c700d7dbd714402bf6fc140cf3b4127514522b716694
SELL,0.006,100000,1729193836,No,0x3e74099287b8b09256f89b51e738df30ff844f5e4b68f9d240fa965aca5f5be1
BUY,0.00700000000242047,2065.714285,1729193826,No,0x5a9d8d76d3a6d849c0eb4e02c9ccc42b26eaa9cb8344fb65f9420673185d6bf2
BUY,0.006,1500,1729193816,No,0x42f999ed252db586341ee79036cb02d2f8bee83a522d4df836eec313dd93c9c5
BUY,0.0070000000035029195,1712.857142,1729193796,No,0x71047b4386909cc464e81dd2e6f8bea7920d5439699bf5e2398d9a292ce30a75
BUY,0.007000000042,142.857142,1729193796,No,0xb79ce862411b7ef703ad7a6834927c2018a9c705833b4dd6abc045752fe04d2d
BUY,0.00692971291189365,14142,1729193794,No,0x3d07b049721bd1d786e83bb236c6d42bbcc4112e4930e42d61d3883822b8770f
BUY,0.994,6,1729193792,Yes,0x568b86f1f1bfbdf4831b25e4e03bf935368790071616b9ec193bff84ed39730d
BUY,0.006,1005,1729193784,No,0xf13f840914818f9b4d92cda02c4bee59fb2b7c2be5033debd8f716adce51bcb6
BUY,0.995,1005,1729193760,Yes,0xdd1d839964479c56e94f4e7f1a89b3be590add6f997fe310b99300bac9c1218a
BUY,0.994,14555.34,1729193752,Yes,0xc3eb5275655d424a04c1cbf850cf77c399dcd72cadd57c7aa89c52253233e337
SELL,0.994,7666.66,1729193752,Yes,0xafe4a53011b2d96a5b096f90ceaa331e819876da5e3021b5f5b012e9ac742d51
SELL,0.005,470000,1729193750,No,0x9fd7341a2db327efb6bbe9c1c93213b5d2384bf2e89f85f334dd11b6d668610d
BUY,0.0060000000006,3333.333333,1729193746,No,0x1b88f7a1e83471b510bae4306f22773e2a312d3371ad12a6c5321ea8bc66f7a1
BUY,0.006,1699.06,1729193736,No,0xe8020fa55f45252c7b96641d386d087f1301114c3ddc6904850f66be4ee845c7
BUY,0.995,51.2562,1729193722,Yes,0x689fee09ace72570b5004f1f379cb15c7705a77ad961d05d07d7b6275e9074a2
SELL,0.006,2500,1729193706,No,0xd45e336691c0bb6b2136335c518353348b403226a4e13617833ded4d04e79beb
BUY,0.00700000000057483,6958.571428,1729193700,No,0x80446753b2b927b3834c676c581623463512b0f45d82ca97dbd046e31fc95685
BUY,0.007000000005072463,1182.857142,1729193684,No,0x2cdc77f489c0aaf3d417af9c9d0208ae607531ffed8619463ea2e08de7c27fa9
BUY,0.007000000001163951,4295.714285,1729193628,No,0x710d1c465b4338fcb3c55d56030bfd568e36093af90b02596be1d477e1dd1f13
BUY,0.007000000042,71.428571,1729193566,No,0x5741f081324e168c2e0df6bafd4f32a227d6adaba37a0f630196a843be1c1980
BUY,0.0070000000028,1428.571428,1729193494,No,0x9bb876f7e1dacca6ec3675292e43161d248dd0ba434bf90793e235dd1ac08347
SELL,0.993,3517.58,1729193488,Yes,0xc1c399e012881e76fb1ee65145b607c741b50b224404f25946f39e3cd0ea6c99
BUY,0.995,3517.5878,1729193480,Yes,0xd8af9ab02ec6a6f92ed42d9be9f8e7a5edf868de4e96467e4f725d9a8e6d2633
BUY,0.007,5000,1729193464,No,0xfdf71978cd647fa2f3caa716d088ffecf8b88d776ee5e57cb7fdbad525413961
BUY,0.995,2.01,1729193440,Yes,0xcec5206bd0362189779a8cfbb4636ced9ee39ce7c3949bbc492b34ea7acda1d4
BUY,0.007,1500,1729193362,No,0xdf857a2a69d39430bb08e2b1e385a8ab4345129d34020f6e40792cf930e9293c
BUY,0.007000000000538462,1857.142857,1729193350,No,0xe5bc0b518bf4f0994adb890ccde4c4f69875d9f68615773659cb5257ddc181c0
BUY,0.006,240.81,1729193344,No,0xbf68793a3f9510b41f9816858f0b09a2450f41bacd59bc087ac45d2535f6b948
SELL,0.005796288888888889,45000,1729193330,No,0x21f801cd2fb758db852b9061a7585eb5cbbe801702dbf62573a2d07329327386
BUY,0.007,200,1729193308,No,0xf4e0692a9201e96d98117b855528e4f8a95e9770b20c95ad6268b956ca7667c2
BUY,0.007000000042,142.857142,1729193260,No,0xdd7eabdf80e79ef218d1c940a06a095d4a0afed7c35b227ad7a1c02f69261853
BUY,0.007000000001127214,3548.571428,1729193246,No,0x37bbb8cec9c3c8e290bd5496ee0031cac13af96a919f639219e1b795c8413496
BUY,0.007000000042,142.857142,1729193236,No,0xf2a1a8c3587ec371a86ccab00a2ccbe5fc399f54886c302e05491db7422020b7
BUY,0.007000000001688782,1184.285714,1729193236,No,0x15124f3c3506014359c0c297f1f15807788131fd4b59686eacd051474a171b88
BUY,0.007,1000,1729193230,No,0x18c9b20f734b6694f3457fd9c79f3f3ddb04774db0ba376bce2619584def966e
BUY,0.007,1500,1729193196,No,0xaa1643153430f39a46217b1db865cc93dc08d18ee05ef78b7de026c14842b850
BUY,0.0070000000028,2857.142856,1729193194,No,0x29c499d9f780b89622b08db2c5f1f6fb1b3c703418a326b00caad3844ed9866e
BUY,0.0070000000024866785,2412.857142,1729193176,No,0x950b5d3087ee3a270dd9c86ceccf14e2dd0f38f73762b5e8391c6eef9b6aa425
BUY,0.006,1857.35,1729193150,No,0x87f0c415e4a4f797e1ccbed6d3b4eb1d5f897f01f29a04730b0dfb018444cc5c
SELL,0.006,25240.87,1729193138,No,0x9fd84de02fbb1853cd4f02164b1c77bb8d600081a5e4b289c2c91535f7bc63df
BUY,0.00700000000035,2857.142857,1729193136,No,0x8c2b3d2febfd17431e93095602452d563817dc598f4dd9a3fb6c923f669837ee
BUY,0.9939999999983878,2481.126666,1729193124,Yes,0x77d444b1073317b75d61ba23654d7c71c7a90024378009739996d5eab2596af5
BUY,0.007000000009556314,418.571428,1729193102,No,0xe8cf6754b63af8760c983ac95230c2454f7ea68eabd286fd2deca9b0937b8113
BUY,0.007,1000,1729193092,No,0xf7bbca9ef280152cfd44ec0d97d7f9853091a5d0f71a38358f5a6ce20b69ea8a
BUY,0.0070000000028,1428.571428,1729193082,No,0x15dc1fb14a0c40daf232eda025810024f4d946efe22c2db370e7e7a6b991d194
BUY,0.007000000000416006,7211.428571,1729193038,No,0x851d4e5f51d817818d85328051ad0a9ec193e8d769b5a60d66078b4330d9ea75
BUY,0.007000000001750876,2855.714285,1729193012,No,0xe35764baa15f0ed118952da3ca4f97c7063700928c575af5daf7df4d1fb6fb12
SELL,0.993,222,1729193010,Yes,0x6b2b4b7fdb01f82b491cb59dd7d068f9dd98cb4a2ce78225b7f1325cbbb5d4e6
BUY,0.007,1570,1729192998,No,0x220869075b2aa4b07c0b9f08af21aa1e614a0850c20eb1aafbac5de79b00eaaf
BUY,0.994,2.012,1729192968,Yes,0xd446e09b324c807dc3fd314467f445ceec17d4de2eb7938382df14a5922fc4b6
BUY,0.007,1000,1729192946,No,0x5227f967639b40aaea81caaca396bfeba350af1d23fdf27cb84d60da4ee0d4b9
BUY,0.007,1000,1729192944,No,0x325ea539be14a202f5988f6f2e247b94018750e268e071f9cd97aabbfdbce97f
SELL,0.993,140.84,1729192928,Yes,0x6419ff279e9bb02b99f3a85f0c78f48f3945cebf8c2a26111ec49fabb2c0e330
BUY,0.007000000002605459,1151.428571,1729192922,No,0x6aaaa53bbb2cd0c46abdd28853c11391628602b9824796152c22ba3508891a46
BUY,0.994,140.845,1729192920,Yes,0xa7f816a6c74d7a513a3e860709379c871d3965815571ad60d3a0b5ea18b417cc
SELL,0.993,140.84,1729192912,Yes,0xe4af205594b4d800a3c4023679119f42d7269557779118ae179fee445c0ba549
BUY,0.0070000000072916665,411.428571,1729192904,No,0x234f3fcdb16d1f0e42d6d1bff0094ae1889153bd4e6f9d8ac756e600e71cedf6
BUY,0.007000000008022923,498.571428,1729192896,No,0x0ce578c31c237b543c589f71834b108f02830aa11a21450a94e1d4dddfe04a56
BUY,0.994,140.845,1729192894,Yes,0x8b5fa0e8056215b98d26f8718495efcc9abad745670a4dab8de19f7723377494
BUY,0.007,1415.01,1729192866,No,0x4c89094bf29994f7b194059ffd82a82de9118341a500c38788cfcb041d4320db
BUY,0.00700000000227027,2642.857142,1729192862,No,0xffd2ed3524cebdf401b7ede76f73d7ae67163e598f3c5cee182bdeb6edde2b2c
BUY,0.0070000000028,1428.571428,1729192860,No,0xc967885961eb0aff073206c62b701f66dc38b2c045bfed020a0414eb11da8741
SELL,0.993,150,1729192848,Yes,0x0f746636a8155a58d8a43ee5e478d1d01857c16f8f078f4f22639e56f3463959
SELL,0.006,21144.44,1729192840,No,0x60c7de9e1c0c0ad4573ca2e0fce2cbb615e7fb5c662ff0ddcc65485280a593b4
BUY,0.007000000021212122,141.428571,1729192832,No,0x2cca01a77ec63c19f4ceb1ad06e47dea71271da107cd7d91f50aa16c48d00de4
BUY,0.007,10000,1729192822,No,0x5bbccb7e11d033fac36fdf273432de81c192621ff92ee62cb9c85b718e68753e
BUY,0.007,2000,1729192770,No,0xd7728c63834c73ef85d65784eeb0096487b3b37dfbaffb824f6f0c6c8df297d7
SELL,0.993,10.34,1729192706,Yes,0x7086b08b940c76811d9c8d301f3035cbae90afcfe70f75c6dd57efa81eb774a0
SELL,0.0060687299054998905,122857,1729192652,No,0x810217d607de23e95e6e2cb5d75435d90e738a0061e0dc5b498032fb28d2e98c
BUY,0.008,62.5,1729192642,No,0x4ff775b783822b5f8a8c91c447505499fe3fe877d16ef4fed8fcf20e7a6b8b97
BUY,0.008,125,1729192630,No,0x8079160946fe387c6c8158a67b68c6b5a98da13470eb48008558059e092f21ff
SELL,0.007,77791.91,1729192624,No,0x44dd8c3c7eda50285060720d1469dd9ad85facea0d309401a3bb51afba83c860
BUY,0.008,6243.75,1729192624,No,0x3699348dca1f77fab527a9be9a9aad13f5c840b329b2bbb4b0e3bb9201c97bda
BUY,0.008,62.5,1729192616,No,0x3bd4f84b208b9bfe21dd64df881e03ef20e250eaf9ac1c8c4b16afafac3bc273
BUY,0.008,3750,1729192600,No,0x70e348a5d2bf082bb3b7b2874a62c447e4c12eb68d20f8073b5b1e283f737d16
BUY,0.008,1135.58,1729192584,No,0x4f20cc519dba831af4cd459604d26b7c578d2a3c86a3c143c2aaa5ce06e97859
SELL,0.007,428,1729192582,No,0xd2227e6d1f439afadb29fe578d16f6536122a44f6469de3a796dcc861b623455
BUY,0.993,21.148,1729192560,Yes,0xf84bc6f004bfa71bd766205a2b772009f83d6ee2db77ee9b0f694ede7813ad25
BUY,0.008,1997.5,1729192556,No,0x12a8ca467ee0b25629ce8813b72883eed9ce7560e0319747a6b2265a73fe9d0c
BUY,0.008,1250,1729192538,No,0x18d04060f786f5b8bf165d938131a534ff7ada668dabd1a28fac0ea11a9a7951
BUY,0.9929999988083752,5.035142,1729192532,Yes,0xc602e8d5be44a0c7b4d0a58b8837397bfd7a523c79fab4a88f431c2d755737db
SELL,0.992,199.39,1729192522,Yes,0x4860ec94df53b41820be9c976ef8e6d8b7c342eb1ef7ae064db490945fc04de6
SELL,0.007,3000,1729192514,No,0x1d4b994a176a16e7271a4667aecc185f69ff1a08007550963d0efcd3f31683db
BUY,0.993,2505.4,1729192488,Yes,0xc62bb867dbeac42448f353ec7fdb7466cf36a517920e7cfc267c1740eec96da9
BUY,0.9929999999899697,199.395714,1729192486,Yes,0x5ac0ee7391cae5afaa75527fcdbb6e0aeb54046047e101e3a75a2dd928902d46
BUY,0.008,1250,1729192430,No,0x3aa6d274cf94d10eed2263966bf354e65645417c27e87dd358d06439a0ad7224
SELL,0.992,11.28,1729192428,Yes,0xc7142295406f24c4aeddc8c6014942914ba2c7482e6c2c16bb2d993849a73e01
BUY,0.008,1000,1729192384,No,0x3e4d44c418d7a9b2c78c4d07ab9f290506a815605836a28ed1378624d7b14791
BUY,0.008,1250,1729192380,No,0x9d06e52aeda165cc4d54262002675aa4af55a0fbecf3ae58c616b103f4723c9e
BUY,0.008,126.25,1729192306,No,0x0aec58246d03876ba304bc17d31396a5bfa8b694049305c7662268df526269f1
BUY,0.008,625,1729192296,No,0x8a1b1cc09cc37a6f7e058d8df813677269e066f831f20bf0ecdac7f71d943670
BUY,0.008,586.25,1729192230,No,0x4a072dd74aeb30f9ad1b10989e81f24ea5df25a2137f8048138b1952366ea107
SELL,0.992,0.79,1729192208,Yes,0xcabb6e7040d0ea6d7f8fb94802a24663f0848e4556b88802225cd6275c39cd3d
SELL,0.992,10.27,1729192182,Yes,0xeda5329aee064aac7bc9f6136ecb0c51b1ce8cf951dd70df76c2fced1ed8bed5
BUY,0.008,1275,1729192132,No,0x295d83764573163795b353ecb4a348d2c95eee90b1670a19d7ef0e7d29c34a78
BUY,0.993,30000,1729192130,Yes,0x21beaaf3a37ea5302d6700c34ebc2716de0bc752e08669227dcc7fb1b98cc8ef
BUY,0.008,2997.5,1729192060,No,0xa1c5f5c43d17d5cf43007d2a2f6e7be74a46470861f39f7a6fca1d6cd08d085e
BUY,0.9929999949712608,0.795428,1729192054,Yes,0xb083364e7078f1068d27d12c460dc40f20848da00e9e968e805b213f506e89ab
BUY,0.008,625,1729192034,No,0x0e9e494dab40ccd23bf66c812a8c0d7c956be5b66a79c80459439a58f091391e
BUY,0.008,6335,1729192034,No,0xb38266249451c26bf2a6a7c688f513a81299185f172e65fc51c48decece60064
BUY,0.008,2500,1729192014,No,0xdefd3eb3636a1a060043a874cc682814b31b7ada8eda48bd1037968354c513db
BUY,0.008,1248.75,1729191978,No,0x3704a3547a96b9a9cf191062ddc4671b244b400a4be336e9324b4abbad263466
BUY,0.008,2790,1729191978,No,0xfd38c98df74cbef5a9524ee2487822c217ea6fd639deee12362d78761824ee3f
BUY,0.993,1.007,1729191964,Yes,0x4957d275c311de38d120da133b3df88c429eccfc2cd1009c4c033a8c1690fe7f
BUY,0.008,12500,1729191948,No,0x3117532dc556a5c465f1c1afbd0602c2b6ffb549cb7fbadc12f9c086334c2ee0
BUY,0.008,2500,1729191922,No,0xf7c0cf0c49a1bc1296c3b0f7a27c24c364ec25b7f7bd9960126e1bc03b5f405c
BUY,0.008,1763.3,1729191898,No,0x12652b4de4f6ac85d3314d9dae07f722663ba8b6ae260143e05b4770ab1014d1
BUY,0.008,1498.75,1729191886,No,0x3c2c2953255669ff104654ca57526ce968214908eaa4884e02b506486dd7a588
BUY,0.008,488.75,1729191822,No,0x0fd6c7370cc9899c94a2bce05fb2ecd9f1a8dd8decb5c3d145e4ee464fc0c3b1
BUY,0.99299999992056,50.352428,1729191812,Yes,0x13c912df683109fe89fa57b99502f30cc351ca8f4ce9ecf01ffc1aa4d91f92fa
BUY,0.008,125,1729191778,No,0x92ee42fa93db36987fb09d2cd60b332e4806ca49eccd6ffb5702d6616e49186a
BUY,0.008,25000,1729191764,No,0x64af53f05687bd986e977ecc5fcd9e2adc346705640d4617a258118befdaef4b
SELL,0.992,662.31,1729191754,Yes,0x840b9076537df5cfa6bc265f655bfc077060bb18433e2e2403e801219d68a0d9
BUY,0.9929999994106752,3.393714,1729191750,Yes,0x64166382d9171a1bc9ceed46e7db3e89f898551c2f52d6a1740f21f818058f2d
SELL,0.007,400.52,1729191740,No,0x090d38c76b8c5db30d7bced2b76226fe12f2ac9f4e058c713e625ad9e33bf899
BUY,0.008,1373.75,1729191734,No,0x91d37641f279d01f74c93c1138267aa0e7d920afd327c63c32a3de6668b47067
BUY,0.008,1250,1729191726,No,0x66313db2eb655ef985b6d3372895eca774979b3774e71583ea54981b5aff7490
SELL,0.007,79439.26,1729191720,No,0x824a4250e25e3b3df12cefe99e54a4cecc2f101181088b4c3dba69d2edcc9d11
SELL,0.992,150.76,1729191710,Yes,0x3fefc9ff765b3809a72728d0733260d14855179d8d2bb84136395cbfa3ce4fd1
BUY,0.9929999999909409,662.316142,1729191704,Yes,0x705063af386d4c9862e2daaf93a3636e0e31104eb823022599e89d4861806de2
BUY,0.008,3750,1729191684,No,0xaff662e8bc43697a4773b722f6f5a76a464091776495ee38df7be1d6a65be2d9
BUY,0.008,1000,1729191680,No,0x0c0689127248952554a4caf857396d8a50dcfb464c86ec76f8969655dd3aa02f
BUY,0.008,127.5,1729191646,No,0x66efe993626b1c077a36217e7f2030d17450fb36b5c1ce103b08af0261c61568
BUY,0.008,1000,1729191640,No,0x221a607641e0d157fd427b8b918c5d1e38aa9b9f458b1aaa36999675d57a8e4a
BUY,0.008,5000,1729191628,No,0x6e5038768dc32f98adc362b63e90c2483825998a939b70069e3386423e47c0ec
BUY,0.9929999999668359,150.765285,1729191624,Yes,0x677483cb19a20ab016c4b062c4b5ee965b8f7eb0a172fc84eb873d7e9227c4ce
BUY,0.008,1000,1729191618,No,0x7e63f001942ce9966a771a9222e3e8458e9d7ecab99f2ef85c0060e6b276536b
BUY,0.008,1000,1729191614,No,0xa29fa5d3f8e9cc86745bd8c1f8c9200010d5c182d6760eadf1f1c1f6122c2f3a
BUY,0.008,4500,1729191610,No,0x8524f92bd1b385049f96cf3e828718c422a9afb14c806cc0c39c5d5a4e1846f8
SELL,0.992,708.43,1729191608,Yes,0xbbcae65d5d24e44a85f9d58b80188745942aa6d3dbcd07ca85ff303255646282
BUY,0.008,100,1729191608,No,0xbe5eb8d47c9b17726807603ec353fc4ff90cd0c2ceaae63d5ba104c8d452b9f8
BUY,0.007,9688.38,1729191576,No,0xd8a20c533220760463d16e227143b6b278ad24b8e4295cb14f9b8976dceae41a
BUY,0.007000000008254717,605.714285,1729191572,No,0x17587a82bbcd9e318d81f949d16b8c4dac8f228a840fd6aeb1bc74cb0a32d942
BUY,0.994,708.4305,1729191562,Yes,0xdeb0a840d4878bdcef49924669907e03f79fb1bd3c80fe60e79396954e978da1
BUY,0.007000000003104213,1288.571428,1729191488,No,0x428f8482f97ea3044110bf83c078dfe67dfc3c932643c3928670496bf28b658f
BUY,0.007,50,1729191474,No,0x855b2ca395ad70ddd7a92802d06f5d1eafb92d8e753f5fe133c07c4e78f4b9f1
BUY,0.0070000000077,1428.571427,1729191460,No,0x1264778440359083ed016a375e3e630c0ed233a9ec965f0436a8f16b91922e20
SELL,0.993,709.85,1729191454,Yes,0xdbd9d3f1ba1a75a7cced4fb687727e18b3e2ce9e845b7618b775437f1f08d6ed
BUY,0.007,5000,1729191426,No,0xd9bc2061dc75af59e7df687ce5546fe0c5cc2f97a82471da6c22476bcfad5f77
BUY,0.00700000000084,7142.857142,1729191420,No,0x26a54cacd1358d7d57e3d1a8444bb52ff22664a3adea6ff0820c15db3054c04d
BUY,0.994,709.849,1729191414,Yes,0x27aec3e9f303790d62c3b455fbfc58d7d887f24b839390d8df10edbc2a2fcda9
BUY,0.994,1864.98,1729191402,Yes,0x4fb5b8cae832918f371e003f8432002c865411e758f4a3cd40879d027efdd549
BUY,0.007,7160,1729191398,No,0x78477b5874ea7654217c621746db18cb555f61be740425c5d6c6c1451d4c3719
BUY,0.007000000000356234,14035.714285,1729191340,No,0x83689562670a92b0eebb78927e46e4871f9fec687df767f51596378ffdf2c5a1
BUY,0.00700000000084,3571.428571,1729191338,No,0xf9fd87db35ca8e8447e26f9dd60628d1c33a8cc8ec0668c3ba4f3c8ae9986e55
BUY,0.007000000001750876,2855.714285,1729191326,No,0x19dea19d6d8e9ce110c9854cc9ccf817d2f2bfeec86527259bf321836a031be5
BUY,0.994,3333,1729191324,Yes,0x737831897e84844f39612d09c1639c9c2b2da35f607b3ea7a2c5afdbec6b11e7
SELL,0.993,711.27,1729191288,Yes,0x615fc64410f1be3de8324e4bc5b9fe38588b1ab21cc047ef175ee1a10acded1e
BUY,0.007000000000686274,7285.714285,1729191272,No,0x4b1475fb62d2caf9c82b12f215df9fc3ee4bb93edc3bcc09e87c5a21590cb198
BUY,0.0070000000028,1428.571428,1729191272,No,0x5f9945cfa259a1704d29b0aef2e0e8cc08aa98aab287ef5b871d39cdb8918d8b
SELL,0.993,143.48,1729191258,Yes,0x554b7e2a3e44bca0b8014721f0e48ebb23bfc8b3ce317114312b8b3e33b3926e
SELL,0.993,150.76,1729191254,Yes,0x8484bde2b12de861b130ca398ab0745ced6c9ea2564a56d05e6adb6eb5884e2e
BUY,0.007000000032110092,155.714285,1729191240,No,0xf8f0b859bc2059222c4542e12581da66a60b8f3683da7e442767181f76d41337
BUY,0.994,711.2775,1729191224,Yes,0x2584bd118cdccc53cffb523933f841abe796f8f8ee7329a09c2a2364e45a6b18
BUY,0.007000000140000003,42.857142,1729191220,No,0x1fd5b6b09c628b2d64e3a0121d4be0944437913c8bf7df1fecf064c3e5c495b3
SELL,0.993,15.05,1729191210,Yes,0x5aac0fa319bc2891005fd032b3dc01071ac58b7edfaa081fc5b3dd0a0c5772b1
BUY,0.9939999999860608,143.480833,1729191186,Yes,0xa32b17542c0bd912522c13c4ddb48d653d06f2a5bcf0ad804dd174eb889899c7
BUY,0.994,150.7645,1729191160,Yes,0x78b4532cae9da9ea1acfff2cde45661462a5b16af07b2d99fece044fb9139b71
BUY,0.0070000000028,714.285714,1729191148,No,0xd37b5a88ead7e8e69dbfcacd3580384c620b7cbfc46b4fcb8d6892e30b950f33
BUY,0.0070000000028,714.285714,1729191130,No,0xc439597ebe457c045414dc366d82413ba2101c728296398f77f381329e22ec03
BUY,0.0070000000028,1428.571428,1729191100,No,0xc6feacfe94379db190cb54d45205bf8362205d48019ef99c17a9f46bf3ce05a4
SELL,0.992,713.44,1729191068,Yes,0x4f5dd368ebbb9d32ed95bd58ed040673e46b22baf34ee8b696db6374935eb928
BUY,0.008,1091.25,1729191062,No,0x5d46e95786b9525612a60cefbb52b942ca244e523fdd7d667675cc4d3fe71b3f
BUY,0.007258950530335668,11971.4275,1729191048,No,0xce8986aa830a253b53ab4be3741778e8cb37473034b530e02f16959141c5180a
BUY,0.007000000014358974,557.142856,1729191042,No,0x68780bf47dd2ba809500d95bad38b31ae3610e754fd08d871fed04732f3e1e7e
BUY,0.994,713.4405,1729191036,Yes,0x9bf3d3da4f1bd44768e306481c1de134df11818ed7d18caf106beb637d8f7ef1
BUY,0.007000000140000003,71.42857,1729191008,No,0x118c6a0861f3dd362cd488a913a97023a50e7ba96fc3cb7ac1ae7c246d111d95
SELL,0.0065220033012445295,106426.53,1729190982,No,0xc40e0447de8e8df7fbe21c69bf6000ecc65243f5846071a04b1db63c5687be66
BUY,0.008,3162.5,1729190972,No,0xfa657acc866189e07394f50b2d2ac0ed173d4e0edbfff796582e09f30f479609
BUY,0.008,2853.75,1729190918,No,0xb4f03433da365e97b14237616c8f0f3af96a9708d9128f2687aba2da854a9527
BUY,0.008,12500,1729190908,No,0xf458bf1750fbe6e511969f9981e49bfb314d9979cf708c13b8b00b4bedbfd73e
BUY,0.008,125,1729190882,No,0xf822e8a1b1a003254531084ce51d9a504432e7c6a0ec3336d544ba09af21c2c5
BUY,0.008,1250,1729190878,No,0x7c40bd0bcf0bf0dc7cf891746beaad15057c913d43dce512b02d5a2b12d836fc
BUY,0.008,127.5,1729190854,No,0x51acbda8de62d3bb248b45b13a9dd7415f754ee54c97182522a1cffafcf4971f
SELL,0.992,765,1729190834,Yes,0x6e79b4e9645ab3b4668605394ceb984fa0aa43cfbc67b9c61ed2620137ea2a17
BUY,0.008,125,1729190832,No,0x0139d4fd29ccdde5651e16db3fcf2794744148a0d5e8ca8ab577793f7806712e
BUY,0.008,6250,1729190828,No,0x5830cbdcf6a2a96946941292d483dfea9a4c95504c141d7fada04340f9d3d518
BUY,0.008,6693.75,1729190828,No,0xa9f35ca739ae07a3a435c83cc294b0e9b22b1bc0504c3748662a3c3a15240033
BUY,0.008,85,1729190826,No,0x9edadc44e61609013ef16b7ce9786dcd22d4611db527f403374f06664097840a
BUY,0.008,1250,1729190810,No,0x3835c9d54d3d28a9c328c9d9fdabc5d099289032e1ca154ac0a928f612734d02
BUY,0.993,1000,1729190748,Yes,0x189d8c9a7dae7124691eaab3d3fa074efc95bd1a76ec22c2aee5389f7f727193
BUY,0.008,750,1729190719,No,0xc6aad385c7fd21dec9b6ce9bbb6cab2c86be762a019358f9df5a09b3578f7ced
BUY,0.008,1375.63,1729190707,No,0xe941c345670a2200209c4f856f482dd1ee7e718b962720cfdf2b50e5bc3d61de
BUY,0.008,125,1729190705,No,0x5b2f8cac0f02c14e60c7b42626046de3dd174279b1c5f7406609daecf7572f1f
BUY,0.008,87.5,1729190703,No,0x220b6650241d5905cc20e21f95720930c7c25fa1d54b508135b14be56ce47e0a
BUY,0.008,2482.5,1729190699,No,0xed03fd30d165c453f796afb72980ece408d3c41f6d1799c6bdc922020c787925
BUY,0.9929999999503497,20.140857,1729190677,Yes,0x1554f30e1734138461abfa313bc0c9019cfcc847ebb3d77c68bb828fb249363a
SELL,0.007,4411.35,1729190663,No,0x797d653987501a6b58000be753dc4586a9c384347b6369b033ff5c695a07756e
BUY,0.008,11,1729190637,No,0xc0e27e5a327e976f93f4acce43087298689860fc0840caa871237896a3df207b
BUY,0.008,127.5,1729190633,No,0xba9d4e1a65c4eb62b45a846a9d3acb4fcda5850692117fc5c8a860211ac30b50
BUY,0.008,4500,1729190593,No,0x1b62628ca6d798d77c3655977e42b1ba0b0deb54c41c969df3c1925e49bedb85
BUY,0.008,10,1729190587,No,0x208690552f2ef5fadb87ea201874d05d22a342742d991458c99c54216ffd0ff4
BUY,0.009,123,1729190569,No,0x6e1b964245ea326ffc71ead571862cc29ff745da8a629d34248dd49fcb4c13c5
BUY,0.009,1943.66,1729190567,No,0x7fb68555555e5f99a4d43c49f14dad6c701b8ad0eb4d4b41830ffb5cf0dd226b
SELL,0.991,6.15,1729190559,Yes,0x6b039ecf7fc153ac9e25170a61f9692f79f399d101dbfff5e63f59ea363aaa4b
BUY,0.009000000005278593,1136.666666,1729190549,No,0x3fee25b9624fa5d12225be6b60bbb11063a3131ff82b35799abdebdd81414399
SELL,0.007,186783.93,1729190527,No,0xf7782f872bc9c6feb8609ed3dd8dfd9d8a56c7b418e7f4c0b08b2e8a173d2b77
BUY,0.993,10463.95,1729190521,Yes,0x24bea7e4b8b0c2726937ebbd91a6b52f837896f2823c5cc4440b20cbe12dba12
BUY,0.009000000009,555.555555,1729190519,No,0xf8208539b36da18025230f4dc5a7073fcb3dfd57fdd00e594ff54939fb0caacf
BUY,0.009000000009,555.555555,1729190505,No,0x210f6a100e2c023f5a065e8126787d1054901c992b409d8c8737683762ec391e
BUY,0.009000000009,222.222222,1729190499,No,0x23fad7d826228c9b4ad3174d09e59fe6c7d7f46aa3603038af46161fbcd7cb85
BUY,0.009000000009,555.555555,1729190481,No,0xf0a5dd35e8a6e161f6c98db76914a26b09e088379c8b26cdc94d88a7d7ab2952
BUY,0.008749756958000978,571.444444,1729190469,No,0x0cb7ba0b7366675ba4f14c736db253c23ea2d174c3c30cd7ec945a9cbab326e4
BUY,0.009000000009,333.333333,1729190399,No,0x1612d0656126be70b833bfeb8b37a89d7ac7330583dc4ad64cc4957afc5711ba
BUY,0.009000000004522613,884.444444,1729190365,No,0xcaa8227e8c00d94a09f81ba4da63564b7503099e13757a3b86428fd304eb22e8
BUY,0.009000000000256997,7782.222222,1729190343,No,0x524eee2193edd79bd02bef638eafa420ff209aa46f31ee7e43c64b66abc35674
SELL,0.991,40.28,1729190335,Yes,0x89b467864ea5af301ee32e84418f8d53e92a2b8107d7d4aff212a5c3393dc3c3
SELL,0.991,30.21,1729190325,Yes,0xb9a60d17841c3025ceee98057f0977456479a225c1fb3c5f38fe948786354255
SELL,0.991,173,1729190321,Yes,0x2a4c30d6b092ad38317e757e67fe33b0b642dca220b6a659bdf9897bc3c17eb1
SELL,0.007,7650.19,1729190315,No,0x4b49811dc4b2703173a9117b6e9e1d6261e5a3b501dd51b769deef4123a30b2e
BUY,0.009000000000825688,2422.222222,1729190309,No,0x340f6fd17271062563601f31594edec5a46efd4a679d050c3b0be67362c46b7f
BUY,0.992999999975175,40.281857,1729190295,Yes,0x1008cf28ed9d181db388ad9cdbe8b44993226209dce393bf614fd0ce3d230654
BUY,0.009000000005625,1066.666666,1729190289,No,0x2982a6da39bd2c2efa46d96ef0e98728a51d2b30188c6992a07150af1c75ec73
BUY,0.009,1210,1729190279,No,0x42c3a28d6bf33ecfa0ebe001709f5f4e4d0b499e551e5c2daa79f06945bb95c2
BUY,0.9929999998675998,30.211428,1729190275,Yes,0xdbe5a21449876b036f2312454d92ca52ffbb190a77adad69d59d81a4b3990cfd
BUY,0.0090000000009,1111.111111,1729190231,No,0x795d6650b2a146b6641d2276ab493c1bbbe2320926c4523fc220b8526445cfd2
BUY,0.009000000026470589,113.333333,1729190223,No,0xe3decf40087db83c596c9f743d59fe5d3b1fdacc69606a25becf07a7d37f67cb
BUY,0.008711508134741803,16055.773333,1729190209,No,0xbf27232fc26180070458f7e63cfcbfa3161824a759cdfedcb96102c8dcafc99e
BUY,0.008,3387.24,1729190199,No,0xb443949d9c8fc4fafc468a817b09f3e06d8e831343aa7a2285616385178ff34c
BUY,0.008,200,1729190167,No,0x0c714c3fc09cccebb13b5a4b9bcf69ca6bea1e3f8e48c658b686bfbbb3841d3f
BUY,0.008,125,1729190161,No,0xedc3b1962c49f36f7d51e11cb8f628c9ed67bb4fd36d4db6c7d48e635e304ecc
BUY,0.008,500,1729190153,No,0x32b14d8afca68a6129bebec9f6876d53227c82635a7fe3e2c322032263cb7d0a
SELL,0.007,19393.93,1729190125,No,0xa3dd7aab2a8a0ab2a1a70171727bf52e200e70326a455ce4a9c43e7acf663ad6
BUY,0.008,2500,1729190119,No,0xcb312c070196c5b67f9786c5e912bb689f0e51f88a6b950ba725dc50879d422f
BUY,0.008,1.25,1729190101,No,0x843856823bfef4a18d10098d1a45407943d03659dcde1493e4fb78474e5ee6cd
BUY,0.008,12491.25,1729190097,No,0xaca7cffa00111747ee4940bd5e5c2b7802ee683e369684baaaa3ecf7689e85ac
BUY,0.008,227.8,1729190061,No,0x47fb21c38331734339c2f51bcaeaad5c86b23dee0bf00707d6ea24e5b468d18d
BUY,0.008,208.75,1729190059,No,0xa1dc878548e6c0b7542342900787969bfc8e799616deafedddf1b53e80ddab68
BUY,0.993,1.007,1729190039,Yes,0xe7d074419fb4bc4f1db05a6c1ebbf2dfe740511482ea8fd4b33bf819c58e85b1
BUY,0.008,4500,1729190033,No,0x538213f7427047b35c586e7ade765813485c1e4c130ac11b5987d75e6e67bc7d
BUY,0.9929999998675998,15.105714,1729190015,Yes,0x0e54eac590bbc01e1628e4c6eac2552735021cac02fd6a2992accb3f34487be6
BUY,0.008,4762.5,1729190007,No,0x0e466c3f15bce2aea97df07d3cf3f92d82a509eca0c6e36c7aea4c872578326e
BUY,0.008,187.5,1729189981,No,0xeb30970fa64ec2cd0c4700a53e43ed7e4b0c023aeaa1e64f26f1c9e87921f1d6
BUY,0.9929999999997328,14968.781428,1729189969,Yes,0x354e878d0db65e54aac62c02e5bcfed0d8d8db380bc96cb978fcf08da1fdfc97
BUY,0.008,1250,1729189959,No,0x037258aa16fce41bb5d35797d615c6510f4a11b46619f03354564d87de1935a3
BUY,0.9929999967170814,1.218428,1729189953,Yes,0xf3542b6be48586cf18353a3bbae56691534b9cbafec29300024f021a3d92fd2c
BUY,0.008,3748.75,1729189939,No,0x22346095658d8976b8eb68906e2b0539001dec59abb40b555a1c1d0ee0a7670a
BUY,0.009000000000096212,41574.444444,1729189911,No,0x535660be9394b058cbe261c9e1758454bf3e9b1185727b5275a93c764133b729
BUY,0.009000000000276924,43333.333332,1729189901,No,0xe271295ff5b4d00e661b7c96cd133956dd1304844f226c4dfe5c3085ed78d0e1
BUY,0.009000000009,1111.11111,1729189863,No,0x240540d389da4aac3fe3309b4637fe354c42ab20be5034116aecfdda0712c48e
BUY,0.00900000017462687,74.444443,1729189841,No,0x25f5e71ee0c4154ca015e91298a4c57002d540eedb6798f36ef946a25a3be6b3
BUY,0.9929999999503497,20.140857,1729189795,Yes,0x4101a9af7f69a9667ef53d3db0d1cfa7e04176493fd3dd7a428410b31bbc0e1a
BUY,0.009,500,1729189759,No,0xb92e478c156d5477fdaf171362c3c6fcea48254503e0485802cbec6e427a91e2
SELL,0.007529297248101998,58630.08,1729189755,No,0xfd8e29dcfdd5aaabd5442a872b0464d110778814e947492f3e5a198fef0744d6
BUY,0.009000000009820732,1425.555554,1729189719,No,0x6283648a9fc0eea1f40742d0a4efe4f6b7e60442338ad427173aeb9106cf8c4c
BUY,0.009000000009,1111.11111,1729189663,No,0xbda178fd9e71f5c5d2547abddfeef21318ae2100eb4ddcd4ec03ba7b02f4093c
BUY,0.009000000105882354,113.333332,1729189639,No,0x1735b60e149f581333d7a3f04052583fffe2f8a9d88e181f9474c8251b442105
BUY,0.009000000016917293,591.11111,1729189597,No,0x09d9abfa122562f5e619ac8f779e9ec3cd61b6feb79b5468cf06ab0b86c62792
BUY,0.009,2110,1729189563,No,0x9e6813d6c4f2301d8c13ecad61f20502cb9dbfb707983f1a63cb1880b06c5b1d
SELL,0.008,5080.99,1729189553,No,0xede8e6aa57992371992726ec090de0fa2f5082f37b36ccab70bb6ed1dc25f6f8
BUY,0.992,750.12,1729189529,Yes,0x40848b896dd45f51f80d5ac1c68fe9c321432a302d761cf551bc80551784e6c5
BUY,0.992,1000,1729189499,Yes,0xd6115bc4fbd135db45faa811f3920e8c986b454b8cee8002e64fdf2b912f1af6
BUY,0.009,3140,1729189495,No,0xc60aa9ec2921fb05c450fc53beb54791951423a849d39447b1d451e2c5e05b8f
BUY,0.992,4529.29,1729189485,Yes,0x8d40bf09323aee4af75f839f31199bf3cbded89da9560e16d79baeaaf379bb24
BUY,0.009000000009,1111.11111,1729189483,No,0x13fb081e2a3618a607d2f0e7ce8b8749246848007e9625991b09b2bb3d754e89
BUY,0.00900000000495,2222.222221,1729189469,No,0x29c1a0e18faedb6cadd3d980b9f497c2c31cb7cecb6fab79e4d7c5cf3c82f6f3
SELL,0.008,8411.53,1729189463,No,0xeec13b36afda96123837f4cf5ccc5a81e30038c4019b73765ebbfae4cc1930b7
BUY,0.009000000105882354,113.333332,1729189429,No,0xaa72469f2bab050a79e2c576c0d372a370e56fc75967d28394479589dfad03a3
BUY,0.009000000009,1111.11111,1729189383,No,0x6011a313b8f21fee56ca01d4710fa612eef8226c74cdd3568d925210804b2be3
SELL,0.008,20000,1729189363,No,0xa70c00f3665ec314a45d896a85702e9f6b4e28fed106ecca915d7165cd0a539d
BUY,0.009000000010760869,1022.222221,1729189359,No,0x53a34fa22271423f8025420a79843a42800e1626bdf2545e005af99ccc40569d
BUY,0.00900000360000144,3.333332,1729189305,No,0x7ab8453999fa7506a4a198225c6dd900935b9a286dca907d41925671e6c6ce8c
BUY,0.992,5014.19,1729189293,Yes,0x4f33df7244110e9a4d6d02da2f0e61d026dffff6125f8bf1cda6e674fdaaf619
BUY,0.00900000000252,5555.555554,1729189291,No,0xcb596569a2b2319975e9c1a0af35309c0b92810b43eb4b545f9875fa1dcaa3f8
BUY,0.00900000000495,2222.222221,1729189257,No,0x9f8e109326ad66b54c17acc92928225934047ca880c8c7a836a8a2ee3cfcc500
BUY,0.00900000000495,2222.222221,1729189257,No,0x9ce4362aeb50cbe9e8942e8ab6f21993131d11ddf84a2ac1dafbc2da336f2818
BUY,0.009000000083193278,132.222221,1729189229,No,0xf0daef69643050dc2037ad80a2be3c35a3808d241ca1d8a06e0f1e7bbc8a5ab5
BUY,0.992,5200.51,1729189227,Yes,0xe5f3361a3f10d7aaea04b810be702cfe2ed16b6b92fe2cd29d30749b72be903e
BUY,0.009000000000505463,21762.222221,1729189207,No,0x117b7dd15c96672323092bf4ca712e608cff140c1003e5b8d9fd41e27785a477
SELL,0.991,322.09,1729189153,Yes,0x5bab691f0155e33653b049780d1d0f19f34bf847af75dfbc87b2423f58389b39
BUY,0.009,1570,1729189153,No,0x8b144378c8fcb255e8067e6be42ce132ec9a5145d69844e999ae0eca083f280a
BUY,0.992,322.09,1729189137,Yes,0x5cd1596118506de5cf3b2b7f04d5c4ff95fb01f163abb60bd06627a811c56f3c
BUY,0.009000000026470589,453.333332,1729189135,No,0xd6532eaf8bbbc76e6f6580b32780759cea11ead0bac29ac2fe00715582023afc
SELL,0.008,510,1729189121,No,0x64fd3a1b2ac09e971ffd3ab7d6745e05c6c493e51a0df81e1855637c221e8e38
BUY,0.992,2000,1729189121,Yes,0x6f776616d564fbdfca5150ea84cbbc35c4d8b2df5d7107560378560835f5aa31
BUY,0.009000000016363637,672.222221,1729189119,No,0x94693d780eb1e0c659c4e419874a9979735bef5042d586eb059f9b547b5ac802
BUY,0.0090000000252,555.555554,1729189109,No,0x00252742ae1de02c87b329d899413f8aa2aa45588e95c40735d45e418e364341
BUY,0.009000000036000001,333.333332,1729189107,No,0x9041dc0c82eef95321290b20274744fcfc5a9cc91dfe56d5da4be443883586eb
BUY,0.009000000009,1111.11111,1729189103,No,0xd8c80fa814fdd45e7e0c2d782db2b9d4d378b49e2b23e42d6d95eabe634593a9
BUY,0.009000000009058231,1545.555554,1729189087,No,0x71e8ce6b69b7b35e79f097ff5e0acdb7c8307fbe4e8ae8f4fbd0c59c3518366d
BUY,0.992,1.008,1729189081,Yes,0xae54cda2158807b929b9ca1dec90f7e4dd179d0ccf4179fb9753bd5e712a3de0
BUY,0.009000000090000002,111.11111,1729189061,No,0x051f249cd686e86d98ba8a4817d94b0c54eea67f20d599d6c39e204f56aaf3ac
BUY,0.009000000096183207,145.555554,1729189053,No,0x509e5af5f03137cc2f78e299afc4651b33b13a94eff5643746fb64cd15ae0685
BUY,0.00900000000495,2222.222221,1729189023,No,0xb203d61024d66f33f21a9f3d6b13d796812c0d748d7f76bbbdde62e244b9acc6
BUY,0.009000000009,1111.11111,1729189017,No,0x1bf7e6afb36129f98b346f2c2c95214d13b05e074a2ebeccf402319f316dbecb
BUY,0.009000000045918367,326.666665,1729189011,No,0x6b0c0a0d6f183de7729661396948ebb18c569504de3065be90511b4b6361a84b
BUY,0.00900000000495,2222.222221,1729188979,No,0xffa2f97103d6f323c46bc5f426afa86bc246e4d30d4c3562027360f7d28589c2
SELL,0.008,50,1729188949,No,0x42a7e429ad5d697a870de1abedeadccc3376a5e9392d1c209ee3d8d64fb47fce
BUY,0.992,20.16125,1729188933,Yes,0x38f41b46ef36bb0b3d804b65b90003d6f1d3dd2e3972bf90e09a6c82a22f2f50
BUY,0.009000000098019803,112.222221,1729188929,No,0xd61e069db1cad7b94e0c86286a7b86bbb2f9e01a0c45612230bc2ec6f8caf9bc
BUY,0.009000000009598032,1354.444443,1729188917,No,0xded59718cb5443e482a8b8f302734e6839759a7ad6f532f337d6a546b6cd4eab
BUY,0.0090000000495,222.222221,1729188911,No,0x7ec8216c059879f1b8fd27d6de4846662ff50353a3dd56bfba7a9b11f83fb78b
SELL,0.008,1922.3,1729188881,No,0x41300c6e6f06b8ab4b0dbc6f3f3ff882234b1f1a91b03f220c470f7edcfda63a
BUY,0.992,30.241875,1729188881,Yes,0xea93a73c73b75bedde32b15d4347aac12be2118ef2852340d515fd8ad97f2ce0
BUY,0.0090000000019125,8888.888887,1729188877,No,0x4bbb809655dde76c15fcc73a51d159e3a92952e4defbe04bf0a1bbc7e05620b0
BUY,0.009000000007020281,2136.666665,1729188855,No,0xc6ed3ff0f865bf4c4ba1f5c08a93a6788887bf00808c180a66dcab76fe71a857
BUY,0.009000000090000002,111.11111,1729188843,No,0x79f0acd8f91ceaea30b6083722b7e7a596f1595bbbd92cc21a20256b535e846e
BUY,0.009000000002060676,5823.333332,1729188815,No,0x98eafbdc79156cc04f390efd84d3256d7b9f90121fff3b4c510a3076f89cb354
BUY,0.0090000000495,222.222221,1729188803,No,0x1ae91daf618bbe664e5c222c78d8aeffa871e56d64406e5ea1143394b73baefb
BUY,0.009,1570,1729188789,No,0x4a87ed0ea6ba78c036d8d5896c2b05dcbffe38e708cb55db54d86ce8ec431082
BUY,0.992,506.48175,1729188787,Yes,0xdd49adf95f75bc3a3105e1e795aece046c53280d5158cf5ffc6f77be718b419f
SELL,0.008,1765.55,1729188753,No,0x113db458744feefa02cfd47d25cfd5534f5e49767a6af092c8a8eec9ff8198d0
BUY,0.00900000000252,5555.555554,1729188693,No,0x8dbbd66e62e21b649288d5135291a245459b25f3c4553d161c6faa568eaeee1e
BUY,0.009000000000974121,11292.222221,1729188565,No,0xf358f53c29b6fc697f8fdde071e907efea097fdc3c6f5e3c3ab63af5df51add9
SELL,0.008,6049.15,1729188527,No,0x5f069ae167db1f0ff656ff8ca6f1efccce76c52f73242fd14b19ae39124d5026
SELL,0.008,2095,1729188527,No,0x94d5f0ea2ba86d3f20dcd53b483a39793bb3933816029e4b0eba60b689f10003
BUY,0.009,1110,1729188491,No,0x989f0ce8d3360691da663bac30a179fd46aeae26260b4f160ede6301f85a7cd9
BUY,0.992,12.09675,1729188483,Yes,0xd2439b5c6eb2fee58ffcac0a2726ff29a9873f2d1d9d6779c036e7868ba63b47
BUY,0.992,1000,1729188481,Yes,0x2e659caf002565b8830a3547bbc4fddafe22d33bd4b11db55d84a214ecaf6b55
SELL,0.991,154.44,1729188475,Yes,0xf06da41808083aa0637623178df646d3a91418bed3d4726f407822d896349427
SELL,0.991,593.92,1729188457,Yes,0xf1900e13a1e423e39196bbe3ea712c0a9c011000827b2aea0fe3f7a23cc14821
BUY,0.00900000000276923,4333.333332,1729188453,No,0xbf444d4173674de581b2525453c4c5c386685feda996466705552399d8a84b15
BUY,0.009,480,1729188439,No,0x9e1119e4dcac6740f818bf07c1f6ec8a202585bdc8b7f7b0a0b911bcee43e5e6
BUY,0.992,584.23375,1729188429,Yes,0xc30fcd7bbb4a5ae6f1df20ce31bef1e9116a411b8e5ae2931057e66f8af76e71
BUY,0.008963407199135753,5465.555554,1729188409,No,0x3d79267d6788d1be6b9068c166328b247a808535fce1823b1a0f187a029bfdee
BUY,0.008998461265643144,5556.505554,1729188401,No,0xa70b18a51a3f63e542e82b5813d04624873d78a92e7ab448f288be2a95dc5477
BUY,0.009000000007929516,1765.555554,1729188367,No,0xc70b918744e192c318677d49aaeaaa996d241840b6a28d9e619b10d5e90e6032
SELL,0.007,700,1729188359,No,0xacb18f15ef72970aa013520ffb7160aae42cf5fdb748b130859c28d42109e008
BUY,0.009000000062068966,257.777776,1729188275,No,0x178fd3a4e775646094b7b72b2a92682c13fa16e0af8496783e961379525df872
BUY,0.0090000000009,11111.11111,1729188245,No,0xe153187a3cd7c13b3a7f68fb408b1af3622fd923f5d24366e06dea8cc968aaa2
BUY,0.009000000009,1111.11111,1729188147,No,0x0532fdcb6c4a997bccce16df877135c2ab377fa862b65de96e3bca4e3ba8af2d
BUY,0.009000000007982262,1503.333332,1729188107,No,0x66de448f2901524379363d97e66bbe0fb3b4861ff6d0fc9a4506a986279a4748
BUY,0.009,810,1729188103,No,0xcc30ed33039672ae2fcd9bb152ae36b2861d48119b24e3c89a44caa0420fcee3
BUY,0.009000000000099123,110972.222221,1729188103,No,0xcc54036a7e2d5ae7bdcc7a3ceab3464496fe2845d672699f71b1971f22a3dd0f
BUY,0.0090000000011996,3334.444444,1729188067,No,0x812541c77f0a46c3835ced04ac17fd202d2792ef860b21fbd78e97ab5f253d38
BUY,0.008397287309475025,17267.481111,1729187987,No,0x288355fd977314d1f321687e835d0dcdc80247349f0be8b091807ab786c352d9
BUY,0.008,125,1729187973,No,0xdf0b8f5556b26ae1593c97621bd60d0a571e9eb16acda3af30362c98534ce347
BUY,0.008,625,1729187945,No,0x2427585a07f9fab8d01aafb796539f7512f7b5fab7b55b2250700696a0846900
BUY,0.008,625,1729187931,No,0xeb33e291e4a158207455fc69ccd4630800a82bbf00b5080410427fd91ccac3ca
BUY,0.008,31.25,1729187921,No,0x1dc405b95d1c8ea28de43c91a7cbde0b309428cc07ac0274425c55e5a68413b6
BUY,0.008,12500,1729187881,No,0x9e34cb52695db025311cdf42232de03915d6a6bdc23fde39e04c7dc069200eef
SELL,0.992,743.83,1729187841,Yes,0x8f068594fc257d606fed8b061441b7a281c01ba21e0583c9643a9830a7e87e79
BUY,0.008,1000,1729187837,No,0x92f4e4e7511b04f6fd8b4ad7d72f6f595634600f60fe660ecb1424fac3ce1e9c
BUY,0.008,3908.75,1729187823,No,0xbc880d88d6cfb4db50a1b1a142fabeccf5c7e77503eba6959e2c6824219a66a6
BUY,0.008,1498.75,1729187803,No,0xa1807980482bd8ac8c971c0b8018626ca2f9e2c21bb7af076d41f6f23ee9cdff
BUY,0.9929999999973113,743.826714,1729187731,Yes,0x6dd1a0ec6ecec7e98ae554b6c2421d4fbb917fda3e2bcdc96ae5cc1e461d64f4
BUY,0.008,21.25,1729187729,No,0x0ebc5a8d016fe6ed288b000af35df5b9723e9fde006f8dfe4a17c71e8833a1c4
BUY,0.008,6250,1729187727,No,0x7db1d0ff050ab6f7cf832e153e22f210a3224ecbb3645f1aebb91f3d98040fbc
BUY,0.008,6193.75,1729187697,No,0x4f6306253f5ca623bf21350c0be597eb00a32343061e475a6cf8180c3a8ae4fb
BUY,0.008,1375,1729187685,No,0x8444f0817512c49ae3764bb389de3e60e1099c293e66d1938833f1940c523eb0
BUY,0.008,997.5,1729187649,No,0x1410d6fff26d1f5a600296c5c0fac905b437ac6525e56b5f0b6f6754d0830891
SELL,0.992,10.27,1729187635,Yes,0x2b5101c2df56ba469f54145129a5501528220412f3c25f24cb7717a093a900f6
BUY,0.008,1000,1729187613,No,0x92a0deca5e342c313a243d7538b0a13b8ff756cce6f9582ee80b6fdbf5a4ac45
BUY,0.008,1372.5,1729187603,No,0xda9a35ff8778ee7a4f3c1961657925ed383440e3d92b1e9a43c370e996a0a291
BUY,0.008,1248.75,1729187585,No,0x5789d3820b3d87838f5938c92b9e28e3db588043f30d10a0ed8ba14f836a183e
BUY,0.008,1250,1729187557,No,0x059d4c4e4c4d2e923b2aeab1fa169586fa18a4a5802b536aadc3c514f657e98d
BUY,0.008,127.5,1729187523,No,0xaf24733c60d7abcd36d815b671acc42dce7e27df260320f2cff21a61ba8e6a36
SELL,0.992,50.38,1729187489,Yes,0x78977d03bcef32b489b5ef9fe9ce9e2a6b8b777e2c03b91f6a47dab6c997fdee
SELL,0.992,53.62,1729187471,Yes,0x83471446f497d582f947c87e332c5a386ba5d412bc5eb0e7e3db7835fc2cc0a2
BUY,0.993,50.38,1729187457,Yes,0x2af5c04c8783033e7ce60e42885f85d3170e8f5d46437337334b457e91985ee4
BUY,0.9929999996389054,11.077428,1729187453,Yes,0x655ba060fa49fb5feeea25a22c6369b9ac495b601e9959691d0c7e52be16e463
BUY,0.008,686.25,1729187445,No,0xffad5b024bf914d2b887608ea3c5513a1344995872c809bd5444d997d375fbef
BUY,0.993,53.62,1729187439,Yes,0xba3b3d3f907f96d65480a873863b1d7b2b88ec7e32f700e9536e10ebd4d37805
SELL,0.992,0.1,1729187421,Yes,0xc1f4bf3588d2207d69e2362f567a6cd8d792896f912225a4c280724beb19ad32
SELL,0.992,53.68,1729187421,Yes,0x6b35e01982bbc4015025197ce15a35ff340b7f9d771b09ee481d73f98eaace24
BUY,0.008,12577.5,1729187411,No,0xa12533e116c9130a71a76836f9d214bef118732cbb5fe0960e72c7047a24e96f
BUY,0.008,625,1729187407,No,0xe74e2de51bdd63470e3ecbb914885ec437d351380a4a716e2649740a4e8e7b91
BUY,0.993,53.68,1729187395,Yes,0x4fdb968a4605b0c7d95ee126266ba578452eefa7ffc5843117b35df384b008b9
BUY,0.008,625,1729187389,No,0xad7b3515a4d0fe3d064e8bac7f2923fbc3fa478770fb3fc09fa0278798ce08f9
SELL,0.992,53.73,1729187385,Yes,0xe86c6661e660a600fc9cb04ee826a034190c6d8198facf0eadc1490b0ee1ebd6
BUY,0.993,53.73,1729187353,Yes,0xd752212a378aa49d4b4be1e29b957f58e1a68addfa738d4e09a05f8814537795
BUY,0.008,127.5,1729187343,No,0x5e5a1d574af8ede86176167af8cecedf4815c2de58efb18db0e420a76692d9db
BUY,0.008,1372.5,1729187339,No,0xd9d6f8746c84eee408e3cc295ee51eecfe596304b71f8908f83c9d03cf569ce0
BUY,0.008,332.5,1729187323,No,0x88f0189d5e1031f0a16b05ee9e4490e8505f5369f16d00b3c2d213994dbe017c
BUY,0.008,3125,1729187319,No,0xac06fbd9f07288e09a760581e273189c66c6738f19b71a165fba02e63f665ddb
BUY,0.008,1125,1729187261,No,0x9507881da647364ea45fad852d01b9d37ac2a8c522ddc2363070f2814950eb9e
BUY,0.008,6313.75,1729187249,No,0x58838f96b16ba62ce80dbe085d44431e5c06c8f798f48cb7ecdf39e1d29a1287
BUY,0.993,2.014,1729187209,Yes,0xd75d86b5cc067733b257cfee34438f55b1902e6a6a86b4ace75f535b2525d9e1
BUY,0.008,1875,1729187199,No,0x5dfc4469a7f020179647d3e16db0c46c16e6a9f1b5987e4e788b5552eadf535b
SELL,0.007,741.42,1729187181,No,0x8dfe761d424479fd5fcc6c4d06f832a485bf2b885f93e19cb85c6f0145c27f12
SELL,0.992,50.56,1729187171,Yes,0x92bc3ff5f1a8178db80e1d22f8219e0f82e0a918a3c45e79835df84cf1dc5344
BUY,0.008,2295,1729187161,No,0xc3b610030654550410c1a7bfdb7346cf0d5f813243871edad3853a8565595426
BUY,0.993,50.56,1729187141,Yes,0xb3bab020ea14509004baadf88d184312c0acec0f8f8f348934eb783ec71e4c9f
BUY,0.992,7675.5,1729187137,Yes,0x46ef693ce2f1079106c7608da7b30a30fb692728982d222abb97bbaad8a3f2c7
BUY,0.009000000000123288,8111.111111,1729187133,No,0x14ffc88be1186aefb41a15b2225a5bc1485320c9e2c0af4f9a13e5d6b7072ba3
BUY,0.992,20000,1729187123,Yes,0xaf63ea8ebba01a80e406e159efeb4c962e5a65980593f551579f6478c8e29949
BUY,0.009,110,1729187119,No,0x249dc8c0f2894c054892d04d6cfce130a1c17b3c371d2e2977a1a8fbaf35b663
SELL,0.008,1412.85,1729187119,No,0xe3eefbab5b9dae67ef173f6f769ab165a1223f739a651c70ec32e02126827fe8
BUY,0.009000000009,111.111111,1729187115,No,0x933b9edfa0fb99b44671bdad7da14e3142704af3387b8298201da1323b42fbb8
BUY,0.009000000017821782,112.222222,1729187089,No,0x47b1dacd35909e8b93c4caf871c16c86856a234221b8cf68f1000bff6b677e9d
SELL,0.991,54.63,1729187085,Yes,0x8b3c33fa67c10898bb06838fd4e14e33529a7fd07918ebe19e665d88286611f6
BUY,0.009000000042352942,94.444444,1729187083,No,0x7646faa6aff667c45db2eb8e15a27b468e9f2b4766ccfe41c564a780a69102ad
BUY,0.008997833,20000,1729187059,No,0xf3e45ef0e1ab06328b7696d3238127cc4e4c1b2ff4f1449ac9a60113ffea75e8
BUY,0.992,11.29,1729187057,Yes,0x3009fd1492f8e2c7af0582a0dcfad2e9f830959097bb2ce19e950ae60fad7b34
BUY,0.008497324002766218,5060.416666,1729187047,No,0x4851dc7f73d00e635412aa6c6d4378abdfa08b110ffa230cb108a5db7ff29b13
BUY,0.992,401.19,1729187029,Yes,0x21857ce9f5e756401b96212654ed099a0bdd8b1da29694cc4ebb55c9b4f046df
BUY,0.009000000009,333.333333,1729187013,No,0x2bb889ed1c16ddcbc9a0089b167bab02f991d11d3b8fe7478790eaf77b16a4af
BUY,0.009000000002565015,3118.888888,1729186999,No,0x7c727e73853514c24be4e356d2fca7041bc51cfcb7bf023fb08555b4ea8c40a6
SELL,0.008,2089.52,1729186979,No,0x1409fc8f6ef70fa1f4c404ccf518d94fa38911108c9db3333387531c316734d2
BUY,0.008,9591.69,1729186957,No,0x314b0ff0a3c627d286f46ab47fe158131c6d51c2363e1f52ab805bc012ebcb05
BUY,0.993,49.86,1729186957,Yes,0xed018a88a6c52a1d031da84ab71c35c9013256788d1577eab5cec683fc7edf0e
BUY,0.993,32.54,1729186955,Yes,0xf6709677c84f071420d3566ddb2a630a4189300bd2380dd596a49ef9ddd2aad9
BUY,0.008,248.75,1729186931,No,0xffbe48c9690190eb526ca3912e8496ca7fd624a742b210034271db94eff10716
BUY,0.008,10000,1729186903,No,0x4e8f503de3d40965e023062b5dc22c89177a8afc8994bf7bfd628ff65ab45c19
BUY,0.008,1875,1729186901,No,0x067ed16b601042e0a71e2859304d0f8fe964d01630bffeaa8481db6e163f447b
BUY,0.9929999992907083,7.049285,1729186867,Yes,0x10469e3c475da5074963ef1ad48c6f65f6de4896d4528d0b7b0f896f1abd7684
BUY,0.008,12630,1729186803,No,0x6b75b3eddfdc6606027d8c0dcaf9d34c561adb5f8e161b2dfc7b258b27e6d35b
BUY,0.008,24000,1729186777,No,0xce30ee6f6099591322dbfcbf8c6dbf1723457b38b2895a847d230eb867a1880b
BUY,0.008,4375,1729186759,No,0x5a2ada3bf3626eae2f8d848e691e1010ec4e00591032ec66afe7f41479740702
BUY,0.008,127.5,1729186757,No,0x066a86d818fe4b2fdc9f83e047576f0ea2c8cab63d27b0ff75a9f6f160544879
BUY,0.008,7443.75,1729186745,No,0x894812247ca53698d68e26f2326dfcf76b1851b5f01b3bfeb74466f43bd6975d
BUY,0.008,125,1729186741,No,0x0e79affa6d7183472410c3731c3864c8c0bbde6d9bd9c543dde83b9ef228f652
SELL,0.992,50.22,1729186739,Yes,0xe905f1ae73704377d277b3f84ceb9e0f003115a2564368d34a6218ead2cd15fe
BUY,0.993,50.22,1729186705,Yes,0xc1addaaebc60c752d21227942f2339accdf49e7d64cfafb0f265ed479855c48b
BUY,0.008,123.75,1729186705,No,0xdb482c800a8007bec8925919466a24d48890695155369b012ea22ce09ce4f0dc
SELL,0.992,52.82,1729186697,Yes,0x94a77fc7335ff51f61f24a0a96e0228c7f365d88c31b7a4570c56a7616afda0d
SELL,0.992,50.27,1729186685,Yes,0x7ab4c71207d868b6e22c58dcae5e54d9e18e993b8251edf9b1b1c7ef40d7abb8
BUY,0.008,500,1729186667,No,0x261fe7008abceface6ae6f967df29dffe7ca3d8a7e87be7fc6c28f048f3006b8
BUY,0.993,52.82,1729186665,Yes,0xeaaa04fafe4ead8a0c61706c28ae17e8a34203c18616aea4b1f9460236f41fe8
BUY,0.993,50.27,1729186655,Yes,0x2ab726bb49fb97ec756cbacc798279930766b953f3ed3213119c413cfd1711b5
BUY,0.008,2500,1729186645,No,0xeba76f58cf3cdf8bbedf846a30410dd792c12574f9632f4b4a23909d4bc358d1
BUY,0.008,625,1729186641,No,0x5b66832acbcb64f7fbef7b81aaf16c9e1f46af83854046c65fc228dec932085e
BUY,0.008,1250,1729186605,No,0x0e7d20465be6f8439775a9efbad64aebebeb3e9e97951f865e73bb03833eb38f
BUY,0.009,630,1729186577,No,0xc46ed9fec57040ebedf14885bcb0b31e34bbcafbc17653ce1214c0c6e2a5e1f0
BUY,0.009000000001852328,4318.888888,1729186575,No,0x3a7163be04c5ef50511e6c3a8c920e09ba4800f31d417eb68e58940224a5466c
BUY,0.009,110,1729186545,No,0x57fd392be4f1c9bb67ad22de47cdde7a337d24c194013144e925133ee154c3e7
SELL,0.006,2089.52,1729186539,No,0x0b263e612cda7afdf22073ce2a7136c219780cd8cfcf725ea8010f4a251b1af1
SELL,0.007,30509.76,1729186529,No,0x1e9f4fb8428ffb46a41aba80af731cffeab7b5d00dde5fb60df0d232dbd5d55e
BUY,0.00802879529068726,186783.937777,1729186489,No,0x2b1d02befe0c52de7c9c2bbcf16ebc52bf49bab2e13417bce81be5ebf4486f31
SELL,0.992,50.69,1729186487,Yes,0x501fdd7b20e364188fe3ee1655a6b4a96de5fd13b4fdbfbbdca213d1faf987a7
BUY,0.993,50.69,1729186457,Yes,0xc667e76574528b4964970280a4fea00bd1aab8c14780d1a54a453aba1fff6bfb
SELL,0.992,48.65,1729186455,Yes,0xcb94d0f79cf2db0b0af9d8340528cf8f5e6225bee8709c245109a8ca4bd5411f
SELL,0.992,50.74,1729186447,Yes,0x7b53a2260dc594baf7766691293a87073bfb7220d6fd915c3f1b8621ad16db79
SELL,0.992,620.32,1729186445,Yes,0x3876fc82cd2a2032af60b26532eefb4ddabbf75521a5e87dcd542bfbfffa1dc5
BUY,0.008,23.75,1729186435,No,0xd7de02861c7b1aa3ba1d4deb8a3ac85c9990439c5b6d9cbc3608d6d9cdfe9b60
BUY,0.9929999999903276,620.322142,1729186433,Yes,0x6b5daf3db1b4085a3a3efb6b43664be0d267e6a01c18d285e19e8e9493c17d68
BUY,0.993,48.65,1729186423,Yes,0x2d0b37042b4f5c2444c12eda06f5bbd2bed434eff0cd09e922dea06f05da36d5
BUY,0.993,50.74,1729186417,Yes,0x08c9bfba2a4171f129951f0bd1bf7197a39267b874bffaa9dcbdd10286445afa
SELL,0.992,48.7,1729186407,Yes,0x00b81c93d42385d852348631ef2dc4de8e06a033a0be24cb1c881b5db6facf98
BUY,0.993,0.01,1729186401,Yes,0x6c2f8a93e93e4ff32c13b79c7c5ca1aeedde311952c19c1bbea7c35a4d53550e
SELL,0.992,620.94,1729186381,Yes,0x17351df1d9ca2d034b3eee94414f5b9f3e3a787f9b90de1143c4052f9ef2853a
BUY,0.993,1666,1729186381,Yes,0xafd077b470c10561d42c5252e5af7d2982930c65ed2a54b4108ad75957f18d84
BUY,0.993,48.7,1729186377,Yes,0xef4859f56b192ee1e3676d9ef297e22f20c0b36b2b89081978592cfe4561b508
BUY,0.008,1250,1729186365,No,0xba049cccb89a38b7d7298282d216cc48758ab80c6e57b37b049c0d087b85e9c4
BUY,0.9929999999935581,620.936428,1729186361,Yes,0x2cdfc58c58d1f1a0de67e675aad5c4b1a49bce43a9b4d52b20d36bb7e6c3ec71
BUY,0.008,31.28,1729186351,No,0x6bcce5d5ac845a4d58b6cdb273dfb5ec8394922230220dcd1dd8bbc3f6600db3
SELL,0.992,50.94,1729186315,Yes,0x1e67475eff7b7856aecb45f12f984a9553309329e91ded8a43aa362ccf62b9e8
BUY,0.993,50.94,1729186285,Yes,0x6034e0f18c8489e3bdd51b50a15fd8854fccfb04cedb279dcb15398f7bc0b1fa
SELL,0.007,1360,1729186259,No,0x180deb450fdb88bde201a086c0f2f39072911e519427151de6b46c15ec6c5f9b
SELL,0.992,118.29,1729186235,Yes,0xc555b1ab691b669679973cbfd8c626d1444033a648ea8ff1f413a1336a28ed78
SELL,0.992,51.08,1729186231,Yes,0x39baf3c9be1d1b65816866c09dcdf1c2bd666cb4822abd49e8427485a532626e
BUY,0.993,51.08,1729186203,Yes,0xa369d915aee7c5d37f1b943b65f2c699790be63fec539f52f1f0fa43e6ddd390
SELL,0.992,51.13,1729186191,Yes,0xaae1f35519dcc9697ce50e2bf51ea73636b6c146d6b55b665f8d162b8895eeb0
BUY,0.993,51.13,1729186161,Yes,0x1b0b7320152f2a8a35904e4ec44b66fb6d53786aba3884a013a2d5cad6299b0c
BUY,0.993,118.298,1729186143,Yes,0x0f294df9dc81eb741014325b5e82729fe931ec500a17c42e48a60c7f1960471d
SELL,0.992,51.18,1729186139,Yes,0x20b9b5bb63a79539e2e2b3a02bda30bcdc5d057748891570d948d974afd52848
BUY,0.008,10000,1729186133,No,0xc12830aadac22a556f3899a95ca27d20a4525167953b05901456173336c94aa0
SELL,0.992,626.63,1729186119,Yes,0x33c513035a814e6495df9105fbaef01d0d8113de40317001c51e7a8dec3d9c05
BUY,0.993,51.18,1729186111,Yes,0x40e4000a34c56a9ad71c76e40f15f44d4d0fe7547f2e1793ef5131736a5c3820
BUY,0.008,127.5,1729186107,No,0x8e0ca653a43e2774a3388fd05a9ac2f019e4560a8092a08a9394f08b7afc2f10
SELL,0.992,54.34,1729186087,Yes,0x38a970c221a430192b48aedc716821fa467fa4c61216d8a32f99e6becbf353ae
SELL,0.992,51.88,1729186077,Yes,0x442858ba2ab634492a7990b03e0893c2c453dbff80fa05668985e0dba5f2cfdf
BUY,0.008,375,1729186071,No,0xd165b7bb6348ed4122e4214a11baec98c3b6661331f331816d05e54a2c3189a5
BUY,0.9929999999936168,626.636428,1729186071,Yes,0x61e319c8eb6339186c9edca6563fa3a43eb102ce82e8ff44b835d94a6b43f505
BUY,0.993,54.34,1729186061,Yes,0x9bc87e8ac11965fd3f5d180db1ee7b98a2b582f9749d59039b977529a30cc506
BUY,0.993,51.88,1729186045,Yes,0xd0bb2b10b04dcca788615ea9a0f8f6c2e7575dded07d289cf226c02be669df09
SELL,0.992,51.93,1729186029,Yes,0x1574cf77b0def57858b4b72ad9a4f240362072ac60169e8c07ad2a748800b875
BUY,0.008,16375,1729186015,No,0x0a0319644d1ee518f8918652929c1eac2519cf0a19cdcd3baa0daa37bd44bd65
BUY,0.993,51.93,1729185999,Yes,0x8aba323fac796c503a3cea339a3c138ad8ff30ad092bd3d651a94f0d9a5f2d3f
BUY,0.993,154.441,1729185991,Yes,0xf638396f43a0ea99fd38417624cc78878dd9cc1e01f3491cee45f7c68c09a79c
SELL,0.992,54.45,1729185983,Yes,0xdb2fd7dbc137c0fa01f14faca3a607aab35a3a5d0146a4e1bf3b3d96edaef439
BUY,0.993,0.151,1729185939,Yes,0x9d4723dfe42cee72e7a8fc8fb3f41852da2917297ff6baa8027cb4371ed6a400
BUY,0.993,54.45,1729185939,Yes,0x2d4e3e6270dadb6aedb5b099ae9e3e853ff2ba571f73b77a9dfcf160128f8e2b
BUY,0.008,625,1729185931,No,0xf04bb1f955c808959b90b3a6fddd60014e9db5570611dbed20c5f9285bad0752
BUY,0.008,237.5,1729185927,No,0x1332839c302f05c2993b13a1ed83714305cc7c83ff3fedd8c3c7d40cd513bb11
BUY,0.008,937.5,1729185927,No,0x81fa6931183b7a8209b1887e578ae59271ad18e88d10dac1420404c60b0bbc45
BUY,0.008,625,1729185891,No,0x62577f265d5817569aa4cfa9bfef53831c11542b042dee34280c4d7f61dbe25c
BUY,0.008,25000,1729185891,No,0x878a60fffff6360469b818d790795007b3d9b86a2c516bed7efd92764cc59203
SELL,0.992,54.56,1729185873,Yes,0x45f68957d86891817e55ae7a0d9ebe4901c8adcc4a2d71f4b3dac23169e8019f
BUY,0.008,25000,1729185849,No,0x651e6a1d3ceb4c43b30ceb9d14ad7d2e1ca2996eb9b84b430024cc8c9305335a
BUY,0.993,54.56,1729185843,Yes,0x93159ea99ae785b97afface6a3eec219f63a1bd2f853ae7d3a32cceec518f598
BUY,0.993,1.148,1729185835,Yes,0xa2526f0ea21cf9cc4a08100e893976794e3ad1961a99a7b90a12779de3f1bf7f
BUY,0.008,153.75,1729185811,No,0x36f5d2ad0ba04124fa89a9852144789fe08c38ce5568877f8074728a8b435e4c
BUY,0.008,625,1729185789,No,0x138291db142127eb65b4d4aa87b79976f1b7d1e22098e314c32e6c8a6bff3188
BUY,0.008,625,1729185713,No,0xbed8c295bb71a09c666daa2c88fa742bf57e6d111718e2559e124e87982b3542
BUY,0.008,1250,1729185693,No,0x93b913c89f7347e2376fe66c4fde4f5120348772bf3ad2cf6f82b90e5db2c2e9
BUY,0.008,1250,1729185653,No,0x96a62205e8288abdc29bb1817d65ae677e570859a06a19be18e36ba5444a2622
BUY,0.008,127.5,1729185653,No,0x06a866ce1e381c124aa5244b9105924ca39d3eca9030964aa5d8eb8f13bcb556
BUY,0.008,6250,1729185589,No,0xe0ed3d50830633461c2e258d201410193e5d4121f5f79797e59dd4e59113fdd4
BUY,0.008,437.5,1729185587,No,0x8e4e49c27213ed5c1ef1445b6aa37d4aa21f35684b7821dc68ec43bb1002ee76
SELL,0.992,49.28,1729185571,Yes,0xaf77cb029b2b3acacea2973d9f588a42f4ce139541ee0cf4ca63d4596ec795a1
BUY,0.9929999996027974,10.070428,1729185559,Yes,0x8228ade37a31295a9936ba664accf2e60365eebff9154346e705e4b18bf3978e
SELL,0.992,2222,1729185543,Yes,0xa3bc373f425e57d714ff568cd7b82db63c471a533a51447c26a644b18cca8926
BUY,0.993,49.28,1729185541,Yes,0x4bdf89705e7ba7e7ec4fe3cd841ac2d128f29b63150f1c52ba40eb6ef2d848ed
BUY,0.008,1895,1729185519,No,0x5276b9c3c75c35308c085bb0146842d8e0108b52822ab7f64843620b415d4f06
BUY,0.993,2516.9,1729185515,Yes,0x7ba356576fa35f27c8a2a2fbde48cb031e73f49de07d986aba9d2e30226b4008
BUY,0.008,1772.5,1729185483,No,0x090eda32f3ec0e75743d079ad35cb979d991b81a08d952e1d98fa5f7b61f7b22
BUY,0.008,125000,1729185471,No,0x7dc73d71f2037e7e966468dfc79ad69e4c4d6e333fee5e751787ba94090366e0
BUY,0.008,435,1729185469,No,0x4227dd1e7937b000f90e79b1b7374f79f8a08208c9a161f9e1ccf81302791119
SELL,0.992,55.17,1729185449,Yes,0xac6edea847722d3571fec4845cabb284a6cc9a2f27fa2a8c9535e7ee080ef118
SELL,0.007,14395.4,1729185435,No,0x2864f169a55edde0dfdf1c905d34d4cd83496d35d85158f097151032174044bd
BUY,0.993,55.17,1729185409,Yes,0x613643c4a9141d2b8429f6fe4189382866815abb76debb1250a7a9e058296a01
SELL,0.007,2625.16,1729185405,No,0x0f7833fb8a7d43d43780997d0d1315665fd65b0fcab47c953b0966d2b3aa8cda
BUY,0.008,798.75,1729185397,No,0xf9ae755fae99e2982149179b464de694439ba525a8c101496012a06928d39d5f
BUY,0.008,37625,1729185391,No,0xb54ecbc322a07e5d89b107435532eb2f5159b9720cc35d09aeeff3747cc1d2c2
BUY,0.008,25000,1729185363,No,0xfedb2f7f95a8ef79fc2cbdfc8ab2e5a8321aa2b2ab1dd87eb4a6356e48399e0f
BUY,0.008,20667.29,1729185361,No,0x3027e4658b774ea3c10ccd8ef0bb84a4f2717b68628fc732392cbc9ba777a623
BUY,0.007315507473705323,20504.3875,1729185333,No,0x152e9d49bbe140556df58aee1b742cc58cccbc2abf370d1ab0e1838252b7e25d
BUY,0.00700000000202781,4931.42857,1729185317,No,0x0ea7cf4ad1af7db5335c0f0ec8d92754a13cbfeeae650fe5b23dba3742382973
BUY,0.007000000082352942,145.714284,1729185305,No,0x27226621a5763b48cb862aa299fa60f2d27befc1b9f7190e7b2f8f9444edab85
SELL,0.006,268.4,1729185297,No,0xaf387120156f87580013d2d80e020dd1e2ffe385ff424e0817c329a7940a5729
BUY,0.0070000000224,357.142856,1729185289,No,0x820c2375c5d9ae5bc85d67e75e9a8c0f56df6c888e3e0914ecc85b3f55261f70
SELL,0.006,16276.66,1729185281,No,0xcc6addd8de7da31efa22531125d44b276bc7b721536d398842f9b42865df07ed
SELL,0.993,52.27,1729185279,Yes,0xd8c843d342c892d816a2a31a587107069af990b2f6119865c87809fc3a68e314
BUY,0.0070000000077,1428.571427,1729185247,No,0xe1f682c994b6d621da7493773abd9608a5109d6a116acb9ea77040c6c3a7740c
BUY,0.994,52.27,1729185245,Yes,0x1962c227043f8e0aae310b7c2bb3cd7928ad66715931e1853f89d867511816ab
BUY,0.007000000000043935,182087.142856,1729185235,No,0xae2c942c6df68467279b01a48565954f46619411ec467efe18300edaf619c186
BUY,0.00700000000084,3571.428571,1729185177,No,0xc118b8e8b94521c79638494b90285c99ceec16bc6b3947d14a687f57d5ff0311
SELL,0.993,2222,1729185137,Yes,0x583d8498dbd12f4789a374de146d6f0d95527824d56daee83f4f786f2afa3c39
BUY,0.007000000000714468,5598.571428,1729185125,No,0x616d1e9eb03852941d473765f8c10a63d7a2be06ebfc6cb79038e57e80c1fef3
BUY,0.007000000140000003,28.571428,1729185121,No,0x153bba174b83884f584678369c922e539062a69cef3b3885565d7565ffe23b0e
BUY,0.007000000000186667,21428.571428,1729185101,No,0x106c4b8064943e2856a0a6fbf16d93df9bc02dddda2fc8433245926cdf84df6a
BUY,0.0070000000175,285.714285,1729185067,No,0xe11bfa0c1e7e1ab23c4f77a3c88b5c77a42c04c231681a1aebc232fb3f7d4eb8
BUY,0.007000000001873327,3202.857142,1729185017,No,0x7804597ab19cce07f16809775226105065ad53c1003be8d265536e76ac17d2b8
BUY,0.994,500,1729185005,Yes,0xe255877c0594d5e87208e3ff34ae8e60313dc1acc55d2c7d06456c3f9fbe9b84
BUY,0.007000000021212122,141.428571,1729184959,No,0x7d42316ce677ae448bfc80e4d9812302b6eaa84f09dae8a8c44320745a3df692
BUY,0.0070000000028,714.285714,1729184957,No,0x589cba596a4047ead13787094f3bbc3146bbc5806b04372e208b0a8c44a23013
BUY,0.006,1975,1729184949,No,0x2089185f9b612d87ce7e50d0ceaeece05b7028f58fbbc0479611b80af258c301
BUY,0.995,10.0502,1729184941,Yes,0xf11a1c8d5c8629d530697a7da71e298988561251474c1f4cac2233a26cc63fc4
BUY,0.007000000000007045,141947.142857,1729184925,No,0x59ef81979638f02173b810c87eb12df4df1d64ddc2b6a1698817c6fc8cd4406d
BUY,0.007000000003652174,3285.714284,1729184921,No,0x1bd51b85b6e352018cd40b8dc5f55600a46c0ab5411f2753e74b05a3d2f520ff
BUY,0.994,49.89,1729184919,Yes,0x7f7e24042a707ec3ba6a059e504f908eaee4b4ae09095ffc2d673ba278db0a44
BUY,0.994,0.1005,1729184907,Yes,0xaedf112e2e1529d17783c7d809fb8ce8135439afdaa8620ba9b279313d9cf17e
SELL,0.006,2071.42,1729184893,No,0x429fa391b82836469a5deb29faf18e5d7179e7de5aa2d6acec9b824cec85ce5f
BUY,0.007000000001575,5714.285713,1729184885,No,0x2705c761f11f3a526453e5ddf54d5cd4518b9b53366cf7c5a892aa033ae13c23
BUY,0.007,1680,1729184849,No,0x087c317256f5ada1cb5a67684b8bf0496ff745463b3a363408fe3aa6c0c5d148
BUY,0.007,150,1729184829,No,0x15b53821c439c7bcf5839af706c5e90d21e8543656d237aa5892868698392e63
SELL,0.993,417.11,1729184803,Yes,0x8033a7718b766865f4c96bddf960cbd08a20d3bcfffb5f44264890abc65a3b39
SELL,0.993,414.86,1729184797,Yes,0x6da32aaadcee8658b9e490271ce3ebb62b0b82b5702e29d83996cb804cef9802
SELL,0.993,38.72,1729184791,Yes,0x68f97fe2d72fa7bebeb45964ee2dc69f09cdaf09f9520a1c910c312c31bb886d
BUY,0.995,38.72,1729184761,Yes,0x3f122589cb1b323f02e5fc472709b28e5d8cc574ae68840e4c4480d66a92d0cf
BUY,0.006202368030100106,8061.437141,1729184747,No,0x43d0bec20dafa0d1954c1d3147f83154cfaa73e55cad78e514e26d8e1ff78cf0
BUY,0.995,49.93,1729184743,Yes,0x3e472de66df70c321b988a41e697f1f21b248be7a5f7aa96bcf45e9a2bff3bec
SELL,0.994,49.98,1729184723,Yes,0x0199bff78e80fec8fedd4047e9f770999a2a120c3de39684baced3bf3a4f0d3d
BUY,0.995,9.0452,1729184695,Yes,0x20ff9d10afe531cb618c4a4c383a337bec2328f9a41c07970d9b43953e5bd61a
BUY,0.995,49.98,1729184685,Yes,0x500ec89e804f2febb2e862db7402579c350ed0ffb8808c4151693d2b22a7f38b
BUY,0.0060000000096,833.333332,1729184667,No,0x91bf7091f944327f31f7fca925fa112876649847dc34172b3da29f86b141c491
BUY,0.006,3350,1729184651,No,0x59f15d484bffe49ebaf8ce277f197fd6cf40fcbfc4763c0c1a67efca6b79c57f
BUY,0.0060000000475247525,168.333332,1729184643,No,0x39149a12b912ff3a14140c56667b5d540ddcdeb3e835a9533858d7daaae4f018
BUY,0.994,9168.28,1729184609,Yes,0xa6dc11783cb107611b634ddd813eb2b15ea7fa555f950de0360b5344ad2219c3
BUY,0.007,1000,1729184605,No,0x998e1a7ef483703f01ed5da35ea47f21d6bd7d44e0a785742b9928ce575ccaa9
BUY,0.00700000000182,7142.857141,1729184591,No,0xec9ce202309ab8b6789febff35147228737fc891bf57e1c69e84e97a3fc39779
SELL,0.993,29.5,1729184587,Yes,0x20b6907fc8bcdb443beb96895f3816548db2b4470a548a50ff68da43afc6192d
BUY,0.0070000000005133334,21428.571427,1729184563,No,0xc995d4f145a7ad851ac670fe9aeb8c67a721e83f262d6a1b906975ed22430502
BUY,0.994,29.5,1729184555,Yes,0x08cfe93fbd2d2db294b49bf200a3eba0a82fa3d7d0ec4e75a4ebf6d76005362a
BUY,0.0070000000042021015,2855.714284,1729184549,No,0xd9b77b282ccfcf84f6c6313f957c77f0f4952082911a1521c29f95b23924d7c2
SELL,0.993,55.62,1729184473,Yes,0x53fbb30b4a0eed70b93505f16866b90ad8cbd4dc82a538d7f4e6e07462090922
BUY,0.994,55.62,1729184441,Yes,0xa777b417de2ca1034f50b9d87c6634169db148300ac76233fd462105a6aad1ac
BUY,0.994,2021.6,1729184435,Yes,0x532d38110963bda7d53b7e16ca6ba3ec1d5767aa2ff974456d6ac5a853d5b52a
SELL,0.993,55.67,1729184429,Yes,0x89abef25bcfcb98ffb3528e4171afe455b02b73d459235ebf9dab71a7428a3b6
BUY,0.994,55.67,1729184403,Yes,0xac591ed60a18fcd9237f87e536676efcbaf1d7aeafed9fa0d8f9a5ece278ac0b
BUY,0.0070000000056056055,1427.142856,1729184395,No,0x1944122ca1175188e35a22951bea14170638e8ab04d8c3d123bbc2d06d2716dc
SELL,0.993,55.73,1729184387,Yes,0xf93c49ac847b5529bba023b0bbd06c75b7f53e4a19709dd156a0c909de3e4a20
SELL,0.006,6867.83,1729184385,No,0x09bd2ccd0dfb5c4203533eaa18bd6160860ede16395810d06e7bcab21c1ccd10
BUY,0.007000000002346631,4261.42857,1729184379,No,0x942f02483d94c55a531a38599da1ba1a12abea450b9471a6ec352d2020eb24cf
BUY,0.0070000000077,1428.571427,1729184373,No,0x6330ba9eb06c7a3b6c94621b625f14390d524287bfb7d92ea2c2ec7027a50e3a
BUY,0.9939999995582144,9.054166,1729184371,Yes,0x7e9cd018cbe35035a66d7f653319eeec9a5d6f4b9502b837728c14453cca3e21
SELL,0.006,714.28,1729184367,No,0xbbf4fa788e7aedf17bca65e1ced242ef3955bb982f9334a876e37b44ca64e6f4
SELL,0.993,48.75,1729184365,Yes,0x53673375aec564e4ead5d9ed906e2e96d7c429406c85ad5fdc78b6074e9ddb99
BUY,0.994,55.73,1729184357,Yes,0x94dd94db6d8ba5170ebf3715607d79835d06d664be889475734d21405f2609e1
BUY,0.0070000000126,714.285713,1729184343,No,0x43b3f6eb8a78e7701cec4e4aa49a695f691ce883b87722d445fece2f09bea68c
BUY,0.994,48.75,1729184333,Yes,0x8dc781a2fd308fce7a6dd10192554072b8db9c85ae2a86224f49361ed23d3934
BUY,0.007000000091000001,142.857141,1729184327,No,0x32f9e13ba11e69f08067644fcc0cc696080c1f6355a386c2d9f051d53f552deb
SELL,0.006,1000,1729184315,No,0x3115163b2caa13f2f9c3e09ba116be6cdc6eaf8e68356c694abe0a4f6e01d337
SELL,0.993,55.84,1729184301,Yes,0x714c09d3013e43f1d452d2da1deadf4170e20d7a4fe8d4b5bea93add6ac2d85f
BUY,0.007000000091000001,142.857141,1729184277,No,0x8086933aba4d7ab1b554ad1df945747ff8dcc4c48192760a125fab4e2fa03ff4
BUY,0.994,55.84,1729184269,Yes,0xf97d2af9741ce32172a260140ef3cbf97f966e1c412f715f32785eb4781de59d
SELL,0.993,48.51,1729184267,Yes,0xe2f04d8d09e30b1afb2edd10a7ae6821075d55611dfda4a4d652d2cd17c9f655
BUY,0.9939999982741549,414.869214,1729184267,Yes,0xb47327b160dd24147db4b16e5d49321da67fc5fe378ae06776bb1096c314b07b
BUY,0.993999997722438,417.112675,1729184255,Yes,0x6b76b33573aabbc7fba19e62c1d21c401d77b3d6cd6296601d34c67e69bbee32
SELL,0.993,148.1,1729184255,Yes,0x3f0ad6b5dd50f7376065e4dff1e4f73904706a72c3d3c43ee73a52c5c0296c80
SELL,0.993,115.64,1729184253,Yes,0xd407e5595fe106877b825c9f8495b64f01f17cd3234d0dd4e37228d406b01f22
BUY,0.994,48.51,1729184235,Yes,0x20d33078dbd6571c96a5ae185867b7f6d37f403a741796d8acc15fb22b028b4d
SELL,0.993,55.95,1729184197,Yes,0xf190c7ea8825d01e26b757e71b93bbb41d8bac1645ada312352aea6c93f724d3
BUY,0.0070000000077,1428.571427,1729184191,No,0x8406aa83c67cacad86ca005b44a0936d444bfba94115e17dd2a42a9fbf0519e8
BUY,0.007000000042,285.714284,1729184189,No,0x7a6a4d218f08263891deadc8cc54f8f53c4498391585a97facf89e2b43470959
BUY,0.007000000062376238,144.285713,1729184187,No,0x14ae0cff845d0d24b7f8ab7e6441e0b83ebd5c722dda66eadd4734e8aedadddd
BUY,0.007000000006073753,1317.142856,1729184181,No,0xc50f185511aee582d72989af41e05e0fd5650f3f32400bb9d554dccbe7d3919c
BUY,0.0070000000126888215,945.714284,1729184179,No,0xb1299ec41b94af89ee40f5250b79b6050af2cc9a8774a63d4c2bdeb714d7d926
BUY,0.9939999928400869,115.643862,1729184171,Yes,0x84d49c780b57d8382d8f6d8a930a692246b55a4ab19f51b68a78d28581fe2837
BUY,0.0070000000022228635,4948.571427,1729184169,No,0xcc477e7190aed84037a39068181f9866dc5960f2a635ba71be374f3c448cb354
BUY,0.99399999932482,148.10865,1729184167,Yes,0xbeeb205331856b2279b38d508397c2c68235c47bbb4a56a81aa10effc8dcf58a
BUY,0.994,55.95,1729184167,Yes,0xad94f163253d15cdcf355c91d0058b3247765bd58137259182248e1ad6999577
BUY,0.007000000091000001,142.857141,1729184163,No,0xa6dbc87e0aadbddd260f5806f63de75d53aa72685d684c4eecb62eaa28ced6ce
BUY,0.0070000000126,714.285713,1729184127,No,0x9a806fc3c1000d8ae4422438d6f65c5579c7302007373d2d59ece896e7e09cb8
BUY,0.007000000091000001,142.857141,1729184113,No,0x4bc8935c4091b18986a57991b57cfbfa5f715a83ece2c0d1995403d50410af51
SELL,0.006,188.03,1729184109,No,0x41ed041df3a84d4accc3a83bd6a6e0618ce6e1dbdf0a9569962bb86bb0d0fb6f
BUY,0.007,2170,1729184105,No,0x4c6a1ae36d5fb520322a69434257431090b37c94633d2ab33baedf741849afb1
SELL,0.993,48.84,1729184083,Yes,0xfdec96b5cd913b85deccbfaa48f21f9243eb178bd747c77f547064a13615eca4
BUY,0.0070000000077,1428.571427,1729184065,No,0x97535018762a01a6540197cb40d7af41ca7fd01a58d9eb907032f7119f4e9915
BUY,0.007,29700,1729184061,No,0x3c6e3580357d223e975558aa9248de009599f241383f4bd3c83c1af6acafd310
BUY,0.994,48.84,1729184055,Yes,0x4cdccb94535eb5f73e3380a69ef23ffe0bddbe17d020c4c79d70bc294ef7128a
BUY,0.007,3566.38,1729184045,No,0x992e8244323b83ffd31246abf653e64ce1f71a53be8e38db7b2b628a829f287a
BUY,0.0070000000028,4285.714284,1729184029,No,0x123a5b40b78819db11be0b799161bc4160a52a3440d5b8e605abbe903c3e658d
BUY,0.006877937251044679,2907.84857,1729184019,No,0x2eca6dd00d61c2b1b896b06a9dafeb3c969fea31eeafa1d9a0a7b2183d140bd6
BUY,0.006000000006,1666.666665,1729184015,No,0x935bec8fccbc9189185fefa03f5a514341ac5cc4ed6f8f77beb02bcbe5b73673
BUY,0.007,3800,1729184005,No,0x6f4021f33a15b6e0a3f81e27de816ea03c1c48e052ffa192b61fc40d95b706b0
BUY,0.007000000018377088,598.571427,1729184005,No,0x806220a53f8c82dc61f88f9899c537d5c35dc9d6ca269804f3ae02b417571223
BUY,0.994,1858.53,1729183999,Yes,0xa762e23de2b55ace2ae5e39163463797d22da7a9893271bd6d70c25e53c5a336
BUY,0.007000000003848076,2858.571427,1729183991,No,0x6d2a29504d3a2d88d1f9ba5cd16a8156b5eb2e07184a17df60c1dd785950c3f7
SELL,0.993,56.24,1729183971,Yes,0xd4757caea65a4d6c1e17441b9ade89bb77d852df4bccd23243f05d2029b70404
BUY,0.007000000026217228,381.42857,1729183969,No,0x4e6cdb5c87eb1343040425ac08bbe69703eea04c82068bfb053d900abf728d84
BUY,0.0070000000023110786,3894.285713,1729183947,No,0xf810bd6b6710399223460ccb08250c568f9253e0e6a9af3d0e84fcb002a593d6
BUY,0.994,56.24,1729183941,Yes,0xbb8bd8b3ea8b08a8c124eefa55859d7cf322386125283a545ba66f6a2cc47d48
SELL,0.993,56.29,1729183927,Yes,0x8790811cd33423a5c3b4fcd051e23462a1913426edd4d51a14a12a0da0445dd1
SELL,0.993,49.09,1729183907,Yes,0xd4b0713f54aefcb7d8432314aee77dfaa1282ebb049742303a3156c185915969
BUY,0.993999661354131,1.458751,1729183899,Yes,0x5e544e376450a32ff441e46c3e6f612d4448766b8d5bc79fa89fdeb88bc12ca5
BUY,0.994,56.29,1729183897,Yes,0xe7720e632e5768599bc466371a2e7452e5ff4669cd1589d10e4c196b3883872d
BUY,0.007,170,1729183895,No,0xa9528fd2d6dc05f46a6d2c1cfa9791677c7f861d891a7b92976328afbaa32e01
BUY,0.007,2034.99,1729183891,No,0x0754e01ef3b3310d2ca2f30f7e99ae870c541358d0bccb745f423cff1a5b8a9a
BUY,0.994,49.09,1729183875,Yes,0x653ce04bdc7e19b743643ab4f3a4fa258507abba3420ba2a55e5bd5f38be49fb
BUY,0.0070000000053695955,2048.571427,1729183869,No,0x73c6b27b800880178cc283172592017a89878d83f111d4e4d0ed824f34c3d6bb
BUY,0.0070000000175,571.42857,1729183859,No,0xc0003e35df21df80977db0018892573aed9623d0c53046743dfea594753fd7c5
SELL,0.993,54.99,1729183857,Yes,0x6ab6aa7f8b618a91aeba8826d51ebad191c6d5ea4a73942148cbcfc3a6739515
BUY,0.0070000000193467336,568.571427,1729183853,No,0x55d5078006e906623846496c9cf99d87b52aeb06721c529604c9cbfed3caad78
BUY,0.995,54.99,1729183827,Yes,0xc5639c8a42baf50422a7cba03ee47098623d88a421556acd959383d047d04fda
BUY,0.006798875661319978,8824.98857,1729183823,No,0x49bf04725e388e341ca253b875b4f2c088cad495ea7b86da36589969ef958d04
SELL,0.994,55.05,1729183815,Yes,0x734ea4e91813c3c1b47087ada35476c7277b1880ca3a89d1bc409f8072855cd8
BUY,0.995,55.05,1729183779,Yes,0x0092783e8bc2ba219cce3246eb1c8decb8d036a7672bb1824ff9744fd53794c7
BUY,0.007000000026923077,297.142856,1729183767,No,0xcf0ca8be73fe221a37d2ebbfa96922d8e0e46d984130390dae0f745eacdeeeb7
BUY,0.994,5.16,1729183747,Yes,0x76816d829b72bd128f5a61b7e284ce659ceca65d97cdaf37642467f685d56df3
SELL,0.993,46.97,1729183715,Yes,0x05e5e3c4895961fe42544cce1c17cd6d366240a67d6a334990bb81eff53336fe
BUY,0.007,1750,1729183693,No,0xf7829cfef36bbb6aed1080161d75a39d7cea136562252240f301c14681e16a42
BUY,0.994,46.97,1729183683,Yes,0x7853f7107fe098abf5123dbb07f8c6c9ffd4e624c83224bc144b4c79715c2139
BUY,0.007000000007007787,1284.285713,1729183637,No,0x88582d8f271753ef761a194d797a34e3f36637b906ff1d5059f7ab0046f279d3
BUY,0.0070000000046697795,2141.42857,1729183609,No,0xac7ddb46d95bee42b3eef7c8c231c2d6c05d8975ca3fc87351acd1237acf69a7
BUY,0.007000000000749966,10667.142856,1729183607,No,0x4dc974a78a5ff7d55ce77752545b7758481f593a94d01bcdd7ef5cec808d1c25
BUY,0.0062511201538683085,165124.005713,1729183575,No,0x79db7c6451730082f4a02413b9eb6a2458301c1df45cad5dfde2aec688ee3b47
BUY,0.995,52.13,1729183569,Yes,0xd02a42389d6c911b0a8cd8db707cd2e19e043b7f78f6725de44ed6af7ea2f7b1
SELL,0.005,14004.63,1729183497,No,0x44730c93462f02b103cc2867a40946f84d4f26f6cb2c9fa51ae787743413a941
BUY,0.006,8500,1729183467,No,0x9e6d4033428ba092e25021cbb5b680578b85ae523603ecce14dea9a7b17664ad
BUY,0.006,43191.43,1729183443,No,0x4d7b15c9603e597cc33f8212d2442fa711a33fbd98c0c491aa11af3cf81748da
BUY,0.006000000017964072,556.666665,1729183429,No,0xf4cdb424be9047635ed99b55c49960262d47191764dcba5a57b7ba1a51d237b6
SELL,0.994,505.05,1729183419,Yes,0x7d484bc4bc5b86340e416be4007011609352e33c9f115a489bed85fd7961685f
SELL,0.994,411.8,1729183409,Yes,0xc4627b8c29f025aface769927db2ba4e3e5663a29101cf357755af0c46812112
BUY,0.995,20000,1729183397,Yes,0x44abad10c9e8ed85daf4d481a661b2ccfb37d3fc652bbf93451d2494931a3b03
SELL,0.994,410.29,1729183387,Yes,0x764bc1919bae23e321733e1b041643353d0f46dce4320bc3e070660c79388723
BUY,0.006,1990,1729183383,No,0xb704d408d658f432ed1f3de7f4d3f42c586afa6de7fd39e5e4bab4aab5a1055f
SELL,0.994,55.84,1729183381,Yes,0x0eea1ff7eda2bc59d8530ff60ec14e83435e670ce0c88a8db492da385761f371
SELL,0.005,1498.33,1729183373,No,0xbf2d9761df74b001963a3973099e8a22a506d86ea057a675fdcb20301047cbd1
SELL,0.994,48,1729183359,Yes,0x71091b77dc7e407e12d8785e168f63ef52ebcac2dd2a9dfb0bbce3517bd6bcf2
BUY,0.995,55.84,1729183349,Yes,0x44d32a76b4155b5e8c9d7c8da5110addcd7d8f8c0e8a8a79af0a7fbb73c55023
BUY,0.006000000001081471,9246.666665,1729183337,No,0xc6d8f298da146e333fe1d4538b1b3aa5058c4be6913aa4a8a6636cbf0a006267
SELL,0.994,55.9,1729183335,Yes,0x6cd7481d590ced43855e3650cb9b04f55978589392ffc7247689c2e871efc4d2
BUY,0.995,48,1729183335,Yes,0x29eab602a2a056648153602c0de9766d1ba676df80c9e70a47655c3c50591a0b
BUY,0.006,2770,1729183331,No,0x0abb3638982628a0a3ab2ccd6f88dce5d2222f89b15529844a1902cfc01ab963
BUY,0.006000000006,1666.666665,1729183321,No,0x30cf5f597c5a7bfc67de750a5e8900f75e5cbc88ff7ba8082a5e1166f3c065ed
SELL,0.994,3000,1729183313,Yes,0x9fbee2a8f97194a5a78e926292af39bc15082e033c955edb829750b8bbe8ecea
BUY,0.0060000000024,3333.333332,1729183311,No,0xc1d658b39ef7203594d225666adb2516b3c61443cb457c5765ffad894a18b6ae
BUY,0.006000000006,1666.666665,1729183305,No,0xba6804bcb7702770a4fc8e99ba1b6b6c2050a93670782f491d4cecb6fcbd82ff
BUY,0.995,55.9,1729183303,Yes,0x638986e9ced07e9eb702665e04e9ac2f895bdf2f7b6db81e2de012113f9d46b5
BUY,0.006000000150000004,66.666665,1729183295,No,0xbcf1474c9e0e3cfd1250f3ce738027fee02d38291837912cead75b7f7ecea77e
SELL,0.994,48.09,1729183275,Yes,0x156db06af1397b33ada362e74afefbaf22f5a8b4eac6359bbe7670d8b1226abb
BUY,0.006,100,1729183263,No,0x409299ec020699ad192819111ed8ec013d5cc101e8327f4f2dd0c0056656c764
BUY,0.006000000004225352,2366.666665,1729183261,No,0x43ef883e25864dec142867ce178e01eb16992c38de69ec68fd61fd0978175455
SELL,0.994,10000,1729183259,Yes,0x99a4b7e599d9fe2545c6aa192ea9c83b6155ef0311b067fb75feaa38533d01a7
BUY,0.995,48.09,1729183245,Yes,0x51fac42b5f676204a6efa956586122078a3e291368b23f7073427cbe207627be
SELL,0.994,5555,1729183215,Yes,0x2ef834d9fb0091b1fb43505a4f200c5bcd765e9974380d43f3104488daad0854
BUY,0.006000000016053512,498.333332,1729183193,No,0x0eec4565f1a5705b82b040e96b30449fd4167fba912bb3a9162e789f27af8b91
BUY,0.0060000000096,833.333332,1729183151,No,0xb4205a79e2e71686e9ee3db8e30792deccd35d14b4dee355293332f964aa83d1
BUY,0.006000000005217391,1916.666665,1729183141,No,0x579f8e155a61fcc10103b6021417a4f6e48fd7c3a7647e093992be9abb9d9a0c
BUY,0.006000000006,1666.666665,1729183139,No,0x1cef827729f7b752774f389f5e32e952aca8b52a7dba98fd2c20c5c4e40fe46b
BUY,0.006000000060000001,166.666665,1729183109,No,0xde878694379376e330fd686b8cf3b9a673a6daaf1a3f991ebcfac71d3adac0c6
SELL,0.994,2000,1729183103,Yes,0x001a90433348bc0e6bedc32cff3ae52cd1f1df934c0701028128db0567f6f5b4
BUY,0.006000000006,1666.666665,1729183051,No,0xd4750e7c4363a20b9a2b053ef20c7d76a856bdee792c13a0af070f632090a310
BUY,0.006,3192.58,1729183041,No,0x4d7286000050ddf804b9d097bfccdf5f780c878448a7f88a6c9e1a9199be3cf2
BUY,0.006,100,1729183031,No,0x283027ebd3a54cd57391e4a098da56858f765b1dfe672a699ea664465ab83008
BUY,0.006,1250,1729182997,No,0x87f82636ae2ded1111a474864ce60b7f1b4077dadf0fb6ee39f6c8d6cd39b611
BUY,0.00600000000091645,10911.666665,1729182989,No,0xf9b700943b5d55d6167b42099c27e2c36564b5466d4adfa9aaf656abc7c9794d
BUY,0.995,1.4572,1729182987,Yes,0x19592155debb539491ef820c47089589bab3692bd264e430f26cc52a62eabe39
BUY,0.006000000000425683,18793.333332,1729182973,No,0x2a0e1891d1f84a3f7d4bbfc9dc235eb2ed2deb8113e2ca08c4fdf3cde1a65797
BUY,0.006,25780,1729182963,No,0xed3de1b27e0f18e9b6f5e31b761baee12c50ca367ce1e707edf95f14070de2ea
BUY,0.006000000000856042,11681.666665,1729182963,No,0xd93f167834a922e1a61cbf60efe3d91355cd8c23692dd72fbda90b99891a3ebe
BUY,0.006000000006,1666.666665,1729182961,No,0x6a6ddcaa4a77a3504674ce8ac1109c7670ad2872950ad9182f44a3c824442417
BUY,0.006000000060000001,166.666665,1729182957,No,0xf689e40b0b59aca65b32706e76c8abb6382068f5213215e451f8f51a8010fdc8
BUY,0.006,150,1729182895,No,0xa532924be9d8d66d425ffcf7965982506c6775876cfffb0f8472bdd181b55947
BUY,0.006000000006,1666.666665,1729182895,No,0xf56ea1f9338477a89ad5915a8e09d1868cf9e959bf05169a6b68dbeb88c1873c
BUY,0.006,5000,1729182853,No,0xeac8af48e6967d3d49049d5198a74b097688df019023e7081e30893b6eee0fb4
SELL,0.994,48.46,1729182847,Yes,0x43373a2e902950c99974914ba11cc68850b7dab573122f6227fb4c6ab9cde364
BUY,0.006,165,1729182837,No,0xd186cf20d8f08e03d99b115bd2e83b488fd65cb06dda4a12c8644579ef8c2767
BUY,0.995,48.46,1729182817,Yes,0x69797c1fb07c9a476fa95f0318c5e1bb68ec03667d9eaa8c41e7e771fb13fe44
BUY,0.006000000006,1666.666665,1729182787,No,0xf011157ef7d1db3069c9ed0f7a8af48cad4c2151976b61ab80c1ccd97c6c793a
BUY,0.006000000006091371,1641.666665,1729182777,No,0xa749999101e55e20b7618426da0b68de8a6f11a23c44a54ad63dd3fbf02d4f47
BUY,0.00600000000060018,16661.666665,1729182769,No,0xb3792d3047411b6a11bc38605edf9a2af94ecb2d8bc28465cc87566ecdff5dbb
SELL,0.994,5,1729182759,Yes,0x5deb19fd81f1156dcba72641838be0c4fd01cef20186716af41dc9dcf8a631c8
BUY,0.006,23935,1729182725,No,0xd34047e867ee3494eef983e21fe84dfb43942d6a60d550b6f5b97c6ecc5e0f12
BUY,0.006,21300,1729182719,No,0x23c4427c01dd13e707883e3f462de03c5b33e5738a324f50aec02937192c9211
BUY,0.006000000006362673,1571.666665,1729182713,No,0x5f64d823167f10f877a6bb14967a039a9905dc8c6e6486e84b6d56e044e92f13
BUY,0.0060000000002588295,30908.333332,1729182705,No,0x236771575b590aa097f83e00a41fcdfb80e98eb73a416dd6a723da5bee09d7a0
BUY,0.006,1000,1729182679,No,0x17e1da8f1b791689b7d6a813ef3fbc85c0bea53ef313349af1fab7a343f59269
BUY,0.006000000060000001,166.666665,1729182671,No,0x0d29e599a6de5616ec4a7a6378c416c47f4e850e0a0a88392276366909635dad
BUY,0.006,8330,1729182667,No,0xd24cc2f9660072d1998faa1cce8895d51f1507b02397a9b9e9ffcb61c3a994ee
SELL,0.994,48.75,1729182657,Yes,0xd7a17e3c8e8582f7c5ff94d6734e260f98c66220c6ac8564743d80684066c8e6
BUY,0.995,48.75,1729182633,Yes,0x65d13b90456091a3e5b74f4a7b27efb980fab72033bc9fb7255bcba86404365b
BUY,0.0060000000006,16666.666665,1729182575,No,0xe8d7d9009a6c99172242f90edbbc76af2fbfc4f969d24ecdd34323ff9f0abea8
BUY,0.00600000060000006,16.666665,1729182563,No,0x00e5df4a7e430956137af861d3b69f336c6c114cd136d306dddfc1c83520dfe3
BUY,0.006,1000,1729182519,No,0xe9d71cfb20935cdf8b3ef9e433dd88011b93a99e369bb694df37706c65df6124
BUY,0.006,82500,1729182509,No,0x371dd0b3fcb554a78ecdeb69129a8d1dd040686913d57d38bc43a5780cacbf7f
SELL,0.994,332,1729182497,Yes,0xa636e86edd50bb47d2752dd02a06d86837cffb2bd5e2f0f8be99130c84f04921
BUY,0.006000000004363636,1833.333332,1729182485,No,0xffd80950995c70b63cb9e20c1019d2dffd0e33cadd26e14fefae200ad1e329b6
BUY,0.006000000003767661,2123.333332,1729182479,No,0x3fada9da9c4f34331058bc3f9bb9222a1c76f579011e08fae02bc0fed3d7af8b
SELL,0.994,500,1729182479,Yes,0xb83847e72f656be68eb0d8e5fd710182a022c46b489f4daef9f03e1021da383f
BUY,0.006,5700,1729182479,No,0x4ae88acb153a9af12d7c30ad56e1d035280f4237e51d444ecc439b7eb44eb249
BUY,0.006000000006,1333.333332,1729182473,No,0xbed40fa4f2229d9988c577727782e0606450c5bcf31f8e406ff0c76a5aa2370f
SELL,0.005,48875.3,1729182469,No,0x0f503b64d945b5f5e3e8e5c2ee0cc1d244cc16a66310df56dac71ee0e3d285bf
BUY,0.006000000060000001,166.666665,1729182447,No,0xe6cded55dff9d0f3b504520099c288bdbccd2e9c5bca9e60f24f65a1a73447a1
BUY,0.006000000009005629,888.333332,1729182443,No,0xfd152d0e40dd9ea723728287a62bd74eb8a11d161a8aa97929e369fdb9f3306f
BUY,0.995,15070,1729182441,Yes,0x2c925ce2611e9d9208f933eeb563189c4132590a13329dd747ac43821e11068e
BUY,0.994999999980338,6103.115576,1729182441,Yes,0xa88b95f7acb497be607dd6ffbcec917be8af231a7373f8ef242ab68a521e79ca
BUY,0.006,3015,1729182431,No,0x58ea07029bd2755be8d7013477a9c828b5fb5c412a95f81f27c0ca796e87db49
BUY,0.00600000000384,2083.333332,1729182407,No,0x0839b3e1e2675617adb5368a1cc3176deb41b4a26eac1f17e9d636b85b450b82
SELL,0.994,57.02,1729182403,Yes,0x11ad99b938bc819e7bbb1dbb9f03f793b8824b7d86c030f8d62bbac59096b442
BUY,0.00600000000414651,2411.666665,1729182399,No,0x9f07619587018a5e35e827e4fb7fdee10c3c59c0c115d17cea76876a0cff4896
BUY,0.006000000006,1666.666665,1729182385,No,0x7f72f58f38464e61e4b4d1de35799109a964594fee1982c068951624a08f7ecd
BUY,0.006000000032608696,306.666665,1729182379,No,0xbb1842ab51a099641e7a97307d4cef185654ffe74cb30cf3d25ba5db0ba2dccf
BUY,0.006000000060000001,166.666665,1729182373,No,0xffe18f9f5068a8e77d3291e0a31beb985c087e400d1b9ba6729d4fa5204ba2cf
BUY,0.006000000024,333.333332,1729182367,No,0xa0b0e1b9453de4609a2f73cdbe552fd31e32032126e8a83196d60a4f0a94dc71
BUY,0.995,57.02,1729182365,Yes,0xc57f9355884f096d2e829e3431a59f7ebf6d13323b69be1d72025c5bfe63adcf
BUY,0.006,165,1729182359,No,0x201648d60a17f5e1d1c99aa49efa21b4284254beaefc087f56ba5e00c1b2f348
BUY,0.006,25000,1729182357,No,0xe82b3a6f797db1364ba2bc5fd4fe31972342a9dc2a563c65db3a9662b1ebae74
BUY,0.0060000000120240485,831.666665,1729182343,No,0x4d7a61523a1b2a7f5fa679768bd4db5a68adc2baddb0df603a2c0547471fa63d
BUY,0.006000000000638909,15651.666665,1729182339,No,0x0ebfee571a19ea4d1478d5ea5d4be958082256a6b5218f75155adc317d70dbad
BUY,0.006,12380,1729182329,No,0x2bdee0800bcb4d4b4a4704629eec0d9e6fa07bac2bef131d4b8d53c3f2edcbe7
BUY,0.006000000060000001,166.666665,1729182329,No,0x1b290269358226dade1d8ee878116b80375c8dbd2ecf882c7c7ceb984dd129f4
BUY,0.006000000000720634,13876.666665,1729182323,No,0x17aa9c390e9430fc0de9dfb360d196565c24f67f4070972faf58648a27cc2dd1
SELL,0.994,57.07,1729182321,Yes,0x5f28cf7f47a2c910c68427813a7807fa5242cf7f6bad592ac8eb8e1ab54abf52
BUY,0.00600000000096,8333.333332,1729182309,No,0x8a3c170f9206b66f9703b870f1e2620aaf34b35977ff697517304b158d427615
BUY,0.006000000006,1666.666665,1729182307,No,0x596ffd8a6ad3c5fbd45a00cd1b137d3f2197bc0dd7e8522b540f2682a33ad991
BUY,0.006000000008261618,968.333332,1729182305,No,0x127bc439e0d89e0522938b41b138ee86448042ec28c942b1be08f7f1b1073830
BUY,0.006000000006,1666.666665,1729182295,No,0x9539d36530e076be092299922e3983dab03f5391853c3f1e5f5f47b33499e124
BUY,0.995,57.07,1729182289,Yes,0x6af00f22bd676ec78dd818cc6e7b52667f6bdf32efa93e27939cd77450647368
BUY,0.006000000001331484,6008.333332,1729182283,No,0xe7067856b49d1703d587112384813971be817a97dd632f3550131b76a7f7e476
SELL,0.994,250,1729182249,Yes,0xfff559e9d6a23741a7d5b907b102388ec9eb61e35d4c8cc76919e112e36b79b5
BUY,0.995,410.2914,1729182233,Yes,0x7708d7094cb0a17bfd7f67dc66ceeb848f9175930e29996aae9ff6a2006e17ec
BUY,0.006,170,1729182225,No,0xc53ac7b263f92c4b392ff08d7403922eb2656a5e7f68ec540fde36436a4c7888
SELL,0.994,53.07,1729182217,Yes,0xe0752849704e8fc04801f9f99ac9dc908f170f1891fde091d0113bfdd799a8c4
BUY,0.006000000060000001,166.666665,1729182209,No,0xd15934552ac29f6d2069081e8772a13b4d0afbf12fffefda85249d87f517c091
BUY,0.995,411.809,1729182197,Yes,0xd4a0d5757c0e32a46aebc522ea4760c06fb7eb0cdb3c9d29fbe873f522a19430
BUY,0.995,53.07,1729182181,Yes,0x5174cda7b5488498b154dcff699786ce60837ea8b4856a0ed034b04fbe60c3f9
BUY,0.006,1500,1729182181,No,0x35b19b0c037b8e1254208994f34f12e611aacb0b2cbf401074fc5dd32619e3e7
BUY,0.006000000004853387,1648.333332,1729182175,No,0xe448b53d3cc1cb4c956a7353bbfd5dbbbb759c09b6ce81b741a4d14c8508a2b4
BUY,0.006,1000,1729182173,No,0xfe0a5c193c390601e04ad68b8cb61506744146d94e9d96f930f76d3bdb3c81af
BUY,0.006,73.49,1729182161,No,0x422bbe37ae67ca45219a4e6f583e78dd7dfd94747b95a800f8d78b1d20006b9e
BUY,0.006000000006,1666.666665,1729182115,No,0x692359d61840378648b9604026dbceec59240cbbc0c0d814d365c0cbea3920d7
SELL,0.994,54.35,1729182089,Yes,0x70e3259f1591db4540a49ab0dde72922f593c201067a71004c8b15f5c1b1c9b1
BUY,0.006000000005097706,1961.666665,1729182069,No,0x40ccf2815b4fe4c5d7da95f1569a27088bb7d5ae5c5222c2806035ca075cdcb0
BUY,0.995,54.35,1729182059,Yes,0x0251f708860e00d9a8d28450dc32219b2472c9fd5c86c4934c3c87638c3f5d88
BUY,0.00600000000604534,1323.333332,1729182039,No,0x1cfa02ed0413f1ec0ecc70e03ab3cca034b4bf5d09b41da50d06ed67569c9512
BUY,0.006,1775,1729182021,No,0x2d0a0fb6a755e7ac9acc6732a5ad07f128c6818e8d12507112b36be51fd90e9b
BUY,0.994,1713.85,1729181975,Yes,0xc2032e1359817ea25a64e55224a2de78f6a33afa5b6cd7cceb0c217698683927
SELL,0.993,52.68,1729181961,Yes,0xf2ac20dd3daf145ce8f7ceed4e7d8861cd495511d353540ff53d7d944252bf46
BUY,0.994,52.68,1729181929,Yes,0xb017fcc8da7b9eaf0907cfddbb49dd782aa112c4ca2bcfc31f5334ed935a2dd5
BUY,0.007000000630000057,14.285713,1729181925,No,0x32d47c3942d1f3c14b99f4270627818c89376c20f5310ba7d733f4c2ad398f37
SELL,0.993,52.73,1729181917,Yes,0xb0f3ddcaee730d5475529734ae05d1b20ace6c09a6eeb3f85891ff70ddef53d7
SELL,0.993,54.57,1729181911,Yes,0x07ed751e7b3725365cff0b02c22039c2a767a422eddd49738b4a293967b1f746
BUY,0.994,1014.63,1729181909,Yes,0x56aec76c1e8dbb7303113c5e57abc973b9d061bbf372584b924ea5ebe5737f02
BUY,0.007,4000,1729181899,No,0xbf696358dcba308b7b698481b8ebee360acdc1367daed3b50ed0d12085b553b1
BUY,0.994,52.73,1729181885,Yes,0x2b73403b6201be8427916003f799ebf1dfaf120f4f5ef9120d856ca6f2f5efd9
BUY,0.994,54.57,1729181883,Yes,0x0fba1e9631cf3fe31fe3dce1ec7510986f0c629393ff47d657daa0128596fd98
BUY,0.0070000000009824035,13232.857141,1729181877,No,0x6a35e9797a37b7e3af40c204aef19fb7ae93848d55bc7b6e698ceff9882c3ab2
BUY,0.007000000042,285.714284,1729181861,No,0x557920c02e2ae78176b7cda9f060dcd00049013f5aefedd2a8bd7480c73ddaad
BUY,0.007000000012586445,1032.857141,1729181853,No,0x1a7ed7c159c8c2e31b649662701abba592e0991808ac3d7c0463d68f4a6d579c
BUY,0.0070000000028,3571.42857,1729181829,No,0x7670be542e09228aecdc89c558be09ffbf59da529a70ae80815ce284e0c84862
BUY,0.007000000140000003,71.42857,1729181823,No,0xecd101f8d6e654cceaec6b32392ff0bbae4a8e45be12945cb3f165f9b037186a
BUY,0.007000000630000057,14.285713,1729181785,No,0xa4ff3d4c97ff925f62fc198f07249fcd2170cd8835abb2323893a42c60ad867b
BUY,0.0070000000077,1428.571427,1729181783,No,0x315139e06a5875156807ed268b6b767bbb2b2584542cf16f77f7730d19517a43
BUY,0.007000000091000001,142.857141,1729181775,No,0xf512981182b450a8c56dfad968b091654b4f2e7280992aba97704b5cf8159755
BUY,0.006,7111.54,1729181767,No,0x953517d5f17319ba17900f35a986b4228de7500c9e7723ab6abd12fb6bbb16aa
BUY,0.006,1118.95,1729181703,No,0x7a2b2913659fe4810bb15ddb54878e91c2c8fcddfe4c58fba35dbfcda36565d1
SELL,0.005,1815,1729181699,No,0x3d02170d4d64c77c133f2b7e74dda88ffc47a0db044c4980307612ce30bd1909
BUY,0.00600000000015,66666.666665,1729181693,No,0xa29b5af79560272f4bee73525fd72413b1d3bc62eb4a63531f84d5032b808810
BUY,0.006000000001294219,7726.666665,1729181681,No,0xf15f01d1699f1a12bda77421df4d18a76e0a8e637d90f914a8bfebe10c942d3e
BUY,0.0060000000024,3333.333332,1729181677,No,0x7f2c94764eaa4a23fa19b5403ac4bcffe07487301faf29f9631acd248f43b9db
BUY,0.006,1000,1729181665,No,0xe74c3e3b55ecc7111bc3a15c91b1dac64b715567bfc045cf0e13a579d5a9c9f1
BUY,0.006,500,1729181659,No,0x59babdbb9819c18a9703ffcb330642184a6d2d4ce06aedb50bb6a472ec583972
BUY,0.006,1000,1729181649,No,0x782d88a1fe9368196858b8f0ee8ff8d862adb9c010038b0aa7a0f128ab60687f
BUY,0.006000000010791367,926.666665,1729181647,No,0x50f4b4b729d197790d76f75ba76831bbed54594bc1c081bbcc9b00903a590e72
BUY,0.007,1340,1729181635,No,0xcd3763147f9a105f4a8aef4f8557a1d5f463ccc91e794bf1e4084ad1fc9aa7e8
BUY,0.0061003682609308075,327849.06,1729181613,No,0xf9600b65d95306fe0b76712855345f3ec33d70c98984cb09b9bcacad6ad49984
SELL,0.994,54.94,1729181603,Yes,0x156f3c9affd870309b6afb2ce3f0ff6d1e444c4e0c213f54b63c167a68416be0
BUY,0.006000000006,1333.333332,1729181579,No,0x64cd916a967d84f3218f1fdeddd5ae5c10dc331dfe338df234ce43499a2fe109
BUY,0.995,54.94,1729181577,Yes,0x378726e80b8d815c5c0370269841f02e82c31ef31692f1735ad35cf0a84aeb17
BUY,0.006,1500,1729181577,No,0x488a1a4c54d1b6faba610c0e929e8038ab1f62e6ef7ee992373f2e63745c71c5
BUY,0.006,1000,1729181577,No,0x1ca0cad475515c14ba54a97e5ee66c6297716246863a35b199e453dcd0e95756
BUY,0.006000000008571428,1166.666665,1729181575,No,0xd3460ec146080cab8544b8122641672b8d1ec8ecb7defeecd53e9e76b88e47ed
BUY,0.006000000006,1333.333332,1729181575,No,0x1f4fcdef7c5d54a572235974efded56adfc5b9bd133ae16901576023e58d1372
BUY,0.006000000005339266,1498.333332,1729181573,No,0x6390e193459385bf15be07aa0bd001fdad6678bce79ebab912ff95db5bdaba35
SELL,0.994,46.73,1729181563,Yes,0xdacf7b072792c6195f35fa60257fb70ca9b581e05e93f21ba9aa1659abcd73b2
SELL,0.994,54.99,1729181563,Yes,0x13860518153a4f4867a6c29c8b0694edfc714a906f0ad0b0c378106adbb03dd8
SELL,0.005,714.86,1729181561,No,0xbdc2d54ead6ec509a3d92509aaf7e580a0d720765fd3c0d5c7f466c1970fef53
BUY,0.006,240,1729181561,No,0x6be4d475e13e2063b3643db593bb28b275a2822f96d3545c0f2eff75489d59dc
BUY,0.995,54.99,1729181537,Yes,0x86d112b8c123335c746e3a6aa99a40266622412865cadada8a49820c5345d3bd
BUY,0.995,46.73,1729181533,Yes,0x078c9d8b7815525b5baaf8e5e5beca2210b9a218e1ae61e913caf41e5abe9055
SELL,0.994,55.05,1729181525,Yes,0x8c24257d85d4416710163fbae228fbefa480429235194f0d231f97d3ab1b611f
BUY,0.006,2500,1729181521,No,0x7145823a2f8a8a637fd953a0098cb1f00c0987cb045172305cdd540661843b8f
BUY,0.0060000000096,833.333332,1729181521,No,0x395991857516f71945a19a7a140c2da87a6d313c4df00e889f25da4fbdbe6ccf
BUY,0.006000000024,333.333332,1729181513,No,0x02c99389bdae9bd4c3c1b18a9f6bcafdf68b08c80ce90edc9cf4ff1b584f4417
BUY,0.006000000058252428,171.666665,1729181509,No,0xd9e2e07cb43eac515b51c82b8b55315fce148190f86713f213621c308ccff3e3
BUY,0.006,50000,1729181501,No,0x9649b727d6bf6d5cac6562f1a98281369ee2d35a03284da68244d926c68a8995
BUY,0.006,950,1729181501,No,0xffbb67adadb194c929c14fc07098f5355da4f83dd1ca6ac6d8f56d56f1900e77
BUY,0.006,1815,1729181499,No,0xdbb92a0052737ca831bfe25c772abad1395f1ddcf3328fa9e3ad574226bef4e3
BUY,0.995,55.05,1729181493,Yes,0xa45b19e0cc8bae65c0ccfa9b16ddfc714bf260d6abf0c349ab6520ca7eca2c02
BUY,0.006000000032876713,243.333332,1729181473,No,0x30b520427ac8d9915602a9fd7cc8cd4450a26d8dc6a360117cd0719a625cf3f0
BUY,0.006,16650,1729181471,No,0x7fcff15cdf72e537004881063a0f6361dbfce97269312105d98a5d2562bc5b82
SELL,0.994,4.02,1729181459,Yes,0xff050ccb30b06fbbc9a7725a8222464ae5552b02dd6b4456b2cad0573945588d
BUY,0.995,4.02,1729181453,Yes,0x8b0f84ca2e5bf223fae879bfb2168a1928e8eaac1641eaf24cfb34ffcaa55f1a
SELL,0.994,100.5,1729181449,Yes,0x42f8fcc04a800e6c00a96c7570344c0fffcf306c5f342fbd09797cf7a93215a3
BUY,0.006000000000480096,16663.333332,1729181445,No,0x67b171ddb1b02cf0532df0b403b785d4d87f667c7553b8cc586e0148c446504f
BUY,0.0060000000007384615,10833.333332,1729181403,No,0xb595eb30d234a59ac91b5dc8243bb4f000827eb2e6caf038a2100c8068580a4e
BUY,0.995,1.3266,1729181401,Yes,0x3b07548cefc64a83599d6e73c9c026f6521c7d09610a553fb6f7665d8d0dd2f2
BUY,0.995,100.5024,1729181391,Yes,0x5bd399ba0172776760f5bce68eb6fe08f822c89f5a9ce71d231ad18c453f7e8b
BUY,0.0060000000096,833.333332,1729181375,No,0xea0319ff5d7e7e0fbf9e2c18cb442f16323cb451943990b0eea9d4e2eeaa5e5d
SELL,0.005,2000,1729181359,No,0x9940a75ef265b3de0e6529c27fd201f24147132f702aad8df7c4f2b5e99e5a82
BUY,0.0060000000075093865,1331.666665,1729181347,No,0xd3b84dfaba784b743883c55d27721bb918a51c417bf437fd9e6fb47cfc2880b2
SELL,0.994,39.74,1729181335,Yes,0x0d54dc312a87f673d3ffeb98b5961c94fe7b4e46b14f7ac6eda178c3d197cc2f
BUY,0.006000000003903708,2561.666665,1729181319,No,0xa245a0cc01028651fa312bba0d6c19da013949bce0ff7af793434afb47277bf5
BUY,0.995,39.74,1729181295,Yes,0x1dc1b20684393ef3545d11fd04a2a966586b6555e87de7f00399f8355d2a64e0
BUY,0.006000000008571428,1166.666665,1729181291,No,0xd72121112ec08fdd7c2acefeb8a1e7ccd7f6be9e81a113e8e2555d08050042b0
BUY,0.006,1000,1729181285,No,0x1761379ea71ef4d8b07af261677761aedccbbe09bb32e4e103bc29df63bf4b34
BUY,0.006000000006,1333.333332,1729181281,No,0x12631bcdff5eae482b4eb8f1ec2f3d0f2acb5c02207dd1e70caecefc1d784aaa
BUY,0.006000000008571428,1166.666665,1729181281,No,0xcef653caeb21f7f57df160a15457f8f7803131a34355ab10cf07ec7b7009fcc9
BUY,0.006,24915,1729181233,No,0x630de5a48bc12682e78e5dd22dc469a27473a54550972cb95710e9af26259f52
BUY,0.006000000006,1666.666665,1729181213,No,0x4401c7a3629ae5402ba8d2dc7a8307cfe84b23ceba00674b41a258fa6f13dc90
SELL,0.005,21288,1729181207,No,0xe008b9b8267d4ac44071b2c880f3201c02f83aa598ae55b5679d3fde05b0f3f6
BUY,0.006,2505,1729181161,No,0x6228a3212eacb4f6428b33c26550b11ad5aed9f57bc4f3d9b23d5eb2fb201a6f
BUY,0.006000000060000001,166.666665,1729181147,No,0x2cd249a07965e02f220025c4e19b3c35fdcacb8f0497e89952f6da56a72e4dcd
SELL,0.994,2000,1729181093,Yes,0x1557775acd1b5dec67d3ef8f5163e4bf42983e59465b14633ada1cf069307b10
SELL,0.994,295.39,1729181087,Yes,0x721fe66af22c7d83994fa91221a6bdd7f578f6cefeb4b872564ca0169ddfbcf6
BUY,0.006,170,1729181075,No,0xc6d14ea45f8c791252d33d95219a68003086dc7449cbfb497a3a5042978e5d99
BUY,0.006000000006,1333.333332,1729181071,No,0x689edea4d2793333f94f0ace25841c835fdb9339fb6118ef9ef9ae34dbf9a57e
BUY,0.00600000000096,8333.333332,1729181059,No,0x68e4f9af90b51f44f10b43c78eb7c427e17d0c4fff0da9cbcc09beb236a8a963
BUY,0.006000000008571428,1166.666665,1729181059,No,0x0c54c511ba8521b0c85b37d3837ef92fe195780e19ac9936d2dd6b33e94037b9
BUY,0.006,665,1729181053,No,0xbeee3f93aabaaccaf135b1fdac26fc03fc207fceee56f51f0468df16c81a8da6
BUY,0.006,60,1729181015,No,0x385b2e3e92c571349490efc834fe857540c222533bae173a0f8bdc21c878c95c
BUY,0.00600000060000006,13.333332,1729181005,No,0x34b01d118c5e06b4ef3d0ce4d2edfa5c9e6d4ea308da65ec94355beba0e958d7
BUY,0.006,1000,1729180981,No,0xf44106f8b1f86e1eb120d461ee0943f198d377f17bf6d040ffc13bc7ef910f5d
BUY,0.0060000000120240485,831.666665,1729180975,No,0xf8c3eec1fede60624a36c7307145d75f44cef6f6187356fdef6c24e84f6770b0
BUY,0.006,1000,1729180973,No,0x2f89dfe2acb2316b992d9458d171e46f38c7d2a13ef8c08edd2b3ce43f1b3e12
BUY,0.006000000008571428,1166.666665,1729180973,No,0x423eee76e34e6a3ee4ca5c9892a3d66d4400554986f18c045563be55028a0cad
BUY,0.006000000060000001,166.666665,1729180965,No,0x69044e1af215d3fed95d8375c43c61d4f4bb708327c289f0c69c42349ddac809
BUY,0.006,2425.53,1729180961,No,0x081839cf3e0518de3543ea8a336b6c0cf9ab6924b76e2de7147a05c867b86053
SELL,0.994,300,1729180941,Yes,0xf66a81c506e3b0329607f8e0b2d455d8685deffa5ad1cabc09be03a8239e075b
SELL,0.994,409.58,1729180929,Yes,0x963331afe7ae87532140a58fd0b22cdb4a4d0570c4f1702a28487dedaacfc3d8
BUY,0.995,300,1729180925,Yes,0x6dedc3ea7e2aabd8a9162aa7fc5c8fad04672736794d68ce54f0945450847f43
BUY,0.006,25000,1729180921,No,0x7c7cdcb269e1b1555e819ddc387666f8836517c7c3039d69c8e645b80ed1e73e
BUY,0.006,6000,1729180913,No,0xfe45c1840fd461bb0f05d79c4008e354d055342a272c2f1768dc33433c2ea54c
SELL,0.994,406.59,1729180903,Yes,0x8a1bc7f4c8ef53186fd23b07d8d64fe2f274b7708536fc73b57aedb6312d5dff
SELL,0.994,46.37,1729180899,Yes,0x62b73c021c610ab183a2a9c4f478500390bc69b39f1701c24e84d2b597d8f9c8
BUY,0.0060000000006,16666.666665,1729180875,No,0x0b00b978002a46747b5f3a926b57cf49dccc3b24c183b6ca6768a5c2dfea04da
BUY,0.995,46.37,1729180867,Yes,0xacaa2918cd25b06c90388fdaf071347e100a18115965a8727d1630dec32cbc12
SELL,0.994,40.88,1729180845,Yes,0x387a7d78de8d263e62e0cf95c6913f8b5cb37909cc6e33d15a70bfda7623a9e5
BUY,0.006000000060000001,166.666665,1729180831,No,0x16e954aacbd2269220b3373f88e47aaf8369eb2f32a04d33f55145888f29d5e8
BUY,0.006,500,1729180821,No,0x942dc2de1cc7750240d6fd9849b59cc6f342c2bcbd1db8c666ef13e60712fa9f
BUY,0.995,40.88,1729180815,Yes,0xc436f0962e805d12b8f90cdef47bdfec2b88926d9e475d2dd2d619b33035371b
BUY,0.995,3.015,1729180795,Yes,0x2d8226a40cbeba6ad1ff13fee8b15754bfc7eb53d15a3b9c430e79cebc21208d
BUY,0.0060000000960000015,83.333332,1729180789,No,0x4b34db68af9e07abf98946e32d272dfd33c7e2accbacf8cb6df939f9281db6c8
SELL,0.994,54.86,1729180761,Yes,0x9f1d09e56ff7a4384a9357c2c76524958aa0fd8cabc8fc925fe17b32098d8c85
BUY,0.006,8640,1729180751,No,0xa1095ce897438ba4b6e0290d2ab2b723c1ed6132b8ad529458c411ae93364a74
SELL,0.994,5000,1729180739,Yes,0x3e6dacf68714a908a169241cfe072795c6d6212bc73da84da64a0c735027117c
BUY,0.006000000060000001,166.666665,1729180735,No,0xc1892847af933d93eec3691352bb39afffbe44a4d2092a220ec7a4129315563a
BUY,0.995,54.86,1729180729,Yes,0x25c6a1a4a196881e8344d247e44b18bdd3ab75cc903221c262c15e14207e1816
BUY,0.006,5630,1729180719,No,0x8abc2eb1b7586f01d627d51cffde9e404358d0876865d27a8405a03194e4f404
BUY,0.00600000000006,66666.666666,1729180717,No,0xe6bcf689af0f93c370b8f95732ecf95f46666994f59cc3a29c5eebc6bf18992f
BUY,0.006,8803.63,1729180713,No,0xaa90a2eee541b6cd8d5f480a4345f0d9758e626201c8f03201632d1761bfecc8
SELL,0.994,4444,1729180679,Yes,0x4cc9758f10beb0393069017fd1c469ed62cf13c893405dd4370ef7c8067af238
BUY,0.995,8.3216,1729180679,Yes,0xfd510f2a819418bde9d78a3aeee1dbaaa59442586047f2e78d7334c8939e9b9f
BUY,0.006000000000678349,2948.333333,1729180661,No,0x9606b5b530f67f414a0e45c9a920d943c80a330a9aef66c977199734282d7964
BUY,0.006000000002003339,998.333333,1729180655,No,0xb8275893ab6c8d20c26e2cafebac3c6ad0c7144b6d24f5bf0ca49180417b7a3b
SELL,0.994,48.27,1729180637,Yes,0x9c41d5d8af4a0d4a94318517392cff555271dce1a4a068192afc374c9fea0c02
SELL,0.994,132.17,1729180633,Yes,0xa3e357621f358ec7e7dcbb2938b3d916042d7127e4a92d7964e1ecbf584ad347
BUY,0.006,10,1729180631,No,0x5429e090eed7448ffc452857bc349e4dc34fc91016c9ec613d329465399f4316
BUY,0.995,48.27,1729180605,Yes,0x358087ee82fac8199a95f05ecefd783e78215e48871bcfadf8595d0c66edf8c7
BUY,0.006000000000240072,16661.666666,1729180593,No,0x6a5c79c1ac421fd878a6280fd910aa79f585780d915980380dccac454ab80fc1
BUY,0.006000000000833912,4796.666666,1729180583,No,0x71f70f5e0443f1196ac8f5cda8610c624b579715f30a0198aa8ef3d340a587fe
BUY,0.995,132.1708,1729180561,Yes,0x58d8a9a5875f04f8a1a1cfdcd2503001a6e1d4102b19e34f2968327455788ac1
SELL,0.994,5555,1729180495,Yes,0x84cc62551cef66731c733adc12219aa47a2e62cacd77271ef9d3e6c3304c3b85
BUY,0.006,450,1729180491,No,0xd6c09aa621a722d1484ae5f714d4c63d394065034d5ce0c5cd3ed46dd2455fd6
SELL,0.994,1000,1729180447,Yes,0xe20b25394ad97d185ec7f6000f9ff81ac33c97228a339cf454d4d24918cd63bb
BUY,0.006000000002086957,1916.666666,1729180389,No,0x1f627c29ffca3941ecf4a11ab8fb8730162f7d8bb0a0d03c37bb6648c7628835
BUY,0.0060000000024,1666.666666,1729180389,No,0x83557f15e435571117d5312ee63748dddf59e879668e0e047e8acaf58b024572
BUY,0.0060000000003860385,10361.666666,1729180389,No,0xc0cf711e0809338c1ed4932da818ec520c96cd6c3d48140f06d532456a002052
SELL,0.005,1075,1729180385,No,0xb7b8c6ee852980def74cfee1354954f24e954937e1a41cb7ec79e488de2edced
BUY,0.006000000024,166.666666,1729180383,No,0x472344713c800c7570ebccb0fb120e7872235dc63dc5bcb23e0f330a12583f83
BUY,0.0060000000024,1666.666666,1729180381,No,0x4a5a9cda42c8c0946ad90fd4eb6014ec9c730f32eb27c51d883434b557d77884
BUY,0.006000000005581396,358.333333,1729180371,No,0x12e373fb909aee9ffb63e46a0d6f526b46ac260d3dc19fe19be1449c3ecfa0bb
SELL,0.994,49.96,1729180345,Yes,0x1b60414a127753e88a3ee62f5dde090bfefce39d2be0a9941629d16d2274da2a
BUY,0.006000000003015075,1326.666666,1729180325,No,0x6cd68d6236bfe338f5b3a97c063692518e022ef60d10c46749be600aa960deaa
BUY,0.995,49.96,1729180313,Yes,0xdb1ee6586e1f617ac336600d44e3369c691f089e849cf2f569062f2f013aae39
BUY,0.006,675,1729180303,No,0x4a88f970d8b564cf67dde558e5f3868ad77a72ed2305287dd26383546064c809
SELL,0.994,6.03,1729180289,Yes,0xbf4e2ab0a99b5b0c3eb08c780fbe8b11f3cdd794387a9892f13dd025f3510bfc
SELL,0.005,9097.82,1729180287,No,0xadff51f57ea561d4bcc3cd444ecbeb1713007f8c6b65f52ae79a97d67a70d9bd
BUY,0.995,6.03,1729180279,Yes,0xfc029eb06758e1d45c9f2108bfdc575d6162cb689d890d8330439c31cd392ed3
BUY,0.006000000000096,20833.333333,1729180275,No,0x289c18bdda98f47c7cb68ce8c4fb5a94527b5fe17e1bdfc9c93173d4ee807452
BUY,0.006,5000,1729180269,No,0x5694579f89564c1bd977e523d5c7202c785a5fae6ccdc47b39d640c976e48154
BUY,0.995,2.01,1729180259,Yes,0x65722f9ff8a58b0e318d8de7d4cbb669a964cbb2a1beacc3a7be779d3f167a53
BUY,0.995,2.01,1729180259,Yes,0xd22ef19a8a36e23cf1ae7c443cd2f3382670f41601d98276f94a1d0b065a6337
BUY,0.006000000006161746,1298.333332,1729180259,No,0xb77c08a26876c51eaea59afef217d783a80083c6e124b8d1df0f6460692950bc
BUY,0.995,2.01,1729180257,Yes,0x5d4f38d47463e0df83aab3f6b99d57f222f58dc564bec76516e36736edf1d21a
BUY,0.995,2.01,1729180257,Yes,0x8f42985abab643d13ff103c30193b2284e6fc94e4a60d5a2af74af59d2624688
BUY,0.006000000010033445,996.666665,1729180253,No,0x26d2530a6c6adfdfdc96862c7cbe54c6a6022ec7b7a995ce0d38ac17052407fd
SELL,0.994,52.51,1729180251,Yes,0xd282b9a12fcca6d6195fea6d04a3d08e9fe3a360cfc8bc5735ac450fa893d2a8
