side,price,size,timestamp,outcome,tx_hash
BUY,0.001,1000,1767746717,No,0xea95a0c8d25d5eef9c99aa82236a6fc6a24b77068d8ab9cfb75fbb1cbc4fa706
BUY,0.001,10000,1767746093,No,0xc1fb212117075c0df0a6a127e4b7a66690e37c743254e635b7e41213a86a2cdb
BUY,0.001,2.06,1767745571,No,0xeb2609b40f0b185e44d158d74dad4de996da68bef694f9dff5a7fab2edadfb39
BUY,0.001,10000,1767745569,No,0xe86598df6a5479a445f1b70af3e39a2121845357802fbf63799885fdfaf2e850
BUY,0.001,1000,1767745049,No,0x0cddfd200bf04404f843bf1d5aef013ea8826d78bd5aeee0c807821450aa1147
BUY,0.001,10000,1767744717,No,0x53aef96210b7d99b6201305e83475da2612e584492f44e9554efcaafd0eef47c
SELL,0.999,609.01,1767744649,Yes,0x79ca2a9c6bdd0720bb51b55f1a45643ee4b6fc71cb02af07eeb8c1e893fdd46d
BUY,0.001,250000,1767744267,No,0x0140d728abd08475f8d018bbe028288e76b667b8428baf6800ed9afeeb2d1fa3
SELL,0.999,200,1767742249,Yes,0x9ce123dbac0623bb62b096a990fc256132c4e2f108bc878d5800e4c04e579366
BUY,0.001,249.99,1767741889,No,0x1a4dd3db8d9b7cc4475e6bf7c6fc9db5e70c9f7c76d4211057f3c8db97d7b81c
BUY,0.001,1000,1767741343,No,0xe5e46d08d985637222c11da48db7aa9321d9998900cab6caff867800e2595b21
BUY,0.001,50000,1767741335,No,0x0ed8087bd923748cded21d8d628dd87d10d62205579a0048d4e9fa83f49b1dba
BUY,0.001,40000,1767740729,No,0xea34829e0f52b32b28884f87c0185b983d6c6035fe875c77b67ca722f01ad03e
BUY,0.001,4000,1767740559,No,0x8bbae2609bf277ec535fc8b5b8488c6995e134fd93c5a3204d5995df52f79ce1
BUY,0.001,1000,1767740435,No,0x7772600644cadac6be74a09c2c1d4a0d0963c4a2f551f7e4053144ea0f8396b0
BUY,0.001,200000,1767740177,No,0x6c0feaa5c9c8a9e0eda04ba34d7ac5e5a249f7705bd86d9ec0f53f62d499b0c1
BUY,0.001,10000,1767739789,No,0x6e16ab22d50ac3400bf1818bae0fde78619ed807c331f784d2e88b42ff4a4fd4
BUY,0.001,40000,1767739627,No,0x1b7c4d212fc90920f3ab8e81fe1be8e1d75f7fd7d288e34a4d110f757a39b102
BUY,0.001,5000,1767739547,No,0xdba4d0c22b8fd776e571378c3ed9619c754b020b52f0d29eee55eb75f8fa6b82
BUY,0.001,1000,1767739535,No,0x8b865da1d04f08864ca1758b48c5c2890c08b4e59b25a532c4002957c2e5ded5
BUY,0.001,5000,1767739041,No,0x1dff85673110d49974422d3d83f14c3938176ba1a4c48883ac8bdc192ee24b83
BUY,0.001,20000,1767739039,No,0x65b03c3b5d6176a6c5af8d8a653d543a6da71c13061902dd04bcce256a5f3313
SELL,0.999,503.01,1767738387,Yes,0x8fead2d45546d6b6399a65d64549efe89cb2e114357de248532a9d00629a1fb2
BUY,0.001,2450,1767738145,No,0x3d171e1d5f1aca9e93806e0d69ffaa2d2a1628138e4ea960dd801d25f491cb9e
BUY,0.001,1500,1767738051,No,0xf86983bf14807b8d2486c0b0a4a460064e0a1b53ab29e857350016b63f7d9fb7
BUY,0.001,3440,1767737999,No,0x016de48c9124450bed1a4eeb9b10fefdd6b6771692ae6331b242daca1b4fd6b4
BUY,0.001,3360,1767737909,No,0xfc17ca93e4eca2e1d4cf08ef585c7407db7b5427f6d38d9abf40b280c0f87d49
BUY,0.001,3090,1767737829,No,0xd15f7c2bb158617ee880949b69465932455f48808ca714584c4b3ff9a7cb00ab
BUY,0.001,2000,1767737747,No,0x2c3c7a6332afde85e2224697dff5dcc8b1b81418602d5449f7fa259dd619356a
BUY,0.001,1100,1767737701,No,0x7ac7f6cf637d572044305329b2daee26974f4cd4b50845caffea1821d932eaec
BUY,0.001,2500,1767737619,No,0xa7639368bb9333e7c25fea879986fd39771f4144480eb66799a6465b13a79de6
BUY,0.001,1000,1767737447,No,0x81f604d844844b0f433705a8086ea985be0e70a6d299bdd80e610aacf696c7b5
BUY,0.001,2000,1767737339,No,0x9e2b0ade9a5a7ac575cad3342641e49430a64ae6175b9bb0854e9280648091e9
BUY,0.001,1000,1767737325,No,0xcb78192d4b6d5541ce4f033f1bb8523c34d936dbd92ed92971bfd11fd799d5e5
BUY,0.001,2000,1767737309,No,0x7a7371fd97fd5195ddbbec9933401ef78bf10aedf006b9c06384de2b0b4ba490
BUY,0.001,2000,1767737285,No,0xc72e9d1d1833e26f51c864f1df898dc2867926d27ba290619b12a5ac985fba55
BUY,0.001,6000,1767737257,No,0xa5ad88ec6610b95d3b3ea1fd223dfa9ca96042a42bcd7fdc3dcb8da4d19aceba
BUY,0.001,4000,1767736971,No,0x1fd24826028b551ccacc282a3130111a1a75754e77eda674ce2b82897a12c2cb
BUY,0.001,5000,1767736805,No,0xa8094b770ab8ada986ba98f4edc7aa214c3b0ba3601dbd7345a3ddc2bd15f551
BUY,0.001,1000,1767736743,No,0xa4b875764338ed69527f1e59207dcd20979dec924cc1672b4e83840f5dec8a90
BUY,0.001,1000,1767736639,No,0xb8c8f3d040d092d92fa0ff395539e6cf7726650f027f05251a624909ff99396e
BUY,0.001,1000,1767736621,No,0x858631326266cb85b6e68764743bacd0565e2fcc54d84743a0ecdfc378a3209a
BUY,0.001,3000,1767736473,No,0x3971216d29eaf69c69d8c9d4e0b82af4abfc9b176fd8b74334426821ed34409c
BUY,0.001,1000,1767736301,No,0xdf3e95b43690a52a9324254a6273616a3c053586e0b5cad20141d2b276ca6503
BUY,0.001,1000,1767736153,No,0xf0f1dfb3955c773a4f40acf431615727c79fa3830d73d61390528628d9afe45b
BUY,0.001,1000,1767736011,No,0xed3f21a5ab6463eb94150cb046486f4df3dc8f07f3908485fc4707360d8d05fb
BUY,0.001,50000,1767735469,No,0x95f52e4ec4d860b983988185c42fced8c6a034bace144caa16cb090f6cd963d6
BUY,0.001,1000,1767733989,No,0x17c5e935f4b075dc1dede677cc2f2f784874630c1e3f99417069e33d6474ce1e
BUY,0.001,30000,1767733843,No,0xe5ffa56a9eefc442911a4c5ee277aacabe46e39ba12e64416cd4ef63e7422ec1
BUY,0.001,1000,1767733163,No,0x57e7a2ea30c38ed1464761d0f32b5f00ff4efdb7e1dafcec58028e4ff132c8f7
BUY,0.001,1000,1767733153,No,0x7a450a4fcb1d4d28554ea1c1d2b32269a0ab1a94d14e0786c90606ada81923a9
BUY,0.001,11670,1767733007,No,0x46053869f858b9ea68f1f053f5085af9c46a19beb532ce34a67d2d2ed1d08693
BUY,0.001,1000,1767732809,No,0x0d63c8418d16925ba8bad9c94a85370877a18422b96aa6256e7463108dc6ce4d
BUY,0.001,1000,1767732783,No,0xc4f543e06f444223c5a65fa8159aa7a5dd59c516ca1d13208037a0a956c5507b
BUY,0.001,7800,1767732457,No,0x27eb61e868cd5bcf1fb476963775771a01f9bf914347b1fb1ec31ddea9129a9a
BUY,0.001,1000,1767732369,No,0xacb35ad0ee5f0591ef3843181aaf38131496a228b78d62b8a1d1d91921cb9e34
SELL,0.999,20.77,1767732123,Yes,0x1b8bdd43f63116e841aa43cc268c5b7589bccea3c9a9b0d35a74bc1ba63c4d2c
SELL,0.999,1050,1767732117,Yes,0xb60979b8ef88fcb208b56ac9e9418c8e0cc1fd654d76dd21ac6b88b784d8c8d8
BUY,0.001,3000,1767731947,No,0x9bfd9b41bee2955036167dc53f4e78f96495a254c95558ac8fa639dff70c7e43
BUY,0.001,8000,1767730535,No,0xc536acacc0b53693d1e614c0efeb40b3c8d5763c26fde07e10aa71494926ba5d
BUY,0.001,1000,1767730515,No,0xd2a1bd925f66553ada17d9a28b81cf9ee6bc7906cbede5e34b1a13a30e016959
BUY,0.001,1000,1767730451,No,0xb40a0ec08be77a034d2a1f602528e0252eeea087234fdcfa11c1bca0feacf683
BUY,0.001,2000,1767730159,No,0xb4051fbfd011c2ab31aeee37006fe1f9a3a70cf09691bd9869442fd190c18d44
BUY,0.001,1000,1767729727,No,0xe179f1e3c0659d5a95f6f4a864d2f36c6a1a2db4a99fb4ced562adb1bbd72f91
BUY,0.001,1000,1767728813,No,0x027dc5300c1f6263fb6fd9d7e3b9ab87c553dcc5ff84308743467adc21c2ba6d
BUY,0.001,1350,1767728549,No,0x57e42d55a6deacaadd906310031c92d740aafcd74ce6d21fac7c3461eee9b18b
BUY,0.001,1000,1767727967,No,0x74ff7ef7265c8fa1012ac5a80f3b4cd606bb4c358fa1d2e7b882cad419fb42c0
BUY,0.001,1000,1767727527,No,0x8ad583a1b10d9144b79b0b084ac917d6258663793b184de3c6263d1c09121025
BUY,0.001,1000,1767727427,No,0x497b06cf527052fb44c6e0c47e7d493caa0487d4f7165f85c617f661966752fe
BUY,0.001,2000,1767727365,No,0x700cfb976b846766ee160d46824fb12074f77fe3ad5fbf995d10df8d7695a01f
SELL,0.999,639.53,1767727009,Yes,0xff528d84c2a5d416a38c029236d99a880ae8d8a9a1a3bbc3feb69c70e00ab6e8
BUY,0.001,1000,1767726833,No,0x15415f988da095c7c1cb206c43bb9155ca2a3b9e8f889aa1289cfb0d3e009b76
BUY,0.001,18000,1767726615,No,0x307cb3e40e4c284572e310c65b06d83099e554ecb791453fa3f2a7481b63ef17
SELL,0.999,35000,1767726267,Yes,0x676dd938828e3039f90b7aa848357dde2483cfcb29f87d5526145ce9a284cc40
BUY,0.001,1050,1767725681,No,0x74dc46ba6d9a1c342c8987b108ba5d0c85edfa35e45cdd32e55bfb61065847c6
BUY,0.001,4000,1767725641,No,0x480a8257e26932e9d1d8baac08af3d1464375f7c0849f18da5fecbf495a7a2c4
BUY,0.001,1000,1767724937,No,0xef50453ac6db656645b59c2415e1398203c1f67e1e86eb8145894baf0ecb4d30
BUY,0.001,4000,1767724929,No,0x3afe9b2e1d93ee34a29653c53ce589506c3576d82cabeb15de7fccbe9309f5fa
SELL,0.999,20000,1767724613,Yes,0x55e9fc9e1fcf1b55a965a0a4f50b7577fd165cf3e1c596f3474d263ac0bcd596
SELL,0.999,300,1767724521,Yes,0xbeb5828436525acaaf74f68f1bd777a2e4993529f971283d66c8f5881c9d82ca
SELL,0.999,60,1767724433,Yes,0xa490e1dc04a313e543b2397aa3bf74342e56a673d2f491edec1519d0513cff69
BUY,0.001,2000,1767724321,No,0x9063bbba63a2be45442337885b30830baea2c7158cf338a74294754fa7720d00
BUY,0.001,10000,1767724255,No,0x37a37cbb24b8a50ca845165ea8c8412311f094b240c587f2f926bc423cb80c8c
BUY,0.001,2500,1767723009,No,0x109fa8a8883c6cf7dc2963e5d049eedaad9ff41fbb2f24167b502ee5d656536e
BUY,0.001,20000,1767721917,No,0x4e4b1514a59be84ccf8cc53893d3436081f67ca8146e875203d7d7042b040977
BUY,0.001,3000,1767721769,No,0xe35e707c3f61934a88b9e6bd59cc31a2e261dbeedf270ff769edf92a6d7015de
SELL,0.999,535.22,1767720747,Yes,0x2e6b9f8e1cb7d1111bf91b524468e18df52c0364283f8c82aff1f5e41828dc75
BUY,0.001,1000,1767719801,No,0x6c29925c8a086c46b538bf40343e26f2733fdd434a7a169ab6e1210df8ede1e8
BUY,0.001,5000,1767719725,No,0x994adf42ea243d8d72b4ee10af042a9268c51360cf611bd5257ddd66c168d324
BUY,0.001,1000,1767719713,No,0xc5874a125b586679dacb13b2cb00f6a09e1bb79ec85c692754fc27d18b80dbb4
BUY,0.001,10000,1767719701,No,0xbbabf5d64f37c26e7c28ea26ec10f525c78006ae8091fa78b1271f9a657c75ca
BUY,0.001,1000,1767719219,No,0x7c3057e949480ff8025f86b1ba1fc446dee4920fbe15d5399955d551a19392ff
BUY,0.001,5000,1767719209,No,0xc1a4f3a561fddd5e02fb3c7b27b9fe38a5876b4d603dd6c66d2e734f7bccc1f4
BUY,0.001,1000,1767719181,No,0xf800e8ea6a3d286681a7824ae96dbb30795aa4d3450607d2d01a6bbac485ac3a
BUY,0.001,6000,1767719101,No,0xf04308edb214bb1ee20dcc53b25af4316a32230549856f1a100e0dc6be1e0bb8
SELL,0.999,10000,1767718851,Yes,0x18ff2a40fa5c28b4e5ffcbdb367502d3b364d1ca7da9aa7329b37ed3619b3834
SELL,0.999,10000,1767718781,Yes,0x6dbf50f99f839722e76a78eddf1a6dc2ce5e9a31b02d4da5a03d8aeb3143b1c5
BUY,0.001,3000,1767718669,No,0x4a55dedda421d7e84018973660406c64bf5c9caff359d3fa4e080d9e30b06aa0
BUY,0.001,1000,1767718443,No,0x9ae356f4c44cc10f6d1461ec5d9efd58de876930e95c1dad1d4bac03df2fb86c
BUY,0.001,20000,1767717961,No,0x846f3817c96eb69eaa8d07bb172339deaccf9800c94184ec2f54c707d2ba600f
BUY,0.001,100000,1767717769,No,0xb15eb99eeb5b63f4683e513b0179b849d93d5b69975d031cc49343ded3d4ee3a
BUY,0.001,1000,1767716437,No,0xc0648b6eacfc3f95414e23aade45ecb1bbed2b8d2f152d9c3325874555e32b45
BUY,0.001,1000,1767715703,No,0x0ac6a2cb6abebfd570da51876bcbcd3ee4b7859300545b17aff2afcd11faeb27
BUY,0.001,20000,1767714961,No,0xe1da2d0130e4dd8d6f6d753fbfb056c4faa600208315c56f85f7684a831cf4c4
BUY,0.001,1000,1767714831,No,0xfc6061d29583f57b05adeec42d376f5db521982505dac04ded60615ad06e1127
BUY,0.001,25000,1767714361,No,0x386cdbbf9b779889f8b05c2e20b1a626bf59e24f8f8b7f9423ae04fb48143122
BUY,0.001,33000,1767714203,No,0x84eef4294c81c00a44e13ea193ab8b89d40a91053491d47c4bb06eed4bf5083d
BUY,0.001,20000,1767714083,No,0x90c7ce7780b32ba1381ab7121b1433a45582e01a3118ce9cebe0363db6908a3a
BUY,0.001,100000,1767713721,No,0xd100281562557046d0fb176461e83aa933934abf5f029e1f45216435358d0d58
BUY,0.001,1000,1767713375,No,0xefcb6948cbda7580081df70833846b6fc660327001fc8f2377293c32935f8435
BUY,0.001,10000,1767713113,No,0xf9620ac996c057a8dee83de05ea7349987e1e174847a6851d48fe587d399efaf
BUY,0.001,1000,1767712563,No,0x854e4fa094ae7634be86204501456d0160743deea6409889a6e119b6a919ab2f
BUY,0.001,10000,1767712189,No,0xe34a1a057f1a0e3b7079041dceb39f9d9d5045dd236d51202c42dc93103c4f8c
BUY,0.001,1000,1767712059,No,0xf7b91b9cd8d4d2ea8cae291fc369c82a72e6e5ca166540ddc0b2bc9b8c2a7f6c
BUY,0.001,30000,1767711637,No,0xf60cc432f53a0b6ab91c8b8d9d3685d19fe0375eb52a72d77ea9ea35b64c48cf
BUY,0.001,1000,1767711013,No,0x345355b3d705f2c68017a01a8e3b9e4f3fb82885f6c26039cd3b7b2ce6dfee74
SELL,0.999,1600,1767710865,Yes,0x582758e23b59d1cb0c6ca8d6b0b538bb8517ec5834d906d590b7531f33e91182
BUY,0.001,3730,1767710759,No,0xc9654533eaa8e5dac79de6154232a6f979d1a98f7b22248a67e39cc4dc70bbf2
SELL,0.999,2000,1767710355,Yes,0xdb2d2677464653056e4b532a8e6e4b1599051069806db7fef9fae7cd816a6c13
BUY,0.001,5000,1767710333,No,0x1ddd7544812d9d961e6f0ce70f90acb541547bb86bc41112b6ecca8a7a006d0e
SELL,0.999,1820,1767710075,Yes,0x9fcf49daf3cc37f34f37a3cdd9b90ffe88e66e03d40c5cd5d7d7a5d8208f3355
BUY,0.001,24000,1767709947,No,0xf2549799f8427d4a0d2d3692afa2dfb3039834b16fc0fe8dd7d94e7b72453095
BUY,0.001,1000,1767709617,No,0x8ba0d012f8eb960fbd22db05f54f2b376c977a8d55bf04c7f8870b242ead8ba8
BUY,0.001,1000,1767709497,No,0x1c8a22699147748056b55e95eb67f83620c1983c6d1057322a66f124057e2898
SELL,0.999,1950,1767709381,Yes,0x6f65f6dcb295cc051750320fbe7ad1b4b45bcbee92568dc2ff18996459f2622c
SELL,0.999,1,1767709251,Yes,0x2f5aab9644602df495b00e4aa43e4a0798e60a8f21418a7f00e1a2dc7cab90e2
BUY,0.001,1000,1767709203,No,0x46f13240b9b3b4b84c194566428bda8c474b0cdaff20a098debee1c4ab18ca8e
BUY,0.001,16700,1767709157,No,0xc0729c1254a7ca842e26c8a9b1483ea7c37d2b149c48c726d03bfd3252197339
BUY,0.001,1750,1767708853,No,0xbcf134f0056fa1f529bf7ad5c2a8239498c87c8745b1025d57ffafb2036c7a70
SELL,0.999,2000,1767708579,Yes,0x0defce2a430fb58aca4dc9535cbaa5eae4ac059a92317d0e9052264f4cf12916
SELL,0.999,1700,1767708409,Yes,0x89b7fbdc581a3a00fa11a1a496d09dd762fcc93ae72f5ea5c5a3bee2b990a9b1
BUY,0.001,99550,1767708105,No,0x960eaa35dd0a46e4a3132220bb638f319f935c22b9abbe52a30bb320393cbc33
SELL,0.999,1700,1767707853,Yes,0x42abd10e116598f7c0b3a49accd160861453b08f4f3d0b2dd90325e7af300784
BUY,0.001,1000,1767707257,No,0x35c2b73660974bfd9da623b9af8222421b0d591f6414e8045c6c13550d5b4100
BUY,0.001,1000,1767707027,No,0xc64930e2e100e446e6ef207598fac5a7f75137f2bb1fa5f6c51c81f7962d5a8f
SELL,0.999,200,1767706521,Yes,0xe8a4cdc68082171189a4cff28608f1ce54f05e7aca28cd71627b30749aebd228
SELL,0.999,20000,1767706389,Yes,0x67ad650bafb3c88226dc104fb45089da584a35459969a3d34a12347eb02cdeeb
BUY,0.001,10000,1767705563,No,0x7538a3975a2500c28f77ce02c72baef522257698dc3273ea0bf6b29169e0ff1e
BUY,0.001,10000,1767705383,No,0xd6be28805e8ff8bba9c5b3da1d4f76ecf6c1efa600c864c18d92d086b3d305cf
SELL,0.999,1500,1767704951,Yes,0xbd1939be5775be6a7378836e0cc4632ec42170ab21379a9dfe1e5df82e6a652f
SELL,0.999,1600,1767704717,Yes,0x48c4962a8b53277555dc361fd190e6be0581c67c2d093325412ca1a754c9d356
BUY,0.001,1000,1767704675,No,0x2ef2ac9989ebd70953f0c4314a92169d2aaeeb07310e57be40fa2b6fde46e361
BUY,0.001,8300,1767704233,No,0x629a08bfb9599f70f7b3d21cdd2aff0fdce9521c7a60177b9cfccd8659eae1a8
BUY,0.001,50000,1767704197,No,0x99ccb2bb0111fcaad19adb4beec38f6e37ff9db5f2a65cd4ae30e23aec98b659
SELL,0.999,0.04,1767704111,Yes,0x53cd0d14ecbb05aab25d0a418abb899c57ee99ca14fd248b892c17634c260c24
BUY,0.001,1000,1767704109,No,0xd55df9493b45e336e8db3ec7075f271007b60f5ad6b1fd5b7c0d6c1a7963c526
SELL,0.999,6000,1767704097,Yes,0x8d53d49845d0a3d1a6e317955f15c50ebf37b76bf80d9545ebe9d78f70b66f36
BUY,0.001,6610,1767703527,No,0xf9e547860451f17899e216dd5e2d266d33c8bf8919f4f083b843136b8cfe1b76
BUY,0.001,9990,1767703355,No,0x1ceebdcfe55d6907b90e4828028548e511e21ad242164177ab29230bf0a77286
BUY,0.001,1000,1767703265,No,0xf2b4a864dc10f81647c9a5add94686fe8a2ba194446de64a860f919068667615
BUY,0.001,2000,1767703125,No,0xdee66e141d91ba5293a354b4fcca7d06e2ae904349038de22809536e71565d42
SELL,0.999,1900,1767702357,Yes,0x1b1b36727db55b7094572f0b38ceaa4f0ab61ada5a795f03fb95ea243d8d9b0d
SELL,0.999,10.02,1767702173,Yes,0x00757740ed6bb0294d6de792497cb3b0dcddf18657995d88b9d763c0ac605551
BUY,0.001,50000,1767702083,No,0xbb82d57065fa9c82ddb80b4a51515e87f44e90387412f880f0fbb3ee1295e5ad
BUY,0.001,1000,1767702063,No,0x8719d7337e73543c88e49b267d37031d934c53475ccabd3c37768fc16a81f037
BUY,0.001,1000,1767702055,No,0xa39be495d3c9e294eb780d6fcc5561685340971af8eb0f730d4a0bf4915fc70f
SELL,0.999,870,1767701367,Yes,0x94a99a10efdc2b49187e100cd721db824751994d1e2250e66e9cf67cf03ebeb6
BUY,0.001,3300,1767701281,No,0x578ec34b0fc33ba82f8f8657b9cee581419f2a3be28a74e793725cac9f11a6f2
BUY,0.001,1000,1767701127,No,0x318a45f0593aa840127f84e29bd9752a6e473679cff8067c01e77eac646fdf5a
BUY,0.001,1000,1767700599,No,0x9d9c3f8253835017ad279fbd2b59a9e6c82d63c7edc6e1418779539e6917e9fc
SELL,0.999,450,1767700315,Yes,0x5e79873e573f68694102752a46eec247e097ae04799758fb30cdb575b30d10a5
BUY,0.001,1000,1767699859,No,0x9596f29237457b74f693472171edc855bddd44678d5b162d6fa5ffec431b82f3
BUY,0.001,1000,1767699609,No,0x06cfd4047d4bf54be08e26d8bfc2e2e4c48622af9f07b4959e8fd2ff0ac9f887
BUY,0.001,3000,1767699371,No,0x4e1ce577c3f3b3bec09b22b8af89ceb1827f2cf02754feff2cb6fd5a10fdf6f1
BUY,0.001,1000,1767699289,No,0xd420e7a26ea9d3f3ab3402ba0922f6c751d9c686d2f0b55592e173002d0869dc
BUY,0.001,90000,1767698305,No,0x7e38adbdebb5a3096450174fe83fdf918d2825213d2e9efcba2fe5f229535f36
BUY,0.001,10000,1767698137,No,0x1cbf15fc53a80359f43fbdc976626fa7ca611345ddc1d033d0837f1e332c75fc
BUY,0.001,100000,1767697819,No,0x8e74f84036ac4c63ce7771dc86e07ecbfae1f82f9384f6c302ff521a9509613b
BUY,0.001,5000,1767697417,No,0xd479ffa83aecfc010474805ab671fad3a2d1b163eaf923ef3d287c60f759bde4
BUY,0.001,1000,1767697289,No,0x2b28cecb4d59e62e6d9fd73ed3f628256a6b97c85dfdd4d1f5070db805652dcc
BUY,0.001,1210,1767696899,No,0x350a204dcbfab27071338efdecb28596ef135b24526855718b4b445a5e4f40e9
BUY,0.001,1000,1767696575,No,0xf69037857aeff0b6f2f04b6099569d5fa05e8403ec11f583491f092bf8506490
BUY,0.001,1000,1767696171,No,0x0d26a2af4632c85039ce9cccdb80000909ef2e55fbd64f63c10e263038d07085
SELL,0.999,200,1767696107,Yes,0xdbc2a9b2ae60b0b2da47f4142f4894b1f89d8794e7dfa0feea6cb8339021f8d9
SELL,0.999,50000,1767695969,Yes,0xcd6ddf3a309d7ace0950a14be8bfeece439212885d0533eaa6c274012efc165b
BUY,0.001,1000,1767695923,No,0xef4b4048f100c07d128c140010da446db344f4b45bd20adb7d17aeecbcc3f642
BUY,0.001,2000,1767695661,No,0x281691328f0d644f9a4caa81ccc999e0630c7c12081f957f1ed2d9e3f5dca7dd
BUY,0.001,12000,1767695357,No,0x68919626db4fecca7a6a9c504981880ec9d1e6ab5659f72ba04293c04a2bb771
BUY,0.001,10000,1767694669,No,0x18dfdbba80b5199749fa45ebd1eca67fe93a9e987dcf51f1241c8986aaab1e18
BUY,0.001,100000,1767694555,No,0xabd0da70f1acedc319c1bfa862a7ef275f7974dfdc6848be3f65ce4c3f9f2f09
BUY,0.001,4000,1767694295,No,0xfc0f7993c85e7253348083c725836fc4a880d6ff3fb21ac567f5490ee5cb1bd3
BUY,0.001,2950,1767692583,No,0x00337efe6efb7316778ca229a01d3d27dde430cbb0416bae26aa6e1ff21dbdab
BUY,0.001,1000,1767692453,No,0x208ca8a4be71070a1fdb5c9a127f880b2304fa0abc4fa810e03ec58bcbbc4ae8
SELL,0.999,1.01,1767692333,Yes,0x1ad18afe8ca3a51b218132803be51f1ff63601411680c10c1774e884dc8d3507
BUY,0.001,6300,1767691487,No,0x852b500aba6ef1b912392e80ba530150f76d439fba7e123875cfca5a3858c94a
BUY,0.001,1000,1767691421,No,0x4aef831e35a4c80baf0ea0c7a68c592a98dc23cd9be4ec70a059db4f263412d9
BUY,0.001,2000,1767691093,No,0x3ad47bcf66947cc2c3faba96d80361228f997289eb0e1796a4502532fe7ec53d
BUY,0.001,1000,1767690819,No,0x67feb21c3b05f7865d3339c73da2087923b443da1ba70ce563a4fa06796d3307
BUY,0.001,4990,1767690421,No,0x8fb89d03342b9c57905343e72318a336bfe6e081621b7bccc10c992c391698db
SELL,0.999,8.41,1767690263,Yes,0xe52879bec984ad57962e0d461e2951e57325d0a0819775311110739bab3ce117
BUY,0.001,1000,1767688911,No,0x590efa8b07b43ddb1eff09ad65e72f8c01506f338e136189c1ca7196a64b35b9
BUY,0.001,3562,1767688207,No,0xf3ad90cf569cc3d36aebc7cd2368cad2b1cff66ad27035766b983d73d58a5e09
BUY,0.001,1000,1767687363,No,0x7215626a4a5bb1c49b5b9b6a52e36b4b49979204bfbffc0e064398e2e44c7e5f
BUY,0.001,1000,1767684465,No,0xa7ffd3d05f8de8afff2b96bd37660f246ac7dd98f9e01604e67a35b04276cd80
SELL,0.999,25000,1767684447,Yes,0x21713e2ee34a388503c8dddc3fac0a0a57ce7c48e119e522bc634e56b851599b
SELL,0.999,25000,1767683095,Yes,0xae11f5bf12a607ac6298a83d89479f7496050898d301d242960e229e890002d5
BUY,0.001,1076990,1767682919,No,0xdcd837734221c75b1ac1848f7e200babf3c91543033f19dc99cda89f3a162ee1
BUY,0.001,5000,1767682629,No,0xf31f59d250406e77a888a2f64f45487ccf11ec5dcbe0fbe482bae50d9318571b
BUY,0.001,5000,1767682583,No,0x7bdd9c738ea895438819e6b0e6f0efc6d66036650b08d0f3a57a4c9a6666919b
BUY,0.001,499180,1767682533,No,0xcf2fc222397d40c2e05cdf0aa2bcd0ef3934a5563d9a8a4e28e3091bc7b8eeab
BUY,0.001,1000,1767682323,No,0x828c87f78d855ac18e4266d1c8d1f255964fc8177251633d0310d413d0fba4b2
BUY,0.001,5000,1767682243,No,0x1f57c388f558667dd2e8e3461104826cec31085c54c001b6282940d9af123198
BUY,0.001,10000,1767681661,No,0x8b2c6fbce80a0d7370f0d0ac38085c916df39fec4b45ab6eb879a3f4740682c7
BUY,0.001,1000,1767680839,No,0x8c4ab1bb6fc6a726498a49dd72a7319e0cf629c2c2b0f2ca2caa39543ecd66c9
BUY,0.001,10000,1767680797,No,0x3086f52a77f08602f2b2b611d6437589c9ca05873dd06d9676baf1e7756ccea5
BUY,0.001,1300,1767678003,No,0x3752ee05367e5c05370b219585fb2fa016dbb97570f2de1600a71dcdf60e7b40
BUY,0.001,1000,1767675571,No,0xccf70d0a3e328c373a952f3986744386e36fa321df6dc08e75346c9504f2b039
BUY,0.001,2500,1767673333,No,0xab1fe332817cd0693599f542e3888a0f0e9710a3cb794a2ce383fd4f36dcd657
BUY,0.001,100,1767673143,No,0x745746ab2a178fdb727b16f4919b0a3dd6c079c250ce12b8446dc0c94c583622
BUY,0.001,1000,1767672047,No,0x5aea1c5ba7f4114b9ec683b7acd83c11a510f3a163a7066467be5e2ba30ea4c8
BUY,0.001,1000,1767670671,No,0xe9d632e9ffcdd8215b6187c0ba03e923eed90413a26e45f2f2800aadea9848d3
SELL,0.999,150,1767669235,Yes,0x13bf251267691e5ee611174523e34eb0612528dda21e000041661633e8ea822d
BUY,0.001,21000,1767669051,No,0x72ce656d23cd25373d13d812871e57427a06f6cb9eed24b0f1733c434cc6e0db
BUY,0.001,5000,1767666699,No,0x414069bb22411f3c72266700fdb24e96562b0b4f806523a7cc0a335d28adef1e
BUY,0.001,10590,1767665687,No,0xe3e2c603dabda7d833f08e467f53347087b694087aafffc8bc482cc78375eae0
BUY,0.001,8600,1767663631,No,0xec4f3379972e1c6976619ff9fb19fbcb8170ec7872ae3c7842059731dbf0bcce
BUY,0.001,3000,1767663607,No,0x01dda4983e4955bfdc424353dfa07cd763a907f1fb255e0f311b902ea6f93663
BUY,0.001,1000,1767662929,No,0x3fa6e5b2be49ed2ec76da2db22147c66349c66106b6a929137ffcae13b9d15f9
BUY,0.001,3000,1767662721,No,0x48cb5bf6e0f111d917180c4352bfa4c196e59cc7337fb8f027010aa793a3c1a9
BUY,0.001,1000,1767662393,No,0x92c6205f38a50507ada6a48cbb703e9779cfed18a10b3dfed24c35c9a9a9031c
BUY,0.001,1000,1767662205,No,0x2d6bc71e23d624c823f3f9aca3c2f78961ee1f73127770e75a5e694b36545349
BUY,0.001,1000,1767661883,No,0x9f7f0a658e2f5e4fba8d899a0bdce11d2adcecdbf2d87882a4b672b1661a423f
BUY,0.001,1000,1767661677,No,0xa9bf3cd10395b9569f5a0af4ce90c7194b9cfee8bf546720d63bf65b50e02eef
BUY,0.001,5000,1767661189,No,0x2a8061d867458131959020394f4b010bda1962d6d0716078d7228eb12cce9dd7
BUY,0.001,1000,1767660925,No,0xaeb71d22495caa47945ac289483adccb68ccb9c40bebd64fe128e12b605c2cc5
BUY,0.001,10000,1767657845,No,0x51c9b250c1ea5207855a766151cb66ffe4fe12635ebb6fc0249531ce34a63e33
BUY,0.001,5200,1767657433,No,0x36d5f6287e4bcea134d4d245a05e42c24d9619ee43fc06073462db34e787dedb
BUY,0.001,1500,1767657279,No,0x80330e535b2ba9b2a4ffaa2f2c91424ee7563bb82eff3d3d95f4f35fe37537b5
BUY,0.001,10000,1767657231,No,0xe908d13145bfbf713fad0526a654db6f0b85ecfc72790a10bce5b82b78a6745e
BUY,0.001,10000,1767656725,No,0xef6527cc7bf38443f13b7391e05e66159df5a39a04405820999e9cb95268aabf
BUY,0.001,1000,1767654635,No,0x0380069ff3cc8cd809774565763908c2a7276becd970940c1c9757ebe27bdd44
BUY,0.001,9000,1767654305,No,0x93b72696484c98616acb2fcb634b11deb47249240f10c7cca4d7bf810b2bfd52
BUY,0.001,1000,1767654219,No,0xd824ffdcec4e949630330b3533a6ea581591c62d3c4a2c20baa400887b54c1ee
BUY,0.001,5000,1767653709,No,0x3ac03b7216b4a1d12edb5281b74f32dcc59a610d71f327ec6375136446127d7a
BUY,0.001,242.26,1767653303,No,0xd0ccd60642484ee22e51bf8d9ddddd3ba8d943a702290fed7cafa27644034fd1
BUY,0.001,10080,1767652687,No,0xbbb9808686ac9c131b9eeabfe416a6fd5e8fb67b3c0a49cba44b91f51522b14c
SELL,0.999,360,1767652231,Yes,0x45e3565f96b266b455ae8fa07ea104e3290e7490f324e9927c0e380466037403
BUY,0.001,1000,1767652209,No,0x3f124c664c58545c2ae91c67b9b1a78a338bf5e19dc0238ecd773c945434bfb4
SELL,0.999,5,1767651723,Yes,0x599406756077b69212b8ab095247b2b2ccb50e8cf3b3e9421471d8b0237fc764
BUY,0.001,48440,1767651631,No,0x199749f50394fd86b86681250b23fadeec9dfc8966faa0fe80b42696a735b8fe
BUY,0.001,1470,1767651527,No,0x30d062d8e48440524c8fc0d59de29cbacb0cb9a04b77e8acc2bbacdbab26cd4c
BUY,0.001,50000,1767650507,No,0x0f6771f6732c7191468ad32471a474cdb949e3b7be650ea8e76f7ec1ae55e547
BUY,0.001,625,1767650445,No,0x348a679c9618402f56d530b95a35e756f7c0af0b1438d8c19519bfa21d1a1db2
BUY,0.001,1509322.45,1767650387,No,0xd0e9df02d5e849ed6fba1b185b70997e985761b0436a6621aedc479ef4a514cd
BUY,0.001,2000,1767650345,No,0x6538657eec0357855ea1748b92276229271d4410cb315c45df868986fc72f2f2
BUY,0.001,188665.3,1767650279,No,0xa9b80570accbfc8a66097fd80be8725fa186102b07677ebea8c9b5c3a1cd6918
BUY,0.001,5000,1767649055,No,0x756d110430307721b91de3ac05134efbccc1bc1e66f6ca26455407fb108ce6cd
BUY,0.001,1000,1767648465,No,0xf0cd6ec9c09463fb5230156b8b41288cf1f9d5fcc70e5b6a9c597332226ecd92
SELL,0.999,1804,1767648269,Yes,0x0088539a4ac7398954f3717f4e454d6244d0eb6964d066067c6cbd73524fd204
BUY,0.001,1630,1767647989,No,0xc5d28e232ac642c3b263c6b8aa4f89a81a3a2ded6eedd2599f2506349b6ce40a
BUY,0.001,1000,1767647927,No,0x047225309256049a4c1d257dc70831452cde0ee4100df334cc232f3f7e376856
BUY,0.001,51000,1767647627,No,0xa8ca633c888a10f7ff7f35a2957d2cad960ab67743022fd319e591d2e96e9ace
BUY,0.001,25000,1767647403,No,0xee60832198f6886211805f5257bfbd04b6a507860b222d3a197ea49c97dd9c90
BUY,0.001,1990,1767643627,No,0x492d17a0ca752d3fafcef3278622bcdc53cc2e844f4974af56d401715e7da88d
BUY,0.001,2000,1767642905,No,0x6a3d323a9fd0a91c8bc7f5b2bea82ce39479f15d89e28125f5dbccf7cc567eea
BUY,0.001,1000,1767642841,No,0xcbbb554109e65a23a7b55ba654e350a06309ee1b3d9cd6b00ff6b95e642f3c85
BUY,0.001,2000,1767642455,No,0xa16645c8f381f69828e5b98f14eaebc524344ceeab712976271548024831edcb
BUY,0.001,10000,1767641701,No,0x6277ea41d66b69db38b0f50d7897b62b9ee46415e5586a1ca71d89f4e6f848f0
BUY,0.001,5000,1767641627,No,0x498b8932f03be4be3d4c44b1113ea3621deb666e1aa020274b0a11364d7c60a1
BUY,0.001,5000,1767641185,No,0xbd6e2027320e02672200a82aeeac0d0b20ad5d066346a612c063fc78d0d37691
BUY,0.001,1000,1767639877,No,0x73875b9b4a0c90f13c6c4678f680ac362fc9bb86bdc047efb1223d3fc38e41d1
BUY,0.001,2900,1767638875,No,0x586d50d8393ad6cb1cec481b8a19d3b37e415059db924802e2519005044c4b5a
BUY,0.001,1000,1767637609,No,0x2cc00ed7d1a03f56fe973912c40734434b5d139c6b1cfc2f8d7f24121a7b391e
BUY,0.001,5000,1767637331,No,0x4b849a5d0bcdc1b33c41afab0e2248f0245476dec41d6423359a26095365891a
BUY,0.001,211.85,1767637173,No,0x4de75246e7f384d8d7360913a6dc999e1ca6762dee2cebf11255a26ee767f037
BUY,0.001,1000,1767637043,No,0xb6b994a90e55dfa5899f5742d057e330b3ab346442f17a278a3d13ea70ab30d7
BUY,0.001,236.38,1767636843,No,0x97abdf35bbaaa3b365420d534b18423318621ba4f563d15e6cc51dd1d7d4e489
SELL,0.999,100,1767636789,Yes,0x7f2f2e6b5ba4db61f2ae7c6bd9fd9de7e27009e7ffeb4c2d2aab14adaa7da2a2
BUY,0.001,296.23,1767636627,No,0x65b1e721d82dd01d1965d1544d1af65ae08e6240a6592c4c24082edf15572d12
BUY,0.001,344.57,1767636459,No,0x37d0524b1332adc0d102ffad495aba5a4dabf3b6815f998e135b0a643b0adcd9
BUY,0.001,10000,1767635803,No,0x6a15bb3aa31cad8b9469f442fcac192194e0a24f7bd9864976ee0485addc474b
BUY,0.001,1300,1767635533,No,0xaea62d4278c0cdb6048763217660906dd97e1769927e3ed950fa9a8076cbad0d
BUY,0.001,1000,1767635039,No,0x2c47664b807ebb2998ac067ca6e6e9aaa306137965ae6a93fa13ab661560acf1
BUY,0.001,2000,1767635031,No,0x052dbd287f6042528fc22bdf83409235c8ce14dbf13008c47d2574dd223f8554
SELL,0.999,14.01,1767634979,Yes,0x3109c486abecf642173dba952ea48b31d46fc7dde5041d2b4a2e25039da8f7af
BUY,0.001,4000,1767634503,No,0x83d7634792add0db1252af4fff65e31350742d2a6a3a4e4fc6040b1b8f4ea446
BUY,0.001,1000,1767634441,No,0xe3c398fb0a5ccb4f306002ca6d75a40e546bdd66b5d385119e61332224fb0ee1
BUY,0.001,1000,1767634421,No,0x68290864cf34a757db9355ba8a0bb77b0762361d463ebb7d5e4296063ac929e8
BUY,0.001,1000,1767634405,No,0xc8408e1a294f41721ccd070333e67d29aae92cb06f93110c9e6bdea2aa0ccfaf
BUY,0.001,1000,1767634393,No,0x6939a8af71a368bf7d945c203d90988c69b7872b97762de27d8bb53046c6e7cb
BUY,0.001,1000,1767634273,No,0x97f884580192e52ec3f05999da1218e3b4c47f870f9e9117f3771474b2cc5a41
BUY,0.001,1000,1767633755,No,0x071c189b50a4f4c575a2f314b073bd598683f954d39d0bc6d1ec7c3c9bc4e6b1
BUY,0.001,4000,1767633269,No,0x504b58e49dcddfc1e86128d7b9f3570a989269473195c07ca95e889ddcb60e76
BUY,0.001,1000,1767633173,No,0x59e802bb58309aabc3fb644b40f4aa9b2ceceacec95d44a9d15966a3b1cd8b9a
BUY,0.001,1000,1767633011,No,0xdd8a79db3bfa282233c890d18e5e2ee56c7889936a3c83ee44c9a314adc223a6
BUY,0.001,20000,1767632905,No,0xd9c2f724e624c61764002c4b347f37e28046592c79a27d3c1645dd141ec91ef5
SELL,0.999,24.79,1767630799,Yes,0x2d1802f424761942b57b076c2d820e58e64e71fbb43e69f14323e9156dab26cf
BUY,0.001,5000,1767630583,No,0x12b3f7c2a38cbf13ab31bafc28c31d8de00b9576b1a8cefb7d73070f4f05319c
BUY,0.001,1000,1767629293,No,0x9e6203858505a7eb22053bd87fed4d132e1254d94d8175c214bde26fbea3d550
BUY,0.001,1000,1767628301,No,0x4f1a5da4613959b81936eb0de18e760cdc779e934d7eb9201eb1432f5ad8fdc9
BUY,0.001,2100,1767628161,No,0x4f24b3b982224239d6484b22b2d418663ea9ee38db8a3937daae0affbd1efe80
BUY,0.001,205.15,1767627735,No,0xecd6fdbcf342ffcc9029a02e3de34ecb91de4047d6245a8e6366918e1dbcef3b
BUY,0.001,5000,1767627331,No,0x8bc2fea1a043ea45f74b1e2129c390478de127a3ec33e5a600845c7a669fc476
BUY,0.001,4000,1767627193,No,0x01d217b7d53008df197988766d0326ccd2c7e6dc3b8fda8d59a046833fe665ca
BUY,0.001,2000,1767626907,No,0xf6ae01ae8f812641d642a4bae692100b56e445a257d0664aa639ac9032f8912a
BUY,0.001,1000,1767626425,No,0xf98c98bf362c9d640a822e3b1b2e69c297f9708e8122661607de4faa38fdf230
SELL,0.999,146,1767626085,Yes,0x2c1b04c075e78f9f0f0ce9e27d82808c5c4c57c7c08e5443f0dc3d706c11d51c
SELL,0.999,1.79,1767624839,Yes,0xd04df07811289097cb0e048bc0c966d4efaa00a78a7cd6310b727baaca231f32
BUY,0.001,15000,1767624657,No,0xe1ed85bdb921684d59a9574596d85d7084e672ddf55024f2bbaf793c4ff3c2fb
BUY,0.001,1000,1767623787,No,0x29f9c859765676c83ecdc3b376a75fcbdb57957bf45cfb4a49f4ce171e8149c7
BUY,0.001,1060,1767623113,No,0x34d123f57ffdab8bb19d90f77a325cc59dd285bbac681248c9e364eb1caa1a7b
BUY,0.001,3000,1767621643,No,0x54515d3cf3397749e5f65e14e9c7eeca24e1683c5cc03de538e243fce78282b1
BUY,0.001,1000,1767620549,No,0x1ccc8cdd5f2773950a7d44faee6c7f1a8efb795af8a3876c5739f15e1d5fa1bd
SELL,0.999,12.91,1767620213,Yes,0x59268599bdc2fc5bec5712c249bbee56212278aa3be0e659bcf8dea13986bf58
BUY,0.001,10,1767619937,No,0x95d9e7d3911fd9321f6c370aef6b0faa5bc44d28a36dbbab86d1305111d600ae
SELL,0.999,13.66,1767619863,Yes,0xfe21998aab0155f6826bcee5704da8e0853380e8f84b53cbd1e9ca3d69e6cdb9
SELL,0.999,20.16,1767619701,Yes,0xb6c8aab5b05d00dc9f2e79399532d9418073d4e9b55bff2d48850ffb387139f3
BUY,0.001,371.48,1767619653,No,0x3fb1de087f3a88a628b4dc54d454571048681b08049098b9003e25e83afc7da5
SELL,0.999,31.58,1767619449,Yes,0xf29769f1635d3a9a4dc76f7b60aa611c6fb9063153dc473c8a9e3d487c851fcf
SELL,0.999,18.17,1767618591,Yes,0x3059d48c47b65008ec4ef4a261f5b036fe961cab68919c92e532770fb0cef3a6
SELL,0.999,10.59,1767618443,Yes,0xef9e0c3e988da665089b4b13e3d105d95e1ce784f727b3e4f094df002333fbea
BUY,0.001,5000,1767618231,No,0x53b8dcf48f3e76702af557375f9a6567c20c584a38126f828e85bb4afd5527e4
BUY,0.001,10000,1767618141,No,0x9f7931d81a9cd966e3b30f303b5d69b4537177ac931cabd2fd4c5a345df81f83
SELL,0.999,20.16,1767618007,Yes,0xe764aee60c6e83fc99c074895b39e2ee46cfdf3a48dc968588ce13e61b642897
SELL,0.999,18.6,1767617841,Yes,0xb5b6bbbdd65942b2368140b8a4572fad0acc5c089dd4368edde73682c74ed706
BUY,0.001,1000,1767617741,No,0x4e47f3aa4c0d0642e8f0d13c569560273f04f5fc6b6b9f1e1d2ca5f51f2008f2
BUY,0.001,1000,1767617447,No,0x7a7b1d0726cf43e468d8ecd789e24580009c4ed6a025ff5c4c2c3c07e259d75e
BUY,0.001,1000,1767617113,No,0x5dcefc981cf3bbcaafd84ac0ea5304bd90c6ff723978392e8b56e22d9e755e7c
BUY,0.001,8000,1767616297,No,0x28efebd7f688997f4ccda623688a02940d8b266e44e6b10135153dcd38df4149
BUY,0.001,8800,1767615005,No,0x26adc8e44f341f88b017389053b6b8a70eca035063cfefcba0c63f1bda91bff7
BUY,0.001,1000,1767614469,No,0xdc220c3246ab2a2f93923a0a14bdf766a13ca7303fae95ae84a69aca3d46759e
BUY,0.001,5000,1767613089,No,0x0ce3b944c39cf6d4f03ff08e56bb601917991577839718246c72c5d1e0ce8288
BUY,0.001,10100,1767612841,No,0x902e15691bc18432dbb80e676fccafe6ad5c27b4485724392826b33ba72c16a0
SELL,0.999,4.05,1767612271,Yes,0xf90f1c122858981601909a3fa41f257831c8db74acfa3373f6b5a86276b2807b
BUY,0.001,1000,1767611315,No,0x9a70ce075f1e37d92ccbd1593d140b64f22af37f5fa125e932a3d24f0e501920
SELL,0.999,30.02,1767610889,Yes,0x9585b2c44b3fe5253008a2b58b3bacd591d6fc7a10fe710f61a04067dc00cefb
BUY,0.001,5000,1767610717,No,0xa326e79f825b21b2ff5247584cf6216ad25c4291ceda90d2e75cc45fec6b78f8
BUY,0.001,1000,1767609473,No,0xa8e268e5905e7ae1fe4626b63fc634d100093fdcca10e34d4309f7c9994d613a
BUY,0.001,4700,1767608749,No,0x93aa8f6355b9de99154acff1c66bd2cb8958be7a9494866ffee57af8cdf2f042
BUY,0.001,38960,1767607591,No,0x50f2261c25519e0caa94a0064130e8131acdc269ace5b04d856fd7b4f6ef1072
BUY,0.001,1000,1767605343,No,0xeb692e78689931e7c8192e5e3ce843a61083c39e949115faf2cb6e085f60b75e
BUY,0.001,1000,1767605335,No,0xdf610fb9b70dc3817fbfcf3e08a3e5198ba5ef9dc1e73b4960ce0e86d2b7c154
SELL,0.999,900,1767604745,Yes,0xa2f79200a449a60c25426dd31b15e322fbe21394f5cb353a52e8259b783342c0
BUY,0.001,1000,1767604745,No,0xe5e20174900512e1ddca195074098ff4061bd9e87cb5759bb1d2d0175263fe78
BUY,0.001,1000,1767603881,No,0x10c356cc06d004515e408610a86c6af3908a9d35f753307091b65d71aaec0951
SELL,0.999,5,1767603079,Yes,0xbfb1eee87ef111774768e1c384fbdde8f025b270372c7bc8d030edbf1e2ecfbe
SELL,0.999,10.01,1767601747,Yes,0x0c63543c46450e36b530f34590c51159440e41330726921a88df63fff6d13653
BUY,0.001,3000,1767600483,No,0x406a1459b2a8a10cae0bd510589de0b91616af886fa46e36e71aac469adf06e8
BUY,0.001,1000,1767599205,No,0x6b33e3586bb5f71dcb2b3a8323158b863b0f17d7f0a7565edf476b43aaa103d6
SELL,0.999,20.04,1767598395,Yes,0xcb29414a139d5e5c4ef196016069cd1b5cafad260ae556a470d95ab2294ae7fe
BUY,0.001,5210,1767596887,No,0x103145f33cb56e8a0d8a5228dcef2c20c5d15f1045cd19edd639b5833373aa24
SELL,0.999,1.02,1767595845,Yes,0xe07da096d08c4439eba441911a43135a23d799c5144b59c5f6428ddbd9bdd33c
BUY,0.001,1100,1767592813,No,0x42fe195dd025847acf46a9e8b8ab5903aa3f03435329861c4d957b407ff1a095
BUY,0.001,10000,1767592019,No,0xa3b11dcf581b133d350c6834834e431a77a402f1fffd25d25b84861e4b2619b1
SELL,0.999,2834.41,1767589201,Yes,0xe6bde1215129c1874a69e108674d2d8794119d1d140cb37c20e4b2b7250e7449
SELL,0.999,7.52,1767588371,Yes,0x8eb9a6f079285a974f2bfb148b951d7097e9c8ed734a81149f95922a6a6a5398
BUY,0.001,287.07,1767587117,No,0x9b0093d46f79a971f6a4c7ea9d024a53a9a24fd9734b0383bef8e76204b130a3
BUY,0.001,1000,1767584953,No,0x7e3ac2c3401cdee808cb6c1c3e0a5a59309ace9a3f153300294ef2ce141d9877
BUY,0.001,1000,1767584875,No,0x2d2275b422b538ac3b1aa71635b3e9fb04d8fb44b4f2460d39400d4be541d3e7
BUY,0.001,2000,1767583939,No,0xaa76dbba913623abd59046f0ce0c62d6e4efa338b8bf091c86f2f15b7711ba2a
BUY,0.001,5000,1767583863,No,0xb4f2f4ae78310fcfff8dc20b5c9ad047d193ebe98f65502cdfbd1498affb10ed
BUY,0.001,10000,1767583819,No,0x7c6394b474c8668c243a8a25717c9970686c8a9d17b50ea868cdfca972d2437c
BUY,0.001,10500,1767583271,No,0xfa5b7201c5532fa9655718052b1a86cebac7af55e2694e8ee45785d28b533fe7
BUY,0.001,1960,1767582821,No,0x39fa6954977b1148272bd52b340e77b18eb1fd25fc91554df3e4d228d6731e47
BUY,0.001,1000,1767582767,No,0x2845df4e77e0b7fef300338793d2908b4123b4ae3c8bc3fcf62cc78374a91524
SELL,0.999,5,1767581847,Yes,0xf840df8ba3d78e7f30ed00b24a311237c335232f59b8e58b2be1009ea0bb58d8
BUY,0.001,1000,1767581097,No,0xecf9747fa5f2c0827a4290fcfe1fb01f1106281721a33c1d33f08e123557d0b8
SELL,0.999,1,1767581045,Yes,0x9ad5165c7c80957c4dba8696b910c5209c833b9626f645a60a5ef42e1f2fa4d8
BUY,0.001,487.8,1767579331,No,0x19f21ced4a44210436438a272310671c8257aacf65fefa469613ee181a1a683e
BUY,0.001,487.8,1767578333,No,0x42dce727c8461a6f4bad6568cb1b206a5181c54058f25658ff0df396f8465071
BUY,0.001,2000,1767578295,No,0xeffdefdaad5b6e446de8f9b2aa4d4c678ffebff375439d21bbb8372d063c310f
BUY,0.001,5300,1767578201,No,0x80262b313634c019ca13135bea0273aee9df3534c9e9b8908d0eb28eddad5ea7
BUY,0.001,1000,1767577713,No,0x230eb4e01eff4772a4e9df20ff5dcfdb53c20b594b56258e467efc15bdac44a8
BUY,0.001,350.1,1767577397,No,0x970bc5c3d8fc69af031882b64c234faa990331dfb0bfd082b482ab28ebf2ed0a
BUY,0.001,487.8,1767576459,No,0x763c1a5ae8aca83c5a43b5fe8ac1e099a05e0b5de67dc1aab250845e515c2332
BUY,0.001,1000,1767575785,No,0x446d38d14c3e2e1e7edba1f576ae3cdca621fe123d6e32c99fd6445624ebf07a
BUY,0.001,27000,1767575669,No,0x71351556123eab97bfb9b7f0077e2a3a5fb9e73394135ea30c45da470bc2a76c
BUY,0.001,487.8,1767575471,No,0x40de80052a4b247a6cf36fa0338fe9d2e0fc1da6a9cf8d4e77932383138c5f7e
BUY,0.001,487.8,1767574499,No,0xf42e5ad71b765c2ce2768c331ffd5a70a694c169d1f8af7e6778c506789e7012
SELL,0.999,3280.62,1767573057,Yes,0xf34acfd06cc060dbe7ed7e44644a5a1f86f2bd329c2198b4c04464de70a8f5cc
BUY,0.001,1000,1767571413,No,0x009d6bbdbe57cb739c65c1caa58232a0385681c9c47da03d83dacd9989d0dbed
BUY,0.001,2000,1767571157,No,0x75c38e2bd2146122cf54c56ab6c85f1cbe4ae753da21f6421a46d1f3a6f1488c
SELL,0.999,1579.47,1767569551,Yes,0xbc3720c2c578e3f0cdbfa4f1e99168b09a62deaeb8e33de3cfdcfc54b296a05e
BUY,0.001,1000,1767569123,No,0xfce2841998f3a400d053caa382240e54e45899ad30da50bf63b998ed82da8fe3
SELL,0.999,2.54,1767568979,Yes,0x11b2c8532b3c0489e45a447bcb5dc52d69639259d9bba1bda6ac3e283dd57489
SELL,0.999,59.58,1767568961,Yes,0x5b4cb6fcee01b0a44d362b88918df5ad4b72d70e89db224c468b84e06bb54a14
SELL,0.999,5.08,1767568961,Yes,0x66791363f851af2e53b66d66f84e087b8325d520aecdeaadbef2789ac0bc5d70
SELL,0.999,2.09,1767568961,Yes,0xcc97bfae35b286456d13a4ea699329d84cc74a9f6f0f5d26baa89a831bc05644
SELL,0.999,0.19,1767568959,Yes,0x2547799899c2686bcfd8591e19051266bd09e7b8b43d3caeebcfc5266dda1612
SELL,0.999,100.79,1767568959,Yes,0xf6aa804ae50d3df8fe8df1a26234a2378ef8756a26508f9aee6fbce2ae9c5e94
SELL,0.999,9.47,1767568957,Yes,0xc2b75366167c9e0e63eb2c07905f8236f5c238c279c2cd2ddde22025e7197907
SELL,0.999,130.12,1767568957,Yes,0x38924169b086dac1a0e06ee43da44f0cdd13d992d8db8c2b8493e1036c85b6fb
SELL,0.999,16.19,1767568957,Yes,0x67359475200d30dd0f3f85af8150c02d3575f175c4677dcf369a2d07f4bc9af1
SELL,0.999,8000,1767568949,Yes,0x74767b0936ce57df8ff088a461245708f96458e2714b37822918a8adff3bd80f
BUY,0.001,20,1767568887,No,0xa640e3c05b9ff2f603103d9ce50674035b9459cbaba268ac88635bf9b544b37d
BUY,0.001,5000,1767567971,No,0xf7fb9219b62640f5e496f08407fbbfe9a71aab8f3ba06385873b135b35950785
BUY,0.001,1000,1767567957,No,0x2b01d92f06cba32e4ed9c53b31ad80f08d651f1d900c1602e68e094030d03c8f
BUY,0.001,1000,1767567937,No,0x145d2c72ef82a743bd490cb6dc377a144551d6cec92fd5f766d5322f048c50d4
BUY,0.001,3000,1767567873,No,0x0ddc1ec254add26d35fb9cc28bd6d1860abf47c8ae2c02e2ee19834982f376cd
BUY,0.001,80000,1767567825,No,0x3bba3fec1481d1d63076d482928a4267ed97c367a16f555a418a37f496af6a2d
BUY,0.001,1000,1767567579,No,0x50a4e1dde877ac4929ff6bcc621e61c60b49f2c3220a73ba32ff73a954a56b9a
BUY,0.001,10000,1767567327,No,0x59f1a17827997a8eb2beb44d38328d229d61fbdc63f2522114e902ed5de75ddc
BUY,0.001,20,1767567223,No,0xa33aa744b57810dcaba6b10743232e18d5d577584775b69c2770a717a8ac499d
SELL,0.999,350,1767567007,Yes,0xd88122c29f1f754faab376b18faab279c18832aa77b49330ed8409723f0a73ce
BUY,0.001,1000,1767566883,No,0x1e2a573fac8202691dc79eb47a3f3a0fa44b6d87f4e24a07d4309f94a03033f0
BUY,0.001,1000,1767565217,No,0x5e239f8aac4a944fb0f44c3100ff2cbe7cb1e4af8b35fed5d3b32744de5ec382
BUY,0.001,1000,1767564995,No,0x3e90881cadb2545dbec5f95641082abdfa2a838e0ddbe7679276df1e8e54dba1
BUY,0.001,1000,1767564531,No,0xf6eaa191673e5dee2acadbea597cd2952532fec090fff31baa7739042f84df20
SELL,0.999,1000,1767563437,Yes,0x6bc080c7a729d228ee173bc94a13cdded78643c3a537a5083ae20c7f809e75e0
BUY,0.001,10000,1767562459,No,0xf15cbcd150e598f7be613abaf6a70c07b34bba2a76555463690642c01f7ce888
SELL,0.999,3.08,1767562435,Yes,0x344978c65e62ac1de9d8ad2df25598c7872e7b8c2ce445176faa56d5cba8e10f
BUY,0.001,20000,1767562285,No,0x5a911182216a5b7d8175c3f16c7651266c4f61947d84c5ef10d3b9acb69b664e
BUY,0.001,1000,1767562269,No,0x1c86b09a745dcf9c8b6f66f6de76be553d1cb0c63f96f3658709562842c353bd
SELL,0.999,40,1767561755,Yes,0xb5cef96e934f6b380e3590d9203a9ce86e07a7af02dffce8dabd597fdece21c6
BUY,0.001,10000,1767561583,No,0xdc17606bbdfa31e6866d3396a0dd82252132dc0b6ad32e784a1c07a58e1be08a
SELL,0.999,100,1767559923,Yes,0xfd690918a8bee115d05691f27dbfd87141275f018aa9841e31dc0e88b8d37653
BUY,0.001,1000,1767559569,No,0xc2b8ff391368691aded7fc7d5114d6e0f4e447bdfe4b8af861ece7c82b56a5db
BUY,0.001,7480,1767558851,No,0xb391745b5aae998214fe99555157f3838e01c21c760a060441dc635279e417e2
SELL,0.999,100.1,1767558347,Yes,0xdf1d8d0de5139f13fbc154673fccba79728ed50bc91f081217c3690a5135f223
BUY,0.001,1000,1767557729,No,0x72ead80c6262d4e894e6f2258523a84ec0443db457794cd771cfff8a786ebf7d
BUY,0.001,1000,1767557531,No,0x10ddb026f9939336f70daa9ab2d9180d056daab4a10598ee6a0ee37f58c410bd
BUY,0.001,6810,1767557249,No,0xa19413637eb986580140d2699bd13da0529b50a1bd4c689fc012c6af0f7e5bef
BUY,0.001,1000,1767556547,No,0x50f0b1e72124cb76678b6ddaaeffdc9c4d53b54df99cf84a5f0b82abd530b6f9
SELL,0.999,9.94,1767555825,Yes,0x6c68055379db1ed377b3562c6ca05d2fe7e0c2bfe0443a1307042bf50efb08fd
BUY,0.001,2000,1767555797,No,0x889068dace62ca48e39141e7f269859c5de9dcb150795a986ba59a93e2c26c03
SELL,0.999,20.7,1767555763,Yes,0x369bf3f0fc9c1613e8a1346b6e3e71063e540645f7917c2d97cd28fe8208f937
BUY,0.001,3500,1767554925,No,0x15764ddfecf1f3f993b1ceb78a1d534a15229456b650976bab07ae3649c023c1
SELL,0.999,1001,1767554695,Yes,0x6797bb7617d54231b1edb91173ea03efad740af79ce9d51f289a6cdf1b49ae2a
BUY,0.001,1000,1767554631,No,0xd51ca45a852cf6d3d4af3883b68dbc0f3b3ace547564c9a7f01834dca083a792
BUY,0.001,1000,1767554621,No,0x0000885815c4414133a3ef2451150e0b33cd182162899b9c21a3d9375457a99e
BUY,0.001,6570,1767553099,No,0x5d46faad3c1f091a2e50b1a16f275977b9ce0e428f62fcb292c8d2a31755dfbb
SELL,0.999,100.1,1767552635,Yes,0xefd8453e9054c97851e1f870c000b5aadba3213ac0fbfa285d1fdaab1a6d8873
SELL,0.999,225,1767551495,Yes,0x2d71ebc09d0c4323e14a79b05856ab322f7f2a7356e2ad3bd8b9ba585eaca62e
BUY,0.001,4000,1767551481,No,0x3f43ba8fe69250d76525692944b4202d85a9422c931ea783ced022b9126976cd
BUY,0.001,3000,1767549827,No,0x399b76bbd8bfab77ef3d5dafbbaea8603c669bc7d4a4157dafc66ddca7e109ad
SELL,0.999,10010.01,1767549491,Yes,0xbdd220b131376a22963e0bed67ec54dc0ad2c5fd9c23e9c720f4854e806d8661
SELL,0.999,9546,1767549203,Yes,0xb8b577e0302578b2d2992137c13a781837a161d3d7eec79f20eb343b24bc6074
BUY,0.001,1000,1767548711,No,0xe26750554bc1eef3804ad5653306c2dbd296a46193d022c42a86fa8a2fd9e6b0
BUY,0.001,5000,1767548495,No,0x6ebdcf7104fa3f081bb0b1be41cebb626ad796a1514da725831e3c13c81f9d4f
SELL,0.999,10010.01,1767548031,Yes,0xa27d4522060381213291232eb0d077ee92fe5342f1db9b1b61f120a43eb4d778
SELL,0.999,25,1767548023,Yes,0x306dd94826517fe9258dd68a915091a9094b2ed6ff948fe9f4a8ea3a65ce129b
BUY,0.001,1000,1767547947,No,0x196e14c790e1382bb306e85c8e25af7fba4902cc0b5dac9c4b15968b69b4aaac
BUY,0.001,10000,1767547939,No,0x2a139c98a651925f48c20ed222ebd7e3e31fdb8ce357dcaac44dbaae13980e5d
SELL,0.999,10010.01,1767547875,Yes,0x555f59ba033280ab00442314d2a523f973e8c8e25d12ed761f96b119cc8f9e90
SELL,0.999,1,1767547111,Yes,0x8f1adec449cdc275fb5b99125f356db43ccd75a5d1c4c19f391ee9459acf2e5f
BUY,0.001,1000,1767546671,No,0xaa37c919576c623014718db1101355ef61d609ba4489fffb286599f2115cf6e7
BUY,0.001,70520,1767546665,No,0x22d1f0944d12d7185a09ca4e43209e9e5ca21caacbe6b8f6ddb5d3ad25f7af76
BUY,0.001,49000,1767546291,No,0x51fd44a116645c9dbe476bab216288cdaf4b01c380c144fa8f875e9cace99a69
BUY,0.001,1000,1767546173,No,0x20b4072614f7839c2f186f80e5306776aa43fbf7e6b72c1f1ad7759460cfc3d2
BUY,0.001,8000,1767545907,No,0xb21723ad844f4b359674bc43168d8155d8cee55a739e79650faebd474fbec04f
BUY,0.001,10000,1767545587,No,0xc914168da57b48fa3ed029cafabf168edd47f72e22d25aef8199a26c6e3c0148
SELL,0.999,1.99,1767545429,Yes,0x6198cf778c145e48039438cc815e4692884ecd5c9af6d599fe2bb3f622f2332f
BUY,0.001,1000,1767545053,No,0x5d0615c4111cd299377925d802234f293d2bcc910f4d3c3372a404b992c7c61c
BUY,0.001,9600,1767544897,No,0x93fb8a5e57686bf7066b40a48e626daad82e92e21ac7861e3ebddc27ec8ea951
SELL,0.999,9.99,1767544897,Yes,0x67f89cd588405333bdc2b1f67486652f94f1e7e8799ec71069632e08d721c102
BUY,0.999,226533.48,1767544147,Yes,0x046aa9ae78a9052f66c4b9bacccb82bff97bbcbe591fc44d86992bb7bd29f67e
BUY,0.002,5000,1767543415,No,0xd29a689192d4d4d5555c6021a5fdebd5a74e209c07eabc8e5c9b5f4ec7af2b44
BUY,0.999,1.001,1767543001,Yes,0x1fd9078659f5b1dbfe540989a0e9c6db97867b64fff09997e41ec0e91eed2a36
BUY,0.999,1.001,1767543001,Yes,0xa7aaaedbfdcab98149a4fb8c3a53f403af6dfa16822fee4539d39a8d3f68bb9a
BUY,0.999,1.001,1767543001,Yes,0x54c88d4c99fdf0653fa99ca9533dc708b4b2caf8676d9bea3e4a0329b7108b41
BUY,0.999,1.001,1767543001,Yes,0x9a63b8047257ae805d7ad6758bbd7da3009940f4cb9ea0ac345d594fce324866
BUY,0.999,28.028,1767542885,Yes,0xd5a6dd8c33bd8ea8466a9d602f7edb4b0862fb27fdd86c535510ace81746d151
BUY,0.999,100,1767542857,Yes,0x2ca8d5d32cfec9b03f65258a8890e1928c9732dc4477835d301107beb2deb59c
BUY,0.002,2500,1767542469,No,0xc0b1911d8a1ea94fa01772064593d518675accb02218e74523492d5028e5e552
SELL,0.001,500,1767542421,No,0x8a7f054b229c51b97d4b3234edad2c2dba05949dd1e5bae130fd225e94bda413
SELL,0.001,500,1767541627,No,0xf3738743ebdc93ebd1250c72360e4add42e83cf0df3b2fae010ca41d1c8a6124
BUY,0.999,10.01,1767541369,Yes,0x48d37432667076c912fc2b227fd3daa7bec8564266c2c3e1c887743a50a2319d
BUY,0.002,500,1767541301,No,0x2d19109f5157244cdc555cc561302627a419c0fff53fa64e25830c8db02a8d6d
SELL,0.001,10000,1767540931,No,0x0d21926ff96a27ee63288b3ae230a0c61e68b63604c23936d854986e3b66875e
BUY,0.999,1.001,1767540717,Yes,0x1e79aff9d56a817c9d70d9de08d3ebace6d0c0f920e5a577e22c6d250d23e2e9
BUY,0.999,1000,1767540019,Yes,0xcb136f80716d1a4f4760264ed7d03ad518a51bb44faadf489aed2fd7567a86eb
BUY,0.002,500,1767539133,No,0x00b6578c53bb377e12affe2901191d117f28271f4ab6f9287144832dbd0df0f8
BUY,0.002,1000,1767538961,No,0x3f0d2b48845363ce0bd2a11a5802799312433abd8f1db083b928513248d6c6ae
BUY,0.999,49.679,1767537331,Yes,0xa24b5a2f3be17a10d68f7afdeeca5e55b0699d357ecf63d2a0acef12c17a16d2
BUY,0.999,22498,1767535719,Yes,0xe3fb827dbcdea0a22f0bf38890cd67d5db1edeaf740a2581d32d2bf508c13055
BUY,0.999,6051.05,1767535439,Yes,0xf6fbe434534c2d6d3bc491bc0d2fc722849a9af3685dcb9aba48500daf26c71f
BUY,0.999,22546,1767535407,Yes,0xe472a7b97bcaa638a716fc7665c0abb7e5b732834ad2301d668812aa7e0682bf
BUY,0.999,25.025,1767535171,Yes,0x9afcd82ed498d4fdfd3cf3275030682a66db1ff9f49d5dc0fc3bb2430d102303
BUY,0.002,500,1767534853,No,0x9e93113e1d0895564dd2a609086a75b00d011dc04203f03b35d7bbc4d0b05a6b
SELL,0.998,6000,1767534239,Yes,0xaf207080bb596981b30aad4b28e5f156852b15df5b7ab16d60963328f0f73b51
BUY,0.999,30000,1767533959,Yes,0x3f6732250f5f237cc9608df6da53f684f1f3969a523c2eb91c3895ce4e576ee3
SELL,0.998,200,1767533811,Yes,0xed6000d03098e05e09bf8560689dac437efce75e7e96f3d095373c26d7a11fa2
BUY,0.002,2500,1767533809,No,0x52dc1590882a3ebd94900b8340826bc49d0492af9fa394ab301d76f67fd822ca
BUY,0.002,500,1767533711,No,0xb74944ae59cc9cc08faf875c1294accae4d335b2c1c380fc0aa1c6356315482a
SELL,0.001,333.33,1767533687,No,0xb85dbef145d0723cd0bcca574515e03e0c00f3fea6d660a774b029eafc6f6349
SELL,0.998,38050.99,1767533619,Yes,0x4fb633dd31c8122db68ea57e6bb161f26c6a41a97fbe8675b071099d27e0ed5e
BUY,0.999,8049.05,1767533537,Yes,0xe923a0af25d2eedb768d1c99f2d67cac2ae814c30e054a3c2f079c5395c585c9
BUY,0.999,40040.04,1767533415,Yes,0x8c67f4012ebe11b9f54558c871265364d5749364276f83501cf278e9a5441082
BUY,0.999,13.643,1767533341,Yes,0x6545455b2ffb7eaff5c30b425bbe5316192efeca05ebf4669f440ac4ebbbc42f
BUY,0.999,7.007,1767533337,Yes,0x02d9d5ef5c8039a13b8ab9daf56d6d2f871169b0c2e34e709609662313bbe862
BUY,0.002,500,1767533235,No,0x032ff9f69c602feaa4e1503957b32f9f513135ca084d8fc3634bc23e438a23ab
BUY,0.999,187.987,1767532343,Yes,0x7b4d46e623608b2987dd3feecce917188544c2da10f10c1f8fba5d94c5af62af
BUY,0.002,2500,1767532295,No,0x745e5ee8c88055e21c701dd15266e98de27a960a6ab6ee89463c6b2b80d45bdc
BUY,0.999,21.441,1767532221,Yes,0xead8f3ce60dbb1445cb785327c5fef8fc9d072a8e4de02770cd1d144d9310e60
BUY,0.002,2500,1767532185,No,0x414df701a3a9b238433fd2dd57efbb46482e61e6b3d71435dbd423427812c81e
BUY,0.002,500,1767532015,No,0x11a007c79cb607bfac764928a4cfc6bf98eae79eafcf86081dcd30a4af5d9580
BUY,0.002,2500,1767531937,No,0x956ea3cdeb4ca7a1ac6391343751e1076a05af27fa4086b761ee05c3c815ce1b
SELL,0.001,5095,1767531207,No,0x27db753824c026c2bc3304febb7bfee26cd25eef28ee15f7f31f244d3a5665c1
BUY,0.999,2.002,1767530959,Yes,0xfb5185bc9507efc6539430b7d5568fac7d918ab26ecdcd24e4123d4402d9b8bd
BUY,0.999,4744.154,1767530271,Yes,0xa4dc7682a4b31181bae69b9f41b44c57de53066edb43f1fa45e287cc2095896e
BUY,0.999,5.005,1767530009,Yes,0x37549362316106739c8c70bfe73872526fce758aae27ec34c1726699b52c6bef
BUY,0.999,20.29,1767529985,Yes,0xcfb5956093a816c1d224245b146afe9d00b8cf36d018e07285aa089ce7b3d047
BUY,0.002,2500,1767529805,No,0xaf376f162b5f41830bba39bbe1f4297e6275ab96550b6559521a8eca0814a59b
BUY,0.999,47.567,1767529535,Yes,0xa0278cddbfbce682965ed7ac6a5633fbabaaf3df6b7be6ecb3bd81565c489911
BUY,0.002,2850,1767529365,No,0xea5acc1f86378b8af753a688a7abbf2abf8f4501fd41bc89a9a712eb0344b82d
BUY,0.002,500,1767529355,No,0x84188b586b7544a583596183cbc30b0e48f6ea469d4836346fc0e661b3d586ab
BUY,0.999,40.32,1767529097,Yes,0x4ca5bdb4a6775336197607b7fdb5646f4543a2666322db7d8c175158e26c2319
BUY,0.999,25,1767529017,Yes,0x20547ddbe42f6ec789e5153ca63b7e74bf7cfdc7bdd804f1d109ee6674dd2462
BUY,0.999,1872.92,1767528699,Yes,0xf0562fd2968863a17a3075752c2c4ea3a14363800f888e9dd0a3f45f2cde5bc0
BUY,0.999,343,1767528695,Yes,0x55919c08d2ae767928b5ea4d7d81aa4cbdfa72446f8cf7f993a1299c498d2bd2
BUY,0.999,31.581,1767528503,Yes,0x3cdea4d15b535553e744497b623fc6daa118d6bac27ccc69fdd8e744640655b7
BUY,0.999,1579.47,1767528473,Yes,0xd1827a722092470083b3d56a8af72300fd83809113712b2adc55bfcd97e5286a
BUY,0.999,31,1767528253,Yes,0x0e5923cf89c9fe1396151bce36afaaff0afa06c7c7f4467104a992e2ec2a9940
BUY,0.002,10000,1767528175,No,0xe61912295b54eac130d4093d7cadfdbfc1ab250e5567370c0b3534f724974014
BUY,0.999,60.87,1767527975,Yes,0xb4b4a1323a0abb55e713fdd640c05d8b57418e7941f7eff81e7939f0f7ecb7bf
BUY,0.002,500,1767527925,No,0xb6c2de3153ff5f10490393eb2947c802bf1583b19fb6987a58bb5dfdae45c271
BUY,0.002,500,1767527825,No,0x9ed1fb6b1dbf7e409b1a81f58408e25fed30b8b4d51c1d5040342b6dbbe2ec3b
SELL,0.001,500,1767527763,No,0x082e92e113811342ce4ae09119918c849fc467aa0edf04259befc21677f9bda3
BUY,0.002,1500,1767527701,No,0x6eb2c9e37ff57b2876c9527717351d02a695f81fb474fd7869469bc701c3f518
BUY,0.999,18.178,1767527689,Yes,0xe130eafa5a40f649a1de01433e02d676e8178051be5d0fc21fc55ef0df539b68
BUY,0.999,21.191,1767527511,Yes,0xe1a357cb045d860c0b1c5baa673448926daab380f4d387ce1147ac32e3db76a4
BUY,0.002,5090,1767527441,No,0x865c89d7bd775dc9fe2e3588e23856838392c76c212116b524cb495daf1a2af9
SELL,0.998,32.29,1767527335,Yes,0x33ac5b3802072813e354a07c99e29792c4d2df21fd35d4e960a204beb6e8c125
BUY,0.999,2.002,1767527237,Yes,0x230c0b2ed0940599d086789d5ebe9f674a6068dcbda0f0cd4cc78c868818160d
BUY,0.999,25.825,1767527187,Yes,0xd9cc215c0a81c93b6bfa432ff3d5b25b9fc40b72ea0afd4ce4d04aaee54f5532
BUY,0.999,27.337,1767526979,Yes,0xdd0eca853e961c88137f2024391a8d0ec3d5eaa3c9fc9757e1d94af40c9c0caa
BUY,0.999,25.025,1767526759,Yes,0x9265a83187d357a2adc6bbce13a9bae41b32ba2b5d7bd80fb9462ba32ac1d0c3
SELL,0.998,477.04,1767526349,Yes,0xd34afedf1a3a8eeab97c9a6c03766cee4d022f1f6d46d25ad8c861899eb5c31e
SELL,0.998,1,1767526291,Yes,0x48d0d0265a5a4fe4d6d552495093773711f73db0dbcae5a8ebeeaecdafce633b
SELL,0.001,333.33,1767526241,No,0xaa07820c1b25434f1a4beb3f36494192faa0e74d96aceceb4d058cf1d3b197c5
BUY,0.002,100000,1767526155,No,0x6cc7eedb2591da87235f1b544b0f6c07cc142ccb5f0b5ad5ad462248d304fee2
SELL,0.998,408,1767526003,Yes,0x89adbee39f040ae25cb4ede76c78b6ea3b9bc41f0a3871bda994e4ee783f00bd
BUY,0.002,5000,1767525967,No,0x59aa88239f4e3b09d9631d47bf28df8e8d1f1e96649734de9023670ea3e57a32
SELL,0.998,752,1767525685,Yes,0xe3300a74701939d9a20ed97a2aceb51e5923e071f1caa07bed2c0f178d47f61f
BUY,0.002,500,1767525539,No,0xc2fb31e8041a9948ecee4b09b4742e33e359899bd4b0b7568ed9abd65d4fde0c
SELL,0.998,8.14,1767525287,Yes,0x32f3148c6180177188ced28139cf3b2bd0d61f3cbe55dc1302248b8b5a53a4ee
BUY,0.999,8.14,1767525279,Yes,0x223f29d35610ca94c9449a232d5d55a3f525a9ed11c234da53621c79b780aeb0
SELL,0.998,96,1767525059,Yes,0x543996bf7b1f1bcce99fa92402f408354e6989bd6d787eadf79a3943d06efa94
SELL,0.998,122.36,1767525059,Yes,0xb69639b16d10b81d8457e6c1bedc769c4f220cc8de1a50257c9f20c6fdf5e9b3
SELL,0.998,91.41,1767525059,Yes,0x79ac998674e2fe9fc546d2a7da71ad4d3ad978c126456493abd66be32c339afc
SELL,0.998,162.56,1767525049,Yes,0x51b3bb5414cc195bd2371a72f8b0c3d83a4068646c5c2d17ae9f3fe1a7a31f87
SELL,0.998,111.9,1767525047,Yes,0x6bf78d37b81c85133de1533984efb449f50b5b0baaf91d3ac958291096ba7643
SELL,0.998,185.48,1767525047,Yes,0xd6d996207a4acfdd07620ae1ee6b4c66f911592804f8f1bad90e25a7fb12153a
BUY,0.999,91.411,1767525027,Yes,0x34e0c33320641db77ce2c4812d8b9e1e580411b06665bd0cd051b64ab2e78cb1
BUY,0.999,95.995,1767525027,Yes,0xaa8644f8d6d5a862186cf5c841d2ef346652cb71aa955aca4ecce6da6270c1bc
BUY,0.999,122.362,1767525025,Yes,0xf5669f44142ac2d6afd0b9381af60ad95bb1d90826a06507a6745ff7ff8374a0
BUY,0.999,162.562,1767525019,Yes,0x737af367728c975cb3763cf41648be903d5ebf0d0b0f5e267e3b45e7f8ad61d2
BUY,0.999,111.901,1767525015,Yes,0x03bfcd42176d5a8e7c34f36546c8bce80b78599e9b975241779988b02f571fb5
BUY,0.999,185.475,1767525013,Yes,0xdaaffd96dc2a56fd2f0169450c530f4697dd1d02e402b33cd080b8a8443641fe
SELL,0.998,91.5,1767524981,Yes,0x0fa57e75f20f1f8a160c28c44eb28afabe0518daba7018d39f45d51fc75097f1
SELL,0.998,96.09,1767524981,Yes,0xf60386a5cca27f6472ca0c80a90d675e52ef60ffa8590ce35eee82b110553059
SELL,0.998,122.49,1767524979,Yes,0xae26763f4e8e4d2deb29b22c841865e7d1cca9274cd39b01143f0cde1896d354
SELL,0.998,162.73,1767524971,Yes,0x6c86a3883cc1bdfdabe5151dcf7ef65b596b508cf38f44c2f5e412580487561a
SELL,0.998,112.02,1767524971,Yes,0x66056a533116fc620dd8531c63a9d55e6a08626ed97438cd926b1ee0d6ccfe09
SELL,0.998,185.66,1767524969,Yes,0x0249088063fc1d1d5881b49ab67326ab62e57c5d02eb56b1816812dcf80db153
BUY,0.999,91.501,1767524949,Yes,0x886570f2691d2f18fd7918440b8f3abc156a45bb6b9b194c292ee277c2d1af4d
BUY,0.999,96.096,1767524947,Yes,0x464a259b889f1c54bf17fe1e8fe29c227919f799a05ddb5dde7d60a7fa7b90a0
BUY,0.999,122.492,1767524947,Yes,0x8ae34fa4144f89a3fd25e6b98dbd5afbd5f6ddc485dff39d7cd3afe4a8ee02c9
BUY,0.999,162.732,1767524939,Yes,0x87dc45c6aec150336424fe9b7ed6a886e33f53dcef18318b3bff8e05032623b8
BUY,0.999,112.022,1767524939,Yes,0xc534fdbdae90a25d48ff645c73480b40b3927b4e13c598e490d861be8801145f
BUY,0.999,185.665,1767524939,Yes,0xf987122a63b381cb419e9b1acb4f55e7f0c64cbe43e3424488f0765bc0ad3842
SELL,0.998,91.6,1767524915,Yes,0x65707d8f9fe57522cae11a1e232b0f9c73ad99852ce8839abf3d39506d61c920
SELL,0.998,122.61,1767524915,Yes,0x1734412cb94aa44eaf0952ecda170b3e77ab4a6e52d4b96565ae67bb95641324
SELL,0.998,96.19,1767524915,Yes,0xd9fe3918b751a1b896f8bfcacafd646b3413fdbe2215868cc9f8ad1c239a574f
SELL,0.998,162.89,1767524905,Yes,0xf70ff69e711075e22ebb9cdb827a373fc6fecd778aa76e51338a82df2a4d104a
SELL,0.998,112.13,1767524905,Yes,0xa173e9185490364d5e3087a620d801d89977a086446aa3630d631acae85380b7
BUY,0.999,1160,1767524905,Yes,0x1c3b5c25382dfe3e6ff73003f67dfa00a328e5a1fc2c4566df0823ee6f7bca30
SELL,0.998,185.85,1767524903,Yes,0x29bf5109f4eff158bb59ecb25a096d92bd52d01056b33c2f136bf252ea6f7b00
BUY,0.999,122.612,1767524881,Yes,0x9e4232fb99202719d17ac143d6357c5867bc88347aae2f0adabd2cef3a5abb68
BUY,0.999,96.186,1767524879,Yes,0xa4b3f3352fc67ff8689fe5e9efdb2f798b68ca8f3efd1526c6db4d2b182ab8b7
BUY,0.999,91.601,1767524879,Yes,0x9166f447661c3438e3b4f0e80885320033c932355c05085494516962a992ea4a
BUY,0.999,162.892,1767524879,Yes,0x201fb362c3e269303874d5f726c4e11adfecabe5e2b4528327baf5a92277272c
BUY,0.999,112.132,1767524877,Yes,0x1cbe006ea9659095614d080513ecddc35f63f42094a427fadf548f0127e29562
BUY,0.999,185.845,1767524875,Yes,0x6434cbb44f1e3fec2265445d4fd93e37047d7a269b6f7def7beb59028e185ab2
BUY,0.999,32.292,1767524863,Yes,0x9f667aee76831b998c7824568de27acb229708444a44893d5c66f54fd6347454
SELL,0.998,96.28,1767524849,Yes,0x9ead543d7e5f4175f0c4ce5d6d9629f71a81ad7213ec3f6578d92b14e23b62b7
SELL,0.998,91.69,1767524849,Yes,0xaf85e37a48e79903370784fd43c583b27af7a300e62c5484b864df5072df8758
SELL,0.998,122.74,1767524847,Yes,0x71a158c94e1db05cd91cce5157e3a0483b02e80bec3c0748d26a61d3842e54c2
SELL,0.998,163.06,1767524839,Yes,0x4d105b85b53ce3ef872f19430ff08467cc153a9a457b0ec0bfb8e93d3697eef4
SELL,0.998,112.25,1767524839,Yes,0x0e7424b4e57c5f101ca676dcf13c299b50410b70313743ab4166336afab541ce
SELL,0.998,186.04,1767524837,Yes,0xf17f2247218e8311de987afc606f10bf0ef40db3f1f3097d6363fb29e024b266
BUY,0.999,91.691,1767524821,Yes,0xf8d5b213ca5dcdc5d0b5145d7e114b3faa84026d1b82b605d37cbecec9fa9a50
BUY,0.999,96.286,1767524821,Yes,0xa352866ff5830ddcf8b34b8e2ac7c37d46a4ee98e35fc942995ba00dcbf12f1a
BUY,0.999,122.742,1767524819,Yes,0x6ca8ce9560894e7d74c27bdd30a3ad943a40258ed9eb09470c66296c8dad45ae
BUY,0.999,163.063,1767524805,Yes,0xf25b6ad916b86f8b8993d9d9386a0cad74d0bc9f995bdb65a91c515cfd513aaf
BUY,0.999,186.046,1767524803,Yes,0x2669b31b7a4093bd5fe1494735ba48f3040db8256f88c1e513599befde751d6d
BUY,0.999,112.252,1767524803,Yes,0xfa16007e272f5b96fb0adc0428d4eec239294cbe6657128c6232d14ca3652ca4
BUY,0.999,11020,1767524775,Yes,0x0687b60b3603f7d9a98809b0934bf2d97dc726ae61cd0df6caf7a204a24809c4
BUY,0.999,380.37,1767524769,Yes,0x8590560cc750bcf66376fc3259075a970edff2e7f982d7e065578be7c036688f
SELL,0.001,500,1767524461,No,0x4a49835e08837c11d2867a88adc6657c1ba337d392d9942bbadb0bb89b7268e9
BUY,0.002,2000,1767524025,No,0x886839868888eb90835c1877210cdc4cbfb3f859c2eb81b39d77b0d61e7f06e4
SELL,0.998,115.79,1767523719,Yes,0x76d3c011ce9261ae04aa86cf870d174855a8450f90b48d45b7ab3196257cf881
SELL,0.998,116.03,1767523717,Yes,0x2eddcf910ffe1f06155bfd5c34da4f56fd64f43096e90e39648bca23e43bb18b
SELL,0.998,150.71,1767523709,Yes,0x13a25f5f60bd804651f70d3efd9f90fcf0c39cac578323319c75990c2c11ff00
SELL,0.998,173.4,1767523709,Yes,0x8f8c701a8b4fb2dd903d1b8440bb38b81b68e28b9ab8580711d4ee9ea555edfa
SELL,0.998,166.89,1767523707,Yes,0xf3334a9f3957fcb1aefa4032ca8eb87c2969d827e0b1aed9a5a73c057de732c3
BUY,0.999,115.785,1767523689,Yes,0xe826eb2b505caad2acfd0c9586e980b4a0bfb3e576d99ca0e4aa714dc147df5f
BUY,0.999,116.026,1767523685,Yes,0x6868e47b5c10cfaae8610426db4b24d7b5da18192b1be73142557be518922e99
SELL,0.998,280,1767523683,Yes,0x4bb5d8c92a4df88f545aecc1c8a998bf6c3bbfb903a9fa5f4e093fe9e6851497
BUY,0.999,173.393,1767523663,Yes,0x0855fd0027fd9d6c8442f65b66fa300598cd59994a127e227622c6daab96500b
BUY,0.999,150.71,1767523661,Yes,0x870b62871cf1693ffced5d201a85099b850b15ed596be556c6fa37d5ed656489
BUY,0.999,166.896,1767523655,Yes,0xa8d962d1043581c442b76d11cec4dfadb66bf3585f777e2053912fda80163c8d
SELL,0.998,173.56,1767523625,Yes,0x626cd44fea11c849d425bd829910420a477234982d73492f21dedc85d35e9f26
SELL,0.998,150.86,1767523625,Yes,0x8eb2b22572a58979e482b6bbf18c1b5005dd2ac8fa71467e066751ebbad2fda7
SELL,0.998,115.9,1767523623,Yes,0x707e345cc528657aeddf376572221223aa1a1538ee34c8c4c8788b2aed8eab5e
SELL,0.998,116.14,1767523623,Yes,0xa2c939f20dd564d7f8f24a88535bd0f25e9e569d34018cfec66e1e875e390355
SELL,0.998,167.06,1767523623,Yes,0xc61627c771df5cadbfd144122368d27b0adde44acb0929bd99c8a73a48721575
BUY,0.999,173.563,1767523589,Yes,0x67463efcec798852b20b2371c67d20ee8b9a782d37bd3efc3a9f7a546320c741
BUY,0.999,116.146,1767523587,Yes,0x101f940a1d23dca148df45d89637faee64d6ca36c044abc8dd5140e0dae31dea
BUY,0.999,150.86,1767523587,Yes,0xb76b27adfc63c59b11a868ed3472d69d81ed12f0d0aa1d4b27590b3fd4f42bfb
BUY,0.999,167.057,1767523585,Yes,0x870dbbcd02b0ead115adf857ac6748f129be54a7efc7df158ebcf98aeef66af3
BUY,0.999,115.905,1767523585,Yes,0x72d2981773485aea2d930b5d8bb1dddcda5f741dfdf951a0f4156551b1dbe772
SELL,0.998,173.74,1767523561,Yes,0xb8a80f6e690063ce9a801a31b6c1f93b847f55d5f7f6e0956287baabdfb3db96
SELL,0.998,151.01,1767523559,Yes,0x1925f9be1855353d6d8f67de2d5f38758941e9d42cf78b5d56ef743dbb08f7c5
SELL,0.998,116.02,1767523559,Yes,0xf0683b3b807298b1096492b8094b2c6b549d279a6dda44ebd8a056bacaeb95ae
SELL,0.998,167.23,1767523519,Yes,0x9dcabae406048e2eaa97748d85dfd02f16540dc303ab45a88602c8bcc5704930
SELL,0.998,116.26,1767523519,Yes,0xdd94fa32a883e1cc7822f9755fa86471206221bdb5a7f37bbb420367421e60c8
BUY,0.999,173.743,1767523501,Yes,0xc98301eb1150ea725b423586aa686a77c283ff0119b1f15bdd9cadea845e97a8
BUY,0.999,116.016,1767523501,Yes,0x2c5469f03edb99135581ffee485e4a618687f74a8ebaf743de8805174785e1c9
BUY,0.999,151.011,1767523501,Yes,0x56afb8b55f4165e033e3233712d0fae0dc3444ca98b93f7ed7c9cd0da3340982
BUY,0.999,116.256,1767523491,Yes,0xaef2eb895af87441b8d185f882ab08d774fa733747439f2983ec900a5c84e91d
BUY,0.999,167.227,1767523491,Yes,0xed06dcacbff9b0598f72712c0b1c84c21aaf7b361a3617aa5d21c1ea6f10a7b0
SELL,0.998,173.92,1767523471,Yes,0x3df8db6fd3cb49cb0549fa18e1d1602410cbaa2f15fd2afe556999c4139eeceb
SELL,0.998,151.16,1767523469,Yes,0xe5ba8bc42eb663bd48b469e6e7a707dac8506b99e05fac1315b4df3b5512fc74
SELL,0.998,116.14,1767523469,Yes,0x69f0d6229685d3cd361a5c3367814bd2697c3e24608bb8929cc53812057a14d2
BUY,0.002,5095,1767523461,No,0x2f473ba4e6d92a9ee012f48629b87ee81129b575ad1c3a783889c54b0972b93e
SELL,0.998,116.37,1767523459,Yes,0x3669f006c8081cffb2efe3047d59a0412c2dec0b44bfd9bbd05c69cb1c61dd23
SELL,0.998,167.39,1767523459,Yes,0xc73e49e4844f9cd51a2cb938554aaf78c6a1a5f77c1148e2f285e8071506de71
BUY,0.999,10.01,1767523455,Yes,0xd54f6f5105c7a0b79077ba5f7fb5f1663fddb3daa72cf0adb7e0b76e1765eb7d
BUY,0.999,116.146,1767523441,Yes,0x19a7a13aeb3e90c3e1624ce15ba6f7cce2722751634f981cd9469cdd68c6d5a4
BUY,0.999,151.161,1767523441,Yes,0x8963df340eba8ea373249dd7a79290f71682a6575cc3da8d8a871d54aee530b7
BUY,0.999,173.923,1767523441,Yes,0xb340d53a70b23319ebc73d91ae95b3defc081097eb9ca28c0df02061d284eb7b
BUY,0.999,116.376,1767523431,Yes,0x24d18a6daf912535a35c96218d7e33d4210d86210b118a490192a582c6613535
BUY,0.999,167.397,1767523425,Yes,0x5e9d32160e37ee5dc1751d0ebc2fbd510813a50834f91785a92467a2067be6b2
SELL,0.998,5.01,1767523069,Yes,0x85dae0a59f6f827545014d1ead1d2b05a2da0a972882999841610a52f8d7b52b
BUY,0.002,4160,1767523051,No,0x6f614bd9c6052a5db1a4f8f36fc4ce4c2d88ce0a323015da39c61a0c7a25374c
SELL,0.998,0.05,1767523025,Yes,0x8b8dde7f67ad5e9c388bf946d0cae6be9bf553221afc84419becbd4c4b04a91b
BUY,0.9989999999910834,52037.537536,1767523015,Yes,0xb22429a9e3ad67e73b5a2196bb520c7475092e4b52ad0efbe5f1b84b749532bf
BUY,0.002,100000,1767522811,No,0x47495d2a265351f30231b8bc0743289952451e671f52bee1ff85ee751531359d
BUY,0.9989999979791926,477.037036,1767522719,Yes,0x6af25a472249a905c4f1a4c4fa038a51d36690a148c8046bb4d6f934fd26f918
SELL,0.998,477.56,1767522649,Yes,0x576a3372adda58e75e0f1127cce656b891f9c6b37954676f72dada15110aaddf
SELL,0.998,20,1767522641,Yes,0xa26842a40c2389193706ed9aa2cb4f7455d894ecfb289f677f0dcb5d44df6c17
BUY,0.999,53012.01,1767521913,Yes,0xe036fb7628e3c69302481ec290efa0a4a44dea9167e7996c4f38f54ad8e01075
BUY,0.002,1500,1767521901,No,0xa9761da293cd50835cd641751ce505dbb000cf2129b7064684bdc19a8204d732
SELL,0.998,163.31,1767521727,Yes,0x64bb80be3b217fc055e9304c42bea905319a54647f66dc4edd31cc9387b2d68e
SELL,0.998,188.56,1767521725,Yes,0xbcd1b88c2567fb921b88e99f3d26cb9fecf52520673c62d28e3333c1ca6c23ea
SELL,0.998,151.8,1767521725,Yes,0x0aa1e375b13ca29f01e80a67a9f1d7871c7cf9ca060e4366c752e0a483383389
SELL,0.998,153.72,1767521717,Yes,0x101cdfe867db30e838e07cad5fb32c12fb040b8d9ece31ccaa74503bc1f29161
SELL,0.998,122.47,1767521715,Yes,0xcf0f500d5e4093eb6626e54cafaaa01a4204bc6e827c38941e3ca323eb1a5ea6
SELL,0.998,136.78,1767521715,Yes,0x885953c65b1cbda12e4ff8f24ee3f4c8ac93006e777a398a1cefab5c2507ab76
BUY,0.9989999976505972,188.558557,1767521695,Yes,0x217cb6339f7668d264c9c90658ec71ef8e3db5d14ecb890ec069c5391bb994ee
BUY,0.9989999957872387,163.313312,1767521695,Yes,0xbb09f46f28cc74d832335694d03a80fafd79654d339db18d3272dd9e087ff76f
BUY,0.9989999986824926,151.8018,1767521689,Yes,0x16251bcf2ba1f62330ed004584e3fe27269a7fc3990e5a5372edf3876e21ca10
BUY,0.9989999981915608,153.723722,1767521681,Yes,0x30a1c2aa9a620aec0ac9b751fa1e5a69c8535f20fdad3057af25c85b8f98ebd9
BUY,0.9989999955986513,122.462461,1767521681,Yes,0xebf5952c8a43cfa02d1de49731161250b270618d894789b0dbcedbc93c3062f9
BUY,0.9989999984282107,136.786785,1767521679,Yes,0xe93d7a8151f585890c1f1d2c49947c41268502443379ffeb76d95e9cc017a301
BUY,0.002,660,1767521671,No,0x85b4f710fec714ad84f50f9c694bd16eceb3f961e1e705b36721c6fcf6c42c1f
SELL,0.998,163.48,1767521657,Yes,0x12755900a00123b4921f17dd1d4d96e9e8af485f519c46ef6e5e99d26c0c1d30
SELL,0.998,188.75,1767521655,Yes,0xa61453276fb9d91cd5873fd35c67b298b41b6bb7b925cf0984314f6c86384edb
SELL,0.998,151.95,1767521655,Yes,0x776931203ba4d6c596b9ca421ac0e3f96076f04949f18c57f01a8490be46c1e8
SELL,0.998,153.88,1767521647,Yes,0xd172b4582dd0c298eedb8e9da919a1ce6559931c45d3ce350647b7b66ceb8213
SELL,0.998,122.59,1767521645,Yes,0x24d89707ce168e630dfb1698d1eb7f0d9c7394e41f194c1b976b03d2989c62e9
SELL,0.998,136.92,1767521645,Yes,0x1cdbf913202ce0f739f94b291df8a5338598900448a328f3e8715240ededef9a
BUY,0.9989999967701182,163.473472,1767521625,Yes,0x2fce4cf8a769c07e437ad8d155c9d3aefc8f216318cd09150ecb035238c3060b
BUY,0.9989999986595938,188.748747,1767521625,Yes,0x617f8b9ee41a4180d1ba21fe40edb33acc54dde2423c6c66a02aaf5fd8839da1
BUY,0.9989999996709487,151.95195,1767521625,Yes,0xfa10bd9a2e771f6172e107a5f08029e5b5a1bb53ddc2a3029135a2cdbf006156
BUY,0.9989999991681499,153.873872,1767521611,Yes,0xbac2dba7fa674b376a3c0230aded3e2e79eb47abf220522ea47c15a9b6a223f3
BUY,0.9989999966637462,122.592591,1767521611,Yes,0x224316af10ed7c34ef9ec3dbf131863ee495e3e06f2f5fcb76046ec39a31115a
BUY,0.9989999993791856,136.916915,1767521609,Yes,0xe570f4072e255313d2e3747bf3dca6904bed23b28e998c7f1f40b30074b4eab7
BUY,0.999000000999,1.001001,1767521233,Yes,0x32db5216ac5aecf21792cf3bf18f9534f4cc40e1fde67203138dfe3458ad69c2
SELL,0.998,67,1767520927,Yes,0x93dce54b55fd3a5d0094eab131951137d427cefe8b5d0e02b0f997e65ee89fb4
SELL,0.998,5.01,1767520879,Yes,0xa1d793e541f1226a3a9653d541a9677e8e6330b970e2675148e271c181e24f79
BUY,0.999,5000,1767520651,Yes,0x34b112aa11b84a90746d39a73fcc0395e1ffce6a68538b0728ec433819d55edd
SELL,0.998,163.64,1767520423,Yes,0x65b10ec76df49d4cb48ab18205210ff587d223569a6c4e198d96cb1deaad9007
SELL,0.998,188.94,1767520421,Yes,0xa05c4c7b7b142fc935ac9606831aa909f0a92c35a88a3b8ac716c57efaffb2eb
SELL,0.998,152.11,1767520421,Yes,0xdd9a8c2d592b9f4246d7bbbba17a3fe4b9178907b31b6bc6b80c2822e717f627
SELL,0.998,122.72,1767520399,Yes,0x39f701d3a37053de12d85d69701c219635f519afee801d58d75d13c78dd4f05f
SELL,0.998,154.03,1767520399,Yes,0x85e68bb744d2422054ea9c28deab5b727b9c856526efd39210f251d3ff9b6d24
SELL,0.998,137.06,1767520397,Yes,0xdb467818ca347eb59828aca407f630c864c2f3a47f7a9e31793a4e1bca8d9eea
BUY,0.9989999941556265,152.112111,1767520383,Yes,0x070783fba59fd48416342ee9d4a4eca11e553cf0e6e45864a95e13a1ba48cc4e
BUY,0.9989999978123195,163.643642,1767520371,Yes,0x1c47f5047ca06cdc8c42258c3afa9bb684282299e73caf0d6ac4c655fe5f5c86
BUY,0.998999999666559,188.938937,1767520371,Yes,0x41d3b05df0d475278f9b334dc5cae98ba1cf9a8b30b3f7f6efeba31ffe1a9d4b
BUY,0.9989999937221666,154.034033,1767520349,Yes,0x03038d6da3948010f44ab9b8d002fad80779b009bd2c24a3c9aa1b76237310d9
BUY,0.9989999977265823,122.722721,1767520347,Yes,0x36eaafa9c2c67cb2c32b07de75902371d7c90745cafb1b5514a080161439b782
BUY,0.9989999931123575,137.057056,1767520347,Yes,0xa45a83f71ad2bdf05bca4da3071fad44bdfd9bba82cc81e37cb4a1284d236fd6
SELL,0.998,163.81,1767520335,Yes,0x6f78bca02782074b01b8a9220e526072f94b67acdb998fb57f5b2870442aafb6
SELL,0.998,152.26,1767520333,Yes,0xf18a95000ab67aaab1aa66fa51ea4ccdfa90ac66c6096bd4eae8c78c8e2c7928
SELL,0.998,189.12,1767520333,Yes,0x46ce6eb77790ccd76e8dc224ed702993c8a02daf76b4454851caac74ab82d5ec
BUY,0.9989999988523556,163.813812,1767520303,Yes,0xe28fb1e27c4947b8402bc85a635f0a299e771b6591047cd5251a174a90db5ed0
BUY,0.9989999953893934,189.129128,1767520303,Yes,0xa9b7fad3de51280d6105d7a339bd37301235bbe0a15c69c7d6fc8d559278d9c9
BUY,0.998999995146532,152.262261,1767520301,Yes,0x893e9a670a6e3e369683645ead809657ccb7b1037f0d73c3b31a062003651598
SELL,0.998,154.18,1767520293,Yes,0x916faae385332408c34204ed9ed1936c6201ab2078dfd72e8306db3b81d9a541
BUY,0.9989999947011426,154.184183,1767520265,Yes,0xe5e999a1bfaa0e25d9342f3dd204bcb734316155bee1d198c64d2c2823a3ce0d
SELL,0.998,122.84,1767520265,Yes,0xe662d028fda83580e1ecdc832a0122fe840d0817d8556b886291ed826e013329
SELL,0.998,137.19,1767520265,Yes,0x62d15c21d7ee7bc59aa736359303d3eed23c809b0d26488480c5ae10ce461be7
BUY,0.9989999987056633,122.842841,1767520235,Yes,0xd28bea5a94366a9bbbd6cf2d1ba326a1ab738f1ce2b38081749358b242cf4533
BUY,0.9989999941398219,137.197196,1767520233,Yes,0x3cde1a01e568bc0c9ae7df5ac034d51c2b1b35aa3043882152bc32098b93d8b2
SELL,0.001,500,1767519997,No,0xb00e2d507270803fe863b6b6228ae63fab9df70f456105e7064d0e4f1d4d6959
SELL,0.998,500,1767519879,Yes,0xa7e673c26686b80c2795a1ead487a5c282bb498e2ad2b138126132695eac3979
SELL,0.998,9.01,1767519827,Yes,0xda682f28ce781dd557105e8572fe62abeb9d85d14682955ca83de99ad965a8ed
BUY,0.999,9.01,1767519813,Yes,0x9fadff3b395c5829d853a40288373cb08cfe82829852737d86ba87463d11b0c9
SELL,0.998,8.8,1767519649,Yes,0x39d08f2911079889a2bfd04d11e4f03dba31267815ac7976632989217ba29ecf
BUY,0.9989999997773833,1931.57157,1767519621,Yes,0x167be1a40043bc74313e41ba2a841bd245948c650d4577efa5908e647f067f3a
BUY,0.999,8.8,1767519609,Yes,0xd579bf3f3e673d1bb61f08cb83a3af937db43960bdacb48bf48d6ac22ec25937
SELL,0.998,120.37,1767519577,Yes,0x3fd392a02871370925b33024a54dedc502c20513f71e99ca7355bfe83a1ff83a
SELL,0.998,155.99,1767519575,Yes,0xb5232130490f11f93859162cdd5d8b25d298bed70eaede20ad94902d3ae6d559
SELL,0.998,151.39,1767519567,Yes,0x416f731587af9a5a7c9202b15c76ee2955969629b44a8af1d7dde254f5edcdf1
SELL,0.998,140.62,1767519565,Yes,0x47eeefcc8982e275a413adffa964e02e8a5b4c74232d64a3f9024c19ab5bf0e8
BUY,0.9989999947578461,120.370369,1767519545,Yes,0x330008145d8509217f5bfa12361778d5178869e5abfef47406134e91694ace95
BUY,0.9989999998974267,155.985984,1767519541,Yes,0xc7444ff6d529f3a67962d92304ddd7ea07950cf2a36568d9c9ef865c3b12f329
BUY,0.9989999959707088,151.39139,1767519533,Yes,0x3c6ca1ee5a3125b62c3814c6d5974a8639c3e5407a031213c6fc6bf9e384059a
BUY,0.9989999972905823,140.620619,1767519531,Yes,0xd1de004d55394de27fff717787c57b80db4a13808b6155fd435b153dcd9c8f4f
SELL,0.998,0.06,1767519515,Yes,0xd13974978936cfb062f43e0dee389b03d569fcacbf5c0a0166c4b860cee5ca28
BUY,0.999,18577.57,1767519501,Yes,0x16e5824e1f333b083a0abe5b56d047e57caf961a010f7edc98e61249aba9f2eb
SELL,0.998,120.49,1767519485,Yes,0x4c4093c71c9aeeca6da2c3a154db7e613da20fd66074ae4e7c941a61649a2a0a
SELL,0.998,156.15,1767519483,Yes,0xf53088d4b6f687d8dcd66bd74b62d744267c2d74153b6c8c99d5a01faae5f0c7
SELL,0.998,151.54,1767519475,Yes,0x5a6ae0b993c36d80833e2f0e9a20c68ac57437bf9410f9dd4d72b23a7e79596c
SELL,0.998,140.76,1767519473,Yes,0x434b1d5dc202391b2c7ba74537538979c830c17954f627b20c6ab0b792b1a735
SELL,0.998,0.29,1767519465,Yes,0xd54970593dd36c9eeefa03eded515000b6f6c64c2307a8c88db9bbaefa7c7020
SELL,0.998,0.29,1767519465,Yes,0x00d8505fbb911f4a62ee429e71283b5a8bc0fd1646bfad5c32c72cad1f0d0e25
SELL,0.998,0.29,1767519461,Yes,0xe5afa2f030c535bc382e5969110600096ac3f24bc42d5882240f7cc6c1c7aafb
SELL,0.998,0.29,1767519459,Yes,0x7cee5428db2081d42d8c8120f75e241dd6d9e6f57bac04f8ab7b11ddb83f8bb3
BUY,0.9989999957590013,120.490489,1767519455,Yes,0x2f54003d30fe6c4d0fc595409eedf46cdaf9b6203f65a109c0cd99359403a18a
BUY,0.002,550,1767519455,No,0xc4653b679f74d1e1cff7b95c24f6f8b9c35fc9a1254cdfcc48f4feeaebee400b
BUY,0.99899999458875,156.156155,1767519453,Yes,0x84c58ec127f0a26846981e556a1b504bb8c8038bc9871594e9c7185dbe5b6e3a
BUY,0.9989999969645287,151.54154,1767519447,Yes,0x2647e60f2c6584d11d6fad1b3d5686bb10cd18dbc6a85d43556c04b788c007ec
BUY,0.9989999982878751,140.760759,1767519447,Yes,0x1d2264706597b44e496241136598126fc8ac870d7fe9c183af5693370931e9e8
BUY,0.002,550,1767519305,No,0xa2f93a2c57db2a2992b45e695e447504f1952cc7da00a11a5e743656de0985d3
BUY,0.002,550,1767519295,No,0xa4106ef4b31c04ba95218576995ffef54693cfd6d80a7e5b4c063831abca2343
SELL,0.998,120.61,1767519281,Yes,0xa0d2acca24a4a771907193e30f6812cbf7049cef5674cf92668df68fc5f83755
SELL,0.998,156.31,1767519279,Yes,0x776c1a3b17ba17416e1212b20d47d00abaae0fed73a8a5140b23e80f8ec45601
BUY,0.002,500,1767519273,No,0x040f6700fea50fcba9551e98ae9538e0204e253bce993ce1af17edf0e82803fd
SELL,0.998,151.69,1767519271,Yes,0xd6e3bcbc2f5aed2fce4ef3c9bfe282ac313a06fc8bbe3e6ca45464e1f8bd4054
SELL,0.998,140.9,1767519269,Yes,0x6133b5b91f818e16aebf90285fe9a17aa475ca2f67e44d5ec30ff8a4d7de7241
SELL,0.998,1.48,1767519267,Yes,0x07e8138ead4014f9908c986c97f8ffaf735f7c4922424cd80aed4bd523b925ad
SELL,0.998,1.48,1767519265,Yes,0xf4ce87139e78d09f7b3042496153a4d5d60294222f26ee5b72ae510ce6ee498d
SELL,0.998,1.48,1767519263,Yes,0xfdb3eec8c9aabbc2bf119b04efaa4257fae05fb7ca8ad96f7179909a40a793e3
SELL,0.998,1.48,1767519263,Yes,0xe40559633f9b658730380ff1bf3ca6a4950a163d59ee8b3ddd4e97b906a2a85f
BUY,0.9989999967581624,120.610609,1767519251,Yes,0x7c432f4ea9c19346c0f9981fb2b6bb7040f5707771e2b7da57ee3115bf0319f2
BUY,0.9989999955536023,156.306305,1767519251,Yes,0x519c5326b1309654ca7f9cad8d4ee53bfdb9c716e535d0ed024ee1fb9c494f3f
BUY,0.9989999979563812,151.69169,1767519247,Yes,0xebfd43598eb58944c61432b6c0335eebc5e95143c4cede7d935049b10a964193
BUY,0.9989999992831842,140.900899,1767519245,Yes,0x08de4bfc90b361d7816cd9f3808ca6dc8252a3cc889b039b1c36c4b9e7b9d93c
SELL,0.998,1.84,1767519165,Yes,0xb33977b71bd777108186b03867a97345fe8d1bb62c30d02dce1b212dd16ade4c
BUY,0.999,67,1767519153,Yes,0x69f3d98dd28c0ab4b170a2418e3126fca7efe3d8cd51733f8446aaf38110c26b
SELL,0.998,156.46,1767519013,Yes,0x9a364a4b557f5e76e3226bc931abaa69e5350951f78ebb33f35f0e282e39f4a7
SELL,0.998,151.85,1767519011,Yes,0x7f2a5a7ad0f4fe50b54ad55ba1db2311a19d38c33392608bfa111fdd2dee9a6b
SELL,0.998,120.73,1767519011,Yes,0x8c28731bfd3728fd0a054f92ec911792ab982f83aa195c9e8df30af827a5f993
SELL,0.998,141.04,1767519007,Yes,0x0894015cdfa6307d4065ccb898905a1adf8a98c37d6761a0f4f9c9c0ab3743fb
SELL,0.998,9.22,1767518961,Yes,0x1892c4029a85acb2adc464a4348500dec22dfc3dee18a422ed742e38e1a2f112
SELL,0.998,9.22,1767518957,Yes,0xb21babc4b0002cf7003d2501f2c7c17a637a308804c6ac3150394e7381c5a8a3
SELL,0.998,9.22,1767518957,Yes,0xa6f0d3dbec7a7ac484642b45bd4d820cd60c6196bca75afa1b58559743905485
SELL,0.998,9.22,1767518955,Yes,0x35e7b9df6b6cc6dda61b26ea55a331f8b8bb2d7b5787fe8aa182b5879b7362b8
BUY,0.998999996580737,156.466465,1767518947,Yes,0x6707acc26d266715ae8d6c9bc0a5ace3c4efe3912e3b54c4fc4fb630075941a3
BUY,0.9989999977553353,120.730729,1767518945,Yes,0x84bba79e157a4fa00aa1a4ac3dad1f56ebb0b007ababd843981b0abc1aff74d6
BUY,0.9989999990121952,151.85185,1767518943,Yes,0x3bbb563fa8742d0e2ffba7d9d1356a4e265ea19d34f7e8a9e74238b3cfb5fdf9
BUY,0.9989999931934705,141.04104,1767518941,Yes,0x3ca74fe7be5d3fa118feda1430954b630c6d6430a06334812b8354bc58a94df2
BUY,0.002,1500,1767518803,No,0x826feecc01d096f3c7f01eecd8f38e2b8eba9acf55fb63cbec9c373f263e272a
SELL,0.998,1677.81,1767518783,Yes,0x03071618de291e6db8ae5b79f37c3b5b3805f6116099bd0d2025304483343341
BUY,0.002,1000,1767518703,No,0x44d791e59415106d65ab21ff6597098f3f4957e9b099ee4eac1e64ce1dd6b609
BUY,0.002,2500,1767518675,No,0x77b7bdc83623f8b3dc914357a10952fb07631199c841460f60fcff3f9dfad90d
SELL,0.998,11.52,1767518621,Yes,0xc4ea867f082ee71cf199829cb19380024c3d2a06ba86d3aa9872cb6eb2574090
BUY,0.9989999833825828,51.15115,1767518609,Yes,0x05b093a1adf149ac1b79bff5b3dfd41912c8ef3b17080328ce8443158d1db17f
SELL,0.998,14.4,1767518547,Yes,0x68677d1164a4c8dc05f578b217d2d1e4da102dc5d15698f34a5e5b37a36368a1
SELL,0.001,3333.33,1767518535,No,0x18c41681070690fed18f5e128e5f67178228d063f9f807adbeb5f1fe1a2d87e1
BUY,0.002,550,1767518425,No,0x3427b59ec8e41488bb28db305e587d7d14fdad1051229ed2e11fc5b9ad7fdc06
SELL,0.998,18,1767518207,Yes,0xb3b96538841ff95be95f6b2d55c3d40021099e125b50199008a23d0b328eead6
BUY,0.002,550,1767518195,No,0xeba3b8c1c2a3faf7c405bd27cd8627ae501ae48f81ee911024e28fbf3d3d9903
BUY,0.998999999809062,2461.53153,1767518191,Yes,0xbed09a0097326d76938c33782f9cde0e59dba206f30e5371788db4ad0fd40884
BUY,0.002,550,1767518165,No,0x870b5fdf066df1cafe18689b194fe7c96f722b3f0945364a2b8f33534a07a7e0
BUY,0.002,550,1767518105,No,0x080ae153f3a47f769729ceaddded83151bec54bce35c0ba66eab0e7d14793d4b
BUY,0.002,550,1767518043,No,0x42a5e53506cb6ddc5b21fd5a18a13a1da0ac7513577101719078ac57aa506fca
SELL,0.998,22.51,1767517247,Yes,0x269bee2d745bd4ba55b4a3094c36fc479683ed0b473b51c07acf965d558163e8
SELL,0.998,8.11,1767517237,Yes,0xad459c3476d11d11f99d1b69b34c6e7295ce4e3a125a83cc1b1c2544176baaad
BUY,0.999,8.11,1767517227,Yes,0x31b8264c49e405ffe5902bc2a9b6508c5c49ac32ca79390b241b20ce0780177e
SELL,0.998,28.13,1767517223,Yes,0x72bad0d2cbca3dbc49ec37038205a4981c07c18f7207fdc0a7a667979a744067
SELL,0.998,8.65,1767517215,Yes,0xb984f66a2a84bc585b5cdd3baac5f1cfa0526673769c0f1f3fd41cc60ceef6e7
BUY,0.002,500,1767517215,No,0x0d57e81e3e86a265d8c28a49eb87e88c265206282134b189497fb34e54074dce
BUY,0.999,8.65,1767517207,Yes,0x690efa3efc379c95b53d9324052ca67a1f9502fbfa512c744c7229f5acac3baf
SELL,0.998,10.01,1767517199,Yes,0xf74fd76ad73f554976b1ff5062ef42ce5a73cba24bda9d9becb111b6ee0d4048
SELL,0.998,35.16,1767517177,Yes,0xca5e76caefc24ab878227d57f03dd66b1fbe61c821b5fb4dc174c240e40ca7b2
SELL,0.998,8.43,1767517171,Yes,0x1bd274668e9718405e3fcdf4327850ef4f05f659ae0a90f43c03e34d0696a1a4
BUY,0.999,8.43,1767517161,Yes,0x076819475a8ed911ca1e245ba7105c4d18199e4809450cbc89c19d64bbf8351f
SELL,0.998,43.96,1767517011,Yes,0xbdcc79a1daab09c74e836a451bb9a9bb7a06549b470ab4e1e51804c5ebf80ec5
SELL,0.998,8.23,1767517007,Yes,0x8a0319c81d1ffeb7db93deb9f188454930754604148a1055a86fba268a353770
BUY,0.999,8.23,1767516995,Yes,0x0628b3209e55a50399fc9743bb6a31bec15fa8c55806de2b8eb31c045b0159d6
SELL,0.998,54.94,1767516925,Yes,0xece8ffc582f040392da803a3c5b8e8283b3c50e937fbc65683a24c9aaf0bc685
BUY,0.999,1804,1767516913,Yes,0xd81a8292be5b24aaccce8bebae0f7a6773082d4d87f4bbef97c789a36a513c85
SELL,0.998,68.68,1767516681,Yes,0x7021b8d3dbd4ef1961babe9e3b7ed360178613ffb983601c0fad7fa2cdf65acc
BUY,0.999,80000,1767516667,Yes,0x8f27d65d7ba03ad9fd7e92da61ca91354f712d181a791151c4b5145a23dda373
SELL,0.001,462.5,1767516587,No,0x9dc437fd7ff17141394eedda2048cdd6bcad0d4d006ea321de725b4abedf5bd9
BUY,0.999,100,1767516353,Yes,0x31770afb9366d380db47e56d63cd06a9eb34b99081772af3e20f70fc67374b98
BUY,0.999,20.02,1767516341,Yes,0x2f4cb217186f07416a12574220e706a142d7e98dead41b393f674558c8e670a3
BUY,0.002,1500,1767516039,No,0x6aba6ee8e19db6db71de4a240c9a3ada7d6ea26244f6623b8493734906b33398
BUY,0.999,1.001,1767515579,Yes,0x703a84c05ded9675263858c94dc5e24799ef2c4b11511a6a96584d96aa40cf27
BUY,0.999,6306,1767515021,Yes,0x0e1e6ff78a4180c530e007e180b8c1fcaaed8d10fa46c247c6ae7a01294d183f
BUY,0.002,500,1767514643,No,0x13c8a207ae5492146908725257fc8a197432c8133fb68374e78a456c7c702b54
BUY,0.999,10.01,1767514621,Yes,0x71d8081303109630697821b55834377bc3cda46c69f156dd201a066e59fbe1f0
SELL,0.001,6181.42,1767514569,No,0xada545afce7510d2a76b8e044ede022c27b5ee2b1e29f629babbb4b55731de61
BUY,0.999,146,1767514491,Yes,0x0c99ab893878f27e339c68cb7aa43bab721b71891bfe2a1c5d5de201c0a43ad4
SELL,0.998,532.56,1767514357,Yes,0x12d966d5f6ff22f197a9f1854d2dd6926266c38c2c1a7fd462248782f97a98ce
BUY,0.999,532.562,1767514335,Yes,0xb4673eda68ea774a3d241f80519ec40d72c6a9bf1a5d3df72a8914e4e54351a9
BUY,0.002,500,1767513989,No,0xcc7753c9740c972e336f243c8eaa09e151b7ca7e4bbe231b0883a45435a33fd6
BUY,0.002,500,1767513969,No,0xa58c374fabe82b657b0a5dc6869a033341a2fbdd1c1edc5929f6b29b4100b8f8
BUY,0.002,2500,1767513889,No,0x88db5a78acfecfb9f26bb583a2b7869930b31b6e0125ab063c31b2a2333eec4c
BUY,0.999,1.331,1767513467,Yes,0xf478ec0704975f693b9f30d5648bf5cf9b0cfb019e2a84603a34d5f8463b948f
BUY,0.002,500,1767513377,No,0x755147d10105bd0227c0ee09e14cbbbf116550460e6e849db61ea9c39c475722
BUY,0.999,10.01,1767513273,Yes,0x5244eabdeed99a351c8191b6f8d463f20a33d3ae468a0248d0c4c3f52269b3ec
BUY,0.002,10000,1767512653,No,0xfc11b0a0ac5fc2ea252c41ed952343115ac05b78a302d6ab6e2178eaac867e03
SELL,0.001,16000,1767512435,No,0x0d271ce9f4c7f6047aa5c5671a25f536ba721f84ac2c5c7d9d6a633a0569b840
BUY,0.999,5.005,1767512239,Yes,0x1bdd14af124f0f841cddc92d18a49d477d5b9d9c8b45b49f9fb15fa9ea7527a7
BUY,0.999,25.025,1767512187,Yes,0xaaa127b64af8bf7083f1ad316bee4721844143ca7bc3027b7f1f0c1dac7ce5b6
BUY,0.999,477.557,1767512085,Yes,0x728ef22775e1ecf3e8f756042d8bbab297dcf97a4f9b7d1187226157cb916d87
SELL,0.998,478.08,1767512037,Yes,0x1a38f8c70a5439451b465c8961af4f53118831382235b9de8a1f4b1567249c8a
BUY,0.999,478.088,1767511979,Yes,0x24cb5b6db535ed5e2de6a758738906f1f71c9ff08ac0c68ed93f44ac46967fd7
BUY,0.002,1000,1767511555,No,0xc32aea98b8b777972cae8f768d534e899b898f71e4faf4e7d6e4f1d1c470698f
BUY,0.002,1000,1767511025,No,0x84c1bc8384375a4ce6459572df5c3472450572b91b12cdb8c8c5ef24ab0fef99
BUY,0.002,1000,1767511015,No,0xdcd2f8ab4605c3928e02a351b6b040afc23a78530a12636024fecee7629f8a20
BUY,0.999,24392,1767510871,Yes,0x3c25759df4d69b0d4446c394a656915e1ec57bd15a3e8b84f4d8700068b5ee3d
BUY,0.999,900,1767510611,Yes,0x9bfba433ee9a5b92d21392a96fc9a23f8c50b51d8588c400bf993f6865c79595
BUY,0.999,30030.03,1767510441,Yes,0x38faacd454ebcb4f2f9cab49c04efdef4a2430e3588bd9f7249c48ddd42995d5
BUY,0.999,5045.535,1767510373,Yes,0x74db4b35a7667711979747c072315dce29fe98583a5b70395f9d72b736c3a885
BUY,0.002,1000,1767509493,No,0xc2e2faf7867ee427c6872fb8c459ac4a3b55cc4d11fe141cb524625d2d704173
BUY,0.999,20,1767509415,Yes,0xf67758c7d113d95133dd0eb10bb01830f8b6d7ef4ff46b1cd1929bd0a0c6944c
BUY,0.999,6,1767509129,Yes,0x41c4a91bba7ddf1ca0ab3bcdf3f9ef9162259c3287c96345e5eec4fb9b51ac22
BUY,0.002,500,1767508975,No,0x0b61daae3c02c0dff090b0b9cdd79c8efb3c1a6b6fc97929307ae936ebbfceb5
BUY,0.002,1000,1767508933,No,0xbc02f00461615b903de37a8eff7a551783840159e02c46b207217ff45dbc1724
BUY,0.999,3.003,1767508915,Yes,0x840c7a8bdb04bcf00cb6c087d42ea59fcdb1f76ac1bb288ae7147e36da89d52a
BUY,0.002,500,1767508747,No,0x2ffdda5cca447ac8eb6b094e96a66ac461379c4128316fd2e7f9f7adb16bdacb
SELL,0.998,101.39,1767508433,Yes,0x1e7e2b6ffe58ebf1cafe3ed40c29eaf36f7d6f1c46d89e58044f6a55bbff9b15
BUY,0.002,550,1767508401,No,0x4718d754f72b64f4a0bc26a35b28c423d9551acfea6b4c4c4e6736eea761f022
BUY,0.999,101.391,1767508393,Yes,0xc163f3e589b5ee058f31b5a963f944ee44c9ebdfc88ac90d06a0c8cf9591da10
BUY,0.002,550,1767508183,No,0x0dddc50edfc5dd4c0fefaec8a6cca08a9dc3bcdb3e72a337198073c2c14686ef
SELL,0.001,9500,1767508175,No,0xefb0ffd7357a7fbd5392903410b4e087e25358662245bcab689a1461501ec21c
BUY,0.002,500,1767508099,No,0xe3d7a188e5a6f9a0e5b6f548a1cb6afa4c74558a1036ea43abd627f5ab8c81c0
SELL,0.998,61.63,1767507447,Yes,0x14e921986e930a7d0edf6aa518732fe976c6d465804e226ad34e0b306bee9baa
BUY,0.002,10000,1767507271,No,0xee56399cacfaa9dfa0ccb6ddd698a4288a521a31c68d4489b2cbc49ceb591182
BUY,0.002,550,1767507227,No,0x560ba57a72cbe27996ed491fb63c2f821ce1c1df6ba5615bc9c8184db9076822
BUY,0.999,61.631,1767507217,Yes,0xa8ef26b7ac70f9482a8e4cf6e32c8885a7572d791972c5154da72480c6521861
BUY,0.002,500,1767506849,No,0x9b39c936bc1db284cba5f2570312e338f0d81b1f451e2559dcc933411ffd51a9
BUY,0.999,1.001,1767506257,Yes,0x86236dbbeed65467fad250fed3176391c77362a7bea9be31a166feb18c9612e9
BUY,0.002,9500,1767505875,No,0x3178ba1221c766b5f8151f4071d0a870d576d8b61525d58c3fb6be4df1227de7
BUY,0.999,5.005,1767505357,Yes,0xc3b97d7197a054d79abe6902817873334ee031024a8c362ee980ba323b2d2fe6
BUY,0.999,3.003,1767504993,Yes,0xdab734c77e36eb7a6d3f7253c3b63d7b921122a4425877f9a983a5d227008199
SELL,0.998,2.04,1767504723,Yes,0x756b3f8260da8180c0a38b96829eea3878a557d0ef724bffd4d8577dc02ea089
SELL,0.998,103.25,1767504597,Yes,0x5ba8e46a42c3b965a8108dfe4a9d8808e64f0eeccc949dee9df744dadcda3dfe
BUY,0.002,550,1767504579,No,0xb30208f35f0d7a3090fb6124b9fac569bf26dd466ab7dd823de5641f0ea6dec9
BUY,0.999,103.253,1767504571,Yes,0x39abc0f6250c65c19165b233675db1a4e0cdaa38c25ae14b41304ab10d305c07
BUY,0.002,550,1767504445,No,0x7ef8e7b51c9036906467dc850d6910994ffa370fdab4b5d7d061779467e97e76
BUY,0.999,600,1767504437,Yes,0xc847d25f9643d5f896409c386a47eab85aa7400f71fd916bbe8c2b28c3b1e1c3
SELL,0.998,17.09,1767503819,Yes,0x15e948b31e6c97d1b074434239534f072d99bfd416c9202b3ca712a185e0803c
BUY,0.002,500,1767503565,No,0x8cb2bf1ce955cf471d2d571eb3cd0f159074a1549d6d5fbbb0ca988245e2762c
SELL,0.998,2795.65,1767503275,Yes,0x1c09599b6d2958e02f177e41f76f90b788e82ce5871578f7a2c669ee0825239d
BUY,0.002,500,1767501441,No,0xf9df30ac737e4d31fbd854a9a85ba84f1707da5cd08ef0aa4ca608a6248f5e8f
BUY,0.002,500,1767500619,No,0x52d0cc31683f2c66be1cd56eed5a5799a105a72681181e8fe10100746637ccc4
SELL,0.998,25.02,1767500323,Yes,0x20fcadfc4973ca411bce4762e99c61f9f2824466eba8a33852ce268fae6de5bd
BUY,0.002,550,1767499601,No,0xfb69d7246fa57d94fc263bef7e154b0529b1d5efa7b9b0b4d5f979055976bbe9
BUY,0.002,550,1767499599,No,0x11514a5dd3bb184cbec6d59d8fc0017dc7598779a81ffce240e9c944197a49fb
SELL,0.001,20946.5,1767499591,No,0x524f57c05db282d0e3539b82f374753e985e77b514bdbc56d470170b933d8540
BUY,0.002,500,1767499139,No,0xb79ec894eae4ad9230c20b1f81f65722e5fccb9bfea0737aab3357384efe113b
BUY,0.999,9.649,1767498709,Yes,0x54c4e0396f9601fec5f424b91dcb1dd93af498e5165c857228108a21914761ca
BUY,0.999,7.437,1767498701,Yes,0x484377cf9a1d02a65998721544454d40806fe37b8994e60227edab68f3825811
BUY,0.002,550,1767498639,No,0x5d6c90fcd4a18054d92625110002d92329dc74c7d9a0eaad4445070a882176d0
BUY,0.999,36.036,1767498631,Yes,0xe1e985d599d3e342d2df3dac000332770f760f5638314b92ab7f19678df25437
BUY,0.002,550,1767498373,No,0x6264383baa8f3177019f1ab895189b86958dd155aeebfa045da7b97e8c623310
SELL,0.001,25000,1767498365,No,0x9c015bf93535b70ac6f8c82dc71caad317d474ac3caa5ae20dd5cebb1a79508e
BUY,0.002,550,1767498333,No,0x10dda72a74f817542133a2e5170405f666fa595ad04ddc42c8674b9914862313
SELL,0.001,1000,1767498325,No,0x521854a0f1bcf5a67668c5c019c713477c7ee846024995ccf297a722d1b33afd
BUY,0.002,550,1767497407,No,0xb60d31a775931cd31253e01162d98dfc4b9ba8961a3a9a2808bdd20d65969315
BUY,0.999,30.91,1767497397,Yes,0xa64008c23a4f70dc66015c380e399620ed882b986573fe41ae91bcd81f1a0e52
BUY,0.999,1.701,1767497397,Yes,0xc1b6c528dc314938a20b8e71ac7abd2d76257dcd3d19620ef1af6bf8b6a94451
BUY,0.999,1.721,1767497393,Yes,0x0a8db22a25bd7b087046deba32b73f481c9a4fd6ff3cf137d8f07ab3f854adf4
SELL,0.998,34.4,1767497389,Yes,0x513a3ed07691f7b6c9c2afd942b55af5df57c4da1fb1a28238e4726925349713
BUY,0.999,1.111,1767497297,Yes,0xe167d91fd278c040c2dfd3e7bccce50b7256ce29c3be9804ab4175d810cc8a43
SELL,0.998,1,1767497287,Yes,0x563ca3a5a98be84562cae57111961384d3eacf99b7bda2b4498feffe651af6c2
BUY,0.999,1.001,1767497247,Yes,0x9d5084a3bc31954b49244f972df97e97e94bfdb9b68c7ff625b853ccfdebab9a
BUY,0.999,9.009,1767497203,Yes,0x3e51834ed941968d556a0b8a5f7ea4eff637c46b3e272ff818956379e96d8b68
BUY,0.002,500,1767497107,No,0x5881c9a5e834afe404e7a22a3731a23359aed033cda7ba961bab3e2c5c931233
BUY,0.002,500,1767496803,No,0x19e64d7f87fff3a57be14eff2063b1a9ca817925a87f1571731e89de9d3d0306
BUY,0.002,600,1767496639,No,0x61e5ae8f95d70e428e3e57b5331f4737254641905af218b7abf63e61bcc5041b
BUY,0.999,7.677,1767496631,Yes,0xddb8d7a8350c7bd7f7e622ed27a40825ea860654a7ee9d2c061500a02e25b671
SELL,0.998,8.56,1767496623,Yes,0xdb3d9af1d4b2a78287135349fe50103da4581c265ebe2f1b2b8e16eab97360c0
BUY,0.999,8.56,1767496613,Yes,0x62d48e006a3ec548a13de5a84f93b5601996773fb75e48794a3bcef529557f3e
BUY,0.999,7.607,1767496429,Yes,0x3b572acb32af3fd5411fbab37b2d1a55daeb3407287b19a7a83d3b746515c973
SELL,0.998,8.48,1767496421,Yes,0x6fd0b823427b08a1615f36f1226fa7c4a000e7b389b3814be102fd083545013d
BUY,0.999,8.48,1767496413,Yes,0xb94931c6d1a69c0b057581f8dc240678c741d4bcbfe6ee3f5dd4324b1bac8018
BUY,0.999,1.111,1767496375,Yes,0x471773fb37d5b7504130d8e3ca794da1ea2a46e8c2a73ab02ba407b33fe0187d
BUY,0.999,7.237,1767496373,Yes,0xb67088c4f4b9d93c7f0d6854779ece24adb0b01aea80f6d56e76d886bd0d0ff9
SELL,0.998,8.07,1767496365,Yes,0xcf2fe3031885a3face470187667decd60b759ffe4832bada8b669eed78979caa
BUY,0.999,8.07,1767496353,Yes,0xbe371fb29a75a2ea7815639f0756d05a4aba5555b2140dd61ddb327faf66bcda
BUY,0.999,2.322,1767496253,Yes,0x972235ce125c5ce388e12538544556e99795197283addbd58e5af6cf2b746d94
BUY,0.002,25000,1767496249,No,0xa6ad79ae6a411ffd164d0bbcef7dc4c0d13c10262b9acf064cdbcfb495c1ae42
BUY,0.999,1.001,1767496217,Yes,0x50e074e60eede12bd6ca1f621c77d6eea7ce7214b221615f09792135de318673
BUY,0.999,1.491,1767496067,Yes,0xa56e85a1078ede2fad9b7d11272adef2c91fad23691d150c5c341416dcab0183
BUY,0.999,1.491,1767496065,Yes,0x1355f6f3b8ef02ba9845d31bfad67dc282d3c78c1832fc69c703ad038d2b4460
BUY,0.999,1.491,1767496065,Yes,0xb11f27a93a256ebe84fcaa3496dfa4d4c1d02cc51d29f73ec06f4272069fc3ef
BUY,0.999,1.491,1767496065,Yes,0xb97f2af9858efca9828784ff1b7f690b5cc82eb8b71ef81bdd6f03e3e40d796c
BUY,0.999,1.491,1767496063,Yes,0x3c6bc1c28196dec3da26835fbc8c4b76d3c2c652e495d58a3e68b3bc6488fc6b
BUY,0.999,1.491,1767496063,Yes,0x0487ce3314b74ef96737fb44fccc0a31ac8405912fde9d4292b2e24e621b1959
BUY,0.999,1.491,1767496063,Yes,0x1afe8ebf860563b5d7cae48b95380e6f9592e5c0c6cc5344406b697e87721e93
BUY,0.999,1.491,1767496063,Yes,0x02a75758cdbe6c5161c7582001fe0b7eda46cf2be7402c9ffa0c73f57bd7e624
BUY,0.999,1.491,1767496061,Yes,0x8c79b093473afdc311abae4e3174b9111206c689f64cf39fc17b4022cc60166b
BUY,0.999,1.491,1767496061,Yes,0xc862163dd041cae441ffb75addb690701c0e036045460f08ec0516cc0469aace
BUY,0.999,1.491,1767496061,Yes,0xcf2099fe51819ac2432d70c3fdafeab9f452fa297cdd552a10bd5b3947f83eaf
BUY,0.999,1.491,1767496059,Yes,0x8e16407aa47c3775f07b9309a09d1163fe3aceca0887cc9b7639e3a35ee0b399
BUY,0.999,1.491,1767496059,Yes,0x28c49c56998eaf107826cb3c9da2677020e15a301b8f8f3abb450707e0325748
BUY,0.999,1.491,1767496059,Yes,0x045ea131247df71dc63ce917dab154d97d80540a82e806b51c54fb1856b7ce05
BUY,0.999,1.491,1767496059,Yes,0x81cf008172934fcb409dbd8399fbfeda55b6faaadd8e6ee52f6d41d52b4a12fe
BUY,0.999,1.491,1767496057,Yes,0x54bd2676d7f6c73db22760efd37571c6a04fd655dfb186730987d294ea408c21
BUY,0.999,1.491,1767496057,Yes,0x98f9bb034971ebb2d5e5f18820ceb858879808b0153c19f77a1cfeb2d6c206e2
BUY,0.999,1.491,1767496057,Yes,0xdd939f6d1969698b80bff801ffaba7c4e9ff75f4af884c29d399575c02d1be37
BUY,0.999,1.491,1767496055,Yes,0x00d59f34d9846c041ee614dae14a2f84a089ea75a0adafe60014d7608ee13196
BUY,0.002,500,1767496055,No,0x4c48070f551c1356ce55694ddc3fb3261d963a292f3be4b01fbf19d42e86606b
BUY,0.002,500,1767496055,No,0x23a0ca7f182c762d7f29a3e737434e854250f179a468249bf596727cad353f8e
BUY,0.999,1.491,1767496055,Yes,0x11cfaf54882d81eafc43bf19eaab27630ea5537bd499674d94ebc454c868190d
BUY,0.002,500,1767496055,No,0x905f5b57fa8540a1d7af16e73995eb93c6656891bcd56ec70be42d0ddd2e5e2c
BUY,0.999,1.491,1767496053,Yes,0xaa50d2aef4322f3036a3d17b8d47de082e777d34265811e0413f980b803bc442
BUY,0.999,1.491,1767496053,Yes,0x6c8193af69930a37b8f3149c3bfe818346cc3b0655bbf0b53adc018a3f14bac3
BUY,0.999,1.491,1767496053,Yes,0xbe2a06a294ba9c51de4793fc8e41afb99a9930722296f219886ed7ed58aa13bd
BUY,0.002,500,1767496053,No,0x70ed1dbb643879aa1fc22409a46cb42331e30f4fbef2a1938d8ba612ddabf163
BUY,0.999,1.491,1767496053,Yes,0x566b0596a8744dd7653fe8032c955d593b7a7923d7386f90df3f06a320f3b974
BUY,0.002,500,1767496051,No,0x1497ab5ed66b4928ca3b73a84fc832c2cd856facb77c7983dde931e9db835270
BUY,0.002,500,1767496051,No,0xe54b308b4a5266ff1cc27da6430175378de93473085b74ae27d9ebdc8f47e54c
BUY,0.999,1.491,1767496051,Yes,0x9b02b0f8f319e93e70b1ef7cda80599092df4fd46d4ea38ba144fb375c8cc1ab
BUY,0.002,500,1767496051,No,0xb6b3234c779b5bccde1e360ab45af3e6674e0c2ed03d0ed86c4ca5a65d3d0ae5
BUY,0.999,1.491,1767496051,Yes,0xf2b96373eabefd8003d2ccb76b4e810b234c371656d134bb9f2decd2f1b88e06
BUY,0.002,500,1767496049,No,0xc0f0e23b5d49a8b63e8a1f32abf4b317238235f609d885f2f7f6ac815165a2fd
BUY,0.999,1.491,1767496049,Yes,0xab8f8be2229d3d99f3fdf5cf5aeb8b28fb59885594c33935933229f0c99cfd56
BUY,0.999,2.792,1767496049,Yes,0x3277aa43c77f778a1b287ecae160c8d5e3132563ee4ee15c8148f1a0fff4d967
BUY,0.999,1.491,1767496049,Yes,0xd3841b2ec177c995ea60d285658fa125559a4b07681c674a991c4ab7902dcf5c
BUY,0.002,500,1767496049,No,0x4e88bbcba13286bc8b5ec3da27513968fb0d4ab8c052d0095f9a2bb3504f2b8b
BUY,0.002,500,1767496049,No,0x2bb3a33b3a199ba6884967fb9c443b8dced5cbaf067049c6587f4f0812e11862
BUY,0.999,1.491,1767496047,Yes,0xd079a1674d0ea247b5272d4f3236927bbf3b760c87cdc5d72b71382d5dde2650
BUY,0.002,500,1767496045,No,0x8d008e381cc3694130fcf098f4fdce4409149d5e0a263bf372af9d3c8e243607
BUY,0.999,1.491,1767496045,Yes,0xef7f145dec5ae98fbe893b47b3fa06f9663e666a6d83bc2cebb0f801d8622f2b
BUY,0.002,500,1767496045,No,0x517524d6783f190f884e27f871d9140e781a56bcaecf1f967f47bce65976a053
BUY,0.999,1.491,1767496045,Yes,0x3a6a0c946c461d181110b750e0f0847e1478d8e9b2eb2cb7b57f472f6b2aecc9
BUY,0.999,2.792,1767496045,Yes,0x128c7b3e3f411e243daefa47fc55ddf65e580d24715f47aae91614b9242e6eb8
BUY,0.999,1.491,1767496045,Yes,0x2aa07e5bad5b7dce0d3a9f91d0ec727acfd9dc41088ee67b5066a0a45b1dd5db
BUY,0.002,550,1767496043,No,0x8a1835bb9e739e831b84ada95f890459fc0bd6f63df50b9d804f371506c868c8
BUY,0.002,500,1767496043,No,0x052d2dc2984b7b749ebdb6dbf94001ded52afed07c143b2cf955cb1d16f45aa0
BUY,0.999,4.974,1767496043,Yes,0xf40864f496a4517fd0e0519b8d36fe7bbc476e6c439fb3774b2322c9092d34b8
BUY,0.999,1.491,1767496043,Yes,0xe984b11a87f09e4b8fd7fa92d108195cdccb0781b0a5b4ee506a427707917cdd
BUY,0.002,500,1767496043,No,0x096eb679de1fdec6a9ce454d4329f570439e7159f8ae21534bc1cd34b4584ab3
BUY,0.002,550,1767496043,No,0x4e3480e0496ea16249efced9551663fc0c0506a775691217cf351aed1b81d39d
BUY,0.002,550,1767496043,No,0x387722cc1dd68791ec4de78dd0f889f3885cc2bd1dabde40fd904f66daa020d1
BUY,0.002,550,1767496043,No,0xfa4890ee17bb427d1b7cc7f4ec00f06d08470a6eb1b4010d6f4b59a257080a9f
BUY,0.002,500,1767496043,No,0x259306ab8ee844ccc336c05103d301f0a0424aebc1ce2308f259ef70825713bc
BUY,0.999,2.792,1767496041,Yes,0x95812ac7fcac8404a28b714a574d4742a5f5fac900bb3e0694198b88f7e5db24
BUY,0.002,500,1767496041,No,0xd019d8dc533b1bcf93abcfd4fdc83c701f83662b076bb59f021084cb4dd4a003
BUY,0.002,500,1767496041,No,0xa951a4dff2dd771edabe2f11e588b48e4fb90d881c25645e36bfa1654e3ba2c5
BUY,0.002,500,1767496041,No,0xeb5f5ba827134565fd95beb1e04ce37abd1ba1f4f7a59aa288d105ccdd323f1b
BUY,0.002,500,1767496041,No,0x8bb510fbc337761f1bdc75d70effb3250b0099b582f7d8c89d8a390b5c5cdc0e
BUY,0.002,500,1767496041,No,0x3e85e30fe635d5a1745b0e08dcaf034f1b9f1a20408b85ce218f7571a8d81042
BUY,0.002,500,1767496041,No,0x7c750ac2aa564e2a2002cb17433a05b2fc05b4ea34878f8b65726d35ea32316c
BUY,0.999,5.005,1767496039,Yes,0xd9bddc129180035a894a8705e0412f1ad393ba479d97017e6871d598901df8d2
BUY,0.999,2.792,1767496039,Yes,0xe030ba83477381f43910f01e1e5009492db1819b4bd139c24c740b4fbee864c5
BUY,0.999,4.994,1767496039,Yes,0x5000bd2ce25ca0c5d87dd73c474846eba6a89c76ca532fadc0f8251615f6f123
BUY,0.002,500,1767496039,No,0x39bfae34b175b6959da1d9c183d0d176dc49eade1fb762ef44395b0d219dafda
BUY,0.999,5.005,1767496037,Yes,0x57189f40b21fab0a40d262c0c171bb7f339e2b0ac374e5cf8944f79ecc6d06dc
BUY,0.002,500,1767496037,No,0x7c7b3a64f91f19446a91c30ae5fec2ad716cdc0e9fc00e509b764cb2d20d951c
BUY,0.002,500,1767496037,No,0x19f501fbfbfecc27bd94d029eddfc043d830af4c62a7f8f0dbb458ea83270556
BUY,0.999,5.005,1767496037,Yes,0xe9922e46a05c6e88775b3f4af6cac918e396ffa1948c60069baacc2672462298
BUY,0.999,10.01,1767496035,Yes,0x0eebf9c9a9d2b153c7a4e3c795936a06fe294a5b54c0ee2edbdbde21d4906cce
BUY,0.999,24.974,1767496035,Yes,0xc1733b624d4ee712df98296bc47c81f84c17ccc66350b8528ed26bbe8b47eb7f
BUY,0.999,5.005,1767496035,Yes,0x9d4c66d59fedebc9b9bb0756e9a4f76a38491202bc16885a466888735cc366ed
BUY,0.999,10.01,1767496035,Yes,0x42cf153d0563a69b9fb023a0560ac1984bf96733bfdfe09d49cebfa75bb24b09
BUY,0.002,500,1767496035,No,0xe0d5b9c2b5a020c493506f71c8b60507aa27b9d9929500f3856e79a5132cfca5
BUY,0.002,500,1767496035,No,0x0d3912a1f7ab8816759b2c0cedc144d456bc3a2eff00aea1cb4522949758a711
BUY,0.002,550,1767496035,No,0x8449699004d007033a7bb51a3cb59a284a994f232c4a2146b27ddcea985c5123
BUY,0.999,24.974,1767496035,Yes,0x8e74a5bae32a031427d04b957fb68a05d01e3c50b28b2ba40725f0226f61537d
BUY,0.999,5.005,1767496035,Yes,0x5d1b21b548e8e320b29e82dcb43c865826500312f8451ca1d2728e7b25e9ebdb
BUY,0.002,550,1767496033,No,0x545202646ad1e3936111197e5e6ac534bfa671cbc493dbe25a3fa0fb0845e366
BUY,0.999,1.491,1767496031,Yes,0x79833a909fc32176a5203e2c70ca0a89b1199684db2e4320e220bf19a9e02d60
BUY,0.002,500,1767496031,No,0x3703b36cec53f2857ddc17ed0d4bb0c7d306d17bb752e3d9e6fd092f1b7efcd1
BUY,0.999,1.991,1767496031,Yes,0x02bcc68cf767850803d9238a08627e0b9ab39b2d4ed88005d9e1a34f2696957e
BUY,0.002,500,1767496031,No,0x9c5ce9dec7565a6ab76ac0a9908dc26029f240cea0431c5ad19926f24bde4d04
BUY,0.999,2.792,1767496029,Yes,0xfb9b8e0d94726e800d054c6d9ff61b6d72be72e6249095731a5a092051b19067
BUY,0.999,4.994,1767496029,Yes,0xce302cb23c0c5ff2a492cea92e0409679a4ade43f461f595d973e2514e3ee6e3
BUY,0.999,10.01,1767496025,Yes,0x32d7ed94e3d70d77b59efa301b7b7091297113f6ba5e0cec35c7c8bf14e95a0f
BUY,0.999,40.04,1767496025,Yes,0xd975611344916727851a6eafb10a24744619d5d7a5fc14a082b8f472290f4fec
SELL,0.998,18754.5,1767496021,Yes,0xd9fed31b9ea2d46b984f81c245fce1a9866263a89d2703ef82a778ba36f65830
SELL,0.998,1107.13,1767495579,Yes,0xab8c8e7ddaf007d8097f019b95a8bf05b2f338aa2c28075149a980591b9b9761
BUY,0.002,500,1767495129,No,0x1a5f1f31eb6e286a6990cd137f8283a3e8d3dd86fe55a93c8c23d5f47a20fd84
BUY,0.002,500,1767494895,No,0xd1444bce2486735574a089e48df1fb3fc33f8d2f05dcb90094ed0ed176a10ad0
BUY,0.002,1000,1767494453,No,0xf9af04429cee6448f7d5c3573b9c21d0c62baa0a973a9e41fdfbb175e62d8dea
SELL,0.997,1.13,1767494051,Yes,0x91dd6230819e9db278237cc8348131d0f7378c1e4409def3105d3fecd79f6f55
BUY,0.002530255248809563,20946.503332,1767493847,No,0x6e2b69300e5cbb1da9fb7162e1b69d1c3343cb212720ab7fb4d5cba9bd9cac9d
BUY,0.002,500,1767493843,No,0x74ae770bc54a65032ac0dab4bbd0e1408fdd8a14b0480d82b78e3e999d13d836
BUY,0.002,2475,1767493275,No,0xdec5ada7904dabcdd6b9b1a30353258f6b0cf9910317926c8dd1a110ba2d4d13
BUY,0.002,550,1767493257,No,0x2d372b5a0d65941fc39a31ab0daec6c2f8a354b803599388281878e5a5714e04
BUY,0.002,500,1767493257,No,0xb1e3e2210f629a322d6c92652688afeb33a2eb55b0ec4a562050ae206f49bbfd
BUY,0.002,500,1767493255,No,0xdeaebc9d7b3e2b0e6494f7afeec03bce8497968bf958723bdd36d644784d1905
SELL,0.001,18996.67,1767493249,No,0x6ebaf4eb6efcd47132c8972a3bd83be4182da61b1e9e3d2d7a4de77a480dea40
BUY,0.002,505,1767493101,No,0x2259699e04efe770c10685e9b0f7e67be4bacc063f78fcbe040cec5fa1490906
BUY,0.002,500,1767493089,No,0x77d2d842c81d72488b535ebd239644d0c2069b9bcf73d84b579f7f4d79bfd5c7
BUY,0.999,1.001,1767493083,Yes,0x482b53a850142e693a9d42e76d6672d5ef1c6ff979b1beb45016e6f23116cf67
BUY,0.002,830,1767493071,No,0x475479e4e0a8cdc24af6ad501148a03ba72d0a6f3a55f6706933b167d5cc803b
BUY,0.002,500,1767493065,No,0x374cd285b773d1bdb4b04339a229c123849517cb0b96dad762f0569e17278db8
BUY,0.002,550,1767493063,No,0x540553e162cee7d6434aecad3a56a32d8f1995fd6f53bed17d3de2157483642f
SELL,0.001,1666.66,1767493053,No,0x18aae6a74f5818d4386e0461c457e87b9f7f25640f8c995b08a11b4d6480f0b1
BUY,0.002,500,1767492535,No,0x44efbcd735540458d34479fda226ea57a86fd552035df2fba89dba141c0fb5fd
BUY,0.002,505,1767492527,No,0xe64c69642432f03ebc5c789047028760a5b1a3abfc64fcbb991740db2d744d24
BUY,0.002,500,1767492503,No,0xf1996d13d627fb449b9ee72783782a5e262e6c131836044c282733e02b11f445
BUY,0.999,1.001,1767492497,Yes,0x908832db147a6c53404e9f6ceac188e00f13dbed42d908c0d8d8059ffe841b04
BUY,0.003000000003,1666.666665,1767492273,No,0x7753a3ce58c0a53043899ef6fc7f118a3091ff73cb77537cfb1f5306055166fe
BUY,0.003000000003,1666.666665,1767492137,No,0xd4bcbe8b62817cf25937ee4d410336cbbb1713fa22810180f07486a51b50c99d
BUY,0.0030000000054545453,733.333332,1767492013,No,0x1c9a65459a836c008cecc9a94d2bfa63d1cbc40c6f804d28b14bd7e0a8f10022
BUY,0.003000000014423077,346.666665,1767491995,No,0xb7a69863d5bfdc9aa4a5aecbbbdd21834705a13b893314daf5eb2478407c86d3
SELL,0.001,2200,1767491987,No,0x2a496ef37fcf878a5c15ab78a223c8e09d03f1326bab297dcfa03ff799f612d7
BUY,0.003000000014851485,336.666665,1767491959,No,0x0a398ab98ec838aabfbeb61a04e06ecf85ea3adacc4975554bdf61992e0befe5
BUY,0.003000000014851485,336.666665,1767491959,No,0x9cd51fa0d36c4c3385889e46429856570249dcf2ab18d2b5f522d0fe8d10b9ae
BUY,0.003000000014851485,336.666665,1767491929,No,0x0cf088d7751f0dbbee476cb99875ec00e7b66e915fd700358170f0b5a6e3b054
BUY,0.003000000014851485,336.666665,1767491929,No,0x65b2d8e4a0cf736e6f6fb417d27502f9e1a1d124370fb02ae7baa39d4da4e738
BUY,0.003000000014851485,336.666665,1767491929,No,0x24d2dd660ea8babe94df2d3e4e6d11ac1bf95fd2745dad715203208293cb1fd8
BUY,0.003000000014851485,336.666665,1767491929,No,0x2e1f43e2d29eb600ad3e3d86b4d2d416de381e3b4636194227c4b977686d30af
BUY,0.003000000014851485,336.666665,1767491927,No,0xc5accd5f03da676a40a1001a64a45cd3110f37cb4c6b7872081e1901a2cbc174
BUY,0.003000000014851485,336.666665,1767491927,No,0xbb0c491a2be2de8c8d10ced14797c7021840bd5a87cc9e22ff42dc0f2ae614d4
BUY,0.003000000014851485,336.666665,1767491927,No,0x0439e4aa4956c17677668523564a63f1c5afbea201ba4920f8a9bf9013a83ebf
BUY,0.003000000014851485,336.666665,1767491925,No,0x7348371173c8042527d83f70ae17e12f1d117033841c6ee37efc912764aabcef
BUY,0.003000000014851485,336.666665,1767491925,No,0x3b910ad98f0dacae19b3919a2e04fd620a09427029f1756bfe8c94d6773d10e1
BUY,0.003000000014423077,346.666665,1767491925,No,0x0508a143c7c37b87e905e5d79f02f136c0f1807c3cbab86c7eeed779a0b242a9
BUY,0.003000000014851485,336.666665,1767491925,No,0x7cfe5ad0113fe5c9c406243d87647ab4b87ccbe357ade27db776c31f9272e1c2
BUY,0.003000000014851485,336.666665,1767491925,No,0x801743670917c3f454253a3d215dd173bf27528a6f27cd2d25e1b0cda967ab28
BUY,0.003000000014851485,336.666665,1767491925,No,0x43507b9cc831bdb8a3e138f718d9c3bd056a0dbd95c77af854d6c5b5b2f28840
BUY,0.003000000014851485,336.666665,1767491925,No,0xdc44e775cb79e50b2b3c3b33e8c6c2ab72f552bb8f1c0bd1fff483d338ad29ef
BUY,0.003000000014851485,336.666665,1767491925,No,0xa4ede3fcb84779079a5c58c2361aa9a4a8df450fa96bb28b9003e7d515ca2b46
BUY,0.003000000014423077,346.666665,1767491923,No,0x03988f8eb77a5f3390c54a72cc9a7f74663458a229fa2a52e334d7513c717b74
BUY,0.003000000014851485,336.666665,1767491923,No,0x6dbc8cda9e6284c9282fd0d740707812c3fe3c0047db93c45bef5b291a1799ff
BUY,0.003000000014851485,336.666665,1767491923,No,0x2c204092abcdba88615e355771ffa289fb88fd68c154d5613987849473d690e2
BUY,0.003000000014423077,346.666665,1767491923,No,0xd4bb336c21d2fde19e6e439aae3609ffd65085b8483822911dab80a2b56fae8b
BUY,0.003000000005940594,336.666666,1767491921,No,0x3703ed3fb35adfca7525d51d39d5c8a5ae32cf539eedb484ea74d8b905f2ab32
BUY,0.003000000005940594,336.666666,1767491921,No,0xd9acb81f75721fafff39e458f6809aa49a4b0dadb06bdfa78b5d810581c58559
BUY,0.0030000000057692306,346.666666,1767491921,No,0x5cf7c2dd38afc0f5a1fb5af8bc56203fb0b43a1b27687ec0e884585812d0a4e1
BUY,0.003000000005940594,336.666666,1767491921,No,0x6543a1efc3e23705967d6ced52502b8f82a05b89ffb6a2c68e36174e72e59c50
BUY,0.003000000005940594,336.666666,1767491921,No,0x8b80b91e7bb2df15e00682e026209280755751751a08516d15364cdeea9ad9dd
BUY,0.002,550,1767491921,No,0xfc027719660ac3289f33c2e717f5e83f9354346fe6475410a4227dccaa0433e9
BUY,0.002,550,1767491921,No,0xbbe7a23fa4f26b466c2d8137b4388b8522ae426cdec7d9b5d6142f20bc1d19eb
BUY,0.002,550,1767491921,No,0x76deff81300e903c6ad139ce9c0a12662545b649c50bafa2c581ca4fa909c136
BUY,0.002,550,1767491921,No,0x0cf7f2d0b9be417469511f4c7e860030e45f31272ba9dc5eb8545c65370395e8
BUY,0.0030000000057692306,346.666666,1767491921,No,0x96c2bf1b493863cea027b669477251be6b14e35b3cf5c9d55b6226cc672c6b15
BUY,0.002,550,1767491921,No,0x2149e7c3d67c57d378e2d1b15bad8bb0f18c3596a3363c556aba37142b6f6c15
BUY,0.002,550,1767491921,No,0xe07b26f65a8214874dc87d63b317f53e0025c30625ffaca4bafa77eaa13472f3
BUY,0.002,550,1767491921,No,0x9a0af95e3fb0f9a3f250a00a971e8ab5a19cc2237dd663f1df665eebb05c33f6
BUY,0.002,310,1767491921,No,0xf21a42a2c86edca14c6026ad19889ea00b65bcd635a8088d3c13456b5d3ddc93
BUY,0.002,550,1767491921,No,0x9ff24cf8e593c768d56a7656e594502715fe00ae2916dffedf3440935049e8ba
BUY,0.002,550,1767491921,No,0x16c4701ec2f2f1dd2fd630c3c3ceae3bdc735ed3dc4fa64751faf3a22c023176
BUY,0.002,550,1767491921,No,0x6e597fa36c36e21fe64bc367fa915e3c5165c8e4e8da9e600fc23a5714f73f36
BUY,0.002,550,1767491921,No,0xdeefd70a8de55070337d3083ad21c74f118c4813a87367d4cca3777ef27ed48f
BUY,0.002,550,1767491921,No,0x8f448f88f5e3f9e738b2aa91e63e6565a34d0f12f3cdbd878200a3c4d0e28809
BUY,0.002,550,1767491921,No,0x26093ae1f05b24cfbb18eda69d83c8b15dd6ec69773284b3a8ecdfef9add41fd
BUY,0.002,550,1767491919,No,0xba68c64f821146b6ba69434dfa12cc0fcda2504f8ac1eaeb627dcc37de73a3cf
BUY,0.002,550,1767491919,No,0xe9fb44c0f6ac9bf5bc25b45bcf725244e1ad409777e7fa941b37958a7ad483e8
BUY,0.002,550,1767491919,No,0x6b980bc484f85699406e588d2a0353afe2e8c785fa6a3512a5e5f161d7cca09b
BUY,0.002,550,1767491919,No,0xa8b0250c9eb49e7fb3f3ba2c2c07323736bfdbc66bc3add2f53bfa8bb456bd04
BUY,0.002,550,1767491919,No,0x4a220dbff03fec5448a9d908d9e04ee80ee0018371704b46987521be8e204163
BUY,0.002,550,1767491919,No,0x81b87dbbb557aa30832cd882a4b46f5d4106a51391d3777ef0610de153316b25
BUY,0.002,550,1767491919,No,0x1f47945defa410678997c39080df0efd1f9b213688684d90d4f688edfc8728c5
BUY,0.002,550,1767491919,No,0xcf49b03e8550304095df7fa90da661f00cf83fea84466319e67792b794bee3a2
BUY,0.002,550,1767491919,No,0x4d5497bbc97be0b1f25b4d95dd5afff7301525998b405333f6b12abc02b2941c
BUY,0.002,550,1767491919,No,0xc7d371340914e21ec7ed4f5ffb3c180d5454467dc5db05506d52e014cc6f4050
BUY,0.002,550,1767491919,No,0x640fa12d4a6883290c7232b1e92fd6aac26215e852e07d302367a61dc134f003
BUY,0.999,13,1767491913,Yes,0x8d9a4f1813d19a4ae3dac2a5285eb4fc06ea586646b144ab0988523e2579b751
BUY,0.999,13,1767491913,Yes,0xb55a1682f7e6e968476c7e0c6c13015d4cf4b17c894e65d48fa47e662422cda9
BUY,0.999,13,1767491913,Yes,0xb9b1d353307818e339b534fffc79b5d1955e214785cc094cffc28a82ed7fbf76
BUY,0.999,12,1767491913,Yes,0x519b12ae83fe25546e0e932e93fb0418b0b487c1f4ec192b21c1158488b3a384
BUY,0.999,14,1767491913,Yes,0xe620fb3cdb7516ee9947346443c659ec1ae20b9178586d395188d6dac2514ee2
BUY,0.999,10,1767491913,Yes,0x72d6b5d1db2ca808b392d5e907edb1564bc96c0e6905395f87d85456828ee4a6
BUY,0.999,14,1767491913,Yes,0x95347be1840ee9cf7420fb042a5f9f04548b720c08eed5819a7327b2360d23b6
BUY,0.999,13,1767491913,Yes,0xe503b4821db1e45c79de36992f80b49fda03e882f29c24b068a3be6542c47431
BUY,0.999,13,1767491913,Yes,0xf7b4a3e91d46b5699a5270341ce2621d3d49dc8600368c09639ab512d347da6b
BUY,0.999,14,1767491913,Yes,0xbb6c6c41c965c06a7d574a76a56ce3f124bf82f1dc1cbc205e7df66e6156fd0b
BUY,0.999,11,1767491913,Yes,0x61e8a2089de30de5fed4ae22db0d7dc80535d88e1d945982566acf8fed2d56cc
BUY,0.999,14,1767491913,Yes,0xcd3f7396e82f075e5e065aca5fb2d2734c0d0e7ff6fdfd6fbbd39a7be489f338
BUY,0.999,14,1767491913,Yes,0x5500a214620275fbc5ef23b3c26cdee7ae97ad6548e4a205ef6ba4af9afeb2b5
BUY,0.999,13,1767491913,Yes,0x882215f97494a1597642ab0dbdce6bb3aea5621a3fd1526c4f143a26410416d2
BUY,0.999,10,1767491913,Yes,0xdeebdbd275b1f351fb748681b39117193298fae71d0e197043ecd007ddc01371
BUY,0.999,13,1767491913,Yes,0x33abd36d7d68e8878dd0eb4f295eb02e636739dc47641eecbdf65e51809fc0d1
BUY,0.999,11,1767491913,Yes,0xc9ce8df824db11e13d99206ed3c51f2fc1473d64695611ca071264263c585732
BUY,0.999,12,1767491913,Yes,0xa569675214fa62e65d31a16f10665c9b4b254ad4e3b48b31179e804957639e38
BUY,0.999,12,1767491913,Yes,0xaac00c067bdda633805fef953b68d3b88fac917dc440518993a2f52a9e69af42
BUY,0.999,12,1767491913,Yes,0xea65ddd4a9fabb022d7c7e4fe9a77ac05d860f03b449411d52b8531dacb77e03
BUY,0.999,14,1767491913,Yes,0x9607d4d2b47366187049f1312a555beecdc2185895e4589bbd6e26cb3d8fb850
BUY,0.999,14,1767491913,Yes,0x402e9d25eb578845c5bd5f3df65df042a28255cd787220d899eb0b6f1483375e
BUY,0.999,11,1767491913,Yes,0xefdfa7f061ad319d332d636dcd61378279c378d6c9d20a1ba787710b70ec45d9
BUY,0.999,10,1767491913,Yes,0x6504d22840fb35036a0fb743eec6713bf624b4820545af3f5e9380ab5df98ad7
BUY,0.999,11,1767491913,Yes,0x3dee2e4a6982d2f82558158e06931e7a3ac979377e649ad5b3759e6f90ad6c68
BUY,0.999,10,1767491913,Yes,0x9de6e6794a2a3af329c9c2220a9c8b5c121b6672b027898cc64ea16bd8e3ddbb
BUY,0.999,10,1767491913,Yes,0xf59bc854f18f7ac2ba402736e82f75c28a78d92cb55381b4f8b29e9f18f59e2a
BUY,0.999,13,1767491913,Yes,0x53cfd953f56c3fff17eef6a9df3d8ae88e9afbfcb1e91aa5c415010451d6cae9
BUY,0.999,12,1767491913,Yes,0xdc6ed7349733d1047dbe4e09a675bdc58f8c97fafd1a46f8d6b720f61df7138d
BUY,0.999,1001.001,1767491911,Yes,0xcd4a67a5f201c2ecca9b84f157f6c522720d68e62980a5f3fff91db45e25ff0c
BUY,0.002,505,1767491557,No,0x496d7c629f275da1018b9921c65626312a7d2bd6f58120fe84a02baca924f240
BUY,0.002,550,1767491547,No,0xbf4ca3791d02b5e591833fa2af8c3887b53110a185c99bf58e8f82d1308663f6
BUY,0.999,57.057,1767491539,Yes,0x7b618b66bceb3c108db470507c98a9896f39fe6956bf4dd96be2c6c7f386536e
BUY,0.002,505,1767490709,No,0xe3263297ecc97b31f4e436843a70f6f6e5097957d14a80b1a1ca66d1f498a615
BUY,0.002,550,1767490707,No,0xbb83d89836a1063b4cc86b4b914aac033f8b3c54fb9bea26f909fd1023884107
SELL,0.001,55.55,1767490697,No,0xc4c60d13dfae51273422770dfc7e78ebaf54da499155970f4cff88d25bee6a0c
BUY,0.002,1500,1767490625,No,0x5352b2b85f34500b4bc3f2904bb9d45e1c84a16b820dd03ab07ef83fb9a81215
BUY,0.002,5000,1767490557,No,0xa6ce7561cdeabbff7ac633e44bce0f6c0e92e88b8bd62599af22f06f89b139fb
BUY,0.002,2330,1767490193,No,0xd56f1bdae4f0f501dc60a19f21f9d1a862068e65f327b9bed265738538d253b6
BUY,0.002,550,1767490175,No,0x81debb8d2204d45cab4bb08fa3313c6d7a30cde006d2a5130a99967688402cca
SELL,0.001,4665.01,1767490167,No,0xb0fe7906219ddb39a56080edffab429c8ce0a34c3afd3c8066812c17ff619f47
BUY,0.0030000000012,1666.666666,1767490163,No,0xad5bb69cfde075dbfc9a1f4ca2042698f26301de1fa275f321f1abe861fc785c
BUY,0.0030000000057692306,346.666666,1767490159,No,0x9041867589f9a49a6f2520f810338002c43f108bcc4a1aae3120bb68eca4ec4f
SELL,0.001,16666.66,1767490149,No,0xa21da243db36fd0f129b4a2f59571bc0f5170a69c7e4790030076c5026695fdc
BUY,0.002795031056768643,1073.333333,1767490099,No,0x4994d8c00f2fa75c8325d21e3f8b37aeb77d62a1f69e14552db60d18d74cd44b
BUY,0.0025041322334744894,403.333333,1767489587,No,0xdb4a5fe1b5efa1e5f1cded5e3653c5978a14b425f03ce0fbecf73cb9d66bb2f8
BUY,0.999,1.001,1767489571,Yes,0xd6cd24b03d4e74531997ed9e8d2d943022c3ee289116a39e7df07d60063c4541
BUY,0.003000000005940594,336.666666,1767488951,No,0xcc63f84ffd5018c9b5dca02b9bbc985f393eaa2ddef4830b4df0252e4f1b8d89
BUY,0.002,305.01,1767488947,No,0x94b52abba59cc655ffac4c76c7405480c1975e48dbb7b507ea2082e926d2118d
BUY,0.002,500,1767488941,No,0x7dc72645c151005a3c9c96f05954ae39475eaed510d0bd14e1b6626445b419bb
SELL,0.001,20,1767488939,No,0x00c0469368a81820e8f119159b61077bb9e889380ef5184de9a0326497d01090
BUY,0.002,2500,1767488889,No,0xce99a360a2bcdc86306ebbd35e3e24a770fd4f4cf066514ef4e97d30f9023c8c
BUY,0.002,600,1767488717,No,0x49ef3a655edc05432475122fd2a4da2daec75444aa8f5e05be7e1dd44ce9d2e7
BUY,0.002,505,1767488527,No,0x25e7f1a91dc53b87e609f739d45446757cb2c6c54026338bcc4586d501a20074
BUY,0.002,550,1767488519,No,0xebe8314ba640f3c2516e0327d67edf2c2dad67f9733d6d6a271cd6a0b34e0700
BUY,0.999,15,1767488511,Yes,0xabd7b66bdc05cb0dbece937cbc7bd99bfb15567620544a6e843559105d833cca
BUY,0.002,505,1767488073,No,0x1c5b275e05b7e6f41008ac800c0ddc33182dcce906e1336bb93733e5bacf1a23
BUY,0.002,550,1767488049,No,0x8b413f1633e5794825df69d08657f77b127541d9d887fecef03a0dfc81277e21
SELL,0.001,666.66,1767488041,No,0x17cc5f3d157abd0546475693dd11f179228e253a2faee46aa4ad92e82ffc0d77
BUY,0.002,505,1767487739,No,0xed02068ebefeafe4d53a161a092e9d2e5ce54a0eecb165d1ac4850ac257120b0
BUY,0.002,550,1767487711,No,0x79a29b8e1a340246eaf6fbaa79e268ce55342c664a08bc34f3ef1adf243a8c95
BUY,0.002,1250,1767487709,No,0xea2e52817bbe586b0241d02078f65bcb7f6910f6e880443e2711459830f1000c
BUY,0.002,550,1767487703,No,0xd6aade9215422ecfd32ac72b6a4c8e43645d484934614cf3db7bffabf49dee84
BUY,0.999,14.014,1767487703,Yes,0xbd917944c1146eb6b74bf6f0a516bd986991c5f7b59fc67854fe249daaaf9d97
SELL,0.001,2500,1767487695,No,0x4d7d20d16d525a8d3ec98d816f80a2230f1233634aba4abef9297ec939ba7681
BUY,0.002,505,1767487619,No,0x37b2add1df8a9aea0ec493517bb3ba094b963d67f5547c321578fcde2c8775be
BUY,0.002,550,1767487611,No,0xec1c9334934702ad76b815655502d7c269722c2d09ac3ba765c2e621f2554d1f
SELL,0.001,500,1767487603,No,0xdd67969793cbe23a022fc374092fb66b50e6e7c6e8f6f856c199bf6aabdf3427
BUY,0.002,500,1767487565,No,0x47502186034bc300359b4ddf2fcea90f766459109cdc4238aedd485ec665b8ae
SELL,0.998,2499.99,1767487255,Yes,0x1e6f9cbc7d5df0e9cdb83a57678e06b0be836c49917604a57338d3c5c6088af0
BUY,0.002,7750,1767487251,No,0xb82eba7d869f2205b5f21b02ce8e4336b39748cc67f1ad19e41f93c0c125fdf2
BUY,0.002,550,1767486901,No,0x678f065fe8b6eabeb69c9d51ec0325dfbc843c8771d5fc21f7e056753483acd6
SELL,0.001,2000,1767486893,No,0x726c0eafbfac07c2f49740b11b3aeba63cffd807773957aa10629203646aea23
BUY,0.0030000000057692306,346.666666,1767486131,No,0xfa8c40808a1bda3992f667f6b1aeb98de4256ee05ba5fba963b971fee483d513
SELL,0.001,4056.66,1767486123,No,0xf17d7ef5c61c31eafaec94d92b2219eb81d52182f98616da9a13bab1c714c194
BUY,0.0030000000054545453,366.666666,1767485823,No,0x8aefcce07816c87c24ebbded0eac9002985777daa9ee66a14ffbaa5e4bb63763
SELL,0.001,713.34,1767485815,No,0x3b78c1f894bc6f1e23a842f1482c5ddfa8bff15ada3976571cfaf69799de1369
BUY,0.0030000000054545453,366.666666,1767485805,No,0x2e0c16873d29781cff306135c5468bb456e7764c31393eb2007e4d79ad2aa935
BUY,0.999,1001.001,1767485797,Yes,0x8e12d9464eb082aeacae17bd3f00439db00109862a880c1fbfd6ec245b59e75c
BUY,0.998,300,1767484297,Yes,0xfb997f986a669c2a959829e6863147fbedd3d73caec9be6324f9adb7f8e17dce
BUY,0.0030000000012,1666.666666,1767484287,No,0x91faddb93d57a22e54df95dc0da32d4aa84664ecb31b72a66c4646768e62da06
SELL,0.002,1000,1767484277,No,0x1bd20fed39d03bab4e6796dfe89234b0752982be28af98ecd3e40fd075e96140
BUY,0.003,3000,1767483885,No,0xaeb1e40631536db61204ac28386ab1b7fb8958c7484dcf73aa800d6c860f5a67
SELL,0.997,0.1,1767483661,Yes,0xf8c068085a3a41dd343b02e9e071dafb18777e3944cca17d828e557adf5ff578
SELL,0.997,0.1,1767483661,Yes,0xf8b8dc3082ebbabf12bb7d6ef0ef0e8926c39161e2c14d07aadde2610be7f419
BUY,0.998000007984,1.002004,1767483649,Yes,0x2cf69fbe58a29ca3018713a72fb05151c964e5ae6cb7cde59f5e8cc93ac6e3d4
BUY,0.9979995079857505,2.004007,1767483649,Yes,0xc7b79ba510516e352695ff0038c24b06342a0388210b5c7ba1342cdfd611440f
SELL,0.997,0.1,1767483253,Yes,0xaa9df1517e4e5c64b6ebc8e61c9e11b45f3dd0220791f28820e1e14d7829dce0
BUY,0.998000007984,1.002004,1767483245,Yes,0x45920317871da7f162f0fda70962e46bc029d3a94534d301827844b37988b78a
BUY,0.003,1000,1767482821,No,0x0f481210274953ae7aa8193ff7199beeda070c4014ed54512fa9765d8e7d6721
BUY,0.0030000000057692306,346.666666,1767482811,No,0xb7442fb4764ac4e8007822a2ff9a3c03b0d0a61ccf73dba9ded04556044087f1
SELL,0.001,646.66,1767482803,No,0x3e7d6d63d2808d97507a9753a3cf335fc121ec2f3025d5fa46b16c6266ed5621
BUY,0.0030000000057692306,346.666666,1767482795,No,0xc8a00fbc6e196636c9ee1cd067f5526517530c75de71b5d1a8bd6b08da188d69
BUY,0.002,100,1767482791,No,0x6753f015aeb6ecd7b6f18157b8ee86b80bbf116cf073c435c77f2d086bad3320
SELL,0.001,439.67,1767482787,No,0xc11ec7f4780062adf89189752ee274c0e3f0b54bdd8f25c6c9efd39199a4793e
SELL,0.001,12390.86,1767482781,No,0xe89c158fdb10313fea6035f2414ae2195bd05350530c48b9ffe70de974932397
BUY,0.002,200,1767482193,No,0xefe570ce59918cdcfdb106a5105ced003534a157de88da4866d87379fc486093
SELL,0.001,550,1767482185,No,0x75d77649155e67a9a92c73f6dd9efd00578db0fd8e419e020081ac311ecb361d
BUY,0.0022191614232813703,6759.31,1767482177,No,0x9cf64dd8d76f6a0a7c310f1654c6815df284fa031c2ec85a63f76820ae0858f0
BUY,0.002,550,1767481883,No,0x31adf30604b98c8c7ab108cb0618aeb79790e06366f2290b83bbabe855f33cc3
SELL,0.001,2000,1767481875,No,0xfe85df2505c9c5b81dc0384cac9590ecd78b947488962648ee83918b75c204d2
BUY,0.002,500,1767481669,No,0x5868d0b9dcd8327d1a8952f69ace468e3eb8b04ffad043ae4561fa20e27690fa
BUY,0.002,500,1767481255,No,0xf0a7ed1e1727bc0a3b2920e73c8b4e470e8fa00bcb6db8e2031325d607feb808
BUY,0.0025430840849924845,393.223333,1767480545,No,0x3058de5d06cec942d2b8cfb571396bdb08eb1b75e2865f4c9cb2e76379bae756
BUY,0.999,1.151,1767479361,Yes,0xbe8aac6ab7bbe2964c6dc8a3283376248443914af6b9854e2524ecefe5f69323
BUY,0.999,1.191,1767479361,Yes,0x23b7e0bac02e385143f7edd17b6ebd03a8f4831ab893cb6971d326054d75308b
BUY,0.999,1.171,1767479359,Yes,0xade542ce04e0102e7f1aa5f1f8005a7ae13719ef68a58306b365928ff216e260
BUY,0.999,1.691,1767479357,Yes,0x6bb092d9b693e96f5e13f767bb2e1c5f8b254a6195b78dc89e7f32495bb49e3d
BUY,0.999,1.161,1767479357,Yes,0x5cbaf957bd251fd5b1be4fc852250196dca4008d0df61d05b7f82062aa94f13a
BUY,0.999,1.191,1767479357,Yes,0xc373aaeade249f4280233b19eb3f48649f8eb8dad7cfec51364f48e41a9358c1
BUY,0.999,1.151,1767479357,Yes,0xbe023be4035aeb9cc63cb1fd71564e491c01700ff6cd54c5d67897b0710b6c9b
BUY,0.999,1.131,1767479357,Yes,0xa48bb9e8bfcfc12d4d5dd37add72758e712d21a5b55e8a3029dadd6b13693236
BUY,0.999,1.191,1767479357,Yes,0x6ee3f2a819d9b03292529c2d3d271664ae45ff468ba2c3616145d6e5e6e291a6
BUY,0.999,1.191,1767479357,Yes,0xb1720604c3ead80c28552b9a9d0307a2cd5014bfbfc411fe55561c8727be99fc
BUY,0.999,1.191,1767479357,Yes,0x4402bdcbcbe359c25de14f284c04170d2bcd1d0feaf2a13ce3fc981f3c479c69
BUY,0.999,1.171,1767479355,Yes,0x9b381a40091befa020a96ccce1df47a339212aad3d1d240a0a61b32b733e6d74
BUY,0.999,4.984,1767479355,Yes,0x6dc126f384898cbac6ddb151448265072d1f4326c4ddc8b7af961182b5a9f903
BUY,0.999,30.02,1767479355,Yes,0xabd731eb68ee51e847c33f6bbedd08d249f6c43edf559e91f75e8bc90b81dbdb
BUY,0.999,1.191,1767479355,Yes,0x42fe7bb46ee5c10fcf9c40eadf800e9450190c013ed54d352c367229d6b11e16
BUY,0.999,1.131,1767479355,Yes,0xb8facd2593cc2fb3839e75e377e1496226bdf4c2c3f802926d20581b887c1bd8
BUY,0.999,1.171,1767479355,Yes,0x282c62c2a46e70a7ee15ce102716e53805fe0f8d9c474c03bca27283bae3a6d4
BUY,0.999,1.151,1767479355,Yes,0x7cff47072b542452a0a5e0f392f145dd7202385a4d262d1cd2e4275eb9feeac4
BUY,0.999,1.131,1767479355,Yes,0xfe8f79db1bb360149eae8a882e7a92011664ee55fcc724cb33f6e0f9f18140c0
BUY,0.999,1.171,1767479355,Yes,0x048d26d3882559cf16fcfbcc0a3b7530ca53eef9612f62a1fa60682343dfcdae
BUY,0.999,1.191,1767479355,Yes,0x99c9373414b590993ea1b36da65e1ea77749a7c17277db97861f9513c831bf58
BUY,0.999,1.191,1767479355,Yes,0xb2920823b07cbb0cc34ce10ba5d9fd63da020c0826c37d50aae7cdd9735de54a
BUY,0.999,1.191,1767479355,Yes,0xbabbe79f968b38f770bdf0522e2d30327414f12c4b9dd05dd3c1b89562f9e09f
BUY,0.999,1.171,1767479355,Yes,0x57df98eb6ab671c54c2bec61e1f6977345c9f69498e66549279a10c849a2353c
BUY,0.999,1.171,1767479355,Yes,0xb82e6aaa740bee587eaf58f21347fbe7547ee2f054457c2a410927a19466d8ad
BUY,0.999,1.191,1767479353,Yes,0x067f83933caa30789e5f48aac3f34cbbd492ab8c5d3152c1a3d5d0a4bcd9b808
BUY,0.999,9.949,1767479353,Yes,0xa7224ea17b605c54d8922d958d5c9953edc94dd5c6be8ad07019e6def1f965f5
BUY,0.999,1.181,1767479353,Yes,0xd115f740897cdd01a225b5c58e2778b5b4f931f7bd126558efad1e100e5a92fc
BUY,0.999,1.191,1767479351,Yes,0x5de2ee23b230d0a4cf280adacc2e0d75aa641eba4de8e669ae7b747644400302
BUY,0.999,9.949,1767479351,Yes,0x511066fea922614342394b547bc32674b78802cec322cee3d1c303f55816d6f9
BUY,0.999,1.111,1767479351,Yes,0x5ebee7d6afac76bcb92bce74933cef1b6866821a1e76c916a0a7462d095fdb18
BUY,0.999,1.191,1767479351,Yes,0xfd95b63a88f2b96462cbf7f191b53a0f75d8b5c7ad881d86b116f070456db0cd
BUY,0.999,1.161,1767479351,Yes,0xbe970c0e0c42f5896d7efbb20ae8f547b29f48ec0c3bddde410b0492df53c520
BUY,0.999,1.191,1767479351,Yes,0x677ddc555715c95ece813d0efa3f4b5f9d7c5aa185d0cfd1e8d4443c7440c0f7
BUY,0.999,1.191,1767479351,Yes,0xfdc57235da433fae72b914ce9a726146c7a697774ae21be8ad17446930e6d20e
BUY,0.999,1.191,1767479351,Yes,0x9c022cd50076889e7af15f7be27906123a4a6ae156fe256b61793f32f06e5c74
BUY,0.999,1.131,1767479351,Yes,0x064b85a1a03ff4d00997d340031c2154e7c89b43dde8c12d059e67c7e03280be
BUY,0.999,1.131,1767479351,Yes,0x410184f391973566895e3d73c449201a6c3fde63623df6b8bd0f2dd59114f352
BUY,0.999,1.191,1767479351,Yes,0x7570c025570a5c423fc616bf296e9c535a21cc2534be271a26fd7886d9a3d84f
BUY,0.998,265520.98,1767479343,Yes,0xad53a3b2efe2bf4a8c26180203277db07a2d97e4e5e8b0ec8557ccb6e675c4fc
SELL,0.002,500,1767479307,No,0x0f8f17c421aca675f662bcae12e8f52f151cfcc9c6ed034b0c8559f57ade0334
SELL,0.997,6000,1767479231,Yes,0x645722cd3a2cbae354804acc36f71040fb31ca3c85d9d4bc18b4508bb484a3c8
BUY,0.003000000003,333.333333,1767478955,No,0x688979baa2c6a2ebcfa5c7fa84e8fb1f0f9241d205af2f9700951d041d3feae0
SELL,0.002,500,1767478831,No,0x299db1e73801d662813a65e1c24abd862b4608b0235620ea5a6279cbef15cc2b
BUY,0.9979999980106533,300.601201,1767478747,Yes,0xd290a30835837bd7b52892a56f4f7aea945751104778bc6296128b5aa6ea4a6a
BUY,0.003,3000,1767478617,No,0xa8efe52626981599ef773bf578178ea27c92dae19a3d62bc53999d4d9de087d9
BUY,0.997999999682636,3006.012023,1767478153,Yes,0xb043b9e4d38a376cb985ffce1c2207cfea53a92753b0d058d28ad361ae8e800d
BUY,0.998,11,1767477383,Yes,0x7ee9d9284ee996fee5db96d10097ea3e4fb79ced3d8ca37350886150725f2647
BUY,0.003000000003,333.333333,1767476943,No,0x6f38ccdd1948666148dafdc6dec5253b6239fada7a58f9be393a710d378a27be
BUY,0.998,2000,1767476741,Yes,0x72ee82d911b705edbee32f0e4240f64a0b8094b00a3afc1f698ea388e74e519c
BUY,0.9979999932781763,68.136271,1767476599,Yes,0x1109ef3860ebc7d8939995a7882c1793384c89ea3f013526fde4588d2f37d9ad
BUY,0.998,10.02,1767476349,Yes,0xf44565631fef68c986f6cb4c4482c9b816f4e49720b3718ee29173235321dac5
SELL,0.997,36.36,1767476291,Yes,0x4db7b8f1ea65d712b9417736b81d1f866aa0fe703e75501aade956ff1efffcd2
SELL,0.002,10000,1767476273,No,0xc1117b7eb56c8efebe881e5b1c71b3cab8fff8ea62fbd6dbab485a5d7120f47b
BUY,0.003,1000,1767476159,No,0x2714209bc0540beea7f757e4a005d94ca07814dd054b0c3d1ba4a34b9eb909f6
BUY,0.003000000003,666.666666,1767476027,No,0x7e9acf9d7fa3ad6e4e63ac743904c735eaec516290ad58df3d5c3147ed12b5ec
BUY,0.003,620,1767476003,No,0x7982604b10d7bc0fb1923546e89912d659efab9029ba99b261cd3d8f99a37c24
BUY,0.003000000003,333.333333,1767475923,No,0x01baabb779ef15feeb70025d131d09f6c6da4900bbee02158b459e2e06f921c4
BUY,0.003,3333,1767475543,No,0x779b961ef0bba3bcb83b538112252e0a16e4d13e83d7483a3b8a4b00837f4021
BUY,0.9979999995589504,1677.81563,1767475191,Yes,0xa44eda7ac0273637a912f7c3acdd49a8822c4c24a4650ec2e93c8419cf65c8db
BUY,0.9979995079857505,2.004007,1767474993,Yes,0xc595649b05ba487926b8e44d17c3c8c114fba6d7b0ee066ac378e178e1406cb9
BUY,0.003,500,1767474791,No,0x51bcf0adbaa36119c134808425832d0e7d6f00132046304dd1e5f0d9673de01d
SELL,0.002,1533.33,1767474495,No,0x318f61f40680ced8c8db82f177832a57c021d2e25dec6178b093727b93d3c462
BUY,0.998,2000,1767474195,Yes,0x8cb06e7cbdd8506f4ba7067d7e72e6b2ed8d154c63bb7483ffc58fd6545c14df
SELL,0.998,52000,1767473793,Yes,0xa73cae74907bb8f39b544efe0da059bb779e2a23e6389f60d1b57029793c065c
BUY,0.999,1.001,1767473533,Yes,0xf7cbc18c5ec1cd355d2706068536d30a34852cfe06067969453c292f782cbf08
SELL,0.001,550,1767473533,No,0x17a9a47dae00d35c7a6921cb3a2f71a8b8576c9485f7b1e3f8606ab229a4ed4c
BUY,0.002,550,1767473525,No,0xb4f18b7444da7718511aa78e65602db43fe51d47a2b42cd11af95ff6a0eafb79
SELL,0.001,550,1767473517,No,0x091e5c381b74f2850550cbaad6b002d15ec7453255d8d86a6f4ce353c33c918a
BUY,0.002,550,1767473507,No,0xda458451ab076b8dc2a419b185bafe4798fe8fe081cf8abe1802faf2b76df69b
SELL,0.001,550,1767473499,No,0xcc942baa12ef5adbcaaf9eb6b6fc4e44c40a5389c093580018f0fc933142f850
BUY,0.002,550,1767473491,No,0xde106d30940fb914a58b825802ed0954acbf49542cafaf0b4a4ee87ead0280ff
SELL,0.001,550,1767473483,No,0xb21ab6255ed1efe02094060c9fe0b00d0803736cfbcc6e42c271e3283b969385
BUY,0.002,550,1767473473,No,0x91da3d9d2fffbce7c4e40faf5cae2a6ddafb1d22ea0b229b278fa7eace023b4a
SELL,0.001,550,1767473463,No,0xc779bac97a567df041ccef44d908406bdccd76ec3474e6ed75a2edd880623a74
BUY,0.002,550,1767473451,No,0xb6e96ed15e954aaabeab19abbf7d8e5a0f85e9baa202adf0e55e15af972ebefb
SELL,0.001,10450,1767473443,No,0x57e9cf50609d26138a4f4006074ac4818cdab21e17927cb6c60ff456d5401f2d
BUY,0.002,550,1767473435,No,0x7d09fcef67d02f0cc006e9b84fb02bdc25c961d6adf3675e2a17b1c38743d9e3
BUY,0.999,10.01,1767473427,Yes,0x39fd4576cae64e0bda8aa3d9682f8490783e841e4a0e1b943a8556d428b7762b
SELL,0.998,135093.69,1767473421,Yes,0x32b716eab19e72ddff2c645ae2820160573dd05732a4b64df682ae12bef7e214
BUY,0.002,550,1767473331,No,0x638fadf347bbe06a4e02b76e018adea65e5e82c886c2b541723a2de72fb54e00
SELL,0.001,4220,1767473323,No,0x1ac2867ef1bc03fc6e5d9045fc2aa405a22cb503a661d365bd46f12003357524
BUY,0.002,500,1767472973,No,0x8879d83a71aac4ec0ee845e3d6c561a2d929d75160c536ae83134df8fad55625
BUY,0.002,550,1767472863,No,0x24879984ab7e96267f3974058605003cca6813080f5d7cceee098e45300c95e0
SELL,0.001,8441.75,1767472855,No,0xa14bed0cc48ea936e3c0bbcb8adca179a83512aff2966acbc19917eeb20ac7b4
SELL,0.998,8.33,1767472213,Yes,0x952b1377a7939a40eb0ffe9eaef85c6805ed3f5c6c87b73271ff04e65edf9bd4
BUY,0.002,550,1767472159,No,0x700d03a3edbaae87633e02b444cf03ef1ee7ac6feca25df3252b9620e57aa79c
SELL,0.001,2497.92,1767472151,No,0x666cda45511819229c67792fbc133bf2c1dae597c503653cc1cf911fa55a988f
BUY,0.002,550,1767471851,No,0x7f4dbb606732e5754db97effe90a51540df247c068dcecfa4a7d3efc435152bf
SELL,0.001,500,1767471843,No,0x8b8502ccfa888d9974ba885c922d939dab25dd0d749dcac8d7859a843944a7f0
BUY,0.002,550,1767471655,No,0x5373c9a577601a8d0107290b96e06211746498bfc4ce2638c315e5d900bc4224
BUY,0.999,100.1,1767471647,Yes,0xc84ba82d57a3df824c6260cc730a25ba3035b24a6d56e15ca64a9b5bae95e417
BUY,0.002,500,1767471441,No,0x3c3d54bc837b0545b11373fcf3b5a56adb4c84af005ae5a26a53fbdd6fc7746e
BUY,0.002,500,1767471205,No,0x8fc71e9033d59389815a969480254bc9a5482d7f3c9467532d401d3708a7b9ea
BUY,0.002,550,1767470735,No,0x6a647152cf0a462ab1c125977a0d3350374723190bbe322071690a5b8a40a153
BUY,0.999,10.01,1767470727,Yes,0xdbacecca51b0a3369f09591f94d0157ec1bfac7a9e12a1d3c170312f17c38ed4
BUY,0.002,550,1767469529,No,0xb06815177ce1fe74ae662b393a63476b6a239fd2582b66deaa4ae3f5fa54fc07
SELL,0.001,2404.44,1767469521,No,0xe61ada31099b399b56c97280f717bc3a424a4dacb54bbdc0da44856156d96953
BUY,0.002,550,1767468997,No,0xf1473dd8e8909521e6c5ab3d88bd43166c42a6dd49b6722af8dad1c4fe5e5a7d
SELL,0.001,8000,1767468989,No,0x5a9ad1bfd623aaae5b686483ddd42713eeee9b2af4172dc65e00bb30b2567fcb
BUY,0.002,550,1767468813,No,0x17e5372a58dada7ac81fd7cae5217f4a805ecef620be1d8dc9d70d651348433e
BUY,0.002,2497.92,1767468805,No,0xd102541fd09fb7957e4c9b1d97e8832fd24e2722767cb49336b9421e5e26e33f
SELL,0.001,333.33,1767468805,No,0xf2a1584bab5526e3c54d987cd3acf19cbe47372a2daa69aa0adecdfbe1a27e6e
BUY,0.002,550,1767468805,No,0x3e4fbc0e8b1cd959685feb69d2e3e84c3318f5b9d526f0c72a0be84db6120ae4
BUY,0.999,6806.806,1767468793,Yes,0x97955f367421a8aa02b02f10d0f3f0ca6572016561c421bf6b9f218984e501ec
SELL,0.998,3415.03,1767468661,Yes,0xcbf1b81f49187fa659244587f73ef9e7b6820877670d1e1fec476178653fd051
BUY,0.002,1000,1767468565,No,0xc50afdd5cbc86df3a144e142bd7332a2589be0e3b46cd61d41855a8ce5f7ff5e
SELL,0.998,85.85,1767468475,Yes,0x1cd5b1d1389efc367dfb30aca8656a0931f0ef3a4cd1be52dce08a1c2e45b319
SELL,0.998,5564.13,1767468463,Yes,0x613f4467330eb69b34f7f67535afccf088b8ba1e029b430a15ecfbcfad49f916
SELL,0.998,47.77,1767468129,Yes,0x3444d0749e4164d5efc9c20870aac9f15ff5783a6892019c50d65016b769ed88
BUY,0.999,2.002,1767468057,Yes,0x9b2ee9dabe26c4a6d1899ddbda1ee8bc32f82868c33daeaca5c7b6d019ca20c0
BUY,0.002,550,1767467707,No,0xf59398526046955657ccb60bc37ae7b115091e6db4fffb7863ce156365eb158d
SELL,0.001,750,1767467695,No,0xd3bed88e6dd46de48421893833ca3a73aaf7502e4e8b0b150302c6ad9eabc2e4
BUY,0.002,770,1767467591,No,0xf5cc9c08b9dcf73c05a1da3352fe6f810c0e49d0f4b9afba9e1c4da99da2d087
BUY,0.002,550,1767467477,No,0xf1de21038705cd5d23095d0eaeb7d9cbbd15a6c17ca9806d3613fee5ff557a6b
SELL,0.001,373.33,1767467467,No,0xda03111494654ee184df946026456e8d72798f909d774ff4a2d7fcac9ed909d6
BUY,0.002,750,1767467061,No,0xbf32a2747826992742aee258aa105e35d5b6990ea2ed59b1acc47e55aeacc6c7
BUY,0.002,550,1767466869,No,0xdc96b4047c4e7c450fd974ca18761641ab45b674041554b870bb7f242186b7d4
BUY,0.002,1000,1767466727,No,0x9c46fa735fb5b405a8d74c1feabc842aaf42e0150efac7238d35c68a6029836a
BUY,0.999,36.036,1767466489,Yes,0x41eeb1370b5611d3688e526ed2c3357b0f38e58f7038453bbf7845134fbda017
SELL,0.998,107.31,1767466231,Yes,0x81c9a66887fd4f7826bb5b2d97bf3ca1b1eed3a654f931513a9d29fa11091a8e
SELL,0.998,11128.26,1767466207,Yes,0xe4b9eddcbebe38ab4e5e3ef210c58631c8c7484503b6a75019ae4b3ab46ad0f8
BUY,0.002,550,1767466151,No,0x21922db70a2c6d2a83674e784c8b50e923246f953f94e80e4e73a9b099afd636
SELL,0.001,100,1767466143,No,0xf9bf83e96e4e422c68d5424921fe1903794f89392425de9fa98a680fe06cd9b2
BUY,0.002,550,1767466125,No,0x26ca2cc0fda6ce46b5eebc409f40a1a8db83e6ce5df8e10fa805a6e3ec13f515
SELL,0.001,1225,1767466115,No,0x33bbdac47b8a3fe252f5d2e3ce8b01b64e744f0821abe368bb4fa70b1c23adf6
BUY,0.002,500,1767465911,No,0x452674a3e57feda0e3b7274774e88cdcf210c2932def0d4a6db6f5746848360e
BUY,0.002,550,1767465659,No,0xc972ad9f32796b30e48277c868e0e4cdcfd48daef7e17e3a183ff45a286c3f51
SELL,0.001,10439.43,1767465651,No,0xa0fd65dedfd5be696dfa68cebf78ba6fdd047e999e3fe978d7f38522449aa94f
BUY,0.002,550,1767465465,No,0x3580fe559db5e3bc3099057d1cc89835c65cd657e2c5f2cd1b268fe8e2bf05fc
SELL,0.001,10,1767465455,No,0x7031ab69e0b41641c2c09250a8e73dcf98cdfe82d3da616b03aae14c28161411
BUY,0.002,550,1767465397,No,0x9564207cc039e13974797177cd23895910f36849d86b583675e0475d2222d1fd
SELL,0.001,4440,1767465387,No,0x6baf26343b171fde5dbaad3e54c510e113ee08d68830918ba320ee6ae19642dc
SELL,0.998,1.57,1767465049,Yes,0x07f03c1ba2ce090a7ff002de94b65e189421c767e115aa31e927e28a8718d767
SELL,0.998,752,1767465041,Yes,0x37b084ff1e0f2606656358e890865579a4096be2fe4587a43fcaffc959182c7a
BUY,0.002,500,1767464959,No,0xba3abf6ff647567f71982b9df3d9af89b492b37d33fe6d7dfa946684a0612a32
SELL,0.998,5.04,1767464453,Yes,0xd3c0f7c1b0ae1085d8b788ea00a639f313779463a1260e8bd869b2856770f3de
BUY,0.002,1225,1767464443,No,0xb978c90abfc031d29113ed6f8d2c73df1aaf6fa6fc598d510e7f0faa7ab51012
BUY,0.999,80995.99,1767464417,Yes,0x062b0f842c226c3953018104cf703708ca41ab0768ddd7b94c86be0fb3596fc9
BUY,0.999,10385,1767463949,Yes,0x8cf0f26ab83f570d30b244e1cd6baac5cdd41809d6983bfca243a8ada947e34d
BUY,0.999,16.016,1767463605,Yes,0x0d88278f378b0ade62052aea282154717782d3dcc6e52261d727d91b4da9393d
SELL,0.998,592.36,1767463211,Yes,0xf7509d144029654fef52eda7dde0e708c4d679df04c8d719d643a6034f5d9249
SELL,0.998,50,1767463205,Yes,0x44d7ca24dc059603329c42fee5aa51632b00eccd745cad40bdce16db9de57baf
SELL,0.001,333.33,1767463161,No,0xff301e971408750c237d0e151ab58c5c31d8e94b9b1afe2a21de044850373b59
SELL,0.001,333.33,1767463111,No,0xecae8a77b60779e06760925db86eadae58468a07aab7cbd2a3f56c1fe3d563dc
BUY,0.002,1000,1767463059,No,0x4f365facbe09f31b1259d4d75fa88e299d19abb2505bde68564b60d95d566d9e
SELL,0.998,1.22,1767462945,Yes,0xfcfb3dcefbe2247d2ca3da90166b88f2d7dc0ad113ca6e76717c3a52e327e6a3
BUY,0.999,870,1767462807,Yes,0x14d9a5cfd95feafa6223ddac035924f2aacb098f347c3e008c56f4395486891c
SELL,0.998,36.22,1767462801,Yes,0x578cdd43a56e089c0b6585cc858ea96fe5696c64247c0f72621af1ef92246445
BUY,0.002,7500,1767462321,No,0x45a873ed6264a29f380d9c050bdd7fce13ad79fe489c6941874d9089f0e9fd92
BUY,0.999,450,1767462207,Yes,0x2c84b45b9d570a9f60664acf3fc0e78e6b8b8ac9468c8e7e65a62fedd4dd84ee
BUY,0.999,5.045,1767462037,Yes,0xdd47957bb3d1ba408600922e164cab3414174fcbf346671623052e8c1c08f383
BUY,0.999,1.001,1767462003,Yes,0x9b272280763f22d8dcb1a65da23328bf1aed81e5589dce650e671dc48c81f668
BUY,0.002,500,1767461963,No,0xb9a0bbeb076c4c83b233ae312fa55d324a24a86a4904a0b48de68a7663668807
BUY,0.002,2500,1767461923,No,0x76cfd8d64835326587954184fc1e8bab19d270322d7a9d715b967f2b0c19a01a
SELL,0.998,1,1767461865,Yes,0xe7ab504efd54651cda64f580b36ffaf61157948d841e3abfdb98dfe802fc2d41
BUY,0.002,5000,1767461847,No,0x8015a28397ed77a9f92825c20ee756543843447a51fbe44950a07105cf04b161
BUY,0.999,1.001,1767461773,Yes,0x77da8511bb031fffe8e15069b1d88c0cc3ffc02bb5cc2678399aebb1cebc1035
SELL,0.998,1,1767461541,Yes,0x479226fc3fb6c5860dd72153240ade242ba25313d4c38480becaf4b26d054a44
SELL,0.998,69849.19,1767461511,Yes,0x874bf0be33c0a5008bdbd17964470543860801985da5309bc3a89bf2e912fb79
BUY,0.999,1.001,1767461507,Yes,0x047899fe1cdbf95bb8296508f99832e35b044c8cb47fec84608e25d6ca199119
SELL,0.998,1,1767461337,Yes,0x893cc840a0d6fef35e7a48945d09a06a2467ff4a65354be545702a979c33b8b8
BUY,0.002,1000,1767461275,No,0xcaf0334a18f2cff9cf60d76552f33c3ad67a3a155a466901d06669097b5bb37a
BUY,0.999,1.001,1767460843,Yes,0x940e8f9caf79d54c2cb18d3088bd4d31e62d9a6c7c8642d911674b16fbcd00a0
SELL,0.998,10.01,1767460841,Yes,0xced7001627facc69d922e2154993afeca85f54c6e147de151da7155d6aec9200
BUY,0.999,10.01,1767460669,Yes,0x06b71dcdb30f9e2a320ac8c2e0b831fdcc39de9dba60317171ab024fabbf7b71
BUY,0.999,6.006,1767460641,Yes,0xe0303c28971b48d3a7198611f026bf1d1afa056b54229858be260eace5bb1a50
SELL,0.001,2100,1767460593,No,0x3e50f94f322f80b8a79d989d6811da9c3d67b91be962c0f457316122100218df
SELL,0.998,4200,1767460513,Yes,0x5ac883cbd310c1f68c7bd3e3b25f51e6551ac1d472a91507b093b0308952bed0
BUY,0.999,3.003,1767460497,Yes,0x01594a3120f21ce292a015b8aaa585e206759ad957c5f1e6f30f5e0ae8a479f8
SELL,0.001,500,1767460375,No,0xe9158bf0c004aca4703f6e310c6618c74483f30628848d95be2c405177f4e785
SELL,0.998,1,1767460371,Yes,0x37fbaf7201ff719aebae096bea0954333000775f82884b0110abb56ac68eea6d
BUY,0.999,5.005,1767460307,Yes,0x3a91adc9aa6d6d7b975411e3075baaf893d1b94f7dcf5b535d41b67452096d5c
BUY,0.999,5.005,1767459965,Yes,0x869287041b09635a092b9c0e3e89a669606f2a9a9f536d984518a42f91f3b11a
BUY,0.999,54,1767459813,Yes,0x211c112d4ab52206ee02aa2a2082b19e2c18c6a359554cfd143dc896c90cb494
BUY,0.999,1.001,1767459711,Yes,0x06414a7ccdffd04671ac3607b7b943432552edc3ca574f887050c9efa5f8ad58
SELL,0.998,134.14,1767459705,Yes,0x55db862fa2fac26eee4df96a5c273573d9502d4b550e509b265a40254931e936
BUY,0.998,995.99,1767459679,Yes,0xd13f914789092ff0ef43adc26162f5e320ea498b67c128390ebd96cbba7485be
SELL,0.997,167.68,1767459647,Yes,0xa8dfdcda5c497014e0626c49794c58641ab4b98f115552ed2ada6802e4ff7a3d
BUY,0.9979997579849377,4.008015,1767459619,Yes,0x80817f4eaa41dea6f6a1b5cb905f65ea701d2486e1c2631ccb3882ac3543ee7f
SELL,0.997,209.6,1767459605,Yes,0xbc64d33c5abd4beafc211ebcb294a7eaf6cd3e19d35a9bfbd02dd15feb2abbf1
SELL,0.997,9,1767459599,Yes,0xfd50887209c113c1ed11d6048e3a98c690f980972c11ad907bebb73e752ae593
SELL,0.997,1,1767459571,Yes,0xe1027b1530f60c8c23f2210522fe2e8910e91334218997c6816265b01e0007b5
SELL,0.998,337.5,1767459563,Yes,0x85a5f00b29d481f32da482dad19ac053537c72ee56f859a6f81b4d88dcc1582f
BUY,0.999,9.009,1767459521,Yes,0x607f6e36f6b574eb88fb3fc4777321e318db82172e3db75a99e5d2774cd72796
BUY,0.999,2.002,1767459383,Yes,0x008393c4e9a16bb5e22dbc6b33a55ff309807fb799803caf52c29fe8be1e4af2
SELL,0.996,55.14,1767459259,Yes,0x971a522e36527f05cf88b5aab4a7816eff019e193277b37dfc372bb8d344b7d0
BUY,0.997,5.015,1767459227,Yes,0x94fa3b46ac83d543ae743e18d301a340dfdd11f2095344c780415e16f80fa776
SELL,0.00166252,500,1767459179,No,0xc8c834e5777f2c6fbf26652f5ca8066d41ca75b9fa73e15979945997a60d8e58
BUY,0.998,1.222,1767459169,Yes,0x9f8dfa484c69b3ef2ec2c56ad17cf253ae6a6aca55d3b934cb82602f10ea9fbc
BUY,0.0037081261984681538,137136.64875,1767459161,No,0x8379f8a784239ac5a4842b0bc3175b1d2b79f522f1fdbca47d39d5e4d6917e24
BUY,0.999,2.002,1767459097,Yes,0xd8ad587a560e16a029791ad4ad1754f724cd684d06bf97b5d4b4582dda94cd75
BUY,0.999,1.001,1767459085,Yes,0x9b7bf82433369ddd370778491bd527eb561d7024b37fd1a801c9c262209c3b07
BUY,0.999,4.004,1767459027,Yes,0xad9e60f9da13919350e93006291930e22b501828908fada104a8108bf98bd6ea
SELL,0.998,1,1767458993,Yes,0x768daaf6ad65fe9825e0b35f7f4ef10981f65142fb83307f6cbf472cea02c03c
BUY,0.999,1.001,1767458871,Yes,0xb7824942278332bf360d911210c9416f7fe5d27331c3885aa0263449146bcf8b
SELL,0.001,2166.66,1767458809,No,0xae36e7d5b15748c7437d195b2ec01e182250d8747b806a1077a2b58289d62392
BUY,0.002,500,1767458781,No,0x5d8aed93f79c28bba720ceb3dee730309c24dcb14707923e2d0f13364c5024c1
BUY,0.999,100.1,1767458713,Yes,0x5ff08bdf0f3415baff10f708559ccd0623c904f7d642a4e60cf6a0a498a27e72
BUY,0.002,4000,1767458643,No,0xa45f7e392d053e6368d778222d612dce7f5fc1a3bd5712906747fb785118d263
BUY,0.999,5.005,1767458611,Yes,0x1ac7a0f0836ac6b0efa8c9337fc0ae9ed8ab4436355684172e43394d9fc07e04
BUY,0.002,500,1767458591,No,0x05cfe97d1a5366b131c36cc0c7d60735885556fc232864303e03fb807dd8cf77
SELL,0.001,7183,1767458519,No,0x14506295c392cb4d242fb85b4b1a1a8475ac2a9afbf3975d96175028dcd9be56
SELL,0.998,262,1767458431,Yes,0xbc48eaa4db99a558b418863891b2838a16545afa00e0fe355ed190e8eac75e11
BUY,0.999,15015,1767458421,Yes,0xec47280c799475c12251cde62d66c4db87ba2407dcaaea9fc6cbcf1be8155b6f
SELL,0.998,327.5,1767458419,Yes,0x0ff9dfe573846113e46cb9f04d85b9c3d3a1aa70eca23bd5ddd999d9ea1d469e
SELL,0.998,1,1767458415,Yes,0xfdff4f02cfa13ab584750647c029744b9091f99c692911111129be746b5f661f
BUY,0.002,5000,1767458411,No,0x9e1ff11ba5eeba08a35155308ff232ac5fa0432487c0cf6b782879318d5bab2f
SELL,0.001,43899.99,1767458407,No,0x80477671028cd29c8bca29682a3951115b9b4ed84824ce50c8e0b7c51de3cf8d
BUY,0.002,8000,1767458345,No,0x72272208848a9cd8e669f0b88bb69d0417930ee62c92c031cd68c3b4fbfd9c38
BUY,0.999,20.7,1767458319,Yes,0x279d471e66cf2d8060f32747f0e6e9119582e718bda7d455e0ec3c863f6f5656
BUY,0.999,1.001,1767458299,Yes,0xde2e6e8f09fdbac55eb7b3207171ee9810b40c06283a39aa5014429d707984f4
BUY,0.002,2000,1767458289,No,0xde0221a7ce787397a44f4c00ad627bfd5ef95278bb1cc97053c4b390a243b7a3
BUY,0.999,3.003,1767458253,Yes,0xa48897c92c432c97f180f7975ae58e6a620ceddd56f806d7834ff1c41c04255b
SELL,0.998,1.01,1767458195,Yes,0xa213f04f01207bbdf301657db7284d7a23b659557ddeaeb3076db3a491777693
BUY,0.002,500,1767458171,No,0xe8876bd994ebb211eb2d36d882cd4163193de2cd7caec31ac173155bec5b4c5d
SELL,0.001,550,1767458165,No,0xec41960e4ef7d94d3dad3944d9bbbac5ac4fbec987ae0df03ddf6a18bcbf6460
BUY,0.002,500,1767458165,No,0xf87a01ec14ca4978535782c039b8f707b761080862424edd1ced762fa6d1c117
BUY,0.002,550,1767458157,No,0xc9c59d65311ae2c00eec4e179f5fb6a27e37613dfe3f8412496d3737c91b49a2
SELL,0.001,550,1767458149,No,0xecc28eb54697931109c4fe0b0c22b19f390972935febadcd7ff5deae086a7a98
BUY,0.002,550,1767458141,No,0x1cd1149f9365724936404e8d41d6b676a4ef26fe8923ce41f8f79934737e2975
SELL,0.001,550,1767458133,No,0x9534d7c4b95087ea48efee676f0ec2327b7fbdf199396db4ceb05e8748793814
BUY,0.002,550,1767458123,No,0xb2ef482988ec35954f63324085826a6bf9a17447ce7cd9a337423862e77af497
SELL,0.001,550,1767458115,No,0x06bd4987c3cbb95b439f7d652f11fc5c1b213c0f1391fc34b6eb19848dafa1e7
BUY,0.002,550,1767458111,No,0x4ddec15683b5f1574979f269db1593252c2b2b37aa0e5197ef54dc42469afa3f
BUY,0.002,500,1767458107,No,0x64b1d39842eac556b78f823dc38a57bc048b72f03e688d521f23d3851e0d0510
SELL,0.001,550,1767458103,No,0xf6f8b5fe840f7b522ca6615589e92b4627c3b26311fb2192fe9475e19f90c968
BUY,0.002,550,1767458093,No,0x5f8ecf5f9aa531c7d18791ca1defb0ede54fe2107b9866a9996677ce8df4d981
SELL,0.001,550,1767458085,No,0x761bbf37cb127a0f5420a4b22c9be1ea5d6e00ca8ef64bbe787cc8acba410304
BUY,0.002,550,1767458075,No,0x52df97e1212fcb38f6e52754dac6cd90d88458a9d2e97631d4325e62e2ef43ff
SELL,0.001,550,1767458067,No,0x0e951d687f525761efcc85df4557fc1405602d6a70382bcd37a98bf4dc1bce4f
BUY,0.002,550,1767458057,No,0x3a99c607db8a1fb7f92ad7eed77ba58a5300c97daaae06c4c002cd1ec38a62b5
SELL,0.001,550,1767458049,No,0x37c134148fcfde273c5489820a5329d8a707c47434f131e39cae10cfcab28e6a
BUY,0.002,550,1767458039,No,0x502a0ff159777c2de7712d06876b00b0061fefdbeedb1caf1bb2f7c52d2e2831
SELL,0.001,550,1767458031,No,0x5a3df255e1631a73440062e7d805540fd480f67f7563e70180e9e93cd7607f52
BUY,0.002,550,1767458021,No,0xdcbd501ded26674d5160c64ab412d419958ae2526034b5e8f3a6ecd90f60cc75
SELL,0.001,550,1767458013,No,0x129df5de8b1eb36e91b49b3288cb10d1735cb14be4a63b9597bf96ac7c3e0326
BUY,0.002,550,1767458005,No,0xd689f71e7a00fe9326e401b3bf71f70a9cc89d675b6ebcfb5d0be82799f91a8d
SELL,0.001,550,1767457997,No,0xfdc179d7f1d30e1ef6a1a5f8bff8b4f28155b3d4cecf91d85f542ebc2f9f91b9
BUY,0.002,550,1767457989,No,0x024fde5e109489ea4ba62bd0ebe1d9657d25e43b83f2dd8d33c2151935c07f5a
SELL,0.001,1100,1767457983,No,0x8e583f5a172dfc1847ea70e46a5bb09460f6be25a0dc194edfdf989070032b9d
BUY,0.999,1.001,1767457981,Yes,0x7a56fc0672e370592ff85f03377ce12e16ff43e393faac0b1c101a2a44f5b559
BUY,0.002,550,1767457977,No,0x0ed58a549fe116cf70e778edf65c755a807443c0150aa7914f45c2b9fe5517e9
BUY,0.002,550,1767457973,No,0x01938190970acdf601e7bbf19a52342004af78c044bfbfc1863226d7f624d4df
SELL,0.001,550,1767457969,No,0xfd508e8aa3443b063545c6821b96da891e5311c7c25533b15807d390eb99168f
SELL,0.001,550,1767457965,No,0xccc0c4fbb5cbd155fe715d027cd3780875f234e399583a702f01372221f709d5
BUY,0.002,550,1767457963,No,0x07eebe9db140dfc016a54ed5627f6a97a38956e2f0478ccb5d21181f1e2c5302
BUY,0.002,500,1767457961,No,0xd0ee247e452d3908ea7a07394ee8aa8b972c4b43a2d87b1097cb9b271b24e4d5
SELL,0.001,550,1767457957,No,0x8ff5a59314b6c8bebd33c5fd92cae3016bbd078e8447c98155444bd80a9e78ff
BUY,0.002,550,1767457955,No,0x10f247f64db1fddc08d3c57a4d29debd8f48c38b8071f321758c88355416792f
SELL,0.001,550,1767457949,No,0x70938ecf9f339e0bada84d8d7364753bc0eb66ad284bbbca074724dbf131f95c
BUY,0.002,550,1767457947,No,0xdf07e0de2f18a24be5b0707281c15920a2f1be13a261a23548f5bc2cdd3defa3
SELL,0.001,550,1767457941,No,0x46e333fbfb87e848ec957046220f07478c31832cbc57d76d8509a4b226023e22
BUY,0.002,550,1767457939,No,0x549ade807cf2664dd8a16c76e33a54d5949ce5dbc8d90955c664d63058f2456f
SELL,0.001,550,1767457931,No,0x3178900e379da0fb1f0a3cfdbcc0c5b77df3241c93cee0f9d054676b2177cb88
BUY,0.002,550,1767457931,No,0xb800e369e5023db97db2fa02f656fef7ee474d5b696782c013f0477c29c7417e
SELL,0.001,550,1767457921,No,0x6063f850320e7b60359d2074ce8b1f330dccd14e101d290751fbae919880f844
BUY,0.002,550,1767457921,No,0x3f066fcb9a151d44a0d1837a519a46a37d6d0a08a73fb5d56cfc4c87f59ae1fd
SELL,0.998,1,1767457917,Yes,0xe49e464de4e2d1ef6a07a0740a7ce736a4d6e05f06ee22bef5c4467d45b7426c
SELL,0.001,550,1767457915,No,0x82303fc2ac1bf73243cd1e54f494930aacecb104a3ad6d8185f79b716eba2510
BUY,0.002,550,1767457913,No,0xc3594143122b8f9fff9be997945bfdf3245af5c3be4f13a3f82e4c96059f392b
SELL,0.001,550,1767457907,No,0xaf99a9effe68992c9aa3f37e03770ffed7ed98c01d13d92c2811b12503c1f05c
BUY,0.002,550,1767457905,No,0x99f6e168b5b67ede4dc5d5219d3cbd0f9bf2ab5589c3c9375818a8ffd7950fbd
SELL,0.001,550,1767457899,No,0x612a0dacaea5a1fd96e9ea576a483eb9f00bc655ad6fcc41aa531b7d8f47dc2d
BUY,0.002,550,1767457897,No,0xecb6e60d1261abbe90fad0ca95bb3fa83beb25815537f3365e1a6c0e0b0edc2d
SELL,0.001,550,1767457891,No,0xbdb6adc86b10f1f01ce6258c32e61263a5560825640569f1c7b69926d5279650
BUY,0.002,550,1767457889,No,0x50ae474bd6730048fbf290109f4002ecb1c74f7e034243eea3878b551aacfe1a
SELL,0.001,550,1767457883,No,0xf3dceb4a3848fb0881744a4937b42afdcf3bd3ed4a860bbff87d66421e4e09f4
BUY,0.002,550,1767457881,No,0x0f13cae578847abd43b0e1605dc9659e565d26a0be5dcda2d6c4222d31102a55
BUY,0.002,1690,1767457877,No,0x737a6661bf726d485e144feb5fb5fa27a893cffb6ff036d43c5f2c8127bc68a2
SELL,0.001,550,1767457875,No,0xe65c27c46028629745c68b47687b9aac58087e52afc04468f23e8709ffb9c345
BUY,0.002,550,1767457873,No,0x20fedfd943b9ec65f7a58747af675121bb116cab8eeee47ba39522a6df363af9
SELL,0.001,550,1767457867,No,0xa47a86387423cedf62c41f2c82e48aef6966f695e9995f84b64009e79ad77103
BUY,0.002,550,1767457865,No,0x7388b3c4fa775151ff6fe9c4b300f76e74b7042078eb7e2b0b5738a45b2e12d2
SELL,0.001,550,1767457859,No,0xc73b0fabe2ae40387e3ce12491d1347046fce30785be17e501b5851197361f0e
BUY,0.002,550,1767457857,No,0x9cf14866ec7695100dc329c490a61ada583825474f5f1f489ead7847c6612b9a
BUY,0.002,2500,1767457853,No,0xfe5a22f9a8d8c45afbe999fcbf0f00ce1a6436f361df2dcf8dc433b11767f4d8
SELL,0.001,550,1767457851,No,0x1e2a9ca2fee8ac2734fd283be205463a883d129b7de54d8cedd98486bdaf4015
BUY,0.002,550,1767457849,No,0x310b0ac2b447d6c659e4f6f0fa826501b91e92be7eb3f99727d323f7909bbe4e
SELL,0.001,550,1767457841,No,0x8de31a1d4c89b3bb0b67d61b7da4802b4bb6772dc46f0f17ae921249f1e5cc39
BUY,0.002,550,1767457841,No,0x512cd865095180f92665b72ed0f0596f0b842b8821bc2c4cadd9337db66edede
SELL,0.001,550,1767457833,No,0x6e8de52972a858bcddaf85c0ea932901206457beb2a33b98628fb37ce6f49f84
BUY,0.002,550,1767457831,No,0x1e9727fa3564507756e724bca5652fad0a58cbd858af3fe481d624d553ee36e7
SELL,0.001,550,1767457825,No,0x9208945dd32ef9a981887754ee61b8f40ae138b41743bb9a5228ab6200e5519c
BUY,0.002,550,1767457823,No,0xa01557feca620179d9ec1deb88475cc5c4a5edbfe84c50cec1da0723e0c10cec
SELL,0.001,550,1767457817,No,0x030a58e986d534f22682e1a4a8ffd8fe9b7ac0a794cd8be74af2cdfd01d9711b
BUY,0.002,550,1767457815,No,0x114dccf72169fe6686a82e109fe73dbb3ecbf5fdb9623f870c642e1bc417ecf8
SELL,0.001,550,1767457809,No,0x58c55d217b4963db014c6e373e09528bd9624bbc3cc4a208bcd80d6aa22d6cbf
BUY,0.002,550,1767457807,No,0x42272d385ab0d30f5cc20386b07ec9f8bdace373daf9ca58bf35151f416da8a0
SELL,0.001,550,1767457801,No,0x68f6be6aa678bd715576a53169a95c34f15761bebf205d8e83084eb3b3e8b33b
BUY,0.002,550,1767457799,No,0x9555e374d27c9481383680580ac2a2fae9a4bc4b53c3499b3d75c1162a561586
BUY,0.002,550,1767457793,No,0x0759108ad8ae52fe44f28639497106cae70e6ba7876cee64bdd4e42325616836
SELL,0.001,550,1767457791,No,0x452fc78b27f75af5471ebd1abacff7ca44b6b9403fc9e1867a3d619ab045e0e1
SELL,0.001,550,1767457785,No,0x56857438ad875b6575eedc29e8e894d2f6e60713ff6aa168900c3de563a992c5
BUY,0.002,550,1767457785,No,0xaae72c4f9f50f7836c59edd57e8124ab6d643d2496f355c2106c5ad8f94b166a
BUY,0.002,750,1767457781,No,0x406924312e0ee9d39dc0f10ed22d523f1dfe5b3a8bd82b593310561186de44a0
SELL,0.001,550,1767457777,No,0xf22f01b3aa6e4ed292c688d9c8f1dc0b52053d85111e52ca9677ed8d0bfe0314
BUY,0.002,550,1767457775,No,0xa83f263906a3e429f5b39d24e3c10e7da591087ea56a58ba380552a6a34aab78
SELL,0.001,550,1767457769,No,0xba8dd1b77c8f2c492bb58a363268fe8bbb1d565616e641637d207cc4dcf97bb4
BUY,0.002,550,1767457767,No,0x24198413ba77176b945c36b09c26967252b503f6ecc8f433711c5eb3f034c072
BUY,0.999,1.001,1767457763,Yes,0x7ad89d01fdd1eb0153b59d1978d88eaf1184aa48705cd3aef30069ebe16b3789
SELL,0.001,550,1767457759,No,0xfe87c53df6b080b66be87ee0666ac9956c40b47ac852dd82f3f8e60667ef48fc
BUY,0.002,550,1767457759,No,0xb80a2dd19dcf688b176c7a2f7f317712729d0b9676f826e08db45015a5653f65
SELL,0.001,550,1767457751,No,0x613b117eab6c5e9e690bbeb7d1ddf852f4394eb3bc82a491b86a552345101755
BUY,0.002,550,1767457749,No,0xcecf26a7fb51c9f307cd1e4a4591b9eae88372425155cee74f1299a2239635a4
SELL,0.001,550,1767457743,No,0x372271d9991e4f3ab1f08ce7f680a8a44ad892edd5ecb1e7872ca33750d29bf4
BUY,0.002,550,1767457741,No,0x2a76e5dd9a77952e43c968d880a3026559ea364096e1ee21934bbb72a52971b8
SELL,0.001,1100,1767457735,No,0x0693f26f494e70d7f527a763db612c842371f4932b2930a761c03017bf04e3b8
BUY,0.002,550,1767457733,No,0x9f4f4ba687a13b6cddbc47c2c7160910d3c2b34275e06c2c08f32889ac733888
BUY,0.002,550,1767457729,No,0xf89594c7bb7b45e70398011a106d11e79c441bbc44a90e71df1ee3896c454e61
SELL,0.001,550,1767457727,No,0x6ef9241910de79f440cb9314cf3f0b8055a5e6804727c12817672e46db3c5021
BUY,0.002,550,1767457725,No,0xe19b235670cc8e0dde09e3b46c8684bb343596050a205d5b5db59acd13abcb2c
SELL,0.001,500,1767457721,No,0x9621d937c60f9136f25921add61922fb8ea03b42dd9cc854c3d098567666ad2c
SELL,0.998,1.92,1767457719,Yes,0x1a4d0b42e1b2ed0b0312abc0774c7c632c69462c33f08fce3838c8fa23611bfb
BUY,0.002,550,1767457719,No,0x0c631d3791a593ad00c664803ecc3fa775f6d69535ef6d4bb111bbb822fc811c
SELL,0.001,3000,1767457717,No,0x07f2aae978332f7b48470d81e676a66144de856186771703caa2b67875375b11
SELL,0.001,550,1767457709,No,0x1668ccaaf14baca2fa59799a1c806b1a3f721bff35bc766779c821676ebb4f3f
BUY,0.002,550,1767457699,No,0x048a8b6779250b8791a01cba0e6a0f7cd1b1299ac3673a7a3a5ecdb0a7dd8eea
SELL,0.998,1,1767457699,Yes,0x55f21582c839d6d43fdf35ea396344280eae6cb3c26327ee423b1cda6c341d34
SELL,0.001,550,1767457691,No,0xee545971c6c072477e7cfae70b9a4647c86db0e9ca137fb3378f31cb907170de
BUY,0.002,550,1767457683,No,0x38045930e117f7f4652584cfbb2cd244c842593f9fcb9192146ad2f262ab40d9
SELL,0.001,550,1767457675,No,0x09066baee62bd0865474849c28b1f8532eda6ab8b42a52da73adeb9b50c49917
BUY,0.002,550,1767457667,No,0x02cb73cc1d6a23de0eb4c8341464e7ea5d4605f40a62eb9b4a401489a654458c
SELL,0.001,550,1767457657,No,0x1cf41f46ee9ff88da44e28430fba0068830d7cae1def55bc6a12c812fd067b23
BUY,0.002,550,1767457647,No,0x7e7c82a3fb922196d9cb50a4656f49f0fb4b981f887767b20ccc59dc01b31d7d
SELL,0.001,550,1767457639,No,0xc0cf9dcf04e57e5416977f88ae356ac9fc12208739351caf7f0adf0f2afcd980
BUY,0.002,550,1767457629,No,0xb97cd78c97cbad7d75e3c9acce46bbc6dc716d3408da057ea3d643e22485417e
SELL,0.001,550,1767457621,No,0x3e30fb34d09bbb7fc4cb05043746eb7c2b93d71b9874e22a94be47ab27024af7
SELL,0.998,16647.06,1767457617,Yes,0x87b1e876eb03476e5bbf08f1e1dec48676b6550e8419fc59fa4c04a75654b913
BUY,0.002,550,1767457611,No,0xfe2c2b87357571615b2835247cc9d2c02e736fc8f35fb72d97f4aa26f73943e3
SELL,0.001,810,1767457603,No,0xf4f3ad6bee531512d245fce89c9e398d23f31905479a0600193ac42aa26272c7
BUY,0.002,550,1767457595,No,0x06dbff2a008a85e4fd75473aeb7179439cedac12bba62878c84397f17527011f
SELL,0.001,342.89,1767457587,No,0x29c289cc34e1b891fbca344091682f2ec8e816218a42c92af3986ef79977d309
BUY,0.999,1.001,1767457537,Yes,0x81245e43ec2ccb55027460a6e2bb5af9785c089c8c07928426e1b0053ba3296b
BUY,0.004,260,1767457527,No,0xefb039bf0c931e58f734cea1cd17399452b4b3bdd60cf4a8c8ed5694e4a2701f
BUY,0.9986876924,50000,1767457519,Yes,0x79f35550d6803a41a2341a01b2b8f6653d45073e4af1c0ebd3989f8d499188da
SELL,0.996,1,1767457489,Yes,0x57f6d622bf44e03e1421f702e0257b1498823c80343adf79c739fa8c70d1a732
BUY,0.004,750,1767457413,No,0xe1137633d364c8191de8c64b711e3d97036095f6dd1b32c57a8b656dcb3fed31
BUY,0.004,2250,1767457371,No,0x6165a5b94228d46cc196e66751655daa4011e12bf053420557ed23b226cc697a
BUY,0.0044444444444444444,2250,1767457319,No,0xc8f292feda42c81e1dea7f9c6fb9b37d4cc243ab94d75624aea24bafc35686fa
SELL,0.002,3333.33,1767457291,No,0xce66694f42e5218d125b8fc00949be2de7c1f821b54a3dfcb22d32d51c2084e6
BUY,0.998000007984,1.002004,1767457033,Yes,0x94949a9b214c1aa06bfca0b2268e43d2a317a1ac4c53b816c7fadc0b670092f4
SELL,0.996,2020.36,1767456999,Yes,0x5e980d802eff60b3d37ce0cf488601f781166796c016629265e4add09fb7eabe
BUY,0.004,250,1767456973,No,0x82c838b54d43909b32f5cba28d77f52d5076a6cc795efa9ac23aaa19efbfb22f
SELL,0.996,1,1767456959,Yes,0x51829ae40d577e20d8d523ecbb612c01d0e64d5c39bbd125c42216f1a2aa0fae
SELL,0.002,1000,1767456827,No,0xfa1e0622262f352aff4906596b381b2c88bd9285c5376b75ab18ed47d7ecca51
BUY,0.9979996746518892,3.006011,1767456827,Yes,0x88420c93ddc24b680d0addee2777f5279b56633d19175d10a8cb29ac2176f9bc
SELL,0.002952,250,1767456767,No,0x27274fcdc5a28db9ebf396f8cfedd1701cc27e8a39d2bcbf9be2477f567ce2c1
BUY,0.997,100,1767456749,Yes,0x1523944243b8d77a107a58e17ce94d1d177f30c9b8184df9b27d07632a245ea3
BUY,0.004,250,1767456737,No,0xbd043793117620f7195ea2b7f979a35da0f4dd64d9eaec0df3599c5ea384aa3c
BUY,0.9978250602230215,6830.064978,1767456725,Yes,0x8ca797a717c51d07234c414b39c6ed6c39552223891f41b0c8fe04d5190cccee
BUY,0.005,400,1767456663,No,0x82d072fc74e4b5d4c52ae4b44d290b1cf8f521a6c542fd9ec1ea7d2058b26bb2
BUY,0.005,1000,1767456545,No,0xb0c21ad8b57ca55388ddb9d2f76b775a16ca0ec61c56bd5d5c63d781afd685d7
SELL,0.995,29.18,1767456519,Yes,0xc989ccb83d5d03880a2e2b9120de9b236157bef0cb9e2a27765b67787623b564
BUY,0.9969999999818661,55.145333,1767456485,Yes,0x9022a2da21bd36e0a4a0cde419b371b553121a58352063840df7aa4c2ec15468
SELL,0.995,36.91,1767456449,Yes,0xc173aa18d5f43f07811e082c45fb129d3419409b593308aef5254a294070c707
BUY,0.005,2000,1767456439,No,0xfe464d21c33e6b30adc9e24ed5f4a28bf7079cfccc379eb4f37fd88849b6a5da
BUY,0.005,2000,1767456409,No,0x602a7d07d519cbb21e2e846c54c3b4a35227807cee87fabb81f870057f4c420f
SELL,0.995,136.38,1767456367,Yes,0xd94499416ea7bd7129e86f445563be934881e486c7aa5ae2c1b1dae5fcbd3542
BUY,0.998000007984,1.002004,1767456357,Yes,0xb9e7d11d1339ea9afacfb62b1122cbbc82a60dbde9ca190e618ace4aa790707a
BUY,0.005,2200,1767456195,No,0x3e33946668678917b49590ba2fb0f1469c77d6b8256f9376a34f0f496bdc2205
BUY,0.004058743328643591,24638.168,1767456035,No,0xf8ad7f88010bcaceecf07848672dcb55f3de14411644f5dcb92ae0f3b9d232f1
BUY,0.004,500,1767456031,No,0xc623085ba80d8c44b4951be3db59d2239a155604d77b8f82fd247c7cdfa7989e
BUY,0.004,250,1767455997,No,0x5a23d3d4d13bd39008d24439d0a646ef2fe3e2a08215e0f5dda921a7a664b138
BUY,0.004,250,1767455985,No,0x8eb7f8c4ff7fd54e280de160f8ada2ddf03a8bd538863b2b5ca2ab54a4ae6811
SELL,0.996,5,1767455981,Yes,0xabd3c58a5a0c85914b5233b16c268739b0896e64666774591cf200074fdcdd41
BUY,0.004,20000,1767455977,No,0x71e3bb54b70efc4e6e7fbb04c6145cb873aa6e572b3e8776058cec67125a0b45
SELL,0.996,5,1767455975,Yes,0x51e5329e567b64a31c2f6ce5e93001f2649c11cf58d86e128d15b7928d2ec2d9
SELL,0.996,6.64,1767455973,Yes,0x053e58e93319598c4e72503cc958564a9ffab1652062b37eda7a1518b46e71f1
SELL,0.996,5,1767455973,Yes,0xbcc0fe1426052c8b15648e51b39091188a52ffac2f184b5c795208e525a17f08
BUY,0.9979999750695366,25.591181,1767455973,Yes,0x13a2fba48c765e63b68a2b22049b7caacba63a1e24bb4d031241450a8647c9f5
BUY,0.9979995018984502,1.112223,1767455969,Yes,0x1844a3760ea5b5611f710ef51f697d49a8e3613c6241aacd00ac4df2bc25d470
BUY,0.997999983534001,9.959918,1767455967,Yes,0x379af45d60983cfe028686e78b0cfe0ed272a3430f4f9a6871e481afcf348c95
BUY,0.9979999991566529,592.87575,1767455967,Yes,0xfba78f1ec43295221f99303d64c55d759d353c9a498efb28a3ddbea76ae7cb9d
BUY,0.9979999970135112,222.334668,1767455965,Yes,0xc9a6412fad3640f2f064ff7d9b8bf6d983970e6609aba247959abdeb0e5d4055
BUY,0.0035645367623820534,56108.2725,1767455957,No,0xe928fb21501c39da747f7b4551990f999f1a68e6bed80d836dce7eb8ecdb92c6
SELL,0.997,5,1767455937,Yes,0x2d1b3542473b15c4bea5248c45b228e58dfdb7f38a5fcb2409671b7bd29226bc
BUY,0.998,200,1767455929,Yes,0x9f3824f41b6f91b91ac2e164765d2d98daa761353d05a357d47faec6eadfb143
SELL,0.997,5,1767455789,Yes,0xbd628469738c0183a8dec91defe5c38da8661a0230134a0d51b7282c2c033751
SELL,0.002,333.33,1767455777,No,0x3963d73c06ea081fc0c755e740a0721820c7e0bb367f010b2678e8100b293279
BUY,0.003,1600,1767455653,No,0x2c37ed0dc018650d402aa61256ad0b1869e85b379f92ea94c5663a48394abcee
SELL,0.997,5.91,1767455351,Yes,0xb95da2c2e85a5d853df6302f2251fd28f42b431897d8b08f669d537e39ba22aa
SELL,0.002,528.84,1767455343,No,0xde6e44e44fa44f8a0b2be34e245d08c3746a3c2d36c83fab1a2a9c56fa62c3f7
BUY,0.003000000012,333.333332,1767455293,No,0x01a02c8414560439ddc78c5e68dcce5cf1379b7af5bf0cb2491c36db86cf07a5
BUY,0.998000007984,1.002004,1767455143,Yes,0x41f1e4e9ab22295d8ece1ddcd3c75ef70f9e24f185eee7e68bb755ea84f86652
BUY,0.9979998079847602,5.010019,1767455125,Yes,0x8ad89cf6e546d27840e538c47e60c87e6d481ea15e631a120d15a80615fbbdbf
BUY,0.003,2000,1767455107,No,0x47a974eb132b33b83311dd8c97fb299ca42bef00916c9e281cc386840bef33ec
BUY,0.003,340,1767455077,No,0xc43fccc831979480cb2e9710d984ff35a5e614f50c74d37fa8bc2984a787fa68
BUY,0.9979997579849377,4.008015,1767455013,Yes,0x946d21306f2c4c99227e0f068d9b922360d4ec008943b7d3f47f33b3934056e8
SELL,0.997,5.83,1767454997,Yes,0x91c1c124ac10e4ecec9f94d1ea4199e02361d9e0f8f6d6bfbebf68ef9b9e8c0e
BUY,0.003000000003,333.333333,1767454989,No,0xcbeabf75fe14555741709b61a40443efcb31c5aa41f919f0fe3655922f0702c1
SELL,0.997,117.91,1767454959,Yes,0x8a329513f63eb380c755ba8c744f851e15e106c3ec19bdb91bb2771910e61147
BUY,0.998,10552.47,1767454949,Yes,0x8c4be6a020ae859e0a6eaee440c0603002ccc8248f650bbb47b2c9ce235b8126
BUY,0.003,1200,1767454803,No,0x678a0a4544b053269a475d9900b79441a3c2a9672ba4205e78ee039b7a84f58a
BUY,0.998,5,1767454781,Yes,0xc4f429fae91d9c8c90e2f6f896e5dfc09848588806d0e2d920a0275b83a2cb83
BUY,0.9979997579849377,4.008015,1767454609,Yes,0x061a5f8ca0e22e00419a3ad0d4727e34f176bbd6eac7f9ff7ab6425fa6018365
BUY,0.0030000000012,1666.666666,1767454579,No,0x954d01d03e2796260ec0714a2268336eb35ffc4afbf4a2cd285b01d9ac7a7481
BUY,0.999,33.133,1767454567,Yes,0x9763516aad04f4f4506f3a0b3a160a6e7dd364f2e195d1a6e23822eb686aa558
BUY,0.999,9.479,1767454553,Yes,0x0a6796c5d433efe483b86bbeb8b0881c0c80327b511029967cdf6cdfb12bbac7
BUY,0.999,130.12,1767454553,Yes,0x7e11cffb5e669cb4803b47b4a723d5b3c56162142932b34a9cb4eb65bedf3d02
BUY,0.999,16.196,1767454551,Yes,0xe334718010bc981aedfa40a250ed352d2fe2607eda3ae637dd0f1b19ac217a76
BUY,0.002705536761283677,109734.2325,1767454543,No,0xfd0f4e621b0f7cd39a82966b906d8c02059f4bce1b36b12083918d6e1867de8f
BUY,0.999,3421.65,1767454537,Yes,0xd26d51203ca5af5178b9f316445a5e2f38325e1b5f86c5eae870b540b1fd9fb4
SELL,0.998,26831.67,1767454487,Yes,0xea7c48258d1bdcc1c26d4f91e31718b4b88ab5b2db702ad8688c0acc510ad0ca
SELL,0.001,550,1767454455,No,0xc899befc89b073e35a8a8476abd50ef04a55a92958528556e406f1f8868dc1c7
BUY,0.002,550,1767454445,No,0x20752ded4ba1a41d7fccecd8471cbc983c0ab642a94473c4d8995c47fbc55582
SELL,0.001,550,1767454437,No,0xc8a457504260ec91b1390332eb5de84cde4042d59455f9948ab9950e61d24a47
SELL,0.001,550,1767454429,No,0x85ea9c48b24bfdc1c969404374cd3d8e8b38d43af2796001bc76fdf68085246f
BUY,0.002,550,1767454427,No,0x0f06206ea21941ae4abe3c4688611eed460706ba08b93a9307b2c58af82e8fee
SELL,0.001,550,1767454421,No,0xeb9494eb0a570911d1b112548ceb50980d0a7fbed5807a1d601736dec3692a91
BUY,0.002,550,1767454419,No,0x0016236afaa092942eed87416beb669bf56951b6798093903203766bae1c727f
SELL,0.001,550,1767454413,No,0xec7729edeb065688b8a8407ba6cf6d2844084a79e6df5e21efc9d1a82b6cef3b
BUY,0.002,550,1767454411,No,0x61156ea32130140a04659f1839e3c833b9b5aae330c95214c554aff03331f18b
BUY,0.002,550,1767454407,No,0x6abf748998d534d1a461f5f118dbe1a7f6abe6f1a1e21f7d0b9e20743e3c17a4
BUY,0.002,2500,1767454405,No,0x0b229e6c1903c4a8429e60ba20d259dadf4ab63bf0a6e10ed01b203a8f2c70bb
SELL,0.001,500,1767454403,No,0xac97efe74f04d5d003c96e5710df8272441e6f590b0aa004f56d7e1872b42558
SELL,0.001,550,1767454399,No,0x4b77d643e140c766af252ef628745a699dbb758223b4a37325bca83a0da84464
BUY,0.002,550,1767454389,No,0x990ac56367a487c43c378829b17f2d203c4651cfbced43f742d5084de82c09ef
SELL,0.001,46698.06,1767454381,No,0xffe1b4666dae164f7f6394fe5ab67f610bb0ca7004919c06d6662cc8b9e6c847
SELL,0.998,12.24,1767454353,Yes,0x43f7606573f3ca3a21155a34b245b6075c04dc67abc31df29e0a47f9af305c77
BUY,0.002,500,1767454351,No,0xab4a19ab57146d6fcc8b986dbacaaf28aa4b9744494073a221bdeba73d33ea2c
BUY,0.002,10000,1767454287,No,0x6f88d833867a6dc23088d29227d4f9da70dc1a5527cf973249ff3a3a796c845d
BUY,0.002,2500,1767454271,No,0x8bdf37750eb21361888f2a99996c6459a50dbaf3f454d9981c403afcd03c0d21
SELL,0.998,1,1767454181,Yes,0x61ac537b26d2c3d8739fd467a25217a405fc4c07f744ed7871d123fba7f0f1d1
BUY,0.002,500,1767454169,No,0x972e8897c5c2737a6a76c04448b815eecec8bd321e299da77a70f8e070cb1e3b
BUY,0.002,505,1767454161,No,0xbef6e6ad48d5e2c25919e88e03916dee4ab2e7f8cc3cb76edd40d21309b595ac
BUY,0.002,1000,1767454145,No,0x5c7a0f420ac921d0b33f9868134805a41074a925dbde31a654c55e78221143d5
BUY,0.999,1.001,1767454135,Yes,0x32733caa52398ac720c4f19534b6090069d9c61b13f1e0e1bf93ee1283edd199
BUY,0.002,505,1767454131,No,0x273593e364825cb8f662f275ce4e0c4265a3cf648bf7c7cd547db4df64cfb60f
BUY,0.002,505,1767454131,No,0x939adaefb77ec1ec061300d1ffa91aca0028f72871111dfb0a4410986cd8467b
SELL,0.001,550,1767454115,No,0x531401e987e3ea3fd485855ce924c7304ececaf5f36ab6dc50a0f880ab82edec
BUY,0.002,550,1767454107,No,0x9c01310673403609de3f41b678371fdbff90980ecb58a7b51a7d726534c7e7de
SELL,0.001,581.09,1767454099,No,0xc501d2761267f747d81be6f0918aed31e72ed5843b7b9b513e7c7f049201aa0c
BUY,0.002,1000,1767454091,No,0x407019f2533fa356c25209957d93b871b32cd1de5e1a9816905b5ec1e82dbfe8
SELL,0.997,1,1767454067,Yes,0xa42b7233a83bb7bd891b2e03408fc8d07585afca61df1f82a9de153d052e19ec
BUY,0.003000000003,1666.666665,1767454039,No,0xabe2f42086609f213c6c9a3dbf60bfc7d40079478f154e857db250aa2cb070ec
BUY,0.0023689197744542955,2110.666665,1767454037,No,0x1b25cd1caa57d72253f5b2eebd4255ef2a123765ddd11693fb682d5188632868
BUY,0.999,33688.68,1767454011,Yes,0x3a4ff81acf59bb5bba6e4ecbc37cc6c042e9113ca2e3d63f5b2963b3348b0b47
BUY,0.002,9500,1767453945,No,0xda5615a3c47a67148ccc6c7ca860bd16dd416a5a9284dd364f2143ee3840697c
BUY,0.002,505,1767453827,No,0x5987b279cbb88bbafbb77ccf8338c34c341a8e0930c6f48a59dd9a4507d198ea
BUY,0.002,1000,1767453823,No,0x4dccd9c155452f49f2f96c919e5af2e52da77f2f7068613ead515bdce007109b
SELL,0.001,652.65,1767453819,No,0x97b88793ae7356eedf7fe905718fc474ec9685d7f54269729918ff3a996f6710
BUY,0.002,1000,1767453811,No,0x1da2a7d1a52dc676c889b4cf9582ce9e79090766c479f69aeaed55848928fbca
BUY,0.002,505,1767453705,No,0xc9edb5dcf8490ea3d146415e98549aae07c4744533ad6348c2f8c8ef462b5839
BUY,0.999,1.001,1767453675,Yes,0x515c7eb6aa609a81fb66af280409f1e65a48989deb95b30b7ee4e99fb1d2d637
SELL,0.998,1,1767453405,Yes,0x2a3e00e1aaeaa36b5f0250fb04257f66e75c53b24b0c06855bd0f51d447fee5f
BUY,0.002,500,1767453269,No,0x05678845e2c86702bd892cf8c11f3864ab8896315018c39e9313edf07898f47a
SELL,0.998,200.4,1767453235,Yes,0x2e1add02bf8ce881359c10a7ec68622997346599cec454ee1f89fa5ccda971f8
BUY,0.002,500,1767453215,No,0xef86693b86de405f6769c9075ac0bca150a7a1b31c1d3d3709bfffe3ce40c924
BUY,0.002,1000,1767453165,No,0x30cb110c6b83815d591dae81b5d84a5f6d47ca9f80c576a5ca03305114ae2a55
BUY,0.002,10000,1767453159,No,0xae8eda04da14b3901d95866b9be89bc64ea618f9bce68733d7e2da69abbef9ee
BUY,0.002,7800,1767453127,No,0xb0e065e7acaa39df4d373b993a8d6935082a625619b5ebe5c06415ba71cb71af
BUY,0.002,500,1767453035,No,0xde5408fb1c05e592a3ae5bd4b95532cbf3d7827b4981b87b99c3d8cac3a759eb
BUY,0.002,500,1767452949,No,0x82cb6f9752894af85d86c3485fc236628a20a58626227c57c35a43116405df68
BUY,0.002,500,1767452845,No,0x5714e0c14899936eff9c12e6fcc89d0cd23bac09384b4a785575a2bb57585006
BUY,0.002,2500,1767452837,No,0x07470229d0f9850c99a19ea9c1ed338a9ac11e4484e1f17240c38a038cf5c43a
SELL,0.998,4200,1767452805,Yes,0x284c54498109a9a5f49f06b99c05aaf5adc417333e219e977aec4e01263918de
BUY,0.002,505,1767452797,No,0xfacef5d85b7c73a6c20eae67862a510d1fbcac6669b2b432ace56e3541940758
BUY,0.003000000013636364,366.666665,1767452781,No,0x149ae3d1c4cb7a388848242665a8d08ba18cd85a0a404d6e248e3c664293dd69
SELL,0.001,29.59,1767452773,No,0xac5c8838ffb53cb1392b762934a36fb09004b0e068b561ec282e940bf1d3844e
BUY,0.003000000014851485,336.666665,1767452767,No,0x3d7a20e405a9dec66e3368953fd41ec7455925ae96f9e74f4216fe94d991e2ce
BUY,0.002,20187.32,1767452763,No,0xc7736475926c3ad46dfefcfa3c7133395ae8652a5fd091a1ecf170905ac43672
BUY,0.999,4.004,1767452747,Yes,0x3f33d3d7e1db4987b7c93dde4d8763e01319cdfa5570f2678fb140a3564b1e6e
BUY,0.002,1000,1767452703,No,0xf263ec50672f76098a6dda918269d5a896c8a252c6085a996c3337cc7f5fe9c5
BUY,0.002,505,1767452647,No,0xb571ef94c61e5df2f44b5be2d508c92880572a180e6152acc80bb961fa1732f8
BUY,0.002,550,1767452627,No,0xac63c5ac7127ff9f125ae9abfe7ec12ed093cd88da5a7a3738aefdad333de2cd
SELL,0.001,531.2,1767452619,No,0x51ab2a233117ac13e290ebfd4cba38737805f1f7270e9e004e931ca039b8e9e2
BUY,0.003000000003,1666.666665,1767452433,No,0x5011605e5947ab2a9f9a294b9d4edd7fc3541383fc0cb6ca9a97a94de20fce5d
BUY,0.999,11111,1767452421,Yes,0xb9ce1036cc479a74a2421dfa9b961217ce759ccab57f1b5fb887933d1a92530e
BUY,0.002,1267.83,1767452419,No,0x3a85c962d53321a9957952a37191a0ef0df803b32e035b812f7b2faa67525896
BUY,0.002,972.45,1767452275,No,0x0c59192e6571cf7467910e880144742f7c0df19668d64b183fb00aedd76c4cdb
SELL,0.002,137.55,1767452267,No,0x631bde0c5e80c9c3220fcaa1d5fcbc66731c8748e45e99ad4a6aeeb402266404
BUY,0.003000000003,333.333333,1767452235,No,0x29228e0a45a851c0296c0931c3fc2db18e69203ef6ca9fdd2ddda699e2226ad1
BUY,0.998,12.4445,1767452229,Yes,0x8241cadfbb86da9fb661a62c74fb1dff2f5070744370920481055d221c2fe146
BUY,0.002,14054.64,1767452111,No,0x4baba81f05e79914b94c90bbd6abf4f966795e6eb2612633c79e84920df9c3ea
BUY,0.002,500,1767452105,No,0xa666c316e65982f685a3c95fb1bee3ee3bcf30800b42f794e8859c8148ac874d
SELL,0.002,4750,1767452103,No,0xc81d842bd2a8d1091a7c9ecee6f3d2815227a80a8a273d16f5ea9c39c957d182
BUY,0.998,10,1767452053,Yes,0xb61c0e1c31c29fb63a361cc19f66f4afa64e5d73d0a2f268bf0d0d3ae3be333a
BUY,0.998,4890,1767452053,Yes,0x8f30be7633aea4ecba8b9688f643786e1d152d7162a028162cb54acda110bf34
BUY,0.998,5012.83,1767451921,Yes,0x02cd2ed4d1051f9065b2fa25dcd1d6470d50263a7543d71b8fe4ddde98911d90
SELL,0.002,1666,1767451825,No,0x69521747b8b8686873188af26171ea20bde0d48774ec117808b65a6289fe8d1c
SELL,0.002,6214.31,1767451795,No,0x9f6bdcd71dce951b9623406d58ce696cae72977072e015948cd7dbf45aa73619
BUY,0.003000000003,333.333333,1767451769,No,0x9a589fa443726a666e644a9738b7ecb7651b25d1932fbf1c61a6fe36b7d64392
BUY,0.998000007984,1.002004,1767451747,Yes,0x396943afd546a2e942a660e7af7dfebbafdd32f0a64dca6b1f428dab815b81fc
BUY,0.0030000000012,1666.666666,1767451703,No,0xc1b489922a45c83fbe3a5b8fe09bb0939c86667cf92bb0ec4fa020f1228b5ae4
BUY,0.0030000000057692306,346.666666,1767451697,No,0x84c3dc49e3d91909521a66eee9e95bdae1744dea3e1883786ec4b3160bb821dc
BUY,0.9989778,25000,1767451687,Yes,0x0634fdadcb94cbd58082ad1b24013b9a0a05e42fec0eea4bc2ffc45a2917f555
BUY,0.00300000000012,16666.666666,1767451603,No,0xef11d794363d154341a7522e976943d53f03ae34168631e195dbf8ee67a47f52
BUY,0.003000000012,333.333332,1767451471,No,0xbfa3256683f7a06cffbe07a2df77c68cbbacf8d6a66c651f8471c7adbcb8f851
BUY,0.003,350,1767451419,No,0xa6f5a8f2184ec5e7539c0afbcdc0a84f4c4e009ec406be936ed86faa5fb5f2fb
SELL,0.001,1000,1767451083,No,0x5cd8c4aef6144208a527faaa128aa23f2fe184a7b8ef0c42797a8435e78c8231
BUY,0.003000000012,333.333332,1767451081,No,0x6c306be06d0e1622b7800de8be24538e407b935c16833dbbd05ffc2a9a3ffe35
SELL,0.997,3577.18,1767451055,Yes,0x70a241b6d25440e1abefb15e94128e9cffc4c679058927f0d3dda4533b678c17
BUY,0.003000000012,333.333332,1767450901,No,0x1c86a61ee370517d7ca78e05a12937d5d497cad6a9142e4cbed2ffdbd9eeed12
BUY,0.0030000000023076923,2166.666665,1767450859,No,0xa6276f5f781a049c7e57315aa8118a936aba96ddd1a6fccaec2c2ef57baf0a2b
SELL,0.997,5,1767450839,Yes,0x7ed99948d198767388aa554b82597afa4de68f3b0781e9f58fd30dbc341cb406
BUY,0.003000000003,1333.333332,1767450825,No,0x98882120e0220dfec3607a9193a2ba53350d1521f006a95f2cf1c44129f165b7
BUY,0.0023701587547313324,2109.563332,1767450775,No,0x392a97a31b3342f708af1d235bc940e0cd2f122e8125f1e74160500e44b07639
SELL,0.002,20,1767450715,No,0x0a0ea0f0cd6388ab595bfbbc494652d6a5f7a1afc049539c9aa349b3c543e839
BUY,0.003000000012,333.333332,1767450647,No,0x2deff524e3edc1bb2275b2914e5f88cbbe09d26f2335eab4caa8afcbe1713826
BUY,0.999,2.922,1767450493,Yes,0xe9f42c439068b6232957cbf4ccd773f0682b84085db5951e9ec131020c34573b
BUY,0.999,4.954,1767450491,Yes,0x222acf61b8dce49c0bd82d2b4a79050549bdd71121d0b65ca2a598a60857273e
BUY,0.999,10.01,1767450489,Yes,0x3745165b875c2975bd51e6e292adc8a1dcf960a403ff831b76d7da3daaf3d1f9
BUY,0.003000000010714286,373.333332,1767450467,No,0xcc1c84a3c9f10a22e44b0db1f020dd13771a18a4e90f84ef2b36a72f778623eb
BUY,0.003,340,1767450453,No,0x96687fcf33340d52c8709c323d36153732d96db309306111a8140f594d002a58
BUY,0.003000000012,333.333332,1767450431,No,0x6b573f374333b28451fb1405f6183e2df1cea427973c099191f9dc2e48d00fc2
BUY,0.999,50.05,1767450377,Yes,0xdedebff817cb7d7aae220139bfb7babb14d68ebe671df9b5bbd4e318038e70d4
BUY,0.003000000012,333.333332,1767450155,No,0x89343941154f0fa35e5e42269baa9c0572e1a3da7ea13ace3e5da1059a96ccc1
BUY,0.999,5.005,1767449915,Yes,0xeb67367551dd31bbd9e2203f9104279d74a4c277e6d8400f71eb8b2aeffc4fd0
BUY,0.003000000012,333.333332,1767449863,No,0x64a760a5f83708ee1463eb37b79dffd2fd49062e629ec6653a59d998f0fd3e2b
BUY,0.999,1.001,1767449815,Yes,0xf1a4f1e953390d13ee3c9661dbda68576efd49570204e18891d5e526b9214489
BUY,0.0030000000012,3333.333332,1767449783,No,0x457a1a2316bf7db210128a050636d92d67cc1600fd374ed52beec1c3646d61ea
BUY,0.0030000000012,3333.333332,1767449751,No,0x9eac499757babc8c5033d72c839144a15b930a37e99f2fd07cd5cbf63cdca119
BUY,0.998,18405.28,1767449693,Yes,0xbe23728fef38c96cfb4ed76053374af620189bb411b2f95c7f42d683fd9a1b21
BUY,0.003000000003,1666.666665,1767449685,No,0x626e480adfc18293abd73caac17fbe32387329b05e8f693ec313e57fa88a1bd6
SELL,0.997,20,1767449531,Yes,0xb0a9c3b55cd47022c87aca3a2e103c5698f1dc07e743a118e9c6dfba44b3022f
BUY,0.9979999879840796,50.100199,1767449523,Yes,0x08927b26e5133c14a20d1523deaac90977bce246c4f1ee48c0ee52a13699c33a
SELL,0.997,2020.86,1767449363,Yes,0xdde0f6b4b0504e363dd5e9a416cd5cda45010bd49ecafc0ae3aaeb061f24310d
BUY,0.9979999579841976,20.040079,1767449279,Yes,0xe25b306c0bcf99f04f6913a28ec2b948f7b4828b55d32feee4f76ea56ed585c1
SELL,0.997,10.9,1767449107,Yes,0xa7d919806cda450a17b055a0f68e6f24e0d640b5fb4376e8f434850ccf9cbe45
BUY,0.003,1000,1767448891,No,0x001af3b609ea3e2c8382b4417efc1abb096f6594db16c78ad6fd0129402e9a96
BUY,0.998000007984,1.002004,1767448807,Yes,0x1f5137b6c05c25eaa51209501d93654a8394ec3c06de4b7b89892e5ccce7fba4
BUY,0.003000000003,333.333333,1767448335,No,0x036b351f55c4c7635ed204531eac99d0ec8910758ed6c2303c2168ce9e57dc35
BUY,0.003000000003,333.333333,1767448197,No,0xbd3684bc1d96b2cb174ce2ae390cc52b05de62bc46a3e052204438642cd0ebf1
SELL,0.002,1470,1767448127,No,0xfff80ef49b4fd9512c6e418d3152b20a8434bf8bed8a952671a3e56862b97905
BUY,0.998,20,1767448085,Yes,0x468ac11dd51db54e01a18d2d71abd622a209cdad8100380349ba0b46ad6cb2b5
SELL,0.002,2469.02,1767447961,No,0x314e1b511b32ea39ea064869fa34d1a0734d6e8d9278d0eab8dee6d605c86c4c
BUY,0.998,287.07,1767447921,Yes,0xad335f841cb7460d98ab788d1633f4dff50370db2e57d2ac991ca11f7ff893bc
BUY,0.998,412.8255,1767447909,Yes,0x12eb24b6c44348342f39867cf30e3764000e1ca0c2872464159935d377046e3f
SELL,0.002,8333.33,1767447903,No,0xede57e8f108574372d5986bb6bc311dcaf15ea9cb80a58b080b19eec17a2072d
BUY,0.9979995079857505,2.004007,1767447873,Yes,0x67931418762b97f28365c1dddce34c25d61b715027b6b9e7456185ba87e057bd
BUY,0.998,10,1767447837,Yes,0x3d612d9e451514555b82efcfa2b2caf2ff0d158a4646b05ff216d0f6bcab8451
BUY,0.003000000012,333.333332,1767447637,No,0x42316ccb87bcd9d3b8f7e1f2644730d891bdc6c20211548e50602778f90ed0bf
BUY,0.00300000000048,8333.333332,1767447613,No,0xe8b018695c97680c735ae84d286f66be891f00cc7ef2bb8fda893454f5cd2df4
BUY,0.003000000012,333.333332,1767447613,No,0x1703b2bfae7ef96f597bec59ad1790a25b0ca3e76dd6bcfcd4516fa5706fc077
BUY,0.003,1000,1767447599,No,0xa8ef64c27aef8c6d10d4bfe74739677587ccdaae291e873defcc10af8655a187
BUY,0.0030000000012,3333.333332,1767447429,No,0xd33833830b01c4c0a7c317e78c330ccaee19dd3b302d885cc1f7047e31778c94
BUY,0.99799999951597,2004.008015,1767447357,Yes,0x0f29907a3de905f7ea3d3a0d839f77c208db122b6d4988a4523b0ecd83a24b95
BUY,0.003,1111,1767447103,No,0x14fe862c8c7ce87060aee432c6126e469beb09fc74b13778a5d7bc22dfe51ce3
SELL,0.997,30000,1767447063,Yes,0xfbba4581c766a457048d5189030e9e29a6ec03c33f9571429d9c974f53d44cdb
BUY,0.003000000012,333.333332,1767447007,No,0x0ba2faad5d122bd5b630dd32c39f0aa7de2f452c1c0ec6f368717ff41705825e
BUY,0.003,3850,1767446983,No,0x75127e4a4ad417c5cae6afaf3ed97402bad5661332ce84a4d360a44101328aa7
BUY,0.0030000000012,3333.333332,1767446953,No,0x445f85273473207bc330777807bd75efd6638f4e3ffda0737ff369641e2f67a2
BUY,0.003,3333,1767446857,No,0xf5cda638b75773d44bbf0b6a78f3af839c4be818c2a9c29c45b141a08d8cc68d
BUY,0.003000000012,333.333332,1767446811,No,0x64cdb9e98b62d65c3e886fdbc1d38f621c02bbe4d707cb529ce3db4d989b959b
SELL,0.002,20,1767446615,No,0x26ca3b04da78aca0d4b89f7e51fb2e4d2b1cbaee055858796f4e07baf0684268
BUY,0.003,335,1767446593,No,0x1ef95585d2e7de4591d8e6705d53bf33a9202a566bce996a8e7fc41d03aa0533
BUY,0.003,1470,1767446361,No,0xacf7b54ef2275d6c0a3de82af3f0eb25c3659ca5cbdf30c7b03734f3b3b14354
BUY,0.003000000003,1333.333332,1767446219,No,0x7f21a7cb2a90333fdac66dac6d1f687ad4d5f7243d2279f0c634aa5e72b320ae
BUY,0.003,440,1767445973,No,0xb244dd4532ff475ad5623a0a59f393604b08f1b14092d327a5f4689054befbc9
BUY,0.9979999579841976,20.040079,1767445919,Yes,0x3f1b1967751ff3c4b0944cff2ed23a3a18ece28c3e4fc539a28f454984f8b015
BUY,0.0030000000000838514,47703.333332,1767445867,No,0x2bca95120ef9b2677678d54ae2fa58252976445993840771743005f2388e45c5
BUY,0.0030000000009584664,5216.666665,1767445581,No,0x993acd1b43c0e36b0c1ed8055953ba8616da8869f0ed5bc88204366b1ea7a537
BUY,0.003,5000,1767445269,No,0xc645ad11321ed751eb80a6bb7ed434f66663881c623e0c8d74a2a9ae8192b5a4
BUY,0.0023856289710782247,1257.53,1767445119,No,0xd47aa3840469be670523ad1cdb5b09dfe179bfff4ae472bfcf83ff64bc9b29bb
BUY,0.002465415304674842,10476.936665,1767444901,No,0x438362ce3904ca6e55ca1f62c8b28ac12f39a93a786e9a0fe4c57bf031f48c07
SELL,0.998,45393.76,1767444687,Yes,0x767930ab53e208fe87bf632507e9f68d6ea6d9547309ea932e2f58d24c42bb6c
BUY,0.002,1000,1767444591,No,0x07107fcffb15fceb0579881412abfe3e929cfaa57ede6cd1a39c382656271129
BUY,0.002,500,1767444557,No,0x75cf857feaf00d3c30c7c9b19ffab3966087c5200213bda39919c5b9b275c6bb
BUY,0.002,500,1767444533,No,0x281a4b295c967eb0ed70364d6a5515acb527ea8c61d54e30801ea9f6fa911b84
BUY,0.002,1420.4,1767444521,No,0x5fd5eef0bf302585c710456ee3eea60f3ad2f4b73ed66a36411f8a2b0e07632d
BUY,0.002,8060.71,1767444453,No,0x34420a614c7d5eed8e0e621dcf36704c1b778a466b3f05377cb098df4b0eae2e
BUY,0.002,69570,1767444445,No,0xba652fefbc9dc1a5390436b8f27064890182e3111b557b3e795098c2a3929ad4
BUY,0.002,5680,1767444289,No,0x1bf09d7d5f2bc9b0e605b750c97d9e2e1e634020ef298556fb8c6da312792209
BUY,0.002,1000,1767444137,No,0x78b63a9667454c8b9d7a7e16edbfa72c98f3654a80183a11b3654c42828e27e2
SELL,0.998,601.2,1767444013,Yes,0xd7d3a13caf77c8e0e8a73422ac8e81d19b85d94557edb2f9b0258158a84b2414
SELL,0.002,1420.4,1767443933,No,0x97bfc2a939b6d6703feb757203d6aba218fe4d662b992bfe95fe90a30470e9c8
BUY,0.998,1.002,1767443887,Yes,0xf009c10102af205013a81e97d6526231a82565f5c48f367ad23d8c64cb3235ff
SELL,0.002,17253.9,1767443883,No,0x5cc3ce58b4d1c7fa974101a035ded8255c496d4efaf2cbcaf44738a32de9ee17
BUY,0.003,1000,1767443839,No,0x97ee27ef3c5b370772441a8216164672421cd4bc1129657c9e71074d527b7088
SELL,0.997,25,1767443799,Yes,0x7bc3af11ea540ea848186c5e60161c7b14df58f9f7beef402560baa6b25200aa
BUY,0.998,200.4,1767443795,Yes,0xfce5ef2978d7eb424cb2b37ba9e15a00540d5d1812fe29bfe07c709cf0ab9190
BUY,0.998,300.6,1767443769,Yes,0xab74d65693056aae793bb3372d723a167d06e1bfad106c37f019254d9940f93c
BUY,0.998,300.6,1767443761,Yes,0xb11e08478349eec92e140266e139f863cfea9972cea20c3fd61dfe12e831b718
SELL,0.0016065760657606575,333.33,1767443637,No,0xb8b2837c93a7184e247c37099096911f0954bb8ff7261593e9489e6f1969c4f6
SELL,0.002,297.81,1767443621,No,0xa04a698273f8994e420625ce5d0f3b476313888232e9ec3761e9862434bfa593
SELL,0.002,2227.15,1767443603,No,0xc076cf9acc8efdb8fc771aa2f2cd6418e6babf4de6f244cd7a58c265d18cfad0
SELL,0.997,29.05,1767443579,Yes,0x10dfefa29cf873dceb208afd1e228215eeb0e413475eb3b3ccf490062d3fd470
BUY,0.998,32059.9495,1767443571,Yes,0xd3f2ee674913e5a9ba3bb32154b7ac214bb4f2508cda1a2272b6e41277ce17bd
BUY,0.998,29.058,1767443553,Yes,0x01049fb2bfcc74b812995217f3e4004c16a61e6b636c99df1c2f03cdb8774f15
BUY,0.998,377.7555,1767443517,Yes,0x930e7be671fad1755da6c0498a6455185ad7d37da713123a8048541f69aade65
BUY,0.003000000012,333.333332,1767443511,No,0x0e276df77b09f1639e9022b358fc674503287e27c457ed677b07a159a80aeab0
SELL,0.002,495.89,1767443465,No,0x3bbad62a46110602457ca4afd55e43ca8c8af5f743fc10160468dfa68be49ecf
BUY,0.998,2038.076,1767443437,Yes,0x07c076e80e240f90353b493e28e636eb5c48cf391f1200328a2de9af57b97414
BUY,0.003000000012,333.333332,1767443401,No,0x757d4b2e2b19d35f7b1c68cc7029eeb6ceff1b29fadee94e90f51868b5387538
SELL,0.997,1,1767443339,Yes,0xc78472339053fc59bae684e3aeb0fb39a0eeb56f9da74fb151a4780e56bf4b20
BUY,0.0030000000075,666.666665,1767443313,No,0xf2ab60b0b4bc151c2c947d5afcfd1c88dc354d9f369b06d5e51d500f033f95f0
BUY,0.003000000012,333.333332,1767443267,No,0x4efbb1dbf8946919bc906b433ecbdeb1843d6f8d4ce0c968166860c4ac766b32
BUY,0.998,7.064,1767443197,Yes,0xa899c688ac072c4ddfdf533419f9bca5c0a3d777cdba378b381828f945a27ecc
BUY,0.998,9.9595,1767443191,Yes,0xf4b798d97e1bae05b28b2fdb2a21434d825528ba78a558b19872fce866505725
BUY,0.998,1.112,1767443191,Yes,0xfaa960d636dfa5744467b8d540ae372f71823c18cfcc06d574a74b1705848115
BUY,0.998,61.4525,1767443189,Yes,0x837d6448fe629e261bb2a4340537476812e37bc7da1742d64ead7bd71fb6c8c3
BUY,0.0038355337700117557,2469.0175,1767443181,No,0x852c61e9b33ee10aa7399df1617d6945b50f5fedf95f10bf1ee23666be5cae91
SELL,0.0020730701817728266,4569.99,1767443149,No,0x364521cd67d8d2a7a6361769fb7cbe884b473f60fab82c291ceff76078766500
BUY,0.003,6.07,1767443087,No,0xbb8f2cb7f4809a962c3765cc8438832ada607ba8962d66218182d6ea228aeb80
BUY,0.003,400,1767443077,No,0x815c4dedbdd61c2af150d3fc2e24afa56fe829f6d37550246967084d74138f63
SELL,0.003,93.91,1767442959,No,0x2c2c72f3e69af1d8dde1e036a97f1d16a6863932752448e4e6ac02dabb0f4713
BUY,0.997,1.003,1767442949,Yes,0x987cca4075509f68d8841d214d67101828e478a497ee6e54cdbd965927eaf546
BUY,0.997,4.052,1767442929,Yes,0x9a6b3ffebe181074f9742dada0d4ad7c126119ead683662ed32b0b05b9343fd9
BUY,0.997,1.013,1767442863,Yes,0xcebee35c5c1feec01c8146a21aac06545ae764225c9138c03fc2cdf030bef902
BUY,0.9979998884587048,1.703405,1767442831,Yes,0xd9e3af1277c59721881361ce177eb6c01c2fa2f0ecf3dfa89eff0dcfd048aa49
BUY,0.9979995018984502,1.112223,1767442811,Yes,0xc067c9201797ad4c526374f7dfe9d04331b1ebb1e787fe76a45a97aaaeb2a0dd
BUY,0.9979999511459052,14.819638,1767442811,Yes,0xe9029be2235f5ba5098245b50672faa39d84d0313115908c843ea99afce8e3d6
BUY,0.997999983534001,9.959918,1767442809,Yes,0x1459d736717db20aaabc4b73ef4d7368309428b41ff7a6bc15990f3b60a87e9f
BUY,0.004,497.5,1767442801,No,0x9a86375a54f0b2313fbe2ca906bf99c3173f531809dff17815d59997ae5df339
BUY,0.998000007984,1.002004,1767442587,Yes,0x569254335cfae7185570c3f88b02ef92d5f890ddbccfcb0e5dc0484dff0c7099
BUY,0.9979999983995415,8.747493,1767442583,Yes,0xeec85cb2552d093988f6f4ce65460cf4cd5c2d7f3ffb239acde9ccf079df70ec
BUY,0.004,2500,1767442571,No,0xd2a0ecf508cc3d5699dd8114540602dc23ae12b28cd96cca137e2b53c4fe5919
SELL,0.002,2500,1767442479,No,0xcadfcff49d8cc5dc44a3d2c423b088e6cd4c76bcf9dc72a8e8d6666df29bcc6c
BUY,0.997,1133.27,1767442433,Yes,0x3c8abcbc9be71d2dd68110c2e01557e99ee40af61a888abdef119b82140a47f8
BUY,0.997,110,1767442411,Yes,0x8f52596362ce4f85fc70c310a644dcc00e15e082e519a19931a2d361d53550a3
BUY,0.9969999978822847,412.236709,1767442387,Yes,0x14066a8d91add4da1afcb017b4e3c26f8da0bde2333254efcf8c474944827e15
BUY,0.997,200,1767442261,Yes,0xef2c23ee9ab2f3fd927d339693bf479bfbe64afd75a651f874284cdad0a18339
BUY,0.997,100,1767442253,Yes,0x87ece69358b71b1c1fed7dc2f77ea0d6ddab5fceddb926cee025ed1473590427
BUY,0.004,500,1767442129,No,0xf19a06a17c530b767d342647ef9c3a40f4010826f8990874a496659f8568d343
BUY,0.004,2500,1767442099,No,0x936214c071bbea7d2075fb49b4294e80882c797752d9a612550bb6f97c4aeab2
BUY,0.004,250,1767442073,No,0x191db363790a0bb04e551a06165acec3c3443bfc524cf808c38f918e0190552d
SELL,0.997,200,1767441963,Yes,0xcd7665150dc37f1d2c01c4da2d57054b114b213a7aa762e2e3265163907e7abf
BUY,0.003,4634.3,1767441835,No,0x5e2243d9c66a5b29338718aedd98529c4ee88472a07741bffee21da05e1293c9
BUY,0.0030000000003,6666.666666,1767441765,No,0x91d682d2a74fbb926ca54ce0a6c3693bcaeebba3865845c69b03c30f052f59c6
BUY,0.9979999998731114,7014.028055,1767441713,Yes,0xac652c3529ec42db0ac3125e1987a31f6411a590028165ea2c81f1e36f10a43f
SELL,0.9962,50,1767441489,Yes,0xe88bfa6da66259691a2553dae4214a9317b245a71a645b99aff4b0ac28350dff
BUY,0.998,10,1767441423,Yes,0xb1f2bc969697dcece9ff67ded3d8ef12add1184c99b20e304980e7c76f7f9f1c
SELL,0.002,1284.99,1767441397,No,0xf7b42cd616fc319cbf464d47793c82c6bc58a59789cf96d51f7ae78a712634e9
BUY,0.003,4902.06,1767441325,No,0xcf68e48601cf6e834a02a6b93ead4251c3dda589c2ee31504f92df6684e1e662
BUY,0.003,16680,1767441253,No,0xa3ee16b9fc21480d48cc1512bd45f936c2e8b7879d3201489bc37c8242afe617
BUY,0.003000000003,333.333333,1767441243,No,0x6f6b95d90248f111842b28a6c82d9b8b2b63a2ab85de9f30110edc9f3baac820
BUY,0.998,1.002,1767441199,Yes,0x74bc4c3058fc5e16ed4bcfd75f2f04ab41256182a8f3c8038a3de07d1ec0e86a
SELL,0.997,500,1767441161,Yes,0xd753d8fa1d799e045c978f6b81250a63424c90043b37c40718744306e04d20c4
BUY,0.998,20.04,1767440971,Yes,0x94954efa80838ed8f0dd83853080e019a06bc39ccbc6bafc92a2bc5a40d6c4b7
BUY,0.998,435.7915,1767440967,Yes,0xda8e7065fd59508a33fab53eab42cea1208f8912e5a861efcba99a0e31056c2b
BUY,0.003000000003,333.333333,1767440889,No,0x6cf36577ba573d3e589888f86bf3371ba1d99323bf8ca934a559e46de8d214ab
BUY,0.003000000003,333.333333,1767440869,No,0xdeb0e930cefaa8819d71fecabdcfb624db1ac50d8502a307370fe77e16bcf66d
BUY,0.003327995714580894,30018.0675,1767440751,No,0x59fd5dd56650e622b225fe20b989c7e2f7f32a723b0876ac713ab685baf24bbc
SELL,0.002,564.2,1767440681,No,0x1cf52ef7aace0565d842963f58738956554d587d2fb19d5731d0191d1f01b6b8
BUY,0.0030000000012,3333.333332,1767440677,No,0xc3d47d2f1be2d9b844db1f1a3a09fa1166b635023d6b50b0b00018711eea1758
BUY,0.998,200,1767440645,Yes,0x82fb5292d86ee34d882674f6fe887ec94ef9470ba7329005bde84e3ab101b693
BUY,0.003,430,1767440553,No,0x8a9612a6170dece610a2ad25815f2527a9b88db0be8aa9065668d2204ac4d8f8
BUY,0.0025,4000,1767440493,No,0x76b4fe5a91d99f0726227ce18d8c5cecf3550c8ed7510f5f758da78b7a78faa4
SELL,0.997,409.37,1767440467,Yes,0x84facec22a7c2067377bbb47ed776f6d3fc635fc21127d3abc9401e8a3005f77
SELL,0.997,3.64,1767440463,Yes,0x3ab083a92438fe05ed5474de1547052c11ff9f2ce856ecf05e65bd4416364d8e
BUY,0.0030000000003,3333.333333,1767440463,No,0x742530b0893e994aa31dd66708e3c46f48e0d674a030751a81b142ef0b987275
SELL,0.001350848800378851,33891.95,1767440455,No,0x51a47bd2995a1e4a50d4d1eaf8c8a874212ad0c4172e07d0c78e6708a83372f8
BUY,0.003,500,1767440437,No,0x6b34e8b03c3e4532cd03068409db5367a8b918e21555c847ecbe1868bca0a4cb
SELL,0.002,333.33,1767440321,No,0xa4a929d5c9b5df5cb7bf670ff42f2e9cb83ce63e7680540920ea4ac5bbc9b48a
BUY,0.998,5010.02,1767440279,Yes,0xd28f4221988674c4c05a4b714b96aafcc47e688a60dd46a0ce4e2b237e87f298
BUY,0.003000000012,333.333332,1767440231,No,0xcae0f6a027c2e6dea8bf47f94d7a4577d84827403e64aac087353c7909432bc2
BUY,0.003000000012,333.333332,1767440155,No,0x8d034bbf1686e126b7a8f7244e2b9f95b04b65b3136edc60bf9b9cb402b4271e
BUY,0.003,500,1767440125,No,0x52e5c6d8593d4a985258a11ff49868e53f2ab226cb44f448b9e53623a8bea7a3
SELL,0.997,727.4,1767439963,Yes,0x23cb0f3f85b26c0cc8e9044b36604234f1c514bcf9e7d0f2ce66713fc7a96988
BUY,0.0030000000040431266,1236.666665,1767439957,No,0x53902aaa5b016272782af3ef57b7934860de256d38f745eb1598f7f2a3c7e4c8
SELL,0.002,20,1767439915,No,0xa057d7959573e0a5be6c589e3064f9bdc3240b1c5bda69754583d9a4e0cb2145
BUY,0.003000000012,333.333332,1767439877,No,0x32a772df53c69224c32405c4fdda78987cf2c631884ef8e883fde79886fc6892
BUY,0.0030000000012,3333.333332,1767439805,No,0x7b03c1768d762bc875a89c28dfab683bff927627bea8ec559e99664a55da424b
BUY,0.003,334,1767439757,No,0xb132fc2f8530b2fd03d5817a5c165ec14510507b93ac396e83aaaf8d8f5a0bef
SELL,0.002,5522,1767439727,No,0xbc7783cdcd27f3896bcad2ec583051a7ff3c52f3744fc7451902b89bfafeb0d9
BUY,0.998,200,1767439643,Yes,0x0b310e54a92572efb0d5305dbe8bb3f66d3f64cb76c2435072ebc4d56038c102
BUY,0.003000000012,333.333332,1767439583,No,0xb632e6db6152f8ef3811118ee22bc1ddce2b7c8d493211bf146674be0b72f707
SELL,0.002,7644.61,1767439375,No,0x44480a61c9fd8a774ee634af21c96e616b93dc0b9675d1db9e7eab1a6017b2bf
SELL,0.002,7644.61,1767439361,No,0xcc9046481930d38f729305f0c68a9c08a4d8a9f084145510d03c5bf0f186479d
SELL,0.997,24.47,1767439297,Yes,0xb400cee2741dc4966adc31cd75d3d2d99c1eeae16df285cc1a444b46e7bec0be
BUY,0.003000000012,333.333332,1767439273,No,0x7d54692b7daf235687c7249e6c7f54511c4effd6355137d25fe44eaa998d3957
BUY,0.998,2.044,1767439117,Yes,0xd5a7e9636ba5c58c8522e1b6e77687aa4aeaaea5a87a67795d8c38d5f7662037
BUY,0.003000000012,333.333332,1767439065,No,0x78b28b6a5a61ee31c5a650d251531d8217da367af2f73ebdf21b3cf4b66bb76e
BUY,0.003000000012,333.333332,1767438863,No,0xa010ce37caf1bce584db152eefadf865a01c7a8c34be739ef2513d2fc7d8c0a9
SELL,0.002,13989.98,1767438411,No,0x6a3778d85e8f04d13b330843e565eb36292d427a6b1331f664ee91eb8c6de68d
BUY,0.0030000000026086954,1533.333332,1767438223,No,0xba1f5f7a654784fddf6ea733d11775221954b34af248f0270e4b6aa5f76513e4
BUY,0.998,1.8335,1767438125,Yes,0x8d490ef6491e17242fa5ecb8a89b385894f0f224ff2cbf00a8e0f08bd3a5dd38
BUY,0.003,13400,1767438095,No,0x9903b64d2c51e45bb0208feaa3837ab22f459f0be741319ac91c81b92c123081
SELL,0.002,9542.22,1767438089,No,0x0d25e3e7b33be1d2149757bde17bfc860f7069f5494cec467f3b597ee8733e49
BUY,0.998,1.002,1767438073,Yes,0xc8921ce45f4491f335fbda6cdc97b32f96cd078b4fb2a96b48dda50d1692e527
BUY,0.003000000012,333.333332,1767438031,No,0xed82b24f7a35b18f44936aeb6568f5398eeb127ee5fb34cc8b2bb7a6d2e7195b
BUY,0.003,500,1767438015,No,0x9229493853c10fbb9324d5b3137bab9586d1e0c034af1d4c785cadff281fa1f3
BUY,0.003,6000,1767437975,No,0xd92b4fc4d6fc889613d50b05465a9fadead97dff66eabb8fb6ce68df543de846
BUY,0.003000000012,333.333332,1767437933,No,0x2782c48bf7c4c2a530766d1a5a8ffe17d601acace313cc5ffb330208f1c011d5
BUY,0.003,3400,1767437901,No,0xfc3babf0120915d8de06e39e75b99bdb619d3bf051f33b7e77dfc00c6ab9b1b0
BUY,0.0030000000003,3333.333333,1767437899,No,0x2450d99617160e76b9105c0924f11bcb4f6298834581e0ccd9a30f2ace2bbf18
SELL,0.002,3125,1767437799,No,0x4679e394f031084ddbc162432dd562f0c7ab7b05f045ff1e1cfa7d5c5a55fccf
SELL,0.997,21.27,1767437715,Yes,0xe6d9beb1e9ac59f0ecf6bdd63ea1bc47f49f323dfead10a496f2e15514033d8e
BUY,0.003,3000,1767437703,No,0x7f5dea20156078be62426d4fffacea1f377795e90b8acc2b85da848260e2cc8d
BUY,0.003000000003,333.333333,1767437641,No,0x20aa4d0f1f2a414ea02db0ce79ea6af820f43541d659a05071f149231bb0853b
SELL,0.002,200,1767437585,No,0x8ad0ef28ff764a935675b80c17093890b0fa73ca336d4abca84e8e287ddd8667
BUY,0.0038047479449605163,3942.4425,1767437489,No,0xfa0b90db47434852d317d34433093d8865d17aedaad33f250d1af9b76b96a110
BUY,0.003000000012,333.333332,1767437489,No,0xdb7667cac75cd52817385f6a5d289997a8ac8ba0c8713387a4cdc29edc1121d6
BUY,0.998,69793.45,1767437487,Yes,0xdeadbc5ba521ea0521aac86690c119e4d98d4f5e7720e41329e53fbe421a7853
BUY,0.997,866.89,1767437477,Yes,0xb363a20fdf0b6dbda2db9d2c25b2bb20ab79d5e7e4b218f79c2bd776eb49f79d
SELL,0.997,2000,1767437443,Yes,0xbae253eac0ac79d917e8c5219fd3c751b71cd907fffddccb57a83b878b05a68c
BUY,0.998,20.04,1767437425,Yes,0x59ef1e547abbe91e605f8f2490651965a4da3efd07194dfa043bf9a739e64ee6
SELL,0.996,1485,1767437419,Yes,0x30f7b38bfc1f5572092658d4c45d8220144249ee42f90c4922181ff588fcff62
BUY,0.997,3460.21,1767437403,Yes,0xf608b2fc138e2743b740f0c699948bcdf4f2a1f0d7276a6f3b630e83131ace80
BUY,0.9969999999993023,2866.890666,1767437261,Yes,0x1b69b34a74cfc65c4175b992f1dee035700738f1671110128b5d3a423c727b4f
BUY,0.00590521327014218,4220,1767437187,No,0xfd29b0a48fd0be7468823bf8bd3a94e468d19c414c205c26042a893c6d0b595b
BUY,0.005795791096505717,17253.9,1767437149,No,0xdac95d98742342aaa71d1668f1fc00db34ccb660302c51af2aecc5f435eb2563
BUY,0.9969999999810095,105.315666,1767437049,Yes,0x4e354341c5e451e696a992d6e2e03dd7b3b3330c702c716595a0741300178171
BUY,0.005,3000,1767437017,No,0x607cb8335f472fe18991b473b8a776ad223daeec0eddefb6a50c09610d34328d
BUY,0.995,10404,1767437007,Yes,0x4d46c857f2b1b4fb22d6df833f9cec6d404e084a91c4c5ced79fdfd557a1dfea
SELL,0.005,99.99,1767436939,No,0xdb9fd33eeda36580ae17eb5da46f2b01ed4e9276fc5721fecf4a31ab3b33755d
BUY,0.995,1.005,1767436867,Yes,0xbe027360e6f182aad7ab1a1a15e18d3a6cfce7984c4a5b3d0475c5c370b128a5
SELL,0.005,1120,1767436779,No,0xffcd3f71ecb1d2de77566ac39cdc61ac6495d6e1495a5015e12dd01e1fe0344d
BUY,0.006,200,1767436743,No,0xf2b1f596f7e48f1ba3bea9f88801dc2e9f9731ab67a4e24c524674ea8df33abd
BUY,0.995,2700,1767436705,Yes,0xc398ad972701e7dd0e0982e3a1d6bd24d98cebd60c1bc017d1313b9e6653a19b
BUY,0.995,5000,1767436681,Yes,0x66e47e457512a273372a229724b8a0912db28fe276d5e310f9eb9e33218a2254
BUY,0.005,725,1767436677,No,0xd030714915aaabced9309a65fda20028b90ba9dabd8f666ffc6ab5d55ed6cb38
BUY,0.996,1.004,1767436665,Yes,0x72fa44927faf967aedc149d7e46a1ef853d4cc04c08d17598a0c00dc3660b14c
BUY,0.996,29.3,1767436631,Yes,0x4577dbe27b8617837dcf5b468dbadb563863896545415f07b385615adfd216fe
BUY,0.005,10,1767436593,No,0x8079f680b356e66b70e2052c3ee1a26adebcb1bb3cdbfa32954a269576b716da
BUY,0.004,270.7,1767436569,No,0x57f548565c9b13531aa8f6f818f4bf87a54a99cb3f1047b1236f5b93482dd36f
BUY,0.996,216.27,1767436563,Yes,0x64cdabaa060d3ae3412e127e4275d8f4162d5c9981b78a709dc5ee2c4bc7572f
BUY,0.004,33.73,1767436559,No,0xb4c07b5faa41bfba9a267f8e522bc1c8a86f59e15a276e72f46313426669987a
BUY,0.996,44.87,1767436537,Yes,0x625a8328b89f9622a79d406ac736393f4ccde2b8b91bca7e81d5a55d991b21f0
BUY,0.996,28.04,1767436535,Yes,0xeb3f294f6f1a8cccabc4f2f8745befe91d5d82e14ce998decfd99c0d941e592b
BUY,0.996,74.4,1767436531,Yes,0x3000211e797de94f80d39aed4ad882b08a7e15598004bd89758d9e4fe26b8077
BUY,0.996,123.39,1767436527,Yes,0xf9db887a0e73587cea1bdc38c0767fe6be7d78fff5df8b74608c3efb30a5c982
BUY,0.006806726407035432,2938.27,1767436523,No,0x68c48ed55f1e86390be7aff67f5f569c6a8f28b6afc76c947a457cb5aac162cd
BUY,0.996,164.3,1767436499,Yes,0xde3fc3148c5ef03e17246250a1577a3c4c27177d217215cefd74f30f0dd6c58b
BUY,0.004,85.7,1767436487,No,0x1d9de2160c5dc1521eac4517021d0cd849832de0801b92be2912c129ad9ab526
BUY,0.996,24.33,1767436429,Yes,0xc2cf65c2a96c8f13a657d0e678f98d41c026d894941d7b2587c0fa5e7c692c82
BUY,0.996902874251497,334,1767436421,Yes,0x37eb61de28937a58750f4290d8bca02dc6a94886bb2bfe8d1e0df1aa22ff99e1
BUY,0.0068033896718857146,146.985554,1767436419,No,0x77da18b70ed549540baaee40d11a69a3e742b69a04d8c757672e8f72b5933c4a
SELL,0.002,108,1767436383,No,0xe78429e2970694b5e9d3a2bc74201b9a8039ef04fbc2dfd6dd6ffd5608b43c12
BUY,0.9969999993352535,1.504333,1767436367,Yes,0xe087955d9fc84ecd513e400b850cef03587dfe1afa93c49fb6b7715897ec4c54
BUY,0.99699999998006,100.300666,1767436365,Yes,0x4cde3db40e70b2ff3bd52f41b331709e2a1506a98c3caa4ffb79fad819fd1622
BUY,0.005901105439329186,33891.955,1767436361,No,0x4a977a04f20e79cfead0dc53cfb22b19b0efe4ac50d6fabaeccf33da66313bab
BUY,0.003000000003,333.333333,1767436281,No,0xab616a9ba7b32e5eb5fb66efa352e1e97501ac037404600607cba1ab9286b542
SELL,0.997,344.55,1767436219,Yes,0x721de93cc09d67f18fa7e72bcabbb289585493024747acc0c40ab0d06c1028ea
BUY,0.003,1000,1767436127,No,0x5b00c787d015e0680ff650280fd9a386af1510318a3645190c5da69f41e26b33
BUY,0.003,1860,1767436085,No,0x6bd9f3172c66420c217c75b2bb9c787c4eeab5c33fbc8ceba45bc097209e60b5
SELL,0.997,1800,1767436015,Yes,0x2e997569ba2240db9ce9d37be41bf7520e35916a95da76d5f204d490b1a28034
BUY,0.003,1120,1767435955,No,0x69c4a26937656d94e1ee9f58f8366eef7c785b44c5b1d16101f07d699dcc89e0
BUY,0.003,3000,1767435933,No,0xa132eae6c0dd8cd2d3084a62c9ec31b491b255b9cc850e7911c8cffa69281437
SELL,0.997,100,1767435929,Yes,0x8f7df4ec8791326cc0c521afbef255bba0d9906a77c4ee89417d535bd9c35d2e
BUY,0.998,200,1767435917,Yes,0xc0ac6ea0666c3d92782c9182b5b53b917c4c24013c5f6506c4f06aba6a48ef02
BUY,0.998,700,1767435899,Yes,0x9d93bd4e80b54d4f228d8b93888132d1c39b999e5c96e7f03f71120b667e9e4b
SELL,0.997,30,1767435893,Yes,0x769ea22e3919f8fd55222578f17d33844dcc0336a27baaeb55f8062da92410e0
SELL,0.002,1400,1767435889,No,0xf981abc5b47a6cec2f40263850c7e4a58cf1c076fd7a8de083443941c4daf962
BUY,0.998000007984,1.002004,1767435887,Yes,0xf91c32327ef939b666ace9c81dfa2bd273f3f939a3a6dba71aee2932852724dc
BUY,0.997,3624.51,1767435833,Yes,0x5874a343be1e573b816defb76337b2cdc5ae0f11a013d350a3ccc504df8e789a
BUY,0.996,9260.46,1767435827,Yes,0xc5583cb1a9e63ec0d93ec868f5ef8f90959ccb026bffd10bd4767ade3bd963a4
BUY,0.996,639.538,1767435821,Yes,0x7f0d76218a56a73d879689f3ad670a18f9dd143d8d74412d4c471e7f101d32eb
BUY,0.004,100,1767435811,No,0x44d1f50a46b27b6e631ab71d977e5b0acb5dcacc590aadd3037e6d9b24b96957
SELL,0.995,2.99,1767435725,Yes,0x0af321ad4554904505aed4214b4beeea02be008c7d941e7e2956fa8bdeb64f87
BUY,0.996,3529.82,1767435717,Yes,0xe575b79591e4bdde600f13ca58cdcf7706310ea8a76800e128d8f2a91a697ea8
BUY,0.006154462963592769,812.41857,1767435707,No,0xd1c1152713ff4ed6e4e6bdc23d89ffd16e5bcded56e254e970315312ad5be794
BUY,0.00660125,3200,1767435639,No,0xa43c175bdc23a18abf347b1e22f654d2ba1a8e7469be72e083dfca39c248f06f
BUY,0.995,50,1767435603,Yes,0x791b827b5fa914558016620f1a78b7f857f68c747701585199f0056f33853d33
SELL,0.005,83.92,1767435589,No,0x786bdd5608acd35db548284b8ba14f41b62f299eb707734ac448e7d8287641ec
SELL,0.005,2292,1767435529,No,0xd3b5abdbdeff48498b00e53ddfdd78a563dd226d299cbf211c2b7dad2c4a2660
BUY,0.9957187094900273,2020.369788,1767435497,Yes,0xda126d61f820ad2f67f643e148ec83faf8d448f9c6b81fead9b0a737ab606c1b
BUY,0.008,125,1767435317,No,0xb1ece24e1d853aa0bd3ec8f362e883be0f59e948e2f6c440c02f52248483e081
BUY,0.0076840220366774835,2732.94375,1767435305,No,0x5afe9d4114d6c9107b89008d076941e992a98493083a4941dccf4860a98b6e0f
BUY,0.995,25.1256,1767435301,Yes,0xd4705d41b53c076d630d20ed5419e4865b4203f18c1312c9790b42051dcde897
BUY,0.9934808992816567,1663.55,1767435295,Yes,0x0a55b6ae7beff3080c39973f9576632437c0c36b1b5ff83ca99fb386ff14acb9
BUY,0.008,578.75,1767435293,No,0x32c18c6be672e5bbd9d45669068b4a49a76f6203ce54b10d274261326a99f5e9
SELL,0.992,25.2,1767435277,Yes,0x7612df7b57ac4139bc268bcf4045e14fc46f8ae2f8169da537aa0de9b1115b33
BUY,0.008,125,1767435259,No,0xa9a3d55f625fe5ca19161254888a4638871a26ab09825dcd10112e78b463bc6f
BUY,0.008,125,1767435257,No,0x39aba2e13d3410f2052e87de0ea96130286a551a98ae26fabf2839fd6cf4abb9
BUY,0.008,112,1767435253,No,0x0ac4a32c5b1dcc3882271fdbcf149502dc68e28b9f3fc5848df14c0919566fec
SELL,0.992,10.09,1767435251,Yes,0x5d71766f287e33ac03c05d93c47a8506252c6b70da02bc839fcd21d5c7f57d37
BUY,0.9927469205565325,2020.867428,1767435241,Yes,0xacfa98942dc7354325fe619827e8cf21c46e6aaea165f637b4675110eadfd38b
BUY,0.992999999495083,5.941571,1767435237,Yes,0x1b055fcc761e863abe3114f42a9bac112358b6fafefdd5db19d4eeaa6d0acc88
BUY,0.9929999982106334,1.117714,1767435227,Yes,0x4b24e1d87dddc04c9a223863cb92b6ef1a84e8dc88816f3526277da2b1f9430e
BUY,0.9929999999900699,100.704857,1767435219,Yes,0xb2ee477cf06e391478f2bc3e92800cb2f2d0afb798dd702453257b7ea560e2c6
SELL,0.991,1513.63,1767435215,Yes,0xb6b548cf4b6764d3041cdedd0f94d1f1be0300288c5118cf2ab60f29dcb36b68
BUY,0.993,8.721,1767435175,Yes,0x7e7f2b1aab282cb469fc80b74d72414db75eb4eccb9bfb1b09c95a681c5ede01
BUY,0.9929999982106334,1.117714,1767435169,Yes,0x94e256c4633fc5a9b3390eb8e0f1c57bef5bafb6a774fc1163e1c31dd4197d5d
BUY,0.9929999999900699,100.704857,1767435165,Yes,0x59eefbbcb684d0b42a30a1ddfaaad4304faf7c0dd45be0357076260156e061e3
SELL,0.007,50,1767435165,No,0xd168c3504f6c1a65031c66190e5849d228fbc294122331d5535ec3bec989a2b0
BUY,0.00900000000495,2222.222221,1767435161,No,0x96bc38914f9f07025c26fbf811004162a36274ca9c2666247bf057139d96564f
SELL,0.007,277.77,1767435137,No,0x1d77b3946de0e96365a165d020fae676bb7d2fb55a22787ebec7e6b579b4c7fa
SELL,0.007,50,1767435081,No,0x8fdfffa103e07e308f5f23841d4d923dcff14c3a12d143c68ff73e5f11ba94fc
BUY,0.993,200,1767435057,Yes,0xda55c9bacd9bdcea1f2171714f8800d1f1fcd9443827098528437f9cbfb1f420
BUY,0.9929999997746254,22.185285,1767435027,Yes,0xadb0e140803893329ee487a9c60bba32e0a93cacb8c5781d461efa3a69073ac7
BUY,0.009000000090000002,111.11111,1767435023,No,0x485612e40e2ac6c161c428e97263b308c3fbbb65a0b20cb662f6a1ebee284a10
SELL,0.007337500337500338,1111.11,1767435013,No,0xcbec52a2a8634af91fde85f563b610a15c592ae5889714542faf7bd020593d66
BUY,0.992,4.35475,1767434961,Yes,0x8244c99bf8e4641a22c6a6dd559539e3f030ee11523d0dc81dab9eec180c86ec
BUY,0.992,1.118875,1767434947,Yes,0x1625e418bc785936f43ef2c236cd7e61378a1bf9770b8c5f9febf9389bb26281
BUY,0.992,33.125,1767434945,Yes,0x1c008b5496d53e77c1fc0cd438332f69f33f8623b5e5d593cb23c27d0cb94f4a
BUY,0.992,1.461625,1767434945,Yes,0xb15b711059e4c0c1d3fe35e1decbd919c68b2b522b14edfed15272cd97193f46
BUY,0.992,100.806375,1767434941,Yes,0xb53a7253b81afac19834044e10c60bc3d34a707c9e27e1c2b81ef0992d1513e5
BUY,0.009000000009,1111.11111,1767434937,No,0x51963eeeb895e244131ff307fc4f9126a0c69b24ad525499e92f3dbceb23fac6
BUY,0.992,9.677375,1767434905,Yes,0xda7079bd836cd005e7b2e115db6420a58cf7721a4f9d90f19973b6ddd7655ff3
BUY,0.992,8.9515,1767434903,Yes,0xe147c04b72af35ccde0c1e3a72adefd06b10eb90667d6ca57a6b26bc7449bc9c
BUY,0.992,1.118875,1767434891,Yes,0xa91b22609501469634bb0177739a064160adec1472cd9941e1f4be509b159d94
BUY,0.992,100.806375,1767434887,Yes,0x97b86c731d9584b5f5dba51934a30c1bef853826a0bd6f0283227905f9effdd4
BUY,0.009000000005406654,2404.444443,1767434883,No,0x6ac27f49de77ca76f0646bd634df48e4c9591255c3913d71bffb2119e954a23d
BUY,0.992,1.118875,1767434883,Yes,0xf84ed9bf783d07c6a42175c31ce1f5a375ed359a2ac6c1a8c8175b7cf4e0b632
BUY,0.992,100.806375,1767434879,Yes,0x41dc87619ad604e7a8174614da4ce47ba67aa9897d69fa5f3bbae44a6df69422
BUY,0.00900000000495,2222.222221,1767434875,No,0xec404d38b414770a5d1309ad023dbed59af2924d72ce83bc0b676f4ff22fb34b
SELL,0.008,100,1767434863,No,0x39eca19dd5bb000c579569f04433608b715bb7846b88e2513660a98d0984b96b
BUY,0.992,1.118875,1767434851,Yes,0x659761d741a43a55185dbe8b3ef3fb30f54a9080b525d78785a71c40a1ad928e
BUY,0.992,5,1767434851,Yes,0x4d8bf18a4f117414db9dee3199f9146c51d7143a0a57cd8ca43aef6050c6a32f
BUY,0.992,1.149125,1767434849,Yes,0x4c98401e7a22600af1deb541e15530a94212d2f705d430f29fc246140993aca0
BUY,0.992,5.01,1767434847,Yes,0x781f75080c3ce575fb30425e8f158d5046ece22959e193e36b9ba6784a7759ff
BUY,0.992,1.008,1767434843,Yes,0x0c850c9f56f381adba2863b1494ec5701e62e358651ae22b1e9d16e6754d5df4
SELL,0.991,0.45,1767434839,Yes,0xe873d51d748ea4a4eb2fa1a3dc48301a059e4a1ef243074fa9a11e5337edfac0
BUY,0.992,42.44,1767434833,Yes,0xefaca2a95c8ea82923e54f91b73c251f93ac92bb5254651a1b9f9a0a4a9dbb94
BUY,0.992,14.304375,1767434811,Yes,0xf75880d172f49e8f10dbf8472ef92a6b0fedc1124093fcfc55f72575f162930c
BUY,0.992,1.118875,1767434795,Yes,0x7332b9150883ae5da849f39f41a3bf5f61817d2b76c2d0e05ec1065a03f01126
BUY,0.992,100.806375,1767434791,Yes,0x75b4d5346dfd3bd9a86927b76500707eb4d98b94aede582f6cc73aa803cf844c
BUY,0.991,3642.93,1767434787,Yes,0x584422798f062d00fbd29f2413c70f428175dd1df2e0e816bf2b9ee242af3b94
BUY,0.9909999999202245,10090.817355,1767434785,Yes,0x08b315fd495d9c4cf3dd0a188cbe20780bbda0f955e28c6b6f0052503f9ae2e1
SELL,0.989,233.33,1767434779,Yes,0x129e6d93ec9e8b16b955252a356e1c9a0002436bda16bcdc1271ff4aedb11813
SELL,0.989,4.34,1767434747,Yes,0xa11f6cde9776837a5eefedd9f7a31393137dc8db115a9c3f5a7b121ddd7ccaf0
SELL,0.989497225,400,1767434729,Yes,0x1deb54030b7f4366d11d8eb77fd36ab8ea704e1f14be77239bceb01b1ab46e51
SELL,0.99,1.11,1767434719,Yes,0x770736097dd3c216e3aaa1d5382967a951f53da66659eac2dab8da908716f275
BUY,0.01027929794089092,243.207271,1767434695,No,0xbe12f0995254174431d5a9cbb395caf50fada9354777d83266fe33407b34aa61
BUY,0.992,1391.875,1767434693,Yes,0xf186dcfbe7a563cbb0ed1226a96f2215480c2b1995b4a3aa43ed8d722873bf9b
SELL,0.99,24.72,1767434681,Yes,0x04313382c7c058463c9bb05d12d65ce4725f5f9e76c08c09e544881936c866a5
BUY,0.992,1362,1767434681,Yes,0x60c3f41f61f5abf597f91d3b5268f30051d066ccd7f515bc062ab53041be9e8d
BUY,0.992,38,1767434673,Yes,0xe36645bbe7c77ec768ddc440e4f95e6a72e007690fca4f46d50681ba3d20d929
BUY,0.01,100,1767434653,No,0x5f7a78c0e75aa416d02f154ade7a83cb4e1dfc4bacc9797cd24995afdfab4cfb
SELL,0.007395718617936018,1843.33,1767434647,No,0x8806bfd6be9bb5d75002f482fc922f751b2349a892c5259f7f6ceb4b8ffe5469
BUY,0.009,128.28,1767434645,No,0xcbbcdb6b9886207d1d7b106045a615f9bb91a8fce7351ecf8dbbdfb799d193d6
BUY,0.993,33.22,1767434611,Yes,0x1a635336697b1340774c3e476f65dc6264718162d3268f558e01410511e6f7fa
BUY,0.993,45.87,1767434605,Yes,0xcdaf79c83ad5edfdf75a1063c845d538c968402a736c97131ed1d01202dccf1b
BUY,0.9939134340166214,2679.69,1767434599,Yes,0xae2fe95357946aa2f74da360fa67eff07dc2e78a26edde7ee73a91bc6b295c95
BUY,0.9929999996027974,10.070428,1767434599,Yes,0x3a7d08f32ed4be9173acde0e5812695f292a78e472d701ec3d71300493993198
SELL,0.9895448534144772,170.89,1767434597,Yes,0x586bfd5e5ba76aa29554c9a8681a232f4e121d7ff74532b6b4fd363a62431403
BUY,0.012,100,1767434569,No,0x78776fe770350f0cfe4f89d6fcb4037842d66d378608e8cf433305f124bab7d5
BUY,0.011914809351433438,83.929165,1767434567,No,0x8f45b0f0c823149c43703f3239fb4c22f99ad3f3245db4a6ac8c47cb9864f801
BUY,0.994,2.012,1767434565,Yes,0x747974365049fef29208c387c24917e1441919db3e10d8a4974977efa7cb609b
BUY,0.010600845518905107,21248.49,1767434563,No,0xfe13031386ff81b0a47e629ffcb403cbbbc79c22f418072355da5ccbdce286ae
BUY,0.007000000042,142.857142,1767434555,No,0x75822272d92877338b5e8b610c658d9069cb92f804a8a71afcdec8cf052cc2e6
BUY,0.995,170.8844,1767434551,Yes,0xa1027e4e45d60e735ac3ae764348c0619ffe0c03df9ab44050949dea7b97dfae
BUY,0.995,5.65,1767434531,Yes,0xbffb2e5c08f3090e61a9bcfe703b48523e24f600041f4b499d96f29ecc3174fc
BUY,0.9959259666666667,300,1767434523,Yes,0xd2d2870b6aa94a1e6877b1441064712204f79f84454c6dedb2719a167583e182
BUY,0.995,7.4572,1767434521,Yes,0xc02bbf427e56d955f66a4f149e587f88daeafd2be74b3f81511b099b59b4a835
BUY,0.995,3.005,1767434519,Yes,0xbd539352a1120da40e1bba0ad817b81acebc11a16f48f20e11b41b86427c1cb0
BUY,0.995,1.1858,1767434517,Yes,0x55ecacfd18eb4130736560b9bebf6f94939aca8e59489fe20891a6d9099f914f
BUY,0.996,3.002,1767434513,Yes,0x3411df099b48c1ab5532d79a328b3d633fa55e30daa875ca3bc754b908dcd327
BUY,0.9955571742978805,418.02,1767434499,Yes,0xb8bec0230578a446ced3f6af62ebea28a9031ab53c36f1ce2473ac01ca84df29
BUY,0.9939999999097181,22.152833,1767434495,Yes,0xa8542b52395f821d7372461b7abd964c6416a375f7265ff4488881752055908e
BUY,0.9944818423463552,110.6806,1767434491,Yes,0x80c7998dc5fc43cafdd6bd7c30b44750efeb9f6c5e26f10d99302ae0a0c16b1e
BUY,0.01,101,1767434489,No,0x91476ec0c9404a49feab270ed70957dbfa22c98efc75c4612f93c4d255110451
BUY,0.01,250,1767434487,No,0xa50bd987cbc90b16db134f8ca09a74b49a739786f7f4f7e0844965143cb56caf
BUY,0.01,101,1767434487,No,0xbfa61b2e8a5b68d3d859cc644c03eb78eda00c99c55fbbb79dcd80316832a8a6
SELL,0.9904919812956482,11188.84,1767434487,Yes,0x25b938665afbf15a1aa9e79f1bc805a14ce5cabe811bc41e21d0c44efae66a20
BUY,0.992,1337.49,1767434485,Yes,0xc14cba091331a0ea63a89ff4054945a087b0873376f6473cceb5a7d0e159ec82
SELL,0.008,246.8,1767434483,No,0xd63e1ca9cf6c7179ce5d248dc3cd90a3c5f167082b2b8262a1b70e7cfcc324b4
BUY,0.009000000090000002,111.11111,1767434481,No,0x59eced13b70644302d9ca92a5000ced38dfd7cedad9b800067eebdfab856b76c
BUY,0.0090000000576,277.777776,1767434481,No,0x5b714029410c87b00a804fbb1a754a4c05867357c3b3db89f2097742583999c6
BUY,0.008,415.71,1767434477,No,0x573b7c6d13c24580858867bc3b727dfe8d51f1c858885be8c056971f140945af
BUY,0.994,200.9,1767434473,Yes,0xb2734fce65ff23349fc727e9b4c728d7d7aaecf66292533de51cea16bccd2b6b
SELL,0.992,171.4,1767434471,Yes,0x2a113c9a6ee72ac9d636c09401afe54d23285f421f4ca1705185fb65da92eeb3
BUY,0.993,13.39,1767434469,Yes,0x35e2a9c332c542d59f4b55328c1d1114f110161c83b67ff1e247c8587c0aa6ce
BUY,0.992999999994166,171.409857,1767434421,Yes,0x5b9c0ab248f8755994735ccc5618bb15fb9d6fe34d221ed3ec4b2db28f8cc2de
SELL,0.992,298.11,1767434421,Yes,0xd0905c2b5af8b7db00f13f86af16b1358348f0cef6e5ec0e93ce9b88c7451d9b
BUY,0.9929999996709722,15.196285,1767434413,Yes,0x264e464cc8fb5accf09dfc4fb8a3f8463ae6746c3a04d1a25f0633abf05390cf
BUY,0.9939992782298542,1.116699,1767434393,Yes,0x8d2a53355793d2b98fddfef7c7bf9d7da5d2a3de1bb52afe4c9fa2b46b04e9bc
BUY,0.996,1.506,1767434391,Yes,0x2d90bf3f4f672e9c8c38a8157325876b91a19056b608b698ce4430fdecef13b5
BUY,0.9922583278438667,3871.05,1767434385,Yes,0xe6f07141ef1240d72420e1bfc3fe6c4a308233b9c8a60788b7e741ceea823b2f
BUY,0.992,2.953625,1767434375,Yes,0x66edb97096ee6c4c6c68f3a0a52e4503ea181a0ef045df951c226348a38703b3
BUY,0.007635862653666808,188.72,1767434349,No,0xefa9882c9d813d794a9254fd6c3816c1301d5e6b32eeb58198409e5d65e23573
BUY,0.997,1.003,1767434337,Yes,0xa799cd7171e484e56dfeb244751062ede0c678b68f7f6458118ae426357e9d30
BUY,0.9969999995987695,4.984666,1767434333,Yes,0x984c518acb5480ddc7e60c79d9c5936f46046c083852a16dff5c70a589adba6d
BUY,0.9969999993352535,1.504333,1767434329,Yes,0xb16aed1e982b08cd1137420b308dea6ed6519ce5df09d1af558c88fc8bbfb1a3
BUY,0.009454583960487402,528.844,1767434323,No,0x19a985b392fe069a7b71d563eb62fcbf1c193fb2cf009cc3cde8ff06d4aaf675
BUY,0.997,36.419,1767434321,Yes,0x613185a1d943e079ce23d796031304a054b35b667fc8949e63beaf53f6d1682e
BUY,0.9969999991017962,1.113333,1767434321,Yes,0x9b079b13ee416fb466d6be4239bb8b69b2310ea764fe639f01de1f4b87f3af76
BUY,0.9969999993352535,1.504333,1767434319,Yes,0xa71882dd0905c3f49c5ad8fbf860e944bb7ead8ee5249db0d6c845df2c5959fb
BUY,0.9969999993352535,1.504333,1767434319,Yes,0x7b7fafa6618482be3a22ffe69ddabaf99157d5e37442d380d63e9e50de35b977
BUY,0.994,9295.09,1767434313,Yes,0xf7155fcae94583334c7e7724bea199e501429e358a9b22080caf5a0d4eb52c00
SELL,0.0061451268848841485,17537.55,1767434301,No,0x5502e7c6fdd55b9711a6ea0faf2f84094add161812f6d22c8942733add5b6c7f
BUY,0.009412544286020865,531.206,1767434269,No,0x886731aaf2d528a1a5301a4467380eefebc54e45309196f7fd7f3a0b745ee5fd
BUY,0.9920079918950161,1008.056285,1767434269,Yes,0x821411abb7fee3d024315c593754759f5f61e02ed919fdceb265bec80c94a995
BUY,0.009,492,1767434255,No,0xd774a98588f85ea92ab997df109a79b119af77afeab5771b1a4fcb641012d321
SELL,0.991,33.5,1767434243,Yes,0x80498775e170a5c594af40ce365fe7f434297db1758258cd07efc9738c34ea4a
BUY,0.010831595764846056,92.3225,1767434195,No,0xf1371d91c93de93dc56382f35e0ef09c5dfdd188612f05f55a949337b9d80188
BUY,0.9920079918950161,1008.056285,1767434179,Yes,0x705be164c309a6c3c4e0b8206a4c1f4f1b8928bfed4036acae6c645477513877
BUY,0.9928044869914112,1007.247571,1767434165,Yes,0x03511957c611fb70e427c55925fbe7fed8767510e6efc7be1d3f0688f85df6d4
BUY,0.011857707514568263,843.333333,1767434161,No,0xbff8e1d92c2bb1238c71813da437a355d9b1402f91b75c80a94d2ad401548aba
BUY,0.9919996633209183,1.663305,1767434153,Yes,0xb872fc249d9e70cf46c59dab448d944fd07a35fe3927d62b7fd00215ea157201
BUY,0.9919999158783903,10.080644,1767434151,Yes,0x9ea918a160f769c6e204ca6d89290cb78439d60e7f85567a31238942912ba632
SELL,0.01,13,1767434141,No,0x615ded319cf5d620ec632aef360630c6dafa1354430ee93a3f9ebbd360e15229
BUY,0.01,13785.17,1767434141,No,0x73a05a5bc7ba382f3bb9b5b2ddf860b82a3fa398a4f40b937774ef7e63c3cd6b
SELL,0.01,15,1767434139,No,0xfe3edb19d11c2d9400b6fecbca8f22fe717da69d2bac0a8da9d4c4116e9b2f99
BUY,0.01,1000,1767434137,No,0xa8848033e0c0b104c2f18fe0607892d02301cd9f9df69b5c32222b314e527e5d
BUY,0.99,16.1616,1767434125,Yes,0x7d520b7a27127935b609a7abb13317e1522c9fdf4733b7a1517a6d439259ef56
BUY,0.99,283.83,1767434125,Yes,0xff5daf0c2a347acaf33aca76ad275d5a0c641689d2f5d35c1400633b431659b5
BUY,0.01241797,1000,1767434115,No,0x2df13ea1dcb2cd91fd3377a6a443f5ecd30c6cdb51b1b22f11b4e651f3b1bd02
BUY,0.01165048561787162,85.833332,1767434113,No,0x3a364358d1a0d08d3d1574c12f5ea0941d9a346f98e008ca0f126336db175627
BUY,0.9929450754502287,20766.67,1767434103,Yes,0x13fd7b3451ff912d9a3ea066861c1877192781dd7f066ec217e1ec78e0ea7060
BUY,0.011879,100,1767434099,No,0xe47e55df057cb5f7bdf6a6950abfc271b96ddcab9bf9a9857a551b63ce7ca547
SELL,0.992,23.76,1767434073,Yes,0xb367def5eaf5b16662c9e3075789052be2fd348a728b8ab7d51f86620b7b2778
BUY,0.9916549667503299,3091.76,1767434071,Yes,0xfea23380d9dad98250c65fec65e495f132fe095ebb6f4539bb5e78dba4a65ac7
BUY,0.9929999998328278,5.981857,1767434071,Yes,0xe4f2771b7ef83b974ad981d146ca77925f145a74eb3069d5091d67181a020be1
BUY,0.9909997225195227,1.00908,1767434037,Yes,0x35c0d58b8027bec6b7d5f3e26aa771ed0a53de20099e697eb5f014e9774a6708
BUY,0.99,200,1767434029,Yes,0x7a8886634d0bf4ef3a6a4d6402a75a3593a3cf1691833cec298ca81e6b1b0d8c
SELL,0.985,10.1,1767433999,Yes,0xfe77f1e8bcf714e57ffce663c079fb7b7bd52f1cf0f9dd13d1e65b365dcd2282
BUY,0.9909999349903913,10.090816,1767433991,Yes,0x181e30c5655be333501226d18a3a4466ad205a24d00e3a749e32ddbea23a81e0
BUY,0.9909998523180867,5.681129,1767433989,Yes,0x79eb7d087ce4527bb6b2b084614dd683e4555cc97239e0fd6aa2d0fffd9393be
BUY,0.99099999552068,100.908172,1767433981,Yes,0xd8a49a80caee34cc55df5c39f07a71913bea3c5b5889650e97424c1266c89931
SELL,0.9851750484074396,562.93,1767433977,Yes,0x329778deebe509678f0a091e8c0749a0b6976c2129e8f831bb07b067f4a9834c
BUY,0.013984126242754458,6208.99,1767433969,No,0x4488bbe78ef5e93d2b09568d88a598fc98d702941f51c763b17d7d4b42a7d775
BUY,0.99,189.89,1767433955,Yes,0x58c902e75be944b1b5d3ed93fa2bfa1a852aace70767540a98de4800eb41fdbd
BUY,0.99,1860.97,1767433953,Yes,0xe6b08eb241c3e0b7deb61dce3efe4e33529bca58660ee319b6a9e87bfa069ff4
BUY,0.99,10.101,1767433949,Yes,0xad17dcd071c65e482d321b0f23ce7a6a08a83f2d3c03028111a5d5a4c80a6173
BUY,0.99,1107.1313,1767433943,Yes,0xe5ec529967dfbb468916506a4c93438a84b0a2e94965222e8e97ae8e180fd9fc
BUY,0.01,31.89,1767433941,No,0x877a19d9b90cf578f1d1a0ca68d4428087cc0dff123053189c673175631d184b
BUY,0.989798370021424,3192.68,1767433915,Yes,0x6625157cfb2e4bc7d58b4ebef3ce5f915ba56f570271a9d02e977e423c211d5c
BUY,0.99,1.0101,1767433887,Yes,0x459ff3035cbce228d9eec39612416a1e7e270fcdb21bf6d6b5dea1e7029afabb
BUY,0.011,223.16,1767433877,No,0xe85aaba44b3639b592b08593becdd11489826533ebacf39fb15b52032661b4f0
SELL,0.989,3.35,1767433873,Yes,0xad58e47f8a380089372524b74736f43e439885d47977e7890b3ca3186433d13c
SELL,0.01,200,1767433863,No,0x66fb69c5b4ec1655b0acc306d6a6c779bea7d3699e2c1715f14c7beef88ae85c
SELL,0.01,514.98,1767433851,No,0x8ec0a88ae241b6abc043a718f863993c24c48be9cfbfffac6a9a0a287a99331c
BUY,0.01,11.31,1767433843,No,0xe284cc02347a30e92cb0bc6b0a81757e2a242762bb85bd2e6da9fdbb440e74d3
BUY,0.9909999997737443,26.518666,1767433813,Yes,0x3ef86a4462de4f54fbc586d8056c4de422880692c991b735eb970e3684e08adf
SELL,0.981,1.73,1767433805,Yes,0x4ba0b3f772be837d32ae487cc291b9ae4f18c529a1d8db67f45d843957381dab
BUY,0.9898706149456258,1131.97,1767433803,Yes,0x526468a86ee0d633742c17dce8a965245f59b3ada6b6cfe69b4a8dee42749bc3
BUY,0.99,14.49,1767433795,Yes,0x209a069b75351c307539bab339775ef488b45993122b3298be9066b3ea5953f0
BUY,0.99,1450,1767433787,Yes,0x08a05490208fa07388cff899c5aa90e9a9ce547b058ead4e1cbc6190e52d0258
BUY,0.018999990841999836,105.263156,1767433775,No,0x40d1de15932671506db3e7636883a8270045817c17c6d66857c6e425d82f687a
BUY,0.99,106.36,1767433765,Yes,0x8d553a4eae6fb17009470306a8bfcebc62f14a0fa5fddc80352203e5868741d0
BUY,0.01,106.36,1767433761,No,0xd3bcd0bbb1a223cbd779b9a807dc4c6174d44f07a17706111416bce6ef675635
BUY,0.99,131.83,1767433757,Yes,0x870fc02a4c221d68783e174d447e02b06594ce5fdf236e946c01a53f3cd03ff9
SELL,0.01,106.36,1767433755,No,0xb174c8f04b361c7fd5411903a051f18a05c7967f3ef29b9d8e001ae034f1205d
BUY,0.99,20.202,1767433753,Yes,0x60c69f218d949907562f127985cde4847af8cd726752925ed2c8975fd66ab7a3
BUY,0.02,2762.72,1767433751,No,0x428767a42dab3d6045dd2eae5c7538bc4c98b4feff34b702a93ced6bdba9152c
SELL,0.010587430249632893,170.25,1767433745,No,0xb09e1cfa82b4f8c9d3a2a0b8aa235605efe322529b7cd17ace799be6b07c4279
BUY,0.02,340.5,1767433741,No,0x72eb1311decd1492cf927ef52eef09be2a1834c6fb94268f921253acf5a00e2a
SELL,0.011,49.99,1767433741,No,0xd7040b089dc6f2a4b24f2df9bed16c5374b7f68bb5a7e76acd0e3e3fa7595cb9
BUY,0.02,100,1767433737,No,0x265a68dda44fd486f945875938518b60e2ed9a26d8b75fff3954d43320d37312
BUY,0.019,450,1767433731,No,0x5a5c9ca7e62de7431aaf6f4fafe57df1f29c180972a433a7b84fa98c6633a55f
BUY,0.015,8000,1767433723,No,0xe9ac23ea519ebfb991e62d56ae50a1cd34a11c6739c1e76e1b911560ff17dcad
BUY,0.018,7331.81,1767433713,No,0x333d6df10ceec5bc1febbdb0993da3b417125cf02fd6a1762352abe83c68dcce
BUY,0.017999996515199977,277.777776,1767433701,No,0x981e4bfa381ad9744d1264dbd9bbaf4230ffbd28831dba7efa89e4c67b290c1e
BUY,0.99,757.5757,1767433677,Yes,0xfef1f6e150446e62528cc95e1c5718331753b950c2242e68d1478631f91d334d
BUY,0.01,144.78,1767433653,No,0x8b27beb412e9535415edc7703fa82488f07f48c9c88ef80b797beadfa400bdbd
SELL,0.9908908685968819,449,1767433639,Yes,0x08184bf44064fed8a4404973226459aa2b67cd30cd571951726193c736f77eb7
SELL,0.006,207.28,1767433611,No,0x288c1db244893171f29af8c0bd4ac72010953e8196969c17aa9e402adf43d47a
SELL,0.00606119859260541,173.37,1767433611,No,0xc10d4f870c2817e02913ff301a8d3ffeb595ee712e4c6cad52a3546eb35bde5e
SELL,0.007,184.4,1767433609,No,0x5a723735995dfabb7f626d04f3025105604aae3cb10d1c2fd01a15422218be06
SELL,0.007,204.99,1767433609,No,0xdabd0bd04e877439b98c9c5e337710a70d57a824a739b6c0c7cc10a1ab77dddf
BUY,0.018039842977598756,5543.2855,1767433601,No,0x6e3d72c152fa7b14d6d8682f019676d1212b81d7491a1650a71840a92b10821f
BUY,0.993999999917791,535.221326,1767433579,Yes,0xbcd9cfb2e64ede3921c15a3bfe8c88411619877101d010a04aa7729de574fd46
BUY,0.993999999288296,503.018107,1767433571,Yes,0x1a1e0281e43c07dfd090f9e8dc66ca7463dd47814d4c79cc6778d7cbc189e0a3
BUY,0.993,40.76,1767433569,Yes,0x8a4417c2dd2e2d25c6ca27b4f70dc81fe79840a3252f33e667af21764ef50c5b
BUY,0.01035179833614812,3996.75,1767433563,No,0x226df25696aa581ab3690a47faee1ea0c8a1bca1ac1a41b7ed715d565ef858da
BUY,0.01,100,1767433535,No,0x7ac6833ec0302a474b92e89c034866155da1ff30de4169bc2224c4a627efc6c7
SELL,0.99,25.3,1767433521,Yes,0x2766da75ddb08c51e5a471fc19a2464c12165afc71115f87ff8be351aca189ee
BUY,0.01,1000,1767433503,No,0x8a40efc2c1bf5a5851d482d7dbf8d48d95031913793d8c73a5aabd2395386c79
BUY,0.99,384,1767433499,Yes,0x8ec428159b870e6af4b93e32834a6fa4109c26d5a386b56b83fa44567c328cb4
BUY,0.99,201,1767433489,Yes,0x6e51481569d0e256b34a0df775c46f7e607b3d29e4a0470905a5b3c7b44e35f1
BUY,0.012929207598291838,12424.582,1767433475,No,0x75faa75eafef76d3ba7c4351e953d2eb7cb3649286e2144c9ff2fca135f2a3ff
SELL,0.007,34.4,1767433467,No,0xb0b2159e3227bfd85f92fa44e668b172aab10c4c3b84ae06f5f702065b555e4d
SELL,0.009,120,1767433393,No,0x2c94523926e04fd6ae8e5a3ac84f08132bbe3a8fd356aa998c5af04dede7ccb1
BUY,0.0115198341162319,10416.816665,1767433377,No,0x206000e281be5e91c9cf9344f12ccee90c4c28e08a826464ca5b957f7b18f7c5
BUY,0.009,2391,1767433375,No,0x2c3d09ee7f2cf7de7e829894de32e9bc86ee6a78aaca064631e65cdbbc0c852b
SELL,0.991,109,1767433359,Yes,0xb8e07fd63b0f5c182f5c3c388289dcdb24b6fec07668326fb1f5b0a5cd83caf7
SELL,0.99,418.63,1767433351,Yes,0xe93cae288635b5cbb5a0e08ee05766d85685a7da6e3cfe5d5421147ce6d0adce
BUY,0.01,2000,1767433351,No,0x304a015b858fa4d69e5a555d60c03051043f0b3e409a7bb1f8b825c7e4494627
SELL,0.9912247636363636,1100,1767433349,Yes,0xbe575ea8dfeacd286904e74b181d3fd8a502e35cbba05e84788080b7ca423f19
SELL,0.007,40,1767433347,No,0x63589f8afa1fa22798d97ab197196a687960c81166ccf33c87bbce5c2c37d7db
SELL,0.992,126.38,1767433343,Yes,0xa802dc259ad52cafc66c68e91d82085d2c5795d007ae63b572896ba8128adbe8
SELL,0.99,63.08,1767433335,Yes,0x26a7b1da8368b2f615ce2103bed02a43e040df27dfcbf50461de0e2c73335f99
SELL,0.01,1241.36,1767433325,No,0x2024c6a477a183f7b98db20e141af04d94d3efff6a6a8f7ee0e444bc0b0afaed
BUY,0.989,400,1767433299,Yes,0x981a1d47561fd4a254547625a71010e503e7c113c7222f10143cd7df540e0f58
BUY,0.988999999987964,83.083909,1767433297,Yes,0xc87666e7a45ee50dd15d2ec36e6d601e2d7e3a83f348bf854f2c57fb1f7996d1
BUY,0.9889999996658769,2.992909,1767433295,Yes,0x43fb50d61dafa86dcc23406fd3e2b37232177a2b047c910b1cefa3068ee20628
BUY,0.98875,400,1767433287,Yes,0xd450b3aec952cb8a54910cf2b67346b2e0795c607147f6514d35e75fa4da3d07
SELL,0.98515236,500,1767433287,Yes,0x51332b92dc67cc38dc3eb4ba3b82dafbf3f72fa97232d6c48d08d73d79e51503
BUY,0.9887456,200,1767433275,Yes,0x2af9375bedc9c1dca5f44efc070471be9ab5c9fee40428e15641f3460d612a01
BUY,0.9879999998419197,25.303583,1767433271,Yes,0x3c23ff9777f3320eea4bdc841da8ae1e69e7a93e0702ead28161f9648910b917
BUY,0.020674594369029138,241.842665,1767433269,No,0x96e19e5638402f26d50f0e80185fdd252dc6160fb84021744b066023abbe1450
BUY,0.027272714132231167,73.333332,1767433257,No,0x519653fa5c361bfd5a847db9d0a6b068a321e4b87f63b6abbb927637c4cd5b14
BUY,0.025309714982237642,3951.052,1767433255,No,0x9080ff441cdd3d40fbbac53c90665dba480107f143fd15cba0c05581b06090dd
BUY,0.02,1655.67,1767433251,No,0x742b35eee68dfe7c088afd12cee87c1513952a3ce7aef532bb4b3e5f5ecb4bd4
SELL,0.006,188.97,1767433249,No,0x472386036ed1aca8e19cc3d35a19100b5473a201059447dfa4158f62ccddf341
BUY,0.019589952900855738,1020.9315,1767433247,No,0x1c31d1f694e6eb7e0b320dac6886737af6f8840081e7b218c431b8daac7c3ecb
BUY,0.018407267608842374,54.326314,1767433239,No,0x4b258c1e2efc3a37be264cabbaf93c24b12ed716eabea9b98f10abfa5608fe7e
BUY,0.01657307794308613,60.338822,1767433239,No,0x5749f6af7a69527cc344cf6fb8fcc8881869093375d2c10c4a3501463b3086e0
BUY,0.01522881291403335,65.665,1767433239,No,0xb12c6c1d4a68e99a8fe4c98eec1a934396a5d8e7cc06f25eb4eecfc22083832f
BUY,0.016830017129928036,59.417646,1767433239,No,0x3a910e8506404feb600c95aa589ee640ad4a5bccbb13074d1647997979aa9d2d
BUY,0.012871716554673182,32.74,1767433231,No,0x785a690621e86ca9fd0fdb498b6661caa86bec6e75951308e04227d3267d468d
SELL,0.010150727259024795,796.14,1767433229,No,0x3cce3ca60fdbb6c44d048d0bf2f61a38ebb330af67442fc93bbe99918c892c42
BUY,0.989944176740111,844.63,1767433229,Yes,0xd46d8a5031462a77cabbb057f0dc945859a6378d0b149d7c78fd5285ca3f8813
BUY,0.9898718846631184,157.2021,1767433229,Yes,0x7b844a7c1fcd53c52602a674810f4eb5c8a597c6d6a6fbf53a5bc17d730bc5e3
SELL,0.011,15.7,1767433227,No,0xc90976e2afa793ffff2957a2719a8b6d8d4698f63f95ba88cd6d231dffb96cc8
SELL,0.01,39.31,1767433227,No,0x915cd3dee4a7f88a73d87892206faeecbf0cba4dc94104c1242424c7dc032dc0
BUY,0.018999981702999325,52.631577,1767433193,No,0xcf875db70c5e1daa48471b40f6a34c145c91d1e0377d649ac939d8bbc3042a52
BUY,0.018567198963504686,53.85842,1767433193,No,0x7d9490b9ba3fffce41934339db34bbf437b4715eb1834d33a24ae38218441cb3
BUY,0.01799998250399951,55.555554,1767433193,No,0xee9b1c0449a6b231d05180c97fcb79e70bd78bcf714cd82ff3e44e7ea6ab200f
BUY,0.01852303196397374,53.986842,1767433191,No,0xed7d2d16e07b7bd9c49998341de60285cabb515adf75f0ab691d23c2aa882444
BUY,0.9896341154090045,63.08,1767433191,Yes,0x62dfce53e8bc9991a34e6c4ea2fa1d1cddaa53363ef717ed6477524bdfe22532
BUY,0.989977793347403,1170.37,1767433181,Yes,0x03e7f354f59068d526b0b6968e163d028048ecfca222a3317b77d9bb688243e3
BUY,0.01905608020649713,7346.7365,1767433171,No,0x6f81f3f7860e2cef105807d48855a0abef82d765b2371b4c947a917b3a350b65
SELL,0.011170884378073863,111.83,1767433169,No,0x441e9f2256743f51cc890fd602d923912fd5cf6ef303f7cb119736bfabf42cd3
BUY,0.9886501,100,1767433163,Yes,0x0ea0a459a6397a510a2e9e4f57d735916a85141b9740bc92d096f951be53f40b
SELL,0.9813616925433196,332.99,1767433149,Yes,0x6b3fa78a45f5dd728b2bd850eda90bbe17f204165cb8ab274d903bf1462a287a
BUY,0.01,200,1767433137,No,0xaa500824e6429b9502fef4ec775f5b9baeb117d2c8c2e3bc67951e63d8cea6f8
SELL,0.004078395642485764,1009.75,1767433131,No,0x3785460015ddc5d169a81e7fb4483635907272696d4aa94430a45cea64db9409
BUY,0.01,206.49,1767433129,No,0xdd0ecc016b805e4e64d77c88dd42c2ff59c26e7d37c5edb18b8219fce0034b19
SELL,0.981,90.9,1767433115,Yes,0x2e21edc828458bcb10681c2c3e2c3637dfa07dcfca53f96378440d7f796d5007
SELL,0.981,19.99,1767433113,Yes,0xe9e6c4008f94eece53a34a4bf60862dcb346e076e6466c2248567a32fe7ddf7e
BUY,0.019806843660621617,1009.752,1767433087,No,0x2e58dd9ff001557f7b6a0b500fd79a064e6391042a92a03481963b302eacc5ac
BUY,0.009963275366997247,501.843,1767433083,No,0x38d413875c66873851200bc8603a5167ecf439493072f2f181cc031073011258
BUY,0.99,4,1767433065,Yes,0xa87a0d569c25560b3fe15e3c995c1592a7c68250b03a677d5636fe0efb6442e4
BUY,0.99,6,1767433061,Yes,0x7955ee52e41f8d05deb9c957f09d1a7681f8667e175e8282c1e2e0f8e0fdc0c5
BUY,0.0194,200,1767433057,No,0x825f012450c8e9842a1070ed7ba842aa0696ee9f6c750943001e20b3d775c706
BUY,0.99,5.49,1767433057,Yes,0x363e6e300cd2d192ad46509bbe6d2a249bc5a80524b17b8a8be13f352302b5c2
BUY,0.9899881496942329,1025.29,1767433055,Yes,0xb65b824a2f6c7efb2a0cae42e7cc728c3836544eb8b328f10a0bafc77b9d9e3a
BUY,0.9888092712550607,247,1767433051,Yes,0x846a959d61d96703bc048a6d09c3b9d23b35da1f02cf1ade885b70e61a9000fa
BUY,0.01725658080211596,5794.890665,1767433029,No,0x52cf319b4d750d73888e4f00d9646f2766549e2c6c28a7bdd763e31d49250211
BUY,0.009867324180998166,403.54,1767433015,No,0x063f94e6c28a39f04783b38fe9b59b2f1fda760b79a3e3c4aff837b06e0aeb24
BUY,0.9939999998177815,10.975833,1767433005,Yes,0x4e72e7b1c450d6c68487b5edfdb5200a304918dad0539bcf4498d69f03bcc734
BUY,0.9939999998177815,21.951666,1767432999,Yes,0x33e1f1b955e85ad789b14f7c43012a7e0b1e1670737d5f289c42ce2b3e69f394
BUY,0.01799998250399951,55.555554,1767432995,No,0x13e5b8671a67033893ea7a279153c4be9147710c2c5168a70adade011782c1fa
BUY,0.9895891087014763,709.19,1767432989,Yes,0xef6510c6476038143c72e6a2669a4041f0b55b8631d454c182b5bc2ff4c0f055
BUY,0.018000000180000003,111.11111,1767432987,No,0x632c9ff6bf079042ff1f22f8ac9503c9f972d0d8489c1a774434b42729e25a10
SELL,0.99,48.05,1767432963,Yes,0x8328ce8f8631be6f91070fb76b97991b55bb4938bc895ddc8f367efc3ed765fb
SELL,0.99,503.95,1767432959,Yes,0x234db1f5d432bd5306856a3b721c391d289670cba74e7556b5a6b12f655071f6
BUY,0.01,100,1767432955,No,0x0b52db8b0c4efa6a1ba4ea5c8c0020eff2b425a099de8d61863c95aaff39a115
BUY,0.012531642397052558,1595.96,1767432937,No,0x8cf1d04fa9a6412d092afab27e80533866837bd62cc405121976a35e5ff3c58d
BUY,0.0088523,100,1767432903,No,0x40341d8fecf04342675e2ccc069dfab2b2876707b7af44e7605d87224da138e7
BUY,0.998,3.3565,1767432901,Yes,0xaca98227f8acd3031af0633d786fadca846734e7d0d6f6d543abfecca6936087
SELL,0.9800424844673291,526.31,1767432895,Yes,0x1703217391ec1b210feb74b949af877a2b8ad7e355515734c9b6e0294347135a
BUY,0.9896651728553137,15.62,1767432893,Yes,0xfea7503dd4c4e0e3862b76b8afec4056c64fd11cea91fde9a7d4924667fdee2e
BUY,0.9892130440105282,326.74,1767432889,Yes,0xee0c3c3c2b6daf859a39930894c6620eac518d455eb664ffe1d69f8b0da54aee
BUY,0.9898691878487291,112.91,1767432885,Yes,0x8eed98d481eb9a8fa9959a7fe0c505954822af7b454adcd3bac6723034d62cf5
BUY,0.004080338266384778,42.57,1767432873,No,0x4dafb46ad38c2c32a244af3191462a599a9239318458279f11e138e720072d4f
BUY,0.99,578.07,1767432857,Yes,0x04858b7048733436342c32a6273011146deac641dcbe4b7b7c30bda1bfc20c1d
SELL,0.01,12,1767432857,No,0xaad6f124cad475b4c2b969ee8015a3ce01c971a5a13d6c6bde2b12ae5a7f425a
BUY,0.99,880.98,1767432853,Yes,0xdbf7994c1875a4bb7fc3a18f9ac890076975fb02ff7d1acb60a7cb770b472f02
BUY,0.02981,1000,1767432849,No,0x777498d3e813dd209f5465f28f9efc44fb9a2e9202d21819570456ae4d47aaae
SELL,0.98,12,1767432847,Yes,0x34d7225586b254e15c6ee84be18c229786acefef5093c3e9bc5f927bad3e642b
SELL,0.9703700909090909,1100,1767432847,Yes,0xeed9f4c5eee94994d4355ca29b2f120f5300c6b953a80cd8371a29bd02050042
SELL,0.01,700,1767432845,No,0xbbbc5ba946456202820d24ba48a98570aa35c496a36ac3222bd95cddb7c96d6b
BUY,0.99,1.0101,1767432845,Yes,0xc8b7fbd0e2515ee70d9beec4b87f101fdc3b3270ca261e2242e4cf8516cdb10a
BUY,0.98,83,1767432843,Yes,0x665a01623dd8b49d77165fc197d5be1aa8036840290e590a91e7bca2eebd8229
BUY,0.99,10,1767432835,Yes,0xbbc4d2767edde64090c770adc11c4a8785f10c7e5ebf96ef9278b13dcfa3a50e
BUY,0.02,17,1767432835,No,0x3deb7dbeacdfbd8750fc79c2d7f0fb894d33ce0d78a02d0fb9cd57ed717a2169
BUY,0.99,10,1767432833,Yes,0xf8dee6e88e39fafb6789575fcf9d7d9c95e066256f532b4d315a6c78d3def9a7
BUY,0.99,8,1767432833,Yes,0xa736b84b7a320d7f90d54b0ffb3b7e2097aede38ae608ede6fccf3e431a6c2e6
BUY,0.021045245250947895,475.166665,1767432825,No,0x1bf83aa528438ed1a9b7fbbb7bc6813e20668ce453dfbc303f083d5a12b53db1
BUY,0.99,50,1767432817,Yes,0x12b351ee83dfd67c3722dac47c7dbc8cbeb5cd103b9b0783feda5aa6a60dd9c1
BUY,0.01,150,1767432813,No,0x1bf39b202c8330189a782430924fc5265f856193b2d3eb67eae0b2807338c2d8
SELL,0.01,400,1767432813,No,0xc4983b73f00619725af8c6c84a2718fbefc77694856a2f0cac95ac75bf0f7814
SELL,0.97,16,1767432807,Yes,0x6ef77ef5d49dcde5f9a5445b489c254ebfc86090438fdf64a73fa4962f8a5284
BUY,0.03079054730197829,32.4775,1767432803,No,0x26c28a29d825cd0264bf397de7bf3b28af493550c9f8ad9c362064316a0c1b59
BUY,0.029999981612902633,51.666665,1767432803,No,0x97e7786eeaf4c414f6137a3ec7e2c6948714ed7cc983c151824a6fe0b505334f
BUY,0.021739130434782608,46,1767432801,No,0x6387e56b010dc98194fe1c04915cfee7853e65d71d7f4f4c9b243444a4b12dbf
BUY,0.026351250187153764,66.79,1767432801,No,0xfe111c8571cc635bd629be12912000c9fcca83ec4bf099c559b42539a2bce7bc
BUY,0.9899942370014735,25802.54,1767432795,Yes,0x38ce120319014366212e84073c6eece46eeb0548f2e6104b0cb244e55f5b1e23
BUY,0.98,6.1224,1767432791,Yes,0xf1db3e9b99823b1e11833b6a41976eda707c7b6affc2f22c6695e52ecbb423cc
BUY,0.98,953.37,1767432789,Yes,0xb8810b08faabf89f27cdd15d65a72209c15689236548a7011a545e55567e8275
BUY,0.02,81.63,1767432785,No,0x093fa0d8fb74cd4d7713e6751e6642bd28d5c782ba75c13b99d4d507b8e482a0
SELL,0.01,250,1767432781,No,0x9673e6a018f654a09abd62e8c5ddba092e65b49de0e1a54ddf1790180c466970
BUY,0.02,200,1767432779,No,0x36709ae29b16d09872c1e6d008b2436b61d1033675e220b95b36ce382f45f841
SELL,0.026374111301789654,122.37,1767432775,No,0xb5840cb5008c443517b597f4324144b8ea770e8561fc754df7d5a5f15c9f5329
SELL,0.04,100,1767432775,No,0xce30035faf491cabe3cc07d7f140ee5550eb2e594e580ed9913a4c0ccbd09809
BUY,0.04,2192,1767432771,No,0xc724ee1d6a205c572d949cbb6d56855847ff87046e5d980586e924b6ad45c979
BUY,0.97,22,1767432771,Yes,0x919d529f5cd8dba8127e52f3c2381e27fcbd09dee883574099cfdc94b6885d12
BUY,0.98,7910.45,1767432767,Yes,0x642f09b8a0ffeeb6f7ae9e434c931e5e2fa832aba8c8fb6b506ce4eb8ade080c
SELL,0.97,580,1767432755,Yes,0x63a4b57df9f1ead014b355353298fc248d85c43da8d129b7d0225e4d0990e237
BUY,0.98,174.5612,1767432753,Yes,0xfe307c72d59b0cdd3c19f3430138b7c4c12f99ed20927cd7fc2fbf072debcd82
BUY,0.98,8.41835,1767432749,Yes,0xa000c43710c97073ec5822e973ab54096b97cc605af1de22a3b7b1a5c6253526
BUY,0.03,100,1767432749,No,0xc595b9e462028766e333fa7baaa6bed22c13e288f480425468dd4ec40fdaf053
BUY,0.98,1750,1767432745,Yes,0x4c5031ce6bdaccc999b83d5433fc2e2f10e184ba6151077e18fdeed9b593bd2d
BUY,0.98,1.0204,1767432741,Yes,0xff9e2085294064617271b0ef5a86e1e4765e902b9aa2410fa236acb1c453a000
BUY,0.04,1066,1767432741,No,0x19ef23caaf279e81fd7564b880f1d4bf292b7c46b2c4881c6f0fdd3ddbfec0db
BUY,0.98,41.1122,1767432725,Yes,0x6cad15a4286cb7175a07948be9e41d2105d49b48a87793c2d2f5e972e63cd344
SELL,0.9563855421686747,25.73,1767432721,Yes,0x1d2c143e674d88982407df559483d24271465cbb98ee56b1cff98df810575266
BUY,0.98,590.0714,1767432715,Yes,0x069aea2e3c66df250cc49fc15383231170338d76b501a270e48ae976b69aee6f
BUY,0.9630851063829787,94,1767432715,Yes,0x22e2bf97a004a731486e0b06b6399ef0668449af67d60f0841ccdb4cb0e2af0e
SELL,0.95,3.27,1767432713,Yes,0x5816b359cb5c1b9c428700f48f8935c6bd479f43665dfe21faa3996266a79037
BUY,0.039832171201170455,10129.37,1767432709,No,0x75f24aee1bf9e71d7f13e6def4c6e0c9bab51ef2f29244eb20f0b2e16c2780e2
BUY,0.03,100,1767432705,No,0x3b7f728e455fdc9e73309f1a3c985000bebc2a5d185cb6df11f520e0e800bd61
BUY,0.034063,100,1767432691,No,0x22e3d5b3c13ed2dab0c6d6c76cb87621407bb2040cbe804fd96d27bcf916d0c7
BUY,0.98,1.0204,1767432689,Yes,0x5ed11c105d83ebbdccd0e4a75ee46796b0a74f8dd5b35560805d11abf9268d47
BUY,0.98,5,1767432687,Yes,0xf7d265e1904a73183fcb2ee816a293e317c69d4cfb3787361f25a1d6dd02e456
BUY,0.98,5,1767432687,Yes,0x7c356277686daa6c98ea08b4a0672ea4f8ef2eb8c5cf74a8471bc47ff082008b
BUY,0.98,10.3,1767432675,Yes,0x9341caf2ff6b8ad4b924529079703209b6ea3e99bd7138e82e2135459fa0386a
BUY,0.98,5030.81,1767432669,Yes,0xcde7d40de409deefc6e976272e3fce30bc67100cfc4e1877c4c18ca3a91cc78b
SELL,0.97,126,1767432653,Yes,0x8b07b1193d65a59d46cf92ded475ebc3e3ce6b7de72a93d2d0ae0072c7d20666
BUY,0.9740661373780594,372.438774,1767432651,Yes,0x3418207d4d8f7e7c40e50271f882a197f89dcd10f5d2d3cbc17567aa5a864256
BUY,0.97,1870,1767432635,Yes,0x8c90c6008cf0c5b97b2b2e06c3e31544549206aeaaf65880345c219511b0e9c1
BUY,0.05,100,1767432633,No,0x081a54ec72821d48a0cefa8c35b90fd369fdebce541960c329d62372895a8f14
BUY,0.97,200,1767432621,Yes,0xc22e29a300b289229d6fa535accd69504d7ba32fceba00c048d674de33ecbf9e
BUY,0.04,142,1767432617,No,0xba6aefbd98b9b70114024b7aab722c8fefa2825ed9a4fd301fbce94c778baa5b
BUY,0.05,34.4,1767432609,No,0x29402446b1ed78b76e509f1080e29fd9b6b38f661e6291d6e3a6d6fc4b351285
SELL,0.02,291.24,1767432609,No,0x0c5b870bc912b89252c4864154f3c8c4d7a2f11f322ca190eaf59a7d44f7f2ac
BUY,0.98,587.7551,1767432605,Yes,0x6182322df0f0a304af32d4de9df5480e9560a8d89e1fd89e9dfd0e14d588ca0d
BUY,0.97,47.77,1767432603,Yes,0x852fd1d07e2503c78cdf4b850cfce20a207c9abc49fda478e52dc30d31d0d126
BUY,0.04,4140.77,1767432595,No,0xeac0a2ccc3d3bdb8af456d3b0a2edd4a1224baa54aa5ab40624dcaeac8967a36
BUY,0.04,200,1767432587,No,0x544660c1ccfe1ee935ad2edd802536d7c4c9fe2815115a7e4e2b3d705f364761
SELL,0.96,100,1767432585,Yes,0x24724d1aafb5714be493c4e1fed9e062ba8d6eb7bb8d952030cc2fd5243678f6
SELL,0.02,17.15,1767432563,No,0xbd17c05b725391bd36343bc466c47aaa4773c21522ae094bbf8ed832b303006b
BUY,0.04,200,1767432543,No,0xda0c44cd7e9d6bcba5a6b0e836ae42c2cf556319925674ab6062160c7a5bc7f7
BUY,0.04,200,1767432543,No,0x388e95893f7f7015767714bc32aa011c16073c465147029369a32beb1e92df49
SELL,0.96,90.9,1767432541,Yes,0x121f1bd48d6cffb402fcf1412351e22225556a6476c0710bcccbc956ff8bb926
BUY,0.04,79.25,1767432539,No,0x3547453704c3a808a278a3ecfaaa39f32bbaa426248f9162eae637c46d8da4f0
BUY,0.9799996385811809,1.438774,1767432537,Yes,0xe4f3c26f8649342feca80dbc4d7f668b5079afcfe0258068b17fa9d66d331c86
SELL,0.02,232,1767432535,No,0xe7d1ecb4949304f343ec9a31e40a7318811cb11df7c92548f8844d90cdf7b076
BUY,0.04,51.92,1767432525,No,0x8d37a56af97e00f207c901b7eec3fb68ff52364835c6b0065aea70af10b27dc7
BUY,0.98,100,1767432521,Yes,0xf8bc7d667c5efc9fe8db33ce3177571cbb550125e5f8cb6bcd88eb18fc357550
BUY,0.98,1.0204,1767432511,Yes,0x03842c9266e9abc437fa5b49516b8aa7d5d18a9c67dc40135b12ad45f4a8ea9b
BUY,0.98,11.22445,1767432511,Yes,0xb9220c1c54375844ca6238eb17e63ff8016f7e7cd50866c4ff8ebebe19dc6086
BUY,0.98,6.1224,1767432511,Yes,0x708158118ca6b66c30bc3074dc83f48d2cfeed3d387fc303a2102248da949a8d
BUY,0.98,4.89795,1767432509,Yes,0xbc01cfbaa9c51c6886e448d4232f120ec06d573487c70643679484665e9a2e5b
BUY,0.98,1.0204,1767432509,Yes,0xb6053ccca66447a12de85d970bc3fb2db19cbbe017b81d6eb4154879143fec42
BUY,0.98,4.89795,1767432507,Yes,0x3bf82d5b10603b51ced34df9f1d2df762ddcda236f4e3c23b13450ed1362c145
BUY,0.98,3.64285,1767432507,Yes,0xf5f277bea57738eb35dbaeccb432db03e250249c72eff31a8bcddcb53f427a42
BUY,0.04,28.67,1767432505,No,0x316cddd029630d9488d9d4766242cfedb59a3d8c0562b446258ef6e91514f20d
BUY,0.98,57.3673,1767432501,Yes,0x29a4121d8faa0e72e774e394906610ac9bdec46afb5780c7f232efe4296c195a
BUY,0.04,31.25,1767432499,No,0x880061bdb246e7411a66029e3cafbb1e8dba96fdb60ac81053f305e659001931
BUY,0.04,25,1767432499,No,0x15b68e33ecfe994bd13d7de45ee759c55be54ac8fd4b3a4ebc27dffb92f80b0f
BUY,0.031033527292878914,36.09,1767432499,No,0x313e28d32520c32c8ead1fd86e4c66c8d04fc230bb99a13ab1a9ca54f525a41e
BUY,0.04,25,1767432499,No,0x71a7bc812cd93c452d376c2b5e041b349772ceec2b8f01dd7004f1508f225505
BUY,0.0389323409187969,327.82,1767432491,No,0x2bc548ea8ba4f5644752be4c31ed37976a7533362eed04a0e3f9b232759709a7
BUY,0.03,4419.14,1767432489,No,0xff3458c4489d3a0d37c12579762ca717b8a7051f2a6ec06e26130ab3bca801c3
SELL,0.02,653.3,1767432487,No,0x222970945d2ea6da6164c3fc372c539104439f8ba6a6d5e6ffb76a6810296827
BUY,0.98,5.102,1767432467,Yes,0x28cba6d13d732a939c36c15b4327797d760828a5b5cc60897f051568042267a3
BUY,0.98,1.0204,1767432451,Yes,0x2bbf74761ef00a3ec6f68cfdf9904db70c8af3bd51648ddea59ab1559ea0896b
SELL,0.9681794538361509,7.69,1767432451,Yes,0x9e96076406facccde8188c7c09b783e26fb1c68758c89cdee4298480e845f079
BUY,0.97,6.64,1767432439,Yes,0x63b7de5a1d783b5ea031590ec43b999f0fbc5cc86c0173bb3424465194743c3c
SELL,0.03,6.99,1767432433,No,0x68b67bc0be41581837fba6b90a9be01658373a023fcdc1148006aa77592e0d73
BUY,0.98,11.22445,1767432423,Yes,0x58e242375679bccfaf144d0cb3505a158675a1cff8453d7ca3eec32d12286d78
BUY,0.9645938402447283,12611.54,1767432415,Yes,0x4a374e9da401a761253f063a4c34a35553a6db3769b9246b59a27d79d32e0ae7
BUY,0.07,56.38,1767432407,No,0xb86b7258509b44a66b3e369c6346c4774cd85056e611196ab95199b2d18bfffe
BUY,0.92,60.38,1767432405,Yes,0xad827ed1db593cf5004e7c7e55a038802ce78b8ae685bfa5d9bf09bec3e0fc30
BUY,0.08,39.62,1767432405,No,0x15b794f47843adfcde31907e01435f6d6055688740be22dd8a89b645979f2477
BUY,0.9496951795697155,3280.62,1767432399,Yes,0xcf2ad20ca7c46a0371c3bd27afc3654469b3e53c61de4391af57434a21900ca9
BUY,0.92,39.62,1767432395,Yes,0x98159b74d0106ceb419a8355cad709e11d4036073a88005b8f257c025a9efda1
SELL,0.08,60.38,1767432389,No,0x9844f4cb477a832d341a6da726ca634feb05954991ac40a13d9450ad21d4c1aa
BUY,0.9492158831553602,6055.22,1767432385,Yes,0x874ee951c797a3526046d4b73a4aeee8841f021915a8b31bbade855346283c16
BUY,0.94,700,1767432377,Yes,0xb7adc890c27cbf8ec809d26d8792eebe6525f476e3ffdacbbd44d54c3c286355
SELL,0.06,400,1767432373,No,0x6bd2a0c0a7ae0b39ea7a2780d5d62f44c6fc19dcd22667d57e6a7a371a8f7a76
BUY,0.9399999999624,531.914883,1767432373,Yes,0x6ab8c8233f91266dffe187f2a79be2fdac454aac173795c74913b0522ad6406d
BUY,0.9399999994582131,36.914883,1767432373,Yes,0xc8a98d5574255b5c00ddcef516ab95ff1d5a25ac987ea1a39ee9d148102622f0
BUY,0.9399999962399888,5.319133,1767432373,Yes,0xec801656f3ec7e95ffb5781f154ecf3977a050abee86fbb5a9057981ad26286c
BUY,0.9399999990599994,21.276583,1767432367,Yes,0x4ff9ab82ad14f20d278e12d80d5d13958fe99772e386ea2b29d95f37ff6b1514
BUY,0.0944069504281987,1329.99,1767432359,No,0x8de465d7f87bb8f614d10a8b96c3d10a00b66ae63f0cccf0fabdb37f6e2ef168
BUY,0.1,3.88,1767432357,No,0x9d2ce037999932713312aed0a877da118b900e3fa082203eee7cfca2eb32e560
SELL,0.08123048094940662,16.01,1767432357,No,0xabbe94408d75827da791316a15655b5f79cb32b309b9f0dd7316fba777b47bae
BUY,0.1,10,1767432355,No,0x1240c5bbaafc348511df533a0518ffd66f09b9eaab8b7d6e8d224d326b026273
SELL,0.05,100,1767432355,No,0x10bde86042125e8cd7c94ba588e76169ce9007dcf1a29db408ea792c96c40f75
SELL,0.05,5.81,1767432353,No,0x411579f7c971a38cb280e9df4e3ef7eb8391a83da3649c51611b7438c409b799
BUY,0.95,4210.5263,1767432353,Yes,0x49f06f10dde70b992bb45ef036a526fcbcb6bc7cc60acdf5eec71cf91f62822d
BUY,0.9499999853491954,47.778946,1767432351,Yes,0xf310f1bb220ebc68766a1c72440e4e2ce36d1e9ddfa6dcafae24dcff652d6821
SELL,0.91,40,1767432351,Yes,0xe486923c63e58f11d903a218eec4498ec42617f98bf5df6d33c78bf69b342376
SELL,0.93,5.2,1767432337,Yes,0x08b6d52aaff63392e6d356eb0e600d0b4a18676a3dd08def9ce5ce760f358cc7
BUY,0.07,265.9,1767432331,No,0x3505f918c0fd9106b37e42ea03bf3c1e36505decd29be4f85c13826ce7741fa5
BUY,0.93,5.1,1767432327,Yes,0x54c51c9a03a700fab52cd7121030eebe4c244cfa01d3131ba662942bf1107b31
SELL,0.82,11.11,1767432327,Yes,0x763c63b4976940bee4a759607fe43bb9122fab8f523d9b3790beacd4d1dd5549
BUY,0.17,6.39,1767432323,No,0x9a51586bd45e0b65c6ff273b5c7922c5d5d2fc9561ba915a41fd125b252de5d8
BUY,0.9499999987863098,782.736841,1767432323,Yes,0x24c358b4614624ba7c5ee57de6c36bfa40b6a917567683e4bc98d36e53cd41fa
BUY,0.94,58.49,1767432317,Yes,0x04a66b48e011bc30699815e6ec68e3355c5a16e8725bcf72168af651433dfc3a
BUY,0.9318463435648731,858.510637,1767432309,Yes,0xb314bfa2b3e51ec157cd1051c20bfa4ac7af90f5268c50eea2f684737543398c
SELL,0.07,1760.22,1767432301,No,0xcb29124d2a58e665527eeffb864afee884a214d5dd34d1ca9ba718b91bd08b51
BUY,0.92950825,4000,1767432295,Yes,0x2e245fad1ef75529ec546e5a025ca50c57018723c0f18e331adf6dcc707d18b4
BUY,0.92,9.7826,1767432295,Yes,0xe14a1811e27653d42d04b15ce402de4841b2e00bdc92114117e59e2de6be5807
BUY,0.23,76.69,1767432285,No,0x516944b523c2c1601aa29ac685bd4dd5f0d8bf88adfdd05267eaa85eca7d5755
SELL,0.24239275350952866,510.04,1767432279,No,0xc18af2f297660016c00ca646d5c477a4fb59abaf5ceb56ced1b40860f983a3cc
BUY,0.54,1.85185,1767432277,No,0x9bba8b502e7881fb2e2bf4276fdddfe36fb1d99239ad02c8c40b2c7e46772478
BUY,0.48,10,1767432277,Yes,0xe8a6f107218a4a8bb77cf888904f61e42d0f1706558fb42f5e0ca257f5fddd29
BUY,0.7349963489335378,125.4428,1767432275,Yes,0x1774002faa2840bf5268da0712b58900ee5ace83d815c4e6a6af6f406ee9b37a
SELL,0.25,100,1767432275,No,0x7149b51b495155f37ac3421c062c5328a4ff645af94b87bf6d1e8567b18f0798
BUY,0.5314893617021277,235,1767432273,No,0x2b004c364a890839fe452f7b7a24b84f4d567d46e9c893823839940e1315ec5e
BUY,0.52,6.49,1767432273,No,0x4b4d5e462cd6b0253e41cb682576b473c2f798263517bbc72bf3ffac93f857ca
BUY,0.77,500,1767432271,Yes,0xb9e2e0280c3596c0d41cc3cbdc5cd24e7501b568d97dbe9b10c8d5c44cb415f1
BUY,0.52,6.46,1767432257,No,0x45b2d53ba8fe78db62d41630e58b529e176ee7a578e025d8bc895f1fb379b4e0
BUY,0.88,200,1767432255,Yes,0x9adf9513f4fb2882fa310b27f36134271e6e8393a9fb1a3b157512c9a42a5886
SELL,0.11,2213.45,1767432241,No,0xa8926c63c4d4adc43858eedea67a0f0e20f41bb283de0d2c220fd6d4d2a0f020
BUY,0.888209724450891,562.930109,1767432233,Yes,0x102310f3d5549bec24dae579f2a081fcf11cddaf6805e91700532ef4d54d9eec
BUY,0.8637073000571498,8104.597469,1767432229,Yes,0xeb6ee88093b7bf2c9af27cc2c977cae052636f4ad07d3e848f83bace158f4d49
BUY,0.94,11.46,1767432191,Yes,0x4bc3762d5a81a7586342b7e6e866bde52aea21da91fabd7749d92f2f4d4b36af
BUY,0.92,100,1767432179,Yes,0x51ff38bf7ac411a7fac6d12527ef8913cf89f442b67d50686c8222cb43d95c81
BUY,0.9,509,1767432177,Yes,0xf9ac1e34cd9fae056ebf9c42d69900e714e52a8c7b78ca1d28cf25bc326fc22b
BUY,0.25,35.31,1767432167,Yes,0xa2fdb9f361e3970abde2dade43103d25e2e2f1f8e5f4aaa774f3d507bdf0b0e8
BUY,0.39885002278223686,285.31,1767432167,Yes,0x1512a5c5146a4368046ca0d159dab47c9cd15ed198abea46ad6fc001cb6f28e0
BUY,0.6267942656702761,262.28,1767432167,Yes,0x94286930e3e2e73c8769beca10abc527ae5578f1bf01eb2a2cbba175bc0537cd
BUY,0.2906852912239602,34.401462,1767432135,Yes,0x248fc196819e352f9df67f95820006f9b7fce1c3d7a968fd6b50f1f74bb7dfbf
BUY,0.26,2005,1767432115,Yes,0x53a647fd73629b0466d60bb8c6f7176095dffa374fe769e30cf2528bf5af7cb1
BUY,0.22033851660655987,1111.91,1767432113,Yes,0x85b3fdc43c83998f715632d8be57659103a9399b4b4c70e805aa8b3ebda1281c
BUY,0.16,1377.22,1767432113,Yes,0xd279166d943c61baa4674acebbf9706ff82701f177227490d82a617a15cc488f
BUY,0.16382942978555193,404.76,1767432111,Yes,0xe9379e7577399b1332dc16893552ce1964ae772f663cdbcc3d992a812b2aae36
BUY,0.14388934764657307,6055,1767432107,Yes,0x53bcfeb1debe4d24cf810d851d22c53cd337b1defdb0749c1abd6c86d290dcbd
BUY,0.11503869307438339,13184.53,1767432107,Yes,0xc7707edb15afcadec1592faf09973d8c75a0852a69dd4cbf99b58f5a6fa31024
BUY,0.909999999834395,60.384611,1767432085,No,0x3e7f8eb9e78dd8ebd78eefb243c5fd959bd3c96f2b32cd682e8fae6ef8457158
BUY,0.1,16,1767432067,Yes,0xed69af3ff74567c8e9ab2e8537589a66bfd6fb930b4f8af7e9dfb25bd3348e5c
BUY,0.91,1.0989,1767431995,No,0x51bc8ae7e0a09449518fb618beb5e01d1e51517973003c4cbcc545575a9e911e
BUY,0.1,109,1767431993,Yes,0xb58eee79ac9257b9d94292d33b4bd257b75d044a4168fe94a6f015b8696c604a
SELL,0.09,58,1767431987,Yes,0x575f7a5f23366f152092f9a1ef7064fa99536e37de318660b4d536133b306733
SELL,0.09,2500,1767431973,Yes,0xa8e2bbcf4b460fc40809fe2bc064f70c42bfb35b77c5e08094f721c063cb8437
BUY,0.1,10,1767431961,Yes,0xc0ec06f00800db525a2306759f02c1e762478b42519741f1c6de1959f27315ee
BUY,0.1,100,1767431953,Yes,0xaccb59b0fbd5c2e3d48fa3ed3aea64e71171bcf727c072707e66be032270a1a5
SELL,0.09,164.09,1767431907,Yes,0xbfe303e7597154a44959d643c296b7ae01e2485ab219608ac05e4ea00a8d638b
BUY,0.1,100,1767431887,Yes,0xfe5d3859a0524301be94fda75c40bbc00d2079dedaa8619e6c9051622b117e5c
BUY,0.91,100,1767431885,No,0x2c9d7384b20b5ad9bff712c150db15e12d7131618aa5297312c958f876f7d08f
BUY,0.1,40,1767431853,Yes,0xbc2eb110815e970aede688d6103f4af69e57ffa1181fd424462e37150111a0f7
BUY,0.9099999766666433,2.142855,1767431767,No,0xc4009070341a2cc439fc53c3518d67c6bb306e66ede1ee13334f110974704f72
BUY,0.09,8.56,1767431763,Yes,0x9d61e19a6f0d9c779c83850d7865d1981d57a94020387c91690de0c4f8fe2880
BUY,0.92,434.7826,1767431761,No,0x0c79930fa5ce36affd37b684372391b535c31a8fdff1677f1d69a6f4431cc62c
BUY,0.92,2.75,1767431761,No,0xbe4f0207ab1b579bb80e123bf4074e7150e31b358be3a2082870ff764a793829
BUY,0.0899999189999919,11.11111,1767431755,Yes,0xd585dc2ad17afe2322b51d35ff8eb3944dbb20a85b7683c1ee68e07e1133be4a
BUY,0.91,2176.82,1767431755,No,0x0d18de3e2899bef7f296a807efe8186bf53c23cb74ef37b16a9974d7b522bb3f
BUY,0.91,1.0989,1767431753,No,0x65c313a9fef4ef5ee0c6122df8e3de22ab266ed5d361a165aed94c779169398f
BUY,0.9099999994814814,38.571422,1767431751,No,0x73cc331cc5d3551e21f90478cec86b26bada1c65df0c88356d07128f48e6eb4c
BUY,0.1,5842.29,1767431739,Yes,0x8c9544f56e44cf61a5462c26f7b3a7417eabc43491ad025b27dbf73da1a80063
BUY,0.91,5.4945,1767431707,No,0xb24281ca7d828715c821afb3260a3eff3e74f5aaf703cb0c5e51e825c8ae959e
SELL,0.09,20,1767431707,Yes,0xffd6909dfd19dcfae5c467607092fc272b3c086855f52a4c0498d66db2ee56e1
BUY,0.09,13,1767431603,Yes,0x3a403dd16f4ef547968dc5e440f127fa149f1b325f8b4023bf1dc0083ccecc30
BUY,0.92,10.98,1767431533,No,0x2992ee63eced2f75b3a0432bbadc4f073cb7c7ea8d5a668b25a24098b10d2280
BUY,0.92,4.8913,1767431515,No,0xe9bb3ea25dfe2cde2726a5d4428d62194d488a0df74152a3f3fc9c3bfc358a12
BUY,0.92,106.68,1767431511,No,0x88bf0f4e85a83d6d0104bc9ae4701fc43d7a0441b26eb1011e914c1e9553a2e6
BUY,0.1,25,1767431505,Yes,0x2478b279e97a28e7522aa1470220bbf0e9878a47c4a6aa5e50ff286881c866b3
BUY,0.91,2250.69,1767431503,No,0x37a9b0ff5b0b6958a9c0ef53b05f914ed2235ebe939f64243629fc7ec8713b76
SELL,0.09,66.66,1767431481,Yes,0x686871305a49bc6385a52923e487025557dc22f8aacd1d892aa4c484e62177d1
BUY,0.9099999714508805,2.802188,1767431441,No,0xac95423122d23f6add9f81d904b0637943750f0086fe30a5afb7fed3586129a1
BUY,0.9099999994944442,19.780211,1767431365,No,0x87c0265bda0a5d4a6e996b0102a19039cf17c1c4fd9cfc59708324bd030a574f
BUY,0.1,100,1767431355,Yes,0x150459862612a33ecc196d8e4cb34eb0356764d8c519da9beb7cd3e7247302e0
BUY,0.91,2.1978,1767431333,No,0xf53e7b8add3065b1d4844a0ab2a6fea210f7097213cc512be8a59f0cb7a4c907
BUY,0.9099999994052287,134.505488,1767431331,No,0xcf0bd523110d6f78cac28f9abd9257742c325de5d92fb26662081492314dde6e
BUY,0.9,680,1767431321,No,0x806285f604b2ab52b17da229c2b2da62889963dd9b4f75aa58df6b3335c16a6a
BUY,0.10999997662499912,36.363635,1767431287,Yes,0x4cabc639de134c9ae9cd73e4294c3649628d6f87d40e712fc27202b5f11380d5
BUY,0.10999992758332067,10.909089,1767431249,Yes,0x07d1a91a38762d3761ab2f1ea70df425db121f5ce574605f63f205618641e7a4
BUY,0.10999993986665946,13.636362,1767431159,Yes,0xa7e9f4274a71b55f96e9aa08380eb1bbbd47ea988c1f43c940932a341287e37e
BUY,0.10999997018691468,29.181817,1767431153,Yes,0x5a9e8523e6e5d5db53f4016410f7ff4c7630757c740860fdd197ac79af3785ce
BUY,0.9,200,1767431151,No,0x418467210a0a011fc11309b2dc8b17ee56a88b0f63b899b1b47983d38a1bb5fb
BUY,0.9,1000,1767431141,No,0xbd3d3643f278942ac5912e6301764ef40581a674f4fb295ddcb0635227e8e66b
BUY,0.9,11.23,1767430971,No,0x5e1a0f8ff16e258683ddfa44cb0988d940e5a5ec9244441f5b34b07f30c5bd23
BUY,0.9,20,1767430963,No,0xbd9559d06cb389e18632439924aefafd0a543c0d271a9b54f7d20a0681393f45
BUY,0.9,109.08,1767430879,No,0x6e19e9bf90a4be5712727cdda736c70df43d4336b4ac9d3cdc75baafa1d693be
BUY,0.11,2247.18,1767430869,Yes,0xe2fceefbc3ef0cecd5fdde0500d4853cf3000248c85787f4c885f83a5449f62c
BUY,0.9,8.82,1767430849,No,0xf5acb7b2ed0cfb4a3948c6d6c0e5e9e6ba5630edb6ac7848e46ee606b62f3e90
BUY,0.9,5.42,1767430837,No,0x349bd9c05da0a0583796e07f6d5744b32697d2e11e426058608ba769b327c189
BUY,0.10999999130999982,90.909089,1767430835,Yes,0xd1d1b03eb7e468554d0f605b7b29def201c4cd548dec55dc3dae914888388dad
BUY,0.10999999130999982,90.909089,1767430823,Yes,0x24264ac6f4aeb8926a646950ed9788dbd3143e6f0417bd93e924c0a4b1d79b91
BUY,0.9,93.6,1767430823,No,0x1257cfc47eae713fe43e9d1728e3cef497149263d972c1ac3d44c722a8cc174d
BUY,0.9,11.11111,1767430815,No,0x492028040d3cbb702aa7c1c1529cb5a0007bc4c640dc86f3dd4e757fb296c5f1
BUY,0.89,964.15,1767430811,No,0xfabb477fc9478b0b0bc89302b5ee131f82bcb1fc68f3561a3547b7daf213b16e
BUY,0.89,100,1767430743,No,0x7cbcd169b1d395537dcf9437517f4a0123f458848a63ea79b5b8dd5f8557ffdf
BUY,0.11999999639999998,233.333332,1767430613,Yes,0x9bb151bc9d08f62f641145c5306bc9087850f930fea5bb1e2efe05e3a44e26ca
BUY,0.889999999555,112.359545,1767430607,No,0x36923bb552294d8639fff4307dacf9f17c6f3027858efb1671e0762af2e06eae
BUY,0.889999999555,112.359545,1767430607,No,0x8175a51479a379ea7bee6486ef2ac629d5f4005a9c859b08df4012d1eb593c0c
BUY,0.11999989919998387,8.333332,1767430589,Yes,0x453256866634bbb12e18174651e5e282cb0e99b009cb2f0ad7ec37c47a4009cd
BUY,0.8899999109995639,1.12359,1767430467,No,0x1c014fd5708706e86d584ba96c20bdf761dda8dd5ada3eb1347a3d331234c38f
BUY,0.88,551.07,1767430451,No,0xf4b4c9a2624688bc13e563c139803cbd767eff6ea5aed28d1ffc3d4ea35817e7
BUY,0.13,900,1767430407,Yes,0x67cb77ab9992256ea0a450bbd67dbbc10345d802eaf9b58808fe1cef884b670e
BUY,0.88,100,1767430407,No,0x3936890bdf5a1d590a7ee1ac26d1594ac22ce07c2c83a5c215f25ae684d20d6d
BUY,0.879999999648,113.636358,1767430405,No,0xa5d698084396ffe3e46123a026936fa13b88d5d6047a8b83f58fe9f2d0fe3bef
SELL,0.12,100,1767430301,Yes,0x887863952b191f4919971dd8a2b4449ae8d212616cdf3fef571f999954c9f707
BUY,0.88,24.29,1767430233,No,0x0ce7a6dfcade05ee912e08f24e7137430c323f3775efcea15ec00a248a2c262c
BUY,0.88,675,1767430219,No,0x9c5ec7a09127e11d29774ec15a127be133f93d3c74290f7f1c23df8ec950ea2b
BUY,0.8767733024238679,3511.33,1767430169,No,0x9291ee7c7b08d5afeed2f9273c2f1b92fa5de1312a6a15efbcfe5b5e83246b1f
BUY,0.87,1346.95,1767430097,No,0xfc1e6e8ab9a34266e2d08113165ac2f53a80db342dd98d8f54a8579f5e8e7b70
SELL,0.13,1.24,1767430035,Yes,0x93b763839ff1c240de2b057d4eb2ee8033692645c6278714c9437a62573c3627
BUY,0.14499442480521524,59.933332,1767430005,Yes,0xf919792db94e5100210a7fbd01b64bce49f2e6cba0e2f66d6fa9e341e5ae0139
BUY,0.8699999912999827,1.149423,1767429999,No,0x1cb46071f0048019371df26795df804740a39c5c640ee21eeb86b9d1e4010271
BUY,0.8699999912999827,3.448269,1767429997,No,0x84a9b55c64bf9e091477448c00fb6118894bd9b17828a8e9fa84fe57f7f79220
BUY,0.86,37.79,1767429975,No,0xa86faa11c3135306dc4bcea6df37fe431fe595594a9a448e3dc92ce25c8874b2
SELL,0.86,39.7,1767429941,No,0xfa6a95e19fc50f202baa6b16eecaa50ee20fc3bbbf8a4cfd91a2d3220cca9a09
BUY,0.86,0.3,1767429905,No,0x63cea47817390d5c95b89a5c93e343098affd59fe0cbb552c507461582336b58
BUY,0.149999939999994,13.333332,1767429875,Yes,0x8bd8ff003ddf2eccf1a9dfcdf5b74482b319f5094c5cc26823c77d715c72760c
SELL,0.85,0.06,1767429871,No,0xa89d0b190a7e6caacb6ef9c141b90dbaf88f1ec4a8c4aac5deb2894bb042d000
SELL,0.85,0.08,1767429869,No,0x14d28590b3a95c1fa4d04acf9753dcea525490bf4e198738b843914c9a3141c3
SELL,0.85,0.4,1767429869,No,0x5bb792c6aa5daa1a025ebcc74e2f13e7a44781f28f7264143e787e8dbc94a046
BUY,0.86,20,1767429865,No,0x6499d1ba8f7ceb85c6dc99c82b752698491f049657c9306b323afcb2edab5270
SELL,0.85,0.25,1767429849,No,0xc6ae8c3cc54567c02f6e1690f8ec73a423e8ea7ebd3f99dd7df6d646c43ed68e
SELL,0.85,1.78,1767429847,No,0x2abfc1625dadc001a90bbdb2a89bb399264b86231e992943c854d241ef4cf026
SELL,0.85,0.38,1767429847,No,0xa4cc3bac64d0a52d9e7456890a8605c3c7c53b902be4e19bb9fece3bea8db63b
BUY,0.86,90,1767429843,No,0x03263cc8827625607b58f9291c1af4927c5b054bd3a50f0409800ec85e045fbc
SELL,0.85,1.39,1767429837,No,0x9a4fd102decf0ea5e4e4dc291f33ee0a846c20c5525b983b74a534f3c50d1592
SELL,0.85,0.94,1767429835,No,0xd151a9b7621678f2ea30d04155022c3bafa838d84b85875233da8df7cd8dff53
SELL,0.85,6.6,1767429835,No,0xf0e345e42ae2e7d46863a49dcc979cca03bf7f779138e6b92cd416ca6287b683
SELL,0.14,333,1767429831,Yes,0x899aec69d359cb5c77121d9498df0a65cf1878d0a5bf1b75fa780a08995e230b
SELL,0.85,0.5,1767429791,No,0xe893af2ba6886f3908d34e609f66736a38822f30c4cfb5044a24c2a8e421f3de
SELL,0.85,0.33,1767429791,No,0x529d775fd91c948cee856622f72d5e77d05eb9f63265b56d4b774b8c6b922aa8
SELL,0.85,2.37,1767429789,No,0xc6d379b5d63d2e1c6a31341667a2a316dd8b374039110c3f60c3534f4a2a6a46
BUY,0.86,120,1767429785,No,0xf608d75f0babfac55571435921a56149bdf7ce19f1777db7b5d3ba16dfb2483f
SELL,0.85,0.59,1767429761,No,0x3c6d5b7c3c6e2f70ac1f9b344c99979f7862b119dc01f4085e14474dcc2eff91
SELL,0.85,0.08,1767429761,No,0x8e0260e09b0fc2a9232b6f68cb0330dfe366a5c7cdd701fb3bfa58cbf9065e96
SELL,0.85,0.12,1767429761,No,0x2521f8e9a38abf58c683baf0c269f4aad2b0968a683a87e9a2050572ff5517d3
BUY,0.86,30,1767429757,No,0xf48dbce18db1c3daa928668437f455f14cb69a1ec68390123ca8fd3e16bd0af0
SELL,0.85,14.21,1767429753,No,0xbf7cb1b07fabe34f2c09523bf81c3657f0127dc48088352cd71d093cf3adfb77
SELL,0.85,0.44,1767429749,No,0xa326394e8c62c9604929a8d376976f526cf1aa993d047391df2e500b9b6f9a4f
SELL,0.85,0.66,1767429749,No,0x9773de477fee2877550ad358f3befe0fa4f69679fe1e42488833bf2235339b08
SELL,0.85,3.16,1767429749,No,0x3ef8f965a3ca9a4ca7fe6fb0ad79016ae31c7ed694ec74aef47862f6b8c50a6c
BUY,0.86,160,1767429745,No,0xa16440ef19141c3ef6dcbee2d30465a590b9a7f21b1eae48901b5f400d1f3a12
SELL,0.85,0.13,1767429745,No,0xae1e9671bc9809d2e1b3e0109c4726d362c26df80d6bb0b1881d9329746a9a4a
SELL,0.85,0.98,1767429743,No,0x4591cd39c7d1efa47e0013f2d4ef64b1dadedc5c22f3e8c9f871c42fbb97f8fc
BUY,0.14999997599999904,33.333332,1767429743,Yes,0x226acc0b8de566d9cacd3a293af0aef1bb3089e286e73aea0d3a4d5fcea128e1
SELL,0.85,0.2,1767429743,No,0xf5f2eebc2759188765e83f98e4786a3754b73797bb9120b033e4a4c16d0d101a
SELL,0.14,49.99,1767429739,Yes,0x3a402b6ca10154fa2d06107207c35b46cb716d7ffedcb99fcfccb3cc4ec064eb
SELL,0.85,0.91,1767429715,No,0xad750fb1ae515ad4f3b3b85c56b0d897507ec91fe866c7077250d8414b00925f
SELL,0.85,0.12,1767429715,No,0x64e1ad058ad02ccc10c5016a3f4d4d7265fac8aad58b6a83ed58d9fcb5ded8cc
SELL,0.85,0.19,1767429715,No,0x11228a1030af44b44b5643677c657ade18173ed29f167faca7c2f2a5419fb01f
SELL,0.14,240.16,1767429711,Yes,0x0dc0b3ca99b30ad40f8c62cc52f55f99694e77973e1431ecd3f8a34cd5f1a572
SELL,0.85,8.25,1767429709,No,0x59d77ca812a8449db8aa65f54a815025bf6b2e7dffd9571a14fbd37799af2c76
BUY,0.86,60,1767429703,No,0xf2258f46a2fe0dfad79e672d3c6d851038ffa33f904024ced7e45f0fbe9aa8ec
BUY,0.86,19.22,1767429699,No,0xb206394ae7cb29e98798c85881c3b8ae28c7a1e23b05a675bef8bf1238121727
BUY,0.86,5,1767429691,No,0x78b447bc65d34f256ba818ac7d1d32be0c326182317c9b7ffd4dcc1dc8018f03
BUY,0.8599999815053618,4.325578,1767429681,No,0x4cde23cc46af9957a5a16656f6a0e40f87e0ec01e2438149d62a812cc4c371ab
BUY,0.86,5.81395,1767429671,No,0xe2bd707db2d92d590490c676610d03b4f2e9a4248e730b891d8e551dee826d74
BUY,0.86,11.9,1767429663,No,0x982201034cf4f81e684ebc794f485804d69ea7cedda6d484dd6fa24eb05a7fff
BUY,0.8565180679093867,4346.38,1767429617,No,0x67bff8d1555dc5ae0f1e26977115d82a871ed62ab0a98ba6d08fb6027a28efe6
BUY,0.8499999745508608,3.929406,1767429613,No,0xac20c20a42989a1957c5d372f7cce6b7ea589591a08e1e7f1b6709c94eadb522
BUY,0.8499999716666203,3.529406,1767429611,No,0xa11756e8c279fea5758fa48b55e5ca40f5a65287167796b4695cffa877640b12
BUY,0.85,2.35294,1767429611,No,0x17e2c89d6b175b73515707c6c3a40e8e20eedf89c7c83f5f80f29f509b68a8f4
BUY,0.85,16.8,1767429609,No,0x24ba3cbad1a9f73150e3adf1b703a82982aecb152bba3e43618c3892b7467965
BUY,0.84,849.72,1767429605,No,0xe8f5b8fa094996b77063ca4b510732c774b179951f8de5e344515c57996df7e2
BUY,0.84,5,1767429595,No,0xd04e20ff9f211bd9bb9d1d11725b577189007c5e74dbb3154cfb3b12750422da
BUY,0.84,50,1767429589,No,0xf1fbf837d626499b11d7d8e20568afed71108cc6d250e6824296e68d0a3099c2
SELL,0.16,95.45,1767429577,Yes,0x33f2c3fde857c66b2c6eff9c3e414397f722e6158173b8b2b7b3eff3b8986c73
BUY,0.84,10,1767429573,No,0x42c36ff5654b6371aa8fd3303a7be95e8fb0dbcd602c89f760931c3ceb8bf560
BUY,0.84,19.83,1767429569,No,0x7ac051e332f97d26b4f51a00a20bbff80305cb3e749484e4202631afa059a938
BUY,0.84,10,1767429561,No,0xb437ea0a42ac850d39829ce624bbd38de508e9bd570ac32cbd208a4e287c57c1
BUY,0.83,4034.4,1767429531,No,0x04479bd3158b68fb05e8ad464e362c23b25e4fc1a51846055701b8fd992b6587
BUY,0.18999999863199998,526.315788,1767429367,Yes,0xb2b79cd74fe9e21a02c1a8725d150354b6a48616ca7c5c3460f9a79ec7f440d3
SELL,0.17,31,1767429287,Yes,0xc71c65f74825bb460a8db4d94ac2c6d8a4f489c0fbb4d869c83c696e1a6e3ed5
BUY,0.8299999557332619,3.614452,1767429287,No,0xb095d9d31b8a8bf92f52fc188f6bf113e094a617bf64056a675575e6bca6688e
BUY,0.82,447,1767429227,No,0xcf79b50aa48a0b00fee72c3e0769f94a7470d14c1564a64706e39c3f1e240b38
SELL,0.18,1753,1767429211,Yes,0xd40700881e0087322a6b81999703e1d25d4f4a857298827d4025cf2d5dd1a66b
BUY,0.19,58,1767429167,Yes,0xb2ddfdb14318f2d9be3e965e6588a4d2d4a27730455043e3148222d68416d9ae
SELL,0.18,2354,1767429139,Yes,0xfa6a3eec84e9880ca3417fb7af11c1645b850809010811f4d70118042478e1b0
BUY,0.18999996930470217,25.736841,1767429133,Yes,0x776230f5746a98a81239d554fa2f2adf8144eb683448cd3d68b1c7b862e0deac
BUY,0.18999999686499996,210.526314,1767429033,Yes,0x2b63e99ca4a876c9566a567705bddff7d4ffc6c2c5e22a8eab8c3fd14eb9ad47
BUY,0.18,399,1767428849,Yes,0x7397aba3714bf681774360d38ee9136143cc973e484fec229e61410bf703be37
BUY,0.82,5,1767428829,No,0x6d40be2f77b7c2783afc72d08ab9272be6470c6ac7fc02ed86df6d9b127a2301
BUY,0.82,38,1767428813,No,0x9396292508bbe15dce15b886d598f72b57a723e8c557e4338ebe965f1e3bb18c
BUY,0.82,400,1767428807,No,0x3807bc9d1a2a7f76cbdb00d5f3ba3726ad7b67cb3d3f3ca95ac2c65ad9590d82
BUY,0.82,201,1767428793,No,0x8ebe0c91f42bc5e66134b79485c5ac8411543ea88823a7bd5eff8c3f2c6a3a68
BUY,0.2,31,1767428731,Yes,0x1fbb34371bf3f1aa3ee89d23bfaaed1f29bddf9f9ac56c65556450b73950d6cd
BUY,0.83,209.36,1767428693,No,0x642168950e63566a468c8d8156ddf8dbdea704dcfa7685337ef15e4510738479
SELL,0.17,251.17,1767428667,Yes,0x47f668b6d67e9b35797c44956dc25d9d1eae5692d46ca943ae773a6327c385c7
SELL,0.17,58.23,1767428655,Yes,0x29262ed48b642210ab1d493ee12f5e88827f954486ec0ef813540559e1258e3f
SELL,0.19,137,1767428625,Yes,0x5be31f39335e303e74a9f9d16b5159f065445cde816f8d737ed24de1f1feea69
BUY,0.8,25,1767428451,No,0xe4823be86b6cb6bc6aa79266e908d2c79286564502cbb280b3deaf7825fee2b0
BUY,0.20999986769995105,4.761903,1767428437,Yes,0xeb3969d24776f238c5841fefc97ed3cdcfd88ae8d330f051d7c566f0c03e6401
BUY,0.8,25,1767428427,No,0x9a04cb8f9cd4ccba362205372a2dc8e63497ecd75f9592db720204b69e4d8f68
BUY,0.21999985479995063,4.545453,1767428369,Yes,0x2488c05ce21505efe0964f220840b12f3bd025c71f918e238297831d26970c83
BUY,0.21999999287619038,95.454544,1767428321,Yes,0xa7a47e1c35ba8b60c2081b57f38bb1f60d2d1dda7901edf0c9cfe21a6041f5af
BUY,0.21999985479995063,4.545453,1767428253,Yes,0x8dfbfc13507b0cd60771c1ce2206ec57cb478bf6c32eb7ec1be25dbcb31cffc5
BUY,0.21999988645157995,5.636362,1767428243,Yes,0x6bbbce42eaae9d6b8127b505e35dee45bc0122ae5ae035cd1b00a9c49190ec49
BUY,0.8099999756999036,1.234563,1767428193,No,0x8f51000b9faf8e4d21975aa98e005e6b3eb7ea64c76a445cae31f5a58c43cea7
SELL,0.78,7.48,1767428177,No,0xc905c362fd58f3a82f8b8d5b0549dada4f7bd68667651abf2db2c6f4e22b0851
BUY,0.25999995839999623,15.384614,1767428153,Yes,0xba979fbbe45836fd420989fbceca6275db1d150ef538aece75a779c01c289705
SELL,0.19,20,1767428151,Yes,0xde923e192a597693aefb4f27626d23251be3df0fa417306b726e17a1939935e8
BUY,0.259999927199984,7.692306,1767428149,Yes,0xaf5b70c89b3869189a71d9fb92d98c6d0c74bf4733d13883c670f65f4181eff7
BUY,0.2099999922299999,95.238094,1767428109,Yes,0xb6a79b2d397775a8b67b1e0528ddc4a3a42f95bc083eb2e59745b92a1473ac69
BUY,0.192068054375531,2354,1767428093,Yes,0x44f5ea40fd060d5d971c207a5ba6acf70088aab46478f57f1b39284384a79af3
BUY,0.845048009717377,11.833646,1767428065,No,0x0342463149d82e0aaf5e79398774dd022ad99887ca9cb1bca72300d737e5cf60
SELL,0.16,14.14,1767428019,Yes,0x53018a313c73cb935e6d2a7c52c3cbc7e590a38e8b387427f77bf19fd0df0ace
BUY,0.16,1000,1767427995,Yes,0x566e00fdab35ddae56aa7ab12924f7dd1ee8fb76e0d5961d8d38be14a090823f
BUY,0.14838709677419354,310,1767427931,Yes,0xa3da818537ce840d641b7d62c4cbc3b95407d0b32c9d5d57e8d718602eb62152
BUY,0.14,14.14,1767427831,Yes,0x9666be14d2acd1956732bb637820021605d32dd3b68ee2d45ce8da1229183bd1
BUY,0.14,200,1767427773,Yes,0xae886f531abf95eca59b72db054733281c5372bdeecd292d747999a98cc5a31d
BUY,0.88999995549998,2.24719,1767427571,No,0x24f7f36a8ae08d269778908ea340c0d9c1df61f167750eea011b6bc20e1297ea
BUY,0.85,12.85,1767427543,No,0x1ee9f6c54e649ec7f414d9cddb32f8e7acc6241eb72cc08259624ba6f922a2bc
BUY,0.13,7.15,1767427495,Yes,0x18023cc3fd48f128ee9776688724f6132a5bd64cce2da3eb7198e1cec5539753
SELL,0.87,2.85,1767427483,No,0x4d2d61abc6d065246b2cba88a05fd4178e7a66c1bead9d457aa6e713b2448b40
BUY,0.845049504950495,2020,1767427451,No,0xa5142ea19cd216769e8b8b003b74b3131c4be61e25a07e77772fd1659fbbc31c
SELL,0.82,4.34,1767427443,No,0xa8bf9fafcfc2ac25f48805eb17f7de8f10a330a16e2aab3b51b1f4bc05aa4f0f
BUY,0.22999982749995687,4.347825,1767427345,Yes,0xfe6704ec9aec2adad2122e4e0378d7d0ef4397cf05077c8b397c5220ecce0e9e
BUY,0.8,38.65,1767427321,No,0x46cfa628ea2aa2615871b49292a67f28030915acae99808b9dc00cdfb3123123
SELL,0.71,5,1767427267,No,0xb2c0e37f493feae775005fd0bf59491d1f4070f2fb4045d8c2ed911975449f46
SELL,0.6882225823878985,18.51,1767427227,No,0x3734fa7d994a509a375107ab09eaeba3bbfcd602b60426de10f4d907e762beed
BUY,0.29999986363630166,3.666665,1767427193,Yes,0xedd1012917499c3a35497066a11cc2ce7fbcaa7df3ea11090b83e18997425dc4
BUY,0.2,20,1767427185,Yes,0x2697b109b9555ebc950f98cf5ab9ab13bd6922cbc5b191469026c263cd1b1b2d
BUY,0.54,20,1767427093,Yes,0x324c5e6f78900639507b80d678161df6457221cce1b05bbd1883a21ab22471e2
BUY,0.54,1.48,1767427087,No,0xdd94a7005dec808ce568f2caec4609ad113c274b9102214b02f8c3f8ed6084ef
BUY,0.5399999902799992,18.518517,1767427087,No,0x3d4ae6df2734f7100c7218f966e13a1271862d63635af43dc109feb1d94b51f3
