side,price,size,timestamp,outcome,tx_hash
BUY,0.999,400000,1752021139,No,0x44bbfa7f6e66181f78014ba011d1a3088679c3c20661a12be57767076b93559f
SELL,0.001,1818.32,1752021137,Yes,0xb0bbf4bb884bd11b626314056126ba42a7e09e6f614adfd7537b6f785f2a6102
BUY,0.003,2000,1752021135,Yes,0x023be292749e59f7fcc032d12227215f2af8056d2c2f95e67c556d0697384c5b
SELL,0.001001270982587996,393396.42,1752021135,Yes,0x94386cc3f767eb58aff0b952855d3dde54c539be8758823b68b7cdb9ff4777c5
BUY,0.999,400000,1752021133,No,0xb4125106df3a69e4a0008397eb5ffcdd0adef5c23f1c36c1a1f9984c8e331830
SELL,0.001,22237.47,1752021133,Yes,0x254e0ab93953987f93f9af439d9c4a920cadf5ce4b16d35237b3f0884b497df1
BUY,0.998277777575,400000,1752021129,No,0x9c5901e8ffc761ed73595f92eea4e2acada6e8f22f173a8ba548d3972253e295
BUY,0.003000000003,666.666666,1752021125,Yes,0x3c9f8143fa4377fbecda3c24987a3847985db58efedc216efde8797e14e49be7
SELL,0.002,14500,1752021123,Yes,0x28473331f76d5eebabe077bef32d729f0829954fa37162e7fe8261f213176be2
BUY,0.998,4.068,1752021121,No,0x2e4b87047c99ad8b52a9965cdd61dd8e60d45a80cb01e502d4b84ea49313a03e
BUY,0.998,400000,1752021121,No,0x4904a180b58601db090933de8ee534f2b3d03edfdae4005166572fb03d86d5b7
SELL,0.002,14325,1752021121,Yes,0x9c2880fe1df03e3fdf2d10d95a97b126a7a585307c683ca5a8cc34609abe5285
BUY,0.003000000003,333.333333,1752021117,Yes,0x8bfd367e9521925be266d00314e95fc4b1f0870b06ceef73838c262d757571bb
BUY,0.0030000000012,1666.666666,1752021117,Yes,0xdbef50429fd762a24d2121c8a7ec1f703dcf7925e3a5cbf3e243845a7b26011f
BUY,0.998,400000,1752021115,No,0x3f115e151a91fe08f780884f9f5732cd54423a8a8b91815a9ed623d00f9f3106
BUY,0.003,500,1752021115,Yes,0xa9bd2a3c9f24e38e613d0aae0d8bc4efdaf6f146bd1d9de7614afc3892fb6c87
BUY,0.005,20000,1752021115,Yes,0xbd75b7acc5366a76523d98a7a3ba3894aed3f9d6f52115a9d5daf1d0afbd1ddc
BUY,0.9975633299000001,400000,1752021113,No,0xc36ba89c9fe6b40dfb4bd42e4c79aa21dd440593978524ce66fc408bece1cf44
BUY,0.005,200,1752021107,Yes,0x947e25929cb8b14a6268b84c0a014d997201b77a6784aa8b9c79589a28579d5c
BUY,0.9969875,400000,1752021103,No,0xb3180b1763a4504d3644ea1fd279c15448d41c545d6b04fa35c4c92c64b02e98
BUY,0.005,400,1752021097,Yes,0x12e244156db2369caf70e7dbcc220e6973fca725c2f89e91eb0e3b1d65ba8dd0
SELL,0.00352778549828434,23422.47,1752021097,Yes,0x315a8975b66666c66f0207a17e6c8597be572b7531e09a872604fccac46ed772
BUY,0.996,200000,1752021091,No,0xf797245987cca9254ccb38aeb453d1d07275b85827c7f226c0ede090f2849398
BUY,0.005,4756,1752021091,Yes,0x2e2e77f44233e3461e6432ef2e80b64c3bd7382793e2562dd29bc52eca928d10
BUY,0.005,10000,1752021089,Yes,0x53e1a8575a8d37cf9599cb43f737ed7329c48a8f5c26567ff6e67010ede80bfc
BUY,0.996,200000,1752021089,No,0xad1061b391895f35a44c8dab75767a4bc675713c50e23fd3c18ca9b651a826cb
BUY,0.006,52443.33,1752021085,Yes,0xef2b5a250263bb243fc5361390c02bb57342f4c3505058627675274c5258ef7d
BUY,0.996,62.21,1752021079,No,0xb67f8355600e9992fa707db2857d3d52b4589007a3987e8ed815f9bf212968a1
BUY,0.9955933333333333,60000,1752021067,No,0xcc601f881980980645ae90592f5414ff738f3ec0a46826eb7993a174887040c2
BUY,0.006000000024,333.333332,1752021053,Yes,0x897d4aead5b8ba42628046c0b398c42e61f16190d1e192b4899a69fea08a25f4
BUY,0.005,52096,1752021051,Yes,0xe27f1ca0af43aac3f26afd55b8281f1c6c6a3c830ea43c52c6adc4ef50873f25
BUY,0.005,20000,1752021047,Yes,0x699da29f8aac10ff3db0fdd0e74e14746fc083af7c846dea08eac38dc349633d
BUY,0.996,60000,1752021047,No,0x51d696d057eeaff17629bb570e16be804e180267ed84f3fec3b186a1f1e794d2
BUY,0.005,1000,1752021045,Yes,0x2dba3832591ae41664f92abe9951cf77d4cb9f45391f14b26f6308e7665c628c
BUY,0.005,400,1752021043,Yes,0x0a3f28d5f5c1816712d560c344a478e44e042c004a4f343337c009a959c728de
BUY,0.005,2000,1752021043,Yes,0x488f2b4d89a5c659b4dc33b32d5a3829ab5d451e9ebe675f9309f606b336b70d
BUY,0.996,492.87125,1752021041,No,0x921f67cceefbe9470bb58bd2e1572ba5e24e37b6f97d5bcd4c2a7f60132f77b0
BUY,0.005,400,1752021035,Yes,0xaf411dc4bc1a89f8e61273ae320660a0901e1f3e2c4bab493134f0d75a25aa70
BUY,0.005,800,1752021033,Yes,0x6332134795d8f2da4f663ccfdb88857872c163d30d1427f3a52aa7ba6f46346b
BUY,0.006000000024,333.333332,1752021015,Yes,0x8d24ff33b0ab094b5fa6778664a24cd4b4e2479d75ca4aee708975f1547016e5
BUY,0.006000000060000001,166.666665,1752021013,Yes,0x104e06c6e37b17853c38ec5ab91a917358c17ddeb5ec70b18dd03ce72bb9a588
BUY,0.9959782040104621,11470,1752021013,No,0x1f733a5a24c60eb443de6b3113b0c3d6c0d69110e5555d2191dad25f1a8a2500
BUY,0.005270962618407199,94859.333332,1752021003,Yes,0xb7671e54267ec3b13c928fc476735748e90641dd5d4a41d1d879990a4ce1b002
BUY,0.005,4000,1752020999,Yes,0x28ace5ddedfd4c360edc160458832f68b5fe8cecafc1b8c64c454277988d20a4
BUY,0.005,200,1752020993,Yes,0x10563f1271b329973085d3ccfba65d2f7eabd5ac5f958c1aac74f4e92bb4f971
BUY,0.995,3000,1752020983,No,0x611b441ea8c198983daee953ce1faeaf1d6f92190e0a7a3f3cdfba6a9f0a9c13
BUY,0.0060000000006,16666.666665,1752020977,Yes,0x333ce5402dd6042bef2dbeb5c79770cbfbc45b9d63d6af7b6b16cbcd992bdf96
BUY,0.00600000000024,33333.333332,1752020965,Yes,0x606597d385943dddd7a7a757e7011ef969943292c8f4121deeb65267b295a9af
BUY,0.006,250,1752020961,Yes,0x7aaa83a0176651e1e6c80d05f90bea50966895d2306370f2b146009cda3386bf
BUY,0.005,3500,1752020959,Yes,0x147c6824d5c73f69fd11d9dd576e342866d96a14fd911f3ee13e1ac380fa57d7
BUY,0.995,1410,1752020955,No,0xd574134ebed403349fa1f1b88d2b35960742ba07370a1ed2fb1e62ae32983b40
BUY,0.995,9000,1752020953,No,0x3ee8dc10d588379145e8d0f577fe385f2cfe717ce8d7776704f5483d6e9eae01
BUY,0.006,16068.99,1752020947,Yes,0x48ab1519227f8af30f58752c6b927c1f062010f332a1c349a2858d0906d84ab6
BUY,0.995,1111.12,1752020943,No,0x07c1f0e8ed77e961e4b15cca7eae75c3e0df88a43512a35c76330ff687c84fb7
BUY,0.0060000000015,6666.666665,1752020943,Yes,0xe1a17a70f3557fc9028e209805ae4b51be418f9e0d83e84495e3382ed68e8ad3
BUY,0.995,202626.13,1752020943,No,0x403e8d4ac1a9c5b6a68b96ce01a5f9d566e3a8901320f1e63ef2ef7342dfb503
SELL,0.994,3848,1752020931,No,0xa59dbe6fb49fae254c4fab593fda22b1ccc72d506d1026d3865cee103e8113c8
BUY,0.995,2000,1752020925,No,0x783bc842664b0f7c4df15ba448d239a368f33a5360ab370d31a1894bb3c0398f
BUY,0.0060000000024,3333.333332,1752020925,Yes,0x757155decbd70b115397aa59a0f4404e7138b9f9e361dce3d21ea095e441f267
BUY,0.006000000006,1666.666665,1752020917,Yes,0x2bdd9022ad2d1621f324f903a628a6186483cb3823be0d553172ab69b1512600
BUY,0.006,220,1752020917,Yes,0x7282eea4af98dcddf34f148e6534d78fc0d7cdeda2eec63673a3f0eb83cac6a4
BUY,0.00600000000096,8333.333332,1752020907,Yes,0x2c5e094be575e9eedfc280367e2dd20bb936d7cac1c124b2e31791303328cd85
BUY,0.006,200,1752020905,Yes,0x268358dd0be1ca539f8c46da57e109815dbeb1efda2f2b70be0db60805f1f36f
BUY,0.0060000000030565465,3271.666665,1752020905,Yes,0xb458b485b8f938ecada148323d429a580cc34765ecbc15f78012dc75891fbcd7
BUY,0.006,14500,1752020905,Yes,0x015888ffb78cd3ae8dcec34d85a58a06f20cc3d8c87d95daaac4ef949ac621bf
BUY,0.006,500,1752020899,Yes,0x3ee1d5d755ce15a67dc7fbd466cee41193706e3bae00a134c5a18b5a343ab44b
BUY,0.006,250,1752020891,Yes,0xed265921dac3aa98b436c0c771d6d93e76ad12502eaae1078f594335911aa425
BUY,0.006,500,1752020883,Yes,0x0a001dab149dbe8d7e5fc998dff9a0ec44d52c6fa553cd2a2bdd3dcd2b7fe1e0
SELL,0.005,10000,1752020881,Yes,0xf7e81dfb5575ffc162833ffee0b8f34f09c43dda95846a6903f3e83204f39872
BUY,0.006000000006486487,308.333333,1752020869,Yes,0x7f3f813a619848a8da1f4c31e74ac15c2cb44aa247c5a1e2f7beb8f0ea7a1641
BUY,0.006000000000772698,5176.666666,1752020867,Yes,0xdfa57f6cea563fcdc8e666c05aadcc07493afe57d5e6ed18290276efadc3c81b
BUY,0.006,1000,1752020867,Yes,0x794b5c7b262179e401bc35ec799cc36f82f71ae7dd375cc4ea713d4a2525ae5b
BUY,0.995,497,1752020863,No,0x5f4531d88ba39ebcf8e74b02fa5e2baa337829572a53673062014ea2ca0c9e49
BUY,0.995,497,1752020863,No,0x99af9a0fbf50a2cd9c868a7cd94e82af086f8273a40c8af2bcfbf0100112dced
BUY,0.995,497,1752020863,No,0xb2279647bacca7126d680c3c982f813a27d54242f21b9feb945268413c83ca86
BUY,0.995,497,1752020863,No,0xd7dc41f8a00de03acef7c28bcf16139cc95ab1831eb562e961187e5f13d69aa9
BUY,0.995,497,1752020863,No,0x4b9d7245d112a95a3c0242061d7c96d169b608aa3f6f10a5088db09374856ff4
BUY,0.995,497,1752020863,No,0x78c7e6d5d66639dd2688c4d28d914bbe23ae79914e43185b5f3cde99d91a3301
BUY,0.006,8350,1752020863,Yes,0xf905faa0e37fb6102f9407cffac0b8575ee69332ae1d02544cde1cb4567bb1c0
BUY,0.995,497,1752020863,No,0xdce737d4621a656dbff462c8350b53a3ff55885f44bb42916359b44b16de792d
BUY,0.995,497,1752020863,No,0xd3a69931a52d83e24157be13e1721431c24e379ca896935a8c4cb5b830b6addc
BUY,0.995,497,1752020863,No,0x00ef5620385e5916aa16911cbaea9514e3c70752e4086e65e3c03d6bdf90530f
BUY,0.995,510,1752020863,No,0x1062186d040cbc7571e3115a2e60019034797af5c28995536c314c1fa80b821e
BUY,0.995,497,1752020861,No,0x6ac84f83bbae8307bb77c075db7d2249ff233c6f7fb4fafc7dcc21cc7add69d6
BUY,0.995,497,1752020861,No,0xfac01d0e207ced1fcc53cb2b5159962e5fa6a08812c9313de09a5e614f683627
BUY,0.995,497,1752020861,No,0x36a5f02af76cfb6ad23f01af1a1c70647e8532022aa60f443bb7adad61758801
BUY,0.995,497,1752020861,No,0xbdebdf882d1e43e5567f5d5e4cd12af431604db776c7bc5bef34402eaaa79cc7
BUY,0.995,497,1752020861,No,0xb6621966dd2f69c3bbd0a06a1ec7c1dfcf39a0723d9e735d88bf350e190c5bd4
BUY,0.006000000000269421,7423.333333,1752020857,Yes,0xa07e8f2361b46d70c252a99ca19c7162a3163630b2d011153d7bf58fa8a40c36
BUY,0.0060000000024,833.333333,1752020853,Yes,0x368ec0a06547b63c0e4edb2f3edf920319b16636574bccc19bd47cf2e4061e9b
BUY,0.006,500,1752020851,Yes,0x810e75f8b993327ed134d88a6f486905648d12f56fee775fb738100e10a0836a
BUY,0.006000000024,166.666666,1752020843,Yes,0x8ae9ea93d1990a6c1055676b320ecd1ee9629a4a8b75d2f0577e86b9bcda885d
BUY,0.006000000001602136,2496.666666,1752020835,Yes,0x0b09536ebe39d7073a3bbc8daf9c5797bcc9f276a3e69b68706abc3dd6236fd0
BUY,0.006,1000,1752020833,Yes,0xc866fce336b3f023b6f7baaadfa4b680c4731ac837b9e02858a90c5cf5f935ea
BUY,0.00600000000024,16666.666666,1752020829,Yes,0x1f39811dba4e0af11b12ae90eb92b7ddd4755ab14c1ec3bf728b74feb1e456b2
BUY,0.995,698.23,1752020827,No,0x363a24a93ffccb6d0eb325484488dfb1f04e6df020a00a5fc11e69deeddc2e41
BUY,0.995,2000,1752020813,No,0xc7f4c8773c34873ec71b6cd6927ffc6513c4b7673691769fbcf4419f94199f37
BUY,0.006000000000044446,44998.333333,1752020809,Yes,0x82782c6816695c4a48661e47c2052d253a8cd39c56a17fd9a2094629cae77034
BUY,0.995,1006.5,1752020805,No,0x0989e10ca3780713d3f9bd3c1dd935380e4f976030f87e1c2c038fcd371239d4
BUY,0.006000000006,333.333333,1752020789,Yes,0x3eb08483b97bce497e127f03bc7bb266982df6c72097c5c9f665b84be8f3e189
BUY,0.0051516252089627975,1941.135,1752020775,Yes,0x67828d0e5088dda34d3252de668da085f467e19a36fb25f521e0fa184100c59d
BUY,0.005,16000,1752020769,Yes,0x63ca3a6e2143a6431c81038bc323b9b46a95b8ab2a0336444fe0f3c0c6885257
BUY,0.005,5000,1752020767,Yes,0x662a82f54fdf4f743c5a9f539b41d2320187c14e2d0917573aebc4dc72e67f9d
BUY,0.005,4000,1752020757,Yes,0x861ce5d3a98e005141cb44ea12e85037fc0161965783d80fc4e868a645c91cbd
BUY,0.005,2000,1752020755,Yes,0x794f316483a1fe30c58533be7ec576781e819a6bc4643c416f226969551a3343
BUY,0.005,5054,1752020755,Yes,0x5f17c9a4a9b04e3514e90143cfef1830883dbab9c9163194e81c3f2a11b49e2b
BUY,0.005,2000,1752020747,Yes,0xd66aed753df9003132b0dc5abb91584648d53ff4fa058988b31c6e5c7ae9a6e9
BUY,0.005,10640,1752020745,Yes,0x4341551396c500404b418b7afc3e1622a6659e7f1bb71ee70f8710c98befadc1
BUY,0.005,1000,1752020741,Yes,0x9b7636c2d5270f9d6abb705fff61611f380acf13922c9dc72119a0aa45a09fa6
BUY,0.005957700327673518,8392.5,1752020741,Yes,0x3b6e1c5978a5bcd5fa0a26fe9b554484b5595f8751c23ade62cb5d11383bdbb4
BUY,0.996,2.008,1752020731,No,0x9024356a7dc47703a011cb99d430e54aaa16a593933d14422b8179c43ee061d6
BUY,0.005,200,1752020731,Yes,0x80eec33f650454417fef207d6bfd95b6457e64bdb79aa00e46b960129667115d
SELL,0.004,47338.8,1752020729,Yes,0xf0c67c9df3c0adf620dc6c37074da3d269f0be1ff2f35d93f3edcd5a2cc08699
SELL,0.994,1.03,1752020709,No,0xc1f4ab23548e22aa1626b45cd24dadb9e9508d319a87184203722db9659afa83
SELL,0.004393993939536409,17866.62,1752020699,Yes,0x3928b09dc61ab3161718fccb2701207493b7aa7bfd4c6f9aeec9ea6636ab6e1d
BUY,0.006000000000242989,16461.666666,1752020687,Yes,0x9800447799d3d9e2f3e09f54970474ab9637245f32d3b214c62b6ac94abbb918
BUY,0.006000000003183024,628.333333,1752020683,Yes,0xdbaced598d7c59559b5db6262017de94a15a5e603b7d886f922a56da5679deac
BUY,0.995,1.005,1752020675,No,0x56e091af158aadcd04a68e93d50fa645aed7e085119b4b5c9ae68b25649b25b1
BUY,0.995,95.47,1752020675,No,0xf50de0d43edf373100f8fe209f3aa44dbb66474a5ca5c9e869f48ac8c32bb085
BUY,0.995,1.206,1752020667,No,0xe8cc968d660644feaf4197503c46348a8c25bd6b8cc221d0e363b8a8129d5553
SELL,0.005,1,1752020659,Yes,0xee437aca72418b8e46fde7c8081d5e05644510279005b76fa7c96ab8ac273276
BUY,0.995,930,1752020657,No,0x4e7f16f4200dd39df8cd488e748c227eac37665c3b2b90594e6d1fcf6e5bdb91
SELL,0.005,94677.6,1752020635,Yes,0xbe7ab2db77e3b0f9f367357829b60c7eef0e5ae62b3ea0ac3a5fa52cba2c590a
BUY,0.0070000000022795595,5702.857141,1752020635,Yes,0x1ebb49d1b4c6831b49dc3d911c6849696588122442f5cf1d24cdfbf12798c8e2
BUY,0.0070000000005133334,21428.571427,1752020621,Yes,0x8b4f9ebedda8af0026fa5ea47ae45030bfb1a7635b103003ec395e8740fa7814
SELL,0.993,1,1752020613,No,0x3983ac2b280d6b907f51bd1d4547e8b79d89961a94f559b04c625a65a7404ed9
SELL,0.993,1,1752020603,No,0x600877f57f644a5e2ccaa70388b22ab9f101bf262164b48921cc811d29dcdf8a
BUY,0.0070000000028,3571.42857,1752020593,Yes,0x89e299c2eac03ef492a621464ddc962c6bcb2944ed87588f10df7004735c7dc2
BUY,0.007000000091000001,142.857141,1752020585,Yes,0xe09454eb773a0d134c314b1224bde7cbbef192b4d3c32ec8870528118ffc3c59
BUY,0.0070000000077,1428.571427,1752020585,Yes,0x329309947ade6b3a4649a86b84b6f3fe120a815fb45ac3ba61970b7a8f7c8e8b
BUY,0.995,981.02,1752020585,No,0x7a51f35196b5778e8033f43e49f176a238baa1b451eb94af6d95dd4b8afdc9be
BUY,0.007000000025666667,428.571427,1752020585,Yes,0x6188dfda91bdca0b0adfa3407d44def2a6db344253c64625eb600447e1983dc5
BUY,0.995,3.3164,1752020579,No,0x56342d10973b251fd2f0db25524d038d391a00aa159ee709b593b63d55e9c240
BUY,0.00700000000268714,2977.142856,1752020571,Yes,0x9dca23e88e74be9ca27bc2442057da18c2e45f35e39c910493a26314168f7a9e
SELL,0.005,1250,1752020563,Yes,0xae098e3b95cca71c1a23579210c1643d6f97897ea73c73d600ddc7c76a128f70
BUY,0.0066979257393994926,29562.88375,1752020559,Yes,0xb375a4623aecd0bb6f108a816271cdc7f09ff217bb13b56e900aede22aa4eab5
BUY,0.006000000000480384,4163.333333,1752020553,Yes,0x8d331ef6342a77461b2c4f8bf07e4f2603f38c445b292b8f92715ede72410c21
BUY,0.006,1000,1752020551,Yes,0x0c60fca8766a4fd39d33bfb0ba9ca1d7e861cf92c6adaf22521473f6ee40f601
BUY,0.007,8060,1752020539,Yes,0xc957c861d8d1b5de97754bd663dab86af30e30a58af498f19a7bb52eebec1cd8
BUY,0.007,71370,1752020539,Yes,0x82a05d29a42aa26df6c21f01ab7b3a187762161754fabeb5e36a09d0dd7df58a
BUY,0.007,1400,1752020537,Yes,0x15b21b4173ad278645f37ffb38f1ceb3add699d4485269508fdc0ba13257084b
BUY,0.996,1.20475,1752020529,No,0x75d88d85dd8dedd6161f7a6b80c6d4f3626ad3d996c079c44c8390d74f4d275f
BUY,0.007000000042,285.714284,1752020527,Yes,0xc9ad7b73ac6913ace6f9c0e99cc7d9e758440f10e39419ebae907f2d27051eb4
SELL,0.005466284650626122,250294.9,1752020523,Yes,0x959c31477a2f91af6d4d4d3cf8436df7f8535e5c0d9e9f942bebf992d9ba4250
BUY,0.0070000000028,2857.142856,1752020505,Yes,0xf790ac1a7870edc06a3cb49cffa664f2d7c379aa383e303e9a1c4e33e9aad417
BUY,0.007,5000,1752020487,Yes,0x2787a7df4a30844490a8867779fe610366794410a129ac1e3cb9b8612279b53b
BUY,0.007000000001091831,7327.142856,1752020485,Yes,0x9e75e9db9a2c1ee7c61a544a6c3a9b4a9f91e48489ba80b69fe58cfd3d1695f6
BUY,0.007,5000,1752020485,Yes,0x65aedeeac01d013c56a6bf895015f14ebf3e94c57871e2e05bdcc7ee957e9ef8
BUY,0.00700000000182,7142.857141,1752020479,Yes,0x0f58d568a4a6613c75c794531d2bea0f2acb6cf4e73d97ba0a9e08d12a1b6e6f
BUY,0.007000000004605263,2171.42857,1752020477,Yes,0xb04917e314d2d902f3564c795f7b911253ba35cd24fa02fe6c6658dc3e1d3767
SELL,0.006,47207.86,1752020477,Yes,0xe84ac17ababd9adb94b6790e2acf2b9dacf81782c3209fa84d757ffa7e9356c1
BUY,0.007000000091000001,142.857141,1752020471,Yes,0xdacef78f6e73fb766dab983e778c18a8b4a13e7483297c3d123b06c56fca1c26
BUY,0.007000000001554493,8362.857141,1752020469,Yes,0xf9e6ef7fad7a1e3a0acfb7b0bc63eab67496f17e33abfe35e34d345a8f9beb7c
BUY,0.994,3.018,1752020461,No,0x58445d3a8c195d5f4dc10f3a4fdec350f775f5d368c331bb570176cceaa294f9
BUY,0.007000000042,285.714284,1752020457,Yes,0x826cc947cc6d240b007e0ab39e30a4d17b8daec4af18ee1a2ebcbace7f13bcd6
BUY,0.007000000000565885,19438.571427,1752020435,Yes,0x820be8e91a5e8b80d922af0c9773e3ff6268b1f7681b7059d9b5d0dff773f7a0
BUY,0.00700000000035,28571.42857,1752020425,Yes,0xe9800ba9ae3be07705551d0865d4fa72b6e1903e0a69e25d232eed241a8cdfa5
BUY,0.994,50000,1752020419,No,0x84995ec663921d833bd76528547670d8b90b930d4dad6e1f7259c84d15f0dd1c
BUY,0.0070000000024561405,4071.42857,1752020415,Yes,0x691b4738e369498b8a3599b61c2044b8342ad090755a3b2886aeff521d4e778c
BUY,0.0070000000084563755,1064.285713,1752020415,Yes,0x73f22bf5768bbb300c1dddf8770432f63c572f4405cd4b1da338a3812e662122
BUY,0.007000000091000001,142.857141,1752020411,Yes,0x14801a8a7c0dd931296481f502ad70377054c003347d2a9f7e849c8f161ee9b1
BUY,0.0070000000028,2857.142856,1752020409,Yes,0xfb461a767188a4ca3c8184ded45d81e8efd4aaf53be36dffdec77ba0d3008407
BUY,0.0070000000126,714.285713,1752020409,Yes,0x0b49c24294a8be662f792333fe0d54e70ac879d34198b5d7b86870c637382f73
BUY,0.0070000000126,714.285713,1752020403,Yes,0xdfebe14a8c7eeb656b3a752d546dd79bd7ba09109f25e7daa38940dfe05cfed5
SELL,0.993,7.12,1752020397,No,0x549f07f1eb7dfdb2b9cabf4e14da1193ffd1ff36532bc2d2e5a8a016fc41fec8
BUY,0.0070000000077,1428.571427,1752020395,Yes,0x8fa2d15cac5f34ba52ff243d28b9d3de5b4fc9b7fb6322a1ac4ad3572141d177
BUY,0.007,10000,1752020393,Yes,0xd45c1a5674fd74e6063d0aee725a18afa7bbbd6ef99c90713e19f268f8a46c0c
BUY,0.008,5000,1752020387,Yes,0x9d9acf999facc9a5af2d18dfe9c906c104987e5d487dfbe437eb0a19b991ea3a
BUY,0.007960197684832,37686.25,1752020383,Yes,0xe0eefb9f7e5028999aa709b2d85f8879eeeaddf734ed87e7893489c5bcbc93c2
BUY,0.008,4411.25,1752020377,Yes,0x632ff511988226d72033b132ed6a4055210011238a1ac51a6f93a2a26169a943
BUY,0.007190241626300251,249915.10625,1752020375,Yes,0x39ec1c944006f30ac7314e5a36a30a1b751b58ce4a4a5ff425cfe9337485d4a7
BUY,0.007000000032489451,338.571427,1752020349,Yes,0x074c4aefb6df78ccd35a6a3d8b9ba00ee654c0ee5a0fdf2506e598956d057f99
BUY,0.994,1.1065,1752020347,No,0xabcb56f9a321fe0b8ab9dae04d7b36f722112f74b39d8c2419562900830fd005
BUY,0.007000000000397155,32732.857141,1752020347,Yes,0xf635846114282c8e0e231fa8bee50194e531a36e589b7962eab671aee53222eb
BUY,0.007000000002860061,1398.571428,1752020335,Yes,0x02d17188b60cf6706d7b48cd81bad11809e53fa11850d5ef9fdb50bc2e621100
BUY,0.007,1000,1752020325,Yes,0xf72db730257219683de0252fb5ae59b3256611a6ab77a75848f052cca4264c32
BUY,0.006,12940.96,1752020323,Yes,0xea97a84e547d7cf17df8e1083c0012156fbade7238feb97ef824baeb2b5f6fe2
SELL,0.005,111,1752020321,Yes,0xfbd67a34ca484a2af96721fb0b8257c758a97929c3e757f541d72afa2dbb6c01
BUY,0.0060000000006,3333.333333,1752020313,Yes,0x1d3a1bdbd05afff052bdb5ecdbdf2191516326ce8773683b449a4f8eefda7e86
BUY,0.006,7500,1752020309,Yes,0x7cf98c2295d4e5ad409baa97b32016ee0ae55f2137669838bd5eaace8063b077
BUY,0.006000000015,266.666666,1752020303,Yes,0x8e85664cb53b37306edf1c7d5ddb3896f6df7e8b1c2e33a3e20afb825a7c0ddd
BUY,0.006,1250,1752020301,Yes,0x14e0cba1d8f05a85647c3719f89b63a2b377beaf62006fa880fd48e5079d2bb7
BUY,0.006,1000,1752020297,Yes,0x00db2adc4cbe3f9e88053ad59522b8915830ecbbeb71b5e14cf8ae478a2e32b7
BUY,0.006000000024,166.666666,1752020297,Yes,0x3fd971a926c3bfb8f1c8a15685c4f63625aba9c91ae78d46e84e512654889ace
BUY,0.006000000024,166.666666,1752020293,Yes,0x7b44a9c6b2209ee894e2381215e8efa9e042a5be2cce7afc2780209295a2f692
BUY,0.0060000000006,3333.333333,1752020291,Yes,0xb7759203012cbb3265ca8ae289eb7f466773fd2faf0a92317d72af3a987186ce
BUY,0.006000000024,166.666666,1752020269,Yes,0x7580734ec5a3c89fc15965c9168137343ca0efe78924da6a54c7abcb93f61b37
BUY,0.006,20000,1752020263,Yes,0x4d804ead09f9fb3999a4482246bc08e3907bc62a7087d48e29b23943e32545d5
BUY,0.006,8218.01,1752020261,Yes,0x84eb42b698a62341da518b093c0da45ec9b7ab3f0a7878060f126a234d778890
BUY,0.0060000000024,1666.666666,1752020257,Yes,0x08c5c6539c5a17cd8216f575c74475ae9f3854ec816254867b0a0e0b17f8a3a7
BUY,0.0060000000006,6666.666666,1752020247,Yes,0x2ab4dbd249bcd156349a758ad991cac8d3f7d0e92851dcd785cb9040748fd637
SELL,0.006,50,1752020245,Yes,0x5c125ba3714f52de5a442e6b6b5268ff7c4a3a4c73cb4ce2ca05fe0fa03ac612
SELL,0.005519389869555189,21373.79,1752020241,Yes,0x180c62865146d10b5fce35cd62483322854521421acb6b08043d08049a34d8f2
BUY,0.007000000042,142.857142,1752020239,Yes,0x6e09cbd5cab6615318f5ef68569edde0877a42820e652286f5a4fea9c13ca87b
BUY,0.007000000042,142.857142,1752020239,Yes,0x2e71c9abf4f8cfd8e21810c965b36e933b7ac6a161fdb253bd62c78440001b53
BUY,0.007000000000046889,21327.142857,1752020237,Yes,0x28f032bc7dc7dd16c5fde99d95d637010d19a719758970097c3b005ace1666be
BUY,0.007000000091000001,142.857141,1752020231,Yes,0x84362d715fca7072814b26a4fb8672dd1f93b3fedeb10caa6414e6771d3bbf26
BUY,0.007000000091000001,142.857141,1752020225,Yes,0x443e9303c65cd351fa064e99c770fc726867a9532484a3d361df7df47b58fb7e
BUY,0.007000000005204461,2305.714284,1752020223,Yes,0x301c9908873872f19fde9eedfd525d95e3da4a9753fe7df0b35817b9fe5c0fb4
BUY,0.0070000000028,2857.142856,1752020219,Yes,0xa1d7064860f69bf27052e85e3b3bc4730d3dc36ecf7a8273983d4e457a306845
BUY,0.007000000091000001,142.857141,1752020219,Yes,0x2339eb19a5e595500bed14f34c480edefb689d0ed3d4bfbd097c9f0c9453b927
BUY,0.007,1000,1752020203,Yes,0x80103155d48d94cd103826a849d81c73a81fd54e6333abd2a7a9df1c9151cd6b
BUY,0.00700000000182,7142.857141,1752020187,Yes,0x112a9a514637e667b7542cab21c6e3cc79a56427d6f4bb8582952e8882101f12
BUY,0.007000000028636363,314.285713,1752020181,Yes,0x2af0710b223b008d7c9edb7e33e80e4885f14b025bc2fff852c84ee355619330
BUY,0.0070000000005870965,22142.857141,1752020179,Yes,0x5adb9ca2fff8bf8f02f7fc07ec7e20366de3bc5637a0a9552a209e73eb0a8172
SELL,0.006,1166.67,1752020177,Yes,0x04a53f7060cb04cc7fecc6c49af4a8a4357261e316b7724ae2da49753284d4c2
BUY,0.0064240162783904394,4669.975713,1752020163,Yes,0x786347a6cd74960575553c247a77eb2a3586be172e66a186aed4f441afb45c19
BUY,0.006000000006,333.333333,1752020155,Yes,0x93853b3a91f74a4f248ab5f7f90428059504c21e9ea1a67db78305a87f033c97
BUY,0.006,3000,1752020147,Yes,0x3838fee394cc3a88c31b9646fabdef68c766d063ce6de36482ad85ff22386089
BUY,0.006000000006,1666.666665,1752020147,Yes,0x7b468c0a7dfa42ed2fd7cd8ff061a68f2033ae51bf795da34bd1ba7e0b74e7f7
BUY,0.006,5000,1752020147,Yes,0xe3596d8bc61ab7a57a23896043a8a1595f26a5f935b90d09de57f0bef4b53795
BUY,0.006,5000,1752020143,Yes,0xbef921eff496a10a18b144041faf2b811cc2a4c9329343e05a7302458757d130
BUY,0.0060000000006,16666.666665,1752020131,Yes,0xd96d8f13b114b4cbad53d145d992a27a8121d5b9d3947157c1ea2a19f2563976
BUY,0.006,20000,1752020127,Yes,0xea1065183a438b2064d1e9c8faba8c5578a12820d0df5d6ce2fe3d50dbc8532c
BUY,0.006000000024,333.333332,1752020123,Yes,0x83a88570dfeae8d8757f93da5fc37286df909e1695215a59aa14f6cb5ab27bbb
BUY,0.006,1400,1752020121,Yes,0x8c29a02684071933867de8676c1661b3442cd1a93d26b1b058c91b378c9dd130
BUY,0.006,500,1752020121,Yes,0x870b7e9ae8246b0840c6f5144490c3956e8428b74c569afb3018437ca9d32594
BUY,0.0060000000006,16666.666665,1752020113,Yes,0x4928ea93d11501236418551209f518450cc686ea6379288a2dd9ab92cbe7aff9
BUY,0.995,1800,1752020111,No,0x4d3241a58cb65830492e6bf0d75d496eabdf48c93564ada90d22b0be20de632a
BUY,0.006,300,1752020109,Yes,0x2b34321d638bbe5217bb5892980c9d384fcb2692b7b6dbf1f8ff0ecd37d55c71
BUY,0.006000000000126316,63333.333332,1752020105,Yes,0x6866320b4d0f41096083aaf6711e683aa7c813eff6ca8007f95fa5cd92aad2d2
BUY,0.006000000000696662,11483.333332,1752020105,Yes,0x02e05557aa6f1b22f138d62be0e33c463a1d04acb454b5c65e2cff95f9715a36
BUY,0.995,220,1752020101,No,0x95d17bbf06975ff515f315191602b104caa4a57b55323c0d2e59a42f007dfc97
BUY,0.006,2500,1752020095,Yes,0x9b70196d934149f31327672146e07ae9ee2b61863753db241439fa662985740f
BUY,0.0060000000024,3333.333332,1752020091,Yes,0xa4916bacd258855039c49d9b2430572ec484f5d4e9f5699f6d2bb79dae5bfc3a
SELL,0.005,692.3,1752020087,Yes,0xf861671dc9bede7f17297044b1c4fee853389463ed8ef6de58e63c01fbe0fd9c
BUY,0.006000000006,1666.666665,1752020079,Yes,0xa4b0b64bd8c29a7379274ed1c95a2de340fb0aa3125387e73ccb8555c904762f
BUY,0.006,1245,1752020075,Yes,0x45e6e5bd9941dda1b903659f675f1f45053c4b017772cb7aca29d183ab597beb
BUY,0.0060000000024,3333.333332,1752020071,Yes,0x1bab42493a7bb580f9e1307babcce14066c62154b9a16d26f5843124e5e0c9cb
BUY,0.006000000060000001,166.666665,1752020065,Yes,0x9b8e75f401193eac8f1b2953d4260710a898ebc707ae2db43327352a27e3d7d1
BUY,0.006,400,1752020061,Yes,0x5a307dcae41165cc3b24d621492a4cb681cee2dc99e78ee6182cf65066233a97
BUY,0.0060000000027272725,3666.666665,1752020059,Yes,0x4061f352a01e506d0dc1ca15e3a78ece5c900416509ccd108a9271e559a8541a
BUY,0.994,2000,1752020051,No,0x2fcf9626895368db1576d10a0acf1453630f44d41cbc422abbd49a56b703d54b
BUY,0.007000000091000001,142.857141,1752020051,Yes,0xe51331db64da80886365f44cd19dccc1133b1154cf9d5f7abcaf7af85edf6f5c
BUY,0.006091379399224354,1641.664284,1752020045,Yes,0xb3ca916e7b4dbbeb3f832fb92abe184db9d9d22781f2efea65524672be7c24d9
BUY,0.006000000024,333.333332,1752020041,Yes,0xd741df727a93f22baf81b0b85aafa364d705c2846f0a2db0f8da5ca7e618d722
BUY,0.0060000000024,3333.333332,1752020037,Yes,0x273b5420ee51990784c2bc6f8fe2e8df239ba61479f7e5e462d41e1573d80dfd
BUY,0.006,591,1752020037,Yes,0xeef890d2269a88d73da2010cc0a99aae95737b7a4fee0e329ee01e2129396a90
BUY,0.006000000060000001,166.666665,1752020035,Yes,0x6c6d0c869a9f4acf3c52cf1cbed4023041673d723712d8b7a539a4f5c6871627
BUY,0.006,550,1752020027,Yes,0x483a4f2e9bff9d4bc3b0ee386c6402988a007e38b40d0eea2b9c130a68b0d22a
BUY,0.994,291.71,1752020025,No,0xdd3dc8bf61a74468a18faaaab5cdd634488546cf587efa85fc2d4f74116efeaf
SELL,0.006,1466,1752020025,Yes,0x5ac1a95224b6a78c3d41b376329e50428271be107b20d0230e3f977bfe8731ca
BUY,0.994,1297.837,1752020015,No,0xab820853015866eb2ed194d97b30f2f35b88c761fcb0f52cf188ae53ce1dc048
BUY,0.994,10000,1752020013,No,0xc885f8aa7c1ff58a22ff3cc00243e516f2d317d4c15e61af166d9a956581fe7f
BUY,0.994,444.45,1752020013,No,0x3de868eb930b55bcdb0cb41c86998545160469a6f4429b56037bb064cb87444b
BUY,0.007000000091000001,142.857141,1752020011,Yes,0x0cdb0e11b5cba9228cb282108ad82314e3de9af69ff1a524d7007f5529bddc68
BUY,0.007000000042,285.714284,1752020007,Yes,0xd827f8b85d820aae01e33995b3196fd6a9bb3591cbfbea75d83e0e170ca046f5
BUY,0.007000000091000001,142.857141,1752020003,Yes,0x573a079b29c81d97b477b817732b0b2be1327e11ce1ebaa0e2407133c91f3d0c
BUY,0.0070000000028,3571.42857,1752020001,Yes,0x9dd6898ea084e0b7c50ec6924e6e5e9b6cf243d5d10b5996503421387a396abd
BUY,0.0069696422150562105,3952.857141,1752019999,Yes,0xdc30034e02828dbaf43df32d537940495bb2c68a918efc4e6399a3c724449d0f
BUY,0.006371339939172563,156.952856,1752019995,Yes,0x641499853098e9a7ad68b2166199caa331c9b850e6f05318ff17d86e2a02a502
BUY,0.006,1000,1752019989,Yes,0x0caefc90258515886eb4e674abdb3426393878a6c5dfe931be6e07a01961c96f
BUY,0.0060000000096,833.333332,1752019987,Yes,0x2d25c9b6506651c4861937a6d330f73b96575e008cc6f48e9a263b712411d1a6
BUY,0.994,0.99,1752019985,No,0xacda583ffe2dbdcc9526e328b4547521c5e003bdec8d88e8cd86c4a1c5a99741
SELL,0.006,885,1752019983,Yes,0x1477f7ce388e39e8143a438bb5799ed8e31613949fb745d6bf754f0b9bca9e45
BUY,0.00700000000182,7142.857141,1752019981,Yes,0xa648821a8032a9e1895927fa887a856b31b4da6b1ac8616683281a50211828b3
BUY,0.0070000000126,714.285713,1752019981,Yes,0x83bcf08e44ccba8d7b697e96b1d805e509ec4d2a852463428b6d9e0f57a05e1e
BUY,0.0070000000077,1428.571427,1752019973,Yes,0xa2ebbb3707344ec84bda7368dce8bf4d4c4b6bb855bcfc17c4ba4ca64f61d947
BUY,0.006925175172092734,11840.855713,1752019963,Yes,0xf640c97732a2e011910ed063f8d45cd20ee7c4b6cfa37556fb86d4ad5df908ac
BUY,0.006000000024,166.666666,1752019957,Yes,0x8e85c2defe4d839001064e6e7d26c2f0c3923b1010e31a31c6433951e2e912cc
BUY,0.006,1000,1752019951,Yes,0xb069dd15e66617dbeb50330b871b74fa1027f76bc2a2f2c0e39803dd79286af1
BUY,0.006,836,1752019949,Yes,0x2d97a7045af33bff908409ce064d752475800d1549ed6c45bd343c2ef565f5c4
BUY,0.006000000006,1333.333332,1752019949,Yes,0xf05f29a56e7470e8328236ccbfcd3c2c8393ba9ac47de0666dee7cc5fd595e74
BUY,0.995,10.8642,1752019943,No,0x507346ab4657fe9879e9f2e0aeab5b0fd54f0db6df4fe84128c8033d8590725d
BUY,0.006,5000,1752019941,Yes,0x212d469624b3ea92ea72f116f6529b03fa1e57be9359722e81c95dd45307b397
BUY,0.006,25065,1752019941,Yes,0xb590f509342d67063f92236a0694a418e79442c28c7b48e0aa910302779883af
BUY,0.006000000000691244,2893.333333,1752019919,Yes,0x8872700fd7cbb64afc13a45661218a96d7427b67ce754ae622e5840e94173be3
BUY,0.006000000018461539,541.666665,1752019917,Yes,0x10bd162075d5b7c001d397987a23fd4fa52861113dd9aab885077f0f92e384a6
BUY,0.006,16500,1752019911,Yes,0xd526d201e2e2f96741ea3558a7c08c611f2db4c9e85b722d82a7fd2e3ca586b4
BUY,0.006,400,1752019911,Yes,0xa54afbeeae3f378c8fb96f52c4eec8d82055a9d151668e03f1af17a2874303e9
BUY,0.006000000015,666.666665,1752019907,Yes,0x08ee7791aa1bae89a1e72e8e63e8c87cda6ba84c28bdae814e6081577bdcfe11
BUY,0.006,30000,1752019905,Yes,0x13eb7a8abb8c2d9adeb5f73787c723d9ef12b2c0708cf8cf82b9d3a708ea23f4
BUY,0.006,1000,1752019899,Yes,0x13ae2f0669a6a9f2702983664d58e81dea8d8f295d47a94dceedf5e6685a5195
BUY,0.006000000004615385,1733.333332,1752019895,Yes,0x495279a622a29e590256ee6b0c04300c5c97134b74602fa0d720c761356facc1
BUY,0.0060000000024,3333.333332,1752019895,Yes,0x84546a2b5aefa35e96658c6f6ac17880c1ed2ce4da5a30d0bde53205197fe6d0
BUY,0.006,1000,1752019893,Yes,0x5fbc76a3bf92b4bb77cbb25f7bf90e1828c60dcf1825b6ce6234b0149492456b
BUY,0.006,200,1752019891,Yes,0xb9caede8e2679f32738efab859f077330fe7d147979ca6a7f07a627688843f45
BUY,0.00600000000282353,2833.333332,1752019889,Yes,0x96e25ea18cf7d0b1cd4be67963a3d3dc14be119a3651e82d54774d4e5448207a
BUY,0.006000000060000001,166.666665,1752019885,Yes,0x87b689c2805ca9f6b0da6de0437cf4cf6b894b231fce9ec5a18e4ee946305581
BUY,0.006,40000,1752019875,Yes,0x04610240275bb880216733540d996837e75846cf49d8e8d84130d3b2da87c383
SELL,0.994,19000,1752019863,No,0xfeb7f619a45e9159a1e0b5a98f255d9561761e5a22faf1af8b3bf7ed451d8075
BUY,0.006000000024,333.333332,1752019859,Yes,0x9bec10df9a44f56376c011fcebc0dc032de328c784ff527147d8c6f138a8cb47
BUY,0.006000000000160005,49998.333332,1752019855,Yes,0xc4da567fde2474b84c43b6c248006b594ec5e2ead38865c3230b762fc860b309
BUY,0.0060000000096,833.333332,1752019847,Yes,0x6531fdd95c47f3890a2e63b26d6ae75ad21135e58bae2299ba3e1ff7f8197c4c
BUY,0.995,6000,1752019841,No,0x201631e5384230eb62d2ae2d0e5ee624b47818f85967adbcd5fd656b2e254a95
BUY,0.006,32620,1752019839,Yes,0x79061d2dcb85e4d4f2d0f8728676dc40a1081f6dccfb50827125109f0c194186
BUY,0.006,3000,1752019837,Yes,0x954dec7bb02e2cfcd844828ee44c57f04174f7639e532b9d7ecdf7bb1a3f0d5e
BUY,0.0060000000096,833.333332,1752019831,Yes,0x93432ae83a556fdb38e16ec6039bd53034487bb5ad081dd3220bff87b16d2307
BUY,0.0060000000006,16666.666665,1752019831,Yes,0x6d2d2d88b3faa8097c0af91d90d3fe1f3cf6754bd3b6f9aa5c8e142b22224a73
BUY,0.006,650,1752019831,Yes,0x19cb8a67be2a0f37b008cd2deca045dbf86efae93ceac0f4aeb4ec407fc605bd
BUY,0.006,200,1752019825,Yes,0xbdb629c06ec5f7da3badd1081c8a976507c38deea169e346867b425c47b8210c
BUY,0.006000000060000001,166.666665,1752019823,Yes,0x9706460b19c70304474f965f9633290f45209f33be26abf991b6c72078bb5141
BUY,0.006000000001371428,5833.333332,1752019821,Yes,0x6af2ccce6322e1e5609893948f048d0d5669e8aad1998f8758b981223123fbdf
BUY,0.006000000006,1666.666665,1752019821,Yes,0x37e6d0a8b2a5ff3e1411f802a68cc1127d742cfdc3cb6ec62fca0fd7707633a6
BUY,0.006,34015,1752019809,Yes,0x56f7afc0137089c39254de9bb5a03173720b7499ad1e35a512c8a5a723a3a6af
BUY,0.995,4811.9094,1752019807,No,0xbd79881563c153b74e7c0b4cb0b1277b9c6244ef7ef56b15beeb333ad7d05b4d
BUY,0.006000000003428572,2333.333332,1752019803,Yes,0x098c042b079ecbd6893096e8de90e4c51430dc7f3858bc89496197d8a29c48f2
BUY,0.995,3350,1752019793,No,0xa72ca4bb3f195ee94226baedcf5d4c13b388ffbb29c4da016a3678f5f5750590
SELL,0.005,10000,1752019793,Yes,0x51e562e2b30d43d2707d1723bf1bd55a34f5db26c52aca0b9ee49c15842b4b3e
BUY,0.006000000006,1333.333332,1752019793,Yes,0x76d38da5676e86ecde4c1f7d4549d76fa117bde88831e65a0f97d750d346a610
BUY,0.006000000004897959,1633.333332,1752019791,Yes,0xbc5b1aabdfaece0dde27598a9e9bbdbf73e35db06d0308d4951c1d8159f6e684
BUY,0.006077102579194659,164552.101428,1752019773,Yes,0xc07179a6a7e3e4374d49b0509d2ce074f85049860e5220c4d62f817dc336a81d
BUY,0.995,10000,1752019773,No,0x055ed5706f35ecbbd43953702832f0d841e270772a1850dcbc0f1b4e7334d8a4
BUY,0.995,1000,1752019763,No,0xdd51368fcba15376fe180ce543a44d252ab2b6b1942d91f35ae4d919e13eb8b4
BUY,0.006000000006,1666.666665,1752019757,Yes,0x5cfedd7a6470bbb707a0bf58b22bd75e47f9706d1ec87268967389461b7a089b
BUY,0.006,2000,1752019749,Yes,0xbe431226a887401fd80a3fe9b7f3f670c62eb5446e4c777f5c3ff008ca5e4bb0
BUY,0.006000000000606734,16481.666665,1752019747,Yes,0xd72aed66cc5bc8d2c6650a69fd49c4b527a7ca2e71b84cd66dc44c4db7a557d4
SELL,0.005,5000,1752019747,Yes,0xf78577ff96c126a780c5a5c2f1049040f9245d045584f879b5b18dfa26a14f5f
BUY,0.006000000001101119,9081.666665,1752019745,Yes,0x57477d20745f786c72bb94723636228ba994f2a76bf739a3ac702e7dd6a26754
BUY,0.006,2500,1752019741,Yes,0x117f161cac3da234f14b30720511e0d04210b63213fd30e28d5eb0714473d0a8
BUY,0.995,1043.3466,1752019739,No,0xeb5bac4dac4c7091e168785f3497b440ebfc90e745454b591b8ef5766e82a663
BUY,0.006,5000,1752019727,Yes,0x69cf47e8a6a34a09521a2511e120b79709600d994b80896c46379eb99dfc4799
BUY,0.0060000000006,16666.666665,1752019723,Yes,0x52b084b5b1729cac71de74b758a42c1ef887c2f9728fa4271f0c3db4390367c5
BUY,0.995,7297.15,1752019721,No,0x6aad5dcba56ad2618dedcf85236219a3e57502c6e75a1b044352c0bb82ab67d9
BUY,0.006000000024,333.333332,1752019715,Yes,0xec9a5495fbb3d166e1f9f769afd3cd2d617713405dc7842148d106ec0b4db711
BUY,0.006,10000,1752019713,Yes,0xb18855be8c9445db5a9a2c23da5cc7e4a629120c1107d6e691b3e89f47e0a250
BUY,0.006000000015,666.666665,1752019711,Yes,0x7054f2859dfdae5f6f07fb58f7c12c7c852c116f468bb9f4765588e65218a741
BUY,0.006,20000,1752019709,Yes,0x0201524795ca6f32deac1d2d615d280dc914e566be8eb6c620f9b79194795625
BUY,0.0060000000006,16666.666665,1752019707,Yes,0xb7eb6d58a24ef28ce14ff0f5ae670833a3aa6ebe5947c2d03a41d975514cff1c
BUY,0.0060000000086642595,923.333332,1752019703,Yes,0x6db7f8c9a65d7dd8326dcfa02fd5e6610e411e0537467f791967cd39f3a924b7
BUY,0.006,3780,1752019695,Yes,0x5563e92f14c14ac1c7faaf3c7625691cdf632ca42a95e0aa6e2af441a5e52930
BUY,0.006,1500,1752019681,Yes,0x0736acff789fee6a21c717ddcb8b6a741b8c4cc43f5cdd3e49190157f7bc42b9
BUY,0.006000000006,1666.666665,1752019677,Yes,0x5c90c53356f07e6d387d1ef0bf4e42ebaff1ab29c81d94679549d8d15e6dcbad
BUY,0.007,7000,1752019669,Yes,0x0829dcd4ae22dbd6326bd1d1726016961aebc8d995b2fac2fefcc6b2ddf1b0a7
BUY,0.995,10000,1752019667,No,0xfb9ff424b1088ec10fe73b147016c1fd3721200ae72f9dd43abf73f61499bdc2
BUY,0.995,1043.3466,1752019667,No,0xc342e8ea141bb863b865f4bf1ffc028dc2b49d0d2d7b4f7ae98810a5926ca186
BUY,0.0068182666038694,29332.968571,1752019663,Yes,0x166271697f13eff7a34292492f459cd40165aef61bb539ea18621ea006b2d6b0
BUY,0.006000000006,333.333333,1752019661,Yes,0xde339d334fe4d6106ed85b419ff9d334c4df0d351fb4b913f7b8f9353e37123c
BUY,0.006000000024,166.666666,1752019659,Yes,0x6a079a5c24b302cf90521b180e35f7ab0a774608110f59b538c291cbbed84598
BUY,0.006000000024,166.666666,1752019659,Yes,0xde15b6adfcafca6168d02e9ecd902ea1eaa158ea0e70324b964e7ea296288f7a
BUY,0.0060000000006,6666.666666,1752019653,Yes,0x321f445f821d2e12660bd3ef79d78a190cb7ac86dd5c718e6adb09351c81e0db
BUY,0.006,795,1752019649,Yes,0xfcc86797eb7fc14bafd05f8a31d4f9a9d8995870b951843eeef1f57725e8656f
BUY,0.006000000024,166.666666,1752019645,Yes,0x9b1a9453f28f731f004fc2fc60ea9f0f5ee4820dd8d69b0ff8a2f267f83b837d
BUY,0.006,1645,1752019641,Yes,0xb55d832e961588fdcfaab2c2cc0b13b229c0c0c49a85662f738d9ee36199af2c
BUY,0.0060000000024,1666.666666,1752019639,Yes,0x70fd2c0c0f49199e8bada82cd5ab4e333056b55c93fbe7ab1120164bd0fb9e36
BUY,0.007000000000023333,42857.142857,1752019613,Yes,0xc741c34d61221df0aee278ae23603b19611d496425feea9ab95fdbd2c49dbc1b
BUY,0.007000000000233255,21435.714285,1752019599,Yes,0xd16154c0b0105f0063b2f2e900a4342241935f9077212db2a0c604d28919280b
BUY,0.0070000000028,2142.857142,1752019599,Yes,0xb2005e07c5fa4622c9ed50d1a715200d135f36bdf3141930f630b5b63f3d9f76
BUY,0.00700000000035,2857.142857,1752019591,Yes,0xaf877fd3f7ea4abf0b043bd6b1adfc7893d63055379d33be8d31644ec215e301
SELL,0.005,20000,1752019585,Yes,0xe49fa5ffff58f184e2d65a89cc89f1afb0d9039d9eca1a93371b80563db575eb
BUY,0.006829268296347412,2928.571427,1752019585,Yes,0x2be706cd7b1e6313c9236ec467add92678ee31f5cefd683c95df7cc6dd748755
BUY,0.994,500,1752019585,No,0xea24bffa569f141b45fd112160e46cc4dd0645a221e28c915a944bc805fab888
BUY,0.007000000000186667,42857.142856,1752019583,Yes,0x24c203b6a4cd3ba456ce1d1db815d1aff4cb5dfbf858f2ece15d5593d897e791
BUY,0.0070000000028,2142.857142,1752019581,Yes,0x2d06574cc31df827697ccb4520d0dea96790ae1a59a2127a4ee467a0b5277d9f
BUY,0.00700000000084,3571.428571,1752019577,Yes,0x3d4b6fafd832186228ccd95898bfe16cb3316525172d70aafbc120947083e166
BUY,0.007,14680,1752019575,Yes,0x4f847e3c7edd95f3751a465e1cbee0bbb5c18250e26b642f809b163545f295e9
BUY,0.006000000000034316,116561.666666,1752019565,Yes,0x1bbd09e7006d9984bd9cb4d93935b8810171b05b626584a7a008a8120644bd71
BUY,0.0060000000015,1333.333333,1752019565,Yes,0x89a7d96fecf78924f00bd934edaccb42f3b33ba9ddcf8d999ca073b59d724a24
BUY,0.0060000000024,3333.333332,1752019561,Yes,0x79a61c685348a71ba52619ea7ac27894f9e6b629522e3aca85c57b3225170353
BUY,0.006000000006486487,1541.666665,1752019555,Yes,0x4c80849c3cd87c07ed77d7729d7058bed0019aea5a780e7b4ebf0596fab9f4dd
BUY,0.006000000060000001,166.666665,1752019551,Yes,0x74f0569992dad6bf6721c918a7902ed6b95dbe6ef1316787213516d21017270e
BUY,0.006,1000,1752019543,Yes,0x54fcaa8e251528592c2e6066ba162306cedc043099e48553d6e21577dd4044ce
SELL,0.994,144.49,1752019541,No,0x74987583b495a34213752767e78c2c4d619cd5fd9574b932b0dbbb1bcfbbf13a
BUY,0.006000000060000001,166.666665,1752019537,Yes,0x88a31e3d50906dd293516c8d6b0066a4df4264494c8dfa4f4eba514e03be342c
BUY,0.006000000043165468,231.666665,1752019519,Yes,0xb33b5a044a2547c838615b6a98be19676f614d3dd95a6ed49e4e83dfde1e89c3
BUY,0.995,77.4672,1752019515,No,0x396feb4eb4b4ff2a8bd225243ff68e7ca82ae36158c45a7bd0e56c6b2a9e9057
BUY,0.006,500,1752019501,Yes,0x471230f66865e090e5dab52f152e29686cd11db45a87c91b4f568ebc38ad1fce
BUY,0.006000000060000001,166.666665,1752019499,Yes,0x6f10b9f609d9821d16b764652cda1b327cebfc29e9d228d498a11cc5993e1a30
BUY,0.006000000006,1666.666665,1752019499,Yes,0x7594a7a3c0b9e55b4b6f47ab6f506b514e246f5e6263fc8e8e2f0dd9f87f872d
BUY,0.995,110,1752019493,No,0x6dd0e4a62bf5cb0b89b7a68332b92efea3f4c629fcfb83f43e9b26b430aab20a
BUY,0.006,7040,1752019493,Yes,0xf9d1b08cdc7ef77bd6d922a475264b28d292de3849f46917436659b6342c5e3d
BUY,0.00700000000035,2857.142857,1752019467,Yes,0xdc43b4ca1c5e3a2997cb9821a07d3a26348cbcd66ed17927a1e1d976058b63c9
BUY,0.006817380595798477,4352.111428,1752019463,Yes,0x48b7474c7d12c33c37adafc7d1f90d58347a04b40fd33667266d821bd909ce81
BUY,0.007000000042,142.857142,1752019463,Yes,0xdf4d7ba5edc01cd38f99d7e09150215711b87d451334f90dfb262e270f19b29a
BUY,0.007000000008187134,244.285714,1752019453,Yes,0xdab4b8b0ede6cd655f08f9600030ca926c104d488796fb17fa83a144afb4c214
SELL,0.0050125,20000,1752019443,Yes,0xedc89184d0a52f9506c2e82dc5520a4b9b6fe6cb81e119924fdec836530f838f
BUY,0.0070000000028,714.285714,1752019443,Yes,0x40ea2c7473dc0ce35d4f295cce8368b5bebc15151dd9a8c6f705a46857d456c0
BUY,0.007000000000493793,10125.714285,1752019437,Yes,0xe3d87023ab3dd267ff26ba8b9dbc56a76f794ee362a3d2408b72274f43e8a0e3
BUY,0.007000000000371681,16142.857142,1752019433,Yes,0xbbd232a4b1345229b4fc858db20c848cea0e07b7d5267135f3d7ce3950da31da
BUY,0.007000000042,142.857142,1752019431,Yes,0x990ac7340cf7c109b75ff4765b36e136b1c745c0e587c278ad46c709539be5b2
BUY,0.007000000000607112,3294.285714,1752019429,Yes,0x0addc5833700c09c1f7502a22d483ea118059f8b9166110b949415e1843b8626
BUY,0.006875,8000,1752019423,Yes,0xff3ef8d990b3c45fbe5be734fec05d89d0962cd587fefc3eab045336ef0475f3
BUY,0.006000000024,333.333332,1752019401,Yes,0x48bfe5facea8b78676f2f3813e5ad599e29e7c361c82822e99ab926213ee8c27
SELL,0.005,1807.5,1752019401,Yes,0x534f2a397dac4020fa9c7916e560dc0b2b364cbbcbb21a391fff9042d4983bae
BUY,0.00600000000433526,2306.666665,1752019399,Yes,0x22ab47eb0728c364110403c36b7be5567aace2e8f71887808fb75e96f3798004
BUY,0.994,540,1752019373,No,0xa5a1c1032167e8d1e7bd2935d8f312f1341711dd6d856f7356aace51184405b1
BUY,0.007000000025666667,428.571427,1752019363,Yes,0xcea6c1230d342f3d642462c59275b6df216705d2a428e1bf16ef95831fed46fa
BUY,0.994,5,1752019347,No,0x93ac86a2ead28f53dbaddd14056e22305a2013920be748f0e5f55bd5d939bc85
BUY,0.008,275,1752019341,Yes,0x828852b77990129d515e34e778be7b1da0208108f72e4f84af60bce7b4f33a66
BUY,0.008,1250,1752019339,Yes,0x6207641d77f98e154439d233ada7f2670a59c570e270fe55b6f566b71ab317b7
BUY,0.9939999863858306,367264.42,1752019337,No,0x6ad433cf5431ea19351f6f66cf63e4da051462fc1d5e7c0f35a9a11ab3ffb6d0
BUY,0.008,2500,1752019335,Yes,0x06c8fceca07612c35c741c879ae442ae949e7260e2995272d6b6995773be57a4
BUY,0.008,1807.5,1752019335,Yes,0xaa88cb488151a5b36b77cf399df0baed96c15325e7b918a38a4e76d40b3ae1c7
BUY,0.994,69.79,1752019331,No,0xb2313055af8075f0e06222d23aed10e807f5a5c7343f2f2ad50acea6733e87a6
BUY,0.007,78101,1752019329,Yes,0xa316aad8b2b55a709c6c30774396f2834ed0f6b753a6867f25c9a87a2fbacf5a
SELL,0.006,10,1752019319,Yes,0x92cd6f55889a5a857296fd0aa491ae07951ab8f3371ca2d8abb8fdb95c37f9aa
BUY,0.006,133655.79,1752019317,Yes,0x7f214f1c0c1f76fbbaf0a121085c154a722c5ec7086b92c21498a3d630078b02
BUY,0.0060000000024,3333.333332,1752019307,Yes,0x1b80eea5d4631cda746be7dcb6b7ac72a3b618314ac035031079d6ae66b6c7bd
BUY,0.006000000024,416.666665,1752019303,Yes,0x4f539e8d75025093b66b74695081d6b91c4705a0612d3c4e0a84125d4490099a
BUY,0.006000000060000001,166.666665,1752019293,Yes,0x33d57aa86a38f76e83547ef988fb9fa3d9e47e4ab5d4e2db748f87d293dd1222
BUY,0.005107471852610031,4885,1752019269,Yes,0x9fab9c8d14b2af0f99edb8996b7b509926913668246d8b38394551e39a4a3876
BUY,0.005,2000,1752019261,Yes,0xd5631f810e9a94052538b8760048835663aaef7dae825fc3daf0671d69936546
BUY,0.996,1000,1752019251,No,0xccf67aef847a8c984bf1f267b2aacd17afc2bac2d06216e1170a163ccd04c6b3
BUY,0.005,300,1752019251,Yes,0x07eec54a47cceb289c0b5f985abd40778875dd39d93a573115c831bfcbd0711c
BUY,0.005,1000,1752019239,Yes,0x1a7cd5a237ebaa1279e5f5dbc80c6628bbb2cbe9498858f3c54956c8a31febe8
BUY,0.005680473374125556,7041.666665,1752019215,Yes,0x5354b6f555cb6c039d3d5a68eb4e88b7bf919a2e6cea5272743435431dd291bc
BUY,0.995,250,1752019211,No,0x4df3cadad9eeab0802ec5e01994438942b98742fea59cdb0dc6d92f166aaeced
BUY,0.0060000000024,3333.333332,1752019205,Yes,0x4cfab6ce2be049a30fdb954a1ddd154030b486d9b5c27148cfe2594982164911
BUY,0.005796386720165134,6826.666665,1752019187,Yes,0x3d0cdbfdafe048ac850188928e91a5dd8848626d2e88b4517b9fb4f9b5282398
SELL,0.004,1002.85,1752019181,Yes,0x5b721c1b39fb2cf885d9c52a90ece32341f4b57722bc67bac5dcafddeef3b44d
BUY,0.0051428571457959186,2916.666665,1752019179,Yes,0xda83d457ba896d8bcf947e3a5ef174010cf0c8f74bfdd2915b4c2d6ef0e04b64
SELL,0.004458147980859458,11999.66,1752019163,Yes,0x185c4a8e7cf46831efc4361ae7c3a7f9bcaa391cb51c5a4ff35981d4aba30451
BUY,0.0060000000015,5333.333332,1752019163,Yes,0x262909be32a664de94796ad446b705e1b28b86d6b078c3b4a28529aa2a264cd9
BUY,0.006000000060000001,166.666665,1752019157,Yes,0x69c79528fc911f1a28c01d62d604f59853c525bc47e87e4a2ec5d44608a8ae62
BUY,0.006,500,1752019157,Yes,0x0293c9b0d43a52857eb0173aa06f0114c7d4517b7b8acddddc11850d69c0c429
BUY,0.995,802.38,1752019143,No,0xa5d5cc219a26c1975ab308eec3fcf4256c1bdd675583efec8ef30ad86e2b8bde
BUY,0.006,1000,1752019141,Yes,0xe2381adf3f8c387f2054b86f1886650b524ccec2580ad778ae7776aef76d3745
BUY,0.006000000024,166.666666,1752019139,Yes,0x0ef5af9fcdb29e273486bbf062f006aec329f93275bfd174b03b859ac92b5eae
BUY,0.005,474,1752019131,Yes,0xfc948287628e2819be9e2b075b6192933ee3d8648ddc6a4c9f9657334afe0f91
BUY,0.005,1026,1752019129,Yes,0x69b98b34553c205cc4eccefbf15a8abbcb4161b7931e29c42ff3ebeaa9ed0b62
BUY,0.005,2000,1752019119,Yes,0x5ac1716448165f614aebe7c464e1fb5f48bc245f69a5cbf644934ea47c870dfd
SELL,0.995,201771.13,1752019109,No,0x94943afaa57ecca685371419668f165d891f6d70d15bcb93e70584c74db6c877
BUY,0.005,4000,1752019107,Yes,0x60b3fb64773dea736f5f4d47d7a5a01d6a1af1f9d2c3a7e763798073d98a8bdb
BUY,0.005,5000,1752019107,Yes,0xa7f5a4cef30cd353eced7797d81fb146b5be2a7d07223e26e07e6c5ba53a1bf1
BUY,0.005,708,1752019089,Yes,0x47a9c7a039c11d92ea8ff0a5a2819f927d7a960bd272025dcc8b23831ac330d1
SELL,0.004,2500,1752019077,Yes,0x73cf66ad2dee403c4948ce23ee596a6461cd2638942a2d3e262b73a80e0f093b
SELL,0.004,4000,1752019073,Yes,0x9af613c5d8a3295299d245fd1323adab2fc199f2fc067fa0bc5ad457431786ea
SELL,0.004,879.83,1752019049,Yes,0xeec44f3920978c64c1929288a5c3411984a5176ded400ee8ceed51d4492a6bd4
SELL,0.995,5,1752019043,No,0xc1b5f61d15e8cbebdb859da5f855751673fe9e8626558d06f9976a15d01c8c28
SELL,0.995,5,1752019033,No,0x75d93dd2b18d77a9de3b87dd56760d4122919e5c232ccde9ea352dedca671074
SELL,0.995,1000,1752019031,No,0xd970816f4fc88b977976b714a2e1bf5daf1b21702b530ed58d5170644101af22
SELL,0.995,1000,1752019021,No,0x5a5d44f06a043d8fae217de1750640c14ba0bbece677b08d57145bd50354daa3
SELL,0.995,500,1752019021,No,0x937ce6b48a64e677fd428715652a31f29d305403804822814e21d91f9f017ac4
BUY,0.005,272,1752018971,Yes,0xdc924390241845e3ec7b58c5cb586ee31eaf75e2b4eef14e729af4c0c4576b5d
BUY,0.005,3998,1752018971,Yes,0x9adc15a946e92bbd4d89eccd5381ad4c790680d76f6305e1ba8c414ec610fc8b
BUY,0.005,4000,1752018971,Yes,0x650ea0c73a1135e9ab22908647f0e297dda266f7aedff6a5c80961ea26ab31ee
BUY,0.005,600,1752018961,Yes,0x72cf701f2e9da951f4a6be8b63be35d9212817c7296045b2d24e645901ab3117
BUY,0.004,38297.74,1752018953,Yes,0x1154d047b5040bbcb9f1fcab7e17070ec81fb4363419a38697a99d4af75eb304
BUY,0.004,610,1752018921,Yes,0xe68f896ec53fd068f55cf307946167d78026c8692024a6f82b4bbaf208389df9
BUY,0.004,6750,1752018919,Yes,0xc06c40f92dc552f198e4ce7dd844691d68a5599cde203aa16f922f884fb0a2b6
BUY,0.004,2650,1752018911,Yes,0xe63fb233af9a74f3119c3ef822f144aa35731f8940c6a7fad2754752885e1e1d
BUY,0.9969999999750749,80.240666,1752018893,No,0x5b0d614ac8e564eef26cade7eca1e45d843a6a79eedaac0efc088f3554a1d436
BUY,0.004,750,1752018889,Yes,0x9ae1bd5402118fd684e31ca54394f7fc5c99b7f0e09b1ebc0a2d609167af0d3e
BUY,0.004,5000,1752018885,Yes,0x04171cce257d2c39cd20e0a07368d6290c221c88401f54657ddfa89269ded9be
BUY,0.004,1250,1752018881,Yes,0xea6764f7de3aa0b790acc15fe2c0c0446269b9f6f27fa8f1ccf023954636f291
BUY,0.004,500,1752018875,Yes,0xaa35421e6e20433988a36a92d6c9dcbcbefea9dca94ae9dcd04c9542c8e72a5f
BUY,0.004,84500,1752018833,Yes,0x247be14600da5db93224bc494ba59973e25de24b8a8f2e487b0224274b0ee728
SELL,0.996,65,1752018819,No,0x0027f52b154353d57f96148282e52e05b4f81336b4d53578d0d470fa68bc8866
BUY,0.004,4910,1752018813,Yes,0xbbe73abc56d61c0fa6629719a3f9ce1a2ae81c3da1aa2560bb697b287fba404b
BUY,0.996,3767.26,1752018805,No,0xcbd58b1870f1ea17067c785b233ad06e4ec64cab2ec40072e65ebee78c253084
SELL,0.004,1232.74,1752018801,Yes,0x9d2303728ff1e4326a776e0683a220b9b34a3d380d91a1b3b95bbf382b458b38
BUY,0.005,2132,1752018795,Yes,0x31df7ba2f32baa7ad78aeef5fd2366ede6df875d759b70a1166475c2a383f02e
BUY,0.997,50,1752018785,No,0xa38e95fcd325a8f89625fa3ac1e6fb86d3d0ced3e3c684e2d8a7717dce54a9a9
BUY,0.996,378630.65,1752018783,No,0x3c80364f7ae7a89da43301dd0c9952d8e57f9bbdd14f5529f5be938a2791517d
SELL,0.995,5000,1752018777,No,0xb7686a0e6cd4c5ee4b4748545002cb0c2e29dbff54f0c8ba610046bc46a1ab5c
BUY,0.996,30,1752018771,No,0x1cd042e3ef82577c3dca73ee3bf161cc7048f6b78cd790446b112c437fe89141
BUY,0.005,1000,1752018765,Yes,0x77dba13d3fafe374f87cbb5bb4e6c44e2e65dba57f02f22aa6e49d12260413bb
BUY,0.005,20038,1752018763,Yes,0x00f9ce588d553a352a0ffde6de4a612e1f61deaba140c5e7d5e3f1500e251dfb
BUY,0.005,600,1752018729,Yes,0xe96d72aaa6b06f318e5c953a8af75ffe0402298e2d90ad96c7fd070018a06c19
BUY,0.005,1000,1752018727,Yes,0x7a62a3ef92ff31c7a5476015897e043313a55e3486516b4e8db314601d6e52c6
BUY,0.005,500,1752018709,Yes,0x3eb94feebd16de069075d4d91c81be7fd6313e3746154d7c37e343821bef7980
BUY,0.005,3366,1752018695,Yes,0xdf9083aeb55ae09628b42f1afba7cfcd31318bc98995b01e43ba9ecd2254c883
SELL,0.004,200,1752018681,Yes,0xa70759c56ad4bc2f5b83159ed19876f5aaa34ddb21bf43234fda4516029da09c
BUY,0.005,20000,1752018677,Yes,0xee3773fcbf1ad1339bce1a7ca53456d625dc6aa33c2364a4729fffb9768c3f2c
BUY,0.005,798.27,1752018677,Yes,0xd9fd1d7dc016ec632f9ffbef1018ccd9c0db16395950201b552b3f7cc17bddcc
BUY,0.005,3000,1752018671,Yes,0x3867d9c1e57ee0eaddb8214e03859d7bb60ddddff892cbb62b5a41b03a46170b
BUY,0.005,1000,1752018649,Yes,0x99c8060fb0e692dadaae1f7721b15081926525a55bd83a377012f39ba4491065
SELL,0.005,50,1752018623,Yes,0x1ad06511a022968c69b5f7e439549b4b05bce74378e9d56875bec2b69a130d7f
BUY,0.006,7000,1752018619,Yes,0x28f8d42ca14df3c61d11fe9898a5470ac4bd8d69e8ec8b34b29b039779fbd6cf
SELL,0.0035944213062792723,6631.66,1752018619,Yes,0xd9ca3c738c12414513fd2b55148c427bf3a0a05110ba5a709903ab343a248b8b
BUY,0.006000000060000001,166.666665,1752018613,Yes,0x9e12a1c04bd483c7d28044a259c5fa4147aa318e52253b9f958fbdb02dc4d5f1
BUY,0.0060000000024,4166.666665,1752018613,Yes,0xd3b07b0eca2f0138a4a94e4da9e904eb605f9a8015310b8154ba0d1e0f9703b3
BUY,0.996,58,1752018609,No,0xf50ec9ffa5b73753e6462618036b72ebe8665812f74ee090b5024e4de01fcd14
BUY,0.006000000003151674,2538.333332,1752018599,Yes,0x03296d67f1c1f95e4f1c0b24b67b4cf0488965f4989f88187e58aa7f10bcdcb3
SELL,0.003,36051.62,1752018593,Yes,0xfa8f77c92b676a6917b4ccbaa2b25ea6dda37bd884d441711d2d9ee01b7887c0
BUY,0.005597991345683545,641201.42,1752018587,Yes,0x65589d4dc922c39cdce83eee5a0054de4962e686ec62e85e4ada2e222dadca2f
BUY,0.997,10000,1752018565,No,0xeb8b850257970893f81f66a72bc02379e2c5b69aaa8e5a3331d9ab7762337ba2
BUY,0.004,9750,1752018561,Yes,0x401aa6e7f923ffdddf33157cc51e91752d578baa15b39074cdaa00ac5c61c7bd
BUY,0.004,250,1752018553,Yes,0xe46a0dab1b22959bdefeb5ec2379116b53d862a05b5c100b3e1078af25abd3f6
BUY,0.9969999994398804,1.785333,1752018547,No,0x899825afe5301facd12b7d681ae2e22bec2065e57940d4c2bc9fcf68d041f6e8
BUY,0.004,4000,1752018535,Yes,0x668e22789d5073690327935b699d797517322550930fa77cd6d44ec5740c8311
BUY,0.004,6250,1752018529,Yes,0x72077df21af09ea2cc76a65d39361f21f5922db3ac4905a0af094f4a50257822
BUY,0.004,25000,1752018517,Yes,0xca607645bab583eca394f74053c61d9f385d10ef691df6ef06a9878f23b170e3
BUY,0.997,28.7,1752018515,No,0x803b40b4099c68a643eface4b8f179e91a8c44af1e4f60e7bfd20830d421b0a2
BUY,0.004,14880,1752018499,Yes,0x778b729a49fcb6aead46fc16290f01d8f5ac8a05bb0bce9d309e71f0214a44a4
BUY,0.004,44637.5,1752018499,Yes,0x010f614e99bfadf5980cb1004a2a853ba484fda6c9c70352b657c06c04c594ed
BUY,0.004,12500,1752018491,Yes,0x349acaf3a8bf0521d441c075bb3db53b94c5678486224bcd55a62438697cfc73
BUY,0.004,29657.5,1752018481,Yes,0x4af2a3b2dfc42841c1db7c1ac5b9264eae9252f7c489eabe478881c530c372bb
BUY,0.004,250,1752018473,Yes,0xfca6cc8c36989f2d335e5ea0d07cfed3667b361668042d24ceb764ee5abe5afd
BUY,0.997,19323.76,1752018467,No,0x499907d5cbab0cd80d3cc33d4035e1b8471be9e108cfaf100bb82c985331ecfc
BUY,0.997,7650,1752018451,No,0x56ad50d78fa473396352a40b21e7e724334fae317512269ad97fca36b0c565b7
BUY,0.997,100,1752018447,No,0xf96c176a9a6e675f4f6553fdff4420460ee3e65c04fd212ab07e598f55402801
BUY,0.004,1250,1752018435,Yes,0x65e63bdc173b37da9da564146ffdbd1ff5470cd479e6e3b1a62ed3ba12d193a6
BUY,0.9969999999949443,197.793333,1752018431,No,0x022f7d7bc80f304941e92b742f0a49260aa84a26468c47849747216390077b50
SELL,0.003,7756,1752018429,Yes,0x991e64d7950f425c1773e418cb42a56abfb5d3dcd366cdaec9d995bf169095b4
SELL,0.003,26163.71,1752018429,Yes,0xf836e0c08e288765b718de98f28b4ee15bb909b58a9c0a26b8d8c23ec8481510
BUY,0.004,4800,1752018427,Yes,0xa66283cb306fe61558eefbfff40922d3bd008f02a6556a6efc353543c6d29107
BUY,0.004,1000,1752018419,Yes,0x12f4117c7a5a18595b0169f6d011617fa104d1e0168819ba534e99e62faa83dd
BUY,0.9969999999797768,49.448333,1752018415,No,0xeb87e1ed7f38aaf21fd1d06067bb926a8a0cdc06e99b5b456f043be6953fccfc
BUY,0.004,250,1752018403,Yes,0x488aaa2d487c35aa3f1490329033d7a8156384f63eccc84b242708463209695e
BUY,0.9969999999959258,245.446333,1752018401,No,0x1a15c429dc4facb62899ee198177c0915c925fc3cf6179a4802fa8d8cb2f501d
BUY,0.996,84267.74,1752018393,No,0x7dda8c56d0b047a046b60f33b5f2130f329886cb03bcd9e875dcff3d5bccf417
BUY,0.996,19340.98,1752018391,No,0x9a4e3fe7e1b07a5399de5deda2ea9749a80262287a106037478c3301279351b5
BUY,0.005,20466,1752018387,Yes,0x7c21ad6b02023dae8858d0d2a0b393b6c2a980cff7354b455b4cd486c17fe617
SELL,0.004,1,1752018383,Yes,0xffc87541d29f8a2ed76467c526440811105c0a86c140348aab18df0dd115204e
BUY,0.005,1496,1752018371,Yes,0xcf1b63f78a4fdfcfc61e072030de48da1c4312ad1e829626410af9e03d398877
SELL,0.004,5500,1752018369,Yes,0x6cba19e112760e93ddc57efa15ebaeb559b120c3f05897015c7038fc6e6758ad
SELL,0.004,4810,1752018363,Yes,0x3bc3953f5a0f3ddc541658b20720b3add3889fea8ac2d673e65de01872af2f56
SELL,0.004,3,1752018357,Yes,0x0275403bcd51c8a7ad8b2e7fb9906e486060d80d40ec7efb9e7da3431bbec7d4
SELL,0.004,13499.99,1752018347,Yes,0xe0b5e1e1c56faf99682053702c8214fc4bf63a96702a704fc92798d9085fead8
BUY,0.005,2724,1752018345,Yes,0xdc368c88818ba2f441906bfc59af1c949c835e1d89bf91c2ac1a43d62f831a10
BUY,0.996,251.004,1752018345,No,0xa6fe87f914a7647ac5f0d4fa05f43a242b26a3af5cb0316325b478c0b3c6c2f9
SELL,0.004,162326.28,1752018343,Yes,0xba0927fb7cd75c2d860cd65ef1e7e1a173654e05b75f0a731454246e60358327
SELL,0.005,26927.29,1752018335,Yes,0x5ce86cf81c191aea654179da1b6dfb6bb3600c28bb16641468e1acaeca7b8818
BUY,0.995,393,1752018319,No,0xbed469e1bd44c6db7701165aa66acf95bb794c21c76977b8e67cf85cc7cc95e9
BUY,0.995,82.71,1752018317,No,0xdfc8cd88ceb82322f201ecf6c6a7c4f9d1f679460e8fa7f07952fd24d671fca0
BUY,0.995,2500,1752018317,No,0xe1f0b2babe049a11e0de557c1c16274bd31c300d73c7fe24a877ec93796f305a
BUY,0.005,3000.01,1752018307,Yes,0x0b19fd4c78c2375efa507219eaa25e8b61b327e7c3ecbae1438ac043ae8a0599
BUY,0.005,1000,1752018301,Yes,0x5ccb0e80f28a5f3ba48701e1687eb4453ecd045a2e9763d348e8cb7f15a736bc
BUY,0.996,6800,1752018301,No,0x2e25644be453e3a54048b5fb8593b1c01cb1c72fc918676fb1ab898671f6a7b0
SELL,0.005,13608.21,1752018289,Yes,0xcd35731c462e2b167d4920742dbbd418fd8e6279f6252fdd2880ad11a90b5a25
BUY,0.0060000000006,3333.333333,1752018285,Yes,0x61a51cf0c75a1abb9032bf930cd041057ad5b33418ec699c41b887c679853baa
BUY,0.006000000024,166.666666,1752018281,Yes,0xe7fb38b342863d63da99ce487b2b36b53d47207efefcc77c132b35ecb7564450
BUY,0.006000000000247729,8073.333333,1752018263,Yes,0x8e311c1afb5b70965e45bbf40a8df43ae2d399ece5847cd4f15e10e13844783a
BUY,0.006,6500,1752018241,Yes,0x111a90922a4318c3818a5d0de686543dab3a39635f9cc95ec505c98612034937
BUY,0.995,2481.67,1752018231,No,0x147a04c676a79c1d00e12fd9e4afad37f81366ae34913b79857f285d8ffa6680
BUY,0.995,666,1752018205,No,0xbbe01ef8086292682917237e797723acf2c11c1aa4ee1bd44438690c39ddf242
BUY,0.00600000000024,16666.666666,1752018181,Yes,0x055d43a9a9b8c6aa185356dea5ce411ccfdb0b92c70fedefe18c7136ceeaf1b9
BUY,0.0060000000024,3333.333332,1752018177,Yes,0x47505fba070ceea75af36bc45b9cc80be6112c914653596af3f33e49a03a11d1
BUY,0.006000000004615385,2166.666665,1752018161,Yes,0xe9f3399e79f4d1465dc702ad81301e1465abd409b80b51779431328150fb9f20
BUY,0.006,8340,1752018159,Yes,0xebbb3e664d6167e5513bf3fc20d8ff5de1508ba9c89cd3f1ffe666a02bda147a
BUY,0.006000000000400133,19993.333332,1752018125,Yes,0xc25ae6f8bcc6a91314a50d362115368ab2e9467a524ebd4c2dc30ebc6d409d60
BUY,0.0060000000024,3333.333332,1752018117,Yes,0x6d812f1b972f230d31c40a05f16077c01b236fe7c2ee9868d6d4127874f2f286
BUY,0.0060000000024,3333.333332,1752018103,Yes,0x953a60b535a44db771e0ce02e4caaa64f9300fd2c4d6f3714a27d0e178c71daa
BUY,0.005991372424308134,16690.666665,1752018089,Yes,0x2d303e277eef50af5ed536fb4961a3adf2a270fae386649d22006597ec6cb50a
BUY,0.005,308,1752018089,Yes,0xb269d6485e03ecdf4fda47d85292926a95bb5ead032a34b259fd2daac035413f
BUY,0.005,408,1752018083,Yes,0x3da9368f317248b804b7a48cad77c6ec413763968d3878416dc52c835804d0fa
BUY,0.005,5000,1752018077,Yes,0x68f239503f575c9d88db6dd3e88bb0615501faba567105f2c67c7c7a349b2d78
BUY,0.005,20000,1752018075,Yes,0x839342fecdedea12e01ebcf75eef59777aa4426b8e15a876c49a7cb654946650
BUY,0.005,1656,1752018071,Yes,0x8f1ad95437076a326fb1c98e0704ef80636adeb00ac1c7cec73ea027c1b999eb
BUY,0.006,1775,1752018051,Yes,0x47d0b1464e338dc7bcf9c710200dcb59b5412720bbbf0177fcf32575683f0f3f
BUY,0.995,2468.22,1752018035,No,0xf2d43f5da48a0e96d46c6ebc393e44fa9511cc9c3d62adcd444cfa8d7634c954
BUY,0.006,2315,1752018029,Yes,0x56cdb394d88113527cbc84f34ea4a93d9c5b313dec9700b8e0ff9b92f7eb9fa5
BUY,0.006000000008571428,1166.666665,1752018023,Yes,0x77f02dcd6277d860c2b9df167aa9730da9af6f11fde2ea75c8de8be29653d5e8
BUY,0.006,1650,1752018019,Yes,0x18bf8b4ad11cf17fdede6f01272d10d7e8d231ab31ce7f9228a82d2acbe30bea
BUY,0.995,68.9648,1752018017,No,0x235e7364a4ee6b78252453d1e1edd6b92132e46a1b9799320faebea6f3de30c8
BUY,0.995,52.804,1752018015,No,0x1783546f3517d7b875dcf354fd973ee082f2a1da5c70e1b7214a65029787ffce
BUY,0.994,4500,1752018015,No,0xfb911789cc00efa003d50f88301b51add23673480c15440b011ac33289ff243c
BUY,0.994,500,1752018011,No,0x8b285b4fa775fe1d8ee48e9ca68396ef4dc2e20da3bc4b82269fe39d300948f4
SELL,0.994,348.66,1752018005,No,0x0699285609670343d29d1ff1004f3512c8458276b3f4657bb65e07bdc8c255fe
BUY,0.006000000002755453,2903.333332,1752018005,Yes,0xe15b8fa1b3ecc6e6c259e31e9cb2287e8db547453d5cdbc9ba77f56a1dca571a
BUY,0.994,267,1752018003,No,0x3646faba19ce4ad90a6b7a49d2e87bd16fc0e5836e4cabc8d01325c05242e6a4
SELL,0.0038473348096331184,932967.69,1752017989,Yes,0xf74f8e7f69caf6ac01f07f6677c58eedd13a5c3f34a5d4e1aabd7b151d447761
BUY,0.007,15120,1752017985,Yes,0xf69cc2e2ab74439d1e87bab71e619f0262e8e567bbf2ac611675440dcfc152e7
BUY,0.007862659003850246,5087.3375,1752017957,Yes,0xa8317cec81209552c75f2b3c6aa2ba70ff5ed410be551bc8615241a2d1daa8e2
SELL,0.007,100,1752017953,Yes,0x0ebed44a89756b7715511cdbdbe304104ff456ae0ecbc8b4e576896b00e2d23c
BUY,0.008,15206.25,1752017943,Yes,0x630959371d935c5fe048c033939582f2e54b2fad71f5b6c1bd304d77c335c1d2
BUY,0.007120741089653007,7961.25,1752017921,Yes,0xac85f08e7d42cdc8a3d61ffcdd587ee42a636aa0db4e5e01acfb6977365a7543
BUY,0.0074875,2000,1752017917,Yes,0x3b82f3e18d615b40ababe5ef0d4d7865a0804a2613a76353a4fc8221e4777b09
BUY,0.994,798.7,1752017915,No,0xdc2d8c1430a5b6b1dff2432e0f1b0d7e959ea79f0dc329c8959fed466a28f951
BUY,0.007907556386626107,5561.76875,1752017911,Yes,0x9e7ff70d03d5f6cd477215b2f27d437bea6a0a2125e35a62a60d68a0c065717d
BUY,0.994,7000,1752017907,No,0xfcdd37431ddae1593950c502da9357c11d4a576433256f4db031d6c2c67ac14b
BUY,0.007000000006363636,1571.42857,1752017893,Yes,0x5c5a72c1e21a1f68f731c567ab3e6d55ddff6b1f2b9eed6a780d526b2e40fc18
SELL,0.005,2358.97,1752017869,Yes,0x55b5e5961b055cba4710dc97f5ff05fdfb5031564e88720300243aa05e82393c
BUY,0.008030255841194047,373587.101,1752017859,Yes,0x5f3f913e135dbe62ba6e215603ac2e33e5794826e139c76bd29d1d5a6e07c2b6
BUY,0.006,5000,1752017851,Yes,0x17d805e96cba5b1bb51d31ec305ecf764bd14d47b900a47559ca748f48ad4585
BUY,0.006000000006,1666.666665,1752017849,Yes,0xadb17b2db2c484888a7f0c55eeadbebefbf0bdd581802aa0a61b91fff29e36df
BUY,0.006000000013714286,583.333332,1752017845,Yes,0xc79699c3833e0373654704d60c748d2583197b040aba0a584af962b971cae9e4
BUY,0.0060000000015,6666.666665,1752017833,Yes,0x6ce594c17e8997e010e3e3794b188ccfefff4acfd4d26ddc6c15364ac1ee2910
BUY,0.006000000024,333.333332,1752017807,Yes,0x44ce00c31e9311ad6c158db811c5a12e816868cb044353fe368439284c09048a
BUY,0.0060000000096,833.333332,1752017805,Yes,0x9ce9cd50a86116d75a72d35b0f2c34a1b52aa858d16f90ae19023bc316f5f9c3
BUY,0.006000000000342857,23333.333332,1752017801,Yes,0xc48b3223196d8c0af620005ebc17b2f682ce982aa450e63a3864731e3b272056
SELL,0.005,40000,1752017793,Yes,0x4d23ab049618732a3de94a67e959ef34cb84a8478261f70f463b41d04176b2f6
SELL,0.005,20000,1752017789,Yes,0x35899f1578b1dcc919170bd94dc22e77bf0b20be372ebfa02ff03bf8fc0cba17
BUY,0.006,7500,1752017787,Yes,0xfd3158dd91567d02dc0971d4c32f42c54f35010c6221891dfb2caa3358057fc8
BUY,0.0060000000006,16666.666665,1752017785,Yes,0xa217cb6d68c94ed7ffab41fd3e81ddbf8531e8e6594aa4159237fc6be40f6549
BUY,0.0070000000028,2857.142856,1752017775,Yes,0x6885706e5dadff583770e2922ab613884b5cde7ec3b8fb2fc3f689dc3a5c2e80
BUY,0.007,150,1752017763,Yes,0xc7a0c58acf180dd8e5c27ab3c4793e44d88d3b7bc57025a9c288b41ae2ad54c3
BUY,0.994,700,1752017757,No,0x4e2718c18ba778c10f62e8927b9fc28a7af2e5fd9b42dd8e166ebe167cbe252f
SELL,0.006,17253.33,1752017751,Yes,0x507b10046aa4e825465403016044570345fa2c1092a1c0fe35ceecfae4ef73cb
BUY,0.994,2870,1752017745,No,0xd2bd634ef85a46b70379341a5f222e082aec96ba7400fbb1e2869b6f9a05b6b6
BUY,0.007000000068292683,175.714284,1752017745,Yes,0xaf5c8cc230e5315fa176421ca37ff571536df676b113783debcb28f5f93aed33
BUY,0.007000000001575,5714.285713,1752017733,Yes,0x1a7b337ca964074eb5844752dbb7bf20c67dfb631797e3d97154e216764ee484
BUY,0.007000000018495935,702.857141,1752017733,Yes,0x6da7b560b8543711c372b2bd5b4cf9215b1e2ea28ff1590654a4f06f267c8146
BUY,0.006,49371.64,1752017723,Yes,0xa0eade8e620ca2d8831b4acba4b23b54beb43c8c55fa76a57d1782ce8bf50286
BUY,0.006000000004037685,2476.666665,1752017711,Yes,0xbcc77a40102a87e1be47fd1bfcec7c331047fc65ebb3798ca7def4843e477efc
BUY,0.0060000000006818184,14666.666665,1752017697,Yes,0x853d566b80b348935647bc1f8b61d9a95cdf6d5c8d66c80944762fb6d3f7443b
BUY,0.0060000000096,833.333332,1752017665,Yes,0xb615ef27120bdd07ed25dfe586d1803bbd0b9dca60f5285147cb531d7de478ab
BUY,0.006000000000431934,23151.666665,1752017645,Yes,0xa1a8bf50db8d8f9100dec71fa252190c27f9244fe6fc9836b7c29661141a3815
BUY,0.006000000008571428,1166.666665,1752017637,Yes,0xc9abfdc6686a1cc47f7af178beb78fca370886132af22600257c80b522d035eb
SELL,0.005,2968.67,1752017603,Yes,0x1ab12a9764647012467d74dc7a6e9ff52fb0c69901cd409afa372c3f105b0cf7
BUY,0.006000000060000001,166.666665,1752017595,Yes,0x81d255f5363a8cb08c458b3f6c528e9c561dce913c7b574500ac40aea57b2531
BUY,0.00600000000052283,19126.666665,1752017595,Yes,0x65499cdad720ab100c51bde2bdd15b78a1d0448a82f03d32df313f347773f53f
BUY,0.007,2180,1752017579,Yes,0xfe24b3d5f6adcb2291ed553de9bd05baaac4d722fcd98cd555e09abfc669c54d
BUY,0.007,8990,1752017567,Yes,0xc1baf23bd551698af0cc19d5383bd9a318e860c54954d2e285985bb38b4a87d3
BUY,0.994,1738.52,1752017559,No,0xa149eaedd16de17ff9f8e5b856af500939c4769580a6e84dc5fefa99d17e0b6b
BUY,0.994,555,1752017551,No,0x7131e87e94dbf1fd2917ba662deb40cd79cee734768306bf6b712b895449fa6a
SELL,0.005217948333333333,30000,1752017543,Yes,0xf07076cca2dd450f5a411292c6e498841688fee84796a18ab7e64be0d7647978
BUY,0.007000000091000001,142.857141,1752017541,Yes,0x416a9d49549f96348d2f3043d42cd260f2288fc1f17c14dd769a6a79bacf8105
SELL,0.993,910.33,1752017537,No,0x8f9e8cbdbda66a7ceded162526dc5ce2f228fdc62d4a005d8b5f4e2afbfe64e6
BUY,0.007,50000,1752017519,Yes,0x4c629ae2768339ffe134876a13b6776b205e59c8ead17ba8e061cb81d769b866
BUY,0.0070000000028,3571.42857,1752017469,Yes,0x5c3dd044cbe537fceaf37db61fb2335a382151cad55b23c1c1673ec8a88784ec
BUY,0.007,36640,1752017469,Yes,0x1b8995e88adf8e54332b25b154608b1a9a345f412b672dcd95645b94407e3437
SELL,0.005,1400,1752017447,Yes,0x55b3e30ba8057c7f076ae90119ec9884fa1556333a585f6ae1ead84365efb4bd
BUY,0.00601098292513434,16636.214284,1752017439,Yes,0xcc276a54af897a25a069e7200615083949e4c6b18d2f2f694eeb20eb0850c4ac
SELL,0.005,0.01,1752017429,Yes,0x699cbf0fd3499e73bf16e352b0c9de1eb3c9ad6f3a71030ca881b0713329a7e0
BUY,0.994,12422.81,1752017427,No,0xdc3afc73301d7e04362d00c71ee83d1f848283d6bf6241271b1eb2c1148f0493
BUY,0.007,150,1752017423,Yes,0x8aa675e81cd874247b1513ab262a84c31bf3b91f3ef0541e580bf58feb7a0964
BUY,0.994,1500,1752017417,No,0xd0ce838585fcdebb6a0d5e09bd542b70f2c26076c03fa2d42be68076f8cb46f0
BUY,0.0070000000077,1428.571427,1752017401,Yes,0xefd2f892382245d715105ede10e8e0bf3223dbc1b00baa99037f46f9879dca49
BUY,0.006893380336905829,20835.931427,1752017385,Yes,0x9fe29a68910e5203068a6426b57b90fe3f055ae0e228cb12f0119eccbaf100de
SELL,0.994,1111.11,1752017385,No,0x6339806971c2758f4bbcd4c2f5bde2e47405f4799817f121e17498026fb46492
BUY,0.006,1000,1752017383,Yes,0x10922efb7771ea70e9faf95f7303fff85e8e64ba5a0ac5016e72be51db5f0626
BUY,0.0060000000018461536,4333.333332,1752017379,Yes,0x822fea65f4634d8444ec8b14ff31619e891d1de7f2c6b8cd8e037efaf2e9602a
BUY,0.006000000060000001,166.666665,1752017377,Yes,0xd5d540eb2e40656f82f9be817795b12bafc05629932245ddae1738eea36ab7c5
BUY,0.006,1000,1752017377,Yes,0x5daa6a79966c04ed3e9bee0502b4833b92d1fd402cc164953329688cc08f2b7b
SELL,0.994,7958.11,1752017373,No,0x8a6fe207d1a58ca4ab6499c2e3ed173501944d323bf1deffebcd0bdf03e8a92f
BUY,0.006,21826,1752017369,Yes,0x94885e7cc3fd694a50d93df32f3738a4679174987e31f5b24db82fb096d7135e
BUY,0.995,9000,1752017343,No,0xadfdb2273f7c6a1438e235d1bb065914358f5b92c3c9a415af4d528ccb8e9d34
BUY,0.995,5311.62,1752017341,No,0xbd272d77333220f979899195c7dd6cb24ce6f2382116b994e6124a1f278a8996
BUY,0.006000000000463679,17253.333332,1752017335,Yes,0x5c823cb45b7a9fbe676a5e05598ad29f12cc67e3e12b47ee7b51c78a891e5bbe
BUY,0.006000000002745995,1456.666666,1752017331,Yes,0x24bef492233be84dcc4b2422e17faba91dcb2b708086ce37a45a933134ec0cb2
BUY,0.006,600,1752017327,Yes,0xc538083ed6424644ad651f62e4803c61c9518d84b417f843a415b2b8be8c59a8
BUY,0.006,17785.88,1752017313,Yes,0xd2fa2049b3e046b7b95c002a30deaef72745b215824a901e480cab28ef38576c
BUY,0.0060000000009139375,2188.333333,1752017311,Yes,0xaddbf5b526cdeadb3d120f1290e7a881652ffbb8a22093504ba61f6f9e8933d6
BUY,0.006000000060000001,166.666665,1752017297,Yes,0x00d3c31b028cd192514a1aa84a3a1a44633bf122051793849e264641b48574a3
BUY,0.006000000004172462,2396.666665,1752017283,Yes,0x8983eff0e2a0825903e8fe23432ce784c57a34f05643bd2537bf8477b254b5d2
BUY,0.0060000000006,16666.666665,1752017271,Yes,0x3b3a6fa0ecbd0f20bc6ae7bb5eebe6c9fa92b07f670f0d48200396e1206bd1ea
SELL,0.005,20000,1752017263,Yes,0x9ef536415863791f483684735af59aceb4acf8dcd5ffd2a3abde0f95633b6d23
BUY,0.006,1000,1752017241,Yes,0xa8bac1c259d3f88e1dc5662a26012b4f3da39e56340156c510d983527d52904d
BUY,0.006,170,1752017237,Yes,0xee86ca0bf0140c13a2bddfa688d1c07372a8c86f98d0623a8f9cfae06487b12a
SELL,0.005,425.45,1752017237,Yes,0xe6421d0978b681858d9e76757d8c9c981714a9237df3db015418ce0a768646b7
BUY,0.006000000024,333.333332,1752017235,Yes,0x813e6312b11ad5762ed8c791a11b277df38c52cc4021d7249936699b4201222d
BUY,0.994,95,1752017235,No,0x9aa44af4835526883dea9e82147614dc390c451ec5e0062858eff8c2301f3c24
BUY,0.994,5,1752017233,No,0xa643fab7b19ad94cfb2d6cfbd2ee109b5f737e37962617ae97f8ba46d93c2c80
BUY,0.007000000039487179,278.571427,1752017231,Yes,0x6c94f968bc792fcf3e4bdf62923aeec6fee2544581b14549ee3df970ffe908b1
BUY,0.008,1250,1752017223,Yes,0x1915c1e9c1a324ba55a9e68135bcd169d8e357012d0156609c6c41c29df746bb
BUY,0.00788450773075983,12683.1,1752017195,Yes,0xfc69beca114f408c48ec937e7affe26e61037cfeba91c02f335a490ff6e07a15
BUY,0.0070000000028,2857.142856,1752017195,Yes,0xfbee9f92df5ef1027ac9d3233e800ecbed419a6e029abe7c2d908637604cbd1e
SELL,0.992,20,1752017185,No,0x10e782a6bfe90349d8730d937d3b9dee1afa691e88f1eb7104dbc38e7752fd09
BUY,0.009000000009,1111.11111,1752017177,Yes,0xe64e16178a736bd1f7ca9bdaedbb8fdfaa784692abc88bb1dbbe4f72f69e6e1f
BUY,0.01,1200,1752017165,Yes,0x35fc8bfed7eca2788110834ee365095f8eac24d5cc18954d876894b814ad01d5
BUY,0.01,100,1752017159,Yes,0xd90b69f5244af5ade1a7064788bdc68a806a69b7c6056699bf086fb299e8d94a
BUY,0.01,1009,1752017159,Yes,0xbd6b309171ebf1d52e28d9742d2fc4bbd64a6258f67525c9c4209ccfcaaf3431
BUY,0.010999989230999773,90.909089,1752017151,Yes,0xa3bb8889a9e68703b116411e93eaf3508da94ec14561a725e75498b0ed3e1258
BUY,0.995,2409.4974,1752017151,No,0xd58d507e641b3462240e68c8bd58a024b3786b87989092474e34f67d7c05a04e
BUY,0.013867342003858578,5020.428571,1752017139,Yes,0x78003fbb7fd985fe128b30a7682eaa2f7a70fb437c092bafbf53df64356842c8
BUY,0.011942373670008664,47364.955714,1752017135,Yes,0xa73fc5bfb638c301856da89ac855a47dc8ef66d5a537d345244895b53c3e0031
BUY,0.013,264.76,1752017135,Yes,0x463a26e4a4ba58f37cc2c762cb97a74e5823be09fde7c1cbd7457438ffa45d7b
BUY,0.013,380,1752017133,Yes,0x750e6d3bf8136b5bae07ee5961645968bb9b87fdda908bf633a01ddb89db8d52
SELL,0.00552048619467814,102462.66,1752017119,Yes,0x2a7b77a22f5129e3dcf8c77c7f0d2a7dc9af4be1d9c06f0a643f54355dadf59f
BUY,0.013097731534964225,150310.761428,1752017113,Yes,0x7ed0d6e59ed411801e4eba897aa07c10ccf868974418d5d41b9ef707d6219f67
BUY,0.00927000927000927,1666.665,1752017101,Yes,0x4a6f052e5d0f7b5ce3c6ad5c040fb634daea52c9da413b3a37fe26742947ffec
BUY,0.00900000000009,11111.111111,1752017097,Yes,0x5057d3d4fec7e8a7e5133bd3681fcca996c884193497ba090de1451f0197577a
BUY,0.009,1000,1752017087,Yes,0xb9d0df29e482ad76161325762d57bee76ca96ec96cb5da8f50ba7f4f3845e678
BUY,0.00900000000495,2222.222221,1752017087,Yes,0x89e49abb4f1052ea3b4dd8b73282c23cb561180a589db6734765938ec1027b74
BUY,0.009,7850,1752017083,Yes,0x9d32218ef99b14ccd7d3f031b7982bf2697c587bca71240fe0f2a4d7c5e89299
BUY,0.009,19050,1752017079,Yes,0xf680bfafda81a05f81b37b40b412d002442478cd6713161e35c2877275bf4b13
BUY,0.0090000000009,11111.11111,1752017077,Yes,0x5fe188af01e858d49236513f773b64b6891a9e9d7786fcb8000175b7cfe6fe6d
BUY,0.992999999976837,129.516571,1752017073,No,0x63c96eaca939b34055a816b582ad75954a67063b4740a4d593d989ab5f571e89
BUY,0.008411167798849385,1188.895554,1752017073,Yes,0x79365fbe099c02d9ff49a10bc97a76ce93b49a2db6f399698971f5ced721ae58
BUY,0.008,625,1752017065,Yes,0x9b33f55358999ff5b16f35518000184a440aba5c54371f64584179a36b733c07
BUY,0.008,13375,1752017061,Yes,0x00e950db093d7a899c8631faf5cf8ddfa760db25e07a726e3fb741221840d9b8
BUY,0.008,1928.75,1752017055,Yes,0xc6a1b9fbf7af1da76cb8cc2aa8800189e6b36294269c7c3dca5eaa01e67e0882
BUY,0.008,500,1752017051,Yes,0x666147ec7ad51bfe16503f53db903375992cbcae5659df48f2f3c7ffb709bd1f
BUY,0.008,1250,1752017029,Yes,0x25a73240d99f887075db33cbdb707f65b78a6b84c59e6806c4ad6a56f9272d9e
BUY,0.007,8978.55,1752017027,Yes,0x873e1febcc76e08955f79c963146c387679e1aa34e1492d3ebbeda8407c51233
BUY,0.007,10000,1752017025,Yes,0x0f20959d4d6f5b720fbe62665c565caa675d627fbc84d065445baff504421699
BUY,0.007000000000538462,9285.714285,1752017015,Yes,0xb1635228b7e09df5eb2b8e384a0e1d7184f28f40862a228005439cb64590b769
BUY,0.007000000000051369,19467.142857,1752017009,Yes,0xb97ceea162fb2b8146e0751357ebf2281042a17d3ccd65e768728cf22c5b725e
BUY,0.00700000000035,14285.714285,1752017005,Yes,0x366ab62bdc08387a0a0fc156903a831029117ea4bbfa6ac40a251a1009e7e32d
BUY,0.007000000042,142.857142,1752016989,Yes,0xa08b86133ec0aacf539bb46b093dc439c0e8d91dfb5300d967c4b76dd02a7e2f
SELL,0.006,500,1752016987,Yes,0x0071c8909eeb927ed4a12acb779780f4fbe72a2321a7f905c851acc3103e153f
SELL,0.006,1738.51,1752016981,Yes,0x7d6caa809bc51f4503d1a18a2ac4a26616bf1c941ff1fdff33ccb6fdc6c59264
BUY,0.994,9000,1752016977,No,0x064dfceda9fc471c423a42e84d1076c1dffd0e6708c3d5af2ba454ba39eb3500
BUY,0.9939999999588149,48.561333,1752016971,No,0x7a3873257f5276c5c273c66afcceb659385e2e5fc9a8ff3a207868b5d6953e30
BUY,0.007,500,1752016965,Yes,0xca877d74b85526c2e1efb8f58cae237f96bfcd5d07c63febf2a12fd68e98bc61
BUY,0.993,3222,1752016965,No,0xd437fdb2719795e55b6659858d88d0c721ac97bd5257183fd138d25bb567e49e
BUY,0.007607503959069314,8209,1752016957,Yes,0xd640675bb3ebb71b927d200f464f4246307568e6b3d564988f46072c2be32867
BUY,0.994,9165.21,1752016943,No,0x6f7985da600354fa9ce76b6603df7c278f9e129a1421ff9015f68de311ac50b5
BUY,0.008,12500,1752016917,Yes,0x0efe6cdd6eef4217e7691895e5a60ec68edbf4453b75aa5aab212316a9d92a43
BUY,0.008575582908452487,26797.012221,1752016903,Yes,0x5903f638d316015e41d185169d0e7100ae0dff9c6a9396f801de0467eac2e467
BUY,0.008,625,1752016889,Yes,0xc5de43453bd42a63bd7efd6bfe9f2264978965a76ffa778522384cf4ab878a40
BUY,0.008278687251927251,241584.195554,1752016869,Yes,0xce9df5127a91aa98f12204b716ffb066ccb1ccd88ac9d220543396af48177468
BUY,0.006000000060000001,166.666665,1752016855,Yes,0xffc66e25bef10ee4fc72f4181f92e0d56fcb89f00a87ee27869f20dcfff814bf
BUY,0.0067371423709521655,3117.048571,1752016845,Yes,0x3ee3274690e2eb721f0a4c35684ef53174c862d3bc7357d74e141d11340a9a08
BUY,0.007000000042,142.857142,1752016823,Yes,0xb5989fbfeebb6aef686ff0fc8c258f7cd1d37f4b763ca03f83f09d5fcf8719bf
BUY,0.006,1106.64,1752016811,Yes,0x6bc73c63d2a2910a2c9b8b5d9614bb1f0fa7cb352995b6ad0960e3235f9c30ec
BUY,0.007,3157,1752016795,Yes,0x71464f85fbc518980890c87d2f5ba1903d5afeb3524f9b627002328b66e5a880
BUY,0.994,3000,1752016791,No,0x943da349d1a7db1bb8105ed05f40ccaab6c9158e089f2b24b2c6ca86c4e408fa
BUY,0.007,2640,1752016779,Yes,0x46f218becb1675ba3b13f17ea9d976a48c067144ece371edda25768330470c92
BUY,0.007,5190,1752016779,Yes,0x1bb18d61e087c33247548a61df03c5c74b8fdd15df57faf280f086bb3bb958b9
BUY,0.006765410754040213,4262.77,1752016771,Yes,0xfc8a6a1829362c10cc6f9d094728e361ad343bd5727873161eac469eeb1a246c
BUY,0.0066659213990320045,3820.927142,1752016763,Yes,0x94825973ddf7e9c88b468f90673a66d2bf8992d2cc07a4ecdf10b5b44b5a5f58
BUY,0.00600000000024,16666.666666,1752016749,Yes,0x117330f2063424913b9a530a4b86130c1ddcc920194c02c11369f45847678c54
BUY,0.006000000024,333.333332,1752016745,Yes,0xbfcdc0358b0c9438c8e615ac40445ccb1ab6c998319f01a2ac826c126cef72d4
BUY,0.006,2220,1752016687,Yes,0x33898172c981b25c8bd55aec337b5b21a1cbd0e9cc1427c9d54cacd93c09d3b9
BUY,0.006000000006185567,1616.666665,1752016681,Yes,0xd68895967b3e95b8e62e3d361f00dc30ab4689839ca4ae2c8dfe1494cafef21a
BUY,0.9958900213028736,909.267,1752016663,No,0xb42d388be937e108e8217e82c93d39ccb4516596ba4abccc51001939bc326312
BUY,0.0070000000028,714.285714,1752016641,Yes,0xb5e2bda18cf2cc7bdce8ee47ee25b9c022a4d29a8811bca82211775aa68a785a
BUY,0.006288220187223924,9505.074285,1752016631,Yes,0xa2b04b3a3c296be642b8a1174ed579b4e59671feaf198041a24dc7db564b9d8e
BUY,0.006,37055.72,1752016615,Yes,0x85c323bdef575755b61a8bec229ff79570d57a7773a49500effd133d239b54c4
SELL,0.004,11999.97,1752016615,Yes,0x74c5022cc0e4536160defce6e3096bd2d68944bd662b0e27db04c0bfc2a684c2
BUY,0.006,19125,1752016607,Yes,0x402d92738f90140a95587c6966e1b089d6978d24c1a4c7d9de798e7c67362455
BUY,0.995,464536.22,1752016593,No,0xfa43077be959336e71d8800333038501c3b47a7433d11e730c64497a8b31737d
BUY,0.006000000024,166.666666,1752016593,Yes,0x644d79c0081654b5109057fde94e508f9969111d3eedb9f9ff9af4c016abe618
BUY,0.006000000024,166.666666,1752016575,Yes,0x4598a8a9cf006cd4d0376da4accaa773fc1112f1c5cd411f0125b3e35ffe926c
BUY,0.995,70.01,1752016575,No,0xa393389d1b958eed8355e65ba51bcfa827db944496ad4f19fa963e40c588391b
BUY,0.006000000000104584,19123.333333,1752016573,Yes,0x96d134758653acb1e25d81cb6bf0824b80434bde4cafc461a1c36211f33b634e
BUY,0.995,25327.5,1752016573,No,0x6616b41bb9e5666eb00b018f5c406c275b3a1f5757119b028f2ccc859efbb3c3
SELL,0.005,8988.91,1752016567,Yes,0x7c9e29eb232ab1e8b7f2146c0deeb1b934fcb210cf570e01aa1bcb3fbb714282
BUY,0.995,23993.39,1752016563,No,0x5910a07120be4393b7ecef29afad8848e442d09eb1a4a2612f5ef59bfb20bcfb
BUY,0.005,9006.61,1752016547,Yes,0xb40069b3fe96999dc0d341173449f25bf5f9149a43e7436d2654bd57f961418c
BUY,0.005,200,1752016499,Yes,0x4b7326fd4d8f3f983ed51feb31c18278b1b90a8101f4bcab7e5ec7c5e1a9d358
BUY,0.996,206.79,1752016493,No,0xd2a86d49a6ff20aa34dfb748d542a324be476a4e5dbfdbeae014e0f9b9542a46
SELL,0.004,1359.73,1752016489,Yes,0x3257c8f72158b6402882be4d0a1510c61841887bf9bf382fe1ffb06c94ef22e6
BUY,0.005,4000,1752016475,Yes,0x63d8d59aa64c5bfc423e27b362f3f3864422ba04cc684c9c7d5b48848826bd55
BUY,0.005,340,1752016461,Yes,0x8f360f4061767e7ea01509596f2c996785879db30e05ce840ac25b93739b2966
BUY,0.005,400,1752016447,Yes,0xd82e3f963cd42a5d2617094e877084c565e9f220654b5d0fb000e6132daf9ab1
BUY,0.005,1466,1752016437,Yes,0x9111cfb18077bfe2577bc3e60bc0494f1da00b1539987a2d575c1fbbc563ca76
BUY,0.005,3000,1752016403,Yes,0xdf68bace1ee63a43024b96bb4b62aacbbd12dbf2d5677b5b1352d888fabeec5f
BUY,0.005,6000,1752016379,Yes,0x24f234efb64ad3aabb2ca4547cb4912014dcbba268c10795ae84146d85e1b6d7
SELL,0.004,17000,1752016379,Yes,0x61feb15972aa3f26f18ff738fe768202d52d17b6aea3de3871dc2d92f4f42d54
BUY,0.0060000000020058505,3988.333332,1752016377,Yes,0x16e3bf67e6f231bf1593dfee782801d6b7dffde268c1a6d87dc1c4b0d4a44b61
BUY,0.006000000010909091,916.666665,1752016375,Yes,0xe389efd641cd4cd1bc5f6cdcfdb47375ccd4134a41b83ae9f9cf4404a99d30a4
BUY,0.0060000000024,3333.333332,1752016369,Yes,0xcc1a3086017c6e00893d8944820730fa3cd930d96060879dd6e98cb267bb54c3
BUY,0.0060000000024,3333.333332,1752016359,Yes,0xbf973a00d0fd31bcf8340667e958a8910851f6efc95a5365b40a759a44cd813d
BUY,0.0060000000024,3333.333332,1752016341,Yes,0xb8dba40e57fac15571c93e6546418c91f977b8407e426f9b2e08c995224df2bc
BUY,0.005823758508712465,3434.208333,1752016327,Yes,0x990cb44acf6e0b5d98ce5871abf7806db6967226e08f8febf703ff1f71b60b7b
BUY,0.005,13000,1752016313,Yes,0x7982fcc2e64db526c2919876c935edd4b28c80cd82cf8d067741c1dbe2438539
BUY,0.005,1360,1752016301,Yes,0x4f8fb796177639fffa0037c2ab8beff6a704174508b25763fce883a0bd325089
SELL,0.004,13392.85,1752016293,Yes,0x2d70d16ad0dcc4f166586a7e8685c0728a7e9a41a690458c17c51b04dfa900bd
BUY,0.006000000018461539,433.333332,1752016271,Yes,0xa30166b9e587bd3380277362842b995cb41085151dccefe38c21a31a932e1dbd
BUY,0.006000000004615385,2166.666665,1752016269,Yes,0xb4a7cda7acf9f29768ba5c7607b85961209561c9e9a0c385f974db0523b8beba
BUY,0.005604857548439849,1784.166665,1752016247,Yes,0x3dc8859275a7e582d2ed62015ef85e482979f1f87d4570c94a9894aa0995d2ce
BUY,0.006000000024,333.333332,1752016215,Yes,0xba1254e6f700546f81f2197e92e1bb4b1354d3e7cdcd6ad1f66acc150a2c1f59
BUY,0.995,200100,1752016165,No,0xacc05294f5634e55f08ccc119ae88825723272482af45ec83d3111c48e81003a
BUY,0.006000000002357564,3393.333332,1752016159,Yes,0xeeb2fe52d19b6e36b7ae8caaecf0384cd0cf98fa153760f7029d8fb21ae45ff2
BUY,0.005571428573418367,4666.666665,1752016137,Yes,0x7dabde965ebaab725fef894d919e7517773fc9f95c85d7f03ee90e0a59a649fe
SELL,0.004,2000,1752016125,Yes,0x2d2ab973f7e98dd696a13eb187a63dcc195b6791d65b9d94102fd56c330fc9ee
BUY,0.996,607.5,1752016111,No,0x9b8b3b85994f55b5be39ec4622e9f2e6de5fcd19f2e8fe895de299f0c397b5f3
BUY,0.006,1500,1752016101,Yes,0x68d20a40ab53659792f3d73a24026e690af856e9353397423330ff327a41c64d
BUY,0.00700000000525,571.428571,1752016047,Yes,0xdf1adb17bdaa44b57a030501506a1167dd1cebfc0b3f4f9578e5e1e1454dcbf3
BUY,0.006326025268238203,15807.714285,1752016033,Yes,0x1e4740d56ab9686c08fe57bfb6d718c9e59249a40b905bffb20086785218ca7d
BUY,0.00436564797819858,886431.984284,1752015987,Yes,0xa9b89ae516d937766f74885b9ecfc8f0780d6c99e19a8b852b89b7b447462633
BUY,0.003,10000,1752015955,Yes,0x98945cb554a1310b17baec3cc65fefbfe9e3803908f33a39d476753c58da5de7
BUY,0.998,2000,1752015931,No,0xc6dcfe55bbfe7a0b272ed6220d99b05cf40529aa6a1a9ad3ba2ec1671e25024e
BUY,0.00300000000075,6666.666665,1752015883,Yes,0x49715d366e8cb12559cb244d9c97463ca818c8ac8c559b3dc0055f126616bcb6
BUY,0.003,1000,1752015871,Yes,0x7490955e6a79296383e029e5dfcc61600cdd90b3e5c5068bb6ac054577180344
BUY,0.003000000000155974,32056.666665,1752015865,Yes,0xed41c595792fd3a47235fd16becc2fdd678cd092e4359d87e3ce264740ec9a05
SELL,0.002,10594.52,1752015847,Yes,0x03b1fc317ef940a4c2b0e9baf45e392641458e2870b30ecbbb19aa5b50e2b2dd
BUY,0.003000000003,1666.666665,1752015839,Yes,0x0ca9b9dadb30d10d479bf048a274168151bfb258bf055ba1c572108913d20c8b
BUY,0.003,1560,1752015795,Yes,0x2339f60f947ab93ad8fa954480a026eb405fed9c089bffedcf55df63271af633
BUY,0.003,2000,1752015791,Yes,0xb4f4aecaf134d2da832ee7493e381e2cee56e684d56d544bcb8c0b52ecea77fd
BUY,0.0030000000013636363,3666.666665,1752015747,Yes,0x382732ecad2a00a40ea305689cd43f56eb4360186f3228e29a28e25f1cf0e528
BUY,0.0030000000012,3333.333332,1752015745,Yes,0xd9f9b0efb974f9e69150c243e0aa47cfdab8ab6471d198615b9c6877b49e8fbd
BUY,0.003,2330,1752015731,Yes,0xd1167790ac2651c5fdfd330cc4a798faa74d768f94e6eb86db8c1c5711df0be2
SELL,0.002,37137.03,1752015729,Yes,0xfe595b1791ebe764f66369fb8dddce0b573f573e8db614ba7d39694eae53ae30
BUY,0.998,117.8055,1752015711,No,0x7b3d8ad377d72522cc8762122e39625079367f7e1d89e518296fd4591f6c9374
SELL,0.997,10000,1752015689,No,0x72f6006ca487b7f4e7c00dd7197bf09822d2f183c9b6456f99119477bbad5b6f
BUY,0.0030000000012,3333.333332,1752015607,Yes,0x5a8e6ef15e67663cc6be581769a36c79e976d8b0e4f9e62982a2f27d8237431a
BUY,0.003000000003456221,1446.666665,1752015593,Yes,0x1f3758c9dcde4071691bff3e2421f8210fce00c0d43742d010717d28e649b478
BUY,0.003,2000,1752015589,Yes,0xc9cc09dc44bb74d2df4f6e3e47fcdd4670d445ae067095c0f4fec6beb6347eaa
BUY,0.00300000000075,6666.666665,1752015581,Yes,0x2cfe336167c9e9c6c86d0389f63024779ae8f824e3330378d5bbdc0f371436ed
BUY,0.0030000000000428573,116666.666665,1752015579,Yes,0x95cade767feb55721ed5dca30885a547e0845b5c439d99cc0b153b15af2eb984
BUY,0.003,1000,1752015573,Yes,0xa586f9b626b98a0beb0dd01bd81b17b6faa451bebe0978f658d8291080f02e95
BUY,0.003000000012,333.333332,1752015531,Yes,0xcdcd32631fdff6dc9ce44be8410f6c8010eccd56a3801419259edc85e80c1f8b
BUY,0.003,420,1752015527,Yes,0x0eb7cf12e6a0fa2efb7cbd3a38c761b35476444d660cdae15d09063756d2b3a3
BUY,0.003,50000,1752015521,Yes,0x6f53ba513eddd12746cece697782ead25de2b65e9e887fec3faa8823633cb6bc
BUY,0.00300000000012,33333.333332,1752015515,Yes,0x5d072129118a03077293d5ac8ade7be8680072d130a113c8c3cc8c8d28b36e78
BUY,0.003000000000263204,18996.666665,1752015503,Yes,0x80dd808e734a0d0437ff271075cbf82e7d6e1d5a691b11597e222c1c67937c1c
BUY,0.003,164000,1752015489,Yes,0xc49197a4e84fd8af10ed8b0df8ebfb702605c86131d327a11eaa7810a8d6257f
BUY,0.003000000004285714,466.666666,1752015471,Yes,0xf3e82590064b0bd98f7c76e45219b86d1d1df134b3a46db8fbae1a4ca1a958ad
SELL,0.002,1830,1752015469,Yes,0x892ef9632582da8d7365d28a6e2bd0165a4c1201a92802fbf24479ceb05c8a26
BUY,0.003,100000,1752015459,Yes,0x47391d898926343f34ecebb6ad1ca19a071a563b2eaeb9b4b9cc01fbcc2425e4
BUY,0.003,340,1752015451,Yes,0x9b2181b15107ce655944ee8562651071861ed68bcdb4659dbf1841906d49a791
BUY,0.003000000003,666.666666,1752015435,Yes,0xa791d77d502e3886dcb8cb4959fdbe2abb32ff1f91e8b236307b4841764fa7c3
BUY,0.003000000003,333.333333,1752015421,Yes,0x1548dd59efd3f207baeafe52b6510553f73b0b1a35371a03bc92bf10b4460ae8
BUY,0.003000000003,333.333333,1752015419,Yes,0xfa2f06c4150dceaa7f095768c3ffbe6dc4430845e3a58de7f822d35a1604da3e
BUY,0.0030000000003,6666.666666,1752015405,Yes,0x9620389ff0c0d20cf59e8de0ee35c68eb914f8f6e4ccb51d38dc0355acc39129
SELL,0.997,100,1752015405,No,0x69885c07088f7a28b2192e37bd97fb210de3b21ac9f6c6af1f79d5aa786f541b
BUY,0.0030000000006048387,1653.333333,1752015377,Yes,0x6e5387684981c8b40275358134ffa03a500e16c2fa2be68c023485a8cf278f1b
BUY,0.003000000000212164,4713.333333,1752015373,Yes,0x646b40d80821792ea6bdb6a42ca493d2326deb814628d612a9d9eb843840f096
BUY,0.0030000000004285713,2333.333333,1752015355,Yes,0x508c8edccd216588ac7959c9939c2450e7a1d166bb483d7fc1c4b74e8e6a5814
BUY,0.003000000000018237,109666.666666,1752015331,Yes,0x14c54fe1ddee41a4bf52fe5b12588b1ff8a63c6a14cd2e6ce64841f7642574a5
BUY,0.0030000000016438357,2433.333332,1752015329,Yes,0x4fbf388181c9c71304729414ce8d90af55e5a08f648d232a272b2ae3345c33d1
BUY,0.0030000000012725347,3143.333332,1752015321,Yes,0x4cd11f9ec064cdbc624e35d60b8c28ec667f6e9493feedf37af93879d038595c
SELL,0.002,4690.1,1752015255,Yes,0x22864070351a05f3d8db32cbaf0fb9664acb63a33f37f153c09985cc1b51e287
SELL,0.002,8,1752015239,Yes,0xeb0573de1b49652ef72e349e103e15e81138fae6531059bc4d579e85fe90d9f0
BUY,0.003,2000,1752015221,Yes,0xd7dc4697bc00c65a3cd789a2175c620978a9f849c32658dad760db3eb1600ce9
BUY,0.003,1000,1752015191,Yes,0x204c291bbe80c4a226e326553bd8a67e30bc8f3bfacc33bad814bb2b85b38342
BUY,0.003,5000,1752015179,Yes,0xc74303208b588c5407b893579827edf2365a1d740706a70436c2238d93bbed50
BUY,0.003000000003,1666.666665,1752015133,Yes,0x158715619c9a54b7f33c12b30d7b6c49f0728fdd2d892c4e49ba3f6f1a6b4484
BUY,0.003,1400,1752015113,Yes,0x090dd7e5695b0afea2cf98a09357cfbd91d0b78f68f96118fef0cc8e9d291408
BUY,0.0030000000031413614,1273.333332,1752015093,Yes,0x95e20987e0bb6759d8558f49ae5e46a0ad004b84108ed686275edafa7f862d87
BUY,0.003,10000,1752015089,Yes,0x1a22aa57b20a79c6a679aa2f0260dae4b78d050d73c43622eb4c3f18f4fcde0b
SELL,0.997,9563.66,1752015025,No,0x4284f203fb1ba6a024a97f69090c2a196b5a381f223baeadee67f90cef9e022e
BUY,0.003,18060,1752015005,Yes,0x0068e681c3a802c42e9561ec846632176fba1956ed3f86651dc28dca50aa5ead
BUY,0.998,250,1752014999,No,0xc36076514a8f3b4f11bc38250aff8dc77b92531255bd1917dbb5df1aca3c6ca3
SELL,0.997,2,1752014997,No,0xa1f84285f078b49477b642df38da6f313e1fa65a1d6bdc99a13cf0191594981e
SELL,0.997,3000,1752014987,No,0xf215705c37ed9d04346a040b4a23c1f161c1cc0965ff952919cb26da2b431821
BUY,0.0030000000012,3333.333332,1752014983,Yes,0xe643d40b7ba44caa3f733456332f3e48da409b2f09fb1d5ff798e63ddf1f8ae4
SELL,0.002,71480,1752014969,Yes,0x11e6f78b5751ec7040e275b385df185bc6bef280877cad7f1deb862af90cd514
BUY,0.0030000000003,16666.666665,1752014953,Yes,0x204d6aef857a6e54768e4d239871578af7a985fd5740309ac19cc2b5f82eed08
BUY,0.0030000000012,3333.333332,1752014935,Yes,0x404e8e6d5376b69d46c93bfd870d00383a067b20910c12708ade06b7f552c412
BUY,0.003000000001714286,2333.333332,1752014931,Yes,0xa0eefd55ec1701b9548279ee0eca6639018a2c66a24c6f6a90a1269eb400bfdd
BUY,0.003,1000,1752014911,Yes,0x013a9d3605968ac42138ccda8cbe36940704c5875ddabb816e825fe18a4f2dd9
BUY,0.998,20000,1752014887,No,0xa7380414521a4d2dff1aca87e85a2bee80652ef7bd30032cd8c27116d1b3fccf
BUY,0.003,1000,1752014879,Yes,0x2e41a60a3153fd7fcc73d1a6a86565b57056548d51626e6d09dbbbeb27145b6e
BUY,0.003000000012,333.333332,1752014877,Yes,0xf71efcc4ca4f0f92dc5122351f7f6e86d95de6152759855a80bddcca3e35b5a9
BUY,0.998,3500,1752014873,No,0x6f239f1c5f67e924960474664ca12667eaa0d81863e9de0f5fcd3f76a85cb5d9
BUY,0.003000000012,333.333332,1752014847,Yes,0xa4a28da555246bc1e17b581063b1cd5577cc3064a6df9f07fd0e4d22a3d4a3ba
BUY,0.998,394.098,1752014835,No,0xbb9f3d67b5dc11da2223705ba79e077422241f18c40ac49b627ffb2695c83f4f
SELL,0.002,698.46,1752014787,Yes,0xcd08156277d4f07d380d9701df4574de46d9e065e7d1cb4e2ba2c84afe98bc22
BUY,0.003000000012,333.333332,1752014785,Yes,0x2bfaea4bb542bf1bec682daa3b89fd81867565f874c3f09503c77766fe47e152
BUY,0.997,372276.31,1752014719,No,0x193ebe2efc2b971af98e0a216184bbfb732c46d2dee0e01760ad15e3d158cd79
BUY,0.997,200,1752014619,No,0x3fa2fdd766531419a649f5c9e2e7a37b3f99e584da03099d874555e7b1300c72
BUY,0.004,1250,1752014609,Yes,0x93457404ecf574c6850c0e72cbdae028ada55d20d31b979084f4eb5a4d2b2cb5
BUY,0.004,5825,1752014593,Yes,0x61fdea0a8f78afea6a99e6ccbb9f7cb1cd1496e888830a38102aec1265833d36
SELL,0.996,509.43,1752014571,No,0xb9edac5743cf6a3aaa11dcc4732e4eabdee0f7c2a279cfc97ac93da7e848dc01
BUY,0.004,500,1752014537,Yes,0xce0af82fcfb8b7b1a3007c0894309e3154e47932fa0191152906cf23b67f33df
BUY,0.004,262.5,1752014535,Yes,0x0efa4928e03d273590378c5fd1e4127e3a9ee570a774df164ea12334b316962f
BUY,0.004,750,1752014529,Yes,0x70e8f471b2516b9c92359626bff6681db169fbc110632e119a56707be23b4f1f
BUY,0.004,1000,1752014527,Yes,0xd62ac6e30ac634bc7d04f57d77529549e505311a6f5652d1201ecb5da2545f0f
BUY,0.004,20567.5,1752014521,Yes,0x2784b09b935fd2b051968ae54e30c71d60addbcd5fe4573933136e4d43ae1157
BUY,0.004,5250,1752014517,Yes,0x094419b5597bf021dff7bce936309f2c923bfd1358562a6648a8adba9e321e1d
BUY,0.004133513591268256,3628.874,1752014501,Yes,0xe6076537b023df273f2670d4c124cce0585d8a4c49d3bdb310e58d26e7db0cfc
BUY,0.005,200,1752014487,Yes,0x64c7825851cdd68c77c9f1ecaf8a1db33df30448cde021760166ae3a9d0964d8
SELL,0.003,22693.63,1752014483,Yes,0xe42db809111cd9c37c6f474ee84da14707e594908a1a24802f40d3aea30c7930
BUY,0.996,4000,1752014469,No,0xe1ef934c952a623ae516e7bdad29638e31a5e67fdb0beb36528ecb7f65acf5b4
SELL,0.004,9818.45,1752014445,Yes,0x16a730502f1e27b86faffd1b07d150f4ad14c8d266c4740b2dab7da9483080e9
BUY,0.005,200,1752014441,Yes,0x0420db4d55c26bfec068b0ebbb520da9dcc9ca92252784528fd81294c55aadaf
BUY,0.004,2000,1752014425,Yes,0x9a8ccbcff1dc8968a98382874dd6ee5c76905095eb388ff44bf64b27c6f90e82
BUY,0.004,8210,1752014405,Yes,0xb62a7ea8ce8d4c4819d74cf5da791f79ba4712e020f0bb95faffdcbf69284491
BUY,0.004,500,1752014385,Yes,0x0bc38ba02433834fd688ed29efc976d3e022924b0c76d9255d62d20f9f9b4039
BUY,0.004,3250,1752014377,Yes,0xa032038214782107137530414ad32242636009206c05d80183288c1274a469ae
BUY,0.004,100000,1752014369,Yes,0xc05c18bbb1bad525435c46771283f7b77fed014849c81a6845ef6ed64abe8b00
BUY,0.004,547.5,1752014317,Yes,0x2f776cb1915b191f99288d2dbfcf064747b2cc7a7e94a97cc53496a1dd92a922
BUY,0.004,1000,1752014287,Yes,0x3928bc2fc7603352e6408ddf532021a7dc1ce5a9ae28f11bd45c5e9748c2271c
BUY,0.004,250000,1752014281,Yes,0x4acb1367024a1e550ec738684b4e6aa2f9ff605ab314d6f9556f93c208942806
BUY,0.004,2787.5,1752014275,Yes,0x741a0f4192a5539366d5f1bc4db81773fa18268a98fa01a8514f63646900d3d7
SELL,0.003,732.85,1752014261,Yes,0x2f9c5f93332e696c6948eef3ef4624292c35fbb329f75d448a506b0bf1791326
BUY,0.004,6000,1752014207,Yes,0x4621d9a767ca0ca3379900a4e8ac4f2f2b81033ecdc9daf8290d344024aeee96
BUY,0.004,24750,1752014205,Yes,0x99a567b4b2bf3d2154cff8fc5768e95871dea5313ceb4a4dda9fa058ad61b994
BUY,0.004,6220,1752014149,Yes,0x1d010419395bf7cfdc15b5ed564b4705e5d3b0fc9dc4d603037b1d58190d218f
BUY,0.996999999475279,996.720159,1752014145,No,0x856c3be00e27fa3141febae2cde8fc90260dcd1d58321ee8a486159191ecbc34
BUY,0.997,10000,1752014139,No,0xc99647e04b4948885e92a47d7fae98e7f407c7c9b0a84d6dc1556372038cee3c
BUY,0.9969999976973221,201.504512,1752014097,No,0xd70e09b042f325f597177abc61436c14a92e31f56dd2b7cf380bc7809f43a6d0
BUY,0.996999999074784,501.504512,1752014065,No,0xf4d05030be4a3cda7c052534b0a2c7c7270d86bad6ee6decb0a82f8c577a8495
BUY,0.997,10000,1752014043,No,0xa3a537622294ff06e004c1ad661b9c7a2d7cc180169ef3d76ff6ff9061b4b645
BUY,0.004,14500,1752014027,Yes,0x34fc8e7bafcb0b2a1951b83a870d075b4d89bf48c6a79684a59d19d3b3990043
BUY,0.9969999999140918,6018.054161,1752014027,No,0x1fa1603cb2ebe6482c28ebbc4121ce418637a41e5a5df40d67744f9c91b979c4
BUY,0.004,50000,1752014007,Yes,0x5ab43603bd1d82af2e216747d9b6f69990242816701b4a50a419f7914410dc46
BUY,0.004,250,1752014001,Yes,0x33d304a78401908380e19ba2430f0887419118de1197b80a3d4aa09b486135e4
BUY,0.004,5000,1752013967,Yes,0xb405660afcb7da14e3678c875481a9124898811f7845c1cb11a6d625cb968462
BUY,0.004,5110,1752013951,Yes,0xe76af7380d7e4876251336be3e4d42176a582e9f9fe4579f6106693079ac22e6
BUY,0.997,69,1752013921,No,0x14ff03e329060092ba5157036247abd5a9fee9bb1300d6335c89b461a87e9ab3
BUY,0.997,51.1,1752013907,No,0x38ba2dda9cecdac02be0475dabbc24b932e0208909dbac290e30940ecf508ba5
BUY,0.004242037538266368,228899.436,1752013905,Yes,0xabf0a3c040a1062a3e8441ad2b966b120d7102df69edae5cddf2740ea66e3912
BUY,0.997,240696.69,1752013905,No,0xb8930310191d347c29f489661133c41adf939af0b155254afc3ee90fba5e03d2
BUY,0.004,34035,1752013883,Yes,0xf617627dd3f607862458431b42e1034d10424be387b68adb4539c5e5861a9e7b
BUY,0.004,50000,1752013789,Yes,0x337fdd459294d2fa440d9b2c12197ae72009c652cc188493c1b9053f0fe7304a
SELL,0.003,50812.47,1752013739,Yes,0x4ad09e6ec48ef630f3b03f9ef46d2e5b2c2eab8d4798c03951458ff993ba1a52
BUY,0.004,100000,1752013717,Yes,0x7b15543e7dfb7763fa0b19a57ce83e039a21f19c6b53b8e4a81efe06930cd65e
BUY,0.004,250,1752013707,Yes,0x13b51d4418206d46b5fa5d0b256e2ae978588a02b38fdb45fdad999bc8fb4ba7
BUY,0.997,7000,1752013685,No,0x7f62d1b84b890183b8bdf8c668444226d3a29cb515aada670ace811d878ed033
BUY,0.997,16048.14,1752013677,No,0x093d5f7ffa74fd31ef6100616145e358f591c052bf908ca82b995ad19b4616f0
BUY,0.004,5000,1752013677,Yes,0x213c3d3445aff655a44e4f05b8e460b61c48ef820023c7978984610af779147d
BUY,0.004,1000,1752013653,Yes,0x9df7b7017994d19681675abd7617c464f2904086a901b0794ad3066aea7a25eb
BUY,0.004,300,1752013623,Yes,0xde64563e97846da27ce8e99b37048a2e9c522bebbc2aeb05abb24b21b774bec1
BUY,0.004,2710,1752013623,Yes,0x4ec15f24f7e4e9f186e9ff0194f110ae3cfb6616fbfce64ae4434b4537e3de7d
BUY,0.004,38750,1752013611,Yes,0x731c3cd9cc2423d55f2d552993d943b8b64cdcc9f15288b23ed186945793426f
SELL,0.003,10000.01,1752013589,Yes,0x798328ce62c7142644f17e0d79d5dbfa7424c210a62fe83e6d569752a6bac91e
BUY,0.997,910.33,1752013577,No,0x905a6a6b8643c30f0189535580e707c43994f530c2b3fb47725c38cc6466b4f4
BUY,0.004,1250,1752013567,Yes,0x5f976f26697926e4ac6cde30177f7e436fcfa1503f9914f36595c8939a7ff25f
BUY,0.004,2500,1752013567,Yes,0xaff97e250c134fe4e7e0e9ac1e4594d4527629f56569889ad78111b87ff1ba97
BUY,0.997,2.006,1752013463,No,0x6a8409802042c3eb87b987bda74da2f50e3c9533ede6e36a6587e7158a4a733d
BUY,0.004,6250,1752013433,Yes,0xc8cf1f70718749bf6f9df33406cc6199b966d2def9948f1fbb85979fa967d9a8
SELL,0.996,10000,1752013431,No,0x5b941c3efcdc8921df2e7141a8a3228474b8be76415ca8fa3438997d3bcdad87
BUY,0.004,1250,1752013411,Yes,0x0263cf80e2711b3df8caaa48fd6affc9a4a2c1ac3a642d184f2f7128870f7335
SELL,0.996,5000,1752013407,No,0xc2d3315be719f8b33f5a974a157dc553b5e3c1a756439cdc97e1c863e840549c
BUY,0.996,109051.18,1752013405,No,0x057d8a3ac224cfeaa481be31455f99f8bdd9902731f77ab8c69dcee7a6af372c
SELL,0.004,13831.68,1752013393,Yes,0xbf11a1007b8bd39433c42edf01747bd7ff2854b17ea5a7602345f8823ef7aa4b
BUY,0.005644450673718687,60314.106665,1752013377,Yes,0xbbc6edb7092efd14fc5cbf713eae0a1a31e2b233ee792ca33e9829d5bae7b453
BUY,0.005,200,1752013343,Yes,0xdbcc2f5e084856822f07870af90996e30a6bcc20591717f1fae5202d7eaeef4a
BUY,0.005,600,1752013339,Yes,0x2128b279aa4d5d318e68177bff78b81e4308af5248096c061480bcb9f98970e5
SELL,0.004,10,1752013301,Yes,0x74c8632168286deb1f82d033af123a74891be353ed7bfa82e9a0b8e5bed264e3
BUY,0.005405356708985086,18500.166665,1752013283,Yes,0x5b38d5b6f8a78e3e2351212792566f6a7ee5fbfac7f10ab267cf72a6340bc0e0
BUY,0.005,999,1752013279,Yes,0x92537918039081128f0dea402caec95c73c8572972343396822aecdeda79dbbf
BUY,0.996,2.31925,1752013275,No,0x4511b4bfe0fcf3b05a17f8565f804bc08113fc62f00d5a8e0afb5d8a0b5452c7
BUY,0.005,1000,1752013275,Yes,0xe1db9be7df6c4585ce716dde578cfb1bea83ae6669c8cd3600e7fdcac5ce38f6
BUY,0.005,3000,1752013271,Yes,0x99f7e10eeb575383de8271ac3a02c01f0580a0331b5a3e031c40431d86352b1c
BUY,0.005,4000,1752013267,Yes,0x78e7f8727ccf37e1da1fc26116c5011a1e52a4c94a7b183645d7182afecc23a9
BUY,0.006,16665,1752013267,Yes,0x3bb3145370418fb9133e3492a7690a94f1df1c4c85b6e8935d1b5d53e7b0ce09
BUY,0.995,11165,1752013257,No,0x252d1eb3999590157991761d88e320feee1c7a98ae5b464995fa0989be2c7d18
SELL,0.005,1,1752013247,Yes,0x0539bf6b73fda2c2f604b7fccc7d65879eeaaaf9d6eeed08c0f56973df03d3fb
BUY,0.995,500,1752013241,No,0xdfe84a206e18383022aba3ad8a215bae7f79a99c688e9a61b03115e94144f0d8
BUY,0.996,5.02,1752013221,No,0x747af02bab3061467b81e33b26087079d6cc3c202411018cd7b14085f27eb135
BUY,0.005088003378434243,3930.815,1752013209,Yes,0x21f1a2d3759f88b4afa23f7bb40115a0c6eb491964b341989253e35648288be9
BUY,0.005,5936,1752013201,Yes,0xcb67c616788a0501e78a9d8a2114effe2757b3c7e2a6869ee6d6529e7a784d84
BUY,0.005,998,1752013189,Yes,0xe41042b953694e86e5c0ce5b9f44a7ebb2536fbf215847a4ec4bd18ee7f1a3e0
BUY,0.005,17226,1752013173,Yes,0x59700ced3076a0bab9a1976e475d3884df4b12042dc943745fb48f21409b6373
BUY,0.005,200,1752013139,Yes,0x2920e1ea1fba39b2e8c16dbf37d5a829b2a223be3fe414375952e9dac56fee16
BUY,0.005,4000,1752013139,Yes,0xece9f9eea8e0c31c27ca50c56504434fe7f0b4e307f1aaedf630ed7e1bc9419f
BUY,0.005,32730,1752013123,Yes,0x88026b261d21ebdf94fd2f29c18fea6906e98dd250dde69d96340f8ad0720127
BUY,0.005,1000,1752013119,Yes,0x3573b7ab107c050ac96fd96c35e44716cde7b98eb71eb6fbbfec03bd74e3454a
BUY,0.996,250,1752013107,No,0x11da36c6f58432a4d421ec84b2245a45cd9725edaa63677224bd570151cfd804
BUY,0.996,53,1752013105,No,0xfe02f1849e90e17c6185a05192624174fae1dcfec90622fa656c11ea5b439034
BUY,0.005,600,1752013105,Yes,0x3b0a58867d2697b9752069e8e2122cf21635153b5b923a86c23e24e6998645cb
SELL,0.004,4,1752013101,Yes,0x950dc4b107aa805d8f325b8530fe687ecb7ff1b18a792e314a135169e1192894
BUY,0.005680690114314715,6279.166665,1752013099,Yes,0xb8ae2b03d1f6035225f491125c7d36ef15176c135ce769e1c2f3280b5341d963
BUY,0.006000000006072874,1646.666665,1752013097,Yes,0x37c09d39eca7285db4e698b3b9b81c8317b7a36a7c47b938fc27bf16dfb8e73a
SELL,0.004,55000,1752013083,Yes,0x239e96655ef2e4f6a02349840e711467e3ca559a62ccc165b1d0b6854cd9fa6c
BUY,0.996,3000,1752013077,No,0x74d13d0b9f99add79cfdf5a1888adf69d5bc321995077a23c4afca367d74c8cb
BUY,0.0056106639285648805,1363.475,1752013075,Yes,0x710327e1a5cd9d19060c4c9bf163d9e69fa5fab8cd73c333e1344603516b4348
BUY,0.005,1000,1752013075,Yes,0x7276d483f6edb8b2eaa23f12cc894f202116d47278e1f8550634a29250346c65
BUY,0.996,1575.12,1752013073,No,0xd1a4f969711f6bad6f1ad069ca8790be156b6daf4724400e164fd455d6922132
BUY,0.996,4327.67,1752013045,No,0x3cd4e3164ca40e6789421c28a03f95a40a09e029677a20e64162e73aae68c02a
BUY,0.005,24200,1752013045,Yes,0x0e879a08bd29800646339c868b2ce5736c85830fb2581e1cc0df085d66bd3bbe
SELL,0.004,23332.59,1752013041,Yes,0xb36bff977f911365d546735c33323e271181c8b46d0c657820654750982a2fbd
BUY,0.996,49159.43,1752012987,No,0xbb80f59f024b46835f933d3fae34783eb3c37407d1df42d54a12907d4b8dd810
BUY,0.996,20000,1752012945,No,0xc5834647aa2b66c41faced7d4150498f3b3fb280df79e1caf73b8508c46a5fed
BUY,0.005,5000,1752012945,Yes,0xc2748d933dd8430f83869d8ba82f6b466014bb1b3a7f43742818b976da2b8fcb
BUY,0.996,454,1752012943,No,0xf3312d7a49f1d17f1417cdedd4f0861a99d53100dd38f3e70022da05d41d63c2
BUY,0.996,1500,1752012925,No,0xd603b89768116ae64b97bab12771496aad4aa3248c0165fc9efe58dd0dc426ac
BUY,0.005,200,1752012911,Yes,0xc6277ab606cf555568e6c161da5a6621b6e9193f68053befca006da7fe34770b
BUY,0.004973467545339125,10053.348,1752012909,Yes,0xa285b7416130639fecda5435ea862671f31374bf830d3aa49f1ffd0e9b68cd21
BUY,0.005,200,1752012891,Yes,0xb9b91d6314b57f05fc7e78ac35aa2b799c255e5cd5467951eb9a23c078dfe069
BUY,0.004,40,1752012891,Yes,0x1a0e6d87c1d00a2b22a545b8a1fffb00ab41952d8b8609387a48c724ff7a8b94
SELL,0.003,293.86,1752012887,Yes,0x2ebfb530369540276fcd5ee61adb127215be1bf577b5fdcf23778fc00e57aaea
BUY,0.004629706752847235,1440.696,1752012885,Yes,0xc207581f9d9a66dbf009bd766405311997d5818418f839f21b6845139c674c42
BUY,0.005,4600,1752012875,Yes,0x8a400240e4bfea714be2050837d7e00ebe2b62fc55e432736409d5f0adcef51e
BUY,0.004,4750,1752012847,Yes,0xd64622374c3d2e86f210f32ac1665c8b8a8befe73005edcdbb0e185b4d9193b8
BUY,0.004,250,1752012839,Yes,0xd0fd902b21f42698b69d446cd197813941c894b1f6689705922f4e1280454c9f
BUY,0.004008047660669501,13305.73,1752012825,Yes,0xf5dfa0fa30759bc5dc89c64151ed7e9f11c58566a30265ddda6a9567f715c14a
SELL,0.996,297.28,1752012807,No,0xba1eb29ff36b4762729f28bf89b8fcf6493aa0bd10a9ad43dc429ec67ccc3e7d
BUY,0.996,900.6,1752012789,No,0x8f4b742026208f68afb8571c628f01e92b53fc340600b90bc5a7220e4628cc65
BUY,0.005,13000,1752012769,Yes,0x81947778624f1ad178aa794387dfa8c763ab52b0ffe25d853ae662165015933b
BUY,0.005,500,1752012741,Yes,0x9e46abb583f1d20e6a261e117411f641a8fad38ea9928643161408e4a7ea6779
BUY,0.996,99.3975,1752012723,No,0xaf1192d62435f5c5960dc9cecfa2c72246501babe053c84a1e00067fb4ea61b0
BUY,0.9969999997985833,9.929666,1752012717,No,0xb5ad605bf8feef0a07bf1201436078735af39a3c6b0b7b4afd6f669083fd8ec8
BUY,0.004691074195397704,10232.198,1752012705,Yes,0x1c1115c90d0d94ad36856a85549d358cea354a021c023f9b0118d3c7be20df4f
BUY,0.997,11696.14,1752012699,No,0x675429e285b72cdd7d18728e4e8ec422234f29f85fb087e6c08b80031989fd2b
BUY,0.9969999999798586,99.297666,1752012687,No,0x8d6787ab30e292541f23e9318d42dd51390b3e32e07f32248a924fc6fb0288ce
BUY,0.9969999997985833,9.929666,1752012681,No,0x219680b5615440040ef369ecdd9e35d3c213422bc6362ab9347e33cdcbcfeb86
BUY,0.004,2500,1752012669,Yes,0xce8997a0b022c667d0c8ef8d6cc7476cea7496b47abb982d65a50a6c8133b10e
BUY,0.9969999999798586,99.297666,1752012651,No,0xa34369c62941f808cc29017841ded5a8cdd786315ff12542f85d2c2dc8e5682a
BUY,0.9969999997985833,9.929666,1752012647,No,0x1c8a3256f1f9052a868e59f72dcd9e16635dc0adef0cad224f1861a90518349a
BUY,0.004,750,1752012635,Yes,0x1c38abb1dd28176e349fbfea6e53b6cac38af955fd1634f95b1d96ef82a93409
SELL,0.003,3976.19,1752012631,Yes,0x31f6f087a6af3239886c95ac5579a86db09cd8bc9d2d2307dbe7ad971bb33930
SELL,0.0032605662411446996,50191.69,1752012619,Yes,0x055daa5e215b2da33979ee1106e16f3913d2528028857fc41e43d7f194ffb1ca
BUY,0.005,10000,1752012613,Yes,0x358679abd46d08ab6a62c519a38f74d344585addffab84e51e75da1ee312c9c0
BUY,0.996,5000,1752012605,No,0x3e0d285682c001b7ab17070a67526b112b18f0a204e459e011491cafb96555d3
BUY,0.005,316,1752012599,Yes,0x02d50f43e3d9eabccbed632b3cd6fbd3974cb6f75c0da629636359d77529d4d0
SELL,0.004,2444.45,1752012597,Yes,0xc1291ee527394a5b6b14cd8e2e9f4cf8cc2f081c54a1d73dd776e592910dc36d
BUY,0.005,2000,1752012595,Yes,0xf18ba8d9c5e51ee92b4d6921d66795340e941a5d5d6af267c44a4161fbf0acd6
BUY,0.996,12,1752012585,No,0xac835850c0830d908e3ce5c0a5f14b341c618eacffdd423964f12ee536c8298a
BUY,0.996,2222,1752012561,No,0x8e27eab587493be05cd16ad7e93ae7ffa9cec5cef17c26839d5aa704f7ea1ee6
BUY,0.996,222,1752012543,No,0xeb878e48955e11b6581f74cf7780978da8151bfc14d0dc461934a7817b26756e
SELL,0.004,500,1752012541,Yes,0x7a08234d60beba09b7edb6f2433c98498e3b0dbbc1342125122ce49413aacfc8
BUY,0.005,5000,1752012537,Yes,0x094ab07b3952998ee6ab04edb8067b72a651039aae842d50eb60dae36ee71f4f
SELL,0.004,5000,1752012529,Yes,0x30c08a84805556288b1f36bb0a1b0e25d2d09d8bb9eba61e47e3bba343225941
SELL,0.995,58,1752012511,No,0xabd7b584a44e50f51ad2ea6c686c375101333f5da080b3bd208f178683c78b6e
BUY,0.006571471017531242,156068.557141,1752012475,Yes,0x1b30737c3d0640a3c176b4f9c758968fe1a237fb94eda25e58dd0ca28f14d605
BUY,0.005181763570740841,96492.245,1752012463,Yes,0x4a0d3b0be4e419314c866d40fab7d4e70655e2c79e3a621c35f63731eb6c3f9f
BUY,0.004,1375,1752012459,Yes,0x3313ccec6b7f9794c740b6395d7eb93469386714c08412ae7bd5deb81323c820
SELL,0.003,139.65,1752012455,Yes,0x9f5603d087ddfbb30cb7b9bfcb9250a94054e2c70a9d35f9c743334bfbae318b
BUY,0.005,200000,1752012425,Yes,0x1b9e7f2274c7ab2c9ac50b91acc538ae7bfddad0d6df1197df4f241aa4185eac
BUY,0.0060000000096,833.333332,1752012411,Yes,0x735cde90209d66d6cc8c1b96c4ab5bc5fd0c474fbe36e0bdea225b06f12aa6cc
BUY,0.005069870719091416,197243.688332,1752012399,Yes,0x3c1e3945c93c10c6e30bb23fa90713e048fe872f19b308f025356a2e8ce438ac
BUY,0.003000000012,333.333332,1752012395,Yes,0x5aafaf6d627fd7c0c428be5b887d95efef88709f4e780c38d8cf499e4f43603c
BUY,0.003000000000012,333333.333332,1752012377,Yes,0xdf9205a1a42b427293add8b303b152241c46061a086ee94bf3bdddbe6946eb90
BUY,0.002,12525.12,1752012369,Yes,0xd0baa50634ad5d05f6d4f5638b2615a4645a96edbda4a49d741a87bddc33c3b5
BUY,0.002,1000,1752012359,Yes,0x8672038448d977f7a0945e029a1c7283d0306863cb8edcc87a6ca3627c602e10
SELL,0.002,12694.88,1752012349,Yes,0xd0467ba2beb7c8dfbf9c948220bbe755d7653a9200cbaede874e0e0dd8a628fc
BUY,0.998,8754.58,1752012349,No,0x73fb1a10d58bcd1cb9b43ee3d0564cf0df02fe6e0ee1fd2044b787ca067bbe04
SELL,0.002,14561.54,1752012343,Yes,0x9a3402a174cb671486a423af47957d1c6bdaafae567f3180269789d2ab04cbe4
BUY,0.00300000000012,33333.333332,1752012339,Yes,0xfe0912e365736b55687620a9a1f0e2445e0db0983b8db5f8f627773ac1fbf275
BUY,0.998,25000,1752012319,No,0xbe12a2c4cd6fb97b3a641cb22dbba186b04884d0a3b0ab3f31ecce0b884bf1c7
BUY,0.998,100,1752012295,No,0xa8807ffc1617d733ffe2a1c3516bb7c5f76b2a1ca987ff302d867290473e35a8
BUY,0.998,71405.74,1752012279,No,0x6e07d0f1bc3af6b36c3f60c4ec783d666b9e6311649ca235bab37393a1916b11
BUY,0.0030000000003,3333.333333,1752012245,Yes,0xbed357c7ef4036533f63ed7b753a65c1ed5f8db7b248bb825d061dcdb78b938f
BUY,0.998,100,1752012243,No,0xc509fa83bf22af2bbe09cc0ec7dcc8ba71347a2586030b8627ace5c331305e7e
BUY,0.003,106060,1752012213,Yes,0x1fb24fbf3f50911f477b68b186406e7b596537350454c35be00f69839bd38d9f
SELL,0.002,9916.26,1752012203,Yes,0x9cab9d68b658f9d071cda8ed266cbde142c06a279628fd862a5022611ed4a72e
BUY,0.998,40000,1752012129,No,0x3b7a22e7f3cd598aa57470c974a9c5d299f1d5ccaa2fb2054c2c7fd6259833d9
BUY,0.003,6665.19,1752012121,Yes,0x52ea1cc0e0ed8580849086f97ce83a345bcf4a6fedd79368269b8dc2ae4d0dfb
BUY,0.002,10000,1752012115,Yes,0xc826a242e122913d86b19531ee7c8316825451032fb6cb22d837c25d29aa57e4
BUY,0.002,500,1752012103,Yes,0xabf9ca9e6ffc21df462d341b9fa83e4389b0d4e629ca00cf8881a50711eb037e
BUY,0.002,5000,1752012097,Yes,0xd7e1299cbf7babf386b9d1f2ded14fe85d110609589fdc0b1d1daa2bb9c29b0f
BUY,0.002,500,1752012097,Yes,0x89ae12cf3c5d167982b67fef787c79a33496f3c2aa97cd88f957668453f0d236
BUY,0.002,1000,1752012095,Yes,0x9e5e7fb8d4d6315f6ce74050c2a323c82e8e4871b5805186dc708f9c2723582f
BUY,0.002,1000,1752012093,Yes,0xbe8e9fce4f885f5972e7f40e8fa111f855e1330531aae9a1eca8ae2442bfe71e
BUY,0.002,6155,1752012093,Yes,0xa73353aae7ea35d05cdc0085e74cd0502f410bf8cc0a75532f0326a6cc2051a1
BUY,0.002,480000,1752012077,Yes,0x043343c5a59f1221474a817568291c464560d80e47f48ead82dc3fc09c1effc7
BUY,0.002,905,1752012063,Yes,0x25bdb68cf2877ece1fb23f2f3a387e7698e5f1d3b745b92e6647ace92b0724ec
SELL,0.001,18642.85,1752012059,Yes,0x6fe8d7ca1b35e48612ad7ed90ff9964008dc32d5043c47656406a8092d28322a
BUY,0.002,2000,1752012057,Yes,0xcaa458f0eae45f60e4d598f94f56e62e9cd0c36efe090ba94d8505d618279feb
BUY,0.002,1000,1752012051,Yes,0x6e1aa649e8f9084c48f718a59e9e2640e644b9d2d8c1cadccbb765513a3a9a04
SELL,0.001,4918.69,1752012047,Yes,0x521a9b9eb2ec743432a4bf217ee4378db35bf8e5c2cb3fc173b1e3b04271f113
BUY,0.002,2500,1752012029,Yes,0x3646cac5ca95faba3574fc2ebc784d249fc475e3279a607308f46023b4c43322
BUY,0.002,500,1752012017,Yes,0x955a7d9ee1c717a204bf9464cc9c48dcb306f683a6ced5162dc698993bc3fb99
BUY,0.002,1000,1752012007,Yes,0x858d1a7faf6e2c85fb0dd56aa86159ac1d3903ef1fa37ef2008531f643e57f7e
BUY,0.002,1000,1752012005,Yes,0xabfac2989cdde1cc9b5aedf9d741fe257dce5f2ff23c075c0ff5af60e2cf84dd
BUY,0.002,5000,1752011999,Yes,0x68f006fce42ea802322b116597841c6ff3d13784556e142675e8e66a59f0e94e
BUY,0.002,1000,1752011985,Yes,0xebe882102c3ecd120f395a7b97013f011d2e774af95e63f3a2dbc5a8cc971f71
BUY,0.002,5000,1752011979,Yes,0xf595bf969d499e053ec775e95c5456fa64fc3a80d34f9409df0cd03e178ad208
BUY,0.002,500,1752011977,Yes,0x43d333314d73fe6f9d9b134a7bcf8c7c09d0ff5fefc3314261222510155f508d
BUY,0.002,2500,1752011957,Yes,0x9e731910d6b2591da60e925b3e4935ef805f9d5e6a962ffeab606aa2526d5bb3
SELL,0.998,684.2,1752011955,No,0xc5f73a2f2b4007ba4205548bb22f63c91606a8b85d7b6bb7a9c2c6a2d2f96a90
BUY,0.002,1000,1752011949,Yes,0x88fd35f8c219888b5dcc31e0f467ec9a040fd27fae4cf93701c3448f4b713ced
BUY,0.002,3650,1752011945,Yes,0xdeb06b8a143a4c5f40a172a36ad3473a1b407e017b5c8eee1aff1fc01bd7541b
BUY,0.002,500,1752011933,Yes,0x33ea9630ccb916cd03bd26dd1016456e59179cf8e4d9434211e87759197b344f
SELL,0.001,450,1752011933,Yes,0xc89e8abeb2c73afd0665e8b7e009a596ca5937cd97c9404df7986b4ed8d0aefc
SELL,0.001,100,1752011931,Yes,0x832214807abe0ae1e51c04c3443fd2f18fdb70dafaf713b6bd0b5fa18df72f21
SELL,0.998,3000,1752011923,No,0x4e29ce214b5074e461cb83b49cb529d0ad1b592a1a70726673d225f7c574b4c8
BUY,0.002,500,1752011923,Yes,0x04e0906de071159f1fcd1c21dbb45a34cbe80463f0307c5ceb5b2e62ed6d1999
BUY,0.002,18000,1752011919,Yes,0x5963af57e54364de11b7f2ad0c2860ec9665233c8b588ce207f413ec8a0f179d
BUY,0.002,5000,1752011885,Yes,0x7cd5ec9fbde9edbc3312bfdecfffa7d91551be6b0b944bf9d79c0feb5f543c11
BUY,0.003,1000,1752011881,Yes,0x2cf387003b43e0a5d7781a791a775fe2b833a3705eb2c9a902764ba037a02f50
BUY,0.998,2500,1752011863,No,0x9bdfddec35bc09e106d04aff2476a783aaa4a28ada65f6349efbb9bd0fb6f7d9
BUY,0.999,5000,1752011827,No,0xb52aae2ab5969a3d43b5f8b625d8c68a2c43104fdffbfe1a0b3aa4c5a81f8fcf
BUY,0.002,5000,1752011797,Yes,0x80fec231d64e76f1e9af019374ee530fef7149839c1ee41575eb5f612c47c582
BUY,0.998,814674.07,1752011783,No,0x08e4456160902b0e0c5afbda7ae3f7eabafc806cd5a65d4b1775e995a8c2616c
SELL,0.002,100,1752011767,Yes,0x84e0adbd5bbefd103c375ad0ae8921fcb04c65ca45c0901c059bea8c8d2cbe95
BUY,0.003,1000,1752011751,Yes,0x80b2c542d3009afaeaeb43d0e40e6e9309a4bcd954ae02ce246fb8ec6b80837e
BUY,0.0030000000000352943,28333.333333,1752011737,Yes,0x0d13a7dd767bce9d8a3b55ae91e5727f0833fc653a25e8e0a99ab9b69e8cb767
SELL,0.997,74.05,1752011731,No,0xc426373673ef559aa1ffce4b6549b2a29c0a312cb10a4471eeb9ab6e5f4279bd
BUY,0.003000000003,333.333333,1752011727,Yes,0xe3fabf6e91cc954297a814c2b45813daf772646c2e63da0427df7508c6ec94ee
BUY,0.003000000003,333.333333,1752011697,Yes,0x8746aff0f0e4ffc641d806d168bce870c578a013ad53803cc9a4bc8b4132cea0
BUY,0.998,46.3725,1752011649,No,0x6d8d9c9fb31417dd4435f457e93fefdb3b455e75167898eaccc78303cae239f3
BUY,0.003000000000541028,3696.666666,1752011639,Yes,0x0575569dd739edc3006dd84ebdee7725da46f3a11eab5f040e6ccfb755dc62bd
SELL,0.002,114300,1752011639,Yes,0xd22e70d83c421cf432f9493cadfdddd396375326e13982086ee39051ab187b00
BUY,0.0030000000009917354,2016.666666,1752011629,Yes,0x8822a26c9bd3887aa4fdd22c6c33a2b632f3f70ea797cce511a5325a344201a1
SELL,0.002,2303.32,1752011591,Yes,0x19d15101edea14b8f95d6eed3ca52017ed9cc9196590408e5241af2e5a1f7ccf
BUY,0.003,3000,1752011591,Yes,0x6e62f7fcea8b2ef11c73b90a0a9124736535ae722baa652d0ffd277af33a91b6
BUY,0.0030000000012,1666.666666,1752011587,Yes,0x3263e8ec206eefa8aea5c3d753ef30610e79a0bcf60435f1c3bbd9afe4a0e14c
BUY,0.0030000000003,3333.333333,1752011569,Yes,0x45a4570d971c9b822b3a3701ad3c79fa4c10bd64df3db9f232f529da410d79f3
BUY,0.003000000003,333.333333,1752011565,Yes,0xf046ec58d96c00cf2ec9386c665e19f0fb88055ac31c72797ad133a735394d2f
SELL,0.002,76887.02,1752011559,Yes,0x4184f38b34b7d3b17d7576c100708914644d265e16d0375e99cd81b5782774c0
BUY,0.003000000003,333.333333,1752011551,Yes,0x098049dbae3987a74e6a861e7e6752db81503354151d3d6d009536c878e590e5
BUY,0.003000000000407609,2453.333333,1752011535,Yes,0x3fcb3ba22d284712c545e249a61230caf01e524698895ae390a6e3bb932f0c0f
BUY,0.0030000000001530612,6533.333333,1752011515,Yes,0xd4ca509e411e86fda39007f55f20043931bf0af37169a627905247605d1e330b
BUY,0.003,1000,1752011515,Yes,0x6577ebb544c4a24add23b01d762b18fd1a32cc92bed34994b4164702b10cab1c
SELL,0.002,59.09,1752011513,Yes,0xf11144e0a5efb29d8a05c3d9a59735c53103b935556e1fa00a3510f3374bcf52
SELL,0.002,47.61,1752011507,Yes,0x060242c2b965f1445868b5448d1e6a83f42f182fe27da63384c5747c57335466
SELL,0.002,45.45,1752011501,Yes,0x318e511b190266c3d4f9dc67ac7a76eacb8e5425daf72cbec8807cafed8b57d3
SELL,0.002,45.45,1752011497,Yes,0x31d0392482a421d869de4f6a1ed22df9565b4ff83d87b7e81afe54123ade9710
SELL,0.002,54.54,1752011489,Yes,0xc821c3c42352af5ce4ae504374128cd89c1329996534c91b6fbfdcdc950c2b79
SELL,0.002,45.45,1752011485,Yes,0xbe0ae7564ea20fec03999bc9cd09676c3c0c6a3ab7f124af3f2cdbe43aa68a93
SELL,0.002,45.45,1752011475,Yes,0x04fccdd3ed4ed92a2cfa4a64ab96b8d60c177f6bd3262dc29aeee477e02e3407
SELL,0.002,90.9,1752011473,Yes,0x7035aa66b6ad4ad52996fcdcc11c59d249cafdc1250becd1c9c4d082ae753118
SELL,0.002,47.61,1752011473,Yes,0x14d36400eab186e4f5884bb629072e2bbd197774437eccdfcf96e3bd96d50172
SELL,0.002,45.45,1752011469,Yes,0xda85c4d054f74f29ea96a4317d42cc3d5b97867b780d16091f020752fda8dfe3
BUY,0.003,1000,1752011449,Yes,0x432ade9433b882bebec9b8cb33131f93ff1a3c1d5990f0187a92b92872dac34e
SELL,0.002,390,1752011445,Yes,0xedf445c1759ecfdd7abc73296ef21170cc6a495188a5caee51db9c2c53f08e55
BUY,0.003,2500,1752011443,Yes,0x6c48b9d8d71ccc3050c574b58f38393223f3f549b37004971c19128bb95e48a5
SELL,0.002,3026.57,1752011435,Yes,0xb1ae5bb7ff1f65c26c94768b7b3efb3266d6fc65a2d7d48e2828fa6f7be03f33
SELL,0.002,47.61,1752011417,Yes,0xd5e2edde24fe21ee118285aeeb65a27195a7d802c486a821e07edff0cf254f84
BUY,0.00300000000012,16666.666666,1752011375,Yes,0xc04fcc131004a92a1668e011f6a6440b0a292f466b9e7b5f77c3728d6331f8fa
BUY,0.003000000003,666.666666,1752011371,Yes,0x95fd676fec02d99627927ba6d9560b0f7609a4ffc53e002bc627560b897779ac
BUY,0.003,400,1752011337,Yes,0x73cb391ac4e8de294a2e70e13abc0f5772b5ca6737bbb9447f2daeedee3cb399
BUY,0.003000000003,666.666666,1752011327,Yes,0x1ed44e1c8a8ef1bb5e1860505c7e6d9a861ba7c163ddd2c842f2010e2f663d82
BUY,0.0030000000004285713,2333.333333,1752011309,Yes,0xda80f0d14ee80f8a879311deb60a9cfdb02428f7b8886eb44c31a9e67979093e
BUY,0.998,7.12,1752011285,No,0x35830fed2820f7b470418971ca5e9a8a46d72c8ac2de04ff15756a39427d06c0
BUY,0.003,1000,1752011275,Yes,0x266796bcdeb2ec6d2e5edaac6a62f7802816995e6c1e63569e4fc77294e5258a
BUY,0.003000000000374065,2673.333333,1752011269,Yes,0x0b1945fbd7214bb445510172570e8d6ef0a0016680c7187b302ef7fb599a8ee3
BUY,0.0030000000012,1666.666666,1752011253,Yes,0xd25396d8b99fd01e3bac74510b0aa18a0bd9a7fe342329d72647f7379e35950b
BUY,0.003,1000,1752011251,Yes,0xb2e364511694c73229c56ae5268ee9dca05a3df54c78836848ade615cbc0e4c1
BUY,0.003,10000,1752011249,Yes,0xe5c72b5758275b50212fc7d08724bab88e6aa7c3a6dda0c96b3165fbb056225a
BUY,0.003,20980,1752011249,Yes,0x6467c8ab82cccf734baa710b200a1d8173670dcf240e2c12d8028b08b6a99c53
BUY,0.003000000003,333.333333,1752011219,Yes,0xd20ed44cc25537b0786b3e9c4d51fa880e5a966e7f0f4ceb86ed0d5590c8cfda
SELL,0.002,3666,1752011209,Yes,0x18c78b4e40d457a0c70d5cd3625656c01fb34760cd956a1796050c41d8b7077b
BUY,0.003000000003,333.333333,1752011207,Yes,0x5b2ea7294e7c82e1cdc94078af17b308875a54d293620328a250f610abcc0ffe
BUY,0.998,5010.02,1752011193,No,0x828fd0eb80ddcc44a8eb92b9e72997db6457b1cd25d92fddcad210d1e444541f
BUY,0.0030000000001587724,12596.666666,1752011191,Yes,0x26880f934024062bb8fe379ee1174185e00f805c94c4c4b7fb7a083b62e0beb2
BUY,0.998,281,1752011163,No,0x2a18af217d1cf4fb4578f871feeb6d89adeeaeae1dc2557eeb7fc59563dc9655
BUY,0.998,135,1752011137,No,0x048d7eb87d61e124a93ae365aa74550ab6ab33bcbd4e4b21b8a89775ef8d97cc
BUY,0.003000000003,333.333333,1752011121,Yes,0xbe82b64c6d11a8a161e192b522f1bed35b1f34c921e295525d93deb943befbc8
BUY,0.998,37.505,1752011103,No,0xb829a8aa51fcad9cf21c773aa871c15e6867b5de852316f81073b2e792e61308
SELL,0.003,13995.82,1752011099,Yes,0xd168e42eb5e1d88f58d4e86abd8a6646041d62a9cd0e5eb5428de8dcc85a68ed
SELL,0.003,33724.45,1752011095,Yes,0x8db0cf1d8f7ec0fbe63679a8a3ee5fa510dd147096d863daa0a902e669d231bb
BUY,0.997,3000,1752011093,No,0x5626fba5c979bebc46d722b5452397be86b8c47871799d026ef716912f8e28e9
SELL,0.003,51320.66,1752011091,Yes,0x41018e40618f860d139968178a3e324a49cfb3b81b48920271bac9e1bc623e0f
BUY,0.997,2222,1752011085,No,0x23442eb19340de2f0da27fcd59fd8b1c9f302e8b5beada5742e907f217504398
BUY,0.997,28900,1752011079,No,0x09441fb1314019b8372cb7332e4cc01a6f72e1c23aabb984c8319564748d2cc0
BUY,0.997,104,1752011073,No,0x9249ab429c80d38d9b5bcd85d0d34721d9dc8fadabd717a9d30d083ed70d8148
BUY,0.004,2230,1752011073,Yes,0xfc65f51fd5cf8bcfa318c38a6d1487c284beb64b3211db2d776895eea40e8d24
BUY,0.997,8888.88,1752011053,No,0xd610e295ce51f4be0514f58e111f9241a93fbbd0371db98dd44130b0a8a52bd5
BUY,0.004,250,1752011049,Yes,0x4bceeb54fd07017df175b3eea306c3debd6449076e340f19410ed0d8998de2af
SELL,0.003,8532.87,1752011049,Yes,0xa1d51ccbf96720035c480c1953cc94504c27085a41da595da1679e22d6e1f7c8
BUY,0.997,351.053,1752011039,No,0xe8ca8141cd2e424335cb31b531438e34f419782bdfe308eb94302e0353eceb17
BUY,0.997,22,1752011033,No,0x0a824a7b95457b507af42649e788e2c39597ae331e0d2a747467c3d2edcfb3b1
SELL,0.003,93264.37,1752011019,Yes,0x8a68c7debf73087702acf4a592b1d35f4feadbb3060c32154d7aa6070bea8bb3
BUY,0.997,500,1752011017,No,0xe65ec07ade77f76d87b49f48a183a4899f872feec951288424d6a233c1393e51
SELL,0.003,9997.5,1752011017,Yes,0x3ae97e48a09c9e7bdff37f6e7464066715a815407cc859d2be9b2dcfff885eab
BUY,0.997,20000,1752011011,No,0x6df5ac163a5b55297d29ea653ac730bd317842893d048754f9fc89cfa875b343
BUY,0.997,2000,1752011007,No,0xa4ed54c6912ef59e4ee36ec5dd4b6a57dcdf644375b2dd65c52c0111ca630b3f
BUY,0.997,162800,1752010999,No,0xb333931cebbf53e68120974d3c4f7bcbef292c971e7a7e9194052b9c34e274ba
BUY,0.997,112.77,1752010997,No,0x181e587312ce07f69d00b3dc5cd8d33cc73bb37c982380ae7d56fa8463d74887
BUY,0.997,3500,1752010997,No,0x4e6689c51b6a8f75baf768a409e245c928b8fcc03bd59420c18ced7230759049
BUY,0.997,195000,1752010971,No,0x7e822f767f720e540c72bc7a0235c0ac86eb2700e095fcfa129e8b094e38d3fb
BUY,0.004,500,1752010971,Yes,0xa312ad63e8782009a4db7e1b5895a0854dc6899ae482c40704e82e8e64175b51
SELL,0.003,1450,1752010913,Yes,0x08c221c689d8b85628be73ce4a6b5a0eb4cbf68e99ba83bcb8bfcc0d58b7a16c
BUY,0.004,250,1752010909,Yes,0x6878912be63552070977df442c53c9b29e225596f6b34b6b8338fc795d61b2b9
BUY,0.004,250,1752010905,Yes,0x5cab720a54394adda140744728e1b89e9aebac1e97b0bc954b7e552dc7d14803
BUY,0.004,3000,1752010897,Yes,0x3812ba951a0ca035fd19ddddd771920be0954efb6d81d38213bb237857465d9a
BUY,0.997,1875,1752010895,No,0xa8d09a5a2b01f013214c33def700c94cd5c7aeeb2587d4c1ff79f967216a2de4
BUY,0.997,5000,1752010891,No,0x0d8d6ca7dc1be6f8038633b66eefbc08293ed15c9fced4638eccd66e0d1f6d3f
BUY,0.997,1509.08,1752010887,No,0x2b53e38e43bc96c08588132c5c798967c693ab200386a2e5d7ce12b85185b84b
BUY,0.997,2647.17,1752010881,No,0x44fd1aca90987f8ac204d73667db24ba7caab150337148ef56f91a3bea423559
BUY,0.997,14000,1752010875,No,0x832f4d5ffce59231e5ed02c09caf62fda90aafe7bd50d504440b9263500ce640
BUY,0.004,2500,1752010865,Yes,0x03e4cb6a99e22afc7741ae580dbd265e6b22e739161554b2f3ac1a993525e9ca
BUY,0.997,30000,1752010865,No,0x46442700e57fadcffca8b2c629683f24e8ecc7bb5c8712f3992939a7b3fbfa8c
SELL,0.003,2222.22,1752010861,Yes,0xcdcd1ec3cda20207c60ad7bacbe0ed03a8a7816a9833dbd649e8b3a7ee689a58
BUY,0.997,1000,1752010855,No,0xd198c626b4fd073a4087c8444004c565b3235ae793b169abfd01fc8ebce0d6ae
BUY,0.004,8250,1752010855,Yes,0x7fe5dec58aa7fbd8f9fd60e996f087c12e24e6a3f9dc31c912c981fd3560ece6
BUY,0.997,100,1752010853,No,0x97e135e84d4422ccb088ec214af8f2bd2fce94b7a8ace9bffcf6635066dcbf1b
BUY,0.997,100000,1752010843,No,0x9eda07c4a799e8c8770478996cecf510b264be5848e529a5804e123292aef8c7
SELL,0.003,10329.54,1752010839,Yes,0xfb4c4e22e2a4a2748e2a499f381e6c453e22775791c6cc09e976c9a907f34e4d
SELL,0.003,90000,1752010837,Yes,0x36cfa24e30bde92275bb26e70753e20ff55b01a1c9649dedc4f3c6d993e0bd0d
BUY,0.997,2.066,1752010835,No,0x29955e44f1205fc0e1ef21452f1be54d44f45a30a748225fc1c16b4ac9b90542
BUY,0.997,1184.88,1752010827,No,0xc246d61423809ce48f05f63ff4ae770559998e7539d6a9a3ea79167298c7d158
BUY,0.997,280000,1752010827,No,0x68b05d8eaa6d5ac89f18e8c57f534b1a6efbe4f7eae6be83c2afd1bd63b4332e
BUY,0.997,222222,1752010827,No,0xa1b39461591d5096999b9ad8f4a0a198a2742aeb4d6e50a0ad651601ee690496
BUY,0.997,13041,1752010823,No,0x3f63c6d5ae089836efa9ca51a3da40c7ebcf1918b1cae995a0e15ed6bf0fab4d
BUY,0.997,4880,1752010803,No,0x2201390925a134ae93ec67c1eca6e28fe2b140381d84070bb228885b5d237143
BUY,0.997,7000,1752010793,No,0xed209f04bd6bedb75ae9b17ecb09476b5e3c974c38dd070d895e9d7b0b921e39
BUY,0.997,1859.44,1752010789,No,0xece8ee8f167f447e7ea474bd07cec509628c2ed41668333a32ce0a10495aed9d
SELL,0.003,37480,1752010779,Yes,0x730b9a1dcc7f0145957557c64c7b9adb8f162201c2ce4761800ccfd18e330b48
BUY,0.997,2630,1752010769,No,0xa5f80f89ef5e2ba155441b1a620a2dd18674672e9fac8179f90c3a59a6d40c36
BUY,0.997,15000,1752010761,No,0x6be5d5c241963678affb0b9a95a62225b62c995b0d52f7877f38b7b320666161
BUY,0.997,10000,1752010753,No,0x3b32a294b6c4c8a7117c8b5d4d26b3f1b64373e32ab22b53e4b15a8aa787747c
BUY,0.997,12843.6,1752010753,No,0x75e5a2f78c0033050122cb958f9fcb659e4590378fed8d3cd3efc0ecc923f8ca
SELL,0.003,3000,1752010745,Yes,0x686e299135eee4ded3508f797461c4586518775d635d0fbbc7afdbf4e574fdae
BUY,0.997,2000.4,1752010739,No,0xf0b86a09830a39704b2c5a5b69028b4677686e168b0809ff742df024e980dae9
BUY,0.997,788058.05,1752010735,No,0x29d2ee7e5eecfd072e4d823b63c9674dafee092ea493288f13d64892c6e72704
BUY,0.004,2500,1752010733,Yes,0x232000e759b46e7e7cbd2ed97b9dba3ae38cf6eadfeec0c492157e6168386614
BUY,0.997,1500,1752010725,No,0xad51661ab52991dc5e3242d2b47d9e8b04c881db98cbada6229404add7a87105
BUY,0.997,2041.12,1752010721,No,0x005360f46f0e41224d8b8da05b3e6998d32c64d98a02351a87405ae5147b30d4
BUY,0.004,250,1752010719,Yes,0xd6d26d2ad517d16ac1341ef5c6091ca342ac927941adf08b8157c58e210b5149
BUY,0.997,7121.36,1752010717,No,0x893a74614d248ff734f7ce987fa2b229b9bfd7ce0408291dd4835f1cf826501c
BUY,0.997,1000,1752010715,No,0x5c2f6cefc30f68512fa7041166b3bc36f0c6c731cdb79332b8062473174c7472
BUY,0.997,10000,1752010699,No,0xdcc220ac2da7c78737454e2e3164669f62d39d4813074d4d0810451577d4458d
BUY,0.997,222222,1752010691,No,0xe90bd57056a69da36a4d9f26155e6735fc97afbc529efba8eb5f51cd4dc8a896
BUY,0.997,3000,1752010673,No,0x38b33013c318fd8a63f177f973487cf53196df49bd803fbaa83264ff75f6b109
BUY,0.997,100300.91,1752010671,No,0xb340c22ee17c636cd60d289f0f4317bfc2aa2ff19bef628731b9b768185d7d31
BUY,0.9969999999999417,17148.154333,1752010647,No,0xfb3fd25722ce13ccd2fc6267eb0826d3a4dcbd3d8e2d250cc4d4856475ba7aea
BUY,0.997,2500,1752010645,No,0x331bf8c1e5b317c7df94bee900056362944a70da5a008cb28734a54811fa9c1a
BUY,0.997,9036.11,1752010631,No,0x5814b6777de9ef674fe3c9f1fdc8c677acc65805409eda0ab9c0a5679dd1ab8f
BUY,0.997,900.67,1752010625,No,0xf3b4e3ed183f795e8eea1c1f0711fa15cf7105c187335db5c8a3945f13a4a8d8
BUY,0.997,20000,1752010625,No,0x1ee142a9deed911717400c3da2db809c3028a3d36d625bf366de4bd414ec821a
BUY,0.9969999999932724,297.281666,1752010619,No,0xc65d99f394b70a4e74671bac3dcdda6f6f9637e0e145f49696c2eb9273919984
BUY,0.99699999999003,200.601666,1752010613,No,0x679a1cd4d81c1531c78e2ea0893dc432cc85d133861d19327e72260bd3e34ac4
BUY,0.997,1000,1752010603,No,0xf368a2d6bb5e1de9bab73e425b77343b7a8199e9c035278540384925e230b3c8
BUY,0.997,4500,1752010601,No,0xb183aaf4e09d11527b2f9db667b1dfdc8bea2952744da2bd5e8ef84ece13c395
BUY,0.997,30000,1752010595,No,0x37f15a8661705af6405ca8fa37082cbd3352410b4a27a492acbffbc6a0c4622e
BUY,0.997,120.361,1752010589,No,0xde869623279aa2b9e9612929f0057d94857ad9d691aaf440495283bf19e2d8db
BUY,0.997,10000,1752010583,No,0x5192b8696af4321cf76d04683a587dae1e8073778d10b51df583b25c86fbdfc2
BUY,0.997,1474,1752010581,No,0xff6fec0e212384e863d85a048d78b452b803c0ff9fcf9ccc9f5933bedffe543c
BUY,0.997,2.026,1752010577,No,0xeb86096fe47ba7fcb792daf003889abc96be8c0ecae6d794939876509a33e886
BUY,0.997,5000,1752010573,No,0x903e87c71e172721277e61487c4f1366434ed66f18be15de4f6d2c4da49e9826
SELL,0.003,98797.49,1752010573,Yes,0xf28d5e658ad2146de8a6367a6727e7e0fec161500580daa7cb0a706ff1301781
BUY,0.997,500,1752010571,No,0x5c1ab1be005f77aca6d5187209a3f2af99e982b77ee8b2eac67e0db5158d9b6b
BUY,0.997,100,1752010569,No,0x74be15cfa0e6b10aaa51f7dd88df7298c220ae1e9da6d3422fde82c07c625100
BUY,0.997,200000,1752010567,No,0xf0a0d9dc4367f24cf92517a656568e6db28a6de4ba688ac7fb2b8f35d01d7df8
BUY,0.997,111111,1752010567,No,0x3e3724a41db6f626d7233bbf3267b1cdd21c6619240fc692708fbb94e17b9ee5
BUY,0.997,17672.35,1752010555,No,0x5100af5f7ec98e20326fa0e6f006aaff9c1f708b1169954657a066867f6bc5fa
SELL,0.003,1494.11,1752010555,Yes,0x082e2c3ce7753113d492065714d4d2b76ddff73587d8755963224e0dacee0104
BUY,0.997,2508.46,1752010549,No,0xefe8bf9d7894dacaa70859d7a62c706d89571c524ea7f6174ae363d8792d04a2
BUY,0.997,225,1752010549,No,0xf1b54c5f192d349de59c7ecd14760fe702ecb1a6e769157ff6488996e4900cde
BUY,0.004,8750,1752010547,Yes,0x03ad31a87bacd939e6cb75df0aa22168e1c8f00e3f56f0ef748a0b0002d937d9
BUY,0.997,8000,1752010545,No,0xea947ed5c7b13f35c4e12bd959bc716f52f3288a16da76cea02a8adb9ec5f3fc
BUY,0.004,17992.5,1752010543,Yes,0x34df854d1d895bb12aa264eeef261ddda617d70b8bb8b368cee3fcd3e7cb5dee
BUY,0.997,22.738,1752010543,No,0xa09221a08c0f51bd1ef4b1f2aade79ef2bf92ac1cdc22d8f9930192c480429fb
BUY,0.9969999998867026,8.826333,1752010541,No,0x9862b8ad63bd00b4656b114a4e40621b0668701aa73e0ba6a454137c305967fb
BUY,0.99699999998006,50.150333,1752010539,No,0xed889898099db6a86f80ecdb7c8a1303b4fd2fdffc00c7b2f4da714ba8e038dd
BUY,0.997,40000,1752010537,No,0x2d90152f107fc3433b18201db3ac39363fdb00a6faa4ac86b81e5a528d005f0f
BUY,0.004,37480,1752010535,Yes,0xa246e0ebb0ca6fab1b1d88bf4ff5d5b50d51d3cc48783a63f37db2e189348173
BUY,0.997,2500,1752010533,No,0xbccc572349aa2dc3ba7a115e36a91d3e73ef2326da11cdb1601d790cdfe561a5
BUY,0.997,100399.5,1752010533,No,0xd42fbb763382bce8a8a794da0850b9c3748a336b01fe9eeb441b28ea918fed6c
SELL,0.003,361584.9,1752010533,Yes,0xd9014cf5f59d4d0835b5ec63bf22d83766de6b531f06d014579326e5e47d4099
BUY,0.997,50000,1752010531,No,0x415ac1016d9e62273a5366c191687279457c712e60b785d0a004dc31d0cd1deb
BUY,0.997,345000,1752010529,No,0x0b65067d530280b1f07f8704cde9ef49e180b662802349dbc7adb1aeb909828c
BUY,0.997,333,1752010527,No,0xaac1620e4456b4ef68e534a077c598510e0d8145050607d7c9d463d6b2d52b3e
BUY,0.997,7855.75,1752010521,No,0x1cffc6ccbd07a648bed304a1f25d1b16ef8eb5663e088920cec5a61af266ed13
BUY,0.997,20000,1752010521,No,0x72aa2ed62e8965ebd9e2879825a3b996f1349c27eaf2ae054abd2af67450f4e7
BUY,0.997,312.86,1752010521,No,0xd95ad65750cdad4071c890e3507e84a4bf2ad440aa68c9b9af79971248cbee08
SELL,0.003,72512.88,1752010517,Yes,0xec38261becd8901f89830652d2b8ff9f0be8b3c73425b78c883c3d08c5c476e9
BUY,0.997,10063.41,1752010515,No,0x2bc6ef88d865c6e9f89613f6481f190a305c495d9a9c11f3e454fc470625f730
BUY,0.997,364,1752010511,No,0x0ffeb4a119a882fe2a00c1e55fba7b20c0d67a8068d8fa549255f16baaef518a
BUY,0.997,79886.53,1752010507,No,0x2693cd35d69dcab7eec41c4c9c8eaed81981912ffb6fa899ba83248c67433dc1
BUY,0.997,4444,1752010501,No,0x7ccc80200d415419fb88103c44581ff7a68be355137427b267a828007425ad55
BUY,0.997,365.44,1752010499,No,0x5e8288fa4f36e9a950dd3ddf190314b566b5583b2b5cf1f53b2343d4ee2e791b
BUY,0.997,3000,1752010497,No,0xc1b210cab9b225bfe10c0f5411b8ced8893fa71e49e1478b311bc6e54c0802f0
BUY,0.9969999998131608,1316.639918,1752010495,No,0x77f7e449412d157050b78a4801dcf8c069fa3a1893968674053f4490e667703b
BUY,0.997,65000,1752010495,No,0xd4992a82804c8509221a3227dffaa70a3b65179b422b8ac74927d80f2d23da2c
BUY,0.997,460,1752010493,No,0x872f4e0e0494977ae2e0f19c45d1b4afc38cc84faa184de04e3eb3d10593ac1c
BUY,0.997,24882.68,1752010491,No,0x92ff9a9453f3030d05e3dd42cbb584b00e09fb1fb3f5b45112fff7332c0636aa
BUY,0.997,61083.79,1752010489,No,0x4800be1961b415b66b7b19cb9a128e42d2a1509f07497f66cf8c79298a8a30ee
BUY,0.997,30000,1752010487,No,0xc95040c816bbfaaa08d150fb60e3c98837ab6caf8aedaabd19a6843086254264
BUY,0.997,4000,1752010483,No,0xdbb3cc2105f0c20731c4a88ed8ba0fbc849087ccb2a37ce17eb88ff42c594356
BUY,0.997,50,1752010479,No,0xeb6c7d138119e2de1b142d2a5df4a4311bd2a229b07a21beb45499024df759c3
SELL,0.003,10000,1752010479,Yes,0x892655a0bcd9f0082f7e701434b9fc94ad2177b9ec511fac3fc2a82f156d7061
BUY,0.997,502.51,1752010477,No,0x1fb5d457d5a2ea4140609c19de9fcba90a158a4b2881740517cbd0be50e6bca7
BUY,0.997,3000,1752010477,No,0x2fa46192e8da2d936fed044e5cdb320093a7214ba9a2fc925a57ca4b9bdfd032
BUY,0.997,4012.036,1752010475,No,0xd85822b8cdf0f8b41c8cd69bad8d8c1db514a3d6ce191e4e385a7cf9c8bde4cb
BUY,0.997,393.26,1752010471,No,0xc793e0673131f78073b8e1d26452deb670e80393b5a5341ab860b181ff5c647f
BUY,0.004,15000,1752010469,Yes,0x5824098a5f8813a3cf2488d26fea7cd3a29630d1a0539268af10765f5cc0bfe0
BUY,0.997,555,1752010467,No,0x3ff10545b42d07bf2dd96e5ffc9d9965c8f45c4e3287859a1a5c879ca34b9a58
BUY,0.004,23250,1752010465,Yes,0xe9fdaf21e2faa944157c4551040e16495d14979dea41564fbab432485543dcb4
BUY,0.997,15928.43,1752010465,No,0xe557fabfc039ec0d7a1ee08033fe599fcc68bbf48458158fa1b28f95943fae45
BUY,0.996999999999927,27395.626666,1752010461,No,0x89bf6c7806e9c6573ccf293a30909534f99eb629cf100afe59401ca35b163c0e
BUY,0.997,50000,1752010461,No,0x3579e75e7975408603e9f103642e1bff851f880f9469ed7c16f8ccae4e276377
BUY,0.997,50000,1752010457,No,0xdb27b9334ff88756ad7a5a2d1bd02ccf9750e1697b5e4e72c7abcb73d915f70d
BUY,0.997,20000,1752010453,No,0x0e66ec91c38d0d14294ee91b78a0573a0f865e905fc553ae55cc3948e0da6792
BUY,0.004,3750,1752010453,Yes,0x600d42392e4961b5f9a8e41db0208ccca4764056512b44d5d433d21c17e02c72
BUY,0.004,12937.5,1752010453,Yes,0xa1b1bad10ac0344978970d2406c341141f7e36a85193bfd8994d3a182c2292f0
SELL,0.003,99427.91,1752010453,Yes,0x301f9f9b1792f7ce9eece765a61247d61689e01fb765b556b780573cf1a5c2b3
BUY,0.997,100,1752010453,No,0x86df45d49ddf0eb727ad7282e2818b3fc371e294c7a6d9bb6ef16165031a362b
BUY,0.9969999999952524,421.263666,1752010441,No,0x44029153ba7897f4c42d505c8a6346d2973c0835c5f1267337ef53ee43420c22
BUY,0.004,3000,1752010429,Yes,0x16355f3efe8157b882a28a2259297fecd1927584f4c12f8210ea017329ceb813
BUY,0.004,432.5,1752010421,Yes,0xbafe32afe5c84e1caf883021670ef89458ceacf2c29dbc76a7dd83869989b191
BUY,0.004,1750,1752010419,Yes,0x016bc0fa7de4acbb4ae2f3dc764debf965b460e2ea41c6780616875b2141414c
SELL,0.003,104706.57,1752010419,Yes,0x5f912683dbb3d268edae58148b1ae853a7b9f9039408ac70517ce3ad13a309b5
BUY,0.004,250,1752010403,Yes,0xf25d4c3aceb38975550ded46865f7cbaaad870cd0872873286102e325567823b
BUY,0.004,37500,1752010367,Yes,0xd42d9f4f89ffb6407c881a00b9072ac5f7165fd2abf15e9d3446768d4709d75e
BUY,0.004,10000,1752010353,Yes,0x2349c3adb2523d92704bfa7afba7d0a08500f7ab8ea9de3762fbd4179c0e177a
BUY,0.004,750,1752010335,Yes,0x0593aaff7c13f48768ce833e96b1d9aba398b00e394da8fad2eed090dadd01fa
SELL,0.996,500,1752010327,No,0x504ac650c3cc9efe88ef00ad346c97a8c2888103122f901a5b37c1f982d55cda
BUY,0.004,5300,1752010261,Yes,0xf14a82b3b616dc576847d3381b789725d754901842c8d516406e16e906973d29
BUY,0.004,750,1752010255,Yes,0x31c14d2633875304f23768bac0dffa1e1ae42740ff22353403552777d3525c26
BUY,0.997,1242,1752010243,No,0x75bf02a2a9c8e81797a7696d86ea48aa77d57e75e3fd8c97a0ac78d6716d62e2
BUY,0.004,2000,1752010237,Yes,0xfa485e8f78bd7ec662ba8b80a8dce21e7625e371ae8bdb2dde253d5c2bff16e3
SELL,0.996,5,1752010227,No,0x8db355a65eed5998996898dc5c8fcbdb0a0a72c28ded4f04c9b8dc7db0a9c5ef
BUY,0.004,1000,1752010223,Yes,0xbb475f602dc27710796af412bec74d1f76fd833ad818a42a84f1d475bc8fb51d
SELL,0.996,3000.01,1752010183,No,0xb66ff900c9bbdc85b61fb1ed66b0445c4d704458f23965e3b2fd5ac0ab51de1d
BUY,0.004,18750,1752010165,Yes,0xa0a02c98d0e9d75a7a2d72705a6f83f5447881c0d4bd6090da5c865a0d729241
BUY,0.004,12500,1752010135,Yes,0xa583fb0cab33031901308ab699505e6563b8b2488459152defb07bc32745ebf5
BUY,0.004,7295,1752010133,Yes,0xb2ef9052644ef368493c65f4cb53a956b40c75a958a963bf5237b3c63f9d072d
BUY,0.004,5000,1752010103,Yes,0x96b1e9d690a0dd259a76e70c19eb08a38d57fa21aec1d429a0dd4d5021188668
BUY,0.004,96875,1752010099,Yes,0x9dc30a5fb966fbc762b558a2a1036be695e0e987f64bb1c30ea124a8adca5514
BUY,0.004,49000,1752010075,Yes,0xf6a482ead2e1e559e7ebf98dbda452269913ef32f34ec5ae8fbd0a173a19683b
BUY,0.004,8250,1752010067,Yes,0xa5b4fc5bf2527bf8b64a5cedf3e2d0daf32bc306b18445428c5ef2edcec3951b
BUY,0.997,1617.58,1752010039,No,0x6a4d3e60d13edac1694d9844221dea682d7c47bca74c668bfd6762a034c4065f
BUY,0.004,750,1752010035,Yes,0x7291ba9d497434986a2d6037509518b1a31cb304b464d52aa7f1e0d5aa7a0467
BUY,0.004,867.5,1752009973,Yes,0x94153ceeab04687253f6760c58ae2bd184d434defebc0d670e37b584a304ce27
BUY,0.004,2500,1752009959,Yes,0xe1ead12f5c05c444d6e000b6fe53b21931848da9b6d6625481ceefcbb4189d85
BUY,0.004,1250,1752009955,Yes,0x096680606fcd96491fce32eaad8fb71f89ee3c51a0df57f6ef3e0eb0daf2ab57
BUY,0.004,2500,1752009903,Yes,0xe20265f098bad9569454e80e09d774a5bd20b9222d00c17d9256305a447792d9
BUY,0.997,25000,1752009899,No,0x2df2d07c030cf8713989eaff878ea360db45b1fce27be1bbae727906183bf5cb
BUY,0.004,8245,1752009895,Yes,0x3638496c23605750dfd81de8e3cae80b7e8106c48185b40618033daaf53f0da0
BUY,0.004,2052.5,1752009889,Yes,0x1e8ae02d386b1c85ba152c79a70b8dd0ce83fde4b6817be2da1187ee6c293bc3
SELL,0.003,770,1752009883,Yes,0xc7205259a6c56008103319789fbf895f19c2ad8f3d9f58abaef56f6579cf59fb
BUY,0.004,5000,1752009877,Yes,0x290682c2c781c50865ace9c5fd6dbb074a6bbd1a5db5ea508bf02ffc1df84258
BUY,0.004,2500,1752009871,Yes,0xd581536c1e9dc8990bbc68eb49aeabc5597fa9ea7f042b8a9123ccc5d9fc8b65
BUY,0.004,2500,1752009855,Yes,0x4cb7488bbe0e014d0f33964013f1406a40fc147172a1abe0d6f210f23a79774b
SELL,0.003,125,1752009837,Yes,0x68bda613e3f17277358ef2dc2b29c5859c034a28c9af447f01e4e2a196039b27
BUY,0.004,250,1752009797,Yes,0x08f47447c6eb9517807f2dd7ae13307ca1e3ec71558903551a6cd0a58d6491a0
BUY,0.004,27500,1752009747,Yes,0xeb8a3145d5f042c68a000517cd17c355524b777143540da3ea3809191e09bcfd
BUY,0.004,27500,1752009729,Yes,0xc5c2266b1477f9ec1d9f43a7486242598c6412586bf73fa302c8847dcfc495b5
SELL,0.996,4749.99,1752009725,No,0x7581f596de3032397f1724a2abcf03dc6bdbfb8bd6f6dff35fc712326c2090da
BUY,0.004,1000,1752009689,Yes,0xab8323eaa1cf61aaf343bfc8608a08d611209ae6adac7c4c9f31fbd40c65d328
BUY,0.004,625,1752009681,Yes,0x92fa2b339d0a2336088d9c2d9674f9c18d65c33965fc99769c1d46734deb7714
BUY,0.004,12972.5,1752009681,Yes,0xb899aed83feba4ec2c85ee8f845967da502537cc0b82a929145ca2d44361c87b
BUY,0.004,3750,1752009681,Yes,0xfa5da2f2a3a5fe68ae22f7a4582f3a116db81244a5f3e6f3ae23593a340c2f66
BUY,0.004,1000,1752009679,Yes,0xa9bd295a93b80225b749e576c245b073c8a7722fb58b48ab4afba82425b6df5c
BUY,0.004,250,1752009671,Yes,0xbae4857ad64ace6b4c5f864568b1f4bcd21fd6ef7c67db220f6b4b1c7619b9d9
BUY,0.004,500,1752009659,Yes,0xdaf55bb94b2163b8f7fef2597c7608178efb30c0685987a95a1ecf20433c18c1
SELL,0.996,5000,1752009653,No,0xa24b154fec592f632f7399bd1b5dcc39cb59ca31d7cb14518a55f9357f283c1c
BUY,0.004,5000,1752009639,Yes,0x6308ffe9c72dc29ae1d91dbfb3ceaee87ad4233d8d4bdd47bd07c967a5cd0e36
BUY,0.004,9997.5,1752009637,Yes,0x08aba58dc8d927a50cd6c52b5eb46966309c4d4611486335f46b1d47b356ca29
BUY,0.996,168,1752009619,No,0x252e1dd50bae590af7b5e889677f0920b89ebb56a107aea06bfba2c7b89acee2
BUY,0.996,150,1752009615,No,0x9046d09727ef55939ddbd9cf99e830ead23b62ef686a58c31519e2b56b3702fd
BUY,0.004,99427.91,1752009609,Yes,0x8bb307f66ec7364a4859aa095b27eac50adeea4e3427215e24dcd250e7fea398
BUY,0.004,250,1752009609,Yes,0x9c157b660b8ff8aec8c58aedb32872a7d8b35aff215ecfcd9e8dd799d0790232
BUY,0.004,1232.5,1752009603,Yes,0xa95e024d75df2c07d8e89176ec0714e1fbda238dd5587296b4f5b5f2eab5df48
SELL,0.003,350,1752009603,Yes,0x6db5c5317254a1fcf4d9945d9e8eae51b173b789b1a020822b884c7c894dd393
BUY,0.004,250,1752009597,Yes,0x32b412df03fc12364f175dedfae63532dd82f01675784b2533c022b34919fbe2
BUY,0.004,5000,1752009595,Yes,0x4c5cd7c5e259be1b487f495c21e3d5a20bdaf84554811ad5e9eb822d2005b04d
BUY,0.004,750,1752009595,Yes,0x5b12fd9b94786016b4ea57ae3867cb8d0da7e17ed181d89b89360fcc6544d711
BUY,0.004,250000,1752009591,Yes,0x8d760c9e47f730c66c462a4b1a6fd75ddb1e0e339e9ff90385211af69ef80478
SELL,0.003,33.33,1752009587,Yes,0xb271c91709c945cca7f8795596e87b577dda1e1c634a485bfe07f678bd8d5f4b
BUY,0.004,700,1752009579,Yes,0x44065572da74b4166d2ffbd410dd8f7c5e0e9e72110d2071b08816d206266926
BUY,0.004,500,1752009573,Yes,0x37dc73c62aa5f7d1ceb123edbe32cfacf33470ae1a3296829d858fc298d9ccaa
SELL,0.003,40,1752009573,Yes,0x3d93b8e4695bb085065845698d01712dc4ba5d14d4a4c36b5613c85563439507
SELL,0.003,35.71,1752009543,Yes,0xbbbfca4c77423840cf92089bb0a0376004044d20bbb49a94d10dab8c58bb39ae
SELL,0.003,35.71,1752009539,Yes,0xdd9c8d9fb44b96b8c41c3ac2dec1d4cd41afde4d26871ea71fedbbdeb0a70cc8
SELL,0.003,41.66,1752009537,Yes,0x8ec8ec7647d246692f257748a638bd79c0f00c9151fc77a1b9603f0df39e1657
SELL,0.003,35.71,1752009535,Yes,0x2f6b7fc7df5f1f3494722859dd9834120c204bb5e20087739a626a9f94a3f2fb
SELL,0.003,35.71,1752009531,Yes,0x6a7ba055dd304326aa0924b4f892e5b99d10feb3482b3d5dbb759c3c96670e5e
SELL,0.003,35.71,1752009527,Yes,0xcf533c4078333879db01b4745a40a566058b91bafc7f48683eb1928610d23890
SELL,0.003,33.33,1752009523,Yes,0x2228156a287e8496290eb4b3acb544cc15ee048ad3fc57d4c883bf43bb9a3db3
SELL,0.003,34.48,1752009519,Yes,0x4ab1ae65dc9d54f895aabdac9626ea970eb9f4645dafe287e58fa831a381fbdb
SELL,0.003,46.66,1752009505,Yes,0x59762cb09e7747081e027ffdb8d53112e2ee3e8d824139ff86638e8e0f66ed9c
SELL,0.003,1,1752009505,Yes,0x053ff6a4153f917b110752637c4a81e3f6869250aad0cc424dc1e74b81e20eb8
SELL,0.003,50,1752009497,Yes,0x8508f8e07a8d903f1d686ecb6b18507112fd0ad04cec65c311ce46b6fdc28696
SELL,0.003,45.83,1752009489,Yes,0x30090182102984e07beed393a87f7e9d362c73bc5ba94bbabadc0fe0a10e1571
SELL,0.004,11310.41,1752009485,Yes,0x5f43bbed0cbb767bf3fd902fcf8c9977916379f96afb16943d6c8ff93997a4f0
BUY,0.996,20000,1752009481,No,0xabfed77d0d9c1ba98fedf3f84d157979fd2a6a77ca963256ee4ce55ec2c3c921
SELL,0.004,48.64,1752009479,Yes,0x516199d7c135301cc0e631f36d077e5f55ba2b9656482647e33296a9806fd3b7
BUY,0.005,400,1752009477,Yes,0x817034667b52dcf5e0ffa8840d1dc75be4d9a92e8986d1c956d18316f0bbda4c
SELL,0.004,44,1752009475,Yes,0x35dceadb1ef3beefe076bddb01d9d2af20d9f9f94581e81bb2f60a0018b1b661
BUY,0.996,3000,1752009475,No,0x1c25120b4f16cf70ddd6daab3f836ccb4955a1ac50b98cb8ca72d55cb07626ed
BUY,0.996,50000,1752009471,No,0x295033493c00b5c826e2795ff9fa30518bab79f44779562dd827cfa8946b02c8
BUY,0.996,500,1752009467,No,0x3fb7a2dc845ec5b4ab890cb44899351cc78f2da5bfc868ed441a015268c30e81
SELL,0.004,6000,1752009453,Yes,0x50c3ef4c73e7fe8a7044aa1ce780750be6d9370c5967a35c260d83ff623d1aed
SELL,0.004,9997.8,1752009449,Yes,0x5439c67c9e3dc5e85b18ac330d920d703c176a325c48b752ec3a4be4abca893b
BUY,0.996,50200,1752009435,No,0xe1e4058199af61119a9465bbd3f2032e2fea3c373d43e76a1cb9ae094a7f47c9
BUY,0.996,10000,1752009425,No,0xe1b1dc9d9cbe27776338dd45fa160bf2c251a6114c1166c69af9d2b72a280149
BUY,0.005,200,1752009405,Yes,0x86df92e2b3a30463a4350c6570c669b627a61e263ffbf56530d343ce071a2746
BUY,0.005,1000,1752009401,Yes,0xecf0b59291acfd7ed737291ee00add53416de936bd69830c1eb91e49cff6dd10
BUY,0.004,101129.51,1752009383,Yes,0xfac0ceaa73402b6032715c37f1ae3696b433df440b2a142d5882089a742bde22
SELL,0.003,11890.94,1752009359,Yes,0x27178f94acfbeeb0f846c2a4e4685e5cef3ec5e46d112ebb897ea944279a35b6
BUY,0.004,8250,1752009335,Yes,0xb87781249b1ef223829048085cfdfc2ff85eac340066b0851c12cc7247f17656
BUY,0.004,1350,1752009327,Yes,0xa49425b6987c9a55519413252bb59fadcd632f79f7331afa1a42dd92bd1c59af
SELL,0.996,11706.18,1752009317,No,0x80b69437500a77ed96a4c06b6d87ae0d10db49c126bf29f7bc0052a209555077
SELL,0.003,5215,1752009301,Yes,0x629056a98867470e5dbe356b0a8f1d1ec340acb33eaec8f71c36e61ce9bde44c
BUY,0.004,2500,1752009289,Yes,0x6b463aa06fc08fc17944fd21c780f941b9d0dc5099e9bd9e5fffc87c975dff99
SELL,0.996,13396.53,1752009283,No,0x41d9f6baa27548a410458c719488deadb2d23d5476f95fdf5098595048847928
SELL,0.003,2500.43,1752009277,Yes,0xde5d67a7b18b8d0699ffb1e07660589e67baed69bab4fa3edacd21cf6b37276b
SELL,0.996,374.75,1752009277,No,0x50d325624077c487d6486eef7b96fbf25cc086308786e6724a0b62a118b4fb58
SELL,0.996,20441.06,1752009271,No,0x3a3331aa1412393064805c063c39d5557096f4097e029ee8c6421c90252d87db
BUY,0.004,750,1752009267,Yes,0x614aac9c15c5289140e99433615a14bcb61d443a88731db45bcdd457bca26eab
BUY,0.004,250,1752009259,Yes,0x6c4c1364e8d596e183d912a38e6984f019a4b750fe3d376333a8875e803c61ea
BUY,0.004,250,1752009241,Yes,0xfe851c8d8ca2c70c3b4d94cd44a59d38b205ab78aba5d0e5e22af528ae6bf6bf
BUY,0.996,3451,1752009239,No,0xd1566f101520c42f8fa9cd9e45f9179eb02afc7004657ecb8d069ed7dad4d49b
BUY,0.996,212847.57,1752009229,No,0xccc42ba2d9164a81875b418dc363ddece913c398d30fe8bb2c781f9f7f109d35
SELL,0.004,7000,1752009207,Yes,0xdfe277bbcf8d945fd2e6eee7a85df6374255dbf3d05e46519e3b7ce9fb106604
BUY,0.005,4000,1752009201,Yes,0x8d17d37cc2f680c82a643c9afc16406b15857007acf898492f0f8c8cbd9544d1
BUY,0.005,2000,1752009177,Yes,0xc4ac54730eeabba127c80fc944d307a8b1a0acc300df1060750519ec5dcda695
SELL,0.004,36496.07,1752009177,Yes,0xbbc44a68f8b71f6f8e467ecf9963927e9125a218351c85c77faad20f6d1596f0
SELL,0.004,897.44,1752009123,Yes,0x729e4a77f5daf485388e28a07bfc0706e44b907c88430250ee32f15d24e94abf
BUY,0.005,29400,1752009115,Yes,0x3ba2fe94e4525a1eb365a3ac1dcb456498ef9c9860d126798b8278149d418bc6
BUY,0.005,200,1752009109,Yes,0x1276e4d2db189590425bcf6d4a3b24ba0587cd198f4ecbb2d6f96da0fe5bcd0f
BUY,0.005,200,1752009089,Yes,0x8176685e7f1cd6591c06745887c413e8a6f6c8da255df35b69ac3be91caeb208
BUY,0.005,600,1752009089,Yes,0xe83e70de050e83a25955bb0015e14d83f09ea86bf4e8abb4565237348ec6da71
BUY,0.005,600,1752009015,Yes,0xa6d3698efc4ab05c0c0f852ee67373aab6d3bc8d14d2c4ea4397ba34587fdc8f
SELL,0.004,490.53,1752009013,Yes,0x98492a3de76e8e1cbd310adaec5bdca5ecd54b4a1a1a7a1cf3611345e757df6d
BUY,0.005,200,1752009003,Yes,0xcf723b0e73c9f8abf8129a82ad1c2d2b8db2d3f17c288fb1f370dd1e3d6245b6
BUY,0.996,22999,1752008993,No,0xe2ac90b6aa6c9693f075f34cdf9d8efc1c55ed0047df9d21d902594442807834
BUY,0.005,732,1752008965,Yes,0xd5012f765e4f82291db9c2828637cd1f8825855ef09e4fba65ba7949ad4f74de
BUY,0.005,200,1752008901,Yes,0x2063273504834dba55ff7044dd8f59777e51b30c7c5ddb2bb57ceaa9620bd2b2
BUY,0.005,200,1752008899,Yes,0x40d57ab3fec124e47506171a7d9f7db15f6e9d4ce5f58dd258be2e337047ad8a
BUY,0.005,200,1752008899,Yes,0x8b98f699bd81cd8c0112f9156133a65a8cd4175262044430f8a9d655ca3b2b0b
BUY,0.005,200,1752008889,Yes,0x0e6dabb6ebc9aee979182e1e4bdbd33ce3e9f8854ea4e2f3b3334e79086387fd
BUY,0.005,200,1752008841,Yes,0xbf76a723b307719a549caa19e6a5210336cdda01cd46923792b82229f117d448
BUY,0.005,1600,1752008839,Yes,0x303d8dbd9ba6cea2d58e4b411bf253ac23f0dfac226e76267410de738433eafe
BUY,0.006,500,1752008781,Yes,0xb4378a054d9552750bca629f1927763208a1d32d4e98963516a053efe7efd374
BUY,0.995,124058.17,1752008773,No,0xf43f37d83bf11beb462d00d71eaa712ae9db01bdc516511f9e2a22f359c172fe
BUY,0.995,5000,1752008763,No,0x21a49115e8a5a795507ed024f7b8bf634d71f1b3d20ee354b96159844b48d81c
SELL,0.005,500,1752008753,Yes,0xa62d5f04ce501eb321f09ec671db7129cb9facdc59a31b0e10816aaf5f771d74
SELL,0.005,12001.78,1752008745,Yes,0xa7c194cff47669d8efd5e8e169879e3662aff7d03173cb0a71dfa862aecf6181
BUY,0.006,500,1752008669,Yes,0x894e21de15bcd0eb79217cc1b972164dbd5872ac9606e1755128c819aa799661
BUY,0.995,5000,1752008645,No,0x9f6c6ff4690bbdd2c1c2cd63176d3c8327d0331bca8dfa864ceacd4d7b30b436
BUY,0.995,400,1752008601,No,0x6c066cfef114a9197364a65abab21d3dff77e0a2c0d05c362ed2c573de0bb70f
BUY,0.995,9000,1752008587,No,0x4b225cf9f0e87df6e08858969c20b3d34e55014505b0ad6ec2a57ec2773217d9
BUY,0.995,9000,1752008587,No,0x8637518362f1b7e20c80c5cc1867ca8b6ed9b53d3ddb79b9b7d52951ee4674b0
BUY,0.0060000000010344825,1933.333333,1752008577,Yes,0x235a9a08ae65a8dd989f2cc74d61d727f12d57e16ded4154d54dd9334b0c689c
BUY,0.006,13570,1752008563,Yes,0x095f1cb7612e620efd9c20afad650be0db44fa14d9e8437afbbe9464124a7f52
SELL,0.005,812,1752008555,Yes,0xc22f0fc932e054e05711534786f2d40862649cc6edb64979040b4bccc8528157
SELL,0.005,500,1752008553,Yes,0x6bf302390e3668c9dea6306417699483675b3d581e7806245515e11a0a1126ba
BUY,0.006000000016216216,246.666666,1752008549,Yes,0xf9937c890a2aed8318a30abb5be66ac269b8dca7f97010aef2eedf58f1f3ee8a
SELL,0.005,150,1752008545,Yes,0x97f08e863f7b6cb42e239dff1025292cfbef91abfd803f5cf2d353250cceea2b
BUY,0.00600000000012859,15553.333333,1752008533,Yes,0x6d7e4fe16587577d22112fb60d34a066978a253e5cc6eef7b0f5a4d20b88200d
BUY,0.995,40000,1752008531,No,0x66709be76d8b9edc328c98458a2af053a5b2d8d03b301ef4adb55c84485f620a
SELL,0.005,448.33,1752008531,Yes,0x5b6096c74f7f7787f81b4a21a1b59a1d89ebac6a05fef38e04b68b1da9af4cdc
BUY,0.995,78.38,1752008529,No,0x67b65203086c727ee5eb046d84a348da4706523e9cdd2ca1d86d7703d425b535
BUY,0.00600000000001206,165833.333333,1752008527,Yes,0x177ace297e81fb19b5bf4f5b90402c968d56c0fc4cc84388f03a637675332258
SELL,0.005,22853.61,1752008515,Yes,0x70426a03290ecb8fa1a14fdef08349a2b037d0888751b4266b7f55e845d39348
BUY,0.995,10000,1752008515,No,0x42d66691f442135d69c0a2a116ebc09506d21d5e816337c4c0659f9eebf9e9d3
BUY,0.006000000040540541,246.666665,1752008507,Yes,0x8d19b51a002e4629ebfd6c1f8bbdc0e3a70f32be042c552b5eb7577b782be5ab
SELL,0.005,2000,1752008495,Yes,0x7497b285920b7235d66362d804a4df48f5d2a8e2625a4699098cfa2b6496dfa6
SELL,0.005,19222.97,1752008457,Yes,0x0df3db40e31582743fa55e9c37da32c47a8aa2e22220352f06a72afa71f5f60a
BUY,0.0060000000495867775,201.666665,1752008451,Yes,0x1d46f9331a724c5e1fbdb9bb5e21f6ee92518c7a51ed949984641e1bb5cefae6
SELL,0.005,6876.14,1752008439,Yes,0xf01b3a70cf63077dffd47d08e490c07b3720f28edd246955ce4bac279e1c45ef
SELL,0.005,9511.25,1752008429,Yes,0x6753b82cf662915fdbae7ce88bc2bd8324b6e33273886815f0e28deeb0977857
BUY,0.006,500,1752008425,Yes,0x7b561b9a2fbda244ad614be7e96d5c802d03b2eefd78b2c16013e7be9335e60b
BUY,0.006,500,1752008421,Yes,0x9f42222a39d06e08698eca96a99ce0c39ba0c8eadac704aa1c809b5b05d8e722
BUY,0.006,330,1752008413,Yes,0x6e413a5e8df14602b1a1a22746e555949e8b67ea508bd3c68b1bd2637a20fde3
BUY,0.006,230,1752008405,Yes,0xe73152d7ed04021b84c8b6802d3ab69a9b4a971e7baa05f5324a34872b641b18
SELL,0.005,33156.36,1752008405,Yes,0xe57c9fa5fe1cdc8e0984573073af3a4f8bfd834f89f2f59c93fc7222439d8642
BUY,0.995,816.38,1752008401,No,0x6939cfa86aa52a1b2dee1610b8894f6278cde90a1e9c89d5721286e6872b953e
BUY,0.995,20000,1752008373,No,0x3fae24050d0cdcbb1209c58c5c9e0fa5cbc8d0a0bcf8ff298fa53b61e9729095
BUY,0.006,12500,1752008363,Yes,0x54ae3e39d32b54313edbc4c71aa46caff4fd6bd17683b4b24dc9c5e5350ada78
BUY,0.995,555,1752008361,No,0xcbf153c336dbf48eebc2c20046dd1158445facc2ba120f975bea3e98cedfc1f7
BUY,0.995,10000,1752008357,No,0xbb192a4c93b5f4bc2c0eeee8201fae61896de56bc6e59a6f1991d52ac3eddca8
BUY,0.006,1000,1752008269,Yes,0xc80a7054375255c09e7cc6a175d7af59f20297d6ba5418861ae53ed7eb733113
BUY,0.006000000060000001,166.666665,1752008209,Yes,0xb7bbf5a129c5205c787ccba09460058a59865de782d3aefa61aeb9b2d8155c01
BUY,0.006,500,1752008175,Yes,0xd6ccbaca9c302f6ec048ff5abfbdd10dde7f2b283a39165e7188eb8787862b26
SELL,0.005,125,1752008129,Yes,0xa13c61e4a9b630c8ac6fc457d364f90e324ee3cf7c9fa0e5a95687db354d67a2
SELL,0.005,1214.98,1752008061,Yes,0xad307d5d3806f2f37a2692b240b9b358b385f0182a9edf7264cecdc524e91a81
SELL,0.994,1,1752008057,No,0x57168ab7b009af4f2d173d713d207eb5b9576f09bd0617d197cef7042dc5d35c
SELL,0.005,50974.28,1752008047,Yes,0xed5f3f0e5445592af396d7101a639337a4cef933a2eaedc7e6ea238163311ea8
BUY,0.006000000024,333.333332,1752008017,Yes,0x5b6173d5188bdd14a4c8517ce9d3279e67ffdaa31dfef4559e8a621f294d00fa
BUY,0.006000000004615385,2166.666665,1752007903,Yes,0x9b77696022a438d0850137071d3bd85e14d36942c3d18ea80786c1ba2e43c687
BUY,0.995,9000,1752007903,No,0x9e03c32d4e7c4c52fb0d84b2ab9e135e1662cd1bf2c9adf7e2d093126a3ea632
BUY,0.994999973366157,9.949747,1752007899,No,0x188e33129f3ade3371c3026e30ec5658ef5861eb902ebfdb3ccf6f6f2879039e
SELL,0.994,26.26,1752007893,No,0x009b9737878747ff180c7cc4cb520600cf8730b22b7ddbdfd307ea3f7ceeff8d
SELL,0.005,85071.96,1752007891,Yes,0x66f6b4e8d5bd6d721959ff8ec9de3e94c1022ef397f4b01cddd56523a395c489
BUY,0.995,4693,1752007875,No,0x32197f89e0aa857f8ec620e59f4889e1fc3d4ec728ff9af7c47edee90cea7391
BUY,0.0060000000018461536,4333.333332,1752007835,Yes,0xaae58e88f573cf9197381aa1557a90897317f765dddc6b38594903b00c30701c
BUY,0.006,2000,1752007759,Yes,0x63ab2d295a0e5c96b05212be54674621d78bb9dd75d1179c2a2c6811b096f0be
BUY,0.995,550.52,1752007751,No,0x9292ca67f2fc27309ecc3f0e8927edcee7a5804efb89d875c7f162371f03bc20
SELL,0.005,3565,1752007719,Yes,0x462eb0a060fad73b6feb63bb549ef225a59c1d51adaeb954bcf234738d488e45
BUY,0.006,1000,1752007649,Yes,0x6ba285a9f862bd4594ebc6398d917eee1d6a6f017fa54717fc8083b15b8c4ccd
SELL,0.005,7821,1752007631,Yes,0xbecca7699cf1d4b38bbbf3bae03577f9e9e97d52dbf827058f38240a57d5c54a
BUY,0.006000000002065404,3873.333332,1752007571,Yes,0xa67f337482dcd38c37ed73a4f82a0dd83d99ba93e89bb3c874e9c296b671db18
SELL,0.005,1,1752007565,Yes,0x54fc0bf00a96f5b140f14faa6bfa79b696bcb8dc0001bc6284f7e4692296640d
BUY,0.006,3000,1752007483,Yes,0x8085fa0d4d102b3e72eccc823fc80a46bf731f294ee24e6259ebc25e62f2aa6c
BUY,0.006,10000,1752007465,Yes,0x5a24dc50405054c2dc806d4604ce41c5d044eafef61750f08aa2bf76c80aa769
BUY,0.006,3000,1752007411,Yes,0x6e1046dab5deca00c6bfc9e44730e9c062a1f488a12514bf90c44c0ea07fcf9f
BUY,0.006000000060000001,166.666665,1752007303,Yes,0x0abc2a9f13371a60d375f99ba9005831ea78881e9f84ef4c08a5005f1de601bf
SELL,0.005,3142.85,1752007295,Yes,0xda15feb7db509bf77ee5a46277955a6d64c83e4ecb3c9951f7f6478b92f04cb8
BUY,0.995,87000,1752007293,No,0xfbba8538c4de95c1761a8489832d48e663bcb015bb93c26a5aa3134da5e5e53a
BUY,0.006,14760,1752007291,Yes,0xdcd14f1e55fd281e3b5c77b629647515b8e0f8bcb99bf0d49f4ee8491d479d99
BUY,0.0060000000165517245,483.333332,1752007257,Yes,0x8de591b3cda3a4581c7cee244006e344bb29c2c924287927959029ce74f299d7
SELL,0.005,2305.49,1752007223,Yes,0x82b2ae69e5a7e68e72d9ba2af6232115506b429a9cf6004e4d17d1918f6149fc
BUY,0.006000000060000001,166.666665,1752007197,Yes,0x0e4abc479f2f14ef22e4e6c6b1c0749ae43defb4f9cf0dea201667c14d9437a3
BUY,0.006000000060000001,166.666665,1752007195,Yes,0x33f4c69830a3af6467f0f34af74a1d5db409e665e021b4e3514d5b59b107e022
BUY,0.0060000000096,833.333332,1752007125,Yes,0x4028c32a73194b0623185624edce1eb3a9a0f61412d6dc0acdc72d34b38f062b
BUY,0.995,796,1752007121,No,0x4fb44ab0f35de768a7f92ec099d423f8e66958bdb2ae9dabe7d38256281109d0
SELL,0.005,400,1752007111,Yes,0x4c4b4c4d5f8438479bec647e92e412f8c4809657bd71fcd7876df380ccbdf789
BUY,0.006000000001501126,6661.666665,1752007105,Yes,0x3d5eb22389e45966a64b05322d96320aafe8beaeaaa41b9b1de4055363f293cb
BUY,0.006000000060000001,166.666665,1752007075,Yes,0xf207f7b8c46694115ab73c63dc49eace8eeca13aec066067a09d81d83b170d24
SELL,0.005,14820.95,1752007031,Yes,0x7c673470b51d1b82323d5ea9abe69963e60a7c7c4d09938a473583af373da6c9
BUY,0.994,15456.15,1752007009,No,0x1f98beafce1650f0981962c4818140d8acbd8c05dacf2b8d7b179867d5cde989
BUY,0.994,9000,1752007009,No,0x8638bf90d3f390ace597c0c87108542aee2e3bd7e78a2fd6ad61728e71ff5969
BUY,0.00700000000035,2857.142857,1752006989,Yes,0x67d39a702ac1e7fc7bb579f705d8ac161c79f48d41ba89c2ff842d95778020a4
SELL,0.006,4103.74,1752006981,Yes,0xcc00e727a093f8b860a25d407e533fd79de3c89e7838160c6f25e5232a252c27
SELL,0.006,7142.85,1752006977,Yes,0xa3311a6c60b5cdacc99b19fca8f73e76a49258b46c9c3fb74a7ebbb1a800574d
BUY,0.007000000042,142.857142,1752006951,Yes,0xa269deaae36f5ecc32e48e933954419e1a36e25356b4f6722d610120c6d69077
BUY,0.0070000000028,714.285714,1752006897,Yes,0xe8110246db635c0fd5ff40385ae52e8a58a33199c37a616a8ebee119872507bc
SELL,0.006,9511.24,1752006877,Yes,0x70d9e813d317cef7a93f6c0bd2f9f75a24d4ee371a008746f39da541e14880f2
BUY,0.0070000000058091285,688.571428,1752006859,Yes,0xcb250fac59f3efa64d7f1299eb52fa0d98f680760eb4d732823fb23df080ed00
BUY,0.994,8000,1752006843,No,0x093a23c9d7fa0891bdcd5bb0e923b387eceef038a60cb54804dbcf021b2e1c7b
BUY,0.994,2700,1752006775,No,0xc9942dd463fd6360dfa0754e6f584a7bebaea5162fb6819d4d1b72786d400300
BUY,0.994,1800,1752006773,No,0xc38cc41e55238658ed41e70a77181ad68febc18633d40f8158f039657d0f61a8
BUY,0.994,900,1752006771,No,0x76e4354248d20f7a4699bcde58e8f10c373ba7807f312c3bd754f6aa90d5c460
BUY,0.994,720,1752006771,No,0x62ddc34b93268ca30b22200947d1e2ce099a9b4aab30e8bcfa12b4ea63ce135f
BUY,0.994,540,1752006769,No,0x530a6e4bd1c925126af3221fe2f2b4a1e1e3834816afb943edff5362270f0992
BUY,0.0070000000028,714.285714,1752006761,Yes,0x8be726ddd0d2f500230f1b2fee41fb11ed2a54dacdeeda3be42a0445da770ae4
BUY,0.994,540,1752006757,No,0xaa3434c74660127bf21b46e3306c8a8a1d082e643048881f289bfda60a4f4786
BUY,0.006,7752,1752006753,Yes,0x227af5fc53866c55cede07ec47131e16105a9b37f7fc5e2094fe73bb81b7f1fb
SELL,0.005,3512.11,1752006715,Yes,0x5863817626141dbad20a84cfc8e68ec34691e0151bb1add9b68e237792ec0e16
SELL,0.994,500,1752006715,No,0xb8dd65490ae95bc072712f5cedc1862d22a420091f04b04a8c7aa863cc2b4e82
BUY,0.995,1.005,1752006585,No,0x7946455caadabdb0f592e63de4b739a4b80b3ccaaf921a0ec40fdee23ea48f91
BUY,0.0070000000175,285.714285,1752006581,Yes,0xe4372d5687903355034976130db9e26ed5487d9d457f057a1d8e358b7f3d3779
BUY,0.994,21763.3,1752006569,No,0xdd0ceb0e96eb82a76f8246781ea1a1cd9b1a3d20d8d40f45a42845150803b650
BUY,0.994,2180,1752006557,No,0xe73a6108822e5b1135ac4b61f7052bc16d45a71c28f0fdff57280a8d9477e5b4
BUY,0.0070000000010844304,1844.285714,1752006529,Yes,0x2885448cfb910e01c05929355150d1197c0cfdb86f84c5a41d04710af71ca12e
SELL,0.006,31676.15,1752006519,Yes,0xa66e906409bc2141aef3552daa585218e49ebe2ec927800c0398396cac748b44
BUY,0.007000000009333334,428.571428,1752006477,Yes,0x241ea56f848ccd7f71e166193ea293d57b39cb3c70a3c8a92057d1039ec29f84
BUY,0.994,1393.36,1752006459,No,0x9a05eb811604ae9c516b789b70d35cbafca24a8c40d23a97c86b13eb951630c6
BUY,0.0070000000175,285.714285,1752006455,Yes,0xf27671ab3beaeef717326a914156ee8a9aa48f6c4c2d9ea4dbff1cba4626b0d1
BUY,0.007,150,1752006435,Yes,0x97f439bc2d2327a369cc819fe48d44dd39343581a06b53111b19069e79b50433
SELL,0.006,633.89,1752006389,Yes,0x18c287f16923bf96da835bd1a5eaadafcd4f3cb9a45ab4a6c98df7d652888353
BUY,0.007000000042,142.857142,1752006353,Yes,0x6081a248b62e8e9f486a587f336bf3bb9d63355943ff1a465f090fb03e439101
SELL,0.006,60,1752006353,Yes,0x9d573cc23cb87f8e23eb31ba734c1682e5c5d94081ab6fccc158a7ef6be8d97d
SELL,0.006,42000,1752006307,Yes,0x155312bda2e83e8c10686d1f8c2dd4942eff465e9eb46a4b2898843e8baeb18e
BUY,0.0070000000028,2142.857142,1752006275,Yes,0xdb6127ea657e83c975ebd8caf01b2d8cbe34ee258fadaca8126b5f314f473fa9
BUY,0.007000000042,142.857142,1752006271,Yes,0x4753c7dd3856d2153b06071bd828cb2168fd763b7e2287ab3430665eb30ad322
BUY,0.00700000000035,2857.142857,1752006205,Yes,0xc2c642a2eef49d9347039fa5f24744d1c953e762a609a9ae3fc70779f147eecc
BUY,0.007000000000048704,41064.285714,1752006135,Yes,0xd7c6d7acec47dee568eefeacf848a60568b2bc660fd0ae99062c926e6e9de9ef
BUY,0.007000000042,142.857142,1752006057,Yes,0xdf653a5a44ea2b697fd6092e33151df0788f10c62d2d1ab36f96a723769cfd5b
BUY,0.007000000001333969,2998.571428,1752005967,Yes,0x44921998ae533634502c5338ad43312bf8c7adb88d5ad4f17e4bd47047c7ef42
BUY,0.0070000000038888885,1285.714285,1752005909,Yes,0x59856e22ae25f48ac7e7232816ed4df02aa0dd6373bb21c2da8d80831853b764
BUY,0.007000000000468645,6401.428571,1752005859,Yes,0x243a617eacf78cca6997a29d01fa227295f5654b80242e438753588494dbdf43
BUY,0.007,35650,1752005843,Yes,0xa9f3d182a9282e0751914efc4f73c317ec2fab8b6d5e206d598d083799dc6545
BUY,0.994,440,1752005751,No,0xeb6c714450e5e69b781a2ae98699f4e01e8a4f0674295f18a17a589cdff2b01b
BUY,0.994,2700,1752005735,No,0x0056d3633ec213371e3541c251a6b60a913369c1680f3c768e502b84cca2db36
SELL,0.006,10215.52,1752005733,Yes,0x6380bee0de55d4b6e4a126a263370115b4c149b89cc8e4e58eab43d392feb927
BUY,0.00700000000024113,12441.428571,1752005699,Yes,0x3fdf1796cd19715bf4a362ffab2ddf926d911d0039786456e53b9690f2eadfe0
SELL,0.006,244,1752005671,Yes,0x5a6a02b1cf2796b500fcdc9be4bcce00cd8eddcdd9295772d9c80be4b5cef9aa
BUY,0.007,143,1752005651,Yes,0xe4324dbebcffb4281c32aff015fea7302efc0a2223222c213370e4720a3fc443
BUY,0.007,500,1752005561,Yes,0x96ecce5b34f0cd7fce27959252c1faa127b99ffea39b7b9ba8fa2ca350800e48
SELL,0.006,5064.77,1752005495,Yes,0xa01d56835e54577a9398249706bcd5385eeffb648dcce733523fb92f1efa8a71
SELL,0.006,490.53,1752005465,Yes,0x442663cdfeca76dec19e3ac12de115f2d7e1d8723702a5bdaf1ce4ee06da8d6e
BUY,0.9939999999204798,50.301666,1752005423,No,0xc2c17cb40b4937a7047b5d9353ec2b695a6b7301daf3badf3ddb50ef8e34ed3a
SELL,0.006,340,1752005405,Yes,0x1c1896e85c5f2a5184c9d8cd9cef4d4b7fed6a8590dc1a188806e4c6ea527803
SELL,0.993,1111,1752005373,No,0x4ab15ead2830a5b4d28bc82ae19ece999c0fe68c8c7c95fb764e3206a861519d
BUY,0.0070000000028,1428.571428,1752005329,Yes,0xe8545dc7c16cfe6357ffdba730fe0bb2759959d155788717611c11abfc062baf
BUY,0.994,134,1752005319,No,0x5b99145e40659309491109861b779391b8c329348f29762a848c45c32991849c
BUY,0.007,1050,1752005285,Yes,0xd73b64c67f19f0e9dab150929a9d9b8b667a2eaef03bd0362b265a3dad4bf5e3
SELL,0.993,78.38,1752005277,No,0xb9f6abe5f5e817db8c770b06fe397e3f2ac329004fe0abce000c4034098b0d18
BUY,0.00700000000035,5714.285714,1752005241,Yes,0x45003cbfd92f4fc623561113e781044f3892725921e7f8305095ad0e186d488e
SELL,0.993,750.99,1752005223,No,0xd427e7861cb804b5582f0aaf291267b036ee96e2901c480069dcbc9fb68d867c
SELL,0.006,6760.93,1752005179,Yes,0xed1ce9cb6b2a3ed409f8461635f1fa7206ec51c3e7693237c5b2fa12401b02a5
BUY,0.007000000042,142.857142,1752005157,Yes,0x7f76454c124d90719a64baf23081340fbf332b3b7d503e4c8ecc6e102d9ecb70
SELL,0.993,440,1752005029,No,0xc45446827e742f6a7c9388cf9222af973f37074df70ad7905dc4debc63d24bad
BUY,0.007000000042,142.857142,1752005003,Yes,0xcd5cd365d079a8a7cffd01706c34930c2e61c8e2b285aecd543df50c26e8c29c
BUY,0.007000000042,142.857142,1752004985,Yes,0xd3de64e14c7655cd893d4b70a21452846cf3e2e3d91162b48b7825f7f35dd40f
BUY,0.00700000000084,3571.428571,1752004975,Yes,0x27e47731bae81fd815c66972d360cee59af3ecd4e018a9d751c5ac4db0842797
BUY,0.007,1500,1752004945,Yes,0x51068691e0f6c4ac0f2cfb4db5d510e648ef6c692b27cc40d75dbbd3a35f430d
BUY,0.007,1500,1752004877,Yes,0x52c93991f8e194559c8f215d6e74e2a6c12320c3cd9befcb0ab361d53b57a023
BUY,0.007000000001850221,1621.428571,1752004869,Yes,0x1d5f50dd9c08eeb0a811a9bc0b897b977ec0e584877e80f698a48ccb525d3f45
BUY,0.00700000000035,2857.142857,1752004821,Yes,0x5611127c383abc5d1ac310632d2efd57db5fd690543ce8f0092a10426b34b408
BUY,0.007000000000072113,27734.285714,1752004787,Yes,0x4db3e0dc92e8ee7aace1eb35cd55f02282a0a2a50ba0b3d8f3e30a0d466c4690
BUY,0.007000000042,142.857142,1752004759,Yes,0xd197fd4eab95987d9bbbb3a887b6e88103bbb0e15a9941eb8befabcba809604e
BUY,0.007000000009333334,428.571428,1752004751,Yes,0x39857fa6ba93cd99b6433d6c6a76e8c6816e62c1710e516fac2ac4ef1d29b38d
BUY,0.007,12190,1752004699,Yes,0xa0e61c6295a04cd2ac4a84562d9298b39774415190462ba3c11bc688e733f34b
BUY,0.007000000042,142.857142,1752004673,Yes,0xc8a7e25ccba9622c15ffd473e774629206f9ec94dc66557c5856dec7907bdfd7
BUY,0.007000000009333334,428.571428,1752004665,Yes,0x476f1e0bd16b863fd9557cdb9dc4d42f2bc4e7d1c0dc705cdd52e51851cd6b90
BUY,0.007,1500,1752004639,Yes,0x09f94c275f3cf90656a248108d862261bd8f090a779af7579c6e9e376b3f4fa3
SELL,0.993,2000,1752004625,No,0x0f065a97e7046f7f89c34af26780ce002ad86aa484bb87e7928d2b5b330feed7
BUY,0.007000000001166667,4285.714285,1752004571,Yes,0x109daa048599c06e72e6550e84b37e64e5d588f014eb8cd085d1ba94b935261f
BUY,0.007,45000,1752004567,Yes,0x4d76644dcf1a9055bf88326fa38920fc66c08132340c32c2f0e46cc83f1eac1d
BUY,0.994,9000,1752004509,No,0xde7b7ea275e947f5a124953c719794f988ffe6d9e8850dd2b42b6137c03a93a8
BUY,0.994,9000,1752004509,No,0xdc9d4cfe4d2207c4ac3641f443e970615e66682e5ab7c2b6d7d02247dc57ce31
BUY,0.007000000005204461,384.285714,1752004507,Yes,0x05be5adf422675dfdbb40e00f011f07c25d3ceef175751be87fbbefea92bc7f1
SELL,0.006,8.33,1752004469,Yes,0x187c7477d1cd9df1f8529b38dadb487a30529997f28374c9cda8b6090d1ca583
BUY,0.994,9200,1752004465,No,0x30c452b096e0fd921a519a312fff7689e090897bb6100df83c34ecf13f094c61
BUY,0.0070000000005023925,11942.857142,1752004413,Yes,0xd10a3f6a128ef0b73c5385fd9793ff25161344a2137fe249cd6fe2622cb1a8ee
BUY,0.00700000000035,8571.428571,1752004411,Yes,0x240ddd2dc45b696044d8154509dd3cde64734bf53435e37f84ab45f4a2e4d5c1
SELL,0.993,1000,1752004405,No,0xdea3c902b1bf44de4c28698b6b278da08e17ec9942e4500da85c8b17e6723ca1
SELL,0.006,1170.33,1752004381,Yes,0x8102d082867b7990f88d30bc623e4f948675294de0b0f06137c4ea8bdd40fdfa
BUY,0.994,101.3,1752004373,No,0x95f5ef79ec7bb652479973fc53d067c5f6bd0a48d40ead4d4a7020ae32e35f74
BUY,0.994,8000,1752004197,No,0x8f1226c1b0089bf0a1d6ba02784e498b899c36293ade7803ae0ac256758f5e16
BUY,0.007,3833.04,1752004155,Yes,0x79f5ab4e1a06f37b61e75d00122a10ea1dc8a04376556b60bbc7c31ffa4ad591
SELL,0.006,1891.67,1752004129,Yes,0xd62619463739142294c1799b5759cf611009a46871cee19f237d262963f4340b
SELL,0.006,166,1752004095,Yes,0x119e2deb84c8de10dc831138dd9c1f1dbcbb568ccbccd7cb5eb323c5e8f67fb2
SELL,0.993,2000,1752004047,No,0x8ef7cba118ffa163cc90ce866fecd3435b768769e3c748da65ba018443f3d5b6
SELL,0.006,624.59,1752003993,Yes,0x0ec651ae9684ead812d65db6649cb43760688dbfbdd4c6b42df1f52ea23124c6
SELL,0.006,2743.9,1752003909,Yes,0xef06913b758324429f39ba2ed26055f3d0efabaa59c6df14a7c89f85bf8dd7ee
BUY,0.007000000009333334,214.285714,1752003891,Yes,0x47ef4a02e1ffc329f92372446cfb269c305e46c7460c5724bd0aabd9971acc9a
BUY,0.007,3000,1752003863,Yes,0x35d04ca5577074b952c343720011a30faf1d7720261452c6a5f7c9a1333c803e
SELL,0.006,595.79,1752003733,Yes,0x64f952bf3d1cf848054d533f73eaf8973f603f89a5aa5bcc4369914987fd2f25
BUY,0.994,120,1752003643,No,0x3648c158365b55f3bfbb9faf97b37be14b0947c4b21ee2731397b8befdfaf29a
BUY,0.007000000000259259,3857.142857,1752003485,Yes,0x1248ac8ccd756d77c6080ec915ee6b6a361f9c28b89782fb7a96b5ef05c93648
BUY,0.0070000000005595526,5361.428571,1752003477,Yes,0x7cbe8e65f9dee4dd185afbc310eaca06042385861c0a6303195ec2238495f165
BUY,0.00700000000035,14285.714285,1752003387,Yes,0x5b0ce041536f5300758c6167756407bf9b80ddcbb5b33243e48db19f29daf292
SELL,0.993,24290,1752003385,No,0xb4818bc4e423d3a18e468d94e0671ac747b89bcd9ac6794f6bac87262bd59e78
BUY,0.994,9000,1752003381,No,0x61d0905b9697382b42861f91da67b091fa0f0b87ad1c82559dbf2fb32d7e2da7
SELL,0.006,76.92,1752003377,Yes,0x1f8bf1babd052a8cd8c3795addca81ea34909d194e34c8c00703fb10ee58b71a
BUY,0.007000000003814714,524.285714,1752003325,Yes,0xc8d9408ba6cc6724c4d1f90d4f6627ef906ac928960ab89800a159bfd7180ef0
BUY,0.00700000000035,2857.142857,1752003267,Yes,0xf873cbfcd854e3d260d547d7275a333b6143c3671e03bde5788880b17e7522f5
SELL,0.993,911.55,1752003221,No,0x881c3ea5b48ffa837de04efe6cc0db727d5125f0feccb27da372cb10c1f806db
SELL,0.006,208,1752003189,Yes,0xb6e164fa0099401841abecab389bbfdf9d76a7c839b88b4af2df72bb748484f5
BUY,0.994,586,1752003123,No,0xd918267de89aa584528dbe942592c95dab05455f60e2df32bc8d925811cbedb6
BUY,0.007000000042,142.857142,1752003105,Yes,0x4fd9ceb74497ea845c3278749d91573dc643b3d0432b0c79695e1190549e369b
SELL,0.006,62.5,1752003085,Yes,0x61810950b96beb0ed30cbb289b16163b3ff382d227e5b0f4ff4d8b1ff6daf9e4
BUY,0.994,8974.86,1752003049,No,0x9c9fa8eb4bc66a5f3e0df56f6b4aca098af10b298b254a04b710cfa090acee3e
BUY,0.0070000000016470585,2428.571428,1752003045,Yes,0x91af24204503d2e0920aad282d8ca79741d61b5cf6b0a9af00fd4001f13bd61e
BUY,0.994,500,1752003041,No,0xaf28ab22ab50ac46cecc278fb83bcf34c129c0ecbce55b0fedb1402479796fc5
BUY,0.007000000004827586,828.571428,1752003029,Yes,0xde6d5161d1f17c50e97e970d3b95b9e93d82b75d789f21044a8dde814e91fa2b
BUY,0.994,246.21,1752002959,No,0x8a5b0a2792a0aa122251fa6897a2a428e29ab4beec92cb895f742fc687faaec5
BUY,0.007,47490,1752002951,Yes,0x53bcd996dba36347394a757fdc875b66aaa165907cdc11a4c05a0a25d73d37f2
BUY,0.007,5500,1752002921,Yes,0x19295ed813066e6316c157ede7b44284a0e1430e5b2ae8feb0e4cfd6bffb52c3
SELL,0.006,3177.22,1752002913,Yes,0x01b76af5cd88a592eec8d9a63bcfabd421d464a69082deb87efb90651c5acb30
BUY,0.006,21521.54,1752002875,Yes,0xc13eae47faa60794f008c6855b7c8026f5d3b890b230b8e07b0d1629ddadb181
BUY,0.006000000000403768,4953.333333,1752002871,Yes,0x073c8962d56f3d35d485738f91056bc823c3b36f932eaa2ca6088416ab832d3e
SELL,0.006,5525.11,1752002853,Yes,0x0eba016533a80f1c43f4b15ed8dc3c111b679b07a003d7aaee27f3f60807bb86
BUY,0.994,6557.75,1752002837,No,0xaf53a18f6b8c093e01e6644a8b63fd046eba3dc229a6a68b4d7ff034d71ed17f
BUY,0.007000000003298775,1515.714285,1752002819,Yes,0x1c63923d8ee83e38176dfe748b2370a26c65afc4478dd66b9c2461fde918897c
BUY,0.007,3000,1752002811,Yes,0x2541d33a65cee1cd168e0c4db70e22da5a22713ad73fda68087dee9a43e2b130
BUY,0.994,130000,1752002807,No,0xa895112dc11b7ed830c5d6a99e548c58b837f1df97a3b98ac763574ad85e3451
BUY,0.994,77.94,1752002797,No,0x86b39f1c4e9ca610169454d8785c64fd646a2af0bbbbf05c4bd94e2e7a219fb9
BUY,0.00700000000035,2857.142857,1752002785,Yes,0x40e7c1f2e6b9129d6dcd9439d29536841eee71b76802bedfe6be2a913f4cb795
BUY,0.994,125.48,1752002743,No,0x0372298c98201e3af21f17bb5e3dad437cd9aedd42079070a4d5b1ec3029411f
BUY,0.007000000001909091,4714.285713,1752002729,Yes,0xff87c051ec9016a919db5e49abea5f9c32315af787fb651d949d3a3c9757aaa1
BUY,0.007000000001719432,5234.285713,1752002653,Yes,0x879f310a861ada343fe86a81f54d99fc2228d31a1b8bc2368a4cb3b180237a30
BUY,0.994,232.2,1752002645,No,0x7d7fec9a52ce47eeaa8ffd016741af47ddac43c3777c49899785b8d0deb0c14e
SELL,0.006,7142.85,1752002629,Yes,0x1fe1ff3e733c7d3b0e1cc6e3d9b35a2160736a1634f65c0b8b81e428fb7023f3
SELL,0.006,4999.88,1752002603,Yes,0xd9b6b8479eaa51e0730b43106c1686085b44b3d0e4ed6ae42f280fb84414ff99
SELL,0.006,35000,1752002517,Yes,0x7eecd575380611971908f61a3802e60539e0d7b886019cf827129b5e4dd3fdf7
BUY,0.994,229.85,1752002515,No,0xac6e081358b6494285c668d0497bc927547a192f768607b1850202ab2c023dc5
SELL,0.006,50,1752002507,Yes,0x3c05c122469dc6cc9d2389c2e897ae438989129e9f430ac8d99ee8c80b34f950
BUY,0.994,477,1752002473,No,0xc2468682f3a63685bff72d98ef416ada8c27a60a4e6a5747a39436c62a976d36
BUY,0.994,6200,1752002445,No,0x323d130511e7649ace884b68bf6583e0a1cccd2fa7b41193f76f8a62aee00cd5
BUY,0.994,121.17,1752002425,No,0x5376039dd73673c9c3d0e9b9ec1a6b9923028a41bfe33a9648dc23c2d27b2ee3
SELL,0.006,795.53,1752002415,Yes,0xeb8c22a0e23dc61cff9ee8833d700bc04edb651421e456495c63fc93711540f1
BUY,0.007000000091000001,142.857141,1752002391,Yes,0x3ec6dce506f512b019dab4926c1c40d5f9577efe18c7bd8a2dff2f29ac33aad5
BUY,0.994,5326.54,1752002383,No,0x59cdcfe276a19822571625f9fa2ce7ff8756fc8b724b3dc7947901d27b81ea42
BUY,0.993,7953.33,1752002351,No,0xc8353adf8246e633aeffd91ffbc4ef588648e9e91618f1bbc0b694ee673cf9d8
BUY,0.993,9000,1752002339,No,0xf440791109cf62c3493510b83d712e0c30dc0b572f9342e49300f4bd91800852
BUY,0.008,125,1752002337,Yes,0x130214ea0ee5c8097c758a4e32a5a0d18eeed28e0e68311934999795e9c5525a
BUY,0.993,12000,1752002331,No,0xfae9fdc06353c9686de6b14074526b9162bdab0cb4c443ba2f16978658f366df
BUY,0.993,2500,1752002307,No,0xc0e8f0be80547cbe906f455766efd6b2d68b77fc40e2de504de4077b82c7e419
SELL,0.007,4236.29,1752002305,Yes,0xaeadd3f71c99ae6eae11f8f23ba1bec5746aebb88442cf171a7573ad745ef38f
BUY,0.008,3750,1752002303,Yes,0x82f00a1f2dacb17628a7416f16d11f0c74af6292c68e10b98a8c0a5c399e654f
BUY,0.993,3333,1752002219,No,0xec8ad82cf086b6b345b5ffe09dac370ba75eef7b646352783ba0291c1e5820de
BUY,0.008,250,1752002197,Yes,0x6afef1fb52c5a25854ba4da78e90d5daa8676095e83dbb53e823fabf99f5c18d
BUY,0.993,9000,1752002193,No,0x11acc77072e4d49e05ff0d01ad1628170b335c39cabad527b7c97726b8563e7c
BUY,0.993,419.24,1752002193,No,0x4b9cac04dd1150b8ed545f2a135e8d4dc43988b544aa7b7b090cc924cd85384c
BUY,0.008,12946.25,1752002119,Yes,0x00a510ca1973de7dbbbeb1fb73514eed129695a83707ef1bb0250af3b3d5ed86
SELL,0.007,187.5,1752002107,Yes,0x132258a730f7ac033d517509f63d060c3eeadc92c49ddaa56c948af28441beed
SELL,0.007,1417.78,1752002067,Yes,0x51220a95e93f3511516af0691559feb7935147d52d3f370e3cbdf9b22a38730a
BUY,0.993,228.04,1752002059,No,0x977a529b13e8ae3e59e1079d6f214a6d031053ff3e248f4f2317bdd8af5767cf
BUY,0.008,630,1752002043,Yes,0x0454ddbcb068c67c9e38782baefb3a50ca922ef780fd6b25ef9f094f26581903
SELL,0.007,500,1752002039,Yes,0xdeebc1ea9dbdff204c33d2a1670824f3753407bd9e4c2b67b3c3d4eedceae91f
SELL,0.992,101.9,1752002007,No,0xe0d1f763f74fa32462c5cec4eb99eba93312ce7da123d7d104c46401e01f8b69
BUY,0.008,2500,1752001995,Yes,0x1c3dbb118df7cc09a5e8ea13435220bee826c4f572f74f81fae3c628547a7136
SELL,0.992,250,1752001983,No,0xe69c69103d855a597e455bb41ff4b529029f0dca406eb004acaffd4f0f648af6
BUY,0.008,625,1752001981,Yes,0x5d4a6a34276f925aba27a0e3cc3c69d0e6a13499f6db9fa222de391bfd18ed17
BUY,0.9929999999509339,101.903285,1752001975,No,0xf34488e83776286a9786952df75ea1fd0dd44d7a44e5fee0384643664f105811
SELL,0.992,102.01,1752001945,No,0xc0c8f0bc579eedcca6123071168df981b5e65990d1d4930f6083bc68a9e3d45b
BUY,0.993,102.014,1752001903,No,0xb0132a404f136278e7340a52e6cd193bc82f2d329927b02aedced405516a3d17
SELL,0.992,100,1752001787,No,0x79ae8da40db9ed3c15ab97c33e8800c22cf84abe38660bf5f3c715bc961f290f
BUY,0.008,5000,1752001759,Yes,0xd7c33b083104399b7fb6ef5d591b3f8c01959277f9140a97ea0f5cbf052bc238
BUY,0.993,10000,1752001693,No,0xaa6bba6c6cb4048dfba6b3539a48fb119a5d6010178ea77c4374a54b18a13bc4
BUY,0.008,125,1752001685,Yes,0x8a3a13b24ef8bd2e85de17dcc83507deef1800f4e558768f4f1de3aab2a92901
SELL,0.992,101.91,1752001641,No,0xf68602ce357aaced76141ca9fc8b2e14c70f59bababb9fbe15e367e0c2348e9e
BUY,0.008,2500,1752001621,Yes,0x60d39dbc7403464a1ba455c8650fc7c09e1f3882a7fd5f21049a3dbff66f8680
BUY,0.9929999999509387,101.913285,1752001617,No,0xef71772b65b00bb6fe99de718c1a5aaee122124c6a583292a0c37293542f5ff2
SELL,0.992,102.01,1752001603,No,0x83158eab0090ed4954bf2fee1b2a2b3052f2b49bf43a96f9a361dba60a2fa9df
BUY,0.008,125,1752001589,Yes,0x6f563792c45d663ff6743a3776aa2ffd7a7aacfff1b2557a9bde902788aa47d5
BUY,0.993,102.014,1752001583,No,0x0738b2937a878105261bdd7d7f6cf068f1e42a395440fba9bbb58405993d8ae2
SELL,0.007,242.1,1752001551,Yes,0x3ab717138c5bfa64a4e92f23c6cc5de73aafbfceca322914023e8e31e61db9d0
BUY,0.008,14875,1752001521,Yes,0xc47118248ee2f66d44a61f4026e87bcdeb623707e21968c25071b0571c9857ca
SELL,0.992,6000,1752001409,No,0x19106eba044e4d8c56903337c928020a8ca4bb5fcf492b767964d1c12a79c048
BUY,0.993,33232.63,1752001399,No,0x52317810675966bb86b9b436d8863cedd0bbf90a25e3a21fad1ff1148d529dc4
BUY,0.008,600,1752001291,Yes,0xe67e7ca9ee51958b845dc9a8ccc396df38f9414a1ed1fac397b20a24ef8a3d33
BUY,0.993,477.15,1752001273,No,0xe04bb1a3019220357b57674f61ad9aceaaf5c5dbab76019c2c435db54f2e71ca
BUY,0.9929999999899697,99.697857,1752001269,No,0xdd51832ec306b380aeb2c513ca866f8592a824c4ef962399ce4f25237e20e411
BUY,0.9929999997993925,9.969714,1752001263,No,0x026955f95c49a865865436003f2e16ce5cb464434ccccd63f37e6f4d46fe9cb2
BUY,0.993,5,1752001257,No,0x70a919d6d0e3bf0bb2877e0814f8b01911cd2a63f999ad57fd0930ceabd1949e
BUY,0.993,10000,1752001251,No,0xfb7b20016c7e81f27a3aa122f21822cdda6cde07c3267b64a01c1a7d9a9f7a58
BUY,0.008,1500,1752001239,Yes,0x22df56439644fcadd383c0257d4107df859868bd84e11d336599d97c324c4022
SELL,0.007,368.9,1752001233,Yes,0x73e53fa4f790f6b42171dbeff6ca641fc99ac6abbf500e49445b09571b40f1ba
SELL,0.007,737.81,1752001227,Yes,0x33364a38eeceb7c725bab409c2e7196e8904cb77675b976311f54871672afbe8
BUY,0.008,3750,1752001217,Yes,0xe48f145fb1239be73588a6e7d16646fa245d155ffce66818b62bdb14f686396c
SELL,0.007,1475.62,1752001217,Yes,0x2ca64621d53489683630e4c464e34a67996b4f796b1d57be31b43bc6557149a6
SELL,0.007,2951.25,1752001209,Yes,0x7c0857c571ed78f77be4efd2aef29a3c246df135dc7786320e6b2040b40266bd
BUY,0.008,8737.5,1752001201,Yes,0x033bfeeedec3ed4a0f9b2090834fbdbe0e75c8fd876111fa8151780d05f12053
BUY,0.993,222,1752001199,No,0x8239b7597131b316080cba4b1e833ee8aa23b970d5223603c5df1a8178ea6fbd
SELL,0.007,5500,1752001171,Yes,0xacf82ce733bf20590622f18057e63eb1e4db49dda7d945a9fff780bc140e7c57
SELL,0.007,200,1752001163,Yes,0xa4b0a82d3829fcd648fc2a0f80fa981184e60e6ad3a13aaddd3eb135903a489f
BUY,0.993,390.48,1752001155,No,0x65f763c26c7e4cc142d37b7400e7cc0ba73214327ccc3e621db353a0200b56d6
BUY,0.993,454.09,1752001147,No,0xd85a9e7f0313e46f740f1fb9b4866f33c14a4ab8a5e8478b0729b6fd330ffcea
BUY,0.008,3125,1752001129,Yes,0x7719ac67d66092083340138d17c0f73e02d34a948dda7ac491a1e4db8d7cbbad
BUY,0.008,1125,1752001127,Yes,0xc39469d1be09e5de3d3cf8d7e65e8d249c75978077efbbf6dc76fe209175e332
BUY,0.993,1000,1752001117,No,0x28222a68c23b224eacfe8d6c1b1cc5a3acfb522b01877ef19b226704300fd0e7
SELL,0.992,2303,1752001107,No,0x1efe4c3fb9a0dc67ab6e66e440275495f530c1b3c8932450ca38838a10c64d9e
BUY,0.993,30000,1752001097,No,0xa17fc6f873113738910ac211046cfa9142b2b69d5b9ebe5b0d50911982b25616
SELL,0.992,101.93,1752001093,No,0xdb3db9e57e6b5c8ee11d08eced21afcff914b035525bd3370a1ad5179a421870
BUY,0.9929999999607587,101.933428,1752001071,No,0xe44dcd6256b5a1d1fc8116bd6f1cdb00158bb28deb0cdced420802d575571325
BUY,0.993,10000,1752001071,No,0x01c77e494da42c85163eca0d4710b124cf4f2893e04649481e87a1ac801059ab
SELL,0.992,102.04,1752001063,No,0xf18af2e640b77cbef034ed8a44a81401e3ba8d6cec51ab494a76a69b4a831861
BUY,0.9929999999510016,102.044285,1752001057,No,0xa6701a7f49690b640a96ebdec738800cd2cc7c24399dc3f424f0ed2a860350a9
BUY,0.993,2500,1752001047,No,0xfab2f9360d77821822397f7e104dcd85dbd545c1e639891c18283c30beb24fb1
SELL,0.007,4855.55,1752001023,Yes,0xa88c2b7e78abddc4eddcb7dc7313847cde2532fa610f6adcae0b89a934e031fe
BUY,0.993,5000,1752001017,No,0x077018ab5bbb715a9a6fcfe8c410ec5b0c956e048bf39d5fd9fe300349551fb9
BUY,0.993,1000,1752000975,No,0x1939b0b01d941bbffbac4033a9e2d0d4f4eb7cebcb21df3fcb027002fdf4c2b2
BUY,0.008,1500,1752000917,Yes,0x7f686c310a0f432101c3ceb8567cd0d563777a594a7c25091583c8babf92fcf1
SELL,0.992,101.93,1752000893,No,0xbdb15026ffed817e52cfaaeaf1a5dbc80c376c75df77da4b441bea88c95f896e
BUY,0.9929999999607587,101.933428,1752000877,No,0x60a5084541e2ce4321cccd91423f1663c17a531eef376cc6cd730cbd508ea954
SELL,0.992,102.03,1752000865,No,0xda4688fe3e76aa6582ca83cccfad3fe926b52d8ccd3e81d5b7c138fe7028fac0
BUY,0.008,125,1752000849,Yes,0x7e278f27305b205d7e37a7b937886dbc46eb9b1e0324e3886cccb450f5c3f73a
BUY,0.9929999999411961,102.034142,1752000827,No,0x30ded1e523b2c1c1c820e99107724e500c00ceff135cdb1a9770e2cfaeaa15e0
SELL,0.007,1407.14,1752000819,Yes,0xe4e4dd24f18c2a155f69aa0df2332607ea19d2219b9105e74dfdc7b3a3cd89c5
BUY,0.008,6250,1752000799,Yes,0x49ee8f2e495cee3931459c4a2dd2e25e63af1d091d7ae297d5022c17a06b3645
SELL,0.992,2000,1752000797,No,0x6630fad216d5dd38882e12f3d2df4a1aaa38f4c768b9886d7f225817590f4f6b
SELL,0.992,101.87,1752000681,No,0xb8359408fb0b0aa203fc965ef9efc5b9a02bd5b6a8d1d8c7daf762b71c4d6147
BUY,0.993,101.873,1752000673,No,0x85bb8305255899eed80d6281467539d5c9da16a07e5d1687f4f7d58d65ee13e0
SELL,0.992,101.97,1752000655,No,0x64adfb0ea735cbf0e7b84d9c0505e1e82efd3fa0993f4b82dc4083db1acf48fa
SELL,0.007,732.17,1752000631,Yes,0x6532e0e82b9e1dfcd52f3ef94691ce01b2a4bdfccb46729fdf23dc05bc369586
BUY,0.008,37500,1752000627,Yes,0xdedd6446755ef568911979b23a80726ce6a1c62648032a6abfcc157bf90bc6a5
BUY,0.9929999999803871,101.973714,1752000627,No,0x9dc33d3a7b786c2ad46b2b1a4763af61bccfdef688cd68d1c821cadd8eb696bf
BUY,0.008,250,1752000581,Yes,0xa228e1accb2a45620ae9308eed198af660935e3ca10968607cd7baa5bc257f77
SELL,0.007,1000,1752000539,Yes,0xc166235d39ab7f2b10b7e7aa21bf7f0528f8dbbe8668dc5ccfa9e2dc7aaeef6c
SELL,0.992,1,1752000485,No,0xd09f9017b5cfa820f8f02e4d35bedf92c6f11b9d0703480a1e4b8112528809cf
SELL,0.992,101.93,1752000477,No,0x6ea55bb708298e27eb8d342f75be20cfa5b236f7479862837a71537f99b6f11d
BUY,0.9929999999607587,101.933428,1752000461,No,0x1522102fd5b2353f4737942e427bdd1fff0bb2424b73eeaedbffa502105a76e6
SELL,0.992,102.04,1752000443,No,0xe28b79bf54cd635857253d5aac3d3934398ed2bca65044e3d1fbea5b361dcd0d
BUY,0.008,125,1752000439,Yes,0x5c8d80e17d9c23e840718c6fb3cfc055b66f888fef69c5757d7244b3c9a48467
BUY,0.9929999999510016,102.044285,1752000437,No,0x6ea7245ee81e6c912ba548ff90ce61161657aea4aadf58147a474ddd0ecfac38
BUY,0.008,700,1752000349,Yes,0xaa2be75e552d9866b5f9d99a8222ffbb8be98249e53beaae629f5a79aaa40185
BUY,0.008,250,1752000249,Yes,0x3eddc768e41bf60d0ac2cb192e9f2242ce6ff1e6efac8dccef7062e8d60af4a5
SELL,0.992,102,1752000223,No,0x80fe3c5f6b79d55e334f5bfa704ebb74460a95fc9c8127e18364a63d85152d81
SELL,0.992,5000,1752000209,No,0x8b9cff43d0a60302e9d8208a976a29d40fdab6015a4e9aae18af7ad6a950235e
BUY,0.993,102.004,1752000203,No,0xba2897025f5e895f36bdcd9455480fff8c97ef90db2c9617c7e214b8259c6012
SELL,0.992,102.11,1752000185,No,0x5dcce6c130e6ddcdb3e9dbe15e8b17d19421fbccbd6f1ee7c5a68b2e746bcba3
BUY,0.9929999999804142,102.114714,1752000169,No,0xd7be413935b9ff4539436e0f80f64b40d3f6eea63cd32d766d00d373f6481827
BUY,0.008,125,1752000035,Yes,0xbb6cb85bb52a29e265352de41416ae633f0c48bc7770b48d10ba7c9f45543af4
SELL,0.992,101.99,1752000021,No,0x38f002aa2862cc7ac4e28c2a85809cdcfc0dbc21610908d238068d3eb02a3c93
BUY,0.9929999999901955,101.993857,1752000001,No,0xcecfa9c6fb9b04af7fe9cffc2ffc1ed7b4e3fad2f3aeaec9a4581e019b1d3bc4
SELL,0.992,102.1,1751999983,No,0x603be64521bfee43e5ff5ffe550dab539eac57855e01bd2a7936e61e250d2135
BUY,0.992999999984611,194.944571,1751999981,No,0x783ee46d824d76c415c07ef98e14ec16b238a08e867a29a24d9743fdf2b4ab63
BUY,0.9929999999804122,102.104714,1751999977,No,0xce7008643948b0ddad0b9c36978bf7c6630c6f8d35f963ed5a4594a95e09192e
SELL,0.007,1350,1751999931,Yes,0xe6eb174bc1b641fee1303e0beee12bb845aa067810284054a0b34f1b9e2d10ea
SELL,0.007,4500,1751999913,Yes,0x1837569f23a278fc652efd07171d9f88b7ccdc63bee3bd6cf7ad6f777f481ff6
BUY,0.008,125,1751999875,Yes,0xbc5f084e309931da27bb7da98362ff5b928bdaa1b1aa9312bcfb3471823767c3
BUY,0.008,1250,1751999811,Yes,0xd03759a3f217e65a3f3e079f1700b51b52dc64418e249be58aae9bb404ed69ef
BUY,0.008,2500,1751999767,Yes,0xa17dd08c8be04820421c942ca9efa466eb07f3a9904af967fc4daaee6f3bc600
SELL,0.992,101.91,1751999751,No,0xbf7206dc5045845350a63b8dfbb3be7fd0c9a4b76f09421705e21db0e5230282
BUY,0.008,1250,1751999745,Yes,0x3d92753c2496efb7329dd176552a0c01bbb19265102c4545e41a57b8df96652a
BUY,0.9929999999509387,101.913285,1751999735,No,0xea65c4ca88f2c0acc8c0a3dd15dd25c56b1d7f808555adbf6bed76607c9cc2f4
BUY,0.9929999996027974,10.070428,1751999729,No,0x3207702109985db5eb0ff59359e3c5e45aea8da511012633ff9f9638c8a33aa7
SELL,0.992,102.01,1751999727,No,0xcd08aeedf47d3bd5ebbc38f8357e25788d6edaf99846cda838b1a31305076140
BUY,0.993,102.014,1751999719,No,0xdccf779553baddc9917d2d654f3cb0ecaa12c10c2b9800f0f5decdc8b18a5b8b
BUY,0.993,500,1751999657,No,0x4daaa6a16398dadc2169690e6a8eb94ef86cf0e8d0fb81f5f9d19e6087ada70f
BUY,0.008,187.5,1751999651,Yes,0x2de1a60a1022ab8b04c12f535622f900cc125a9d153efdb5db2a6faf38589781
SELL,0.007,220,1751999617,Yes,0xc19c993794ccbd0aeb312bc24747e3021ac0dfde4f55c206fd10de5e07c5b5aa
BUY,0.008,1250,1751999587,Yes,0x13a64d53bb650db663e5c4ccab3c9bcd45b9020492b5d6b3f46dfcbe95c89b30
SELL,0.992,1111,1751999545,No,0x7aa68ab3a2f04af1431caee738f91344b1513ba7434afe8e7bae7805b3de3b29
BUY,0.008,1000,1751999533,Yes,0x4c59f1f22980de1bcce9fc2d4bf151def91afb076ab68b13897d46dd41926e79
SELL,0.992,101.93,1751999523,No,0x06cf2062fb480b7a8c92829452b8edaf145dfae3c03e14666917bd0622af75e9
BUY,0.9929999999607587,101.933428,1751999505,No,0x156300104e9a3625489049262a9609a18e8ebbd70b0ac7d83547a47d65d8a0e0
SELL,0.992,102.03,1751999485,No,0x5a52dc4ad9078b4870cadcc41a727918bc7399f8c38007341016837d03f606e1
BUY,0.9929999999411961,102.034142,1751999447,No,0x86366592c8b3e4eb61a2441c9b16703bad22b9d1627bf27d5af13a10985be211
BUY,0.008,1620,1751999431,Yes,0xdca2feb8b01756e9924beecef3ec09f2247f2a4e526cd2b62129bff487bc0b00
BUY,0.008,2500,1751999379,Yes,0xd68ea3974cdc97a2cb74520da97953fd2940c0813daf7cc1630f434a7ea15e1a
SELL,0.007,2777.77,1751999371,Yes,0xf52fcf48f84d2402a901e71586ec2312f2b4a2333cc87a95128ade65c7f4d7d9
SELL,0.0073879805,100000,1751999335,Yes,0x59bd5b9017cc438f1933a7accb2af0fd0db882da15ddc59fa0a62408bb99fac3
BUY,0.009,112,1751999301,Yes,0xf11cf4613b09011dd9fb224b8f3897b89d57bf07d993ac45ba139af7ba6891ee
SELL,0.008,2000,1751999267,Yes,0x18ceeef4de01a72e2462ba417cd137f2249d279e2058f3cacc13ff4cea571ab1
SELL,0.991,102.03,1751999239,No,0xe68163045438e3432faf24961fc1b9b4a8c9cf79f6a03ac68f5646ab54a807f3
BUY,0.992,102.026125,1751999209,No,0x2e76dbe714308444ff93564cdef1a975687cfa5bd63b9636d4d9b17869f38e41
BUY,0.009,120,1751999195,Yes,0x4f9ec8577924d74780806618dd26e3394a42256d9b276664545690f3c9543961
SELL,0.991,102.13,1751999193,No,0xdc0808d0440171697a2c865b771c51f2cbd7f7905b3c1eb62cd90b8850e9fc40
BUY,0.992,102.137,1751999169,No,0xcc54a5f202f400160325eca41fd1c80e21985b7d29ce180bb5c4a3b0f71ff9b6
BUY,0.009000000009,555.555555,1751999159,Yes,0x5ad487f8688614ae0413efcf31e93ba49f70705fc8f35d6cfb63e51d28694bca
BUY,0.00900000000252,2777.777777,1751999149,Yes,0x6a04c7557e0a6a4e0bc57322b3887e517b848d1c5fe515d7964e93cb9719b87b
SELL,0.008,1677.78,1751999147,Yes,0xcdb5abf1179cd07e83299778a0e99d5dc4c0fa93bb14438c318a12fdae252036
BUY,0.009,280,1751999131,Yes,0x860d0c0511dcb251f966af6f60b22f19780072b5755d666552d4e110f47a0b8f
SELL,0.008,100,1751999101,Yes,0xa3a74286965450b6dbbc49a58736e731bf58bb81f9ae573a2bded0ff186dd50e
BUY,0.009000000009,111.111111,1751999089,Yes,0x0d48be08a29f81fc2446ea963edb5a06b082e717fcc75ccdd29b6e172556ccf8
BUY,0.009000000007974683,877.777777,1751999073,Yes,0xbe386e80477cab6523f82e32ff55bbee2660d03c7a72cb5ea96fe56e6a7270f3
BUY,0.009,180,1751999071,Yes,0x70744277a0777b4aad2ff83fbad97fd681c950f0ef0a1f0337adb3188792148b
BUY,0.992,1.008,1751999059,No,0xffe0fca373c0dd0d3166411a96fe3a9fa8b6747aaa07c4e76a7eb2543df15ce6
BUY,0.009000000009,111.111111,1751999055,Yes,0x8d1b07db42b876f9fa2e2f82c2144345a7183ebd37865e1e75d9a89b91e3ce7c
BUY,0.009000000009,222.222222,1751999049,Yes,0xca477d39bba9a0a24480de2c9c7a6333b720b133dda5a3e0048390f251b57575
BUY,0.009000000000252454,3961.111111,1751999007,Yes,0x8164b5f68737a9772a841a88fa3a1d8fab38567d644ac450cdc35d5b6c2be546
BUY,0.009000000009,111.111111,1751999003,Yes,0x7b51eabd21a31fbfca2875d01a794db62d43b82a90175bd29318227fcdbd441f
SELL,0.991,102.27,1751998995,No,0x6de0ec6cdff9411ac7bd99c2a0b1ca613304c08a8abecd99e1c9d5a4d43df355
SELL,0.008,4437,1751998951,Yes,0x89bbf2da8bdb9b4009de73b528afc010f1f55a858bb4c8ce02f2d6cb2cf8b009
BUY,0.9919999917080728,102.268144,1751998949,No,0x51b243566a0049c3ec31be2fae7a26d13b4e8b62884267e0d8a5fc4bd866029a
SELL,0.008,2810,1751998927,Yes,0x6ac01f29b13741aafe0b116ac15ef6e7333c242e724d77f172533e52498f1e51
SELL,0.991,102.37,1751998927,No,0xc65f04a62fa13a59aa2be06cab1cc41143f6b09312954255638118b11db07bf4
BUY,0.9919999926547459,102.379031,1751998903,No,0xfb50ec2d4445bf969fb8287de0198590ca56582c8377116bac5782e67bd0dcee
BUY,0.9919999585432544,2.7016109999999998,1751998813,No,0x99515659c86aaaab8b4f9605508bfe479dfdcef6802058b2c9c4ea8440d3c209
BUY,0.009000000001636364,2444.444444,1751998695,Yes,0x35587660d9473508c2cae28cfc6bd7b7f693ae982cea603f434df003299b2011
BUY,0.009000000001848049,2164.444444,1751998673,Yes,0x4f93055559a8b0f88aa05d540bbb444b12e2dcc944b8d2ace8d3663281089e7f
BUY,0.009000000009,555.555555,1751998665,Yes,0x4a60de110ad3025318da34a2c5a7e3d409778a67640fcf474b880b759cfe9722
BUY,0.0090000000009,1111.111111,1751998621,Yes,0x208060a613288c56717e7193257409ba70ad952e77d697165c7d3beb61f07b99
BUY,0.009000000009,111.111111,1751998579,Yes,0xc3c4bdc5af9f631feefbd3c4fa9e1b8ac1df376b830af6fc47b816b119465bc7
SELL,0.008,203.25,1751998577,Yes,0xc03be7a5102cbec03f4446456bebab48c103f188497645da7a52902f20e696c0
SELL,0.991,1500,1751998481,No,0xd7a24a0a5d66fec7a2e75e307a6515ec40a36db9c5d36caeb98e7663ddaf130e
SELL,0.008,3444,1751998461,Yes,0xb5bcc9fa19abc76c3e52602a639a4f88ac5b16613c9d99181e6162c18bc92a03
BUY,0.009000000001029749,4855.555555,1751998445,Yes,0x6d32c7ff4855e9e043d8a60e9920d374161099ce8923b231c881264870808a0c
SELL,0.008,8,1751998375,Yes,0xf982552fcc30359e3469238d778ee67b46f2eb51477ac35728e50139cfd9b732
BUY,0.009000000001782178,1683.333333,1751998303,Yes,0x9ac1627b6fc44c67bb7da490310f88e5e1dcf8e88c63c380c42258e8852ed871
BUY,0.009000000000848456,4714.444444,1751998253,Yes,0xdf042b6a0d5c60f543ee8acec7683eccba08a0e382bef1bd982d85408cc7067e
BUY,0.0090000000009,2222.222222,1751998197,Yes,0x2e3f6fdab22b3e2cf7cf1befc0f77d7accb4e9a1258bb8f24b797ae54f97be35
BUY,0.009000000009,555.555555,1751998171,Yes,0x86aa0700ebdba8299faac946884b573c243c67571f19b9ced01d2a7c521c604c
BUY,0.009000000000732004,2732.222222,1751998145,Yes,0x42a82d3486ba00b20266be0ecad552c2cf58dfb09d5e335cbd9f175395fab616
BUY,0.009000000002694611,1855.555555,1751998139,Yes,0xba140653742bc15fdf3879e4d718daf565472bdd09f6ae33036f8acdc7c7cba6
SELL,0.008,750,1751998119,Yes,0x3b23ddca81d4cf3c00bbf35f8b05df960498a8c863642f96e982116c715e73eb
SELL,0.008,2999.96,1751998115,Yes,0xea944e3476c060c246b7697f93c106606e47e8733bed9e17b3de498d660e5d36
BUY,0.00900000000030524,6552.222222,1751998049,Yes,0xe3852ae4f9702912ef05a6895e771725f4102e651f9f54e54ec3bc520c8da4fc
BUY,0.992,25.302375,1751998013,No,0xeb69c24c0bfa52d7c12873afb8a6e2e37000e5a69cede961f67d82b57f62d40e
BUY,0.0090000000009,1111.111111,1751998011,Yes,0xef794dc07b34150d68bc2ee42b8c5b7372fe09a1375187981a46a7be9c8f650d
BUY,0.009000000009,111.111111,1751997989,Yes,0x2e4762635178cad504a4bb7223a776ab48118c1aac5d2383a15b82bfb71af69b
SELL,0.991,1000,1751997977,No,0x35b1b78e8a3840a3ceb3284f7f3b8fbf31ac115d47d984225a5646b060ddcb4a
SELL,0.008,5466.11,1751997939,Yes,0xfafc418964d02c9750c9f0ecceb6995d5e3e6f615c05dfc4e3bd0725e0a89a42
SELL,0.008,11890.94,1751997929,Yes,0x910a9f776c915dbb04f97e38a7ae2aee03610410b3dcdad963f2c7cb5867b60d
BUY,0.992,15.272125,1751997919,No,0x6006203b7c3b1abd56bba2f720aa833b59955d7ab0c45c68adaa8bbd7d2ed81a
BUY,0.009000000000290435,17215.555555,1751997901,Yes,0xc29da750e9e463b648a2b033f19fa5adf1c7c6f8b2a79f7cf57aa71089bb6446
SELL,0.008,1000,1751997883,Yes,0xc7613c2bbdf47c11d1141718abcfa319a602adc8b88ba034fecef641094f6882
BUY,0.0090000000009,2222.222222,1751997883,Yes,0xb319475de54949c2ad49f56f042187adb69cbf9e1c42f4ad5b1ff4a8b9e5d6b7
BUY,0.009000000000044089,136086.666666,1751997769,Yes,0x9178ee0d6d993ff036ee903760e0dee32a227c8a72ba265f7da919962f14a6c6
BUY,0.992,5,1751997753,No,0x5a6a176e1bba843f2ab9b44c3f843a8f0fb28ef78032b13f8bf7e28b092cd851
BUY,0.009,650,1751997737,Yes,0xbc9554ebf44fbb4e60a2861353568b02da0c3b20d19410b9befc0b97f1469452
BUY,0.009,5000,1751997711,Yes,0xae5b2bbd444e32684454871b62b92ed18d3e2f1d1ad46524ecd84851edddc352
BUY,0.992,8000,1751997701,No,0x09dda584bea79bf84c2e937244ff0bc611de7c12f200d8216f8a1ac1fa01968c
SELL,0.008,41.66,1751997695,Yes,0xec9b787f522493c33c1034838dd3d2b137ab27491326a2c8f50b281688081c58
BUY,0.992,50,1751997691,No,0x083525f07e298f34f767fcc060accf3362d81f5fcf3db1ab1874b276b38384cc
BUY,0.008,17951.2,1751997683,Yes,0xed75e400af2590bb7448cbb3780c7746ef06bd98c27a5e9068fcccd87d208686
BUY,0.008,625,1751997671,Yes,0x22e72224d97298194953fe1af584f495620e708016b6bdb91b766a5c15ebf0cd
BUY,0.008,1375,1751997661,Yes,0xa7a210bc94373b4815c23ce8cd908b13b74a5c3184d0f19cfd025aa55c3622d6
BUY,0.008,1865,1751997593,Yes,0xb285a171be92238e1540f8fa617b5fc1bc018c92423580179dd07cdb4391ba90
BUY,0.008,2500,1751997577,Yes,0x4a31ea3f78f70b71c8aeef4136032f709f311992e56571ffb596991f085bb4e7
BUY,0.008,300,1751997527,Yes,0x5d05ef2c4e4669f8c9dbdece515e1e8c74b7bbcf3024fa838d9f30c12c3e394f
BUY,0.008,500,1751997507,Yes,0x68dfaccc0a2f7e0d37acd5fbc72d13f6b15ef89ec34a7968aab26fafa00a175c
BUY,0.9929999999666779,150.050285,1751997475,No,0x363ff93a1d329de365d1455ba6b0b17232ed8ca1cf7756de23f2f175911d6854
BUY,0.008,228.75,1751997471,Yes,0x209bcfe7c22bfd6584ef36529b69c0525256a39714651529ae12c4c0a384d649
BUY,0.008,25322.39,1751997471,Yes,0x457e5e05785b89e2f91e57748e7618e24430a44d0b4dff7bb1c5ba19c8668e77
BUY,0.008,3730,1751997463,Yes,0x677a826ce92e3db3d8fa4a192e20ec36188b813520d910d28db60404fa8b6039
BUY,0.008,3437.5,1751997413,Yes,0x6639fa2b1cb581929ff8e348e5b510317f3d4eaaea83b1c0edca0975ac10563b
BUY,0.008,3125,1751997413,Yes,0xc2f8752a82e37b1b792fe756d138f29250fd216d0f635518c821b00a805043d9
BUY,0.008,125,1751997303,Yes,0x01d2c0a91e61a5f6823c3a7ebf84bf9e33d1876fd8a9b1c890d91162e025e857
BUY,0.008,18803.75,1751997203,Yes,0x1ae1a0012e88be829d2a98ba4ddb060b2a168b824115f548cd247b0ed4d090bd
BUY,0.993,5000,1751997183,No,0xe9dcc6826b657082e8070aeb08a725667f9d18ffd9800566f26a47c4a2878f5d
BUY,0.008,12500,1751997111,Yes,0x00378cdb38190aef9a880cc5f39b275eb6f1b6452ce7fb24c20aa446b01199ec
BUY,0.008,12500,1751997107,Yes,0x9c0c6f984b39007c2d384df0d80f537ae1fae2f12656c909f2d8fcf60d2fd7e8
BUY,0.008,6250,1751997075,Yes,0x3b49e0f7d55d21b06b7163ad4759e00352336f28144b0feeacdabf1fd79ab3e5
BUY,0.008,4813.75,1751997069,Yes,0x98093c8d8e84eee3ca8c8eb270f3e68e2240b28f4d669575e8d0436d20d23640
BUY,0.008,12500,1751997069,Yes,0x82395e16f0ea4928e1c7fa91329effc65da7c59ee75ec3a03c92a10051f45126
BUY,0.008,12500,1751997039,Yes,0x23e07875d0da1f2adde3a3c84bc600333687090ca806434ea194ee95755d2111
BUY,0.992,25375.68,1751997021,No,0xf5aafedfe992e74b94d61ff4b36254f97ed33655d561ed8844514604ca3d2f3e
BUY,0.008,12500,1751997021,Yes,0x0df11ccb19e94a4079c03dc3bcbdec208347bc2d1260a1d608728b219adbe158
BUY,0.009000000009,111.111111,1751996965,Yes,0x48c8bd23d962590307095918d94bdadef15c4deddf5ed587a508b13a6c989d3a
SELL,0.008,215,1751996961,Yes,0x694f6a9b7979d74954aa5d90f6d99d12e76bdbd0d0b9c36dcdc1b90aff7c8c46
SELL,0.008,500,1751996955,Yes,0x90c77b5542b921b2a479eef4fe9ca616182b3309224fa27e39307d98c7b8bb5a
BUY,0.992,1609,1751996955,No,0x52eebe144368e813628350b095fda6774cb50c09ad97402ffcf56e651cb6eb58
BUY,0.009000000009,111.111111,1751996913,Yes,0xa840b9fac9bd7da6c1b2fb3e93fddae09614d863a2aa4d1c440534c472867d5a
BUY,0.009000000000783192,8937.777777,1751996909,Yes,0xb43787074a1b9eb6bdc01bce0f2dd4d4ac2661c058ae8f9b5beab41eb5ce08ff
BUY,0.992,893,1751996901,No,0x350e34b1fd30be6344c3487bde8d68d72b77d655d803dee8037af318bcbe519e
BUY,0.992,1000,1751996901,No,0x847fbda4e29a43ebbce91fac648ef1f2421ac14fea8b3b4a8c5d764ccc2148d5
SELL,0.008,300,1751996899,Yes,0xcd5a2abe61f3335c7c1fa8ecc13b89a77ce2aa1350d90f80cf26fdc9a5a57744
BUY,0.00900000000495,2222.222221,1751996881,Yes,0x0718c90029c389c15e216bcf4086b1e2aa14446cdfd8299389ce9c9252ee5c40
BUY,0.992,433,1751996859,No,0x5f1b00fb0c18d56dc7089776e5326ea423bff8ed78d9a5f6bca66f3f539464dc
BUY,0.009000000009,1111.11111,1751996821,Yes,0x48291b8f633b7273f3ddc6a9bfe367a3436fff565805a4eab981cc0f174d4849
BUY,0.992,64,1751996745,No,0xe4be3f1423c66c96249cfc5806ca7f61ba9e0e75da0b70cd02d35ab4ea0fb378
BUY,0.992,43,1751996743,No,0x389be7694be995049e279cd31cedcfc8e7335b1c4ab35198fe648222a7df5890
BUY,0.992,43,1751996739,No,0xaf74eb6e1bf52371c2a75e9eaa7f557e30a1c46bb3dc8a8156d9da21dbac7461
BUY,0.009000000090000002,111.11111,1751996711,Yes,0xd4cc5b82b6371b6f09ec8304fa205008a927e0ef1db251ac95b928678a288e5b
BUY,0.009000000090000002,111.11111,1751996707,Yes,0xd48cf64c873c6e531f124e37a7f27a489b391533e45f264389d2fb32e79f8f75
BUY,0.009000000090000002,166.666665,1751996681,Yes,0xdecf68bd5c6c6559bad8e5bd9805f379b4441b7cba188a43a0fb392f7d82f111
BUY,0.992,46,1751996631,No,0xdcebdec79af141be6a5e3bb0723696ee5524e4e0e7cc940baaec8adfcb286911
BUY,0.992,43,1751996629,No,0xfe6b360c440a2c1f0444064f882b479589a710166eb398281a7e7534a9ec784a
BUY,0.992,95,1751996607,No,0x328b6967ea485326beb32a2abbfc1f03ed4726c1f3f4905ab5777bb9db68b85e
BUY,0.009000000090000002,111.11111,1751996601,Yes,0x27cc38d8dc19105d701b5edaa9da0dc302ad91760f71eef1cee65f70d7df5100
BUY,0.009,120,1751996599,Yes,0x0ad35d299edfa6bb1038e5df2b855e1d08d8315533753c77bc7e7587f197b432
SELL,0.008,20000,1751996483,Yes,0x20f93c435100b910b3fcdd3722b4a056313b4dc8abd990c60d2f4c4adf5fd0e2
BUY,0.992,1765,1751996395,No,0x568b8925ca9f730631ddd977e8ec98d3e6821d344f1e5cf31c62e371de7c2158
BUY,0.992,683,1751996391,No,0x67c79c855889b7e585a495266824ea7e283b5fe0d022f1ae1629366b5e6268a8
BUY,0.992,9.97975,1751996383,No,0x30c681e0f2f85b45eb00bd8d7ba4010c26f75dde6245245ad6a866d9d7df7021
BUY,0.992,3000,1751996375,No,0x49db5f714b1f29d25f90c6ac6d098d7fa9d8bb658e03ee193f0eaf6939545112
SELL,0.991,4000,1751996355,No,0x2a904abe37c688dcdd18b62f9cab7fd1ba7e65e9103925fec75770283d53a330
BUY,0.992,192,1751996345,No,0x8aedcfc2c57e0de38894160b8b2db4fe69313d6403cc6cefdeaf3385276b7560
SELL,0.991,4000,1751996329,No,0x09327d720b08bf0c3b189ba2de65c335fcd8db0650d1809ba67e2d33f26ce760
BUY,0.992,9.97975,1751996317,No,0xa85022f90f2594a966af73fb8677305ba0f2ad06c93ff8031c09a6ec2f2e6688
BUY,0.992,3000,1751996297,No,0x67b8c76955fd43ed3ac539b9d9e21395592b3d3791e2e895012a40306122ddb5
BUY,0.009000000009,1111.11111,1751996289,Yes,0x36edbc72d8ffe1cdc8170fcd2cd90bf64706ddb0b643d39617a05f2c71980a70
BUY,0.008,6135.57,1751996245,Yes,0x8d6f6631eea345efda95d26bd3b486a1496b3bfb84d8c8af2790401c0d24cad9
BUY,0.992,69,1751996187,No,0xa14a2cf7d14b393e727288b3dcb95b962dee9addfaffbf2c2abe7a5f01299cc1
BUY,0.992,9.97975,1751996163,No,0x025eea9422039fef4e5ac795fefbf7d24322db6b3791255ee19a276b18e6d35d
BUY,0.992,1000,1751996145,No,0x915bd19cda2dcd6622d7bfe832d213fd256b3c4f2e083a07e3aef5d12306b88a
BUY,0.992,83,1751996141,No,0xf0b66c16dbee1af5ffec1f694540830849b22d006051846b508e76cb4c3d7f42
BUY,0.0090000000495,222.222221,1751996137,Yes,0x54dd30c2fe701d58c8865dd0fd8b5815862bc4fd50c4b643b02fa4f6a55e7b36
BUY,0.992,45000,1751996133,No,0xf64062600acf8b9b5cd30c583e5baad6940db53c098d74a00bc03abd3f0c584a
BUY,0.992,9.97975,1751996107,No,0xd996c5909d11330494666c51f132dc73ff27252349b61fbde300872d435bbc03
BUY,0.992,38,1751996091,No,0x4930f1357bb3e0a43e943842b17e2eb01976d03fb14bcd5e6a7b6c7e91d4d9cc
BUY,0.0090000000495,222.222221,1751996081,Yes,0x24da3c77f914ee2ca49649ab67a35fce353140bc980009a98b36327d4f178287
BUY,0.992,9.97975,1751996069,No,0xe42ab9196668f353ba74bcfb55019cd22ee395fb64064a72b17377dd6d76a0b0
SELL,0.008,36476.66,1751996057,Yes,0xe19382ba4c3e113dfb0ec495bdd37e952e25c24e423dab34260e843e5259ebef
BUY,0.992,3504,1751996049,No,0x105b0bc1606f8b061980cda9ad785957e6580ee7e5fbc60d958101aab3c8baf9
BUY,0.992,58,1751996047,No,0xcc699cbbd5dde33b3f67745d5a74ec5ba95b012728dad56058828763a93aa38e
SELL,0.991,101.93,1751996043,No,0x4b0b40b35289eea8a11320654b0fcf596277abb1264b08b59d4fcd706d5e8d28
BUY,0.992,9.97975,1751996021,No,0x72a44394daca324f852dd41441768041785e45f5675870a4ff465c1d8285347f
BUY,0.992,101.925375,1751996015,No,0xfabc48020275670cc8400eac5b82e5ec79c0d7f53dcbd7f7d0f8e256cf55ba16
SELL,0.991,187.74,1751995995,No,0xbde42c3c1d7d683f7edd2a1f7207aab70bf54f4512d9d204acea1a25ba62d341
BUY,0.009000000000411222,36476.666665,1751995981,Yes,0xef1e8c166b2189d97b2d1ec01a144d249c728cf6aa56f121a5a38be49cae20a7
SELL,0.991,102.03,1751995969,No,0x881d7e58cbf323e6c2a259aefbe32e8f1f0a33aa235a480e722d77438b71fc08
BUY,0.009,20000,1751995943,Yes,0x3ab78f6fbd51e97e62d027fd70d174471fae6f69a8ef400314ad11f4e3cad57b
BUY,0.992,102.03625,1751995921,No,0x268daac7a2d5b3b681f3b3b5517dc55ef33a5dcf8363ee472d26078a6af019f9
BUY,0.992,122,1751995873,No,0x7e52003582ccb43506464ef4d7626699f6bf428e83ed7825cb35e69c82e0dfa2
BUY,0.00900000000276923,4333.333332,1751995861,Yes,0x355c3f8fe7c38fd41ac18efc3677b12b64fc61d791bd32334d518ea92e75ce60
SELL,0.991,58,1751995781,No,0xe48d242fde94e2e835477b43b7ebc5a78b3f0af4fdffea9168a674fb6bb9a5ab
BUY,0.992,146.5625,1751995715,No,0x9019a6723d9e8f2da4869e7b3b9166666d617f945166b2abdf8c8b5497174225
BUY,0.008,19394.45,1751995709,Yes,0xa6811f8beb38c371e640f4d74fda0ed86b4f5bd88f6d3047ac7a9d6d629ef042
BUY,0.008,625,1751995691,Yes,0x9edcadecb96dd65aeb26e859a7b8a67abc21d4ba4ed21ca1b516063dffa161df
BUY,0.993,108,1751995667,No,0x233372630694acb2668a967684034b5f9c19237bb8b76ec95ac824397acb153c
SELL,0.992,101.93,1751995661,No,0x8252eaba0714576ca0c20f7e70e6c683e71de98282e623c0e9b81e5081f1214f
BUY,0.9929999973610254,101.933533,1751995653,No,0x1600ccca2edf30fa4690f3df9ccfed8de6daabb12a8940bc4ee6d420e6a6e732
SELL,0.992,102.03,1751995611,No,0xa528f60d844c5cfd3ad7ebbf3529674ec8063115701b18f06b7f93c72ba7b647
BUY,0.008,2500,1751995599,Yes,0x945eb4d1a65fe707357e7e03d0e867f3a952af4e8d98dd4349ca5b218368755a
BUY,0.992999996726589,102.034238,1751995577,No,0x52f4b1b84b09d17d45a1cc43b734a83172bd0f34d1640f4afa157e576118ee88
SELL,0.992,5000,1751995567,No,0xde70586bb4691fb52cd409f1b4e558b3f33255a4caa37e3e28a176c3eef0f95b
SELL,0.992,3022.5,1751995553,No,0x852f62873d346d63caccb66cddac608b98ead5fe91c57058bb160cce57a617e4
BUY,0.008,10488.75,1751995551,Yes,0x22de3a09a3f9d57967b73def3af2579d272826949d6b25900276818dc5981315
BUY,0.008,125,1751995531,Yes,0xa070938ab24d0c42f7ec24bbd7852be5fc2cbc35e56a5d3178fe580231566c2b
BUY,0.008,62500,1751995531,Yes,0xd5396e5bd7140025b55fe8c14690285204fb8280727a6cccf8a814d1976c424f
BUY,0.9929999971024406,187.744208,1751995515,No,0xc1d27a1608a4dc04ca75ec5ac22e5f021d775aca3d7bb47497b0ea3ca1d19448
BUY,0.008,208,1751995451,Yes,0xb56a711be048907d6e6ad878cb978c3ada57067b3576e4d018da3ce33f2712e1
BUY,0.008,1000,1751995439,Yes,0x09d51f606834e2c98f7da98c416e2f11e95f932dc48e5af69d77c1b9b82242ed
SELL,0.007,555.55,1751995415,Yes,0x56a9b2348874b19c5e68cd5449c509df8146bc8b4ee5439ad1bea9c8edcfb915
BUY,0.008,125,1751995343,Yes,0x4ee4a9d017e4512a23c78ae2574123b996262148b2a7780f6e686bfdfaae7057
SELL,0.992,101.85,1751995305,No,0x93cf6b6e3fc015cfc5c0e465ed4630f69353d3f6041c7848bc490bf6d1f8381a
BUY,0.993,76,1751995295,No,0x600ff4815ca584ee877f83019b71111e5b795e6873ddd865b0de1399eee43be2
SELL,0.007,26632.86,1751995295,Yes,0x2030ec923346571c0de66b902d9e424c396bfe00c9d0417cbc4b78958508ce95
BUY,0.9929999978694779,101.852969,1751995263,No,0xce255e886b42e2d0a880dd13d45d4093ad14c3611850555361e0593ec6b5ed98
SELL,0.992,101.96,1751995253,No,0xd275cb987bc196a3e7d2504516793bcede06a333bd33c63c96c3d7c201ea1abd
BUY,0.9929999999803851,101.963714,1751995245,No,0xaa45c683d26df4291ba2d71225b0f1e93496ea3c6dd5c737c0bea70153c16c84
SELL,0.992,450,1751995219,No,0x3c383cde22590f47d93e9569ceb614d17cb2bfc5a6e22ec6a19579ec2f87d4ae
SELL,0.992,1500,1751995219,No,0x23846ca94ab4717517fa2f09516d77cc36a3502c679bc86f9c00d0cdfcdb0317
SELL,0.007,1000,1751995145,Yes,0x73cffca32a32824b6de1cfe7a523aa59030a472b93deb782a5e1b44ae1f09ed4
SELL,0.007,10000,1751995131,Yes,0xd86ca90d77a9b20ba32df1cd0adff711685a0cc6cc21f763e7a98659ab20770d
BUY,0.008,12500,1751995121,Yes,0x4dbbb5afe989209d7a53695118e512ae876d93023cdf26340f8b4f1ee520858a
BUY,0.008,500,1751995097,Yes,0xbe3c816ff60d12b055dff68d8b0a2dd304fe792c83edfc66fe0ab79a7016c810
BUY,0.008,1250,1751995019,Yes,0x0d23299c1611162e48f4543d9bc6ba26f1c1bd1b68362fc8ef3b499e3f9a6cfc
BUY,0.007823762856740604,31953.93375,1751995005,Yes,0x8259113aaeb5a40ae6b278b4000a7f40d434ccb42dd2f6d96141c9deb86f9a00
BUY,0.007000000042,142.857142,1751994975,Yes,0xc30a3be7a38e94077bb139ac3fccf821f84274fd93f9759e3cdcc984f0c5d525
SELL,0.993,3000,1751994953,No,0xd8ed1478a2d41ec6019d4af892c046c18c7acb1973f3d3d48eeef8eae7d24747
SELL,0.006,221.72,1751994909,Yes,0x94981eb7c371f88424f82e73d2b68e55630fab030c6c0d04428d20da61574d03
SELL,0.993,101.83,1751994887,No,0xf993bca1d0bf240690648ab0ca2e18532cf9c4391ea20242874864ef2338a342
BUY,0.9939999999803596,101.830833,1751994879,No,0x15d61db64d8335021d5d64aa20384b59f7d6f315c9aee6c5f19d5e7d807bf24d
SELL,0.992,102.04,1751994845,No,0xba139311926416ad12cfe2146764f671be5cf64c5d603422beae46cc84b0d4f6
BUY,0.008,2897.5,1751994845,Yes,0x1c83aefbe5feeb961f3d51d6ffca530e769ec9385f3ba62d7dd6c1d217373efe
SELL,0.006634409576436657,15671.8,1751994821,Yes,0x35527872ad7e9de9b83df80820bd068ab9a261233f399875a76110e984de8dfa
BUY,0.9929999999510016,102.044285,1751994819,No,0xcf58f983131d6eb972cbaf7b857560cabb196912c3ccf80ead7cd066e046737b
SELL,0.007,500,1751994781,Yes,0xa27e5fd4eb9067f2cebbcb7f947bc444ff590f26b2230e93c4c5a247be45a49a
BUY,0.008,125,1751994723,Yes,0x9430cb7bc98e80481ab80a5ce5f1d1113dc36d5cbb0305ddf414657610674079
SELL,0.007,1400,1751994705,Yes,0xb07ce811fac34c2db3b0346a41398e3afd4920322e74c37423b7a1f410b3cb00
SELL,0.007,4982.26,1751994671,Yes,0x56df2b06b69174550139ec862f3cadd0f147e9d7d926d0764f14d0932b40746a
BUY,0.008,125,1751994657,Yes,0x3e2ca60403ee50ba0f2bdf3879475354adf7241fc779981825dc2663a1c1bd0c
BUY,0.993,2931,1751994629,No,0xe1ecfeece1649d7e2efa41a287572cfdb1ca3c96eb2597470ffdbb966fba9f80
BUY,0.008,393.75,1751994627,Yes,0x1d8b4b08457f63085d8543978a282a710c63291e27a7ad566bb19e11c0cc0056
BUY,0.993,10000,1751994617,No,0xb5a0a9031ae9f7cb9c6d00459a55f1c03cea1b093cd5b9bc879a8fdef96ef06d
BUY,0.008,587.5,1751994609,Yes,0x660345f9a418b153c12c99d9ab1944800cc1a2d7113415e7e483c28d02181ec5
BUY,0.008,871.25,1751994567,Yes,0x6e42400085934e75fecce25e1db8a5c42b69d1a27536592ea72e28b73d5c4903
BUY,0.007,1822.01,1751994501,Yes,0x43acb1f92cb1c8e1078e001acdce188bf89818ce9c858ecc09c43bfcca4739b1
SELL,0.993,101.74,1751994497,No,0xcf6de53dde8f92cce9834ab8b1141fbe15d9d67c8744028ea58dfa93cdeecabc
BUY,0.007,96397.82,1751994493,Yes,0x3610af00fb89d9877029dec3facb0e332179273b7bf0f43087ebd23d6ffe4c1c
BUY,0.9939999999803422,101.740333,1751994489,No,0x2a0d4c86230fd7a9752258ab1ebd130f6df259c25148b0e1f03bffd23d552bf7
SELL,0.993,101.84,1751994481,No,0xa2bda3ff645206d2396e06f609a8c7254c432c3b5d41d0d010c6023c30bd0390
SELL,0.006,4880.52,1751994479,Yes,0xd65023669f889f89917a55ca788bdea7069eacf51eacace2907f460353361a7a
BUY,0.994,101.841,1751994471,No,0x7c31c61d5b24b03a43270c65d9bb4c01ceabfcc61ae6140e31a01872dc5b4c9f
SELL,0.993,8000,1751994461,No,0x3f98e37fe4d49c6f73b05e824efe9a7830ece365b28c7cfee587f9920f704b18
SELL,0.006,1321.91,1751994459,Yes,0xa002ec563832fc204e04304b8e86f4f66ee826df210eef94c29280c3efb1a58f
SELL,0.006,500,1751994455,Yes,0x5b97aebece44401b4bdb7f3559f0b1e510ade0e0f863a59fca7a0a4d4a57cd09
BUY,0.007000000091000001,142.857141,1751994431,Yes,0x619566d566a19763aee62187b5d3f3f3c7b183d2cbc963a07882f7eca8210817
BUY,0.0070000000175,571.42857,1751994413,Yes,0xc191bdcbdeff9618be911d3746c750db85d78933a4796937ec97f2233e9d7b95
BUY,0.007000000000523098,21028.571427,1751994397,Yes,0xfa3e6adbd568fcc1677f8c685e295b467ce82d8a91a41129f2b8c357d524662f
BUY,0.007000000001166667,8571.42857,1751994377,Yes,0x1599f8178ebdf192e7842ec3568a660d87b9d2d6f95e33ea775a428d26e2b3a7
BUY,0.994,3333,1751994371,No,0xbe0e5b0e746f92b8a6f30d933b75e7fdd68f77bdeb4868297200f7295af6ae84
SELL,0.993,200,1751994369,No,0xb3154c2b8d750e2b55bf3379c1e31ea69fbf484208d0368950be84121bb637e2
SELL,0.006,7991.65,1751994365,Yes,0x8bbe9770dbd7a2c3788868ef63f1b438cf0c0fb8aabaed2ca5e4be4260d4149d
BUY,0.007,197,1751994353,Yes,0x2e38e36de50f716538ad78d9e9faab4c4b25fce89a0697bbdaacf72f5819524f
BUY,0.0070000000126,714.285713,1751994323,Yes,0x7ee71a8c152b12e2efaaebef02198195e5fe35b6a5151e79b332fe98a726d140
SELL,0.993,4000,1751994313,No,0x464b87865aafbda12ce0e3eb43b1faa9f56798c5a999dad064efdb1607fc3704
SELL,0.006,2788,1751994279,Yes,0x3bfb0c82e11428619b04811c2791385d74c8f448a6f3c131fde1e6e3e2370797
BUY,0.007000000000180853,49764.285713,1751994279,Yes,0x02fb789ddfb35e4102990bdd74d71e2d25bf26a8c61e390355d52e5303beaedc
SELL,0.993,1111,1751994273,No,0xfd405732e7121ea931395da1f458981b9902edf561141eb87598b112bc4c0368
SELL,0.993,101.82,1751994183,No,0x4d0b272601969a6ca3bb8e321a1714e984b447e335ea45a6535b623ceee16d69
BUY,0.9939999999803577,101.820833,1751994131,No,0x6d991f83a30f8f6dd5ad08c25b18e19426f9405acbc76b9e7a7cacfc412a4529
SELL,0.993,101.93,1751994119,No,0x8ebf52e023b03694f433be99c3f138d8fa4c6859d91065ec19f958eb4a49455f
BUY,0.007000000000056,35714.285714,1751994115,Yes,0x318f199c7eafcd609ba873c3934896a273e03457e1e9c2a2f98a7122b844ff31
BUY,0.994,101.9315,1751994111,No,0xfa58406abd9f6485bfc5b0480f2a3f397dd3686eeeb304da9bbcce5194324e0b
BUY,0.007,7000,1751994057,Yes,0x522a713df7fa322af67b6468e4cd6f11cdbbc2baece81be0dd89e1e9eaa807e3
BUY,0.007,150,1751994047,Yes,0x2c56ca9328516178a49d01a4e73ed42a787fb0ea21a678487d92df83951f3c47
SELL,0.006,1500,1751994029,Yes,0x5d8a2192a7cea0f7ec14407e08e0c85536e6ce0dfc62cc41941785f418da4a00
BUY,0.0070000000006145745,1627.142857,1751993999,Yes,0x40c9ec44a82fb089600615336afcde2da6e0550041fc0df5b62c9c5626352fa0
SELL,0.006,500,1751993989,Yes,0x9360d15c3d53dd6d3949a8a6c8b9f9260d7a81c600f402db5928f7662c8105ed
BUY,0.007000000000067307,14857.142857,1751993989,Yes,0x476f06931abd21fbd74d6336a688d1891384ad9e69d40ccd3185d875bb31a587
SELL,0.993,750,1751993893,No,0xc9e4d2cbd35b28a71b0e1605b46a5bda89db7f63f89eacbb29468a053a2d4297
BUY,0.007,6250,1751993875,Yes,0x1c0667e0980dd1e308bc6fc8650a319ec95ed2380bcddce412e118eb2d4ccad9
BUY,0.007,1000,1751993867,Yes,0x7e994b5175689425e315e20e67a89bc4656dfd1aad5f7017e66c920fe71e80ae
SELL,0.993,10000,1751993859,No,0x1fbaf7e1ec2cdd1aa8305fbed1323c5c27237cb31300cccb4b3176b94e25bbf7
BUY,0.0070000000028,714.285714,1751993843,Yes,0x27f55cb1d6eacfa8060bca0b2fa7295fffed547cdec68bb54be3d765925e8f57
BUY,0.007,90000,1751993821,Yes,0x29a61310ec758a8a2ac9b764ff733ee3d8bb17226eba8e12953757af89b83703
SELL,0.993,101.87,1751993819,No,0x91037ad0173c4fe1c01b25a45dc89b5f06e5ccdfbd820f7c312d13dc73256199
BUY,0.9939999999607347,101.871166,1751993797,No,0x4f4a690f25dd3c055e48eb6ae1baf1e099c8845abd9dcb366d0d945b6953e30b
BUY,0.0070000000038888885,257.142857,1751993791,Yes,0x22010ccdc2861966ceaa22bd2f3114551998f8c27850e67c6bbd4cb9b39f5847
SELL,0.993,101.97,1751993787,No,0xc0924b9aba6931300d93e5f9389763e84c9daa91899805014bd153605dda4979
BUY,0.9939999999607734,101.971666,1751993775,No,0x94c6b7cbbfa6bcea7c59c69c9ec1394ae000d0ce5741573b045cc6185f176eb6
BUY,0.0070000000224,178.571428,1751993753,Yes,0xb1bcc5d0c2960f15bbaecfabac14ef4a0d6dfc383456e342dd5d98167334800a
SELL,0.993,3000,1751993739,No,0x35b4eb8ca9a872e7627cd69e9aac455ac4675427a5d8015b412cc90d8be61d78
SELL,0.006,8500,1751993717,Yes,0xe416468801bf6769112c35141c9475afa20d281865dc83b7e01695d1da688edb
SELL,0.006,43.47,1751993711,Yes,0xe3fba76fb3ab83bca41401fe8ba3be35bf12bd8eb891f3497feb458b88c9ad21
BUY,0.0070000000001202815,24941.428571,1751993681,Yes,0xf29294402cd8c11262cac0843f7c0da2ea1ac49309b8fec3c23c9cd39d64fc59
BUY,0.007000000042,142.857142,1751993617,Yes,0xf0a518b6f78e0a30be207f6d2f9f0c2880304afe4f09413916f595bdb011d7aa
SELL,0.006,5555.55,1751993607,Yes,0x9fccd2920a7fdcf549ea976dfdda01a12613ca5aeb01d497c47b1032672e1772
BUY,0.007000000042,142.857142,1751993587,Yes,0xe1eed809d95b4d509e3b9c713f4bb6fdc9aaa6e069f86f0fa8b3ae1a0f6c3d5f
SELL,0.006,1400,1751993537,Yes,0xb2827f255bc6086057bfb721cca65b48867bcd674d5293093cc4e88eb54d6a34
BUY,0.007000000016766467,238.571428,1751993473,Yes,0xc1ab2635466ff96a5bb202a711bc6b2fa562db9e84e8f6f26154e741b18e451d
BUY,0.994,10000,1751993431,No,0xa26e398c004c51dd17cfe04711f3f4f3c575ee9bc51aa5d3190a11887f3aee86
BUY,0.007000000000383561,13035.714285,1751993421,Yes,0x08cdd0e25130eccad14d296994523c35861b55707ba75fa4fa945c4dfa7efd4d
BUY,0.007000000091000001,142.857141,1751993413,Yes,0x64fe95a60d3560f03bed39087078f9219e13049b8d79f47b83a6dbd87446fbb3
BUY,0.007000000091000001,142.857141,1751993413,Yes,0x8156231a46852afc7f85015a4868342cfed1886d573ec00557c371269fc9a163
SELL,0.006,5000,1751993337,Yes,0x763639b9ce371b304487efa101e612d48e358be0cc68308cc5d5a60bab504ee1
SELL,0.993,101.85,1751993267,No,0x98a6d976a60bd45458e602cb33d24f68e37a46d62bef1672f6bec0434236ecd5
BUY,0.994,101.851,1751993257,No,0x90ff4f2b68c5509a217f0efa931eff090940184bb1d75825b86598ed10f2394c
SELL,0.993,101.95,1751993249,No,0x09a283959186afe6128b3ccc7eb7b7e3062454893466542119548035d87ef23c
BUY,0.9939999999607657,101.951666,1751993247,No,0x508dbdf0ef7613843b1029f4e1b39a6b76e6cc978358caf91ac0c8e9eec29edd
SELL,0.006,5339.99,1751993233,Yes,0x7d64524be16af3342fc9bbf17b687fcc082de44a2f10c16f29433460abdb832f
BUY,0.994,116,1751993223,No,0xe59e4dc4cfcd820ed239dd33fd27092b0b96a0d95a079e2ec630d05b759bd0fc
SELL,0.006,1150,1751993205,Yes,0x3d4c46263ef723a9cb0b121aeb727da57074e84aaaf34a809849f0856527e827
BUY,0.0070000000028,1428.571428,1751993199,Yes,0x6086142cd7c9e61641fcf64eeda8fcc1dbd30b372f03e0c19e36dde84e03666d
BUY,0.007,10000,1751993163,Yes,0xcebabf1085e78190e25b0cb24cc9d79ba65f371a4bfee79dbf27bd6cb1c00c3d
SELL,0.006,1280.36,1751993147,Yes,0x5b7b9d7dc2177f36477238c0513664c3d6f826f455f0faf46ac101b55e77367f
SELL,0.006,20000,1751993107,Yes,0x542aa240927f2d24b73dfb586738a43522deb9ed21499ee0b1e1cc88c45bf6ca
SELL,0.993,1477,1751993073,No,0x0fe96d2c40d79abfaa3141d87f4953926cfbb31a57d301ba02ff4062cf82dd70
BUY,0.007000000000105,28571.428571,1751993019,Yes,0xade515ac28c78e5286829ca0290d358027c8bafc14159bbebdb00a7c02c437f6
SELL,0.006,13807.93,1751992993,Yes,0x9c8e3b083fdef9823d01b778292c5a5b8f0bc5ef25b8256efe2b249bfa6b9bdb
BUY,0.007,146531.26,1751992953,Yes,0xf5c19cd91f6c82c163830ad4d5462bd244d44e7a8393ac32c71c4cbf02a97539
BUY,0.007000000036842105,271.42857,1751992875,Yes,0xc27105bc5de030df39a044c8084a4b63a3a844dda934203a540358923ef84bf1
BUY,0.0070000000126,714.285713,1751992873,Yes,0x383489de355c1104bbb02171b864253266a545fc86cd2b0ed5c8ca21fea9e414
BUY,0.007000000091000001,142.857141,1751992873,Yes,0x2e4c3ade13768249815f42f5d3b16d07d307803a09f33802eb32366ac0041f10
BUY,0.9939999992047976,5.030166,1751992867,No,0xd98b3cfe36e2f3cb06d452929f93ad81d66dc9c1b9c5fcfb9e057e23eb764866
BUY,0.0070000000126,714.285713,1751992867,Yes,0x04e78f2e678f3df689412804eb296bd303cd730c2a66a218232a520f0cfe5106
SELL,0.993,1,1751992861,No,0x515fa8c50d7d2177c8d7ad4bd595000e7835856db5f3003a5f15cf59477a0c7c
BUY,0.007000000001968302,5588.571427,1751992853,Yes,0x7f1a4742f72b5d36fb1d698c679f81cd2b44de78371c0102d366bb81ef7553f5
BUY,0.007,7320,1751992839,Yes,0x53159e12f604e4178e795461215ab995d3f533aa98a98602a9dd1d7bc39c6a58
BUY,0.0070000000028,2857.142856,1751992821,Yes,0x722e95f3316915ebb63761335335f3142ce11759469a4e7d8e5627539828635e
SELL,0.006,6114.32,1751992817,Yes,0xd67aa8245af6493bfc091d9f2d06a5184ce3b8c6172660c68a06ff0311739dc8
BUY,0.994,1.006,1751992815,No,0x90f0c802e58219cc8ff09daa73a71fff943dbb6b8f725e4c2f0a77d89fd1dd06
BUY,0.007000000091000001,142.857141,1751992799,Yes,0xcc6f638456f286864725517f0e15f42ad2216a9fa9558793edb65e91192ce438
BUY,0.007,2800,1751992779,Yes,0x25ca891a498819e3f9a09e987769282d9b0f021f59bb4429fc2cdbd39f6394db
BUY,0.007,10000,1751992771,Yes,0x14f70828985c4b95cda4e425ca7b05043a642e918fce83474326ddaba6d39ed4
BUY,0.007,1000,1751992749,Yes,0xdd051b0a63ade12eef84cb23b32747a49d586cb0d03e5aa6fab06e014cbead37
BUY,0.007,3000,1751992749,Yes,0x4431cc5e027c338b6f5586bd9ab75303fd8b3dec256d82535b1df1ba31f9c132
SELL,0.006,2148.61,1751992747,Yes,0xd028a1fa080bf6069b38eae37fcd709604862f4dcad586e10d5009609d42af9b
SELL,0.006,20000,1751992723,Yes,0x61e5b5b9f9977fea89b538d42d6eceb329e64440f7d72a2986228acb073022b8
BUY,0.008,250,1751992709,Yes,0xeb99d600ac4327b6dfa0a918424ba4bd5f5055f704b641985b61389332225864
BUY,0.993,142.86,1751992705,No,0xca41d0f64b660ec524cafc3011d7772104f932dac48ed2205cf3552496103c13
BUY,0.007,103752.6,1751992691,Yes,0x9559b39952d51d27c680ec0af47ebd8a1c5edbff0cc98b659aad1a009c9f66f0
BUY,0.007000000042,142.857142,1751992689,Yes,0x3d993cd86bd7dc25220718526e44753b10164809c7a7de30eec0a3b9fbd1cad5
BUY,0.007000000000225285,26632.857142,1751992671,Yes,0xa6d84c8c9daef9a7ebee49cd7d92762f7af5a57e1e593d068bdecd2d760d9cdd
BUY,0.007,150,1751992635,Yes,0xa74a86d77110cda2a24cec20d9597f209dc77043d284b452f4bb64c0740b6f5c
BUY,0.007,10000,1751992617,Yes,0xbdd5ea56a45f193e17ae8750226c965f0e36b6812234950334f14b7cb230a640
BUY,0.007000000000085175,35221.428571,1751992609,Yes,0x0ba1b6a190b6ddab374dec93b01fbc0a98bddda95aaaace32caff9f34fcc40dd
SELL,0.006,882.33,1751992593,Yes,0xe788ae43e4efaaa812bea5de2f488fbba29c7ec7cfc3a0dccd7575fd79a3120e
SELL,0.993,101.85,1751992583,No,0x79412498941d20de90f3bd56fad72b8350da87e0cca6289bfc02294762beac09
BUY,0.994,101.851,1751992551,No,0xaa2781e66002d7f416db2a371cb8400214d5235a0c3fa2ead00f2ca387805b65
SELL,0.993,101.96,1751992513,No,0xfb32d0d33d58c8041c653c0b960ef020d0bd1f170ffe513dd3f01dfab8417947
SELL,0.993,500,1751992509,No,0x60faf2ec3ea589e8d65be4718e474af6d6e7c1043aa27d2529e47dc5b2d6e75d
BUY,0.9939999999607696,101.961666,1751992499,No,0x131133fc5b87836faef800f9fada9bb6af09792f6e63a08cc8b5ca7ea1fab269
BUY,0.007,1200,1751992483,Yes,0x2498b06dee3312df48bf250a6ae5a515fb703eb154b7c22c286f908251c05017
SELL,0.993,7.57,1751992465,No,0x0ee12002d734a66bd1fdb886125fed891a36b68d930ec73fb66e7c17a1c2c4aa
BUY,0.0070000000028,714.285714,1751992397,Yes,0xf7b468f15b4c7f68b52ad2d11ab29a8fb8f53b6cad50215ed459f7202e2eab28
BUY,0.007,6984.95,1751992387,Yes,0xb416e822bbbf08e33ea262c98da87e1d2a61fc17959e44d74b1c425c17009cb7
SELL,0.006,5000,1751992385,Yes,0x3d5bc6e91d07bf52c775e54fb5df2dd9818bf3a2f252b482ba744bbc432aea5b
BUY,0.0070000000126,714.285713,1751992311,Yes,0x9251034e0bb84ff6fd1909942f47b32554401c38d4ca5f708d017db023a278df
BUY,0.993,95903.85,1751992291,No,0x389787bd04422f9f70bca61e40a73eae7d26c7221a1bf10400ffdf76d920af48
BUY,0.008,10000,1751992289,Yes,0xc812dd96a9459ae4de9681cd5b2cb2e3443836992a7f01ded1845edb2f5e936e
BUY,0.008,250,1751992261,Yes,0x4a5b193b0ce370825562fdd09e8b0c2ab4787ce3ee317537a9fa9c2b6a9a4a62
BUY,0.008,1250,1751992235,Yes,0x145811b9458489927c3039b77e975185a1a126f87dfc23d34bd977cabdc423c9
SELL,0.992,40,1751992201,No,0x700f57878e76a8ba523a29ed1276c492c5e8db14c6422adfb0b44c6fb12f6f4b
BUY,0.993,50,1751992153,No,0xfbd48fb8530009c4a147384bd08b5bf17d0f33c8e5f84fc2302ce21cdfa77991
SELL,0.992,5000,1751992151,No,0x7e4a91858af6433d4fcc8c84718607591790d5d91a7c3426b3482aa88db8cc96
SELL,0.007,2261.34,1751992143,Yes,0x35bfea6cc576f7fa0f821845d55b5aaffe1b0bac91b157d16f3a7840bafa9dfa
SELL,0.008,6951.66,1751992135,Yes,0x1a63c61db3362c12b7d128af60ec6e9a35796814645840e94acd21d43d7453a4
SELL,0.992,5000,1751992133,No,0xcb9269ee16808b843f10d86789bdecefff692c69390862648fa43481e2e6131e
SELL,0.00703640235258212,34338.44,1751992079,Yes,0x8e9296fb45da97f10030a9ed33303368e90a8c53c13f96106a61b4093ac69231
BUY,0.008,2000,1751992061,Yes,0xb023fd0dcca48713b8fc5c23df9b04930ff95e50396ba26477078184c6c9d6f5
SELL,0.008,55.04,1751992047,Yes,0x1d550fadf723d42734bd5df775bd3571dede6862e6849b6dc8882d91cecefa66
BUY,0.992,2000,1751992047,No,0xc07bad3210806a7b306cff365caa74625ec00d1dfd89fa3d44c72186890f7d4c
BUY,0.0090000000495,222.222221,1751992033,Yes,0x6d8f14b9b48faf0d969fe6e252055e62591d950e2e38f2f086489ffe647c089c
BUY,0.009000000019125,888.888887,1751992027,Yes,0xdcc25461188865f110bda85619ad1dae6115ef7a69871dc66c64c48ea87014e3
BUY,0.009000000090000002,111.11111,1751992019,Yes,0x242952a8a4f202cc9ac86dc2cdc8e6c38ef1bed88fa436de72a25369932cd4d9
BUY,0.008847612598332366,13124.444443,1751992013,Yes,0xda503d9845745b1cca41a98c36b70bf15a06c802faba8ff8afcc3da824ac9f6c
BUY,0.009000000009,1333.333332,1751991957,Yes,0xd5c9b75fbf2a51d47ab4481543db457bfba4ddc257ac34029855d3676f3aa294
SELL,0.007457463420262044,240959.9,1751991901,Yes,0x1c187e7e1f49d85323b171fe6c4ccd02c89590e54dc114bb2978a48c2d2cc113
SELL,0.008,1871.25,1751991887,Yes,0x9d9f79e6a40f4dd6d86755facd48af9d14c447675878aa63c9f2a5b5de361fe1
BUY,0.00900000000124468,10444.444443,1751991837,Yes,0x3fe11976d87f3a86319afe00d575f2e7b7abbd0130381b91c5a44cc97d2cc030
BUY,0.009,710,1751991835,Yes,0x550a26c7a45c80dcb6e63b2cfc14a574f695e8f5bc6a786aac58653de5400bef
BUY,0.009000000090000002,111.11111,1751991815,Yes,0x3d6f9253985e0b6472943cda08cd413b5899f5aa00327e7d2717a68c249aadcd
BUY,0.009,1120,1751991793,Yes,0xe450a94b97a6a7251d165d507bbd4794842c5d407e3564060284051145a57060
SELL,0.991,17000,1751991769,No,0xa7ad29c53996229754ed20c215c237f01ac2e16242e3a130c78651c31ed6e91b
SELL,0.008,1567.45,1751991761,Yes,0x1688100fb14fb4d1ccb8514c8e8e6480246060c88093675af41b528d1c91cb58
BUY,0.009000000000495,22222.222221,1751991743,Yes,0x3317fb5e931180efac201cc4b275c1f88fdc4d72ba243cfa114b8d3b12eed972
SELL,0.991,102.03,1751991725,No,0x17158a70c44cdbb513eb6793392ac382beb106abd294881aada75b226d06001d
BUY,0.992,102.026125,1751991719,No,0x41c2ee1cf1b90b0ffa922b1ffc6078e29eb8f822965352650524b75368f9cf84
BUY,0.992,300,1751991683,No,0x83eb3dc6a7aca44b32091016e88d7dcde145b6b8dc218c9e251dd792e2c4523e
SELL,0.991,102.13,1751991621,No,0xfac2a60280a49b19768c566160fffa3f303d6bb18d72e104b2f2a26270b1b03b
BUY,0.00900000000495,2222.222221,1751991595,Yes,0xaa62c89ececa3e4dedf77ff709da8919c06966c1331c6a591f3ef391cc14f8a6
BUY,0.009,11000,1751991581,Yes,0x00532e93c02280676c926517fc8290aedd4dd68f2ef5e7cda6701de9f2772c83
BUY,0.992,102.137,1751991575,No,0xd377233adcaa7e053b2fe67a6120804d9c855f393b73ce9f6f5e12b60ed04b21
BUY,0.009000000090000002,111.11111,1751991573,Yes,0x104ed0316ffbbbaa96d42cfaa2b348f311d2087272a8147df6e1ae152a914968
BUY,0.00900000000688569,2468.888887,1751991547,Yes,0x00f9b2bdc12688bf2ab03bab18d327d461da303b44568359d652f870267527a8
BUY,0.009000000036000001,333.333332,1751991491,Yes,0xe13c4315df7654d7fe102bd98a9f2ee182a3f17e34320f2ff320fd65992db50b
BUY,0.0090000000252,555.555554,1751991439,Yes,0xdf0097edaf5292877535420db7aef0145c21026c79f1030c90945f31cbc485f9
SELL,0.008,5865,1751991377,Yes,0xe04870322bd7ee44764a8b73f5166cb2b9b759f0bd72a066615583e8f8f77093
SELL,0.991,102.11,1751991373,No,0x710cfce49445faf2ad4c2bf69cf88416d1b020f357726cd29e9603dcc3b283ad
BUY,0.992,102.10675,1751991365,No,0xd5c593704406c124696763b13a50036faed078fd90443b6ae222b92137fcc917
SELL,0.991,102.21,1751991345,No,0x846d0086ed1329ec9b06e30cc37f5e293deca51e57ba75977e9592eb1a16926f
BUY,0.0090000000252,555.555554,1751991339,Yes,0x9f2988cdfd6b54ac21c9f315c6a66dc4edfe8c879edb3c7bbc09a929564d4914
SELL,0.991,400,1751991303,No,0xa689862062b5edd6076fecc987c67ba49027e96c259410ff6d8258f7b6468f4e
BUY,0.00900000000495,2222.222221,1751991279,Yes,0x1f45ced55d25d022a898c643e2c985f23621d4af9eb97faed4b09aaae2bb8f6c
SELL,0.008,555.56,1751991277,Yes,0x706b1aedfb8133da5907de297b6d17d9484e18ce16c3d4850fdc41ebcad2e630
SELL,0.008,6459.66,1751991275,Yes,0xcee38359f87a79cdb0a54315f1a67536ec0d92b8b0597d80ac61ec81b54bbc53
BUY,0.00900000000495,2222.222221,1751991271,Yes,0x53eb698c50278fb83fce7e5dc3f6b0c4ecd50e093d2ac97b34d8895df4216ec9
BUY,0.0090000000252,555.555554,1751991247,Yes,0x08b49a0c2759e481b64f05fcc73c05e75d9a4b64bf35eea70a36d1580f2d776b
BUY,0.0090000000252,555.555554,1751991243,Yes,0x66bc744d78fb23d3fda7b8bdea315eada801439609be964d5d049bf782b80441
BUY,0.009000000090000002,111.11111,1751991237,Yes,0xc782e07bfc064b38997344dab68d250f9548484ebf8c07c3dd51b2aac01d4ca2
SELL,0.991,1000,1751991211,No,0xd6cc24c4d35ffed27c14c8bc591728b09eef66d614b16ef98833be50599f2b91
SELL,0.008,1777,1751991193,Yes,0x5bb37861e615e817d9d16abe847b26395435aa198e6df4d4a66f703b58a76398
BUY,0.009000000004681404,2563.333332,1751991183,Yes,0xcfe903f6525fe79cf18eed2fa61c16ea54d205ceab68cbe56c7dbcc8b34eebc7
BUY,0.992,102.217625,1751991169,No,0xdee5397a388cefd43e1b419e213018ac3d4c5432a210d0c34a0021751fae4a09
BUY,0.009,1400,1751991049,Yes,0xa7f14166f81c5216264176ff5fb16d47de1b7ce968b2249358c1c136f5713dd3
BUY,0.992,21,1751990979,No,0xa063e8ddc94bda5407a853c07c4dc4c4bd8c6f307d5620170e16ab5037db87f7
BUY,0.009,9889.72,1751990939,Yes,0x360810a38bb280ba726c648fc31f4e209b039f688bae05152b6d07ee2162e0d0
SELL,0.008,1418.2,1751990925,Yes,0xad8f8ffebcbbfcb4107293ba0c489d183c2e0ef0153f3358fc43b132aaab7c97
SELL,0.008,4444.44,1751990921,Yes,0x0ed5be16be195e17443be74d7f80cce39d5ce9148b0a8bf2613daca05c50f2f7
BUY,0.009000000019125,888.888887,1751990907,Yes,0xbaab29c8ff03523587f8cd08239b70d72fb4ba7ea8d8a31db4aaa60d87bfa982
BUY,0.009000000009,1111.11111,1751990895,Yes,0x07f2004ddf157febfd760b2c4bce5caa19481df9f8c059b129196381cb6b25c0
BUY,0.0090000000009,4444.444444,1751990891,Yes,0x4a219e8d10c8dcf1a9c00a630e4bc22873bbe98838b42a4cdf17798b1dbb37cd
SELL,0.008,11900,1751990889,Yes,0x0d9c9104c76fd1255d62dd43053ac3aaa1f1bd87ea553c9db2be929296198a6e
BUY,0.0090000000009,3333.333333,1751990885,Yes,0x36bd9300b58d86ed736a6327aeb174361088a86790e1976f87b7b6c7a47f71fc
SELL,0.009,223,1751990815,Yes,0x5ad9d56ecf6b7024ca4d9317c056fe407e33839d18b60a94fc63859a7cadbb53
BUY,0.009,277,1751990813,Yes,0x13ff9c96673c6beb2e2fc8ad1dd8dc8a71a7e6f29b1c7b50ff30887805745963
BUY,0.01,100,1751990807,Yes,0x27a8646a715329a803660af577733e45a06404109ac8b6d355ef9fe34901477d
SELL,0.008,40000,1751990801,Yes,0x0c6e072be0bad122eddb0f30840181d8a67c065c734020762a76f43dbf466693
BUY,0.01,2000,1751990767,Yes,0x978042c1e9c2bd7a85f3f7e90a3ad0f1ed16c7190cc79bb8344e2e28c5500469
BUY,0.01,11073,1751990767,Yes,0x7c99b94be73bef84adcb6f4a7aee82c96863bde5cffafb0ad68f310aeab4b7af
SELL,0.99,161.82,1751990753,No,0xce317afa9fcced8ec823ee43a91c7095672a946d1172b87f9ddf5c1a06cdef39
SELL,0.008,1225.71,1751990751,Yes,0xcd6d467755b45aea8055df5eb276a9e96d34d687011727b4977535626d2c2fa2
BUY,0.009,8312.58,1751990739,Yes,0x08870c45b333fc0edd57b8bb7c406dc083f4243c063be7f07670ccf65d1a7c7f
SELL,0.991,20000,1751990727,No,0x350a45772beed5034c64239a33d29d6d232694c2a8864b004e70becd05ca2851
BUY,0.009,120,1751990621,Yes,0x100f74e2e9eabb676163ca9da5c0788a6ee23c4f8b50d2dbda917c56852cf31d
SELL,0.008,197.76,1751990613,Yes,0x9c2cf0788797a6184a9dc6ca70aa281843f05570213881e3edfca46c5a59a33a
BUY,0.0090000000495,222.222221,1751990607,Yes,0xb51db8b8841ff64cedaa5329b79101da236852fb28f9d216eafb08ae15dd2622
SELL,0.008,23878.08,1751990529,Yes,0x8f0469b4139a76682e3f13d24a850c336b13a2633c566555bea384d729a6b031
SELL,0.991,6000,1751990513,No,0x44b75b961cd46244ca823534aad9879f77d44f5bdfccf1367dbd42b48455778f
SELL,0.991,16725.26,1751990511,No,0x4d7f5b761aba0d647ab694d0f6ee5a939968587f76163278a979e4f7a2d57d0a
BUY,0.009000000000321428,46666.666665,1751990493,Yes,0x306c513a7a117ae5376b185599009396758e6249ac27bc123bfc525afe8b2708
BUY,0.009,20,1751990483,Yes,0x48c3d67efda299974e20ef028e1e8fb36fe045d8b2420a41981e8a2223c99f8d
BUY,0.009,20,1751990473,Yes,0x73ea450c8f6566ec92b52c9160cb12bbdbe06cec12a8cac61f112d85eba97e9e
BUY,0.009,5555,1751990465,Yes,0x62dd351b9f42b591d8d79939e5b31f0f5300ed93acdd2d0aa4eb08e93550a1fc
BUY,0.0090000000009,4444.444444,1751990459,Yes,0x2b473ebc43ac8e994c33f8c3de87f8b31e7d5c649de063f100f6c18a5f49c079
BUY,0.009,120,1751990425,Yes,0x195beef04efb22625b27e9ff55fc6fed195163cac98a046af7138744a05db642
BUY,0.009,37000,1751990425,Yes,0xb69d4c250521eb7be2062a107821e8d0bf420d891a7b4386367ea19a41688fff
BUY,0.009,20,1751990421,Yes,0xa3a407106e37c1cbbac4be7421d562085fde21b19be660a9bb5ce40cdbbcca55
BUY,0.009,700,1751990385,Yes,0x609e94b29046fd4dd9e33ea732bd7eedde5f43978c721862d10a321c237e42e6
BUY,0.009,30,1751990381,Yes,0x1fa20243765b46bc871de8f76f9a1894014442bf925da115987d3517b232615c
BUY,0.0090000000009,2222.222222,1751990379,Yes,0x81adac0120e1b28fae27b634b698d0a601daa73ba479e67de45ce93d492543dd
BUY,0.992,1103.62,1751990371,No,0x27dff6b1b41f891ec2cb6bee866286b7abfb3bcfa7cfec2c5e444aa3828dbf13
BUY,0.009000000090000002,111.11111,1751990357,Yes,0x8d4f8d550c1a51e54bb91202c3b1f37b7a18b556cec3e821f9de1437507c5b89
BUY,0.009000000090000002,111.11111,1751990345,Yes,0xe045a0ea4dd244766b0d65fb22c445fac4fda4905bae17d8b4e7ddadfa46f473
BUY,0.0090000000495,222.222221,1751990343,Yes,0x3d98e5084882bdf6ea5ca9402f744f7d61ae4ab43130aa7e33285594728ea24c
BUY,0.009,44,1751990327,Yes,0xf9047f08117c0e02769c9a68afa76204fc1ff14f503b4ae8f6c0b18991f6fe87
BUY,0.009000000000360216,27761.11111,1751990303,Yes,0x7c5ef7bb80ca728fa38f18486a1422721231b4f850811aa81f27840f17663ef7
BUY,0.0090000000495,222.222221,1751990303,Yes,0x8f36c561b88952054a5cc481a502df5153f856132404e38888a62a2aa1a5ff6a
BUY,0.009,50000,1751990295,Yes,0x49945f2e8ecccc2c8448f68f715f54b5bb1c9c6d8985caf81d984dc0054f9b8e
BUY,0.009000000009,111.111111,1751990277,Yes,0x4b0a9bf53ac8d61454198e9f49b30f97c57f32fc590eee89dc7d47bff16f90a5
BUY,0.0090000000009,1111.111111,1751990251,Yes,0xd4bdd1fe43aa7af78e1128dfad377a11d80f86b208d8b57111b975146c8d4c6d
BUY,0.0090000000009,2222.222222,1751990221,Yes,0xf90094818b8b52da0d6b2e7d232ade48c5526837ecc417ef52cb766b410cfcfa
BUY,0.008,6064.8,1751990157,Yes,0x7c62056bdbd50ab76a8d2e2967c3927f674c9fe55aa9c7b2ce148e648ea6d196
BUY,0.00900000000009,55555.555555,1751990145,Yes,0xf8e3e5a6c6b54831ad6cec9bb97f586c9d005902060bff9785078d670b9221b3
BUY,0.00900000000252,5555.555554,1751990145,Yes,0x7b9a03987890569b0f8f381eec7a3762514bb06acbfb266b148d4fa3dbb04071
BUY,0.008,10000,1751990119,Yes,0xb8bffa9b6296e62063ff6b49a1afd4e1f4a6c51d92dba213eeac421d48924676
SELL,0.992,10000,1751990113,No,0xfaed27bbe7ddcf6f9ae7aa0328a337e14a82b949f4482460bddc92492b61aa4a
SELL,0.007,500,1751990085,Yes,0x3aad1edfb5dad62a177296a31919151c7b105eb94708e2621536dd7186a8216e
SELL,0.992,10000,1751990075,No,0xefa86d4da691469dbddb295f7d71a39ae7fc1ca8cc8ab2fa2f28571825d1da73
BUY,0.008,20000,1751990069,Yes,0x864a08cb5f6898f6372ce58d43c49d36cd696911fd5a562c7777054b0e793cf0
BUY,0.993,354.05,1751990067,No,0x61036704908bd391947fd944ff9f498f71bd9f5257990528470b9fa1aa660384
BUY,0.008,2500,1751990059,Yes,0x927036f7f142127a78e90248a6883828abe398c5318b9e3783fd3fabf39e8d14
SELL,0.992,2000,1751990025,No,0xd14a8a8a02d23ab738e45dbba227758ddd5a24d448198268effbfe140fce4c8c
BUY,0.008,6250,1751990023,Yes,0xe2ac99fa7ffc9d8ab0e3251fd2436987be08a01f17cbd0cef92eaaf13422d8f9
BUY,0.993,254.26,1751990001,No,0x09294d12e7d96f29227ddf8d67a0c0a4de460ccd798da9173f8d25143b1241c7
SELL,0.007,1000,1751989979,Yes,0x8fb4e840e17fd9720401615bab4c79962a558caa2b40ac4a10a50f3b68c16800
BUY,0.008,3750,1751989953,Yes,0xef4275b4e183a97c787165d8626cbfe63fc4ce1d7b79b37d7859af7282d8c57a
BUY,0.008,4444,1751989951,Yes,0xa922d26e3837462a2729a1cb278a3c0d4348852afea8df35cb613e2003c0f2da
SELL,0.992,20000,1751989921,No,0x4357d9d54f8b6367bfea43317ce496d570023ae31f1fde63fb14e3f0ee8d6561
BUY,0.008,4692.5,1751989915,Yes,0x9028a9dac8dc44ff02fe947531aca9507889b43095f1f681eb6e2228133728eb
SELL,0.992,35000,1751989911,No,0x556f4ca07a071014e6c3554cc5dac880e0c16ea25cd878c13f1a7a558a7d3fa3
BUY,0.008,200,1751989905,Yes,0xba985e5db4cc084ccca8312b38af9050a08a15f314b25a1842cc6b1e3d9bbf12
BUY,0.008,625,1751989901,Yes,0x7ab9bb07b1add4fd35ecbb508dc8eee854035860c8af696c3a8a26b96f14d6d6
BUY,0.008,1000,1751989899,Yes,0xe66f4379b88fdb68c13f14ab798b7f152a165f87077a2d0f9a481ed731589e10
BUY,0.994,10,1751989893,No,0x5a5bd2d06857064c2c2b1feac1b2bee58a3c9c7acb49d1002254f1aad7d87560
SELL,0.992,10000,1751989887,No,0x2ad4e16317f8584e4aa2a4b016a7bfa651cefc2fd2d15da6f7ef4be963dad9a6
SELL,0.006,640,1751989873,Yes,0x9b954f508823d498c17b3378fafee7ccc799e089d19dd4b31a6c98129727b777
BUY,0.008,250,1751989859,Yes,0xa8d4e4fefce436ca7458a8c451260c465febec0540b1bb38bed13fd85acaf3fc
BUY,0.008,125,1751989851,Yes,0xcd6954ddbf5ef8a3d51aad1ac2154264dcf7fcfa51ad7ca559262fe2554af98b
BUY,0.993,9175,1751989839,No,0xecef3514f6091808f47598660ba4aa025f59e3a41b54683a63c309248b02f08e
SELL,0.007,1500,1751989837,Yes,0x729408b55914db08deefe5d3c36e3abde51796f2cca23cd252a6d92e76ce1e44
SELL,0.992,86,1751989835,No,0x249a45eb5d14cde520c0a3f2ab79b71c9c057f6202c3e45efecb9c47eb01fb6c
SELL,0.007,125,1751989823,Yes,0xffa7f26097d032d095461514526d1c67ac89cccbab14293346486443af005945
BUY,0.008,461.25,1751989805,Yes,0x688ef5a7ffe39bf92f230dfd3d52bf9dcde62bcca2f444b09d4f5c431ad054cc
BUY,0.008,4125,1751989713,Yes,0x67ec55f54d9d4a905fe790e4f058cd078f72729d1f2d2e126a66c666b7c199e3
BUY,0.008,125,1751989705,Yes,0x1175a7df2dda7a334da2934baf756f9399028011d3554a67f02a7ce207770157
BUY,0.008,125,1751989703,Yes,0xd693cac9138084b8514e1a30b078a8d3fda88446679dc333535b813970846dda
BUY,0.008,125,1751989701,Yes,0xc21a19c47a9b9f3d64be20caac280cc6ba50fa75441989f6ba754a14cb786b28
BUY,0.008,125,1751989701,Yes,0xd571ca1f68f49478831c8c479457f99ee6a338abb2f349f3977eaa933728e935
BUY,0.008,125,1751989699,Yes,0x9c37698725f79e4f501d0b7fa019dc5152d4f97e4c5cbfb67feda5ddfc1931a2
BUY,0.008,125,1751989697,Yes,0xffbf52e2dc1fcf0ba3133d18da1c809f072523411b2153bd66a4ea946deb640d
BUY,0.008,125,1751989693,Yes,0x4307476ea1ce3c29d633842867073e962cf2256ec9530dd9533662a66e97edc6
BUY,0.008,125,1751989693,Yes,0x37967cdd7dbcd8286e7053c0ffab177e13fa6c5b46de17bd2e40e3b471bdb009
BUY,0.008,625,1751989691,Yes,0x3f8e786d3ad775366a7fb09812a3a6bdfc1e17896db3dc6730e23f83a2f000ba
BUY,0.008,125,1751989689,Yes,0xe298ec271c3e252ae834b123075936e7d17747998ca58dd3c4443836cdef7a37
BUY,0.008,125,1751989689,Yes,0xbf56908d0e42ff279755bad5bd4736ce287e295fe18e75b7aab35ff94681408a
BUY,0.008,125,1751989685,Yes,0x784ad51bac8ac0d5336422804805b7e168388b754b1cfc06aba2de63a4e37fa5
BUY,0.008,125,1751989683,Yes,0x983db7fcb9738aa23b5a5097d42ae31ac60dbbc4d81a884892925df9ba23710b
BUY,0.008,375,1751989649,Yes,0x1383d32b126e2ef430d9a255e45cccc7d350cefc8ce71874c722424c5849a253
BUY,0.008,375,1751989647,Yes,0x5210829b929ca3fef064fbc6c1bc02f68b80c38dbe207b5b10d36b3d3b88fd0c
BUY,0.008,375,1751989647,Yes,0xaa41b3b53a0c42c85150e70bd7e88507b2bbac056b42d1366690b913264dd59d
BUY,0.008,375,1751989647,Yes,0x92b71588b5652d6fcfd2a17d6a87a0c676d9fe43fe37237b1070f30992a557d6
BUY,0.008,1000,1751989599,Yes,0xacbfb60e6e2897a32fb3b10a6c8639f61afa186dd494c5f66c4a3cb9faec06de
BUY,0.008,500,1751989589,Yes,0x9895cc4ab5e77a9d6b1cdd31ca24fdc74d7347c82d738b33537099811683a0db
SELL,0.006,1716.59,1751989571,Yes,0xab7e2cb9fa29fb511a1dbd7fc784b5c39a2c8853a6d352d475b6478e50f24d43
BUY,0.007,11508.53,1751989559,Yes,0xc119e6a52bb6bb1e940c1cd242b9f3ebefcd23cba8648b79ee350aa4adc3bcd4
BUY,0.0070000000175,285.714285,1751989541,Yes,0x0cbcc20778dc28b51980dfc066cd9882244c219d681bebbd653a3c3796e7e8bb
BUY,0.007,18500,1751989537,Yes,0x6cebef77523df72bc5deac98894ffae1f431c9992b14e3a8edc69d8648da7450
BUY,0.0070000000036082475,277.142857,1751989535,Yes,0x264e546fb8dd2bea42c31eaf41ca9ca673d79861b300cec25ce01c94ba673fca
SELL,0.993,10000,1751989523,No,0x35d26be9b7dab92f95b44d5746e1d9e29315d4185274a6d0109303cad74f13f0
BUY,0.007000000042,142.857142,1751989511,Yes,0x337d5b3ba62813216a55f104a41e82a52dcc38d4a7d7049e44f0d7da7c4ae29c
BUY,0.007,50000,1751989507,Yes,0x3951f0b042c640239c8bd2ef3f8c5a54e02ccc0a9f54bdc54114b134eefb4820
BUY,0.007000000000622222,6428.571428,1751989503,Yes,0x92bbb92d504a2c034033b9c591c8da17e132d0c06a71ef9ab3d51f725814cf3b
BUY,0.00700000000035,2857.142857,1751989499,Yes,0xa818b1881d92a59095a905b355b8c99a78eef61681d19650c7d04c6bbe38650b
SELL,0.993,5837.14,1751989499,No,0x3c9cad59e6a76b7f1014b1e86a56705ebbd65a9a0d18f3bbecc241ec7aa9d82f
BUY,0.007000000011179361,1162.857141,1751989479,Yes,0x115d29854002827be478a1322d51beecf6bc1b640d3e45ac9e51e8c6bb65f061
BUY,0.008,650,1751989457,Yes,0x7ad839dbb4e5c7889256742e74495dbaa0114101176ec4f8251f2963f1f94f52
BUY,0.008,125,1751989449,Yes,0x71ec109805df336b67d8f741987b7855ad46d3903dda429b8e2dedc9deafa181
SELL,0.006358974395792246,13928.57,1751989433,Yes,0x49f64a88935ac8e951e4ee5572504c0d5bf615fb9ab828fd62011d17454fe4ae
BUY,0.993,23293.5,1751989359,No,0xbb5021a18dc62781dcb492eb72f3584a890a04f04faa55bfe56dc72fa0cc4598
BUY,0.008,5865,1751989351,Yes,0x25ac6e0da4e89c630424c4a88521b9117981f394e2f805c24db26264bdb4658d
BUY,0.007,9852.69,1751989317,Yes,0x3d0390dda29c53a13d50e4745cf5f85709158730e5b2e1e65e59b97e2eb02cc7
SELL,0.006,1221,1751989279,Yes,0xdf2a831e2c719e3629a6037b1a0580d6ecb0f409cbeb73e992ac5a9b8f142a6b
SELL,0.006,57.14,1751989279,Yes,0x2a4efd02d05853174e9f560b06e3cea80fe29ad6a0f21092ec32f3c6f149c5cd
BUY,0.007000000001711111,6428.571427,1751989227,Yes,0x707516b2c725efe955a47ddfed4d279691f5ea32bd50d1ee8cfdb24070fb1875
BUY,0.993,9666,1751989217,No,0x331187321a236b5e141383a554b0454fbae138d1617f8053111b9aec8ec6db69
BUY,0.993,73369.85,1751989201,No,0x5cdcb66e764f074e861448f3f16bbba48ecf09d8c6d042d39b394e7d03055b95
BUY,0.008,3100,1751989173,Yes,0xf5b6b06e05617f1607c1c5f60e645d4d90da705f2e51075cb03067edae0e54d7
BUY,0.008,6250,1751989167,Yes,0xa5076a06743506b04284a13ad0a1b2c9c50bf3f4774dd6fa03ba403a45f9ed72
BUY,0.008,12500,1751989113,Yes,0x8343c8711ab3bf0b782acaef5169b816ca8270acb9cf602fb8e6c1388e976a57
SELL,0.007,6704.28,1751989099,Yes,0x793b7b44a475569b23f99577cc995edc40c50fe32eb4355ba5dda8f72c92b246
SELL,0.007,90.91,1751989077,Yes,0xefd4294404a7db95b1e98ddf65c4e637eb454b1dc23650547edeac6dffe83707
BUY,0.008,3000,1751989057,Yes,0xdd27a800f09efe5d5cf30bf53a8f7f4b268beb1d0dc0874486a098612af27ce5
SELL,0.007,999.67,1751989031,Yes,0xa985f6e64087bbf8561a69670af114e5d9cb49a40f3772492a407a2e0d6af628
BUY,0.008,375,1751989031,Yes,0xef1fa8577d341f49eb94904d4327f80d9c6b7205699a28d567c92253416f8a8c
SELL,0.992,4000,1751988929,No,0x803b001cbd04f71d1933674da739c58e8dac77e0d082dddf61bece5714f8a4e7
BUY,0.008,1375,1751988929,Yes,0xcafc4d0b5c9466de457432b4401aef04ca4a6319f48516d7f4e81e9583509923
BUY,0.008,1250,1751988895,Yes,0x60517b454ac553c687f0b1f94a595a2494b247df1a3c61dde13521813dc42e2d
BUY,0.992999999975175,40.281857,1751988883,No,0xa6e42d3c1cc7a0d9ffc6f65d072c2d004bab0c0ead788891080145011804d5d6
BUY,0.993,112088.87,1751988867,No,0x32046b84200ca1eb773a2e6e1518c7565f36c02a3eea05ca851c7836c2653a14
SELL,0.992,100,1751988839,No,0xae5b61e26fff48b07055ea49aa1d689e9251b4b0ae083f99daa986578b364acb
BUY,0.993,5335.58,1751988819,No,0x508493dd895e8a430e3312e98c07bbe1555b1e23af45e729b6c846505ef6d40f
BUY,0.993,3000,1751988815,No,0xad3a52e990f9804d922b3fe5a42adad7c3d407a0034cd6134f662881225705a2
BUY,0.008,4125,1751988805,Yes,0xc9ca604e20999c0b9746973145d9fa9836d87505f394a0dfdf3465d141c26b32
SELL,0.007,11259.96,1751988783,Yes,0xe3c0cb1267aa96051c3038cc738c9182bb94cf101fb0df951a65e8ce0153889c
BUY,0.008,20468.75,1751988779,Yes,0xfea62253ec4545663dc0ca14630f08886fc140f5387ccad76ed9cf4ff714fb1b
BUY,0.008,1251.25,1751988747,Yes,0x8a37d482b2dc9f39262ab9271f2d05ffbf3dfa78a09014907fc5b80ff9cd15f6
BUY,0.008,23218.75,1751988739,Yes,0xb339169c4b0099ac40d800813d086d6a5ed7a0e0458f8c69e1beedc67f935be2
BUY,0.008,16500,1751988737,Yes,0x24ce4b11c011f951c9d8e8b719da721d76be3d48fe146b37c61ccac77870fc73
SELL,0.007,8.92,1751988721,Yes,0xc8cb7b6e6072d6d02fd65c556835c7bccd00f5f955e0d674366153752dd31c9a
SELL,0.007,0.11,1751988701,Yes,0x3977e733ac1dbb7aad10434cead94c49c5812dfc48e28151e706b240f5035e0e
BUY,0.008,292.5,1751988677,Yes,0x209a522cb245eedb47d9d784ac5ebc0b2e227d8f6cdc3a1c446e1baa75c14e7d
BUY,0.008,3603.75,1751988667,Yes,0xadf772566d534686e30ba83bda622b3aa94957d1ae73466dd7d0e86cf3fa160e
SELL,0.007,131.83,1751988657,Yes,0xbef99adc15b7995e4207aba599a55827b8e4c19b618b9b3c25c80973e9e3d2a6
SELL,0.006313430496787337,15952.5,1751988601,Yes,0x9fb8b45e7280437c42930e61efc2f62eb817e82ad7d6e9120892e67ef44f2055
BUY,0.008,1625,1751988589,Yes,0x2a4107d90c46add70db81af091a86fb1cf497bb4ef58dfb71f7f85499e3206b0
BUY,0.008,6250,1751988579,Yes,0x8efc672f47c203f85eb9dc19ce425f95ac2554861dff6fcf535cfb088d23c9d8
BUY,0.007,53390.28,1751988537,Yes,0xce3c9c593b880461f36a68b135e482357cbeaf24aebe26a5daf75580c4786ab3
BUY,0.0070000000077,1428.571427,1751988521,Yes,0x42bb3b307ca5c70bf08e7656dc6f9c0c3351635c2dd51e12684befe621ddcca9
SELL,0.993,2000,1751988509,No,0x3a4643f2be1533979fcde1cc913cf0b2248a4cd32aa68fed81773b65e90cb786
BUY,0.007,820,1751988501,Yes,0xddd3ad57bf767402815d57e9ffc40046e9155d922d5ce7fe0b4495ec06279553
BUY,0.007000000000323924,37045.714284,1751988491,Yes,0xacecf3e152cfc0356af4b991abeb1299fbbe765b75a559134eca77298fa95d27
BUY,0.0070000000077,1428.571427,1751988429,Yes,0xf5f1ebfa0e547a51d49f621dccd347f76349e8f8971c2a06d39b0a0c08974f50
BUY,0.007,1000,1751988419,Yes,0x758c00d13cc3c626527897595b7673183a13a730e00b1f24b51b8e2971a13259
BUY,0.007,5000,1751988411,Yes,0x004432be58dba1f7e57a9f0f4b3408f528f6c73a58cc7cb84833b132ff1cbfd7
BUY,0.007000000036842105,271.42857,1751988401,Yes,0xed4e6a7a37e2d3080122a2db4a0e374a678e98ea827353c16fd78d1b0bd378e7
BUY,0.007,10000,1751988387,Yes,0x40444227cdbc9a331715a6a0ed24f1cca1d1f3ddb0c397fece35cc11e5787ab0
BUY,0.0070000000005133334,21428.571427,1751988387,Yes,0x0b00ca93900b58c7cc8da49bce0fb487462278dc9576bb84602277ec04619f92
BUY,0.007000000009333334,214.285714,1751988373,Yes,0xf9b55ab7c8c8e39359a8be010766632e6e8248b63f1ae41fd862dde0b5bdf6a6
BUY,0.007000000000075774,13197.142857,1751988351,Yes,0x4b51ab7c7d9272c2e175f345ebfa459a0c471e8374ea3dcb449f2540f66ede4f
SELL,0.006,4727.86,1751988333,Yes,0x651367b485e5031d84c64a5cdf552331367499a7d802f2fbf22e6fa7b69f54dd
BUY,0.007000000023728813,168.571428,1751988321,Yes,0x2ee6afac52aeb5553cae9f2f8453282af314b63cc807c7d66e18d48e6816edac
SELL,0.006,200,1751988317,Yes,0x1be47bc24af67e44cf6dec4e6a1f621ed6abf1e9f69334611814295bae2f8313
BUY,0.994,20000,1751988307,No,0xa55b1f46376715d85833b8526a8eb6addf47d0b50b8ab9d8a03f673994e08590
BUY,0.007,249,1751988299,Yes,0xd6b241c45ec7e370b6956a342ca145d06f205b1db2002ec36a628fddce2c70f1
BUY,0.007,1000,1751988291,Yes,0xea71428b371456fceed62d41e6fa9fade19f41529c05ae49253914783551249b
BUY,0.007,2000,1751988279,Yes,0x20f28e2b08e5e8e4df56279bd1d0066e85191c0ea2bca9ed441350ef947f19b1
BUY,0.00700000000035,5714.285714,1751988255,Yes,0x9cacad18fe369c6225ebace5342c8705d54c8f3abd86de28af1371a81ad20fb3
SELL,0.006,325.85,1751988237,Yes,0x57bc1344714275cf4972fd7524c62ebfd3a48e30a7d13785e0c6e214a81e00e1
BUY,0.007000000042,142.857142,1751988237,Yes,0xfe227019c480450244536054e8f92d4781161d6f4d9ec58c906a200c5e2a8e2d
SELL,0.006,1137.06,1751988223,Yes,0x4309e73dee7ba29663247f4b0767830c5af1f483e82ab6ed42557ac49c295c59
BUY,0.0070000000014141415,707.142857,1751988165,Yes,0x1d8f830d82abdc7a40bfd9f3977d5a41a0112b29f2f192f4732a64838525ee4e
BUY,0.007,5000,1751988159,Yes,0xd266823c3f4b19b1e2c150ba5376ecb91ff49cd99f37992eacd96059c9aa51c6
BUY,0.994,140000,1751988151,No,0x2f740b7f8ba690e37f037699e20fe8bfd60337e3f7be2e900319844ba0903a87
BUY,0.00700000000012331,32438.571428,1751988091,Yes,0xa80025aa53e37230ae27d06e2b1d931f82ef81c5d1e9a97d176fd38b69f92f1b
BUY,0.007000000042,142.857142,1751988061,Yes,0x40f657e798cf803063cf77c420019841fb415ed626625d1b259edcdabd1942ad
BUY,0.007000000042,142.857142,1751988045,Yes,0xf3c9571d40968167d61c6273271306df13263d5fc8a3046ac619d93cd6ae1007
BUY,0.994,30181.0865,1751988037,No,0xd8d123b47df7eef5a6aa73cb246a4b2f2b87de9880487e5447bfa1892a11889e
SELL,0.006,5000,1751988037,Yes,0x64b5f8c703bccf00e8f1b53568f20cb95e5317533fd9e8dd8a00377d0586f5f2
BUY,0.007,1000,1751988001,Yes,0x9a8ddf153cfa32927cb0022c51d12b1e96b0c7a9ac121593c599c11b1ee35564
SELL,0.006,3580,1751987987,Yes,0xed426ba13e831609c990aa8e4cba2b3e3ee3f4b6439b4357bc0cfc2ff5db8477
BUY,0.007000000042,142.857142,1751987973,Yes,0x10a86111b6687593dd80f9456ba4de97db25b9395e0edad87750a646da7e2062
BUY,0.007000000042,142.857142,1751987969,Yes,0xae4904950a11ae131bf43ec731502038553d692875ba714603a6664440b933e5
BUY,0.007000000042,142.857142,1751987923,Yes,0xfc8c07550e823fbe94730edea5d8873fb7345dc88d34a837329b91039c17b90e
BUY,0.007000000000298317,6704.285714,1751987913,Yes,0x42c6576bfb50a079959e7c1017e5c301a6ff9a7a7192299a47b299daf7f4e9f8
BUY,0.007000000042,142.857142,1751987863,Yes,0xadc267d1bdea8e6a12b2923d3706f05e8cacfe039026deba71ef99023db2072b
SELL,0.993,2000,1751987827,No,0x3656f1091a728932f329c2695f423afd5c571145838847a537098ef374196931
BUY,0.007000000018134715,275.714285,1751987811,Yes,0xe01015152c2a512b7445f628c5ac068191f6c69aa7a8d37ac7d790c0f74ccd37
BUY,0.007000000009333334,428.571428,1751987795,Yes,0x7289cdab0fde45971fd7c46afc0fcde5b8cfe1ccd6ee4c1d992ef49ce5ce8290
SELL,0.006,6700,1751987745,Yes,0x3962cf699ca596d890983d2b8d8944d882965553f5d7a1c0b96643d971f543af
BUY,0.007,1030,1751987725,Yes,0x64e6ed6b55f158d5c305edfa2964967db76815a6eb48c7f398adb8d298453802
BUY,0.0070000000026515154,1885.714285,1751987709,Yes,0xc7c1d7fe674154ac4085041707e8e7c5ca7b0b1683159d917f6b50c5be36c1e7
BUY,0.007,1800,1751987657,Yes,0xff29e8cf7309d0982a269b077cd8226e063e4fb803bef9c35b641e0a73e6def6
BUY,0.00700000000035,11428.571428,1751987639,Yes,0xb546983daff2531c9b00dfaa84546d75db369122973940832fd8eabfbdbfdb98
BUY,0.0070000000028,1428.571428,1751987637,Yes,0x071643d8f1455e9910243ae9199d21ac46f0dd19360270d902f45f7b38cf4a20
BUY,0.007000000000105,28571.428571,1751987615,Yes,0x0a25f6f3c06200a589a579f2b69c4a48883f3db20ef060bcb56d89be8f0aff34
BUY,0.9939999998011995,20.120666,1751987609,No,0x5a90d9529c13f7cbf3d336aa3122d04c11aaf6fc5745a4d91ba254ac87465b34
BUY,0.007,1000,1751987605,Yes,0x14dbd238c95d2a12fa21e2e5828b80429275016a74f6fdbb7a48ef9aa5968c7d
SELL,0.007,7785.92,1751987603,Yes,0xfdf7afa40fb1f7d700386d0f4c9b3964cbc782036eb686ec713933015434094d
SELL,0.007,32516.54,1751987593,Yes,0x7771f10724e9ff4dfd99aba7aaee2baed57796d6fef98d16958b474d46011733
BUY,0.008,119741.26,1751987571,Yes,0x0ed2a13c815422a67b735eff8a413e648604cf22c10da65d787b1e1586786925
BUY,0.008,125,1751987569,Yes,0x381828f71fb1678aec43ab1d9a50e05651c3ab65ebe5c95059b8a2417dd7879f
SELL,0.007,78947.36,1751987551,Yes,0x2df5ab2d7ea8dbb310e1111da92f7274db564132bb5e56f907fdb5eb8c801098
BUY,0.008,2500,1751987509,Yes,0xdc05ccb8b482081de44975376fec1dbe5a5f4d01f616606409d13bff7e1a75c1
BUY,0.9929999981944798,1.107714,1751987505,No,0xb715f6bf211f87e703023ca784bd3143356e1568ef8b9ec07d0bcd6447cf9f7b
BUY,0.008,105593.75,1751987497,Yes,0xbac824d2a9a5ec8ae535a209fb241a22704c8fc2416549f90acd3501b2fe8a73
BUY,0.008,11111,1751987469,Yes,0x6bb6a1e2a0ef5f85a918fda48b6bb1ef8dce379d53d5f08653e931787f256eea
BUY,0.008,1250,1751987405,Yes,0x779b7c83c7ddebf6ae139bbb44f8240f88d4598d139d93e3e745bcce53a34aa8
BUY,0.008,12500,1751987403,Yes,0x8569392fece38bf97371363b54cf9c7fb144d0a012e93fc9ebc8ca0ce5319c9c
SELL,0.007,732.84,1751987401,Yes,0x7f79cf3f75947eaebb829ce7ffff03262108c5ae727575fb776407b55a8bf9ab
BUY,0.008,250,1751987401,Yes,0x93a17609a0b0692c33883be87e0f398cd42b2e801264e55e5e2ac55afaa17eb5
BUY,0.008,1250,1751987343,Yes,0x04cf1555bd56c809780a98bee251be729bfa23adb98391f3e1e3e79eec993e6e
SELL,0.007,100,1751987339,Yes,0x80ba58f3566aa62279d69ffa46205716644f73d30d35aabe6dbcc2918da1a377
BUY,0.007,158419.66,1751987317,Yes,0x894a87ea23fc7505909e5560e5caa9fc2d5c232ba46196a6812ebd3f5cfaa92a
SELL,0.006,5055.55,1751987271,Yes,0xfe6f7ee65490bbf821f901afa5fc71a712e77d927969f0face01a0afe5e9b23a
BUY,0.007,300,1751987263,Yes,0x0a40dbf9db948f4b32cba77067c39b077d30d5a6385123457733fabf5c01de88
BUY,0.007000000000734138,8172.857142,1751987239,Yes,0x5d44f917a50573477e37cef74acbff7e486b83664ae0512e08b9a4d0e827769f
BUY,0.007000000042,142.857142,1751987225,Yes,0x2e40fd790e006c6cd08d537e289ede5c3144e1641a7c0395ef741c647bcdf8af
BUY,0.00700000000084,7142.857142,1751987209,Yes,0x1a15f7b4b3d0304d0d7d9b08051ecf8d5f0c22efd44396e1a6440edce0ac138a
BUY,0.00700000000084,7142.857142,1751987199,Yes,0x3949830d50c3629eb4164cd1a3fec4762f568d1c5b8c1811795ad007aa9a0fa0
SELL,0.006,171.27,1751987161,Yes,0x0dc48059e700610c6cca2751f9643b0fa41e5dda4c09aff4ba761843e610d34d
BUY,0.007000000001166667,4285.714285,1751987161,Yes,0x6cc5f3739faf5f624baedc4bc26ed80faecb7e136bd14511f9613f68b14d8383
SELL,0.006,125000,1751987149,Yes,0x3ebca4d1be121c9283b402717f5378d1520138047fb5034c0ce86d882bc588b2
SELL,0.007,94445,1751987123,Yes,0xaeaee65fa3aef5c0f3cab0af3b19b76214ba95e343fe97f858984664ae23a101
SELL,0.007,13600,1751987117,Yes,0x68c6fccefbdcb1e7f7f80b750f9c493799cc83bdd062ab4ef5e83aca8efb5621
BUY,0.9929999988525227,752.084591,1751987077,No,0xc6b335815a30cdea538153093e1f06f66de04bb0ca6665a3f36d1a7f50d21b7b
SELL,0.992,2000,1751987077,No,0x7e9b1fe31389569bada67db74857e4fbf68c14695ccb18b931fbde48a138a2d7
BUY,0.008,3125,1751987041,Yes,0x6aeff36e25ed33a63489e03541c2d0f872a9abf036e2c003d5e51a280f243054
BUY,0.008,125,1751986991,Yes,0xf3e3b7856b9f7d15010959afd7404a501c9c515ebad6eb1d3336040a8dba5b70
BUY,0.008,12231.25,1751986975,Yes,0x24cf1a94b9670ded7b370241fec101425b23d047ad36d07dcc00ff5b3d16560d
BUY,0.008,125,1751986961,Yes,0xcae65655727c93ff6ca5b8ffa79ed42d463d4a5710f3c9823446e58049fd40d1
BUY,0.008,1250,1751986907,Yes,0x6c5f276a45a9b356241b3881ca0c77b71ba3ada1a3466f0e6001c584a4c9d522
BUY,0.008,1866.25,1751986873,Yes,0x10c7cd77eb13e5092ca1cd43c1e23aa09d37a996e51adb9cc3e5eb2c1cb669a8
SELL,0.007,551.77,1751986859,Yes,0x82375a1c8b29d2a29aacfb41bd178b832fdf7288109bfb5c472a775c7980e696
SELL,0.007,17199.99,1751986833,Yes,0xeeb2b928c0623307c00e08b982c9fb1f59d2a71e5f58d4ad612786fb14776043
BUY,0.008,125,1751986781,Yes,0x9f1424dbe9d0945502508a87c14193a95e5510e0f6bea1f13bf000805b2db44c
BUY,0.008,1000,1751986781,Yes,0x8ca806c9161394f8556729aa269b9e129a6005b2c62ae860d65faca6f279aea4
SELL,0.007,4086.13,1751986741,Yes,0x81d2b0ef0c84110b0ea7db3386667aea39c6c0bb735d90e49325182083c877eb
BUY,0.008,9133.75,1751986729,Yes,0x257b3f71fed559237cec6b6890429165f86e6e226d43ceb391c2d0acca1e3599
BUY,0.008,625,1751986729,Yes,0x86e455a48fc47cb1a3376a38effeda8f60536a36474eb2ffb4a014851a02f3c8
BUY,0.008,2500,1751986703,Yes,0x2a62679c3ea29612c5da92b9d5ebd490860f8e7d235c941d7cdfac6b9fd841ab
BUY,0.008,368.75,1751986691,Yes,0xf462fe97c9dea2bfd2026cb8b7346efd496a0b5ccc3be045ecaedc047bb1b33e
BUY,0.008,6250,1751986675,Yes,0x01da50cfef3be147c8e99ba0462b9b06525944e76a970b6ab0e80268b163e71b
BUY,0.008,3000,1751986651,Yes,0x9bac83f98919e0b256d0ada3b41a2fcf733dd833fc4eec571d5489dd6543db88
BUY,0.008,1458.75,1751986635,Yes,0x38230e919ae5dfee49dd39e2ee88acb7ed67fb2af7b3f306fbcd789542cf5c08
SELL,0.992,2000,1751986633,No,0xd3f61591dc2031842bb9610b82ed4eb55b609b87cf4a71e78893b9ac8b454272
SELL,0.992,77,1751986585,No,0xcbb11cbdab28d9974a9f949ee3603ef00b75750b52247d3de12ed1db42452bcd
BUY,0.008,1500,1751986577,Yes,0xfa1b1b77469d56521379c245799789993ee71d203f0cfba436e8331a59323b03
BUY,0.008,1000,1751986559,Yes,0xc9f791be3609222a6ff595b50216657cfe95933910b76bfc84985a7ee6d341c9
SELL,0.007,6952.97,1751986521,Yes,0x38212dc3b5031714d9804fb4395e36ed2953094033438a769eb174fa00f40908
SELL,0.007,1997.33,1751986503,Yes,0x3cde804df9db65509faf44d710dcca9b79bcc2e379c2d917622785211fd81681
BUY,0.008,1250,1751986477,Yes,0xd80477f062e352fbfd3d1bdaedd0e7a25875cf14f1bfe1346cd345b0c65b22a5
SELL,0.007,17241.54,1751986471,Yes,0xf29378fbeca0c75b22bae654338c5bd253fca8260a154ece5a854021e2c55f47
BUY,0.008,15952.5,1751986465,Yes,0xfc0b49c9e555ee4062b2517f4739cf4b40f0f09cfc125fa6345579bdb54650b1
SELL,0.007,200,1751986461,Yes,0xf899a1e764967ab56abca44fdaa95397fd8a871b85660f80f079e8e78fd1bc32
SELL,0.992,45.31,1751986457,No,0xae75b20ef953528d39dabf442561893fc4ecf4af31f5e68297569fb3427e8987
SELL,0.007,35264.94,1751986453,Yes,0x24f081012e96af55f9dd822b3ddd301ae3bd9c6e26799af8f7271efe3612be4a
SELL,0.007,16111.34,1751986451,Yes,0x6fe18014681d587b0178ac80fbfb656077ab9f5eddf2286dd524b52ed7e21a44
SELL,0.007,10000,1751986449,Yes,0x7a8d82b98588f7c76e8978a4ae235ccdcf3cacb413b06ca5b499cc1b6e98050b
BUY,0.008,2500,1751986443,Yes,0x6223cd5fa93d0216c7cdb967606e160365a910b838cba0b6af6db9b2cecce5af
SELL,0.993,5000,1751986425,No,0x3ec4b507568d6ade5693e1b569655c091149d3bf61fb95781ef9488211fa7b40
BUY,0.007,10000,1751986419,Yes,0xa0cda30af583b2db9433f8f3bebc4e00bca564bb4402f771dc64ca2f5be405eb
BUY,0.993,1111,1751986395,No,0xab3d00b6798122456f6506dc6d93a53448f4a48de02bf6509235ce3bd861785b
BUY,0.008,500,1751986387,Yes,0xd64f5f1df30ec1e1f8f166cf02f4a72992f8797faa0c1b1c690f3da30ab0faa7
BUY,0.008,125,1751986375,Yes,0xbc935a7e2253209f4ff090ae1021c407147f050800a472ca014509e0ec0d4ca0
BUY,0.008,625,1751986363,Yes,0x535a9f5931758e086d0ec6871d49a67f12e3d96baf22048198e9281f1e8b267e
BUY,0.993,11680,1751986331,No,0xb32800b4eb9209f1f89aca2941424ed1df79ba032152954a1e750a688fed19bb
BUY,0.993,5555,1751986315,No,0x105be07717952cad29db00f1802f972b4e186c15a7b4c8b2e8080721a214af18
BUY,0.993,9000,1751986313,No,0x0c4ede9bb0204bfa106d8d2eb9356a6b474766dbf0016710cc0f0faa24861bba
BUY,0.993,19192.62,1751986285,No,0x2bf9002420af3673abe4c95805fda8415fa17acd5d3ce552a6b1959f37c25110
BUY,0.009000000009,111.111111,1751986283,Yes,0x6609b50ed28344521ded09388e7174ac881860f4a3547afc97b8f913867c3304
BUY,0.9929999999998392,6220.412857,1751986269,No,0xfc5871e8f66d3e3daee47907f1267a131f592e5a966dfc3edfef17f36773682f
BUY,0.993,1701.18,1751986257,No,0x2e482f80b69c26dbda1fba7ba1fd15c86ec68e96ec8383a9d8a5c8830aafd880
BUY,0.993,15441.06,1751986253,No,0xf81f5360c80ca3bc34b3a358a17aa4996a51d78daa0f903bc9706e99d290fe75
BUY,0.008,1300,1751986229,Yes,0x3030b55e3e967415f8c056736735a609062ca2dac5af1f6a4d35f5879975dc06
SELL,0.007,13084.03,1751986225,Yes,0x2e8a80b6eb5b5d90c8979900411d67cb46a1375a4c7a109a304eb3bf3154d6be
SELL,0.007466647132379857,425508.24,1751986215,Yes,0x6ecb8875b32bf7d6b31143dc172900e651f7041bf23a97a2ebf7b614cbb0151e
SELL,0.008,35255.14,1751986211,Yes,0xcba6b7802f5588bf4570d287d301cd083c295c2c2dd5f7da8bfe4bc30cad4713
BUY,0.009000000009,111.111111,1751986211,Yes,0xec2f98a54e42acc2d756cfb7795cd3c8a97ca4c49a22ef8d482634e9b045e390
BUY,0.00900000000009,22222.222222,1751986209,Yes,0x16513a9f11e1577f55f124fcf1ade2a481dddec6f3ed34eaacd80347b925f160
BUY,0.991,200,1751986181,No,0x135bc54159e3dcd06b4279c28c48bd54d4e09a966779a725a694d97e9ccf116f
BUY,0.009599563795821118,520.857,1751986157,Yes,0x9b6f71cdf093c37344fcd094eca799ee0fedd7eab48880eb646e47c427c37f8b
SELL,0.008,2015.66,1751986157,Yes,0xe849c78a0d35635766b7532b1b1eb82f1511238dee404c47277150f8f8947b6a
BUY,0.9929999999503497,20.140857,1751986151,No,0x1dc7367322edba2c1e84ce8d77962cb4063ae58134f96dcd835d9228ade8a1c2
BUY,0.9929999981944798,1.107714,1751986143,No,0x4383b43900158ea24f1d2ec05e6f0d0ea472e5363fee8095a48679666455d91e
BUY,0.9918635184166215,553245.34,1751986135,No,0x98000de0e22452feafdb8736ec53b858c00963b63f9a4801808932256c784ec1
SELL,0.99,500,1751986107,No,0x5ad41b2b484ce1a7adbe84580e6a81617723fdb1f5c580a1b8347d3d6f4573fd
BUY,0.01,1000,1751986101,Yes,0x0fa9defec4519d0716c2efb751829c46461cc12e6af4139ac53f47bb5c660076
BUY,0.9909999927920655,1.109888,1751986055,No,0x13d4eaebe2e51c6d1a3fe874dcaf90f30f2f6eb6f3d19bbf2bde9d048c91bc58
SELL,0.009,32273.73,1751985937,Yes,0x35d91d8d115531c5ccee7a242686d7aebfe2a1825d433d522de243171fb9ec3b
BUY,0.01,502,1751985933,Yes,0xedb9b67bd0dae7a9091e2b2a2b33f0a5d0ad17da831612e81e7e76f2c3ba1106
BUY,0.990999999279272,11.099888,1751985899,No,0x727c6daa03e26c8a9435fbea1156ce05a836390030e1540695758a2e0fce8694
SELL,0.009,1400,1751985815,Yes,0xe6d034172267a5b6c35fcaab974d46df38fed2ee1f8a8aa2cf653650326854f5
BUY,0.01,600,1751985801,Yes,0xca83970ea3f9ba74b0c170d0cd81d45f8d7ab6b552dbb2849788136f4410e513
BUY,0.01,100,1751985715,Yes,0x15211fbc9a1790b62d5970f48da3e9fefe8fb3eeadb48f50ad891b9763ca43b1
BUY,0.01,100,1751985711,Yes,0xa04f457531470ce68b81716941a8824902c342bd029b92d68f12e02fea05883a
SELL,0.009,3792.3,1751985707,Yes,0xa1b573d70bc3ae52459555bdce50b02757bf9c75c26e424b1db49f94164f2205
BUY,0.01,100,1751985707,Yes,0x6b24f2309bc15c9bd7dafec8522a28599a9e76cfeb321b7e42a1ab3df0adb927
BUY,0.01,100,1751985703,Yes,0xd387f60050604dbb64a8dccc8b209ec43489bb7ba4cb03a590b1df3f7ee970a5
BUY,0.01,100,1751985703,Yes,0x1362c076adde75145cbce2e1119537bb8edfcf7ec00d96e13d1564a5233ac5ef
BUY,0.01,2460,1751985699,Yes,0xb575daadacff1d092c4743dd0b61ae184c9aa95dd57cb81d0f293193cad7555b
BUY,0.01,25000,1751985645,Yes,0x001c2d61438013c7f2b285eb07e58a7e57bad425ed2bcf767d02d40f0c882850
BUY,0.99,25948.82,1751985613,No,0x50083b2a0662afcba164feeb33b0d2e892bee3805120469eb2363886e75cd61b
BUY,0.011,30000,1751985593,Yes,0x6251a021e97c91de4ac4abd4a481ed97c19772b76f80ac9edcbc16747d541b10
SELL,0.989,5000,1751985591,No,0x8674b2f4d7270ae77713ea13421a8ae4c88e958022e8ca46d50ccad2c0fd72ea
BUY,0.010999989230999773,90.909089,1751985579,Yes,0xdfe2bc24996139f3da83c1f6652e0b79d2192c985b9216055b408e5ec20795bb
BUY,0.99,426,1751985557,No,0x6f413c4402cf7e5dc972a3f56fae4a2264a60a20dc55612b8afd77439ff9a2ab
BUY,0.0110000000011,909.090909,1751985551,Yes,0x977ce0803f7063870d624b2b56deeb79c9a07fc9254dd65664fe281aded55dd1
SELL,0.01,16246,1751985551,Yes,0x5b5056ea74b4540f3a09415781a44926fa9b6750acac3d7d8930ff2be55dc2cf
BUY,0.99,20000,1751985515,No,0x5d984a1227bf51a2c6982536dca6f48861483b219f62f196b31e9c0159085f8a
SELL,0.01,100,1751985501,Yes,0x68be22709fcf5fdfc561cff546bcfe6d877814efd2e29fbc14565750ffa336d7
BUY,0.99,1000,1751985453,No,0x51e17ee089f11a66f296167888dfc783643f64efb1bd1b6c017f97405152d7b2
BUY,0.010999989230999773,90.909089,1751985443,Yes,0x23f5b4bda28b1b71605bc272c805abac11fa2903b399eb26421f5c90b6c19241
SELL,0.01,50,1751985361,Yes,0xbb2e3ced58fbcc1aaa976a206d70b1e6da2116ce369571ef0a992ca4127c78f9
BUY,0.0110000000011,909.090909,1751985349,Yes,0xcb4c29e5daca75432fe6956f7b12d5cace6adb1463004597068722669372673c
BUY,0.01,84400.51,1751985335,Yes,0x3c18cfdedabc8ff5363759882b4ce9bff84581f2460ad7d62102624547259258
SELL,0.009,4976.19,1751985329,Yes,0x72bf15b9320f132a11e40abdabea1bf93ce0fe5ec41c3a5c113c3ad0d53ec544
BUY,0.990999999279272,11.099888,1751985305,No,0x1ac04f35a6fe50b71985ca0e4ecf7cb34008455238a5caa1fbdd3186bd7c56e6
BUY,0.01,4999,1751985273,Yes,0x3ff31d6f055f21b0b5ffa0ef8b53315d30ab6846f76ebf132430e4bda9efe749
BUY,0.01,500,1751985261,Yes,0xfc9215fe1d3c09c13c81be1070b2fbe9f02d3e80f06347c05fb9e378cd45d6be
SELL,0.99,10000,1751985249,No,0xbde26a58e08239be42d69fd1c14fcd0b1cd8c9963ee5fb63c0e5ed55944a1fbb
BUY,0.01,996,1751985249,Yes,0x8741b20b45dc8418d2bad3bca77897629c06932caa72ace8f60a1fa922b4cd1d
BUY,0.01,1847,1751985205,Yes,0x82d408079ebf80e704db719f0f90a256f2aa3b37c73bc6e29ec479c7c84869d7
BUY,0.9909999993393283,3.027222,1751985199,No,0x8fac62a8d040ddc8c74cdd790176ba98e4032ddb56307e79e222518ce89243bb
BUY,0.01,400,1751985107,Yes,0x7ab76f2cecdf3e0a264888c891d8983e9ebb2fdbad56547a35ec2dc1c1b685a8
BUY,0.01,8000,1751985011,Yes,0x2ac8effbe601c703b9de5069d73150546b09b9415ad492f09a60896c6bea74d6
BUY,0.9909999962244347,1.059444,1751985009,No,0xdf1d04b84c6912866d97261996660644b94831f1c83831e3566d674782e5ac92
BUY,0.01,100,1751984985,Yes,0xeff1c6621b4645c212771466cc6a136989b73908d411806f5aa73c72b78edc2e
BUY,0.01,10070,1751984935,Yes,0x9f3a86a9bfd613a52dbc0c1426c28c1409c364262a6ede0487b8575175710a27
BUY,0.01,12345,1751984879,Yes,0x36993fac6728a34fdbea2d55014caca6f5f04c89bf74e6bc1c10c74c1229eab1
SELL,0.99,245.63,1751984869,No,0x1edb804a9c86448441e28a589a8b3f64ea7fcadcfb93fd25f3e89268c35f7586
BUY,0.01,222,1751984801,Yes,0xdd1621762df8372b64d4f0600fff382c3227455262e4fdf5d0b316fbb6b6b8b5
SELL,0.009,25000,1751984785,Yes,0xae1440e9c2d71ac5eae5729c95acc8922217e90e2347b18723ce21387803efcf
BUY,0.01,100,1751984771,Yes,0x459e67703e3a15644d5b5b96f2e5d82aba695b2a908dec0eb1c373257360d4b8
BUY,0.01,100,1751984747,Yes,0x78d3510606891bcfb138954a22499efdcba3e293089a2329fec6e14107554eb0
SELL,0.009,351,1751984737,Yes,0x30cff0f3194f5d8667033cc235686acd2a9e07585f97ffa7adb892da1dc79428
BUY,0.01,100,1751984657,Yes,0xa314a55662f4a4c6f498368d55dc7af08db4c24ad57ee9105b8d06c2bd51ca3f
SELL,0.009,100,1751984655,Yes,0xb0a7e4076dc3d39bc15d172441d317f1664e68729f44b9061efe6e27a93eef90
BUY,0.991,1.009,1751984653,No,0xb970987d5ad96e77fcfd7b054f644af519e0d3bd072fd594e5e2565c185f6b22
BUY,0.01,1000,1751984647,Yes,0xf24bbe1808ae08595c9648dd663e7b5120a810edafadf534aa58ec1a29f8dfd9
BUY,0.01,148,1751984583,Yes,0xb76a833eeb77baba8f76ead3bf76430a62d8d763ae90d6fdba9c3fb29fac229d
SELL,0.009,16666.66,1751984569,Yes,0x771d80864e7c132a96c96bcaa62418fc57b56475d4fe847ca902e106904a735c
BUY,0.01,198,1751984561,Yes,0x64e33abadee412b1069177b1953d33fd6d8bb713cac8fde30b88ad5f7b854742
SELL,0.99,100,1751984561,No,0xf4dad475100561908b740a5dce769ea2dd0710508c844025ea8f08970eb12001
BUY,0.01,10000,1751984561,Yes,0xbe39b7091d8219cc2c0a2d154d1b1699805f5266f1fd85b5ddb09b3e21347237
SELL,0.009,22260.19,1751984547,Yes,0x50dc68c69e2c6c21f06c06422f8661ec12c041477f51f34a0f05f396ce759d25
BUY,0.01,495,1751984503,Yes,0x151b7d0b3137b1a3b0cd875a1a527432a033452b8d06a61ba0496ae20b3915e6
BUY,0.009,87711.94,1751984489,Yes,0xd35722f2c7aa10c42e95a2d9a9de59e7805e8afae0f49c68c6682f5e7a1db3d6
BUY,0.009,5000,1751984481,Yes,0x4c7b7bd6154d8ef412282c2544eaa4724863846fe213f03a0c1f1bd5f15d2e21
SELL,0.009,94955,1751984415,Yes,0x653e06e51fd495792c3bcad99b744e2f34d77d2fe5350ce2af4e8aaf8fd47dd1
BUY,0.01,2000,1751984413,Yes,0x19cbc32f74552d26c8b8f1d31fb7d941d599f92acd1788480e0f068013ae2d78
SELL,0.99,104,1751984407,No,0x7e933b0822a62a85500d42e644e91b0d56f5495ab5b577899ea2082fbceba1be
SELL,0.009,5045,1751984397,Yes,0x7cc8e77a7433c9a6c7fd17a35ce6905574428d64a3b3d0e8de5788b2be4e4733
BUY,0.01,2114,1751984375,Yes,0xd5bbbd510a01d46fee12e86e8e21d6a054f7868c0a7c858cf71bf5a6d5099e77
BUY,0.01,2478,1751984363,Yes,0x8150e41e34b7327a5a77a5b16b1664d29c14230f0c3722cdab3ebe7e252548b9
BUY,0.009,2500,1751984329,Yes,0x1661482bb4516cce0938da0c888659bdfdb5b98b502e6b58ac3a515dfd63a68f
BUY,0.01,100,1751984317,Yes,0xa783df6de74aced41fad34f676ff0609f81d1610611ac2a6aac2be38f02a7355
BUY,0.01,169,1751984281,Yes,0xf0c8b1ddb4b49c02eee5e82a66f58f08f05ce0dcb98b545a1520b39349b8fbca
BUY,0.01,100,1751984281,Yes,0xc56c0f924a199921e20a5327678b895bf5ec46acfe43c4d0d95cb37cd16f78df
BUY,0.9909999999804082,204.167444,1751984271,No,0xb372dbb282c6b466cb47d13d05e9b02b908c935c678ac56a755bc0859bc95480
SELL,0.009,19015.11,1751984265,Yes,0xe2648f3344938ca0e3010173ff53003895e3368ee9f2ab16c4e018831a3d52ea
BUY,0.01,495,1751984251,Yes,0x443a733ef2abd4e4fea1f6fba9c7e3b62a917f0e58bb72b2de6497152957873a
BUY,0.009,148506.92,1751984237,Yes,0xe23c4d2035efebf4fbfa0d520f2febfd30efa8e02297239ada9d354abaa56e71
SELL,0.009,85354.83,1751984227,Yes,0xbd5937d45c8ae9d5b2372e064929a50a191ba61f6493763dbe607616e5b62e74
SELL,0.009,6551.2,1751984225,Yes,0xb7a0bb20a81133c7a0ac2566d8f17e66899fc69e2d0b161d16e8bcbba461f465
BUY,0.9909999983983625,4.9948879999999996,1751984203,No,0xd8c3dca08d771c07a2191ed16879695b3f2acaa58ffc469e47073e74ae9ebb38
BUY,0.9909999983983625,4.9948879999999996,1751984195,No,0x87b4da5355431df877cc6c84e9f7ed6dd07a7e7d81b689cd128dd5f380061e57
BUY,0.01,2235,1751984187,Yes,0xc3c5d3d755a041c9e3673964bfd6420b374da288ed50fa8cb3d3abe8b9c0bdc7
BUY,0.01,2500,1751984181,Yes,0xed3f7787baa6bb3743e84599e643a2ce1de6172f7d7d3bfa1c722581df5488be
BUY,0.9909999983983625,4.9948879999999996,1751984179,No,0xde4c7c69737919035285c353bfae0928fa9be1425a50bf44ac13f87ffceb7447
BUY,0.01,300,1751984171,Yes,0xe0fc6bd277d32c9f638c9817d643c89d7b71110885ed789ebab07e9ea217f914
BUY,0.99,11658,1751984165,No,0x09b416d88e565b191850fb32598f6e829d4b70a46214cdba6229a370b9c54480
SELL,0.01,550,1751984147,Yes,0x5a259409459205d67bb9d92fb4d6fefbc42168b398c971140748c83b661d486a
SELL,0.01,1694.11,1751984125,Yes,0xea7990a88197fe257bcec52e9a8dba0f930c28bc467d3e9c07a9cb51280358a8
BUY,0.01100000006559633,198.181817,1751984109,Yes,0x67d8a7fc5e1d082bc80b9772a024868da1534163e2d7cc98e260d24aec47f3e8
SELL,0.01,22091.83,1751984095,Yes,0x582e2b3cfbe9add0b1bc939dc6ef0dc0c6c09673fa77f6ffc65f80320de2e8f8
SELL,0.01,1897.6,1751984063,Yes,0x3458e26a0f70e92b1afc21b9c80b52433ecf333241d75cb1df0aa607b0af4c01
SELL,0.010268864833590107,7431.95,1751983981,Yes,0xbef6e554236b91485d5e2e89cb92ed3fcaa060605f72a0872bf62d73586e7750
BUY,0.011,401.81,1751983957,Yes,0x753bac1ad7082a1715c635811a4b9d24bdcb6f5cdef61326f194c73fde43c282
BUY,0.01100000000715,1818.181817,1751983927,Yes,0x2b329dd41c279a5253ba872920940e10a171c8a5c20c5139913cc13765179377
BUY,0.989,2780,1751983899,No,0x068775d82ba8c89b258b61699dd85f1c18ae2d04beb3ac880367dc88ae77e083
BUY,0.0120000000048,1666.666666,1751983893,Yes,0x9fea18e07e1ea2abadc7fa0a436da006e307d0b573bf53dacee14ec462154ecf
BUY,0.012000000092307693,173.333332,1751983749,Yes,0xd666a31302914eb9a0c1d518565260438603dcb23b1605956b9694be83b31e32
BUY,0.99,100,1751983743,No,0xe87158ed214ad4df7efa39a966a6f08ec8fcd21818c0647532994331e39425da
BUY,0.99,404.9393,1751983739,No,0x974f9966547ac263ae6b19d8fc61eaa7248106b7a4ecfec8bc116db86c70b3ea
SELL,0.01,22722.71,1751983735,Yes,0x4897ff8dd2d2eb727d07558ea1f972bd7f1cb5183e112d7e5745bf152f459e74
SELL,0.988,7.59,1751983695,No,0x05d0e61b61efc59b9815d3e24b3f66c3c5210821680b9a12a1ebb2fe55d7d507
BUY,0.99,3504,1751983681,No,0x29b64a5774528fe4470fe2c57fe190b7b562d1b977476f983280908ceb2c8aee
BUY,0.99,3.2929,1751983677,No,0xe93ce6dadaad9b81fc66e9356d663d74175ae47f565adbccc90348be769e5415
BUY,0.989,12694.4,1751983665,No,0x5023f14a712f383016f0690286d90b4c93327c882947f5e2c5f4b9d097a7fe8a
BUY,0.012000000192000003,83.333332,1751983663,Yes,0x1ac536f26bd6eb1e6c7e6bda8182d9cab6ece61f269f89f860323a9ad0fbc2b3
BUY,0.012000000192000003,83.333332,1751983651,Yes,0xd61d98665127e8f284c304b2893300bc7cae1c677a1339a291f607ea0f60f9cd
SELL,0.011,100,1751983593,Yes,0x74a076e8f4bfdfdbc8bae8cdb59d9f6690126fac41690410f528571fa18dfe1d
BUY,0.012,1000,1751983535,Yes,0x5469a4f96f44769acc2e82f039f1b17e3386e522eaa358aafa7f218d31393c0d
BUY,0.012000000192000003,83.333332,1751983523,Yes,0xb599e62bce7e9ae1dd06795017823d8cc059f8910afdff0650d6d1bf08aa42db
BUY,0.98899999567807,101.112233,1751983457,No,0x1cdc2ab87a022e8c86b0a79b93674f52034caecd5358f0d09ae0bd6c986a9245
BUY,0.9889999957868599,202.224468,1751983445,No,0xfa5b7a0d9b1e50621ed399de51b47a5580cfe187841314c5c9812268e482f52e
BUY,0.012000000052401746,381.666665,1751983445,Yes,0x0fafecbab38cfa747bd55812db257b2e4ed32087a2f95fab61e8df5f7af972a3
SELL,0.989,2252.25,1751983421,No,0xa83ef28cd56c087d41ddecc4a8b02cda1473725164b88e622c929461e6ff08a8
BUY,0.011,450,1751983415,Yes,0x179199e3882455d667b162e13b855c004f578322ea462525ad762a62e3a8b745
BUY,0.011,96893.54,1751983401,Yes,0x1cf3f039eba5820f27f93be5e87e2b7fc26d10cb01a97fce387179b37d12ff6e
SELL,0.01,2837.5,1751983373,Yes,0x80e9eb4c0c223ca7fa16e287d875b51d98beea9d15f7879d0b96c884db30ee04
BUY,0.011000000162608698,104.545453,1751983371,Yes,0xa233671a1d43fc6ae5afabb131d90aca914682da16f4b498dd373cae3e507b77
SELL,0.01,90.9,1751983353,Yes,0xd4e3c1d33ab12cf1952a379822d510cfa0d5a2c70d1045838ead8192f05871db
BUY,0.99,1000,1751983319,No,0x8054a8a4deacefb5a35624234a3b6f08756e8dde236772cec4711199104031ff
BUY,0.99,1160.8383,1751983305,No,0xaea116f020883007e5250060adf673a1252210104b1401d223311fdd5c85af2c
BUY,0.99,160,1751983245,No,0xd9c5c37a87dcd3cf1ee5cbc9fbb04541450d48fa47e0044d056e19c626da556b
BUY,0.01100000000352,4545.454544,1751983237,Yes,0x84bb932fc5bf11c94fe15281562ac173621315a2a9b55ff0b3f331f7da475741
BUY,0.011000000002234375,5818.181817,1751983229,Yes,0xe34582f4ac35a2894cd05d6e8b8e435d4e28648d477473fc5de2c0e722c07af9
BUY,0.010999989230999773,90.909089,1751983207,Yes,0x33c5abbf35e0ebf92a21a4eb723b8002a72d56134ce0648b5bf17bf333dff44d
SELL,0.01,5,1751983193,Yes,0x3032ad906d7b93b6b513d353a34c948708c163fdb7c3e06f95a6e104bc91ced7
BUY,0.99,50.505,1751983183,No,0xdb398411e2af7f32de351bc45d0d26a8a27b19726859f0a47ee25eee26b1abb8
BUY,0.011000000011850444,1434.545453,1751983175,Yes,0xc1ba7fc3b8351d789e42f3f8697052544d292da24fca6c4d1c7fae451a6a7939
BUY,0.011,2110,1751983157,Yes,0xf939087f3f21339485ccf31352f392637612d9f33f0f2e85d595ea31e08ddfbd
BUY,0.011000000110000002,181.81818,1751983145,Yes,0xd766c28f1c083ca7f6366a5d2e2ea88c5a9ef07f3a54ff41cce7a2b095cadcc4
SELL,0.01,645.23,1751983111,Yes,0x9dfa23f53a836c27354dd3ca5c8b36f6b520210784a131d2965cc48db8bbce29
BUY,0.011,1322,1751983101,Yes,0x0ba5c3f11731b770754db159a46483b732aea10d68bed713762fed1edb4ca3a2
BUY,0.0110000000132,454.545454,1751983081,Yes,0x9544ed0df18fafe681fad04e4c37f04cdba582e7da47f974274c0273935d5ca9
BUY,0.0110000000132,454.545454,1751983071,Yes,0xcbffcc67e638d79870bf5f3006416d0e3cf445fe0783a3febd8ad4d9cd8da54e
BUY,0.011,450,1751983051,Yes,0x2f5641f21034b2c5d381d37d97650d225786992533fc09c59116cd88b5baefbe
BUY,0.99,100000,1751983037,No,0xcf7bc2b04016e9ed716cb0900ad7d576f43cd077e81fde9aba4dfab2c9118d21
BUY,0.010999989230999773,90.909089,1751983029,Yes,0x4cd8bf407701002d8896e1f264f5aa14f4b446a7dfa9e6cc804e3db0e2a40b0e
BUY,0.011000000011482255,435.454545,1751983029,Yes,0x90c3b22a05b870b18270e58892a73345aaca623082ee200a168161aa8842e83b
SELL,0.01,725,1751983023,Yes,0x756fcfa0669a62ff1d9b057451409bd492a2505b29c7a8070ef5ca599971987c
BUY,0.01,48479.94,1751983013,Yes,0xa78eda566dfb82bcb2e31e3d0e8dce4f020eafab7f022753b30a1e140f983571
SELL,0.99,591.11,1751983003,No,0x5b6f418bbb5381dc4e8bf4b4739780de9fcf5326d33df336cd91ec04dad4ce09
BUY,0.9909999999957517,1176.962555,1751982995,No,0x2dad435f3323a6a3d81d5f8290b2d582f2549a4d7afad4f838ca64db3ffebf73
BUY,0.99,50928.95,1751982983,No,0x12bb3f33ce7c95c18f38f2d7cf6a56d8872c167e9e1197f6cec3470fa9269255
SELL,0.01,44417.16,1751982983,Yes,0x2e1c4b158164144f5fc4ca4ea8604ba0f79a4f07c37610da078c3c93c7dd581a
BUY,0.011,1000,1751982957,Yes,0x6aa5bb3bbbc76a81bf42475d3f7cb9c3e8f110a820e1c90685ad46276db920f8
BUY,0.011000000000795013,10062.727272,1751982957,Yes,0x39cdd12549b4a7b8038e404b10b1aeb37f477508a1da710cc45e471560d368d2
SELL,0.989,71.18,1751982957,No,0xd787a17492865e361b649d6b398e22d9695b9f5ea71465688dc72f900536ee59
SELL,0.01,5647.43,1751982955,Yes,0x0fafd5344d8bccb53b3561ad02c26038d42032c76ea1a3055456b44a18d8645b
BUY,0.99,17126.3434,1751982951,No,0xc0b9354bfbb9eee577544f5594a9652314807745014b741182f2a506a9a85853
SELL,0.01,12012.43,1751982937,Yes,0xd12dd67ed84df9b398140e7c568a5312fbf2a8fec61ae6619241b9b5b1fbd64a
BUY,0.99,5000,1751982925,No,0x5cd1ac3e3ac40075c9414c558d8fbe7e0727f1ed7ccc8f51a1d5fadfac8db930
BUY,0.011000000000535496,11204.545454,1751982923,Yes,0x7d90c2ede20b71fe49e0f190803838d5693b43912faca784d173193f36b1c9a4
BUY,0.011000000029333334,272.727272,1751982919,Yes,0x85c66c394e3e1369b0cfdcd852e0395b40aaaf6a870a876e2632b489d6221c74
BUY,0.0110000000011,909.090909,1751982913,Yes,0x8a058a8d05a5b4365b0b2fe558afefc97e0d4d538baf235607c252ec3487de9b
SELL,0.989,1.23,1751982901,No,0x0f0bcdf5bb5489bbcbbbfab5ccbd91a4ab6c2150cff52c1a1ae113469ac9605b
BUY,0.010999989230999773,90.909089,1751982803,Yes,0xa027e541089bab4e9c17f2509bc1f4c4cc0a501ba34702dc678aa4439c3b62b7
BUY,0.01100000000352,2272.727272,1751982777,Yes,0x79232fa61d67c33de811da33e6db076e0c8ee68b9c8705227763411fb87f1292
BUY,0.010999989230999773,90.909089,1751982735,Yes,0x8856b29fe078309eefef37d13b1b88841a33491b3d62e124efb78969f4b02e79
BUY,0.010999989230999773,90.909089,1751982693,Yes,0x50f2fbb5245720036443f62a834f55d278be9b788be85bd02391fb8a844709a0
BUY,0.011,1000,1751982641,Yes,0xeb5d913171af48d87e445e686a647d0510c77a6cc2ff614c23471b1bf1e08d79
BUY,0.99,1061.1616,1751982615,No,0x29fb9f7c56e711a5b4565466add8f6ab4e3af782bcc5455e31b58cb6a2175c71
SELL,0.01,1000,1751982593,Yes,0x4f6345717b1aba2368bc5f01856dcaee1241256ba3c11c100a2af8a950c47d0b
SELL,0.989,101.32,1751982555,No,0x838a78d406733e5e5f18b85226b5a94dba47239d4a812ff3e93b22d82bb4c5bd
BUY,0.01100000000097173,5145.454545,1751982547,Yes,0xb689b6e8f90ed76d2f75247dc6f709380373ac3936a817e6c9fb2a334ff9919e
BUY,0.99,5000,1751982547,No,0x4b8611d38a9aae3906742b68ecb7309c8e7a4b76bea7b6acbd67c2a90f9ab09d
BUY,0.99,101.3232,1751982531,No,0x3254971699a553fdd795ca95d7a6c1587883a35a7635b1078a7a92efbbae2c4e
BUY,0.011,1000,1751982521,Yes,0xb7b316b4e05f859aedebe2a3aa06d92a8af530f6220e4c0f6a84bf5ee2017f9a
SELL,0.989,101.42,1751982497,No,0x40997fdc6db535f44c793604b5eef8d75c433b43916dfb02b861fbf311cc3d74
SELL,0.01,649.86,1751982485,Yes,0xafd809c074d2633b08fea5508c7a8cb7920ec682f9121d11b259ec162155a90c
BUY,0.010999989230999773,90.909089,1751982459,Yes,0x85bac1911879ad36d19acc95a5d448eceb7dd5947b94125da1e75d7bd5662f24
BUY,0.99,101.4242,1751982445,No,0x0a1fa4470829d144c67ec9c2d14c8b6af848aa0d9bbdc5660c2aebadadd08025
SELL,0.989,3000,1751982417,No,0xf6a433ae6bed08ecbd26c7918824b22dab6a8686d6987b4323b44fc616cbf05f
SELL,0.01,100,1751982383,Yes,0xb90babc1f92587eb56453dea0045736b11f6197ff9d2f30f4f8df9a25086cf85
SELL,0.989,102.27,1751982381,No,0x05cc15bf40cddb4de000f38cbd80b732110875ffac25a2dc6a3ebb8a2f708daf
BUY,0.99,102.2727,1751982363,No,0x64aba6966820fe6c83f271af9dd958662d4c8dd9d4e6b55f00e53f30ba6da979
BUY,0.0110000000011,2727.272727,1751982333,Yes,0x054d08c57ef0033754bff21b31165f793700c6f3742b27d897ca8ebb539f2fcc
BUY,0.011,500,1751982325,Yes,0xba6befeb30a23c78fbcd4a1b5efa593d682865e31b7bf9497c700761d024f442
SELL,0.989,102.38,1751982319,No,0x0fb68ffe8671a02124849be2640d2ba474b37c6a12913cc6aa3965996e578848
BUY,0.0110000000132,454.545454,1751982313,Yes,0xaa6c1bb241565849a61a925f9371d7f76a48423b9e5d6c64e85986b1b560d66a
BUY,0.99,102.3838,1751982313,No,0x602a06589526c7eecd72a2f92e643c97d2ebf77991820d59da942b5a37793416
BUY,0.01100000000151724,2636.363636,1751982255,Yes,0x270a08b3e4c808a1884703c7eb84f2c3070069fddc3c0e719d6d010aeafa227c
BUY,0.0110000000011,909.090909,1751982213,Yes,0x6c45fa2ebad0d5adea1080ee9b5a99297ba17d272f9d882b5d37982b5ab53ecb
BUY,0.011,125,1751982211,Yes,0xb81c5cd8f110dfd7a907fe78189b8b1d3b2c0a113fd99718161e185e6969f6e7
BUY,0.011000000002828572,3181.818181,1751982211,Yes,0x5fc3a0bf4a6a6100a68cae396d64f8a58a431e35eb119960b2054df4542da477
BUY,0.011000000001031894,2907.272727,1751982163,Yes,0x17588c9b0c700a5615566fe83e9c45404a193fa872bb29f34d8dbab4d1dee0cb
SELL,0.01,100,1751982157,Yes,0x49f33585981988d80fde74e5dbfda30192e25cab978b3546a2d2abb493c852ef
BUY,0.0110000000011,2727.272727,1751982143,Yes,0x1eaeeaf1ba20a6c59b5090fc21a082f4da66321a7189ac670b61e246c078e2b9
SELL,0.01,300000,1751982131,Yes,0xe8f2060476ade28c8440143d2d62b33f98f20f68b0e35174d914d49ba58d6d98
SELL,0.989,101.37,1751982115,No,0xca7b5a8b57f7fbd4c0220ccbdecc960103bb0a612f3ab9e469746b4fe0cfdbfc
SELL,0.01,3000,1751982115,Yes,0x85ff2024b51c29a7a7ea1ece57d5a95ac588c1f7e99f087c976d8429031a83e6
SELL,0.011,35276.81,1751982095,Yes,0xf0abc4351960d47e05f4f94cf28faff05600aa60a4a5be07ab0825f3a3ad4959
BUY,0.989,101.365,1751982081,No,0x83dd832a6cdc8435201af1dff57b540fb8605c181a387a15523caade640a97da
BUY,0.012,5750,1751982065,Yes,0xdf25aac25952c8b2efaaed902b86cde47702849bac9fe3204ee6582c2ca2d4ba
SELL,0.988,101.65,1751982029,No,0x777085dfd1fda2f0ebfcd274f8830518e99dacb57ff16fbdb3f10c6da047b6f8
SELL,0.988,101.47,1751982013,No,0xeaadf3616a84c5434c998afaa13f273c6905ea8c19c6d2cea94f7771fb84b11b
SELL,0.011,120,1751982001,Yes,0x9d8570b0c93fa2eeab3d8e09895b0648c14cd99fb0a1f49f3149066fd44e412f
BUY,0.9889999999113093,101.476181,1751981995,No,0xb5bfe6986570ece3f01078ec6bfce6eee5383a9db818db22d7050471fda51be1
BUY,0.9889999999016214,101.64809,1751981995,No,0x3ac5409120540fd991a01d6f7e6a9b9d3ffff06b737161be8ba094137946a1cb
BUY,0.012,1500,1751981985,Yes,0xc38eba26cc5c8cc10094b1e11c889ddbd7f8ddb164ad5531d0209427d577a9e6
SELL,0.988,101.75,1751981965,No,0xddca362953a1446d1aba15450c4b9e610e3a3334ba358f1bdb51aa920f070f82
SELL,0.011,250,1751981959,Yes,0x31431cbafd6d6963e6baccf279be3265333e80579d68c528f860b227d1669041
SELL,0.988,405.93,1751981943,No,0x0f1ab0368c6d57d03ad34a965ad1ea15aeca632565b68cbdc8ecaf68d01dfaff
BUY,0.9889999999213831,101.759272,1751981931,No,0xee0333602d3394663424c99228c976b0f57a04b92ce8fd946cf117bdace230fd
SELL,0.011,500,1751981925,Yes,0x0f44818b4ed01a436a9485c701e58e03ddb8da4264b4617fc355cb6b72cdf340
BUY,0.0120000000046875,853.333333,1751981895,Yes,0xf5b13963f30a77d2c1bf55e19a2750ce348b96d084b6765b73c50f244d3bc84d
BUY,0.0120000000048,833.333333,1751981887,Yes,0x1c8e1d5d42a4dd56f563a793872fb030d6c4a84315a1cce72bf7c695ce8f176a
BUY,0.0120000000192,416.666666,1751981873,Yes,0xbf2711ef328c30b5bbb1f4b281fa3fb497601dbef1eb96e4162b6a7da8efcb60
BUY,0.012000000002394016,1670.833333,1751981847,Yes,0xec4f7e60ffb5a4c1bedeb91ea81344366d29a5a2a78f781463dc3945fde3943d
BUY,0.0120000000048,833.333333,1751981779,Yes,0xfac67e99d299a919930088c4f09d6ca17b2e8e39e7dc918bb6c038f034804bb4
BUY,0.0120000000048,1666.666666,1751981729,Yes,0x6d0a92c03d64b5e85455dd9ce13421b561b21340e4e387d4154ddb9b3796323b
SELL,0.011,1000,1751981727,Yes,0x9856846b622859fa514f46cffa22a980e7f393d80af727a9fe4939fb908b7b34
BUY,0.9889999901096836,1.01109,1751981715,No,0x691d3826b49f2923a585df22a674846114d3d627b50678c59279956b2a8a7063
BUY,0.989,5000,1751981627,No,0x2233b7446e0cc7a0502e0b340ff8b484f967d2d1fec89027b8343bb7fccfe032
SELL,0.988,101.24,1751981573,No,0xa3ed34fd67dd2a586e36f7930ab7e7ef4b306c3bafedab8d8c43c0fcd0188238
BUY,0.012000000005985037,668.333333,1751981555,Yes,0x83d5c8dbe3c9925fcc921bea50234042890ce4d0e4519cf722a88d7e0b2dc05a
BUY,0.9889999999604914,101.243636,1751981543,No,0x48c0560ec7c2bab62cffb7ca89c479d1669ff5d2f8cedec41dc600369c470966
SELL,0.011,2439.2,1751981533,Yes,0xa7afc184ae0a0eb08a2399dfe017fd8360a7137276744da224cf4dff26744547
SELL,0.988,101.3,1751981529,No,0x59642625b6682582cad7bae274b7fe9c8d133b6b9add267ad004b7ff96e75e60
BUY,0.012000000000950495,8416.666666,1751981529,Yes,0x88a7dbe6c6dc7f1c01e97c88ffa485255c2d2932e00474b20ee3a43c09f3c005
BUY,0.012000000048,166.666666,1751981529,Yes,0xef5c98d90833f707fb89e6a2ae2c685ce6604ca3f4e5f0326829783d78571e24
BUY,0.9889999999211009,101.395272,1751981517,No,0xc2ad04344b72472173789c20cb143efe7ce190509dba384fa0b8e5fff3b80559
SELL,0.010061113268341255,78495.72,1751981503,Yes,0x90e499c27beaaf49be3f0eaf22324930f5af8b2ec7b027ecf7014612a60dc8c6
SELL,0.988,101.35,1751981501,No,0xfd5b790824347f7901f15daf243d685cb47b49cecc403574831b9fcb787e0c3a
SELL,0.988,101.5,1751981499,No,0x600a0879c975e6ad3c0f899b899339e70afb20b87e1706b6637f6183008b50c6
BUY,0.9889999999802673,101.354818,1751981485,No,0x7c517d174987b83ac0c118be346534200e8005af1028afcc16ce8869b2c55e69
BUY,0.9889999999507421,101.506545,1751981485,No,0x7b406dd311ecf338120957733f6d29bf3b34b19ee7665f64c58b6a7dad3e8cc2
BUY,0.012,1250,1751981429,Yes,0x74b03d739777da8d9e94e248804fe7ce14859b14bfa2f53ed2bf0309716869d9
BUY,0.989,1000,1751981417,No,0x6d7da6b70a10bb9a623e0c0f74aef92d96bce8d2bac98574c7015852474077f6
BUY,0.012,1500,1751981415,Yes,0x6e72a90dd08a77912519f0866a0ee43930f74b1ab8e8ade0b060e9a0e76bf2e4
BUY,0.012000000048,83.333333,1751981393,Yes,0x23d6a454fad2181db3393295437b82a07f5fb324c1aefa40e648e697aec00aa1
SELL,0.988,145.65,1751981385,No,0xd8737f1669e23a26ae110afe332e9ae907428cb7f2eb6373ac61d0ba97bea0cb
SELL,0.010871360339043346,51948.52,1751981371,Yes,0xb4da65ee9c4d05ee8dd0250b3efccd134973e6c8c1cfb7abfc53471b9d5b1348
BUY,0.989,86,1751981339,No,0x4eb584857461dba9971632c11bd08daf74560b719ca8b364976f2c53823642b1
BUY,0.0120000000192,416.666666,1751981315,Yes,0x39caea6038096099d38ddcf25137ca91c0d3cd9fdc68a656d3951480c7943a90
BUY,0.989,228.98,1751981229,No,0xe727bc1819a375a672ccc29de8f632546a75ad85b0c9e23968fd9f1ae606cb0f
BUY,0.01200000000192,4166.666666,1751981197,Yes,0xe92336b8ad5594bdb32af425049969c7af40d2ed9f2657851dd2374b12e5ba52
SELL,0.011,937.5,1751981191,Yes,0x01c8bd7f70a68bd213264bece701472ae1cbc404ef1b36e449ab2f1fa025ab5b
BUY,0.012,2485,1751981183,Yes,0x18e25cfb75e6d58e7397d6842740e78aac0ac35c2568de3beae40d64f424cfdf
BUY,0.01200000000048,8333.333333,1751981179,Yes,0xdc17bdbd753ed4faae088545cb56be37ffd702a3df51a6b4e21190bf2d748daf
BUY,0.012,600,1751981153,Yes,0x93f29a0aceedf5db95d817060cdd79012797ec8244c6616f6e8b9639a627d933
SELL,0.988,6000,1751981149,No,0x571f6fe648590a45a848e645d112af87c705661d0d392d2f3346ad28c695f460
BUY,0.989,122.14,1751981111,No,0x2cefd468b640f6a7d3c616c22cc6493c546573826a223d7f3c9a5c555da0d374
BUY,0.0120000000048,1666.666666,1751981109,Yes,0x96a820ab1f2a53be065b4fd45efddcc3d70eb4e253a0a94529c665641493dd38
SELL,0.011,2187.5,1751981081,Yes,0x8818b2722c6ae96ad4c2ec0f58fe1bccb2a3e1a5c514f4b22393a65b1452d897
BUY,0.012000000001762438,4539.166666,1751981075,Yes,0x5e5acaf42d981624f0609b4ae05402dc4087b62e8e513b1b4201981b417d6983
BUY,0.01200000000048,16666.666666,1751981031,Yes,0x8b1a83836dc23b0784a32c8d5a68fa83a16cb9ef9b09fdc9825f0f4b21401e92
BUY,0.989,5,1751981031,No,0xbc157c65b1c99e1cce9875509fead8e9314c0f243676153a7e2671751fd2f9ab
BUY,0.012000000001815432,2203.333333,1751981015,Yes,0x2fe3290a720a6ac6dd442bb3264e8d348b7057db39fcf4b98af9febf2704ba8c
BUY,0.989,500,1751981011,No,0xa36c820c94008a2219bfe62f76713b2ba5c8309765c9ad38c1dc1ee8cce8f651
SELL,0.011,5000,1751980985,Yes,0x9d19d04202ec727e44ecac7c57a2b88165d5bb9a3a5381fcc522bdb98ff926bd
BUY,0.989,173.78,1751980965,No,0x7e63e1f0d04f371f90f13f13c8da861ce860eabdc73eacd4841fe50960e283bb
BUY,0.989,182.24,1751980889,No,0xfaf87c4f3de7fb0c672b18be377fa29c645af38335910b5e984459dceb10f403
SELL,0.011,2100.23,1751980885,Yes,0x0d6b6334c62141e7e3edb7d81450454e313f6086612522b63a91b15388d4d9a2
SELL,0.011,1226.61,1751980837,Yes,0x7a8b6fb13ca4decaa82b89fc81775f7f3107da407996818d1b5a823328b5ea19
BUY,0.0120000000012,3333.333333,1751980825,Yes,0x5a6ff43167d4465a8fa9308c513fdb221c1e95513c7c59ebd10d1c6958ff80c9
BUY,0.01191265167665812,2098.609166,1751980811,Yes,0x0bbf7f5f292fe031edd5f6a7ab78f1dc473e412b14bbfa2afbf77bfc9d573ac2
BUY,0.989,1000,1751980787,No,0x021c26699007a46405d0ec3b5dafa06f0d2ab927524ab75ecdda0de093aaef63
BUY,0.012,200,1751980757,Yes,0x5344c5507945817d8c1388aa11355a124f519db7aefbc6c565045810b36bb43c
BUY,0.011918998488654901,1677.993333,1751980727,Yes,0x8a5a25247d03e1c4506fb56e6fd16f162b8af769657d40df686b09eb986e4270
SELL,0.010063381335756776,102553.85,1751980693,Yes,0x49626800572ef17fddfd0117faed043a2efb2a2930142586c41702d067708cc1
BUY,0.01200000000048,8333.333333,1751980685,Yes,0xc5e1c603dee7da06384fa5d0159c48df4ba3e91f81d9d0241925c5105b5f120f
BUY,0.012000000003391027,2359.166666,1751980635,Yes,0xfd333abf6824540a1cac342fd7e6483aaa05bef539425c326dbd84bda667152c
BUY,0.011841273466023176,897.7075,1751980599,Yes,0x6d049545591ce77decfa30c00ff26d3e345fcf3351b38e4d27152933f79edaf0
BUY,0.989,100,1751980599,No,0x51394c4b6f8a26fa0edb748dc39835a52bec731dc880939255a68f012cc99693
BUY,0.012,8342.5,1751980599,Yes,0xf2e49ab25f946888e2531e24acbb8e604132ab7297d01885c4f825930d5850aa
BUY,0.0120000000048,1666.666666,1751980539,Yes,0x1e0de37d6ca2e15c3f1839db026034ed9a8b93ce3c3036a35fdacdaba5b37f8c
BUY,0.99,1200,1751980539,No,0x7c7e595799a72126c16d4379b889a3d46c52467f6d10d39a6dc3e17ba33a7ebe
SELL,0.989,400,1751980507,No,0xfac46cadb54fe96a1fe748cb463176623dd61e70ab2e54831b5ab34f20979a9a
BUY,0.011000000002802152,3211.818181,1751980499,Yes,0xa8b15aaabc973d1e62a39b34c4ef06a1b8de54cfc996e0ea1d52419fa9cb2c74
BUY,0.011000000001472558,4753.636363,1751980471,Yes,0x9392b7ef20b933be24c0d44f9405867b020c46b6f9fddff19752f6c142ccb712
BUY,0.011,100,1751980439,Yes,0x6f3264f533912bedd662afdf2148ce37a26994591bb3371e3cd0a48410b98b41
BUY,0.011000000002444445,3272.727272,1751980411,Yes,0x4989fb3caae2cefb74bb6f62999794f7342a3f631163bdddc341072e20eb5a0c
SELL,0.01,68330.74,1751980407,Yes,0x39495ec7ff438893310742d8147ee3edbea43609b26ad87ccc1e0752bf2131a3
SELL,0.01,208.33,1751980397,Yes,0xe3ae2fc84c4ae192322d3f15ab205e3305b01281ad30bd9185fc8d5c84c802f4
BUY,0.0110000000011,909.090909,1751980387,Yes,0x98b1574a39c736a371fb539c472d6ae285eb6329a4535d956844e52203d05196
BUY,0.0110000000011,7272.727272,1751980357,Yes,0x5080cbb03c69b184b099f72536ff61be90ac538eac83772de1e3a2329910c88e
BUY,0.011000000040314137,173.636363,1751980327,Yes,0x77096493b2f10e97ea8298b6106906cdae4a2ad83ea97db868b4b0b4e7169454
BUY,0.011,100,1751980319,Yes,0xb59ea95a0902e076428b5f02b5d48c922b93b647109a7f940fda5f3507a1e819
SELL,0.989,1.42,1751980313,No,0x853f99de8f4921ea598e276588645af3e70dae133bca8a7e537f4e25811d097e
BUY,0.99,303.0303,1751980311,No,0xbe2eb53ed27c46ad66a1270c129cd1293f90bfb12a960c0ce8131633fa77c225
SELL,0.01,10177.53,1751980299,Yes,0x4f3bc87bcde0e25e5945cd78da078e402e43377858c050976b013e03f1d5d3ec
SELL,0.989,3725.78,1751980295,No,0x69ac2f6b9adbc9bbff40e254a6e0fe0ead3813ea402fd9d0d300faeb567df3f3
BUY,0.011,1000,1751980293,Yes,0x5b916439e66b72cb6dda8d61ea81b67f92af84222a4aa9a7da7dc828b6fa93e2
SELL,0.989,101.34,1751980285,No,0x82ee436914caed714a008a763ce52827392484b19f23ce3862e23b9971868b47
SELL,0.989,101.27,1751980285,No,0x5aad72306299622da519a4fa7723f76407332549ca708c2667e453364c0f337b
BUY,0.011000000029333334,272.727272,1751980277,Yes,0xa2e68097bd1957557da491f71f4ab17d3945f57b8f1dfa481b04b9af23d5ed21
SELL,0.01,70,1751980265,Yes,0xa2cd4e8c32357b60e78977ec0dc9c500fcefac8e7cfd54f58f390009a9695742
SELL,0.01,35580.32,1751980261,Yes,0xcf848369d32ed9d44c553bb24633480d88d741146cd954c13c1e900604b6024a
BUY,0.011000000001147326,3486.363636,1751980259,Yes,0xf4a346b9890c1d6e0e3edc7eac78291e78f54f812c852821f8ef59313cba92ad
BUY,0.99,101.3333,1751980259,No,0x3b5c2e189b26e9f9a81297e967663d7dfeaa986c1cd106d109646ea9d06490f0
BUY,0.99,101.2727,1751980249,No,0xaea846c80585ab5d79930d18b622d4c69135f567a8c3beb98c20ace621b3f070
SELL,0.01,3984.53,1751980247,Yes,0xdea85357ce4978907f7574da2ff2225e400c828d33f7f2e8eda6a33fc5405962
BUY,0.0110000000132,454.545454,1751980245,Yes,0xbdc981d2ec8e38e5b7dc7090f66f1f38677d9d6ecf4bd4c8d6acf010a67fc647
BUY,0.011,91,1751980245,Yes,0x7ca90a24cfd03c1e5fe2ca52ec0fe434e93aec83f91d4bae93076c3fc9e267d7
BUY,0.011000000005133334,1363.636363,1751980221,Yes,0x99209029525c4435350a9b7369aa17fb8cd072627a43746b3125b8c7b0f90bfa
SELL,0.011,80000,1751980217,Yes,0xb1ad3180341f4337ac0a49d22c5c80a068a30d9781ed4e0d6ec5b89323c2a4ad
BUY,0.012000000192000003,83.333332,1751980213,Yes,0x6f70457a78171c4254212c75ea931279e28c9e6670b254248bb0b4ce907cb444
SELL,0.988,101.48,1751980203,No,0xc41a74c66929acd1d38eb2118783ba72cc8a43fcbc251c7f8f9914a797e9f394
SELL,0.988,101.53,1751980201,No,0x69803050e4d17dfc0fc5c5741b7d875d1d30acde7b760fdf15fe8597f37758c2
BUY,0.012000000048,416.666665,1751980195,Yes,0xfc1a373a72e44763b93087beda0d5a5dc011b7e453a92f6c20ce0078e788e8f3
BUY,0.012000000012,1666.666665,1751980191,Yes,0x583dc36bde591a225a1bff485d704f58096adcd485901d5d2cb75b0ae69ca982
BUY,0.012000000192000003,83.333332,1751980191,Yes,0x382cf86d068da05e8a4160a79efc309c167abcf84438c5941b85e20238ce8a5f
BUY,0.989,71.183,1751980183,No,0x895e0f3e3dbb019ca7f8aee12f869d2a54a84b68f48c3f0fd2acc0d9153d6e29
BUY,0.012000000192000003,83.333332,1751980157,Yes,0xa7eef519996477e00725bcc9bbb1494571852349c0b66d5dac4cd9ce046bef5f
BUY,0.9889999999803027,101.536818,1751980153,No,0x69814f0b029c0ee6121616c65d671051ac88e21907bb71fc5229bccd15c9d99f
BUY,0.9889999999211716,101.486272,1751980153,No,0x24e9d8ff18f4fe3f7705116179ed37f1f08e0deed6b09ce5a5e51ec8df599fa6
BUY,0.012999987324999683,76.923075,1751980133,Yes,0xa4d59b71fc48ae4aa6a93ea0b54259da840b115d3709c0e313af56445d055d93
BUY,0.988,12730.71,1751980133,No,0x1f056ab18bf06cd76ffd159c31c09dd2e96d4452d1220c6305982fe1e4eadd8d
BUY,0.013000000001293532,1546.153846,1751980115,Yes,0xe1f903ab59b7c8efc6400ed958cd47ea1961b1ca87e70b4b185db08aba9d6cdf
SELL,0.012,8343.1,1751980105,Yes,0x80b1dce990acc6500243744be063aae61d36978e3aa51a3c1fd2b341fab50083
SELL,0.012,1820,1751980099,Yes,0x4329a01532114edb8eaef897bc1cf0cd357aca782651c0ad8b4171e9e00576a1
BUY,0.013000000006532663,765.384615,1751980069,Yes,0xa016ae81a8278f51ddf065187509ba6e9e90e64a32f570eb7992131da998fc52
SELL,0.012,1262.51,1751980069,Yes,0xc39b3f1f3fbf2a2363bec6a26e4150b020c84ceceb308ed025a8043ddef2c802
BUY,0.01300000000052,3846.153846,1751980063,Yes,0x6bf6655fdb20cca032e7983d261c5da3ababb3290a5ee388bb9b1f5fdfc98734
BUY,0.013000000001043153,8627.692307,1751980039,Yes,0xe7ba866b2ef0bfeb4808a4cfc19b9782e2f7103a2297c50b83012c2c33a66303
BUY,0.988,2000,1751980021,No,0x90722d1745b036d7da2532e0e39a6816fae896103fb6754175f07d6c38f54f8b
SELL,0.012,6002.48,1751979987,Yes,0x7ca4506497184037cb9567d71273810841f0597d2e6630043b3eed837af921b9
BUY,0.988,495,1751979947,No,0xd9ef665d0848e87e58229f884e09652bcc6bad2b7ffb51ee74ef8614a44f0492
BUY,0.01300000000221,7692.307691,1751979941,Yes,0x03746db3a83faf3548fd53a42eb0d8ebcab396097a42add10c8c9b0a769092fe
SELL,0.012,119.96,1751979927,Yes,0xda7f3b01ab4d595a7b8c836d3f46d22d55eacc6a8cf46abeae8e24beabebe04f
SELL,0.987,1,1751979901,No,0x74c0b7289c0ecaf590888cc4eeca752af8952497e7a57e68c21a482f5cd7d1f2
BUY,0.988,2000,1751979901,No,0x77d603477b356139d91196b488da00243dde4ef7abcc3653e24f2f8041922c9b
BUY,0.988,1000,1751979897,No,0x210c2c9567ed931d860663707f39008faadc30d278c9266366fe86154e045f02
SELL,0.012,24623.75,1751979885,Yes,0x63d5ad07b9670fbc5bb89adf4c3c86800ec28a1f3bf5b27d05734705facf73ed
SELL,0.012,45963.62,1751979847,Yes,0x53353e966e3e255832b9643947a7008ddc4fb9541599c872ad1eae6cbf39524b
SELL,0.987,1000,1751979847,No,0x454e7bb0447415337457533e6b53755d742a179bfca678ba88e19dcf94a699a6
BUY,0.013485826966521047,14045.857141,1751979841,Yes,0x1f2fdc6cd4a97c20271d7295a526e45a4ee3e5512ce9adbc68d241cb01e66761
BUY,0.988,5,1751979827,No,0x46fe52d926775919e5d4c27764b4c3aee649e3b56b26bc7273228e59f304b28b
SELL,0.012,1299.91,1751979821,Yes,0x3ff3e92c52d199780e488b9a6965545ed16f723125a6e9b4ca27525e2586fe8d
BUY,0.9879979989854857,9994.93,1751979811,No,0x6f616648c6e812469606054783f11a506ef54f1d0e4271b3419d2d316ce8433e
BUY,0.014,1000,1751979807,Yes,0x59549af0c6d256fef9022ca01ec3066bd5163438b36e97712757acd402b7acff
SELL,0.012,2.33,1751979783,Yes,0x153210945b4ee3aa2eb6f5c660cad685427448b9cdaf070380f04d36a0cbd291
BUY,0.01399999986364,7142.857141,1751979761,Yes,0x0ba3b460e9bf5366a801f0946b6c9a0aaf9f09da9b031947a8f592ae596e0443
BUY,0.0130000000039,1538.461538,1751979749,Yes,0x02035f93b4e7a2ccd4750d18f4cf60a50f73b880c1851af3d32e073e81c680f8
BUY,0.013,1000,1751979745,Yes,0x380eb8c730d697d964210e30b222cee56ba6f8da5f5fcf37b1721b199b08465f
BUY,0.9889999982874044,2.335636,1751979741,No,0x6dfd9ee4d91d5fcdc110241c2600854a85ca5e80667803aa8effc74a2a80cfb5
BUY,0.012,76885.14,1751979739,Yes,0xf10a3dfbfa215f80d135963486ed6dd49e493a904fdf03753b969985d846b92d
BUY,0.012000000001897796,8430.833332,1751979673,Yes,0xb0f99f42884ce8470f411cb04417f626d74685f3bb4e13dbc949a1b518e5c146
BUY,0.012000000120000002,166.666665,1751979673,Yes,0xae95bc92d58aa1ce6f779e22a62c7fc4a0f38cd0f67e653df62f75692242d15c
BUY,0.011162043204195098,89589.3325,1751979661,Yes,0x40b3f983de65ec9752c4f72f10d845f98002588fc0ded24efac3da433860f77e
BUY,0.011000000000110699,81301.818181,1751979639,Yes,0x66689e35fdc0bb755f077a324a671d7012a67f6787089b6fd12631bafeb1be8a
BUY,0.011,315.38,1751979639,Yes,0x4d57c064c6bb7c5214211597ad96a492f7cdaeabab46c767b7c760d8c4d0a557
SELL,0.01,100000,1751979635,Yes,0xb2dd2a39954b41a56c468586702f386dc4748013a1ccb4ea929a5eb1d7c7db93
BUY,0.01099999989231,9090.909089,1751979615,Yes,0x759d65c87b53440467f69496d2a22c806b21b4dc3e020750cbfcf76ac4555f98
BUY,0.011,1000,1751979579,Yes,0xca83ddf0969ba9b1c152bd6dbc50fbf473f81e418dffd754c1f852c448f456e3
BUY,0.99,2035,1751979579,No,0x731bbc1f139736cc7df2953a59c96af4ac7961790737f9afcd40401b5203bfc0
SELL,0.011,2935,1751979565,Yes,0xe97a27e405de01a1e4377c0a09e2064d945a16b20a3cdd813ddd6de10c17e9c7
BUY,0.989,500,1751979563,No,0x9c2c38d9ffc356552854839d2a5c31dfab981bdedf29c4a79e657fca07f5f957
SELL,0.011,1600,1751979545,Yes,0x93c24ad7a02919fc977abaed19f45c0164fcfbe1b52f72a42db6574332d9759b
SELL,0.011000206491922194,30461.24,1751979525,Yes,0xde0f99c814ac126e6d22f65b856cce60b39a9d7a3a2674854fce4ad07a950b74
BUY,0.01300000000052,7692.307692,1751979517,Yes,0xa71199ca541df0fcd9d00eaf0ac134b0f151d6f07caa133c19b9b1fa5aeb185a
SELL,0.012,5442.03,1751979507,Yes,0xd6c01caab0e45a98f08dc0623259edac902b0e55b678f23a69dab8ae49059cd9
SELL,0.012,1347.35,1751979477,Yes,0xbf3a108aa818de98d91d83207d83ab74f80fc6eb6a4f9d66dc5fc3767b4a935b
BUY,0.012,17,1751979471,Yes,0xfbd0b840372cb031d6d0c3fdc7ca21f34d417da9e921f4312a74eac5b9bfc7f9
SELL,0.011,5647.83,1751979445,Yes,0x7c8e2152fe5311702b29b013121f7b3ab9f33d9ae16d64def4ed21721ff4b89b
BUY,0.9883903,40000,1751979437,No,0xf1d6111169f91b7a680cefc7fe06893890a39c6cf90bdda2e071c9317ed94fd9
BUY,0.012,2000,1751979435,Yes,0x91cb355ad92fae870c0644ac7d068f2661f055a7e8d2681c874757727ac84b1c
SELL,0.011920656376540254,45934,1751979417,Yes,0xb59c5f04360649ae2c7da7fc71a88d1a73d49ff87292fdd9753f739ed4e3cea8
BUY,0.988,5000,1751979405,No,0x8051d8a2f01b38f122f4cf92a7cd7a3d9ce04bfa083c87ab812db5b601eeaa26
BUY,0.013,2740,1751979393,Yes,0x76979722ec96c8e0112f819bb61fa67e2cf25c41ce622cd52cad6b18d1868621
BUY,0.988,3000,1751979389,No,0xe493946373744677903f018f85f4bae85ae6c2921c2fe1a6dab49d6e53dcdeb9
SELL,0.012,3467.42,1751979383,Yes,0x3b9a1b5a60a6e2e738af451eb9ac41d74a0ff93930568f1117c4b671ea420cf1
BUY,0.988,150,1751979343,No,0xf70825e1ee019ceee1e706aa08d1663f83fbfa80649363d6632159ef1978b689
SELL,0.012,10884.06,1751979331,Yes,0x84d47a77fc09f6ba3ede5da63887c58078acf4d2eaf6112bbd7f4acd06a1cd64
BUY,0.013,80,1751979325,Yes,0xf5edc90383b171a24f5ccaffaf8d59a51d222bd9d9f4429021bd47d5a55cd273
SELL,0.012,2000,1751979325,Yes,0x0c3e02a167f00de49a4dc3b5255d4d89e1e8c9db0e3cf414da1dc100afc5b8cf
BUY,0.988,16000,1751979313,No,0xeced256e889db4ea46dd6120f6b3cb5f88f335d76419d3ade3b0fb456997756e
SELL,0.012,291,1751979307,Yes,0x3b63cbd9c8fe5abd95b452e4a690c3960430208cf4956df8ff25898ab4bb1995
SELL,0.012,20000,1751979297,Yes,0x2fa3aa513e19dd9e1875ea25d41971e26f1ec93a61540f1432f709d10b74a336
SELL,0.012,5300,1751979291,Yes,0x576604fe168504d7ebc41cdbaba63baaef58960fc0bb26adf566092337435f79
BUY,0.013000000054600001,384.615383,1751979283,Yes,0xc672594677b6c7afff44fc1ea9febefbe3065380480c8ec836929dcd6ce4dc15
BUY,0.013,80,1751979275,Yes,0xc806e54e95a6a55424d3bf80f3bd742a1076d77083e2be3327eed72abaa67b72
SELL,0.012,21768.13,1751979265,Yes,0x1bc8d51e4ed27914d53bc3505a94fed3c362d43c403ddb45c57f481835787706
SELL,0.012,2000,1751979263,Yes,0x412fbcfe3c1fd86b1bd094b50dcdfa16f9bbae9219bd865a55707d683bdc218e
SELL,0.012,2322.58,1751979261,Yes,0x0f3bb9ce8d29e0ee83ab76565f6f51b34bb5dff3dcd8c649a526e31888435bd4
SELL,0.013,150.12,1751979245,Yes,0x8eca31cc0a04ad8a63e336875eb80c551bd96937df0d447271686c67e578c735
BUY,0.987,2000,1751979239,No,0xe395cb205d3b3444a821bebeb21beba0c4e4a1940c758612af3490e50ccf9fab
BUY,0.987,10000,1751979239,No,0xf30cb1347ace0e88b60b325d288c359d46bbc780e8301ee8d60b9d8a6fb231ac
BUY,0.987,3333,1751979239,No,0x37f865d3a9bc23793ee2e27498abaf99bd44015340b97158aa516fa8095def92
SELL,0.986,24.61,1751979235,No,0x1708594806652140ed72544e5f99fe1364c086c7a8a91df488c8d1a64a5b7647
SELL,0.013,35360,1751979217,Yes,0x32826ab0870c12789d664140d6eab67eb90961ec80ed6655a8262f16f69263a1
SELL,0.013,200,1751979207,Yes,0x159362ee349c87dce91ba41c4a6a3c0a54833f6235df4031175001f0478a4056
BUY,0.987,1000,1751979207,No,0xac6149355afaee617f70d8ec13cddc602b5863a915aa3d60760686ff57db9e1b
SELL,0.986,4373,1751979205,No,0x04c4bd75d433b34ab70d0356ef98e74610eb066281ad4dfeff56f963c5221148
BUY,0.986,1078.83,1751979199,No,0xa2a99032c896d6cca43b853d526e8b2649a65668d53d5c61a4d07394f2ff242d
BUY,0.986,25000,1751979195,No,0x49e9834c10a7991a0369965eaa508eb44e1ac017a1520f2afbe4f91884839e0c
SELL,0.014,7664.68,1751979153,Yes,0x112f6a35dd1ea433c1162c359d71b988bfed03b283522cf828c1bd4ce242a5b7
BUY,0.014999998952363895,930.666665,1751979139,Yes,0xccc59217caf27d8aac2d29bf4a81abb90014b216201abee4d584adc8fd7582b5
BUY,0.986,1000,1751979137,No,0x6573935d37bda6b97dc6ba870c68d959708c8af8bee7daf8c980b4e0b1f7b98e
BUY,0.986,5000,1751979131,No,0xba0a4e68eee39cf4e2147b64e1f4ffd64631c105f277eedd6c5df1cc71cba35c
BUY,0.986,10000,1751979113,No,0x44f92a9781217c0c42646ab47ae5c150fb2403b987d529ab9efa10f380673b75
BUY,0.986,5000,1751979099,No,0xb16366e16a1b11a16c4d36652d64eb6559ea7de626752e5384c789f5661d5bf7
BUY,0.986,10000,1751979097,No,0x1f30185fc919dddf45c76b8f21bd5ba88832a15f8bacc515672bc9eda687888f
BUY,0.986,5000,1751979095,No,0x05e983923e14f709a82eab2ab29e51187bfee291a334f150b2f4d90b257beff2
BUY,0.015000000006274838,3187.333332,1751979087,Yes,0xfb8f64739449ffec4e348d70a1b5df34fa303a08cc753d3f3e1efc3d9fed2fec
SELL,0.014,1596.4,1751979081,Yes,0xeb582daee88fb6338bccf2bc1942e2016aabd72cdb95d15229d9f76d4aace612
BUY,0.014999985374999634,66.666665,1751979053,Yes,0x870c0aec1e2a1573efe20715e4eb29b36243d2608929543caade6efc0300a794
BUY,0.015000000015,1333.333332,1751979051,Yes,0x49e162d5ed15fc223b4519cee1b5d1d5761d41ffee41545ecbee429f04fe3295
SELL,0.985,40,1751979037,No,0x9c8f758b005115c00d48df316421588b6e7a3f0939f3dc6b2c67da21d9c79c03
SELL,0.014,15220,1751979027,Yes,0xea50e461b8df948b97767bd5aeb58c1ae3daf2ee099c01738fa2ab0979b2955c
BUY,0.986,500,1751979023,No,0xd3054aa2703de97ed3edbad79850c6c0897a0029ba2e88bdbe5ba97190ca7067
BUY,0.986,5000,1751979019,No,0xfc2f1127575d08be0b3a09517d25dc1fc95b79e416d6807dfea871d64f9dbbf1
BUY,0.986,1111,1751979011,No,0xf6eaaefd49d1b0dd6b91c0495e99f3bb2d31ff5a104a0c59de6757bb6f9ae737
BUY,0.986,1490.87,1751979003,No,0xbf7fa37dda0bf4940b21024ca0a139aba566b5406e495083837f53e0a98b8722
BUY,0.015000000027124774,737.333332,1751979001,Yes,0x8af1510d0e6fc0a0cc1e7d906163523bf1f302d6b4121d66ce72e7df50c159af
BUY,0.986,500,1751978977,No,0xd61c3ff12eec97109005c10f9e0b29c3286c906ad54416c9bafa6cb894b185c0
BUY,0.015,2000,1751978955,Yes,0xd5d0ee56b095023d268a3c7d46c069d98b7fefb3dee81d629b2a49f2a75ff108
BUY,0.986,1.217,1751978949,No,0x05e62f86a2f37663a2140a942ad903644840136cb2192a63d372810f67746c21
BUY,0.986,500,1751978945,No,0x05075bf20012898c8de33e82c755162316abf31ef7aa5ecddd52367b81b3e35f
BUY,0.986,22222,1751978939,No,0xeb09a513efd170da8db1b20dbcdc3020f4d99f99534347f1b98b9d811953c92d
BUY,0.986,1693.22,1751978935,No,0x98fb8113b09e87ad4395353f8d83d0e149f896ec53c7df4b4d8d14cfb6dcabd3
BUY,0.01499999985375,6666.666665,1751978929,Yes,0xfd6f3644808e0a4d4a490c3b09bdea20d370e67fcec79e2d05a6e88e97bb7662
SELL,0.014,15337,1751978925,Yes,0x9da6acc7bcb46e84dea16af534f675246e6b586da983d5fbba0b553719820517
BUY,0.986,20000,1751978913,No,0x9fcac7c756c9f571d4942e9c147ca315c108fd461c8ff64499622a520d9d84f4
BUY,0.986,102.83,1751978909,No,0xf3b73e1ea86a9a75adcc22acb9c6405a39724539bef6bc753f3d956cd99046c5
SELL,0.014,15433.76,1751978903,Yes,0xbcf82875a95600ae52190b9ae3b8cf9fc415e458895fb808f6d3339134c3f4d7
BUY,0.015,300,1751978901,Yes,0x2994c0d0e7a3b344bdc7d5f0e5a52217ab8f91ad7036ad66d4f70c3289a801a5
SELL,0.014,243.9,1751978901,Yes,0xb51c57941c029f5edf2d6a9dc2e26c6b1156e89df7005789a75618d7fbef7d59
BUY,0.986,2701.8,1751978899,No,0x0c8c9dcaff7b027fa69e27c5be423d4d684fc1aad2f4c9d10713fa073632182d
BUY,0.986,10000,1751978875,No,0x6b479fe771d592426b3000898d0bfa86e1abc604538e458a96d8bcd8b56dccfc
BUY,0.985,3317.91,1751978875,No,0x6e306d1276046a26b2022b98d95c82c1820c529a1292694d984b47c7148f6e28
SELL,0.015,11111.01,1751978867,Yes,0x9ab213945ffd2de20043142b6f0765388313ff775649bb0b1d1301a07260db2b
BUY,0.984650055,20000,1751978859,No,0x56982607cb292f8a531eff9c801e413ebecf7842425e7d24398d02522be4eb33
SELL,0.016,1000,1751978859,Yes,0xa9f9a47f5a3f0f34c402b11a87cf241ce045cef38db82ee81c6337d1c906df60
BUY,0.984,2000,1751978855,No,0x4f652f1052cf392719470366e4b7b8e4167527a8375276ffb62d1d7909005b1d
BUY,0.984,20000,1751978849,No,0xaa7efa63921b885574294f99504b47a87c2fdb95086fc503a6727378d78f5751
BUY,0.984,1.0975,1751978849,No,0xb8518deb02eb1c48221b345c93974623a81ce484833f73616133c87a2c58837b
SELL,0.01506585771440802,1822.11,1751978825,Yes,0x30fbeae2cef58dfb6ab917178812688fae3e967ca3b1c74b5c468e7fd6558a75
BUY,0.0170000000034,588.235294,1751978821,Yes,0x52b1f14e6f90957fe33f0f350573686cbb889a6f8aa308862b2fcb5e1a111347
BUY,0.985,1.3502,1751978777,No,0x5653d3862342aea30920bffa0f5f4b7f2ab0ddf548522622ae0254285f925ffa
BUY,0.985,555,1751978777,No,0x2b1e75e52416c96b2144f81276e9f6f2e7aa90b480a729ee73ad7cad2d66f0db
SELL,0.983,33,1751978755,No,0x3570722a246749b5a1937f1211ee6dd1f676b28c82c9a4178e8171673f20d2a6
BUY,0.016089649558999376,31075.878823,1751978735,Yes,0x1dd886e5ca698b9386fe138377d87831fdd221553d18c750fe5f224c2135dded
BUY,0.016,62.5,1751978711,Yes,0x4017bf793ac55d3d946d5318acb6e4ffcaec22eb7b6fb03d7b1a5eb159d2e628
BUY,0.016,625,1751978707,Yes,0xe4a44d5250ff00c64cd019e51b81f20f206c68c729f6180c19b95df407663a3e
BUY,0.016,75,1751978653,Yes,0x26f65cbcd6de22ef9b44c321105e2544c71c672fbd2fdd88662c54da0b1a49f4
BUY,0.9849999914344401,1.1674660000000001,1751978641,No,0xd0fb26acad6f281982a38dcdd06a0d5b4cf13ed762e61f9d81717f14f876a4d7
SELL,0.015,40000,1751978617,Yes,0xaac0fd67b9716325612f44139bb4a4bab662f1c422da1ca370f7caa7befc1e6a
BUY,0.016,625,1751978615,Yes,0x2bcc0d539145c9585f7cbab6ecf8bbc187ac45113519212e92e9d88f896e2e5f
BUY,0.984999991791612,1.218266,1751978583,No,0x315c334c2adaa6798d0fe323eb110beb1080d7ece54f4be1d92210960bdb8d59
BUY,0.016,1875,1751978569,Yes,0x89c205d2a484c33094d2750754e672f2d9c3d2e4e18836c6a19723913195a18e
BUY,0.016,3750,1751978559,Yes,0xdada057e8904c9d30e7397261d52099ae10cb0f7accfc6d2fbcb892e8fe49eae
SELL,0.984,100,1751978529,No,0x798aba51c7eb53c20b376a2a76daafb37538f9f3c16f8a4157d7b0a59b9a035e
SELL,0.984,300,1751978493,No,0xe6e68939b9bb2067ac22442cf7601fbb84cfcb8b4e29f0cf22ab02ff02f9a9dd
BUY,0.9849999953092736,1.065933,1751978461,No,0x1332ed93e2fb79606ae118f03f097ffbd613148a06e1f1a81e0b42bb467d8b4c
BUY,0.9849999991045417,11.167466,1751978397,No,0xd92d504cf849e948d09fa7f4a2bd2264ded1b4298b9698b8f736b8c8f8181eaf
BUY,0.016,2187.5,1751978289,Yes,0xdb017e608d730d23b98228c4ca14d9da1eb26d280cd4e4af45eb722f513b5025
BUY,0.016,1250,1751978243,Yes,0x9ff30c99fc1b192907d3555ceac66d641de2506f25edc84a087a41e6a7b0d89c
BUY,0.016,62.5,1751978187,Yes,0x87d8bd989eacea1d17abf443cd6c01acc31c867c97bb5d80bb84af0717e8a97d
BUY,0.016,30937.5,1751978167,Yes,0x2693cc91d8ffd3867107961d1f26099f28bd00aa8de7449f61efe12fd5726243
SELL,0.015,11043.49,1751978121,Yes,0xcfdcf8a2ef0610ca2eaf228316e8829b7c40c32c5ee84530972da24a955db298
BUY,0.016,9278.125,1751978057,Yes,0x90b412ffcf5aaa186128d26668823762ee516073790717a865be49fbe3411231
SELL,0.984,2014.89,1751978055,No,0xa5dca84270e55b5681b6a98da8cb5a1304ed4041a462599e921a475530fef4c1
BUY,0.016,3125,1751977991,Yes,0x8e8708e3c323260963d48f85316a87a636f9d639aaed34dc1e035ba2f9e1174d
SELL,0.015,402,1751977967,Yes,0x03bb372b0583ef7e18528ad1320e14316dd379ed0bc8d553be5b4d7bd69f6f0a
BUY,0.016,3125,1751977947,Yes,0x99a7c5938086f6dbfc3fd5e08098c0d9692407d421eef8ec51b03e1d94f1c7ad
BUY,0.016,62.5,1751977927,Yes,0xf03a8dbffd6e45fa948081dee8f86452909311afc8aa3d3fad2fce813d7aa51d
SELL,0.015,4350,1751977925,Yes,0x2aea09c8d868d37e96b917b7c478d321bf0a4ed8b6168af97a98d920dd131823
BUY,0.016,1483.125,1751977925,Yes,0xe0b1585435e8d63da31a8ad295e1c2c8adfc4a9b5034725bb66fe9cd5417dfa7
BUY,0.016,31758.75,1751977913,Yes,0x2a2ca8bf32f0cba99488a6399801c016ca5e656a9a8c566cb25f4ec8b7ec240d
BUY,0.985,130.9238,1751977875,No,0x80b911f6bcd3ebbec38dc7c73747182d0f7c13e1e67311a0cf4d91e35860eeae
BUY,0.016,4414.375,1751977867,Yes,0x1f2b3297468a47fdc769a1e66d315cd6d699b59ba692f54437345c4929bea260
BUY,0.016,67.5,1751977689,Yes,0x8227929599807775c9920e81acaf57a3d42078eb5bf0706b85dccfdb06fe26a7
BUY,0.016,9750,1751977637,Yes,0xf38331de007b3f8dd470ffa2ba5ec4da60da87d369ad3b3e7dc9cc44fb31b28d
SELL,0.015,200,1751977599,Yes,0x2bd07e2b37ff84b82a410395acc127802a22e8b042756eed2de28e7cf76f8de1
BUY,0.016,1500,1751977573,Yes,0xec885d88f3c97b896133311f75361e3954c0b83cc01e1da3883fd914e43f7d36
SELL,0.015,307.69,1751977565,Yes,0xd339ac108d7ed2f48468374489dd4ecb2380521cb6c9decaed011f68ef05b16a
BUY,0.016,4687.5,1751977559,Yes,0x3cc95c9b89b7c2091e5f36e79b4e66300b7cb21fcf7c1ed7e42ec110458ae162
BUY,0.016,6250,1751977513,Yes,0xa7e21b6c07e3dd4274c149532de4c81cd24d211be338501d219d7902a330c5e8
BUY,0.016,3125,1751977505,Yes,0x885bd186213722f17e717735bbc6c160fcd43e7f581d82224bf3857dab23ce45
BUY,0.016,62.5,1751977491,Yes,0x654459cef22dc8545fcb0a550d499155a293c2b94bf64cd06c5da6bb636eaa0c
SELL,0.015,10005.14,1751977487,Yes,0xdfa86fc2e8a57e35b1283cea4fa943d06c6c3a3e6c99e4e66b824c374b8c6e05
SELL,0.015,2053.46,1751977461,Yes,0x3d164b15c32eb5e2e3abd225b0b2ca08f57077bbdb259773440a9e2d05fc1ff7
BUY,0.016,1872.5,1751977419,Yes,0x082a53d22ab0ef3858666284a4fb106ca98c77bfd3afcd28be73d2ddacddffa5
BUY,0.016,310,1751977301,Yes,0xaf2f9efd8c1a268dc2fb48fc6eebf8f664274c16ef6fe54f334b1f40f183031d
BUY,0.016,1092.72,1751977273,Yes,0x002e53ec11c6d82413fada8c715be398e776a71d16bead73d6507e839e3c9730
BUY,0.016,86.875,1751977101,Yes,0x9ef6262bf79cd64fad2c62486e568c7922abef9af73519308112b84919d39e61
SELL,0.984,7.8,1751976989,No,0x6ac0628f616218da225b6ae33328a1a7c4ae2e52788ab07b0722f2bea2673b60
BUY,0.016,1250,1751976965,Yes,0x221e7c92cc1d830adb6a2fd92061548001cc87f0adc66f6e57c627b25093fd48
BUY,0.016,1315.625,1751976851,Yes,0x640a445bc00f15f3597bc57a79fd710a9623dc66d97a87beac110fe2e9c93e97
BUY,0.016,2078.75,1751976711,Yes,0xa9e1903fdf6e455487ecd17276587b015eb0ea85e1792c7ac6e8f23da4b6bc46
BUY,0.016,62.5,1751976669,Yes,0x9ce2a9823411439cbe40c430edd00f8e18df1d7ab780ac6744d24e6ecd26b9d2
BUY,0.016,181.25,1751976661,Yes,0xd0eb029241ab788e32c9a44a7d7e649e485327e9999ed783f782149f0df36858
BUY,0.985,7.8,1751976649,No,0x7c7209dc1160e67646068cf1ab639223a0500b969bc5185ddba665dbc1b6ecee
SELL,0.984,727.13,1751976391,No,0xd5ce7d47f70f9b9eb1c034cbe871fd4b555a8fbd99049b7903c73ca36b817530
BUY,0.016,125,1751976293,Yes,0x7f316fec716af4bf941387975e603398a606851ccf5edf20bcce1c459b815537
BUY,0.016,593.75,1751976285,Yes,0x687ef6f544e597d2f70eec8944f8a9e0f548e7bb33d3e5480204432a7c6446bd
BUY,0.016,1799.375,1751976273,Yes,0xcd446cb17351c016d6b123ac0eff1b791a69ee0c6cd9e5db76c4b962bc1e5e56
BUY,0.016,62.5,1751976191,Yes,0xa214a86eba6e2309b0ed302e3774a145acb658a0627bb7fe85f582c490d804c8
BUY,0.9849999999403897,83.878133,1751976111,No,0x77b1404b86a9321dbde7f397709e8b0080924bce3d97b447e535bff576d19586
SELL,0.015,300,1751976099,Yes,0xb65d7063c3d37c45f605ccbc9a2372a336723249e0d2839ab118979bd3a4b3f7
SELL,0.984,19000,1751976099,No,0xda1c1d0595fd869ee87b435800725fff2e72a48434b11343a93315f807681063
SELL,0.015,750,1751976097,Yes,0x618e9706a474a7f3f11ccdb03a2e40f5db82f26593b0e051538162f143d30425
BUY,0.985,35.41,1751976053,No,0x493d5d3845010e66d64eb18cc574ff94578ca72ebb80ffe947a25f0ba6383e55
SELL,0.015,2000.83,1751976045,Yes,0xd49e2016071eacba5a98887919152c5f75496bc9d15e3eeba02cb788bec55299
BUY,0.016,4312.5,1751976039,Yes,0x729b33eda7d4f41bb830517ad9c72312bc5a1662fbe8cc8c2ab79d2fbb52d7d3
SELL,0.984,11,1751975949,No,0x9e3090283173102b9fffb46f087ff4f802e919441097abff88744d8823055d1e
BUY,0.9849999997303585,37.086266,1751975891,No,0x145c59bbbc42a7cc4c18cfd7c94c785178126d9b6c5a93ed3ae209d7bac43752
BUY,0.016,187.5,1751975879,Yes,0x2d45a92310a9e1bd838137a3e8d4ee93bd73e08f75a3a25e67ec911b9612da30
SELL,0.015,26600,1751975875,Yes,0xbd3f7c1f7aa675b3bdd9c7a5b85b02d6a01edad8defc8e7f160df6e24b5fb162
SELL,0.015,3000,1751975797,Yes,0x2b3a8d94656057a3b10dd95d969a3fdfceb70cee93a38f33ed8b1e9bdd3541ba
BUY,0.9849999996386639,13.837533,1751975723,No,0x8df5622bd11658ab0b158b7e3820ede28af5ec80ceba0dfd36e16faf614c666d
BUY,0.016,70,1751975711,Yes,0xa9f380e8863ab28b33c2f412faed6c2add489efff757507c605719c92fcca3fb
SELL,0.015,2137.13,1751975669,Yes,0xace9c7cf2638de72f2fdb34ac7ff9f94fc43ba755ddc384076498a0555fda37d
SELL,0.983,770,1751975615,No,0xb840afa8b99aaddfccd1ba217f83f3a7233aeeb52239dcc2719c56d74f151776
SELL,0.015,409.5,1751975613,Yes,0x5de362dcbecbcfd806147053bb5ba801d9d8124dd0c1d79a24d6be14e4da5764
SELL,0.01516,25000,1751975537,Yes,0xcf771c22233956b7d0ed67f46d2674d0f8276e8fc70db873bb3bf36a3461c1ee
BUY,0.016190573304199454,4903.470588,1751975523,Yes,0x39ec9b3505dc972399018180a00a09264b9e812417e5985bf5239659ae745df3
BUY,0.016,200,1751975473,Yes,0xdf0c07a42dfa39f56e05bc8888510104065b9eef0e16bf80bd53f1b22a84bf47
SELL,0.015,1000,1751975389,Yes,0x5de1a9be63047a7bc641e965791d859e64adc686b25fd79bccc2a03e35b46732
BUY,0.01647685810301225,606.911763,1751975367,Yes,0x7c722eb4453457a554a2e25947d58f4432588e00ef135e4511333dde00bfc0ff
SELL,0.984,60.5,1751975231,No,0x7c053af5d07a3cc25001dfee9214c786ccfb4a3382b1ba7a54ada2a3355bfc5a
BUY,0.016999999934244,14705.882351,1751975051,Yes,0x7210c893d4a5c3667c8cb0829f9ea20446803e311594477c0597d849a5f507d4
BUY,0.016999991763499873,117.647057,1751974981,Yes,0x9554466401316d57bcb504bfca4cd04036599d9fc4c80ea675143bf8d2c436ea
BUY,0.984,3804.99,1751974871,No,0x0bc8cf400de9ebd812ac0eb5b143eab7d58da00d2603852d6c3d0c8b376f42e5
SELL,0.016,2655,1751974841,Yes,0x822645fa4d54ccc582a144ecc1af0d691528e82372af9fca29f1671d7d817977
SELL,0.016,43811.18,1751974803,Yes,0xf1fe0042c242f8176aeb3a1c4cf1a69b2d8ae3c094ce254ae2812720736a0fa1
SELL,0.016,300,1751974777,Yes,0x5da96cb5cd73190efc34e78dd51636b7768c60092492d1f0a7e5860c14f6e77d
SELL,0.016,1048.64,1751974745,Yes,0xa7109a025fafc8c6056b25ecdcdb5b0478b3926410b9cb2cc5e6c314a80dc677
SELL,0.016,358.81,1751974719,Yes,0x779f5702aba7fb2c721a62a7156166c65a584a3b772b09350efd93bcb7dc6581
SELL,0.016,3617.09,1751974657,Yes,0x982dfcab933adb3b51ef62e52b26835ecf33231c3222f8da7dfef1e6f01093ef
BUY,0.016999999780586666,4411.764704,1751974643,Yes,0x5263e3dab4517a51931ab311979a5532699a5f8523f91a4a848245b90677c981
SELL,0.016,22855,1751974547,Yes,0x6322dce5226109a047becd5c87dd7d932bea45ca9e835571e4a8f475c33c255e
SELL,0.016,128,1751974363,Yes,0x65c890d2c36b13a6bbd5961146c26526b370bc044da07d50fe3bed7bf44551f4
SELL,0.016,10000,1751974255,Yes,0x45023fb61f1d2c8504d806a24ed8a0afc30990fe291ab61d5bb48497cb9293ad
BUY,0.017,60,1751974223,Yes,0x5216e5a3afc5840809a08ec46d489f03409f8b2acfde58dbf6061ac78d2e6375
SELL,0.016,568,1751974157,Yes,0x4fcb883d3ee7f7e9653eb3206d4f106b2cd0dd5f543f7adceb6af2d3a0c572dd
BUY,0.01700000000960452,104.117647,1751974051,Yes,0x321c9d02ff499761f41ab39237a27d9219e69793b16f71feb2d2e23a51a0c3d3
BUY,0.01700000002266667,176.470588,1751974011,Yes,0x88557a0c18d6c95c641fd152094055150c5993a7dc90de0184691c43fcb42faf
BUY,0.017,300,1751974007,Yes,0x18a19337403e00c1949e04ec0032efbb8988b95769db52624fc8a1d6f1489c9b
BUY,0.016999999967088,29411.764704,1751973989,Yes,0xe7b64201cc0d0809810168d15b76b4f3dbd9405c3fd44ac4c5d98b9a7e6f48d6
BUY,0.017,5000,1751973945,Yes,0xdd27597c56afef9278c4291b10783e3b363f3209566d238483e01b568087766a
SELL,0.016,2818.61,1751973893,Yes,0x33b6f65dfd2ffaf4b95c9c00c7a753bcac190901d1f27fe7ec0c3af863edecf6
BUY,0.0170000000034,294.117647,1751973811,Yes,0x84af4652681dd27c4854195ccce398131fed0f8cb09e8175a8ae8bb72c789212
BUY,0.01700000004811321,62.352941,1751973773,Yes,0x701d90edbbfb8ab792c284a2be10491267bede436c19581346d4c943f22e7e7b
BUY,0.0170000000034,588.235294,1751973743,Yes,0xd7403841b3266e2e01d4766441d75a8560530449a462abc0a34fd5ff79833834
SELL,0.016,9558,1751973733,Yes,0x9ec038e570b05d3cd8430d6a3c746b27203764e45d1f7236d9456505aec90ab2
BUY,0.016999989628930623,93.52941,1751973715,Yes,0x0bb1d23546d268d97f473e1108f11638666085461fe941543f00bc4df1e877cb
SELL,0.983,11,1751973675,No,0x5c8248817a815bb5c1ae15e507ff1a90c7b8021b8962aeacba75cba481c1c516
BUY,0.017,60,1751973567,Yes,0x59bc7e4cbe275ade92186cba8cac695f3dca128c01094d2be6322fe0787ab4b5
BUY,0.01700000000051,5882.352941,1751973561,Yes,0x5b64c400e717bf04731a7f4363cef13311a002f2cd1afc0a2a9af6229f69b5ed
SELL,0.016,277.77,1751973549,Yes,0xd6b79b27cda9c436798bf5606d44aba9f63262565c1c80ebb64df21db44e07df
SELL,0.983,843.4,1751973519,No,0xcc95523f636e1c57a87ffe2dcc8ffa3f1210eee69f2157eb5c8596f3a148213d
SELL,0.983,23.47,1751973503,No,0x7a4900fd79788d23ca75bd77e910c2c8500277648f33e47876575097d82d5b62
BUY,0.017000000000733075,2728.235294,1751973425,Yes,0xb6659dae2156459a5104fa06cde83a014e183eb51020006fac9e4a1ad1138a21
BUY,0.016999999929343246,13685.882351,1751973421,Yes,0x18d34d882dfbc0eb4781149b4f380ee80cc1612eccf97d4f9ced8c5187b32429
BUY,0.016999991763499873,117.647057,1751973397,Yes,0x8d45deeb59e2457f4f745dc3cc43193dc3a92950b7ded75585b35816936f4559
SELL,0.017,2216.99,1751973343,Yes,0x1374c648a2b9bd02fae69c6a0d2105da31714d44a8d61e7b5a6944d91904ca45
BUY,0.018,98020.49,1751973343,Yes,0x47c80a5bedb15d9efe2c4becca34f3165bdfbade4ccc707a1b17f43a27553221
BUY,0.018000000004788703,5429.444443,1751973305,Yes,0xafd3c1451746300434d50f11cbd97a379b5dde0152c211c1b35f53a94ac4e081
BUY,0.9829999974441703,5.086411,1751973229,No,0xb07a86a737337063f32a0852d579ca92cb0e030b046fd524062d8fc252b8ec93
SELL,0.017,160.81,1751973181,Yes,0x5abcb77bc08525b3e0c85d427da5135f2fdef50de31a3f16c2b2afe4ca2a03f4
BUY,0.9829999974441703,5.086411,1751973139,No,0x09abe43db406fc12fda9d91aebbbbb0ff1c272d89f9abda9879d2e0c260f3565
SELL,0.017,300,1751973127,Yes,0xc4c8752435ecd71db1bedc82da12a2214a446d1c708b1ed3e739b4d05b06e22a
SELL,0.017,26,1751972901,Yes,0x69ee3d0a78ec904beab7f5a481883fefd37f13f53427607870137c403da1cc39
BUY,0.01799999797395348,477.777776,1751972897,Yes,0x129c07870c86a45188fa658044da100230094a014859656886d68460373edcdb
SELL,0.017,150,1751972889,Yes,0x7bd26b95b55377133ea8f01de5b6c25415cb9e291c37406c31ffef499157c688
BUY,0.017999998250399996,555.555554,1751972819,Yes,0xce09d5c2354789b9a493cd79c0844ce2488727d573faa19b4fd1edb371e79bc1
SELL,0.017,22208.33,1751972801,Yes,0xb70f2df410ad848d4165007e01019e976f30e0e28bfaf40849faa3fd4c738d8b
BUY,0.9829999999643498,15259.409968,1751972735,No,0x7c977aac9ac855335e9d07508df51a8431b74c692bd39adfbd4098a008b67009
SELL,0.017,36,1751972687,Yes,0xf1ed3c3aa299e903890f3e99131deffc64db9a4616c02ae837b3ea4c9eb2eafd
BUY,0.983,92.36,1751972677,No,0xcce0492d5b2198f1ceb3dea3cdf77f335fa059c2969f4d79b79379490ac0b34c
SELL,0.017,300,1751972677,Yes,0x5d7d381cb243162f0ef7b9dfc3fa1554787baec7ebd0eba9a57d6772aaf847c6
SELL,0.017,696.92,1751972659,Yes,0xad7912564a223ad81e57ef25679903c11b835ea16c5c3f0f91d5df0c34219b2d
BUY,0.01799999982882353,5666.666665,1751972605,Yes,0x1c95c2e655034d0b9c82861f5e6f3ec2f10363933039ba2ce5db985824fe1deb
SELL,0.017,1333,1751972571,Yes,0xe1f555aa9ae7891e6ed06242d0322002ccd7400914c7249848f02fffc3fdbe3e
SELL,0.016,32.25,1751972431,Yes,0x9d5f0d9b14e7aad560e460061de79cfa711b08cfbb892677c4dd1630c84b3dc7
BUY,0.983,53999.99,1751972413,No,0xe10076cba58bf0e2dfc50fa6707492d49c0bed867725ee204f004c23a13b8666
SELL,0.016,19000,1751972371,Yes,0xf1b910587eea6fe7b4901781996c9cdc223fa58308a51547140d36ee775d65e4
SELL,0.016,276.35,1751972371,Yes,0xa7657e2648337f976fc5289758daed63d508117970b886e026308dbe99092d71
SELL,0.983,4688.9,1751972315,No,0x391634924bc3055d2f5384472415755bf768aaeb90dbbd1e5f5b23e2f554cccf
SELL,0.016,1000,1751972291,Yes,0xe790c4ae7e8bb51a1de1b447b6e79093d9a57839e78e4f2b43aa3f855588d789
BUY,0.983,311.1,1751972249,No,0x6ec2fb3474e2a56252dfb0f28debc7428a56d5c470691096e322039fb8481080
BUY,0.017999999961058465,24857.777776,1751972223,Yes,0xfe7f3e4b33a60a6b946150c5a9c05fd65bb3b4f314931cc40eac09d594af9f7f
SELL,0.017,100,1751972179,Yes,0x2f61f77a0e0afbbeadc75a5076cc35baeae50df633f0457b875b3a087ae540a5
SELL,0.017,1500,1751972113,Yes,0x191de4ae329e697a2e513e28fd60ae1ab81b12f933e4e6af7fccdbd6bdb22843
BUY,0.017999999418,1666.666665,1751972079,Yes,0xc80548cd46fa2864940f16bec0f7e392389d2e7c1b3a2ae372a37f57a93b393a
SELL,0.017,6299.76,1751972041,Yes,0xffa03adc8da1659c336f37a58ecb634048f86158613a253e8fadd3aeb68471bf
BUY,0.983,5.29,1751972009,No,0x166ca56cc7829d9ca7f2cad5323dc7851663cd47c1f1d6b8fadbc5338dbb5316
SELL,0.017,2469.33,1751972003,Yes,0x05501538b86cda55a8fa7c9119daf9a28b385c2fc0f125c281ec419c4987d0be
BUY,0.01799999417999994,166.666665,1751971935,Yes,0x49857cffae7cf4cda4f96c8fc3915d54947eeb3f58df0095aada66ac9fa27bbf
BUY,0.983,35,1751971885,No,0x8068a96745633337609d7fb88d8dd340c51b12923826355e2a72562ef914dc59
BUY,0.983,460,1751971871,No,0xfa90ede5a37857edce13e5a32e38370fb459350dec530888d5161bcadad71736
BUY,0.983,20000,1751971865,No,0x9425ebf86f65452a1fd3deeea1f589ce9a134d81a9910f5159ebe2c07853bae5
BUY,0.983,3733.06,1751971853,No,0x4b831e16c697cce91771b7e60306a2e029bbb0a9031059430d6905a85b3063e9
SELL,0.982,11,1751971851,No,0xcb81de9450de40a420a8f1d29f8e8b76f4303931dc6c83851d278a81597e7188
BUY,0.983,5086.46,1751971835,No,0x568645f1bf20bf5b36c0134850e5323ccfe3c2ac8966504dff4423b12d35aca6
BUY,0.017999989266257486,90.555554,1751971813,Yes,0x3a28a7a610ebcf15eff9d37a27e9a5773e5e5192aa189c80f08efb1b3ce7514f
BUY,0.01732688814184019,11259.95611,1751971729,Yes,0xe8281ca1e468fc55c186e5ba3f7b3ef2d2cd1bb1d1ad7f9953ffa2b9b3ca1f3f
BUY,0.01700000000202381,494.117647,1751971669,Yes,0xe88343b1edd48d747a5630b4b7623995e3743eb15d71fb7f1ed5d1d7d678781c
SELL,0.017,69546.69,1751971643,Yes,0x01946453ef91bcdcf4ed78184d7be4c8ec3e7c1cab9470e921bd3850d1dc5809
BUY,0.983,4000,1751971635,No,0x0dbc80cd83cd2c6c7366eb0cde279446ec2ff781957b72a80ad9521ed866714c
BUY,0.983,11,1751971631,No,0xc23d586a0bd7954a63655451564503a192d5149fb1e629cea5195e1aca9f4f0e
SELL,0.017,3000,1751971597,Yes,0x1a6a36acaeb8e5617709f016ae8fde4af65d545453094da106d4f7cccb8c8863
BUY,0.9829999929151877,1.129176,1751971537,No,0xa364bb1705e650036c5a4520a769730d132bdc359a366dc60897804360c7615f
SELL,0.982,11.44,1751971533,No,0xa47780afeab10b8cf7c84238d4e51f670d26a155cae56f180e1a26cf5f84833f
SELL,0.017,249.95,1751971439,Yes,0xb60efab47561793637666cefb44ef50dc89ad525fb9b495cce99c30675dce11a
BUY,0.983,10000,1751971387,No,0x1b900c04b8795d8ef6b83504c408fa28266d8c89e894dab93f1b13e27560b139
SELL,0.017,25,1751971385,Yes,0x12f0cff569d9f41633896117e541639a8e80e1bd86be2931796546899bcaa425
BUY,0.01799999982504,5555.555554,1751971381,Yes,0x2aa40c8417512031a7d8996d167268f7c0a74e486dd311ef30e8327ed8f244bd
BUY,0.9829999877120189,1.220705,1751971379,No,0xcf4fccfcd569ac679853eab260ef2493fd8894c33019f18e006ddfda2db498b9
BUY,0.017999998250399996,555.555554,1751971371,Yes,0x12b48473a8fba92781c79c8a6d8e2a8d28baa80d328edc5116b5bfe371351cca
BUY,0.017999999964600694,27401.666665,1751971255,Yes,0x7a22088e00821ea66058a3ed00a668fbd7ac226ed16b7abfc7750809df06a216
SELL,0.017,255,1751971233,Yes,0xc4febbdf9b6a4f551e963e3e256d732f0f98593500baf98dfe0d79e3a38965c8
SELL,0.017,6000,1751971223,Yes,0x424ffe07b78b48090b8ec906794522c599e1a86450b91c77080332d74ee11f76
SELL,0.017,1729.73,1751971217,Yes,0x8dbb1ac7852a11c94efdadc919b719a4b5be6249cc99309539de8ce3b334f6bf
BUY,0.01799998250399951,55.555554,1751971131,Yes,0x81a3fc1ebdce2eac3456037401a5fb038243617b61039c526e12fa3c3a4eddd0
BUY,0.0180000000288,833.333332,1751971109,Yes,0x339e387e60a1ef6dd5dc5db38c53cdeed7a58974ebd20b234680e7b416695956
SELL,0.017,2805.57,1751971015,Yes,0x6f1fbe06d64bd0676f0e93236c7b1edb7387ff45a5875d126882a4f988ba2d34
BUY,0.982,611.11,1751970937,No,0x468cac7e92000f5166788599bd11fcdcddcbae7ecfe0539bbcda115f6efd2893
BUY,0.018999999876707824,7843.157893,1751970847,Yes,0x41ef18d822f8c89eaba289593c621bad8e6dcbdff6e5494cc497d52e2d880522
BUY,0.983,9968.17,1751970843,No,0x687b88ea0e64854b716c91b47522ff97d2c896d7e4eb5c01c2fe348f6eb426f0
BUY,0.01884444831702049,5306.60263,1751970807,Yes,0x556c811733405bec259c32f4e1c0528a0438a82bb87921c8fa627e31e26c22e3
BUY,0.018,1255.2,1751970787,Yes,0xb7b4ff923b6a492cf8df7bd48bdc7f0b7b9a94fc971ee70808954230f7feb545
BUY,0.018000000016861827,1186.11111,1751970783,Yes,0x5ae41d877adee35c6311ac5646be64a1ede41cd7465d4ab19bb54a0745f3de9d
BUY,0.0180000000099,2222.222221,1751970757,Yes,0x53c846bccfd88fdbbe7b3844802ff7ed2462c63e6792bd605bce0bf4c10d25d7
SELL,0.017,883,1751970655,Yes,0x9e0854fbc80441b99616658113caec0681f4fc88e99b252de243fa97bc675878
BUY,0.982,11,1751970631,No,0xdf2c26a2070b16eebc79fcc0d8890b382acfcbedba5bb210c87efdf660108b70
BUY,0.019,100,1751970599,Yes,0x523b60cf64020f502434b8a8d016792ec010befb2027ca0b1b0172118d532bd2
SELL,0.981,8,1751970593,No,0xc502e0bbfa45365a50e248cdd6154dc343bcdc59f6778bd6e9e474fbc6e3e3a9
BUY,0.018999990841999836,105.263156,1751970581,Yes,0x3037457f3672fee41d50bf7193039d7b64e1d3124b5631c285a7585f9b45550f
BUY,0.018999990841999836,105.263156,1751970561,Yes,0x2b4b3e5393d68f88e2c0a931a76332aba12de96e317b077aa4406127d6cc132f
BUY,0.01881188027825703,1063.157893,1751970545,Yes,0x158edf1687b4685f2e4653a012668794727e17aae409464e64fb1b70b00186d5
SELL,0.017988585300000002,100000,1751970515,Yes,0x00711bb772372bea61dbef1d51fb0ab7548075e3e69a612f017c03239b65d436
BUY,0.982,11,1751970471,No,0x8199072b2d2cd30d1a1e20749a9b685e9515d7029d844f6db0b8f8ff168f0db8
BUY,0.01899999981627,5263.157893,1751970467,Yes,0xdaad95f26cb25dcf086332c7ec7029b0cf626e360d6ce629c6fd6599657db3ef
BUY,0.019000000000227484,92314.736841,1751970225,Yes,0xae2c9076d4af1166dffe523d04febc912140f96686eef0f8bc04a24204cfa2ee
SELL,0.018,6784.22,1751970195,Yes,0xc0c2f837e50fe2401eac58ca956f420362f001bd3a81beaf82702132d88a27b6
SELL,0.018,208.33,1751970171,Yes,0xd8a6994047d2061c12473e3529a7d369628d1a7bf1910b6f676444a210fe5492
BUY,0.019,1250,1751970163,Yes,0x92e5d6a51ae0463c82a0dc7b635f4cd0383dbd55725fbb7fd33f62a27c671c16
BUY,0.981,39556.7,1751970107,No,0xf13edcc19cf46d9e95080227c2924c92bd52c2f3b560a54596d9e915cce8afdc
BUY,0.981,8,1751970103,No,0xde9a796e119fd8f3cf54840bdcb6c0f0f088a7b8c5ff41aea72a471e96782193
BUY,0.980999999986266,509.683947,1751970101,No,0x269e57a3da68893cb4541835af59ff38bdb6b5ac137af63d58265fad11ca39ec
BUY,0.02,50,1751970095,Yes,0x628d7aca680905484b6189ce4462207598b7e6cf1a3b47e21938c5f2aa187218
BUY,0.02,9379,1751970079,Yes,0x1ce57d006315b2984d3e06138dcfedfd70bdf0ae783b67e3613e9d43922fafdd
BUY,0.02,150,1751970079,Yes,0x8ebc12db5d891104b6931bccb8e812f2471f797093efb770c5ba4b49499a9c85
SELL,0.98,102.31,1751970007,No,0x0a1e113006af5979fc9855c740d02af12e8d4c3a660beef60a85a9675165df9c
SELL,0.98,102.34,1751970005,No,0xd4966c08d75970eb511571cade8374a70be41f9caab5f0b91a10c19379e5f903
BUY,0.02,223,1751969997,Yes,0xe7dba8a8a7fd9db0e6abd32ee86fe8d1d04125ef0144285d826db59f1744ce84
SELL,0.98,102.3,1751969991,No,0x301c34f8b05f33b7b1f3957520ec15502a2cc54b4feee1f4439907547ad729cd
BUY,0.980999999843603,102.303736,1751969973,No,0x7ec706affafbbb19d50117dfbea567819fcacf09ee43ee5561ed4b7fe0e43d40
BUY,0.02,9611.5,1751969971,Yes,0x948741a4a982fa535f0322ec2726f2628e00053e84ddd5fac05cba788732ba6c
BUY,0.02,50,1751969967,Yes,0x919d0b4d6a9168d7e3c34391621dfd2c9f27f5bc18f749fed8f922a70e9651b8
BUY,0.9809999999315832,102.313947,1751969967,No,0xad09b3a0dbbeedac20e3c3c30e7287a23c1c7c11a8e23e370d6acc8936ba19fe
BUY,0.9809999998534216,102.334315,1751969967,No,0x7495cc57c01eee9896a343ecf4511d7acc1b276911aa22b50e117619e65f1366
SELL,0.98,102.4,1751969927,No,0x6d0cdecc26aec83acdee0532328fd93e7c8bfd34073c0a8bae9f09878f84592c
SELL,0.98,102.41,1751969925,No,0xec9ff3352237d82de79f8f917c6d87c29d4480484e58028e91280a306f15431b
SELL,0.98,102.44,1751969877,No,0xdcf6a09e6ce9a61574cf1e81af8f070c95d6b52d9b16d422c0a041d56a455658
