side,price,size,timestamp,outcome,tx_hash
SELL,0.999,1.13,1746090841,No,0x3f9583ad9f0519d5f6ffbec6f1e8f11fedcb5e34c4fcd7a4f71ac63a2607b72c
SELL,0.999,1.22,1746088269,No,0x81fba1b1b108c2d4a165b9113e31304e34b25f3703baefc8710b608cf8c38641
SELL,0.999,1.23,1746087569,No,0x75208b8d8aa4c0542dd615a90063bc3edc1f71a62329e6635e0b7ff833b42bd9
SELL,0.999,1.12,1746083835,No,0x80c73e8b8077a6493d523d39b742a5bca1db634e395d1d874a6e26742c2186f2
SELL,0.999,202.21,1746081639,No,0xad434e681be57229439f6ab79aa6b9d8148735de7a45689b7505f7f8344efdd6
SELL,0.999,105,1746074603,No,0x33b822fbd2738a2667425dcbd57d1ef44a86a49abf120b936e6e55af6eb90e15
SELL,0.999,1.1400000000000001,1746069531,No,0xcaf8c0dab0d2366adb8ca21a13180cdbb836022f27fc95928870f64b4495da8f
SELL,0.999,1.11,1746065979,No,0x351c710ead648df9e34f195df1491c0dcdb3649cfb68d5d1652f49e2a80e4bd0
SELL,0.999,99,1746062249,No,0x78dda7c86ea0ba3a4643825de8c89d2d742ba472156c67e6e8f012e506fda59c
SELL,0.999,1.24,1746061855,No,0x6cf4aa4c0585d3ff20dd822ae0f78d5efc61a8b44dbf661e093c543837ea8bf9
SELL,0.999,9.17,1746054762,No,0x1cf0d1fad29e7b0220a7a45179738da4abddc5e307e12b0f5db1dab957b338f1
SELL,0.999,39.96,1746054566,No,0x25dbfda6c3dc71e8b92d5d8df61e6e4cd01fd72bfc5a8c4c6bd632c6197d944b
SELL,0.999,168,1746048128,No,0xc4b7523cc41765c50d319cd4e3881d8dc6dfe565db1fabfb3bd2532aab6a25a4
SELL,0.999,79.36,1746011207,No,0xbec3617f0f0d07c87bcfc0745879b95100eb809782a3e4e71e40eaef2f058418
SELL,0.999,33.83,1746009107,No,0x0ec9c1afc4edede7880a60c777bf85249025c2aa60623530c1f1f34b30eb5d3c
SELL,0.999,71.13,1746007751,No,0xd2af5b7a367e5f4d7610ecfd5663a36d2be7401c2b9490860410b80d5dfa1e36
BUY,0.999,19196.84,1746001269,No,0xb8a3f3200532c45557270db71863ad3aaaa503da605db6a087156d2af78ede8a
BUY,0.999,30000,1746000799,No,0x2dc43e7a901032efcb0f98edbae2c0f38218bb174c7a753c7856c4dfaa58aae7
BUY,0.999,100,1746000665,No,0x7c7b016fcc415ad5418d7720b14985904c407d87b83afe15c95aa9a78a18f97d
BUY,0.999,1.131,1746000383,No,0xb7e44804ac1248f24a015193194b42adef9fc0bdd7596cef50c821cd26b4d9fb
SELL,0.998,3,1745997831,No,0xc128ad7c29abe3b897d682432eff73989c3226a25d163e939441a769bd199910
SELL,0.998,10,1745997581,No,0xaf2492cf93f912bde984e20f4d224da298f9f148ea1a43f8b954bd043bac44c4
SELL,0.998,28.93,1745996741,No,0xfd997ea1926034cd294eaaf42faa229e03b5b585ce0900c05b181afeebede343
BUY,0.999,28.938,1745996711,No,0xed94f264ccd02053149d29357b6173d0736523f9eb41f0d5468bf22acc7b411d
SELL,0.998,33.39,1745996555,No,0x09b459f078a11731646ebbdb3bc517cd51196fa51a673d5cae6774615ad67ce1
BUY,0.999,33.393,1745996521,No,0xd6b0abdc8b3b0316e18d72a2c46c30662739f796ddf2a5df1f1f15951fb23c10
SELL,0.998,30.71,1745996377,No,0x981a24a038cf812f1f99790c5c4100722c9837853f5729b3c757fdd8dc44fbd9
BUY,0.999,30.71,1745996343,No,0xf03016bc3b4cf713771a30e545bf1725a99f6c3d551f1eac143b5a883ef98725
BUY,0.999,10,1745996229,No,0x0d9cb9a46746a90ef2e9658f5651dff3ec9f4e8b2bb21799dea3a9b5050a19f2
BUY,0.999,3,1745996223,No,0xd9aa1f3b49addaaf9daf9ca185ed50f025703a10380db1afd0a697c3f9e6920f
BUY,0.999,1.221,1745995999,No,0x6982be7abde7051049ce1bf6d75a64cbb2749e5c0c2e11a46aae8f008bea621b
BUY,0.999,1.231,1745994897,No,0x7b876b8318a63b96956ed9a8036de954b736ee35211025ae1a672bb240d6a725
SELL,0.998,28.83,1745994727,No,0xf2bae2bd2a25fa3e560ec99e7d05160e224a1d3d91944fea0eb0e7ba783977b1
BUY,0.999,28.838,1745994693,No,0x7c9b9e9d281459795d662b1400f2fac4abb51277f41ab1343af8042fe91d4079
SELL,0.998,28.29,1745993613,No,0x0b390d8288cc02c892f08c2c669739a9b1c72aa7b1f8077ccabddd4a19347c7c
BUY,0.999,28.298,1745993581,No,0x46ee8bb216d267ffe8b556509a9dd667a977b5c0b124e7f23f733a9eae81aea6
SELL,0.998,35.18,1745993457,No,0xacb068302965f9626127bb7b008132ee5489d102bee2407d022303ee1b2b1ef4
BUY,0.999,35.185,1745993409,No,0x33031e6dcd4aac07f337cd0ad3cf41d2fe3bd57856e0a3b733609f0e80c1ef9a
BUY,0.002,35720,1745991351,Yes,0xa5689c0510364c7e65cf5ca7319ceacfa7388252d67a34f2e8d5b704b13a1fa3
BUY,0.002,39060,1745991257,Yes,0x3b65184a3f33d7cb27c518b9fe9d28850296293bdb383ff630f97cbf0d80e86f
BUY,0.002,40065,1745991089,Yes,0x5711ad4700cece6a806d5d9425249308cc9356d6b380229b330a154ad0d2977e
SELL,0.998,32.07,1745991023,No,0x61e91ddbd0e426d80659edd3f595c8a4358837b54250daf02048c4b19dadeefb
BUY,0.999,32.072,1745990989,No,0xabbef34a238d5d61af81b99fa3d06e5f4422feabc14e7f76fce96d3c6165f3b5
BUY,0.002,38085,1745990969,Yes,0x2f8f077706d105ffa9cf1c95cee751b29995a2b58b464a2624bcbf31fa91a62e
BUY,0.002,37740,1745990849,Yes,0x98ff00f5a55e4e9ce4d8404b856703fb36b7e611835a1645c2a7a7af5ed6b2ce
BUY,0.002,38825,1745990745,Yes,0xfd73f6558d99d7960d9286603b4f90995691cc86afd33ad4b1f25404e7835f3b
BUY,0.002,40630,1745990631,Yes,0xe339570a1d4dfb977700abfc0ca6a834fc8ab168f15102aeec946cfd51ad64bf
BUY,0.002,40440,1745990469,Yes,0xc414edca9530fdef2193f05904dc3c27f03b61d411d4fe4b4a598c155bd34adc
BUY,0.999,1.121,1745990213,No,0xdfc13c0cc51cdef5177ad4664b2ebc8a74ef26d39389ed767fa6a8179f4401d4
BUY,0.002,39645,1745990209,Yes,0xc9e422cd1cf47658ea9af1a30a6ca55ba4ef948a480fc6f53675c0e5f8485043
BUY,0.002,38005,1745990027,Yes,0x5d575ad69d9e6a5bc50e4e64bd8e79f7db2e8960215384c69a4d895357112818
BUY,0.002,38200,1745989831,Yes,0x86ef5d967e62e0da57ceaeffe52b93972db7ab21287b5f7ed053e2d4ab8ae185
BUY,0.002,38775,1745989693,Yes,0xaeefa737639464a2c9a97edbe6cd4a2b2b22b3ed23739230c3060b77035bd3fd
BUY,0.002,38930,1745989501,Yes,0xcd8f6b5591b0cec05fa2f57cb1809ef57e86f4572ebc137c79e16e4e2211934b
BUY,0.002,39480,1745989319,Yes,0xc511737b27c979900ae645534186a6ae63314ec500c741299e3dcbe7374deef9
BUY,0.002,37800,1745989129,Yes,0x071355716674442c2a1fdafabb017212730e1f6c0564400622a41c949b035de1
BUY,0.002,39575,1745988947,Yes,0x6491253af987c21501b549b3e3bf1c9f1d87cecd03192e74981ce70f2e9c86ad
BUY,0.002,39695,1745988755,Yes,0x3ca773afd35e04a4addea6b939d81477418ba4c166d0124c50250a7bb11ff83e
SELL,0.998,42165.68,1745988727,No,0xea2f1f6b7088c8c7f61d436cb27853a3facc6571bff560fed3906068625bf6e5
SELL,0.998,25.96,1745986293,No,0xe3a51a0df6aa3c5802295570e0a73e021d715c084e0f30080188e251c74a46ec
BUY,0.999,25.965,1745986259,No,0xacafe128a4df47bc2f037e5fbd8be02f7818e49aed1e0709dcbf2fc003014fc3
BUY,0.999,3.063,1745985803,No,0xed7bd9dc55dedad028f51f9deb40f282a96e2f51fd6067f4c2ee7efde6ccf7a4
BUY,0.999,3.6029999999999998,1745984859,No,0xae6edef23b9e9fe274295c25c5ff016fab0ee5999d3016aa6b9aa54fb49e1516
BUY,0.999,1.141,1745984743,No,0xb6c111b6b297bd02f8c440534c719418683fcdd24748245ce276c776b360b0e2
BUY,0.999,2.882,1745983303,No,0x52fcf88cd15eaed766a23b99213fd9c7806e90d8779de7d263b95b38fb0ed32a
SELL,0.998,9.48,1745983275,No,0xaec9152cca8a293e0ebf92e565bcb592457c0d097d045c3f001622798802c10a
BUY,0.999,9.489,1745983207,No,0x59b297bd4c121676faa92f716695bee8c8874b55f6b745f27a89278d656d16ca
SELL,0.998,29.01,1745982867,No,0xf4baad118d775217edf2b2fd4a1e96a1f4a1d62e4491f977756029078494aa3c
BUY,0.999,29.019,1745982827,No,0x90b4d491676ad3b43fa36e9de0490b910505201bde413bdd0930710803ec91a9
SELL,0.998,28.09,1745982759,No,0xc3272043cd12ae1f41420b2c12415ca606b0b37a62336bf36f3c04caeb093055
BUY,0.999,28.088,1745982725,No,0x72afe2ddcb3a57aea82ca006e6e459c5176eaadba7b2ff791566a26ef76f52b2
SELL,0.998,29.53,1745982205,No,0xc947442192218046111a8b90edbffaa4a99a3d1d5f0b6d8285d46bbae14f8619
BUY,0.999,29.539,1745982171,No,0xb33af85da8b01ebcf0db1a32ecb5ffe79496e1a5a129790cdabd23572bef23e0
SELL,0.998,31.24,1745981905,No,0xcd4491eaf6bf7a8c2b8dbb6a53fb38e220903be25e1c61a0169fe01f29a7a16f
BUY,0.999,31.241,1745981873,No,0x72c11005759ef387f2fc69ae23664cbf7a0adfb6e8df4114099e89acb689d469
SELL,0.998,27.94,1745981712,No,0xbfdae401844e676ea7c3d924290966468e3996955226a0cfe7d3a728f5b37a29
BUY,0.999,27.947,1745981678,No,0xd604c761c001a5ce79ada5072c892830e0120bea0f23c87204db4ac02ef8ad32
SELL,0.998,29.56,1745981581,No,0xf25f3a3c2770350c80744d058a8456b2c260635282aa0f781cf5d27790ec6c88
BUY,0.999,29.569,1745981547,No,0xe2ba4560fe07cc8cdc864255e9f2a2bc88e07409897a8e6d3155c664d33f0e19
SELL,0.998,29.23,1745981213,No,0x7f495129d95c8789eb15af2ed7fbf1ab346d6a20ca08a7deeecddd60581b17a1
BUY,0.999,29.239,1745981179,No,0x63b8f9d91878181a10bf2621a973d97fbcdf148ca81fb1203fb37bd4c9da6361
SELL,0.998,32.37,1745981081,No,0x3dbc2e96f358e4d2c5a1d534930a0c6532c3578fe0f26458a93739bd72eccb36
BUY,0.999,32.372,1745981045,No,0x99aec59cb425050ea3c2d6dd44be7c183d38295fe303cfaa485d991718c942a3
SELL,0.998,28.29,1745980865,No,0xebafa41d33a38285308c7bbf1651c1c2d833be5427feb399b1054d0f85b65570
BUY,0.999,28.298,1745980831,No,0xec0ee6ed3f1f6f13ce15f5fff5a12ce1ef5165266b69c965d7ba5c00f026d472
SELL,0.998,35.52,1745980633,No,0x535470f383cc0162b958680c8fa9bb5e7a4614129d28f63f92fa65c0e53e1921
BUY,0.999,35.525,1745980601,No,0x44e8b20112cd334fc5079afc57af0106527c390748eac1e8a8548fb4462d2c91
BUY,0.999,1.111,1745980363,No,0x4b098efb456001d5297313cfd1aa3f06525534777329cb6518b8762574cf48ad
BUY,0.999,94,1745980201,No,0xd4ac67e14d9ceebbca887db00eae568a14f6ca87d4777311eb48d50dd171840a
SELL,0.998,26.63,1745980025,No,0x20ea472fe3cc6c41ae8e6719c7bc38b056c6a6baaaaf25b4e4da5ab5a8f8f0f1
SELL,0.998,31.77,1745980005,No,0xdaa89f1e17a376c9d0cae7b4f274ad9fc869ccf7ccda2f5016bdcad48841d1e1
BUY,0.999,26.636,1745979991,No,0x9f4e5aa4daa9d026e733f4d113ce7eb8483cae8587eacaa3d9a418327e0e34ee
BUY,0.999,31.771,1745979973,No,0x5fa30bd1bdb51c62fcb938853d763b133f3ca1d489560aabb7b7dcfb544b70e7
SELL,0.998,26.93,1745979691,No,0x575186431f6410b8dccdbff6e761f35c42cdb02cbcc0f36e430e0116a6ac4c01
BUY,0.999,26.936,1745979659,No,0x9765d09b04e8c93ec7c14a3df1396c5896278c44aaa8fcebf034d54553c3d0e1
SELL,0.998,33.63,1745979577,No,0x965ca0c4a30623dbf77665c394911bc3054df1a633f0d23c717fea0a0c235b59
SELL,0.998,36.2,1745979571,No,0x2521089b2a769d94010709c2bb41e3b9cf945d7bc5d6a0c49da5cc82ad450318
BUY,0.999,33.633,1745979545,No,0x2e6995bf07f13beb9007dae2745ee7aa0dd9fa6976dfdf25bc65818597751c5c
BUY,0.999,36.206,1745979537,No,0xd4080df35689c8af4c746155d45f136b82df8cb8b73a461611bce66c39824499
SELL,0.998,27.62,1745978829,No,0x4cf30c82b9ce77047a663b7616a8f04aecc01ffc5d4e58cdfe6b9ac2b93ae602
BUY,0.999,27.627,1745978795,No,0x78721040ed36cd49e89d4885de1e51f414fd373f1f7cf96566f6d1822e5f5ecc
BUY,0.999,168,1745978191,No,0x930ce744c88bbdca4b0523d184937d5dc8171f5935bd02057a188d40f07a6247
SELL,0.998,31.68,1745976345,No,0x082e187fe06f37f7e2aa79964573e2a63bc6c1078d7a303e6094684924b2d42c
SELL,0.998,2,1745976159,No,0xa71b4e035d0ae542d28f9994a835685c246ba13d38d40f273f35c9a2b82ca5ec
SELL,0.998,4,1745975799,No,0x090cf85de0e0b6d574ddffb7f56794e21e3a4cc48934797940da60c0b015543b
BUY,0.999,105,1745975471,No,0x43a8a9ce335c4e8968a637393d0ea57f139b6eaf4ab800fd4f102a1d345f63b4
BUY,0.999,31.681,1745975309,No,0x9b8ee3f2be53128f506257207de8fb12616aa6a3dabe8d2dec6120a03bc28db0
SELL,0.998,35.88,1745975279,No,0xea7d155cef836f9d224e8651f2933cbc4bd21ff95ef56ab5377135e510d66299
BUY,0.999,35.885,1745975245,No,0x0def9bf9394bd6508875b127aaa39ff2d4104918b50717eb5cf95afe83f64891
SELL,0.998,37.1,1745975143,No,0x595cc04734cd5a10c35b2a0ff0f166bb49b6d5fb388153f7b7bb3a603b90857d
BUY,0.999,37.097,1745975111,No,0x53c2f0bcd8df49f68feee59edfbe383dc3f743d522f0bfb653479985e1d3ba69
SELL,0.998,32.35,1745975099,No,0xf76a9a9637b52e925beebb6243937fe695aba11e7babb625d309c6436ea9d4f2
BUY,0.999,32.352,1745975067,No,0xc7d6d6538d2bb1bb37348d95568bda94bf165f8d35c52951e79693efdb1f6a6d
SELL,0.998,31.06,1745974992,No,0xf48bae62b435e87a5806f1ad6e61e3b146662e78fca667f1b9c88f904fd3347f
BUY,0.999,31.061,1745974958,No,0x27f11a75c783785af5e04594cebad42ea98d9c9e7d5164fd732ab7a1ceb0feed
SELL,0.998,36.18,1745974730,No,0x553fc64e3af0e1eae3e3e35212613ebdb2fc845ce866f6c68a747b8f8fa59409
BUY,0.999,36.186,1745974696,No,0xad29d335e8d29729c115a0786cd7b0c94edc1e4f715dd1966ca4c90340583131
BUY,0.999,2,1745974590,No,0x329bf5225001f027abf9db114dcc0be264d0b1fd0adb5de26705c10d5a40b4b7
BUY,0.999,4,1745974586,No,0x45967e630476400bd48ed922d8396236d879975f8a480002ce37020385c6a374
SELL,0.998,29.08,1745974576,No,0x74698539d9c7de47b5c4b3951bdc0b9489a82187687ba6a34d34572bdd96c009
BUY,0.999,29.089,1745974542,No,0xa7d864fc6bfc40ed9c2d9cefe3519345466ee8ea94fcb6f01fdff559c00dfc34
SELL,0.998,35.11,1745974528,No,0xf654e1138cfdf320a25b8691d354b3eeb9c8b6b3d78eebc289ce4cc57f95aa77
BUY,0.999,35.115,1745974496,No,0x0d089ae53030e3aeb95faf63e11419064ffc286fdc4b39762b17071fc177c7ed
SELL,0.998,28.11,1745974142,No,0x101daca0492e377e3470d9e2c8ea418abf254921f3d062c8c9e8f746ed5e341c
BUY,0.999,28.118,1745974108,No,0x5b57f53ea151b69874c92354af0ed4149005191d784b200d297ba0c5b28dc50d
SELL,0.998,33.41,1745973414,No,0x8ac3be9cb6184248e419336269c63e4aa557eb2f5a676a151bd5eeb093b4df5a
BUY,0.999,33.413,1745973382,No,0xd4ce801ce0cbd1f2ef883b74327b79b59971165d93afe496fddb27b77b4e2f69
SELL,0.998,38.99,1745973028,No,0x46a280262b5844b0dc8a91561517fa9768d4a47284eed8498cc5bafb4debef11
BUY,0.999,38.988,1745972994,No,0x0e222635116073a49309d3518eb6c862340e6deaee42f293b2574a1012c5676b
BUY,0.999,1.241,1745972590,No,0x02ef7300bd092eed51edea58ce56a0c01cfb1a64026574dbd19bb2324eb56616
SELL,0.998,33.71,1745972408,No,0x72c878fc047dbd81322aadd6197e188586810c7010cd6ef3e8bdea5af18cfbed
BUY,0.999,33.713,1745972374,No,0x27d260164a3f9f664e8da507333044cf0adcba085f4118f88acb6b18415f4cae
SELL,0.998,32.38,1745971998,No,0xc19efeb9e14a61944cf346a70197a797061e4442b69b05f3187617d8210256a1
BUY,0.999,32.382,1745971954,No,0x33de622d56984208c322bac0efedbcdf4f058d14835047614f560e0ccf4f1833
SELL,0.998,31.31,1745971674,No,0x5766bf7362af71687aa3c057c7b7218b4b5e73999106a768dc6585c1c6e7c519
BUY,0.999,31.311,1745971644,No,0x6053f8726e15c1989ea9845de7b81640175f19ad770ee8a7de4ec1dd8a1f5543
SELL,0.998,27.51,1745971538,No,0x20dde4c450cc335c4450e09013867f33dc96e31e7026a2c0ef28904d61d93170
BUY,0.999,27.517,1745971462,No,0xb85a5497fdb3e1730f32b842ee28e3f260ef89b67f8099bd4cefaebb89f62ee9
SELL,0.998,28.06,1745970742,No,0x48686ebbd6a83117be07920c94fc875d7f0f33b281da7f8324180fd344f0ed9d
BUY,0.999,28.068,1745970708,No,0x6772dfbc4be7ec645b58363297b38febc31f5ca4125a214eb47a576609f2a93d
SELL,0.998,29.85,1745970538,No,0x01c1032d697c82dfdfb039349d34c202eb731082377b75a5fd5d0531632cf33d
BUY,0.999,29.859,1745970504,No,0x3937db7193b987bb31dede78ef37beaafa359ad4d0e02508bbc8a8e3fb3f7aed
SELL,0.998,41.09,1745970448,No,0xbe6eb50e11082c540fdd4d0bdad84c56049acb1603fad351e00cdf34fbaeea46
BUY,0.999,41.091,1745970416,No,0x595006613fd16320e644605baa23e58960ff5eddfb293c1414ec73f196846c25
SELL,0.998,39.37,1745970116,No,0x5924e7ccc7f418f0bc302c68249c386ee78838b69359a1e49f8511da7e8cd4f3
BUY,0.999,39.379,1745970084,No,0xf9e7027d509a5b53fe61f0cb030eed3f3e58012615dc2487347240d060c21093
SELL,0.998,30.66,1745969366,No,0x29bcf7d054706f64afed3788ad2f1506731bb004dcf49b9e49e5c432fcebef74
BUY,0.999,30.66,1745969332,No,0x8282adb86c5f936cf8c204cd6d3dba6e5f30fbafd688f56be49c0bbb9256eee1
SELL,0.998,37.32,1745969018,No,0x3e2fd169359110865448f5588ea675399af2cc88f05fcd49825c0efd499489a1
BUY,0.999,37.327,1745968984,No,0x87c6f3871b427a605302d3b1465768d6c76d89744b40f755b267711f275ecfdf
SELL,0.998,32.12,1745968812,No,0xe9f73911c00c098c7df19eedc6017422abfc596aa00b7a8e599bdfad473af470
BUY,0.999,32.122,1745968796,No,0x5fb6bb076639f6c1e0eb07b71ed641a4d0da2199e5f7a41ec48f5d9052504d3a
SELL,0.998,39.45,1745968792,No,0x9b45db020b13134eb53e6eca900aa2339a094fa0017ab61a640fa6a4935be2b5
BUY,0.999,39.459,1745968758,No,0x5f67c595c3eb6864fe9cfbae0751c88fb8e85335a846d9512180ff89be5e4be8
SELL,0.998,35.87,1745967242,No,0xb512add1a385b28398a11fb35e996088caab1d0565795ef98f954427312add5f
BUY,0.999,35.875,1745967208,No,0x0ce7b30a445646f08c350fba310ac84fcc438c4bd3b321d146f90ca18ecf38c7
SELL,0.998,36.32,1745967080,No,0xa60937ad4986f480179162a5ebe4748d14e31375fe1af462bbbef0d74c77d0de
SELL,0.998,36.38,1745967070,No,0xc1398c97d78aa66cb70ddfa4ad9a03b52a33d3f02558439ea2133942837f3ca1
BUY,0.999,36.326,1745967044,No,0x59e8cf7904274818801e67a16c599f78294dbf3a97a44c807b967f13c1ed91cd
BUY,0.999,36.386,1745967032,No,0x0487f09f139cdda561eca28373f98f1501d74504d6bd6e2dd65723abd782d89d
SELL,0.998,33.14,1745966738,No,0x56d567b4d5b864b6063565bbff775ef1e6ce952dfbfdb4c0df305440d8b4888a
BUY,0.999,33.143,1745966704,No,0xcf8c1d1a98f2f0834d27dbae23c7f2092d93ac2262df89022b91e57032fe3729
SELL,0.998,4,1745964496,No,0x1f17bc5ae1ff4e0050e9a885b1153ad608fe50cc995b51c4754fef9b9e0f5ff1
SELL,0.998,6,1745964062,No,0xf6e2299a6bfbb400bc08fa3bda7cff3332915d3e978c4a64a4f5af0adadee5ac
BUY,0.999,6,1745963770,No,0xdada4f8e8ed31c9847cc0f90478bf00085dd4892b20f84eabc4593dd227e6640
BUY,0.999,4,1745963768,No,0x8d2087a56296d170fcd492ff84a2a1b27f4033fe518bca2e4e0f4f86e6d14fd8
SELL,0.998,39.49,1745963468,No,0xddcfe9ff1f16a1544b276101fec1fce4c230774837b6f2d28aa23a95601f8ffa
BUY,0.999,39.499,1745963436,No,0x00d043790c8529c8c9e49fde99ea32ccb6cca57a430c3f5741bc235dbf74204d
SELL,0.998,38.87,1745962714,No,0x167799de9634961ecddd620d68dfa3fb9a00546d36e76c0809eab9a24760e662
BUY,0.999,38.878,1745962680,No,0xb026868ecc160b28e98bee4dcdcd871580b81a077a20fe4681178ea01b2a1d37
BUY,0.999,79.359,1745962544,No,0x500a48cf18f502c8536230c221c6b7cf4576ff05be5f810f05d0925a1586038d
SELL,0.998,38.75,1745962184,No,0x25677cba259e0945759c38b44c6b6bea2f0edd119dcbef080e123ae7fbbf6731
BUY,0.999,38.758,1745962152,No,0x14c27b55e8daaf8610529f000e644d16a7a28a9040b3e78695a0ba3ec48f610e
SELL,0.998,38.32,1745961310,No,0x5fc027d75f4c012703af45af78273ce6eb62db611b9ec5d6a918520a89b6ff5a
SELL,0.998,38.73,1745961298,No,0x4364dd97a54ee82f2c49e38c2542c8411ceacb75fb7bb59878c2c6fea6ed006a
SELL,0.998,27.74,1745961288,No,0x154ed564f5426d2ef21ea4baa96743dc060282e24bcc66f10f999ccc7257585a
BUY,0.999,38.328,1745961278,No,0x0c7b8e9bee7804449f6ca52bcbc5fa2211db7538cc0ddf9dd9c66b1dfe52dfc8
BUY,0.999,38.738,1745961266,No,0xe7cc4baee041eaa74b9b6065bda8a2e4159a7a23e1e479823116a77122c62428
BUY,0.999,27.747,1745961256,No,0x34cfaedf98600f016eba20d1780c65cfd2ee7fb672160fb9c6584e2556eb1534
SELL,0.998,29.17,1745961088,No,0xcedc0d47735691507aba27ff0e802211c09f8a28737109377f94042e18cca8e6
SELL,0.998,28.25,1745961056,No,0xdc1ef3d80520612219da5a0289afca0fa033663ec277ffe7ab18b38d8f5f2ce7
BUY,0.999,29.179,1745961050,No,0x933c9fe229a664d6d285df09948ef4f950946aa1a7070e65edadcd0008777075
BUY,0.999,28.258,1745961024,No,0x11ad40c588cac598e34f9baf218e0d1952d5502ad1718c54654d31a325678387
SELL,0.998,28.3,1745960100,No,0x7337c115e6429b5dc72f27253d269e7e0bcbeaed849af0868da5600c2bffc4ad
BUY,0.999,28.308,1745960068,No,0xa3ff808ae4394c3a2d27ae0460cb40b103512056e1ad0c0b8087ce917b28338d
SELL,0.998,31.99,1745959742,No,0x93dd5480709c8cc7c8998cbdd7b05ebdfccacb7f5d02f4b8e603c042da9d6c98
BUY,0.999,31.991,1745959708,No,0x60d68f3169d9821f35de76b8152849153a390e0ac8ebfa5418550137c3c2d446
SELL,0.998,35.89,1745959316,No,0xb6964614542a1c312cd522e7f148b50d9ded3d55d9e830f1edce6eb7a9a17766
BUY,0.999,35.895,1745959282,No,0xe70bc134bf1c1eca47596784c33a01c5dd3f2c26d1c49be242ca9a1e29edfe5a
SELL,0.998,41.29,1745958736,No,0x6d62d51bb4f45ccd649d97fc8a1a434c4ff0f390f662478e25556bab67411333
BUY,0.999,41.291,1745958704,No,0x3cdb4fa8dfaffbc1c44f0b1c3d75d982ecec358ca95e9420ea3049cfa63b72b9
SELL,0.998,31.91,1745958256,No,0xb1901116c74f24d51dfe016883b7990b19266558b0dc62e3a9d2bd0c1cd94d44
BUY,0.999,31.911,1745958220,No,0x0020fb20361858e4948564c03e6554cbc2d2fd9ecf4b266895771aaacbda4704
SELL,0.998,30.64,1745958120,No,0x3041d304bea29618474e84e85cc3d081a6643adb8fa3f8cb8ba45301660e8db8
BUY,0.999,30.64,1745958090,No,0xb82353663eeb92247d9b5477721e3d48b07941f73b00f57a39210c4edf063b40
BUY,0.999,33.833,1745958082,No,0xe8e302338325064697e86d7d634a8f4140c06d4e5384646ec6f1f22a94d44df6
SELL,0.998,44.77,1745957870,No,0x62373db2cf70f99b06ab29bf29242da24158d792b912880ede0b401d9f8130c5
BUY,0.999,44.774,1745957836,No,0x6c56ce9d6cd221b587d764c855533db9f6314b0b256265c84a9f5ed3e5ec1f32
SELL,0.998,36.25,1745957626,No,0xc62bf389105c9cf839600ce51b4bcd4c538860cb4cabdb5bdcd456d1db5dda3a
BUY,0.999,36.256,1745957594,No,0xe8c2a86bc96903682f7d5af5d1088a335d2343f674b4ff2a83ba0974ef2ee7d6
SELL,0.001,750,1745956888,Yes,0x2ba7e333157d728739487e539dc34793fc1ad6a13cf74fea7da13b15ac00cf52
SELL,0.998,36.74,1745956292,No,0x88daa9822d8797e35b942b5c4acbc07011706ac7f506ee441abbdd7843f5b963
BUY,0.999,36.746,1745956258,No,0xd934292e850e460a375ecdd9878e6009f5f97ea7d58678ea802319570cae7fa4
SELL,0.998,40.83,1745955748,No,0xde6911841bf32fc71d2a739e9c2132087e0cc43bd04a5b1d0857c4de6541ee34
BUY,0.999,40.83,1745955712,No,0x9575e3cd659cde784f0141eb9894514e1b8d1534855e906e534fb4679012616f
BUY,0.999,71.131,1745955272,No,0xed01c98da4766e578c14ee371c229af929fdfb8c9eb1f34007920e295e926794
SELL,0.998,36.54,1745954782,No,0x5fe122e10d200b236d00412a53efdfd6e1b348b956cd5b098135754ede3e5618
BUY,0.999,36.546,1745954748,No,0x25531d92b9adff55c5041e4b4571c831d10794d11c6e7f14d744e480a8c9438e
SELL,0.998,40.33,1745954718,No,0x18596f7264f74c54e94f991a5cb830bf4bfbd243cd154b6cc3536050d69812d3
BUY,0.999,40.33,1745954687,No,0xd0e1b08d5ff5699805c4ee0e5386982cc4ff3a1264483611d104bd1035ef88ff
SELL,0.998,30.61,1745954393,No,0xac5203f449a5b4005c0825e1585cb8edac99d40b982468597363eb00f6eabcd9
SELL,0.998,33.55,1745954391,No,0x72f15394bd56263348dc4a425306bf6f97331ca6706d3b9e2d9b378d705f1d24
BUY,0.999,30.61,1745954359,No,0x66266798190819a27b11b1bb03084af55cb5e39732b2a5261a35988b1017d85f
BUY,0.999,33.553,1745954357,No,0x1e1d282371827b731ecb6d2ce77907fe2343410dff84651c22c1a3fa3007eb31
SELL,0.998,30.5,1745954026,No,0x6236397bb7d6357329d51bce7643d0b75a1872acb98f18c2da22d4d27a077495
BUY,0.999,30.5,1745953972,No,0xce7bb4a5835d3339892393b7ca2ecb1dcb5dcfc00d5dc5cde10c026bf785edb3
SELL,0.998,33.31,1745953667,No,0xe0f0fc69c881373038821df36a3ae646b26f975b740fcfee8b5e5b7a9363c934
BUY,0.999,33.313,1745953635,No,0x7f38f969ed7cb1a1b5dbecf8698f3e6b85291274c0e07c8289b5354f3312dee2
SELL,0.998,33.82,1745953210,No,0x08b3a61e216fc787da91b1ab0965407430ce0452c4b76df7b6b3e72616476d15
BUY,0.999,33.823,1745953165,No,0xa97775eefbf92302a9d6dc42ca75a0eca21356412a9ff7256783fbb0d990fbde
SELL,0.998,29.49,1745953011,No,0x3cb7a4782e6f16e550aeab92f4c0a4e01495e5b3fac455f8d3690cd97884b77e
BUY,0.999,29.499,1745952979,No,0x87d2becbb78f5f7e2c1abf05906c9f7531da9248f3ca247a4454f7e9a26b3b23
SELL,0.998,33.07,1745952467,No,0x461309d6f4962956a2b32f6c73e86746a346078329ca44687a03beeab1302295
BUY,0.999,33.073,1745952421,No,0xbe57bd29b5db670e1af8ac494099921f51ea2697bbff7fa30f4db614535da62a
SELL,0.998,39.52,1745951935,No,0xf2ce49159088046e705fddc07f0e20e47fe885c1b7ad8a48632c41fd3b2379a5
BUY,0.999,39.529,1745951905,No,0xe1154730ec94a205be44da00c9fc58c03c185a9e468a7c6c3f3d3748e99b18ad
SELL,0.998,36.68,1745951767,No,0x1f51ddb536d1d25f11821fa9a2dee1307c5f8f0774df50d58590827c44727d42
BUY,0.999,36.686,1745951735,No,0x0448ac29aac7da1a3f23278ce70754bada8f367eec4cd803cedd23a3f0ebfade
SELL,0.998,27.43,1745950751,No,0x61219763a98037315c6155bb4dc9df3f11f33378efb3c92a0110ff0bdbe6b8d7
BUY,0.999,27.437,1745950717,No,0x0033366e680578c987ba22c0d22c879fb4c42e39162c4459b53c28a3c7353fa0
SELL,0.998,38.84,1745950256,No,0x36a1032ca3ee171fd2066a33e9d5b142cdb155ef295bc7497cae595774bfb64e
BUY,0.999,38.848,1745950222,No,0xdd01c107dcbd968c4acff702d9fdba14ab9f1f36316a688fb19860e8cfc84f24
SELL,0.998,34.21,1745950102,No,0xebb68584ae113fcc2e70799a82a0590ea44cd58821897b359d93df5ec950a836
BUY,0.999,34.214,1745950040,No,0xbb7f5a713ffde3d77df0f6abaaeda58cf4cb1358c98ac7f5e360be6ee1765fce
SELL,0.998,36.53,1745949780,No,0x1f2b0479fff13346bdfe64f6285c9040d3ea6c54f25c790b32cdc9163460c25b
BUY,0.999,36.536,1745949746,No,0x5399f92bd5f642077e1378749e4d624b85aefefa6d866ff328f920468c76ddc0
SELL,0.998,37.49,1745949634,No,0x4a04a92a868b2fd0ac162241010d22fda66ca0ef681672c0d8e72a034d821b8f
BUY,0.999,37.497,1745949604,No,0x606ec702d7e9b94fcccb81a3b34a900864edd39c43e571a0335704b7532cfc82
SELL,0.998,44.28,1745949559,No,0xe4c6fadde6faab3ba57900d3e1a4c70a6b5ee01cc882b73f99a3e00803db1381
BUY,0.999,44.284,1745949529,No,0x849ae420f7f31f74d30bc4f34a507b69a2ac5e5e4360d91a8c929a8013fb4a1a
SELL,0.998,32.69,1745949499,No,0x332af10841a08238d9e6dae319395571ed4517f7ff35053fe26d447dbfb9042c
SELL,0.998,26.91,1745949493,No,0x4b22f1bd1e902dd214e92e1cd8aa9b6dc23487eff4cdcc12500dc84ec8423530
BUY,0.999,32.682,1745949467,No,0x9b34ba48f76732aa22342b92bbc402587723671b5849c5d9e39e765465d1fa71
BUY,0.999,26.916,1745949459,No,0xf7a012a195c15979f6c5ca8850380af0544a403e03de21aba988e50f954cb61f
SELL,0.998,35.09,1745949277,No,0x13ddb55b2f2fa3344885ac2f74c8f4e88418de9a5360e4a848727f88e1981f1a
BUY,0.999,35.095,1745949241,No,0x05b003005167be942ff151a96d7b95444783227c43e6635cca65890fa8e5d3f7
SELL,0.998,30.53,1745949093,No,0xcba11eaf7cda7c2b8b7e4a629e96b36cf653ec312e0c834719aead71fa1c678e
BUY,0.999,30.53,1745949059,No,0x3e6dc69c9f2e2e3406a8052a7c7d683a4cefcc33eb6424e7c1118bc44c3f8221
BUY,0.999,15.015,1745949015,No,0xd8736f0fc0bee87fda0ff644a2824ff37609b65a3480d7663a4ec130d581f5fa
SELL,0.998,31.72,1745948769,No,0x5ef860b502b8069d4caa974ceed76e2b39aa84e3005e8e6b51215636e2847da6
BUY,0.999,31.721,1745948737,No,0x8bffa3e605b75c5e8ce9859d7a620f83994bd52ce47a2f90b2c9e84d56c3fb21
SELL,0.998,33.23,1745948365,No,0x4f4108c7d6aec5523567155bd9e06d16b5e029cdf8898540ec26023271579f35
BUY,0.999,33.233,1745948333,No,0x22ff41ee61267bc8b44cfbfa58a87b6edcac26572a2fa3fd0334c16075ac3490
SELL,0.998,27.34,1745948117,No,0x92860fcaf59f6b48b4360843443e2b705af5d63d0991ba3ec91e5f40b48d5c42
BUY,0.999,27.347,1745948083,No,0x2de476e56ead033d45365cb720325b4e14d5ad208658f054e08c56c6f16caa24
SELL,0.998,30.55,1745947845,No,0xd70868ccc7269deea0e4fb5d6adc03cdad5a478caf99a54dc18b15ad0b184dc2
BUY,0.999,30.55,1745947813,No,0xf3c327ad8383de52b19c562ebe5a73730ce12e734bf7eceada34a40a58b3dae7
SELL,0.998,34.57,1745947613,No,0xf885746fdb8f91dddd3e83ef513edeb3276e6915dacd72731c7115749141d6b0
BUY,0.999,34.574,1745947579,No,0xbdb48cd280704e6340952e2933614fb58bb3df3aedb6fd83c42f0d40cae25b31
SELL,0.998,34.16,1745947335,No,0xac26648940be80ef4f473d5279fffeb70b3ceb1e2bb3229e7dae7504c4388ebc
BUY,0.999,34.164,1745947303,No,0x57dda944e7f2a9b807f8007486def5bf1f8b0b32954573fb6172d7b1c089eab4
SELL,0.998,27.49,1745946959,No,0xa69b5bb12679ede3b8eacf25f358de44383b32112db920f20188f0776ab7824d
BUY,0.999,27.497,1745946929,No,0xac9d75ae92d3e8072138539580d7b67597e07f1447d1bb18a7f98209dde1c958
SELL,0.998,31.78,1745946729,No,0xdfa9f594de2c57b1d5757f24e5d78d79ea08f52a2652d2e077b134e8717758a7
BUY,0.999,31.781,1745946695,No,0x9aa7a0cee46e6b3b6d68b4e84e7909f92684daa09d884aa8162b1db242962744
SELL,0.998,31.1,1745946577,No,0x862ffd9553d5cbfee4595ffec84a3a5e3b226f1a6920e062bdb5caffafa2a759
BUY,0.999,31.101,1745946543,No,0x671914e8a1e487644c646bb069bee2122bbd1fefa11cc51c349a66135ada168a
SELL,0.998,32.41,1745946117,No,0x525c398e8fdfb744030117ba92812e8d68bde13975e8109df893629829759dab
SELL,0.998,38.73,1745946087,No,0x688a3be679dcdd2fd2e3a7b51c22ef3f94adc77168b65c1a00fbdbecfc0e1590
BUY,0.999,32.412,1745946085,No,0x51eee62b28cdf12148a783b87b1a23728d7f928fb7d2332d59889656078583cd
BUY,0.999,38.738,1745946055,No,0xd0890e0abe69cb89aae5e0e5f206a185a574695ce61e6bcefe4381fd495815ba
SELL,0.998,28.15,1745946021,No,0x2673dd84c68dcfa89635e03009d1ee48488603d9ea54906fe49feed5405b9c50
BUY,0.999,28.158,1745945987,No,0x89cb462c384911dad2e7b7895f2772f6d81ef717b0f0775819aaa9cf5e7797d8
SELL,0.998,33.55,1745945483,No,0xa5d36823310f87560b2609ce6151f18fc318a07e40e95789203138798dc79852
BUY,0.999,33.553,1745945451,No,0xc5a91ed2777f3fa1680b7ca77838812e02bd613befdd450fa894b55a787aadf6
SELL,0.998,29.27,1745945163,No,0x8a28d4a7487b58c6e5d0e4174b43c6d576e94da5e9fe1296d8656414440998fc
BUY,0.999,29.279,1745945125,No,0xbf63ee307d00d00ec72b1bd44b4089ab3d9bb43e4dc9b84bef660ee4e405cd21
SELL,0.998,41.73,1745944729,No,0xbed456fa3d65db2073a9d8d8b765f159e87573af068d0744f4f72a6b2ca244ef
SELL,0.998,35.72,1745944723,No,0x589e1a352fd064f896c247475d2ae292bc98be1b6e638474ea787cf0bc50218d
SELL,0.998,29.12,1745944717,No,0x74a92d484ff4bfa76b89ced451ebd9151fee2d9bd2a9956a8440713938c17c1c
BUY,0.999,41.731,1745944691,No,0xce3c126fd2577e9882bf815e26188a373a130407f63776df1c1d9ef24f812217
BUY,0.999,35.725,1745944663,No,0x10094a6a41a712169888146a98305fe6a1f692e29f450847c06342def8a41acd
BUY,0.999,29.129,1745944661,No,0xa31526ae87df3d6f64389c420e2718d6ec775b0f3c96f40172d3f8f81683b85d
BUY,0.002,37705,1745942513,Yes,0x5787e8b243543872713753b4f7e77676a71d707053ebdd42ee2649a59e5995a0
BUY,0.002,41470,1745942390,Yes,0xbb05e57aef65af4438fe79f61f99ff4b8f7d75e91c8075436cebe528d9665cfa
BUY,0.002,36860,1745942288,Yes,0xf4b95063b3c78d9237f81227a6aa4439cfbaf87b43648d69a3822fbf56d75336
BUY,0.002,37620,1745942102,Yes,0x8d6f6776e68e4c4756011a70dd4a0c5638d1131117b5a5be945a31020e7e95cc
BUY,0.002,35875,1745941946,Yes,0xb303c77a7359da294a52f3e10d52dce43bbf8396a0b1491957a4ab451188eda4
BUY,0.002,36295,1745941764,Yes,0x4df817f0207c606f3a71144c50d4c94520232a6c7a8fed3d2a55a3d2794cc932
BUY,0.002,37935,1745941582,Yes,0x3867013749e79c830cec8ceb2f80239ea71abcb0a7c4daeb6b5b8c375362632a
BUY,0.002,37365,1745941306,Yes,0x33a8810fae0894d184b583865a1efa760833d68699785f91ab02c29e2899d135
BUY,0.002,38385,1745941096,Yes,0xa541961e25115b2b7205b4b8dff77a38ba259ec41d7fe4ac90722b5ba62692e9
BUY,0.002,36930,1745940962,Yes,0x5b3131e6171b99b20ff45e986d9d36be730aabf971231b71ad87f2c404744250
BUY,0.002,38455,1745940782,Yes,0xebbc1909b4111098543e7cfa2a6f0eafe24cf1a853ccaa37f4cc8a401bb55db0
SELL,0.998,39.84,1745940664,No,0x13b3b9eb002350fea24efbca357e6dfaa876f3bd7045765f8af34f5a9656a68d
BUY,0.999,39.849,1745940630,No,0xaf39df2e8997a87756bbdf676609d919b2854578885c48a2ca856e237f8515e1
BUY,0.002,35805,1745940606,Yes,0x242ddfe444419b1fb73c30d0edde2408d67982cb358fb93a5b1dd13c2fdd6db6
SELL,0.9967299237821716,1357.95,1745940532,No,0x85958af443e852153cd94f7521d49a8185179dcfaa05d10524a79af831a8f914
BUY,0.002,39760,1745940404,Yes,0xed8c46bacc7d38082122a74f0de7e23445437daf0ef674b461a99f0aad31fc3e
BUY,0.002,38585,1745940268,Yes,0x05ae93b6ab307180feddf7e26456c585da1f14324daf847ec930adedafc5f975
BUY,0.002,39680,1745940112,Yes,0x04a3f4c5c678b4a7ddc8859a1d818b26ebaee2534ebbd49fcd1b24453aa60a40
BUY,0.002,37330,1745939896,Yes,0x53237f18976bc0fcfd06e3e09a0dd0cbb8b15182506f47d20d7c3a8d67229a3d
SELL,0.998,32.56,1745939782,No,0x505b4d267819067bf66d1fecbd759d96fbfd641d8e8f4099d3ce2625ae5e5a96
BUY,0.999,32.562,1745939748,No,0x3aa944d06dcafc89be94ed19ad24a0f83eb7f48da84532efc63b82a9258ab9e0
BUY,0.002,38460,1745939638,Yes,0xd40d61850dd642da66f3007588f41e77d7a4bcd31a0aa234b7ea69747905b45e
SELL,0.998,28.36,1745939552,No,0xb1edc6e9745bcc24c6a06bd4a5ec3765be4c51a482c6d3454d9660f8c6100f79
BUY,0.999,28.368,1745939520,No,0xd33b76e3261feaf57f0cda51fb0fd5a4a0393dcc4194c182445a71e3cebcdcd5
SELL,0.998,40.5,1745939464,No,0xa53dd8e5403b21d5d04f4fce236682cada1b73e8b0bd5428686891e55cb171b3
SELL,0.998,39.07,1745939454,No,0x4964cd668d4776eddbdf3e926de83b10f55abab29ae3388cefba2fe8fb4a9c1c
BUY,0.999,40.5,1745939430,No,0xc288c6a03c3c33bb795ed25760235c91abd972ed5c8a4ae6160023f05b64460b
BUY,0.999,39.079,1745939420,No,0x0e4a84d157d58802dc92bd3179d23467d00a9da9e7d6d628b94a7f27865362fc
BUY,0.002,36900,1745939400,Yes,0x0c00618ea38a82a878f272dd13531a6031cca1c6b3bf045d17c9de4c41c4581d
SELL,0.998,39.05,1745939332,No,0x321beb7a6cfcfc708ae363542c4cf8f038666171b6dda72834bb32708fe3f20f
SELL,0.998,25.63,1745939314,No,0x350c78487e30b6fb6a8e043aa6525873c6a100b71d7066076f76088ae61a64b6
BUY,0.999,39.049,1745939298,No,0x316720a17706eb79b6a2aadf159e6d88c8c8c7314d8c60c55932ca29e76a88fb
BUY,0.999,25.635,1745939280,No,0xb99a0cf40253fd5d1a733748dc357e4b5c0f6d25f20edddab8b2be8c3e616fa6
BUY,0.002,36890,1745939186,Yes,0xb68e3bc821f4732b24b98af7680d3a419d897c13f4691ebc388268b881814a57
BUY,0.002,39780,1745939010,Yes,0xbb272cd1353fd83529a748301a96999ddac773ef434fe16d83fae0a38b2329aa
SELL,0.998,27.68,1745938942,No,0x21865a7ddba931d361befe8297efca1bb15604f2bd4718e2961190a70fd01da3
BUY,0.999,27.687,1745938908,No,0x45daf04fb60e1514ce29fdb5859f0238746bc5a7f1a59212fb591997a2c9be33
BUY,0.002,37045,1745938630,Yes,0xd9c9801b4f27bbc2d7b95bce155c34f081e4177d866e8217faef8473a4956fa1
SELL,0.001,0.23,1745938586,Yes,0x321686a0b7854a971ed6099be8b3ba1286b06ffbf5f477d360d15038b84cd1c5
SELL,0.998,37.32,1745938578,No,0x389d820ffe4210b4f08dadab67854c569347df0be984cc50b99d72167f7953fe
BUY,0.999,37.327,1745938546,No,0xe5213ac2ba696bab9abe6d6f0bec34c20c049a27656cc2675f793ffefcccfc8e
BUY,0.002,37290,1745938408,Yes,0xdd602849adb16e90c6a387712a1d67f17c7a0bbd8c09c4b7d7a7cec3fa5726c4
SELL,0.998,30.53,1745938288,No,0xb0ea83f44e190f02481a97445cc0da0353ef06ccff2e6420ef0d27bac5fb286f
BUY,0.999,30.53,1745938254,No,0xe97098533872f348c421e50de56d61326c65f4cec5e3673ac3d634993cdee848
BUY,0.002,38095,1745938176,Yes,0x14e0627f8630ba46a058d49e931326b35bf15e7c563cc05ed58eb6cb6cfd2394
BUY,0.002,32895,1745938070,Yes,0x2ef6e39b1cc7bc25456d0f67db29e64926ffde38b494f39b69503c3a07068338
BUY,0.002,37500,1745937898,Yes,0xf234bcda2fee22c77f83fa9e46ffd762884fa76cc3ec763c7678889472457075
SELL,0.998,29.6,1745937896,No,0x14bff3facac71e8f6c4304b2384d22344780ef674707f1eab7f5aa9760539a6c
BUY,0.999,29.609,1745937862,No,0xc67f0cc93964f6b77f3f23b0f20b1501d83a3b42437c37fd2c6ee0fb49d71c0e
BUY,0.002,37575,1745937704,Yes,0x2d7739a78a03720a7fa0dc575ef8231cca3f96421aed5cc4efa0edde2c09d7d2
BUY,0.002,37535,1745937520,Yes,0xc154c77d210dbb22b190006f8a6f162044aacee837de8e6973f2e2d06bfd9082
BUY,0.002,38830,1745937346,Yes,0xfef1c8b3076f1142cb08c1fd7d94ef0902eadb8212fa69cf5efce1c14073199c
BUY,0.002,40075,1745937204,Yes,0x7fd348679bb9ef896eaea45aa3a68cbf5b9a8ff56b48e3fcb9858c9e484ad40e
SELL,0.998,38.39,1745937202,No,0xf21a344e8d154290b3f4e592c51a5d987c690041f71825f1250a02d76dd341a0
SELL,0.998,39.14,1745937176,No,0x8b063bc0c3d2fa0aac618d45fb69387ff523ef0d15aad853c831e7623a361eb0
BUY,0.999,38.398,1745937166,No,0xa06172236d39f4686b6f6157f93845f2e6e4fdeedc7b0c0c0206ce202d2037c4
BUY,0.999,39.149,1745937142,No,0xfdde6560614e6509c425a66700b399fa3ed515d895180d4abbe2e59e9f052b14
BUY,0.002,38380,1745936956,Yes,0xbac5c0c28e6393738992389efbb6a8ab79be9ade4dc2e88151b669aa00bc5640
SELL,0.998,32.32,1745936950,No,0xaa15f53af2210206f1c4a4118a3786e00ab1e08b54bbe19fb4f48292296bb5f7
BUY,0.999,32.322,1745936916,No,0x9242cfbfd6d8634361d11d37e1edd6c1e8fa281e7964c30f841830ea9ed1cb74
BUY,0.002,38345,1745936772,Yes,0xc237045f4173d00b9dd23f88b04f4b31321b4ebe0ebc8f46457881fb1c7481fa
BUY,0.002,37340,1745936628,Yes,0x7674096b953dadb6f2d054901ade71359b9ee79582654be2b35a9ebe5edd291d
SELL,0.998,27.67,1745936582,No,0x5364db625063dbe0eec0a13f9d0b7e7b87582def87cbfbc854526333fb93415c
BUY,0.999,27.677,1745936548,No,0x5bb33bb87864f147ba95844b67431c3135f17d6f9c7e8cebeffe846ed685530d
BUY,0.002,39410,1745936478,Yes,0xfa20ed33e56061a23fd73d9ebfbc48588c3d212b16eef0299e935a559b3016cf
SELL,0.998,33.38,1745936476,No,0xa295d08a063e0b858de366336d50d79e16cf2ceca6060a5691933b1feb5f0170
BUY,0.999,33.383,1745936444,No,0x0879f0c8ff2df45e85a5313498b5efa2301cd3289564824e7b2876c6f0123292
SELL,0.998,37.89,1745936352,No,0x47586a3ca2c8fd10dd90fef1d9eac004ea9bfc39b01d801b0153fd0b7ed824dd
BUY,0.002,37450,1745936338,Yes,0x4b75d0905df8478ec989093b0a5bcf3ee95dfae833884788f9e54236304fdc1b
BUY,0.999,37.897,1745936320,No,0xe802e093929def0c5abc33fedf62dee97962b933a315f9d38e8e72f76870f3cb
BUY,0.002,37825,1745936164,Yes,0x754249544c1a7285c0c6d2614dcb5257eb1bcee006aaec6aefbbc53b2e9a2cf9
BUY,0.002,37210,1745936030,Yes,0x402e17bf11f0661b4040e3738105b23e16dabf166d2fdcbd1298703b584285dd
SELL,0.998,35.5,1745935914,No,0xb83d7c5bf16c5d17a875c30727a90c61d920e78a39f8ad089893d3b84314e25b
SELL,0.998,30.95,1745935880,No,0x417a6336318f05a46afc8461cebe1be1400e5d57d7ee23cddc7f4fd0658459ee
BUY,0.999,35.505,1745935880,No,0x0cf179c5c5badbd85500f6e6ae158f42b0551c7899a73f31c7ca22f8e48999fd
BUY,0.999,30.95,1745935846,No,0xb7d38f4d54ee9f759a45337debd59ab2e9e6d6906e90ba7df58b9f6a042b8e2c
SELL,0.998,36.32,1745935840,No,0x9f18f9b5ce092ea4da5ac373a6a409aa84f79b330ca7fbc3fde996463f1dddb9
BUY,0.002,39425,1745935818,Yes,0x31a9abb9adfaf40a902b36faeac5d372748fafecb2b95034786144627cec1f28
BUY,0.999,36.326,1745935800,No,0x63f4608893ba786e6f004f7ca39c61b3091c9c631b46472834967d21d21c479f
BUY,0.002,37215,1745935606,Yes,0x43c96feb52e7d12ce56368f814ad75c7b57e8b0c00f48b059413f30771ba8be7
BUY,0.002,38505,1745935476,Yes,0x81351de978f7c86e7dc6cd3fabc214d9ef3e7aa96d1d16d5b1d9d8e551a20381
SELL,0.998,42.05,1745935400,No,0x49156358e8195a5c202fd2a62f4870e672cdb95d482d592a41cf279b68b7502d
BUY,0.999,42.052,1745935366,No,0x3a42337a58354abe94e20f19735f259ce57520978d70208e8eefdce988273124
BUY,0.002,38565,1745935334,Yes,0x208f2ef47b172cb8bf5f054ac203bacd08c024539b32112ac0ce558570e1a89b
BUY,0.002,37660,1745935090,Yes,0x9179999704e66b509a34d8c0ce49365b321409ba780c9b2b125f9802bcf4943c
BUY,0.002,38600,1745934906,Yes,0x68b88a2ad10ef35cb2fd25d96d5320fa8aebd59d8bc0ccf94e12513e55b1b768
BUY,0.002,38465,1745934710,Yes,0x05a90d3f78dc46754669f735bf3789620254f4c827ccb9680df20e90a1b6d4ce
SELL,0.998,36.42,1745934686,No,0x7bad60e8d056d24c6d0c76b6360e8c85a07bb6cd1fb81a75eaafba6e1ceeb4c6
BUY,0.999,36.426,1745934652,No,0xaafb1857ce3856099b0777a1ac0048c8d8ef0ae7a7ec2a849b5d02fcbcdbb814
SELL,0.998,42.1,1745934588,No,0xc87888ee8217010c7c847596c12eaa6e30226e221982017a6e906e9886d8e33e
BUY,0.999,42.102,1745934554,No,0xd47ee2fdf8252e3ed21ae993d6e2a3d8a9d749df206d5a5f5d71e2a8134c7f72
BUY,0.002,39390,1745934552,Yes,0x122a382292cbc9dcfb4104ecba264a82790be2d9f9b30ec922e2a311c9a11253
BUY,0.002,37685,1745934292,Yes,0x7b29307d62ed021c7cece6db0ec7cef3feaafa225121c63c841a7f4899b96b5a
BUY,0.002,38615,1745934182,Yes,0xe102d88f41aa09f0d6436a6c698b706b4742271f67aba6f7220260bc43b45989
SELL,0.998,32.95,1745934098,No,0xbfe35620e1ef7a6c62737b246fdd4652f4cd929aa46fbc2e5d223aba9fd6dfd7
BUY,0.002,39335,1745934004,Yes,0xcca032215cfa88364d65de910aeb6f1771cd5f15afe68eadec8a7700f1149648
BUY,0.002,38715,1745933799,Yes,0x65582273664c010068cbc5d3f340140d9608adf910f52effed3d994d73f9845b
BUY,0.002,40485,1745933657,Yes,0x62aeb40b850a300fe37138ce7c82f23af2cf796c76a2202f28d1aed868bc3902
BUY,0.999,32.952,1745933641,No,0xc6fec5be27f0e5c2ced7f7948397d2311d42fdac9177c79a58a7d441d09b3874
SELL,0.998,26.16,1745933577,No,0x7a4c3607940df05a73565f43a0edab12d94d0dd736c6826134090fc2155f80c1
BUY,0.999,26.166,1745933543,No,0x967be203cbffcfcb9d85e92a07558fa035727a95b98898ea8cd05d086dab2476
BUY,0.002,38240,1745933419,Yes,0x606ecbc7284afcc984e04b4212e5fe7db1a56b738f13d3a108558a5c45935365
SELL,0.998,30.82,1745933223,No,0x2fdc96425ea06719077b035c416dcf8f75a2cc7de8ed7e250594e6ee833e8fae
BUY,0.002,40345,1745933203,Yes,0x7f750f2f95d8af1f1ef4a5a350b8a316d096c636c566d0c9a45e9ef38d39b209
BUY,0.999,30.82,1745933191,No,0xdaeefca20948b4f8de9ae6c2dbd3b00c64afe68e28147c1c57eb34bd0094a021
SELL,0.998,32.81,1745932971,No,0x3c318bc7599f5f8587128c79f6507db51dd0ecc3592897f3644d16a6764a6b6b
BUY,0.002,39765,1745932957,Yes,0x1e2f5a292a222a2a59e90eb40402bb64fa4a33c4356d99c8cee9602e3f4c3f9f
BUY,0.999,32.812,1745932939,No,0x89a6f3b2ff24c42380ab277c8823d4884e0a7bde8561819094b7c646a18a382e
BUY,0.002,39590,1745932779,Yes,0xe7085816f5bef83b1a30698c38fd23558dde3dcb1f4a42421604451f58b85489
SELL,0.998,31.31,1745932703,No,0xc2cf03bb761f6347d889b19d78f21260bac94c7951c4bad9d3da04482f54524f
BUY,0.999,31.311,1745932621,No,0x55eeea2638ccfdb7372ad5a38e77b29931c6a661f62fbb4f98babc72057d007b
BUY,0.002,39575,1745932559,Yes,0x2444222ea6d4ecb0b1760b94eaa6083479a81adc110936ebf17e88ca2cad6d0b
SELL,0.998,36.39,1745932479,No,0xd9486270dba6dfa11515ad53172e81e6c7e0c15dc1b6f2367a07347c1ddc6c05
SELL,0.998,32.43,1745932465,No,0x6213a27380bd89356aeef3171ff75828ade249368e47108ae2833e5561117ce2
BUY,0.999,36.396,1745932447,No,0xb580baee0bde49d493a46a007ca9df02b54eed59b9e6ce412a1f8004eae8b519
BUY,0.999,32.432,1745932433,No,0xbb27b229e493fecbe5256ac0e37978c5793e289e27161549bb2e05efd5fd9c00
BUY,0.002,40700,1745932371,Yes,0xb38b4f08db04da6d7cb5a58fd35b68e7eab7975b36cd778e986cae21a8d82af1
SELL,0.998,42.72,1745932273,No,0x34bceefddcb810215a68cf281413128f918548911eeadb5a362750d830c5583e
BUY,0.999,42.722,1745932241,No,0xc111967a695f3188f6cfc7bc17f9a46ba62b9fe85103a5cf345ebccd94874db0
SELL,0.998,27.45,1745932221,No,0xadd6137b329e44adb54ecc768d05d69020435f88ae38d60744287a254f002312
BUY,0.999,27.457,1745932179,No,0xaf8002f7efb457e66474df10688901c25ed8158cfd35bb3c49d0c90d9ca75da5
BUY,0.002,38365,1745932105,Yes,0x354795724f17f9718ca985f0a4dac798c57a6554c2da500bc595ea3cb2d650c2
BUY,0.002,37965,1745931907,Yes,0x61c2f9d79e4f143b09c16e88b34185adf9c954c3b704a87132f5f82082b99f27
BUY,0.002,39085,1745931763,Yes,0x838d6d3ba185736b4b52223ee19713a6fe146350d07c9d1c0fa7d35fbfc448a0
SELL,0.998,27.32,1745931723,No,0xea137f3b1a0767a67c68ddcc2ee80f7b6873fe61f924ee861a929e3a4036f51d
BUY,0.999,27.327,1745931689,No,0xfddb71220009c090faf6172dd85cfbb54f9d306781b923c9378b7226605108fc
SELL,0.998,39.25,1745931667,No,0xabdfca4e77d13c014ba04ff8a66bccea18c31b63e53bb059af0ddae124bf3903
BUY,0.999,39.249,1745931633,No,0x675871d68c6b6fa564a28594fbf15c2a1961a18ee7a7714b322fecb1f228bc33
BUY,0.002,35025,1745931471,Yes,0x7ec34f28fd70367f036774ad9347bba2e5e69058ad47a81f377de27a3eadd743
SELL,0.998,30.16,1745931439,No,0x8bf70fea2bcbcac6d6be43c32a128bc34eed5ff791f2e0b21d51ad150046accb
SELL,0.998,45.15,1745931439,No,0xf20a35883ae7efdc4f4bf1955b36ebcdf3520b133d96a090a84bc88e611228c1
BUY,0.999,30.16,1745931405,No,0x1ade64ec510aacb4b5edeb95ed81f0a227efa481639b259867fc657019b4c7fc
BUY,0.999,45.155,1745931399,No,0xb3cb1ea2913708162b6490c848cf6f5f1d4ef80e5be7fb62b9087a5a7e1bea22
BUY,0.002,40255,1745931277,Yes,0xa88e463a5be75fbed140a2b3106f79131f8700882877a96ce25042b043781d46
BUY,0.002,39225,1745931053,Yes,0x707deaff0a12708c13ee772d77054081c94366da26ed9df8b4bc033acf22267d
BUY,0.002,38910,1745930867,Yes,0xa7eb74bafaf0a44699c5588cf025f3714cb782e8329973aab214bce46b7dab77
SELL,0.998,34.39,1745930865,No,0xe640b9e042a1aaf78046f567e3074520ca2565adb6e3e6561acae5b57bbdd337
BUY,0.999,34.394,1745930837,No,0x36ee2ff903c4380887a2272e536d2f0a2c8fb24299b9d2cc398eafae2ac9e405
SELL,0.998,39.88,1745930829,No,0xb3d5b2832685c40751aa58b7e04f4a88bd8b82fae2b1de298f7f9d8c0f660a66
BUY,0.999,39.889,1745930793,No,0x1645e923784d58878c2a1b55dc439f57aa6f605da95d469cf9ed84ee0537b217
SELL,0.998,31.59,1745930745,No,0x646641693ac21bcfaa834ed56f066e40286debc772810405eed5d99adceddcd0
BUY,0.002,29945,1745930737,Yes,0x9d5bf4cdee03c6d131f3ae3ca6eefab05c82e0b4cbb8c3db17789af58dc42f3a
BUY,0.999,31.591,1745930711,No,0x980d2975b017ab5a42892bf04ff7b26b966c9470a8b2448c75a2fbeff8ee53ac
SELL,0.998,34.28,1745930591,No,0xf872a69a9e42e840f5e3aded7b2920a4a338e48d1115d292ddeb337940bff330
BUY,0.002,39370,1745930577,Yes,0x95537322c81202b57bd3e424073d9cbb54ade2b07f18dcebf818a8768e8344fe
BUY,0.999,34.284,1745930557,No,0xbeb3a96ec35884da7a000d8e218deb594e8d290d89b46fbc89fcd59a50fbc008
SELL,0.998,29.14,1745930481,No,0xeb85a95b30d7690391de443e397c3a8a0b173008ac6ab392092c0d2fde26d809
BUY,0.999,29.149,1745930447,No,0x33571087f7d3a0292e3e2ac7804eef547fc216ed5d0b26ae37f70b40e40a7fdb
BUY,0.002,40830,1745930359,Yes,0x6b6c0921632772445d1685fe48821ff8674b576d84f419445b3b731ca883ae80
BUY,0.002,41205,1745930131,Yes,0xb7b0fbfe011dca075ee6b8652a34c1bd84f53d275899167924aa8d628532a95c
SELL,0.998,28.62,1745930119,No,0x7cc882f14761be33010f734fdcea8c87795481b55a2de6e48a20c3f6d1acca3a
BUY,0.999,28.628,1745930083,No,0x63c660a6839efa8e13f8e05d327ad15bde0c69f35c656b9e39c0d2b8a5097dd4
BUY,0.002,40805,1745929991,Yes,0x12dd0acb42f3cd01bab290cb9b868dc41de2591c361008dc1d59b97be386e0e3
BUY,0.002,40555,1745929895,Yes,0x43cf8dd5ac18bb2d5f404a5247e8e95ae76a94b01cc06840f6e553987b334324
SELL,0.998,36.39,1745929823,No,0x048a695c991b9a87d70072d387c1dd78a4ec62b8d353af0047969b66ae6ba414
BUY,0.999,36.396,1745929791,No,0xa216524b687b42a23cd057f4457a04be8db4d803647b38fc33d4df144d327690
BUY,0.002,39325,1745929627,Yes,0xfa8defe51921a98e2119dd3454e68f57765f6270e4e111b4f6302e4e7a4d9c40
SELL,0.998,44.12,1745929617,No,0xce2fb3296865758e38bccbb68d996b5c96d3e9fa44fe67481dbb15f59615ada2
BUY,0.999,44.124,1745929583,No,0x70e0ae8e24e6baa53266498253277ca214dd8317f18269eb75f18be682753c18
BUY,0.002,39840,1745929457,Yes,0xeb65c097a76c125f0c4ee97ee77575860ea8a3d32ad0bee4288978eedfb7f704
BUY,0.002,40540,1745929241,Yes,0xf235f3620c0fd515826b521e6be11c3f8132bbdaeebdd8f3a7b4ff4cb7689051
BUY,0.002,38850,1745929119,Yes,0x2576ff3efbec03c3c080b1b16e1d40d9a352266421e92189e8e9aba678fffdc3
SELL,0.998,33.2,1745929115,No,0x2013b1a33967f4b6ca2b3739a4dcf1d6cc88fdc563787ccdc594a6b6f008aa2e
SELL,0.998,34.64,1745929113,No,0x1f25e1acbaaf6d961445502ee976b603d1d0a84eb8bcbb8a00dc3d5b9f3b9132
BUY,0.999,33.203,1745929085,No,0x07e41138afe0c571c5326547533d2bbbcd87a6bf813af12630d0963dfd156a6e
BUY,0.999,34.644,1745929081,No,0xfa0a1c3e7e443023df09fa4c5395a594c85448e4edc3be854667ec76205d3c3c
BUY,0.002,40290,1745928945,Yes,0x946ac04f29e8e5ceede91c42b7b1b1b4bbb9bf4ee2a70c1a99a124ce8fc7ac6c
SELL,0.998,32.14,1745928881,No,0x86660ca357f48ab5f55a497208e6ccafc9d798bba543805cc6d3e948dd9423ad
BUY,0.999,32.142,1745928849,No,0xe6f105e5362dcf68b755bfca63c4513757bea66ba3af629fe9f3c06c8973ef7b
BUY,0.002,39805,1745928785,Yes,0x806736ad70c53fa2a82bd9fdf8783e3677288fa51bbb69985641ee676a41212e
BUY,0.002,39580,1745928573,Yes,0x62e3a0e19f0691dd9ffd53c9e27a7d64f8200f5f699194666f1d40a2e1fb6115
SELL,0.998,30.6,1745928563,No,0xee4cca124614c8856c0cd947140ba8d747f9bccf8f8890973d8c250991d851a8
BUY,0.999,30.6,1745928529,No,0xe03bdb6b98bedfe123a48e2aa676df31750d82823497eb23d850a2f1b9698bb9
SELL,0.998,40.42,1745928423,No,0x0a60a565b366c4ff912ce39ff99a076ab2b92014cc482575efe3498a56dc65ca
BUY,0.002,39040,1745928411,Yes,0xd104d6973e8576b77b008779dab5c8a6fb45b74cdadb71e49b7f59b54c1c4341
BUY,0.999,40.42,1745928393,No,0xa9102565a93985bee4159dcc196cd9c874be029042f74cdb28e46a7e2bf0c48a
BUY,0.002,40215,1745928259,Yes,0xf63cb5dbd88f06e4679e2c7fa2e1ae1cecafcdfe7668755788a433f42c843bf5
SELL,0.998,40.36,1745928157,No,0xc91dd3be85ffa5fa78bd94befb2cf07f9ac87886801cb891ef1e47f4a521add6
BUY,0.002,38410,1745928157,Yes,0x4f7d0e80c34f57006465b40cb07afc77dae97d37c72063c3da02fdb497dc0a84
BUY,0.999,40.36,1745928121,No,0x79e3bf95b22377b9ae81db127b06a7520bf11dfc9ff9aa36b1d067a03beb623f
SELL,0.998,27.6,1745928089,No,0x00aa148af41ca1e154e70b564ebb71b6dd720c444d5dddf2fc8a0bea84b8e993
BUY,0.999,27.607,1745928057,No,0x2e30f287f688054d7bae935ada4bbb93830f92703b53257942515bd01cce1935
SELL,0.998,30.18,1745928037,No,0x1ecba62624deb5910bb6d250b30791b8c49683051e54e364510ed323fc04d73e
BUY,0.999,30.18,1745927999,No,0xce3029831aefb972ec842d2144afc70e4f42762b82ab5b7c3f7e0d98b8f76e08
BUY,0.002,40480,1745927989,Yes,0x021b91518eee01271c1a26856400ac685831d71d4b4891bafb242a17ce8f4e0a
BUY,0.002,40795,1745927797,Yes,0x396fddaae1072971b01fd0bf15527e44a3f8cb97634db036b4ee33952cb10421
SELL,0.998,37.39,1745927763,No,0x5eb3b48dd92c6b26ca58770e0ce79c45e29bf94a72b85279d8f62da1ec9d1ff3
BUY,0.999,37.397,1745927731,No,0x79b2c0867e00fa103eab47915aabd0d57b2fe622d9a67cccd430d123c492273f
BUY,0.002,36295,1745927671,Yes,0x9057eccdcc1352e977a17aead67f23bfec84b60e7d4ecd605edcdc338fa0dcef
SELL,0.998,45.11,1745927547,No,0xe73a5affc0164afef55d8e4f1f2692bf8fc2801f7b1a489af109ab68d1d0d96e
BUY,0.002,38665,1745927521,Yes,0xac690973a1114a01390d76711dbc3aa820d5e73dcd20c7a525049befa05deaa7
BUY,0.999,45.115,1745927513,No,0xb11823f6a0a778e534eab279f3402869d70ca209ae81d964913b687009b6b6da
BUY,0.002,41520,1745927321,Yes,0xecfcfe258e267b0a1a3ccda8db52c9c96c922f2c177eb4575b5cc41b4cc8876b
BUY,0.002,39455,1745927145,Yes,0x2e110330092ec92f80a4bc7befe6c80f5e9c7d6af78232b06fb06940c8789504
BUY,0.002,41315,1745926947,Yes,0x46ef57c3cd4ab07c3e00d5dc52810fa104faeaba24130313ae6f27dc7f03b04c
BUY,0.999,62.362,1745926901,No,0x6a6cab07611df261fd1153ad1c16815fcd2853266bd0f7774b3c04a776319956
SELL,0.998,38.55,1745926867,No,0x177437063f447ec36d525e4ad6c8d053be0a960c6b2688e293cd305f321d669e
BUY,0.999,38.558,1745926833,No,0x753ab9ac4cac42c7351976f2a17e9c879fd143281561df673b43dc24477fc569
BUY,0.002,40965,1745926809,Yes,0xfd03373f768d51a46b236d55b34cab83aa41f88f387727874e19989b5e28ef97
SELL,0.998,28.92,1745926663,No,0x968f868316b8fc6e309ddf181a401053da80312ce6cde23d21e899edb954d41d
BUY,0.002,36445,1745926633,Yes,0x8932f346263ec5328e0683190cb69ffaedf50c758ffc5630ca9facbd965fe9d4
BUY,0.999,28.928,1745926629,No,0xb33e04f6a6b18d47d1798fce0ea8c84242dda24f3d89edaf58fdafc050172802
SELL,0.998,28.29,1745926575,No,0x48235ef63903e1620663c191bc1739eec747fefa2bd575ecfcabc614b7c8a329
BUY,0.999,28.298,1745926545,No,0xc1542c8188628289421b300734d2871eca493ab6751e93217f672965bd72100e
SELL,0.998,36.05,1745926511,No,0xf3dc0883c4e32484c2b184c988e611d9160e5bcea711d90dbe58c244c68ff1bb
BUY,0.999,36.056,1745926479,No,0x9a2e71f81c3fd09c1839f56cc8d2d30e024b3bcd3c5f06b26c993b47c909cf0b
BUY,0.002,41365,1745926433,Yes,0x4651406230275a89269f05f92bf8e247d5370c68e32af9b693ef53da44803ca8
BUY,0.002,39325,1745926311,Yes,0xb96229d33a6c25161e310d552741b28488176276a62e1cc2f36a0b1c125286c5
SELL,0.998,40.47,1745926141,No,0x31e7a02af9ba0120330aced39b5942209fa345b6b4ee4325bc84c827cb9514c0
BUY,0.999,40.47,1745926109,No,0x6fa265e40aec832d4f1df3b3db81f0e026014a3099178a125ac72af527128799
BUY,0.002,41240,1745926083,Yes,0x19bdf4011f7bf03d51702da6e2dc02952e17330f7c6c422e6e0ea6ccc69f6fa9
BUY,0.002,40575,1745925908,Yes,0x049d26091cef62056f9d998a1646f5f7009833b10f7be707ccd9155a5e9b9791
BUY,0.002,38550,1745925690,Yes,0x7559322d5d190f31ed4fe89493f59f518f491e876251bb7010e393c7ca8a491d
BUY,0.002,27145,1745925570,Yes,0x80055d816742dafd57c3035b1a53c0c5ab4aafac9d854b6196a1867ccdabf22f
SELL,0.998,29.72,1745925510,No,0x0b8cec3e59cd0f9a06171c8a518eb41726e113fe1846f6566414470cea668d4a
BUY,0.999,29.719,1745925478,No,0x23a40307c051f96e0880f1bda234af4b11437c3583ec4b0de3fb17362e9f3fa4
BUY,0.002,41330,1745925442,Yes,0x7d86123bd7a8596668523e43d2c7423923948559382760d9fbaa6363c15b952f
BUY,0.999,1357.957,1745925258,No,0x0d649a27c20bb5ada722690eca6305248ad48ced3dea7ebfe9448e77157ce7af
SELL,0.998,29.94,1745925248,No,0xb3fb159d4cb08ef2481977a1d6b169368da59b67a95f161dee4cff0cf7d1d286
SELL,0.998,38.12,1745925236,No,0x497d8b5008a5306b90431ce9ccd6a5cc90094f49262fbdefe2fded242aaea482
BUY,0.999,29.949,1745925216,No,0xe434f6cb30f8e78147e2f1731171f35cc496e763c0b73b4458aa86942d7b5776
BUY,0.002,41920,1745925206,Yes,0xeed61f06aeb56e4d6939ab669b57f7626aa41feb8fc82a7d2bebe26d9fa02188
BUY,0.999,38.128,1745925204,No,0xfd6e31260892f784d656522464e95f8a986f8c875e224f5a43d54faa1d5fa286
SELL,0.998,39.24,1745925082,No,0x4b93b363bf2b1edcbec5770ed26b2d969fd8496d753261e5d5c7b565d3c56543
BUY,0.999,39.249,1745925050,No,0x1ab551aaeb47d6ae66a733b15dac7e05084a9b9e55e3a871726d4670bd860372
BUY,0.002,38570,1745925012,Yes,0xcaf9cb977b49a25ea3bb456b82ed73d4a926e1f7d691cfc141544ffad523ff4f
BUY,0.002,39325,1745924820,Yes,0x188cc229425f5c4bafcb14f24c39e781a3d34b18d10923c504863e48b763dfeb
BUY,0.002,40140,1745924694,Yes,0x1a358a7602e1567d8f896ddf72506188561ec735170e4529e2feeb692b79532c
BUY,0.002,39665,1745924512,Yes,0xf60a13fa2a204720064936bbf38e908a4d922e045a0dc09ad550cdef5d96d40e
BUY,0.002,39585,1745924332,Yes,0xba0a8566e3d09f507b968a23a8894688657c650aee444ac5f17ca0d45e32c07a
SELL,0.998,38.27,1745924198,No,0x5c2a5d0c291aa9401b4bfc03ad72052cbc835bb8d4eea3a32dac50c3522581d6
BUY,0.999,38.278,1745924166,No,0xcf46514c64e5e53b21d1b5bc2d59e825724dfdac4712f390f0f99e3aabe015b3
BUY,0.002,41485,1745924154,Yes,0x4f633dc1e97cd6899e2f660d6ca66950f33f2969e69e30a4aa2984db38fa1423
SELL,0.998,33.24,1745924080,No,0x8ac381ecda8e8bc8407fcbdc9dd398d121b9b0952ad88ae14f7d8e49820b81fb
BUY,0.999,33.243,1745924046,No,0xac55626218e1ae620ccd55564fe0c9692f79714e760acf4d9b0b3e04d0fd53d4
BUY,0.002,42020,1745923984,Yes,0xa8687490672acee0ca53ad7590f1ef7079256521641d4aff2c32326ffe3a8095
SELL,0.998,41.31,1745923954,No,0xafab2fc61e21e6686537bdd8b444afc7e3362e0d8ad9760acc39ce7e08555073
BUY,0.999,41.311,1745923920,No,0xc50f39930a0b6a097dcdc8b396feed71622c16079d2bf75bd723fbcd4222eaa3
BUY,0.002,39215,1745923816,Yes,0x0b06685047a088d305c295b6caff75f86327fe91fe11567199dd6d4700c171ae
BUY,0.002,41690,1745923646,Yes,0x3e126443fe3a1ae1f4e6a2951d4197f4abf3ac0fee505ae867f3f33ebc7cd5bf
BUY,0.002,40780,1745923462,Yes,0xf4dc1e41ee229099cc9751b0224aed67b68c69b18b433fc93bdb7dc935a26250
BUY,0.002,40630,1745923294,Yes,0xd1e66e282c5f16cad733a5e3f975116d265e1e9c92e7bcb4ab8cf5dfe3ae83a0
BUY,0.002,40470,1745923124,Yes,0x387066aa4c26cb136013f12d13b77888490be8b5b9f8c04da1b970cb0f86f8e5
BUY,0.002,39165,1745922932,Yes,0xba21f4e0c39b1ce2a82c1171b412ffd68f6b1e6cf7829c4046cccc34aaf537e2
SELL,0.998,33.07,1745922812,No,0x4d5aae03d5f868da2e8b650a51a076e48a374a35d3e5eedba713db0dc3142690
BUY,0.999,33.073,1745922778,No,0x8e9c7f0de8cf69948b46400de5f68dd71926593f86785db9f07fe79f99838c5c
BUY,0.002,39915,1745922764,Yes,0x6e4dbcb39449797453a1b5fc88b4beb9ccf6d292fb468e64371ab339c5d77e61
BUY,0.002,41870,1745922566,Yes,0x2370f5631ef64293e7c2740ccc28c688c1f39c19e05d1ca809b34cbb0bfd8360
BUY,0.002,41865,1745922352,Yes,0x61e3a8b2470e3a73a905bfd090c232b58d1fb15976720ca641c0f8b6939047f3
SELL,0.998,66.54,1745922190,No,0xe34a2194edb2f220c89ef440bcdee29eb0a8e24ecc53453d677a398932b0d5d5
BUY,0.002,38370,1745922176,Yes,0xdb12b67bd81738f34e73d3e2af10acbc2eedd26177298c2745de6e3f76f8b2b0
SELL,0.998,27.87,1745922116,No,0x8fb49c81695ea5dedded8193b70b9f4b11cc83badc4c36bad97c32e9b02808ed
BUY,0.999,27.877,1745922080,No,0x00b36879b2d09778d8940f81eae1f50dd6241b73c28adaa6bcec3a81b7b8f49d
BUY,0.002,40050,1745922004,Yes,0xa253373c8f1591b8ef99ee13777e2323ed446b5e3c3fc9ada50e20be4b2e61bb
SELL,0.998,44.01,1745921880,No,0xed513e3908accd2109058af9a1604acdf8269b460cf55f24d8c9346ed3585b22
BUY,0.999,44.014,1745921848,No,0xf733abf41c2a163578a9fecf70a9d9f7ef2cd66d0011cedc3dbbe3038837b426
BUY,0.002,40605,1745921816,Yes,0x5edf8118f08ada5668892508db296ad1110e7acf60dab0c9d710bbfde012199b
BUY,0.002,40550,1745921628,Yes,0xcf06b0b049b3e8e43a3d474ca86420358d3ab9b6e6badca78e2a7b2181d4d3cb
BUY,0.002,41425,1745921442,Yes,0x633ff409db742785c74f2da3a9fa38ffc78216c2cba487f029bc4b9e03df8df8
SELL,0.998,35.93,1745921302,No,0x1cf5c90c80eee38953a589ce334ba95456b5ea2d54f55e0cde1be3125c649c36
BUY,0.002,40620,1745921286,Yes,0x5790039b52c8149bf969892dbdab7d2410e74c8608ea2ce701691959110974ca
BUY,0.999,35.935,1745921268,No,0x09da365dd0d4eb3c2fde72cbd33b6e1e2bd910ea34559b768a5012ec3eb4a32b
SELL,0.998,56.61,1745921246,No,0x237b83c8c4d5b80997d291fc4895aa2e994df8bac1400c0706c13e1eba3fb9c0
SELL,0.998,49.93,1745921108,No,0x632645ec82a465a9df42c720b1ae758d5a759e37a0c7034f427b574e295ea6b8
BUY,0.002,39610,1745921096,Yes,0x7472dcc7ee81dc5a3371097310abdfa8b54f0efd2c404c9eaca9637fcb6c0d8b
SELL,0.998,27.67,1745921092,No,0x19a28f2c684dd339abafa741d3c22b5c3c921927908e8ad31607ef1518ffbdfe
BUY,0.999,27.677,1745921058,No,0xfcb8dc57c4ace5a739e1c65f928301bfcde6ebac1b5a778c963dc66fa7028fd8
SELL,0.998,34.13,1745921046,No,0x46a1a90837cc804b636eee55985638fcd5b7daa5e7ef85f20173f68a96bfa5e4
BUY,0.999,34.134,1745921014,No,0x10b3a988ba78fb9dbc50a5fdeb23da839d1ab957a9ab3e5402f8387514b11ca1
SELL,0.998,34.16,1745920928,No,0xdcef7b5bf386883f9a529ea293d8546d11300c2f0e16dcf3d054888f09703ee5
BUY,0.002,39540,1745920922,Yes,0xa534aef6a2886fe228bd62761a8f83cc994d5c6e8e327fef3739dbd048f409e2
BUY,0.999,34.164,1745920894,No,0x25faf34a5026749befe14cd9337af9b612c563080c3819760a926627a1d6c661
SELL,0.998,41.61,1745920826,No,0xa6845aa2d5209037a1e3ba79edba53d483c3df98d6d0b387ccfbfe01baee967f
BUY,0.999,41.611,1745920794,No,0x4c413ade48f1adadc3f7eb338ad9982bcc9c87477bd19574ed883045e5849dfa
SELL,0.998,36.14,1745920794,No,0x99b4a4ccb5a6fa6c66cfc151a7743b56b37313a037f7f19d0687d9e95932ccc6
BUY,0.999,36.146,1745920762,No,0x9a8aa4916a865a1365ddf8483e41ef3edf24ca57430736d81b7095ac09459e16
BUY,0.002,41975,1745920746,Yes,0xb9f10e163bd00eaabde5c85692a81881881f6fe5131a7fe54aee1732d102be12
BUY,0.002,39145,1745920582,Yes,0xd35736dff837eebdd4e18b1865578b790cc8414dd8b30ac95e12e561a414dc3c
SELL,0.998,53.73,1745920458,No,0xacba178518cd9be26254e43651e7efa235bdccfd310d7623e857ed1d7b4c2244
BUY,0.002,42600,1745920364,Yes,0x33bb48530a6992976bce2e7cd69e426ac7987e7e5a6874a557bd935c80d6021c
SELL,0.998,43.62,1745920214,No,0xa98c1ca10d04af9d516634414447fe913c2912d72aadcd7f984a9aa9f4bef601
BUY,0.999,43.623,1745920182,No,0x0f71c996dc6ccd4d301d4483c21e42470001cb6385c04a6185d9a3f85cb057f8
BUY,0.002,41230,1745920178,Yes,0xf2ef39f9cf4633e2654636a6b13371b82c79df356727f3bf64137d0843d77b58
BUY,0.999,3.213,1745920098,No,0x80b00dc6cfe5a203824e3b1c8333c834148b0a56768416e9943099d4ab68bdc5
BUY,0.002,41365,1745920054,Yes,0x1b7f0af2629726e3ecd36a5dd5fd7a5a9e1f5b2f46d100a20498321cb19132cc
BUY,0.002,40920,1745919912,Yes,0x395147d95c562f361dcaf0aa3c012b2ac43493d132ee8a9969aa9e1f206fe3a2
SELL,0.998,79.98,1745919780,No,0x11677fb9aa4e81b91ca9a00a469bb87db1e79973665a5b5ad64ab19eef9280c4
BUY,0.002,41595,1745919700,Yes,0x61db1f839343bcb65c24a1805b484398f5454a4c454346cd626f585b998f2878
SELL,0.998,29.61,1745919700,No,0x5d8a012bcb5cf3a735d279f69bcd68c81c6586fd9fc46357421272d6752258f2
BUY,0.999,29.619,1745919666,No,0xb48a6b0f0133fd29673da274966b246edf5680165fc885e914ba5819540d37eb
SELL,0.998,61.72,1745919664,No,0xd716e4f99cd0cb9b0317af6a44e37f5543ecb979da4770e18304540a0a349183
SELL,0.998,38.48,1745919524,No,0x9b3d7b95a0b0b294cf4a133ed0895cc8728d11dd88f6145aef5b7dff54780057
BUY,0.002,41440,1745919500,Yes,0xd851985ee3e2c9b8a68da9a251241a27b0eb3390ad97644624b6480775561ce0
BUY,0.999,38.488,1745919490,No,0x80d4e0ad5567c922f5c8e0171fa20b96f5f2b7dc550145dc07189b6e73b0a68f
SELL,0.998,34.64,1745919410,No,0x878c0a37084d9d421d756ad5a6d960ca27c2365d511d0ea6f0255f8683cc95e8
SELL,0.998,32.82,1745919410,No,0x141fd4816dc45264d698085caa8a087bd8407c21d6179b70b2d4da12587716ae
BUY,0.002,41275,1745919394,Yes,0x983f6e73eae0273cf51306d16910eb1cb5fe80f658dc0800a6a7e1da01b8c45e
BUY,0.999,32.822,1745919376,No,0x1443b11a34b5a1638ac5bb12a1f79e66408c56c3c822ab6ce2b323ed79be4600
BUY,0.999,34.644,1745919374,No,0x07a27e2d47daad12df8646bc6ebe6c071eb7599504c1d482c35cc8606ebba46c
BUY,0.002,41540,1745919280,Yes,0x068637171de720cdbd8b4727ae105944a9cc744b98e5e2ba6ab189be6bf5b9c3
SELL,0.998,67.32,1745919178,No,0xce50bd6418809cd4e372b28044969997b85def6409614829ded7b66b133b0c23
BUY,0.002,42615,1745919174,Yes,0x78543218bd71456de5b21e9da0a3c909585a0e79eaf66f146a968322be2af79f
BUY,0.002,41005,1745918996,Yes,0x055f5f2761862272c588928f65e4bc4b77aa24ea9fb361ab6c79f0a8767839c5
BUY,0.002,42275,1745918830,Yes,0x1a5cf9c83786c2230f18f0e01f8e63533067d0595e16d032c0d0a37c63b1ae1e
BUY,0.002,38610,1745918678,Yes,0x02643defdbb0965140b57134e81799e3ca37ad73e6854f1027aa2230716475fb
BUY,0.002,39910,1745918524,Yes,0x455f60a32c748d66a4e6f7c3d99eb3d4d4111e5524605924658905fa90c7ce0f
SELL,0.998,85.39,1745918394,No,0x9347613d8c904957f43c30be9e18bd0deb054d406b5521a418d69b050ef69c2b
BUY,0.002,40075,1745918382,Yes,0xe992f424911103ca4e60165ba58a4128e47490ec06d0a4ac6c31a272d436dd47
BUY,0.002,40430,1745918214,Yes,0xe21a0866810e1c0ed4dbf34e490424e3f9035661d5163464673b2e57e4293642
SELL,0.998,42.26,1745918194,No,0x42322c55def794c319f68fb7b0ef587c3fbfa737ace3531148d6afc06d5ffd88
BUY,0.999,42.262,1745918156,No,0x4d9341a660aa279bc7c718eaae53405a6b3abd6b94a0cc13c2e5c5f5189f17ca
SELL,0.998,31.11,1745918134,No,0x7f679cf0854113092d83454ae06fac55927e4733ead16caaa5bb39434fbd0a87
BUY,0.999,31.111,1745918100,No,0x109900165f999f6021251be3c592dfd95fffd4669ccddaf5bda1654a51ac5411
BUY,0.002,40945,1745918042,Yes,0xc79fbf56d6bad067f43c721af9c4358a4ea7a0e137f1132860d3a6461cb7ab47
BUY,0.002,40505,1745917854,Yes,0xe9ba0edb73bc3b19d5f7a0188c9087185c9c2b49bcb3fe5d0db092473632ddbc
BUY,0.002,41005,1745917750,Yes,0xe5d99c6d692c6482a4f06b36bb429e03a11a119a341b409ead647004f0e9687d
SELL,0.998,35.14,1745917698,No,0x25c80e8d7d23979fa6faca82feeb6831a9b0493a5d6665f658e107712c1fb71d
BUY,0.999,35.145,1745917664,No,0xe6e8c8379e2102523e5aa5fd688d90295a9229f7ffa668e0856edafdcf44cf24
BUY,0.002,41270,1745917558,Yes,0xc20f8c12fc43d86a8a3e234761e4224265800e5b46c497231587f8be1e092594
SELL,0.998,38.29,1745917480,No,0xb733b1f23683dc538600bf444346574e18c5b3c347d1cae221df4fedb5c2beca
BUY,0.999,38.298,1745917448,No,0x9ebd45375719291274a293a2ccf69ac45b287538106a47da62c0e27a15c34a60
BUY,0.002,42055,1745917346,Yes,0x04f30c1c87c8e697e17fa22d78802a31e434b7568f22fa07bdb4cfab2c525433
BUY,0.002,42810,1745917178,Yes,0xd08c8428c6408e9b09a27bccb7c548d4ee67aa3c8dad05c2904a3e7b5c4df66c
BUY,0.002,42620,1745917014,Yes,0xed9906b06f876ba0b666963c9bb2324f952356b0ac270e05611793c46740c7ec
SELL,0.998,39.32,1745917006,No,0xdd2b657c578a79108615e5a86cb81b43f9a0cff3555ea2c80e3f2add7473158c
BUY,0.999,39.329,1745916974,No,0x23861aaa0cb2daffcbddede3b6ade0fcb1a400ac72f3d6fbf80463797f5fca56
SELL,0.998,39,1745916848,No,0xab353a726bd65d217c10d69480114eaeb17e41c09d77b296a7c047b935ad27fa
BUY,0.999,39.009,1745916816,No,0x97549a207de19cd3c6483c122cd6ab8540c8eb4c7e8a71a77a4ad04c9548d985
BUY,0.002,39955,1745916664,Yes,0x8339a0f54567379f985a665c5e1f5715e98c5212c4951032ce9a96a786f83350
BUY,0.002,42860,1745916460,Yes,0xfabc4c20f29e804efd26495549e8c44f9c3a30371ab43d9a8460774b03587172
SELL,0.998,31.7,1745916456,No,0xddf32a4c270df7f8bfbc48e8d0c72883a06e3f5929c8514557d1c9fbb4c16d4a
BUY,0.999,31.701,1745916422,No,0xe4e7b4f17d9f550405dd86e7bbc2f1e4444b1846fde4abd145d5697a24bcd366
SELL,0.998,1.1400000000000001,1745916410,No,0x514219dbe0a707180e00dcafa0211fb5868b9eca28d155b75daea59fee6d08cf
BUY,0.002,41335,1745916290,Yes,0x99ab1527109a690d36c1bf460a236ddc3dfda31110b11f0074650b949a470ec5
SELL,0.998,41.13,1745916260,No,0x403ef8dac669925ad05fe236bcc6b5cba7e90b1b75b32a7924002c29b1e7908d
BUY,0.999,41.131,1745916232,No,0x7f93531d3bf2c6cb5ea9a98d266474946e042503586dbf763d3422dc130727e7
BUY,0.002,42735,1745916042,Yes,0xef5951bd131a80fed5f9a6c33a1af7a613217ecdf40472abc4405048a4971cc9
BUY,0.002,42450,1745915842,Yes,0xe23ac945b9da53ac482f831f6c306f8dad9a793aded570153f5c956d93ea1f3c
BUY,0.002,15000,1745915806,Yes,0x4c671e8d3ad797a400b3a2256353329047389eb37a365704204c02f6226b0d67
SELL,0.998,33.95,1745915770,No,0x5414fe83960f25f85cdaca2a14bc8407fd3740cea3a49fed9fb488189df66d1e
BUY,0.999,33.953,1745915740,No,0x2e66cbad188d90e4e3a42095c058f97ccfe57588bd8e658c4193ec07a7116109
SELL,0.998,37.75,1745915656,No,0xe8147c83ab84b83b7ad0608e53b3bdb391c77cdf4ab563908e6402ee6a015371
BUY,0.999,37.757,1745915624,No,0x2e168b714cebe78d2fc40555eceb33ac8cd049c3e5c3392b8b9171e37eb048ac
SELL,0.998,39.22,1745914784,No,0x66ab69240f0a801ce6d7f571bff1b3a0a2596a9690c55b9f76502aa9e107c8d8
BUY,0.999,39.229,1745914751,No,0x734149df980e87f5a0b8f0fb69a9eac49829ac7f1a0e1291ef2a328d6ec7caf3
SELL,0.998,40.71,1745914677,No,0x16ba5b0256e26a6e473a3651dc143a20be70426861430fc2d31e32065ff0bc13
BUY,0.999,40.71,1745914645,No,0xc44cd019394296ca46005c637b6f39b5b9e248038ce18d1b38994c26d4145629
SELL,0.998,45.92,1745914479,No,0x26f0a1bfec66cb42c5eb88f5f19d48d2eb034e0b42ef9b3e72ca71ead44d01ed
BUY,0.999,45.925,1745914445,No,0x5e558a7cd84e678f497074e06f2e00d4477623715bbd48a0fc425f7ee29d0eed
SELL,0.998,46.07,1745914373,No,0xbc4ceef1c707ba6e3bc8f753a32f0a3246daac32ae630e36c7e25ed890ceef1b
BUY,0.999,46.076,1745914339,No,0x98b5191b0a89294105da54efebeef5577b32b2859faa284399ef0634d8f66284
SELL,0.998,1.13,1745914265,No,0x4b53ae530e0fb47178049be1ba5e503c4e8b4a48db4bc4014a03d7720244553e
BUY,0.999,4.004,1745914005,No,0xee5cb935fec807c9020adf20813a746fb86c62694185712773a9d898f71c265c
SELL,0.998,42.72,1745913891,No,0x5d770c35742b38ddb6450b6507d8c7c50b43333ec29670679231232094d19785
BUY,0.999,42.722,1745913859,No,0xa0920cbe34ae6098206aff25de6ece59e66f6b806ea127dbe809ee1012efa19b
SELL,0.998,33.68,1745913695,No,0x115f51043c5fab0f9e86e41fbfc6d66e166d04ed1d1aa048bf30fa29bc667bbb
BUY,0.999,33.683,1745913661,No,0xe427d06c3ecd75b795a9f01725cf9483bc6d4ca7346a8b0dfff2838cee207507
SELL,0.998,28.17,1745913645,No,0xabc07c2eb0321c4c06148a923f464d6279c8fd0ac9ce3da3a990cab4b5e1e9d7
BUY,0.999,28.178,1745913605,No,0x34a8961e3aa13b1a625bba2a2744c34b204677e788cd507d7cabe3301714bfb3
SELL,0.998,31.56,1745913375,No,0x80f49775889b5176637b303b6bf52cdbc9fcc9f051417f9eb2700bce62fa14ed
BUY,0.999,31.561,1745913341,No,0x17f0d5a28ba2988cc4a3eff918c062acc0b8dd435f0d7a20c353ad49565727ff
SELL,0.998,38.79,1745913087,No,0xb64bb15cc4cb9e69c7d0c84206d03d1a8724c884f8d39fb3cdef39c7b530ac61
BUY,0.999,38.798,1745913057,No,0x015fb9e9717508f117a56e90608129ce02d6e1a77bfc288af62b2c3287d9823c
SELL,0.998,29.36,1745912949,No,0xa2d4397783f087f40b744884e8e819cec52b4c11bd5c853821163ad37be5e619
BUY,0.999,29.369,1745912915,No,0x0a10f37057f025db5994d7e7a126ebe8a1843c8a79e20cca2c0f8a36db0727b6
SELL,0.998,45.06,1745912881,No,0x42837f026341cbb29de1dbc71ed91db9ef807a39b9571d902a405a2c204b2dbc
BUY,0.999,45.065,1745912847,No,0x519b068444568758a6e7a409c3a3bbe780384416e6810731edce5c59cd44db2b
SELL,0.998,41,1745912731,No,0xb3e6587009226b0b5b399734b684ee9cf134cf5806d7df10c8914d3bc8267f84
BUY,0.999,41.001,1745912699,No,0x041ef866f6de127e5ce948ddbe5d4e766fe3abc05ecad0012786c4f4212faf20
SELL,0.998,27.51,1745912507,No,0x3fd74ee24ea3d22050ca8a7af88a76f24c29b6dafc7f8cd0a3341ae3f5be1c77
BUY,0.999,27.517,1745912473,No,0x570eefaa7c092cd1e857bce2d6a73de62b4a444ae60cadc5d1b813003b7b3f6d
SELL,0.998,280.28,1745912169,No,0xeea54b2b2cc5a73a46e76172f050682ec44fe0159febc7c5e5379f318126e00f
BUY,0.999,280.28,1745912157,No,0x60ceceee250bb33ba7c15109dbcf3eecf6814abaeef8b54ef73335827346734c
SELL,0.998,34.36,1745912015,No,0x68aeae4e651484e6ab070830de682f4ec5910ae5dc5bf881bf43d0525a77ad84
SELL,0.998,32.49,1745911985,No,0x2770efd897426a994a15e91c9b8968cd7cc3eb9d9abaa16a8085802bd4fd9988
BUY,0.999,34.364,1745911981,No,0x0d53787ea2424029200c1d2f0b16191721dd9ac186be41a48308341f01869512
SELL,0.998,33.31,1745911973,No,0x827befcb9693518fda838603b608446f567565ce3bc463e217769982a0d3e1c2
BUY,0.999,32.492,1745911953,No,0x8fe25cba115e9ec477109ac162059db351ccde4301cceaf11289e8683024848f
BUY,0.999,33.313,1745911939,No,0x8d7030e855ea511e441bbd9021832bbbe6dd8548b3f8dc22a6251ed4355a04ac
SELL,0.998,44.1,1745911847,No,0x89376162785aa4340ff35bb879389ca96018c1395e80b0c113dc06d6cf03f13f
BUY,0.999,44.104,1745911813,No,0x1a6f27d32988155017d6e2e58417d0c2ad1c11aff10476d6264bad1565f357e2
SELL,0.998,40.79,1745911809,No,0xf5c8bb7f6700b57836e0d02015646816fbb72020e5f5b03232e4564c9ecc2c24
BUY,0.999,40.79,1745911777,No,0x21948efd7534c8c033a942561420f16d6e739a7e849c771d24a02630593de0e0
SELL,0.998,30.8,1745911741,No,0xe8b4624bbe3d141e969061c2dd1e98fc53adefa614b594b3ac0c5625af47476d
BUY,0.999,30.8,1745911709,No,0x19c1a5783051b0b28be376219dc86f662a6f2ed34f7028cbf691e97b56f690c2
SELL,0.998,36.41,1745911381,No,0x8fd2fe3e750bb703a47c5cf2278aa7e9fd7cad6a741dc3d7058cddf2a1af4a27
BUY,0.999,36.416,1745911349,No,0x25e065a6327c73fa8d496a64b8d602d561af1cb1efae8cde456305afb2018c9e
SELL,0.998,30.86,1745911133,No,0xddde84ee9d28ec00419a85c4bb120290194c7239f58ce01b3a951e5f97be8cfe
BUY,0.999,30.86,1745911101,No,0xa0c52e438324990d961f024932af9ea95560be08ccd86bc4a0239395068a8c74
SELL,0.998,41.29,1745911009,No,0x77c4060fef64f9ce66869d78208e7a21939cf38462d908780887ddabe6900529
BUY,0.999,41.291,1745910975,No,0x8802d1aef3e74417a80b104b57bd0b133773c31f78e29146410efbba43ce2c64
SELL,0.998,38.88,1745910967,No,0x71631cf21660bbcae213eb876696d203ea0cc24077c2f0369a36a3b85fea08c3
BUY,0.999,38.888,1745910935,No,0xfb53f5d61ae827546aea8b4260bbaa87e95216fe51a8bdae1d2a109ec745c3e7
SELL,0.998,37.59,1745910757,No,0x14cd422a1aa8ac2a7cdc43d81b3163ea18428d4c40189e64e8c7139d532f202f
SELL,0.998,32.04,1745910729,No,0xf5e60493563fd516c65ac79222efca416210583344ba76dbae48cd6da4eab0db
BUY,0.999,37.597,1745910725,No,0x743d07f8fd9be8b93c8c221502aa579baa7962c97889926efcc71288352540bc
SELL,0.998,27.73,1745910701,No,0x9356c02263c44c48018e90bf389f1aa6bd91d6d9fdb8d79823f79d957cbf019a
BUY,0.999,32.042,1745910697,No,0x8911db58b0f319d6a837da73295719f748cd14dbe8b25c02ef5c893dfe5d3a71
BUY,0.999,27.737,1745910669,No,0x5c9d03e788b108663e30cf83ee6c226978b0e8182ce56bdfa737a72c0d9066cc
SELL,0.998,38.97,1745910521,No,0xc43a07e601dce5c003ffd51a0c2ef8cb7c3c62beff390cd8e573578403489b01
SELL,0.998,29.75,1745910489,No,0x399e4286a9266be950b224b9481b1a3803e070ce4ca23f998a487cb79476b5a7
BUY,0.999,38.978,1745910485,No,0x559e16f7494d7bc3dd073b04f46ff49a1821a818814f28dbf2affd0f0affeaf2
BUY,0.999,29.759,1745910457,No,0xe46f1bfcba37b766dc3caf471fbf0efa381b329764fe54cbccc86be3d405c81c
SELL,0.998,315.31,1745910451,No,0x4ac0646a01a607d55646091f40e05c9ec5979520bfc08b685765ce19708a9890
BUY,0.999,140.14,1745910441,No,0xcc49241ac5e09c3651b9085871ff83b7ef48065929d9149fe7f55377ddc51f18
BUY,0.999,175.175,1745910433,No,0x2c1348fe1e515cd53b541d31e9e45f6ed4ce7b0f434a0ded90207ab8d308a9d3
SELL,0.998,36.93,1745910355,No,0xcf225bfb63209e9f8799f50d816ed19aee165d7a21b6ba1ec832ad5c11625024
BUY,0.999,36.936,1745910325,No,0x156cf7b978e5b8d2538f73419f28d702ffaa5303b22f624d65396512f5803ca5
SELL,0.998,1354.53,1745910313,No,0xb6e7fac97840543a802626f17a45edbae9b2aefd62b4a5cbc0a16edadf8746d7
SELL,0.998,31.85,1745910263,No,0xb044622d0fe01e221d691160c65d13d1bdb5a1f69d8090e8f3bd7312255e6350
BUY,0.999,31.851,1745910229,No,0xa8ff0484dd96503c73d4909a35ea133918c813f546d7d3580485c16d4b167897
SELL,0.998,3.3,1745910149,No,0x4d309c332247e880ea802251856f46a29bad64126046349014116274dc3dcf9d
BUY,0.999,3.303,1745910125,No,0xa92e20dfd0e5ac4d7d7f3b0bcf0206e7be1576a325e74096eb5ef7af3eb3ed97
SELL,0.998,42.07,1745909829,No,0xefda7e938d4b400a72ec1b7d66d3427c4ae7449ea71886861ba00d9f96308ac8
BUY,0.999,42.072,1745909795,No,0xfbe4205b46983ef80fa1da5294113150de2e516b3ef179fa7785075adb7b1990
SELL,0.998,39.39,1745909795,No,0x804d821a6bbbf3decda8ae001e88e11464588cf2ff1b19f7bb2aa45d72577e93
SELL,0.998,36,1745909771,No,0x9fc5e2c08cc9153282a1e48c36e5e38535e2541c593791700468ac0247c7a628
BUY,0.999,39.399,1745909761,No,0x296c83aada021d13f94dd1926af87422e0c4a5bbdccab50a6c9bcbec4f376695
BUY,0.999,36.006,1745909737,No,0xad595a12b2a3f6431d55efdea7d5c49535d3cccec4ee2fae78ea53279b6c9ef8
SELL,0.998,1350.04,1745909689,No,0xcd3ad4a1a2c8fd1d86bb8c01a73ec004644e6e6421e30c3a4f2232dcc10dc20c
SELL,0.998,35.54,1745909593,No,0xb504ee4ca99bc2f348af1c06263b416cb8fae322f5d880201f3a22d4ef338bb7
BUY,0.999,35.545,1745909561,No,0xe163d27e71502d135dd1582070ccf5690df2ab07e7e01817cf1f49dbc1c23df0
SELL,0.998,1.17,1745909303,No,0x672e78a1060fc712110eb622765fe52ebfa9a929afe365a53c82d22afbca207b
SELL,0.998,29.56,1745908953,No,0x1eb0d650862800a471b82248a391ac1a786bffafea94e579c9b077078625af45
BUY,0.999,29.569,1745908921,No,0x603fa86d992b95d272f2fbed320dbeb595b6548c2b31681d395a23bd816f348e
SELL,0.001,310,1745908841,Yes,0x1bb94991d2c8d66bb4f3ff8c72a79e8f33d346d17e73e9bf0c5213c0e16b2861
SELL,0.998,168,1745908833,No,0x54d9e7313e40262d914955913e62637701a821359fae6b191da551615a67afd8
SELL,0.998,142,1745908825,No,0xedd733ba8e6a86919b35f5d0c74a7deec43661b65908ff4a78946dae8c4ade29
SELL,0.998,286.28,1745908613,No,0xfd8ee1f3e1ddaa74745936f4b1435ff665797dd1ba21b6dd6526393400f69242
BUY,0.999,286.286,1745908603,No,0x23ba75e28b9d7724ea21141f7d88227c4ec0f8fe312c36f4d59d17106db87f0f
BUY,0.999,49.929,1745908349,No,0x7669c0b63bfd7513368ef3cfb71145aff8c33d1b7f8f404705bbfd05151d7d09
SELL,0.998,40.33,1745908207,No,0x6210707fcb78194d2b4bdfdba2d69d84a776d23b1fd4ef50f76887638e742cb4
BUY,0.999,40.33,1745908173,No,0x41795565a435922d194dcbd75360af3d6d798a5de5bcea084c156dad221e4166
SELL,0.998,35.14,1745907985,No,0x6e65e14d373cc88a5592635a03eab16b2214981fa13c1e304226d1df2f877196
SELL,0.998,37.78,1745907983,No,0x838d35113657d551ca579f7400407609768d6f40144335919b3e544f908c04db
SELL,0.998,1360.6,1745907961,No,0x2da5fe0915ffa554db1b1ec9c7c264d0380bba27376c7084d7f80902d6289bf1
BUY,0.999,35.145,1745907953,No,0x9162704a9bcfaad49a0f74b9f32877cf496a2d5bbd6291131ae8a1fe647ddd3a
BUY,0.999,37.787,1745907951,No,0x388dc9f3923053808b6f44f311f34173c9aef99684562bd6acc6aaa9b03eebff
BUY,0.999,29.229,1745907819,No,0x2bbfe4901e20878fb07cf9120888cadd1c7b235eeb0903c60005a326ae031ee8
SELL,0.998,44.21,1745907689,No,0xfc3d5a10ba5ee20705e5158e9e5daa7d36ae82cf5a653d7f4bb12c6f2988feca
BUY,0.999,44.214,1745907655,No,0xc225fd7d7c17f15bb85fe8ee8c50c0cf7cde124f2de4d50678bc7e6f07169afb
BUY,0.999,85.395,1745907306,No,0x1c9d213a2db09ad0c256bbb22134fbdb08a4582409d331c7633871c6dca1c03e
SELL,0.998,44.97,1745907082,No,0x2a0ea1e84483829964f05135f01b9830950ec6a32886c88effa05c62560b6781
BUY,0.999,44.974,1745907046,No,0x757f776655cc4b041a6f48f6756e54f1eede44d83a0b31e8ca430b8183ce9b2b
SELL,0.998,31.96,1745906978,No,0x30a7afa7886799396f6d863b69f3291bc2e62c95498fa9e1112d90db0444965f
SELL,0.998,28.89,1745906978,No,0x15affe85a8ca0cb63c780955f3689d32a733c537af04456fb23bafdaf0636a7e
BUY,0.999,28.898,1745906946,No,0x8873f28c9bd108f04fbd69a9b498226943838c349c43dcc9e13f49137d087647
BUY,0.999,31.961,1745906944,No,0x923c622cd035a20cde144ff3dd71826de911c08f70e81e0481402e19ec70ab8d
BUY,0.999,67.327,1745906936,No,0x903382c576a64d6f8713a51a995a4d7cc17d45d88670134e9534a7df057300e1
SELL,0.998,45.49,1745906750,No,0xa29ff2d1bcb2e358d864defb86d5e638b905c85d7caa13243cd5b2049fea3d03
SELL,0.998,38.68,1745906732,No,0x99f545b2cab5d11eb3be0e5b4c1137dd682ef836ef5319217f6f8da86ac1af11
BUY,0.999,45.495,1745906718,No,0x9ea9122376ec04e43d7817da2710e69cbf6da5574182a1f7377d86b62b89be77
BUY,0.999,38.688,1745906700,No,0x9c71e1fc0acda4a045517a1383e4e9ac30ee337efe624568f53e9079ab39ac22
BUY,0.999,66.546,1745906662,No,0x637cfcd7c5dffa8afc46a2c6709184869d10851d9fdeb7d9155b2b48f6d31dd7
SELL,0.998,42.31,1745906282,No,0x1217d5a7f2b892003d908d24a883bdbfa89d38fc99cfab11425a12c099ae6049
BUY,0.999,42.312,1745906252,No,0xabdba261596e448fc5a73226147b57b5b6bad378a16956d015bd822a036488e8
SELL,0.998,29.33,1745906160,No,0xc1c936a8504d5996456d503225a41e0db83e43aa7119c4028dd23a7e6acc2856
BUY,0.999,29.339,1745906128,No,0x23858a231307a09aa0836fcd194bb3b85b68cb8832ac050140cdedf62ddcf03e
SELL,0.998,1.1400000000000001,1745906100,No,0x2f76d2bb29e2f6d2ecf808ee646574286e6b97f2072fb7a7dbfd66e648d63bf8
BUY,0.002,41835,1745905914,Yes,0x9e2ff51fbdb7cc85a6b1754fc8d2e1a9bf35e4b9c832c58c281759d2a87d697d
SELL,0.998,31.09,1745905840,No,0xab8d050c6cc878169b569faf72305fb6048c0879ef929746ead2cd88d931461e
BUY,0.999,31.091,1745905808,No,0x3112f757c05153ffc33a6b18ac06f9b9e3b7e084e667255f1609871533387f69
BUY,0.002,19775,1745905788,Yes,0xf675a54261cb9c4511d350f8b3abd23f103c66a0e3e034f87c612f05d79b7d45
BUY,0.999,61.721,1745905732,No,0x218476615469edf883bb5c5124a3330ca3c7ea9a2c7be60d107e7c4177bb81b2
BUY,0.999,79.989,1745905458,No,0x700d2e5829d9c560f18c21885b6169c2882090188c22a25ae173651798d70ae6
BUY,0.999,53.733,1745905386,No,0x52f43bf743aa018535cc62dbff19ce9155bc5a93f4e9a74cdd6cdd2ed3a2b26b
BUY,0.999,56.616,1745905236,No,0xadb5e51c3a8efbdc80808554389063852602a3dfbdb4b272148ca2e8a7bdb399
SELL,0.998,1.23,1745904728,No,0xd1c7db7b967720238625fd805a1923fc1477fad34bc21288c643d2146f4b86e0
SELL,0.001,13880.16,1745904334,Yes,0x4ee23cc9be262c1793793d24b06d318f0356898e9b204c8c029cc155ab5c9fe9
SELL,0.998,35.09,1745902880,No,0xce57ca6fcb15c80fe149d2853151ee38c5a6fd1cea03416aac1f1e246c07efb9
BUY,0.999,35.095,1745902846,No,0x1b98b1deb54ed9b3b2088cc901143ccc9b18580d44bd411e374bf2a3d7e04a3a
SELL,0.998,33.85,1745902824,No,0x8fd379c10e5ad274bc77a9e183e49fff93b735dcb90cdc232651c5ad4b01e2a6
BUY,0.999,33.853,1745902794,No,0x54d5da96d085862652120a7a0e47866adb83fe7622ae89d9cc882bef78f32f8b
SELL,0.998,36.55,1745902752,No,0xb5285969721cfbb1713ce35039b0cacaf0418b50ca99a18644bab891c327461b
BUY,0.999,36.556,1745902716,No,0x0f24c3fc86ac311c64f1e51532ec26704319b0b7f32b1c25e8bda5f3723ac3df
SELL,0.998,1.24,1745902304,No,0x2c79c7e3b6f0de6fbcd48c2150dd8855ff80ee06d15c942bcb80c7eb2705bd85
SELL,0.998,31.6,1745901878,No,0x3f78e69fe1c070983d5668cddd85710ddf9fbca531a11c4646752ac48897226a
BUY,0.999,31.601,1745901844,No,0x6cf9f5c6af7af2b7bcd3b4bc90aa69b384b25bd9d9689c3450ec179982fd0452
SELL,0.998,33.95,1745901468,No,0xfe8deadd8b3705c7ca37bdfc654319531cc7a7ca176b8a59885308f9a9b32b48
BUY,0.999,33.953,1745901428,No,0x1c26a62e021f679e0358d156bb8ee128c4bd79f683dedeb8e77ae54178614b10
SELL,0.998,34.84,1745899516,No,0x2bdb1051d6aec8d690cbff956f38d5e477c3a25ff6e4f2cf682953ba70cf0535
SELL,0.998,32.25,1745899488,No,0x68b729e4ecf596ca655dea9c9def8bf9ce3cd8efe78b960ce8cc43cb3f96cd9c
BUY,0.999,34.844,1745899482,No,0xf8e3dae80f6daa8b1b478019a2044e86491883c02b623b95d7f30258e88a572f
BUY,0.999,32.252,1745899456,No,0xb648d57bd9ed439a0a922433de333e8a177f886147d63246d25cf92fab9b49e8
SELL,0.998,1.13,1745899296,No,0xd1847cffd4e062338c68e8628da5154e82c7c1df43704ad443e7e4020df35e81
SELL,0.998,36.25,1745898632,No,0xdfcfb7e073d65ab3ae2972c41bcb1254acfa719ab3b337f67b819d4a4cb06124
SELL,0.998,27.14,1745898614,No,0x03d1e21edbc9ff1c6a54a7d453b5528978c8a1421b7d7a5df77421d5b3964875
BUY,0.999,36.256,1745898600,No,0xaf6f7668156353c401e8701791332e190d912e9b015f0698c1ad8f3c7ab4dc53
BUY,0.999,27.137,1745898572,No,0xcee5e25057c313a7dbfd8274f49a0ebd05d2ce08c12740248d6bfc9a0c40bb41
SELL,0.998,34.22,1745898546,No,0xec719f30d1d84f132fce974c09d4e0387944ece17a44de0e7699bdd9e9d7dda8
BUY,0.999,34.224,1745898514,No,0x88c721df74115d3b95d495b848f0b12ec444ecdde0c1cbe8e657acb13372b24b
BUY,0.999,1354.534,1745896678,No,0x829d531ed74febca89ec366ef7361adefe79b266d4790dd9203cedcf26fae3ad
SELL,0.998,1.1400000000000001,1745895986,No,0x976378c48b44fd7cab393dc91f606009d883dd1cfa6c2107a78aecf8e346283b
SELL,0.998,7.57,1745895782,No,0xa6caf99437159d59595ebd87d6404fa86cecec3e29130c8b3e2abf04c3fee700
BUY,0.999,7.577,1745895670,No,0x602e587ac363f6a6f97243126be573a79ae2aff282c752f3c9a12eadde7cc003
SELL,0.998,43.53,1745894684,No,0x8149b1ebbe5368137ecef6dd4150ef030c21610c7dba110b927c8f5b06bec025
BUY,0.999,43.533,1745894650,No,0xcdb125a652f34ed71e14a3037d463df4a2b515eb3ca43673b2a7a029b3465ba0
SELL,0.998,32.82,1745893458,No,0x13a28370bab15f402e000664f48aeca4e27529cdcd51974435314154f08853db
BUY,0.999,32.822,1745893424,No,0xc30c860df59a68e054c2e043f93958ff7b37132372fd24e2f82436305e890f16
SELL,0.998,39.75,1745892802,No,0x4aa9187c910350391362529358b8bcdd80a7dde64c78cdff19d8ad3fc5fb20e1
BUY,0.999,39.759,1745892770,No,0x91c2915217f7f2b1156a81c7bc925ac109e838c1dc1b8c85f790eb46dfc59a05
SELL,0.998,40.36,1745892674,No,0x16f0173860ffd9a82c9565cbc6ef5b3eb18594409a2c424db37557315cce9b53
BUY,0.999,40.36,1745892642,No,0x62d566df78e4f7cf723fc6d132ca895086919ac9c879e06517db5d46a331f231
SELL,0.998,43.52,1745892592,No,0x211080acecdd9ffbae73a96655b577a33f66eb41847a2083326a53f1e055e702
BUY,0.999,43.523,1745892552,No,0xe91f32c3e5aa57df6199af9369b048ba568ce2f31993e0693a72135abeef6a0d
SELL,0.998,41.17,1745892332,No,0xd7b0cc29c63b140eca4715f6e931a720b8cc0cacb5ed51abe1734f265f76789a
BUY,0.999,41.171,1745892302,No,0x76c1cc0c5c083d8c2fd074c51b93b725ae53954d7266bde359c78d7acf1b3b1d
SELL,0.998,28.76,1745892036,No,0xe3337e042aeaf61ef037bc5e492321aa830b0709a26aff654297b36f7ee6aa9b
SELL,0.998,37.73,1745892028,No,0x578bfb2ff470fe8ce9e235a5112ca1d504dd040253b3d02d6ae832c8d0a65533
BUY,0.999,28.768,1745892002,No,0x0d596faf084da9c907765a0067d73d7cb18888424c41d6e923df1470b75bb33b
BUY,0.999,37.737,1745891994,No,0x1e9365c80349cdd1f705f815ef44ad080f185306d59f1b546bb923f54d7b2c2c
SELL,0.998,40.69,1745891492,No,0xb1ef8025e6dcc01aabfe3189e48dd95217c49aa61ab62f95406a6da28d7d8098
SELL,0.998,1.11,1745891488,No,0x7eda1f687611feeda2767112487624c57f3e63399dd2df323c0bfe5361a0d1c5
BUY,0.999,40.69,1745891456,No,0x133770e13c6eb5e5a25b6d8879a1871dbafa2b9676439e9cdfe7c17ce7c24ed3
SELL,0.998,31.17,1745890418,No,0xc7a2ac42c22ccf78ebfb68c78635851e35e8c2da43e4ce0a8aa9e1e11ec74aeb
BUY,0.999,31.171,1745890384,No,0x7798cb019d954c1f5f321d6c2fbf4eab32979944d6ca082c9e50a5ee07bc6498
SELL,0.998,27.69,1745890092,No,0x823279fe2acb7857dab3d99f9f4adfccb6bed180400ccd8a08ae576a584b56cf
BUY,0.999,27.697,1745890060,No,0xede4fbfd2a8c133cabb42447aa6c281d075ff60511813c1c538234e9963b857a
SELL,0.998,28.94,1745890020,No,0x3290f77adf330eca8638e447b5d766e4fde53e8f0178e9d56989ad85bc39b156
BUY,0.999,28.948,1745889978,No,0x12e5e845ca52550432ed59945689cf24e2419ea3e78ece5d627ed1aeb27cccc3
SELL,0.998,36.1,1745889854,No,0x2615a2c746bc178f1910539437efa1ad6f950aeb8192d2d577e64359466a343e
BUY,0.999,36.106,1745889820,No,0xdfe410ca0db1809f1308b13a2ef6a425892c4fc6d57ac2582f5cd9a1a87eb78b
SELL,0.998,43.02,1745889536,No,0xf8f91987d6a570a01e21bf13ef91cb838a62c6106a6d344b4b0d66653a1199c1
BUY,0.999,43.023,1745889504,No,0x1063b95349bffd8103c57a61a1eef803c10dca434024bcd3c2eee7dbe5670f7f
SELL,0.998,1.25,1745888538,No,0x56aa5b97e823ec3b17d48254236082ce8be8edc8a078e388327d5b9203885332
SELL,0.998,28.12,1745888096,No,0xdeb46b3a7f69e9b1225cecd2c7445c8e1b4e67e15beee9bd2e576087b78b2dad
BUY,0.999,28.128,1745888064,No,0x78bd2b28a5cbc287d7366e63f643159f7c969d4dea8627d5d3cda7896c41bea7
SELL,0.998,34.47,1745887918,No,0xa3bef810b88e102b01fbdcc993d0f7b5c87ee007bf078d2346689a8b41a8f366
BUY,0.999,34.474,1745887886,No,0xd6f834de430704c7770c6bee95b284582a643000af12ed5e0fc92c87153620da
SELL,0.998,28.23,1745887736,No,0x0850bdefa5749fc0d6d97e77622cb91f7c40b1003466e55ccba46b177bafa475
BUY,0.999,28.228,1745887702,No,0x4d396ab94bc33dc47f9e815b1bc307dec204543e4439fcc3632180ad36930b1f
SELL,0.998,39.57,1745887530,No,0xbe653d2d0bbf39dd221f1156e1da055c18fa7a5ee2c0f79b521404d0bea7d652
BUY,0.999,39.579,1745887498,No,0xf35e318a4a3159a9ce47ceea75fc34a9879d49679e6ed496c394c30d6cf8a02e
SELL,0.998,40.6,1745884516,No,0x194c147cd9b6b988ae8c85a395ec91da7a5c2b45837c40d4bae813b357dfc4d3
BUY,0.999,40.6,1745884482,No,0x0a5ac316c56ee0381a0521dd9d3118e3766c045d525735caf924e3deb8a054bd
SELL,0.998,31.4,1745884448,No,0x6d3dbdd92cf042f54cd82e335912e16dae77fc542e815b1026cda333552f951e
BUY,0.999,31.401,1745884418,No,0xb279eeccaa3a03400e1b7b0ec0c78ed44bff23b8313704fc3b4f5cdab54c7b2d
SELL,0.998,37.7,1745883002,No,0x0cc4ce12230545938c26a374f4b0a9eed25972653f1c68d1686753ae9bd0f5d4
BUY,0.999,37.707,1745882968,No,0x05507b9de99a5f66aff1d0e1f6bbbda6443f3bbd5efc7eb5eb81a23bb8dbec63
SELL,0.998,41.98,1745882852,No,0x762ac9ac56c0c3e330c4f1bbe874fb1f8f278abdde22505787c1aca4a38b2ae3
BUY,0.999,41.981,1745882818,No,0xcacda0e3a841d069c9f815b284c15f2443fc81ab5d7576ad992362552ea7815c
SELL,0.998,31.51,1745882164,No,0x327712fbe438f388239aebd4b9ca9cb882294745dc753011402fee03dd4457db
BUY,0.999,31.511,1745882130,No,0xacf7f1dea5fa8df10d6f6dca785ca0c2dbb0417f0f87204c955e1f336b3fdbee
SELL,0.998,43.08,1745882094,No,0x279742c114e190eb1789848e29eb26488464b8411297f06a6b8e940192e2448b
BUY,0.999,43.083,1745882060,No,0xa37f0aa366224ed04fca662d18a6f02854057a3d533b60ee6747db4225808e6b
SELL,0.998,39.89,1745881982,No,0xd0c4b764e79ba6533197c21a0efac0944687414bf4409cc2f0cb28eae10d01e5
SELL,0.998,42.2,1745881954,No,0x62de80da0c064a63dccfd6f820aead362fc7aee81ef33f8b1d1cb3fe32e59f00
BUY,0.999,39.899,1745881948,No,0x0e24f9cda6ff42e21a2e7baa32a3d49bfb082f1004d9701dfb65288d4a3ffa63
BUY,0.999,42.202,1745881920,No,0xca0d8ac83b7c906f1d761ec6556a114008697360b3aec4a0f58873edc9b3692e
SELL,0.998,41.95,1745881860,No,0xe087ee87655001a1744b6ebdf74586376e5fe0dbab5d1ba6d1d5ddabd9d55ce9
BUY,0.999,41.951,1745881828,No,0xc07c26be891adabb9429164f448a17de34a1859952dfb708dcc096c1cd434a7d
SELL,0.998,38.77,1745881658,No,0x69d54aa5e22db91483aabfca7cb67440c84e86c911f2169bcdbfa59bd494e7d3
BUY,0.999,38.778,1745881624,No,0x69b3bf542278e3f4e847c17cd69bd6bdb3792c291d4ab85a8f47464472cb773f
SELL,0.998,35.53,1745881340,No,0xcf2132b9ca4032e7b9b77bd766628efbe82e91801055ea92b7f1bfb0e20e4869
BUY,0.999,35.535,1745881306,No,0x64c3daee682e803c363ade357c63ef4ce8e0ee486013cb758b8fee9f9c126acc
SELL,0.998,34.06,1745881278,No,0xcd105894ada45ce7f3fba129cea15be4b78dc9e78c86e755ccc6e3df25b22c73
BUY,0.999,34.064,1745881234,No,0xb941be2e1321e85e4ff04492e293fc26a0780453e5775c0272a79e87c4c2d409
SELL,0.998,45.66,1745880938,No,0xf5b19c0e98a3a79187d7b290e19bbffd474c934e49e7df2fd724a0e3f2994aa6
SELL,0.998,36.45,1745880920,No,0xadf25bcda96ccf5d1010205cc3ff041f886acaea521336e79dfe9dcb44fea150
BUY,0.999,45.665,1745880902,No,0x9b9f06f8bd76bcef4dad9678870dc1978d9fe29ce69f7e333447a3addce68f7a
BUY,0.999,36.456,1745880886,No,0x69b3926a308a47f894302aeb29007630855570d4b6458368a7cbaa44b2148729
SELL,0.998,44.09,1745879702,No,0x3814439fc6da080225b783d4dcac02a3686cb498455260f865a8cc410f00bccc
BUY,0.999,44.094,1745879660,No,0xe8112e6088f60a54e4ba8fe3f080d2c40f8c2dd3381ae4fb02bce588ec05461c
SELL,0.998,27.82,1745879450,No,0x7adb45442430f210fa5dae927999e25034b78a9e8089e433ca52612f92193a6a
BUY,0.999,27.826999999999998,1745879418,No,0xbc6c4a5da2e82e1bdfc8d297befb120b9aa7791c47152be347f131197f03bc10
SELL,0.998,42.38,1745879036,No,0x5f35dccd33cd6b5c49b218a1b8cf9e9d2cf1f5e2cd509776ff0ddc88539e71a3
BUY,0.999,42.382,1745879000,No,0xaf9cac12f6d461d78f92c5bb8fb0606555876692f1b988f2ff733c4b51259f4a
SELL,0.998,30.99,1745878910,No,0x588731dd4841ad054001385512a66b1ecb2f7e00a3f5cdd78f80aef30aec867d
BUY,0.999,30.99,1745878878,No,0xcd815b43bd9a095c7e909d7e80d59ee6699dddff399758a46c47d66c62486227
SELL,0.998,34.75,1745878800,No,0xd2eb6668e09a6568d2d8101712d8fe8335259a0ae2dc1ae830a4ce56d312de34
BUY,0.999,34.754,1745878756,No,0x6c38bdec854f33fd9347ef0310b0128b830bfbdeb4814c60e716e425c11e294a
SELL,0.998,43.84,1745878672,No,0x3ac36f7447aa873289f4ac6efa3cfdb56b173e0aff51cfe0bfdbf37bf29d209e
BUY,0.999,43.843,1745878634,No,0xcf9a1c0f0fd3d84e8b4efca6d6a79bb23f6f2da3c96ab464b225d601ccffdeda
SELL,0.998,39.13,1745878322,No,0xa6d78eff0b1af5b0edd7975dcb85329f62ac8e549907ba54f587b1bbcaf5fc87
BUY,0.999,39.139,1745878284,No,0x2aba422f7c32b05e9c429a44d3ba83bff766c8ea4289c5a10876324d31865679
SELL,0.998,39.63,1745876744,No,0xa8cbef04430beff7d914f702ea3af665c3e0b446f89cf44f639be5880283f0b7
BUY,0.999,39.639,1745876712,No,0x3fd833dea396e570c3cbf7d18464d23b5c8390c5f27114223ae80236bca5abc1
SELL,0.998,35.55,1745876468,No,0xecef0d911ffbb9b1767149b918249712567a8840742fca86a2b705c6f685758b
BUY,0.999,35.555,1745876434,No,0x655bb307984692fa0984e568b4a9a140324e069d64b070050795db7636a9cbd2
BUY,0.999,1350.04,1745875364,No,0xe557205600081419695122356bb1760f74aefd0441369c432ea2e2bc475fb4a7
SELL,0.998,43.1,1745874314,No,0x639aeb2a8264454daa325c0b2955fe31027ad9e0d92c1add2e05d7e220c0e50b
BUY,0.999,43.103,1745874282,No,0xe97c012c44a9263f82fe80f8a3fce5ab87b7b770a17df0a5aef59f8206bb07c5
SELL,0.998,42.02,1745873896,No,0x051b4b070a9a6d196014dbfffbb13f9d10a84a0a18624138b2071e3407055717
BUY,0.999,42.022,1745873826,No,0x8dbe1803e73f909d3452437ae313021e6edb7f6039fb862117fa0d7bb4e48d43
SELL,0.998,40.24,1745873634,No,0xde324b2a147c2ada3804c2b039cf13709b3fb735fdd8002f9fc65cae486849ea
BUY,0.999,40.24,1745873602,No,0x94dee48e7596efcc8b6fd990c42528439f4d12c344faf152f83c03ff338de959
SELL,0.998,34.89,1745873420,No,0x8bf52c6637f4316f21882d27937415b8fa2e6fbae36744fd27201637d2154a3e
BUY,0.999,34.894,1745873392,No,0x041a0fb1a6c83026b814df2c52542e1c7e73a583df5249542cb962721fb4d0a4
SELL,0.998,41.17,1745873266,No,0x0022cc492eac845ae6a6e9536cc3b4ef44f3ca8135bfab4c6f90d247bdff0ba5
BUY,0.999,41.171,1745873234,No,0xdcf4f23a9f356bfa5443033dbd1be2e9f78ded6765bd360a1035f3f3a163a024
SELL,0.998,33.31,1745873016,No,0x0b5b467b32d9f8e804d30cff8695549295d15b2fe75e8ae023b597227408aac9
BUY,0.999,33.313,1745872984,No,0x78c9fb9414710aba20edace4683e2faa97742725a05ceb4ab46cb4f3687ac489
SELL,0.998,26.05,1745872522,No,0x8a7ab424baaae4e35ae2840b953e853edd079df6f8d527c7cd5bb1b47f959059
BUY,0.999,26.056,1745872486,No,0x6f5fb1347b97a8a0e32438074eb91326d3f1d03efb274fa9c1ad11d749311bf5
SELL,0.998,41.99,1745871780,No,0x6440e79e0f3c8df3491a8ed5017b1d08aca7bfb2768c060bb93ace71f89248f5
BUY,0.999,41.991,1745871748,No,0xe868a4682dd53dbcfb7e2ca1eca287c5de8a35578d2b5e15cc3c2bda53e701a5
BUY,0.999,1360.6,1745871646,No,0x0c0e2f9a26127d3f51370726bd81e2dcc02b567b7cd653e4a53a8453aa1c320a
SELL,0.998,37.24,1745871638,No,0xe5f66d292525dd7c60c920bf5c1b952a4e4233abaac294ec95ffbaa5e4e02bee
BUY,0.999,37.247,1745871608,No,0xe8181e4fde54dd62c9ebc41940feaa7ac5eacabdd86e0cac13da6add0b1610ca
SELL,0.998,37.48,1745871420,No,0x031d6a99af45817810d8b3a70a16ea363ebdf32bef1e86539f5446fc8acf5822
SELL,0.998,37.54,1745871404,No,0x3851da24a490e3e97347f3aacc4e66084c6ed8eb1b9139b2143d33cf3db24047
BUY,0.999,37.487,1745871386,No,0x58cdadf75a36fbbbf4cfe33a33b26f5cb3e07d2f8b1bc12d3f022247976dc537
BUY,0.999,37.547,1745871372,No,0x426f9e95309c08d83ef6c0513d41ad81ae35ee91b1cf6582ed9ae8afbaba5c24
SELL,0.998,37.86,1745871360,No,0x8017fd16e76d958604b54ed860f9ab52f3a86c718d4daebe9a7849b74432b642
BUY,0.999,37.867,1745871328,No,0x7699071616c573cfe87496c6c458c4f4e137abad77ea2b4d80d4c1baa0f10d0a
SELL,0.998,30.77,1745871290,No,0xd2c9e0754f2c64708194d7aee25b978953c0124f6eeba8da186dc543aa435617
BUY,0.999,30.77,1745871258,No,0xea0b4e7e70c844461d246fe1512a8df5e129aa57fe5f5c7283813346e9d7478d
SELL,0.998,39.22,1745871162,No,0x1e77f3e3df8bd166b412b04bd5d8ed64cb48db7a521938483b4021eb550076ef
BUY,0.999,39.229,1745871130,No,0xff6e6910583705f22f312511d56eaa776e0e9c6aa605e12f6aad8149360d0b1c
SELL,0.998,41.35,1745871030,No,0x45ee59cf8d6a2080f4559433cb7a89dd4640a4710b22d5f495e4279f33905b49
BUY,0.999,41.351,1745870986,No,0xae15eb5818a61a0b89cf1a15aeb59f7a8e7ce1bb6cccdeb7a27bef200bcd9dfb
SELL,0.998,39.66,1745870542,No,0x2b07b73c40cd4751654163d9e9d0ad7b111f30064b3c4ca33c3906d7c30ab348
BUY,0.999,39.669,1745870508,No,0x8ffcca9592dafc829ed414b04d137e495595624c5206b2957dc4547e319241da
SELL,0.998,35.54,1745869792,No,0x793a5d6284b4340083bbc29630590f992f648ded3e82a8b4658058950460f6f2
BUY,0.999,35.545,1745869760,No,0x01e6ab6e0028fe45a5eddf41cb1b5e530b5f8c6025faa18738be10c6decff6ba
SELL,0.998,41.36,1745869708,No,0x351485f6ab5e32b2e53d694d1a91cfa611a6f2865f3490097b2142a9093501a6
BUY,0.999,41.361,1745869674,No,0x4ce9890a616b8ef47627c16427d0d90463626aa05c4776fdf03e596180f6f315
SELL,0.998,32.31,1745869306,No,0xa992f0dbb9fdd238314b31953188ed36f8a1f32a45e702aac672a96f70c384db
BUY,0.999,32.312,1745869272,No,0xcb3c2e6d964ea2b259952ef13974f9c777e4ae4e445c7b3a3ccbc113d7c2050d
SELL,0.998,39.66,1745869182,No,0x8c68f1229e9a704b1feec8f09fff9378e3116593a11f048b87b4fe5026c3f77c
BUY,0.999,39.669,1745869148,No,0xfc3c3bcde2d682a845b8a4064d7335b1fc301bcf9dc68ef229d5edb802c25412
SELL,0.998,42.02,1745869090,No,0x601c72b35d40f95ee585d1ba3430a7c381cc0c2e4c87307ea804d3acd10e7fa3
BUY,0.999,42.022,1745869058,No,0x6a9c47cefe091842b4b87187921cd9863ef50d61bcdecfc1b12a26b3c4e81856
SELL,0.998,27.98,1745869044,No,0x0f4d9fb58306ed867f1270b4a2a22be185515ecbfa44a33ee3c8969bc27bf64b
BUY,0.999,27.987,1745869012,No,0x8f10ca7054cbdc656ac45d365ce45a9a2fcb7c0768078e614a6533180b78da4f
SELL,0.998,40.54,1745868298,No,0x81aadb9e8e7dc7178e460d2b8cee66b6fecfee27c998288448d6e46c116fa1b5
BUY,0.999,40.54,1745868266,No,0x32a9ba40373541778fffa150fb0a10901b6f608b8bdb3658a685817e354ab5e9
SELL,0.998,32.89,1745868056,No,0x1e3c6d9b5113254381fdfcd3c1dfa6223d7fa4a9ea380a5617c64860b6f58edc
BUY,0.999,32.892,1745868022,No,0x9c14a9e3d573268474bd5dc0adce21c88abf3ce8435f78545e8a1a30eff7fa99
SELL,0.998,32.63,1745867912,No,0x3a743b218a603ed6e7eb2a3ac9d2f79e3b26b9d8d696af63789b65d97c86076e
BUY,0.999,32.632,1745867878,No,0x37f8309f2edd1f00b5c81047880bb80a1ee59e49bfd7d0dcd1cc50232da52d8a
SELL,0.998,32.48,1745867658,No,0x68b3227db29c55936f8242e9ef9ff8b6ec7c6eefaf4c7db5c81d4035a37d9ae6
BUY,0.999,32.482,1745867624,No,0xa2c85d60f740b50270cde15c0e12a4355540efef4ed0c71f81603af7cf2c9bdf
SELL,0.998,31.29,1745866894,No,0xd8d932127b272ded7e1d53a2fa416580e9664cfa773c048247ac084d4989cb83
BUY,0.999,31.291,1745866860,No,0x2fc30a9af56db0ae0cc30542431508bc82109cd75d9f19a8a9c8a5f997e4f751
SELL,0.998,29.42,1745866794,No,0x9f0d98cbc01e5cb96f2f515a4da3b41bc5750b5bde3e3924c3fa6812f7e9cddd
BUY,0.999,29.429,1745866760,No,0xa804df9800e238fd4c437b5fdcc822070ebea4d370a713af68e642902d590ed0
SELL,0.998,37.04,1745866664,No,0x4f61d75bb2f4abb90993fe51a36fc80fe30bbe77d48b2646de14c3f2fac46034
BUY,0.999,37.047,1745866632,No,0xb4ec07380125c0483d9b43199404268dca8cefe649c2c2c737b5faca581f7030
SELL,0.998,32.07,1745866052,No,0x10fa8b20c9d18138ad1d76743d3abb9d6509d7813435898202a3367cfdd381f5
BUY,0.999,32.072,1745866018,No,0x27871b6f584403dc96ffe691a2947b35fbe1330c2e7543cecfa668d19e5580b1
SELL,0.998,30.22,1745865674,No,0xd2b4bd7f01d6b20790f28dca86ac350839ff42d60dd3de47a2632e3a312cd6a5
BUY,0.999,30.22,1745865640,No,0x359eddd71e21cae19e835f58a1a6ffe6a916897a1e4d67254eaeb57d998584dd
SELL,0.998,43.25,1745865454,No,0xfec95a9f045dbbde1d0275735dcde04b040cfdfded9717b112eb256e8cfefca9
BUY,0.999,43.253,1745865420,No,0xbe3e277231c7c7afa69e21cb2fe98b9ac41f955983aed7046f10d3dbce0e8bcf
SELL,0.998,30.06,1745865316,No,0x604e864febc68f02c308e5e3cfb2808ddf10eb41cbf9c3e3fcb862c6de2b2778
BUY,0.999,30.06,1745865284,No,0xeef57f38837a313e51fad0dbdc9a91e41ed26395a58555743254e04533adf481
SELL,0.998,36.24,1745865274,No,0xce81b3712ca24a649691e369115b6b1d1a7b53c2129dda916ca972ab2a79b6b8
BUY,0.999,36.246,1745865242,No,0xb12d2b436ea07fec787fc16d03f914773be48822d3f146b58a735eca55c8c9e8
SELL,0.998,33.39,1745865040,No,0xa9792beb282c81dc2723c464e179fbc561a1751060e093637e0d6a66c83623a2
BUY,0.999,33.393,1745865002,No,0xf3858fb32e4a8b7d1042d4ee0b0e468f09beb6ef11e447039df52f5d5ec3fe05
SELL,0.998,37.61,1745864770,No,0x90c05d02902033a1caef947885731d01e202b1f70397c5ea0b2d3264e75a1e6b
BUY,0.999,37.617,1745864738,No,0x38c98eb6447f67e92744e72d3502b9130e35d8c2920b1cff6fe4d67bb4ff197c
SELL,0.998,31.57,1745864522,No,0xa74bc3df1af89cd50bc2008ac184453868d09ec2ba81bbf96dbb601b6bc5b85b
BUY,0.999,31.571,1745864488,No,0x080402a1ddeb1f41aba819b61beb53d06166300d8d13d9c27fc8b6ac11a48864
SELL,0.998,36.93,1745864378,No,0xa9ef4f1dace22ef179f014e9f36932f40c7f6d11da64b4b35c050a045aa848f4
BUY,0.999,36.936,1745864342,No,0x843b79e37d5df1a53b3ab46d916db8a11be0139db862a4cbffa522865a14cf0c
SELL,0.998,34.02,1745864110,No,0x1641a91aa0a521806c3a7e9c4ff432abba7f18d6d772a62b856883c0641bfc8b
BUY,0.999,34.024,1745864078,No,0xb042ece9800066b224a4fe783a8598d2e6afa1b0e3a764e5be32ee2ee1f71fbb
SELL,0.998,41.62,1745864012,No,0xa70783fc9408102226950cc5259524b4407f60bd7b60915642e7a62176b87c8b
SELL,0.998,31.54,1745864008,No,0x91f36826b54e82c5e9edc40bdc9d010276a39bd0477a88d4bb4a0fc9fca4cb30
BUY,0.999,41.621,1745863978,No,0x8998374f9e607ad803d9e0ef224e703287b49ce09495073b2d8444a92ebf382e
BUY,0.999,31.541,1745863976,No,0x510764708cdf7dbd12992e733977209b72224e68bb2becf4d7c88a19d1a20b59
SELL,0.998,31.61,1745863856,No,0x4d1030de8f2a59da90f3ffece413f1f2d7f3ee391e8a6faeb32ec8993555a1c0
BUY,0.999,31.611,1745863822,No,0x35f120ae59fd71b7c7b38b2aa650d5fd7210fe113eca8d5356972f2369a539d4
SELL,0.998,40.96,1745863322,No,0x0cb6da4b2978f05d96bc2cf4633849755e06358d5ba83348327785644aadc141
BUY,0.999,40.96,1745863258,No,0x85d0690570ad79d373e766abd3fc4e5580328f77ea8d7fcff2eb0127281ff468
SELL,0.998,45.67,1745863106,No,0x94758c2148a959a2589014cfb59d35d3eced8ece6d4d0c881b566b67e4d879ca
BUY,0.999,45.675,1745863074,No,0xaf8699143f8ddb19f1d97cdfe5dabe92dc29955b931f8187c7de54fdda4b3794
SELL,0.998,30.91,1745862826,No,0x3589aef225f78d6414188ae557037142c3508136cabfb59ef2d34babe2ebd179
BUY,0.999,30.91,1745862794,No,0x9d6dd3feb3839eceb65b98e61613260452be31b93d83a1d32ccbf6255d9a9581
SELL,0.998,43.96,1745862482,No,0x4d2658f1be427d1e44d49917124c6bc5f526f1dd8716551825e48f0d9b564ed6
SELL,0.998,30,1745862452,No,0x5e7f35a425733c1df34899cf956fc35a4e32d997105edfd32cde18aea6a2695a
BUY,0.999,43.963,1745862448,No,0x550d8cf1c71770446dfed4915501799b68d525baacce446c6c86db27a37ae9c4
SELL,0.998,39.5,1745862444,No,0x4fdc4cf1cf5c9c41b59842274ab66f62008b35f28ce2f9980915c610e065b9a3
BUY,0.999,30,1745862420,No,0xd11dd2f931f25d0a2360f92c71c98993b9c3d2a0e48075a068b5a7beb9b22e60
BUY,0.999,39.509,1745862410,No,0xcfc0fadd5feba3538245433e96c418cb739eb9ad7fbf6b46b60106f7217380dc
SELL,0.998,29.12,1745862334,No,0xe67dca9b79f5f83cfaffad381f72ca54c09f290d2acde24541fb0066a9611fe8
BUY,0.999,29.129,1745862300,No,0x9f75a5e93839884634f119040e0d12f970b6b45a001b3a5b42010794018219ed
SELL,0.998,35.96,1745862118,No,0x6393c74f8f4184848fea77a3ee9e38f107dcb5c592317e3b92e21ef57af50ed9
BUY,0.999,35.965,1745862086,No,0x52ad385af3916de16ac51ffaa3a49b484b4ce6f119fc9b7da5bb539d214075e0
SELL,0.998,41.3,1745861620,No,0xa028421474489256b1794c486fa8184a3288734e615a0c2a01dd875ec46c59a8
BUY,0.999,41.301,1745861586,No,0x3700173c346c265db0fab6a4055c7ef92fd0fb3fe476289cba22f85ba09fc08b
SELL,0.998,30.3,1745861416,No,0xfe0caf2eb0c433fff3b71e17b083c2e43cd739ea1475131dc9fb93072aafc148
BUY,0.999,30.3,1745861382,No,0xa27a806f1f918a704022287529c8e10e7b009b87960176ca94a2accdd5591b76
SELL,0.998,40.38,1745860942,No,0xb9dcde8768415d7684b4bcc61dcc730476941294dfd39a998f696fb386d750c0
BUY,0.999,40.38,1745860910,No,0x759f10a8f45a5d3d86cc4b5a7150d5e9c12c1c294e146d40c04d12e3228050c1
SELL,0.998,41.73,1745860834,No,0x2351101f02ab6488230a6396b4dec116457980f9186de6b90ff6557d144b7924
BUY,0.999,41.731,1745860804,No,0x7144baa6cf48bdeeddaff824cc9878de47eb76ba085436a26cbde7bfdc44e032
SELL,0.998,32.62,1745860698,No,0xb1c6b034bd2594a250dd64b2111de8b1bdcfd6ffaec6f8922a63a45e06bba0c3
BUY,0.999,32.622,1745860664,No,0x06e0a944b13855541150b9e84096027c3d3337bd18f6377a5806f226bdb48382
SELL,0.998,42.19,1745860612,No,0x5a71e313d5c128f7f3ca398431b0aeec2acdf00f9fab1f257e7491523116212f
BUY,0.999,42.192,1745860580,No,0x2e1ffd20c023c0ed6771ae01f90a629072940377525d6ca0f1123816f46d10b5
SELL,0.998,30.57,1745859852,No,0x46a8a2f4f1caf92e5c0b527c10ac453eae357c3abe5f4e625e38fc94c04bc206
BUY,0.999,30.57,1745859820,No,0x57db15721d40e37c52c15f053767e1fae4fa19cc710fcb9c96c92406e26ef418
SELL,0.998,33.43,1745858224,No,0x6a320885c53a22f7527906c3cb3bbb66cb1e4b7a34f8d5f25a9a373d7ada09fd
BUY,0.999,33.433,1745858190,No,0xae18da8ea32461250f820573d9a12de57e8aa0047b7566b5ad50cf585a0e3eb4
SELL,0.998,41.83,1745858096,No,0x3c49e34ad58ff4947762570f4b8d5cc108d2e3aa373ec755fb59b640e05c47ba
BUY,0.999,41.831,1745858062,No,0x8d9d306246f2d48e65f7106b1ce19e0a62c13e170e9e9c744c39c464a743110b
SELL,0.998,42.35,1745857678,No,0x6846c53dbb7ffa5e616b64718ae4ca8e9a16d19820b04f81b22cada134d3667e
BUY,0.999,42.352,1745857644,No,0xf8ede8422aa9402729fb08326b986fdb0d17cf5670a2662369445c87ae419b00
SELL,0.998,29.32,1745857564,No,0x0b69978bd03e86730638c144e79bf0dccec2eee219c9e8699e7430fdf4e9342a
SELL,0.998,30.74,1745857544,No,0x65a193d6d8e6d71aed926007ffbb13bb2f3aa9f41977271b0f6553b24ba2b650
BUY,0.999,29.329,1745857514,No,0xeb2cb0038bb50e10ab46d84ba702f0aa504316d618df119ab8ea2f2d94dab036
BUY,0.999,30.74,1745857512,No,0x5d7a46b8d66780742c085777cf7381dc2be4a0acc3857adff556bdd04c3b3a2f
SELL,0.998,39.8,1745857408,No,0x2c9c42afbc1b8e375b30bd97103fc7bd039ce5eaff32e1c03bda5c1bb10fb6ea
BUY,0.999,39.809,1745857374,No,0x147aec4cc35b9800ce0d51985abdb8be5180296e3f82f14cf5c8117e556ed290
SELL,0.998,44.86,1745857324,No,0xd2a14ad87747c7e5d1a615e21eb2b5386809d9b99ad85f08dac7ebf34167235d
SELL,0.998,34.17,1745857306,No,0xa9d11fdf6cfccd04a91c26b3250409be536fe8d311237e6a167b7c117cbe5883
BUY,0.999,44.864,1745857294,No,0x123137bf3ee8ead1cdf8610643bce796002eea955274ea1c8a083725e5298c6b
BUY,0.999,34.174,1745857272,No,0x26d39ff592bc3ca63b9d362a09057a3efe71a2e58dff20a23aeee746b6f69f78
SELL,0.998,42.33,1745856056,No,0x235af9c857b9605c2b93f2b63d6d1091fd49e14e41d43174a6b904925794c6ae
BUY,0.999,42.332,1745856024,No,0x91507873cafb4c8349a3204810afbeed27a9d439b8073210a0513f12fd4afe88
SELL,0.998,35.82,1745855902,No,0x51c394dd992ab72a37d43588f8f501c80974ae4364d7c2e1a2739f3bed1741cb
BUY,0.999,35.825,1745855868,No,0x8fae6055aa9cebe836876fcc3482ed6fbdaeb21df31680fb1838b4997f4a179c
SELL,0.998,39.14,1745855476,No,0x771b91a833c76bc7cf2ebf9365cf2289cb8bde946a2a55a2b8b0b6eb6d5e0cff
BUY,0.999,39.149,1745855440,No,0x9c4e39bcceb61c57aa27fcdf5a685ddfaead01e6b6f1f0af299407a89a2b94ec
SELL,0.998,40.63,1745854910,No,0x2849c5cfa53294fa47c77f698ecdd5687620ff9c70335040e8c9527864795e48
BUY,0.999,40.63,1745854876,No,0x059899214420a8e50f5df1c50a54bd26fbde22e19eb5afe88a8b3955de8ad483
SELL,0.998,30.33,1745854870,No,0x7dfc3c5dfd105c01ab60ab5d5f6275c4c4ae331fa3676049199e26e01f83a3a5
BUY,0.999,30.33,1745854838,No,0x65b4695dc69dc8024ecb94a4d0344379acd9033c24fb69bb8c35d9eb604962cd
SELL,0.998,54.97,1745854730,No,0x99b4f34ede397e4e49e12ee6193d49bd7d89b32b483bf1bf469765f5b26d425a
SELL,0.998,28.11,1745854702,No,0x7a13e6f3649bcf1ae659d18819b33de6b47466f0e42e93e6429b765d22c9f34e
BUY,0.999,28.118,1745854668,No,0x5458f0bc95153594ebcd50ba122f8b65315511c53bb519822a382d940e6377e5
SELL,0.998,120,1745854562,No,0x5fa64770544af95dc0c88d74a821b714391468d69cdd82961260da366d348dec
SELL,0.998,34.42,1745854500,No,0x60c1d8f17fac8793bb9ef40282939befc839f48bcbd822cd87224d6407d68da0
BUY,0.999,34.424,1745854468,No,0xcdad2288f2033182267b8cfb9c523f7d7e156819f7ef2c4736b7324937a6b927
SELL,0.998,1363.41,1745853972,No,0xd8c1512fa308d56af9754fb36d00e630462ff01bdb73b8711a85cca598495b4b
SELL,0.998,74.23,1745853902,No,0x0e071f63288c7dcc576235bf8fa152aa4346affb044033707bd179f8696d3816
SELL,0.998,35.36,1745853614,No,0x5b3368471821b3005864522de21a0d2c878f8892eed9532baee545fc2cbe7724
BUY,0.999,35.365,1745853574,No,0x0713d474ec8326bd64a7dfb8ea926dea222ad2a46cc7ddaee26bd88ab8c6d862
SELL,0.998,146.09,1745853494,No,0x0dc02fe04f59840f5ee0f0b80fce480dcce2a3f89daab82f42cd0afa28590390
SELL,0.998,38.81,1745852918,No,0x8a3447b6ded8515ae61b80f721f203a1adb53bf5cd1475a3661e626255bcef45
SELL,0.998,43.32,1745852894,No,0x074c5a286b6467d311dc3d3e8a763d8a973a03f9b97ab3ed45e6cd3e99933505
BUY,0.999,38.818,1745852886,No,0xcba7c693e657b3ce1736b97024546bc27ab62f50cdef407053cd106b2731b054
BUY,0.999,43.323,1745852860,No,0xe446f3ec0d64fc9652610c58bb4d61301a1f2be132facbe4e0258fa251cec888
SELL,0.998,35.95,1745852818,No,0x0727611a241fa86585dcb6ebfd1f94d7b6ebd53cc40488fae45fd3c12e7383b7
SELL,0.998,31.1,1745852800,No,0x578b0b3eba2162dcaf2b850a56f87902177fce7c0fa0e55760a69d8df62b1097
BUY,0.999,35.955,1745852782,No,0x2840bdb2afb225308a5481401fa730002cf059bd66cb537894073130d03a86f4
BUY,0.999,31.101,1745852768,No,0xc3622106d1e73d15db4f81ba1fd158d5dd415630fd10012e76ee882631d6dd89
SELL,0.998,58.58,1745852498,No,0xaf972a85c3915fd6d5f550474d3234c80a39fa6328423b50f744bd47a8768ea0
SELL,0.998,39.54,1745852426,No,0x3f20f37f8c64e88b936b21689a473b301271628da3bee572b5f6047293cc973c
SELL,0.998,36.32,1745852424,No,0x95678c2e1014af08cee3561d2956e7f48efa76753b428b7c99fd4c0e75fd3230
BUY,0.999,39.549,1745852392,No,0x13dcce83bad84dad7a56fda66a617f89d7c927cbed1cd0d91e8a775ca528203b
BUY,0.999,36.326,1745852390,No,0xfd2ca540ad1a62488c03bf887ab322a377fd3b1ce75b8d9150103accdd12cf44
SELL,0.998,132.77,1745852264,No,0x7a57e3d5eebf39ed850e51fe81b45fe93b7b909087ab4ad0c43fe0f92b5ff867
SELL,0.998,1351.58,1745852152,No,0x92c3f38c8f7e655dbbce61015a0f3c23a8f300563b1e7abacc097c3147c64315
SELL,0.998,37.05,1745851872,No,0x537a9946e04ba26a1905813a7041e2c186e67367eccbb53fb33cdbb040eff6ec
BUY,0.999,37.057,1745851840,No,0xd982afff5e7937ead66e652a4343ef7491fa2530a2f21f8e22611c507cee6375
SELL,0.998,30.06,1745851456,No,0x50b3240d220ba165258515abb791901d55819780e31763a0b82e8fa639980b93
BUY,0.999,30.06,1745851424,No,0x525f7becd981ff407a5982346085f091aa09f0615ccc8d5863400f14b08da498
SELL,0.998,43.46,1745851068,No,0x742997ba5951a5ba053e3ce3aa92a84f16f436962cf7804d2cc756dabc655e47
BUY,0.999,43.463,1745851034,No,0x9642a634acdfd35dd5fe49c0b96bac82a6551647f0899dac46a2786c7b002ef5
SELL,0.998,36.07,1745851022,No,0xa6979fd0aafc2b36fa0cfbde8ff295abce955c92fbd12b1dd701dbade494a12c
BUY,0.999,36.076,1745850988,No,0xdb7c3f33dac0474a9f74401874813a9defc71bfbb3de11f5d8c6da910f40330b
SELL,0.998,27.2,1745850854,No,0x1787f1a15ebcaf0a0148dd321e8a2dd12382281744f704ba31dd264ad933b07e
BUY,0.999,27.207,1745850820,No,0x6d402ea9f13ebd04a3285d503bee9f1cee6c3e86a77a9efb27f94b09abc7b785
SELL,0.998,38.66,1745850404,No,0x612b40ffc517a7c971ea895ff96a3ddada5423f7698d3d30f906b9f4527783c3
BUY,0.999,38.668,1745850374,No,0x08eab832677abcd418df752b055a6e2628101e5015f839a11870b1015c76bf0e
SELL,0.998,41.74,1745850206,No,0xa57e4059fcb60e453b5740e6f9f7086af8bcf0914415ef7a277734119c0c619b
BUY,0.999,41.741,1745850174,No,0x8802eb5c14441b1de8487c10a9903927784d8775581aa22aebf24202baf79041
SELL,0.998,1,1745849502,No,0x317688a0811c4fccfecdd3092d83a8a16e9d89414912dcd71122bcd3d695f259
SELL,0.998,32.13,1745849436,No,0xab1b3a7cc9b62890f7008d9bda74e24d466e61472406c93267af3319b9275d36
BUY,0.999,32.132,1745849402,No,0x58bb36b17dcfce4c45759644b2c2a87f68bdad853da7981ab9750db35f4c155f
SELL,0.998,34.27,1745849216,No,0xbb9c254efcb94858580ac9926fcbf1c48cf588c2dd30cb486f356b0a6184eb03
BUY,0.999,34.274,1745849180,No,0x1fc7ba981f5daaa0e08395c4bd939be944b3b662f63e42a190500a51839c8e4f
SELL,0.998,45.09,1745848734,No,0x69bde00d8cbc561a9baa77793d17961cc80f360ed9416996d43922cc631442c0
BUY,0.999,45.095,1745848702,No,0xecd212321ed9239f178c233b52167c7724f78178d290c82fdb65501e8152b147
SELL,0.998,37.47,1745848328,No,0x8abb5847ee70cdf061deb593537c7e0921730d8a007caddad38f5d8c45a5b56e
SELL,0.998,36.66,1745848306,No,0x9b75b0e2b1098c96049c4bf72d5f708764a8177f5a04eed91e75ccbbde557f16
BUY,0.999,37.477,1745848294,No,0x88a44da08f7622dd51fedc6957286dfa0a9b4a5120501266e1236bf7a8aaca97
BUY,0.999,36.666,1745848272,No,0xfb953d07a2ab8afb2357873ed9803bd8211bca47659ec05d4d9adcdb1b5bce23
SELL,0.998,45.35,1745847666,No,0xe61686c6c687441457ec5c04db7f82d61fc9c5ba5b4ef57d65e573794e4b1fb3
BUY,0.999,45.355,1745847632,No,0x0323b84b8628f865eb8c52f5cbd9d5b195625e5dbf6bd71582e5c861f2537476
BUY,0.002,40955,1745847564,Yes,0xf0ba6e37fcd77378a8a9bf4d783cfd65885403c34dc8d29187a688ded93ac8ca
SELL,0.998,28.11,1745847460,No,0x1a47b4832e530595bcfb15b3393d34096795853831dba352dd6628e6fd2eee3b
BUY,0.999,28.118,1745847428,No,0x4b0f3e38c2694f78850c45a845e5c15e355cb15e352487ecc4f48d577fc04fe4
BUY,0.002,43815,1745847366,Yes,0x0f48781a7d4e42e568d6e243ad1a435504a75246b2ca0224cc91eba6d9a412b6
BUY,0.002,43920,1745847176,Yes,0x7d06c6477900fee872c149e663d3c367bca6b728d6d4ee501bbe05ff3625c97f
SELL,0.998,1353.51,1745846988,No,0x8343b30aedb25bf35d545cb5d661ca322656549489b210e188a2102fd59b73e4
SELL,0.998,31.03,1745846978,No,0x86d8bf154c3400f8aeffe1f863d706abfb977e9ded7f0f6bd27457bcb602e9f0
BUY,0.002,44030,1745846970,Yes,0xdd22ef9df4ed6bb15aa7be730517b9c4bd11341e89f451298faa6f81ce5808da
BUY,0.999,31.031,1745846946,No,0x03a1f2caca7530a4257c09d64606b8149f3f9fe9721cc1b26eb306b10779b846
SELL,0.998,33.11,1745846924,No,0x9f26e680b9d9e3bf4904daf76f3e3c171aed3157593e1f42f262193e40996cd3
BUY,0.999,33.113,1745846892,No,0xfc87758de76bed6a0d62e3a4e2c44ed62869db26b1a9ccad53f156fdf03260e2
BUY,0.002,45320,1745846802,Yes,0x452a25dae5a7c079daff28f93d44552b2c76bc618ab6acfbb4381a5482557fd6
SELL,0.998,32.05,1745846790,No,0x6708ebc411962df883e032a439180fa136e50b0c81da465555d14e97e58dbbc1
BUY,0.999,32.052,1745846758,No,0xf3f33c735ab8430f34894c90bc1615a527d08b916f4d93dcae05521db9332201
BUY,0.002,37095,1745846474,Yes,0x6a6babe34a3e8869ec68f6fd6a14cf24b0b5bfd5bbb68150f67d284f80df7259
BUY,0.002,43180,1745846088,Yes,0x57801b3b5083eabcf421f26c2ca30e974ca012c39cf76e3e3f7edea94e74d1ea
BUY,0.999,60.37,1745846082,No,0x2bb30876b71a016ddd92ba871c17609384004e0e91a8ac9e391c733386adef4a
BUY,0.999,54.974,1745845998,No,0xf6829d846a63e1bca89c759c10d1744f0bad791a22eef7ec90296e5a8a58786c
BUY,0.002,43280,1745845872,Yes,0x825a3f24ed15f42fa593b76b39dd70f685cdda95f8936708898c8d669d465f4c
BUY,0.999,74.234,1745845872,No,0xbf1f87929db2dd984717064b0d8cc0ab28fa2eb29f285eb08191e219f49b8dba
BUY,0.002,45820,1745845768,Yes,0xd646474d8c00a9b4a791ca90a05d9361fd73d5672efc08805b999406122f1af7
BUY,0.002,43040,1745845576,Yes,0xe7c1959bedf22866a4ce898f93c23d9d7747d7767f1c0bef0257b36622666e40
BUY,0.002,35465,1745845218,Yes,0x1d46d5b1eff62f770c654a96c3b061a6e12533f3b455b7cd895b577dbb4cd43d
SELL,0.998,29.5,1745845110,No,0x568ffd667ff9962aea0b4714bdf31691786e26f0db4bf75142b7305f717f2836
BUY,0.999,132.772,1745845100,No,0x5a0c429a6e22b66006a82fcfeeea1c04fc12e698b815ba60aa6966f7bab38d42
BUY,0.999,29.509,1745845076,No,0x65591f9d2a6e5d60a0511e89c5ac40c53178778c393a2b282d39a0f39abc1e4c
BUY,0.002,43335,1745845020,Yes,0x2af1d1ca99f050333bf0e185447e6d977837396e5ed33d387dc7ce0b5d33769a
SELL,0.998,34.64,1745844934,No,0x12040604b1c364da43de38b4914785dace883bcfc76c1df7dc6b2334fd611183
BUY,0.999,34.644,1745844902,No,0xdd4ee32ec0141f56218187fc8ce66fb3ce1d235e433a4c0f872b9070c3f269ed
BUY,0.002,45615,1745844792,Yes,0xee87b4c4b86ab7a7b49a4c83fd59c0cc0789c83a6e2af6fbdf89b6cfd711b61e
SELL,0.998,31.71,1745844770,No,0x3c8c3f6e777d867f845d02d91bee8d835a57edb160d2423e594b4223ce287096
SELL,0.998,34.03,1745844748,No,0xd39e1fe690ce93c9bf754c405a833e89efb18c216a867bd74d8eb78f5dcd701d
BUY,0.999,31.711,1745844738,No,0x48081f7fa33fe2b06ddad7b79ea22d3715778c9eec7257deb48c8c1b5f0e9ab6
BUY,0.999,34.034,1745844714,No,0xdb3e1043ce37f6a498b38afc2fbfbd8b11ee90e3d3681b99bd8e1ab1ff5f7f0b
BUY,0.002,43095,1745844608,Yes,0xbe0eea0a76ae07a6aaa3165241e624dc94bb19187d5d5e09bc74db1e3a34d888
SELL,0.998,31.79,1745844604,No,0x9285c8a617bc864ae684bf66467076716bd639bb5f1599e9798626a70802e38d
BUY,0.999,85.725,1745844596,No,0xe13a2ac40a23374fb2687e1c9a29992bb934405df5e5c353a3cfa419a4807117
BUY,0.999,31.791,1745844572,No,0x079a479ac785793a0c2ce29a3e668a07b24481ce8e5082f29c5a1e50383a3b69
SELL,0.998,28.84,1745844570,No,0xc6b111f68d4712e95373c94d0ae0f2ccb413c76dc82a16b4546b96f8513cd037
BUY,0.999,28.848,1745844536,No,0xe9b77b60571b5906bd92d68021bf71a00c1ead8bd0ee72f71b347d5ebfcb7c36
SELL,0.998,41.92,1745844402,No,0x5fd18c0f1df06bc987d14e75d7c3d9bd93d0bd0f7ebf2fcb6ea4812e136a4b04
BUY,0.002,44345,1745844370,Yes,0x3cde4643baabfd4c3df7b5523eb443e1a93f90d13b4ff33aa3c5fdbd8d06f2f5
BUY,0.999,41.921,1745844362,No,0xd40b12804c4914e7f86c39604b75994723ab66fd00512feed4b870f20caf5efd
BUY,0.002,44750,1745844252,Yes,0x87028da2b405734c2294e093a312b56ac34026dc44cc6d384521edbf88f8f574
SELL,0.998,43.25,1745844100,No,0xcd80781ab237d7b2105f3e1823bba4554656f26985bb63a51e205e3664d9895a
BUY,0.002,45560,1745844082,Yes,0x277008a61ea9f6ad1dc976f97297605390caf3baa6bb936312f29325be1a9146
BUY,0.999,43.253,1745844066,No,0x8b6a5f4cc3c97d25d83a26dfafbd919faf2bff1ca425db87c099fd98d3be6282
BUY,0.002,40445,1745843930,Yes,0xa1e583f85cfa90284e8c81093ce88205df789e0a72c7477818af82b1d495767f
BUY,0.002,45610,1745843762,Yes,0x3573e7b3ea48fcc604c683456f91186b9b89ea1fa46dcfa0f0fad8f13e5d4a81
SELL,0.998,29.9,1745843742,No,0xf576531eb6ff16303cd6b30a2b2bf98f73ff887448645fd404b9e728862c86b8
BUY,0.999,58.588,1745843730,No,0x6d390fc30627572cc146c52f619cc9485141262f9fa3afbd01e68087be5aac23
BUY,0.999,29.909,1745843710,No,0x56e1b6b01f83c9b12ba1730ea9db9e4b0bb89f977e7da91eedcf7e3d9a512c50
BUY,0.002,43150,1745843534,Yes,0x90ab52d38be8a8d162c1c0a084d9c8de8313eeb8e26591b85553a6dfe841ed79
BUY,0.002,40335,1745843386,Yes,0xbaefce94d35d9b56103e1f761b6ccd29f4d149833f3a45379a8393f5e5d86bf5
SELL,0.998,35.64,1745843364,No,0x947f97e65cb0caaf9b7ef024db77f4eb99787d84eb0bc559771cc2cef021432b
BUY,0.999,35.645,1745843330,No,0x25bb32562187f9ba818e80ffcca926e6be68b47e9634ccea04ab1926ced51362
BUY,0.002,44000,1745843222,Yes,0xfd872d7c196845dd2332e9d16209bb9531963743b5994dd9cd688a38e2727f7d
SELL,0.998,300.3,1745843096,No,0x713b3852fa41ab6672cf48651876fb0c4ca5dafd67a0a0894037877b2611c31d
BUY,0.999,120.12,1745843066,No,0xee3ec7bd98c16859b884f67e16a0881338d2aae4afe434157f9907e76f676e54
BUY,0.999,180.18,1745843064,No,0xccb6dfe1675d7dfe3c7d9edd29c0ee6e059db7cecc33c1f8bd919a82bb4cb63c
BUY,0.002,44660,1745843024,Yes,0xd3a68b8912295d7e8d5214606e309684bb81af096e8c37f24ac720b77b415c48
SELL,0.998,28.07,1745843010,No,0x4a79032e0d373f4248911543eea0b1fd424f3eae3959e64e4c04245b83214179
BUY,0.999,28.078,1745842958,No,0xb534c20f97b01779d3e636f6efcbc5c82d10bdea58519b6212dda525e187f4d1
SELL,0.998,34.5,1745842904,No,0x2e2e1c7ce2bc9ada4b1172e2fc232383c45ef8eb98ba8d07b34bf40037b45240
BUY,0.999,34.494,1745842872,No,0xa5917e71b499833e8d2b5ab96bff20dee8ce4b847da18779fd23d49324f68571
BUY,0.002,44385,1745842834,Yes,0xaed4806a41a7f6dc044fc14bc6b1239b513f240cba75cdf4c7355d48ec814442
BUY,0.999,1363.413,1745842720,No,0x9a26c8250dffed1eff96b24f3e3352ec09a89250dae52217aa70a264189cd4bd
SELL,0.998,36.14,1745842650,No,0xa7842ce2509f4db48000e85d90ff56c09fe89c78b3064e15bae8074cebcd1449
BUY,0.002,39100,1745842642,Yes,0x6995b6326fc6430159dc59f798e0e4bb8f3aacc18d61cb144aebeb1435b73f38
BUY,0.999,36.146,1745842618,No,0x21424fef4e6df31624eff8d08ec52f125be3e28d937395c93f27418a211178d2
SELL,0.998,26.7,1745842480,No,0x2c88e9e0fb3c5c9a85937f02e6fbf4ee3cf94b08d858fc88c52529518c1ef99a
BUY,0.999,26.706,1745842446,No,0xf54cdb75f81202f05a5ba8b3b40a55d456a8e00cda99bd2a2b1b392cbb897bc0
BUY,0.002,43050,1745842436,Yes,0x096483e86b7903e4a351b00b3315b27fbd4994bebbb22ddaceec6cc6f9822b2d
SELL,0.998,42.81,1745842364,No,0x0b8d04490b7afa9de336b10c8cde351728a4ae3dd39c655841200470222ab235
BUY,0.999,42.812,1745842332,No,0xef4a8d497652b87d01925b35c748a76429e30fd02b8703313eeaa2ee466b476f
BUY,0.002,42030,1745842274,Yes,0x75d9a021acce93a969d8a2d244b7a11f496031b6b1e94e7dce818a2748a0441b
BUY,0.002,44420,1745842122,Yes,0x0f38e22af8544fbe7c5d80fab9f335b0d94c3deb0d2ab579b0db107d9dabfb60
SELL,0.998,35.24,1745842054,No,0xe3d75190784626ba6aad9bc6dda6c09b7a9cd4e7975035165f937ae6c601a259
BUY,0.999,35.245,1745842020,No,0xf89935a6a2a258e29bb9ed73e2f4d9d8e9cab3617d3c728ea11d4f453b77c670
BUY,0.002,43540,1745841902,Yes,0x8b5fce19d99eb46ec24fbe34f61589eea392e55b9b653cda31ef0f37a0744281
BUY,0.002,44175,1745841578,Yes,0xf18d5be3e970dd20e4e50b4ced65a14bb9367af1780181b77f3f15a075f75351
BUY,0.002,43355,1745841372,Yes,0x7137f361ca7ca9b5a31af6311f400e0f1f16fe81933f6819798c970c3848ad71
SELL,0.998,42.64,1745841360,No,0x2ae71b0e0a7a611fe371a87b0bb4ed138136b850249f935108b91d60b21fa37c
BUY,0.999,42.642,1745841324,No,0xedcc711046bd04d5b280932344db3a1f1d1d7e52868d888e4e849bea0cfb29c9
BUY,0.002,41665,1745841202,Yes,0x44b8652097203ee9ce1d10a625a597d0b763607af93bc8cd9563702126afc0dd
SELL,0.998,29.48,1745841010,No,0xd70df9199a3feb5742100b19fea7bbc40d4c19be2e3c40a5aaa26a8f6b432460
BUY,0.002,43415,1745841008,Yes,0x83391859662962af7e65c310915d8d7e0d76bc0cd9d7d7c388161c655b9be7e7
BUY,0.999,29.489,1745840976,No,0xcde9d500ca37b504b3934e22ffa2bc7a0c6452423efe494691460ad9ec22f906
SELL,0.998,34.99,1745840738,No,0x766649807e9c62d4eb99cf106ae267a7aaa1d035ac81faa611ab133e6e92c0a9
BUY,0.999,34.994,1745840706,No,0xd8da2147b1b415b22baec0c5012d838eccb1c59afea5561adf83c50f7521e707
BUY,0.002,41160,1745840704,Yes,0xaf54fe79f2d0b7745b74454723469279f750c0be321e89c5864ae970fb5e0127
SELL,0.001,265,1745840702,Yes,0x29574b0af52586b111383eb36321228d634272ba5fe0ed28a2e70af3f5434ca7
SELL,0.998,160,1745840692,No,0x1ad97820f1020d5933204e9df6c89cf77806428293bca0092eb45ced229fe19e
SELL,0.998,105,1745840684,No,0xc0e294ef0f05aae7a30e21f9714b319e17df8e9ef9dfd297ef192e50420d4654
BUY,0.002,42430,1745840528,Yes,0x1605b59442aea291521dcedf74c54531ea47c808b11926cc9d4b4a2848688807
SELL,0.998,39.5,1745840460,No,0x428e4a0bdde464802bd517c0f747dc8ee13da0027e40679b08d0d177b337ae6e
BUY,0.999,39.509,1745840428,No,0x9cd7df8edf2c282512a4444475124ba3e57858a5e494c72cbc6962f2d329dc6c
BUY,0.002,43345,1745840332,Yes,0x56e2dfb602b67bb40d8be4882490d5b1a4ab16ca6ea98043d02d16c14d0d6717
SELL,0.998,38.23,1745840152,No,0x15d5c4a860fb05f666ccf7bcc71746b8d7f165d20210af2fa682d9ee5c30d9ce
BUY,0.002,43795,1745840124,Yes,0x669aadbe3ccfbc8988618f21eb6a1c58d4b0c7b66803b217444f1c6e1165ccb7
BUY,0.999,38.238,1745840118,No,0xdffe8791e981fa1f1eb3fe50763d1055736e0099f3a4ab419e95938211f8e831
BUY,0.999,1353.513,1745840044,No,0x2791feb4e19944b2ae0b132e49a7747e5abb100ebb4831784ada9eead4ab6091
BUY,0.002,42595,1745839984,Yes,0xa5b507baffaa39badd065ca4772b522b2db7eb1ee1b3553f1b9d2ca9a4fb09b8
BUY,0.002,41700,1745839820,Yes,0x0f51ad19712998c07c94b12888f2a4d57724d839106eb1937ae6011b5f748d50
BUY,0.002,44020,1745839640,Yes,0x29ff42229970162d9b399e1a5c103799dbdd8588d94a1b1c62d30dfd9fc32940
BUY,0.002,43190,1745839408,Yes,0x771c2bbb5df6ac1e75f46954f9e678cf52914f86033174442ac7ebe0a6e2ce45
SELL,0.998,27.84,1745839336,No,0xb5abc37809a87ad08077d4216a5f7ca34a82c667911f28d5f9366c5eb8533fef
BUY,0.999,27.847,1745839304,No,0xf0643d8066b9989c0ad075d6ab84bdeefbf5568259fa8aa84d4b599db91af7fa
BUY,0.002,42950,1745839274,Yes,0x8985341ab806e9926d7ab497dc82b13e554a444f6ea1d10a3cacacb22f8f9892
SELL,0.998,39.22,1745839194,No,0x0fce8584d8e92d5f8e3b4bcf1b19c8a8a11e4170147aa5f5584155b4cb3af3e7
BUY,0.999,39.229,1745839164,No,0x7b0624a3ce0e14e19b261e3a02dc4f559bae86f255404c28380701d364efd3a0
BUY,0.002,42790,1745839100,Yes,0x9e864812408a881a23b96a183241cdf204bd9a88f597cf1697610e41eb92405b
SELL,0.998,38.55,1745839052,No,0xc5e09a28bfdff7d8f2f63ecdf2617100947df2a1ab2eb0ede0fdf0b0c34d5cf2
BUY,0.999,38.558,1745839020,No,0x0a128e2de18117cd750cb4638d1e904053213ab1c8bfe31d87561b8c00d35e94
BUY,0.002,42950,1745838912,Yes,0x0953cff509f0a75b76420147cd33daab8a339468e51f915845eac4162b2cdb14
SELL,0.998,31.23,1745838882,No,0xf76f63089e779b6e53d395a8635fc7681688428b8c8b9b5da3531a63253bbabe
BUY,0.999,31.231,1745838850,No,0xbc8051b21bc742a95328393fdb127ba87bed5fe62d4f762a5272befea422f801
BUY,0.002,42185,1745838808,Yes,0x770eca4fe6ac6b267b0c3b7a2843525bc9e114fed48b8265af34cf1a5526151a
SELL,0.998,43.88,1745838706,No,0x0508196cf111deaf5be2ce3dd74de0f649059cee2f31daab74e87b845c13cae5
SELL,0.998,38.57,1745838704,No,0x79a0b8aead8d88d7fee884829f85ee4d7fa04367a802c2b577d14058fe2ecfa6
SELL,0.998,33.13,1745838692,No,0x98262a3a4387741874cf78fc9073e8f05368303c4b2e3126e5554b821a607530
BUY,0.999,43.883,1745838672,No,0x3cdd7cee2e2a62f5e0d440238f8bd08bcd84a0eb69d764a4d310e0845fabc17a
BUY,0.999,38.578,1745838672,No,0xdbe91564f0d6d6a7d230494c2e0165f9790ae8d9377c21490293d37d0ae35fd1
BUY,0.999,33.133,1745838660,No,0xd6d9356e627c3c2a2ecb7cb88f350cc5b9c34399bf96bfac0177e626d7613e17
BUY,0.002,39260,1745838626,Yes,0xd6ed48645c1f40a4b0e6822b6298f5be89b3d89111995d41dfbb13ca697ceb1c
SELL,0.998,33.42,1745838568,No,0x96d140dddc28cefa3d415a4b49e965801d7981010e4636d033f6bb4a4dfec43f
BUY,0.999,33.423,1745838536,No,0x88fda6fae4f3921be11473c94239736e465c6e368e4aada6a7cdc0241948f7ab
SELL,0.998,39.64,1745838380,No,0x4fa0189ba6fe36c87c5aa457a53b884cf1f31c89e52b009b7cb35613c3cc25a7
BUY,0.002,39380,1745838372,Yes,0x7f65393585582c7a3c07b9371a3337b545472e7f88b1b1dbccc5b97e4c59048e
BUY,0.999,39.649,1745838348,No,0x94638ecd54a08bcd7754238dd6ddfa85fd5e579df550eb3b005bbfc77611f820
BUY,0.002,38420,1745838208,Yes,0x3dbd49af06a77e7537fa1d0a235d75bea19080e55d4df9e3c48fbaf2f3353d5f
SELL,0.998,36.73,1745838126,No,0x9c8254678cf4e1804b37a7d2b478f8bb3b2a0826414db5ff71fc1f9710ae2cb0
SELL,0.998,31.72,1745838120,No,0x8132ac56328b1d8b65657a11048507c91148b2d9f4b7191a77ac1292df95d877
BUY,0.999,36.736,1745838084,No,0x16786f13992bbb402059165bd92015e7a4820088f920b6813c861ba6c01624a1
BUY,0.999,31.721,1745838080,No,0xb614a6dbea73726dc55cc20e7ddcac8063403d4a2120d70b59b7c5f164017fe0
BUY,0.002,38150,1745838006,Yes,0x24b4f26a477f0b18a852364373a414905f4f6c501b40afba9d66834f4e1c7114
BUY,0.002,38220,1745837782,Yes,0x1b7cb0ff509e6140244b496fdb7ae96c7959ee828269e9192831870dece048c2
BUY,0.002,37565,1745837564,Yes,0x9b1a6f110e7a3811df729c50c16d680d8b2c8e91df8fa5f1f638d5ffa7d284b1
BUY,0.002,36910,1745837356,Yes,0x87266bebae4b8a412dfb8e043f52540aba185debe85500562c5b25bd759ac3da
BUY,0.002,40060,1745837200,Yes,0x5965a81432d4f3d3510a5b777a548f7ca0f0b6cf435a251f379a72c6ec8db13a
BUY,0.002,38080,1745837034,Yes,0x665fc4df40f8e297253150f5bac79960e564c545e48987af364ac24a60b84823
BUY,0.002,38045,1745836858,Yes,0x8ad8dfaff8c10a13e08595342cc6a412961d01830ef57335b054aa33c21459fa
SELL,0.998,43.73,1745836834,No,0x998f8d306a3fdf023e2d9227742d99030e60184f9813596b44aabebeb218c76c
BUY,0.999,43.733,1745836800,No,0x9ded687738869c6e48d0fc10c9324b47da282c1214754c9b5b760e532716ca68
SELL,0.998,29.15,1745836770,No,0xc6ff5096d863e87964d7461e9ddd7dc3984c840c6231d3b278784d5106f6ce97
BUY,0.999,29.159,1745836734,No,0x237bec529300197c889881cd3f0fae958638162d8bbb0ab913794d8e4d908675
SELL,0.998,38.72,1745836728,No,0x11570d64eec1b2f74c664d956ba09b184c01c213bf5adc762513964ab702b2cb
BUY,0.999,38.728,1745836698,No,0x0fc68fe99f39d36c30de0380c3cb514324795778e8729d98b2bbb6ca7e7bf0c5
SELL,0.998,28.92,1745836676,No,0x6c367038eead593a567c87a963394804bb32a4dc070f293ff8021b432d468010
BUY,0.002,37825,1745836648,Yes,0x50c5247873208e8f934f3fb10f3e3e32bc7769e50339241280f4b816202b2421
BUY,0.999,28.928,1745836642,No,0x90b241f6e1bca794bc5fbf69832425e7151d651f15f55a29130e7dbfbcb389bf
BUY,0.002,39540,1745836488,Yes,0x38f4c04ee180d940e0e1a15186945eae3a8bc20ed766a09b71b39aa8f33e82a5
SELL,0.998,44.34,1745836324,No,0xd9620bf3f7b98051b5a40124a7411f4f2a750bcb3b89586500f3e0207334609a
BUY,0.999,1351.581,1745836300,No,0xf68d93d4020417954ee30239af56d9cdb26288ed049425c1353e0f5d52f491e4
BUY,0.999,44.344,1745836290,No,0xcf8b3b8fdf7837e288b027fbad86171a14b476aae8d5bfa0310b47c0eb2ca152
BUY,0.002,38635,1745836232,Yes,0x97cf0920c6ee19d0d562ddf5853dcb38a8b689c8b8aef5daeeba698f99be2804
SELL,0.998,40.01,1745836194,No,0x518ae942daac02be4b98e277fcfab1cade513a4aaab527e5d04fa3aad9334fd5
BUY,0.999,40.01,1745836164,No,0x0e3757bfedb8fd45093afd77118b9e5f7024739631d497e9c916bcabfae82fe6
BUY,0.002,38630,1745836022,Yes,0x964ca516d3dc3e71fc2c582e36eff6d096212f81f16201cc7280e0dd887dffc2
BUY,0.002,37760,1745835838,Yes,0xacec820f2641c97621bc8db6fda49bebf75d1c29c2d49a1e3694f4eb561a98cf
BUY,0.002,39675,1745835720,Yes,0xde4ee49c2424439fbb23de2cfad435998ca73ce0f218ee3c8582e13d4afffdde
BUY,0.002,40050,1745835550,Yes,0x471fe2bf4a9139fbd1b9a5bbd9c675de27f74f5374da2b3286bedf9d9a177d60
SELL,0.998,41.62,1745835542,No,0xf7b477cb6640e96134e852725762836110946c57d895cb9cd73e84702d2ae6e1
BUY,0.999,41.621,1745835510,No,0x804189b268e3cd4d36123121338aa4da2528c6bd63f0b4cd45b3f0ea7f4e76b9
BUY,0.002,38355,1745835380,Yes,0xd895c2b7db01551bbab54e8139cfe1e49725b58acbb087c94c003ef5ade7c50d
BUY,0.002,37050,1745835178,Yes,0xd0fbe157130aac4f860c6d1886d7ba93c28a96dd92753e0562718296faf46d12
BUY,0.002,38915,1745835029,Yes,0x0f254ed5a5e63df87207121e9e2ec18823162fe5977212d2f0b02d87f722c9b5
BUY,0.002,37745,1745834915,Yes,0xc23f90ba9353b41292110ec419335a6ee4d6b1382db41684838e5c3e5ca19933
SELL,0.998,40.86,1745834749,No,0xc1dc8c2739c42e624b194ae4b1eeee7dc025c22b60817c1f271a4a5482f240d2
BUY,0.999,40.86,1745834715,No,0x4d4ff6bcf891b153f26ec100010307b40d1f484bab2e75ef7e755180a1308f25
BUY,0.002,38335,1745834663,Yes,0x9806b2747eb5d9147259739827ced21a3ec79d6f96128231d469dde4f66644c7
SELL,0.998,39.64,1745834659,No,0x5e05f1c92135ccd0bff3f6935e1dc0aec47d40f1c565e1165daf83874f29bbe2
BUY,0.999,39.649,1745834625,No,0x89d602b9294cd2530f907ee1041a203531a9684a12191f2d90b090085b25f9ae
SELL,0.998,28.96,1745834445,No,0x67a57092435268b39f223408f2df989ea61d1f8bb473e39cf0f2483d979a6ebf
BUY,0.002,38825,1745834437,Yes,0xebe269483242d3b6b1f1806c8a8aa5bca316b0764f0f1abe9cd7686222d7979f
SELL,0.998,29.4,1745834425,No,0xb6bc35d0761a6176bb4190471385860dc40f5af5629a1e39fa6df473cbbce347
BUY,0.999,28.968,1745834413,No,0xbd68a0f936250e0c229da998ec775d695f6e0785f1ca48b334c0081fcbbe4122
BUY,0.999,29.409,1745834391,No,0x3661102435cba8403a9cd91ab1b08f1d6c9f49af701f2d33aec4b14d0d450c4d
BUY,0.002,40130,1745834253,Yes,0x2c1404d747f76bbc4d3f3c97b33d9f4e6d273e89fd544861bb4b0665369192e8
SELL,0.998,30.18,1745834253,No,0xd53354ae787ce77e67758acb0744900b4112e89c72379cc1ce9b4c5431e4896a
BUY,0.999,30.18,1745834233,No,0xe735b19f13b536a2454363e956727e31ac5df6ef454970a5722c171c2378e25b
SELL,0.998,29.13,1745834233,No,0x371d00872a6561236e7b18e49be5be640e0a7bfbe6e8a81eec449310cf33f0b1
SELL,0.998,27.7,1745834199,No,0x0ce1964222fe6767cc59e390ef5e980c66ae3d50f847127bc7b674949e392be9
BUY,0.999,29.139,1745834177,No,0x163b2165e143e8cd0f486e6bcba651a6f79f9343c8d4464d3d9dfd87ca6f24cd
BUY,0.999,27.707,1745834165,No,0x5558ba172aa62bdde9244b729d0681bfca7bcc27b6b82f3a6734c33ad0695f72
BUY,0.002,39565,1745834099,Yes,0x881431caa93eba91415428c5db948bd76b1eeb9551ac0e210f4eb69c984f2472
SELL,0.998,35.39,1745833897,No,0x21664e7b454681672dd932a0e06bc1988a42c93668feed85d3670f0227fd9039
BUY,0.999,35.395,1745833863,No,0xfd005f264615e5a2895bf8a454df14617a7e5e182e35b4f277c5c09b5e899a18
BUY,0.002,39895,1745833591,Yes,0x218a7b0e61878a8074dafabf3db6ee7084e824ff52f61d06502b5b0799d87ff9
SELL,0.998,37.95,1745833349,No,0x3f474fd7ffb604e945cfcc47692639cb981a28e57477c438ab6633bbaf5b6044
BUY,0.002,39690,1745833337,Yes,0x2a30a097e5a59b0cb062847c3543ab68fd5a11d2290e17c2a1fa0973f1b66655
BUY,0.999,37.957,1745833317,No,0xa6e13886cbc8fcfe395d435a61c375594f84ed04b1fed9d579642c74c2bef2c5
SELL,0.998,26.32,1745833241,No,0x5b7fa0906b70b38d2bb091aa71b4640f4915c2744e34983b16570c78be4e7bee
BUY,0.999,26.326,1745833209,No,0x41b7b7395e18dad48ad02a58dcb9cb5f0f3b25f97c82ad2b583ec010cdfbc986
BUY,0.002,40090,1745833135,Yes,0x2bd05245012516e31377be512a5549670a6178b82ab7df28f674dc630831b599
BUY,0.002,38395,1745832937,Yes,0x95a7ea36ea862454e05b8602b1091982f88e188345df80a49e30957d964100e9
SELL,0.998,32.57,1745832925,No,0xfe09771503bf6172b997de9d732f4f0931a83cceda020568154566130b44f77a
BUY,0.999,32.572,1745832893,No,0x5058ef6c81430f478302161fad084c3f2252481f72c05e98d204825f686c7d3f
SELL,0.998,29.94,1745832755,No,0x738f490ce6615b96d4ff6e8f22ed7dcd8d15ee8a8211e1ea22af153c364dfcf8
BUY,0.002,39365,1745832745,Yes,0x4d274f9ed0f929ba8a2c41d88de8fb61408b8f3984d0b7ec1b0402d03eedc920
BUY,0.999,29.949,1745832721,No,0xbbabce7c1087fa18632c335fc1054309d13a695552ddb34cf607200d25127177
BUY,0.002,39995,1745832539,Yes,0x905499b608582ce0eb224d6ea50805cc42c9a8ac3b303fd1bbba6c393a9f7f62
SELL,0.998,40.76,1745832523,No,0x5c5505f1a7acda1a4ce6efd3fe0c6b736f50ffe3e209d95e0806f82a20e896ce
BUY,0.999,40.76,1745832489,No,0x19a35b109094537f23ee42e9101726107601095224b7774fc59afc811908b02c
SELL,0.998,40.54,1745832409,No,0x2f9d361656690ce6c3a37af6b658262b974ac101e171c38c08f4f7121b24e4bc
BUY,0.999,40.54,1745832375,No,0x66983439cf65e0eacdb9825bc6f80cb85eaa54e1e8744a182fc0f783c696e55a
BUY,0.002,37810,1745832289,Yes,0x9e5bac74c682ff68fdc45d6a84345f75fd689b74078900f1d2478060e15d0657
BUY,0.002,39395,1745832103,Yes,0x662ceb231f93c6d8ebe2afd5bf9c81f9db98b8b2b919aa656df76d76c22f0a8b
SELL,0.998,266.26,1745832087,No,0x07b34a8fea1061ce190fec5cf48bf906e7db6d5a505b1e9c3e50948aa86db878
BUY,0.999,266.266,1745832079,No,0xc4fd17451cfa79f23503ca9b8029f62bd01b50c404741965082ebfd2ca2f5eee
SELL,0.998,27.6,1745832075,No,0x58a775822b32112222f7aa88b6503c3bf278332bce9153e4d2c3716696389f96
BUY,0.999,27.607,1745832043,No,0x9032bae50df88f0c223fc38d89f2116f783b503e2ee0ffab575478d8a63abbda
BUY,0.002,39585,1745831947,Yes,0xe271e5fae2dd4dfb960f19658f5e8f1ab3aaa51938d2b9ee53977ee84955b9c3
SELL,0.998,28.56,1745831847,No,0x8f9eb6341db2385e0bc3fa06b9a9bf9267f84c35932d4706b4f64c4f1e0a1bf0
BUY,0.999,28.568,1745831815,No,0x369132435d3c82d39aac85d3127a855f6400f58c65035211f720ee132df8b840
BUY,0.002,40495,1745831793,Yes,0x8a51a77320a8bd68ece54ffc388572b5c6154371c93ae3fec1ce318810a7ec42
BUY,0.002,40160,1745831572,Yes,0xb556c7d0f825c2c370995929395eb3215294d9ce2eda3d9c66365ef6578a5b92
SELL,0.998,37.75,1745831520,No,0xf46c16ceb20ed80e1df40677c9bc4782a08370976a628a7db0b72e5856b4edca
BUY,0.999,37.757,1745831488,No,0xf7bd7cdbfaad584879650943893f8876763d5f1e8ffd33e18d6988c34c63b9a9
BUY,0.002,38280,1745831428,Yes,0x5440cfbfc9b5bedad4d97477351ea2f50a39ef8a1c747cd2ce799bac9921bc96
BUY,0.002,40870,1745831182,Yes,0xcf71c4939ad67498ca5302bec8d8c8935a6282ab23356515095e524b027021b0
BUY,0.002,38895,1745831012,Yes,0xf807014d76a9448937e7400128e730abbe81ff702d80351bdc99b28e9922b02c
SELL,0.998,179.28,1745830726,No,0xe7aa084b9afdcfedc8705aeab3272b7ffb3fd1315757749cac4ff0bd4a20954d
SELL,0.998,105,1745830710,No,0x9678b293f3b150337fc5fa6efc0fdbb517f7a12be6bdc7f98d6cc054e0ff59e8
BUY,0.999,140.14,1745830698,No,0x4c68f0fe76e4f1f39f9559bd7b5405de87f039ab67c5779c397b8c3628d3875a
BUY,0.999,144.144,1745830688,No,0x5528e1e594c343543c06cc9ff2a6b02eb15fe525c59d1952370d87cf5465cc4f
BUY,0.002,40970,1745830662,Yes,0x9803aac6f8c4df332e8b84fb7278fa2d157a9bbed74fd2bd0ad6eb398df93f42
BUY,0.002,40600,1745830504,Yes,0x777234a9c201c7ae4dfdf43fbacb10c5c601abf60bab0e67be1b37c38e810785
BUY,0.002,38880,1745830292,Yes,0x1ef83b42c8dba5efc7058ae5eaa8b74ad785854d04b76f839d314e227b1586a1
BUY,0.002,38820,1745830010,Yes,0xae5f328f5558f36ad883cbf3a4ea4597a814c96283bc431469fb178d3424e62b
BUY,0.002,29075,1745829818,Yes,0x03384d0835f9680b0837f8d29693256d0ca4701b15765aee1002700296977cda
BUY,0.002,38450,1745829650,Yes,0x8fe0df532db547e739182275ea74619658193420cca0998ef985f014b7d0e261
BUY,0.002,39810,1745829438,Yes,0x33657ab132c87da54c84a7252874bab2eb0e6b2a1605d6097044df03fe111002
BUY,0.002,38515,1745829314,Yes,0x2a36871021ca26ef7bfc7511cf3dca910c5c86cffe0c7c7d062f1edc884cbfe4
BUY,0.002,39775,1745829206,Yes,0xb8aa2d9a1fa66f1a66c27684ab49a086b658322718edff310a38f93f57097e6d
BUY,0.002,39790,1745829004,Yes,0x303fc17dd670857de088c202ffdf618c38cb3609ea7304f432792c45540ebd70
SELL,0.998,338.33,1745828840,No,0xdb7bd4d954d0dcc3744a2287bfe92aaa9f5b9234f6bef554e32ec11b6487d7a0
BUY,0.999,338.338,1745828806,No,0x8a7bcbe4bf9277fbf925979f735b91286a9558c09ef466c17854d5e148699e86
BUY,0.002,41505,1745828685,Yes,0x8f508ac334322f0b8f74ef6a9ba95e82f2869ab12656a30353cc9a512853dd25
BUY,0.002,39780,1745828363,Yes,0x788362692d7ed5877e0d3ed2cfc5ba9a7fcc810d228c0d404e6a69121a52f97a
BUY,0.002,40250,1745828235,Yes,0x63fa51873b069a0bb6e90b14de209747e9872b06de8e63265872724e39240ef5
BUY,0.002,39600,1745828049,Yes,0x2f478478b3cb2094b82b316c8a0e47ce2f2f0fe066a2a63f7a904702bd25ca26
BUY,0.002,41465,1745827845,Yes,0xbf1467a42babff6fbfbb046ea9706410af4841d8ddc8f6c360df175d9c37ffbb
BUY,0.002,40405,1745827445,Yes,0xa4a48ec7e6a483fa8f21bbb94c88dbdc699c575cf904ed745f59e8bdac432e49
BUY,0.002,500,1745827315,Yes,0x86fa1ab709deba86d308c3869492159fa633593e4dbfc594daf7ebab1a7ab4a4
SELL,0.998,248.24,1745825801,No,0x5e65173ca30f67c23c4d13e320ac121c17e7e2d14796f5505b8039584c3e3ad3
BUY,0.999,100.1,1745825793,No,0x4b08ef6607b4f2437cee726b47fab53eb02b81918f1c3c63c9c5ba7ae3097806
BUY,0.999,148.148,1745825785,No,0xbdf9d02a9ff8862833377755f2869f0270d5ed8f668ead8ab62980d83a68a3f9
SELL,0.998,5,1745824237,No,0x06a7161d0babac11eee4950a0ca4bec18ea3a75aa1d8133b052adcd2f736dd78
BUY,0.999,5,1745823407,No,0xf8e139d8210664b78cc19a29cd433ad3dd68059de857ce814e1e84733ce6fd8d
BUY,0.002,500,1745811767,Yes,0xa89d4022b187355f37064a326bb3700e1200d64a12c6921d31fdfc53cbb0a923
SELL,0.998,2,1745806705,No,0x9727f4b34fe3fbd9d3ef529244ec47eea3bfdcf877607136e7bf1ccf2927c71e
SELL,0.998,150,1745806097,No,0x46bdf20e6ad94298b9d5f01cb206378eb397c1c388484ab40f4b01e68b0fcbf9
SELL,0.001,300,1745806089,Yes,0x66c077fc93ce3b197bea0ae043ca9b9fac8ee2064d1e8cf47904b5139d863924
SELL,0.998,150,1745806083,No,0x169b57843a4c7e6441e3aea72e3a9d30e2034025c193b2b4d8da5c43df160fac
SELL,0.998,242.24,1745805491,No,0xf5a189bacb9cd6f2b1190ff5a0599a6dd87160097662057d41b4d185ed2dd237
BUY,0.999,122.122,1745805483,No,0xbef1b2d4bd0558729b90d15583201e08977d9b0843bdc6a77d1eb4df8ffb712f
BUY,0.999,120.12,1745805475,No,0x390b6ea62398befb6f2175db29b89c023156952bfdaaee079517e2a1fc319c17
BUY,0.999,2,1745805443,No,0xa73181e5a17b6ecae0d396e1bb760a2d5728d7c783e33506f904701a8d034437
SELL,0.998,7,1745803359,No,0xb1379518b0218193894b2d80820617c5fe55e806264b9128cf8e31cc8b7f17ff
SELL,0.998,5,1745803069,No,0x02fd14aecfdb7f8cdd67cdf24b83c878fd00dc17f77e0e13a73f34f6c0f2a359
BUY,0.999,7,1745801777,No,0x3a9fcadaca194cb9d52c2113467f5689138960806c9397a435b8f162db2a1d04
BUY,0.999,5,1745801773,No,0x88f1f6418a7cbecc7f5782065b287b814e1d22c4a908520ff00c45a7c833fa92
SELL,0.001,750,1745788624,Yes,0x74b66c15701e6c803d6a10397f45006791f9fce888601565d2fb565ed2360952
SELL,0.998,164,1745782452,No,0x71c11e05ed4106c31c03544617392754dc3742004e1db39b52496b8a3f0e6e7e
SELL,0.001,1000,1745770635,Yes,0x517efcf53d81406ae3a3a2fba7ad0a1408056233db790e7a766d12fef185600a
SELL,0.998,2022.02,1745764981,No,0x27bf63f97f6c651fc9a4fa1ff18af8a4a9cd8053b6e36cb7f14688434f35fc35
BUY,0.999,2022.022,1745764953,No,0x41ff7134b72fff4845a6de151163f371b26a1e21bbcdd734a284f8ee35983a16
SELL,0.998,156,1745764623,No,0x1438f3d123bc4c545ca616b3c2aec637d8a4e9c01b93373f373f4b0f3f5ab176
SELL,0.998,2157.15,1745764285,No,0x7fea0ffa7773a07251d6c17a6802eaf1c71d88184029676ca4cc23da8dd5134d
BUY,0.999,2157.157,1745764221,No,0x97cd208567f3a7281b7a39e847490ae088c64c615ea768e6f33c210a36844b2d
SELL,0.998,2297.29,1745762387,No,0xa6512f7c4d58736d9594c5967f467624d7ba2a25a6c1e9f72e303dd5797ade2f
BUY,0.999,2297.297,1745762373,No,0xf1f976f63dd947381c915a05042064a800d8c586722637f95289bc1bf348be43
BUY,0.999,1.141,1745759828,No,0x08845fd8640bc590e084a83741d7856136e53ab243be8a85b37a7f19c8b44bb0
BUY,0.999,1.131,1745757122,No,0x3dfbc1b23993adb821763ae900b5b6b06ddc8d2c7c0d3d0090be78cd83c48c13
SELL,0.001,427,1745755424,Yes,0x31439879ffda9fc3461d779256c67488dfe3875a975f2c684aebd97271120798
SELL,0.998,57.32,1745754895,No,0x8090873c9e472dd54e532b950541748cc2b9d7da8d2d5258b80d8303d74f6785
SELL,0.998,57.02,1745754679,No,0x0449940f038794bc7f9c595e1013e847c8f2f079802f2f4ff49bde03c5e17f7d
SELL,0.998,51.38,1745754219,No,0x02f0a617167f9aee60c5bce9774b11ff477bdf3afd746e28179f78bd2af7f2e7
SELL,0.998,61.2,1745753255,No,0xba0128a07a860709327a33985a920eb69643bfab5c5c80f7958caa67e6442901
SELL,0.998,75.23,1745753153,No,0xe62c1a61f3e2683f6a202123943015fa54ade78edd18a7e587c6754460aeda15
SELL,0.998,89.94,1745752187,No,0x59df63158e883a891dc09677ec3cf18f52bc0851cd9528584812d1cfc0bb350d
SELL,0.998,61.6,1745751709,No,0xa852d529092c37f48393feca88e3591ffc6ef7e8cbe41458308d2680b3c1d9bc
BUY,0.999,1.171,1745749375,No,0xfb6f073947b52a68f06c3b76d043ef32fa9c033b9c6b2b1c596bf61169fabc7f
SELL,0.998,155,1745747819,No,0x8eeb95c6379e1e8f2f079695ddf884c9b99345131600bea76d70edfe21290bdd
BUY,0.999,21.021,1745746433,No,0x6089575f786728a3490e787d4819a6202ee2e93aa1ad3cc7d66c7ca9e7281482
BUY,0.999,1.141,1745745337,No,0x6b94bd7ab6f08d36a45be55e7331c3a6b7869b5e4e11b5b3ace63ebc281a6ad3
BUY,0.999,30,1745743943,No,0xd600334b3b4795366e7e86fb611aae8a455c32795caf3fae1622449e15b17f44
BUY,0.999,1.231,1745743327,No,0xeedca8e923fbbe037c6cc69ba9bbe7fc9f44ce0394450e1c580cb7f5bdd21489
BUY,0.002,42265,1745742071,Yes,0x782f74fcc74147435375bcd0b4503a9836556ac8c74e1d7ec90e79700567f771
BUY,0.002,41785,1745741931,Yes,0xf7164965bc7038098c93f70e4c9843738f6ca392667d7eaac1e2a7d497db43dd
BUY,0.002,41000,1745741687,Yes,0x7661e94fa36af55a1d2806253c541b177954fa700c565b48bf5eb88e4871324d
BUY,0.002,43100,1745741519,Yes,0xb00eb16b63088b1f10859fd6d604e67a3021b205167f826a97064d66d7a2653c
BUY,0.002,42295,1745741123,Yes,0xb3dee3b5865c3573f23732dae6c4f36a2b66ce383ac8d7b75e7bb2b0aa5fb3f6
BUY,0.002,41355,1745740581,Yes,0xbcb1c2ac04940a5f910ddd6d3cc976ba0eea6d2aadc417e79f570fa58cd2a5d4
BUY,0.002,42350,1745740353,Yes,0x66ed7ad24d1cb315378075a40828a236b3be11e57b620b06ce8a72b6179e7231
BUY,0.002,43090,1745740179,Yes,0xd2b8c48006ff0e2d25cd137165ddf2501cb071ec96a6b50bd5e2216ce1556600
BUY,0.999,1.241,1745740123,No,0x0d04d41f1c9e356d44d8780eedaffac6b0969f4c298eac1c9cf3c01f5452e131
SELL,0.001,420,1745740089,Yes,0x5cae23e550ad0a1387be9edd13c01f8ea7e9fa241eb0568665215574afb02488
BUY,0.002,42050,1745740029,Yes,0x363f9ba9786ff4328af698520ac11f3150beaf14042eb604bf04615c8f4fe602
BUY,0.002,41340,1745739739,Yes,0x34ed5503927c684e3d9abdd071e1d1d5cc7f5ec24c272a01d61f054e2618d362
BUY,0.002,41610,1745739555,Yes,0xd5305b19e144ef4be173d95d676e5bf5eba1cd43406146ded76ecdcb0fcbaffd
BUY,0.002,42010,1745739419,Yes,0x3b8fc7e7b6cef6f082f0d0cb2c40b7b236d7e02f0aa1fbef25c8b6497abb1ec2
BUY,0.002,41660,1745739037,Yes,0xa0a03769ad6f05610612dca0b861048711ba5504e00f61e4ac5629da2945bb8d
BUY,0.002,40475,1745738633,Yes,0xadf89e87645b86f2ddb6569b71590d85e47a0261f3e33d88a8714ba9ffeb952c
SELL,0.998,9,1745738521,No,0x2c49189ef72003261863d7c69140587c9a48758fb50f9d450ce40c659ce143e1
BUY,0.002,40950,1745738183,Yes,0x58a83b45ab07153f3ed50f99162a474874a5f95479ee1a9b7e521bbb3751f730
BUY,0.002,42275,1745737911,Yes,0x8c3516b5053a1725d16faac8e518cc3c81bf78c2494378ac32d707f229dc959a
BUY,0.002,42910,1745737719,Yes,0x7386a0a84ea4d7cf4a02b28ddfc9fda3dc8f298fa5d62c2ad1cd45fb69c505bc
BUY,0.002,43000,1745737487,Yes,0x91f426e956433fe5703e4a2dc0cbde161b39aeed935008410d2e0f09e985fffe
SELL,0.998,2,1745737371,No,0xfd1e4ea9aad3909ec034a22f5647f979bfb20044245fa6ad8a4c77d127860eb2
BUY,0.002,42610,1745737319,Yes,0x1abb0035021962dd04a2c18effa8ed8827a7dff6bad6cbfe21af2412bb955129
BUY,0.002,39030,1745737119,Yes,0x8957f071b852f90877dc0138ca7a71bde386aedc89545c9fbec3eab7762c7307
BUY,0.999,2,1745737029,No,0x08dfa005c70531d4d3f72d06f8100526a8904672017e2d5aabfc2a15575d6b5b
BUY,0.999,9,1745737023,No,0xb161b0206ec2c4230d109a33f6b7f2c835eed06d3b45ddb2241b007c87f656cb
BUY,0.002,41785,1745736941,Yes,0xcc75a7e7cb6ffcd4c34fabf782abe2282174e4fac1167d3a19b8a03149351653
BUY,0.002,39985,1745736773,Yes,0x29e374b3b9ebdd920f5cdbe4a1e53c21239795c6c776c5e6afc2a2f9898206ea
BUY,0.002,39990,1745736573,Yes,0x2906892e460b88f24d5a36e6154db0436a9b7cd44dea9fe1bc72b43dec8e5610
BUY,0.002,42095,1745736375,Yes,0x5846736b22ec6b9b467f095ae3f066603ca2a91e3189a0d772e90aaf600a18a7
BUY,0.999,1.131,1745736085,No,0x9b78e32ad8310c47334f876e1d0e7cc59ef15c81a94581bb0f80f86bbed4fc65
BUY,0.002,40015,1745736075,Yes,0xd2587c15803e9e26f72242f68ed60504090a687d04f6c52e461436c9aa2f249b
BUY,0.999,1.901,1745735923,No,0x9dc931538902b7c5a2831d9c3ef001af2b0625b0454fcc93a1f86b30b5a316e9
BUY,0.002,40415,1745735831,Yes,0x54852213f7b2ae4e1fc86277cb67cb68f87be1350a668c54ace6de0579280a48
BUY,0.999,21,1745735721,No,0xa87488340e47a0d99cec95997efaebd087f4db75d8ce15264a82c65c1918b833
BUY,0.002,45000,1745735721,Yes,0x2be09cecd909344b7314fa45ba9c9f468fe7a1d915762d6f9a753b62ad357888
BUY,0.999,13.5,1745733673,No,0x4cf71110fcf6c0fc458a01ead6415ad7a7121ffad8f21b68cbd3f51fbb84fad7
BUY,0.999,1.141,1745731533,No,0x4ba727cf4c98032c4b8455fb08d3b392ed25e4081bcc2a2a98af11dd9c123c69
BUY,0.999,1.111,1745725489,No,0x8bdd188e6477bd328a0fe8ac85bc84866863616104cebba6631cdaf2439b0090
BUY,0.999,1.251,1745721431,No,0xef766c06520bf3cd9aec125d679221c0f265585fcdfdd589780ea72df2fe4cd3
SELL,0.998,180,1745718833,No,0x5688a59b781a73784739f0be547eba422851c6437aba836e32fd257035968657
SELL,0.998,164,1745717635,No,0xb7b14711e9401f4fd88447622ac6b4f04f17b83639bfc3e78024ca495b612b46
SELL,0.998,9,1745716129,No,0x6a7551ccbf51dbe82e6a1f7ad725de3531b034a0940ccab6f528e5cf0575c89c
BUY,0.999,9,1745715315,No,0x86fe5b7ab4888b9169948107bb4809c52f9ff1137f725c91db769858867dd14f
SELL,0.998,4,1745705188,No,0xda15cfee7608b400fe55f4ed35282d36300317fae430f7effc5a05c3d65d776a
BUY,0.999,4,1745704534,No,0xb6c142070e03050b64d3025f76ee431c300cd755127ce87999984db422c6f72f
SELL,0.998,154,1745687776,No,0xd39822a67ebab494431ee4e647b6944bb546ba1cd0067b3898b9f2c15cf385a5
BUY,0.999,51.381,1745685061,No,0x17cf97346481b709def4c52525dfe4837cc807e04c83ac35bdf59769dc0a863e
BUY,0.999,89.949,1745684877,No,0xbdf67351860cacf8c8072f0e3585f826e828845366d089525783ed6824daa924
BUY,0.999,61.601,1745684681,No,0xbd18ad5338eb39e544936bc7b13b6b52b5a74a0d673fa55088eeb699e052d9ed
BUY,0.999,61.201,1745684455,No,0x0aaf2b775bb0bc3da931f53feb90dde2204c31b71efcc056405bba518ac135ca
BUY,0.999,57.327,1745683993,No,0x7c869996d5cca8e3523b64b69b51dbfce9b7ebc06871ffed5fa6f8dc91efd055
BUY,0.999,75.235,1745683661,No,0x3da58b356cb0476825bcc3fc3a738f673b71adf5fe9b15c369083c97109ec8ae
BUY,0.999,57.027,1745683037,No,0xb9a96cecaedfd83dd01cee45301d7751b6494b11554a99262a8799610f7ba96c
SELL,0.998,1898.89,1745680827,No,0x66f599a1347d5f0003896f6df7576ec90623cfcbddd9d080a3bd9b1c8b667f25
BUY,0.999,1898.898,1745680797,No,0x4e10776bfb8e6e8dff76754ee5ec10464b8f46c846eab0afe0b0caec422bdd6c
BUY,0.999,155,1745679678,No,0x3ce220aba098514cc172dcb2efa8724fa5a688972a8c58f5851678de3c60260c
SELL,0.998,2012.01,1745679546,No,0x0783effcaa6f25cb491df0d35227e3a1a59f736fc138dd172054fc2b33adeb12
BUY,0.999,2012.012,1745679522,No,0xb372091b170b192dad2411185a5dd9ab14b4746c9e891912fcdca230bc32a8ba
SELL,0.998,132,1745678964,No,0x10f4aff84b4bde402c98a0ef41861da77d03fadbb1549f0ac1008b44a5d68a1d
BUY,0.999,164,1745677290,No,0x187eaec98dda29da47758f3ecaf99d1ff5a2d8150dcd671f28b7f8b181ac070b
SELL,0.998,3199.19,1745676550,No,0x121fdda704d31282651bb12aa26feedefe9c1d8d225f8add4ceeed733180441b
BUY,0.999,3199.199,1745676526,No,0x6b9ce7cf33ebc12545867d6ca873f89ef1ad4df3edd2f050f05b019f057ce57a
BUY,0.002,420,1745676496,Yes,0xd1f3309c4c46a9b19257434bd9a71f2b385a99fc0fe25f091f3a812cfd96654c
SELL,0.998,1.13,1745663038,No,0x767b61cb9ee069f8901a988582101df902883248a9662901c84126dd0e3459bf
SELL,0.998,1.12,1745660672,No,0xb18eab431857a89a51fdd54936c3698a570d527b85d1f357d224710d70371986
SELL,0.998,11.27,1745660016,No,0xaff0810f275877d48deee1bffb5a1477ba018b724e970072c927e217c59969f6
BUY,0.999,5.005,1745659850,No,0xb28a56746122cfe6305566ae6400c6c74fffb0d20786cb20fdab8a6d2336c41d
SELL,0.998,10.01,1745659674,No,0x7a072c61f37d38c12e9502dcaf208675ee021a80d3108487d34e24b28da24dd1
SELL,0.998,1.17,1745658558,No,0xf3900ba7503f14aff9f086c3df83f1b5fd08d59c86773d7e312f4795d83430c0
BUY,0.999,22,1745654342,No,0x5cdf255f432c82558287614e2f08e38948f5a92e89f560a41fa2eb7f6e66356e
BUY,0.999,115.85,1745654059,No,0xf774129a0cf30f7660e32476841482648e7336115361fa1670c63ae00db8ff11
SELL,0.998,1.17,1745652211,No,0x409f1d579879a45cd30b502faf3bb1676449f1dbbb0af57f413464f5de5b6261
BUY,0.999,75,1745650439,No,0x9c99ad8798037f551d2bc24a78d634719f6f6206bcb5356defb973694c6b0f62
SELL,0.998,258.25,1745649307,No,0x83fb7fe478ca852726d4df4612ed1b0e978351980176901f1d7a5b21f6e6bd8d
BUY,0.999,132.132,1745649299,No,0xbc9124ff0cb0b09a07964e3b62d73f416340390aa4140a33464f2e01eb59d370
BUY,0.999,126.126,1745649287,No,0xfcd7fa261c3a11e24e34c28b2a3d270f8407fc21928fe2efa4e0cd570e90ecd8
SELL,0.998,276.27,1745649105,No,0x20c9c746c7a0988d1a38b8962a48644cf6ef1dd9f98e9ecf30369671c801b620
BUY,0.999,276.276,1745649097,No,0x6fb3188409e5c956cdbb3e4b89581bea885b1f72de60875ca7a45b30072fa737
SELL,0.998,278.27,1745648805,No,0xdb2cfcc41f1febc7084fc7ec9d2bf691d50ce542abdf8d394ae78705b3b0c09c
BUY,0.999,140.14,1745648797,No,0x61b05aa2da4bf0dc6da9e251b8713ceaf16af08e93ba621db31d556eb6e1fa6c
BUY,0.999,138.138,1745648791,No,0xaf41f04580aa30ce4eeb50e5ef1a8d66d59c78591145024ad6f198c395bd6caf
BUY,0.999,3.003,1745648167,No,0x27c06f325df9c030b0ee7c46e78b0dadee44ba5f87b10ae087b2cd152feb8e65
SELL,0.998,1.25,1745647446,No,0xfe44b5856a161eaa726f7a43f2d40f892102a5a25f00f4a87329807e215f0bfe
SELL,0.998,1.1400000000000001,1745642323,No,0x5f705486def08d57d3915a4ef1e65ba9060c6dd8f83f6713709774ff127d7d40
SELL,0.998,1.15,1745641059,No,0x5aa1a1c0626794302e2a75739a3bb8e57577e0cf0c199f1f431d9cffd104d6f6
BUY,0.999,164,1745640267,No,0x52575c414da2e11b31a78f2d184d1744a0b4aa22f66a7483c19560f214ea226b
BUY,0.999,120,1745639043,No,0x4d698e4ef9cd66a77c8c84764218982d389c0090e59a9f3f159ada6771cb477f
BUY,0.999,140,1745636983,No,0x9c24d7a5801df3b5fbfd9225350916cd96c4825182a79eca38619ff5e8605da3
SELL,0.998,1.12,1745635103,No,0xd9c81705953abad941f93505c59b2cf8da1dad65761293edc48a9a98ab79292e
BUY,0.002,427,1745633931,Yes,0x2781ea7bac9e5603c7e684089272abbaefb864a747f8aa9013af185774d37955
SELL,0.998,1.07,1745630121,No,0xaa7412bae6c45e4e22b8129af6d1db6bac83df2b3e9d9620aaf1357eb29dbc47
SELL,0.998,6.02,1745619685,No,0xaffc900b066d5f2645245656d504492c461585107bebacac6845ea331bc251b6
BUY,0.999,180,1745616937,No,0xcad3ac650a63a100008c3ac1c5c5495789b889e9c519182254a5b2455a92f29a
BUY,0.999,99,1745616535,No,0x6eecbf4ed6c9c5d590dcb3cf000c0f80075f93ed6ee60ee88e7e938b36b6b0e9
BUY,0.999,156,1745615757,No,0xbd9c56ca7b850bfdc5a47d2c81a6b43a6df9c2ebfd3c9796de6c60a06292b96c
BUY,0.999,132,1745612683,No,0x77057db0ac6baaed81fa80dbc3aff92fe510a54e000b5b3dc464308ddfec3970
BUY,0.999,154,1745611967,No,0xc8bfa780c5b4d2e64a1999178062458f10005f9172fafbf58bd59346cb3740e4
BUY,0.002,723,1745611145,Yes,0x300583119725d19eccee0fa894cc47bc0876572d849562bf081841dcdb953da4
BUY,0.002,39265,1745591540,Yes,0x866083006c989b01f94b74c0ddc77ae991479771431ed4f35c0216cf44efe855
BUY,0.002,39525,1745591190,Yes,0x8fae70bb4fc174d5ddca0b7b20f4c887bbbc6764839099fe40c745fa0d14889f
BUY,0.002,39135,1745590874,Yes,0xf2e2f07f40d26e216a5fd81a7ef30535f78bcdbd0c6e2dd2b592b471e48de186
BUY,0.002,39445,1745590694,Yes,0xba52315622b64692f96d80c8620e11c20b9522502d70ffe59ecb68cf0b9623a2
BUY,0.002,30425,1745590488,Yes,0x5a1001d56936e262e33e735c58b3b1fe8c7d19c673d3da4e02b6f200467b8cb5
BUY,0.002,40800,1745590266,Yes,0x598b17dca03c0a6f957817b5237b2807e57f7e158139655ea4155338dac07dc6
BUY,0.002,40580,1745590112,Yes,0xbfe91bb44f9dcfcf4281ad853ad65197a908d3dd502c60fe7edb1fa600b037b9
BUY,0.002,39900,1745589882,Yes,0x67d1ee2056d97c1e7b84e2e338c86400129368cc13cb1d673b8fb4d6a717089a
BUY,0.002,41855,1745589678,Yes,0x8ed2a284572244afcd60674d6c2d2662275df07b0548aa33ccaf82511ccee8d4
BUY,0.002,39605,1745589542,Yes,0xb2848cfea863a8a0d7708e1ca7043020f85a6b819ec8802226fb79c838d9a639
BUY,0.002,40190,1745589446,Yes,0x70cc53455daee1ce7c0b8f0b528b603603d9cd9878a80db13c2dcf46c8aa0366
BUY,0.002,42200,1745589234,Yes,0xc1141305b196def756487e7d1360e630c04d046ebd52d708d712de0b54414daa
BUY,0.002,38585,1745589144,Yes,0x50a9c2cad10cf9fbb56c470c4dc747dffb9b8fbb3b4f33bab99c7854b899db02
BUY,0.002,42130,1745588982,Yes,0x9364e37832b6ad1cdcbabf237d88843a5f28279f3685980ff63dfae6b418adf8
BUY,0.002,41735,1745588708,Yes,0x376f19475e6ae0169f24ffbd4ffbaa3ed91cc1f78cdf58aa21d7be2e18752c23
BUY,0.002,41275,1745588510,Yes,0xf3c84505d59fd9ffd871e69d82bbdd86753d1d597e74bd946e02d3d38d7aad26
BUY,0.002,41435,1745588390,Yes,0xfd6c07cd60b320ffb6211a3567114207bcc5ed584f08ac6851d7554abf02bcdd
BUY,0.002,41380,1745588158,Yes,0xdc2a3605e9c318b7ea7207538fec5b0b94286cf9f374edc084b97f6cf1a5d6ee
BUY,0.002,39170,1745588030,Yes,0x4d6ccc9be471e0073eb22ec5b512e6bd93dd27dc360c15ce36f9bb82afa84df7
BUY,0.002,39675,1745587852,Yes,0xd2bfaa9e05fab9872a42bee464e4f18d8120929130b7815319cd14c4c779b947
BUY,0.002,41000,1745587700,Yes,0xee8ceab7980d0c5646e00a01f0c184dccb6dc9ddbd3de19cca5a9d8b881eeadd
BUY,0.002,42040,1745587552,Yes,0xb818712adf29ed15e442651596ead506683bd271a61480ca7404b20782e48beb
BUY,0.002,15630,1745587424,Yes,0x04328812fd8ff270d3594ff05b95a659f0df5d478b25476f42eae6689c3ac831
BUY,0.002,27080,1745587296,Yes,0xfe3de81df69f47518209d8f4eda9e6b890b9e75ae9ce177b44d10c47310b5678
BUY,0.002,15265,1745587188,Yes,0x4008af710b7ae2552ae745d9a6fe29a154950d49a9f105153ba8ba5a3f77a418
BUY,0.002,27060,1745587044,Yes,0xe56f1fece3e18cf27efe6e5510306307ee035f318eaa14f020ae68d6507a14ed
BUY,0.002,41540,1745586778,Yes,0x02d3b41fc65735090f19a1ceaefa2c9aee161d17cbc34c0adf08f4269b955a0c
BUY,0.002,40945,1745586582,Yes,0xc132bd618412728d10e598273bd4b28645f5cd9b6ee5443230c31c1213f70d77
BUY,0.002,41410,1745586372,Yes,0x6df0c8ac684efba8ef7e4307471f6bfa875b8d82f0bcdb5bc156bcc6a0e9cae6
BUY,0.002,39960,1745586238,Yes,0x0695dc201455bac14dececa57d58e622a721467184f7c88b00a0c49fef5ad1ad
BUY,0.002,41520,1745585904,Yes,0xcde69e0138076b5eeb3b57c36a28fc25aa0584d137ef9d5f8d1e88bbdc213327
BUY,0.002,40020,1745585722,Yes,0xf195b06adbaca8575df1c4e6f7837c9ce7fcd16838ce4e8df6ec8fd4b71413a8
BUY,0.002,41885,1745585568,Yes,0x87079ac8c9be4a252f609bca8bd6546c43d55901b09337b5f70b0744a3580da3
BUY,0.002,39140,1745585412,Yes,0x4dd96af685acdd33c6a978d7f5f175da9ca63adf7c34407bb71e0f7a291bd5a3
BUY,0.002,40220,1745585216,Yes,0xbf9f4855d5cc4482092eaab22d24a59ca8becfc0631b962267e5aab277a0d9b9
BUY,0.002,41460,1745585002,Yes,0x5c31198ff1b66bc4cc08941eba488848e81a1718a930a8321c354c0c6c4c4109
BUY,0.002,41570,1745584862,Yes,0xf1cc3a842caf81fd1fad1ce98803c1965312753d74c05e68a6f050572c0eaaaa
BUY,0.002,39355,1745584732,Yes,0xa170aedb394ed6465903f45555ab2f64ee81def516a2d7d9031528b3d3a51630
BUY,0.002,39755,1745584568,Yes,0xf25c03d352147cacb5ebb67629af187036c3236599d57012253580c53ac9cb36
BUY,0.002,39865,1745584438,Yes,0xe83c3909c0ce2bf40533cb5e53d24067f4161a6cf5f3b7c92e93f48e551b6261
BUY,0.002,39025,1745584304,Yes,0x07b8b40cd8d5efb21287a0b88b177313b397366c4d4fb493344cd9faf4bc5340
BUY,0.002,41850,1745584114,Yes,0x9e8d8ee9552a119442f0ea3968ebfe007791c328310afee40ecff072e4f8b146
BUY,0.002,41510,1745583928,Yes,0x34369ed8286219ad77896eb2c3f5252fcc2a5663f38e377b3295517c055c42c1
BUY,0.002,39225,1745583794,Yes,0x1c26a65a88bce44e52bc96f12e12a5b14181a408b458b70e8737ac28adc6e7ce
SELL,0.001,26789.16,1745583746,Yes,0xae1db504dd598ab7bef7d59a26524d5102cabbb7aa3a642c4ea0612de5025ef8
BUY,0.002,40860,1745583650,Yes,0x9609c377ae7f21d575ddfd08b70c33b388afcd619925cb2fdf82208d2238db1d
BUY,0.002,41985,1745583494,Yes,0xb928cadd8dacebd0a1cb3b08b3dce1b56c9a59b085728da2aaedfd2ed8cb9c1d
BUY,0.002,40280,1745583306,Yes,0x3d7ec8fe1a66b7cb720ef744d2d9f552aaef1230d916f48414eb8be778ce9415
BUY,0.002,42295,1745583158,Yes,0x55c09a4ad1cc4b1fafad2f0051de05347285ef0d44ca59e1f1262a6d0929e8b6
BUY,0.002,39165,1745583014,Yes,0x252af0c843202ffb7ec1981b564ca596f45d32dc78f0b5853d57246b3bb4aab7
BUY,0.002,41190,1745582802,Yes,0x40bfbfc6f73cd626c5835dd1de6dd8d6776f23da38e57aabc03b9aca4dc85a8b
BUY,0.002,41165,1745582604,Yes,0x4240f95c7f422df97ac65c2626e337d84f39889288072dce6074b6d84cb9f2d7
BUY,0.002,42070,1745582452,Yes,0xac95e9f803dfe21a88c400b25d6138e28367fca2cbfb71e87d7decdcddc17fbf
BUY,0.002,41040,1745582286,Yes,0x9aea4b0a9483e1c8e5e8a858478af355f15ffa1627afb69db12dedcc6b0cf121
BUY,0.002,39910,1745582118,Yes,0x0600f28bcdf7bd69397302dc4d54a9f90bace63bfb46b4425504f20caf46a1d9
BUY,0.002,38940,1745581900,Yes,0x15d0e83ab24218c1404d698cf2ca9c46629bede0780d266fb9aabe67fb244d08
BUY,0.002,39895,1745581734,Yes,0xa4c56c230378113fe6df08706504e86504c2168e543ef50aef3bcb35f992d44e
BUY,0.002,40025,1745581578,Yes,0x8fdd60ce706645c8795db3a982ec53dc48704beab5a58ad60cfeccde1607ee71
BUY,0.002,40165,1745581248,Yes,0xef81566c326411585e4e398c479c2dd09d4f2ff49faad7171cffdd01df74eeff
BUY,0.002,40940,1745581130,Yes,0x50a31af3c74815d106f95db84aa70f0ef2a0d05e4d136942942a6feceedc6629
BUY,0.002,41385,1745580942,Yes,0xc70244374d0390ab449897cc533ed6ed542545282e2cce6f836edec3219507b0
BUY,0.999,1.131,1745580836,No,0x8fc715a9ccb16bfa87e06ff2592262827bd7acfefe8fe875a400ab7e5a0e9625
BUY,0.002,39565,1745580832,Yes,0x138840da9ef1af378ba0706b579c44149879ce557a97e20081f30fb7246b03dc
BUY,0.002,39675,1745580674,Yes,0x045633ef42bcd0ff46d54cb755b90619f70309cb7c39bad7765382a0063c6f84
BUY,0.002,40865,1745580494,Yes,0x9b7c889a0891b7571d8d27c68252b240bafc80b542e6ffb170c832fda23b9498
BUY,0.002,41640,1745580316,Yes,0x1058780006642da5279a9d0cd6a7674e1d731930869e561638a5f9959f8a14e8
BUY,0.002,39065,1745580204,Yes,0x4a4a8b0f582ec868a3e6f3f4f1eee48ebae5d8149e8e7c2518d075f0acabb5ae
BUY,0.002,40510,1745580042,Yes,0xef57306e5b878bee0a466a8bc15d0a96944f0f2faa7f819a70553051ef08febb
BUY,0.002,39480,1745579688,Yes,0xee4af7a4a247c612f9c590dbaa89dd24926efb37409e8d95315e3881be2c8d3a
BUY,0.002,42280,1745579484,Yes,0x5d23cc064cef2893dc7274ee02116a4529e9bdb71f93d2a308840e47d4883eab
BUY,0.002,40955,1745579296,Yes,0x60143a9842930b93706090a1aa682d1bc290a6e47918db324bf95726dd06f6b5
BUY,0.002,41000,1745579116,Yes,0x4c388e6458520507909b75d5d42dbf1bc282d84699f03fb07573dae89c9d4022
BUY,0.002,39765,1745578998,Yes,0xe618585d75300501a8c5281a947fd0413c63d85394fa7d4739d86956e70eaa69
BUY,0.002,41720,1745578876,Yes,0x6da01a56aa3871867c8deb44d23d1306ed08f0434c59e9d7471128ad954ae1c3
BUY,0.002,39290,1745578768,Yes,0xd1b36a27489c4217d463d2e8073dc9f79a480346ea50cd606a0ba81e53259c8c
BUY,0.002,41950,1745578664,Yes,0x076600ac8b68f44cae459962af8bf2c6e4924d2ee992ff387b8afe98842e8f6e
BUY,0.002,38895,1745578500,Yes,0xa073f16e615d1494954dbf5e989360b6ed16720416a72bd81881e6a04d329055
BUY,0.002,41915,1745578312,Yes,0xdf837108877de60fa0a6a1bc91083116640339a37cdb09795fb31a130c44677d
BUY,0.002,39400,1745578170,Yes,0x33d7603eed8bc01aab2cfa1a54f27353d35e97ce92978440e44726cabdc49440
BUY,0.002,40790,1745577950,Yes,0x27987fe8f86b52adb71e7d17a1d4a43a53a89c33ccc35f0ea052a10ca1758bbd
SELL,0.001,9,1745577890,Yes,0x4c31521948ac94f433153ae4d35a25f17f2896f28ad8a6a6ebe0b9dbce313a02
SELL,0.998,9,1745577882,No,0xe9e07547c5e2831c716049c389539b2222a5b8a483f65536659a88dcb495fe37
BUY,0.002,42205,1745577782,Yes,0x1937f89a54a88e74c301d9c315b580c10077154fbb587b924bd67ed4529dfb19
BUY,0.002,41680,1745577612,Yes,0x2dc9ad04d50032ba8d14ad9925be9c375ba3a737168f46b7c9644ff65ee85a4e
BUY,0.999,1.121,1745577568,No,0xee828bb2a7ed548a87ffc93c12a731295f121161c937f085c8e5d1aa3a1ba3ed
BUY,0.002,38955,1745577512,Yes,0x30f48d6b817bd0cb95ab87fce05884c1b8489e359ee9df64e5892ead3b3d2e3b
SELL,0.001,19081.37,1745577474,Yes,0x302e7fe2c0115c7318d0ebf7486db34866a708b8192377dd9b8c4c2dc67b12c5
BUY,0.002,39630,1745577320,Yes,0x4186b9dad2f08918bf3269616748be304571fdabd8e369f6125b6577de92342b
BUY,0.002,39930,1745577216,Yes,0x92dda554ba2d2b0a2f3a6a6cc4b56785e780a62759d1582a2748470b24b5f5b4
BUY,0.002,41505,1745576958,Yes,0x3cb8bbac0093335c439702b400bb698c7531761ad322f4b152766103c7637c89
BUY,0.002,41760,1745576784,Yes,0x2a78abe1776f013d82102bdf868dda8b1a1e72b496c6de65b1a68da31b2a74ff
BUY,0.002,39275,1745576632,Yes,0x059942981db35937356cd2ff1bc14efe5253bb1fd075bbbc279fe45459e2a5ca
BUY,0.002,39240,1745576440,Yes,0x481c2319dd7425946ff51d0dcf47a968b9bfaf40a7dc4a4754d1eb3f985679c2
BUY,0.002,39965,1745576276,Yes,0x60a15468d33e4409ddd8691e6216355a7caf208fe4fdb69c175065e43ecdd2fe
BUY,0.002,42305,1745576042,Yes,0x82947d7cc8534b89e8d90b9e39568eb3c639e9cce38b8e2438ce8b535e12eb3a
BUY,0.002,41325,1745575792,Yes,0xef97bd175afc32c6ecf311860b6d39869382b81a16a96cfad6ccdbf9fd06f60d
BUY,0.002,42280,1745575658,Yes,0x5d8bb7a666e44d700e0a458fd8e32a84a277ab0e76048e891fdb4a238a3d8046
BUY,0.999,31,1745575638,No,0xab261c2a75981e617b7109a595e10c9c13ef0ac042c01b2495381057afe3179b
BUY,0.002,38320,1745575550,Yes,0x2b694aa44ff662478d8c059f435b3867747f5947c6649ed666b33b11da237bac
BUY,0.002,40685,1745575440,Yes,0x4d07a07122a2acacfbc0a3963de5be2168e371e355887981adcae0909bf5f800
BUY,0.002,41980,1745575258,Yes,0x1053a1ef3dcec59f0bf15c0b4aca9855ad69f978739f227953faa01d6b72a5bc
BUY,0.002,39830,1745575084,Yes,0x84937e2f2d8d51f07cf3ce612dbea394d4bf82a0173a841a618866837c86e9a6
BUY,0.999,1.171,1745575040,No,0x7809555af9f71d2fca2d96480adbed4bf3390d421d82a409f9992a28d970e2b1
BUY,0.002,41410,1745574894,Yes,0x6230315c239f169d21162e9755d32d58318159406c97751e5747298ed7abee60
BUY,0.002,42015,1745574712,Yes,0x998e6d99d30b2b91c5f3f51f3a716d4e0b605ccbe21b99c83f5fef42490c37e4
BUY,0.002,39870,1745574590,Yes,0xf3eea2c4e4e57b9650694b9c76b464ba40acb4895168a89519b9838e64dcce6e
BUY,0.002,41135,1745574482,Yes,0x2bc3d85427bc0557328d99be099bd5fd1558fc9f61e95a2eccd45e2c3dcc31ab
BUY,0.002,40750,1745574382,Yes,0xad921421f63ee27920885c4887f0f21b5b6dada8095daec8869747d729cce919
BUY,0.002,41495,1745574254,Yes,0xe8f45357c4078af092cc2add94cf76fd5ecd9b4f1326a9396bdedf466254ac3b
BUY,0.002,38980,1745574056,Yes,0xa79cc384b4f5ce02532659cca517036427a4bb5dfaaf1a665a11bcf45491284c
BUY,0.002,39450,1745573926,Yes,0x58d0da5e6b0328cf97286ecbb4377abddf3ff961943490edf8175df403a9a0d7
BUY,0.002,41895,1745573802,Yes,0x036105fc01bd8815eeabca91297652381d7228fc08e0148262f998bdcdc8a8c2
BUY,0.999,7.007,1745573596,No,0x57786a71e0fc62c78d86a9e89c31fc0db5077a2f6b04f5392d7fb7eaf1846681
BUY,0.002,40105,1745573570,Yes,0xbfcbc97cbe7ba880019336d4473c24d85a3aed395ff8815bdb0ce9a81e8d2549
BUY,0.002,39045,1745573408,Yes,0x4bd5a778d5c2b67022de21d607979ebde2fe50d5e4f9a1e7b59b5bc11ae3e87e
BUY,0.002,42205,1745573252,Yes,0x1ce38061f06d7384c5f106b6531e1e9dbb85293b4630f129e32a9b3fd5bb0e0c
BUY,0.002,42175,1745573140,Yes,0x820ab68f03b618243180e6bf26f39f2790d93e376f79da8614d44551ed63c485
BUY,0.002,40580,1745572874,Yes,0xdf0ee2b65599efd589e96adc4290f24ed21221fb06aeae5347eb3b1317611096
BUY,0.002,40995,1745572772,Yes,0xaafc3fc727f14a2ccf89de1a3ce6a792eb34558426b71c45ae59fce14408a0f7
BUY,0.002,39160,1745572582,Yes,0x8ed872dc973506656e5435344277f1d228112d2523c448e12d3c6ae2f9acba61
BUY,0.002,41730,1745572360,Yes,0x7b15cdbb3f6ca05ba24514809bc2095070e0621803469673d337a7e1cade5740
BUY,0.002,41275,1745572266,Yes,0xd5695e567801e6dd9b6f6578972ce85f4d43ceded8664f158c2ebb3c59e7eaf6
BUY,0.002,39115,1745572136,Yes,0x8abcf38eda1f061d487603ae93fb826e31c06fd41061d653513cde6b2bebe61d
BUY,0.002,40395,1745571968,Yes,0x60424a51069e2f7dedabdefd984f403a24205f5e0b041845e430b065a2ff6fc5
BUY,0.002,39105,1745571872,Yes,0xd23a6358c352ba8d67f583aecf8255fa8aaad12fd94d568871f0d11b43e9a4e9
BUY,0.002,39295,1745571768,Yes,0xf7dfa2e8e6e801ee04a4bc1a8b3032c088fde481f28a49b5717d2d9eeda6f3df
BUY,0.002,42265,1745571564,Yes,0x5af731339bb5c1738ca6aae9964cf14aa54a2fdbfc791fc899a565bc28b8c113
BUY,0.002,39335,1745571416,Yes,0x3e063e77ef6ee540d1e31ef837b0c5737204d72ef4917cd361e829698f77c2d0
BUY,0.002,39860,1745571188,Yes,0xe9cac8b397db48e0eea22549cc22dfab9cff1fa55da2cee3d989ca5c8b86efd0
BUY,0.002,40875,1745571032,Yes,0xc38ebd73f8fda963ffc11d0360373d827c643d346b82e0c46509a3a4afdcaed3
BUY,0.002,38975,1745570858,Yes,0xb2f8a860e9026d507d02846d8552a664e57b3d320e4a1abe24d61b59db17d554
BUY,0.002,40140,1745570590,Yes,0x6a04faabd634c0e131b1238b31ec2d84d05cb9ce6049ae9c0736442b7147ac16
BUY,0.002,40520,1745570348,Yes,0x80290cc157ced2f90a41b4bac6e3e5bd00162ae280fd5bc7cb913b04a6ed12fd
BUY,0.999,35,1745570322,No,0xa90a0d00abc3a201d0528cdf327b3b2409017dd7bcd5a85663205183b03791e8
BUY,0.002,38950,1745570076,Yes,0x5f25b64d55ee7eb8cda64cb14f3888a50ebed65d5430e708eb4f26a2416984b8
BUY,0.002,39545,1745569882,Yes,0x1efae7c5d747a8853af1dbaf93ebdb09b982d516853cea2c149bbfbb806b600d
BUY,0.002,40160,1745569670,Yes,0x4eb71ce94b7dbe812fe1d22cc61a1aa5463d10f9586fd8e3d30d4f2d1b90404b
BUY,0.002,40595,1745569534,Yes,0xed98ff050e1a56ce4f9597da10a8e221aa528c77c19018a6e86027066109f627
BUY,0.002,40735,1745569396,Yes,0xfee6fe5e54a383b541cfd6e2718c5e8126527f59b6e79c7a83de7ce2a0f03e0a
SELL,0.998,271.27,1745569388,No,0x6c9bf264914ba2d10ca807032f2682301bc4299cbdaf6d7d54a687540bbb2cdb
BUY,0.999,155.155,1745569376,No,0xd049dbdea3fb592b155f92c81ce10d2593b637e5d5a30a550c046f5e3df69b0e
BUY,0.999,116.116,1745569364,No,0xca73fbdeef25165039ad030f603fa9a4cea5090e997865bb7037389c3581b9ce
BUY,0.999,1.171,1745569244,No,0x28970d8c1e12df1bfff47d92d6373efa8621d78f8d73c545a9e9f086720ed829
BUY,0.002,38445,1745569216,Yes,0xee50a67101c4f52b17dd6770ab29ae38498b51d6762a0568a115b4823cd4f706
BUY,0.002,39270,1745569106,Yes,0x973df449106b10ad241987cd1de8735c99b1ff21305d8d708f87dacce2ecd461
BUY,0.002,38915,1745568940,Yes,0x625f09fcba6125184678b40e8ab785968367679f6bbddabbe69db0c40e5dbe74
BUY,0.002,40430,1745568704,Yes,0xe33b0fcc24c2eca8c8816e374303c3915d85eed2165b13da4df9cb5110023108
BUY,0.002,35700,1745568412,Yes,0xb16c6410ae71bd6adb0f8dd21160306c5e2871409fd5cdeec19b8a6fd4dc2378
BUY,0.999,30,1745568214,No,0x97bb7c5ab580d18916b6651b791ae471e4bcdb12c836466b267a519e14f093ec
BUY,0.002,35170,1745568172,Yes,0x49f55ae581bb1b7c071617a120afaa0e64cbf711dd3c19783b79961fe316cd56
BUY,0.002,36970,1745568004,Yes,0x13b19e9ebbbedda910b9bb6f72d1a962a2a55e084122aec1d3b0623cd61725f6
SELL,0.998,260.26,1745567910,No,0x988c1b737b33ea6bbe52757f0c06dd8aa0dfd8b38be90267bec80c2ca2f51982
BUY,0.999,140.14,1745567902,No,0x3776c8de099886d2b6ff5cc541b18d9cfeba752892ffc3a8f8d49a4f256757ce
BUY,0.999,120.12,1745567890,No,0xd258a531ec63136b2c39ba85015c916e8a66d888123e9afa611df6d5331433ad
BUY,0.999,31.66,1745567884,No,0xa936490c47e53787d5408702f89c97adfa80cdbb7f6adaab8ac17ad4bfc664bc
BUY,0.002,39485,1745567870,Yes,0x277a1eb60ad5c1ab1ac294bfaf73a9bf267656167a10fd49da6f4358e7b55472
BUY,0.002,38640,1745567688,Yes,0xdac648be9fd281f49bc4759c0dae96093ba573f7d5c7a5bd825ee471172d2895
BUY,0.002,40875,1745567508,Yes,0x4c0710a68a32d2bf4ffb1789b53b494d1a60c1713614b643141ff20a018585de
BUY,0.002,38690,1745567338,Yes,0xf000c9cd01f54324804e1cadfef2c324eecbffa2c96bc1217e692859179ddf3c
BUY,0.002,41430,1745567194,Yes,0x676b973ba3f988ea924d8d8dd55e62a4add66caf2e39e3ef0c58412f2f29967c
BUY,0.002,40310,1745566982,Yes,0x83f734d4d464b072df3247dea697aa3d5d825807ce19088a62d3e10ca7fa5a2e
BUY,0.002,40135,1745566828,Yes,0xc6c49f0389aff2595dd9f0d915de6a01ec1f341d5607880d192ffd18af072dae
BUY,0.002,40830,1745566490,Yes,0xf7a8d1945ba6b588876c180e0d6f15bb2f9c59761ccccc73fa36c83be80145f3
BUY,0.002,40825,1745566396,Yes,0x1d9e85403191e48ace4f45e0996c703c01e73923b926735431b3cace2f6fa517
BUY,0.002,40960,1745566260,Yes,0x73bbc71ee7f82ba0f361d1c4bd72e4d32a25d9b8f96e69c7ac199590eb547994
BUY,0.002,41070,1745566138,Yes,0x5b14a9a7ae11a1f1c9bf3b1e3d28816574f9a6abeb911a542deacd9539bc40b5
BUY,0.002,33235,1745566022,Yes,0xef66028a8242f9f00bd2bcecfc4fcc405817ef3e245b41ac8ee1aeb904e1a25b
BUY,0.002,41315,1745565846,Yes,0x10ea7b54b074c6b518dad4f401a6539fc4f62682c2c8b9e5aa38c3d2134b326f
BUY,0.002,41890,1745565362,Yes,0x687a3ee351ec4a21d993c33d90a5ac0801cb7ad5bcfb644505958010dd736711
BUY,0.002,40915,1745565056,Yes,0x6f11c80814563f5c07aa9ff9fe1e6594d19686711fedadf65f70a0b47a2304cd
BUY,0.002,38530,1745564888,Yes,0x25e593882e61c61f4e5570b58321d31c2eb00238d20046a1a52c350d7d65b3d5
BUY,0.002,41225,1745564760,Yes,0x8b81b0110bfa3fbeb16b0166b180a593d7c441dd3f6874d10bb2fc480bb08ae3
BUY,0.002,38500,1745564588,Yes,0xf394f9716525328a468309bed9a50b2cd6c948d3d4ac8c71d2b45f7c85ded9d2
BUY,0.002,39100,1745564360,Yes,0xde3b9caa1a7d88776b28875f9df7fc87fec1dd8729974b29335abe81cc44e39d
BUY,0.999,1.251,1745564212,No,0x131861e970f741152898df9b2252a41c5f217431ad77c294259ae85181b0a5a8
BUY,0.002,39780,1745564202,Yes,0x3afeb6fa07a2f6d8ab41d34a3a604592d576befbffd628c3ba4162151164614b
BUY,0.002,38735,1745563918,Yes,0xccdd2a168956a5cd77457b4f00f0cb3731a877c2f7cfa1514f67aeeb6b04e65b
BUY,0.002,38935,1745563718,Yes,0x9ec239a265c19329c5d33f8a7246b6a63481bb4fa79d251337a011d3fac45d66
BUY,0.002,40810,1745563498,Yes,0x70b0c29c2ccce6a1c1d7c1b489c8c411f83edfa27e45b4a00126ff7c071c8a50
BUY,0.999,5.005,1745563086,No,0x3d8acb9360a599904a4185116fdd8698a3fbe8a9fbc621c2257c386dfcc50fed
BUY,0.999,1.141,1745558597,No,0xbfe78cc0ad1256d786e04941336f1937ddea3e264413817b66e7c366f7fe0f54
BUY,0.999,1.151,1745556260,No,0x7c6245d733f3c7d33cd2f82f879214461e9cbde163d821cd5228390868350be2
BUY,0.999,1.121,1745550917,No,0xc7d9362ab3140d678fb25881cdaf7aede3cb94fd119d9df9bdd620dfd5adcc2b
SELL,0.001,19,1745548043,Yes,0x2bfafcd42d1dbdee4e3b1cbf1d15db977b8bd3ed3c2293c9252b2058e252e57f
SELL,0.998,9.5,1745548037,No,0x901071d57332d904dfaa3e27740fa49ca8041bd06a0e96af42404acc949f6588
SELL,0.998,9.5,1745548029,No,0x0c0cc660fcfd35a37fc796bcbb4f7a46b2f077eedb0d7ca7cd03c72dec455863
SELL,0.001,327,1745547915,Yes,0x8a14cbfbeab588127f979083b0ba7794d7bfdfc2794ae64aca35dd8e13743848
SELL,0.998,184,1745547909,No,0x2760044aa27e8259d757c9796aad88481e195f1d0a24f452540d8d833352f63e
SELL,0.998,143,1745547835,No,0xfa59742c33ee816d715591d1fe8653130db5ef1223b359464e4acd212a81d0cb
SELL,0.998,225.22,1745547405,No,0xa8fbeab28ea97bfb9735de86315e135ef1ed25916d12fbcb94776df9944830ef
BUY,0.999,120.12,1745547397,No,0x41f0cf42278579c7129e9800fc21cb8f926ef0bf0d8c82625e7d40d0d50fd2f3
BUY,0.999,105.105,1745547395,No,0xe0d25527b3541527768e708f461526dc1d7728e75fce5b6bad7c5bb0938e6a7f
SELL,0.998,5.5,1745544692,No,0x1c212fcc6634f700e5b3faff48c7972def9bd83ca65842e59ad93fce6d1f7ace
SELL,0.998,5.5,1745544684,No,0x00e9470e835f8563d79c59ed4520b0d6e178132e8fc4760845147fa8a0cfc3dc
BUY,0.999,11.011,1745544678,No,0x39fd0693b23f77bfeeecad8734897a4ffa528d574e3dcc55e0cbff92c194d4c6
BUY,0.999,1.071,1745542940,No,0x79b5b59f13284a0647787bf4f050ea9533ebdb44973c2d9703b4d182cb1e5716
SELL,0.998,1.12,1745541252,No,0x25cc1663747bfd92824a57f5d3ed8768650e8ffdc83a7068392d5816e97de2ae
SELL,0.998,15.3,1745528116,No,0x26edb3a21b5eac03d7ad51b6c1654a7f39c8280370b6de3b1a832103d7908f58
BUY,0.002,39345,1745517940,Yes,0x13308356b1d1566bf5a310742389898f3885e4c89a550226114ec0b530a1d6dd
BUY,0.002,41330,1745516826,Yes,0x440ddcda8155aedabbe6bc9ba90607b2a930239f1f23ee6c43a06a3106af9f3e
BUY,0.002,42325,1745516510,Yes,0x714383bf3d8f5d7b0f6840e2f1cf47209d66cd27c178deecb8c61fedc50f493c
BUY,0.002,41165,1745516196,Yes,0x4490163f0063cab212b602da85e650c1689244a7a80fc8360ee221e87c96f7ac
BUY,0.002,40220,1745515712,Yes,0x5f12102d70e00b90f3675075fee9e118fc07e03813a1b36a16b3c263fb7a19d7
BUY,0.002,39270,1745515192,Yes,0xa1b2e48306faae8977245d2512f31ecf7e4477861607e002c46e23f78c87b00c
BUY,0.002,41575,1745514766,Yes,0xd4a7275a7c9f70f1f62db49c589a3dbde75644b1922ad182bf24ba4a1cfb7fed
BUY,0.002,40335,1745514634,Yes,0x37449e09d651144b20355d751ab0c3a4031839801b5c3bc9bd7c5b435d52a706
BUY,0.002,40345,1745514438,Yes,0x729958e3a70fe0a07d0e510af2f4deef705b1dd575068f5733781dd2e0896342
BUY,0.002,39980,1745514024,Yes,0x114627533a5bc0a64871462803fb0d812065733b0ff48182d2d9435c74ca775c
BUY,0.002,41765,1745513710,Yes,0x8eabed36d87beedc319772d95429400ca81b6b69d005d4cf7b4be8c8ed8a31fb
BUY,0.002,40490,1745513218,Yes,0xa5c9cb3c086b4a69d10b25385d5706fa17ae4193bcbbc0f6d2f485879f007d5e
BUY,0.002,40230,1745513022,Yes,0xf89e20742f74e77e430e1425ebdb8c645f1f2cb80fb264c0ae8db5a6eae11d9d
BUY,0.002,39905,1745512810,Yes,0xc7ecb0022afc5b33cc8f59ce1bd7ed9ccb7de2d18ab51d2184d6d49759a69263
BUY,0.002,41795,1745512502,Yes,0x1a048e594c4ee39203e8b540713466f4053309a1cbab2156d17b3d7b92f8193b
BUY,0.002,42370,1745512352,Yes,0xacaaf0a027da6778bba94bcbf80e45964a7cf3e7928fb418514cc804e628c0d4
BUY,0.002,40095,1745512254,Yes,0x054049df2dd2a848cce36398b0baade9863263f778c18e06d3a91897e255e78f
BUY,0.002,39080,1745512036,Yes,0xb1e3fb3f4a4f28e34d09040ee459d8c005f91da6cd4f01cd7b2dbc197725ef75
BUY,0.002,42310,1745511754,Yes,0x65ec646cb531bacad2886802baf5537b4da644a24bd45dd69a5004aeeb632141
BUY,0.002,39535,1745511548,Yes,0x7c88c1b179969dfacaac283c1747ecb66b23714482780992ebff0175ec7e1143
BUY,0.002,40195,1745511230,Yes,0x69c33d9d6ddd38d3c50c1c03a034c97b93bd9a8ce9e3949cc7a0587c6374081d
BUY,0.002,39750,1745511096,Yes,0xa94352c2430adcd99833a0de41f56dabf11b8a5cf10d1ebf01c56b2f7f768433
BUY,0.002,42095,1745510946,Yes,0x2c65fdfa439b9c01a1673acf36a35dbafe4e792b11694f212ea30da44cec56a4
BUY,0.002,33890,1745510788,Yes,0x974fd9d26308eb84861bf4666bb7f6fe2313dd0bb8171282316daa18e89bb617
BUY,0.002,41110,1745510506,Yes,0xc46fc590f9355e3870aea7027a33a288b9bb09b864e8e5db7d6d9102b4291469
BUY,0.002,40030,1745510282,Yes,0x4c0bd21562a2ef4097d5b0e8f12effe5c1db8142e881ffa24ba3f2d2770e2e56
BUY,0.002,40795,1745510104,Yes,0x2b7e90dced27a4a865273eec12c5f4c08781b21b9b07e747046f0c86c0842b76
BUY,0.002,39765,1745509966,Yes,0x5ab783acfc2e0c135c3e5b8f54842a2cb899e7b3d3ecd5f6b9c05817a4397804
BUY,0.999,21.421,1745509886,No,0xc6822c0974bd18c565ff093cefbfefe60cd3fa100706fc15baaee3ff81ec06e0
BUY,0.002,42040,1745509824,Yes,0xb9aaa3cc3e4f2baec2d2952ef17b5d7a797097262075b95dbe0528425f8c74df
BUY,0.002,40275,1745509546,Yes,0x9f129a9edfef917f02c10856bc9558cb3593bd7314b9da746ecd7ee07eb0c2ba
BUY,0.002,40340,1745509310,Yes,0xafef6f24a10164d742220928f701712aaec7292b1702d129ea9cb872cb07442c
BUY,0.002,41320,1745509176,Yes,0xf597d8d3bc214c00dbfd3c1cbd2b9e6b75d188cc0571c82a472ee68eea8db064
BUY,0.002,42155,1745509042,Yes,0x25ed7791ee51a271ed40efe29b4b482a732bce1a3de399dee50f83316157ae62
BUY,0.002,41740,1745508832,Yes,0x8ae3541c58dde87e44f13b191478a3ab570fc32044403515c23becc3ba73bf6c
BUY,0.002,39570,1745508636,Yes,0x70ae35d86c9045f0ee052100f67eb0c8ba90534bd8c67c4fe79407099c9989ef
BUY,0.002,39155,1745508510,Yes,0xeee7fc8501c4e8ae9b08d89800350cd8b227b408823f52b0cb1137947621d9af
BUY,0.002,40325,1745508278,Yes,0xf2c94f30aadc4d3b8a53bb508fe686c77449ae7e04694b67f46313d7a92b8b69
BUY,0.002,41760,1745508172,Yes,0xfe435c23b66df0386e5ec87bfd985daf981088648b602a6902ac77a80f4c0822
BUY,0.002,41435,1745507860,Yes,0x09437f90b00875b84f6045d04d84b5321aba66607c42df384196dd82cc6f9fe8
BUY,0.002,41510,1745507644,Yes,0x79ffe97bd21ae437f746026bf73b9b607b7b66f0b34511327fdbbbfe0b48fe9d
BUY,0.002,39045,1745507512,Yes,0x5534b0bbb9ac91fdca632c746212c76b743e0fdd665acfbda1e3dbba33bba60d
BUY,0.002,39190,1745507356,Yes,0x0f4cdfbed39251c15f8321dbf79c59ad7e81bf29f1cf94411a9d1d2a2635cf79
BUY,0.002,40885,1745506772,Yes,0x8d9e626cd4edba68bbdd76f4a025716c0816e5b1583da3d145b102cf113adbae
BUY,0.002,40100,1745506578,Yes,0xb4fadf8d752f6c85c1384912636e14c5808c0f15697facfc1ddf4ccc879fa871
BUY,0.002,40220,1745506478,Yes,0x5caade6f2b489dd6603aff24f1eda894ee3b0f9d5edb7e86964e18eda4b4bc49
BUY,0.002,40820,1745506386,Yes,0xfaa61231acbac90f037ddc160ec76f163393f95132d809c02cc266d0f642a361
BUY,0.002,40220,1745505962,Yes,0x7f43a637e46b04725a0c176a018ab8cebaff74bf56541ee7fe247aa17258dd66
BUY,0.002,39375,1745505813,Yes,0x236f04f88e07026ae73c4d14b90ed3407bfe47cd96855f740979ca666da8e159
BUY,0.002,41045,1745505663,Yes,0xdcedc3afa809d631719a68ca535ef7e498158e28bcc56483c48b9f0592ba83fb
BUY,0.002,39110,1745505543,Yes,0x51cf9b560d2df2572264e6a73d5e636c180e7cc6ef174e5848108a2fedb6624f
BUY,0.002,40095,1745505363,Yes,0xc075684f85eb0269e547f338f77acc3bdb56b4c91ba5e0f0f8e21acf15bf55e9
BUY,0.002,41375,1745505101,Yes,0x5382bd73bca4d363a85afc5b8d481ddc120e7571276a79a3367c9a51e8e222d1
BUY,0.002,39915,1745504991,Yes,0xaf9ffc7f378206a6415261ef02e7f8e1ec795ac771c96ade20bd466b3c0aea15
BUY,0.002,39510,1745504855,Yes,0x0c4d585161ece55bc4a5366eec547f39048369df0a482b246609337b1033f492
BUY,0.002,40465,1745504701,Yes,0x9a94c746cfe922affce54d1c8a946e488291ae08f883fb0baef302d39fa300ae
BUY,0.002,40590,1745504563,Yes,0x7ab33bf911d4657a7c0ca5113eca058062c5fbbedc6ecfbfc9d1a06f51f64546
BUY,0.002,39570,1745504385,Yes,0xc915f20f545eb7043f3647a4df37b4dd167c726273a1b680d8cf8dc5486fee3c
BUY,0.002,42460,1745504205,Yes,0x6327aa4502452b5fe9205928d1da9ec6c761fba0f01de3d7761e55a0f3a056d6
BUY,0.002,41750,1745504073,Yes,0x9f9417d3d47a65a8da87f6418c8bf1b191ae915d65b8e3a4db5b1c7f61c89828
BUY,0.002,39725,1745503861,Yes,0xe71f3d7d9f29ee6e440d8f19eda60ccaf79a1f52efa5c1e3bcf7221eea9af785
BUY,0.002,42420,1745503703,Yes,0x217942d5c042d147d84b70fac4686de48b752acf93ac154ded3345f1472e2489
BUY,0.002,41060,1745503569,Yes,0xbbfb5f64eb6207a0ad095c37aa7d86e10c09855ec5158602db1aba29249e2e55
BUY,0.002,39320,1745503387,Yes,0x642921106246412c3af922132eb45a2d317d639d909cd198a35babe27280c438
BUY,0.002,41070,1745503197,Yes,0x9d6480df2c8d8768c43ee78e00f81923fe48f632912e94dfc07667bf82de68b2
BUY,0.002,42490,1745503071,Yes,0xe52f24e8931435046d5405b2baddf8042ef7dcb1e04d4c3fbef784e76428f033
BUY,0.002,40700,1745502883,Yes,0x4e643530705b1c14573be32b291096adace63dcaf971bc371d7696801e394adc
BUY,0.002,39695,1745502777,Yes,0xc79eceeaa6bf09a858ff6ea6b83fc9be9a4b45711ffaa7a4576de565e5434c13
BUY,0.002,37780,1745502593,Yes,0xe23f15adc86e0b01090b09df6f6f62490dde8468632e98b4ad93a762ec060e54
BUY,0.002,42195,1745502497,Yes,0x79e73925312d8ed8c4da1bceb3baf8f58b4060589b86466145e52d4f24f7a39d
BUY,0.002,39750,1745502325,Yes,0x307ce5beddc528d55bc47ecef51a0dbe12c454b7683dfadcfc7d1e2eb4fb954d
BUY,0.002,42240,1745501877,Yes,0x7943f3804d43bfb020bd4d014fc006497b9b0ea661208bf72fedbb9cf4870b34
BUY,0.002,41675,1745501619,Yes,0xf8a9f623c7716352d0748940fca85532849f551efdb2a2173b033d678b977fdb
BUY,0.002,40425,1745501241,Yes,0xc476a03fb7d31bff9143c1a2f56fdf100365d025093e4563ece8fc0af3ee0eaa
BUY,0.002,35505,1745501061,Yes,0xef458e0e500311a786255187a4d11670cda9656ae4437d41e8e7684e57be892d
BUY,0.002,40990,1745500953,Yes,0x8b390d75b423a088de4b2501960f5053400379bc4546274a62fc16542e9f0fa9
BUY,0.002,39715,1745500705,Yes,0x8ea6ad1d51cdd87dba1776c325952382bfabf6b5b615f27eb19ac02c5a3d3105
BUY,0.002,41450,1745500355,Yes,0xa9e11f0150a19a89d52b108d2fd6ef1d5a682324c3cc69ce76c0bfd09935433b
BUY,0.002,41090,1745500155,Yes,0xc528c31f8b88ea11f7be8a440dc496e2ed995466ddfbeda0ab630ecce2c86aa6
BUY,0.002,39625,1745499939,Yes,0x616d47741431bc405a365a49fa74e228e4cbfe9bad1eb61056e34b7340042cc4
BUY,0.002,40350,1745499791,Yes,0xe306ffa889e33c14944120dcf446a8cc6a3106951258ec2c9ebf96ab53fd9194
BUY,0.002,39395,1745499697,Yes,0x0d839b58ce3e441eb3ffd79c1d3b516c6909cc1cee9f3e6883b4a9324a1bc793
BUY,0.002,39350,1745499601,Yes,0x0dde78bba94ff4500ac3d5465ca74af7c47279062738ad12571e38f6d9110388
BUY,0.002,42205,1745499373,Yes,0xbe0fd25ac6ff78df6c4794913f4089b7b802ac695169fb8ab25285ea36d742e0
BUY,0.002,37220,1745499203,Yes,0xf5755b94eb211e882f12e00e6a5e03eea122f65e2d16c73528c4721ac82f96a4
BUY,0.002,36310,1745499073,Yes,0x429a75429f3cc3cde3e37b424317231846300a069aa2c81d4bc73147b7e2c472
BUY,0.002,38605,1745498923,Yes,0xd3891c9306aa65b305a791dde67f5ba63f7d3ce9155c4c97c350d46d2dc99747
BUY,0.002,36335,1745498675,Yes,0x790e3fbd95a114f73b82df357335a6eee46f7c243b37c20963b7cf184c214759
BUY,0.002,35810,1745498503,Yes,0x3bb2eac5d58e599206fc3fcb808ca77acb70fdbe6376f65af7f94d7c8159fc02
SELL,0.998,240,1745498487,No,0x9db4baa2a22ea81257109df653ca6e65a5f679b69803864569a140b21d6cf7db
SELL,0.001,240,1745498483,Yes,0x88f18c575a4069aaefad27f111d8f9bbbc81c215beaaa89f64d7de884f387ce2
BUY,0.002,37240,1745498217,Yes,0xfbdeccbc0af9687e9028e9c3905e54c9c0f1d62e7b77e9b420d8dc04b1c1da31
BUY,0.002,36575,1745498109,Yes,0x626dd5c45f7526bb53d255421757bedfd846a3c91881e9ab670dcb72060764f8
BUY,0.002,37970,1745497979,Yes,0x490bf879d4a672038c06be34a9c63ca8aacc6c33177fc5ba2693abf9f128e8de
SELL,0.998,53,1745497839,No,0x9620742c334266ebf1e43ae29099a2ef4dfa8ad1160482ac10e4d9682e68b889
BUY,0.002,38535,1745497789,Yes,0x8093f1f546a4122c65559d8f1b1559a379b70faa0d3c130292b843fbaf014037
SELL,0.998,305.3,1745497757,No,0xc7b8c7da5a7a94bd6f20ba0f16c3fb84a936fab27bdafdbc229732d2bf5e0ae5
BUY,0.999,160.16,1745497751,No,0x3abb3157de70ada3252fd5970b813ac72fd363a2d1d5ba52d8bd04d5651b64c2
BUY,0.999,145.145,1745497741,No,0x2024d4121401dcb60dbd76d27ca75ce1682b409974e41d7bdc34cd5a8e13681f
BUY,0.002,36990,1745497675,Yes,0x4ab07bfa9d0edccfe44fbb5576d0ae6bd172d909f23c54c11dc890ea81672973
BUY,0.002,36305,1745497539,Yes,0xc62299d3db4b84bca8c86ab1aa6b2e9a8b020fedf763e1250d04949819da895b
SELL,0.998,180.18,1745497439,No,0xa344541770c33d7aafe1729d49f9063920b7185ca2a31a7bdb1e4651aa697099
SELL,0.998,60.06,1745497431,No,0x78416941a75eee5f479bccfb6e559e611fd80aff5401185d5d8b0ee75551c330
BUY,0.002,37240,1745497425,Yes,0x606eb1cf48db325576bb0caeb9617ff0f06fde28eb41ab5f3af32661ef0ea84c
BUY,0.999,240.24,1745497421,No,0x809fee9fc8bdeeca9cb178b6d6b6f22e60c40f88c11b5b9db3d5dcac1f84bc0c
BUY,0.002,37900,1745497171,Yes,0xaea2b09ac93d70eb4dadd0cd6f5e6031d5cc752be279a787fdd2953e13668bb7
BUY,0.002,38890,1745496997,Yes,0x648742d4d2e88f27b9e08cb688ca75eca7ed1f7f2e21e286c5616bc22bfcf875
BUY,0.002,37975,1745496877,Yes,0xfdfd695076633244c74830249ddaa462970f581b898152f84193ed4d808a32fc
BUY,0.002,37910,1745496783,Yes,0x65188b510888f3729f483e46bbca5951abc61a959e032a8fd4e13fa84fa3085a
BUY,0.002,38500,1745496595,Yes,0xfd069258044345750099a99c97f9f9c70f5ad004ce11e1f71dee3ed6e7e4e3b1
BUY,0.002,38345,1745496451,Yes,0xa9ebd4ae57d66a0cacd5a9601e4cb7d355d5f8173d4322a6e1dde4765c96277f
BUY,0.002,39485,1745496273,Yes,0xa4af97626929cb8d7b30ff80c92c4705e5f9b888f2604fa9242579ce47cf39b1
BUY,0.002,37540,1745496129,Yes,0xe034c45c4daa9a44543c5c815a714ee98a0ce7952792d8ed314ec802b1864109
BUY,0.002,37020,1745495983,Yes,0x070b100a53015b99d57bb1e388a9cf56d641e690fb6282ab3e5ffe9bb987d19f
BUY,0.002,36935,1745495845,Yes,0xc6d5dfc503c5b4279b543225faf0c7edb93467a70be0657e9e14c74753043898
BUY,0.002,38805,1745495571,Yes,0x6435147da9efc9f332a45c6d493bafdd0c18607aa6aee8b8f267812fe3f0af74
BUY,0.002,37435,1745495433,Yes,0x698b238b62095b911adc6f19899fe9c065cf6e46fc22040862ddcc4f4fe7e52e
BUY,0.002,36955,1745495259,Yes,0x950f9c8874207fb75e9279ebe33f40c483b8a7396bcb865558c5a00287a32d08
BUY,0.002,37085,1745495097,Yes,0x73b9aed0c8ae0d26ec4b2a6921c3d983515829534ade7f4c13315a451b038cfc
BUY,0.002,36615,1745494967,Yes,0xadcbca4240038ea11ee8c24ee1941b07a548af276146bec51b045b7c9d4bc5df
BUY,0.002,38785,1745494819,Yes,0xc39a6791ecd57e3051b7feed20e5ce64830a15d3b8ba8cecc02c7e15dc02702b
BUY,0.002,36815,1745494671,Yes,0x43d16ad405dca288cffba94135c457f27cd95d094952e8cc114ed74d64c0a17b
BUY,0.002,37355,1745494557,Yes,0x9c77a0a54be7708eb600e42586d242f05c5404f2139795b44a2d1c4c8cd68ea2
BUY,0.002,37830,1745494381,Yes,0xae19dad64bfdae6200b542bb2fc7e109bfd8038465af666258eff64805a913ff
BUY,0.002,38315,1745494233,Yes,0xfe468cc0d1b839848b62698fc5b8e448c74db2908fb3b81d759f59d12b563bbf
BUY,0.002,37565,1745494079,Yes,0x8d61827ba1619e07da67817436b208bbdb75863076248d8d61afea5d1e05bc4b
BUY,0.002,38205,1745493923,Yes,0xb85bd3d1605c03efee57e308081f1e1b49f1fa73a4837cb4d3658ddb7b364071
BUY,0.002,38880,1745493819,Yes,0x335fb6ff8adb79ef353e3bf748f8dd9b481dd8a879ab6db33751ae0acdf385b7
BUY,0.002,33895,1745493719,Yes,0x80b62a4f32c5d52cac57e53db2439f616ff53ccc6bfd2366e27186b9d6e6dd85
SELL,0.002,100,1745493713,Yes,0xc642c50e44522b934f372f693aa68f6e9ae0b7b18a6127024ac70099b3c1d634
SELL,0.993,30.01,1745493609,No,0xaacf2176a4315c1cfc875c4d5161226db8d2b7113beebca9efa277bea00c6459
BUY,0.003909208629578049,2558.0625,1745493597,Yes,0x4b5b27dab5947ffc2380c3c40e4e3072ac47cb3ccb21703bad21939b2e349046
BUY,0.002,40655,1745493583,Yes,0x6d9e34f8bf4298a592f1809dcb484344c6625fe13132639482176ecf8d66a3ac
BUY,0.002,38145,1745493445,Yes,0x8087c4b7903852581d794b7a0b238f015de184e15b1feeee637c14569bff906d
BUY,0.002,40535,1745493327,Yes,0xa0d9b4ae0ec2395679f2cb627949051c77b2130555c0f0ebe8f88a893801e793
BUY,0.002,39180,1745493141,Yes,0x13b53b565f39461142e2ae1df960000cfce01b676e2e2acfe36b19e8bec27aed
BUY,0.002,39315,1745493043,Yes,0x337565f63ff4834c8ebeb3b0b5c205ebc0da31da70ecb51a0c1be1cff3915d64
BUY,0.002,38155,1745492827,Yes,0x3bae84d4511b10fbe9304b8a16561c40973c651594cebbb940816441cbcb55bd
BUY,0.002,39015,1745492707,Yes,0xbc540c6f1557b7e0d8ab26bed3718b6ce058e12fa56e3563bd86915e92af7c04
BUY,0.002,38105,1745492548,Yes,0xebd9e9cc4a4b8d3663d18fcaec56b3c1d7e84fe266cf9a0709cfe78fef2e6a98
BUY,0.002,39455,1745492380,Yes,0xd59b628515d50a713890852bbd06e9aa4d91f634511e83a46a586d16dc8d43d5
BUY,0.002,37150,1745492242,Yes,0x7e43cacd068456236e3fb3d488151615509a0679abbf12d5fdd624b51571c667
BUY,0.002,38900,1745492104,Yes,0x533d083759e2b8225464eeaa7ba246ba28e445041bd6c48af862ae6117c219dc
BUY,0.002,38955,1745491928,Yes,0x9b7ea68aed07720c9a5d39cbe475c48e087887d39c40879861b676d3de64ec30
BUY,0.002,40245,1745491798,Yes,0x4c369ccdf0707990a5893e8f36b76f0518ccecad4474969010f50cc253e717d8
BUY,0.002,37845,1745491658,Yes,0x7250ef4e6085774654a56eaeb086478cab68c74355e48b3c33727f4c5cd1b6f3
BUY,0.002,38920,1745491488,Yes,0xfb73b7a28ece7153a8ee01498def8f9c6046ff3357c4465614ab92feb9a3f10f
BUY,0.002,37720,1745491320,Yes,0xd4ef2c7ea4cd8ab431b79030d4afacba0ac1fa950d4296847b99759c37abbbbe
BUY,0.002,39775,1745491162,Yes,0x621a1ee178fa806baa1ae7696c98cdf69768af8808acb048ca8193d62aa915ad
BUY,0.002,38705,1745491060,Yes,0xd7dd8ae5fe1658a090eb61420dd434a8e47e63b75c763c8f43d2e8e338ce18e3
BUY,0.002,38310,1745490950,Yes,0x6bb8b3aad7a0c1059c34540082efbd33319e1368010b81451ade966b2c044d30
BUY,0.002,39560,1745490780,Yes,0x41a159be58b7e80521328bcd5b011063a5eff38e99fb4bb8a6d3780f554aa950
BUY,0.002,39335,1745490644,Yes,0x36bae76567cc3321e2f7c2f3a9302733aea667c55f4eb346e485262f5e1f4732
BUY,0.002,39020,1745490538,Yes,0x537e3335da58f904d6e0863b4d44a491ba9e4fee8d77fd91b1fc29cb4b1f7ac8
BUY,0.002,39260,1745490428,Yes,0x476944ed2ed96c820edec1a9de865ebf76dc4357a9346c04fb02bbe09b168acc
SELL,0.998,1.1400000000000001,1745490420,No,0x7cb66723d232b93e84b661c6e889ebc6b76e988652c75fb57d589e5463c2d396
BUY,0.002,39440,1745490262,Yes,0x7086307b688aa18e3afaf4bc16570530249058b9378f1969eb37b07f81497f4a
BUY,0.002,38590,1745490100,Yes,0xde7e1a1ef3fb35660f3fec986847fa97f54b5c897ba94737a94e4c6649e05ffe
BUY,0.002,39035,1745489946,Yes,0x78fe25fa8d0f0f53eb4d1915de20392895e9ea98c17ed0d66697c8153aaf1eb9
BUY,0.002,38095,1745489702,Yes,0x1f1c14ab94f7f7986d44e24009b356ef5567c025b282d4e956eb4c5175ada7dd
BUY,0.002,37910,1745489540,Yes,0xb3ed081c86abfc79e3e6a55ea9e04fede3975d28ad41f0a147d084bb3c470d63
BUY,0.002,38870,1745489378,Yes,0x62f925e6f0f536f6237bfc3620ed4020d9711bfc40d4f4ed2af984342d8fcf21
BUY,0.002,38445,1745489212,Yes,0xdd4bbe65d44fb1c5f6bf890e856470d1d5362ea272288048054d9be65c19eaab
BUY,0.002,40150,1745489060,Yes,0xee25c9e6a027483c4119cfb6762f77850fabd1eefa0dd9e30d944eecc99e1f6b
BUY,0.002,38770,1745488896,Yes,0x0928012eb547865b833233f688b67d999648295060a0f130470a1d4c835cf245
BUY,0.002,39300,1745488766,Yes,0xc039fe0fb0adfcac76d8b15f8475d12977f403bcf8854b0c9998a45eaaee4d8e
BUY,0.002,39825,1745488612,Yes,0x4db435db3ab91488b990ab020601dcb2e8cc819814dc6577c95ee3da99f65915
BUY,0.002,38840,1745488496,Yes,0x4bf16ed08784c0690292548d04e9994a8096773d0d23c14cf358dc83793be57c
BUY,0.002,38670,1745488222,Yes,0x7504112d3064a39e7075e3b825b480f35c64b33785f86cdc7ca3f620aa771891
BUY,0.002,39980,1745488062,Yes,0x9a79bf2f38327714a15a5564172aca486293172a3a9387b59d7a62e1a4a315ef
BUY,0.002,39195,1745487964,Yes,0xb10e1cc941a9c1b656e8d84d32b56c6688dcb82767993a84d2fe07ccd343c06c
BUY,0.002,37950,1745487844,Yes,0xe53d1ffcae32a75b826b052669bdcee7962f94779a232f6afb8068bc05433599
BUY,0.002,40910,1745487684,Yes,0x3b232f8a61c7a087c90152a6d8c810a6c517ce27e817dd2db4123b3f91fc9334
BUY,0.002,39800,1745487536,Yes,0x8d8039b719fb83eea517524fb4df4209483bdaaf0fec471e601baac58ff6ca9e
BUY,0.002,40855,1745487416,Yes,0x48b99c8043b1762b20b25044fb534cf75eafefd06ef1f436cb21086e2317dbdf
BUY,0.002,39230,1745487290,Yes,0xde31516e4128f3f04698e566bffb22b3be7719c7451bf0e99d7d5bfc6cec60ff
BUY,0.002,38985,1745487158,Yes,0x0878aace56dac8529169473e29b4841c07eacf4c27ad19ad0a75ed3256abb54d
SELL,0.998,1.18,1745487062,No,0x7d9d57d9327ff7e2f33bfe5ecff81417e2594ba1e18f860dfa27ee792447fe16
BUY,0.002,38245,1745487004,Yes,0x33434f017de3dd8dc9c393428721f1762e5c286e5fd07c4d77a917e2fa2b5971
BUY,0.999,20,1745486922,No,0xf5a2cafc9c89250932ae8a34dfa7daabfeb7444ff9c96864d929103cfcc277a9
BUY,0.002,40675,1745486860,Yes,0x16053483c876e624972b744337f1e6b9ea45c5cce5b14d672f00989208360d05
BUY,0.002,37935,1745486758,Yes,0x0a8a1f0b683c3ebf81db9b80757bd69d91b570d2db1e4604a5c52f85a911565c
BUY,0.002,39670,1745486650,Yes,0xf55fbe78a0cc004e7590138e69bbf605dff63c8cdeb7d65a78f8350e33e107bd
BUY,0.002,38380,1745486528,Yes,0xb6dc2e76644691c73c8a98f97d292a32a6fe5d18d6f1971fee01da77266ef300
BUY,0.002,38500,1745486426,Yes,0xc8434ef7dbdc0420a763dc178267ae59ac8ba5203bdc1638e47e53d5c0f71596
BUY,0.002,40835,1745486290,Yes,0x5586bafd93d9fbaaaaaca48abd3bea6cafa49588b46a9b955db5519140e94d61
BUY,0.002,39105,1745486204,Yes,0xa55c520f3e20ffd125feb036249d4a8fd40a4754d47d43661fc5aabde4e734de
BUY,0.002,40340,1745486080,Yes,0x00304a71bf86af2cb90e696605db73350d78dc272c84a4f220b490e8f79cddbf
BUY,0.002,40975,1745485952,Yes,0x77a261a2667af2b0efe91ebf7872d902617dcacf70f05c65486d643706bdfb15
BUY,0.002,38190,1745485818,Yes,0x2a5f6e7822667276dc714ad98c4c0cc3e7dd6864b135e69ac46887e1665c93ce
BUY,0.002,38295,1745485728,Yes,0x4eedbad89201f4a41f830d0fe5a40c726e36d0d47653acbf76845d3a455af98f
BUY,0.999,30,1745485584,No,0xd82af0e486165c1f0f15c78e0d6091d933576baebaabb0a64aa133675e1ccbf2
BUY,0.002,39490,1745485536,Yes,0xac27cac23317d8bde14e93b14b9763f40941780b0abdcae06c6385344dbff14e
BUY,0.002,40045,1745485384,Yes,0xfa32e1e1e5dc0e2b87cbe290a87878249d37aecccd1098c9909ac5ad779d110b
BUY,0.002,39950,1745485224,Yes,0x4b4ccefa4e7f7876d221503b34534e87d619d8c9d8d0425bcfb5915216c9d439
BUY,0.002,38450,1745485122,Yes,0xf1cd8ad4a3a206d97042a0cdbb5fa8369b3432074cfc18610292ebcacd350a1b
BUY,0.002,38725,1745484976,Yes,0xee607ec236f3c2c2f2b3716af56e15bc41650f05b3fe98c0554149a795df1576
BUY,0.002,40200,1745484712,Yes,0xa566f8009a379fc4663b76deb625b587d5b29a22eaae3be477ec4559bc019596
BUY,0.002,39810,1745484568,Yes,0x5a1e9b4d80bc568ceedb455bea658222f45b54cb1d74cd53c91c7b1f5487eabf
BUY,0.002,39905,1745484410,Yes,0xa474b936001b1a14cb8b9ce347b74bbffc208284b61e75c936a18268f107d808
BUY,0.002,37815,1745484300,Yes,0xea0ea530600019ca4a53a86fa58159b30824e064f7d3f6b69be932d4ba9d40af
BUY,0.002,40590,1745484164,Yes,0xc1d92ab4ef79423a37774dc5b3019db917388eef92745ea7e2cf2cf60d4372df
BUY,0.002,40755,1745484028,Yes,0x5c59af9f1ba4436d01f9d548f5abaa1ad204cc49d549b8372467236b73407260
SELL,0.998,1.13,1745484016,No,0xde5fae6c3fe8df0eff86ed1461d4ac9a0b281bfa57796480e3099ed07ef6eb89
SELL,0.001,12,1745483892,Yes,0xeddce1bead65f381f94b80cdaf9b374ff32a2d6637ccb753a2723a91d3a5a841
SELL,0.998,12,1745483886,No,0x40fc7c4c2530dc8a05690343a600c63841a702d5138a37dba936b562a5cc2c69
BUY,0.002,37910,1745483686,Yes,0xb5f38d00ccb455a40108471a063fd87334d893fc9db0a0df8b48767820e1d464
BUY,0.002,38390,1745483464,Yes,0x0b53d2e4ea0de33820cdd98d1bfcbd6c4050a977167c930e51b2f97fabcd6f7d
BUY,0.002,39270,1745483348,Yes,0x0fc0e0aa9f19ad4dcc60e3ac48cc79212d46bce06a799311fb3bbb6c2191985a
BUY,0.002,39535,1745483206,Yes,0xec60635094eebecb647e91a1f687f5635dea6e828a64bb48b75ecc2aad1ded9e
BUY,0.002,38010,1745483074,Yes,0x1e32b546427105b56ac80e911b7f0f951f0756d355b24401f44c7b15018c68ad
BUY,0.002,38985,1745482940,Yes,0x5f6f4c2c6ed6c848830607114eb689fdd9327bf20b737074c4145b436a2b8b0f
BUY,0.002,38295,1745482744,Yes,0x3410cba36cfae09c94e0d237d22b3deadad7b0b9e8ab2ea9b16bb453470f8a42
BUY,0.002,38130,1745482572,Yes,0x0360d2693852c28b63a98ced446f8e17a037bd23da23175619b6a882d4a6a2ee
BUY,0.002,40330,1745482476,Yes,0xe703a6798e3ee3e41cc4d88e522c9c3c4e64a9c886d3bb7e0fa61257b64062b4
BUY,0.002,37830,1745482384,Yes,0x88901cf51c8ad3132dbff8cd30a8c89ec44c8a30edb670d4a11aa59c3d4c9506
BUY,0.002,39015,1745482242,Yes,0xb18d004e6634a93a7a5d2b9f4df13f5a549dcd480395a06f5416777a27d9e54f
BUY,0.002,37185,1745482104,Yes,0x6526b2b66af3d78fbeca9dbc7c0904d7ebcbf7b1d5f873b3477a4b3f5f0aa4bf
BUY,0.002,38040,1745482014,Yes,0x622517fb8ea30c2b405f9ad7f79aa47fb18f54ee076efacc5a3610f585d393b9
BUY,0.002,39870,1745481852,Yes,0x1a767625ab70f383adf1ab6ab4b6673390fddee6d85ce81db5f67930a4ef222b
BUY,0.002,39515,1745481754,Yes,0xfdef1ed4c7b480d6146c7e6e9c8d9c55e818aec9e807ad47c61ec4c012884567
BUY,0.002,40045,1745481616,Yes,0x378c41bb18aa9c4b66935cd744f02ba18dca99412f9b54ec9e1c08b18b67e260
BUY,0.002,39765,1745481488,Yes,0xfba756d5838c1007a9b196493491db18a4f5f7c12827ff8c7e5c8147c8bf41a5
BUY,0.002,30160,1745481364,Yes,0x7f0898f53b6a1db264a6874d583218f63d83ed6ae0fb982c518c61f0cd71bc09
BUY,0.002,38040,1745481276,Yes,0x81ea475676c7f25f6fd1fb8a50f7ee88889d54374ca6584e5c19a3db6cdebeed
BUY,0.002,38315,1745481116,Yes,0x6634fea8c2d567462f4706e3f2152d6d2ba9e96981a935f717777de1e6608144
SELL,0.998,1.24,1745480954,No,0xa1ba0fe4c979efdcda2239fee5e1c8aa0e73abab0b51bb3994f2a398b2151959
BUY,0.002,38770,1745480850,Yes,0xcf4a6fa17777aa17ad9dc1b1dbcf1246d66b6a0c386dc8b46f5cfcd40e8c851e
BUY,0.002,40815,1745480714,Yes,0xe33f0625eb252c42caaa32e5daad69b2d1ab7163e38c049baedcced50aa6c0d9
BUY,0.002,39155,1745480570,Yes,0x02b5164ec6fda54cdb932d09cd020a06b6cce99abd43d73494f782ef7ce55e75
BUY,0.002,38295,1745480472,Yes,0xc96187fd59386055b636a57185638a7d1c81bd3b79b1791a57fc70df746e0775
BUY,0.002,38125,1745480032,Yes,0x39a222f9990f8fa935241909b822abdc398f41af8438ce00b506ddfbb6ffe149
BUY,0.002,32645,1745479764,Yes,0x4b95e03c07a924b31a4e3e77de70987fbbd5ebb5383c28c2ea338afc4d697800
BUY,0.002,39705,1745479602,Yes,0x01381837fd0f2704e8c1adf3f8837e974e37530295389cfd2a54c3a964e1a381
BUY,0.002,39060,1745479364,Yes,0x09526cacdc9d4ddebfec1c68158b6b11bc6f63b86647cff9540e7e109e62d9a5
BUY,0.002,39505,1745479142,Yes,0x92ebb7ebcc6c158ae067daac5c600e030c0b075ae996f26c62ccc8b403c6e324
BUY,0.002,39540,1745479036,Yes,0x85b7622b962474fca8d675c153a25fb10bd7b16ff0d3f11770449169de2b2b09
BUY,0.002,40735,1745478848,Yes,0x7c3fe88efc3be3cab35827a6de15245e5f89c81ee8cee4fb13297d28d2b194d6
BUY,0.002,40080,1745478620,Yes,0xab10ddf7c2f5c72f6b7226a4b11b366d0b790e19211693be4fe55ba155da53ba
BUY,0.002,38465,1745478460,Yes,0x75b41d502be19e436f92aeff6e5c091d9ce0ef86b8954f006d122bf6d7b1c918
BUY,0.999,28,1745478424,No,0x61af7cabc3b054e3663d5931f144994cc0c9e065c1a7d5cd23093d8ef57acc18
BUY,0.002,39780,1745478334,Yes,0xd0dfa9ba74f45478106b6858a0a93dfb1f945e16caff36ce3417ac64b9d62365
BUY,0.002,40650,1745478208,Yes,0xe453cf3d256471acc9056d827e7a827b6455f39e86847886de1e01b6e9ecc83a
BUY,0.002,40365,1745478050,Yes,0x4ae08d8ac537ca309dfb3ceadfd2e4250f6e6cfc58d208082f3f3b753f25c48d
BUY,0.002,39315,1745477902,Yes,0x200fd56a3efd0fb874e4c87e4aac90a34882a8ef2ae2c5eb297c3764186d0672
BUY,0.002,40755,1745477730,Yes,0x8cc9dad01a7e0852364fb4902a330a6b2cd83c9412a53351b4b965193e067483
BUY,0.002,38770,1745477636,Yes,0x539df421efbc4066d3fd8f6570377a11800a45d2c69be83ee3a9d027a4f124e4
BUY,0.002,38410,1745477502,Yes,0xe4b74fa3edbc0339b35afbf8578e363e198bd7c9e8cb9143755b483ddbdf3975
BUY,0.999,36,1745477466,No,0xa9e9f3f04a55acae0ee94379bd88f601413add9430e8ea7a085605c94676be2d
BUY,0.002,40630,1745477404,Yes,0xd05ae1ebef04de661c35cfa949505d5a53f4ba8a8724718a4686716a522a38b4
BUY,0.002,39870,1745477268,Yes,0x47ce8e3813f0f2fea0ae77157bf4c722be5410920fa32d01ccf58757dd17abfa
BUY,0.002,39620,1745477168,Yes,0xccfe692295f7ac3937e7a30de0d6f9619735fd65daf6cc054aae25d3db5cff65
BUY,0.002,39230,1745477040,Yes,0x69786db2d44d3f8d0acf89102018aa78cfd4510462eb3cfa242c4352c2b189bb
BUY,0.002,39125,1745476922,Yes,0x8bed739b45f0e727891984acfac377d8fd087a8b2c1120bfa3a77fde0dfaeb47
BUY,0.002,39300,1745476792,Yes,0x4f909cada686819666f605ca8b972fcccd67d7b553ec5e7efe717328a0cbe279
SELL,0.998,504.5,1745476742,No,0x6ae460345cd17f6bc53a4341de6bae40c749a1b89bd5cc20e6cc3e1dc444ae7f
BUY,0.999,504.504,1745476732,No,0x166e2649f34cc28d3d8021920c9b52fec714cbf37f9cdd1908130d57a9c01af9
BUY,0.002,39225,1745476632,Yes,0xce0394481eee1037a0fe3233670e5f792c395c860e9690d8845d603669f12e80
BUY,0.002,41175,1745476438,Yes,0xdde9518f1007dc3d88d64ddfa451491cfb73fc8afa85b5204230458b8f32cffd
SELL,0.998,1.28,1745476308,No,0xca08a5b44056bef3df2583d19eb3a48d539c4b2bbdab526017a0ed4a20f92eb8
BUY,0.002,41095,1745476302,Yes,0x5377c282bbe705f50e4359432df161580b374ac4419a0095e3ebda599bfaf07a
BUY,0.999,32,1745476232,No,0xec42f8b7a1539b97bd0b5a873c6dea0cee7c800f768f9246a621940d8eb15c99
BUY,0.002,38300,1745476182,Yes,0x782c472a0440a291c7a6ec4361a797807e0849f3872754fb94a7bbad230fa6c8
BUY,0.002,38365,1745476015,Yes,0xd78b01f38e38717e79df9cf7ebd56b451ae182f6cb5bafb61cf18013f1747db3
BUY,0.002,35925,1745475859,Yes,0x722323115aff7962e02e6386fb764a0bb271e41fe48bad83ecd0671167e1d00d
BUY,0.002,38245,1745475507,Yes,0x6d78a96061d4ae111f18a595055e523c08a875c4ce386a432a30beb2ffd8f74c
BUY,0.002,39090,1745475369,Yes,0xabeb90a65caa1c0bd089203f8cfce1776dad3cc97148661169ee64ed298158ca
BUY,0.002,40825,1745475233,Yes,0x26905bce1d69a61bd3f68bde4fcffb3cfb6f98e058bea710fae56edf632f0aa4
BUY,0.002,39735,1745475065,Yes,0xcc17bb7eafe16c388a35b6ff82b7b2a20aac186da3fdc97944b1e04c0cf56698
BUY,0.999,44,1745474885,No,0x64acf393adda7232cdb2949592c3e493e639e9078e475c8b93c81fcc643d1f0e
SELL,0.998,500.5,1745474875,No,0x7319e1b5d7cdf921d11d4f5c496ae7e4feca3c555803b5490f30c16f52a171d2
BUY,0.999,500.5,1745474857,No,0x2407d502b863e89343162f00a0f9fe74363a58c1c80c632f76c87db98bf36271
BUY,0.002,40120,1745474771,Yes,0xa5ca0456cd47ca22855cc3f96e99ff5df2ea5c5c0bb879e1e86ceb2f8ca78f5a
BUY,0.002,38900,1745474637,Yes,0x074e4d12aa437cf31fd9cd212c1ea7b5fbf6cd07648fd17e9c44406bf31cb677
BUY,0.002,40460,1745474503,Yes,0xafdfca70484ec5fe92adc2f341ff64621316809c317800f4f39d4afbae805c06
BUY,0.002,39910,1745474343,Yes,0xe4e9dbdd031d2b6ee3b0165bd8eabf0028614c5aabe704342491d32ff358d2ba
BUY,0.002,38975,1745474241,Yes,0x03ed3ed027528be1bd36abb0d3cfe5e7df05c3595340e6382bf4a8356af49d33
BUY,0.002,39585,1745474149,Yes,0x74a3f12ad441b2adb4764e08837fc4243b835026b243da9bfef93ab1c26a7793
BUY,0.002,41810,1745473937,Yes,0x903ceb838d0e68ef7ef09f2df38e07d59a36005faaa4bcebb81f5a011581c100
BUY,0.002,38600,1745473809,Yes,0xb75a4cfe5ccab839e0de43a32ecfc702b66abee4e21d7a287c2226541522e2cd
BUY,0.002,40180,1745473675,Yes,0x85f4378de9945c6398e198f2f6501c1a06b22988d0a6cff0c1ef3f1da896536b
BUY,0.002,39295,1745473573,Yes,0x799af029d64dbd893a17b976d4e8b6756e477bf6c52a8c914ad4a39e66d375f2
SELL,0.998,501.63,1745473431,No,0x1799c0b3452d18204796c5403f40428426406895904e0be6ea72fb4fc4224e4b
BUY,0.999,501.631,1745473425,No,0xed77feced465a518efbd77be002e818b9a65b155d5c7c4119b26004d0bfda59e
BUY,0.002,39150,1745473341,Yes,0x93d56ca6904452d63d09c4a93be19e3a35ba309877ca53317b80eca6fa1b738b
BUY,0.999,60,1745473239,No,0x28676d469ff6564f7a6545f7e08ecfa76a73fb5855ce555323ca489cce463daa
BUY,0.002,40810,1745473131,Yes,0xb9e80ede41ed043b8bd1d5f97a0e7bb60a34a264d05924f18410c0971ec48ce7
BUY,0.002,39635,1745472967,Yes,0x4ed073b564875576da07a95a6969ba401eae64442630b354fccffedf476e14fe
BUY,0.002,42470,1745472817,Yes,0x72d4f82dad708f14bd4ae9148d552c3b01ce266336ed95b028a062f9438f43ac
BUY,0.002,39805,1745472623,Yes,0x0f586b62a39105612dff2d611b7c19c540115200b0ee380f890a6395871e46b0
SELL,0.998,1.1400000000000001,1745472353,No,0xffba072938dc0bfcb6402132e00525a91788471ef66db032181cb612510b1245
BUY,0.999,39,1745471933,No,0xfb731e8d98fa3a95291b6c79b8d05ad205f572c278db93e6729d96b5bb9b5288
BUY,0.002,2500,1745469929,Yes,0x179545804937d211857d981477ef9665e2dcb7594aa1b4ac81d733fa2a552760
SELL,0.998,500.5,1745469311,No,0x2734534a9910db7f9c6a1e62e614a958d2de35c42a8bcb7ec279b1e175e93232
BUY,0.999,500.5,1745469293,No,0x2831c555d9e0550e8cc287a8a1bd55d4729b03cb39a575d572d5d697f88cbd86
SELL,0.998,1.15,1745468853,No,0x135586133885d83b4c3d878bbc02894f038165f4fe9fd57f6ad6cf29585e932c
SELL,0.998,1.13,1745465343,No,0xfa2c801e305dbe68640726dc7a9ae191e2028beb108b8f6253779804b1e79696
BUY,0.002,43000,1745464879,Yes,0x63194d9b801dade717666f3afc0113840d13ce101e753d09184341bf0b329b3f
BUY,0.002,43345,1745464783,Yes,0xe2c848f63b0179e3934a8e3eb080f13a6bd98c05028b412ebffb425dbb252e24
BUY,0.002,25700,1745464619,Yes,0xaf3ccbb1b1f55b4608384566894d411124ab68d84ead95a26b225be86ef82ef4
BUY,0.002,42985,1745464349,Yes,0xc95b321584564deb176a8d523ebf313c839d4c5a62b4f37c2d954d4167035d0f
BUY,0.002,44885,1745464175,Yes,0x0ed4902787f42164358e3b8f0970476b9e6df4de67a9649f7357fb86e24c1b40
BUY,0.002,43080,1745463989,Yes,0xa4959917c210758969ea94427242755fb5a65cdc4804f4dac748c7c1dffb1693
BUY,0.002,44935,1745463787,Yes,0xba5ecf681c4b3c86c386a2cb092b7208cc132c37de5aed9a7bad5be63b0b9702
BUY,0.002,43940,1745463353,Yes,0x19f5ce73fab6583a62e1b143960e537ab3db28a5a64e871a3974b2be2a1da61c
SELL,0.001,16,1745463081,Yes,0x9a3d0b2aa3228a14f205de43dc18e40852ff769d5b121ed75f2fc12bae2e151a
SELL,0.998,16,1745463075,No,0x1012bd932ef6a2c161603afda518e8a15e1c0baedfe4110ec10e8f0a2cca88ce
BUY,0.002,42300,1745462987,Yes,0xc360d88e4fc791e0b0cb3391b89c9e4e9d528a34eb6ef99b67900c264c341fb6
BUY,0.002,42780,1745462697,Yes,0x8fcda3b53f8358cebec3be8e4076749ef973cd9d63c557fed679971924b7d4dc
BUY,0.002,43495,1745462399,Yes,0x67ce634c64e034f8eaf46cd4cda763443713a641b69475467b3b19f6b09a0727
BUY,0.002,44185,1745462193,Yes,0xd2d08ab363807b4deb1ec6469f9cfc5c86750c496466d2c1eabcdf7687a1c7fc
BUY,0.002,44645,1745462091,Yes,0x74e0e42af186d393135f92ae61d149f248ba911d5b3807953f86d3ed178331eb
BUY,0.002,43330,1745461607,Yes,0xea983cf7b0e3adeb09a11d619e08f0f9de8731d8e742cf855eb3eac6d88216dc
BUY,0.002,43665,1745461355,Yes,0xca7b74d5817bddbaaabda722fa382b2564311569113d9c147cb067bae3abc206
SELL,0.998,511.77,1745461213,No,0x17e66aa61a181aa12ba9616609f50f9d126f2190564427f6ca2fbe1b2c51dbc6
BUY,0.999,511.771,1745461207,No,0x7a0c609645d557a4b460b5bacd9fafad6befc5511da8e56b89b8ae4bcb89b36a
BUY,0.002,39225,1745461055,Yes,0x07266a78cd9a2d6dd35d5fd99f8996f6358b8679d5d784cbc1fbb2b0e1469068
BUY,0.002,45055,1745460837,Yes,0xd5d45132284dbbef53cfc987293b7b3a4945fd7e85e90cb57a1107a420c7c06c
SELL,0.998,1.19,1745460803,No,0x84fd205e665b78a35790fbb30c45118b369a64f3952192f872e7948e3f815082
BUY,0.002,43270,1745460675,Yes,0x4beba4a374d8eba4c4535e3af830a58f40214acfdfbc8935991f6050ee48d7d6
BUY,0.002,37735,1745460547,Yes,0xf1306d443f488b78840de7a7810a94ed8286a66d503c9ccb794ff29833ca37a8
BUY,0.002,43360,1745460365,Yes,0x0579498c686ca6c4bb01da8ec10cee996f530d814294121afa1a07db1890c195
BUY,0.002,45695,1745460237,Yes,0x7c3065e006e53f54ba09fa3fe8bbfbb656c298c44d36cc04469c99e274047c2d
BUY,0.002,39985,1745460071,Yes,0xb7a3e66abcc942e1c4d053e42730be99a9b3e7b0d000fb15d1603b2ece81103e
BUY,0.002,45740,1745459903,Yes,0x460857e310f4ba2020fc0b41139dc251c2f8818a74a3caf4e07b291286d9194f
BUY,0.002,42975,1745459763,Yes,0xae42c9c2cdf78593aae98db7434864d0291cc90bf14ad6afc42135d26af4d85f
BUY,0.002,44305,1745459569,Yes,0x74c55139c33598d44b2f321556ad5d3cd1df44495bf81534e61c22a1915bea4a
BUY,0.002,42485,1745459197,Yes,0x8a3eb5818e4eb93fa74f7a6f7997f612d6907ab4936498623902a124fb2dc727
BUY,0.002,43570,1745458979,Yes,0xd6228d09e4615d55a6bd4f625264a7b10a404cee1c600fe16ab0d4d16ccab32e
BUY,0.002,43300,1745458799,Yes,0x0e510077c7938805bdca67a6866adb529e6280ee9abb9aa5fc0d2854121c32da
BUY,0.002,43175,1745458519,Yes,0x2ca101dc1a72309f3fd8c6efffcabaac9b759ca0f03719d6ca4e50f8aec3cc55
BUY,0.002,45305,1745458317,Yes,0x511f7cb5a9565191bc24d2d47812d786a12a023646a53c10429b91c26d28f615
BUY,0.002,42470,1745458171,Yes,0xc7d4be15b7a53170a39007a3a2616fdac5637276e7aa08076803b0c816f5446a
BUY,0.002,42370,1745458017,Yes,0xcc03a9e0ecd3d028c258bd5de951bedc861868a1cb78f992e5653b3dbb418f15
BUY,0.002,43340,1745457917,Yes,0xe201af8249f90248cb962696e15cf7dde0bcb6227e743f4f6078c9520c24fdfa
BUY,0.002,42385,1745457625,Yes,0x84cb784708c1fc9a86a513ba8c339d807c07746235423fb3f068abbe9e70724d
BUY,0.002,44930,1745457101,Yes,0xd2d28b69df9ca4661ae9dd15c6005afdbd2eeacd1659b0fe4b0ce188d31cbc83
BUY,0.002,45710,1745456887,Yes,0x2caffb6e8cb566bdfd82cba3fdc350bdb8e2dfd7ff14aa6397001c5b996320e5
BUY,0.002,45365,1745456749,Yes,0x47caae0cce8a533bd9fc06ab2f30aaed77d10c7358aefad2f4e2edf424aa1713
BUY,0.002,38610,1745456605,Yes,0xa75581c7aaecfb56a2b2531a3aa0d17639559ab56d5bf79de771f77494a1a2e7
BUY,0.002,44020,1745456473,Yes,0xfee595e994a0a54e137cb5ea7202b70e00438297bdf23965bd06aaa37df41c28
BUY,0.002,44605,1745456241,Yes,0x825815643f785e92a90869f92449b4f97ce611bbcad5867dcae9231149f5beed
BUY,0.002,45670,1745455987,Yes,0x12308a8cdb908e01f1ce7184fc8132b7bac651659b00e97e64c90c9db037e576
BUY,0.002,41245,1745455719,Yes,0xef331f39bb80da8a2492126139e04cd78cdb06bc1ec4b9e08eb05e846d69571d
BUY,0.002,44915,1745455543,Yes,0x7b6e50d0c46a235c2ecad123620cee5aa8a0039c0b65c93a7d4881220047457c
BUY,0.002,44490,1745455407,Yes,0x5d4efe7afd76f218835d07438f690d5b62b1b0407c1093e26381e62f921368bb
BUY,0.002,44750,1745455193,Yes,0x84f798a68a17bfa4631437f6f004f2e4604567158c439ee204bc6a32762e7ef3
BUY,0.002,43490,1745455067,Yes,0x85a2d808171a6cbea5828adddeae1b339e0696cb02ca2a6b7fabe8e7443fb56e
BUY,0.002,42335,1745454877,Yes,0xfd66124204c4f2c752800404668ebb019749ac64b7d69ac14709300a11225283
BUY,0.002,45105,1745454785,Yes,0x633ffc24a8d2fffa8dbce1f0ca0117f4ccdc94c61939354cadeec92f21e54291
BUY,0.002,35285,1745454627,Yes,0x0c4c7541be9a10a4fa96d59323d911b7aed30c253f31e2470cfb26a15fc97448
BUY,0.002,44835,1745454489,Yes,0x609a3be803fdfad0be7f194f7b05077d8737d7278e6294f8dc86cb6153a874f8
BUY,0.002,43265,1745454365,Yes,0x7c1ca1475cc73cde31679563b87d4e067c5ab2a6ae0178f3ff8f8e7ad1bb0703
BUY,0.002,42715,1745454175,Yes,0x6f69c5a2224ee6aa9d03e314e89615cc4e6a0761fa1697a5fad4e9788270dcf4
BUY,0.002,42275,1745454079,Yes,0x07dda4a22d1daa52cb7f72ec32a04b78e34bca363e801e15684b3439c95a6d86
BUY,0.002,44615,1745453755,Yes,0x19f9c383bfc085b9c55f2b636104ce46bd5b37a441c4e9b46bc63dac016000fb
BUY,0.002,36620,1745453631,Yes,0xc6950419ca7419a40c4db94e9bce7c536f8be25182da43507e1f7486431be216
