side,price,size,timestamp,outcome,tx_hash
SELL,0.999,5,1730916282,No,0xffce1894562891e66af018589737b259cf2f4a15fa7f608f98a24b63f9185444
SELL,0.999,1.5,1730908562,No,0x7994f211d51b9639fcf21d3c3d5d55cd3741e4646be81da4ac2611b3757af4da
SELL,0.999,1.2,1730907906,No,0xffefdf86f2bb8b943f6ab32f77a46f1c0a9f9dcb65388c50441620d3fc2f515b
BUY,0.001,1010,1730905362,Yes,0x78c2f4bf6862bdd452730ce55b5e0a6df64ceac5076a07844c121708acd1a3ae
BUY,0.001,330,1730905034,Yes,0x17d1cc9642d5f0953b90aaaa60cec1da67856638266b39f5c0a06055e48e9236
SELL,0.999,21.14,1730901934,No,0x65ee8669a8e815e110d7de2f7e0c9579a0764e8b11f506f46827a99276c6f48e
BUY,0.001,28160,1730898513,Yes,0xdf3d99e33c30073660b8592b07f34c4dcad15feb40e606135c89158350694e74
BUY,0.001,10,1730898027,Yes,0x40623e598577a3093a567527d3f75cddf1234e41fe10cd3798ea0d701aa6355f
BUY,0.001,10000,1730896414,Yes,0xde4504f1fa795443ae666b1a9b5213d47e5034ccf3eb02c6cf1d2c5eddf7f08b
BUY,0.001,350,1730895920,Yes,0x975aef0c70a42032f19686cc71b77e950f8967ce076a35791563acd9f0e0352e
BUY,0.001,170,1730895444,Yes,0xe0f8a64c33c9ff12661d804e5d7f31cae9626a5ab508684f1d54e0f2042a4f13
BUY,0.001,1000,1730889749,Yes,0x3a89dce1660e1a5be050e9564ad5fb742af84466283d7a62be66f910ca23b243
BUY,0.001,1000,1730889749,Yes,0x319566dfa39a6420a6dd5c72b9901ebb73f8675b2a0b77b091877666b8034d45
BUY,0.001,1000,1730889749,Yes,0xf868f75476b82d3c0a353432ae9df121bdff4a1facfb743c5e1fa43b13b503b8
BUY,0.001,1000,1730888582,Yes,0xebd35213bd757ac616fa77da69146019f75304ba91c4599d2271b68bfbc1821c
BUY,0.001,1000,1730887640,Yes,0xfdb99f3fd2112cf210a386cb9841e480d290960088b47249bcf83b41ce87c160
BUY,0.001,1000,1730886964,Yes,0x0133a90f4f08d039ae642e0e137f90713202dac7ba132f94c9440f1433c900ef
BUY,0.001,1450,1730885641,Yes,0xb99449cc1955338106bfb59ed5f897a03081342a583e63b1f368cd6d13184b37
BUY,0.001,645.38,1730862663,Yes,0x8f350d4dcddfd9c717893cc8defc91926256af266ccb2d7b6e568700a6c2a0a3
BUY,0.001,11.55,1730854422,Yes,0x90abd694dd672a0fb45bc50b67559b3d1542dbd04990f88c5c696bd242464dca
BUY,0.001,11.55,1730854418,Yes,0x0954e2f234ae8846696864915bb0f1704dafee4f64e08055404c46aab307c35b
BUY,0.001,1000,1730846954,Yes,0xda2d6a6a160c6d3594dc501ba12d22a3a62040e65ae976780ca5ccdb299cebb1
BUY,0.001,1000,1730846374,Yes,0x4aefea02f88661cf44094ab99823a3095a413241f2228b538ec1cf596295784f
BUY,0.001,5000,1730844193,Yes,0xac56df8525a4edcbb0085afa632592cdcd9880356fb1b4be1282465d6c3c3d92
BUY,0.001,1090,1730839710,Yes,0xa9b547bf19e8fc18fdd745c5c4bab9fa8cdc7282bc56fbdd5933cea436d5bc4a
BUY,0.001,1040,1730839130,Yes,0xf2d35b90539a4ebe723592381e1946c54cb540faebd8eb48f992bd89a48cf75b
BUY,0.001,1050,1730838820,Yes,0x49a2864e4fa73aa414c2661081b5cbc1298c8aaf0b79e752e2757acc077976d9
BUY,0.001,1070,1730838812,Yes,0xa22a17b4120c594ee9ea2c4436be4f704466f8b8463d81396d449bd72389bba5
BUY,0.001,1500,1730838658,Yes,0x0be4dee23f9facb26269a4d26f339860e95ba3b1cbc03c6e2c5edf362e4331da
BUY,0.001,5,1730836869,Yes,0xebe9d837f5311e5a5780f91288fb70541ee5d5b6895933f1081596e5da012cbc
BUY,0.001,100,1730836648,Yes,0x82f07a5fd24b3b4c6e8242934c1795f2ccf1c1ca54f805cbadaa73d28d37ec7f
BUY,0.001,1040,1730836590,Yes,0xd8945b3a9a5aaa787a6185fc1183072f0e4629c9120c011d3e0d8bc70a1d1f60
BUY,0.001,5,1730836212,Yes,0x426cf2e07c784b7e2a26726818f27af19a340452bf6a2ebafa14cffedc4f3b1e
BUY,0.001,1100,1730835998,Yes,0xec8402b56d0157c337926fb07b772da5d351c1687c06d6059f6a35e1bd61be46
SELL,0.999,0.24,1730835600,No,0x055562b414be6d389b6d16fbf5c5b84943517267ff127857ac109da1151bff3d
SELL,0.999,0.14,1730835156,No,0x3b7f11b76e6e8bd6845b413d11ffb66bd43b8344f4726afeeee63d7ce34d5339
BUY,0.001,1030,1730834082,Yes,0x7fd3e7821c8f177ed92c3520d71eed1185a8866c4de448f572142a1109cdf293
SELL,0.999,0.16,1730833680,No,0xd8ee7e1c0bcfa72b89d582df8455560b927f8b0bf13cec293f0a3ff35977706f
BUY,0.001,70,1730833606,Yes,0x5bcb782660780b0b35f9ebd07f6e15ea12b4ffa0c86fc0f53164263a5d527326
BUY,0.001,300,1730833116,Yes,0x78a4478e54c240d22ee86a40136f15161b59e446b4e343fe23c9325310dd3cc6
BUY,0.001,5,1730828707,Yes,0x34e8f39d25a915bf2ab1b2a9dcaba808e819c13d6219e27de10670086ea5419a
BUY,0.001,1050,1730827851,Yes,0x21c1cb9e2f6ffdbeb3c85cf193aeb97a1ac09d9b3f44595acd24a240e04dc58e
BUY,0.001,1010,1730827499,Yes,0x6cfeddce3daa936f7bbb7c8b34989e7ea2d79d7190b49949664ffc40bc17aeea
BUY,0.001,1010,1730827091,Yes,0xdf2f73d6fafcacece59a927a2bf389d50fbde948c129fff538c3d931128a04c3
BUY,0.001,5,1730826685,Yes,0x3e6f6828911c6626a1c6d5464a175d223d7c13159b4fc03255a82ba72cbd68b1
BUY,0.001,5,1730826365,Yes,0x1175626fcf3ed1222b10b176930c0eac496ac490ab3b04c3f8b555471b5268e1
BUY,0.001,2000,1730825459,Yes,0xa23d2c4f7445a6bff0749301e1f19bd3ea30e4eae8f2e02a58044ea023026185
BUY,0.001,1000,1730824747,Yes,0x3452b38aba718202bb37a293dd13052dac4a6d53147b34e763949f7a045cf1eb
BUY,0.001,5,1730823959,Yes,0x29bf174a4c1e973f6912ec36f73f6f0c2ae4ba22666f934628c1a3bdca9279e5
BUY,0.001,5,1730823299,Yes,0x3b4c317f63afbecf1f39666b1e09a693b3203f7ae87265ae1cce00a78be173a7
BUY,0.001,1000,1730823163,Yes,0xb144dff95010438780ee8057988b3c2de1a0478c892b523c4fbf47bc87041ddc
BUY,0.001,1002,1730822747,Yes,0xc3eaae2ad17008c3c3d8811a09ad61a7c9a9a74457af7055dff3ac588b8b1d4d
BUY,0.001,2000,1730821857,Yes,0xf3a0abba2e86261cd8af5ddac9bad2f81743f476bf4a06bc839c70b65db0ba1e
BUY,0.001,5,1730821665,Yes,0x7e6aa53184f5bb94a80a8b980df9a3c513132cf863f3bb3c1e59d5c7b48e33a7
BUY,0.001,5,1730819799,Yes,0xaf472e5d34f499d4c8940c5100da5d36930767b7c948fcee1312aafc647a4cff
BUY,0.001,5,1730818597,Yes,0xd43631d9dd3dc42a7692e638bfdd2304b928b94c54a55cbd424f49e8649f9005
BUY,0.001,1300,1730816175,Yes,0x5167afc981ccdea72c8adfdf52eace23f2f645f14c42b365987f92f1375b7783
BUY,0.001,521,1730811771,Yes,0x35fb19f2636251e585932358e66d539f27636a2de73b0ea8d9d33f7934490791
BUY,0.001,2000,1730810766,Yes,0x8dadfe402d8e601efdfda44604b7576791ac26a3e7a566be6ffec2c7267ef54e
BUY,0.001,1001,1730810410,Yes,0xb2e6492e24b3d2299e312e1a6f25ec3df11aeac44489e475120d2acea593fe97
BUY,0.001,1040,1730809644,Yes,0x10f75201313847e1145adccbd62b0520662e1923ca9393ae34766849bd712a92
BUY,0.001,122,1730804872,Yes,0x9ce63aa1aaf71743f5b9ba66199fa2c45fcf10abbdd03b672a8db5cad28b99fe
BUY,0.001,1020,1730804368,Yes,0x286773b61b05ae8cd52ffafa9bb4d52764b899dbee2b6d70eebb93ba9d11f6eb
BUY,0.001,1000,1730804230,Yes,0x8f8ff9bc0ee5000c74946aaca9e8ae46558998fb7d0f21d761083e35b435b589
BUY,0.001,3000,1730802937,Yes,0xf6a90bf30fd41f20790b87aa52d5664bef90304394270aa2822af3a3e007f0be
BUY,0.001,55,1730800873,Yes,0x7dfb8cf2ba675e5410a4833346a1577427476a79364b19fc16e46c432af09933
BUY,0.001,31830,1730799051,Yes,0x3ef241d38fbd1dc9fa20bc3eada226a08b40bafa23af8af5c72c45592fa64d36
BUY,0.001,1040,1730798031,Yes,0x1b3f5913a0f149be76b39ebee1d42d253d2b23474e9c424d20b9af3c4bb2b50e
BUY,0.001,1070,1730797046,Yes,0x4a27896bf531061881685ef7853309a9b4370cb154ad8d40100a6d05519ed189
BUY,0.001,1050,1730796848,Yes,0xe5ab5db78a76065b58c3ac0d9b29ab800b4266c5f6f593d0a3d72a351d9f029c
BUY,0.001,1080,1730796246,Yes,0xf39959705b59da438272bb389a7bcb91001dec467d0fb6f005f8a89b36e25036
BUY,0.001,1000,1730795561,Yes,0x2f24fd3e150b483806c298ef22ffa3862d15a64819e8ad411669e4d13dbf0231
BUY,0.001,3000,1730795283,Yes,0xe0b0db4dab89aaabc4f7551c259067b5b3295929894dc7624270dc11bc3e5816
BUY,0.001,1010,1730795113,Yes,0x066649346dc92eea999166145463e75479f4511c590573edf3eabdde0cd50b3a
BUY,0.001,1100,1730793821,Yes,0x35a3e0d48a7225014a3c0fb8067de24e1b62d0ece68204c31c481d34eab749c5
SELL,0.999,1.6,1730793271,No,0xb74acbe9731639f37cb675550c032d71df1d95f758cc9f52b297262e79f2827c
BUY,0.001,12350,1730792485,Yes,0x957e857a708272d1832635831993a016a3cad79b5c867149c881c339298fac70
BUY,0.001,10,1730790881,Yes,0x8e51abd61d50e18b31967c4bd7ef69d56a1041baf4f2f55b52aa14a7ce68f324
BUY,0.001,10,1730790063,Yes,0x5cc79c626def25cd47fe54f3d1e6d7a8e2ed82a72ae8dbda809aa650efd5790f
BUY,0.001,990,1730790021,Yes,0x2febacbd3258a253dadbfa99a6f0828a9f3447e2f9eb6f9e481ac328a072b754
BUY,0.001,990,1730787734,Yes,0x2f2af276b88ca12c565420cdfbda4a8ad82ccec396a06d7aa5de53e91e9bd8d1
BUY,0.001,1070,1730786772,Yes,0x23c27eb6f055db398b9d99607efe97f0502ba52c8a33a147df1095993c6699b6
BUY,0.001,1000,1730783972,Yes,0xb97abdb837f7e9d8c07b0c875c6ee73d59bdd443032a76be2556415850bd9f9c
BUY,0.001,1010,1730781630,Yes,0x6fe873c6d74badf066a072edeb639b8beb6f7f8fe47ff40af29cdbe65845c881
BUY,0.001,1050,1730779398,Yes,0xeaf8dccf7048e42c6b56e0348148549de483a40e7572d688c848e8429f7f50a0
BUY,0.001,1090,1730775726,Yes,0x4f875d5480d799cc3499629d150f3ffd7402c54af9820f806c4788cebe80deb4
BUY,0.001,6000,1730775476,Yes,0xc8ee1ed9db3b2019bfce577817387dd21a55f714d2e9e5b30220ce0e97a4887f
SELL,0.999,1.01,1730774258,No,0xaf7f78f56bc18d3e43d65ec2f2049a9e702fcb33a6b2b97047d2fd630bca7478
BUY,0.001,990,1730773836,Yes,0xe844b536661f8fbe1912d50775bc4c2322866aeecd7e86d973fbc10249792dcf
BUY,0.001,990,1730773168,Yes,0x2d2066a91c4f92fbd85bffb442c569b68de04b4213068f1f7239d53c64860666
SELL,0.999,1.02,1730772866,No,0xb65128c7d149609be3e131d238f9991cd1e16dc8934b11f638f6d838dd9a66cc
BUY,0.001,1090,1730771518,Yes,0x199a10498a517814eea99343df0deb63835f4e856756550ddf344c3492b79602
BUY,0.001,131231.69,1730769319,Yes,0x93948472108221fcaa0cff34c1f9cdf6c5c27488bdadfb0327989ba719f92c73
BUY,0.001,1010,1730769011,Yes,0x80e4f09fc720473126cf766a575d20469bcb9be082927f26c59bddd10a666304
BUY,0.001,1000,1730760632,Yes,0xb94489b3fcf18b6c21c4f79305d81ea8828c945f3d2a6f71a2907fd7c187202c
BUY,0.001,1070,1730758991,Yes,0x25f02ddb6d82dd254d636583b426001590f8ed74140fd0d7e955104a71943c2b
BUY,0.001,1006,1730757114,Yes,0xb5062e07d135a94f1130fcd0c94e84fa0cb1b553c98ca723107c39d50c80f04c
BUY,0.001,1040,1730756608,Yes,0x8440b2e96c7d1adadf7eab8985bb84dcf467266df95b01c32f1011cba16870d5
SELL,0.999,69.83,1730753327,No,0x640cd20c824993905af4a9f99ef132e60bc36e37038116512a2ab8f4e58bffd4
BUY,0.001,1000,1730752419,Yes,0xc7a7bd26bcd99d35b917342f0819575c034f06f7bfbcb1ebbc73948399d8eebc
BUY,0.001,990,1730749177,Yes,0x2a0811e7c0dc83c98cdf9e649a0f97f32afa6b93b73c20582cc25a2e7c0599b5
BUY,0.001,5,1730748863,Yes,0x3776372f8c54ec45d52a0d81c693b698a3ea9c217bed6d96c9e1147098a73174
BUY,0.001,1050,1730747805,Yes,0xc6bb9db4e9df793f647bc289021c055aff7430b29549535b6f62359f9daaeb1e
BUY,0.001,1200,1730747225,Yes,0xfb9eda3867fcccad624aa18f9d0ee5b24668c371af00a7e58d12060fae286aaa
BUY,0.001,50,1730744829,Yes,0x3421f2ebf4439eb8a9187c4e53a78945d7a8e704d10782318f14ff73b8153020
BUY,0.001,50,1730742315,Yes,0x9b6e6595f33ebfb1aa290408aec0b69eb6df572448ca55acdecc68345a5738a5
BUY,0.001,1020,1730741467,Yes,0x5dcc4fa2905732cc3aff56f93779dff7e07c5cee7fa5a3e6f70ba3b801392443
BUY,0.001,5,1730740573,Yes,0x1380032675824ed3531b9cc85838c5377326986a5d46294ac2541dc13d30af01
BUY,0.001,5,1730738886,Yes,0xd71867b72296eef299efb0090add178ff1eff80d0b3cce1262215cca3a843462
BUY,0.001,1100,1730738092,Yes,0x526b38a3ce24e25aba7d2233c5213570c54303ec15e0eaeba6b2c3ce9783c53b
BUY,0.001,7,1730737566,Yes,0x60a95c0ec7a924f93d580f1f02140157f40bcdede4d853a30db7e635aae5cb71
BUY,0.001,5,1730737076,Yes,0x298a0f4ba8cbed34976fc53555d227723ffd0b53608bbef8651b3d731966c814
BUY,0.001,10000,1730733988,Yes,0xffc0630de1882de060ceac5691ddb13cdc89ac3e9a8f5932ff273a5d104e9717
BUY,0.001,1120,1730733918,Yes,0xc0cdebaf1f0bef5dce0c33df094ee978c6840d1035a03b6b84619e9f2b5928a6
BUY,0.001,100,1730733362,Yes,0xf94f1799267b0e5297e5de69e5f01c076eabb63b579f146aabdf27ec563c80de
SELL,0.999,5,1730732370,No,0xb87751c464fe819dd81efdb3f00b95439ebc887aa07e22bc9f144bcd9313ff48
BUY,0.001,1060,1730730852,Yes,0x571811c4f19b2260a52481617445f74fd05303ae3bfbc3adedbc59019d4d0dcb
BUY,0.001,1120,1730730750,Yes,0xf8d7011f324c227916ea8509c6e0e15febd69306fe15e2dae90b49f4f343762d
SELL,0.999,5,1730730222,No,0xdfc1bef081af5fa2faefa3a06ed919e99eccfcc2be1143467b69e592a09b289a
SELL,0.999,2,1730729934,No,0x79d7281f0de08f7e40fb77bd713ae614eb632a214466ed43503415e794ee37e3
SELL,0.999,1,1730729786,No,0x95fda88f24bf4755cd296a7ef08cc8e6a3e513f427c425274e03784c6dc8af59
BUY,0.001,33000,1730729744,Yes,0x257a0a9a96330047ee6102b1a75a69c12be217a012f9d905b65b9ce579ecdd4b
SELL,0.999,3,1730729486,No,0x55815ff74c9543ae401e7af712b383b9fd8ffe2335376e3d65b62a06a2f81674
SELL,0.999,4,1730729370,No,0xe3e8b4ce4273e590f2f7375462de44acd10995e034a2f3934c265274a3608454
BUY,0.001,1010,1730729274,Yes,0x12777046494407292fda40e399993c133ca50c1b39182b79f6c05aff3d716cbd
SELL,0.999,2,1730728964,No,0xa213bf4f491151cc21b883afa8ff46722bbb674c75a5eabfa61b01a7654ef8eb
BUY,0.001,6,1730727746,Yes,0xa2b9ce24b535e315d26fd201587dca425359d3da45a30394d6becaf3d6929024
SELL,0.999,4,1730727598,No,0xab4f617a958fe59d3d2d9d2c90d654483ae0bc1917f70981b2f6c8637f7718e9
BUY,0.001,1050,1730726752,Yes,0x3fcdf0f4b6f03bc98777453637f340f6e0abdda8a118317ef384cf97e53cfa90
BUY,0.001,6,1730726610,Yes,0xbafdf98c324e4ad2632e99ddc427dd133c5bd16f61f0f44a7b1a2eda58b19d68
SELL,0.999,6,1730726266,No,0xd895d4b35d4e0e6e2d2b3863008c18c410f46c9677d2d32393f92be170190976
BUY,0.001,5,1730726090,Yes,0x2a41b4e5805008647f3d1f4d6f808a1c88447f0e6a5b72ee87ec424a8b7ded58
BUY,0.001,3550,1730725444,Yes,0xb10619c933c3b332cedb465980b4f9d13bf2977c52a3ebac525efcca710b017e
BUY,0.001,2000,1730721670,Yes,0xae5424c8622e5f0745e8c87603c7295d70ae511d9b71082fb6753304fd6a1881
BUY,0.001,990,1730720792,Yes,0xfae63a8cec8cbf955f1202413692ac89490d23fda8a059a5a3250733719f6486
BUY,0.001,10,1730720196,Yes,0x85164f0e94f9674717086297db97f29fcf81fab432f9b2445238fb9ba7529d58
BUY,0.001,500,1730719815,Yes,0xe324d99ecaaff6a40963a265bad32bee769400793e322c11f5a54a323fee0c20
BUY,0.001,20,1730719785,Yes,0x8686be1a16d41737b927b26a152e950a6a626238c68ed3e3bde00422ee2d9e7a
BUY,0.001,5,1730718767,Yes,0x13d6d8bd39681fcc22deac539ce0d4a6dd61b36b753df0fde499f4ef907f0d2f
BUY,0.001,310,1730718767,Yes,0x8bc69af4f3c7d86235cdfa9af7834f3a4ad9f54658243aa340ba018d6eed27ef
BUY,0.001,1040,1730718245,Yes,0xa58f43807e223e67da0c5b1021795244ff4887b45cf8cee42ee197f3c04fff86
BUY,0.001,1420,1730717233,Yes,0x526f173203a908bfae572e2934d98f5ff3b13e52c8cbcc72ceb5ac30d5464259
BUY,0.001,1020,1730717019,Yes,0x15663d6ad1d89c5d83d98d3fa958ef1d53447272bcf73c9255efbbe95463af54
BUY,0.001,1070,1730716359,Yes,0x6fa082b25ccf187d0557b695cbfe2e53cd740ee3f11b37330694c16f6cd3d54b
BUY,0.001,1090,1730716039,Yes,0x7ee89d317d2db4ab1002061b0c648c34d664375a81549a25b4232d1afa1580ce
BUY,0.001,1060,1730714537,Yes,0xcd5c7f3ef39c34e48344ddf6f8738fd69562e94bf7144afe2b994d1d9b642493
BUY,0.001,1000,1730713949,Yes,0xcf3da7f524124d5e3f4df5b95c12a8730b4a0a2316c2624813c2c58bdab10654
BUY,0.001,20,1730712883,Yes,0xe5626593b462d416e2bab4f5dfd2be995f8d43d03ed9bb1eeabccbd0f8024cba
BUY,0.001,990,1730712435,Yes,0x6ce6e434e682ae5a9f29012a5baed691009830be7ea9e79220959cef02619b10
BUY,0.001,1040,1730711935,Yes,0x00404a34fbb63ea846fc4e27a07c6157ccab1f902c89f19faa553da61695c40f
BUY,0.001,1010,1730711669,Yes,0x62dc99339130a7129f9a9eadb9baa1345c107246263cedc11c43a0ec4be69a82
BUY,0.001,20,1730711365,Yes,0x9ccdca52c0671d074cf502d786ca5b060c21a63df89a8562c18b33cc4c4b1804
BUY,0.001,10,1730710613,Yes,0xef349b39c375e96e615fbcdefc275c86884f4132de15e1e86cea912bd1bfedfe
BUY,0.001,1080,1730709609,Yes,0x533971e52a197aed83a6e781f8eb667f79a8fcabb23e31e5770b39f2a2bee9dd
BUY,0.001,990,1730708303,Yes,0xa22aec4f3712f71be6cce7d2fdbe3c20f606b6ec545340f9dd2878677d04d88f
BUY,0.001,1040,1730707005,Yes,0x61ab4b934c8bd300c4b9a5ba0f4139bb898790ef6799dd81627a1644c4fa6f4a
BUY,0.001,20,1730706847,Yes,0xefc2c9eb8d04378216a87e59a912979f97008deef49862598c4d8037a727ebde
SELL,0.999,33.03,1730706455,No,0x18f299dc18607e6f305376ba3f58b7c450f13d29562c932426cb97fc2a4cad1c
SELL,0.999,20.02,1730705835,No,0x31afa0d5dbf3f03edc022982bfaaaa8733352ca756a38aac0f8265ba0d46e69a
BUY,0.001,1000,1730704929,Yes,0xbcbbe498a19e2be6446a4b9d3882e8dfd6b0bd98b4f3bf342ae211cd4c33cff8
BUY,0.001,1040,1730704879,Yes,0x518a7689faa7d010efe7ebcc0ec418d7b1f49c0e62fb7eb3a125bc4b27eb47ff
BUY,0.001,202,1730704083,Yes,0x3eaf70441a2d751632dc2a1345d40587ba279b0f4f234c380a0a11a8e3c8ee87
BUY,0.001,1080,1730702894,Yes,0x1d90bae0e5a217f9156eda053679ffde3685f6b085a55cadbccd86baa9fd4190
BUY,0.001,1010,1730701390,Yes,0x50d562bc7b320196122a2d136a88a1f5beb3b7f8f2d2e68c0b393919ea14e68b
BUY,0.001,1050,1730700994,Yes,0x616c745aee4e33d40cac1459f117c5b2a0a1f8d6d5616343f060d6a422f5cf70
BUY,0.001,150,1730700613,Yes,0xf5ba0ebb18556ab7794357e7a082cdc8ab965e7483d1c9fe639074541750cd3e
BUY,0.001,1020,1730700061,Yes,0x92f1878b77a6287292db976429a2c248104bebd3ea1af9d35e5b250c74d40da8
BUY,0.001,747340.14,1730698395,Yes,0x7ba1ace743eec30c8d960b64783037b530496771c20b6e4f7bf05170710d9adc
BUY,0.001,1060,1730697759,Yes,0x17f90bac4ecee2173d571438a5140beb78a808519d626c4a20efc0be3bdd3c7f
BUY,0.001,1040,1730696080,Yes,0xaaa3e5738a3b176b1731e92f8b12819e9ddaa9f4e3dec132d36cc4db14e28e7d
BUY,0.001,1030,1730695739,Yes,0x41d94440b4731dcd3d44d3f99387e88aa77c79cc7adf789e0130c716836f4c6e
BUY,0.001,1010,1730694217,Yes,0x9868861dc23559b2105dc6b69ce5d25952a5fa3eb56810c11ca8bfedf9075509
BUY,0.001,1020,1730692362,Yes,0x09fbd4c460fb37c9729e5db5844ff02b06b51a14f6f3dbef9baf5b0cc51c6231
BUY,0.001,1050,1730691958,Yes,0x2b3bbf3145452f32bb5426163c728e500e25877cb8e91b9b0be19c3fcdfac4ff
SELL,0.999,14.09,1730691356,No,0xd343b8b72b6925d4393eb58f935c47829e5b4f3bfddd3bbb647fc34946f99b21
SELL,0.999,13.09,1730689478,No,0x4f0186523f931716f6efcb71ea2a92759f03fa3bb54ca4b344b493874e08157b
BUY,0.001,1010,1730688610,Yes,0x54c8811c4992ddedcbaea49c7bf777c45f548d6e87dc1e9a86ea733af0922f6b
BUY,0.001,1100,1730687573,Yes,0xdb57647fa73cceba16f3e65e6bf81a803147d64b9d53ebdc93cb79ab65e57530
BUY,0.001,20,1730686849,Yes,0xc3738a2a6d8f68c6d138867fcca95869ba8e24eb9b54a5c5d5f40e60897c026b
BUY,0.001,12310,1730685804,Yes,0xa769a3a861c992da1dca0e85f6015f6dc7ccdd2fb6ab8297a1ed1d09444a96ac
SELL,0.999,21.12,1730685360,No,0x2d55c205a38df3fe673b52ebfbf3cc8dfc24ab32f29c49009d3e989746d35df1
BUY,0.001,1070,1730684598,Yes,0xc3fb59198726937d70c86b46993dec09fabcd042c9a1bf7e390d4153b47885f0
BUY,0.001,20,1730684470,Yes,0x3a8e38227d7785ac47b47adad38cead823576cf9546003af665598f55ed76348
BUY,0.001,1020,1730683153,Yes,0xc0c5f808fb2f0e3c97621ec23025b9dbc99b7cdaa33f54f9fe1eb45c2a1866f9
BUY,0.001,1090,1730682041,Yes,0xecb90527b139c1ee6c0449654513bde5883c70496bf6b6b59649b9fa27f73c54
BUY,0.001,1040,1730681959,Yes,0x15367cce6484e3666ef96858867feb9f68e48c69243429b4e0b3ef3977a1157e
BUY,0.001,20,1730681199,Yes,0x5de67cadda1217730151ffaa3a456deb10a6e69b4a10dd4cd0734e70c98318f9
BUY,0.001,1000,1730680187,Yes,0x58a4066a15a4b7b825a4197e9cd7b6921af993f4322b5c16e1a68875f347a703
BUY,0.001,1050,1730674566,Yes,0xce1a33ccfb1378551e7d43aff57fafd2d52f3bb40be4edb89a6d7754165fcb9a
BUY,0.001,5,1730672531,Yes,0xef66b9827dee6e1f3b63bc18ff665fa5fbbaefb7f40745a8ea6b9ee1c0dbed82
BUY,0.001,1040,1730671898,Yes,0x4d0571a2e0bb9e47308c309c0c9a46df059529ee0ae8ff6e17734ad5ae546d64
BUY,0.001,5,1730671460,Yes,0x3522bba10fefd61eee3b39dd43bc17ef5835ce336cbfe0a578b9b05d6871e8d5
BUY,0.001,5,1730671022,Yes,0x423bcd56898c510940d99cb144fdbb5d6d2e41c14e9f5780042ed66975af5392
BUY,0.001,1000,1730670830,Yes,0x8731054272e1eba69119cfc5f12bc0168ce088b755d57fb379bc641db5c37f13
BUY,0.001,5,1730670690,Yes,0xc867ad27c1df280a96400e0a283b800d33cd53b5c263f992864cbf25ab06f26a
BUY,0.001,5,1730670580,Yes,0xc82a3a8218e2ae984ae0be923949c44b58b0ef6e530b49a2ebb5f944ee60eb22
BUY,0.001,5,1730669922,Yes,0xdb6079b6a83af9e3045eb3d9e098eb4e9169973bf45a9957a418108faf5ea90c
BUY,0.001,5,1730669622,Yes,0x26854c45f80191d2756406ff22f51240f4eb97979cd85195cafa9a4d1bcab66e
BUY,0.001,5,1730668784,Yes,0xf9b1d1ecc6ca03513a244fbcf7e00932d45135a22ce1aac592db58e80e2a7102
BUY,0.001,5,1730668505,Yes,0xd988b4b2d92485bacd109740e4897e855bff90ca3e61ea3d18082b4306fe0678
BUY,0.001,5,1730668483,Yes,0x9e6388a70e249b63d1ceb6bc1c8d2c5d69315778a1652968811238780710af05
BUY,0.001,5,1730668163,Yes,0x09e76f3b1f69679ef8273ee9fe8a621256a0549be9d400dd38b786ca52658e79
BUY,0.001,5,1730668139,Yes,0x3ab50b797c107e06f6ef16eb77e813e8321c23e00d2cddeb9f75f86df606bf7b
BUY,0.001,5,1730667635,Yes,0x579f8980f5dbbdce7f85376ccee772d5c8943a8f6b84e77049107bfdc4748f55
BUY,0.001,5,1730667017,Yes,0xca14141959d2048c9f9be498bd3101b29856aed15258534ceb79d848182c06ba
BUY,0.001,5,1730666602,Yes,0x76e9a51ec7b832259455fd938101e391714409837f17fb8a3580d8575cd606f5
BUY,0.001,5,1730666169,Yes,0x0800b938977c766dcca7f75c4c67d65cf4ccef96c4c6686464663b337a50c8eb
BUY,0.001,5,1730665817,Yes,0xef99d723a932807b92d584aaeebbb37c670f59c12ec7963be619f4c0c820fb5f
BUY,0.001,5,1730665399,Yes,0xdd9ec1e4b6ee00fe12a89c26fcac6c0eb21024899349b7163184bead26f41564
BUY,0.001,5,1730664855,Yes,0x977cf941e37e73917368d9e15baf69fc7c405a5816d88f1b64cf6e97af81a7f6
BUY,0.001,5,1730664419,Yes,0xc53d1c38524d0ef06550c291f09f99d4ee5fc7aeb173620116d73393fdd52442
BUY,0.001,5,1730664391,Yes,0x34728c4abca90b30e87997da1d85fd5424b916562eca13371b3216f91573b531
BUY,0.001,5,1730664143,Yes,0x2c7fc1690661c87dafe36484d8d2b6b634f813d1257056fdbbc751b5620cdfb6
BUY,0.001,120000,1730664071,Yes,0x6d83f166f11498db4f0a127ee2f5772f384d4443274d24ca9435013a1aabc606
BUY,0.001,5,1730664017,Yes,0xc3d029d199029d090dac6cd4bb2b757086cd4418b5b81037d54f0634e0af28c7
BUY,0.001,5,1730663772,Yes,0x525d914b1b589a0937c3166766451249ec58918fc673d767c00030adb38972a2
BUY,0.001,5,1730663333,Yes,0x0e5d85805f39ee7cde51b2cbe1f6175dc8ece6d412b8dbe8db1eb721efa498af
BUY,0.001,5,1730662987,Yes,0x6504e761977ab4f055c95c3d2b31732593acc1835df0ed6e645761c900e2ff07
BUY,0.001,1320,1730660355,Yes,0xe3c9ca8d8f0f41771f4928436efd8f578f2d5fe791c3c43ee1301139c7373e0d
BUY,0.001,3250,1730657028,Yes,0x2795369b74143974409b57f5edfe5c295a08850d534221bf0c18c480fcd474ad
BUY,0.001,5,1730656852,Yes,0x17c878181c0ce7e5655267b89dc5578de2eed4dc73f4f0c2cb8106330254618a
BUY,0.001,210,1730655611,Yes,0xa5b173124f66c8abb60bc2903705ad2735824af434a32d45abbfd77918418028
BUY,0.001,5,1730647339,Yes,0x8e53fe62635f3c438ed1cd1936d5018e25a134132ecd58c1a30c9b6dbd3b1f89
BUY,0.001,5,1730644239,Yes,0x7a4ed8630d41ec5df26961b329bedfbc63c63bba0886a393875a103a194752f0
BUY,0.001,5,1730641323,Yes,0x208e1491f294c578949012d3ce7f8b25853769c48014cf42559ac7967d5f7eba
BUY,0.001,60,1730641071,Yes,0xd328cc0dd893c9413fe43e19762035424b6250406316f263811e7007e82b1f48
SELL,0.999,2,1730637898,No,0xb0e0cbff13851307b030e75b009b979068330acae90d28f9e3791c4f651a9ccd
SELL,0.999,4,1730637135,No,0x6c74b3c212da46f954a9182cf77f001fb69d68b0489727efcf8459defc131d54
SELL,0.999,3,1730635044,No,0x6d08fd6be0f8ac9d618018e54a99fd0652895106db55dba2b45dae3a3e5f15e3
SELL,0.999,3,1730634394,No,0x11bcdb578eba29ce710da8437984c3d69418c2a856d22eca1f7ecd263081474d
SELL,0.999,3,1730634077,No,0xde49e5e74c7400e8c34d6fbbde8a56a75c72cb5c7eebc8ce1f6b054c002e7e62
SELL,0.999,3,1730633929,No,0x7bbd69e06e0a6a8b893e70271e1d890f2e94c68facbcb096c63ba784d9457aaf
SELL,0.999,2,1730633631,No,0x62d1cf5446d3415f59d32faff707c7a873592be21c86e59674fec3d5f4c7378b
SELL,0.999,4,1730633479,No,0x10244201d799e9dece617b3592fd6d3246c7349c48e6bc7a4674c6865bb9c0e1
SELL,0.999,3,1730633341,No,0x694b82c9bf6141790d691a96bb9bab1918beedb768c50d31eca0af6c7877f603
SELL,0.999,2,1730633210,No,0xcf46d3bd09d14bc42ca8b9f6a2023350b95baa46ecdeed2ee5f0538a4bdd7f47
BUY,0.001,10,1730633120,Yes,0x698f7c347a0a008224317b82f65dc389f666306c2f2e6c01da98f5ac00d63c15
SELL,0.999,2,1730633040,No,0x53a15ac19934b5ff790bd295c2e80a57eb955d31d0e4c32d284fc4311f3550e4
SELL,0.999,3,1730632866,No,0x314b9e83656240974add8bb500c7938034381f8aedc55ee3172268f86a44a616
SELL,0.999,4,1730631126,No,0x738efe1a9460cfea17bf4731df44f99021add9689161ab1d3d41a23ec9686627
SELL,0.999,12.94,1730628786,No,0xdd1103c812222a671241a58de7e13997a53ae2d92edb3d3cdc537e63dd3fc06f
BUY,0.001,120,1730628684,Yes,0x0da56454815a01f512158447bb1270f3fb970c2abd3cfcda62789b49f35124d4
SELL,0.999,10.76,1730627420,No,0xacebbf698c0ff9bd0f677495f09a6a2a5a42cccbec68f27f746f0e14e0ad3cbe
SELL,0.999,11.19,1730624227,No,0xe33011b384383dcb7d7eebaf83821a4c58ebde40e7aa9cbcc842e50d0057600f
BUY,0.001,2000,1730623575,Yes,0x3e2e2655c837e4f3412fd3ce7f03a73c4c8a8248e645c4c9c3e13e692277005e
BUY,0.001,10,1730622917,Yes,0xe553996ccc8735cd45c0f75b63aa78621bd1ca5211c644ddb324f76e57eb8d05
SELL,0.999,5,1730621767,No,0x0f69ba50dd415809aebade17928c117076d0d9e711d37daaeb1b039cb3b904d3
SELL,0.999,15.01,1730619310,No,0xa8a4816523377af11084366b5d6df413b1fd93309ba3b72fdbd900ffb4896ea7
SELL,0.999,5,1730618328,No,0x58d31fff800bc351b78e74448cd3861bd4256da7335cbbdbe6a0d3763cdd589f
SELL,0.999,18.01,1730617244,No,0xfcc95aa6b2fbf4cc94cdb9863bb469beb7210dc547d23e1e514b8ad256b2da7c
SELL,0.999,5.01,1730616413,No,0xd5e3f6c0bdffb0ac23e1b41153aefbc97d05b93d3bb40463c25bf77f5b66e0ee
SELL,0.999,12.01,1730612864,No,0x9c3932f11c080762389c8ee32a3cc57ea25a2cb2438f2b20bd90abd7877cf44b
SELL,0.999,12.01,1730611330,No,0x311baba6b21182930da802dad4a7c14d3d3f54b0314b70c39dbaa6c2f8617e18
SELL,0.999,3,1730603685,No,0xf3c8cbd921bff239f6239cf1a3fc7b32771b2473a9399fda562e7cce405f5d7e
SELL,0.999,2,1730603235,No,0x3bae5ed662d049a776c3138cbc7e74c74bbe05a47cf2eacaa17b4765456ec8b3
SELL,0.999,22.02,1730602663,No,0x94c983701b5cdead9c3e70700b760541b5e445e567110eb6e96558ce2ecf5e76
SELL,0.999,15.01,1730602301,No,0xabec030b29e21fcb3e5878de9fd31bcb16181a355703600f710c092a225f0942
SELL,0.999,22.02,1730600932,No,0xf9d0c8341ab5f9cc0adca691c2bd09581b92e181fbaf718db053fab57b010eca
SELL,0.999,18.01,1730600784,No,0x1519a46ac4483c33412da43b33cf067ec637e534178d84e0f164c029ab5f5fa2
SELL,0.999,24.02,1730600064,No,0xbf467045af9f4324b84a2ab13d2c0e08247843a330a62041f44d76eac3b6dcbc
SELL,0.999,11.01,1730599614,No,0x7f6cb45faa96ee5164978ece2d93fbd55a806b9998da9ce01eeb88a5928a752d
SELL,0.999,5.01,1730598475,No,0x8fbb9c601e6eeefb215f88d25d18df501aaa1c18afef01b1b7ad097a4e310e36
BUY,0.001,500,1730596780,Yes,0xb11b5c9f821c8de52c029b8430bae3cb5d8d7087f5a10d8c5a4e8afb6cfb66e0
SELL,0.999,20.02,1730596750,No,0xa719bd8620df016fb3f3f2d0125c09e9ccdee2770ff2a563955e7da02cdeca24
BUY,0.001,10,1730595195,Yes,0x7adc4bbe2eeeb1c9ff81d816a173cec4d58a8ea504a309eb96c6e2183bea7486
SELL,0.999,29.62,1730594660,No,0x04b56ee76e2dfa0017cf8502334e26776157e17ac838b31bb1aacdef61674dfe
SELL,0.999,10.78,1730582512,No,0x969e766a1e5717495a2cd0800722fabe64107643aaeb41cc5ea41d3ca33597dc
SELL,0.999,11.39,1730582004,No,0xcbc2c254d0e3b9adc2e5b7043eea447637f680b8b5ea9ceb03cddc0bc4e54dd1
BUY,0.001,22,1730576563,Yes,0x9be8b071551b7f2da7a1fbf77011d75aed60e4efc073ba4c8e65684f0d087757
BUY,0.001,80,1730574901,Yes,0x176b732c3c6278d42ca7f027ca1b6695d26d338567af727843ad8e73e5e301db
BUY,0.001,22,1730570909,Yes,0xdab88b7e0b63e5993437138278d6b81e95a8210feb2a75b0fc3d278a36f245b8
BUY,0.001,22,1730570393,Yes,0x563484aa31c5cfec1b873585524cbd7f5d12434f015d8fb10c48751283b80329
BUY,0.001,22,1730569997,Yes,0xa8804b58dc2fd6dbe125db6f5ead6bb5c37acf9e4e2a9d6a4de993f6ab1b7986
BUY,0.001,22,1730569605,Yes,0x77a641750a3c6444cb8788a16f7d4a8bac97040831db7d503492cddf37e6727f
BUY,0.001,22,1730568947,Yes,0xed367cc7949cdf846f73758a148b44c3072a0cdf04423261051cb5a40b0f46d8
BUY,0.001,1000,1730568797,Yes,0x9077d2373e323e7c7724a38f504a93fa4d862679924d90f874d2e872d4d89e3f
BUY,0.001,22,1730568381,Yes,0x5dbfd4ba838653217115079bbffe616e70243b3765a95341f18b883a2e55a76c
BUY,0.001,22,1730567883,Yes,0xb7f56216d4e75e5199eabe52794144821e57e63f0ab4386c416338040951e822
BUY,0.001,130,1730564220,Yes,0x488eff95277b7ec64a28c0ec67d1e173e7676d595e658da9da1e4b783b5fdb62
SELL,0.999,3,1730562446,No,0x757be4debccf47fb4eacd37ab50a5daac99a4ccf6fa2ab3eab282259672309d5
SELL,0.999,3,1730561578,No,0x879866492b915bcff94a624fbe53a21d8cd52b888dc675600c320c8102771916
BUY,0.001,10,1730560918,Yes,0x5d60794ef166e6296267d1582260fae65493e8f91cdcad2db49b7fe2272c9089
SELL,0.999,3,1730560163,No,0x641536e67508c2f178d80d6b8a9b1f36a4d816fc2af516609842d6163be97828
BUY,0.001,10,1730559777,Yes,0x1499bb1fad55279c4b3bf4cd6947e1fdf9a2ac21c059c1473fe8c21f6fa9e865
SELL,0.999,13.01,1730559296,No,0xa8bcd60ed97fc76b87959ae62372a09ba7edca376a56081fc5d6acd146ab38a0
SELL,0.999,5,1730554061,No,0x33f106f24d3baba8f3142bba86e361ef067317bab2a3e2d4688cf1e3e9a40eaf
SELL,0.999,6.5,1730553358,No,0xce0dda3e7c55e8cc65b9d010af8296dc52c8dc5ef48ee2b77de1171e5cd36b4d
BUY,0.001,5,1730552122,Yes,0x8c77514ffc0a0a5f178d3cffc23ba7397d3ddcc6b2bf5deb475a5c5301c335f7
BUY,0.001,10,1730550949,Yes,0x36501d73102eb5394a3f6a2c1314d6f62e9c4995a6234dd6e13a5a2d9c76d217
SELL,0.999,3,1730548741,No,0xea564ff55a7f3dc15d8898c97e9c5a1957af1fa74ddf38f85420ef1fe6523b05
BUY,0.001,1300,1730548503,Yes,0x3604e657c5a84e0b1cf7c9c9e271dd4a4de0bdf1e1d0cb34fe50a09c1ae475f2
SELL,0.999,4,1730547687,No,0x47ae371333b5252dfc8c878eb4f56aefead423eb72aa7a4630d81318f04fa2d7
BUY,0.001,6320,1730545189,Yes,0x8ad26c7cb64248b41c2924313610334774c8ce4a0039f1bd874d822cef9e1f78
BUY,0.001,950,1730543447,Yes,0x0cc6844e1be57ae2fe6f75efb42b8d9d65435384ef165ee677b15954be2f1f42
BUY,0.001,1000,1730543329,Yes,0x2ac8299225903e171a72bb21b5fb5bd62fc87f9c44955285c93c4392f4911894
BUY,0.001,2000,1730543048,Yes,0xb84f58bb70f0df9ef3ae9ac810a9101f573dd381de93fecd2a99d2a4c4414aff
BUY,0.001,910,1730542988,Yes,0x7038afed807f636d9a24b9ca4f2c282d2a9ada58a3613734ebb72e476c957109
SELL,0.999,18.09,1730541838,No,0xe222d5adbd2224070e24c2ffadaa21bdc9efc3a68cb8923069feea1c01c65c74
SELL,0.999,12.06,1730541564,No,0x95ba71eecddecedb41f544d94273f9b099813c4a4e517adc59f2ffe5b0ed783a
BUY,0.001,1400,1730540818,Yes,0x887fd6b51b005ae5cdb362649d997c1f69054ec3474754e94243805648e60fa2
BUY,0.001,800,1730540349,Yes,0x53e4ada163190eaa75991422a8c53a7b940441f1f2c4d82f120f4ce8fb5c6400
BUY,0.001,1000,1730539919,Yes,0x6afee02fe6910e5d34fc42dd8c65e3ce8420905b6087d25a658d07c85e1c9bdb
SELL,0.999,31.75,1730539883,No,0x143d32ea51716e2257c311328e6ab0823cca0261b8c1ac2e23f04afd0f26988d
SELL,0.999,4,1730537682,No,0xc72a50381f1f2acaaedc1030b518696deb7f27ee930bfdc8b364209633b78163
SELL,0.999,24.12,1730536909,No,0xb0ad67ab91612463116e071f3a174f1fe693ec9843da69ee47e0dad7e5dd953c
BUY,0.001,10000,1730536482,Yes,0x5531c3384112c22ca7634950fc5d9e3ff9effd38e610bbd696eba6a8e7624ef5
SELL,0.999,41.29,1730535143,No,0x293d3d8f49e19239ee9064cb3d64b9feff9c75d46c621f96bc4a96c0780a0cab
SELL,0.999,23,1730535051,No,0x815142fe2399fa1aba7809164fa8b914cca50bccd6a126b6d07466f41dfe838a
BUY,0.001,140000,1730534700,Yes,0xbea5704bfbf94d6f6502f4e5fcdf6a0a9773936213eb76ef06815b00103167bc
SELL,0.999,3,1730532078,No,0xbe965c47fad1f34d72612cd48da5105a4f7dcbba2240944b33521f7bb5337e81
SELL,0.999,64.45,1730530622,No,0x57c356b0b4bbe77c1d7def4f7c580c50666edf92e753cb1291d54df08e659914
BUY,0.001,20,1730529865,Yes,0x48cbb3578a0148d3d35abaf7821f0fde9422ecbd7870a3f34363dec1defde50c
BUY,0.001,5,1730529446,Yes,0x5c0c4c00418b7d9ce2cdcb11c8111b7209a97f96a721836c8cd3c61760f4e545
BUY,0.001,3500,1730528608,Yes,0x38ffe01ce79bbe199f16d00a4deff2f307a53baa0ac2186e54c72d16e47f5f3a
SELL,0.999,5,1730527659,No,0x9333e35cc792f25f2169fad11c8dc4081bc6c7928b4de998792ec7e6ab5b41e5
SELL,0.999,18.02,1730525593,No,0xdc4d7457301c91f76dc42f4e109281a7ef202f7380e09eb1393e987b126fb524
SELL,0.999,19.01,1730524817,No,0x912a3b7bd99665e6b36691fcd36004f8665ceef1e9616f34440829f7d0f10fc4
SELL,0.999,3,1730520045,No,0x9356a1d5472f1a905e17ec08a48aacfc6aefa421b6f11ac07143c4fc2f0eb305
SELL,0.999,43.34,1730519371,No,0xe09aaa6ee559692c3eb23ba63a42c063ba7df6b7a318026ef6e53456db22b0f3
SELL,0.999,35.28,1730519083,No,0x591a435e6f81438cecfa3eaa152643a688873759a92e847804143477746542b8
SELL,0.999,3,1730515797,No,0xde0fdc9e32272b0ec970432209873be4225c9b2cbc5e85877a2e7409f48926c6
BUY,0.001,10000,1730508786,Yes,0xd60cce61c931b35e0ac3912ca8e3578edde6ed47f33730c76618b97c2103ed55
BUY,0.001,300,1730505045,Yes,0xf6f27a013e9bfc54f11da443d9e9474858cb009d39dadd1b4670234696d949db
BUY,0.001,2000,1730496930,Yes,0x7377dd002b8a9e8c30cf077d422cddea083ed704389af36a0ed40c5450cf067a
BUY,0.001,1000,1730494094,Yes,0x9fff976078f11fb9e9bf28b5ba6360725b5a718e1ee56b64106cbf5b547ff4ab
BUY,0.001,310,1730490356,Yes,0x25f47b36423fb1a479b585f2ae211e795d9b481dc7706f427516724366f12846
BUY,0.001,1080,1730490240,Yes,0xb8ea11caaad22e22367526902efecbf744cfac4c7745d2693b1f7d71763ff2ed
BUY,0.001,3480,1730490064,Yes,0xf58d41946d5a271785f7caa2fab54f580ce292810e7ab921de01d66806d9907b
BUY,0.001,2000,1730489782,Yes,0xa776325cc1ee9e1aab9d9000fb9936df57c51495a3e16f7d2243ce3446d0d35f
BUY,0.001,1800,1730488940,Yes,0x037b9b21a75728fdc03ff3d34e11f72d70fe0613705bc3204f7c94877301f81e
BUY,0.001,1000,1730487964,Yes,0x19133facfa7c21ef415bd4b5dc0ede49a006a36f66c59436fbc6d4c81da6c0d1
BUY,0.001,400,1730487714,Yes,0x71d4be648a0344077d463b0558c1152bac937cbd25537a19abecd44d2b520899
BUY,0.001,1000,1730487396,Yes,0xa94fb68ab5115bd34dfecf04a0ebed923b6849e9bb5e94d29bbc8699350d5f19
BUY,0.001,610,1730487098,Yes,0xf577e04605e566dc391854d5f15d0fff9b206eeafa1063e745f781890e467155
BUY,0.001,1000,1730486718,Yes,0xdaa794f7382e507565d45b9158e2f6ce5e1aecc4191cfad241d478d463f5906c
BUY,0.001,400,1730486494,Yes,0xb77e75b215cac5e20176a16045f9342602de5076ea4593ba07c0baefc6e06c1b
BUY,0.001,750,1730485268,Yes,0x65acb2276feb313f5f1d120f93bf95531d9c72d93ea60aeef7c4d9caf6b03698
BUY,0.001,5,1730483066,Yes,0x38f889db9f2d84a41b8d10efdacbc438e0ba2680ead48e1fcda6d844acac80a4
SELL,0.999,842,1730483026,No,0xdb84be5713a8cae9dda2776cf54b57514fc92c64b1f0e0f5d9130a0ba4888252
BUY,0.001,10,1730481810,Yes,0x8aaf1103918df3c006d608728447254828a3ffe97e4299877412fa2bd456c716
BUY,0.001,10,1730481012,Yes,0xcc1f48027bc95b4fb9a56a7152d6621f46f9b07b67696b2bcb9e186a934d60d3
BUY,0.001,5,1730478504,Yes,0x2aaacd513fb6f48f8a382f051a5a895116958d68944843c975c36349b56611a8
BUY,0.001,10,1730477308,Yes,0xe42825209f2a9e0d706f4ab5b8e776ccd22c6d7215aac521b69dddaa40e925db
BUY,0.001,1040,1730473324,Yes,0x95d9ccea440ac43a9bbe2e1921cd2748e897f82f2ff78fbfc3bd71ac7a8ab192
SELL,0.999,3,1730470841,No,0x412b858160df1465b4afb799e8153a9562109b21b59401455acb96e1f8378b13
BUY,0.001,1010,1730469322,Yes,0x9c8e9c11fc4eb4c29e10b3e67b0fc8d2ff1146f487f23d63fc85b55011d27a1e
SELL,0.999,43.91,1730468418,No,0x703fd2391ce613224cc027c971d42263309d65cd6667c658a9ef9db213c8ce3b
SELL,0.999,4,1730468218,No,0xdd7a2fdd4ebcd33a0ac406bdea53077242cbad062952a8036b6f2ce3b97d7527
SELL,0.999,4,1730467984,No,0xeac80ddeefd56a21106c874ec17fadc49ae63b3f2beb55934d83d346169a9670
SELL,0.999,18.81,1730467946,No,0x1dcb6487c4dabae6ffd051bcc2d19ec8ddedad120526d33c2bdf45a97f883136
SELL,0.999,22.02,1730467130,No,0xa4047c6fb313eebe9f44d06ad87efa07b44aa74f1c4bb5f00d1c33b1ea266e25
SELL,0.999,16.01,1730466702,No,0x88d8eb23dd0b880f2fa3f55b3ce185545b376ccb47f32d9877e0e9711d25b5d9
SELL,0.999,8,1730466124,No,0x7144631753379a0a530dc3e96040888a2e22ddbbd4898364c973e24e26652217
SELL,0.999,13.01,1730465275,No,0xcf6b640b3d31a692cf74d844b7194af989dabc167ea220a6397e4fad0822f491
SELL,0.999,19.01,1730465177,No,0x40a3000104d11308e5a2a3927cc2e22451bd8313645af09718683b104d012463
SELL,0.999,30.4,1730463877,No,0xc6c1b89fbeada93a60ec7540b095c3c39aa88a25a8857d7c1891b28f93760492
BUY,0.001,20,1730460369,Yes,0xb2187c1c84d9f2ce6073984b309e604ce5cba26c17e440539e22cfcef9db5811
BUY,0.001,5,1730458062,Yes,0xa03a23764b7e2bd5e9fc37a3dd5d57dc00c82e07e73a8c89afa07f26997734af
SELL,0.999,17.01,1730453205,No,0xc297265212de9247f8ff05e3a89c3599cba5f32ab56299cccb2fb62a4fd45cbc
SELL,0.999,24.02,1730452907,No,0x009e295e7dda0dc3d6a5f22d3311cd776d17ea4dfaacd521ea88820c72a11f33
SELL,0.999,23.02,1730452007,No,0x09202d5598d09df3b11a4e4a0839ab27fa0ad03eef0323ee6243ad07dc3022e4
SELL,0.999,18.01,1730451127,No,0xee5101ce0a38634d55b76c482782a5cf35218413dde30c98fe936f8f0c8e26b8
SELL,0.999,19.01,1730450371,No,0x4cc7b1a6ac40187ff5419ce32965549d2fa1b67268e975f97994f273a740a139
SELL,0.999,23.02,1730450305,No,0xd582757d35c6d9a6da02a25ffe16540134703e3db864021776e1516aee42ec54
SELL,0.999,24.02,1730447023,No,0xf601b23a31ec053d9bc15e0c14831effccb65aacf1df7760c2a8f1c0a9f8ae2d
BUY,0.001,2000,1730446899,Yes,0xb6b9a5672e7a8afcee003d54607b5b1f3ab016fa75919725e020461194db4a89
BUY,0.001,1430,1730412099,Yes,0x91a0ee94e66d3011aa6b4b11929e1e393781c7c7138d1687b1373f5c7aaef01a
BUY,0.001,10000,1730411031,Yes,0x08b85b7aa0cc862b8acce2c6b88da5ee5388917c84fb62eeb88e21659ca5909b
BUY,0.001,20100,1730410365,Yes,0x66c91181fc506d491d65afd9dd694a997a2c798bcc0b1b20f65ff08a6ca464c9
BUY,0.001,10000,1730409273,Yes,0x4da61d100a547a655ad828aa549d0c9fae06e360c914dc9042da761fffe53d79
BUY,0.001,3000,1730401277,Yes,0x42b4299266322cf492586ef4df275c20715bf466f867e4a1ff9df8440659a80b
BUY,0.001,1000,1730400985,Yes,0x692b9e8fc7a48d20c15dbb54139bddf6d770b3c952baea680717e4609dc845f6
BUY,0.001,3000,1730400927,Yes,0x5c7de620daa52a081af96a4fc863585e6c89e94a2a077e7497466a7139189131
BUY,0.001,1050,1730400671,Yes,0x6e6ef8fcc86c61c3be15491078f3aeecc5e4556577a91fba11406de7cb0d95c8
BUY,0.001,6000,1730399833,Yes,0x4ff8f9fa6c92f2dcf678791f0bee606a425a9c864f641740cf8314d5f178eaba
BUY,0.001,6000,1730399829,Yes,0xc3d4d487188c47e5a38a930026e14477475ffab298a13ef5a793c0dda0d54749
BUY,0.001,6000,1730397910,Yes,0xd701ad274f3488fed1b7672fd798f65b70c4309ff029eb0294b351ee5cc1a7ca
BUY,0.001,1000,1730396460,Yes,0xe6d653fec7e6bf15a1448375bc4e6ca85f9d79194db1fa13d302ce9078fcaef6
BUY,0.001,101,1730390510,Yes,0xc4f2fd42114f943e58c811423aeb976b95071d82071f627056d7b2f11b4440b9
SELL,0.999,3,1730389384,No,0xe2a827190647a4e065b49d36a55b0a792ce99bf64ed6d733b21381eac9f272d1
SELL,0.999,3,1730388134,No,0xcb747ef430c72e1e2d22d2f2a02f67af9791e7fdfdff9c2457433cc9ec585f72
SELL,0.999,3,1730387270,No,0x64b928d6f5586fde48dfe93f0331761ed6f48fffca35391adf938bb1326e78e1
SELL,0.999,4,1730386922,No,0x8538bacf4cd57dc009e8720ea887e21d63f47887dd2f5419242cb17291b41abc
SELL,0.999,3,1730385298,No,0x167cd2f3b26957e1cfe22a9aff5114c3c4d00d5d9a0827dbcd05e7d4569713e8
SELL,0.999,25.32,1730384976,No,0x1b64417313ff51fb07bfb103b5b6b241111703dd3608371490cb61fe5d8bbcc5
SELL,0.999,3,1730384836,No,0x333c21b8a9143882fc36087b9a8f201f245622896bdffd241876a154e9e5877f
SELL,0.999,3,1730384320,No,0x77391eec59904330dd70b390439eb59b7044f4a7ecf71872654c82e1d6624b60
BUY,0.001,5200,1730382578,Yes,0xa9e0c57e1e1f6a2c99aa17a834b932a7a6032d5a4fd122ab1a2bdf3c14c00b66
SELL,0.999,3,1730382326,No,0x6f30e1a8f8c5af10dd65610ea6de871de586a061d48df6cea115b4fc54fb931c
SELL,0.999,4,1730381940,No,0x9a9a30d53d1fb5880b12f3c192a1e9703dc6e1ef15e060de9dbe7cb2cbbc812c
SELL,0.999,4,1730381456,No,0x16427a33096ff4ce2d9af3a7608d411e9fba45beb8e3589ca13076f8773c9469
SELL,0.999,3,1730380764,No,0x9a0c2c617714b232414f11385ce36932d3cb5e40d88f29fe86d3d510792c8d24
SELL,0.999,4,1730380560,No,0xf4016db3af6e53efbbe7e9912170274cc8934b95abfbee7300ea79fcb5a372f9
SELL,0.999,4,1730379730,No,0x926b5188f88c1fdd6b26e4d3ea6e3891d8cecbcc72899f45edc7cb1ba0d4f579
SELL,0.999,4,1730379248,No,0x175b2892e7e0e7c94eb2d9ff974d320e63beac0c412551a5a6d0bba8c8096f83
BUY,0.001,4000,1730378614,Yes,0x37f84018b9918b68685ad94e5ad623a1fc3db27f4f5e4d770f4562eb9c7ab8b4
SELL,0.999,4,1730378448,No,0x6edf0886161855efbe3ad93b7697060e56b5f5c8ad9bf34d5143465ab8ad3421
SELL,0.999,4,1730378248,No,0x4fefc7e014a139ec479df5e2cf0d7f664c8c392b0c628c9a752f4c8af3f3823b
SELL,0.999,4,1730377374,No,0xc9d8e2b85769637e3bb7ee1a8ff2e3e02f37b32859fd1398002d80410657d668
BUY,0.001,20159.86,1730376086,Yes,0x62b4f2b9914b36eded596acd4830d7b6c9a8fad770a54fae2a50e9371482d035
BUY,0.001,350,1730370808,Yes,0xe6acecc43170e951972be76b2a47091840ab7edfe383fb4e19a1662a8871ba8e
SELL,0.999,19.27,1730364318,No,0xca716c478809a058cd2b8b6b1a74b27fc299be998028ed583fb120ec37a2acbf
BUY,0.001,6000,1730328281,Yes,0x33a3ca8727327bdea5234822b60d970a10f97c6207b583d60d8d83fd1ecc3689
BUY,0.001,5000,1730328079,Yes,0xb32b8fc2d9d9e3932487d86f7c848fe7d48105e79beef10ccb884e96730402fb
BUY,0.001,5000,1730320267,Yes,0xde6048918e9fc46ff061e3165527992d8880e55bf4210420f0eebc94b254bd78
BUY,0.001,5000,1730320265,Yes,0x886613f6569be3ffb80768cc57197ee39fbfc5ff3a417c6c3cb617fa966bc836
BUY,0.001,10,1730319049,Yes,0x0a67a4e6460f20be752f595f35d77a73d40e2052b79fffd904cc838443a30f88
BUY,0.001,6500,1730318307,Yes,0x19e13ad743cb4947fa7675a37dafe05f6e2704a90c7894f82467b4429657284a
BUY,0.001,10,1730317375,Yes,0x3de7498ee8e72af67375aa14e5b1fbd520d1e902165aef171fd53b805f7944c9
SELL,0.999,36.66,1730306908,No,0x52cc62d57e3cee3b5024eed70d08a5b41d8d4457aea5ca1bf3408c15462fde98
BUY,0.001,1030,1730305542,Yes,0x0da9001f980f3d59170ac6c0ec5d6864edfcdd47c6802c720464dc632668c67e
SELL,0.999,4,1730304806,No,0xdbca2833ede748da61bfd33b697c62acf103c5bc339b8615a32dddc2407445cf
SELL,0.999,3,1730304710,No,0xa32aee757a0dde64d42f29fd656ad41fe47938847a76d1823b34366e8625b0cd
BUY,0.001,1000,1730298784,Yes,0x06872f92e1e99c5b45fb43b16586e3a3d5f313849dc5dd11246ceabd38a27420
BUY,0.001,1030,1730298666,Yes,0xf3c93a8b9c2d40cb0c8dc115aa29add3522c171f4cb52ca6cbbff27198308b9c
SELL,0.999,4,1730290044,No,0xe94453b4f7767c3fca0a9c1ed87d64b7d68b22839e718885f99987a065d92dca
BUY,0.001,1000,1730283581,Yes,0x243ce63f7179f098800ad2a1565b0a4efa50545932f9bc2cbdfaba61a694f13e
BUY,0.001,930,1730282028,Yes,0x202e9e32261d6bb9a280374c25c4e4aa4c3a36a35bfc757459d2607a3a1da3ec
BUY,0.001,1050,1730278865,Yes,0x460ebe338a73ded5e4ef3717122982837854fcd8a4d5c7aacfd7ae2fa51a6c07
BUY,0.001,500,1730258599,Yes,0x7dcb8da61b0a1c70d2503f387d3844eafc8535ba7ec7281da1d0db7f1ad2eac8
BUY,0.001,1700,1730248849,Yes,0x90a48bb1fb297974cf678c3cdc52007cbd5c20779997a32408398e6faa8abd46
BUY,0.001,1020,1730237458,Yes,0x23750ade472dca3012978160df195d55bbf8848e2378ce99df97ba28e8110c12
BUY,0.001,5,1730220046,Yes,0xc105dc6f6a524c9b3b8fd0bd99ff56263a8fd0cc1ae7c7f491b5ce82e0fe6749
BUY,0.001,5,1730219522,Yes,0x158fdd26ce9163d49e6e538fc629fd5de7e03814ab9fcfa2d55e4afc62cbc9f5
BUY,0.001,5,1730218678,Yes,0x9a368cff6fa1379c18958f96090a82ac95da616307f4e43c4b95230efafcd36d
BUY,0.001,5,1730217864,Yes,0x7e979f5247d0e24b34d2fff655a5b0bbf1478579bbe6387adab3c87750de2174
BUY,0.001,1400,1730214742,Yes,0x4db22c6d68e4bd574e3c09e4cf1306e781e76ecc4aae4bff870a721d7975b671
BUY,0.001,5,1730214706,Yes,0xadfedd8994fc98c17f1846cdef8afd12b101fc5081d765d2e9532abf75ec273a
SELL,0.999,4,1730214132,No,0xe5e70a1e6f96825a71da58dd929a890b324a1157c72811b1c113fee79f65ef8a
BUY,0.001,5,1730210862,Yes,0x9d0af1e46bcf893250bcef0765ce244aba0bd1655d96fffc5acb570d9aa0d689
BUY,0.001,5,1730209968,Yes,0x735d43c958ca8e538df5580be12107fb66a870db4fb61d91dc46aabf1b51f5ec
SELL,0.999,1,1730208480,No,0x835218c4d198d590486a855b789840c02ce4c85d1e413e9c6cd8dae54ddd9fd1
BUY,0.001,1000,1730207926,Yes,0x85b53a29cfc4e18a954bd1f1212da7b324ff87cf3d3edb7a27280738ffb3f498
BUY,0.001,5,1730204116,Yes,0x1b9a0a53302e9175a25873a1702348d087fa3c9832d86df4483e48f058ece752
BUY,0.001,5,1730201131,Yes,0xc154e4e3e8d389c1ffc7f6b76c92047c1582a4322f6179aa3e8e7bde5206bb4a
BUY,0.001,250,1730200246,Yes,0x6ab5c56dc792ec9b6425a1ad36a1cc41f5c10e00823c711403cfd187d1304618
BUY,0.001,5,1730199156,Yes,0x69c0e5420de1d97255d4a17846d99df5ac1890ec7288c71c792a1dc5d870dfc6
BUY,0.001,5,1730198634,Yes,0x72cb5be9a835c5ec7f020209e9bf45599a1a2f66f53116fd6486eb9c2a3b48d5
BUY,0.001,5,1730195404,Yes,0x39f8e00d0960c24f1677ff02355ed14341f5ab353e933a80a8ac1bfb5686928e
BUY,0.001,5,1730194622,Yes,0xdcbeb0bf23114090da9d9461f3ac0777ebd2b99f0b3938e6aa96694bbf93747d
BUY,0.001,5,1730191608,Yes,0xbf8306a30bcc9d7cfdc5ee9770e482865c2295006399f14c2c4f1edb73e1ef7e
BUY,0.001,5,1730191180,Yes,0xf8d55261268f3b219aa79b68090c1baefef23280944da16a630d10a21c53c05f
BUY,0.001,5,1730187934,Yes,0xec91e8efe59678c4961d747205b97ebe56c122f45188747c4f057bb435a16c5a
SELL,0.999,10.93,1730183593,No,0x5f39cbfa7a42c79de84e6a4ce0160ca0320cc098c4906155e178c7900b81c310
BUY,0.001,5000,1730177313,Yes,0x0e2681d8e3d58c04e5878283ef4de3c412774b1cbf57548f0c93e6b9e2095788
BUY,0.001,5,1730174052,Yes,0x9fa5a18e33f78f327a435a99f292cbf50230a3ab0774d7cc0b0d54b25698420e
BUY,0.001,2000,1730151062,Yes,0x91341432087255e3b2c9996e21ccb26f521a597402fc12a761cdca795e67a7dd
BUY,0.001,1000,1730151056,Yes,0x26a80cdc79a7af81ba3e8b2c20ff9279a4c10f1f73c621e3db9836c4873bb14d
SELL,0.999,4.06,1730149918,No,0x96e11b930b14302ef748b4bfc89b9d17744377ab0fa0db4d6e02ec8241ad5934
BUY,0.001,1000,1730142734,Yes,0xc273c8ed5f002a8ecf9982da38ed5855f91ffe3ed9983e25898b960549e1e994
BUY,0.001,2000,1730139138,Yes,0x759ae98ece95670c84b4a1d35e6036d9d1502225c51e4fa0f901cd3dba56fee7
SELL,0.999,3,1730129640,No,0x17e84e6f6c570a2ca0502b64916d27a4d39aa83bdd9e013bd7fb46db1091d2eb
SELL,0.999,4,1730129478,No,0xe68e4a0bd522726e7d1c9c76d9760d34f68bce953eea7017bea9f54c50f3e648
BUY,0.001,1050,1730125021,Yes,0xb8efece01536e53140c835bf3982c781986da1f33369b4ac65da861cb41cdb2a
BUY,0.001,1010,1730124987,Yes,0x635af23325e7218d81bf9ed963b89d60067759af6f50141b4efc7d081dff23b9
SELL,0.999,4,1730124025,No,0x2674b174e8a7d392d88b6632e2e291c35764fa4457aa4fbebe84c4a027c91b77
SELL,0.999,4,1730122635,No,0xdf030ddcc120940daed639b69e1b2c8dca327cbdda7beb4e52a69d5ca9ef021e
SELL,0.999,4,1730121983,No,0xadabaa3259943465c8774aed653e848753499ddfab4cc0e787d108342ae5ae12
SELL,0.999,4,1730121565,No,0x8d7d2ed585e299c83f0dafccc2171053383c0c87b91ff03002b72ecf7b56a134
SELL,0.999,4,1730121191,No,0x8bdac07fc6906faebba4389f9c35dc764f6fc4acb72d2df69d4da184b4cd7961
SELL,0.999,4,1730120895,No,0xa8c1ca028dc72ea269d1fe7452fbe14c9b2e70464b95c56698e04af61df81464
BUY,0.001,500,1730110955,Yes,0xbeaa003963dedee9ea03f14de82b401e497dd6f8704c828d3247ad5fa0690c22
SELL,0.999,29.9,1730110079,No,0xc0b122559309d4b84769ce0e9b1655e614bc1efeab2a40c5221b7051de2309fe
BUY,0.001,1000,1730109661,Yes,0xbc5db948d466be0333bff45307294db4fa8c1ce846cbd0617763fb6524526b9a
BUY,0.001,1000,1730108917,Yes,0xdfb46141eb438751f555b698decee1c7ca7fb08e4183175fd58b51ae22d48611
BUY,0.001,1000,1730107821,Yes,0xf3d7ff9cabe42d60078b852e349ca0af70152dfe2b5fc269ba5dde76d969c9b2
SELL,0.999,11,1730092028,No,0xfde8b773fa21e731b7615f1bf1b8c36214138697bbb7b466b6592209c2205d21
SELL,0.999,1.4,1730086578,No,0xf39b40431c2decbd2e285cdc73cb137e9b3649643d49b8d8fa16eec2d825d6fa
SELL,0.999,6.37,1730050386,No,0xc2195f0a628af5e795eade1c3135e70727d797f3d14a5a602fd99dd08a750aa3
BUY,0.001,6000,1730043330,Yes,0xfdcdbe4f63bd40bdcf22bfbd2712e74f80d5f6f24228a08f24ef6d62a13b466d
BUY,0.001,1000,1730043290,Yes,0x1e8bfc1e5b63d2c44a9a51d6ede56724c1da5f632e1e8fee10c73bba26d10437
BUY,0.001,3300,1730042933,Yes,0xac1d6fd5b477882d9d7262a6d76bf2f8d3650e00aa0ab5b063a860cd9eded417
BUY,0.001,4600,1730042245,Yes,0x8c984e66c9332c1c672c68b0c864fb8ff97841ca1ee71279699bdecb225904a2
BUY,0.001,7000,1730041873,Yes,0x9c7a8cdaa9d9fb58f291b513462457f73979c2ddcdffd96ad9614f660177b4ce
BUY,0.001,7000,1730041486,Yes,0x9f742673bf104e57bc99dd3970462a0cf5efd89735a60490c42df8210b7c4b8c
BUY,0.001,12820,1730040599,Yes,0x21e9cc56c028c766a68a937b28ea6b464e1a1afa0c1052bbd05805ab571e40f4
BUY,0.001,1200,1730040227,Yes,0x34d027b250994a4d2267659e14e7024ff43f95a7d5cbf2558a1adb21ee9f6980
SELL,0.999,1,1730038201,No,0x188d12ebb72af8ad3e4b56486552ba92345a15c5965e4a29ea07c50aff547455
BUY,0.001,7000,1730036979,Yes,0x1808792147bf85eda9f776426efa96fdf79444dc83a62e34fbbf1ed42f92be82
BUY,0.001,6500,1730033982,Yes,0xd76895459da9ca96999af436a43c1a2f3b4c1ddfc8a9f71cf100909b59a94c7a
BUY,0.001,6000,1730033786,Yes,0xb013c20fd75bf1a643919c61e30a8e9d5b1e1bf562145e14d7947f1802812eb2
BUY,0.001,50,1730033434,Yes,0x418b5f8e7b7ba5473fee150f3b313aa23394abdb048836a241070653d4d1396e
SELL,0.999,4,1730033398,No,0xc82f002b86671e20ac664271929d636f7342da1f7cd8410a5d3af48c54ead09c
BUY,0.001,255,1730032131,Yes,0xb4a49a526f6863e09a4a7af17555ca6f102b3a3523c0667d5ed648acb0744152
BUY,0.001,6,1730031851,Yes,0x82ac867814681c2a19d86353a3728581d875794078b7987c9c0448e5b34334f2
BUY,0.001,2120,1730031265,Yes,0xa2035c7d7b8e443730ca1f4bca7e1c482b2c05c542f9e2abda17cb17d145f451
SELL,0.999,4.71,1730031075,No,0x5736308664204cc1b3620aef1cc611ef304453d295a78fd1336d9cba5055ba39
SELL,0.999,16.77,1730030619,No,0x2b6d5511b3f807ac9a3ddbf2e046be90e7d35c1761206e30ddb8a9a05b16bf38
SELL,0.999,3.76,1730025205,No,0x5be56fd23f1a43c61eab52f43781aaa30ad0c2c28d17cd68939676cb857a115a
BUY,0.001,730,1730023411,Yes,0x2c39027390d0d7183b66048c076368a0f85102aecc9a7cc94bd6f4bf75639644
SELL,0.999,14.71,1730022993,No,0x814235f5048672acaecbe2feda0c3da73787bc871e0fab8bda643ff6178e3b08
BUY,0.001,1000,1730020916,Yes,0x0d95aae9f1dcf2a6075869bd63f104583f6c40ade729a188c7ccf6aa547420fd
SELL,0.999,3,1730020710,No,0x9ae21e66ff8b23ade78b21c1f2bc3fe65d01006262cf09ac41a99ce408836d01
SELL,0.999,1.76,1730019662,No,0x693a7e132f9da55d5f505b869b6baa7fb6d420c455dc73c779410891dbb473be
SELL,0.999,1,1730019548,No,0x558e100729a2bd4aa9d4542815c36628c037fe5962131dd0a36bad94b0de2a43
SELL,0.999,10.41,1730002408,No,0x07772c10b5025e97814ae0a1b2be454d80f8864502c98e7d3807c7c0030b2117
SELL,0.999,10.51,1729995025,No,0x1e5e9745964f16390bf9603c4514923a2658217a1a4e49aaab7d4edbab1d25be
BUY,0.001,1000,1729978255,Yes,0x2a743e87292c088967fdecd16e8b4e31ab8e0fb22c82b67123484af476f0ce54
BUY,0.001,1020,1729978181,Yes,0x56ced3617c2b177acc17bb5b8d310c897f9031636f89ad7ee1493852d8528313
BUY,0.001,1030,1729977893,Yes,0x4a8616889554b5e029b7a9b9ba7dbc9f58a63e9031361b75bf89dfd3ea45a740
BUY,0.001,1020,1729977483,Yes,0xc463e90ef573afc8aa59414f2428eeb28f3a5989cd11c77ffb6a5ee3faa92738
BUY,0.001,1000,1729977135,Yes,0xd977390f544f5413b51c2e9e64baaccc3b1127256f307a413955e7ee2866281a
BUY,0.001,2000,1729976253,Yes,0x09a39f49b4a40f9d26e1b08144d49dac55ce36e803afa14caf849d9f3f5c0f2f
BUY,0.001,2000,1729974713,Yes,0x1996c1323c11a5bb310d21d55ee04ac38889ccbf1b676890704936a5f5fcdc1f
BUY,0.001,3000,1729973977,Yes,0x6ab04981550f3a20ded5bd90d8e1d16c60db4b4e51f7de8442c3ae38af717a0d
BUY,0.001,2000,1729973487,Yes,0x3ff66c7b4b1b86f9cb58eca41a7a046ac5d4e4f623f4112180979fd7863227b7
BUY,0.001,1000,1729973485,Yes,0x0269e98ec68797afa9553d2908268cbced77932135229455bc6ebd04697ee497
BUY,0.001,2000,1729972671,Yes,0xbfa809c5b3c47efe90c647d7dc36e7e6645c3cc5042731747cc672498fb6026a
BUY,0.001,10,1729967105,Yes,0xd538b1f871f4514f61db0468dbf64c3a9eeef3d1a1ab67d2012eb759ea9af7d9
BUY,0.001,3000,1729961494,Yes,0xbb7089f76f3a38ccaf85ea45528a1f9e0cc7de6668bfdc65309d2704d6fce126
BUY,0.001,2000,1729960931,Yes,0x6c2c33f6fe8897f1328d8afdb9762071224b50275f80e378b402d33edf0b6d0c
BUY,0.001,1500,1729960252,Yes,0xc9ddfd12c6c395020379e44b83e7da8903ac97ce846c5b707c10033313857df7
BUY,0.001,5,1729959965,Yes,0x13a3591666f72f3e933e5fcf6e0b93ec8616dfa06bd91ac312a243be1deb0f40
BUY,0.001,5,1729959589,Yes,0x3e6a6f2a5ff24ddd8fec7efa06203fe5ce6d0bdc44425f1f9d5ad02b4dc00855
BUY,0.001,5,1729959334,Yes,0x0f6219abb4aa9bc61b24bc59bf35c951e4ea2aff26f409d4670861a63cfe1f88
BUY,0.001,5,1729959222,Yes,0x48568fbfffd14c81f08667ef2417be4058a366ae972e2163e161722e092b2bea
BUY,0.001,5,1729959144,Yes,0xbaf4bb7fef18f161a6fcfae387b225f7a88d87527721dfc937f8587d21bb2ce1
BUY,0.001,50,1729959040,Yes,0xce68b1f508d33ed4ba2e77b262bce90347b937975039d89d8722e1b23032246d
BUY,0.001,2000,1729959036,Yes,0x7bc666fb5f43ea32e592f7c44ce628e2b8f56573312a90f38dc54578ae019834
BUY,0.001,50,1729958116,Yes,0x39abb7c9f29e8225d8226177b20ad2f73ab77699add6c4b783f0db0cac7accc6
BUY,0.001,2000,1729957870,Yes,0xe299d90e8b4f8cf5d05f86f801ca3625670921f2bcfc190547e76fa74210ca3f
BUY,0.001,50,1729957687,Yes,0xfb3c382356c671aaaf574082edd629b6cc87bb6d3eddb94771409a9d1ef7e0f2
SELL,0.999,8,1729952709,No,0x386d090a13e866e9910d266419ac1a8425eb28f655f5b1118a081735f4c5f874
SELL,0.999,9.6,1729950327,No,0x187721889e67a8e99ec5311ec0db588d983360be5115b87524da5c7bf9f7cafd
SELL,0.999,12.01,1729949866,No,0x28aa5eb587ca939c8570f335a3c10930d8efa12bc15a5ad1bfa45af7a933f4e7
BUY,0.001,1000,1729949208,Yes,0xdf759e8124b67be79cfb143469a6c9448aeef6fc06f43fb86c74a7065658c7f8
SELL,0.999,10.01,1729946578,No,0x3970d27def2ccc3acac837f7a1f327f252478aa777bbc48e37d03f7194354c23
BUY,0.001,1000,1729945550,Yes,0x63c8a85e16a531a9c088e650148b822b25beb3835fe5ec7d226c6d4125ffdc47
BUY,0.001,3600,1729943764,Yes,0x563617818a03b552f4e1f0630347ffd70dc41f5e01b33105326ad8e276e3ab4c
BUY,0.001,1000,1729943166,Yes,0x83698431260fd8d0607d9919adfbef9a761032f35f504934e93329f634f656a3
BUY,0.001,1000,1729942642,Yes,0xcbbb05010ad3b92832c52327e6d3a8b65ed30c94ca0fc3df411cdb82cb9e0da6
BUY,0.001,1000,1729942057,Yes,0xfe8cdaeacb728bef1b364e89d8699bbacca0b8422d80d0334d45e13f8a9fd2d5
SELL,0.999,3,1729941561,No,0xb68a5769ae35eb0eec83064b2f3a6618bcf88db3f07462484e1b15dc28d03557
BUY,0.001,1000,1729941320,Yes,0xe989d0716610ae3089ef6dbbcda1494ce3938900e1463045c4865b2376f78484
SELL,0.999,0.2,1729937660,No,0xd3314e574f0e992abbdf90a526c9b99f3f5627a185c444b62368dd4836513733
BUY,0.001,1000,1729935661,Yes,0x6979d5a4a3dc63b7eaeebeb5db23ece0b4ed75d8d06da30ce696ce0236c6d453
BUY,0.001,5,1729935385,Yes,0xccd584a625dfccef9daefea1662554bafa49a637e051495d84a24fe8671b59af
BUY,0.001,5,1729934885,Yes,0xfb3b218901817f674b2fcc424233e1e2b2d91ecb2b8fa7e7c0af34112a7b298f
BUY,0.001,5,1729934011,Yes,0x4714db02c99efad8bf89980278deeb3c7c185ef2a0c3416de0f6056e6573ce45
SELL,0.999,10.41,1729933657,No,0xb42e562ff53bfcefdd6e07270d8d1cfac5bcdee7aac91b366334fc2d6fdcf374
SELL,0.999,2.5,1729932851,No,0x596be7532c508af79b6cb1c2597b6e1e459c734554a3feb95e09deb60ea4e6c2
SELL,0.999,10,1729930751,No,0x930ed53182932ba567e951f96e1325cddee0b8643af93c11ac22869d04ee2dda
SELL,0.999,12.1,1729926526,No,0x3ec670b2954e38ff4c214b6a11c44e875b6dc01cfdd3848bffa0673defd0b76b
SELL,0.999,11.41,1729913883,No,0x4444c2721098072c83681a7bc9213a0f4a8aedad25c5bc5a3b444eebfdea182c
SELL,0.999,5,1729912221,No,0xd692e46a59e7a148b0aae4883f3ba03ca58f75edc0cdede21152705af30916ad
SELL,0.999,6.9,1729911663,No,0xa047fcd7d5d1e891d4c076db1086e503b345eded557a123c9cd0a90d03e1ae2f
SELL,0.999,5.4,1729911383,No,0x5d374a59d19659bc524c208a617b5291b91b550ebd90282006e4e1f6eac702a7
BUY,0.001,1000,1729911325,Yes,0xbb51e11a185ba247523168a65071c81c2e8eea41f2dac5fefcef65cae7e52f1b
BUY,0.001,2000,1729907517,Yes,0x32d7ff4aa936bb2adf37bda77d3533375925fcfbddcd1bd618d34eb33f898a93
SELL,0.999,12.21,1729906541,No,0x93c2408565d425843f8c9d30bdab6d659258715c6fef7a59e46c011b73283ff2
BUY,0.001,1000,1729904079,Yes,0x1d1d9aa723321d09d73ec63c70980bcf5d69f0bb17d377f45da7e3696d07ff31
BUY,0.001,80343.57,1729899830,Yes,0x6cf10a63f0d23128b88edce0df67239b9c5c5e1d04d21acfc836e67010e8f693
BUY,0.001,4500,1729893413,Yes,0xaf71826391172bf126dec61defbe5261f1be21e56611494ec8e2af6fa9c75626
BUY,0.001,7000,1729893279,Yes,0x74bf1ce206b0ea5b6f98f2e4a47b57363ab1ec3a197c94193262c7c8692e47f1
BUY,0.001,3500,1729892907,Yes,0x42c3a8c214baa5e87149d9557e379664fc485e39bd64c89b5f7af9919b2599d2
BUY,0.001,7000,1729892673,Yes,0xe5c0ea609c5a2c58b3d0bb8a0bdd1e169a093387bd2b09b93f802cff47bf4f1c
BUY,0.001,10000,1729892134,Yes,0x9a21a52843d72c488befca1025e690c9bde93d8b185d3b004c70bf8c746f1b68
BUY,0.001,2000,1729891572,Yes,0xd333be4d16b5bc51e4aee9dbd6774665a1143febf4c15f8db12ffd96b96e19a2
BUY,0.001,5000,1729891412,Yes,0xd22e71d396a5d41559ee4ffc7feca7f6fcf1a984392f49814bd2eb3b6cd836ed
BUY,0.001,5000,1729891026,Yes,0xd016bb8f03a74fa94e010c4a97d42dfc357596bac972a8210a4dee3fef1e0980
BUY,0.001,1020,1729888015,Yes,0x9bc63fcf3da5333f504a9733f4cd08aa016b5d644d6a925589fb3256cb5b5ebd
BUY,0.001,7000,1729887513,Yes,0x5f99ffe938e5b36ad473cba181b989536d760776d84684b407a54742456f24e3
BUY,0.001,1020,1729887321,Yes,0x2774c05e2f147f6c56c703e41e71cdba1a6292adaebdeb3292186d93cd20af44
BUY,0.001,5000,1729886377,Yes,0x433a9b6407e862abe63afbca07bd0962da2f49563232ddb6b12d4dcf1d85c764
BUY,0.001,6000,1729884821,Yes,0x170e9aab03671457ca3db134b39ffa5277563dbcb534226d084c0bc08173ee6d
BUY,0.001,6000,1729884019,Yes,0xcd2ef6121f514d3f3956c51c12357b10488da00aeacfd2a2fe76353794ec870c
BUY,0.001,1010,1729880283,Yes,0xac6fafa93370125697000fe8bac01a3863e8c112c04a0cbf88f108595a03a5f6
BUY,0.001,50,1729879299,Yes,0xcd970b17852f31c27a8a83087ae9b12bbdeb0034e922b6322c3455fc39535072
BUY,0.001,50,1729879179,Yes,0x1d88631a7969658db4fea490a9d6f4835c7076754245fe78e6fd8dc0d01c757e
BUY,0.001,5,1729878481,Yes,0xeece0bf5923bc0713466a97aa47d657f7ef39a28a632bd37c64696e9c39b1669
BUY,0.001,1000,1729875479,Yes,0xd29405be5bf7d5d561218eb5e71581077b09ec71c0813a534b07918c51ef2ba7
BUY,0.001,10000,1729875125,Yes,0xe3296337cec9b71cbca541c99eae8410c770c24d94cd5103435aa7fd41fbda0f
SELL,0.999,4,1729872467,No,0x458a32a532fda9aba86e4ecbde8c72a133d540b03ae4533a1a55928584189733
SELL,0.999,4,1729872359,No,0x30330b0ea65a192d69e7e3a3e5daab6138a5f8666927e7eb43228a63391a0eaf
SELL,0.999,3,1729872235,No,0xc3bc45db0019f2a8c0b3e4df5c00b354238719b2b760aefd11fc02addd618ef7
SELL,0.999,4,1729871977,No,0xb38667b6c3629ca776fadbedb1fab92f385e98c2424426e84849445de88277df
SELL,0.999,4,1729871727,No,0x355be71fc1080a06b8f628b4b04d2e7ba60588299d12d2c2ecc3431f3128b80a
BUY,0.001,500,1729866544,Yes,0x7ab65d538c96909b8f8662ccaa9fb0ef2d8ddda55dcd65d219fc5b803a5559d5
SELL,0.999,4,1729865360,No,0xcdbe696030bc8cb0cd2e8459bb4f8145dbb240f8662414920791f76a40195e7c
SELL,0.999,8.9,1729865318,No,0x6d232829caba262180e1a62b9d0ce86dca936d4be9a150796f2064d5adf47502
SELL,0.999,5.5,1729865126,No,0xb198e4bf6d075ad8829f9ebd44c7536ff4551fd60d13ff96869c15e3b94ad4ef
BUY,0.001,3560,1729865110,Yes,0xd4fdd9b587ef0452d83f599f788c864cc226b01524e3c26c040babe759630d75
SELL,0.999,3,1729864482,No,0xe31480a78fed6b3fe743ca913c2eb0b0744bf4ec7f64eca83d2cd1ed597d0db1
SELL,0.999,1,1729863944,No,0x78168c11a3ed5f1d6407d4060839c5cd08341eaf79a5dd097e4bf4a96e2bc961
SELL,0.999,4.7,1729858572,No,0x25b6b5a2ef58931ecffff7d08748db86bf975ea24e36d223ba1aee9186977387
SELL,0.999,14.21,1729858430,No,0x86efe2de404147ea71bdf0139a5d9e60f4cec273979c6d40b9e5a06a86ed5f5a
SELL,0.999,11.41,1729858228,No,0x7630f5c7a99984f48169fbe7a731545a5f7b89994ccb5737970f7da2c9ed4b35
SELL,0.999,5,1729858032,No,0x7727284a3da83290ad92c2c2fff04e12d90503315f83934c2861354aecb76857
BUY,0.001,350,1729857785,Yes,0xaff236b9c16ad33157832ded49483a8ef84e1f76e5c5a0e6fcf85f911826a0b6
SELL,0.999,4.36,1729854879,No,0x8d88d5ddcdc9ef9d55652756e9eaa1461dd78964d3b3a756e06b08e9829a8063
SELL,0.999,18.13,1729849317,No,0x4a60520f3f9c9af8ef6b50e274f7ef14e559c810ea67337a63134fe26e846f99
BUY,0.001,10000,1729847377,Yes,0x9262eefc1a4061a12891bb88b24de5b2bb42c9f149e713a5ada5cfb84b7bc5b5
SELL,0.999,8.6,1729844913,No,0x78e3adc87853a650cd328a21c3d3f8167902a8e218681eb5b34b7d21d2ed84f6
SELL,0.999,6.7,1729841341,No,0x686e0f71a23d56603b920c2f0eed27a0a5825833b34c27fbc13bfa290beffc42
SELL,0.999,7.6,1729833773,No,0x0b31b894721e2567ddf0242f0a7496902bfbd907a63b49918b76ab8fc934e948
SELL,0.999,20.02,1729831487,No,0x0945d0ffe70deb85f30128bcb957200c17a873e2eeae65040ff903f95edf7497
SELL,0.999,23.9,1729831177,No,0x6c5360a725035bfc1db56405b0f6237706c054dbe9de00c52a86b12e781659e7
SELL,0.999,22.03,1729820687,No,0xa234d6f3a7da3948118ae0d5a86a354ad310d4e61d743a8bc2ce8d83ebc3f9e3
SELL,0.999,9.9,1729818633,No,0x4241ae8a3db2cf5390d8843a5405ce7ebff48681aa245010dc4f81726c3e412e
BUY,0.001,11000,1729801703,Yes,0x5d4052e69a8e9563a84821c3b5772f60c323f96edcdf730da38666bbc601c992
BUY,0.001,11000,1729800645,Yes,0xbfddf3c7f49596bc83cadb930f1af5127311abcd15b16389bc149d37fee4e5b2
BUY,0.001,11000,1729799552,Yes,0x4bbefe456f2425cf7b5367bbbef94d29e1251e1d179722189e8d3319107a75d5
BUY,0.001,5,1729793471,Yes,0x97a803c36bd7ca9713212b7929b57a6355345b7bfa2efaace8de8ef4fc9ca852
BUY,0.001,1050,1729791580,Yes,0xaf4514a5c02ee21c25591f75f5a8c57611210382db25be76b5d7174333c7c061
BUY,0.001,5,1729787741,Yes,0x7d11d65ee0bed86ca854bc8772d338d7b5e9bd1de8f955c590ad37a95d0555ec
BUY,0.001,5,1729787549,Yes,0x10409527c68ea00a6e1e01c91e0d92899f5903f7a0dfc0fe9839335933f133d9
BUY,0.001,5,1729787401,Yes,0x34bf44969df4a259b9b462604e89358b411e5ec7b3eb7400842dc615b3de2f8c
BUY,0.001,5,1729787267,Yes,0xaf01a0c5ac129ce812186f9bd7acea36f0bd5356fb82a72ed627e718a56c7887
BUY,0.001,5,1729784985,Yes,0x60baa5d852dd820accc0972d67715b61c899cdeb80e648593d06adf372f4b786
SELL,0.999,11.01,1729784013,No,0x68e31a8ecc107687c45a57b762220b2503e414b121dbc6f1a68f655758369c47
BUY,0.001,1000,1729781169,Yes,0x76f727d93b5dabfcb453ab1429e3cd1254385c57a87923995d772e10d0b3d060
BUY,0.001,1000,1729780463,Yes,0x31a56f30c06c2d14ec87537f5ac9f5d965fd4ed8d54c82c3e132d4dce6a774dd
BUY,0.001,100,1729779731,Yes,0xf3c5ac3b53ad8355d1d8f752a04d1612e6c1524a2021c1183e3e4f5b9dde988e
BUY,0.001,12000,1729777171,Yes,0x2fce01d219d50bc5707bf64a3f39f2d2d0ed985b002fc077ebed8d88fdfefab1
SELL,0.999,40.04,1729775501,No,0x5beb49f5d204697dba6e4cd4a572bf1a6f977554df0bb3ae2ac7d7713a904e28
BUY,0.001,11000,1729774189,Yes,0x7fad0e94e215c47b6ef2b97814f90f6a23ff9502cc696c1f457334007723ee57
BUY,0.001,1000,1729771939,Yes,0xa0d05ef48c7d8fe6a46932f97407a46f068166025c5b7df59a5cf848e8fb80be
BUY,0.001,3000,1729771113,Yes,0x465b20cfea135a9e8561ca1e2f07be57adf5d564bb5b069532bfd35e92bdbe12
BUY,0.001,1000,1729767233,Yes,0x313229d92ecf3c4c9762065632318add72e47ce80ffc7bf4c1809f39496c5f5f
BUY,0.001,1000,1729766597,Yes,0x1054335c48e4def18b9e774efb63673036fc8c057262655856680e91dab71766
BUY,0.001,5,1729764068,Yes,0x0c6fce32701e7d2bd16f26644ae00e89668a7b5cc8510b5fa0f32a54aa454eaa
BUY,0.001,1300,1729762297,Yes,0x1fd12ebef11bb5d97f3fc2231fd76e1ac33d4878aa596eee3ff5a0d3c23b9cce
BUY,0.001,5,1729761755,Yes,0x4253ba1d7b705d8e0cbc301472b65619655d1d49c6d833793bee00fcff149772
BUY,0.001,5,1729761425,Yes,0x20a31dc36c81f019a76aafb9c35bac542927fdc8fda115d75cc704b993625a14
BUY,0.001,5,1729760953,Yes,0x0bf4a45810ee9a7e89c52a51594f71bfcf8b976a9674ddcddef76d5b0c1426d6
BUY,0.001,1000,1729758114,Yes,0x7e561d76a76d6a99fd3a9dd9853ad00c67948bc502470dea4546de1ccf3e01e4
BUY,0.001,5,1729754040,Yes,0x3b91e90417688844b1cfd9f59909c9517091fbb6edd81c7850a275a946445e05
SELL,0.999,9.4,1729753424,No,0xf2afa51f7cd79655af776367d05636180bf5cbb107a66bcfd263b4997ee098b7
BUY,0.001,5,1729752756,Yes,0xd7ccbea877217977aa71846e6d9ca3e74c9d01050bfd11d85b4194998c596d2b
BUY,0.001,5,1729751338,Yes,0xba9743ee68f07d60e7107d0f8832923f16f7872eba73381fb69f701f2cc6ff14
BUY,0.001,5,1729750986,Yes,0x0810e684272ab6f5efabec5fdb3c837472d77d6ea2cfdd5e90363435e7cd56a7
BUY,0.001,5,1729750257,Yes,0x0820d87e437de1b24eb8e5e4f719fe2f4a760497464d0080810bb1b657a13abb
BUY,0.001,5,1729749809,Yes,0x79d9c527f388383a86b9933a22a2d5d293f98314bcff7b50aaccdf7ccfccb971
BUY,0.001,5,1729746985,Yes,0x0a78da2468f55b61237d0ffb28be0f2ceed621c3a7e8136de482ea7ec55130d0
BUY,0.001,5,1729746661,Yes,0xf5969ca369879a810be8de941566611f5d5681d05904d2960f46a8b1f7bf61e7
BUY,0.001,5,1729745364,Yes,0x6b5a12afd8e4cbbd8b3e3606874f63365d40c5aacccb387beb05a30a8e57f377
SELL,0.999,62.8,1729743252,No,0x2dfeaa9f4c57e63460c171244bb0fce423aa92f37444bfc53cfe73625c011946
SELL,0.999,8.9,1729742938,No,0xefedaef55f05b7e129025ac7201928a448109810d5df046f35c073d993bac254
BUY,0.001,400,1729739122,Yes,0x367b72eadf677feb6f66a3cc03c5e23fe434fdade0772a1710be528d82e9f696
BUY,0.001,400,1729738596,Yes,0x490b3baf0c848ed7fb7ff57e7afd8432c57cc4a03cc018d7dfcba1b98dd36865
BUY,0.001,600,1729737358,Yes,0x0f07d1a6bec28add29fa3503c366db85c4b01860163e5d212421bb9d51e05086
BUY,0.001,3000,1729736436,Yes,0x17cf1f2685fe28b52ebde929efc24a969995a61837be8d4bb0fb862a262e379e
SELL,0.999,9.43,1729735764,No,0xe32e95282dd0fbd7c55cab5cdfa75fa7047d505b011e4a00e4dd69705c26717c
SELL,0.999,8.6,1729735642,No,0x4996cb9b98da14dcf202b2bfef22ef726e18efe4e06d8bc0e7a8aafbebfd5987
SELL,0.999,5.8,1729734838,No,0x40f54adad3c0f9b8528adb375f2a7a8da8e853bed56f20be1d55caeee8581f8d
SELL,0.999,11.51,1729734736,No,0xb9ad57d6c1e0a582f3bb10844cc7997402e70a11a20fb61a4ae6f2f121e1d604
BUY,0.001,3000,1729723123,Yes,0x013cf0b70468271f50746dbe6af7cfd4c4ec117d58e71dc6a57de03c248ff9d4
BUY,0.001,1000,1729718501,Yes,0x52c68a545257b7214ad0c332e1fd130d004df228292aecc488e358b644646789
BUY,0.001,5000,1729717423,Yes,0xb8f0ce33e5a3c56dbf67c8cf08c2f397de909d2614d36097ca78df76380b24b3
BUY,0.001,20000,1729713571,Yes,0xb6f60b96078b374df34619364ed4dcbdede14c982f36abcacb495e7cb22a4f59
BUY,0.001,1000,1729706899,Yes,0xa76ba088b0e0d5a166db6668b05dabd45181d176a48595db73c8a9ec4a5f34bb
BUY,0.001,5,1729704015,Yes,0x5e16a382c1d7d5464d77747a86974e42a298de2124cdc3f948cb8d5de28e047f
BUY,0.001,5,1729702887,Yes,0x351ef6f1e935211ee0f75e6c0bb5fda170557643f71f091aecf70bd61dc1d52c
BUY,0.001,5,1729702505,Yes,0xef4624787e4f7fc5f5a9e012e88068d4dad2f04d79be8d07c08406684553e76f
BUY,0.001,1000,1729699689,Yes,0xe1bf268d1c412d596ffbbb8b4fa57b0595b23a1ef5ba5a9dac00ba354bad9838
BUY,0.001,10000,1729698111,Yes,0xd4f2fafb63088d4f5cf08768780a2c6963208f75a81668ef84e4f39c7ee41420
BUY,0.001,5,1729697855,Yes,0xde7c6c92a42eb893a17c279f1b0ec85dda6f8f4b77faf64359e20ea44d3c308d
BUY,0.001,5,1729697329,Yes,0x015d0493e764946e40d4666c9a90a117d949009981b5469aef9e3e9e22c202c5
SELL,0.999,5,1729696655,No,0xc68d714e73a79e00c5d8e3617072ec2cc0f91027b8c2c7a0466a692014218189
SELL,0.999,2,1729696519,No,0xec4764e3dcb753a12b81c9b8133d03e8559ccf210d644a3dc0aee6db35cffc98
BUY,0.001,5,1729696365,Yes,0x70856033545f5620d4f71ffbebd32929975e48e92c5013774341b3151ec374f6
SELL,0.999,5,1729696195,No,0x27d4e61d1108841553a09ddfe6d1e105f70a8b92ed62e9d9cdf6daf6d5273779
BUY,0.001,5,1729695704,Yes,0x26b56cae3127084920124e87424c096cb1b4dc561c4a6aa491b12368f8cd96e9
SELL,0.999,5,1729694074,No,0xa40c53a3701bdf36d0088b610f2876ebe3e70482090ed040ec4978797fdceb4f
SELL,0.999,4,1729693426,No,0x1582252e8ef206045e7412a76e9c65b88cfd64834b7fe0248477079567623be0
SELL,0.999,4,1729692576,No,0xa966233b458d9456c57e8d55613bfb461b1dd4125d180788ea0d49e516091c31
SELL,0.999,1.3599999999999999,1729692018,No,0x245e2eac8420e45de87b1a8e680e8d6a98bf7110da07a8ef1d866e741a8703f9
BUY,0.001,10000,1729688782,Yes,0xb6aa537f0b0602d0d828365fda8da5836220fc049ea74133495b52f4953956b1
SELL,0.999,15.71,1729687522,No,0x2ce2717b68c4ff0d022527dc463e57eca56f3cae4851f6370fd319ae7d7fbad8
BUY,0.001,5,1729687446,Yes,0x4ba742e2cd0c46f192943d94f45de770313295861d3deea45a390f3e19b02563
BUY,0.001,5,1729687154,Yes,0x9f29a6fdad880b8c6c59fee7dfa5b57e2cd40695a97e433b7e8a7311f3744044
BUY,0.001,5,1729686888,Yes,0x21085edfabea6a8a88aaa3dadba2a272ce033bff985d64ad81dc79428e6dba6b
BUY,0.001,2000,1729685610,Yes,0x04e38f3af3fd388176666746cbe33b22ba5d49c8e627fb2009e6ae60ea856278
BUY,0.001,1000,1729685588,Yes,0x058f04967fecf527efdbca1e4bcb74a7dfc7d41ba96c22df83402eca7f3b6eb7
BUY,0.001,1000,1729685518,Yes,0x2e00f11532864d491ed4b5fe9005a7480e9eff19338de115e333eb1abcc8b9f3
SELL,0.999,2,1729684674,No,0x021831b82cff8fd5af6f5cc5d71cca442102e995f5cb61f41f10d5b6dbf4095b
SELL,0.999,4,1729684520,No,0xef3930079febbf0abd7e5707d995ebbe1b82bc672a0dfa6cefce547cc7c59569
BUY,0.001,5,1729681728,Yes,0x2c96c2dcde1a1506cfcf526eb731a8bf1029de75f42fa6734e8c7e14a151a38c
BUY,0.001,5,1729681432,Yes,0xa0242f12a24d06f7989b5e1770dfb503d16f6c6f0a4efb9e05bc8962d74f4f6b
BUY,0.001,5,1729681008,Yes,0x44a0b819920daf5feeb2b909da2a705e3fab538df655b8ae29d89e25a49d2dca
BUY,0.001,5,1729679142,Yes,0x48034bcf73cb50c5afdaa74615248c565ddd7b2b46e29f4a3dc9c29f4c4500bd
SELL,0.999,10.81,1729679138,No,0x118c3ddb724748dedff9934e4a55a640764931e1af1da915a628e9b6793a1bca
BUY,0.001,5,1729677533,Yes,0x6529a9b2cae83d2f906604621aee5886ebcbd9b8a8638eee5ccd973ae40573fc
BUY,0.001,5,1729675715,Yes,0xffb88eeb8fbd87a34e143a529a5956c7096ae0cc8f16355d3f852e956b87e71f
BUY,0.001,5,1729675083,Yes,0x5dc30ac8fef751f021de90e6c927a31e64a3f4f3fb0574f4b5c200fe3c02cd6b
BUY,0.001,1000,1729675009,Yes,0x3e15b73397e11a3a05f8c64616a1f5fb8b9a598ed300c8293d884fe86c747b47
BUY,0.001,10,1729674785,Yes,0xca6deedc5d9352b81835148ef27fa82b33a0fa7bc79469e9ec7125142afd3ce2
BUY,0.001,5,1729674695,Yes,0xdf9ed68fa287f6115971b0615936606a0cad7ca8fbcd05077426d7d7de6aa620
BUY,0.001,200,1729673764,Yes,0x4321ebe8dc39f71b57b92040ea1d26c096616aa0d823791ab8c2c808c6f73969
BUY,0.001,5,1729673488,Yes,0xcb1775fa172105004705b7ba511e598ce36f7b2ae7aaf5f1fdc428d2ca2cd4a6
SELL,0.999,13.11,1729672534,No,0xc2b52517eea47e64ca5282442b931b8c56ae85771906747e6de162ca7099bb11
SELL,0.999,47,1729669399,No,0xd2e77aded430e294928636663f209c42f2ac7b7719c1337585817814858e660e
BUY,0.001,5,1729668507,Yes,0x966ab717e60575125c59070bb20c63d2a94eb07268054ac5e36ca8cd286dbd1b
BUY,0.001,5,1729667285,Yes,0x2f8be6cad2741ffbdbc2fafc24a1dc205e62ede30147f5e9d1191cef7a48ca0f
BUY,0.001,5,1729665397,Yes,0xc01e283a93aa135439543f2ebc327e334caec01c7c463f5b1ec05cee7ed7b26c
BUY,0.001,5,1729664415,Yes,0x4aa21d7aec640e2a8aebd064b7341d7bbca713324f26e07fc722c1ff612db081
BUY,0.001,5,1729663843,Yes,0x7132a847326dbd9795e0318774c2c36c95388e1c8155d65e450436b8c56493f5
BUY,0.001,5,1729658634,Yes,0xf52e2fed7f27d3e5d714db7af14c05b6b7050f0b4d8e536ff0078cd3be63ae37
BUY,0.001,5,1729654799,Yes,0x17bc055c6958ba93292950a5825eab3682bc948140501bfcb7999f0d2249884a
BUY,0.001,3000,1729654177,Yes,0x95a097466f1ad1e92fe0c37f8eb6ba3ded913c2837d16a671ea850cdb12b5235
SELL,0.999,8,1729653975,No,0x646b398cfc2c50e4871d77da751a93b4bc590a14ec43bedbb82badd842325d66
SELL,0.999,4,1729639778,No,0xe383550aa8643407ad30a5e98da8c40825f61a047af17ef4d0664d47f88fba48
SELL,0.999,3,1729637200,No,0x96d85943679f29e34fa9791dce5c078a71a18a27c4fe919a1598bbb7580c26e0
BUY,0.001,4000,1729635896,Yes,0x84cad41c3ce8c30db8c61c07044f7fec8f31a5ffee58c48cb1819639fc232401
BUY,0.001,1042.29,1729629276,Yes,0xda41bb7241d01659e10d6d0f07d9b0192e4dffdda252ca7f4022d84c591361a7
BUY,0.001,1020,1729625126,Yes,0xd4fc80d6fa07bfa0bf2f3921cf117098c7af5dc54f73d35c8f7d89bad37e2f50
BUY,0.001,1375,1729624534,Yes,0x3e44edcad6592e8e69ab2415509e1c5c468619b94a6bf1f9d330873b4f304ffc
BUY,0.001,5,1729617384,Yes,0xe0bef09d777aa5068dc9e6d02c0230a8f365ecb65f387311558f391a9c112a54
BUY,0.001,5,1729617206,Yes,0x021d9e850e6128d6302e64f2d047e75366a21760099f52d8e587d7bfe7ecc71c
BUY,0.001,5,1729616686,Yes,0xf06c85b56a1ee9ede2bfc28b2098af08149f93318ce81d5ec2a1f6e5494899b3
BUY,0.001,5,1729616384,Yes,0x49ea1e87c35ea10fb92f4430587a606be5aa52a0ccb77ba20d8b5eb9489fb7fc
BUY,0.001,5,1729616164,Yes,0x003f9794ef106fba0a26912bbf18a4988871d800f2d93a2711a8f404527f3fbb
BUY,0.001,5,1729614865,Yes,0xc21f5093a79093cd8fd36ba0bbccc0dae9b61df222bb7b8218db96b2a2044f18
BUY,0.001,5,1729613855,Yes,0xdf8a4ed7fd2fcdcc2d13904e6bd608c28892d28a615f267f8870c8b490093e6b
SELL,0.999,4,1729611696,No,0x1ddd87fccb9213fdb38547dd477df17ae71af461801e4eb17415b07702b57cc1
BUY,0.001,5,1729610656,Yes,0x2380bce13ed5f1108b20e4698c2026d55ffc286bab574e4ff0c3cb7fa504b07f
SELL,0.999,4,1729609882,No,0xc0104c5f48ef1cbf4dd5f5cfca266b8866c9fd42e39cb410c15c70208ff3cb90
BUY,0.001,5,1729609788,Yes,0x52cdd387d281440d3cdc05e84eef3235a9d94d9ed3b10e5a6fc0478e171e80bf
BUY,0.001,5,1729609276,Yes,0x5dfc31b07ca6f001ced48689288fe1bb4985a6069c5258896e19fba5adfbb0a8
SELL,0.999,45.04,1729609046,No,0x0a72c6b633fd7c5a8e59e638c12e62dbb5673b58b16a2010be1ebfd9ac1b2089
BUY,0.001,5,1729608746,Yes,0x20a9d55c136a05a1b8372c76b69a60513f259d8d000f8cd83d374f840a6bfa08
BUY,0.001,5000,1729604606,Yes,0x94bc732df504b3079c2b7b55131eda58f7286d1215a30b2339809b871930ca41
SELL,0.999,70.07,1729598946,No,0x1af52346f8e022352a53e04fe6a06bb1ad3bded8a1b1b0feb7f6c5c6368ff1ba
BUY,0.001,5000,1729595186,Yes,0x24c50b7b1a4b5a016d05cbb30575079fdf3183cfe8b5b925a4a8553b87085ced
SELL,0.999,20.02,1729587156,No,0x8c881043b3bf14ebfee5f436535348cff732cc2737ef70198f8b10e6cd65ad1c
SELL,0.999,15.01,1729586994,No,0x703986547ddac311468b2de01bd49739029e5e5522363c2aa4e95feb42e23323
SELL,0.999,85.08,1729585060,No,0x350b561dcdf31136eb1f7426b79758331e1bef2ee868b549032caccc2bf89ad6
BUY,0.001,5,1729579119,Yes,0x5a80460841252c0c60d2f181dec2e0a214e6cffd4981cf2ebbd3e4bebc1384ef
BUY,0.001,10,1729574547,Yes,0xd8a2c550791ddab4cb125ca2fe19198d24e0358c03841d7b1d2b7445600e7aba
BUY,0.001,10,1729573571,Yes,0x29057596c6332198ee7ca4dfbf026dc402ec9feac9afac19721deedc00c1de62
BUY,0.001,220,1729572759,Yes,0x9bddc0f95952a780a133e442f53c98f4c46a71bb391c3081eb198b28076bd5ba
SELL,0.999,1.67,1729568099,No,0xef7712598f4571163c2e419b27dc5eea3bd8114b6223f7af5ca14920e80afa68
BUY,0.001,4390,1729567867,Yes,0xda6767dd750bfeb02bbf5669248a04972fe351be3a18cef2acbd3b8107744d3c
BUY,0.001,350,1729567497,Yes,0x37eef7ee804b897f6279391635fc54e709e9743aaf8caee8c4298bcd417ac0b0
BUY,0.001,1000,1729565814,Yes,0xd7b90eae7f6f5ab9f56409e5f5a4f66818ff0e3fad89df580288d29680f96055
BUY,0.001,1000,1729561273,Yes,0x93a1d5b5bd589945ba34813f047e3c9cccee75d621d6802ea7edff90e4f6fa9d
BUY,0.001,2000,1729558523,Yes,0xa88844781827dd0c840be84637b85030bcedf8dbc001cd4e0f1d7ce133d936e5
BUY,0.001,50000,1729558441,Yes,0x90fa90c34be02020b597f7fa3efbf83c7e88947e4a8a4ada622aa60ea68cc69c
SELL,0.999,10.19,1729546431,No,0xa2d2323c940cc20f5de0f29edf539b0212add058e2687760d6b2237ccdb90479
BUY,0.001,100000,1729541073,Yes,0xdff95b19d7f5c893de66ba9c50afac3ed65e0e84f69f97a517b7e6e4265bb97b
BUY,0.001,3000,1729538135,Yes,0x3d9423738db9691717eecfebd0276635a9c0bee39547d6400527047f0c41f650
SELL,0.999,0.46,1729535375,No,0x7e605771e1624669a17831a588c887e1601a6c67383dacd4bbebadc05018c7a0
BUY,0.001,4100,1729527724,Yes,0x8a0ce7f127c60475f6ffdb1513aeb9d758b2396ba3367e211c05cbb0560f6c57
BUY,0.001,5,1729520671,Yes,0x2bedac13b0c41a3ed1797f4a2dca2de6d9a56a3212867da54d4c7fde5051e227
BUY,0.001,5,1729520167,Yes,0x09278e282db4fe74457b8729d03259deabf2e2a6c3907ee7c75f03bcee749456
BUY,0.001,5,1729518431,Yes,0xf32cff05b999e7b511ba0875d1b74e0d9c38e6bd56572ed2a112f301569cab4c
BUY,0.001,20,1729517337,Yes,0xec136d66398538b94c4e88469a9f0b7bccc1eadf55949b3905fea9d8270258dc
SELL,0.999,2,1729515588,No,0x2ee48b5a159423979cba311577dde4bb476510960110e3f48faf585969a64138
BUY,0.001,54,1729514662,Yes,0x30df28e9f706c1615246933bcf24960b21c495c252250319c718496880a49e81
SELL,0.999,3,1729514262,No,0x807ab45a18fc55cac8e9f6b0930f9370acbe50c2c58fd3c0743baca4b4ef2fb8
BUY,0.001,1000,1729513620,Yes,0x1045ef86340c1e595cdd0c4494c20651a2e1aa00ce091fa7e981e41f25774793
BUY,0.001,1000,1729513356,Yes,0x6b895a68243194f15d5d8a4f77a1c544d4dc13b1feb18a4ff340f54ce53b1438
SELL,0.999,2,1729513078,No,0x8ee1260268cbd512d0564ef89b95b79e8c78d6165dd2e975df94877ac9c96d1c
BUY,0.001,1000,1729512707,Yes,0x3c33b31d16a8d684eed0ef9b21b3a8f2504118393fa5c026835ad0f618954f35
BUY,0.001,5,1729511287,Yes,0x7dcb1c49810c40808bf8c5fbf1348e34dccbe45393f5d415cc2bed0cc88c5f14
BUY,0.001,1500,1729511119,Yes,0xea816549e411e5c9121811012a1e79aed6576fd073a9c79537d9046f55c2d1b6
BUY,0.001,5,1729509825,Yes,0xa5cc450c21bfdcad5da034b3845e8f4e705dee9b76006318e48a8c81307de856
BUY,0.001,10,1729509171,Yes,0x2a2916f06f33b305cfa4076d80b22fbc7370bdb14a4fa8e6556a03a37da4994c
BUY,0.001,5,1729509015,Yes,0xaff0cd0dfbb64cdb9dfef0e581cb04521194345284db7fadf62a6c4f92955362
SELL,0.999,5,1729508551,No,0x6c2196a226b763d542fa4c2c557e3c3752842962708cf608905d1398082325b2
SELL,0.999,5,1729508493,No,0x7f9c42aeccd08169642c1cb1b1b93dcfa9b0f50c5d48c63e9b3805a0f22d8d14
BUY,0.001,5,1729507013,Yes,0x3c4475bd6f86031d4d7f6cba93e5ca462c6cbb52398ef6bb1afc3af7760453f9
BUY,0.001,5,1729506433,Yes,0x63135baec35b933858efd8705f72d8aefc2368c3d1bf3cb437c3f5a7dbd21b68
BUY,0.001,5,1729506163,Yes,0x80823cd697f0817ca703edd033684c9bc52599aa61e2eaf055c2561729c0a01b
BUY,0.001,5,1729506161,Yes,0x22719d71ef3a91c2af6b9763e282278729d427691e2a4f5a57ce80c4349f7597
BUY,0.001,5,1729505491,Yes,0x885a16bba078aa90ba9eabd91263d646e748383f66c0f295627fddb1d67cef8b
BUY,0.001,2000,1729505231,Yes,0x9bc2266579beb560b97dabfa22d064a967ed059d83c0ad62f44bed42f2ede465
BUY,0.001,5,1729501825,Yes,0xa4ffef5df6bb2d7f07d5df8f550f9c2ffc5170c609e945e4047aef9aa1a24632
BUY,0.001,10,1729501388,Yes,0xa648ca6c9454366b6876bf235ac0c0f97d9654b8a044493a99b7e78b0d9b6c17
BUY,0.001,12000,1729501174,Yes,0x6cd9ebba047adc92ba5a30a7a6929ae9a4f2c1eea513b0f0009ad202a0d0c2cb
SELL,0.999,7.03,1729499934,No,0x9b5615bc81f0c62fd0d6465f3a6bb262579352da1f7380974fe7808081668add
SELL,0.999,12.01,1729498825,No,0xb6f156242b300793624a26dbdd5e3124084a0e44e750d9179094ad7a16120ee8
SELL,0.999,4,1729496829,No,0x7a211f4a32a6f5d955b6606b9e6d19d2ec280812ff641e65a05da30e039fbdd7
BUY,0.001,1000,1729494193,Yes,0x73a229c2488b1562501070fadc18adf818a2991851f7b728fa2b8bcccf51a35f
SELL,0.999,29.88,1729490234,No,0x08f42464479aa9a010b5be1d35b1e70124ebd3783ded5b1d9e397114cedd2982
SELL,0.999,21.17,1729483685,No,0xfd19ab05b8c8b4f677467f3727422942d339f398a0f57c7d34875a20697c4b35
BUY,0.001,420,1729482993,Yes,0x37aa287eb2397314ba8f8bfa02a5f876a5d063d5fc03c93e05f8d556c91b1720
BUY,0.001,770,1729482993,Yes,0x624be9d1d8b4fe359aa5e95a30d80da06a8010f1c298e617f36cb0ca4b67b2a4
BUY,0.001,370,1729482993,Yes,0xf7e1b13cff14d4b0142ffdc08021be0f79ba6c9af4b63538c6041cf9e19eab96
BUY,0.001,420,1729482390,Yes,0x3c4c4b1865a35cc1337be584191d219ad5d5626209c6165a9c1a57fff6c484f8
BUY,0.001,170,1729482388,Yes,0x46971b86866dbe826df6e5a5b7511553857c5836a6dfe3d7af523a895bcc7258
BUY,0.001,250,1729482082,Yes,0x319dae5e81f07d2ec448f645a709914a9c8a991c2f824ad58466ec811f2d709a
BUY,0.001,450,1729482082,Yes,0x8bca213329d756c31ecdb768edacdf64a343be7911700a203358d08cb2198c51
BUY,0.001,200,1729482082,Yes,0x6388eda38aab6db520d68685db07b51b0dd8863ed457ba1492ddd70e2abf2e80
BUY,0.001,350,1729481706,Yes,0x58a19b9f3ff725119f0e2b598a0a8e19ab8781c8caa897845a108f5ec4f14433
BUY,0.001,550,1729481280,Yes,0xd0711e752001f7c906e39052ada32898d4afa6573a395f23c81101c0d16056cb
BUY,0.001,250,1729481278,Yes,0xf3e12560254a7c6437943136356260580d1900efc3cefb966788af86967ba342
BUY,0.001,30,1729481113,Yes,0xc9cb4e87c1ad4df2236b77d524e575c317b83bf28596cb848ce2502623bcdb28
BUY,0.001,5330,1729481075,Yes,0x4101b868154f6d9d9f7d565edba78d25d97d97b3e6f4ed03ea807a4c499a09de
BUY,0.001,450,1729480879,Yes,0x15dc4e21b829e1831136c01ae0355bec832ab9bfa9a87a463aaee7d28a9b7046
BUY,0.001,10,1729480639,Yes,0x1067f75876c804d1f0032c3d52ab79707298ac05040e4b134878ee6a0aadc73a
SELL,0.999,32.03,1729479186,No,0x2f7398e253a60394f2821a6a8a9fd6db19e38d42da9adc696d8a166592cd6b32
BUY,0.001,1170,1729478626,Yes,0x1da9dec815bdc52c641d5a07d637493ff1aa125681b24bb0268220e1ebc44c39
BUY,0.001,1120,1729478406,Yes,0x68f30ceb45df0974a25bfcea386f040116a8cf8b7d6f7c5f5db77ca8a621f529
BUY,0.001,10,1729477917,Yes,0x64918ad3a46dd825a921d25ec5e2d520637b8b3b0d25d19c1240160a7a2582e5
BUY,0.001,20,1729476683,Yes,0x5a4609469bdc656ab58d7ec50bc3aef73a58ae9eb3e0d6de3bfa15f503abb612
SELL,0.999,20.02,1729476295,No,0x68c7520e310fd4647ed38e60176485a05068387ee2734d1d70e88faf488baba9
SELL,0.999,19.01,1729476141,No,0x0294921cbb586f62759eb28932cf485e17d1041b503f405eb91a5c0ae5863a4a
BUY,0.001,10,1729475959,Yes,0xd5b8239fc1aac6b13d6d607f9cb0c12b539464c21597257bbcf80ba29dcc82f9
SELL,0.999,25.02,1729475741,No,0x143a521831af142fb146ae3bad6ef2879d48af03be379b0dd7520e7ecee939eb
SELL,0.999,10.17,1729472334,No,0x105b6f12fa3413c0a8ba3beef6724610db841aaa64c7ccfc81c1d6ce6c8b789c
BUY,0.001,15,1729472226,Yes,0x69b10a681e391ee340287e9ea3390ca782cfb999e156aec976d960e6bcc1bd82
SELL,0.999,15.18,1729472124,No,0x0e389e74db5d1dcc01ada8bd87c3487c4ffac4658a13786d261cb6b00c4e2bcc
SELL,0.999,15.14,1729471650,No,0x455365b2be5e50bc1da6726e1722feb850d6dabd43a01707c72789bc2152be09
SELL,0.999,30.1,1729470018,No,0x04fde310211773db0da031b14e158ef096c32dc2fd60f38ac1b46c794f7de38a
SELL,0.999,30,1729433800,No,0xff3c7d7a7b31ae8530d30f1458e12f76d8dd588e9a2a68ce746a8e61b60d4edd
BUY,0.001,300,1729431652,Yes,0xe933d1c3cac503e36501bfd9f7f6384fc2eeb7ddc8a609cb3894d25a84f69700
SELL,0.999,5,1729431608,No,0x0448a3628c89a9019bf6dfe20558e1ab023294b6e95d9c6576ca061fdb73452f
SELL,0.999,11.01,1729431354,No,0x8da7b25b06e67ba882a0e3f360cad25ed79fb19380f9ce67bf88823411ad1bd5
SELL,0.999,8,1729431016,No,0x4d83101850856713d17d4a6e9a79738f8b982a709b3d43d121170e588601e9e2
SELL,0.999,10.22,1729430296,No,0x1fed9f682d75140cb6606549294718f45313715b397fbba055ae49277406ace5
BUY,0.001,2000,1729430104,Yes,0x844c68fa905415f480fbdcc55507433a3becdee7cde184cee86ba705113a748d
BUY,0.001,700,1729428098,Yes,0xb7518d30fbba5a366b4f061e23e37de8d1fd986b4e65584cd48bc9f2a5421606
BUY,0.001,1000,1729427602,Yes,0xa53f2ed41e6bc957b6d3eb847aef664fe0eeac9541e54e84f013d581e442c781
BUY,0.001,10,1729427438,Yes,0xd77c16f2ad9a6b0d9651357a231637528baeb6520df9e78161531a5dba28dbe2
SELL,0.999,2,1729427398,No,0x95de8a97be1cd14c19caa2b2f4279eeb8e7e776bd6961f0110a9c19fac736bbc
BUY,0.001,1000,1729425199,Yes,0xef0d883cae05d9c2b43327ddfc00c3d274b07486c83ef91b62fdca0857177cdf
BUY,0.001,1000,1729425169,Yes,0xec8080fefd68d3c60453f05c11689062a6e24f3d2bc826ea23759b4d13b5ae01
SELL,0.999,3,1729423074,No,0x7dda84735d0dece274dd108e23009bc3e967128ee35fbd79bf49a5a12fbccd0c
SELL,0.999,57.95,1729422590,No,0xb87c6a6fd893a099e2ec0d21ae56bed06de174c1ede5bbcba4800992e25c11b8
BUY,0.001,770,1729420053,Yes,0xe12292ec52a37f3527c78f770458aa424b792f0bb7df6deb5c0f65f3700cac37
SELL,0.999,3,1729417811,No,0x4ae4c519975eb8f44b1e06c7a04df68146d60d670788f1b6c8a71101b57da9cb
SELL,0.999,48.04,1729413474,No,0xff503a4ae0b1bd775da76cdf636181785b0d06aafe3694b9026e4138e42adffa
BUY,0.001,6960,1729413374,Yes,0x46c060063f77777bdd8e3ffb35bc4df854df117d1d61c506a4584599693709d0
BUY,0.001,1000,1729413102,Yes,0xa7c79d86f71763de8d2a816fa4fa4aed3380adf5e9ac2c48e6a28392386f6609
SELL,0.999,80.08,1729412032,No,0x04316ccb6d34ca5a8cfb3f023d69b6a9a2e6f669eb44ba0e1d54b2eb9aac0e33
SELL,0.999,15.01,1729409154,No,0xa5a35f134e123067bb3989e09418154f55e24a941c97cc0fe2afdf9ff3de3bcd
SELL,0.999,29.02,1729408644,No,0xf20f750be3a03f949023209b24c8e4b8313cbde5aa09a25fc4bcb1157eb0a5b7
BUY,0.001,53,1729408017,Yes,0x9cb0358d1c664134a3309cb210ebc2eafea11df6098a7697c8dae3e335d8123d
BUY,0.001,150,1729406741,Yes,0x286d57d806eeb9d97cb4fd869b35ab181728c4c094654b57b0c83c42355cc07b
SELL,0.999,1.32,1729406397,No,0x575e51dd9b28b43fd38a17f78bdc448ae87eb1d02b5b6baa10d054ae5abeecaf
SELL,0.999,15.01,1729405969,No,0x852623751812ddff944ed957b833c0e1d569e6f500fc6dfabf17f2d403facb44
BUY,0.001,41,1729404478,Yes,0xc40d1d7c399dbbcc355a11cbc341efcf431a504dff33961a5eadb8860d46d586
SELL,0.999,29.22,1729402413,No,0x4667a2c85215038cfe5f91c88cde9d4386d60708bc2e99309fc5c8dea698f18e
SELL,0.999,19.01,1729401731,No,0x5decb93b77617be56318e1762cd213e5e3a75447bf06502f28d898d1c12a93e6
SELL,0.999,23.32,1729401332,No,0x512f7e44b836dcfcba74cc72fe5224ebbb3d6ed8bca385b636be55fc2af8c4ed
SELL,0.999,18.01,1729400587,No,0x5dd8a096ac16fe44f93951d28378e458756af361249f884a37d304853ea244bb
SELL,0.999,16.61,1729389483,No,0xe82ae0c908800ef13a26ee06964be53c2121803cf7af66d655f77503ca9d3f99
SELL,0.999,15.01,1729389313,No,0xefdaff0a6a261779febd5c31fd95ad34db27e47f238f04d84d3a7ba9e35ba58b
BUY,0.001,380,1729372164,Yes,0xf5cff5574dbadcb7bcbb728108a2b345ac7cb1e8ea3c9e0ee79206903b0bbad0
BUY,0.001,15000,1729368110,Yes,0x395ec766f5acaf29c2590def3e905feaca6478fef050c2990772e6457e427c1e
BUY,0.001,780,1729363275,Yes,0x72b20de00cdd6e14259b8ab73848bbdced72401be8c850dc899307d4d50e751b
BUY,0.001,730,1729362471,Yes,0xafaa4e48a58960133433d32eafc5e211de4d2b025fd1ab17bf50115e16d446f5
BUY,0.001,5,1729356384,Yes,0x4a528a361665b60906fc57bf066ee0bf3759b5e6255c24dfa0b079f767a4689d
BUY,0.001,5,1729356072,Yes,0xa89add55a6acf0b37465c9da263272990e70f7ad1390e9547e66c721269e9582
BUY,0.001,5,1729355696,Yes,0xc0834a6a31dff06479c2d455b126d5bff8ab63113582325cd96a95b6a6a1d826
BUY,0.001,5,1729355446,Yes,0x155cfc1e830a67d226e401857ae23ce4f476a7fcfd5ee96cf0cad961f8545fcd
BUY,0.001,5,1729355120,Yes,0xb99fa998229abf5a5764c985a4a24122a876d934ef6bdbc0f271a228989821a4
BUY,0.001,5,1729354860,Yes,0xd9ff615dd514a562aefc8f2bea46b52111e1d502321075035455ad35373ffb03
BUY,0.001,5,1729354518,Yes,0xe364f1ff79aeaa4f4656cfe48529579e923fc73ff8c2ca99f3245468548776a3
BUY,0.001,5,1729354200,Yes,0x87b88861d6b51e76ec57f564e9ccb2cd9d070cb72eb612cf07e04c70b57f7974
BUY,0.001,5,1729353894,Yes,0x8c974a1db09c17758ce199e266a5692f5521f93f8a733dcd6ffd9e83febb1230
BUY,0.001,5,1729353602,Yes,0xcec06178c1f17316a8236a0087b999748b2dda5476263248b0c55d9cbcda13ba
BUY,0.001,5,1729353262,Yes,0x027396294957465df0f1d10fe9d2883b30795749471d6cd1bd9ac270f1fa16bf
BUY,0.001,5,1729352050,Yes,0xc1fc2882841abffaf9bb0929b1206bffa65f966c77a2dee0929bc528d413f3a4
BUY,0.001,5,1729351758,Yes,0xe2c6a94a333ab1393f5ccdeec8eb213ddaaf773084d39c57a638514faf3c1977
BUY,0.001,5,1729351474,Yes,0x2aa6359d199f8faa9a358117c5e6741bbe10defbb91081d402ae10b34cd796b8
BUY,0.001,5,1729351142,Yes,0x26fd4a828bae577dc3eb046291421cc684b921561ff3f18ab4e019b43af84053
BUY,0.001,5,1729350596,Yes,0x02569d7ba1138c555fa1379d8a56f48ac8f9a7f57d8355f52f67e72914001514
BUY,0.001,21,1729350522,Yes,0x96b4c964c8f1b648c8d4bab2a0cb0bea9e7565e3ea77deb2a105988b6dcfcc5e
BUY,0.001,5,1729350276,Yes,0x28e43ad6ab450eccda77b5f066256e08ee7cfd0ff8e36c5c90df0404d95ac414
BUY,0.001,5,1729350004,Yes,0x006cfca727aaf6ef0372cbdff5ce4cdc9a90e2f4fc6d1a7870a2300d114290e2
BUY,0.001,5,1729349690,Yes,0xba5b8acf2cf90238d8ffefb6732e808e5de3e500bce414252a2fb30266b422c8
BUY,0.001,5,1729349288,Yes,0x4115af27e4edeb59efbd41a1ebab54761d728a8537aa7ce02dbaf1c10973283b
BUY,0.001,5,1729349000,Yes,0xb56891eb0ac1489f1bfa3b08c1fdea00aecb9794fd31367673bbe93e8f29e13c
BUY,0.001,5,1729348738,Yes,0x6b48245f55a2ac98fe95dfc9628662eb8d4b4087876d87052e593697ab555da3
BUY,0.001,5,1729348338,Yes,0xbd9408adf5ead45f39dbfd1c4aae4dd3327d39b11a29d14cb25c8f4fca4b590a
BUY,0.001,5,1729347494,Yes,0x1be509816a9f1eb90a94d3725f528015124a281102f4d0f42e600aaca251e001
BUY,0.001,5,1729347105,Yes,0xc8cacd11bacc0d51bcbc9a704d472bd952af07740d822731e93d94d07f4eb202
BUY,0.001,5,1729346796,Yes,0x6eea4ea5d2eabc094b037aa7cf2e7d22d687aab0a7d022f2a06851e56a179aa2
BUY,0.001,5,1729346150,Yes,0x5e6b3b06ba9d80eb6b7de94128d1d90ed416cdda3a6ac2323b479e67b6561a20
SELL,0.999,14.01,1729345954,No,0x6aecafc7381fa42ba0504e1587fcf02de093d1deafff403ecc56e2daf8d7dd5c
BUY,0.001,5,1729345702,Yes,0xdacc152c1362a527dc3fec7540995e80e6f77d3a3aba8a6edd3f4dab9bb22e5a
SELL,0.999,23.02,1729345390,No,0x304d33cbf67c56ce396758f550e0cdd841c5654e02724b2dd89218a556b57ee0
BUY,0.001,5,1729345326,Yes,0x71da881ec4c0c40eae2807b4d17815f7d2de613dc8889043f61375800709f210
BUY,0.001,5,1729345022,Yes,0x1c46a96ba625d3fba1a7a62f914f638b6140cda6b44b155202bce441390019cd
BUY,0.001,2660,1729344868,Yes,0x8abc52c18c5be2443f78b393c8c00929d00f4b95477864c89d9010cb98a49dca
BUY,0.001,5,1729344698,Yes,0x60749b6e2d970c5c5c58270c5a8129410a7d238ac422a9e24f53a2675aa8c19f
BUY,0.001,5,1729344386,Yes,0xa3f8d568b03c419a95cbd79b0a2d1fcc61a24146201eef961ca4c114f967215b
BUY,0.001,5,1729344066,Yes,0xa1f9f57413b36299cf4bf3675ae75852b65c3f230fe4650a63ec7fbcaa0e049b
BUY,0.001,5,1729343760,Yes,0x36c80cadd5d3f263f9fe20a12abfdf85525d9631b8b64d78986efc718046acb4
BUY,0.001,5,1729343372,Yes,0xefc339581356043c9f834b6ef7434b335227725908462022120a4a82ec7b22a6
SELL,0.999,67,1729343134,No,0xd0838177f72bf4789f474e67d964de617e068463d8fb92781d76b567efc7f3d9
BUY,0.001,5,1729343020,Yes,0x632f72da59e6c2c0b93f4961027e2d7ef4527db9ba220945614805519b085b06
BUY,0.001,5,1729342606,Yes,0x0a5f9739d552ec4dffa3846b2311f726a72b13c1600291eb65960c23f860f33a
BUY,0.001,5,1729342112,Yes,0x4c4f307dfd3835a1c8153b505340c667d0c111ee89b599b82567c0ca133d77ae
BUY,0.001,5,1729341620,Yes,0x31e491f078b9c560c76d97be8eae45ad796da8a8ab735c194fb9a163f8d34cad
BUY,0.001,35,1729341210,Yes,0xedf1c6185b63ab918a3059b9ccf9f96ec2f1d7207d4b2e6dc13f28061b4eda60
BUY,0.001,5,1729341170,Yes,0xe873c2e2fff6c454096571aef703942fdaddea908b4b4098df5911f3c6ac3394
BUY,0.001,5,1729340758,Yes,0xfcf173281b182aca126c6ca152d320d67a8cf847ada4fd4f3482d99583bf6e70
BUY,0.001,5,1729340466,Yes,0x8d96732c54e11038964dacd73198a99df9d06f5f6cd3668dd74a9bd7d522954c
BUY,0.001,5,1729340142,Yes,0x021a46e72e4077fc860104d0f7bcd8f677eab30ea28b7a04b708c58ea7a67838
SELL,0.999,26.02,1729340124,No,0xffd38aed9ef66aac79f38783253a9b7ffe5102bf2e0eae2beea1f4738a35a037
BUY,0.001,1000,1729339896,Yes,0x4120964bb42db0a337def6b7bb9ae7a9bcd9646dcc6f812d21a66ad08693cded
SELL,0.999,13.61,1729339478,No,0xea4f0996f11288ad01f7dd97b70186de0f05b7a69c04cfc2a596d19059b2091e
BUY,0.001,770,1729339282,Yes,0xa578e87dc32ba027b3309d1a53012bcfb6d68b486499df9d4c6fdcbc44002c30
BUY,0.001,155,1729337976,Yes,0x47222ff62af6c9b068afeacc2303f36a4f88f035ecaad091079c64e6a23d4abd
SELL,0.999,30.03,1729337118,No,0x590afcac49bbabc7c3ea7cc681783e45ab0c40f1f198d0e83521995a3f12560a
SELL,0.999,28.02,1729336954,No,0xcaa221bfd4f1514a65145d1818d7645b16a4ec2e53164d187cc973f5232976b8
BUY,0.001,5,1729336756,Yes,0x167373f1a64691157224e055e80924a0af2b6266908a2d6cbbcefe11eeff54a6
BUY,0.001,10,1729336650,Yes,0x4822efa1038b2447dbf8ac0587ac31543e7329a82c70f0faf18df81c05823aff
SELL,0.999,26.02,1729336572,No,0x25b50600e3f4b5a25fcf419086cd917d789520ab85b91837af28faeecb1945b7
BUY,0.001,5,1729336448,Yes,0xf0e5ffd74de135bb9798e80616b97abdd160c73647bab54ca44b2124551b7630
BUY,0.001,1000,1729336428,Yes,0xb6a586a5f1797870dd4961f8c42f532d7e4b5160c1b9d856358a08a51f87e33f
BUY,0.001,5,1729336016,Yes,0x897d20113a3446d6b5c5ddced9a293c209745b2096ad1e464d56677ce28d4812
BUY,0.001,5,1729335408,Yes,0xec883485aadf23aa0995965ad59735dce942d614173fc7f1d692d8b35288e475
BUY,0.001,5,1729335090,Yes,0x42feffc4e2282576624a5a1f7abc32029c1a429c57dde21d5c1580b7c5365e50
BUY,0.001,5,1729334722,Yes,0x547ea8f1a7da102cae6a81b94b7b8fd9498765f3788c433cd3a4a0207c26739c
BUY,0.001,5,1729334218,Yes,0x3ea19d804e6ea49c2c79dcba6b14aa66e0cae9bcfde251446c579c07ac94af7c
BUY,0.001,5,1729333852,Yes,0x8cc19f3072df7b05d3491713d04a75de6e5db6945c520693d74733d7e9ca4468
BUY,0.001,5,1729333494,Yes,0x667a0fcd909db3d20d6f26e4173ce9e8a1255b32038940646ddb577b2f7df1fb
BUY,0.001,5,1729333204,Yes,0x7a75a60a38f571e692590d1e711c8c4277e33a5c9482223245f87b459ca3ded7
BUY,0.001,5,1729332932,Yes,0x75bce507bcf06abdc258e03ba204f819172606f4e35a00e8822d3b58306642e4
BUY,0.001,10,1729332710,Yes,0x79e815e3e6c1d9f42f5894a0dd671d2cf35aa3683cce53648abbb3187152376f
BUY,0.001,5,1729332664,Yes,0x9ed5b9b7d5915ab423c1bbdd32f11dc1e6d292c71a4bbd9ada6deeeb6dc24b2c
SELL,0.999,5,1729332626,No,0x89ad1c3827665fd8fd5d6012b93889d2754b0d7cc2ba76daf9faa58984ab8619
BUY,0.001,5,1729332372,Yes,0x6f1cc6a5321c483988cc8f6fbea5c23d5b5d48025950203d12be60c4d72a77ec
BUY,0.001,110,1729332154,Yes,0x667087df79c64777995f7bae57732f07c4e667353ebc4ff34b01e4abf0a0cabe
BUY,0.001,290,1729331956,Yes,0x4adf5018c36afee0056348276b089e33dbca5f2fc9e5ddbb24caec746c94964c
BUY,0.001,5,1729331670,Yes,0x4d9bf6422abd4b2a978175df39882e8efc12a52a8873bd6fa845291ee8ca60c1
BUY,0.001,5,1729331312,Yes,0x48ee7a1a8d0c9c9de2830d03664196d686eb49fa262ed350597e0428f70ead42
BUY,0.001,5,1729330756,Yes,0xe222cdde578876748f7d8e42495974337606f92e8db95d2b5240d84ac2271f0a
BUY,0.001,5,1729330294,Yes,0xcf1f823d04dbace1f25ff7e698be03680368075006532d765ecf07383ff3a3fb
BUY,0.001,5,1729329826,Yes,0xf68497b560d9cf94c7b164d8ecad70a7bca85bd73e9539e44faaa96ec3283f3d
BUY,0.001,5,1729329568,Yes,0xbc1dcad7b0839052602e3a056560bacb6306937941b11d26b6df227f6e4b3461
SELL,0.999,4.54,1729329544,No,0xf4b691d5e313ed10c2736ffaea8d45198ec96513008baa39f1ad511000df9a3e
BUY,0.001,5,1729329258,Yes,0xca63c8f1c3b7146d60332589def491c0962422a65c9d4d0d007c0bf79cbfc884
SELL,0.999,50,1729329100,No,0x4621cc52576bc2b3cb75ad840c6dffd62b75f707698d3d7f6290e3472cd9672a
BUY,0.001,5,1729328972,Yes,0x7c27086cfa9e7d0be1848d027c006c66aaf53eaadba06f486bfc347e5ea7a35b
SELL,0.999,5,1729328656,No,0xc3a55f15ddc443f1b818e9f32caac98cd71ae01f5c2672b3f2b7fce90de5aa13
BUY,0.001,10,1729328436,Yes,0x552bad1dc2916f836a0d501283c43b575eb718e3f7358479ffe035a6384b2004
BUY,0.001,5,1729327296,Yes,0x6756840ed9bd7bf0287beb57040da5676d2915bf37c4960dc2e74f0b697c8f29
BUY,0.001,2000,1729327272,Yes,0x28fa8a76a0a11b1c7f67968dc5cef481660e5391097b7a46b007004c2fc18156
SELL,0.999,22.02,1729326998,No,0x91aebfeb035fe26de482044a2a90b21d5c87517ad41c32cc4b2d00b220554553
BUY,0.001,5,1729326620,Yes,0x95e0e07bffd1d589f457968885bcf50fecaf6478558e3886e574ee979820d971
BUY,0.001,10,1729324878,Yes,0x106b0310b33821b76c7a145d05dabbcce357647540328476428b1c1d2b8c81ab
BUY,0.001,5,1729324838,Yes,0xa7b77c1a836dc9bfbaf5cde999a015d043cd4697915e505b48648c3d9dd19471
BUY,0.001,5,1729324432,Yes,0xdf03211b460c1ff27d4de3f351c36c6d6626c61f7651efb5630de33de6f86840
BUY,0.001,5,1729324074,Yes,0x1020aeede3d7ae3b008d8b85671265dda89d1c6f8746cd7d1ea5a4b61b4e8089
BUY,0.001,10,1729323686,Yes,0x61bfe87954de5e117575607b23d6b3f647168fffa11f5095b6c1eaacd8084f35
BUY,0.001,5,1729323120,Yes,0x396a09096f5187b1c1854eb9166f9cb4b1913e4242ca6d551607b6e51fe743ee
BUY,0.001,5,1729322730,Yes,0x35532de1435a3b708de997ce62133a0dd1718ebe6c3ae6ab4ca77140ab07bed7
BUY,0.001,5,1729322254,Yes,0xa80ec5469e30760c04214a036a5955f9e3693ba3b51066eb2815c2d0189d2bbe
SELL,0.999,21.02,1729322078,No,0xb939be7a30d100c8ad93368ad6dafcc06282151d4ed6c40fd0edfbc68a31c7e3
SELL,0.999,19.01,1729321902,No,0x33b929295b93d2712e50b07d5be5f796987c684e67028014de1209184426f418
BUY,0.001,5,1729320976,Yes,0x1a4f3a16cf378a97b1f37821a64c189dedb66594a4ca425b324cf4a44db16dbb
BUY,0.001,5,1729320670,Yes,0x1dfcfad13cc94811034c3bb97c1951fa3c4a8fa2f0f1faf72c604f7bda90e9fe
BUY,0.001,5,1729320326,Yes,0x4da1157067f87d9158bc498752fda01a99f49e5bd9e4a8975cabd7be464f3f60
SELL,0.999,26.02,1729319890,No,0x5ef014026ba321f20567e7eb4ebc749a49205fe191f8ea1276ea6fd415cbb91b
BUY,0.001,5,1729319622,Yes,0x2f19085ff80e315d42d817cb382f3c32672d8a13c2d03603fe00939e701b19cf
BUY,0.001,5,1729319192,Yes,0xb4503d5995e77d2070fbfcd24750fcad25cca5a66d26359e2383d6aabc1bfcb4
BUY,0.001,5000,1729319158,Yes,0x52034cbb075d80db2a18477c614b6ad59721a21338006c428c5d4278d3e644c7
BUY,0.001,5,1729318830,Yes,0xee2c9df284f745172824bbac432895f93751a6ac07715446639003aa4cef2243
BUY,0.001,5,1729318436,Yes,0x7bafeae173eb769063d377042cb0af0b146f785ac51d4316f7c636957114f12c
BUY,0.001,5,1729317736,Yes,0x42b46ca6398e5cf41d5cf3561102a09a8516a4f66d4bebe04a3a481681773c41
SELL,0.999,23.02,1729310016,No,0xcf5114ec370b957360858ad081287465cefded1ac6156e423b0a61ec6326364c
SELL,0.999,1.8,1729310014,No,0x1e8bc9c645fde795fa5721e4cc9129a8dcd0e3acbdafbf7da01a9c339997a2db
SELL,0.999,16.01,1729309868,No,0x052b41b6dad653e6aa76ae1ba87295f6fdbaeb2bd02fc8d57e850d6711fa5c55
SELL,0.999,20.02,1729309406,No,0x8be967af3489bf108901901d4ea4f7273f212817606a9a9300ae893248e5e178
BUY,0.001,10,1729308410,Yes,0x019dfd39576657e4c209e61fcf7896da1194fccfae2a1371a5627184c9455fdc
SELL,0.999,86.08,1729308368,No,0x59a65cb4e6d8cf7c73c8b31954a3f8de94ef21b8d36f413fb9ba41d10536bc94
SELL,0.999,80.08,1729308000,No,0x113a14696838751fbd7ef223db495014c4852251228c34a2177080c0af6b37d1
SELL,0.999,17.02,1729307910,No,0x9e77abd35d2c6173b033a8dd0e34b7f0aebdf38914253be24bfae91ecba9d29f
SELL,0.999,11.71,1729307524,No,0x64c941fb264e618cf4296b07bb6fc477028ec6bbeaa5a1096753aabb3878242b
SELL,0.999,78.07,1729307362,No,0xf13dc296f37310d6ca584b37c476ce79534c87fd09b51070b5db2cee82c7684f
SELL,0.999,82.08,1729306650,No,0xd520e8fd499fde32757e8c90eefe9bb73332a914a94633e7eb8c2c424476c274
SELL,0.999,6.3,1729304483,No,0xe033b78cb40426d5c09e59adeb392c2ec1d37c05f2ab39f39e13cd7b04fffc34
SELL,0.999,25.02,1729300473,No,0x69407b1f1cc14fb39a48c2b54931f0e0c902dca91e5772501ad44cb1cfcf9865
SELL,0.999,17.01,1729299783,No,0xe3845b258e15271c61280d63bf400976b0c00f3fa3e9659500b43514bceb563b
BUY,0.001,1300,1729299239,Yes,0x9a99ba819dd10c602fa1847a64ee9b8897652de6b21138419f52de8cf712d53d
SELL,0.999,10.01,1729283209,No,0xee84658d1df4495e514708772a4d3bbebfe13954e894e3aac009ce3272311080
BUY,0.001,2000,1729280695,Yes,0xaa4422ab5706f3b118c55d091ea04192b91269502042fc453edd8174e2c22067
BUY,0.001,3000,1729280525,Yes,0x823b331063c3e865066250d96c30bfaeeae02ab862063ee786c22fb69cb81bd6
BUY,0.001,9800,1729274765,Yes,0x1009952304cb221c7d06a7d6f17a8e44df7c3c561471522dfbaaddfe7b5f0dfc
BUY,0.001,5,1729270237,Yes,0x8d7efbcf05dcc27dac52be599523ee72d5e6735473ab63a43bf323d6ae25beca
BUY,0.001,1000,1729270111,Yes,0xfe3df1572fe6a6207b4ce31729ec07933307cf75b8b77260240d0b1207afd62c
BUY,0.001,5,1729269825,Yes,0xd824d3d9b3e5f90b081b922d667b32c4886dd9e6a6b0ed6381ac5cdb77aeb826
BUY,0.001,5,1729269497,Yes,0xfbaf3a8ca42d31b27c7aeca3e6ad9cd8ce09c23aafad34ec869de0e8a27703b4
BUY,0.001,5,1729269145,Yes,0x62fbbc4ffedee8669aa3cb8e3f7be7fe78498558aaaa1c987d5f7bf5cdda13c7
BUY,0.001,5,1729268765,Yes,0xaf8a415420313e2e7f04162f1d6735295dba6627da8cacea22a3de7dd0037ede
BUY,0.001,5,1729268343,Yes,0x71b37a06ca24ffd3f6f0e85615ecac069c0a58e348f480588531b40403ec2c13
BUY,0.001,5,1729267955,Yes,0x9c7000ca064eb76d3ee0c386c5c6dd94c14dac1fe127d279896751df98b55828
BUY,0.001,5,1729267637,Yes,0x9089c81b23990f7ca561d27c126d8b5d5d3bdec9fe37378d2a1a885cab55bcac
BUY,0.001,5,1729267283,Yes,0x27cdc6617412142e502c271eddc3ec0c53fbc9b2ff319f67afd9c362c1fe6eee
BUY,0.001,5,1729266953,Yes,0x68600e2753687475653fdf96d3cd9d6212e1ded27a08aca7bfeda6082e00c341
BUY,0.001,500,1729266533,Yes,0x3622d4c93573d467239dfc853d81d7269a784742243dc52d510e7d0eac287a2b
BUY,0.001,5,1729266527,Yes,0xc791ab5f09e1989d856c1360d402ce8c467a7e4f6faa0f49600181661f4e8049
BUY,0.001,5,1729266189,Yes,0x6c3b4982976c81c5b706283716c10e5c08194818e1799315fe5051cc67f7df38
BUY,0.001,5,1729265810,Yes,0xfea262563419c1bc3f5fe2ba1d48931b8b7f4ba3b980c6755b8b2fe216858aff
BUY,0.001,5,1729265438,Yes,0xace6d84fb62fc7a0168c0dbbf26474f6001d2ae7a191e41aa45470af0a52551a
BUY,0.001,5,1729264928,Yes,0x9b8f7b415468605ce5557469377e317fb717470188294aae76a7b22ae1c00646
BUY,0.001,5,1729264222,Yes,0x3cf7576b6fb417e0cd498b35a1be677041fa2be3ddc2b2ada6f7e38c8402ff00
BUY,0.001,5,1729263468,Yes,0x95a43d288b19f98ea12fbbde2258349c96a4bcbf970e62f664192b25b454d26c
BUY,0.001,5,1729262604,Yes,0x2a8a76ef50d460fe80c55e740b7846fe5e870ba76e7ed1fc90570195085d4577
BUY,0.001,100,1729262322,Yes,0xd7cde6ed2d1e26abfd73e41c572923c8960784c089a2f1305d14145c62fc02f2
BUY,0.001,5,1729262240,Yes,0xf534a5034806d7b9224c2e7e4dfe0c4768111fc597ee55ab6493e9e96d050d9a
BUY,0.001,5,1729261830,Yes,0x069b4579d5d7f609683ba158ce3f099887ab02fba8c2da5418e8dee45b08db67
BUY,0.001,5,1729261242,Yes,0xbaed58b7fb5251a925d3b24d71a6cfecaf6dcba50d722ddad8be014c040bbeff
BUY,0.001,5,1729260878,Yes,0x887aafc0f0363d128ce1f1ef29964d6edcc10fab24c4e03f3b41bc192119924b
BUY,0.001,1100,1729260650,Yes,0x8a916ac63fe12e1641d2f2eb9827a28c8d4681b74fd0c679a9951cee01052fef
BUY,0.001,5,1729260544,Yes,0x7f32c45191d262e6b83b738c724da5712ee88c89725cdfc17c32fc11398beaa6
BUY,0.001,1000,1729260356,Yes,0x7e0d66b77e4fc6927f6b06dd1a5263ce4673e9721cd00eeaa06bd61becb9b28a
BUY,0.001,5,1729260242,Yes,0x881af8765b3e4142ca5c655c42e385e1ec43008280250bc9167a3cfe047e7313
BUY,0.001,5,1729259882,Yes,0xde1faf296d6664d9ab4219946287630b66875c81846053062e6c755330165f0a
BUY,0.001,5,1729259584,Yes,0x42f23e31e26a12dd490a710db5a8622413d5c94f9ba0bd803ba67480afbcec6d
BUY,0.001,5,1729259288,Yes,0x7fc7e80788bc41b2fe67e30fa2fb7f598e8ccc5e7c4b06534cded655b9acaaef
BUY,0.001,10,1729259262,Yes,0x0157dbf29decab991eac0b8e36979886945fdde56c15ee551f521ed5bd177da8
BUY,0.001,5,1729258892,Yes,0x556b14769e89e4542880b74a49d4b0663ffae1f03cba532fe1e879c782d616e5
BUY,0.001,5,1729258432,Yes,0x6015e264ed477191332f844cccc26105d8e8e847826cb4f39b2560d55bddab9f
BUY,0.001,5,1729257938,Yes,0x7f76bcc1259ce27e9d5c7dfd55ad466097e8c29e70c86b75ec404e03fd08a9f7
BUY,0.001,5,1729257508,Yes,0xaf47a57ad58267569e27d1c3761e4e9a08fc8e2db512f8cfe11f8d890cfa566b
BUY,0.001,5,1729256974,Yes,0x666228a747f7ecbd2c102b7212ac43cdb269b2daaa01be95a7d6350d51cff562
BUY,0.001,5,1729256500,Yes,0x839a971231a3e83800fbb1c07a7b6d6378787fa50ea93dc6427783729e4c90a2
SELL,0.999,11.11,1729256055,No,0xd2081a351340d60e6b70fe70d7f3bbb728addb1902e0b637de72a968791cfef1
BUY,0.001,5,1729255851,Yes,0x5e31d065d16c8d34f7804fcaf7cc7fa555d752cce27c1d57c7559206a7fe5d2a
BUY,0.001,5,1729255114,Yes,0x3246fe7348577ee22f370ebf80e5a90dd6301673162c0e5fded7adf1714bbc1d
SELL,0.999,24.02,1729254830,No,0xa00664d6c1fd5f8681a31e2002c483fed9608b39ee7ddc0550e7e39b9ae6ef1f
BUY,0.001,10,1729252870,Yes,0x5faf60768d79824891a2252d4287b523ca81a6cfa89b08cdcbfaed3ac381fa4b
BUY,0.001,10,1729251858,Yes,0x9d7f264f33784d2e8695ab3dc0721ccdcf5c3ea081a5feaf60e1c2c9347cdf22
SELL,0.999,8.3,1729251456,No,0x28303819da396fd3c605000e96cd1b8a475ebd6eceeac87066842a5fd8645951
SELL,0.999,11.01,1729249602,No,0xd6b6e17b85474c8f4c9d63a47ded4c7f9fe0c875e83dffdc2b0fa2a5e60bfbc5
BUY,0.001,8,1729246753,Yes,0x6acfa602e2b3666f85c5b746cd56a031d6d1d6fec9d599c76eb1d43f535502df
BUY,0.001,10,1729244858,Yes,0x479e9a8e9cea6adfbc1b77a01a38d5d18bc743841c3def6545c6834094afb56a
BUY,0.001,5,1729243781,Yes,0xde08d7de1f90ee4c318ff40df014332a364d72de7200b6a2992505ddec0375a6
BUY,0.001,200,1729243739,Yes,0x5a83ef4c6a6839558786d4e8d94eebda9a9a1ff23cd7f3d4fdd8f811fb7c9f5e
BUY,0.001,1000,1729243461,Yes,0xceb1f629c269978c4ad81238b493cf96a09c14ec48fab9b57cd2e74112162560
BUY,0.001,5,1729243311,Yes,0x24e65a50b9e2c3864a5297adafe6fe899acc4dd6e5b90199bbdaf0a99d6a395c
SELL,0.999,88.08,1729242731,No,0x25afe8396c2bc60023ad8a81c6b6ebdbb4508963944ec58d6cb33402a1a63c66
BUY,0.001,10,1729242466,Yes,0x240e67e4149f1fe74693356412d3bb951102426394e1799d774e7e82dd50cd8f
BUY,0.001,5,1729242056,Yes,0xf34c72393a45fa760df6dd1f421636006aed32e0668cd6ffce208f59766c0cd6
BUY,0.001,5,1729241690,Yes,0x1b95a497b00f1bc50d6f96498fb62bbc71ce3ce9872dbce5d7bb9333150d4e11
SELL,0.999,85.08,1729241450,No,0x912358067eeca88367686ecd23ae2ab289018c9ba7f5c893ea78cb09df893963
BUY,0.001,5,1729241326,Yes,0xfd3ebe2fb5a0a79a0138805908498c502dc07c8b98c520acf60958c391f7840f
BUY,0.001,5,1729240868,Yes,0xe074b6b5c7e00e4c6fd22f716eec17061985817ac8a8473269cc2f807b9175d7
BUY,0.001,5,1729240470,Yes,0x16b3147686ec705b953c26edfcccad8af161926e8324d702733909d297bf8772
BUY,0.001,5,1729240154,Yes,0x73001c8acd8f87bb08125ad82ebcaa1658d5a66c0e6d8f4bd03ef7359c4b66a0
BUY,0.001,5,1729240074,Yes,0xe60765bc092006fa8396613fc6919e7751c7068310a5ad9c4db4b4f77d548adb
SELL,0.999,25.33,1729239818,No,0x77427d8ad9769c7a439bf9be38a66e2fa810c45f703b3c311aff80d0f5cab4d8
BUY,0.001,5,1729239780,Yes,0x2a6e49fc6e83c068bd8a06d1ccb05f78106bdd4ab0245411177cb96c0f215fd4
BUY,0.001,6,1729239704,Yes,0x777dd567f7a74805c055d5354c8668e73c5e6cf80db5c9cd61872e46054dc7b1
SELL,0.999,86.08,1729239680,No,0xaeab72a38f6a1bc13f87122646f137279c6298358e41daeba67a58203ccd2781
BUY,0.001,5,1729238631,Yes,0xb63bf27d2a51326275fc0b46a589c350554f05be82c738a87a89a94ec591238f
BUY,0.001,5,1729238246,Yes,0xabc2281680e55d950cb442a8c0691eae7da7e782786666dcbafcdf5a3e917b55
BUY,0.001,5,1729237739,Yes,0xbc974e58251e1189758e05c5f8a1ad0634e38b369e1027b815b57c49efcaf587
SELL,0.999,70.07,1729237671,No,0x405715269496fda938cc7c2430249a7921d82e2beca9efb537fafbda49cf28a6
BUY,0.001,5,1729237204,Yes,0xa9b9636687eecfbfef01c80e3c84aaadfb139b32bcd0c30caab47a0cdb3b1db7
BUY,0.001,6,1729237124,Yes,0x3a10da2a14f979443511167171fee8389112fd7e0890f78edc0d20b59a2a3ac4
BUY,0.001,10,1729236854,Yes,0x53c4be8dca1be4e9e39adac87ad7a38d28409d6870411db04d087321ee994380
BUY,0.001,5,1729236624,Yes,0x0949361f9cf776739c7d12fc162773d9122d3d8ef4b46104063a1c0c67c2857a
BUY,0.001,7,1729236302,Yes,0xa84e20e4ceb70f73fe19c6ac53d98ec2b3845d08ae17a8af1e9dbedb040c57a0
BUY,0.001,5,1729236118,Yes,0x110d2ed4283794dd1f837b5b7181fbbd402b5f146cfe308d8ffb522a27304c4c
BUY,0.001,5,1729235640,Yes,0x17b99a3391cb3f0b0a7f4c9804a6960c8a9e9d38ca6e15779bc4bda7c206368e
SELL,0.999,60.06,1729235268,No,0x7771921d6aad35762330530dab5d78f8cd4a6123129dfa0ae7cb43180a1c4a29
BUY,0.001,5,1729235030,Yes,0x37f0b08ec00fb69d6364bb215479714ed537d663d211e1a790d59e4c9dc66945
BUY,0.001,5,1729234140,Yes,0x063c4850030085006187a83506836bec0391c3102a906ecdaa2da50cac83780d
BUY,0.001,5,1729232655,Yes,0x963ea86ecf0339ad0f91d2653606948edc474acbd105a461c5706301db58f71c
BUY,0.001,5,1729232301,Yes,0x90ff923acce560a20f61927f41e5a6afd627fae09452189f2c89fed574366299
SELL,0.999,25.02,1729232215,No,0xd7d060968b926af398dfe3d2b456750e71ce41b435170890c1be29005ffe926d
BUY,0.001,5,1729232209,Yes,0xb16c2063125972b612f428f8448bea82df52dde86f5eeda22fe506c63f46167a
SELL,0.999,11.71,1729232093,No,0x9238bec3a02cdeaef20349fd99dac1aa27ff7795930459d4a1177afb1c4b458d
BUY,0.001,25,1729231991,Yes,0x3d17c6270e881713309d440f9678e0c03ebdfffc43c828b21103f713f52d745f
SELL,0.999,3.9,1729231941,No,0x8c62baeb833cfb1397e5110dfc7b101e96bbd224e9a868229dad14372a432fa0
BUY,0.001,5,1729231827,Yes,0xf7faab87abd81f98c56c6d1ff6fe59ff338bdf8b37301372523b994efd6a7a0a
SELL,0.999,5.08,1729231409,No,0x7be42839feaa9a4a8b41231d01ef3b62a87b435da463ec7876bdff1bb151d80e
BUY,0.001,5,1729231317,Yes,0xaf249167591c655cba9109e0a9420fe3b677923bde81ba49c7a216298c0504b2
BUY,0.001,5,1729230799,Yes,0x268a338126719001bcdb58e852aef8f87b7a9b179e83bbe333f8e8ba399634dc
BUY,0.001,50000,1729230785,Yes,0xd752669e207e607e6199a588a3904e7f6c8877c732edaf4b654d8212b0ca6181
BUY,0.001,50000,1729230783,Yes,0xeb5d4a4eb4b4b4ef413906585d3d9f3214e3f080f89c6e526504b9bd7bb6d989
SELL,0.999,22.02,1729230615,No,0xce6c0491eb51ce2a495cb7a0baa42d827c193e525a41730b61d238bb0e316eb8
BUY,0.001,5,1729230125,Yes,0xb04f43d7d248640de8cb41feafaf30cdfc0c447b03f37e877f0ee92b76af4339
SELL,0.999,19.21,1729230035,No,0xc96112be9d28ec1bc15fec612537c84e37c209b49e4a73b73b64cb805371c371
BUY,0.001,5,1729229625,Yes,0xee747da612353043ea028ed8bcc397ff8d6bbb4efaa92758d9f6b8f7c2632428
SELL,0.999,6,1729229491,No,0x3ef51fb13896795b042b4b64a19086c7d6799bf3cfbcfe10e240c7df8c68aad4
BUY,0.001,5,1729229239,Yes,0xb0076ec2d09f43af66ff9e709f32d5eb79d1ef12f8dcec61e1154369f04090b1
BUY,0.001,5,1729228875,Yes,0x8749d41f2ea8bf43bc426831d0791db530a475c5a42ebb447f2c6c13e820b7b5
BUY,0.001,5,1729228479,Yes,0xb0829d9bba773c5bafbff75d3a4178653c4d54825ca0acc3d1663df35364794b
BUY,0.001,5,1729228103,Yes,0x04c6e2940901200a7b5449a4ca4f8ca2907feb19119452ad6ae385f6cf89e47d
BUY,0.001,200,1729227001,Yes,0xb86f44982e3d3cf1d95fa7ddc7320ded30e42ee15456187a42e6fc4778df6aee
SELL,0.999,11.81,1729225687,No,0xb3c9b82d776ddcab98433a4758fbe1461fc5cbe1e40113f1b4bb13fff9e631b6
BUY,0.001,5,1729225053,Yes,0x9a7cc3ac079fd0a75cabb436516d83cbad3d86f327638d07f9ecd908d441e96e
BUY,0.001,5,1729224711,Yes,0x80b6c60c040b8910cec25e2f2dbefaf1913a2153a37d55f0773ec8345116371d
SELL,0.999,14.01,1729224587,No,0xf5a046822b0643fc8924c428676e68800f4bd05680968f57ffcfdf473a922e45
SELL,0.999,10.14,1729223986,No,0x5654fc9d03048f2d01ca621c064c95a7bb3f05d66f8395a466afe26d21d89487
BUY,0.001,10,1729223094,Yes,0x36051ac358fe0bf06c3f925e5cf5db3fc27bb2cb0590d19af4f734fe703d2f0d
SELL,0.999,18.01,1729220528,No,0xd81399d19ff690fa4dfba2c56850e6fd73c8fccb1f16b34b292b0e5d2051500a
BUY,0.001,1300,1729219264,Yes,0x19a8af72718360c3ef11ff1382ef03f7c5e90d52b5d15ecd4669ea16e844af46
BUY,0.001,7,1729217796,Yes,0xad3b8d41f173fff09d365579f5975346a7739c1698ae79a70277cae0b9b7c5d2
SELL,0.999,24.02,1729215976,No,0x327f0c7c3001a5cbf24b6def40e813ff1721a865bfa6ea560a822cb42cb64b54
SELL,0.999,15.01,1729215552,No,0x33a428c014881013ae8030b6f468852f9fbbf971bbb8d234414702018b158482
SELL,0.999,13.01,1729215284,No,0x060e85ab540761948e03917b8998ab058b5bc41f4b0ae6e68e23120b2c4149bd
BUY,0.001,10,1729214096,Yes,0x21e31c8511cbfde3da99b72b1616e516dfae20a08428b3aa8135cb634416187e
SELL,0.999,10.01,1729211806,No,0xaecf161118d87c7256af09538acf7d61656eb2ca3bf7cd18a621d02c392b8e41
SELL,0.999,48.97,1729211140,No,0xefc02c594231a39419071868265723f04d0375db1d54a3ac06ab8e38fca4a748
SELL,0.999,20.02,1729208443,No,0x78e0d0508661a79c3bbad8eefe581bd0cc79f97aced924466b13feb9c64b43bb
BUY,0.001,5,1729200959,Yes,0xe56169df30221e02a6a0fe8896b2d51b64fd3214be21aa2a3fa63af7895fad30
BUY,0.001,9,1729200051,Yes,0xbf0272d73eb43d3efd85299fbf4e99f4ceafd7ce114363ce5c7f6c5ebc80e947
BUY,0.001,9,1729193836,Yes,0x93d2bb3104f9697369f07967d4fb7a32edfa6eef2a046b7b2c4a093ede303472
BUY,0.001,10,1729188985,Yes,0x1b555a9e8f29436a04f020ffb0d858b071b089681431aad419c4a043c0304668
BUY,0.001,5,1729185971,Yes,0xb1675e3aab5d076394c26793f82c3305fb20c34dc49572094b51b9737e2b0f37
BUY,0.001,5,1729185501,Yes,0x3357693e3d88d695ce1d463fc30f10da3203af78e9215ab770b2a46c22ed84d0
BUY,0.001,10000,1729185313,Yes,0xa158f63752c8f3894e4d9b17d5c4a277994baa32d8bcd4ff06064ccb8c8eb57a
BUY,0.001,5,1729184163,Yes,0x85e85df70b27e83110c3c2527eda29009604cede9a5582c6267fd8c736f6fbbf
BUY,0.001,5,1729183723,Yes,0xfb80d9f71f81fbc75f30a3966642ab539dac77bfa293cc8158129631ca197eef
BUY,0.001,5,1729183243,Yes,0x7687042bb105074d9ded52b473d260037bc39cfcf4ea6b4998273cf7f6a974b6
BUY,0.001,5,1729182715,Yes,0x68420e02a6553ef681810ff54c80234b0530025a281cd550ee3e8acd2c68aaf4
BUY,0.001,5,1729182199,Yes,0xc05216010d7c2e1e9110cfe0bb5856cad33085d03a07b518d4a43b2969b797b7
BUY,0.001,5,1729181705,Yes,0x6a743e89fed62b45695c6160703031fd0293006036166f67d51596548426bb0b
BUY,0.001,5000,1729181445,Yes,0x03541ba463aeaa429b34ee878f711f8da430ac103884dba79b50ec11a63eb120
BUY,0.001,5,1729181285,Yes,0x84b8a3bf4babeedfac64c0cb381d6ca2c619de3e2a0b62fbbb94fe634d1c631b
BUY,0.001,5,1729180731,Yes,0x7c5b6059d1b80bb0a3107f137be5e83a164fd96f9d0e9075fa7484eabfbbfbe1
BUY,0.001,5,1729179787,Yes,0xc7e97572e85dd88e0f252174ef77e852fd66c084065b93edd5dd71fbba439925
BUY,0.001,5,1729178859,Yes,0xb229a42343b55be0b10512bd1762b7a115298903603615214a966f74a200239d
BUY,0.001,5,1729178547,Yes,0xe0edfdf5799dcdc0f0ae7b215c59dcae535acbd35218affc1bc31e1f5ecbbd25
BUY,0.001,5,1729178019,Yes,0x77c80f20cc7f07158e7f53300a7667570986a8c38d96aa5bce19f084e69b4bbe
SELL,0.999,80.08,1729177973,No,0x4e72e74c3641f8cf2fde98416e8adf2ab2407dfbce1ce1b9865205e50c8f6be7
BUY,0.001,5,1729177318,Yes,0x08735584e13ab8ff48ac44a1be8391eba8d32d585a2defcc2ccaac0c93d93670
BUY,0.001,5,1729176737,Yes,0x43ac27f5fcbb8ea49c52bbefec206339d46729759f0b7984054cdfcf444ee03d
SELL,0.999,10.99,1729176621,No,0x0d09e21f41832fea4f194d9cd165fb6568bbd05c06affa57409df8576e3868c0
SELL,0.999,9.81,1729176409,No,0xfcf21e8087a7b0d222c4aedc4cdb2773908c7df47c9294f760533a2fb5f7fa2d
BUY,0.001,5,1729176283,Yes,0x334b56b4aebdcc00d284e0db3ac26d290fda4ee701f263bfaa15fd2ed37f470b
BUY,0.001,1200,1729176253,Yes,0x82aead7bcb640b76d40fe9012edade418322d095a30a552a6e0bf24aa8356d01
SELL,0.999,2.3,1729176191,No,0x84e50c49a2b6c5f3c9f4933f9f647cfd91b5d9e17c5606f7fc0df8d0d9a618ff
BUY,0.001,1000,1729175781,Yes,0x46de5fbf3309d2504fc26ddba1c6f121a8ddaea989a87b085a21f538edd9c67c
SELL,0.999,21.48,1729175339,No,0xae115901c386eea6c1d67e2e778bb9a79d8860c3fb6cb61c5829f9b238d785a4
BUY,0.001,1100,1729174693,Yes,0xa3232a9d759cfe18ef761a81b90f9e537f6115057b51c00b3f7ec1c4472ad6e9
SELL,0.999,15.01,1729173771,No,0xa7a917b2ef3e62545883bd25b277ce0e57dc5a4509dd6c581032f40b006dc351
SELL,0.999,22.02,1729173595,No,0x8afcbf9ab5d5cd9318b2220ac19b4ee3c8391b78a6a1685abb1726413e57827f
BUY,0.001,5,1729172274,Yes,0x36aae9326479359ce65e1808ea368d5494eb78e5b94acd253c2d9b47c13fed13
SELL,0.999,1.78,1729172206,No,0xfe848b2c5b27eb7258b72f2ecd84ca3a4cbe1e2637f623de2bde0bee25db4bd0
SELL,0.999,3.4699999999999998,1729170858,No,0x339e97fa1e831f2d827fb1dcaafa52901264a795c2342f777d64c64573d024e2
BUY,0.001,10,1729170674,Yes,0x5fd7bdf9a9ea618e4a416f2574fabde5ef322213d16c5bafc3e8a7d1d731a777
SELL,0.999,18.01,1729169718,No,0x871f0cc3688ade7fce562c036ee37650c7e888733a700a48e12b700ba0a6abe3
SELL,0.999,20.02,1729169534,No,0xe571ee8b317066103d5686f515c31fd2feb9e7ad454d77c4e65df3690364095a
BUY,0.001,5,1729169168,Yes,0x69e9de0b388c18719d0c008493137a13860848b0ff8675baef2698fb0741ab2c
BUY,0.001,5,1729168844,Yes,0xea3035f020db9004681d0e1ab91fb6cce9394531ab1fac17ee53e1fb9b37912e
BUY,0.001,6,1729168766,Yes,0x8856f347fef38bd423dcde39696c551f5a80bd814db0585f30dc3603af6dea2b
BUY,0.001,5,1729168528,Yes,0xeb8b204da223d2185b6fa289efe4e2a6cb90c5fdb67a414b355e442c010f2012
BUY,0.001,5,1729168484,Yes,0x6c7c54388492c68fd91d722ba9526534988194b8f506663eba45bfedfd9bf0e1
BUY,0.001,5000,1729168114,Yes,0xef8c32ece77a6584bd32891988c433bf4893fcba4bbb9e8d2b455fc3a763d12e
BUY,0.001,5,1729168058,Yes,0x903e9eaa2a5b56734755dd87517cd1512f987b6a4aed1c24328972ff0d4b7308
BUY,0.001,5,1729167190,Yes,0xa00e15ae678d5f4184fb10f089753e673d7f35e8ec187c0da2689453f19c99ed
BUY,0.001,5,1729166842,Yes,0xc27a1362d0b04a27a83b15abd95e17ed7d20ca8fc815810bf9a8050a663542d2
BUY,0.001,5,1729166332,Yes,0x098847a0a1976d4aed6c4f1b43c270329595fac26dd4e2ce1737c2eed394afda
BUY,0.001,5,1729166012,Yes,0x857146074b2386f40e9105272a1cc037dacd52338e6457e8c120f2463e7be76e
BUY,0.001,5,1729165916,Yes,0x8d1dbe339d526601275948f47eba95271c9bac59d3ea0985f952113bd2978c02
BUY,0.001,5,1729165714,Yes,0xcc762fac0a118f353ba3f89d93bb71738c5d7711eaa0e7c756ea94b2d5a31e9f
BUY,0.001,5,1729164912,Yes,0xaa8ef441085cdaed6fcba0eff237503b77ec84c99835f79efb59bb8ae8d86d68
BUY,0.001,5,1729163842,Yes,0x6d59f80e47945aeb507bfc120ca61ff590a7bff3caeed692cb8a8012fc256697
BUY,0.001,5,1729163556,Yes,0xff79512d9bf0b1d7196f557541b33a9ddb3ddb0279ddb50a9b159659689eaef1
BUY,0.001,1000,1729163454,Yes,0x25177c902d8eb273f230a73d901c0a4d478c37ede8db0d7f252f15a953d90fe1
BUY,0.001,5,1729163154,Yes,0x679f8e490f906cf9f93be66cf839de9955b8f70ffd2094f3d29d73f89e4de61f
BUY,0.001,1000,1729162962,Yes,0xca78952ea1ce7e617bfb641acdfe892b93096edc7fbbaafaf3cec7301586634c
BUY,0.001,5,1729162822,Yes,0xc4d8cf4c058391faf6abc6a1c198c7cd0bd7903a7bc004f1d244346c3e1bc821
BUY,0.001,5,1729161818,Yes,0xf5f7b86107cacaa7f2733a4baa86a483c7dd7c25f840d624afce6787af6f2bbc
BUY,0.001,2200,1729161710,Yes,0x8b767d634277908dc20883aa64744092470fa6c827c4d4f36acbd6057e62280d
BUY,0.001,5,1729161474,Yes,0xba00a2272069a0fe5e6a6e2bcaefd7e5a75497ecc549b96366a7242a4deb3d8b
BUY,0.001,5,1729160486,Yes,0x7b6f52a6f7428a2f303e35fc5fa31887b9f6295e5568bc6057ba2de5b3e67403
BUY,0.001,1100,1729160466,Yes,0x7b51c689731475a4337abb92d8ac732b8e4def3f0edbbe899209195bc6688d5b
BUY,0.001,6,1729160248,Yes,0x6825b6ba996d25124709b705f9b7bae5608ba05275ce27497c50de444e7e5686
BUY,0.001,5,1729160169,Yes,0xcd6e272bab8371a36fe1891f9a50f44ac048b1440b59326c4f2e4ec2cc632846
BUY,0.001,1000,1729159675,Yes,0x7a2ec67aaedee23aa465eaa698d6486ec1aa4c11c981dab6e0a136ae81aa8fb7
BUY,0.001,5,1729159248,Yes,0x8ec3122d9b34bfe93acc743df7508e954a46e81665d17d71e9d54f47bedb862b
BUY,0.001,5,1729158922,Yes,0x7a1976bae83da90f676acb3f300f299d99fee7612bf33bfc109ffc627d3464a7
BUY,0.001,5,1729158626,Yes,0x75535ae4841fd5d32b13192d8cd5ae0a3a11f9dbcd4d942a6792289f57f55310
BUY,0.001,5,1729158318,Yes,0x9ce4f4639e19527f5dc94f4d8586f4d8fa2ca2fe1c6842816d260987618f9c5d
BUY,0.001,5,1729158022,Yes,0x7fb3a8e0cb53c84b59e72d23e34983cac65d5600a4d4aaee8c0a8d1a3016e74a
BUY,0.001,30000,1729158008,Yes,0x6b68041cce7e5e39c76a284461431fb4b58f8782f3594550a47bbfcf07555869
BUY,0.001,5,1729157684,Yes,0xac74bb816b4ef09b052650cb4648bdb2acb8490895bf0b5a3e321ac50ba040bd
BUY,0.001,9,1729157568,Yes,0x46039ed084ab5867364959f95a35a06ec987bc8bd39626d87c5a603aa6b42ead
BUY,0.001,5,1729157340,Yes,0x93e43348559612b9e68cace25ee3611ebf7db8453ad7bcae1964a0b4f35a7f2e
BUY,0.001,5,1729157018,Yes,0x0ee3c31ea731236b229a747e0df43dc85768af9219b129884025638831f3681c
BUY,0.001,13,1729156840,Yes,0xfb9bc23149057aa0f3f285448a20929a23642b126203b8adcc83fce7a49409d5
BUY,0.001,5,1729156734,Yes,0x90c677777515955b69dd31789a53c058b6fc366140e0a99c72e936a312da28c2
SELL,0.999,3.86,1729156564,No,0xc3ab44b9dfe6055bad1ff4c7335785a7c0aef4ab9b81481bef9ddac966154de3
BUY,0.001,5,1729156454,Yes,0x17f135911c1921a42ad9cc361446a911f760054dfe91d92d48c98591aa85c85b
BUY,0.001,5,1729156204,Yes,0x23330c49640bca7138ecfc57fe3576fb941d920f53bf49daec9a6dadb7c64ad1
BUY,0.001,5,1729156110,Yes,0x74b1f19071ce8b735c3b1c97322f978f67d3e212fbfef071f4487f42d62657c5
BUY,0.001,5,1729155658,Yes,0x0f9e1f23d9512213eefd442b42c7b3c2b3ab7fcd470538f4e2e938c70a5f912e
BUY,0.001,5,1729155618,Yes,0xdb586866a89bee51f926c11d235deee80198fb3ae0fb6f422d1334c3a266aa30
BUY,0.001,5,1729155292,Yes,0xe71a3abbd38cd2c5ecf88c636f617872992791ddea3fbabb9657b7c036fe446c
BUY,0.001,5,1729155026,Yes,0xce085690cef8bd900c42200bc25725452fcb56e55027618788d1e04bb1fb6142
BUY,0.001,5,1729154518,Yes,0x151e8b78db7e597ec115074d37e02691943959d9074352c5cfcbfa223c91fb74
SELL,0.999,2.2,1729154276,No,0x89df84dfc8d96177774d5ddd86e702c4ce337067e11a28834b1aaa65266ae23f
BUY,0.001,5,1729154188,Yes,0xfbed121ee7f86a49a3509208beb50171a99431096282db853434a6a0ef1eed85
BUY,0.001,5,1729153934,Yes,0x16732aca2ae881ca8010ad040030f8497fe6a32d40f81ea0c2752bcbbcca4e53
BUY,0.001,5,1729153666,Yes,0x964461f8dd36f420d7bf8f6969f1e1932c08060b44f7c26ffd36ef1f9a474370
SELL,0.999,6,1729153492,No,0xe755700b8aeea496a551d2f47ac020da7bb22ca8cf512ecd817fbc02d5f26ae0
BUY,0.001,5,1729153362,Yes,0xcc98e87d19d2ed5f0c6d1ce49116b5bb26f81c75681ee2c27776805d0ba99242
BUY,0.001,20,1729153338,Yes,0xb177c1218458e6b6b88a2758431a5ee998c753b335abe8c586eb2faf1a1790c2
BUY,0.001,10,1729153320,Yes,0x5e800b1f616ddcf90ffd59e975acda8f1353b8ca13aee7138759fe8a6b57a9d5
SELL,0.999,3,1729153250,No,0xe9f199dd10c693926b72a9a913a3299cddae937ca77bc65c7fe1ca850211cba9
SELL,0.999,6.2,1729153060,No,0x44e1542a7d57e38d58aad3d2b4a0e53ada2be806c320eb552df07d586ea17703
BUY,0.001,5,1729153030,Yes,0x2e8593129cee78f8a3d4d46da245d4c69d1f7602e6c04a4a1ec1c242ec1b619d
SELL,0.999,6,1729152872,No,0xea0234feb3ed134defd94baf3a78da8a67c591f65aefa355c0832497e9151f2f
SELL,0.999,4,1729152748,No,0x9de3986736a8f5fc1ee581641a125eb73b52dc915779db1972e3156b3f87d32b
SELL,0.999,10.51,1729152694,No,0x28972901304a3f2a56b39dbc0b38a0f3a3666e0363841e45aceee35132430dc2
SELL,0.999,5,1729151592,No,0x2d737af290dc288307e9f9def36c11e6dc1479cf12fd934a488848a46ed104c2
SELL,0.999,4,1729151382,No,0xdd62b62d70b43c879f205457711d294247b92e71f2deb50be3739ef1dcd35719
SELL,0.999,9.8,1729151013,No,0x42c6784951cdb432e04c80e364268a0763b1ffefc29999b54138e58fee68fbfd
SELL,0.999,5,1729150685,No,0x18ee9a198b2254c742edfb820d5b4ca62b9d7d197c8079f035849f2de04192f7
SELL,0.999,5.5,1729150503,No,0x9174d4046efb8c09719814dee16470caea8d57a5d9c66a0214517359651e3428
SELL,0.999,3,1729149775,No,0x03a9b21c302244e8f306d6b76ffb903c8ccef383766c1d2176113432df3911f2
SELL,0.999,6,1729149613,No,0xe2a40e96090ae767b20c2ee5a20551d79f91a7e13df53f29502a0a7f5291a613
SELL,0.999,5,1729149451,No,0x723818be84b059671e8443ca9a05f045140f33a664da1b174057893014633bdf
BUY,0.001,1000,1729149159,Yes,0xd7ef61eeb93a7cffcbe969407ddce6390445c999cf08cc1cbb471ba864641b1c
SELL,0.999,17.94,1729149117,No,0x1010ecb5c7e46796346021a701c8cdd0ed272fa427ac7fca1cfe9ed1e6abedba
SELL,0.999,12.01,1729149097,No,0x16f09b003b077dbccb5ecf98b9c5179cc3af569d0b1894c0b4bb3d6ee7f2bd58
SELL,0.999,4,1729148781,No,0x7f3bd082eeb860a5709723f92c0fc37afcef0601b2ba4579cc26772807736773
SELL,0.999,4,1729148547,No,0x8dc3450dc28a232eb8f98db49e0f4153d0970f6a6ecb4896c9af579f8690d115
SELL,0.999,5,1729148115,No,0x05944b41d6f45e9eea15eb3cd9a76d84fc80bccfcd610e5febffb99fd8f4cfa0
SELL,0.999,4,1729147863,No,0xa60b05b0ce3311356c6a1516cdc47f8f58e0c616bf43a21d9ad3df7ffde322eb
SELL,0.999,6,1729147529,No,0x0e9e136d52cbe1380412435333103378ecd51b0f12c27d68117ddaab91081a2a
SELL,0.999,39.03,1729147153,No,0x5e72e83cd43545b9a48936c3a2a602460ea956a3256b51bf090f6c018a4c20cd
SELL,0.999,5,1729146861,No,0x8d7ce23aeb291298f69d824f1254cc6f1710aefaedd1b755ad4293b57fd26413
SELL,0.999,5,1729146265,No,0x16020c1f6f6d095575dfb22583a7cd20e0562ef93dcce2ccaaed7af682fb12ae
SELL,0.999,5,1729145941,No,0x43475c10a2c35583d2e97af9128488ec0282cd5d829cbe5194777f39f09aa38c
SELL,0.999,5,1729145247,No,0x9a67c8ee1e3ed1ef8cc4afb0f8c7453395f6ae328c06e87229c14406158da903
SELL,0.999,10.01,1729145069,No,0xd8c6a5c6c07a20908fc872a6324e9da29a7f3b5b6bb3743249a98f135b8d8122
SELL,0.999,6,1729145059,No,0xcb2fd9cfad929b112a438db4c5f8961cad0293ba0f0612f0b2a100b231cbccbd
BUY,0.001,7,1729144977,Yes,0x9537a4a39122a8c26c0b8f1776a94384ef10afa59bbfc1e760d58a87cb6d32aa
SELL,0.999,4,1729144851,No,0xae18937211de841f40479cd0b12da420990da89f6a137a70598538b0844d099a
SELL,0.999,14.19,1729142453,No,0xa12ca68c2421e490facae766c23ac9806f0055f3bff7db94c1ab7ef944dbcf63
BUY,0.001,16,1729140046,Yes,0x580321e9110105884ef697033aa6433d8dbc5332ebd2282f649533ffce0ccfff
BUY,0.001,11,1729138986,Yes,0x22e0e6fc0a6d40dd8e9177c83e6c05ef53921bb4631b55d70ac56258587e1a68
SELL,0.999,1.03,1729138838,No,0xa8ddadd51e78dcc0a0697f95be03c11006bd9326dd635b596d7b0d2cc48ade96
SELL,0.999,80.08,1729137504,No,0xfc75ee969b4c12fbb3828ce242642a4f89c77e4c5928d4469b016e5b7752d227
BUY,0.001,10,1729137274,Yes,0x87a577047b914825c86ca8a459b8ef38255dfe536c9e584376945f1a6243e5a8
BUY,0.001,10,1729137264,Yes,0x612e7e5b4c06d869a8c51f48845867af66e62da752fac2f3f47a5c9a42882d64
SELL,0.999,16.01,1729134926,No,0x5ec232a87905ac146004a9f332087ad34e0472b44a18e2ff74e925b29899ae3f
SELL,0.999,1.01,1729134900,No,0xdbae8c6db416895a6ed92cb3e7eee0282ee8fd6dca5217937ae5b80879cb9e93
SELL,0.999,8,1729134608,No,0xae020e843447b11b199cf297a1cb4c808acacd4f2eed374a3fab67359f6e709d
BUY,0.001,9,1729134442,Yes,0x99ab2b74cc0f21fbc63fce59182f691d034d1a4ceab7735f85b46d0708fa75b7
SELL,0.999,20.02,1729134094,No,0xbabc4ceeaac67118dcad6182cb41318a6768d7a5493d494fd7ddcadb9bfeafac
SELL,0.999,80.08,1729133949,No,0x083bfcd970b285d42bcf3806238af024222cc0295282b42fee10695dc3a90a44
SELL,0.999,10.01,1729133355,No,0xfec01be86dda943f9ec97ef82f49b04f37d1d1e9644c67953745796c2c8ee781
BUY,0.001,17,1729133296,Yes,0xb22c2e7f6a6a4515781d8c1746883448a9101ea52dd12c043074d61ee876f43a
BUY,0.001,19,1729132656,Yes,0x88ef92ffdcc68d776355ff400d4d8bfd08ab73fa1b58d02276c5998446221488
SELL,0.999,64.01,1729131980,No,0x9e877a03b5b7355016545651bf38843d3130d8da1f8ae23af7c93af2814913bf
BUY,0.001,19,1729131126,Yes,0x02319ff7f5c7f989b60fcd81be475d7dc20a901b3828a2fce802575f7cc32581
BUY,0.001,10,1729129969,Yes,0xbbaa3fbd1a9d4bbeee9333b6789b857527a06012984302f4c487cb2f5ad04022
BUY,0.001,10,1729129913,Yes,0x655d16eb8ee565875491f647ce5f0efd36b7a4079af39a205837bf15343dbcf0
SELL,0.999,15.01,1729129435,No,0x683ddca9a8c0c8d35878d011f00aa5dd5d000cf6bbd92590455180e497ea2163
SELL,0.999,17.01,1729129277,No,0x16138722e3727216bccd3b10795362fe8dddda63024509e6883fe6021ad5dcf6
SELL,0.999,14.34,1729128618,No,0x5c96c7a423485fd98072349366cd03be594af0a694e1c8d6d2f607d1b447b1a8
SELL,0.999,25,1729128600,No,0x50aeb8387e838b02a1cd1650c7ea68d363b61c0230c08e2bd2ff7aaf67cfe50a
SELL,0.999,12.31,1729128346,No,0xb82aa23876f5fb37d06c793b6c643f5c4f77028f449a6324542b250763dfd12b
SELL,0.999,21.02,1729127342,No,0x08c1cf543f34ed996bf8e7a032bea44b9c1b3d3c1c9aa5d51b80aede13a60a66
SELL,0.999,19.01,1729126351,No,0x94c0b80c7d6c1b3ac9682e9547a8acb308e7b5100fdd7306181eb35b79d09ad2
BUY,0.001,18,1729122689,Yes,0x30bf5f32d102dda35388c81b57705da97e0ff7e9a7aeeb7731c0e95501aa9c0d
BUY,0.001,17,1729121523,Yes,0xe1d1cf871600bc3f8e7b96c6ce4baeb0ca415e7d372fb596378935d51981c57b
BUY,0.001,7,1729117437,Yes,0xde8dc469bd73336b8fbcb42119cab884b738edfbe8a349cdb2b597c15a64b449
BUY,0.001,15,1729113775,Yes,0x755a602c9d514467fc4d07793a952f3f436df04ce78b3c07809cf919ae707d0a
BUY,0.001,7,1729109758,Yes,0x015248967b9a6681c347df7fc2faa50f9109825f23077d7b3a8da5ba49c915a1
SELL,0.999,1.2,1729106646,No,0x2b236dcaac761cc97562a542605d71c23823953705a3d3a7ebf55d204110e4d1
BUY,0.001,500,1729102283,Yes,0x614dc8a2ba180c6bc8ea17d8060051643bfee360847dd3ed715cb02e20df7912
BUY,0.001,3000,1729102239,Yes,0x4e85bc98ef9f1cec29ce8058ff911dfe838ee739bcf89b4c854695aa19fdfc8d
BUY,0.001,5,1729096025,Yes,0x1e40dc4a6e9f2e867aef9774601a899e59d78ebcfd2aee6481f973d0de5e3344
BUY,0.001,5,1729095615,Yes,0x1dce23c4c9debbcd408eb229156ab43dd018faf3b1a57db64da077036bb6e9eb
BUY,0.001,5,1729095273,Yes,0xb1e60c1a4edc3cafbb3705d1af441268d2e6517419326ab3ef7c5c1a6dcc45c0
BUY,0.001,5,1729094345,Yes,0x79673f1b7050bb7a6461256dd7e09d1c4d40e1d09a440bcdb56e6cfce3a50b9d
BUY,0.001,5,1729094007,Yes,0xb2087896d4a21e5ed8ed132519c68dad085d8f40a89ecea1036c447e8b1cb37e
BUY,0.001,5,1729093619,Yes,0x1bdfe437f0de2fbe11c5355d83bf5f7fdc2ae32082257798b198a02ea094a4ed
BUY,0.001,5,1729093101,Yes,0x20915e102b9ba7517013283c11541e791335974757b68b582475929d760de5c6
BUY,0.001,5,1729092593,Yes,0x8f8731d3d0b308c251f376336319284adcc01e9c28a6d1bc6738232f47229419
BUY,0.001,5,1729092227,Yes,0x0c778ab203b970ce867304ce20da768efc948da1f894a95f2892c78d01f09ee5
BUY,0.001,5,1729091565,Yes,0xb24bfd724baa68509934125905bcf39b5e4a67bf5f0cce6cf18891cb7ef6097d
BUY,0.001,5,1729091193,Yes,0xc29e8b976c1ef99229828a273e61c6a459070a82bfc027224e2bbbb75125a8a8
BUY,0.001,5,1729090661,Yes,0x4ce23b0896bd77287e69bf53a7c619fce66063b4d57f509bda87c427536d44f0
BUY,0.001,5,1729089699,Yes,0x6fc450043733cff43ac64ac271cd70eb05001a7e8dbb9eb2f2b47b63124eb5be
BUY,0.001,5,1729089333,Yes,0x29c2ba68ca534ee6f075a9b24e72bad6f506e95de5a1df05df3727d7edb3af85
BUY,0.001,5,1729088973,Yes,0x13c3db5119bb3ded24dcee76bf01336376d6109d33d27866eda7792c27e195bb
BUY,0.001,5,1729088581,Yes,0x8212bba4a1f6c8da1cefcde40fae5453f2fbaf7ee95320999be33e16d915b763
BUY,0.001,5,1729088223,Yes,0x80602e1fa2a4ed67664d55e9562101d068576a5447d41628962fd4c2246231bf
BUY,0.001,5,1729087891,Yes,0x9cd9fe4952c4c82b5a6b5dafc6ff1e08ea0e7e68ea7eff4684c2194eb8314f1f
BUY,0.001,5,1729087469,Yes,0xa1ceb75677965127b7e349b7f3311916a694ceb3d412fa6a8e0a3c0f0b505eb8
BUY,0.001,5,1729087033,Yes,0x18f3d387bb636de11b73a47167ae36705a1828886be80f77b400d82a4087259a
SELL,0.999,20,1729086339,No,0x01f4f2fd6889fb9a24ccd9b2f7d66959ac5342a73e6377b8d2bb72240c5d3609
SELL,0.999,8,1729086225,No,0x8eeba1d7a023519a496ff75d21e306be1b2cb1cfb7b91e79e6365369d8625448
BUY,0.001,5,1729085404,Yes,0xa26bf7fa0f79f3ef1a9caf9eaf03a565ddcb468fa0239fb550483dc2c5c08787
SELL,0.999,2.23,1729085172,No,0xe7a29dbaf4653af6b2f087a4bcbb605fc5db002dd7ebefb8d202056b0c1375a6
BUY,0.001,5,1729085060,Yes,0x9023fe2078f08d52902021d90cac53b80a7cbb4602bd1cd2b22ec53f62a14e2b
BUY,0.001,1000,1729085026,Yes,0xa8e6aa543a3e3d1c23ed67400a39236713bc1c7c5bb46899ab4d8a934ac35d4a
BUY,0.001,5,1729084556,Yes,0xf20394818535126ca03760d20ce1ae88bda04b0b55bdd8412ff1e89d685a6d3b
BUY,0.001,100,1729084522,Yes,0xd5a11127bed9d9bfef2d2eac6259faad849866f7c19faddce531159d54de39b7
SELL,0.999,10.01,1729084408,No,0xe4bd27744b75a4387af8ee801e43e9918b772f865acb3d3f08ef2a3d7e3afe25
BUY,0.001,5,1729084204,Yes,0x114577ea5eedb54ef0fbd6458253649edfb83afb323e04d0e7cad9e1a6927c57
SELL,0.999,16.01,1729083900,No,0xa5638cd1a04af60292dc0e1c472e0691528e6d52683f4951d012e12044b5a976
BUY,0.001,5,1729083784,Yes,0x4889fe8b1b82adddfedb0c80daa6ca5dfb81bdcd6745ddb7b6ebe65c9981ae94
SELL,0.999,10.01,1729083228,No,0x687eb4a1f4723621a73eab1b7898512a4675841551c37183f96f612ce8de9c88
BUY,0.001,5,1729083178,Yes,0x41642c7c4b91fec8bb93a8591edfd0d69c90d94cb93f1e7ec54d0d74acc06e2b
SELL,0.999,14.01,1729082886,No,0x7b62b21fc7827ccc76a00742154a02e7a505054428f82d6e2e9ba1b7b19e6d32
BUY,0.001,5,1729082868,Yes,0x3acb1bf477e1fbb82d108627e8ca4698cc8352b4bc4d789edddf4acad4adf3cc
SELL,0.999,21.02,1729082526,No,0xaa9f3dfcff9743d188011bdcfae54d97bd50f7845afeb56abcf8aba00263d8b5
BUY,0.001,5000,1729082446,Yes,0x95296176e092e8e3a7a7955e64cc0a350933e1a434338f9f021a5b457c1a8123
SELL,0.999,5,1729082240,No,0x465e1ab6859423b29558ca000a7d047da2cbe37952d7c5053928dce541465b2f
BUY,0.001,8,1729082188,Yes,0x1fde3afd6b418c006dbdd3bac2765decebae976af26bc6cd9d72013dd3b494ab
SELL,0.999,4,1729082100,No,0x4144e23ceb0f58e51b4cbce702d1e9ccf844b31419221bb0a96c4e2e87953994
SELL,0.999,3,1729081942,No,0x6521618a7accc89fbcc44d289e1d93b8d254e7310fe2435ea05fca440af169d0
BUY,0.001,5,1729081660,Yes,0x2ac7ce61a63c8d584c0959174fa96ce3feeec9a7f33411a77136e274ba1d721c
SELL,0.999,12.01,1729080272,No,0xf3c2a709bed6fd1fc631e617a78e9a06173469ec54a6d9981aa06f04145ed414
BUY,0.001,5,1729080114,Yes,0xc42bedb56a5e6b3673b618eede2761ed1796a61235c3351f6d21af9736f5eedb
SELL,0.999,21.02,1729080022,No,0x0abcb3a878e4d79d567ded8428e633f7dc4ba74d91a87973400ec34fbbad26b3
BUY,0.001,5,1729079810,Yes,0xe958ebcab73e9469f847aa3d44ea68cc2345f2ff0812133ebdf13f9592213679
BUY,0.001,5,1729079550,Yes,0x7db1a7b3ccfa3554524e0b0d113e87a1ef98e855edfdc44e63918b0b5047810b
SELL,0.999,2.3,1729079380,No,0x783da9402b9bdd6512452b8f518c953fe46e9757921cb43159cdfd79ed5751cb
SELL,0.999,80.08,1729079356,No,0x2f33662fdad0a42c08cd002f31baeeebdcb050d894690ef29bd3d145482eb308
SELL,0.999,16.01,1729078592,No,0x5206c681c24fea9a190f397dd11253baf26c15ec1bb049ad76013fb90f794955
SELL,0.999,25.02,1729078388,No,0x4a556acd5cd3d6ccafc890328e6d41d6250036b15f71d83ac7a25c4743794512
BUY,0.001,5,1729077796,Yes,0x1e81d3666d5cce1270213552a7884af2aeae0075e40b01c9d0c2b5d986ef9572
BUY,0.001,5,1729077394,Yes,0x1c7b53757d35b735b7a8b611d11de4fca1cfa9cc0df03e614cae6fc6836e76df
SELL,0.999,3,1729077384,No,0x1ff250e48a08365e91a73a55fa06e257941b68458cef3ea2c5269cd4c8b776e4
SELL,0.999,60.06,1729077182,No,0xd7f0bd6ef97534786a2dbb8804743fd2261ade5bbbd5cbfa6bd1f03d49ab41e3
BUY,0.001,5,1729077006,Yes,0x5e6ef1901f2ffed3b5e7e3719f46ab5090a63537a03f5cf9480a10745448eac3
SELL,0.999,5.5,1729076902,No,0xad32e9d4889c8e9bcba1c764eface5b27e167954d6b3d970567f27e850fb1dea
BUY,0.001,5,1729076866,Yes,0x22f216fa631b1c8d5002256f58ce00fb5eb4acce0f972cacc5a5774ae4d62d84
BUY,0.001,6,1729076670,Yes,0x43dfb63d7f8714af0e88b011e028d996445bb1de894a6ca20ef48d83cb02c23b
BUY,0.001,10,1729076500,Yes,0xe987aa88b870380fbcaace6d0c6bd2ab9aab22593a094843cf6cc09d6fe93b07
BUY,0.001,5,1729076494,Yes,0xc1189123080e488e9ee679438b65ee611b8349fae1c358cd90cdf8996842bd7f
BUY,0.001,5,1729076470,Yes,0x0fdc1468f6435ee2d8efd795a3c3d3654c3b1467b2e6b40c0d6375e0003cdebf
SELL,0.999,25.03,1729076338,No,0xa752d6dfce7462366899da922e0b1a53530a47dc62ef56c6987b8b833608c903
BUY,0.001,5,1729075406,Yes,0x731e00edd69c57aa9d83abce598cb9c47714289434c006f42aa707e915ba3892
BUY,0.001,5,1729075186,Yes,0xf75d4bd7312fdd4264ebc78c2160e26061d539bf671a3e378193791635a331a0
BUY,0.001,5,1729075110,Yes,0x9c31dfcc3a25e4938b2ef5b8fa39558dff273bb003e093e2814d91580a51ea92
BUY,0.001,5,1729074970,Yes,0x76a03badb2aff1c54dc4aa4a7c257e5d1550fac5c8555fb04d155580c287e3c0
BUY,0.001,5,1729074894,Yes,0xce0f60e6195cced99ee635dafefb5105e3137f0c540babacaf709d510067e8cd
BUY,0.001,5,1729074766,Yes,0x87e1644c261044cb03d0baa98e2cf2ea564747d32e9914c570c31428329414e1
BUY,0.001,5,1729074522,Yes,0xb4c0363334ef55c965d6c70e3e8c42fb10b7b17afb8fbcd6bc49f76a9ab83341
BUY,0.001,5,1729074414,Yes,0x50718441a63eebda20eeb7babd588d721eae451fb440da974c547f6e83f4f467
BUY,0.001,5,1729074348,Yes,0x0a4a0bce68bfc82609eb5a88aeb04a395523dc4bf6dc679776894f601b0b26cf
BUY,0.001,2000,1729074184,Yes,0xd609e4105fb7ccf88e3737f47b3305fd7f29c57cbf549ed75f5a28eeb874e1ed
BUY,0.001,5,1729074102,Yes,0xbd29cf23bb005ae2dc294ea296a40d89b768213a77aee1786c1cd1424e06d096
BUY,0.001,5,1729074080,Yes,0x8ce06d7cb645f82cb3fe332e9edb392842d8adbdfa7b72458f9b65c14ead1a6a
BUY,0.001,5,1729073878,Yes,0x1f7ddbb9186846780ee8c31f8202408e9c6a8a3d8e5ef7ba40ecebf469a97a3d
BUY,0.001,5,1729073784,Yes,0xf36c547acf7964e7c0eada4e3708f5112850145677cac3a8605569768b1fbad6
BUY,0.001,5,1729073560,Yes,0x3a2870dd5b79b7a81d70bf07f397dbb433e5dedb04b58088b8ab40b7d3916ea1
BUY,0.001,5,1729073482,Yes,0x8af8bb58232867bb73a94f53921653995fa7db60f7adbf7943fe15389a7f8554
BUY,0.001,2000,1729073434,Yes,0xcc2ebd760924a9798500569e471f8f83be9127d855c39db726b388958c9efcee
SELL,0.999,65.06,1729073354,No,0x56cf0eadfef3806e6ae86dd4527837315d09fc791907c172cf31181ee6a12987
BUY,0.001,5,1729073338,Yes,0x52d0b4456338979d2a603ea152bcfa33e6ecdd69c14f14a0478cf0712e1225d2
BUY,0.001,5,1729073166,Yes,0x94c4d5af0cf2a28fb2bb8c9e25920a9d170c44ae67b5fcdc7241d2fc350b5411
BUY,0.001,5,1729073012,Yes,0x67c6a164707a1f33027b0b6227d949e2a40e1f8dcf118c72ac41fd4dc5fba1f3
SELL,0.999,8.8,1729072660,No,0xb589b29ed6f85692b03f1161ae7ccf1c42618a172f73072e902bfc9568b94d9c
BUY,0.001,17,1729072586,Yes,0xee5f3cbb31537ba5d47563cec8085f0a6258675f4aa78a7b09f3c120ccf294a8
SELL,0.999,80.08,1729072516,No,0xed2fd1173b9cdd0598bd9ab4ec2d1c502070f48abfe780bfe88eadc6e304b474
BUY,0.001,5,1729072438,Yes,0x58a7aa9afa25f07c55cec433726ac218a4c36e7f0c875a81bcc7ae24b4e0c674
BUY,0.001,5,1729072304,Yes,0x28f20ff8bfaa47e6e10cae15081526d059121a9999aff6f880910f8c89631c4e
SELL,0.999,55.05,1729072202,No,0xf179888a9897700b6eff1e1b8c634ff8b9f6c049f0b1578fed3162430b29141e
SELL,0.999,17.01,1729070018,No,0xd03ff94228d3f66066f5f07527e728f9566f7d9620c0ee8b49bcd54ce7abd556
SELL,0.999,11.01,1729069862,No,0x8d7e1b2b1afee1bcb108296881472252e21d116f85c0017dd3affb8ab58823c0
SELL,0.999,14.01,1729069702,No,0x58c5920f8d4d3615266b643e7d0e0e52c9a643ea1646a8ba362b8ba5eb733150
BUY,0.001,5,1729069344,Yes,0x6ca47c5dff4280f2cbb636e8b147ac0d31981508310ea3f7b942ff22424367e9
BUY,0.001,5,1729069302,Yes,0x2b7bf6d889b98caddd1d97e8fe8b35b4a926053a507866bb08a91c95f34ab944
SELL,0.999,17,1729069160,No,0x7fc8da7cbf34e2a8a121eb78181f4de80799b9c37e3a510fb1fc62a3155b92ca
BUY,0.001,5,1729068334,Yes,0x0322029457c59198cb66d54601aa73ab8ed883374eb14353c5c82ae5ca95f7b9
BUY,0.001,10,1729068334,Yes,0xc36bbab25eb49eb15084a52398afdfadbec63961beee77cb0d5da6bd57aff94b
BUY,0.001,10,1729068314,Yes,0x1e29b602445dbdd94755349eccd2d95a7833bcf7dd536d0c028046b51425c40b
SELL,0.999,22.02,1729067922,No,0xf19d62981c0b0bfeaaf6cad0291a45cba0d7e12a6c026f29bd9b021318300fc3
BUY,0.001,7,1729067568,Yes,0xc88a2601f000d1ccd7efcfdabd93c57c253a8e42d0f1df11cfeb75968401cb55
BUY,0.001,5,1729067544,Yes,0x9571f36dc55f09da65610d3e047248f6a50255106f39bb353668f659d9901e92
SELL,0.999,33.13,1729067500,No,0x464c9a0462c66c3de89c0c521cf22f6e20a026e73aedc06f60467109bf1500bf
SELL,0.999,10.01,1729067374,No,0x41902f9736fcab8b35c789dc6b5d7606fcd242ea386b6db05ec36e8b576f56f6
SELL,0.999,31,1729067240,No,0xcb35d9153aaa5c903e11ea6419e219a020806317dc7cbf8e95580d52db8e2d39
BUY,0.001,10,1729067052,Yes,0x18acaad225068d0d3ea71d3e985f5bc78276c50389a9e71e25676ca12d188f8f
SELL,0.999,10.01,1729066772,No,0xdba716ceca5b6b4373156a0a09aa9a7233bfb8e624729e2ba7dae397c3000b95
SELL,0.999,77.39,1729066668,No,0x1c335620c330a44254397f7ab0d0b1bc237d73669eff603081673700a4e634e1
SELL,0.999,6,1729066208,No,0x67829d05d5dd05dabaed015bcb30f5e2791627488355ac5d62d92b143757a9cd
SELL,0.999,27,1729066000,No,0x5ce6a05072dfb3d3ae199f8a91cf9996b5b721521dc76b21f6f567bfe3e5c4cd
SELL,0.999,3,1729065962,No,0x7b48c6ff9f7f4b46e0d6f912813a737837cf280dd63f5b96ecde895d894b5c9e
BUY,0.001,1190,1729065938,Yes,0x2fb457ace4f536f2d2d94446e580da440de6fa733f72c70372c5cca9181db0aa
SELL,0.999,6,1729065826,No,0x69c1d63d9f2c8bd032f4ff2982311f4c57cb88940c2557d7591f3d71532187fe
SELL,0.999,15.01,1729064840,No,0x1af24bfe27f6eaddd6c383a5a898cf8f0666ebbab0d5fa91759282e909b0c22f
SELL,0.999,5,1729064600,No,0x8ae0e74ea26dc5b099bdca73c508f96ae139585d161d9f632304f58361122b7e
SELL,0.999,4,1729064398,No,0xefbd36aa82b78dc10a340087df8f221b3cc9ceebe51b689fc932d2a9fb073ba1
SELL,0.999,6,1729064146,No,0x0c8102c5e5c772dcc1823b61c1a815ae2794d92a1ef0e063be47b07ccb51de3d
BUY,0.001,2000,1729062846,Yes,0x3af142672a06c233010f1881ad8f882766ac010bc3c55de66f114da187def6f9
SELL,0.999,2.3,1729062414,No,0xf5f73d5d0fcfea76a844af6ca62da6d876452ab9b64b2960396b73db700c4d48
SELL,0.999,4,1729062156,No,0x66c1a4ef435da283fe9edf392778d4f2b6fde8a0556b64b70c4edb9c1f58aecd
SELL,0.999,4,1729061976,No,0xede4f025a18ac410a2b5faf7115b8842f3d3ba347f96a1bac0260c64fbe4d252
SELL,0.999,5,1729060992,No,0x20922887666cbc36dbca8a978a3658f58a2b8bb0b6448c68de05bc8bde264348
SELL,0.999,0.5,1729060842,No,0xaaff17ffb53c313c7bdcb183c73da758a6f50a64383e502c3177e6e777da763f
SELL,0.999,2,1729060800,No,0x179d4d19d8e8388e6d4a9bd7fa44ed0f9a6a91f86e298b457ed0e9afb7c929ca
SELL,0.999,19.01,1729060506,No,0x3782d78f2efd455847676d4e08e12e3b986e1f06d4b046540161b3b93cef0800
SELL,0.999,8.43,1729060010,No,0xf1c9765b4ffee302bfbe2dad8210fa5af09c707b6a914431ad859bcd828a90c2
SELL,0.999,5,1729059790,No,0xebd5b94c0a8292617216c4118b0d7d727240c163c5ddfaac388d35106d1d40d1
BUY,0.001,1300,1729059764,Yes,0x7201f42ac537bbe4ccd6708fff3f6bf720ae9f83de0dd5ce40dad62dd1bac0df
SELL,0.999,6,1729059618,No,0xfdb2153a9600c7f9ff3a02e4e8a2a0607b753c59b93e73dfd1340e9a5d1bc5fc
SELL,0.999,6,1729059350,No,0x7d666958d1c1b343120b811e7f64736ca9b67b90e3676fa031a309eba45c4b89
BUY,0.001,1190,1729058926,Yes,0x46d15d3a3591d1dcd9ab251b26f9343fb505da8c256299feca04bceb5faeae11
SELL,0.999,5,1729058702,No,0x748f2150f719649b318b6df0bd0eb8ea1f96bc9d33f5c0b9f0e3d933cf993569
SELL,0.999,20.02,1729057516,No,0x961990a96629a7ef1641b43baa5ff956513ab49183994bf236a6745a2456818b
SELL,0.999,2.38,1729057396,No,0x20714191720b8c0e40f1c7c8171a89da86e3198e5ee93e72db33d1bf3e28bda1
SELL,0.999,21.02,1729057060,No,0x912fb40b6b782852d5fd5fbba484b65cf346a61b331d592ce84dfd81e6cc9f4d
SELL,0.999,11.01,1729056730,No,0x89c301fd02c7758f8016bb8e00bbbfcdc38be469ab093327ef600928e76d22fb
BUY,0.001,1000,1729055730,Yes,0x4f9e1eedb360058d3997f822d396602f00493fd93b317883ea9dbab5b9cedfd4
SELL,0.999,0.79,1729055718,No,0x5d8b6259cfcd049799e820b96f6ae4b68380f3a334606c9a63792824d9fca9e2
BUY,0.001,10,1729055706,Yes,0x1316954cd8d32bab3f39d4486c707691876be6707148ab4aac6763ec485ede03
SELL,0.999,2.54,1729054750,No,0x72ffa4a6f25b82108eff29ace6d77d95ba997d6318e2dfafceddb81db3cdbdda
BUY,0.001,16,1729054624,Yes,0x0b89b7a5e48f053240e58643a319a3bfe235fd4352eb869e108a30bdce96bc73
SELL,0.999,14.51,1729053302,No,0x7cecfa094f31f6d159b5e4d862597ec2ee1e5521564a022be254f8bd9397814b
BUY,0.001,15,1729053132,Yes,0x4e8a62bbcc8b81c32078a51670acad12aacb3d795a81edae7ad03721c8fc8da0
SELL,0.999,8,1729052614,No,0x0aeab28645174cead67addbaa0055ba4f873349a2d1c8f520d8b28c498a48694
SELL,0.999,13.01,1729052388,No,0xebeaf5d132d1f4b764a13514b01a6f12903c4607f184062f2f1d4f7fb5da3f32
SELL,0.999,12.01,1729051954,No,0x3c82f17ab05b4162cb6902bcec46f83782d47e91dceb5846efb9661965de2575
SELL,0.999,6,1729051376,No,0x1ef79707a81ac1b69871f54ae008d6ed01eaf93cbdf4a10dc36678af3dca9cef
SELL,0.999,16.01,1729051230,No,0x097e8e6a7128ef9f4dfb7943ad9451e3607a91c128fe2dac799cb9ab43b74d4c
SELL,0.999,16.01,1729050638,No,0xcd65b84c9dfaa8b5ed71eb0e3441d97859ffe57be89974d11b17489c866e0b29
SELL,0.999,18.01,1729050280,No,0xcd1670fe7effcb38615ad86af418cb5fca2dbcedd72365744be03e30d7324011
SELL,0.999,5,1729050056,No,0xe2523b2280073a95c239d4badd03f30bb98cd2f7ddc09a528c0a5d024161ef47
SELL,0.999,3,1729049792,No,0xc2f169efaad4812b811a9e2afd65c2205076f4c60f6dea5f0078eb253909c66f
SELL,0.999,75.07,1729049758,No,0xc04bd3cadc88b79aa042791618152740fdec82dae75561363e39d8426ebfd8c8
SELL,0.999,6,1729049574,No,0xd88fa93fabd786defdd973d93dd64ef886bdc564b75f6731f3370db5af2c374f
SELL,0.999,5.1,1729049300,No,0xbeda5b5b78dc2134bb9c4c331630a342193fecf0df1167164b00e2f3e89d6b63
SELL,0.999,4.5,1729049210,No,0x1c7423e4566e195e57c39f903164dbaaa8c595e779be8bf8df577c26932052d7
SELL,0.999,5,1729048832,No,0x2b3c44e9224bfd5f5570013d2e672b816f62f77a6acd4359f101f14857af5bdf
SELL,0.999,6.2,1729048376,No,0x9ae94b50935d4aad3ef8b2ee9541a188fd455f32bd962a891f63d77563e70750
SELL,0.999,5,1729048174,No,0xe4c61675b42a14ae1b476241705866a7a5f954a779160de367258b1290ee5c13
SELL,0.999,22.02,1729048034,No,0xbb2cdcdcb398e15668a3cdee4d2711842cafabcdf2adc10db7f37695fa2bd43e
SELL,0.999,3.5,1729047794,No,0x5ce95e9b4da4bd8e0e9c8974685889f7c5c3a896c27030f87cf17588888bc431
SELL,0.999,5,1729047318,No,0x36a75962f4a6c683b4593a3922779b7bb341e2e3387dc720b74f35deb9d86682
SELL,0.999,5.3,1729046796,No,0x5743207b6d1a8c183d2a2f7e8cefc882a79392161702993c50ba86c995dbad79
BUY,0.001,19,1729044999,Yes,0x243d4c1a6eead36866a2dfa8d637267e08ad6a199c2664bd17d323f4aa91ad18
SELL,0.999,80.08,1729044423,No,0x930c9d0ab8ab918a3061fcc9dce7f9e90355e6fe98dea2117f0694e199c3334e
SELL,0.999,10.01,1729043605,No,0xae381a4c0e36a61f0aea4f425274998f2e53d5bdadc0c86e6e79b46a8b2d5edc
BUY,0.001,1024,1729043571,Yes,0xab42b352c96f964dd298a2aa677efe850aa2fc34f8b2bfb02b590948157fff4c
SELL,0.999,19.02,1729041563,No,0xa4ee85c22f8d86ecb26b4cfe97f02d3a7798e89c2ee50e51c7f09e98b455de71
BUY,0.001,13,1729039999,Yes,0xa271a194dd696365f325a4f52c7ea7955b50a4d037579f4533c2cacd7fb5e729
SELL,0.999,8.03,1729038840,No,0x02c8b958ae0873456f4f8eee2c55945a0271668974478c7d5620660be6a11f32
SELL,0.999,14.01,1729034202,No,0x0d803854060043d53378159c88bfdcef84338d8619b83cd9cf755a57fb2d47a7
SELL,0.999,11.01,1729033362,No,0x8030fc4d33a5b3ab23c518d5fb0e9b6219e6b91a2242326f6e931567a247127a
SELL,0.999,300.3,1729032174,No,0xe74763e0a14bdd21415da06b1d9f6f4491fbf2d433ed216b07fc371fe63c4a90
BUY,0.001,10,1729030450,Yes,0x1b057550f1b899b4374fa96f8b3908b3ebf0303639100df581e0abd9d27410ab
BUY,0.001,19,1729028216,Yes,0x812e122c316227747c5a134579ee39d91dc523566d6736af697089294c1260b7
BUY,0.001,19,1729024484,Yes,0xd859c9fbb69b6bd4a65f79bddc806310a4d92ea14c6365bed1bf89f89bb06e8a
BUY,0.001,6,1729024168,Yes,0x400a0ee0aa19c4cecb5d21613994f3361f70b64bf797ba20f07a278aee79a1eb
SELL,0.999,50450.44,1729021111,No,0x8ef98bb86d3770d6fe5201896b4234eb147d6bbf3a5947b092bcd764a1aec09b
BUY,0.001,13,1729018936,Yes,0x3c5245487177e50dafc76076ce84cd3afd3604fb8d496df7240136af7b197dee
BUY,0.001,2000,1729018233,Yes,0xb52bf7e32fc48187185d9c50c8560e52394b54490cbf0f929b0a8af827965b8a
BUY,0.001,12,1729014377,Yes,0x8c80314cf6ad9e606d7059760147f9412be61e184ebaf2c42280eb3dbe839d4e
BUY,0.001,15,1729009576,Yes,0x3cb8915e1bd0f9b6f07850b5fcdd27daefcfe7bdb50c7ed4ccc15da31ab6ff8b
BUY,0.001,5,1729009248,Yes,0xd32a11bef020d15af8e26f03c7bc364e1bfed7c8551bb0f9a1abbc91c7489af5
SELL,0.999,81.08,1729008534,No,0x79460905cfe8e7fc1336844af6d053b624c477b01b25fb9eeb07ea0ead90fc36
SELL,0.999,250.11,1729004398,No,0x4cbf892979a81be05bf4fb6f4325bb741cda6f6b9fd023604e8c94eff2be7ff0
SELL,0.999,15.01,1729001226,No,0x3b84a6d1db0c7a89d9fbe4a1e9bd601698737d0d7431bcd5aecaa20156ac3197
SELL,0.999,14.01,1729000548,No,0xff85575bdc43601f5ffa4371c37a9ba860abba3bc99e986e16a69713fd4bfc35
SELL,0.999,3.23,1729000506,No,0x866e83852d395712d9d83406d9a9d0b824d386d31479e1f790a8d8b466b5f5b9
BUY,0.001,13,1729000416,Yes,0x76fb5a395ad0bc2bb6842b6ddcd2deadec667f612e3ab153d383413a1e907063
SELL,0.999,5.01,1729000366,No,0xe9bafb735e6c0c842f6461ee44573af72c5a5337dfc22938ad0d7dfe212438ae
BUY,0.001,10,1729000230,Yes,0x1febb144fc12df418b357eea62532d86542620cf27ac55456ee17629d967edb1
SELL,0.999,5114,1729000060,No,0xa8bfef76520b5fc61864879d5d60bac3de16cd6f6541ce97b6a42e91aee8fc03
SELL,0.001,11639.36,1728999928,Yes,0xcbc9c9d6d5cdd65cdf61a5a5e6574470066dd64c2f648c63b5640e2c7bcdda90
SELL,0.998,30.03,1728999900,No,0x26b60f6ac32b055d8c33af0324cf7f37a5e7dbfaf76e093908acad80b1a940ab
BUY,0.999,30.03,1728999868,No,0x7fd6a4b53bdd3c89c3098c059d8acbe54c217cbcdd23778dac820e6d6c0d9f10
SELL,0.001,33030.61,1728999838,Yes,0x162840f7db41044fe67beb24e3728b7c33df069307ac4eaad1b04b68cb462181
BUY,0.999,4560.89,1728999762,No,0x0b9296ece2bdbc8517b76ab389efcdd0f080d2094bf166e24417f838a4ffb5e1
SELL,0.998,132,1728999756,No,0x28107a0556c0819318e3118c6d724b0e274f4adb0bb1dfa4cadb24495b79c472
SELL,0.001,5500,1728999750,Yes,0x303b1977b066887ec64ffb76549bb18e2f3b8b5b3024b154c5acfd10532d7f7a
BUY,0.999,132,1728999744,No,0x25704465b2f74ae467f782e586bd8d0f0871e8ca88cea6a55b3b8b20e2ee0ba8
BUY,0.999,5115.035,1728999732,No,0xc22f91d2f8ad8a469b2734af22fc2f7248af6fcc0840742e293eb4311813ad71
SELL,0.001,1930,1728999730,Yes,0xf2c25725240cc572df8e450e0c1ca828ee04067926e1400fb6e4eccd684317c7
BUY,0.999,20.02,1728999722,No,0x3b95ca694598f67577621a6a32436111a8b9d0b804785ef0a023cb9786d82d8e
SELL,0.998,51.02,1728999718,No,0xfaf14d20bd03fb0f03336a15db49bd4770d972593d47dc32d754b28b3dbc9631
SELL,0.001,4.11,1728999716,Yes,0xf9a5375839769634c7f342e281d12d41cbca944cdaa19aa1b455aed1c57ca0a1
SELL,0.998,3.15,1728999716,No,0xf88a7ff3c62f7afda98a4950647a9c54c50a6b83e76ec5b89b93e829913a5530
SELL,0.001,770,1728999706,Yes,0x5758c888d1be95078a34d2c348ab44e90a0216b524183eb8c7f96702bf736eb0
SELL,0.001,10000,1728999696,Yes,0x47f22bc096d0ebfa12a7bcb2422fcd8d692f59f90e973c63db4eb6eddf7ed4ae
BUY,0.999,51.02,1728999686,No,0xae9beadfb8e38b9e8833099ee63c9f707fc0b7057628bd23d0bde69dd651bc2e
BUY,0.999,1.62,1728999672,No,0xaae470badbc4a40fe2a87e8bb354b1bd4c6f7800ed641e784032bd3d9b78b7d5
BUY,0.999,1.02,1728999670,No,0xf2ba8fefc87c04f7a9ef69b65bfb92dfff1e75244835c5656e72a1417e6a49a2
SELL,0.001,10216.06,1728999664,Yes,0x441bc8f48b50b32fc8c101c728d063e0c9a6b0eb0524c08e50a6926758563f84
BUY,0.999,1251.41,1728999664,No,0x59e92b832d7a591abd19b06876f2d4085f4f58c8b3a8c2fd1886c81fd86ffe8a
SELL,0.001,10000,1728999660,Yes,0xe0075a47f98db1ebe66116754ef9140d0be948f0698ad3b7dedc66fa1b4c0b3b
SELL,0.001,509.87,1728999584,Yes,0x662bb6739b0af6aa04ec41f6594281baf8c3844a6e869df405c73a4926173357
SELL,0.998,10.01,1728999582,No,0x71929e020a3f6d761f7fb3e6b18fe85d5136115e467f090676ce26b5108e3812
BUY,0.999,10.01,1728999566,No,0x3c76ec1622e734a1e762d9444b906f30affca31515731f38519a8e30ea9ffcd9
SELL,0.001,10231.94,1728999560,Yes,0xd35f9faef889f3ff1044e6b373ff6b41b94aae7a17d7ed48fafc324d5471f1bf
SELL,0.998,0.9,1728999560,No,0x3e127c29a0d28038ffc0a1dde21c4573ecb94065eb12e8904596f4ee5ac0bb96
SELL,0.001,4870,1728999558,Yes,0x2c5431c86d3fc869e582ea8ece4f38b4e160ca0f1101333423a3d8db85248f75
BUY,0.999,0.9,1728999548,No,0x21ad0f9f1b3c028b170520f4cbfd621a3e5aee3b4b2f43965268ed9eddc1cf75
BUY,0.002,15,1728999542,Yes,0x76990802b3afa484eae08b9990f2dff0b3c664d106bdb34c376317402624ea12
SELL,0.998,13.01,1728999414,No,0x98ad9a69b711cd5705aac7fc2722a3c807afd74c23399a31fced5ace83a7daa0
BUY,0.999,10.51,1728999368,No,0xd17680e56c17e88239ce41b588773c1ccf744e7d32af45ce38013de82e1372ab
SELL,0.998,15.01,1728999180,No,0x00a96fc87182175eddfd0bd141cc119418a6be9755f2a2c70826939527be1aeb
BUY,0.999,10.41,1728999118,No,0xb4fdbcda2c14bbcd205395b0081b1d4fde925b511adb77fd679520da5d6fbf9a
SELL,0.001,702.77,1728999102,Yes,0xe5caeb78cfaf6fc4f202ee7299bb4b3727980e773832f9766b529c85f083a9bf
SELL,0.001,33981.16,1728999100,Yes,0xd2b74c0880d7ab617ff47ef502b25660c421eb40016fb87483f21b657ffe48f7
SELL,0.001,10252.16,1728999068,Yes,0x3a6c660b58cacebb002be920547cf9f923cba5e7bf20527645fd29004d7dd9c2
SELL,0.001,6138.66,1728999066,Yes,0x3d5d5619625ee72b977780357620be1e3c52085604e31aec07f85335673b5532
SELL,0.001,451.54,1728998918,Yes,0xada3485025dc0df2778887677982ad99305b0cb740c0d3d1d7d3f12bce59a4e0
SELL,0.001,10020.78,1728998916,Yes,0xa9b6e8fadd6ecf4a730e43951693a45c4ba7754c37e6c598ff71e8323d2452b5
SELL,0.001,2099.19,1728998884,Yes,0x263ded3630d8db547ba79d04524a12ad2373d2497d03c2dcb02e1e218ac6a9d6
BUY,0.999,5.005,1728998864,No,0x8f76f534252fcb3ee985cfba85bcd2bdec1e82f56fe670a8135f4228b62025eb
SELL,0.001,1500,1728998834,Yes,0x9192b9e0ba7ffdf31a7aa5ad2bd8c9297384aab1b5ca55051a7e03a39c7be7bb
SELL,0.001,1119.15,1728998832,Yes,0x1e8a814a9698d8ea1127561b42823222c5c3a9b8356326a0d3d0c0acd76aabe6
SELL,0.001,5496.99,1728998822,Yes,0xa1f887e748efcab07b1affca0a00aab850892f56ee8d475b372e7dc420ec5e8d
SELL,0.001,7170,1728998820,Yes,0x8bd60a247e9c87c79719283e78caf5ff9828392682821941680482e13b8b8737
SELL,0.001,9094,1728998814,Yes,0xdcf71ee4f24e0971369465f2504acae1982eb7c53088a1e83edb2a9e1a279032
SELL,0.001,2830,1728998812,Yes,0x214f9e7e7a450727b1d04f27011545c48f7951e3d8ce402d62f8e93f20e3c19d
SELL,0.001,1,1728998810,Yes,0xbd3a71f407f1cb321aeb857dabf82af58bf2f42c798d18621d59d8e7fa75f0df
SELL,0.001,7178.81,1728998806,Yes,0xed80c3432182198271dfa5fe9b404a2eb86353efed7a49b2df58de1eb2119ebc
SELL,0.998,15.01,1728998784,No,0xdb168c1c0978180a105f0805ad6fe1f55fce896ac5ba29fbb2fa64a68033eb1e
SELL,0.998,11.01,1728998676,No,0x3855c92e58af6cb874e751da3b73421812e6ab45bea99f357f9e3ea7cd614781
SELL,0.998,55.01,1728998582,No,0xd35ffa0ecb2a16ebeac778ed449e9df62e3d3bcceda6fa9f08a89122f6062963
BUY,0.999,55.01,1728998550,No,0x33360f47b3c4f4d6e9b3d3b4e628ed6d1a744943a4a7c04083c25c2d4e8ffdf9
BUY,0.999,3.153,1728998460,No,0xd2be5d77702c763a3f33765900fda61bfba528088d063326711e2c04162382bb
SELL,0.998,213,1728998456,No,0x201103357a4692c7f45fca9584e1e55de5865ea575fd7078ec472554aa815ab2
BUY,0.999,213,1728998446,No,0xbdd566ab524d6b4aebe2677170a52de6bffaf02fdd90eb35a9c1b9edfa000106
SELL,0.998,10.01,1728998338,No,0x1d63624e9696e1901812e9b6ea2e0dd6b5042243748c8e5a6d865f0fc63e3504
BUY,0.999,10.01,1728998292,No,0x98f03a742e1b2c8854e0e840fee10d6df0b9eb9e3b7a582fa932b13645bd41df
SELL,0.998,0.8,1728998250,No,0x28599d04ce9b94ada07020f1076a9315fc2b3504598cf507b5d2e276239f171a
BUY,0.999,0.8,1728998244,No,0x92f0f4a33f36e35b2543ad30a5e6acba9c48fc9d5b14a7e3b24aaba1e047d163
SELL,0.998,3.89,1728998126,No,0x82f098f697f5a5687eae115ffd3f5c66caf9804d91ba505fe34fc1c379bdf44b
BUY,0.999,50450.44,1728997930,No,0xefe5f0cdb56b48fa9c7a6a7b7b6cc63371ea06873c40847ddd6f0b4a46d65819
BUY,0.999,18.018,1728997904,No,0x8bea0f12c4b211fe9626d0281c2a661a3e13dc1abab1493e3431ea808db411ea
BUY,0.999,9.609,1728997458,No,0xb373d2526d89e73e02b1fe8b946f2bf28fa35b57df92c4f4aeee45bfb2e5d576
SELL,0.001,730,1728997422,Yes,0x600ed706ed45188e18fe07eaa39d677b0110e2457ae6923c430a619acf886ad9
BUY,0.002,730,1728997410,Yes,0x7574e531da13780600f8626459f3c61ae7a43664cd9d92bee9882bc9a1535cb7
BUY,0.999,1.301,1728997408,No,0x80ea4a3d698ccf70489a66d53c573ee57f52872ddff7143cfc36edde5dc7979c
SELL,0.998,48.03,1728997282,No,0x21190a0912dfe4e6f0c9a8af4a2a16999fbc761284c0fcd5a9384fc727de6d25
BUY,0.999,48.03,1728997252,No,0xcf49bd1e14d103fbcee3f98df58e8bef70d58ec19736d1487148107f6e552a24
SELL,0.001,12751.01,1728997248,Yes,0x254fe939eaad95351c053b7be33ccc095a6a6ba3f51ac65016037e1b7305ce16
SELL,0.998,5109.4,1728997158,No,0x0e28de76fd4788366a3e39a543ca0e729e00bb035ab6104974e270a4ac0e1f88
BUY,0.999,3.893,1728997144,No,0x3941ab62026dc6aaf273c8acf491733dc91854db0d0c0730a3099ccd47548f64
BUY,0.999,5111,1728997066,No,0x4f57d8b0abfa522e54004c9e3141b60dec80e0cb5ea2d3982279621f28b6c459
SELL,0.001,6191.47,1728997060,Yes,0x7ef53b028ca096b9764bb965c272c20539a073113ed2115b996f04caeb01e53e
BUY,0.002,20,1728996906,Yes,0x4f18eae791a3eba1398d2bed8b3529942bed4f50ef722706c952b4b955ad0020
SELL,0.998,885.62,1728996710,No,0xecdd1f89d9cf5b1b5eded0c0d03edb929191d1576950ed3d07c9c5008d4d8814
SELL,0.998,3.8,1728996634,No,0x512a8565bbca59b57ef00a90bffa44e0a6b9a4684aabe1012c6c8773414b9cd2
BUY,0.999,4.504,1728996624,No,0x6153472ee6ac7e058d9f93ad6428577fe59039346ffe3e1bbed68b65d8727f20
BUY,0.999,5.005,1728996512,No,0xe017568377da65351ecac7d265010b59b626921397cf9ffcd8e3db9d7917be22
SELL,0.998,2,1728996490,No,0x30f100861bcc030eefb8b6139d8cfdd5a8987aa9f229327a3cad299a66b66bfe
SELL,0.998,4,1728996478,No,0xfae9e65ae0f8c2a38f45949010d7fe566ff2449b81266a089e7897abee8c9b9e
SELL,0.001,177182,1728996476,Yes,0x9d37e0de7872460ce82ffffba4cdf5ef1f64a2425343733000d4b9e165617b31
BUY,0.999,10.41,1728996358,No,0x00c169a2bec1c49317aa2491d3912c6b317e4cdc26dde34760c494ae6f7ff4ec
BUY,0.999,5.005,1728996348,No,0x320bca3756fba3da6333c4c773419926a5f48a953ea2caa84bfebc88f1427011
SELL,0.998,6,1728996304,No,0x2509e89665da882b39cd7c13280599d800fbbb636273be71f26e36ed9fe70ea9
BUY,0.999,1.201,1728996100,No,0xe11f5b73018d4689a1cb1dfa1e48bfbb143dcbe262c871113c6b2be767a1efa4
SELL,0.001,17229.36,1728996068,Yes,0xecb43b3d8c546949cf4f3fe89cb43c5511774001255115b5f4d5ee80c45416bd
SELL,0.998,6.2,1728996038,No,0x78d2dc0dc71d7463e11b6d0a6fcd2f3660da26e4f4f8a43244ac3efd0d0fdb54
BUY,0.999,111.6,1728995922,No,0x8a93924ef3be1e39c0141c670c1f5e8c7bde5488983f4802d1d0eb37811a8aee
BUY,0.999,4.004,1728995914,No,0x02960fd2deb1b186c358a95c072634da06223e2e6bc667ed32bd49ec88e57e89
SELL,0.998,1891.67,1728995848,No,0x0ae7e89e02f5499462c9020e3a445b622be0d679d2f078bffb0bbbf1efb9a690
SELL,0.998,6,1728995786,No,0x6453de10b8da87de7d340e5f2d385c9d9cab0374a87608e763a3e57fce0eb180
BUY,0.999,8.008,1728995702,No,0x53936643001afe8b52daddec1e9619eefc92d5b0bc2c0b3048df24dd4b8d9751
BUY,0.999,3.803,1728995606,No,0xa182293955cba2c225c382feeead8f0f911b5087961c3e49844902eb200be38e
SELL,0.998,8,1728995590,No,0x99f6d1d0332be95693c6c8389f3a7c531b9590b840010162500ca41cf180fbdc
SELL,0.001,235.86,1728995482,Yes,0x82c5368f3403f94290b5be2bdb21c2205f5c9af688be2b9b7925f1648af342c7
SELL,0.001,1223.51,1728995480,Yes,0xe1d09809ac473533e20904e88e9ca097ebcb6e3eb0ad964ce6cdd3899d104f0f
SELL,0.001,9170,1728995478,Yes,0x58c0c015ca23d51f1b10469927e0e7dfd9dd2161c11cfd79cd5d7f6cb86c24de
SELL,0.001,12957.01,1728995474,Yes,0x4da993318d6d15f658de7dc40ca515b023ad2366cbd70de05751706d911afcac
SELL,0.001,9.17,1728995472,Yes,0xfa1dca8294aa0a76a059c2808fcea497355d29723ca90694a1b38abd3ea2ffbf
SELL,0.001,1147.39,1728995468,Yes,0xacd0fa64d81f321b767b96001b38c8d4f536c65f9d06249e2f45ac09a9f2607b
SELL,0.001,1490,1728995466,Yes,0x220159ba2d3c945f26b88877bc1b9b28d44b445739c745999bc67f66eaa18670
SELL,0.001,885.61,1728995462,Yes,0x027e73e88b34d3304e4fa547f212f7379b7a37b2e7dd6bf48e4982c312c3c3cc
SELL,0.001,9.99,1728995458,Yes,0x50778304ced4d83354f1835175034ff13657281dc9b2cb4b7eea4deba24f200c
SELL,0.001,1136.19,1728995456,Yes,0xa7d13a57e61757f1aace54967f0359b1ce098b020dbea46c4fd80286bb7f6eae
SELL,0.001,1938.17,1728995452,Yes,0x198056d0e398ff6cfe4efd59344bbddab3beb1fd3370a610a4d90e16a7f1450e
SELL,0.998,47.45,1728995360,No,0xe0f187e116f3b47decf6393e90fdf3648876dd57b701a83dad4dfa504ef5d9ac
BUY,0.999,47.45,1728995322,No,0x82e44dcba3f0bb5efe3f87fb84ceb0868efeb83a039aae13c2433132d3425e04
SELL,0.001,1500,1728995310,Yes,0x817ca9a188aeb9523d01786ae551a82b1eabc5b4ab5a1a35e017c29da8aa77f8
SELL,0.001,3999,1728995310,Yes,0xf5a8dd937ba8dc602ef3fb364398d451f62c9c2362a0a2f123ed3427f32670c8
SELL,0.001,1502.99,1728995308,Yes,0x48fca35527568fc70de39c1b217eececd0f798aef92eb4ee49d89daec7c80c5a
SELL,0.001,1,1728995302,Yes,0x88706b0ab1932f5b614d7c7531517bc191092c715727590f6d02c7590c65c04d
SELL,0.001,6808.75,1728995300,Yes,0x4041ba766e742d02e6c5b30f80a1c91bd7107ab8ef58ed351c7bb41424f44be1
SELL,0.001,1,1728995300,Yes,0x643ec7c05de7d2f24b015190d54f47aca3551287c65f3d1e0f5cea877dd8b5dc
SELL,0.001,1047.77,1728995298,Yes,0x9f73f7839b80fce1c057096e28d2b5a3db183beb1b9c5f0b35ad10215c2c2071
SELL,0.001,1,1728995298,Yes,0x824651cb68573dda7bd0856fd33ee6a4cf354cca67cc02ca7e96d90e687f66bc
SELL,0.001,1,1728995298,Yes,0x89e5fcbefb5a35d68a653d8229975e0b23c0fc52a00101455b779d1901cfcc93
SELL,0.001,215.97,1728995248,Yes,0x6d8f9203ab263ada2bf4583ce795910a87bad402a2d09aa149c470ca9c96b47a
SELL,0.998,4.92,1728995216,No,0x0ddcdef677d5a04cbebcd972f47294eaffcd8fc59ae1f0ccdf7d8267502131ed
SELL,0.001,5,1728995214,Yes,0x8cc7782200cca82e57c8c3973a61ee5982d45fe2f9e2326511261c7c44b20ea0
SELL,0.001,2273.72,1728995192,Yes,0xae1cd8e88f720985aa19a5f66ba293d4911f3ab2ccb17dc1790e48c77becc3f6
SELL,0.001,1720,1728995182,Yes,0x14935ba10b9e2bac4b4dde38b987ddd773ff3390f3f59ecc5cede437c597ad3c
SELL,0.998,20.02,1728995180,No,0x0d3bf118312713e53ba760fa0fc9ba44259a58a3d16be5dc7f4754356fb3aae1
SELL,0.001,7.67,1728995174,Yes,0x234ccd9def8133ac7fa385dc76b2f6fa27632663cc1de692e0649881113c7cef
SELL,0.001,3281.89,1728995150,Yes,0xa6b3b7fe14613eb30845cd0188f8ca21d5b2b3510b8a9492d27e4a4426d5cfc1
SELL,0.001,3501.87,1728995148,Yes,0x3aad4d704e0c38853e47d0c899fcc9e68dacdcb1e585d9671cf31d8843377fed
SELL,0.001,1058.73,1728995140,Yes,0xae56d78e656aa45aa9a988aab847fbb152098b6d05f0c9c03e7426310af4fe00
SELL,0.001,11278.57,1728995130,Yes,0x35a8568427ef68b58a2fe95bd423bca3838f67185ec2fe342cf7e3b29dce6f31
SELL,0.001,187.54,1728995126,Yes,0x8fe25441162e14d3108b9c0bc4541c0fdea4300cbb4b6ec5848728a98c406946
SELL,0.001,10000,1728995114,Yes,0x97b4076a3f1be4df500fce52371c3f4c6b73b8d396654674d8410aa01d1a959d
BUY,0.999,50,1728995090,No,0x21c61da094e52297579ea50f720d4d8eae970ae7d8a6ae87ebbc2655f815790b
BUY,0.999,50,1728995088,No,0x56a79bfc569a134a3c0e4fa6e41dd3745a2103e80570ede014c074fb9cf0e15a
BUY,0.999,885.625,1728995086,No,0xead0111db9df1af3fa3f1522eff5533cf37d277f512670a1b888b7b4c103518d
BUY,0.999,155,1728995064,No,0x4234e48994861dcf97d43683a47aa84d4657879393dfeb201bbc1426a547c761
SELL,0.998,10.84,1728995030,No,0x3fa4f6a8033e674f7795014f646fbcc68f24ae29b721a4da32bed41c6467d91c
BUY,0.999,16.956,1728994738,No,0xd9f55d9a861ed665d88a99e1454ca5e9726eaee46880330865c3fa68c64e4919
SELL,0.998,1893.69,1728994612,No,0x412d7db27a55776c3d2a0325f103d2df8bf512deef129778b70f6937405028ae
BUY,0.999,1891.671,1728994542,No,0xcb7c6014d2b44177a570a287abc0c16ea8b81ccca01f375c974a390ebceff7f8
BUY,0.999,11.011,1728994506,No,0x4e583eba313259bbbc703794a5ece9b46e83392bbc02aff772a3f92f66feaee2
SELL,0.998,1894.29,1728994282,No,0x54a5aa7be5b6f27040a081cf3b9efc366752d2531abd9f3eed76daf9e352afae
SELL,0.998,28.97,1728994224,No,0x03402400ef05bb10578296721bdeb905fa17dc64ae1a9dcb87b641ba1b387cb2
SELL,0.998,20.17,1728994224,No,0x95479c7b18e103df16ee47d763b8019f24952433798668985a71d32eaa8661fe
SELL,0.998,24.26,1728994224,No,0x55b3f3ffb0763bdccba64ef7bfd3cb281ed968fcb11cdac0f3b7837f7c31c051
SELL,0.998,24.22,1728994224,No,0x7b215ab450dfffd1551d9817c64571925a894cb8e79b182c8061d8fecfa54f5d
BUY,0.999,24.264,1728994212,No,0x06358141b8a75915a19ea679122fd731c7a21dbbb2ea5e63e6ea83318d2d4745
BUY,0.999,20.17,1728994210,No,0x788d62f08428129c0fd62a266335a4cf75e69364c8a20613b4e3294ddc408f29
BUY,0.999,28.968,1728994210,No,0x15a70e7e0e5f799240079325e3c76cb63dc53b0c3c0eda5f5f2344c4cbb69d9b
BUY,0.999,24.224,1728994210,No,0x391d9ee1f68259c53f1f99228f97fed17ec55fd39d6b3c3b30fa40adbd5d47d2
BUY,0.999,32.032,1728994172,No,0x21582deee72fbc8a8ae5659e1ac6ab58c114323ab55be9a6d1fa2079cf92133c
SELL,0.998,16.01,1728994140,No,0x3e4548d8bed76d5d870ae3d4a4e4d1c27d52721876ceaeb4a039d7e83c8edb4c
SELL,0.998,200.2,1728994118,No,0xd036b1001c6dff352531dbe10b4fdc09bd5065cab2c8178f5391834507bec7a0
BUY,0.999,200.2,1728994098,No,0x70cd04792f48e9897b61c33a4e96146e51c1f247ff1b0b9694f9bf3754b8f0ef
BUY,0.999,4.924,1728994016,No,0xb38a530068a2b76adc459e3d14c4fe22ee43192900f392522f5823147320952d
SELL,0.998,14.01,1728993902,No,0xf999afa94d18d437c30b726b1f55f9705ff65ea493a1ecdf2aa3bbbae397316f
SELL,0.998,22.35,1728993784,No,0xcf1a89a2a5890c553bbe7f167c081f71f93c61db727d68246a53cbe4eac20cfb
SELL,0.998,20.17,1728993784,No,0xc98b5683db2714bbecd7e971c76cd39837c9f8641dcc0576fdaea34b46a1153b
SELL,0.998,22.78,1728993782,No,0xdf012db6587a15674cc1295a429ab809c52120327849af5a115704d164515c78
SELL,0.998,22.19,1728993782,No,0x95472b78670560ca12ab705f8e427c9ead62eb9f89286e810d94828c4eb5503c
SELL,0.998,2.52,1728993780,No,0x213ae4f67f8d85760d30b07cf82b7f9b88bf6c6784cb9fff3705c044b7333c7a
BUY,0.999,20.17,1728993768,No,0xea6cd905cea227f7f7fe19cb86c39f77020b0fdb9dd1783b41bf997bc7123aa6
BUY,0.999,22.782,1728993768,No,0xadb2476c0bf9dcde0805848e9a2aba66b53a837abf29db80036b4dd68e3df834
BUY,0.999,22.352,1728993768,No,0xcdb311267d58ab4aa99db3b89b8b11b838b3f57cad33c047c678f6f45ec568c9
BUY,0.999,22.192,1728993768,No,0x1caafafc952f866822eb27b340dd86eb659b29b27585005fe82d64349ea26a01
SELL,0.001,1120.47,1728993652,Yes,0x82b8fdd4329ae09e7430e803ebba3c051597f32df08de7191f3ab662df38af7a
SELL,0.001,880,1728993652,Yes,0x9d3daebf8f1648868927793e9127e4323b9eb39c72bcf43be78a118b46875b4f
SELL,0.001,1500,1728993648,Yes,0x66383e2e5a9687a3b1e4fdd5e9bd6e17cdf34dbdb384cef69b4840cc7016aa5b
SELL,0.001,5350.67,1728993644,Yes,0x456dd30432c635f338f5c90f8df19e460840e4a8eddb595150279880d1da99be
SELL,0.001,889.73,1728993644,Yes,0x0dac7a0d3b6334c30ee69aa6dd50e800bf1ae871d80001e1da50b37822b0e458
SELL,0.001,1780.77,1728993642,Yes,0xdb20a28a330a684a55c4e0e454be9b9813a522e6d210615267e25bffe97f9903
BUY,0.999,12.012,1728993618,No,0x6323f61a24d49b266d7b395e1ae9d827393d73a0216250f60fd5a4e4abcc5ce0
SELL,0.001,5,1728993612,Yes,0x0b6213c459d5fddd259037b268fef484b4ea5bbd01cf124311d14baca013afa1
SELL,0.001,622.19,1728993610,Yes,0x3ade2c2eae694d7b66df8b30079ed6b8d3fa7bab133e4a6643473b76170a9877
SELL,0.001,1230,1728993594,Yes,0x47cd466c3a75d1065b3acd336bfb1e7aca82fff8d7a79d28d5114d8c30241ed0
SELL,0.001,2998.01,1728993590,Yes,0x506a95a3435afd08298a3537e6af8c570a23cbc8e0107301d425ac3b64a54d68
SELL,0.001,5.28,1728993588,Yes,0xf6de08094d0853375122f8fe5c7b01811fe980b072a9b0ff6ac944b4681fd42a
BUY,0.999,4.164,1728993588,No,0x30a2dd98113bfdda83b5c8ee75db9564b87e69f020f0d1f2de0dbdb60344669b
SELL,0.001,1019.85,1728993584,Yes,0xc9d45bab5572864be701e6969070ca9b43984d5868e42c43dee54ba65cf4c03b
SELL,0.001,9125.02,1728993570,Yes,0x85358717d2f633c5a8b975c3217a3f9e212adfd24c4ee386488fc6af1186f2f2
BUY,0.999,30.4,1728993212,No,0xee030ef361a311e26b037a7b65b678ad1217914570bc1a9b35fb0aa1202e301b
BUY,0.999,1.321,1728993182,No,0x275ccab15e68e691f560c205f8febb8c586293d92ecee43d67f0cd15549551a7
SELL,0.998,2.6,1728993180,No,0x8d12d90a3cc4e20bc4531b3274b5af2131ea7f371d265fc34044148ed8cd5607
BUY,0.999,9.199,1728993044,No,0x28725e719ba943b332207abb5439c114cb3cdb9ebb4ec4b9cb649d05b6c0f51a
BUY,0.999,1.331,1728992816,No,0xb6e23e0c33abfbb05c348297838f18632cc4364aad91e54ccc3e4046fe9d9d1a
SELL,0.001,47550,1728992758,Yes,0xdbbfb23f169c2e04e3f1fc2d00f74bbe0a36c7002e2956f5624cee1065323053
BUY,0.999,14.714,1728992736,No,0xa6b474063d72b88e1c7a5248382d7e1eb9dd0255e04385c9cb3fc59fa5bfb518
SELL,0.998,2.9,1728992612,No,0xcea2691985f77e29645be729dd53e63a6f0b9ec292538e8f9f7fb63dcd0d1beb
BUY,0.999,2.502,1728992556,No,0x5c124617b6ed1092afe76c55aff6f3535ff436b6cd9bc600c85a40555c4e53d2
BUY,0.999,25.025,1728992556,No,0x78a59176e5b1f0953d27b48abf72db5eca6826d8dc7b8ce42ccd41e9d36aafca
BUY,0.999,1.351,1728992136,No,0xac3d81ce8859c8006b5cbc9f0e64784a04d4110849033f8d2f6912bcd969d418
SELL,0.998,291,1728992046,No,0xa7d538df69f78aacb68b491dfaa5b8c65d4560932250eb8356622c8a48c9392b
BUY,0.999,291,1728992030,No,0x7bc32b05a2aba3942e999c41f25e80eafcd4b3bcbf81e89c3aa1c2e7b5006904
SELL,0.998,17.01,1728992030,No,0x03abcc5519c69977d6fcfef93aba35c26a511e5c52cdba1625f8916a070ace1f
SELL,0.998,88,1728991814,No,0x1cd9da85f7f9b9ee81ec3a1cf75bd62fb16aa483ea7576a0634f40a63f92d26f
BUY,0.999,88,1728991800,No,0x462578ed0f10276c680e4bc828260f13811e49398481f20aa38264226e712903
SELL,0.998,13.01,1728991730,No,0x7ef07cc6f028820af14a57f74f74833512587a168b964f111b6c1e5506835464
SELL,0.998,5.22,1728991486,No,0x3dd0fe491617f96cc600af9f750b6d78495df70d6f3fdab69843f837458fd5cf
BUY,0.999,18.818,1728991460,No,0x81c222b51fd69d00afcdb172570f354491ff2ef498ec084756b00ef9b165e3c3
BUY,0.999,5.22,1728991426,No,0x07131929df5236c978b61a32e805dda4d0994ab836cb67471e61dc6d99a0cc46
SELL,0.998,23.53,1728991240,No,0x995966399fe0635080c7ae9fb347ef3185b85f9826d6c6b0b15e5f38ceef804b
SELL,0.998,25.46,1728991240,No,0x13b94f14f37b8242dd151b873238454177c514458d906fcfe4f915e8cdf4eac7
SELL,0.998,22.96,1728991240,No,0xeb794d3bcc0f6570fabf46bc0b3ddd9184f719063eacd11d9bb75e7c0f39aa64
BUY,0.999,23.53,1728991210,No,0x27338118f33823e014a7e4b50ce606f3af49ab37c5d3f744950ddeb39ab334c2
BUY,0.999,25.46,1728991210,No,0xd9363f889e9eca4be66c7f0744907fc37374cf879e38b2b5e530b09a08360c74
BUY,0.999,22.96,1728991210,No,0x41929ff5756727f5f1aa34f73bd45802f5f01f2c158a1959e23bc4875b35cd46
SELL,0.998,151.51,1728991190,No,0xd091cfe1605ce52c8d604da744fdc81a90904cc323e170b208852d52aa3f2ebd
SELL,0.998,197.36,1728991170,No,0x4f942e2e762b92a1acb56d2a2cbaeed7c0c30d552153a60120da304a6d835c65
BUY,0.999,151.51,1728991142,No,0x9d037c963f599dd42df8d50e47b0aef6b8b0caf837f3a6eef7fb8954e320e9a9
BUY,0.999,197.36,1728991132,No,0x1d42397f8fcab9ec2bacbe8be1679cd75c9addadfd1013eb6f80a333194436be
SELL,0.998,46.05,1728991024,No,0x1e493dfdbd6e3a63bc0c2f0d75c8c6ebfb2145f79d31122900e72f1d0008d987
BUY,0.999,46.05,1728990992,No,0xf516150bb6a8c4772a0ff79c5017290db1aee891625aa4b7fd387c2c75b1f914
SELL,0.998,20,1728990924,No,0xb24ceaeb3a175b4c05869461e64864e5bbafeff1bedccab7377134bc1674a93a
BUY,0.999,10,1728990752,No,0xc08e53cf024526da139901a054ac45cf265b0c1ac4811b4122fbbe8b471383a2
SELL,0.998,25.39,1728990744,No,0x93d006de76409c4691e9d05bafbb1761ac306ffc2141c06cea5d272af77a20f9
SELL,0.998,21.79,1728990744,No,0x15df0eefd8c267e9dbd82bdebbb3c22b4f8415ed2fac6c30be9613a655db0217
BUY,0.999,21.79,1728990720,No,0x4717a0ab2dfe0103772896bcaac1fd588275f345538ed528298a038792b1b02c
BUY,0.999,25.39,1728990720,No,0xc0e26ae3c62c49d6a2141ec3975601a5ebe6159f45f6d91eb597580b3d2eca7e
BUY,0.999,1893.693,1728990644,No,0x906b74af44fc07c988b801ba187ca2a1d31838dfac54b069070037f11fcb572c
SELL,0.998,16.21,1728990284,No,0xec5fe494356ac2c38a665fe00fe2981afc572933ad6ea4200ebf8d2e4b2b3363
SELL,0.998,198,1728990180,No,0x2409962a7e28bdc0fab6192cec4a9196f81906fd09053f56bb7a5a8d17d59446
BUY,0.999,198,1728990168,No,0x1ed0c33247e5257a3661cf9778b08d7e8b9360bfd0d19f1120beb8f4a79f47f7
SELL,0.998,14.01,1728990108,No,0xf36add25d6dc2dc31e43ed8eca6fe7b1f8266256af8c91de57f9dd07a6e92bfe
BUY,0.999,14.014,1728990096,No,0xb25040dbae53547a6c09c0e0355a808de12a9d1cec5173cb9f290697814aef11
BUY,0.999,1894.294,1728990078,No,0xc810659d93a0c0852fe6a4d58b6e2557028cfacc0db32a7db398f23bd68577d2
SELL,0.998,12,1728990006,No,0x1f6212e38f18fe6646fcadb53d68e399351616270f8ed0ee255f4630fedfe90e
SELL,0.998,49.41,1728989880,No,0xa660075369f189023387fb35f3c46bf4babdb703aa6dd900175081999098ccc7
BUY,0.999,49.41,1728989846,No,0x98abf64fd33f75409cb661912f561a59df45fd591703a96e75adc77cb82f9281
SELL,0.998,215,1728989150,No,0xc193c48552a7c6dc75b92fcd351f4e1808e508121a5e06cd13d2d7c972a9acda
BUY,0.999,215,1728989140,No,0xe02c09acd65b0ae6215b6d9eeb4367666cdc69e934e611ccef399e039ea4f985
SELL,0.001,40000,1728989058,Yes,0x26d2d8d180b227c325bd2dfc20aa923bdf8e94c6c86038bd261ea8ee2fd50c27
SELL,0.998,3.45,1728988936,No,0x7875ae0cc454e860cff308c3e01d6c2bc12d785069c4d2ca9ab67ca5e41f1c2e
SELL,0.998,5,1728988838,No,0x3e3207350d48a0741acfe20c0b417d0236ca69ad248b81218050195b271e3615
SELL,0.998,527,1728988806,No,0x12254a597286ac5488826cc76b482bc2bc2dc714dc391de672675837adcb39a7
BUY,0.999,534.534,1728988792,No,0xd6fa016340b1705f5a819d46eb7364937f290c3e6af32fe0f6baa2654d3bebea
SELL,0.998,532,1728988784,No,0xb8fda7dc43ec49dee6823a5981de7737db5a86100b14868676df97038fae2cb7
BUY,0.999,534.534,1728988774,No,0xff36e5eb08b66c663dd2877cad1f0a6330bb19c48d388fd7f6ff59724f0e0492
SELL,0.998,543,1728988742,No,0xb6e937afad7a670ef4fd92b8f1550a4a0ce8b295214766387a6b76947b7a5382
BUY,0.999,544.544,1728988734,No,0x4aacf84b30d057091f8641c2df9aaac896b197fe2b845489311304c2a2fa20fe
SELL,0.998,535,1728988726,No,0xee8de6eb73558bc3a462ac7496dbb7b472df0d216d355abc405f60dc170d7f6b
BUY,0.999,534.534,1728988716,No,0x6f696d451839dd4201fabd71b0e953b9ccaff4e26e511c9bcfee7e7ee8fa04ec
SELL,0.998,546,1728988708,No,0x75262aa14287658c1798fa6a2b38ce8d51dac180fa2f78d300bfd7ae6093a0ce
BUY,0.999,546.546,1728988696,No,0xd3469e121ac1a21d7acad8c9908c1bfbce8d9d424908d20c5e31e3fa768f4e3d
SELL,0.001,8010,1728988606,Yes,0x61114f882f0dc0438894b64d12994acf1f0b5c6a233b82a1e60501b993cc58ca
SELL,0.001,25818,1728988602,Yes,0x1ea8e1eef4283a71bcffafe6efa100ba8b8427e54f9cc3852438afd5544aa9f6
SELL,0.001,3998.53,1728988602,Yes,0x4057366b0dce9c008800894ef947acea833b77ffa490a5b026509d435b775730
SELL,0.001,5.4,1728988596,Yes,0xc3b1c7c5d2ed504d374b2a22eaf1bf392ed6c221783afc2e2819175f4392de81
SELL,0.001,890.93,1728988594,Yes,0xa7bd8f13e077b57e9d065ae35fea951b2d7a6acdaa773f48dd37b3e1130b21e2
SELL,0.001,1500,1728988590,Yes,0x0324f9caeed78c13a7a65e73449a443c66fe7a70378ec88117203263989dd479
SELL,0.001,1139.33,1728988582,Yes,0x48455eae378ebe2309c9e141e0a20887c7dcdeb28c60d6d77efecd77775321a9
SELL,0.001,590,1728988578,Yes,0x5924da0e5c47942d01049dcec1af699fb82bad7ee3231d344218770a565a8fdb
SELL,0.001,334.25,1728988578,Yes,0xaddd69a957e2bded5cfd8d943c8534a80851e81cd5f3ced096826410e8012784
BUY,0.999,12,1728988576,No,0xbcd2a11e28439e7ce1f16420f86f562d456160d3cf6535be8ab31cbcfdd404dd
SELL,0.001,1349.01,1728988576,Yes,0x315c859c730d60de8c1bb496d09e78e6d47b045eee9a5c8f3b0102f71f48a6e9
SELL,0.001,465.98,1728988572,Yes,0x77292c3dfe8cbda7d0d2e90a7bc6b07c8687bc307ab6e117b269215e4cdc6c37
SELL,0.001,465.98,1728988570,Yes,0x6bca773ad28aed86fa60dc8030772c4a6f1a97db09e1602ccdc10e63fecb60c3
SELL,0.001,1490,1728988518,Yes,0x0189006e43bb306d581af3f188279eededcc0be3295ef88a586ce5ada83d7126
BUY,0.999,1244.83,1728988516,No,0x7a41a6a2520192e9565201d90223f4a5d65229ae84c692755e4e5fa218efcaa2
SELL,0.001,6053.8,1728988512,Yes,0x22dde2a7bdef611a3db7b7c1b7d732937db9fe7b85b6d80cd440c5d236e57a57
SELL,0.001,8946.2,1728988510,Yes,0x50dc0d71acb95be6f10c0baafe8b9ce92362a851ce21e2b8d43b09a4149d93a9
SELL,0.001,15862.66,1728988508,Yes,0x83cbc752fccb462f1c44b9b03e8b6817ba7f1993c41b278577db7f6e8ca1e01e
SELL,0.998,44.78,1728988162,No,0x08033b2799be246dce8132aafefacac67f41c679ed1a8c2a72f5db36778ee923
BUY,0.999,44.784,1728988060,No,0x6b566e00f2a493025874f77af15a7774ecf62b2635449528f0b414326ba08e58
BUY,0.999,10,1728988028,No,0x9cfb6eb51994de76fda8b5889fffe900ad2f1429db8d8e5ff76a03bebee229e2
BUY,0.999,5,1728987958,No,0x34fb772fded21dcd86ea70a139921ad18c3afa23c5c831ce03203dce8f07d332
SELL,0.998,42.51,1728987918,No,0x1db34144d1f9a9d30ebd7d4065914181685230ceadf7d5b8ea3e42823dc410f0
SELL,0.998,90,1728987866,No,0x8164a01c62661a8fd287e5803c04ab82c9f0ae5bdd9478464a3a2311c95f21a1
SELL,0.998,3.49,1728987830,No,0x773c6b0602565ce6a74d3b1b06c90a4bbfd5cd3c8a0a9cb4f29d67d177aba037
BUY,0.999,42.512,1728987802,No,0x33e5ede282d86596be4c2958dfe3c911a14a0b9f4817e930cf2a51a5b5699c3c
SELL,0.998,50,1728987668,No,0xf8aee8128e12112a534a1968756002af5f5fa9d60cd2cd909a77207fa30a29a7
SELL,0.998,19.35,1728987618,No,0xda309db3f355471ae596d0936dc0427cec5e601b47fef0a118bf696ea4cff559
BUY,0.999,3.453,1728987574,No,0x649ad0422c29bfccf432b91eed5c98875474cda241ef568338e2aee6d4700f3c
SELL,0.998,25,1728987540,No,0x89fb5d182d4ac817b8fb03217daf1152cbd9f7cd3b98763ef2bb03b847705840
SELL,0.998,894.79,1728987356,No,0xa64322cd5d84231a4462a719df731a321c143a13859f6d2dcbbf9a665f230f8a
BUY,0.999,90,1728987332,No,0x76c1fe73bdede0aad6493741f661b3dc75c32d96e0f93b947b1dcd33b5c2e551
BUY,0.999,894.794,1728986912,No,0x8727262eeaff48982fcf19a0595bc8e06208fb04a360ccdf5195b642d8d308d6
BUY,0.999,10.01,1728986848,No,0x26e296808556b455c8a10e2ba8f86eb02fe14cc8edd59a5fb51e420131be7155
SELL,0.998,24.43,1728986820,No,0x2a9f491797741775bbc375f935c44db0414fa5f65d2ec1902523b44550333327
SELL,0.998,903.02,1728986810,No,0xbc21f942c71fcaef6ba68c055d681c64d6b68231d0d8184ddfdef6faeecfb106
SELL,0.998,26.42,1728986810,No,0x3833f4ecea2365be6c1eb27549c7d5384ff36554bfbb7576384b940465833592
SELL,0.998,23.41,1728986810,No,0xafbff815511cab2ea93392d9a1c5be56ef50c39b4f257c321a793ca6e9bbcb1e
SELL,0.998,30.23,1728986808,No,0x4bca9759ab0a35cecdba1bf30decab521e3a6fee07f96632fa7c4ae546f657eb
SELL,0.998,28.28,1728986808,No,0xdba509b27835c65e20c24d324011fca598b38902a2b2d5cc287fd5baff6c4202
SELL,0.998,889.68,1728986792,No,0xf09a23c6fb6fadc08b7c299b1c164ba0b7aba07a6a8b5cc350f988031da67e6d
BUY,0.999,26.426,1728986786,No,0xc8a6a40e6303b3d01a504f9b4026590927d1345a63b686a018b681075ce8f15b
BUY,0.999,23.413,1728986784,No,0x990f0ec041ff5fbba7fd78715a61979537b44542761c815999d3bd9fb14545f3
BUY,0.999,28.278,1728986784,No,0x8ee6ca833009c0b121ee041db53337a0cb5e1e8f2c6a18dbe5fa6e76f20cdac7
BUY,0.999,30.23,1728986782,No,0x704f6c6d6fb75435c61b45c80bb07e2958ed2276065320cf107a99d95fc20c9f
BUY,0.999,24.434,1728986782,No,0x2517c52d598edfbf5b83aafa3217acb40e0db7e36e864a9e0e5e9a77b81a79e9
BUY,0.999,50,1728986742,No,0xd0b6445d5167c8f8f5e10928ade2d28068344356ec342d3909ed5fc77e9d5264
SELL,0.998,47.87,1728986656,No,0x5b8c6fc0f8f77bb2c3694ddc7198fa37e4ea6721f0d2ee8dbda502fe26fa1197
SELL,0.998,4.92,1728986640,No,0x98c25a248470e5cfa437971b83907d04ba25a435e54541ea1fa0b1ad0c35129a
SELL,0.998,49.61,1728986574,No,0xd51d9f493eff9e799297770fdfbcfc2a6aa03e1bc91ec59c1b3e4496293e142e
BUY,0.999,47.867,1728986570,No,0x90d090dc4d5f55eb1e0aa94ca31be3f0c1cea91dd7ffd96e55d97176322f3c2e
SELL,0.998,53.99,1728986540,No,0x47f19d20ee828325f258b413bfabca8ca0e6d70abf48fb28a3243ef5370aec6b
BUY,0.999,53.99,1728986504,No,0x762bad2e3acc98eb23b4e3d52f1efa3c693f0aecc32cf09a9fe2f0af539c569f
BUY,0.999,49.609,1728986484,No,0xc6049da4e6c1a2d4ca1daf2af2311b25009a3d5c7d8e15693545b8ff14326148
SELL,0.998,26,1728986454,No,0xa2632fe847e7be4eb7cc482c29304d878dfd4e72fd27bc4eda3277fe4994aa04
BUY,0.999,12.012,1728986404,No,0xec8badc0053c526323fb945665f7d2228e3591e8a2fa8108941e895e155b6876
BUY,0.999,903.023,1728986388,No,0xd43523d001712a0541ac0298802b2d0e7d373abe8a65315197852bdf908a77d4
SELL,0.998,21.29,1728986384,No,0x6e806bb5916ba6226c830bae3af41348e2200fe972ef8bc3a19229f03d9455ca
SELL,0.998,27.87,1728986368,No,0x589644f4973bd5043c9a8cda2d5b823f26d66a4cf68fabeb06f86570d55fae3e
SELL,0.998,24.77,1728986368,No,0xb72cf0596074e454c3fb1ab12ca943c61a6512205644bcc6a6cbcfc8b6a6b96b
BUY,0.999,889.689,1728986368,No,0x3d9077196d85da95ff4a3fbaf00496b5708d8e9880dd969d00bbc833fd520bbd
SELL,0.998,23.23,1728986362,No,0x7b69361ffcc5a2509648c9018b09a8f97f7b3d54ebcefd42afdd868f5013c12c
SELL,0.998,26.21,1728986362,No,0x4c98b577a5bf0e6589def1f5c8e590316ea3ba4311855a6ac906785c3c1cbb26
SELL,0.998,28.3,1728986360,No,0x4e4ca7aeba878a51ab6d33085534f4a573ac092db9368e08a06fee2eae321bf0
SELL,0.998,21.5,1728986360,No,0x2cb7a8000c1d4eb2909a359dcba65853944310536c486a010fd58f608be163e7
SELL,0.998,24.69,1728986358,No,0xc7a0860831a552c97bb1f62fe6dbdead5d2a7fa7f541cc5d449836cdf6de09f6
SELL,0.998,22.16,1728986358,No,0xc63fa15b4303f278c9fb91d888f1a5296e5ecc6a35378c06d2b54b2beb57eb72
SELL,0.998,20.89,1728986354,No,0xa8f023e6823592b578eb8d73daa01b7b60bd316230b4e04f0690f90805395ece
SELL,0.998,26.76,1728986354,No,0x5cbdd580648e9711f8267e2c335a3995ebddd949cd426b4b4347a06688e41942
BUY,0.999,3.493,1728986308,No,0x8393f7b718dd69cc0de06d013f8ce243b7035be9b7c32cb37a2777a2eac5baba
BUY,0.999,27.867,1728986300,No,0xb820669ae16b6a3739cd3e20b918eee9cdc3a26a412facfb55ed2b6ba4b0ed9e
BUY,0.999,24.774,1728986298,No,0xafcfc563c87b469889984272cc8fc7b02dfda6f7461f4d9f0b0507e099dd290e
BUY,0.999,23.233,1728986294,No,0x654ddea6a94937c6f5e66b43de19e0d9765faac96c34e9faad381083b10947de
BUY,0.999,21.291,1728986294,No,0xb27850b9b292892be85dcc74483c0f1231e584899053e689d2e8f47b0b087253
BUY,0.999,26.216,1728986292,No,0x94b027fe7c7677a14581a1f0e4de85e4ddf7582b0c64bdeaa2b1e7ddefe702b7
BUY,0.999,21.501,1728986292,No,0xc2f15a2bb2b66c143123786f9561541c5d87dff8b0f7be72db75be430fd916cb
BUY,0.999,28.298,1728986290,No,0x0d20985c01a05412c5d3f21b13997a44ce1c1a6c81677f3cef37e33970b92d42
BUY,0.999,22.162,1728986290,No,0x2540f863b4416e0eb2c374652870e6da579625b60e01263c7db405541af5d960
SELL,0.998,885.58,1728986288,No,0x1a18c0717069765027b49bee6efd113c5df4dd9ab1e82993573d78a1f3e6a1fc
BUY,0.999,24.694,1728986288,No,0xd04b922465a03b439dd39d116693839f7361964befd65458f45a2a66aaf55d48
BUY,0.999,20.89,1728986284,No,0x560dcd5a72ae83ac36b1f9ed646a0986c5ab7d5a3c3684d4c6df301ee12e9484
BUY,0.999,26.766,1728986284,No,0x37a4397a37d6b043107681fee3f9f82fc129fad66c0c7d01020f94de88d8e46a
BUY,0.999,6.506,1728986270,No,0x9113eb91a949be0f86599ed490e4ff6985b88b9c74014903732b5d07e1daef60
SELL,0.998,533,1728986140,No,0xedc3550ac7ea48ff4e6348364dc4f19ab0549570217a7b95d157eacb220579ce
BUY,0.999,543.543,1728986124,No,0xd8aac31b8e05e22d3e31d318e2fd01880c45945737c5df59551cc11e4d4c17a4
SELL,0.998,533,1728986112,No,0x1e159815d256844a73f61df22b9dad33d07c68576c3456eb394b91da976c6d0f
BUY,0.999,533.533,1728986098,No,0xd95483dbcdd68ee723bec9b111e16ee521dae72b64b003680f45cc9dd24f7ea8
SELL,0.998,546,1728986086,No,0xf3ecd3f48010ff6901fc70c4928824455d74d708da3d5a376cc20175d44227d8
BUY,0.999,542.542,1728986076,No,0x51242fe2480687ba3cb7748f5d97283dc85c899baa55303b739657ba4233af4a
SELL,0.998,543,1728986066,No,0x9b5e94a65dc1f6d6c3dc479a45d3c983c213a5b39ed6f111a7b5240610aeaa9c
BUY,0.999,546.546,1728986054,No,0x362825ed95904560ebabbf7bbe3358a08d675ffa78fab5aabf66ab64235175eb
SELL,0.998,545,1728986042,No,0xc8bd6aa72d35d43d635c9a73e36f8027f23af2a4e1c2f6d6512ea7966e9a439a
BUY,0.999,545.545,1728986032,No,0x942362fe7c615aed90f43224aea97bd249b26121080b31db46d57b7971ad2ad9
SELL,0.001,45078.32,1728986002,Yes,0x4d58a89fd5865ae9a07707f4144b2061b0d3c748d7d7a3333e2fdd2c37b97a75
SELL,0.998,47.48,1728985996,No,0xf5d6a70bd83914471a64f95f1142cc7f4f8da33f799faa4774c58aa323eae485
BUY,0.999,47.48,1728985958,No,0x364e16a44a242bc66bb797d15125457ce256a6d2447e8fdc6b5252c6f9bfdbbe
BUY,0.999,885.585,1728985814,No,0x26526114314fed929af22814bf1e372c597f59528d99cf3ff4ac14ebc3f874ec
SELL,0.998,166,1728985698,No,0x39627440acddcbf5f481d990f4303bd3836984c7c7be09f2e5a1cc58393bd1a4
BUY,0.999,166,1728985672,No,0x7d6d838a0d4e8b7e7aa14fc1271204d9c2198dbb28536d7dd2d4e867a1f9a516
SELL,0.998,20,1728985620,No,0x5df51420745e35ce2cf70c8f04111bd3d0c9a06e93530f7fc8a4f317edf7ed7d
SELL,0.998,20.69,1728985618,No,0x6e7bd23988d1c2e07906df7083d1eb7237280005dd597567ae024ec06348e28e
SELL,0.998,28.67,1728985614,No,0x0735e316acc07fb7e77039098216d582ae3c8505f5795bd7651514a57a62d0d4
SELL,0.998,22.76,1728985612,No,0x5ced3f6757c717c3dfe061837213905d3be60511b5ff5ee00a65074e6e85547d
SELL,0.998,28.31,1728985608,No,0x742e074af6aad78c604aa88f214ba255a7d3113667b1fcd74fe11c831247f4ea
SELL,0.998,27.94,1728985608,No,0x71078f811cc292380089fd78aea04557abea8ed7279a0e48b8856ea080ddf0ab
SELL,0.998,24.79,1728985608,No,0xc37ad6422c206cf0b12995b9bae064b1e842567d5ec7d3fde71a662acb3c60d2
SELL,0.998,27.47,1728985606,No,0xe956e7d47d7e8993fc4c4da295b1bf0a31dcea06c543be07f22f1b9190fa615e
SELL,0.998,25.75,1728985604,No,0x201d4390a8b59f430bd70c26d0f7843b1fda1713d292f91116ab8648f9ec3b74
SELL,0.998,23.54,1728985604,No,0x1360fe9a487991ae93f84c4790a68ec8ca35c19b08d8341a5b244b962db99447
SELL,0.998,27.2,1728985600,No,0x1ff92ef6ca9980b5d53cf48195aa941d9d094c274667f47b39474d2c382b2b77
SELL,0.998,29.92,1728985600,No,0xc3b3b0ade275894d48a362c88051d2067c3b29241d847a8bf00f93bbae7e18ec
SELL,0.998,27.84,1728985600,No,0xecee8f2fc779ea137533f95a327eb4b27fd25e8bf90f2abbe23fd3a426cba006
SELL,0.998,25.76,1728985600,No,0x23122240c3736e2cac56e6a1262bd1ac74667462db15376cf78135030df88a27
SELL,0.998,22.56,1728985598,No,0x84a8e790a3f8511d79a8695da6fa10363fff0952c65d9a7311d0d6f5773a868a
SELL,0.998,23.5,1728985598,No,0x1b2b0068e63eecab98bfebf0ba876073defff889de52fff6367468021c2e4f62
SELL,0.998,29.79,1728985596,No,0xbee95d69577f2b9767681aa491e103670aa598d6a5f84b61fb4eb28fa9bdbfae
SELL,0.998,23.93,1728985594,No,0xed5d286ad23c6e54fd2e755b332d991ec2392758be1891a0feb9f57e582cfda5
BUY,0.999,25,1728985578,No,0x04726a0d2c4d70bc6214d35da7d811ba2078bfd50020f8ed788b641c8bbcff21
BUY,0.999,22.562,1728985536,No,0xc30d62882074843518ceff83424d5c41f990f5dd8dae6ae6d33e321de4e7cffb
SELL,0.001,23844.58,1728985534,Yes,0x44b47c6105b795fe42838f8d2e715b3cd89b95688cf575be873c94625e3a2a35
BUY,0.999,22.762,1728985526,No,0x3ff96f4f4c7fa55dd4931f4374dc58731d3729f0cb3bc730ce8db49354573919
BUY,0.999,29.919,1728985522,No,0x87e31f46db00f9deecb1eaded0677ab9179e04db931665c78f7c943180b30447
BUY,0.999,29.789,1728985508,No,0x6f16768b861a42fa7d84f1600db74446f57ab12a3e70a549cb8633727f90d081
BUY,0.999,27.937,1728985506,No,0x614d8622b32621625369f8378376792b2d47105daa1f87602a0f254751862398
BUY,0.999,24.794,1728985506,No,0xcd956cb9d64f1edef671b56b0207a127e7b541a682433497f47e4f632669f778
BUY,0.999,27.467,1728985506,No,0xfbdf9f291a09d6e02e3650e784219ecb43ab08b925fba7366888a4c38b2ac8e4
BUY,0.999,23.533,1728985504,No,0x1a6c5e67ae8c31ca0a8f3e5cfd694616e3ab346397886dcea4c70d0234bd727e
BUY,0.999,20.69,1728985504,No,0x2a5553de7eaf1581707c7fb04c3375f3d840f4109d9dee25e5e7247359edd23f
BUY,0.999,25.755,1728985502,No,0xc80fd960bcd9260fe2607248962c6b87eccef35a353f184f4a398ef685875cc1
BUY,0.999,27.197,1728985498,No,0xab4659bd719c7f009e268e7662c5db770a2467281123f7beb71b2fd934d1201e
BUY,0.999,25.755,1728985498,No,0xa2b90badc29b10037cd0f2b85fcd4341e02e9c3634948e1d3034588d9dcd1daa
BUY,0.999,23.493,1728985496,No,0x2c1b3b098f8300a34a045cd63bad6f2f9e5fdb14f7a60ce925df0b81870edcb5
BUY,0.999,28.668,1728985496,No,0xeb73c0e2bdd24781c43165d6f51205135e7f04123d3c70abe12f71af0d7d11e1
BUY,0.999,27.837,1728985496,No,0x22ce1783bac1201ca9e78f42d2d7571498ba2ce66be3c032e010772b235acea0
BUY,0.999,23.923000000000002,1728985492,No,0x0c75f319bb89e55dfcfbc77b661f2afc5afafebcd009cd3d403760f74814d718
BUY,0.999,28.308,1728985492,No,0xe11f6ad43627857e2f0ff92694b61644cecae43073e57cc921f3d566c81643ad
BUY,0.999,4.924,1728985258,No,0x3c0ab122d4d7dd313679a216251562edd87f4591c3c151c0349c158cf2bace35
SELL,0.998,50,1728985094,No,0x0e1a163be1564c2eab5a5cb1bcd7b6a3f5c7856576cd94aefbd9420d18fab331
BUY,0.002,250,1728984986,Yes,0x0e49ea20fb6e6f712dd9a9a7d30ea2553156f0a5acca4c6b19752cf12e24b0ec
SELL,0.998,29.62,1728984982,No,0xf5b19601597854ca94ff8693a9f516da9ea548a50c97a82bcd76aba88e0c439d
BUY,0.999,29.629,1728984968,No,0xcbf7639d889f1e0e01fac49ed263040ef53d47cbd2fc39d8402262c5ce5555a1
SELL,0.998,5,1728984910,No,0x5ae9c3c4c9627389bb404f4fb575fece3c34357e492717bc3db76848b3dd866d
BUY,0.999,26,1728984870,No,0x5a4f7f4c4534b0011a70f3716e32fc4ac4a1d8205b9f76baaba545f5422ce9f9
SELL,0.998,22.06,1728984778,No,0x8a717a84c7fdd349718ebde77f4191f3f1741a44ddd74b79a0950ff57cdeb5ac
SELL,0.998,27.52,1728984778,No,0xeabed0412bb2d5e8ec7f7c08f9dfee4a4c766068fb9d1d148a04bee90bfd64f7
SELL,0.998,29.28,1728984778,No,0x05531cc0693ab01768eaa684ed0ce23ff0d392f2eeafb56492ac21f034aad5b4
SELL,0.998,5,1728984754,No,0x645d3de111ac9fba8264527f97e8601657be4360e1534a3ee6a9fb9afc49006c
BUY,0.999,22.06,1728984710,No,0xfdd62ee6a6a20fe3d3f82ff8aed531d0e90d08e9ae7a3003e996ecd6538afe5c
BUY,0.999,29.28,1728984710,No,0x54cff1aac0964ed7e9a89df1b4cf114177fdb7d55ae603d7f1082641f7008ab9
BUY,0.999,27.52,1728984710,No,0x0610216c0502582f7930802d02f1af1cc83f39b2115edb34bfa2620070745752
SELL,0.998,121,1728984600,No,0x21091723119f345e7ea8ad5369c5647ff6130dffd0407bad29e3d804834f009b
BUY,0.999,8.008,1728984586,No,0xa8cd6445ae4ff046bbd38ca5ca54a7714a51b150295d64a4a89a1f333eb3c313
BUY,0.999,121,1728984568,No,0xccf8477ee4c2ebfbec9749f5a3df979c3b1f09c64ec857d4074aae0c335940c5
SELL,0.001,5555,1728984480,Yes,0x2c6924bf493b57463495af70f54850e005b3aabf53cb0270bba1b62fb1ba98e5
BUY,0.002,5555,1728984472,Yes,0x3ebf16d6473545a51e68780ef1e6ea3a7022feddfa2351b5483dda835e8cbd79
SELL,0.998,35,1728984422,No,0x068c3f812eb8316d8f32543b4eaffb34cade2ad9b52ccef7fa984dc4abf11493
SELL,0.998,44,1728984388,No,0xca7218282c1b8acfba529af3d6c2d3d7866d11432851626a1a4ee0874d795023
BUY,0.999,20,1728984300,No,0x333414a1851a8e97e6dd329d40bdd57ff1e44dc72e5371bd931560b15a300c85
SELL,0.998,24.57,1728984298,No,0xaac2f756b525b120c0991c36951580cd856832dba97a77cf044f06bc727a0519
SELL,0.998,21.4,1728984296,No,0xc6429c87b13c53e0c944cedc0194d3d45878b9ff3f3b7738cd5102f9891a00bc
SELL,0.998,23.25,1728984272,No,0x4207ebbff9a0bfa258c7c73635228dbbfae0aeac55a9285968e0ac75bc5a30d5
SELL,0.998,21.85,1728984272,No,0x67ff542ec627b027e54a1c4d24bf5bad4fbc258dace617965345a0d1add04ad8
SELL,0.998,29.61,1728984270,No,0x689199d70a2fb1acc7b9f1312c51e1ccb136bf083e636e7d412a08165eddbde7
SELL,0.998,29.34,1728984270,No,0x806fa53f7db8f73db52346dbc05f3a476d97836fd72f0e6831e6d2272acc28e9
SELL,0.998,20.85,1728984268,No,0x0da9b2ed5e2753e4ef044ca0c2fd0f5230c1879fc264de1916ca509d8d1ddf24
SELL,0.998,24.2,1728984252,No,0x06ed384540c2aa76ab6046e2efaa62e40d77a885827dfae736d96c63f3a10941
SELL,0.998,28.36,1728984250,No,0xcdfc3d1316ef2c49dc82b9c7ac9f179efcee3e99c1a9989a99a49e6e4563a8f3
SELL,0.998,27.67,1728984248,No,0x30515d9273610a5fa2dd34e54499a4bae024b7c03d10dc2118923d266a06bfc9
BUY,0.999,24.57,1728984244,No,0x68a34955c1c16480916b2bbc91413d4b403ba76298915e1019c8a3eb0613aacf
BUY,0.999,21.4,1728984242,No,0x969dd57deb9349f9d62c9c3e6a9c39c1acbd9dfa0ab9d0eaa702267fc075399c
SELL,0.998,24.36,1728984234,No,0xf81c949a552ad0a1fd5fd508347ee0f2d2999fc07117d9b98f03aa54d7df7536
SELL,0.998,30.08,1728984228,No,0x4d37c6f0004321d6e8a289f6ffdc54fef3d48e0135a54713e9af4b3f00901b2f
BUY,0.999,23.25,1728984224,No,0xb28fd034aa05c235051fc7f37aa0cbefff95c77b58e71405ea375f7a9f762b02
SELL,0.998,28.22,1728984212,No,0x105276aa3ed70e613d09d2090d67c8ad1c013b378e9c603e5f57c1ef2ee46267
SELL,0.998,27.63,1728984202,No,0xcba4b57c88135c49ad49935e436c931730ee535197a13615ea8471da0b8f30dc
SELL,0.998,30.21,1728984192,No,0x2e7920f93f4018b0469922d3c8c4b08984de2f9b0ff5d84573a481d82800a785
SELL,0.998,29.14,1728984190,No,0xea1426d8b3bf9760d871a792a030756033719e16f16d564d4c082dcf1221dc1a
SELL,0.998,26,1728984172,No,0xd3e2bb4be68a112669c6550f9ea5245e82d87aa357e28e71f6d4407f7cb3cc50
SELL,0.998,22,1728984172,No,0xc0cfaf5cd0c9c22c924f21e52bfa846cda79d349a5cfff3705845c701ce50179
SELL,0.998,28.99,1728984172,No,0x63a3bb1871e6c2cf20b95c65c569ab2012762ed6c4db632d732e61095f93b0c1
SELL,0.998,22.99,1728984170,No,0x96669fd35dbdbc1137c31e7a923f3c15fe98f6358d7b98a3273e90b5d4141fad
SELL,0.998,21,1728984168,No,0xcbba7f1ef22f2d45a266ede59d69202f0f316c3bfe3fcc726f353e407ced0da2
SELL,0.998,29,1728984166,No,0x47d82935a7453851d85307a3c121c53d61e29138990b4a865b4bf5a350b8e58d
SELL,0.998,25,1728984164,No,0x9418b85f47af4e6c9a90f2f7be4120e758cd3e5eb68f4718f0a639c64ebb376d
SELL,0.998,24.99,1728984164,No,0x4ef1eb76507e18315e3347c780211c8451642518cbf7ca2ab7aae64305ebd904
SELL,0.998,20.99,1728984162,No,0x17216ac15bcbd35cd4b09df170d0548095b4bb1d2f49c35222b1844f1bb03021
SELL,0.998,22,1728984162,No,0x78d6ccef09bc85d0218f8094ddd0a9385a82a9affda607a71be0ae419dbecf1e
SELL,0.998,23.99,1728984160,No,0x31700e8a29c91c97e56b462788efcfb7615284d5819ed08eeecc8d86c52319ee
SELL,0.998,19.99,1728984158,No,0xd0a4da818407a7c48368f7022462b958182368bf8bf04b5d8edae26dc2c63ab0
SELL,0.998,24.99,1728984158,No,0xd528789a35a576885bb2ff868aa3ee6189aca5b5cad334563dce2d24d771b6c1
SELL,0.998,20,1728984158,No,0x574812142aa25662243d68304f8e0722221126550821f215c7600d3b86dcb158
SELL,0.998,26.04,1728984152,No,0xe9702b6525dbf2272df5c627af31f33fa3b4e714b5b7eb6e6a8da029a21d91fe
SELL,0.998,25.08,1728984150,No,0x70f767f4d7e256de8aa55238333cd98fe4c693a5e3979c3ed028f146ad3ae1ad
SELL,0.998,29.59,1728984150,No,0x971e14e1a0813f09481a910bfae91e9a2e83e60385eb2fa6cebc5a32bdf8f1b0
BUY,0.999,22,1728984136,No,0xb6f2ee8be8d9162dadd20ea0a92b63e3d964d0c56f883b2d08cb9e250761b7b3
BUY,0.999,21,1728984134,No,0xabec02479b0a9eb1e097dc5af8b06540897f8694e6c57f3989af1c41634eab17
BUY,0.999,24.99,1728984134,No,0xc2b102358fe406c7e1f93497f30a66206934c60bd9dd709453609a59dc6b6ef0
BUY,0.999,28.99,1728984132,No,0x17fed70980315d3239c3f74b5c8ac0a7c53c1205fef04068379d97097dd7247c
BUY,0.999,22.99,1728984132,No,0x8869ac00dd95a9654aff7375439d4d10a4a7bc44a92b9512bcc5b75033ab53c1
BUY,0.999,20.99,1728984130,No,0x4c6ce6f2cd09ab312d71d5600f27ba46d37c790bb678137dcfe7e6a82bb438d2
BUY,0.999,23.99,1728984130,No,0xcd23a6f07ca57f72048b0c0f62e5db8c0091b7ea7c08c8734daba4f7bdeed13d
BUY,0.999,29,1728984128,No,0xe5c21fe22e2b084d515c8663be5f498dcce9f822f377bd030bb5c3d7ae135b3e
BUY,0.999,26,1728984126,No,0xcd1942b6fbc664dad9d77ee72638a234e1459f8ca9270e07ad62502c8124e88b
BUY,0.999,25,1728984126,No,0x0ad2f34a42808bd617d9c0471c50aa5d3a87c9c0a81ddf374885d36ceaed250f
BUY,0.999,22,1728984126,No,0x0290786884547bc2c407f01b22f005dcb297945357967cd2d82ddc857f9e85ca
BUY,0.999,24.99,1728984124,No,0x30924283df1ea44c381434b742c525be0e6f845f88b69b49da1bf20bd71c7aab
BUY,0.999,20,1728984124,No,0xc8bada6862f1a2a2f2c5124d625df905f461cc1ccb5f30e11fb33f6c4e5653a3
BUY,0.999,19.99,1728984124,No,0x67622b183914fc0c2811c256e59e42013afdd7f663473481d9a39bdb2cb1e509
BUY,0.999,28.218,1728984096,No,0x91754408c0276c7a1685504ef0cdb64273137040ff667dd350615bea7fdc5c1d
BUY,0.999,27.627,1728984094,No,0xa730535784ec5906b9a3cd63e14f9229a2b9868aeaa32394e9efe8b84df1b423
BUY,0.999,29.139,1728984092,No,0x373c1f5c7737e09ff9ad6b116a72200c450b1c1b6305201521788c5643853be7
BUY,0.999,24.364,1728984090,No,0x659691f18c9f70bb6cf38e005a4123b63bca64e6fc2a822612e6bab5ef94a88c
BUY,0.999,30.08,1728984090,No,0x0a2916f6b532a916c4cba79ce6bd4d4ea822eb9ecf3af1aa21aa2d735125d9d8
BUY,0.999,21.841,1728984090,No,0xdbb516ca3b7ec5c517f90f85d32425b2c3d7f921abc18910f5656efe950294f2
BUY,0.999,29.609,1728984084,No,0x5c5ea8cc485a5d7c3546ad372667d2b4a2d154836e626f14cb167d801267d177
BUY,0.999,29.339,1728984084,No,0xa473a04b356fb61c7b258d07c1292d8a01f2178b1508ebb5f142ae209425a656
BUY,0.999,20.84,1728984084,No,0x400aec17cd8adfac21344452569ef5705024a1ad9e690d30c841c9cd2dd0a189
BUY,0.999,27.677,1728984080,No,0xe0f2b56667a3e0712a37f0a6f3e3ac6832124da454e78d758336a37c10c3cae3
BUY,0.999,30.21,1728984078,No,0x5460a4cf433684805ca17e96f9643d9a24082f5ba75e76385d407f56bb480c61
BUY,0.999,28.358,1728984078,No,0xc1b37b140790896d9490ba41f986d4c87bcded61dacea6ebb04701a1852fa461
BUY,0.999,26.046,1728984076,No,0x857b0faf958470eeeda0d5fe310caf514e0a20a96b2f6944c15b60e3ba5692e0
BUY,0.999,24.194,1728984076,No,0xc694177ae631c7b4d02416471aac0aafc41938d1f0c2f3eca1891844b6c0e968
BUY,0.999,25.085,1728984074,No,0x074ed683936a762c514baa2c3561ba021fda6bf1fdf48919e41b9b07d9539322
BUY,0.999,29.589,1728984074,No,0x78b24db645819d020862b4a8a84e3e95afefeebca72465f639d4f8b0f525012f
SELL,0.998,45.43,1728984058,No,0x4b2276c7d05fddc204b8dd0430d4bcc1e27283af35c49f8557d0b3be99fb2019
SELL,0.998,15.01,1728983974,No,0x9a94a8c6616471607fedd1f800a5e431984f013386f66aa45003eeb75b3e2b40
BUY,0.999,45.435,1728983962,No,0x88d4f8f3c0fb8f54bff4ff5ff5661656edcb15ea645f8118eb807cb338293ad0
BUY,0.999,15.015,1728983954,No,0xfe5e9a73aa5bb602ac19913b2d571ea66f7a071db0cbba2acd4b5f51b0e06f13
BUY,0.999,5,1728983800,No,0xfb6d4f4c65ec845e059584d30f90133ca1284f432255d98c35ee527d7db2a5bd
BUY,0.002,14,1728983704,Yes,0xaec79d6fbf7079ea807d26624aa4ab1d6d27b89e45737605cdd266cbca94ecb4
SELL,0.998,46.07,1728983658,No,0x51fca2fc9e4877807e02c11d5346dd62c62f7a4775b7b1cc51f394d7bbf496b6
SELL,0.998,2.4,1728983642,No,0x978eea004d2b311c0dcd9b07d80c19f3380672005e4e5dc2427825588b7911e5
SELL,0.998,15,1728983616,No,0x04bd648426fab534879e493bd51c628fbe968c73ce3e3d857b22044ca47175f4
BUY,0.999,46.076,1728983568,No,0x144c8fb2eca177d263b6ddbaaece29a1a119c93e5a6dc2d5a0c0bbf606cad928
SELL,0.998,40.25,1728983534,No,0xdf5679941fa7d1ec7f4b9cd7f4a4d0c2fb805819a1043d8489b7ace19190c1ed
BUY,0.999,10.41,1728983522,No,0xc6ab6b6a6e328e4db74f42b760e885b534f7edd9575eb95f9b79ef16106337bc
SELL,0.998,17,1728983522,No,0xd30f2d1eb0a9278386c0447954a55a01d4707ec56348c38831ab521ba1a3d0a3
BUY,0.999,40.25,1728983436,No,0xeec6c29468a0a5a070fee5218740425299dbe25dd8a0f5fd66037e948a9f394b
SELL,0.001,5400,1728983422,Yes,0x36020790d119f74b126db58a2caa3f6ab9e3d5a7e71944a0fa5d6c200e534f12
BUY,0.002,5400,1728983414,Yes,0x68190977f14c602ea2003d0fb97f878430ccaa4a4d06c9d56ae0193cd1eb98b6
SELL,0.998,29.22,1728983378,No,0x32fec0361e05a74f49706b07d62b28f042337c6a54f48eeff0948da56ace231a
BUY,0.999,12.512,1728983374,No,0x357b569d0db747495a200d7eda75fd5745d21a59992e0fa9915f5ce851469a9b
SELL,0.998,28.72,1728983362,No,0xd58e02c276bf91358e2aeafa48ec167516d5b0b39c1cb1e58c21bd9396c1fd7b
SELL,0.998,22.81,1728983350,No,0xa99782efa11064afefff8d59241e5b8b18d266351716abd8b37aa1b3c5849ceb
SELL,0.998,22.18,1728983348,No,0xaeb8df26d0640be9a113752cc923abeafff923b247575082046d07261ae57b77
SELL,0.998,20.56,1728983344,No,0x277e4e53880c06a145c384315d74cd7e40c38ca97b2351724777043c891bc14e
SELL,0.998,26.04,1728983342,No,0x2d9810e425565eac09d896b4be042a3cd59283da59ab5c07c8ea64cdd47948d1
BUY,0.999,29.22,1728983330,No,0xbf1ac0e8aebb2e597d2dc033f45e21c4d4ffb83710040927f2e58bbaf500a77c
SELL,0.998,44.96,1728983328,No,0x973b089b0677fbfb347c76249a3c1db517d4ce8f809132a217e10b102c54242d
SELL,0.998,45.27,1728983320,No,0x518d87a5125b23307160eee92254aa974d2fd5f9dcb1ed8361191821931bdcda
BUY,0.999,28.72,1728983308,No,0x725209c6434e8975f1c766c6e4b562622f9b88d9bc0d7999401d4306fc8f246d
SELL,0.998,22,1728983302,No,0x92671fb3c76eb2b456d4e1f882a05f19546133e7073a7a5e6e008620e163ae95
SELL,0.998,28,1728983302,No,0x4214b2d29c024e711b0462a5882dbb0aad3016b99eecfc7036e1c8b1efdeeb73
SELL,0.998,27.99,1728983300,No,0xb7e411f847ab65b43a41c0f09421527e44091305b6e80701da6cdc21460c6524
SELL,0.998,21.99,1728983300,No,0xaa5ac51bdf15a73de619027d2cb07c5b21d994f723c50bd78043c6ac0117b722
SELL,0.998,20,1728983300,No,0xd29f7a253977728db627fc5dad2ef5e9151d6fa50a8b05bbe0c61664ec555928
SELL,0.998,24.99,1728983298,No,0xd462e88626be72d33b0f1b679d607cc8f513e765273a77fa1894f76b9bb22175
SELL,0.998,21.98,1728983298,No,0x5db90f38bc29f5d10e9f22b142079e87b5c6881026e1c1d734f420a75093f66d
SELL,0.998,22,1728983296,No,0x7a414b4a60261ca7e8511c49f34efadb39c48146c71aa39d215cc8a312fc6861
SELL,0.998,20.98,1728983294,No,0x93fb0fd8f8fa266b77d04651db7a663795e6638732f5a45f0aa4e752275dc6c9
SELL,0.998,25,1728983294,No,0x1e598ee74850d29059fbf8839d653095ceacdfd9bee5a0b76d3ec574a8e7dc3b
SELL,0.998,28,1728983294,No,0xebaf0de475482d708dc18a5245b3178ae9d03fa7e96567d302eb32e2a059ab71
SELL,0.998,24,1728983292,No,0xa7bc0c63a9f17602964dc4e963a4d06a35ed68cca7580ade89ebcec3bbbb6048
SELL,0.998,22,1728983292,No,0x496252cf91b8aae74ab59d72bdfab892a328b5241ec699ebd3f8ea1dcd5c2aed
SELL,0.998,27.99,1728983286,No,0x3c69c3635b5e2b3e5a6bb3f1527422f9e09e732171953b2dd06dc9e8229a8422
BUY,0.999,22.812,1728983282,No,0x8a5e4d242bfa62a720a43fe58af408a12b601645a991ac9c1c3eff9ff8c412e4
BUY,0.999,22.182,1728983280,No,0x322d20ae01bca1ae9c5ec2b2bd402c5614a4985b777d1a2db8eb00b922ac3221
BUY,0.999,20.56,1728983278,No,0x916738a8fbc68910f761235b3eae8b3b00ea584110318d3bdc9835db252b3a28
BUY,0.999,26.046,1728983276,No,0x6a97912578604ddbd8724efbc9208e1123580527c57f089749cebcc2f07098fa
BUY,0.999,28,1728983260,No,0x36d9600b8d0ccea36f9177a95926a44bc683d71292a8325f2a7431a4bd5339c6
BUY,0.999,22,1728983258,No,0x69007876a1c375968a1e9cdc636f7b22a4ab0ff69caf4bf1915325654936b5da
BUY,0.999,25,1728983258,No,0x3ed6180d68521702e5afa8d105b95f1a1b22855b127ee516d9c61878a66391ea
BUY,0.999,22,1728983256,No,0x27c46abe3b23558ac87ab119eb6cc079019c322092eac490bf740b841c00b52c
BUY,0.999,22,1728983256,No,0x4e457b56c13ae1397aa0f26a7729fa0a074e2bd7a36f7f78080c2a6344dbe376
BUY,0.999,20.98,1728983254,No,0xbf1b6309d3fe0f3b491e9d5feea64f40543762d1bd97d9f805dc66081b6c4745
BUY,0.999,24.99,1728983254,No,0xaf1ceede2f033991c64cf1dfcc03c02eb38f7adae582e02388eccc5d6478c83e
BUY,0.999,20,1728983252,No,0x14cb6017be26c3e7ea8e342dd4c584a21d8073817b57e4a57dcc2ce414ee00f7
BUY,0.999,27.99,1728983252,No,0xf2e7cf5a5d7abd0882e58340bb72965ab021b30b75dbcdee7e80e83437c069fb
BUY,0.999,21.98,1728983250,No,0xdfceafe358e621b69049b316c184efa6e2f2eeddeb67f5fa07ff6770c5e0024d
BUY,0.999,21.99,1728983248,No,0xbf9a6d0ef88e249858f43e8cb30c7c7f852e3a5df3aa956921dc81de268457e6
BUY,0.999,27.99,1728983248,No,0x4a34328c59518373e39e6ca5d4f084a932d7601f7259ce4d84a790af289787ca
BUY,0.999,24,1728983240,No,0xdf7b57cf8e29a63bacd65c6863e7a5ef8ab14fefc2ace8f86f4cf70ed9113f28
BUY,0.999,28,1728983240,No,0x15fe0e73bdf073d69f3c06045b3ca8c872b709845a91baba82e7b3171bf644d0
SELL,0.998,175,1728983240,No,0x956ae8376f2cb6e2b2890b584c1b6bfaf5cf20885cd6fb0ffa73746b874b416c
SELL,0.998,4.06,1728983230,No,0xebb18087bcd36618bfbab344fa008f4fd7a6e9bf1abb3cabe730dacef507bb4f
BUY,0.999,175,1728983224,No,0x6f88e23ceb6aee5bc0692b9f304cb073b841c82b687fcfde7cbedfcf72590e9d
BUY,0.999,44.964,1728983200,No,0x92dc9796c4779d4ab015f09e3d3a7786a0024d1e667b5c8caeafbd5467f73f86
BUY,0.999,50,1728983172,No,0xd1a8ddb94d33145ff573593142f90b618fa270a2fba7dc544908883cb66214ad
SELL,0.998,54,1728983098,No,0xb5cb58f44a0382ea79e8a4ceb232d9b06e83ff6ee5b8562847838e5123467be6
BUY,0.999,45.275,1728983072,No,0xf824c4105c25f485739007baf58ae8bde2304e79930689dde59cc139ea3bf201
BUY,0.999,5,1728982974,No,0xc58ad6c13c708bfc4ad8fd46275ea1fe611bb503ecb0ac80fea6d9d6660bdb67
SELL,0.001,356.05,1728982916,Yes,0xfe47f88151a2dc8d697d1d9bda969435964aa5a50f09435223fb7db9b05b9b54
SELL,0.998,48.66,1728982916,No,0xd1e10770adc3430e9120193ef5a7a6471606a7c1991281b35075ad08359d1035
BUY,0.999,48.658,1728982812,No,0xddb79e8ee6c6c570e09416f4b1da601f99d03b0af256e96a1e32aaabd6ad591e
SELL,0.001,356.06,1728982743,Yes,0x9b4e5e5a7c20da8bf479dc91a94692d09cee6241015eb69c995710d5b317d810
SELL,0.001,356.07,1728982609,Yes,0x77d75aee03ed969c7fb02377b2bd026c475d5f864e326de7ce29246b24113a57
SELL,0.998,63,1728982609,No,0xbd44519751653ef6a26dab2a7ba9aefae4c0b07766f0635fef6b629659d41a82
BUY,0.999,63,1728982595,No,0x2e37d191be44a96a27d67fd13e3d0c497d3dc40de0ac81f27aec9a5be75df60d
BUY,0.999,15.715,1728982583,No,0x3b54ca6e7ffe1f00a0df1f8710e8e5563dc1682c8deb7923e4c96f65474b7614
BUY,0.999,35,1728982565,No,0xbb4a74d55991bc2008edc249df59a69e4df900b5a2e52647926d30dd6b928f06
BUY,0.999,44,1728982443,No,0xd536e5497a7ddbd9ba0503ebb802de8283f9c402413eedef16e6d80e45e6caa1
SELL,0.998,63,1728982441,No,0x7b9c21bb282387720d6b81e380266e84bc57e65f754af6ede8a8c05588ef4823
SELL,0.998,1.8900000000000001,1728982389,No,0x2979976df977b687e715a500cca11c5f974c3a04e9f7d0a9253e647375cb0a7c
BUY,0.999,1.891,1728982371,No,0xf9c416f218bb91484e766defd5dfffde8d2755c72b9687b478d77a8728d280d8
SELL,0.001,355.7,1728982345,Yes,0x081a98ba28cf4e2de2aadc25cc1d14b3f776f3c63f03a314644c35fb60a6347d
SELL,0.998,27.56,1728982321,No,0xf25cd92f7bcf64f1f2ac2de609a1a8ab1f384271f50d1b8846c520315490967c
BUY,0.999,27.56,1728982273,No,0x35a5ce15838fe191e62d967a22c489b3934b90da157a984fcb7f9cb1736217f3
BUY,0.999,4.064,1728982265,No,0x9b6ea7f0db0705f3f4d3e2bca2ed32c8c937de8a4024314c1a29b166147acda1
SELL,0.998,9.28,1728982191,No,0xe35d03e7ff1472aa8fde0e50169df0c951269239cc467d91ba772a56d3ffa9d1
